solid OpenSCAD_Model
  facet normal 0 0 -1
    outer loop
      vertex 8 0 0
      vertex 2.7 2.7 0
      vertex 8 2.7 0
    endloop
  endfacet
  facet normal -0 0 -1
    outer loop
      vertex 2.7 2.7 0
      vertex 0 0 0
      vertex 2.7 93.3 0
    endloop
  endfacet
  facet normal 0 0 -1
    outer loop
      vertex 0 0 0
      vertex 2.7 2.7 0
      vertex 8 0 0
    endloop
  endfacet
  facet normal 0 0 -1
    outer loop
      vertex 163.3 93.3 0
      vertex 166 28.5522 0
      vertex 165.167 29.236 0
    endloop
  endfacet
  facet normal 0 0 -1
    outer loop
      vertex 163.3 93.3 0
      vertex 165.167 29.236 0
      vertex 163.87 29.9291 0
    endloop
  endfacet
  facet normal 0 0 -1
    outer loop
      vertex 163.3 93.3 0
      vertex 163.87 29.9291 0
      vertex 163.3 30.102 0
    endloop
  endfacet
  facet normal 0 0 -1
    outer loop
      vertex 166 28.5522 0
      vertex 163.3 93.3 0
      vertex 166 96 0
    endloop
  endfacet
  facet normal 0 0 -1
    outer loop
      vertex 2.7 93.3 0
      vertex 166 96 0
      vertex 163.3 93.3 0
    endloop
  endfacet
  facet normal 0 0 -1
    outer loop
      vertex 2.7 93.3 0
      vertex 0 96 0
      vertex 166 96 0
    endloop
  endfacet
  facet normal 0 0 -1
    outer loop
      vertex 0 96 0
      vertex 2.7 93.3 0
      vertex 0 0 0
    endloop
  endfacet
  facet normal 0 0 -1
    outer loop
      vertex 166 0 0
      vertex 163.3 2.7 0
      vertex 166 6 0
    endloop
  endfacet
  facet normal 0 0 -1
    outer loop
      vertex 166 0 0
      vertex 158 2 0
      vertex 163.3 2.7 0
    endloop
  endfacet
  facet normal 0 0 -1
    outer loop
      vertex 140 0 0
      vertex 158 2 0
      vertex 166 0 0
    endloop
  endfacet
  facet normal -0 0 -1
    outer loop
      vertex 158 2 0
      vertex 140 0 0
      vertex 140 2 0
    endloop
  endfacet
  facet normal -0 0 -1
    outer loop
      vertex 166 6 0
      vertex 163.3 2.7 0
      vertex 163.3 6 0
    endloop
  endfacet
  facet normal -0 0 -1
    outer loop
      vertex 163.3 2.7 0
      vertex 158 2 0
      vertex 158 2.7 0
    endloop
  endfacet
  facet normal 0 0 -1
    outer loop
      vertex 6.60208 6.60208 0
      vertex 8 5.09999 0
      vertex 6.87224 6.25 0
    endloop
  endfacet
  facet normal 0 0 -1
    outer loop
      vertex 8 44 0
      vertex 7.04207 90.16 0
      vertex 7.1 90.6 0
    endloop
  endfacet
  facet normal 0 0 -1
    outer loop
      vertex 8 5.09999 0
      vertex 6.60208 6.60208 0
      vertex 8 44 0
    endloop
  endfacet
  facet normal 0 0 -1
    outer loop
      vertex 8 44 0
      vertex 6.87224 89.75 0
      vertex 7.04207 90.16 0
    endloop
  endfacet
  facet normal 0 0 -1
    outer loop
      vertex 6.25 6.87224 0
      vertex 8 44 0
      vertex 6.60208 6.60208 0
    endloop
  endfacet
  facet normal 0 0 -1
    outer loop
      vertex 8 44 0
      vertex 6.60208 89.3979 0
      vertex 6.87224 89.75 0
    endloop
  endfacet
  facet normal 0 0 -1
    outer loop
      vertex 5.83999 7.04207 0
      vertex 8 44 0
      vertex 6.25 6.87224 0
    endloop
  endfacet
  facet normal 0 0 -1
    outer loop
      vertex 8 44 0
      vertex 6.25 89.1278 0
      vertex 6.60208 89.3979 0
    endloop
  endfacet
  facet normal 0 0 -1
    outer loop
      vertex 5.4 7.1 0
      vertex 8 44 0
      vertex 5.83999 7.04207 0
    endloop
  endfacet
  facet normal 0 0 -1
    outer loop
      vertex 8 44 0
      vertex 5.83999 88.9579 0
      vertex 6.25 89.1278 0
    endloop
  endfacet
  facet normal 0 0 -1
    outer loop
      vertex 5.09999 7.0605 0
      vertex 8 44 0
      vertex 5.4 7.1 0
    endloop
  endfacet
  facet normal 0 0 -1
    outer loop
      vertex 8 44 0
      vertex 5.4 88.9 0
      vertex 5.83999 88.9579 0
    endloop
  endfacet
  facet normal 0 0 -1
    outer loop
      vertex 5.09999 88.9395 0
      vertex 8 44 0
      vertex 5.09999 7.0605 0
    endloop
  endfacet
  facet normal 0 0 -1
    outer loop
      vertex 8 44 0
      vertex 5.09999 88.9395 0
      vertex 5.4 88.9 0
    endloop
  endfacet
  facet normal 0 0 -1
    outer loop
      vertex 7.04207 5.83999 0
      vertex 8 5.09999 0
      vertex 7.1 5.4 0
    endloop
  endfacet
  facet normal 0 -0 -1
    outer loop
      vertex 7.1 5.4 0
      vertex 8 5.09999 0
      vertex 7.0605 5.09999 0
    endloop
  endfacet
  facet normal 0 0 -1
    outer loop
      vertex 78 5.09999 0
      vertex 76 5.09999 0
      vertex 78 18 0
    endloop
  endfacet
  facet normal 0 0 -1
    outer loop
      vertex 140 18 0
      vertex 152 16 0
      vertex 140 16 0
    endloop
  endfacet
  facet normal 0 0 -1
    outer loop
      vertex 154 47 0
      vertex 160.9 88.9395 0
      vertex 160.9 30.4902 0
    endloop
  endfacet
  facet normal 0 0 -1
    outer loop
      vertex 160.9 88.9395 0
      vertex 154 47 0
      vertex 160.6 88.9 0
    endloop
  endfacet
  facet normal -0 0 -1
    outer loop
      vertex 160.6 88.9 0
      vertex 154 47 0
      vertex 160.16 88.9579 0
    endloop
  endfacet
  facet normal 0 0 -1
    outer loop
      vertex 154 47 0
      vertex 160.9 30.4902 0
      vertex 159.537 30.3559 0
    endloop
  endfacet
  facet normal -0 0 -1
    outer loop
      vertex 160.16 88.9579 0
      vertex 154 47 0
      vertex 159.75 89.1278 0
    endloop
  endfacet
  facet normal 0 0 -1
    outer loop
      vertex 154 90.9 0
      vertex 159.75 89.1278 0
      vertex 154 47 0
    endloop
  endfacet
  facet normal 0 0 -1
    outer loop
      vertex 159.75 89.1278 0
      vertex 154 90.9 0
      vertex 159.398 89.3979 0
    endloop
  endfacet
  facet normal 0 0 -1
    outer loop
      vertex 159.398 89.3979 0
      vertex 154 90.9 0
      vertex 159.128 89.75 0
    endloop
  endfacet
  facet normal 0 0 -1
    outer loop
      vertex 154 47 0
      vertex 159.537 30.3559 0
      vertex 158.13 29.9291 0
    endloop
  endfacet
  facet normal 0 0 -1
    outer loop
      vertex 154 47 0
      vertex 158.13 29.9291 0
      vertex 156.833 29.236 0
    endloop
  endfacet
  facet normal 0 0 -1
    outer loop
      vertex 154 47 0
      vertex 156.833 29.236 0
      vertex 155.697 28.3033 0
    endloop
  endfacet
  facet normal 0 0 -1
    outer loop
      vertex 152 26 0
      vertex 155.697 28.3033 0
      vertex 154.764 27.1668 0
    endloop
  endfacet
  facet normal 0 0 -1
    outer loop
      vertex 152 26 0
      vertex 154.764 27.1668 0
      vertex 154.14 26 0
    endloop
  endfacet
  facet normal 0 0 -1
    outer loop
      vertex 159.128 89.75 0
      vertex 154 90.9 0
      vertex 158.958 90.16 0
    endloop
  endfacet
  facet normal 0 0 -1
    outer loop
      vertex 158.9 90.6 0
      vertex 154 90.9 0
      vertex 158.939 90.9 0
    endloop
  endfacet
  facet normal 0 0 -1
    outer loop
      vertex 158.958 90.16 0
      vertex 154 90.9 0
      vertex 158.9 90.6 0
    endloop
  endfacet
  facet normal -0 0 -1
    outer loop
      vertex 155.697 28.3033 0
      vertex 152 26 0
      vertex 154 47 0
    endloop
  endfacet
  facet normal 0 0 -1
    outer loop
      vertex 152 16 0
      vertex 140 18 0
      vertex 152 26 0
    endloop
  endfacet
  facet normal -0 0 -1
    outer loop
      vertex 152 26 0
      vertex 140 18 0
      vertex 154 47 0
    endloop
  endfacet
  facet normal 0 0 -1
    outer loop
      vertex 140 18 0
      vertex 96 47 0
      vertex 154 47 0
    endloop
  endfacet
  facet normal 0 0 -1
    outer loop
      vertex 96 47 0
      vertex 84.5 55.5 0
      vertex 96 90.9 0
    endloop
  endfacet
  facet normal 0 0 -1
    outer loop
      vertex 76 44 0
      vertex 84.5 55.5 0
      vertex 96 47 0
    endloop
  endfacet
  facet normal 0 0 -1
    outer loop
      vertex 78 18 0
      vertex 96 47 0
      vertex 140 18 0
    endloop
  endfacet
  facet normal 0 0 -1
    outer loop
      vertex 81.5 55.5 0
      vertex 78.5 55.5 0
      vertex 81.5 90.5 0
    endloop
  endfacet
  facet normal -0 0 -1
    outer loop
      vertex 84.5 55.5 0
      vertex 76 44 0
      vertex 81.5 55.5 0
    endloop
  endfacet
  facet normal 0 0 -1
    outer loop
      vertex 96 47 0
      vertex 78 18 0
      vertex 76 44 0
    endloop
  endfacet
  facet normal 0 0 -1
    outer loop
      vertex 76 44 0
      vertex 78 18 0
      vertex 76 5.09999 0
    endloop
  endfacet
  facet normal -0 0 -1
    outer loop
      vertex 81.5 55.5 0
      vertex 76 44 0
      vertex 78.5 55.5 0
    endloop
  endfacet
  facet normal 0 0 -1
    outer loop
      vertex 76 44 0
      vertex 75.5 55.5 0
      vertex 78.5 55.5 0
    endloop
  endfacet
  facet normal 0 0 -1
    outer loop
      vertex 75.5 55.5 0
      vertex 72.5 55.5 0
      vertex 75.5 90.5 0
    endloop
  endfacet
  facet normal 0 0 -1
    outer loop
      vertex 76 44 0
      vertex 72.5 55.5 0
      vertex 75.5 55.5 0
    endloop
  endfacet
  facet normal 0 0 -1
    outer loop
      vertex 76 44 0
      vertex 69.5 55.5 0
      vertex 72.5 55.5 0
    endloop
  endfacet
  facet normal 0 0 -1
    outer loop
      vertex 69.5 55.5 0
      vertex 66.5 55.5 0
      vertex 69.5 90.5 0
    endloop
  endfacet
  facet normal 0 0 -1
    outer loop
      vertex 76 44 0
      vertex 66.5 55.5 0
      vertex 69.5 55.5 0
    endloop
  endfacet
  facet normal 0 0 -1
    outer loop
      vertex 76 44 0
      vertex 63.5 55.5 0
      vertex 66.5 55.5 0
    endloop
  endfacet
  facet normal 0 0 -1
    outer loop
      vertex 63.5 55.5 0
      vertex 60.5 55.5 0
      vertex 63.5 90.5 0
    endloop
  endfacet
  facet normal 0 0 -1
    outer loop
      vertex 55.1651 49.75 0
      vertex 63.5 55.5 0
      vertex 76 44 0
    endloop
  endfacet
  facet normal 0 -0 -1
    outer loop
      vertex 55.4148 50.353 0
      vertex 63.5 55.5 0
      vertex 55.1651 49.75 0
    endloop
  endfacet
  facet normal -0 0 -1
    outer loop
      vertex 60.5 55.5 0
      vertex 55.4148 51.647 0
      vertex 57.5 55.5 0
    endloop
  endfacet
  facet normal 0 -0 -1
    outer loop
      vertex 55.5 51 0
      vertex 60.5 55.5 0
      vertex 55.4148 50.353 0
    endloop
  endfacet
  facet normal 0 0 -1
    outer loop
      vertex 55.4148 51.647 0
      vertex 60.5 55.5 0
      vertex 55.5 51 0
    endloop
  endfacet
  facet normal -0 0 -1
    outer loop
      vertex 63.5 55.5 0
      vertex 55.4148 50.353 0
      vertex 60.5 55.5 0
    endloop
  endfacet
  facet normal 0 0 -1
    outer loop
      vertex 76 44 0
      vertex 54.7678 49.2322 0
      vertex 55.1651 49.75 0
    endloop
  endfacet
  facet normal 0 0 -1
    outer loop
      vertex 76 44 0
      vertex 54.25 48.8349 0
      vertex 54.7678 49.2322 0
    endloop
  endfacet
  facet normal 0 0 -1
    outer loop
      vertex 76 44 0
      vertex 53.647 48.5852 0
      vertex 54.25 48.8349 0
    endloop
  endfacet
  facet normal 0 0 -1
    outer loop
      vertex 76 44 0
      vertex 53 48.5 0
      vertex 53.647 48.5852 0
    endloop
  endfacet
  facet normal 0 0 -1
    outer loop
      vertex 8 44 0
      vertex 53 48.5 0
      vertex 76 44 0
    endloop
  endfacet
  facet normal 0 0 -1
    outer loop
      vertex 45.5 55.5 0
      vertex 50.5 51 0
      vertex 50.5852 50.353 0
    endloop
  endfacet
  facet normal 0 0 -1
    outer loop
      vertex 50.5 51 0
      vertex 45.5 55.5 0
      vertex 48.5 55.5 0
    endloop
  endfacet
  facet normal 0 0 -1
    outer loop
      vertex 42.5 55.5 0
      vertex 50.5852 50.353 0
      vertex 50.8349 49.75 0
    endloop
  endfacet
  facet normal 0 0 -1
    outer loop
      vertex 39.5 55.5 0
      vertex 50.8349 49.75 0
      vertex 51.2322 49.2322 0
    endloop
  endfacet
  facet normal 0 0 -1
    outer loop
      vertex 45.5 55.5 0
      vertex 42.5 55.5 0
      vertex 45.5 90.5 0
    endloop
  endfacet
  facet normal 0 0 -1
    outer loop
      vertex 50.5852 50.353 0
      vertex 42.5 55.5 0
      vertex 45.5 55.5 0
    endloop
  endfacet
  facet normal 0 0 -1
    outer loop
      vertex 33.5 55.5 0
      vertex 51.2322 49.2322 0
      vertex 51.75 48.8349 0
    endloop
  endfacet
  facet normal 0 0 -1
    outer loop
      vertex 50.8349 49.75 0
      vertex 39.5 55.5 0
      vertex 42.5 55.5 0
    endloop
  endfacet
  facet normal 0 0 -1
    outer loop
      vertex 39.5 55.5 0
      vertex 36.5 55.5 0
      vertex 39.5 90.5 0
    endloop
  endfacet
  facet normal 0 0 -1
    outer loop
      vertex 51.2322 49.2322 0
      vertex 36.5 55.5 0
      vertex 39.5 55.5 0
    endloop
  endfacet
  facet normal 0 0 -1
    outer loop
      vertex 51.2322 49.2322 0
      vertex 33.5 55.5 0
      vertex 36.5 55.5 0
    endloop
  endfacet
  facet normal 0 0 -1
    outer loop
      vertex 8 44 0
      vertex 51.75 48.8349 0
      vertex 52.353 48.5852 0
    endloop
  endfacet
  facet normal 0 0 -1
    outer loop
      vertex 33.5 55.5 0
      vertex 30.5 55.5 0
      vertex 33.5 90.5 0
    endloop
  endfacet
  facet normal -0 0 -1
    outer loop
      vertex 51.75 48.8349 0
      vertex 8 44 0
      vertex 33.5 55.5 0
    endloop
  endfacet
  facet normal -0 0 -1
    outer loop
      vertex 33.5 55.5 0
      vertex 8 44 0
      vertex 30.5 55.5 0
    endloop
  endfacet
  facet normal 0 0 -1
    outer loop
      vertex 27.5 55.5 0
      vertex 24.5 55.5 0
      vertex 27.5 90.5 0
    endloop
  endfacet
  facet normal -0 0 -1
    outer loop
      vertex 30.5 55.5 0
      vertex 8 44 0
      vertex 27.5 55.5 0
    endloop
  endfacet
  facet normal -0 0 -1
    outer loop
      vertex 27.5 55.5 0
      vertex 8 44 0
      vertex 24.5 55.5 0
    endloop
  endfacet
  facet normal 0 0 -1
    outer loop
      vertex 7.1 90.6 0
      vertex 21.5 55.5 0
      vertex 8 44 0
    endloop
  endfacet
  facet normal -0 0 -1
    outer loop
      vertex 24.5 55.5 0
      vertex 8 44 0
      vertex 21.5 55.5 0
    endloop
  endfacet
  facet normal -0 0 -1
    outer loop
      vertex 53 48.5 0
      vertex 8 44 0
      vertex 52.353 48.5852 0
    endloop
  endfacet
  facet normal 0 0 -1
    outer loop
      vertex 84.5 90.5 0
      vertex 96 90.9 0
      vertex 84.5 55.5 0
    endloop
  endfacet
  facet normal 0 0 -1
    outer loop
      vertex 81.5 90.5 0
      vertex 96 90.9 0
      vertex 84.5 90.5 0
    endloop
  endfacet
  facet normal 0 0 -1
    outer loop
      vertex 78.5 90.5 0
      vertex 81.5 90.5 0
      vertex 78.5 55.5 0
    endloop
  endfacet
  facet normal 0 0 -1
    outer loop
      vertex 78.5 90.5 0
      vertex 96 90.9 0
      vertex 81.5 90.5 0
    endloop
  endfacet
  facet normal 0 0 -1
    outer loop
      vertex 75.5 90.5 0
      vertex 96 90.9 0
      vertex 78.5 90.5 0
    endloop
  endfacet
  facet normal 0 0 -1
    outer loop
      vertex 72.5 90.5 0
      vertex 75.5 90.5 0
      vertex 72.5 55.5 0
    endloop
  endfacet
  facet normal 0 0 -1
    outer loop
      vertex 72.5 90.5 0
      vertex 96 90.9 0
      vertex 75.5 90.5 0
    endloop
  endfacet
  facet normal 0 0 -1
    outer loop
      vertex 69.5 90.5 0
      vertex 96 90.9 0
      vertex 72.5 90.5 0
    endloop
  endfacet
  facet normal 0 0 -1
    outer loop
      vertex 66.5 90.5 0
      vertex 69.5 90.5 0
      vertex 66.5 55.5 0
    endloop
  endfacet
  facet normal 0 0 -1
    outer loop
      vertex 66.5 90.5 0
      vertex 96 90.9 0
      vertex 69.5 90.5 0
    endloop
  endfacet
  facet normal 0 0 -1
    outer loop
      vertex 63.5 90.5 0
      vertex 96 90.9 0
      vertex 66.5 90.5 0
    endloop
  endfacet
  facet normal 0 0 -1
    outer loop
      vertex 60.5 90.5 0
      vertex 63.5 90.5 0
      vertex 60.5 55.5 0
    endloop
  endfacet
  facet normal 0 0 -1
    outer loop
      vertex 60.5 90.5 0
      vertex 96 90.9 0
      vertex 63.5 90.5 0
    endloop
  endfacet
  facet normal 0 0 -1
    outer loop
      vertex 57.5 90.5 0
      vertex 96 90.9 0
      vertex 60.5 90.5 0
    endloop
  endfacet
  facet normal 0 0 -1
    outer loop
      vertex 55.1651 52.25 0
      vertex 57.5 55.5 0
      vertex 55.4148 51.647 0
    endloop
  endfacet
  facet normal 0 0 -1
    outer loop
      vertex 54.7678 52.7678 0
      vertex 57.5 55.5 0
      vertex 55.1651 52.25 0
    endloop
  endfacet
  facet normal -0 0 -1
    outer loop
      vertex 57.5 55.5 0
      vertex 54.7678 52.7678 0
      vertex 54.5 55.5 0
    endloop
  endfacet
  facet normal 0 0 -1
    outer loop
      vertex 57.5 55.5 0
      vertex 54.5 55.5 0
      vertex 57.5 90.5 0
    endloop
  endfacet
  facet normal 0 0 -1
    outer loop
      vertex 54.5 90.5 0
      vertex 57.5 90.5 0
      vertex 54.5 55.5 0
    endloop
  endfacet
  facet normal 0 0 -1
    outer loop
      vertex 54.5 90.5 0
      vertex 96 90.9 0
      vertex 57.5 90.5 0
    endloop
  endfacet
  facet normal 0 0 -1
    outer loop
      vertex 51.5 90.5 0
      vertex 96 90.9 0
      vertex 54.5 90.5 0
    endloop
  endfacet
  facet normal 0 0 -1
    outer loop
      vertex 51.2322 52.7678 0
      vertex 48.5 55.5 0
      vertex 51.5 55.5 0
    endloop
  endfacet
  facet normal 0 0 -1
    outer loop
      vertex 48.5 55.5 0
      vertex 50.8349 52.25 0
      vertex 50.5852 51.647 0
    endloop
  endfacet
  facet normal 0 0 -1
    outer loop
      vertex 48.5 55.5 0
      vertex 50.5852 51.647 0
      vertex 50.5 51 0
    endloop
  endfacet
  facet normal 0 0 -1
    outer loop
      vertex 51.5 55.5 0
      vertex 48.5 55.5 0
      vertex 51.5 90.5 0
    endloop
  endfacet
  facet normal 0 0 -1
    outer loop
      vertex 48.5 90.5 0
      vertex 51.5 90.5 0
      vertex 48.5 55.5 0
    endloop
  endfacet
  facet normal 0 0 -1
    outer loop
      vertex 48.5 90.5 0
      vertex 96 90.9 0
      vertex 51.5 90.5 0
    endloop
  endfacet
  facet normal 0 0 -1
    outer loop
      vertex 45.5 90.5 0
      vertex 96 90.9 0
      vertex 48.5 90.5 0
    endloop
  endfacet
  facet normal 0 0 -1
    outer loop
      vertex 42.5 90.5 0
      vertex 45.5 90.5 0
      vertex 42.5 55.5 0
    endloop
  endfacet
  facet normal 0 0 -1
    outer loop
      vertex 42.5 90.5 0
      vertex 96 90.9 0
      vertex 45.5 90.5 0
    endloop
  endfacet
  facet normal 0 0 -1
    outer loop
      vertex 39.5 90.5 0
      vertex 96 90.9 0
      vertex 42.5 90.5 0
    endloop
  endfacet
  facet normal 0 0 -1
    outer loop
      vertex 36.5 90.5 0
      vertex 39.5 90.5 0
      vertex 36.5 55.5 0
    endloop
  endfacet
  facet normal 0 0 -1
    outer loop
      vertex 36.5 90.5 0
      vertex 96 90.9 0
      vertex 39.5 90.5 0
    endloop
  endfacet
  facet normal 0 0 -1
    outer loop
      vertex 33.5 90.5 0
      vertex 96 90.9 0
      vertex 36.5 90.5 0
    endloop
  endfacet
  facet normal 0 0 -1
    outer loop
      vertex 30.5 90.5 0
      vertex 33.5 90.5 0
      vertex 30.5 55.5 0
    endloop
  endfacet
  facet normal 0 0 -1
    outer loop
      vertex 7.0605 90.9 0
      vertex 33.5 90.5 0
      vertex 30.5 90.5 0
    endloop
  endfacet
  facet normal 0 0 -1
    outer loop
      vertex 7.0605 90.9 0
      vertex 30.5 90.5 0
      vertex 27.5 90.5 0
    endloop
  endfacet
  facet normal 0 0 -1
    outer loop
      vertex 24.5 90.5 0
      vertex 27.5 90.5 0
      vertex 24.5 55.5 0
    endloop
  endfacet
  facet normal 0 0 -1
    outer loop
      vertex 7.0605 90.9 0
      vertex 27.5 90.5 0
      vertex 24.5 90.5 0
    endloop
  endfacet
  facet normal 0 0 -1
    outer loop
      vertex 7.0605 90.9 0
      vertex 24.5 90.5 0
      vertex 21.5 90.5 0
    endloop
  endfacet
  facet normal 0 0 -1
    outer loop
      vertex 6.87224 6.25 0
      vertex 8 5.09999 0
      vertex 7.04207 5.83999 0
    endloop
  endfacet
  facet normal 0 0 -1
    outer loop
      vertex 21.5 55.5 0
      vertex 7.1 90.6 0
      vertex 21.5 90.5 0
    endloop
  endfacet
  facet normal 0 0 -1
    outer loop
      vertex 7.0605 90.9 0
      vertex 21.5 90.5 0
      vertex 7.1 90.6 0
    endloop
  endfacet
  facet normal 0 0 -1
    outer loop
      vertex 33.5 90.5 0
      vertex 7.0605 90.9 0
      vertex 96 90.9 0
    endloop
  endfacet
  facet normal 0 0 -1
    outer loop
      vertex 54.25 53.1651 0
      vertex 54.5 55.5 0
      vertex 54.7678 52.7678 0
    endloop
  endfacet
  facet normal 0 0 -1
    outer loop
      vertex 53.647 53.4148 0
      vertex 54.5 55.5 0
      vertex 54.25 53.1651 0
    endloop
  endfacet
  facet normal 0 0 -1
    outer loop
      vertex 53 53.5 0
      vertex 54.5 55.5 0
      vertex 53.647 53.4148 0
    endloop
  endfacet
  facet normal 0 0 -1
    outer loop
      vertex 51.5 55.5 0
      vertex 53 53.5 0
      vertex 52.353 53.4148 0
    endloop
  endfacet
  facet normal 0 0 -1
    outer loop
      vertex 51.5 55.5 0
      vertex 52.353 53.4148 0
      vertex 51.75 53.1651 0
    endloop
  endfacet
  facet normal 0 0 -1
    outer loop
      vertex 53 53.5 0
      vertex 51.5 55.5 0
      vertex 54.5 55.5 0
    endloop
  endfacet
  facet normal 0 0 -1
    outer loop
      vertex 48.5 55.5 0
      vertex 51.2322 52.7678 0
      vertex 50.8349 52.25 0
    endloop
  endfacet
  facet normal 0 0 -1
    outer loop
      vertex 51.2322 52.7678 0
      vertex 51.5 55.5 0
      vertex 51.75 53.1651 0
    endloop
  endfacet
  facet normal 0 0 -1
    outer loop
      vertex 158.939 5.09999 0
      vertex 158 5.09999 0
      vertex 158.9 5.4 0
    endloop
  endfacet
  facet normal 0 0 -1
    outer loop
      vertex 158 6 0
      vertex 158.9 5.4 0
      vertex 158 5.09999 0
    endloop
  endfacet
  facet normal 0 0 -1
    outer loop
      vertex 158.9 5.4 0
      vertex 158 6 0
      vertex 158.958 5.83999 0
    endloop
  endfacet
  facet normal 0 0 -1
    outer loop
      vertex 158.958 5.83999 0
      vertex 158 6 0
      vertex 159.024 6 0
    endloop
  endfacet
  facet normal 0 0 -1
    outer loop
      vertex 76 0 0
      vertex 78 2.7 0
      vertex 78 0 0
    endloop
  endfacet
  facet normal -0 0 -1
    outer loop
      vertex 78 2.7 0
      vertex 76 0 0
      vertex 76 2.7 0
    endloop
  endfacet
  facet normal -1 0 0
    outer loop
      vertex 0 0 0
      vertex 0 96 2.4
      vertex 0 96 0
    endloop
  endfacet
  facet normal -1 -0 0
    outer loop
      vertex 0 96 2.4
      vertex 0 0 0
      vertex 0 0 2.4
    endloop
  endfacet
  facet normal 0 0 1
    outer loop
      vertex 6.25 89.1278 2.4
      vertex 21.5 90.5 2.4
      vertex 6.60208 89.3979 2.4
    endloop
  endfacet
  facet normal 0 0 1
    outer loop
      vertex 8 44 2.4
      vertex 7.04207 5.83999 2.4
      vertex 7.1 5.4 2.4
    endloop
  endfacet
  facet normal 0 0 1
    outer loop
      vertex 21.5 90.5 2.4
      vertex 6.25 89.1278 2.4
      vertex 21.5 55.5 2.4
    endloop
  endfacet
  facet normal 0 0 1
    outer loop
      vertex 8 44 2.4
      vertex 6.87224 6.25 2.4
      vertex 7.04207 5.83999 2.4
    endloop
  endfacet
  facet normal -0 0 1
    outer loop
      vertex 5.83999 88.9579 2.4
      vertex 21.5 55.5 2.4
      vertex 6.25 89.1278 2.4
    endloop
  endfacet
  facet normal 0 0 1
    outer loop
      vertex 8 44 2.4
      vertex 6.60208 6.60208 2.4
      vertex 6.87224 6.25 2.4
    endloop
  endfacet
  facet normal -0 0 1
    outer loop
      vertex 5.4 88.9 2.4
      vertex 21.5 55.5 2.4
      vertex 5.83999 88.9579 2.4
    endloop
  endfacet
  facet normal 0 0 1
    outer loop
      vertex 8 44 2.4
      vertex 6.25 6.87224 2.4
      vertex 6.60208 6.60208 2.4
    endloop
  endfacet
  facet normal 0 0 1
    outer loop
      vertex 4.96001 88.9579 2.4
      vertex 21.5 55.5 2.4
      vertex 5.4 88.9 2.4
    endloop
  endfacet
  facet normal 0 0 1
    outer loop
      vertex 8 44 2.4
      vertex 5.83999 7.04207 2.4
      vertex 6.25 6.87224 2.4
    endloop
  endfacet
  facet normal 0 0 1
    outer loop
      vertex 21.5 55.5 2.4
      vertex 4.96001 88.9579 2.4
      vertex 8 44 2.4
    endloop
  endfacet
  facet normal 0 0 1
    outer loop
      vertex 8 44 2.4
      vertex 5.4 7.1 2.4
      vertex 5.83999 7.04207 2.4
    endloop
  endfacet
  facet normal 0 0 1
    outer loop
      vertex 4.55 89.1278 2.4
      vertex 8 44 2.4
      vertex 4.96001 88.9579 2.4
    endloop
  endfacet
  facet normal 0 0 1
    outer loop
      vertex 8 44 2.4
      vertex 4.96001 7.04207 2.4
      vertex 5.4 7.1 2.4
    endloop
  endfacet
  facet normal 0 0 1
    outer loop
      vertex 4.19792 89.3979 2.4
      vertex 8 44 2.4
      vertex 4.55 89.1278 2.4
    endloop
  endfacet
  facet normal 0 0 1
    outer loop
      vertex 8 44 2.4
      vertex 4.55 6.87224 2.4
      vertex 4.96001 7.04207 2.4
    endloop
  endfacet
  facet normal 0 0 1
    outer loop
      vertex 3.92776 89.75 2.4
      vertex 8 44 2.4
      vertex 4.19792 89.3979 2.4
    endloop
  endfacet
  facet normal 0 0 1
    outer loop
      vertex 8 44 2.4
      vertex 4.19792 6.60208 2.4
      vertex 4.55 6.87224 2.4
    endloop
  endfacet
  facet normal 0 0 1
    outer loop
      vertex 0 96 2.4
      vertex 8 44 2.4
      vertex 3.92776 89.75 2.4
    endloop
  endfacet
  facet normal 0 0 1
    outer loop
      vertex 8 44 2.4
      vertex 3.92776 6.25 2.4
      vertex 4.19792 6.60208 2.4
    endloop
  endfacet
  facet normal 0 0 1
    outer loop
      vertex 0 96 2.4
      vertex 3.92776 89.75 2.4
      vertex 3.75793 90.16 2.4
    endloop
  endfacet
  facet normal 0 0 1
    outer loop
      vertex 0 0 2.4
      vertex 8 44 2.4
      vertex 0 96 2.4
    endloop
  endfacet
  facet normal 0 0 1
    outer loop
      vertex 0 96 2.4
      vertex 3.75793 90.16 2.4
      vertex 3.7 90.6 2.4
    endloop
  endfacet
  facet normal 0 0 1
    outer loop
      vertex 8 44 2.4
      vertex 0 0 2.4
      vertex 3.92776 6.25 2.4
    endloop
  endfacet
  facet normal 0 0 1
    outer loop
      vertex 92.1213 90.3787 2.4
      vertex 96 91 2.4
      vertex 92.5981 91 2.4
    endloop
  endfacet
  facet normal 0 0 1
    outer loop
      vertex 96 47 2.4
      vertex 92.8978 46.2765 2.4
      vertex 93 45.5 2.4
    endloop
  endfacet
  facet normal 0 0 1
    outer loop
      vertex 91.5 89.9019 2.4
      vertex 96 91 2.4
      vertex 92.1213 90.3787 2.4
    endloop
  endfacet
  facet normal 0 0 1
    outer loop
      vertex 96 47 2.4
      vertex 92.5981 47 2.4
      vertex 92.8978 46.2765 2.4
    endloop
  endfacet
  facet normal 0 0 1
    outer loop
      vertex 90.7765 89.6022 2.4
      vertex 96 91 2.4
      vertex 91.5 89.9019 2.4
    endloop
  endfacet
  facet normal 0 0 1
    outer loop
      vertex 96 47 2.4
      vertex 92.1213 47.6213 2.4
      vertex 92.5981 47 2.4
    endloop
  endfacet
  facet normal 0 0 1
    outer loop
      vertex 96 91 2.4
      vertex 84.5 55.5 2.4
      vertex 96 47 2.4
    endloop
  endfacet
  facet normal 0 0 1
    outer loop
      vertex 96 47 2.4
      vertex 91.5 48.0981 2.4
      vertex 92.1213 47.6213 2.4
    endloop
  endfacet
  facet normal 0 0 1
    outer loop
      vertex 96 91 2.4
      vertex 90.7765 89.6022 2.4
      vertex 84.5 55.5 2.4
    endloop
  endfacet
  facet normal 0 0 1
    outer loop
      vertex 96 47 2.4
      vertex 84.5 55.5 2.4
      vertex 91.5 48.0981 2.4
    endloop
  endfacet
  facet normal 0 0 1
    outer loop
      vertex 84.5 55.5 2.4
      vertex 90.7765 89.6022 2.4
      vertex 90 89.5 2.4
    endloop
  endfacet
  facet normal 0 0 1
    outer loop
      vertex 91.5 48.0981 2.4
      vertex 84.5 55.5 2.4
      vertex 90.7765 48.3978 2.4
    endloop
  endfacet
  facet normal 0 0 1
    outer loop
      vertex 84.5 55.5 2.4
      vertex 90 89.5 2.4
      vertex 89.2235 89.6022 2.4
    endloop
  endfacet
  facet normal 0 0 1
    outer loop
      vertex 90.7765 48.3978 2.4
      vertex 84.5 55.5 2.4
      vertex 90 48.5 2.4
    endloop
  endfacet
  facet normal 0 0 1
    outer loop
      vertex 84.5 90.5 2.4
      vertex 89.2235 89.6022 2.4
      vertex 88.5 89.9019 2.4
    endloop
  endfacet
  facet normal 0 0 1
    outer loop
      vertex 90 48.5 2.4
      vertex 84.5 55.5 2.4
      vertex 89.2235 48.3978 2.4
    endloop
  endfacet
  facet normal 0 0 1
    outer loop
      vertex 84.5 90.5 2.4
      vertex 88.5 89.9019 2.4
      vertex 87.8787 90.3787 2.4
    endloop
  endfacet
  facet normal 0 0 1
    outer loop
      vertex 89.2235 48.3978 2.4
      vertex 84.5 55.5 2.4
      vertex 88.5 48.0981 2.4
    endloop
  endfacet
  facet normal -0 0 1
    outer loop
      vertex 84.5 90.5 2.4
      vertex 87.8787 90.3787 2.4
      vertex 87.4019 91 2.4
    endloop
  endfacet
  facet normal 0 0 1
    outer loop
      vertex 88.5 48.0981 2.4
      vertex 84.5 55.5 2.4
      vertex 87.8787 47.6213 2.4
    endloop
  endfacet
  facet normal 0 0 1
    outer loop
      vertex 84.5 90.5 2.4
      vertex 87.4019 91 2.4
      vertex 87.1022 91.7235 2.4
    endloop
  endfacet
  facet normal 0 0 1
    outer loop
      vertex 87.8787 47.6213 2.4
      vertex 84.5 55.5 2.4
      vertex 87.4019 47 2.4
    endloop
  endfacet
  facet normal 0 0 1
    outer loop
      vertex 84.5 90.5 2.4
      vertex 87.1022 91.7235 2.4
      vertex 87 92.5 2.4
    endloop
  endfacet
  facet normal -0 0 1
    outer loop
      vertex 81.5 55.5 2.4
      vertex 87.4019 47 2.4
      vertex 84.5 55.5 2.4
    endloop
  endfacet
  facet normal 0 0 1
    outer loop
      vertex 162.598 91 2.4
      vertex 166 96 2.4
      vertex 162.898 91.7235 2.4
    endloop
  endfacet
  facet normal 0 0 1
    outer loop
      vertex 166 96 2.4
      vertex 162.898 46.2765 2.4
      vertex 163 45.5 2.4
    endloop
  endfacet
  facet normal 0 0 1
    outer loop
      vertex 162.242 90.16 2.4
      vertex 166 96 2.4
      vertex 162.598 91 2.4
    endloop
  endfacet
  facet normal 0 0 1
    outer loop
      vertex 166 96 2.4
      vertex 162.598 47 2.4
      vertex 162.898 46.2765 2.4
    endloop
  endfacet
  facet normal 0 0 1
    outer loop
      vertex 162.242 90.16 2.4
      vertex 162.598 91 2.4
      vertex 162.3 90.6 2.4
    endloop
  endfacet
  facet normal 0 -0 1
    outer loop
      vertex 162.3 90.6 2.4
      vertex 162.598 91 2.4
      vertex 162.299 90.6098 2.4
    endloop
  endfacet
  facet normal -0 0 1
    outer loop
      vertex 163 45.5 2.4
      vertex 166 28.5522 2.4
      vertex 166 96 2.4
    endloop
  endfacet
  facet normal -0 0 1
    outer loop
      vertex 162.898 44.7235 2.4
      vertex 166 28.5522 2.4
      vertex 163 45.5 2.4
    endloop
  endfacet
  facet normal 0 0 1
    outer loop
      vertex 162.898 91.7235 2.4
      vertex 166 96 2.4
      vertex 163 92.5 2.4
    endloop
  endfacet
  facet normal 0 0 1
    outer loop
      vertex 166 96 2.4
      vertex 162.898 93.2765 2.4
      vertex 163 92.5 2.4
    endloop
  endfacet
  facet normal 0 0 1
    outer loop
      vertex 166 96 2.4
      vertex 162.598 94 2.4
      vertex 162.898 93.2765 2.4
    endloop
  endfacet
  facet normal 0 0 1
    outer loop
      vertex 166 96 2.4
      vertex 162.121 94.6213 2.4
      vertex 162.598 94 2.4
    endloop
  endfacet
  facet normal 0 0 1
    outer loop
      vertex 166 96 2.4
      vertex 161.5 95.0981 2.4
      vertex 162.121 94.6213 2.4
    endloop
  endfacet
  facet normal 0 0 1
    outer loop
      vertex 166 96 2.4
      vertex 160.776 95.3978 2.4
      vertex 161.5 95.0981 2.4
    endloop
  endfacet
  facet normal 0 0 1
    outer loop
      vertex 166 96 2.4
      vertex 160 95.5 2.4
      vertex 160.776 95.3978 2.4
    endloop
  endfacet
  facet normal 0 0 1
    outer loop
      vertex 157.102 46.2765 2.4
      vertex 154 47 2.4
      vertex 157 45.5 2.4
    endloop
  endfacet
  facet normal 0 0 1
    outer loop
      vertex 157 45.5 2.4
      vertex 154 47 2.4
      vertex 156.833 29.236 2.4
    endloop
  endfacet
  facet normal 0 0 1
    outer loop
      vertex 156.833 29.236 2.4
      vertex 154 47 2.4
      vertex 155.697 28.3033 2.4
    endloop
  endfacet
  facet normal 0 0 1
    outer loop
      vertex 152 26 2.4
      vertex 155.697 28.3033 2.4
      vertex 154 47 2.4
    endloop
  endfacet
  facet normal 0 0 1
    outer loop
      vertex 154 47 2.4
      vertex 157 92.5 2.4
      vertex 154 91 2.4
    endloop
  endfacet
  facet normal 0 0 1
    outer loop
      vertex 157.102 93.2765 2.4
      vertex 154 91 2.4
      vertex 157 92.5 2.4
    endloop
  endfacet
  facet normal 0 0 1
    outer loop
      vertex 157.402 94 2.4
      vertex 154 91 2.4
      vertex 157.102 93.2765 2.4
    endloop
  endfacet
  facet normal 0 0 1
    outer loop
      vertex 157.879 94.6213 2.4
      vertex 154 91 2.4
      vertex 157.402 94 2.4
    endloop
  endfacet
  facet normal 0 0 1
    outer loop
      vertex 157.879 94.6213 2.4
      vertex 96 91 2.4
      vertex 154 91 2.4
    endloop
  endfacet
  facet normal 0 0 1
    outer loop
      vertex 92.1213 94.6213 2.4
      vertex 157.879 94.6213 2.4
      vertex 158.5 95.0981 2.4
    endloop
  endfacet
  facet normal 0 0 1
    outer loop
      vertex 91.5 95.0981 2.4
      vertex 158.5 95.0981 2.4
      vertex 159.224 95.3978 2.4
    endloop
  endfacet
  facet normal 0 0 1
    outer loop
      vertex 90.7765 95.3978 2.4
      vertex 159.224 95.3978 2.4
      vertex 160 95.5 2.4
    endloop
  endfacet
  facet normal 0 0 1
    outer loop
      vertex 90 95.5 2.4
      vertex 160 95.5 2.4
      vertex 166 96 2.4
    endloop
  endfacet
  facet normal -0 0 1
    outer loop
      vertex 92.8978 91.7235 2.4
      vertex 96 91 2.4
      vertex 93 92.5 2.4
    endloop
  endfacet
  facet normal 0 0 1
    outer loop
      vertex 157.879 94.6213 2.4
      vertex 92.1213 94.6213 2.4
      vertex 96 91 2.4
    endloop
  endfacet
  facet normal 0 0 1
    outer loop
      vertex 96 91 2.4
      vertex 92.8978 93.2765 2.4
      vertex 93 92.5 2.4
    endloop
  endfacet
  facet normal 0 0 1
    outer loop
      vertex 96 91 2.4
      vertex 92.5981 94 2.4
      vertex 92.8978 93.2765 2.4
    endloop
  endfacet
  facet normal 0 0 1
    outer loop
      vertex 96 91 2.4
      vertex 92.1213 94.6213 2.4
      vertex 92.5981 94 2.4
    endloop
  endfacet
  facet normal 0 0 1
    outer loop
      vertex 158.5 95.0981 2.4
      vertex 91.5 95.0981 2.4
      vertex 92.1213 94.6213 2.4
    endloop
  endfacet
  facet normal 0 0 1
    outer loop
      vertex 159.224 95.3978 2.4
      vertex 90.7765 95.3978 2.4
      vertex 91.5 95.0981 2.4
    endloop
  endfacet
  facet normal 0 0 1
    outer loop
      vertex 160 95.5 2.4
      vertex 90 95.5 2.4
      vertex 90.7765 95.3978 2.4
    endloop
  endfacet
  facet normal 0 0 1
    outer loop
      vertex 89.2235 89.6022 2.4
      vertex 84.5 90.5 2.4
      vertex 84.5 55.5 2.4
    endloop
  endfacet
  facet normal 0 0 1
    outer loop
      vertex 87.1022 93.2765 2.4
      vertex 84.5 90.5 2.4
      vertex 87 92.5 2.4
    endloop
  endfacet
  facet normal 0 0 1
    outer loop
      vertex 81.5 90.5 2.4
      vertex 87.1022 93.2765 2.4
      vertex 87.4019 94 2.4
    endloop
  endfacet
  facet normal 0 0 1
    outer loop
      vertex 78.5 90.5 2.4
      vertex 87.4019 94 2.4
      vertex 87.8787 94.6213 2.4
    endloop
  endfacet
  facet normal 0 0 1
    outer loop
      vertex 87.1022 93.2765 2.4
      vertex 81.5 90.5 2.4
      vertex 84.5 90.5 2.4
    endloop
  endfacet
  facet normal 0 0 1
    outer loop
      vertex 75.5 90.5 2.4
      vertex 87.8787 94.6213 2.4
      vertex 88.5 95.0981 2.4
    endloop
  endfacet
  facet normal 0 0 1
    outer loop
      vertex 81.5 90.5 2.4
      vertex 78.5 90.5 2.4
      vertex 81.5 55.5 2.4
    endloop
  endfacet
  facet normal 0 0 1
    outer loop
      vertex 87.4019 94 2.4
      vertex 78.5 90.5 2.4
      vertex 81.5 90.5 2.4
    endloop
  endfacet
  facet normal 0 0 1
    outer loop
      vertex 87.8787 94.6213 2.4
      vertex 75.5 90.5 2.4
      vertex 78.5 90.5 2.4
    endloop
  endfacet
  facet normal 0 0 1
    outer loop
      vertex 66.5 90.5 2.4
      vertex 88.5 95.0981 2.4
      vertex 89.2235 95.3978 2.4
    endloop
  endfacet
  facet normal 0 0 1
    outer loop
      vertex 75.5 90.5 2.4
      vertex 72.5 90.5 2.4
      vertex 75.5 55.5 2.4
    endloop
  endfacet
  facet normal 0 0 1
    outer loop
      vertex 88.5 95.0981 2.4
      vertex 72.5 90.5 2.4
      vertex 75.5 90.5 2.4
    endloop
  endfacet
  facet normal 0 0 1
    outer loop
      vertex 88.5 95.0981 2.4
      vertex 69.5 90.5 2.4
      vertex 72.5 90.5 2.4
    endloop
  endfacet
  facet normal 0 0 1
    outer loop
      vertex 69.5 90.5 2.4
      vertex 66.5 90.5 2.4
      vertex 69.5 55.5 2.4
    endloop
  endfacet
  facet normal 0 0 1
    outer loop
      vertex 88.5 95.0981 2.4
      vertex 66.5 90.5 2.4
      vertex 69.5 90.5 2.4
    endloop
  endfacet
  facet normal 0 0 1
    outer loop
      vertex 89.2235 95.3978 2.4
      vertex 63.5 90.5 2.4
      vertex 66.5 90.5 2.4
    endloop
  endfacet
  facet normal 0 0 1
    outer loop
      vertex 63.5 90.5 2.4
      vertex 60.5 90.5 2.4
      vertex 63.5 55.5 2.4
    endloop
  endfacet
  facet normal 0 0 1
    outer loop
      vertex 89.2235 95.3978 2.4
      vertex 60.5 90.5 2.4
      vertex 63.5 90.5 2.4
    endloop
  endfacet
  facet normal 0 0 1
    outer loop
      vertex 89.2235 95.3978 2.4
      vertex 57.5 90.5 2.4
      vertex 60.5 90.5 2.4
    endloop
  endfacet
  facet normal 0 0 1
    outer loop
      vertex 54.5 55.5 2.4
      vertex 57.5 55.5 2.4
      vertex 57.5 90.5 2.4
    endloop
  endfacet
  facet normal 0 0 1
    outer loop
      vertex 57.5 55.5 2.4
      vertex 55.4148 51.647 2.4
      vertex 55.5 51 2.4
    endloop
  endfacet
  facet normal 0 -0 1
    outer loop
      vertex 54.7678 52.7678 2.4
      vertex 57.5 55.5 2.4
      vertex 54.5 55.5 2.4
    endloop
  endfacet
  facet normal 0 0 1
    outer loop
      vertex 57.5 55.5 2.4
      vertex 55.1651 52.25 2.4
      vertex 55.4148 51.647 2.4
    endloop
  endfacet
  facet normal 0 0 1
    outer loop
      vertex 54.5 55.5 2.4
      vertex 57.5 90.5 2.4
      vertex 54.5 90.5 2.4
    endloop
  endfacet
  facet normal 0 0 1
    outer loop
      vertex 89.2235 95.3978 2.4
      vertex 54.5 90.5 2.4
      vertex 57.5 90.5 2.4
    endloop
  endfacet
  facet normal 0 0 1
    outer loop
      vertex 89.2235 95.3978 2.4
      vertex 51.5 90.5 2.4
      vertex 54.5 90.5 2.4
    endloop
  endfacet
  facet normal 0 0 1
    outer loop
      vertex 0 96 2.4
      vertex 89.2235 95.3978 2.4
      vertex 90 95.5 2.4
    endloop
  endfacet
  facet normal 0 0 1
    outer loop
      vertex 48.5 55.5 2.4
      vertex 51.5 55.5 2.4
      vertex 51.5 90.5 2.4
    endloop
  endfacet
  facet normal 0 0 1
    outer loop
      vertex 51.5 55.5 2.4
      vertex 48.5 55.5 2.4
      vertex 51.2322 52.7678 2.4
    endloop
  endfacet
  facet normal 0 0 1
    outer loop
      vertex 51.2322 52.7678 2.4
      vertex 48.5 55.5 2.4
      vertex 50.8349 52.25 2.4
    endloop
  endfacet
  facet normal 0 0 1
    outer loop
      vertex 50.8349 52.25 2.4
      vertex 48.5 55.5 2.4
      vertex 50.5852 51.647 2.4
    endloop
  endfacet
  facet normal 0 0 1
    outer loop
      vertex 48.5 55.5 2.4
      vertex 51.5 90.5 2.4
      vertex 48.5 90.5 2.4
    endloop
  endfacet
  facet normal 0 0 1
    outer loop
      vertex 89.2235 95.3978 2.4
      vertex 48.5 90.5 2.4
      vertex 51.5 90.5 2.4
    endloop
  endfacet
  facet normal 0 0 1
    outer loop
      vertex 89.2235 95.3978 2.4
      vertex 45.5 90.5 2.4
      vertex 48.5 90.5 2.4
    endloop
  endfacet
  facet normal 0 0 1
    outer loop
      vertex 45.5 90.5 2.4
      vertex 42.5 90.5 2.4
      vertex 45.5 55.5 2.4
    endloop
  endfacet
  facet normal 0 0 1
    outer loop
      vertex 89.2235 95.3978 2.4
      vertex 0 96 2.4
      vertex 45.5 90.5 2.4
    endloop
  endfacet
  facet normal 0 0 1
    outer loop
      vertex 45.5 90.5 2.4
      vertex 0 96 2.4
      vertex 42.5 90.5 2.4
    endloop
  endfacet
  facet normal 0 0 1
    outer loop
      vertex 39.5 90.5 2.4
      vertex 36.5 90.5 2.4
      vertex 39.5 55.5 2.4
    endloop
  endfacet
  facet normal 0 0 1
    outer loop
      vertex 42.5 90.5 2.4
      vertex 0 96 2.4
      vertex 39.5 90.5 2.4
    endloop
  endfacet
  facet normal 0 0 1
    outer loop
      vertex 39.5 90.5 2.4
      vertex 0 96 2.4
      vertex 36.5 90.5 2.4
    endloop
  endfacet
  facet normal 0 0 1
    outer loop
      vertex 33.5 90.5 2.4
      vertex 30.5 90.5 2.4
      vertex 33.5 55.5 2.4
    endloop
  endfacet
  facet normal 0 0 1
    outer loop
      vertex 36.5 90.5 2.4
      vertex 0 96 2.4
      vertex 33.5 90.5 2.4
    endloop
  endfacet
  facet normal 0 0 1
    outer loop
      vertex 33.5 90.5 2.4
      vertex 0 96 2.4
      vertex 30.5 90.5 2.4
    endloop
  endfacet
  facet normal 0 0 1
    outer loop
      vertex 27.5 90.5 2.4
      vertex 24.5 90.5 2.4
      vertex 27.5 55.5 2.4
    endloop
  endfacet
  facet normal 0 0 1
    outer loop
      vertex 30.5 90.5 2.4
      vertex 0 96 2.4
      vertex 27.5 90.5 2.4
    endloop
  endfacet
  facet normal 0 0 1
    outer loop
      vertex 27.5 90.5 2.4
      vertex 0 96 2.4
      vertex 24.5 90.5 2.4
    endloop
  endfacet
  facet normal 0 0 1
    outer loop
      vertex 7.04207 90.16 2.4
      vertex 21.5 90.5 2.4
      vertex 7.1 90.6 2.4
    endloop
  endfacet
  facet normal 0 0 1
    outer loop
      vertex 6.60208 89.3979 2.4
      vertex 21.5 90.5 2.4
      vertex 6.87224 89.75 2.4
    endloop
  endfacet
  facet normal 0 0 1
    outer loop
      vertex 6.87224 89.75 2.4
      vertex 21.5 90.5 2.4
      vertex 7.04207 90.16 2.4
    endloop
  endfacet
  facet normal 0 0 1
    outer loop
      vertex 24.5 90.5 2.4
      vertex 0 96 2.4
      vertex 21.5 90.5 2.4
    endloop
  endfacet
  facet normal 0 0 1
    outer loop
      vertex 21.5 90.5 2.4
      vertex 7.04207 91.04 2.4
      vertex 7.1 90.6 2.4
    endloop
  endfacet
  facet normal 0 0 1
    outer loop
      vertex 21.5 90.5 2.4
      vertex 6.87224 91.45 2.4
      vertex 7.04207 91.04 2.4
    endloop
  endfacet
  facet normal 0 0 1
    outer loop
      vertex 21.5 90.5 2.4
      vertex 6.60208 91.8021 2.4
      vertex 6.87224 91.45 2.4
    endloop
  endfacet
  facet normal 0 0 1
    outer loop
      vertex 21.5 90.5 2.4
      vertex 6.25 92.0722 2.4
      vertex 6.60208 91.8021 2.4
    endloop
  endfacet
  facet normal 0 0 1
    outer loop
      vertex 21.5 90.5 2.4
      vertex 0 96 2.4
      vertex 6.25 92.0722 2.4
    endloop
  endfacet
  facet normal 0 0 1
    outer loop
      vertex 6.25 92.0722 2.4
      vertex 0 96 2.4
      vertex 5.83999 92.2421 2.4
    endloop
  endfacet
  facet normal 0 0 1
    outer loop
      vertex 3.92776 6.25 2.4
      vertex 0 0 2.4
      vertex 3.75793 5.83999 2.4
    endloop
  endfacet
  facet normal 0 0 1
    outer loop
      vertex 3.75793 91.04 2.4
      vertex 0 96 2.4
      vertex 3.7 90.6 2.4
    endloop
  endfacet
  facet normal 0 0 1
    outer loop
      vertex 3.92776 91.45 2.4
      vertex 0 96 2.4
      vertex 3.75793 91.04 2.4
    endloop
  endfacet
  facet normal 0 0 1
    outer loop
      vertex 4.19792 91.8021 2.4
      vertex 0 96 2.4
      vertex 3.92776 91.45 2.4
    endloop
  endfacet
  facet normal 0 0 1
    outer loop
      vertex 4.55 92.0722 2.4
      vertex 0 96 2.4
      vertex 4.19792 91.8021 2.4
    endloop
  endfacet
  facet normal 0 0 1
    outer loop
      vertex 4.96001 92.2421 2.4
      vertex 0 96 2.4
      vertex 4.55 92.0722 2.4
    endloop
  endfacet
  facet normal 0 0 1
    outer loop
      vertex 5.4 92.3 2.4
      vertex 0 96 2.4
      vertex 4.96001 92.2421 2.4
    endloop
  endfacet
  facet normal 0 0 1
    outer loop
      vertex 5.83999 92.2421 2.4
      vertex 0 96 2.4
      vertex 5.4 92.3 2.4
    endloop
  endfacet
  facet normal -0 0 1
    outer loop
      vertex 0 96 2.4
      vertex 90 95.5 2.4
      vertex 166 96 2.4
    endloop
  endfacet
  facet normal -0 0 1
    outer loop
      vertex 162.598 44 2.4
      vertex 166 28.5522 2.4
      vertex 162.898 44.7235 2.4
    endloop
  endfacet
  facet normal 0 0 1
    outer loop
      vertex 166 28.5522 2.4
      vertex 162.598 44 2.4
      vertex 165.167 29.236 2.4
    endloop
  endfacet
  facet normal -0 0 1
    outer loop
      vertex 162.121 43.3787 2.4
      vertex 165.167 29.236 2.4
      vertex 162.598 44 2.4
    endloop
  endfacet
  facet normal 0 0 1
    outer loop
      vertex 165.167 29.236 2.4
      vertex 162.121 43.3787 2.4
      vertex 163.87 29.9291 2.4
    endloop
  endfacet
  facet normal -0 0 1
    outer loop
      vertex 161.5 42.9019 2.4
      vertex 163.87 29.9291 2.4
      vertex 162.121 43.3787 2.4
    endloop
  endfacet
  facet normal 0 0 1
    outer loop
      vertex 163.87 29.9291 2.4
      vertex 161.5 42.9019 2.4
      vertex 162.463 30.3559 2.4
    endloop
  endfacet
  facet normal -0 0 1
    outer loop
      vertex 160.776 42.6022 2.4
      vertex 162.463 30.3559 2.4
      vertex 161.5 42.9019 2.4
    endloop
  endfacet
  facet normal 0 0 1
    outer loop
      vertex 162.463 30.3559 2.4
      vertex 160.776 42.6022 2.4
      vertex 161 30.5 2.4
    endloop
  endfacet
  facet normal -0 0 1
    outer loop
      vertex 160 42.5 2.4
      vertex 161 30.5 2.4
      vertex 160.776 42.6022 2.4
    endloop
  endfacet
  facet normal 0 0 1
    outer loop
      vertex 160 42.5 2.4
      vertex 159.537 30.3559 2.4
      vertex 161 30.5 2.4
    endloop
  endfacet
  facet normal 0 0 1
    outer loop
      vertex 159.224 42.6022 2.4
      vertex 159.537 30.3559 2.4
      vertex 160 42.5 2.4
    endloop
  endfacet
  facet normal 0 0 1
    outer loop
      vertex 158.13 29.9291 2.4
      vertex 159.224 42.6022 2.4
      vertex 158.5 42.9019 2.4
    endloop
  endfacet
  facet normal 0 0 1
    outer loop
      vertex 159.224 42.6022 2.4
      vertex 158.13 29.9291 2.4
      vertex 159.537 30.3559 2.4
    endloop
  endfacet
  facet normal 0 0 1
    outer loop
      vertex 156.833 29.236 2.4
      vertex 158.5 42.9019 2.4
      vertex 157.879 43.3787 2.4
    endloop
  endfacet
  facet normal 0 0 1
    outer loop
      vertex 156.833 29.236 2.4
      vertex 157.879 43.3787 2.4
      vertex 157.402 44 2.4
    endloop
  endfacet
  facet normal 0 0 1
    outer loop
      vertex 156.833 29.236 2.4
      vertex 157.402 44 2.4
      vertex 157.102 44.7235 2.4
    endloop
  endfacet
  facet normal 0 0 1
    outer loop
      vertex 156.833 29.236 2.4
      vertex 157.102 44.7235 2.4
      vertex 157 45.5 2.4
    endloop
  endfacet
  facet normal 0 0 1
    outer loop
      vertex 158.5 42.9019 2.4
      vertex 156.833 29.236 2.4
      vertex 158.13 29.9291 2.4
    endloop
  endfacet
  facet normal 0 0 1
    outer loop
      vertex 162.072 89.75 2.4
      vertex 166 96 2.4
      vertex 162.242 90.16 2.4
    endloop
  endfacet
  facet normal 0 0 1
    outer loop
      vertex 166 96 2.4
      vertex 162.072 89.75 2.4
      vertex 162.598 47 2.4
    endloop
  endfacet
  facet normal 0 0 1
    outer loop
      vertex 162.598 47 2.4
      vertex 162.072 89.75 2.4
      vertex 162.121 47.6213 2.4
    endloop
  endfacet
  facet normal -0 0 1
    outer loop
      vertex 161.802 89.3979 2.4
      vertex 162.121 47.6213 2.4
      vertex 162.072 89.75 2.4
    endloop
  endfacet
  facet normal 0 0 1
    outer loop
      vertex 161.802 89.3979 2.4
      vertex 161.5 48.0981 2.4
      vertex 162.121 47.6213 2.4
    endloop
  endfacet
  facet normal -0 0 1
    outer loop
      vertex 161.45 89.1278 2.4
      vertex 161.5 48.0981 2.4
      vertex 161.802 89.3979 2.4
    endloop
  endfacet
  facet normal -0 0 1
    outer loop
      vertex 161.04 88.9579 2.4
      vertex 161.5 48.0981 2.4
      vertex 161.45 89.1278 2.4
    endloop
  endfacet
  facet normal 0 0 1
    outer loop
      vertex 161.04 88.9579 2.4
      vertex 160.776 48.3978 2.4
      vertex 161.5 48.0981 2.4
    endloop
  endfacet
  facet normal -0 0 1
    outer loop
      vertex 160.6 88.9 2.4
      vertex 160.776 48.3978 2.4
      vertex 161.04 88.9579 2.4
    endloop
  endfacet
  facet normal 0 0 1
    outer loop
      vertex 160 48.5 2.4
      vertex 160.6 88.9 2.4
      vertex 160.16 88.9579 2.4
    endloop
  endfacet
  facet normal 0 0 1
    outer loop
      vertex 160.6 88.9 2.4
      vertex 160 48.5 2.4
      vertex 160.776 48.3978 2.4
    endloop
  endfacet
  facet normal 0 0 1
    outer loop
      vertex 159.224 48.3978 2.4
      vertex 160.16 88.9579 2.4
      vertex 159.75 89.1278 2.4
    endloop
  endfacet
  facet normal 0 0 1
    outer loop
      vertex 158.5 89.9019 2.4
      vertex 159.75 89.1278 2.4
      vertex 159.398 89.3979 2.4
    endloop
  endfacet
  facet normal 0 0 1
    outer loop
      vertex 159.224 89.6022 2.4
      vertex 159.398 89.3979 2.4
      vertex 159.243 89.5996 2.4
    endloop
  endfacet
  facet normal 0 0 1
    outer loop
      vertex 158.5 89.9019 2.4
      vertex 159.398 89.3979 2.4
      vertex 159.224 89.6022 2.4
    endloop
  endfacet
  facet normal 0 0 1
    outer loop
      vertex 160.16 88.9579 2.4
      vertex 159.224 48.3978 2.4
      vertex 160 48.5 2.4
    endloop
  endfacet
  facet normal 0 0 1
    outer loop
      vertex 154 47 2.4
      vertex 159.75 89.1278 2.4
      vertex 158.5 89.9019 2.4
    endloop
  endfacet
  facet normal 0 0 1
    outer loop
      vertex 154 47 2.4
      vertex 159.224 48.3978 2.4
      vertex 159.75 89.1278 2.4
    endloop
  endfacet
  facet normal 0 0 1
    outer loop
      vertex 154 47 2.4
      vertex 158.5 89.9019 2.4
      vertex 157.879 90.3787 2.4
    endloop
  endfacet
  facet normal 0 0 1
    outer loop
      vertex 159.224 48.3978 2.4
      vertex 154 47 2.4
      vertex 158.5 48.0981 2.4
    endloop
  endfacet
  facet normal 0 0 1
    outer loop
      vertex 154 47 2.4
      vertex 157.879 90.3787 2.4
      vertex 157.402 91 2.4
    endloop
  endfacet
  facet normal 0 0 1
    outer loop
      vertex 158.5 48.0981 2.4
      vertex 154 47 2.4
      vertex 157.879 47.6213 2.4
    endloop
  endfacet
  facet normal 0 0 1
    outer loop
      vertex 154 47 2.4
      vertex 157.402 91 2.4
      vertex 157.102 91.7235 2.4
    endloop
  endfacet
  facet normal 0 0 1
    outer loop
      vertex 157.879 47.6213 2.4
      vertex 154 47 2.4
      vertex 157.402 47 2.4
    endloop
  endfacet
  facet normal 0 0 1
    outer loop
      vertex 154 47 2.4
      vertex 157.102 91.7235 2.4
      vertex 157 92.5 2.4
    endloop
  endfacet
  facet normal 0 0 1
    outer loop
      vertex 157.402 47 2.4
      vertex 154 47 2.4
      vertex 157.102 46.2765 2.4
    endloop
  endfacet
  facet normal 0 0 1
    outer loop
      vertex 155.697 28.3033 2.4
      vertex 152 26 2.4
      vertex 154.764 27.1668 2.4
    endloop
  endfacet
  facet normal 0 0 1
    outer loop
      vertex 154.764 27.1668 2.4
      vertex 152 26 2.4
      vertex 154.14 26 2.4
    endloop
  endfacet
  facet normal 0 0 1
    outer loop
      vertex 152 26 2.4
      vertex 140 18 2.4
      vertex 152 16 2.4
    endloop
  endfacet
  facet normal 0 0 1
    outer loop
      vertex 154 47 2.4
      vertex 140 18 2.4
      vertex 152 26 2.4
    endloop
  endfacet
  facet normal -0 0 1
    outer loop
      vertex 96 47 2.4
      vertex 140 18 2.4
      vertex 154 47 2.4
    endloop
  endfacet
  facet normal 0 0 1
    outer loop
      vertex 92.5981 91 2.4
      vertex 96 91 2.4
      vertex 92.8978 91.7235 2.4
    endloop
  endfacet
  facet normal 0 0 1
    outer loop
      vertex 92.8978 44.7235 2.4
      vertex 96 47 2.4
      vertex 93 45.5 2.4
    endloop
  endfacet
  facet normal 0 0 1
    outer loop
      vertex 92.5981 44 2.4
      vertex 96 47 2.4
      vertex 92.8978 44.7235 2.4
    endloop
  endfacet
  facet normal 0 0 1
    outer loop
      vertex 92.1213 43.3787 2.4
      vertex 96 47 2.4
      vertex 92.5981 44 2.4
    endloop
  endfacet
  facet normal 0 0 1
    outer loop
      vertex 96 47 2.4
      vertex 92.1213 43.3787 2.4
      vertex 140 18 2.4
    endloop
  endfacet
  facet normal -0 0 1
    outer loop
      vertex 91.5 42.9019 2.4
      vertex 140 18 2.4
      vertex 92.1213 43.3787 2.4
    endloop
  endfacet
  facet normal 0 0 1
    outer loop
      vertex 78 18 2.4
      vertex 91.5 42.9019 2.4
      vertex 90.7765 42.6022 2.4
    endloop
  endfacet
  facet normal 0 0 1
    outer loop
      vertex 78 18 2.4
      vertex 90.7765 42.6022 2.4
      vertex 90 42.5 2.4
    endloop
  endfacet
  facet normal 0 0 1
    outer loop
      vertex 78 18 2.4
      vertex 90 42.5 2.4
      vertex 89.2235 42.6022 2.4
    endloop
  endfacet
  facet normal 0 0 1
    outer loop
      vertex 78 18 2.4
      vertex 89.2235 42.6022 2.4
      vertex 88.5 42.9019 2.4
    endloop
  endfacet
  facet normal 0 0 1
    outer loop
      vertex 87.4019 47 2.4
      vertex 81.5 55.5 2.4
      vertex 87.1022 46.2765 2.4
    endloop
  endfacet
  facet normal 0 0 1
    outer loop
      vertex 76 44 2.4
      vertex 87.1022 46.2765 2.4
      vertex 81.5 55.5 2.4
    endloop
  endfacet
  facet normal 0 0 1
    outer loop
      vertex 87.1022 46.2765 2.4
      vertex 76 44 2.4
      vertex 87 45.5 2.4
    endloop
  endfacet
  facet normal 0 0 1
    outer loop
      vertex 87 45.5 2.4
      vertex 76 44 2.4
      vertex 87.1022 44.7235 2.4
    endloop
  endfacet
  facet normal 0 0 1
    outer loop
      vertex 78.5 55.5 2.4
      vertex 81.5 55.5 2.4
      vertex 78.5 90.5 2.4
    endloop
  endfacet
  facet normal 0 0 1
    outer loop
      vertex 76 44 2.4
      vertex 81.5 55.5 2.4
      vertex 78.5 55.5 2.4
    endloop
  endfacet
  facet normal 0 0 1
    outer loop
      vertex 87.1022 44.7235 2.4
      vertex 76 44 2.4
      vertex 87.4019 44 2.4
    endloop
  endfacet
  facet normal 0 0 1
    outer loop
      vertex 91.5 42.9019 2.4
      vertex 78 18 2.4
      vertex 140 18 2.4
    endloop
  endfacet
  facet normal 0 0 1
    outer loop
      vertex 76 44 2.4
      vertex 88.5 42.9019 2.4
      vertex 87.8787 43.3787 2.4
    endloop
  endfacet
  facet normal 0 0 1
    outer loop
      vertex 87.4019 44 2.4
      vertex 76 44 2.4
      vertex 87.8787 43.3787 2.4
    endloop
  endfacet
  facet normal 0 0 1
    outer loop
      vertex 76 0 2.4
      vertex 78 18 2.4
      vertex 76 44 2.4
    endloop
  endfacet
  facet normal 0 0 1
    outer loop
      vertex 88.5 42.9019 2.4
      vertex 76 44 2.4
      vertex 78 18 2.4
    endloop
  endfacet
  facet normal -0 0 1
    outer loop
      vertex 75.5 55.5 2.4
      vertex 76 44 2.4
      vertex 78.5 55.5 2.4
    endloop
  endfacet
  facet normal 0 0 1
    outer loop
      vertex 72.5 55.5 2.4
      vertex 75.5 55.5 2.4
      vertex 72.5 90.5 2.4
    endloop
  endfacet
  facet normal 0 0 1
    outer loop
      vertex 75.5 55.5 2.4
      vertex 72.5 55.5 2.4
      vertex 76 44 2.4
    endloop
  endfacet
  facet normal -0 0 1
    outer loop
      vertex 69.5 55.5 2.4
      vertex 76 44 2.4
      vertex 72.5 55.5 2.4
    endloop
  endfacet
  facet normal 0 0 1
    outer loop
      vertex 66.5 55.5 2.4
      vertex 69.5 55.5 2.4
      vertex 66.5 90.5 2.4
    endloop
  endfacet
  facet normal -0 0 1
    outer loop
      vertex 66.5 55.5 2.4
      vertex 76 44 2.4
      vertex 69.5 55.5 2.4
    endloop
  endfacet
  facet normal -0 0 1
    outer loop
      vertex 63.5 55.5 2.4
      vertex 76 44 2.4
      vertex 66.5 55.5 2.4
    endloop
  endfacet
  facet normal 0 0 1
    outer loop
      vertex 60.5 55.5 2.4
      vertex 63.5 55.5 2.4
      vertex 60.5 90.5 2.4
    endloop
  endfacet
  facet normal 0 0 1
    outer loop
      vertex 55.4148 50.353 2.4
      vertex 63.5 55.5 2.4
      vertex 60.5 55.5 2.4
    endloop
  endfacet
  facet normal 0 0 1
    outer loop
      vertex 55.5 51 2.4
      vertex 60.5 55.5 2.4
      vertex 57.5 55.5 2.4
    endloop
  endfacet
  facet normal 0 0 1
    outer loop
      vertex 60.5 55.5 2.4
      vertex 55.5 51 2.4
      vertex 55.4148 50.353 2.4
    endloop
  endfacet
  facet normal 0 0 1
    outer loop
      vertex 63.5 55.5 2.4
      vertex 55.4148 50.353 2.4
      vertex 55.1651 49.75 2.4
    endloop
  endfacet
  facet normal 0 0 1
    outer loop
      vertex 63.5 55.5 2.4
      vertex 55.1651 49.75 2.4
      vertex 76 44 2.4
    endloop
  endfacet
  facet normal -0 0 1
    outer loop
      vertex 54.7678 49.2322 2.4
      vertex 76 44 2.4
      vertex 55.1651 49.75 2.4
    endloop
  endfacet
  facet normal -0 0 1
    outer loop
      vertex 54.25 48.8349 2.4
      vertex 76 44 2.4
      vertex 54.7678 49.2322 2.4
    endloop
  endfacet
  facet normal -0 0 1
    outer loop
      vertex 53.647 48.5852 2.4
      vertex 76 44 2.4
      vertex 54.25 48.8349 2.4
    endloop
  endfacet
  facet normal -0 0 1
    outer loop
      vertex 53 48.5 2.4
      vertex 76 44 2.4
      vertex 53.647 48.5852 2.4
    endloop
  endfacet
  facet normal 0 0 1
    outer loop
      vertex 8 44 2.4
      vertex 53 48.5 2.4
      vertex 52.353 48.5852 2.4
    endloop
  endfacet
  facet normal -0 0 1
    outer loop
      vertex 45.5 55.5 2.4
      vertex 50.5852 51.647 2.4
      vertex 48.5 55.5 2.4
    endloop
  endfacet
  facet normal 0 0 1
    outer loop
      vertex 50.5852 51.647 2.4
      vertex 45.5 55.5 2.4
      vertex 50.5 51 2.4
    endloop
  endfacet
  facet normal 0 0 1
    outer loop
      vertex 50.5 51 2.4
      vertex 45.5 55.5 2.4
      vertex 50.5852 50.353 2.4
    endloop
  endfacet
  facet normal -0 0 1
    outer loop
      vertex 42.5 55.5 2.4
      vertex 50.5852 50.353 2.4
      vertex 45.5 55.5 2.4
    endloop
  endfacet
  facet normal 0 0 1
    outer loop
      vertex 50.5852 50.353 2.4
      vertex 42.5 55.5 2.4
      vertex 50.8349 49.75 2.4
    endloop
  endfacet
  facet normal 0 0 1
    outer loop
      vertex 42.5 55.5 2.4
      vertex 45.5 55.5 2.4
      vertex 42.5 90.5 2.4
    endloop
  endfacet
  facet normal -0 0 1
    outer loop
      vertex 39.5 55.5 2.4
      vertex 50.8349 49.75 2.4
      vertex 42.5 55.5 2.4
    endloop
  endfacet
  facet normal 0 0 1
    outer loop
      vertex 50.8349 49.75 2.4
      vertex 39.5 55.5 2.4
      vertex 51.2322 49.2322 2.4
    endloop
  endfacet
  facet normal -0 0 1
    outer loop
      vertex 36.5 55.5 2.4
      vertex 51.2322 49.2322 2.4
      vertex 39.5 55.5 2.4
    endloop
  endfacet
  facet normal 0 0 1
    outer loop
      vertex 36.5 55.5 2.4
      vertex 39.5 55.5 2.4
      vertex 36.5 90.5 2.4
    endloop
  endfacet
  facet normal -0 0 1
    outer loop
      vertex 33.5 55.5 2.4
      vertex 51.2322 49.2322 2.4
      vertex 36.5 55.5 2.4
    endloop
  endfacet
  facet normal 0 0 1
    outer loop
      vertex 51.2322 49.2322 2.4
      vertex 33.5 55.5 2.4
      vertex 51.75 48.8349 2.4
    endloop
  endfacet
  facet normal 0 0 1
    outer loop
      vertex 8 44 2.4
      vertex 51.75 48.8349 2.4
      vertex 33.5 55.5 2.4
    endloop
  endfacet
  facet normal 0 0 1
    outer loop
      vertex 30.5 55.5 2.4
      vertex 33.5 55.5 2.4
      vertex 30.5 90.5 2.4
    endloop
  endfacet
  facet normal 0 0 1
    outer loop
      vertex 8 44 2.4
      vertex 33.5 55.5 2.4
      vertex 30.5 55.5 2.4
    endloop
  endfacet
  facet normal 0 0 1
    outer loop
      vertex 8 44 2.4
      vertex 30.5 55.5 2.4
      vertex 27.5 55.5 2.4
    endloop
  endfacet
  facet normal 0 0 1
    outer loop
      vertex 24.5 55.5 2.4
      vertex 27.5 55.5 2.4
      vertex 24.5 90.5 2.4
    endloop
  endfacet
  facet normal 0 0 1
    outer loop
      vertex 8 44 2.4
      vertex 27.5 55.5 2.4
      vertex 24.5 55.5 2.4
    endloop
  endfacet
  facet normal 0 0 1
    outer loop
      vertex 8 44 2.4
      vertex 24.5 55.5 2.4
      vertex 21.5 55.5 2.4
    endloop
  endfacet
  facet normal 0 0 1
    outer loop
      vertex 53 48.5 2.4
      vertex 8 44 2.4
      vertex 76 44 2.4
    endloop
  endfacet
  facet normal 0 0 1
    outer loop
      vertex 51.75 48.8349 2.4
      vertex 8 44 2.4
      vertex 52.353 48.5852 2.4
    endloop
  endfacet
  facet normal 0 0 1
    outer loop
      vertex 152 16 2.4
      vertex 140 18 2.4
      vertex 140 16 2.4
    endloop
  endfacet
  facet normal 0 0 1
    outer loop
      vertex 78 18 2.4
      vertex 76 0 2.4
      vertex 78 0 2.4
    endloop
  endfacet
  facet normal 0 0 1
    outer loop
      vertex 57.5 55.5 2.4
      vertex 54.7678 52.7678 2.4
      vertex 55.1651 52.25 2.4
    endloop
  endfacet
  facet normal 0 0 1
    outer loop
      vertex 54.5 55.5 2.4
      vertex 54.25 53.1651 2.4
      vertex 54.7678 52.7678 2.4
    endloop
  endfacet
  facet normal 0 0 1
    outer loop
      vertex 54.5 55.5 2.4
      vertex 53.647 53.4148 2.4
      vertex 54.25 53.1651 2.4
    endloop
  endfacet
  facet normal 0 0 1
    outer loop
      vertex 54.5 55.5 2.4
      vertex 53 53.5 2.4
      vertex 53.647 53.4148 2.4
    endloop
  endfacet
  facet normal -0 0 1
    outer loop
      vertex 51.5 55.5 2.4
      vertex 53 53.5 2.4
      vertex 54.5 55.5 2.4
    endloop
  endfacet
  facet normal 0 0 1
    outer loop
      vertex 53 53.5 2.4
      vertex 51.5 55.5 2.4
      vertex 52.353 53.4148 2.4
    endloop
  endfacet
  facet normal 0 0 1
    outer loop
      vertex 52.353 53.4148 2.4
      vertex 51.5 55.5 2.4
      vertex 51.75 53.1651 2.4
    endloop
  endfacet
  facet normal 0 0 1
    outer loop
      vertex 51.75 53.1651 2.4
      vertex 51.5 55.5 2.4
      vertex 51.2322 52.7678 2.4
    endloop
  endfacet
  facet normal 0 0 1
    outer loop
      vertex 8 44 2.4
      vertex 7.1 5.4 2.4
      vertex 8 0 2.4
    endloop
  endfacet
  facet normal -0 0 1
    outer loop
      vertex 7.04207 4.96001 2.4
      vertex 8 0 2.4
      vertex 7.1 5.4 2.4
    endloop
  endfacet
  facet normal -0 0 1
    outer loop
      vertex 6.87224 4.55 2.4
      vertex 8 0 2.4
      vertex 7.04207 4.96001 2.4
    endloop
  endfacet
  facet normal -0 0 1
    outer loop
      vertex 6.60208 4.19792 2.4
      vertex 8 0 2.4
      vertex 6.87224 4.55 2.4
    endloop
  endfacet
  facet normal -0 0 1
    outer loop
      vertex 6.25 3.92776 2.4
      vertex 8 0 2.4
      vertex 6.60208 4.19792 2.4
    endloop
  endfacet
  facet normal -0 0 1
    outer loop
      vertex 5.83999 3.75793 2.4
      vertex 8 0 2.4
      vertex 6.25 3.92776 2.4
    endloop
  endfacet
  facet normal -0 0 1
    outer loop
      vertex 5.4 3.7 2.4
      vertex 8 0 2.4
      vertex 5.83999 3.75793 2.4
    endloop
  endfacet
  facet normal 0 0 1
    outer loop
      vertex 4.96001 3.75793 2.4
      vertex 8 0 2.4
      vertex 5.4 3.7 2.4
    endloop
  endfacet
  facet normal 0 0 1
    outer loop
      vertex 0 0 2.4
      vertex 4.96001 3.75793 2.4
      vertex 4.55 3.92776 2.4
    endloop
  endfacet
  facet normal 0 0 1
    outer loop
      vertex 0 0 2.4
      vertex 4.55 3.92776 2.4
      vertex 4.19792 4.19792 2.4
    endloop
  endfacet
  facet normal 0 0 1
    outer loop
      vertex 4.96001 3.75793 2.4
      vertex 0 0 2.4
      vertex 8 0 2.4
    endloop
  endfacet
  facet normal 0 0 1
    outer loop
      vertex 3.92776 4.55 2.4
      vertex 0 0 2.4
      vertex 4.19792 4.19792 2.4
    endloop
  endfacet
  facet normal 0 0 1
    outer loop
      vertex 3.75793 4.96001 2.4
      vertex 0 0 2.4
      vertex 3.92776 4.55 2.4
    endloop
  endfacet
  facet normal 0 0 1
    outer loop
      vertex 3.7 5.4 2.4
      vertex 0 0 2.4
      vertex 3.75793 4.96001 2.4
    endloop
  endfacet
  facet normal 0 0 1
    outer loop
      vertex 3.75793 5.83999 2.4
      vertex 0 0 2.4
      vertex 3.7 5.4 2.4
    endloop
  endfacet
  facet normal 0 0 1
    outer loop
      vertex 158.958 5.83999 2.4
      vertex 158 6 2.4
      vertex 158.9 5.4 2.4
    endloop
  endfacet
  facet normal -0 0 1
    outer loop
      vertex 158 6 2.4
      vertex 158.958 5.83999 2.4
      vertex 159.024 6 2.4
    endloop
  endfacet
  facet normal 0 0 1
    outer loop
      vertex 162.242 4.96001 2.4
      vertex 166 6 2.4
      vertex 162.3 5.4 2.4
    endloop
  endfacet
  facet normal 0 0 1
    outer loop
      vertex 166 6 2.4
      vertex 162.242 5.83999 2.4
      vertex 162.3 5.4 2.4
    endloop
  endfacet
  facet normal 0 -0 1
    outer loop
      vertex 162.242 5.83999 2.4
      vertex 166 6 2.4
      vertex 162.176 6 2.4
    endloop
  endfacet
  facet normal 0 0 1
    outer loop
      vertex 162.072 4.55 2.4
      vertex 166 6 2.4
      vertex 162.242 4.96001 2.4
    endloop
  endfacet
  facet normal 0 0 1
    outer loop
      vertex 166 6 2.4
      vertex 162.072 4.55 2.4
      vertex 166 0 2.4
    endloop
  endfacet
  facet normal -0 0 1
    outer loop
      vertex 161.802 4.19792 2.4
      vertex 166 0 2.4
      vertex 162.072 4.55 2.4
    endloop
  endfacet
  facet normal -0 0 1
    outer loop
      vertex 161.45 3.92776 2.4
      vertex 166 0 2.4
      vertex 161.802 4.19792 2.4
    endloop
  endfacet
  facet normal -0 0 1
    outer loop
      vertex 161.04 3.75793 2.4
      vertex 166 0 2.4
      vertex 161.45 3.92776 2.4
    endloop
  endfacet
  facet normal 0 0 1
    outer loop
      vertex 158 2 2.4
      vertex 161.04 3.75793 2.4
      vertex 160.6 3.7 2.4
    endloop
  endfacet
  facet normal 0 0 1
    outer loop
      vertex 158 2 2.4
      vertex 160.6 3.7 2.4
      vertex 160.16 3.75793 2.4
    endloop
  endfacet
  facet normal 0 0 1
    outer loop
      vertex 158 2 2.4
      vertex 160.16 3.75793 2.4
      vertex 159.75 3.92776 2.4
    endloop
  endfacet
  facet normal 0 0 1
    outer loop
      vertex 158 6 2.4
      vertex 158.958 4.96001 2.4
      vertex 158.9 5.4 2.4
    endloop
  endfacet
  facet normal 0 0 1
    outer loop
      vertex 158 2 2.4
      vertex 158.958 4.96001 2.4
      vertex 158 6 2.4
    endloop
  endfacet
  facet normal 0 0 1
    outer loop
      vertex 158.958 4.96001 2.4
      vertex 158 2 2.4
      vertex 159.128 4.55 2.4
    endloop
  endfacet
  facet normal 0 0 1
    outer loop
      vertex 159.128 4.55 2.4
      vertex 158 2 2.4
      vertex 159.398 4.19792 2.4
    endloop
  endfacet
  facet normal 0 0 1
    outer loop
      vertex 158 2 2.4
      vertex 159.75 3.92776 2.4
      vertex 159.398 4.19792 2.4
    endloop
  endfacet
  facet normal 0 0 1
    outer loop
      vertex 161.04 3.75793 2.4
      vertex 158 2 2.4
      vertex 166 0 2.4
    endloop
  endfacet
  facet normal 0 0 1
    outer loop
      vertex 140 0 2.4
      vertex 158 2 2.4
      vertex 140 2 2.4
    endloop
  endfacet
  facet normal 0 0 1
    outer loop
      vertex 158 2 2.4
      vertex 140 0 2.4
      vertex 166 0 2.4
    endloop
  endfacet
  facet normal 0 0 1
    outer loop
      vertex 161.1 92.5 2.4
      vertex 161.04 92.2421 2.4
      vertex 161.048 92.2387 2.4
    endloop
  endfacet
  facet normal 0 0 1
    outer loop
      vertex 160.6 92.3 2.4
      vertex 161.1 92.5 2.4
      vertex 161.016 92.921 2.4
    endloop
  endfacet
  facet normal 0 0 1
    outer loop
      vertex 160.6 92.3 2.4
      vertex 161.016 92.921 2.4
      vertex 160.778 93.2778 2.4
    endloop
  endfacet
  facet normal 0 0 1
    outer loop
      vertex 161.1 92.5 2.4
      vertex 160.6 92.3 2.4
      vertex 161.04 92.2421 2.4
    endloop
  endfacet
  facet normal 0 0 1
    outer loop
      vertex 160.16 92.2421 2.4
      vertex 160.778 93.2778 2.4
      vertex 160.421 93.5163 2.4
    endloop
  endfacet
  facet normal 0 0 1
    outer loop
      vertex 160.778 93.2778 2.4
      vertex 160.16 92.2421 2.4
      vertex 160.6 92.3 2.4
    endloop
  endfacet
  facet normal 0 0 1
    outer loop
      vertex 160 93.6 2.4
      vertex 160.16 92.2421 2.4
      vertex 160.421 93.5163 2.4
    endloop
  endfacet
  facet normal -0 0 1
    outer loop
      vertex 159.579 93.5163 2.4
      vertex 160.16 92.2421 2.4
      vertex 160 93.6 2.4
    endloop
  endfacet
  facet normal -0 0 1
    outer loop
      vertex 159.222 93.2778 2.4
      vertex 160.16 92.2421 2.4
      vertex 159.579 93.5163 2.4
    endloop
  endfacet
  facet normal 0 0 1
    outer loop
      vertex 160.16 92.2421 2.4
      vertex 159.222 93.2778 2.4
      vertex 159.75 92.0722 2.4
    endloop
  endfacet
  facet normal -0 0 1
    outer loop
      vertex 158.984 92.921 2.4
      vertex 159.75 92.0722 2.4
      vertex 159.222 93.2778 2.4
    endloop
  endfacet
  facet normal -0 0 1
    outer loop
      vertex 158.9 92.5 2.4
      vertex 159.75 92.0722 2.4
      vertex 158.984 92.921 2.4
    endloop
  endfacet
  facet normal -0 -0 1
    outer loop
      vertex 158.984 92.079 2.4
      vertex 159.75 92.0722 2.4
      vertex 158.9 92.5 2.4
    endloop
  endfacet
  facet normal 0 0 1
    outer loop
      vertex 159.75 92.0722 2.4
      vertex 158.984 92.079 2.4
      vertex 159.398 91.8021 2.4
    endloop
  endfacet
  facet normal 0 0 1
    outer loop
      vertex 159.398 91.8021 2.4
      vertex 159.222 91.7222 2.4
      vertex 159.298 91.6716 2.4
    endloop
  endfacet
  facet normal 0 -0 1
    outer loop
      vertex 159.222 91.7222 2.4
      vertex 159.398 91.8021 2.4
      vertex 158.984 92.079 2.4
    endloop
  endfacet
  facet normal 0 0 1
    outer loop
      vertex 91.0163 45.921 2.4
      vertex 91.0163 45.079 2.4
      vertex 91.1 45.5 2.4
    endloop
  endfacet
  facet normal 0 0 1
    outer loop
      vertex 90.7778 46.2778 2.4
      vertex 91.0163 45.079 2.4
      vertex 91.0163 45.921 2.4
    endloop
  endfacet
  facet normal 0 0 1
    outer loop
      vertex 90.7778 46.2778 2.4
      vertex 90.7778 44.7222 2.4
      vertex 91.0163 45.079 2.4
    endloop
  endfacet
  facet normal 0 0 1
    outer loop
      vertex 90.421 46.5163 2.4
      vertex 90.7778 44.7222 2.4
      vertex 90.7778 46.2778 2.4
    endloop
  endfacet
  facet normal 0 0 1
    outer loop
      vertex 90.421 46.5163 2.4
      vertex 90.421 44.4837 2.4
      vertex 90.7778 44.7222 2.4
    endloop
  endfacet
  facet normal 0 0 1
    outer loop
      vertex 90 46.6 2.4
      vertex 90.421 44.4837 2.4
      vertex 90.421 46.5163 2.4
    endloop
  endfacet
  facet normal 0 0 1
    outer loop
      vertex 90 46.6 2.4
      vertex 90 44.4 2.4
      vertex 90.421 44.4837 2.4
    endloop
  endfacet
  facet normal -0 0 1
    outer loop
      vertex 89.579 46.5163 2.4
      vertex 90 44.4 2.4
      vertex 90 46.6 2.4
    endloop
  endfacet
  facet normal 0 0 1
    outer loop
      vertex 89.579 46.5163 2.4
      vertex 89.579 44.4837 2.4
      vertex 90 44.4 2.4
    endloop
  endfacet
  facet normal -0 0 1
    outer loop
      vertex 89.2222 46.2778 2.4
      vertex 89.579 44.4837 2.4
      vertex 89.579 46.5163 2.4
    endloop
  endfacet
  facet normal 0 0 1
    outer loop
      vertex 89.2222 46.2778 2.4
      vertex 89.2222 44.7222 2.4
      vertex 89.579 44.4837 2.4
    endloop
  endfacet
  facet normal -0 0 1
    outer loop
      vertex 88.9837 45.921 2.4
      vertex 89.2222 44.7222 2.4
      vertex 89.2222 46.2778 2.4
    endloop
  endfacet
  facet normal 0 0 1
    outer loop
      vertex 88.9837 45.921 2.4
      vertex 88.9837 45.079 2.4
      vertex 89.2222 44.7222 2.4
    endloop
  endfacet
  facet normal 0 -0 1
    outer loop
      vertex 88.9837 45.079 2.4
      vertex 88.9837 45.921 2.4
      vertex 88.9 45.5 2.4
    endloop
  endfacet
  facet normal 0 0 1
    outer loop
      vertex 91.0163 92.921 2.4
      vertex 91.0163 92.079 2.4
      vertex 91.1 92.5 2.4
    endloop
  endfacet
  facet normal 0 0 1
    outer loop
      vertex 90.7778 93.2778 2.4
      vertex 91.0163 92.079 2.4
      vertex 91.0163 92.921 2.4
    endloop
  endfacet
  facet normal 0 0 1
    outer loop
      vertex 90.7778 93.2778 2.4
      vertex 90.7778 91.7222 2.4
      vertex 91.0163 92.079 2.4
    endloop
  endfacet
  facet normal 0 0 1
    outer loop
      vertex 90.421 93.5163 2.4
      vertex 90.7778 91.7222 2.4
      vertex 90.7778 93.2778 2.4
    endloop
  endfacet
  facet normal 0 0 1
    outer loop
      vertex 90.421 93.5163 2.4
      vertex 90.421 91.4837 2.4
      vertex 90.7778 91.7222 2.4
    endloop
  endfacet
  facet normal 0 0 1
    outer loop
      vertex 90 93.6 2.4
      vertex 90.421 91.4837 2.4
      vertex 90.421 93.5163 2.4
    endloop
  endfacet
  facet normal 0 0 1
    outer loop
      vertex 90 93.6 2.4
      vertex 90 91.4 2.4
      vertex 90.421 91.4837 2.4
    endloop
  endfacet
  facet normal -0 0 1
    outer loop
      vertex 89.579 93.5163 2.4
      vertex 90 91.4 2.4
      vertex 90 93.6 2.4
    endloop
  endfacet
  facet normal 0 0 1
    outer loop
      vertex 89.579 93.5163 2.4
      vertex 89.579 91.4837 2.4
      vertex 90 91.4 2.4
    endloop
  endfacet
  facet normal -0 0 1
    outer loop
      vertex 89.2222 93.2778 2.4
      vertex 89.579 91.4837 2.4
      vertex 89.579 93.5163 2.4
    endloop
  endfacet
  facet normal 0 0 1
    outer loop
      vertex 89.2222 93.2778 2.4
      vertex 89.2222 91.7222 2.4
      vertex 89.579 91.4837 2.4
    endloop
  endfacet
  facet normal -0 0 1
    outer loop
      vertex 88.9837 92.921 2.4
      vertex 89.2222 91.7222 2.4
      vertex 89.2222 93.2778 2.4
    endloop
  endfacet
  facet normal 0 0 1
    outer loop
      vertex 88.9837 92.921 2.4
      vertex 88.9837 92.079 2.4
      vertex 89.2222 91.7222 2.4
    endloop
  endfacet
  facet normal 0 -0 1
    outer loop
      vertex 88.9837 92.079 2.4
      vertex 88.9837 92.921 2.4
      vertex 88.9 92.5 2.4
    endloop
  endfacet
  facet normal 0 0 1
    outer loop
      vertex 161.016 45.921 2.4
      vertex 161.016 45.079 2.4
      vertex 161.1 45.5 2.4
    endloop
  endfacet
  facet normal 0 0 1
    outer loop
      vertex 160.778 46.2778 2.4
      vertex 161.016 45.079 2.4
      vertex 161.016 45.921 2.4
    endloop
  endfacet
  facet normal 0 0 1
    outer loop
      vertex 160.778 46.2778 2.4
      vertex 160.778 44.7222 2.4
      vertex 161.016 45.079 2.4
    endloop
  endfacet
  facet normal 0 0 1
    outer loop
      vertex 160.421 46.5163 2.4
      vertex 160.778 44.7222 2.4
      vertex 160.778 46.2778 2.4
    endloop
  endfacet
  facet normal 0 0 1
    outer loop
      vertex 160.421 46.5163 2.4
      vertex 160.421 44.4837 2.4
      vertex 160.778 44.7222 2.4
    endloop
  endfacet
  facet normal 0 0 1
    outer loop
      vertex 160 46.6 2.4
      vertex 160.421 44.4837 2.4
      vertex 160.421 46.5163 2.4
    endloop
  endfacet
  facet normal 0 0 1
    outer loop
      vertex 160 46.6 2.4
      vertex 160 44.4 2.4
      vertex 160.421 44.4837 2.4
    endloop
  endfacet
  facet normal -0 0 1
    outer loop
      vertex 159.579 46.5163 2.4
      vertex 160 44.4 2.4
      vertex 160 46.6 2.4
    endloop
  endfacet
  facet normal 0 0 1
    outer loop
      vertex 159.579 46.5163 2.4
      vertex 159.579 44.4837 2.4
      vertex 160 44.4 2.4
    endloop
  endfacet
  facet normal -0 0 1
    outer loop
      vertex 159.222 46.2778 2.4
      vertex 159.579 44.4837 2.4
      vertex 159.579 46.5163 2.4
    endloop
  endfacet
  facet normal 0 0 1
    outer loop
      vertex 159.222 46.2778 2.4
      vertex 159.222 44.7222 2.4
      vertex 159.579 44.4837 2.4
    endloop
  endfacet
  facet normal -0 0 1
    outer loop
      vertex 158.984 45.921 2.4
      vertex 159.222 44.7222 2.4
      vertex 159.222 46.2778 2.4
    endloop
  endfacet
  facet normal 0 0 1
    outer loop
      vertex 158.984 45.921 2.4
      vertex 158.984 45.079 2.4
      vertex 159.222 44.7222 2.4
    endloop
  endfacet
  facet normal 0 -0 1
    outer loop
      vertex 158.984 45.079 2.4
      vertex 158.984 45.921 2.4
      vertex 158.9 45.5 2.4
    endloop
  endfacet
  facet normal 0 1 -0
    outer loop
      vertex 166 96 0
      vertex 0 96 2.4
      vertex 166 96 2.4
    endloop
  endfacet
  facet normal 0 1 0
    outer loop
      vertex 0 96 2.4
      vertex 166 96 0
      vertex 0 96 0
    endloop
  endfacet
  facet normal 1 -0 0
    outer loop
      vertex 166 28.5522 2.4
      vertex 166 96 0
      vertex 166 96 2.4
    endloop
  endfacet
  facet normal 1 0 0
    outer loop
      vertex 166 96 0
      vertex 166 28.5522 2.4
      vertex 166 28.5522 0
    endloop
  endfacet
  facet normal 1 -0 0
    outer loop
      vertex 166 0 2.4
      vertex 166 6 0
      vertex 166 6 2.4
    endloop
  endfacet
  facet normal 1 0 0
    outer loop
      vertex 166 6 0
      vertex 166 0 2.4
      vertex 166 0 0
    endloop
  endfacet
  facet normal 0 -1 0
    outer loop
      vertex 140 0 0
      vertex 166 0 2.4
      vertex 140 0 2.4
    endloop
  endfacet
  facet normal 0 -1 -0
    outer loop
      vertex 166 0 2.4
      vertex 140 0 0
      vertex 166 0 0
    endloop
  endfacet
  facet normal 0 -1 0
    outer loop
      vertex 0 0 0
      vertex 8 0 2.4
      vertex 0 0 2.4
    endloop
  endfacet
  facet normal 0 -1 -0
    outer loop
      vertex 8 0 2.4
      vertex 0 0 0
      vertex 8 0 0
    endloop
  endfacet
  facet normal 0 -1 0
    outer loop
      vertex 76 0 0
      vertex 78 0 2.4
      vertex 76 0 2.4
    endloop
  endfacet
  facet normal 0 -1 -0
    outer loop
      vertex 78 0 2.4
      vertex 76 0 0
      vertex 78 0 0
    endloop
  endfacet
  facet normal 0 0 -1
    outer loop
      vertex 163.3 2.7 -3
      vertex 160.9 5.09999 -3
      vertex 163.3 93.3 -3
    endloop
  endfacet
  facet normal 0 0 -1
    outer loop
      vertex 163.3 2.7 -3
      vertex 5.09999 5.09999 -3
      vertex 160.9 5.09999 -3
    endloop
  endfacet
  facet normal -0 0 -1
    outer loop
      vertex 5.09999 5.09999 -3
      vertex 2.7 2.7 -3
      vertex 5.09999 90.9 -3
    endloop
  endfacet
  facet normal 0 0 -1
    outer loop
      vertex 2.7 2.7 -3
      vertex 5.09999 5.09999 -3
      vertex 163.3 2.7 -3
    endloop
  endfacet
  facet normal 0 0 -1
    outer loop
      vertex 160.9 90.9 -3
      vertex 163.3 93.3 -3
      vertex 160.9 5.09999 -3
    endloop
  endfacet
  facet normal 0 0 -1
    outer loop
      vertex 5.09999 90.9 -3
      vertex 163.3 93.3 -3
      vertex 160.9 90.9 -3
    endloop
  endfacet
  facet normal 0 0 -1
    outer loop
      vertex 5.09999 90.9 -3
      vertex 2.7 93.3 -3
      vertex 163.3 93.3 -3
    endloop
  endfacet
  facet normal 0 0 -1
    outer loop
      vertex 2.7 93.3 -3
      vertex 5.09999 90.9 -3
      vertex 2.7 2.7 -3
    endloop
  endfacet
  facet normal 0 1 -0
    outer loop
      vertex 163.3 93.3 -3
      vertex 2.7 93.3 0
      vertex 163.3 93.3 0
    endloop
  endfacet
  facet normal 0 1 0
    outer loop
      vertex 2.7 93.3 0
      vertex 163.3 93.3 -3
      vertex 2.7 93.3 -3
    endloop
  endfacet
  facet normal -1 0 0
    outer loop
      vertex 2.7 2.7 -3
      vertex 2.7 93.3 0
      vertex 2.7 93.3 -3
    endloop
  endfacet
  facet normal -1 -0 0
    outer loop
      vertex 2.7 93.3 0
      vertex 2.7 2.7 -3
      vertex 2.7 2.7 0
    endloop
  endfacet
  facet normal 0 -1 0
    outer loop
      vertex 2.7 2.7 0
      vertex 8 2.7 -1
      vertex 8 2.7 0
    endloop
  endfacet
  facet normal 0 -1 0
    outer loop
      vertex 2.7 2.7 -3
      vertex 76 2.7 -1
      vertex 8 2.7 -1
    endloop
  endfacet
  facet normal 0 -1 -0
    outer loop
      vertex 76 2.7 -1
      vertex 2.7 2.7 -3
      vertex 78 2.7 -1
    endloop
  endfacet
  facet normal 0 -1 0
    outer loop
      vertex 163.3 2.7 -3
      vertex 78 2.7 -1
      vertex 2.7 2.7 -3
    endloop
  endfacet
  facet normal 0 -1 0
    outer loop
      vertex 2.7 2.7 -3
      vertex 8 2.7 -1
      vertex 2.7 2.7 0
    endloop
  endfacet
  facet normal 0 -1 0
    outer loop
      vertex 76 2.7 -1
      vertex 78 2.7 0
      vertex 76 2.7 0
    endloop
  endfacet
  facet normal 0 -1 -0
    outer loop
      vertex 78 2.7 0
      vertex 76 2.7 -1
      vertex 78 2.7 -1
    endloop
  endfacet
  facet normal 0 -1 0
    outer loop
      vertex 158 2.7 -1
      vertex 163.3 2.7 0
      vertex 158 2.7 0
    endloop
  endfacet
  facet normal 0 -1 0
    outer loop
      vertex 158 2.7 -1
      vertex 163.3 2.7 -3
      vertex 163.3 2.7 0
    endloop
  endfacet
  facet normal 0 -1 0
    outer loop
      vertex 78 2.7 -1
      vertex 163.3 2.7 -3
      vertex 158 2.7 -1
    endloop
  endfacet
  facet normal 1 0 0
    outer loop
      vertex 163.3 6 0
      vertex 163.3 2.7 0
      vertex 163.3 6 -1
    endloop
  endfacet
  facet normal 1 0 0
    outer loop
      vertex 163.3 30.102 -1
      vertex 163.3 93.3 0
      vertex 163.3 30.102 0
    endloop
  endfacet
  facet normal 1 0 0
    outer loop
      vertex 163.3 93.3 0
      vertex 163.3 30.102 -1
      vertex 163.3 93.3 -3
    endloop
  endfacet
  facet normal 1 0 0
    outer loop
      vertex 163.3 2.7 -3
      vertex 163.3 30.102 -1
      vertex 163.3 6 -1
    endloop
  endfacet
  facet normal 1 0 0
    outer loop
      vertex 163.3 30.102 -1
      vertex 163.3 2.7 -3
      vertex 163.3 93.3 -3
    endloop
  endfacet
  facet normal 1 0 0
    outer loop
      vertex 163.3 2.7 -3
      vertex 163.3 6 -1
      vertex 163.3 2.7 0
    endloop
  endfacet
  facet normal 1 0 0
    outer loop
      vertex 5.09999 88.9395 0
      vertex 5.09999 7.0605 0
      vertex 5.09999 88.9395 -1
    endloop
  endfacet
  facet normal 1 -0 0
    outer loop
      vertex 5.09999 88.9395 -1
      vertex 5.09999 90.9 -3
      vertex 5.09999 90.9 -1
    endloop
  endfacet
  facet normal 1 0 0
    outer loop
      vertex 5.09999 7.0605 -1
      vertex 5.09999 88.9395 -1
      vertex 5.09999 7.0605 0
    endloop
  endfacet
  facet normal 1 0 0
    outer loop
      vertex 5.09999 88.9395 -1
      vertex 5.09999 7.0605 -1
      vertex 5.09999 90.9 -3
    endloop
  endfacet
  facet normal 1 0 0
    outer loop
      vertex 5.09999 5.09999 -3
      vertex 5.09999 7.0605 -1
      vertex 5.09999 5.09999 -1
    endloop
  endfacet
  facet normal 1 0 0
    outer loop
      vertex 5.09999 7.0605 -1
      vertex 5.09999 5.09999 -3
      vertex 5.09999 90.9 -3
    endloop
  endfacet
  facet normal 0 -1 0
    outer loop
      vertex 5.09999 90.9 -3
      vertex 7.0605 90.9 -1
      vertex 5.09999 90.9 -1
    endloop
  endfacet
  facet normal 0 -1 -0
    outer loop
      vertex 7.0605 90.9 -1
      vertex 5.09999 90.9 -3
      vertex 96 90.9 -1
    endloop
  endfacet
  facet normal 0 -1 0
    outer loop
      vertex 160.9 90.9 -3
      vertex 96 90.9 -1
      vertex 5.09999 90.9 -3
    endloop
  endfacet
  facet normal 0 -1 0
    outer loop
      vertex 96 90.9 -1
      vertex 160.9 90.9 -3
      vertex 154 90.9 -1
    endloop
  endfacet
  facet normal 0 -1 0
    outer loop
      vertex 154 90.9 -1
      vertex 160.9 90.9 -3
      vertex 158.939 90.9 -1
    endloop
  endfacet
  facet normal 0 -1 0
    outer loop
      vertex 158.939 90.9 -1
      vertex 160.9 90.9 -3
      vertex 160.9 90.9 -1
    endloop
  endfacet
  facet normal 0 -1 0
    outer loop
      vertex 7.0605 90.9 -1
      vertex 96 90.9 0
      vertex 7.0605 90.9 0
    endloop
  endfacet
  facet normal 0 -1 -0
    outer loop
      vertex 96 90.9 0
      vertex 7.0605 90.9 -1
      vertex 96 90.9 -1
    endloop
  endfacet
  facet normal 0 -1 0
    outer loop
      vertex 154 90.9 -1
      vertex 158.939 90.9 0
      vertex 154 90.9 0
    endloop
  endfacet
  facet normal 0 -1 -0
    outer loop
      vertex 158.939 90.9 0
      vertex 154 90.9 -1
      vertex 158.939 90.9 -1
    endloop
  endfacet
  facet normal -1 0 0
    outer loop
      vertex 160.9 90.9 -3
      vertex 160.9 88.9395 -1
      vertex 160.9 90.9 -1
    endloop
  endfacet
  facet normal -1 0 0
    outer loop
      vertex 160.9 88.9395 -1
      vertex 160.9 30.4902 -1
      vertex 160.9 88.9395 0
    endloop
  endfacet
  facet normal -1 0 0
    outer loop
      vertex 160.9 90.9 -3
      vertex 160.9 30.4902 -1
      vertex 160.9 88.9395 -1
    endloop
  endfacet
  facet normal -1 0 0
    outer loop
      vertex 160.9 5.09999 -3
      vertex 160.9 30.4902 -1
      vertex 160.9 90.9 -3
    endloop
  endfacet
  facet normal -1 -0 0
    outer loop
      vertex 160.9 30.4902 -1
      vertex 160.9 5.09999 -3
      vertex 160.9 5.09999 -1
    endloop
  endfacet
  facet normal -1 -0 0
    outer loop
      vertex 160.9 88.9395 0
      vertex 160.9 30.4902 -1
      vertex 160.9 30.4902 0
    endloop
  endfacet
  facet normal 0 1 -0
    outer loop
      vertex 160.9 5.09999 -3
      vertex 158.939 5.09999 -1
      vertex 160.9 5.09999 -1
    endloop
  endfacet
  facet normal 0 1 0
    outer loop
      vertex 158.939 5.09999 -1
      vertex 160.9 5.09999 -3
      vertex 158 5.09999 -1
    endloop
  endfacet
  facet normal 0 1 0
    outer loop
      vertex 158 5.09999 -1
      vertex 160.9 5.09999 -3
      vertex 78 5.09999 -1
    endloop
  endfacet
  facet normal 0 1 0
    outer loop
      vertex 78 5.09999 -1
      vertex 160.9 5.09999 -3
      vertex 76 5.09999 -1
    endloop
  endfacet
  facet normal 0 1 0
    outer loop
      vertex 5.09999 5.09999 -3
      vertex 76 5.09999 -1
      vertex 160.9 5.09999 -3
    endloop
  endfacet
  facet normal 0 1 0
    outer loop
      vertex 76 5.09999 -1
      vertex 5.09999 5.09999 -3
      vertex 8 5.09999 -1
    endloop
  endfacet
  facet normal 0 1 0
    outer loop
      vertex 8 5.09999 -1
      vertex 5.09999 5.09999 -3
      vertex 7.0605 5.09999 -1
    endloop
  endfacet
  facet normal 0 1 0
    outer loop
      vertex 7.0605 5.09999 -1
      vertex 5.09999 5.09999 -3
      vertex 5.09999 5.09999 -1
    endloop
  endfacet
  facet normal 0 1 -0
    outer loop
      vertex 158.939 5.09999 -1
      vertex 158 5.09999 0
      vertex 158.939 5.09999 0
    endloop
  endfacet
  facet normal 0 1 0
    outer loop
      vertex 158 5.09999 0
      vertex 158.939 5.09999 -1
      vertex 158 5.09999 -1
    endloop
  endfacet
  facet normal 0 1 -0
    outer loop
      vertex 78 5.09999 -1
      vertex 76 5.09999 0
      vertex 78 5.09999 0
    endloop
  endfacet
  facet normal 0 1 0
    outer loop
      vertex 76 5.09999 0
      vertex 78 5.09999 -1
      vertex 76 5.09999 -1
    endloop
  endfacet
  facet normal 0 1 -0
    outer loop
      vertex 8 5.09999 -1
      vertex 7.0605 5.09999 0
      vertex 8 5.09999 0
    endloop
  endfacet
  facet normal 0 1 0
    outer loop
      vertex 7.0605 5.09999 0
      vertex 8 5.09999 -1
      vertex 7.0605 5.09999 -1
    endloop
  endfacet
  facet normal -0.608761 0.793354 0
    outer loop
      vertex 6.60208 4.19792 -1
      vertex 6.25 3.92776 2.4
      vertex 6.60208 4.19792 2.4
    endloop
  endfacet
  facet normal -0.608761 0.793354 0
    outer loop
      vertex 6.25 3.92776 2.4
      vertex 6.60208 4.19792 -1
      vertex 6.25 3.92776 -1
    endloop
  endfacet
  facet normal 0.793354 -0.608761 0
    outer loop
      vertex 3.92776 6.25 2.4
      vertex 4.19792 6.60208 -1
      vertex 4.19792 6.60208 2.4
    endloop
  endfacet
  facet normal 0.793354 -0.608761 0
    outer loop
      vertex 4.19792 6.60208 -1
      vertex 3.92776 6.25 2.4
      vertex 3.92776 6.25 -1
    endloop
  endfacet
  facet normal -0.923881 -0.38268 0
    outer loop
      vertex 7.04207 5.83999 0
      vertex 6.87224 6.25 2.4
      vertex 6.87224 6.25 0
    endloop
  endfacet
  facet normal -0.923881 -0.38268 0
    outer loop
      vertex 6.87224 6.25 2.4
      vertex 7.04207 5.83999 0
      vertex 7.04207 5.83999 2.4
    endloop
  endfacet
  facet normal -0.991444 -0.130536 0
    outer loop
      vertex 7.1 5.4 0
      vertex 7.04207 5.83999 2.4
      vertex 7.04207 5.83999 0
    endloop
  endfacet
  facet normal -0.991444 -0.130536 0
    outer loop
      vertex 7.04207 5.83999 2.4
      vertex 7.1 5.4 0
      vertex 7.1 5.4 2.4
    endloop
  endfacet
  facet normal 0.991444 0.130536 0
    outer loop
      vertex 3.75793 4.96001 2.4
      vertex 3.7 5.4 -1
      vertex 3.7 5.4 2.4
    endloop
  endfacet
  facet normal 0.991444 0.130536 0
    outer loop
      vertex 3.7 5.4 -1
      vertex 3.75793 4.96001 2.4
      vertex 3.75793 4.96001 -1
    endloop
  endfacet
  facet normal -0.38268 0.923881 0
    outer loop
      vertex 6.25 3.92776 -1
      vertex 5.83999 3.75793 2.4
      vertex 6.25 3.92776 2.4
    endloop
  endfacet
  facet normal -0.38268 0.923881 0
    outer loop
      vertex 5.83999 3.75793 2.4
      vertex 6.25 3.92776 -1
      vertex 5.83999 3.75793 -1
    endloop
  endfacet
  facet normal 0.923881 -0.38268 0
    outer loop
      vertex 3.75793 5.83999 2.4
      vertex 3.92776 6.25 -1
      vertex 3.92776 6.25 2.4
    endloop
  endfacet
  facet normal 0.923881 -0.38268 0
    outer loop
      vertex 3.92776 6.25 -1
      vertex 3.75793 5.83999 2.4
      vertex 3.75793 5.83999 -1
    endloop
  endfacet
  facet normal -0.793354 0.608761 0
    outer loop
      vertex 6.60208 4.19792 -1
      vertex 6.87224 4.55 2.4
      vertex 6.87224 4.55 -1
    endloop
  endfacet
  facet normal -0.793354 0.608761 0
    outer loop
      vertex 6.87224 4.55 2.4
      vertex 6.60208 4.19792 -1
      vertex 6.60208 4.19792 2.4
    endloop
  endfacet
  facet normal -0.991444 0.130535 0
    outer loop
      vertex 7.0605 5.09999 -1
      vertex 7.04207 4.96001 -1
      vertex 7.0605 5.09999 0
    endloop
  endfacet
  facet normal -0.991444 0.130536 0
    outer loop
      vertex 7.0605 5.09999 0
      vertex 7.1 5.4 2.4
      vertex 7.1 5.4 0
    endloop
  endfacet
  facet normal -0.991444 0.130535 0
    outer loop
      vertex 7.04207 4.96001 2.4
      vertex 7.0605 5.09999 0
      vertex 7.04207 4.96001 -1
    endloop
  endfacet
  facet normal -0.991444 0.130536 2.41294e-08
    outer loop
      vertex 7.0605 5.09999 0
      vertex 7.04207 4.96001 2.4
      vertex 7.1 5.4 2.4
    endloop
  endfacet
  facet normal 0.38268 0.923881 -0
    outer loop
      vertex 4.96001 3.75793 -1
      vertex 4.55 3.92776 2.4
      vertex 4.96001 3.75793 2.4
    endloop
  endfacet
  facet normal 0.38268 0.923881 0
    outer loop
      vertex 4.55 3.92776 2.4
      vertex 4.96001 3.75793 -1
      vertex 4.55 3.92776 -1
    endloop
  endfacet
  facet normal 0.130536 0.991444 -0
    outer loop
      vertex 5.4 3.7 -1
      vertex 4.96001 3.75793 2.4
      vertex 5.4 3.7 2.4
    endloop
  endfacet
  facet normal 0.130536 0.991444 0
    outer loop
      vertex 4.96001 3.75793 2.4
      vertex 5.4 3.7 -1
      vertex 4.96001 3.75793 -1
    endloop
  endfacet
  facet normal 0.130536 -0.991444 2.41294e-08
    outer loop
      vertex 4.96001 7.04207 2.4
      vertex 5.09999 7.0605 0
      vertex 5.4 7.1 2.4
    endloop
  endfacet
  facet normal 0.130535 -0.991444 0
    outer loop
      vertex 4.96001 7.04207 -1
      vertex 5.09999 7.0605 0
      vertex 4.96001 7.04207 2.4
    endloop
  endfacet
  facet normal 0.130535 -0.991444 0
    outer loop
      vertex 5.09999 7.0605 0
      vertex 4.96001 7.04207 -1
      vertex 5.09999 7.0605 -1
    endloop
  endfacet
  facet normal 0.130536 -0.991444 0
    outer loop
      vertex 5.4 7.1 2.4
      vertex 5.09999 7.0605 0
      vertex 5.4 7.1 0
    endloop
  endfacet
  facet normal 0.608761 -0.793354 0
    outer loop
      vertex 4.19792 6.60208 -1
      vertex 4.55 6.87224 2.4
      vertex 4.19792 6.60208 2.4
    endloop
  endfacet
  facet normal 0.608761 -0.793354 0
    outer loop
      vertex 4.55 6.87224 2.4
      vertex 4.19792 6.60208 -1
      vertex 4.55 6.87224 -1
    endloop
  endfacet
  facet normal -0.38268 -0.923881 0
    outer loop
      vertex 5.83999 7.04207 0
      vertex 6.25 6.87224 2.4
      vertex 5.83999 7.04207 2.4
    endloop
  endfacet
  facet normal -0.38268 -0.923881 -0
    outer loop
      vertex 6.25 6.87224 2.4
      vertex 5.83999 7.04207 0
      vertex 6.25 6.87224 0
    endloop
  endfacet
  facet normal 0.38268 -0.923881 0
    outer loop
      vertex 4.55 6.87224 -1
      vertex 4.96001 7.04207 2.4
      vertex 4.55 6.87224 2.4
    endloop
  endfacet
  facet normal 0.38268 -0.923881 0
    outer loop
      vertex 4.96001 7.04207 2.4
      vertex 4.55 6.87224 -1
      vertex 4.96001 7.04207 -1
    endloop
  endfacet
  facet normal -0.923881 0.38268 0
    outer loop
      vertex 6.87224 4.55 -1
      vertex 7.04207 4.96001 2.4
      vertex 7.04207 4.96001 -1
    endloop
  endfacet
  facet normal -0.923881 0.38268 0
    outer loop
      vertex 7.04207 4.96001 2.4
      vertex 6.87224 4.55 -1
      vertex 6.87224 4.55 2.4
    endloop
  endfacet
  facet normal -0.130536 0.991444 0
    outer loop
      vertex 5.83999 3.75793 -1
      vertex 5.4 3.7 2.4
      vertex 5.83999 3.75793 2.4
    endloop
  endfacet
  facet normal -0.130536 0.991444 0
    outer loop
      vertex 5.4 3.7 2.4
      vertex 5.83999 3.75793 -1
      vertex 5.4 3.7 -1
    endloop
  endfacet
  facet normal -0.793354 -0.608761 0
    outer loop
      vertex 6.87224 6.25 0
      vertex 6.60208 6.60208 2.4
      vertex 6.60208 6.60208 0
    endloop
  endfacet
  facet normal -0.793354 -0.608761 0
    outer loop
      vertex 6.60208 6.60208 2.4
      vertex 6.87224 6.25 0
      vertex 6.87224 6.25 2.4
    endloop
  endfacet
  facet normal 0.923881 0.38268 0
    outer loop
      vertex 3.92776 4.55 2.4
      vertex 3.75793 4.96001 -1
      vertex 3.75793 4.96001 2.4
    endloop
  endfacet
  facet normal 0.923881 0.38268 0
    outer loop
      vertex 3.75793 4.96001 -1
      vertex 3.92776 4.55 2.4
      vertex 3.92776 4.55 -1
    endloop
  endfacet
  facet normal -0.608761 -0.793354 0
    outer loop
      vertex 6.25 6.87224 0
      vertex 6.60208 6.60208 2.4
      vertex 6.25 6.87224 2.4
    endloop
  endfacet
  facet normal -0.608761 -0.793354 -0
    outer loop
      vertex 6.60208 6.60208 2.4
      vertex 6.25 6.87224 0
      vertex 6.60208 6.60208 0
    endloop
  endfacet
  facet normal -0.130536 -0.991444 0
    outer loop
      vertex 5.4 7.1 0
      vertex 5.83999 7.04207 2.4
      vertex 5.4 7.1 2.4
    endloop
  endfacet
  facet normal -0.130536 -0.991444 -0
    outer loop
      vertex 5.83999 7.04207 2.4
      vertex 5.4 7.1 0
      vertex 5.83999 7.04207 0
    endloop
  endfacet
  facet normal 0.608761 0.793354 -0
    outer loop
      vertex 4.55 3.92776 -1
      vertex 4.19792 4.19792 2.4
      vertex 4.55 3.92776 2.4
    endloop
  endfacet
  facet normal 0.608761 0.793354 0
    outer loop
      vertex 4.19792 4.19792 2.4
      vertex 4.55 3.92776 -1
      vertex 4.19792 4.19792 -1
    endloop
  endfacet
  facet normal 0.793354 0.608761 0
    outer loop
      vertex 4.19792 4.19792 2.4
      vertex 3.92776 4.55 -1
      vertex 3.92776 4.55 2.4
    endloop
  endfacet
  facet normal 0.793354 0.608761 0
    outer loop
      vertex 3.92776 4.55 -1
      vertex 4.19792 4.19792 2.4
      vertex 4.19792 4.19792 -1
    endloop
  endfacet
  facet normal 0.991444 -0.130536 0
    outer loop
      vertex 3.7 5.4 2.4
      vertex 3.75793 5.83999 -1
      vertex 3.75793 5.83999 2.4
    endloop
  endfacet
  facet normal 0.991444 -0.130536 0
    outer loop
      vertex 3.75793 5.83999 -1
      vertex 3.7 5.4 2.4
      vertex 3.7 5.4 -1
    endloop
  endfacet
  facet normal 0 0 1
    outer loop
      vertex 5.09999 7.0605 -1
      vertex 4.96001 7.04207 -1
      vertex 5.09999 5.09999 -1
    endloop
  endfacet
  facet normal -0 0 1
    outer loop
      vertex 5.09999 5.09999 -1
      vertex 7.04207 4.96001 -1
      vertex 7.0605 5.09999 -1
    endloop
  endfacet
  facet normal 0 0 1
    outer loop
      vertex 7.04207 4.96001 -1
      vertex 5.09999 5.09999 -1
      vertex 6.87224 4.55 -1
    endloop
  endfacet
  facet normal 0 0 1
    outer loop
      vertex 6.87224 4.55 -1
      vertex 5.09999 5.09999 -1
      vertex 6.60208 4.19792 -1
    endloop
  endfacet
  facet normal 0 0 1
    outer loop
      vertex 6.60208 4.19792 -1
      vertex 5.09999 5.09999 -1
      vertex 6.25 3.92776 -1
    endloop
  endfacet
  facet normal 0 0 1
    outer loop
      vertex 6.25 3.92776 -1
      vertex 5.09999 5.09999 -1
      vertex 5.83999 3.75793 -1
    endloop
  endfacet
  facet normal 0 0 1
    outer loop
      vertex 5.83999 3.75793 -1
      vertex 5.09999 5.09999 -1
      vertex 5.4 3.7 -1
    endloop
  endfacet
  facet normal 0 0 1
    outer loop
      vertex 5.09999 5.09999 -1
      vertex 4.96001 3.75793 -1
      vertex 5.4 3.7 -1
    endloop
  endfacet
  facet normal -0 0 1
    outer loop
      vertex 4.55 6.87224 -1
      vertex 5.09999 5.09999 -1
      vertex 4.96001 7.04207 -1
    endloop
  endfacet
  facet normal -0 0 1
    outer loop
      vertex 4.19792 6.60208 -1
      vertex 5.09999 5.09999 -1
      vertex 4.55 6.87224 -1
    endloop
  endfacet
  facet normal 0 0 1
    outer loop
      vertex 5.09999 5.09999 -1
      vertex 4.55 3.92776 -1
      vertex 4.96001 3.75793 -1
    endloop
  endfacet
  facet normal -0 0 1
    outer loop
      vertex 3.92776 6.25 -1
      vertex 5.09999 5.09999 -1
      vertex 4.19792 6.60208 -1
    endloop
  endfacet
  facet normal 0 0 1
    outer loop
      vertex 5.09999 5.09999 -1
      vertex 4.19792 4.19792 -1
      vertex 4.55 3.92776 -1
    endloop
  endfacet
  facet normal -0 0 1
    outer loop
      vertex 3.75793 5.83999 -1
      vertex 5.09999 5.09999 -1
      vertex 3.92776 6.25 -1
    endloop
  endfacet
  facet normal 0 0 1
    outer loop
      vertex 5.09999 5.09999 -1
      vertex 3.92776 4.55 -1
      vertex 4.19792 4.19792 -1
    endloop
  endfacet
  facet normal -0 0 1
    outer loop
      vertex 3.7 5.4 -1
      vertex 5.09999 5.09999 -1
      vertex 3.75793 5.83999 -1
    endloop
  endfacet
  facet normal 0 0 1
    outer loop
      vertex 5.09999 5.09999 -1
      vertex 3.75793 4.96001 -1
      vertex 3.92776 4.55 -1
    endloop
  endfacet
  facet normal 0 0 1
    outer loop
      vertex 5.09999 5.09999 -1
      vertex 3.7 5.4 -1
      vertex 3.75793 4.96001 -1
    endloop
  endfacet
  facet normal -0.130533 0.991444 0
    outer loop
      vertex 161.04 3.75793 -1
      vertex 160.6 3.7 2.4
      vertex 161.04 3.75793 2.4
    endloop
  endfacet
  facet normal -0.130533 0.991444 0
    outer loop
      vertex 160.6 3.7 2.4
      vertex 161.04 3.75793 -1
      vertex 160.6 3.7 -1
    endloop
  endfacet
  facet normal -0.924447 -0.381311 0
    outer loop
      vertex 162.242 5.83999 -1
      vertex 162.176 6 2.4
      vertex 162.176 6 -1
    endloop
  endfacet
  facet normal -0.924447 -0.381311 0
    outer loop
      vertex 162.176 6 2.4
      vertex 162.242 5.83999 -1
      vertex 162.242 5.83999 2.4
    endloop
  endfacet
  facet normal -0.991423 -0.130691 0
    outer loop
      vertex 162.3 5.4 -1
      vertex 162.242 5.83999 2.4
      vertex 162.242 5.83999 -1
    endloop
  endfacet
  facet normal -0.991423 -0.130691 0
    outer loop
      vertex 162.242 5.83999 2.4
      vertex 162.3 5.4 -1
      vertex 162.3 5.4 2.4
    endloop
  endfacet
  facet normal 0.793528 0.608534 0
    outer loop
      vertex 159.398 4.19792 2.4
      vertex 159.128 4.55 -1
      vertex 159.128 4.55 2.4
    endloop
  endfacet
  facet normal 0.793528 0.608534 0
    outer loop
      vertex 159.128 4.55 -1
      vertex 159.398 4.19792 2.4
      vertex 159.398 4.19792 -1
    endloop
  endfacet
  facet normal -0.923745 0.383007 0
    outer loop
      vertex 162.072 4.55 -1
      vertex 162.242 4.96001 2.4
      vertex 162.242 4.96001 -1
    endloop
  endfacet
  facet normal -0.923745 0.383007 0
    outer loop
      vertex 162.242 4.96001 2.4
      vertex 162.072 4.55 -1
      vertex 162.072 4.55 2.4
    endloop
  endfacet
  facet normal -0.608848 0.793287 0
    outer loop
      vertex 161.802 4.19792 -1
      vertex 161.45 3.92776 2.4
      vertex 161.802 4.19792 2.4
    endloop
  endfacet
  facet normal -0.608848 0.793287 0
    outer loop
      vertex 161.45 3.92776 2.4
      vertex 161.802 4.19792 -1
      vertex 161.45 3.92776 -1
    endloop
  endfacet
  facet normal -0.382688 0.923878 0
    outer loop
      vertex 161.45 3.92776 -1
      vertex 161.04 3.75793 2.4
      vertex 161.45 3.92776 2.4
    endloop
  endfacet
  facet normal -0.382688 0.923878 0
    outer loop
      vertex 161.04 3.75793 2.4
      vertex 161.45 3.92776 -1
      vertex 161.04 3.75793 -1
    endloop
  endfacet
  facet normal -0.991423 0.130691 0
    outer loop
      vertex 162.242 4.96001 -1
      vertex 162.3 5.4 2.4
      vertex 162.3 5.4 -1
    endloop
  endfacet
  facet normal -0.991423 0.130691 0
    outer loop
      vertex 162.3 5.4 2.4
      vertex 162.242 4.96001 -1
      vertex 162.242 4.96001 2.4
    endloop
  endfacet
  facet normal 0.991423 -0.130691 0
    outer loop
      vertex 158.9 5.4 2.4
      vertex 158.958 5.83999 0
      vertex 158.958 5.83999 2.4
    endloop
  endfacet
  facet normal 0.991423 -0.130691 0
    outer loop
      vertex 158.958 5.83999 0
      vertex 158.9 5.4 2.4
      vertex 158.9 5.4 0
    endloop
  endfacet
  facet normal 0 0 1
    outer loop
      vertex 160.9 30.4902 -1
      vertex 163.3 30.102 -1
      vertex 162.463 30.3559 -1
    endloop
  endfacet
  facet normal 0 0 1
    outer loop
      vertex 163.3 30.102 -1
      vertex 162.176 6 -1
      vertex 163.3 6 -1
    endloop
  endfacet
  facet normal 0 0 1
    outer loop
      vertex 163.3 30.102 -1
      vertex 160.9 30.4902 -1
      vertex 162.176 6 -1
    endloop
  endfacet
  facet normal 0 0 1
    outer loop
      vertex 162.176 6 -1
      vertex 160.9 5.09999 -1
      vertex 162.072 4.55 -1
    endloop
  endfacet
  facet normal 0 0 1
    outer loop
      vertex 162.072 4.55 -1
      vertex 160.9 5.09999 -1
      vertex 161.802 4.19792 -1
    endloop
  endfacet
  facet normal 0 0 1
    outer loop
      vertex 161.802 4.19792 -1
      vertex 160.9 5.09999 -1
      vertex 161.45 3.92776 -1
    endloop
  endfacet
  facet normal -0 0 1
    outer loop
      vertex 160.9 30.4902 -1
      vertex 162.463 30.3559 -1
      vertex 161 30.5 -1
    endloop
  endfacet
  facet normal 0 0 1
    outer loop
      vertex 162.176 6 -1
      vertex 160.9 30.4902 -1
      vertex 160.9 5.09999 -1
    endloop
  endfacet
  facet normal 0 0 1
    outer loop
      vertex 161.45 3.92776 -1
      vertex 160.9 5.09999 -1
      vertex 161.04 3.75793 -1
    endloop
  endfacet
  facet normal 0 0 1
    outer loop
      vertex 160.9 5.09999 -1
      vertex 160.6 3.7 -1
      vertex 161.04 3.75793 -1
    endloop
  endfacet
  facet normal 0 0 1
    outer loop
      vertex 160.9 5.09999 -1
      vertex 160.16 3.75793 -1
      vertex 160.6 3.7 -1
    endloop
  endfacet
  facet normal 0 0 1
    outer loop
      vertex 160.9 5.09999 -1
      vertex 159.75 3.92776 -1
      vertex 160.16 3.75793 -1
    endloop
  endfacet
  facet normal 0 0 1
    outer loop
      vertex 160.9 5.09999 -1
      vertex 159.398 4.19792 -1
      vertex 159.75 3.92776 -1
    endloop
  endfacet
  facet normal 0 0 1
    outer loop
      vertex 160.9 5.09999 -1
      vertex 159.128 4.55 -1
      vertex 159.398 4.19792 -1
    endloop
  endfacet
  facet normal 0 0 1
    outer loop
      vertex 160.9 5.09999 -1
      vertex 158.958 4.96001 -1
      vertex 159.128 4.55 -1
    endloop
  endfacet
  facet normal 0 -0 1
    outer loop
      vertex 158.958 4.96001 -1
      vertex 160.9 5.09999 -1
      vertex 158.939 5.09999 -1
    endloop
  endfacet
  facet normal 0 0 1
    outer loop
      vertex 162.176 6 -1
      vertex 162.3 5.4 -1
      vertex 162.242 5.83999 -1
    endloop
  endfacet
  facet normal 0 0 1
    outer loop
      vertex 162.3 5.4 -1
      vertex 162.176 6 -1
      vertex 162.242 4.96001 -1
    endloop
  endfacet
  facet normal 0 0 1
    outer loop
      vertex 162.242 4.96001 -1
      vertex 162.176 6 -1
      vertex 162.072 4.55 -1
    endloop
  endfacet
  facet normal -0 0 1
    outer loop
      vertex 78 5.09999 -1
      vertex 158 2.7 -1
      vertex 158 5.09999 -1
    endloop
  endfacet
  facet normal 0 0 1
    outer loop
      vertex 158 2.7 -1
      vertex 78 5.09999 -1
      vertex 78 2.7 -1
    endloop
  endfacet
  facet normal 0.923745 0.383007 0
    outer loop
      vertex 159.128 4.55 2.4
      vertex 158.958 4.96001 -1
      vertex 158.958 4.96001 2.4
    endloop
  endfacet
  facet normal 0.923745 0.383007 0
    outer loop
      vertex 158.958 4.96001 -1
      vertex 159.128 4.55 2.4
      vertex 159.128 4.55 -1
    endloop
  endfacet
  facet normal 0.924447 -0.381311 0
    outer loop
      vertex 158.958 5.83999 2.4
      vertex 159.024 6 0
      vertex 159.024 6 2.4
    endloop
  endfacet
  facet normal 0.924447 -0.381311 0
    outer loop
      vertex 159.024 6 0
      vertex 158.958 5.83999 2.4
      vertex 158.958 5.83999 0
    endloop
  endfacet
  facet normal -0.793528 0.608534 0
    outer loop
      vertex 161.802 4.19792 -1
      vertex 162.072 4.55 2.4
      vertex 162.072 4.55 -1
    endloop
  endfacet
  facet normal -0.793528 0.608534 0
    outer loop
      vertex 162.072 4.55 2.4
      vertex 161.802 4.19792 -1
      vertex 161.802 4.19792 2.4
    endloop
  endfacet
  facet normal 0.608848 0.793287 -0
    outer loop
      vertex 159.75 3.92776 -1
      vertex 159.398 4.19792 2.4
      vertex 159.75 3.92776 2.4
    endloop
  endfacet
  facet normal 0.608848 0.793287 0
    outer loop
      vertex 159.398 4.19792 2.4
      vertex 159.75 3.92776 -1
      vertex 159.398 4.19792 -1
    endloop
  endfacet
  facet normal 0.991656 0.128911 0
    outer loop
      vertex 158.9 5.4 2.4
      vertex 158.939 5.09999 0
      vertex 158.9 5.4 0
    endloop
  endfacet
  facet normal 0.991423 0.130691 -0.000226239
    outer loop
      vertex 158.958 4.96001 2.4
      vertex 158.939 5.09999 0
      vertex 158.9 5.4 2.4
    endloop
  endfacet
  facet normal 0.990914 0.1345 -0
    outer loop
      vertex 158.958 4.96001 -1
      vertex 158.939 5.09999 0
      vertex 158.958 4.96001 2.4
    endloop
  endfacet
  facet normal 0.990914 0.1345 0
    outer loop
      vertex 158.939 5.09999 0
      vertex 158.958 4.96001 -1
      vertex 158.939 5.09999 -1
    endloop
  endfacet
  facet normal 0.382688 0.923878 -0
    outer loop
      vertex 160.16 3.75793 -1
      vertex 159.75 3.92776 2.4
      vertex 160.16 3.75793 2.4
    endloop
  endfacet
  facet normal 0.382688 0.923878 0
    outer loop
      vertex 159.75 3.92776 2.4
      vertex 160.16 3.75793 -1
      vertex 159.75 3.92776 -1
    endloop
  endfacet
  facet normal 0.130533 0.991444 -0
    outer loop
      vertex 160.6 3.7 -1
      vertex 160.16 3.75793 2.4
      vertex 160.6 3.7 2.4
    endloop
  endfacet
  facet normal 0.130533 0.991444 0
    outer loop
      vertex 160.16 3.75793 2.4
      vertex 160.6 3.7 -1
      vertex 160.16 3.75793 -1
    endloop
  endfacet
  facet normal 0.382815 0.923825 -0
    outer loop
      vertex 4.96001 88.9579 -1
      vertex 4.55 89.1278 2.4
      vertex 4.96001 88.9579 2.4
    endloop
  endfacet
  facet normal 0.382815 0.923825 0
    outer loop
      vertex 4.55 89.1278 2.4
      vertex 4.96001 88.9579 -1
      vertex 4.55 89.1278 -1
    endloop
  endfacet
  facet normal -0.923878 -0.382688 0
    outer loop
      vertex 7.04207 91.04 -1
      vertex 6.87224 91.45 2.4
      vertex 6.87224 91.45 -1
    endloop
  endfacet
  facet normal -0.923878 -0.382688 0
    outer loop
      vertex 6.87224 91.45 2.4
      vertex 7.04207 91.04 -1
      vertex 7.04207 91.04 2.4
    endloop
  endfacet
  facet normal -0.991446 -0.130517 -0
    outer loop
      vertex 7.0605 90.9 0
      vertex 7.04207 91.04 -1
      vertex 7.0605 90.9 -1
    endloop
  endfacet
  facet normal -0.991446 -0.130517 0
    outer loop
      vertex 7.04207 91.04 -1
      vertex 7.0605 90.9 0
      vertex 7.04207 91.04 2.4
    endloop
  endfacet
  facet normal -0.991443 -0.13054 -0
    outer loop
      vertex 7.1 90.6 2.4
      vertex 7.0605 90.9 0
      vertex 7.1 90.6 0
    endloop
  endfacet
  facet normal -0.991444 -0.130533 9.38867e-07
    outer loop
      vertex 7.0605 90.9 0
      vertex 7.1 90.6 2.4
      vertex 7.04207 91.04 2.4
    endloop
  endfacet
  facet normal -0.923878 0.382688 0
    outer loop
      vertex 6.87224 89.75 0
      vertex 7.04207 90.16 2.4
      vertex 7.04207 90.16 0
    endloop
  endfacet
  facet normal -0.923878 0.382688 0
    outer loop
      vertex 7.04207 90.16 2.4
      vertex 6.87224 89.75 0
      vertex 6.87224 89.75 2.4
    endloop
  endfacet
  facet normal 0.608676 0.793419 -0
    outer loop
      vertex 4.55 89.1278 -1
      vertex 4.19792 89.3979 2.4
      vertex 4.55 89.1278 2.4
    endloop
  endfacet
  facet normal 0.608676 0.793419 0
    outer loop
      vertex 4.19792 89.3979 2.4
      vertex 4.55 89.1278 -1
      vertex 4.19792 89.3979 -1
    endloop
  endfacet
  facet normal -0.608676 -0.793419 0
    outer loop
      vertex 6.25 92.0722 -1
      vertex 6.60208 91.8021 2.4
      vertex 6.25 92.0722 2.4
    endloop
  endfacet
  facet normal -0.608676 -0.793419 -0
    outer loop
      vertex 6.60208 91.8021 2.4
      vertex 6.25 92.0722 -1
      vertex 6.60208 91.8021 -1
    endloop
  endfacet
  facet normal -0.382815 0.923825 0
    outer loop
      vertex 6.25 89.1278 0
      vertex 5.83999 88.9579 2.4
      vertex 6.25 89.1278 2.4
    endloop
  endfacet
  facet normal -0.382815 0.923825 0
    outer loop
      vertex 5.83999 88.9579 2.4
      vertex 6.25 89.1278 0
      vertex 5.83999 88.9579 0
    endloop
  endfacet
  facet normal -0.793371 0.608739 0
    outer loop
      vertex 6.60208 89.3979 0
      vertex 6.87224 89.75 2.4
      vertex 6.87224 89.75 0
    endloop
  endfacet
  facet normal -0.793371 0.608739 0
    outer loop
      vertex 6.87224 89.75 2.4
      vertex 6.60208 89.3979 0
      vertex 6.60208 89.3979 2.4
    endloop
  endfacet
  facet normal 0.130469 -0.991452 0
    outer loop
      vertex 4.96001 92.2421 -1
      vertex 5.4 92.3 2.4
      vertex 4.96001 92.2421 2.4
    endloop
  endfacet
  facet normal 0.130469 -0.991452 0
    outer loop
      vertex 5.4 92.3 2.4
      vertex 4.96001 92.2421 -1
      vertex 5.4 92.3 -1
    endloop
  endfacet
  facet normal -0.793371 -0.608739 0
    outer loop
      vertex 6.87224 91.45 -1
      vertex 6.60208 91.8021 2.4
      vertex 6.60208 91.8021 -1
    endloop
  endfacet
  facet normal -0.793371 -0.608739 0
    outer loop
      vertex 6.60208 91.8021 2.4
      vertex 6.87224 91.45 -1
      vertex 6.87224 91.45 2.4
    endloop
  endfacet
  facet normal -0.382815 -0.923825 0
    outer loop
      vertex 5.83999 92.2421 -1
      vertex 6.25 92.0722 2.4
      vertex 5.83999 92.2421 2.4
    endloop
  endfacet
  facet normal -0.382815 -0.923825 -0
    outer loop
      vertex 6.25 92.0722 2.4
      vertex 5.83999 92.2421 -1
      vertex 6.25 92.0722 -1
    endloop
  endfacet
  facet normal -0.608676 0.793419 0
    outer loop
      vertex 6.60208 89.3979 0
      vertex 6.25 89.1278 2.4
      vertex 6.60208 89.3979 2.4
    endloop
  endfacet
  facet normal -0.608676 0.793419 0
    outer loop
      vertex 6.25 89.1278 2.4
      vertex 6.60208 89.3979 0
      vertex 6.25 89.1278 0
    endloop
  endfacet
  facet normal 0.608676 -0.793419 0
    outer loop
      vertex 4.19792 91.8021 -1
      vertex 4.55 92.0722 2.4
      vertex 4.19792 91.8021 2.4
    endloop
  endfacet
  facet normal 0.608676 -0.793419 0
    outer loop
      vertex 4.55 92.0722 2.4
      vertex 4.19792 91.8021 -1
      vertex 4.55 92.0722 -1
    endloop
  endfacet
  facet normal 0.793371 0.608739 0
    outer loop
      vertex 4.19792 89.3979 2.4
      vertex 3.92776 89.75 -1
      vertex 3.92776 89.75 2.4
    endloop
  endfacet
  facet normal 0.793371 0.608739 0
    outer loop
      vertex 3.92776 89.75 -1
      vertex 4.19792 89.3979 2.4
      vertex 4.19792 89.3979 -1
    endloop
  endfacet
  facet normal 0.923878 -0.382688 0
    outer loop
      vertex 3.75793 91.04 2.4
      vertex 3.92776 91.45 -1
      vertex 3.92776 91.45 2.4
    endloop
  endfacet
  facet normal 0.923878 -0.382688 0
    outer loop
      vertex 3.92776 91.45 -1
      vertex 3.75793 91.04 2.4
      vertex 3.75793 91.04 -1
    endloop
  endfacet
  facet normal 0.382815 -0.923825 0
    outer loop
      vertex 4.55 92.0722 -1
      vertex 4.96001 92.2421 2.4
      vertex 4.55 92.0722 2.4
    endloop
  endfacet
  facet normal 0.382815 -0.923825 0
    outer loop
      vertex 4.96001 92.2421 2.4
      vertex 4.55 92.0722 -1
      vertex 4.96001 92.2421 -1
    endloop
  endfacet
  facet normal -0.991444 0.130533 0
    outer loop
      vertex 7.04207 90.16 0
      vertex 7.1 90.6 2.4
      vertex 7.1 90.6 0
    endloop
  endfacet
  facet normal -0.991444 0.130533 0
    outer loop
      vertex 7.1 90.6 2.4
      vertex 7.04207 90.16 0
      vertex 7.04207 90.16 2.4
    endloop
  endfacet
  facet normal -0.130469 0.991452 0
    outer loop
      vertex 5.83999 88.9579 0
      vertex 5.4 88.9 2.4
      vertex 5.83999 88.9579 2.4
    endloop
  endfacet
  facet normal -0.130469 0.991452 0
    outer loop
      vertex 5.4 88.9 2.4
      vertex 5.83999 88.9579 0
      vertex 5.4 88.9 0
    endloop
  endfacet
  facet normal 0.991444 -0.130533 0
    outer loop
      vertex 3.7 90.6 2.4
      vertex 3.75793 91.04 -1
      vertex 3.75793 91.04 2.4
    endloop
  endfacet
  facet normal 0.991444 -0.130533 0
    outer loop
      vertex 3.75793 91.04 -1
      vertex 3.7 90.6 2.4
      vertex 3.7 90.6 -1
    endloop
  endfacet
  facet normal 0.130536 0.991444 0
    outer loop
      vertex 5.09999 88.9395 0
      vertex 5.4 88.9 2.4
      vertex 5.4 88.9 0
    endloop
  endfacet
  facet normal 0.130469 0.991452 8.47448e-06
    outer loop
      vertex 5.4 88.9 2.4
      vertex 5.09999 88.9395 0
      vertex 4.96001 88.9579 2.4
    endloop
  endfacet
  facet normal 0.130326 0.991471 0
    outer loop
      vertex 4.96001 88.9579 -1
      vertex 5.09999 88.9395 0
      vertex 5.09999 88.9395 -1
    endloop
  endfacet
  facet normal 0.130326 0.991471 0
    outer loop
      vertex 5.09999 88.9395 0
      vertex 4.96001 88.9579 -1
      vertex 4.96001 88.9579 2.4
    endloop
  endfacet
  facet normal 0.793371 -0.608739 0
    outer loop
      vertex 3.92776 91.45 2.4
      vertex 4.19792 91.8021 -1
      vertex 4.19792 91.8021 2.4
    endloop
  endfacet
  facet normal 0.793371 -0.608739 0
    outer loop
      vertex 4.19792 91.8021 -1
      vertex 3.92776 91.45 2.4
      vertex 3.92776 91.45 -1
    endloop
  endfacet
  facet normal 0.991444 0.130533 0
    outer loop
      vertex 3.75793 90.16 2.4
      vertex 3.7 90.6 -1
      vertex 3.7 90.6 2.4
    endloop
  endfacet
  facet normal 0.991444 0.130533 0
    outer loop
      vertex 3.7 90.6 -1
      vertex 3.75793 90.16 2.4
      vertex 3.75793 90.16 -1
    endloop
  endfacet
  facet normal -0.130469 -0.991452 0
    outer loop
      vertex 5.4 92.3 -1
      vertex 5.83999 92.2421 2.4
      vertex 5.4 92.3 2.4
    endloop
  endfacet
  facet normal -0.130469 -0.991452 -0
    outer loop
      vertex 5.83999 92.2421 2.4
      vertex 5.4 92.3 -1
      vertex 5.83999 92.2421 -1
    endloop
  endfacet
  facet normal 0.923878 0.382688 0
    outer loop
      vertex 3.92776 89.75 2.4
      vertex 3.75793 90.16 -1
      vertex 3.75793 90.16 2.4
    endloop
  endfacet
  facet normal 0.923878 0.382688 0
    outer loop
      vertex 3.75793 90.16 -1
      vertex 3.92776 89.75 2.4
      vertex 3.92776 89.75 -1
    endloop
  endfacet
  facet normal 0 0 1
    outer loop
      vertex 5.09999 90.9 -1
      vertex 7.04207 91.04 -1
      vertex 6.87224 91.45 -1
    endloop
  endfacet
  facet normal 0 0 1
    outer loop
      vertex 5.09999 90.9 -1
      vertex 6.87224 91.45 -1
      vertex 6.60208 91.8021 -1
    endloop
  endfacet
  facet normal 0 0 1
    outer loop
      vertex 5.09999 90.9 -1
      vertex 6.60208 91.8021 -1
      vertex 6.25 92.0722 -1
    endloop
  endfacet
  facet normal 0 0 1
    outer loop
      vertex 5.09999 90.9 -1
      vertex 6.25 92.0722 -1
      vertex 5.83999 92.2421 -1
    endloop
  endfacet
  facet normal 0 0 1
    outer loop
      vertex 5.09999 90.9 -1
      vertex 5.83999 92.2421 -1
      vertex 5.4 92.3 -1
    endloop
  endfacet
  facet normal 0 0 1
    outer loop
      vertex 7.04207 91.04 -1
      vertex 5.09999 90.9 -1
      vertex 7.0605 90.9 -1
    endloop
  endfacet
  facet normal -0 0 1
    outer loop
      vertex 4.96001 92.2421 -1
      vertex 5.09999 90.9 -1
      vertex 5.4 92.3 -1
    endloop
  endfacet
  facet normal -0 0 1
    outer loop
      vertex 4.55 92.0722 -1
      vertex 5.09999 90.9 -1
      vertex 4.96001 92.2421 -1
    endloop
  endfacet
  facet normal -0 0 1
    outer loop
      vertex 4.19792 91.8021 -1
      vertex 5.09999 90.9 -1
      vertex 4.55 92.0722 -1
    endloop
  endfacet
  facet normal -0 0 1
    outer loop
      vertex 3.92776 91.45 -1
      vertex 5.09999 90.9 -1
      vertex 4.19792 91.8021 -1
    endloop
  endfacet
  facet normal 0 0 1
    outer loop
      vertex 5.09999 90.9 -1
      vertex 4.96001 88.9579 -1
      vertex 5.09999 88.9395 -1
    endloop
  endfacet
  facet normal 0 -0 1
    outer loop
      vertex 4.55 89.1278 -1
      vertex 5.09999 90.9 -1
      vertex 4.19792 89.3979 -1
    endloop
  endfacet
  facet normal 0 -0 1
    outer loop
      vertex 4.96001 88.9579 -1
      vertex 5.09999 90.9 -1
      vertex 4.55 89.1278 -1
    endloop
  endfacet
  facet normal -0 0 1
    outer loop
      vertex 3.75793 91.04 -1
      vertex 5.09999 90.9 -1
      vertex 3.92776 91.45 -1
    endloop
  endfacet
  facet normal 0 0 1
    outer loop
      vertex 5.09999 90.9 -1
      vertex 3.92776 89.75 -1
      vertex 4.19792 89.3979 -1
    endloop
  endfacet
  facet normal 0 0 1
    outer loop
      vertex 3.7 90.6 -1
      vertex 5.09999 90.9 -1
      vertex 3.75793 91.04 -1
    endloop
  endfacet
  facet normal 0 0 1
    outer loop
      vertex 5.09999 90.9 -1
      vertex 3.75793 90.16 -1
      vertex 3.92776 89.75 -1
    endloop
  endfacet
  facet normal 0 0 1
    outer loop
      vertex 5.09999 90.9 -1
      vertex 3.7 90.6 -1
      vertex 3.75793 90.16 -1
    endloop
  endfacet
  facet normal -0.923742 -0.383015 0
    outer loop
      vertex 162.242 91.04 -1
      vertex 162.072 91.45 2.35
      vertex 162.072 91.45 -1
    endloop
  endfacet
  facet normal -0.923742 -0.383015 0
    outer loop
      vertex 162.072 91.45 2.35
      vertex 162.242 91.04 -1
      vertex 162.242 91.04 2.35
    endloop
  endfacet
  facet normal -0.991336 -0.131349 0
    outer loop
      vertex 162.242 91.04 -1
      vertex 162.299 90.6098 2.35
      vertex 162.242 91.04 2.35
    endloop
  endfacet
  facet normal -0.991424 -0.130688 8.63628e-05
    outer loop
      vertex 162.3 90.6 -1
      vertex 162.299 90.6098 2.35
      vertex 162.242 91.04 -1
    endloop
  endfacet
  facet normal -0.994834 -0.101514 -0
    outer loop
      vertex 162.3 90.6 2.4
      vertex 162.299 90.6098 2.35
      vertex 162.3 90.6 -1
    endloop
  endfacet
  facet normal -0.994834 -0.101514 0
    outer loop
      vertex 162.299 90.6098 2.35
      vertex 162.3 90.6 2.4
      vertex 162.299 90.6098 2.4
    endloop
  endfacet
  facet normal 0.793753 -0.60824 0
    outer loop
      vertex 159.298 91.6716 2.35
      vertex 159.398 91.8021 2.4
      vertex 159.298 91.6716 2.4
    endloop
  endfacet
  facet normal 0.793753 -0.60824 0
    outer loop
      vertex 159.398 91.8021 2.4
      vertex 159.298 91.6716 2.35
      vertex 159.398 91.8021 -1
    endloop
  endfacet
  facet normal 0.793422 -0.608672 0
    outer loop
      vertex 159.128 91.45 -1
      vertex 159.298 91.6716 2.35
      vertex 159.128 91.45 2.35
    endloop
  endfacet
  facet normal 0.793545 -0.608512 -1.6819e-05
    outer loop
      vertex 159.298 91.6716 2.35
      vertex 159.128 91.45 -1
      vertex 159.398 91.8021 -1
    endloop
  endfacet
  facet normal -0.793545 0.608512 0
    outer loop
      vertex 161.802 89.3979 -1
      vertex 162.072 89.75 2.4
      vertex 162.072 89.75 -1
    endloop
  endfacet
  facet normal -0.793545 0.608512 0
    outer loop
      vertex 162.072 89.75 2.4
      vertex 161.802 89.3979 -1
      vertex 161.802 89.3979 2.4
    endloop
  endfacet
  facet normal -0.391141 -0.920331 0
    outer loop
      vertex 161.04 92.2421 2.4
      vertex 161.048 92.2387 2.35
      vertex 161.048 92.2387 2.4
    endloop
  endfacet
  facet normal -0.391141 -0.920331 0
    outer loop
      vertex 161.04 92.2421 -1
      vertex 161.048 92.2387 2.35
      vertex 161.04 92.2421 2.4
    endloop
  endfacet
  facet normal -0.382656 -0.923891 -2.38742e-05
    outer loop
      vertex 161.04 92.2421 -1
      vertex 161.45 92.0722 2.35
      vertex 161.048 92.2387 2.35
    endloop
  endfacet
  facet normal -0.382823 -0.923822 -0
    outer loop
      vertex 161.45 92.0722 2.35
      vertex 161.04 92.2421 -1
      vertex 161.45 92.0722 -1
    endloop
  endfacet
  facet normal 0.130466 0.991453 -0
    outer loop
      vertex 160.6 88.9 0
      vertex 160.16 88.9579 2.4
      vertex 160.6 88.9 2.4
    endloop
  endfacet
  facet normal 0.130466 0.991453 0
    outer loop
      vertex 160.16 88.9579 2.4
      vertex 160.6 88.9 0
      vertex 160.16 88.9579 0
    endloop
  endfacet
  facet normal 0.608763 -0.793352 0
    outer loop
      vertex 159.398 91.8021 -1
      vertex 159.75 92.0722 2.4
      vertex 159.398 91.8021 2.4
    endloop
  endfacet
  facet normal 0.608763 -0.793352 0
    outer loop
      vertex 159.75 92.0722 2.4
      vertex 159.398 91.8021 -1
      vertex 159.75 92.0722 -1
    endloop
  endfacet
  facet normal 0.382823 -0.923822 0
    outer loop
      vertex 159.75 92.0722 -1
      vertex 160.16 92.2421 2.4
      vertex 159.75 92.0722 2.4
    endloop
  endfacet
  facet normal 0.382823 -0.923822 0
    outer loop
      vertex 160.16 92.2421 2.4
      vertex 159.75 92.0722 -1
      vertex 160.16 92.2421 -1
    endloop
  endfacet
  facet normal -0.923742 0.383015 0
    outer loop
      vertex 162.072 89.75 -1
      vertex 162.242 90.16 2.4
      vertex 162.242 90.16 -1
    endloop
  endfacet
  facet normal -0.923742 0.383015 0
    outer loop
      vertex 162.242 90.16 2.4
      vertex 162.072 89.75 -1
      vertex 162.072 89.75 2.4
    endloop
  endfacet
  facet normal -0.130466 0.991453 9.38876e-06
    outer loop
      vertex 161.04 88.9579 2.4
      vertex 160.9 88.9395 0
      vertex 160.6 88.9 2.4
    endloop
  endfacet
  facet normal -0.130308 0.991474 0
    outer loop
      vertex 161.04 88.9579 -1
      vertex 160.9 88.9395 0
      vertex 161.04 88.9579 2.4
    endloop
  endfacet
  facet normal -0.130308 0.991474 0
    outer loop
      vertex 160.9 88.9395 0
      vertex 161.04 88.9579 -1
      vertex 160.9 88.9395 -1
    endloop
  endfacet
  facet normal -0.13054 0.991443 0
    outer loop
      vertex 160.6 88.9 2.4
      vertex 160.9 88.9395 0
      vertex 160.6 88.9 0
    endloop
  endfacet
  facet normal -0.991424 0.130688 0
    outer loop
      vertex 162.242 90.16 -1
      vertex 162.3 90.6 2.4
      vertex 162.3 90.6 -1
    endloop
  endfacet
  facet normal -0.991424 0.130688 0
    outer loop
      vertex 162.3 90.6 2.4
      vertex 162.242 90.16 -1
      vertex 162.242 90.16 2.4
    endloop
  endfacet
  facet normal -0.382823 0.923822 0
    outer loop
      vertex 161.45 89.1278 -1
      vertex 161.04 88.9579 2.4
      vertex 161.45 89.1278 2.4
    endloop
  endfacet
  facet normal -0.382823 0.923822 0
    outer loop
      vertex 161.04 88.9579 2.4
      vertex 161.45 89.1278 -1
      vertex 161.04 88.9579 -1
    endloop
  endfacet
  facet normal 0.608763 0.793352 -0
    outer loop
      vertex 159.75 89.1278 0
      vertex 159.398 89.3979 2.4
      vertex 159.75 89.1278 2.4
    endloop
  endfacet
  facet normal 0.608763 0.793352 0
    outer loop
      vertex 159.398 89.3979 2.4
      vertex 159.75 89.1278 0
      vertex 159.398 89.3979 0
    endloop
  endfacet
  facet normal -0.130466 -0.991453 0
    outer loop
      vertex 160.6 92.3 -1
      vertex 161.04 92.2421 2.4
      vertex 160.6 92.3 2.4
    endloop
  endfacet
  facet normal -0.130466 -0.991453 -0
    outer loop
      vertex 161.04 92.2421 2.4
      vertex 160.6 92.3 -1
      vertex 161.04 92.2421 -1
    endloop
  endfacet
  facet normal 0.792916 0.609331 0
    outer loop
      vertex 159.243 89.5996 2.4
      vertex 159.398 89.3979 2.4
      vertex 159.243 89.5996 2.35
    endloop
  endfacet
  facet normal 0.794388 0.607411 0
    outer loop
      vertex 159.243 89.5996 2.35
      vertex 159.128 89.75 0
      vertex 159.128 89.75 2.35
    endloop
  endfacet
  facet normal 0.792916 0.609331 -0
    outer loop
      vertex 159.398 89.3979 0
      vertex 159.243 89.5996 2.35
      vertex 159.398 89.3979 2.4
    endloop
  endfacet
  facet normal 0.793545 0.608512 0.000111728
    outer loop
      vertex 159.243 89.5996 2.35
      vertex 159.398 89.3979 0
      vertex 159.128 89.75 0
    endloop
  endfacet
  facet normal 0.991424 0.130688 0
    outer loop
      vertex 158.958 90.16 2.35
      vertex 158.9 90.6 0
      vertex 158.9 90.6 2.35
    endloop
  endfacet
  facet normal 0.991424 0.130688 0
    outer loop
      vertex 158.9 90.6 0
      vertex 158.958 90.16 2.35
      vertex 158.958 90.16 0
    endloop
  endfacet
  facet normal -0.608763 0.793352 0
    outer loop
      vertex 161.802 89.3979 -1
      vertex 161.45 89.1278 2.4
      vertex 161.802 89.3979 2.4
    endloop
  endfacet
  facet normal -0.608763 0.793352 0
    outer loop
      vertex 161.45 89.1278 2.4
      vertex 161.802 89.3979 -1
      vertex 161.45 89.1278 -1
    endloop
  endfacet
  facet normal 0.130466 -0.991453 0
    outer loop
      vertex 160.16 92.2421 -1
      vertex 160.6 92.3 2.4
      vertex 160.16 92.2421 2.4
    endloop
  endfacet
  facet normal 0.130466 -0.991453 0
    outer loop
      vertex 160.6 92.3 2.4
      vertex 160.16 92.2421 -1
      vertex 160.6 92.3 -1
    endloop
  endfacet
  facet normal 0.990916 -0.134481 0
    outer loop
      vertex 158.958 91.04 2.35
      vertex 158.939 90.9 0
      vertex 158.958 91.04 -1
    endloop
  endfacet
  facet normal 0.991424 -0.130688 -0.000230118
    outer loop
      vertex 158.9 90.6 2.35
      vertex 158.939 90.9 0
      vertex 158.958 91.04 2.35
    endloop
  endfacet
  facet normal 0.991656 -0.128915 0
    outer loop
      vertex 158.939 90.9 0
      vertex 158.9 90.6 2.35
      vertex 158.9 90.6 0
    endloop
  endfacet
  facet normal 0.990916 -0.134481 0
    outer loop
      vertex 158.958 91.04 -1
      vertex 158.939 90.9 0
      vertex 158.939 90.9 -1
    endloop
  endfacet
  facet normal -0.608763 -0.793352 0
    outer loop
      vertex 161.45 92.0722 -1
      vertex 161.802 91.8021 2.35
      vertex 161.45 92.0722 2.35
    endloop
  endfacet
  facet normal -0.608763 -0.793352 -0
    outer loop
      vertex 161.802 91.8021 2.35
      vertex 161.45 92.0722 -1
      vertex 161.802 91.8021 -1
    endloop
  endfacet
  facet normal 0.923742 -0.383015 0
    outer loop
      vertex 158.958 91.04 2.35
      vertex 159.128 91.45 -1
      vertex 159.128 91.45 2.35
    endloop
  endfacet
  facet normal 0.923742 -0.383015 0
    outer loop
      vertex 159.128 91.45 -1
      vertex 158.958 91.04 2.35
      vertex 158.958 91.04 -1
    endloop
  endfacet
  facet normal 0.382823 0.923822 -0
    outer loop
      vertex 160.16 88.9579 0
      vertex 159.75 89.1278 2.4
      vertex 160.16 88.9579 2.4
    endloop
  endfacet
  facet normal 0.382823 0.923822 0
    outer loop
      vertex 159.75 89.1278 2.4
      vertex 160.16 88.9579 0
      vertex 159.75 89.1278 0
    endloop
  endfacet
  facet normal -0.793545 -0.608512 0
    outer loop
      vertex 162.072 91.45 -1
      vertex 161.802 91.8021 2.35
      vertex 161.802 91.8021 -1
    endloop
  endfacet
  facet normal -0.793545 -0.608512 0
    outer loop
      vertex 161.802 91.8021 2.35
      vertex 162.072 91.45 -1
      vertex 162.072 91.45 2.35
    endloop
  endfacet
  facet normal 0.923742 0.383015 0
    outer loop
      vertex 159.128 89.75 2.35
      vertex 158.958 90.16 0
      vertex 158.958 90.16 2.35
    endloop
  endfacet
  facet normal 0.923742 0.383015 0
    outer loop
      vertex 158.958 90.16 0
      vertex 159.128 89.75 2.35
      vertex 159.128 89.75 0
    endloop
  endfacet
  facet normal -0 0 1
    outer loop
      vertex 160.9 90.9 -1
      vertex 162.3 90.6 -1
      vertex 162.242 91.04 -1
    endloop
  endfacet
  facet normal 0 0 1
    outer loop
      vertex 160.9 90.9 -1
      vertex 162.242 91.04 -1
      vertex 162.072 91.45 -1
    endloop
  endfacet
  facet normal 0 0 1
    outer loop
      vertex 162.3 90.6 -1
      vertex 160.9 90.9 -1
      vertex 162.242 90.16 -1
    endloop
  endfacet
  facet normal 0 0 1
    outer loop
      vertex 160.9 90.9 -1
      vertex 162.072 91.45 -1
      vertex 161.802 91.8021 -1
    endloop
  endfacet
  facet normal 0 0 1
    outer loop
      vertex 162.242 90.16 -1
      vertex 160.9 90.9 -1
      vertex 162.072 89.75 -1
    endloop
  endfacet
  facet normal 0 0 1
    outer loop
      vertex 160.9 90.9 -1
      vertex 161.802 91.8021 -1
      vertex 161.45 92.0722 -1
    endloop
  endfacet
  facet normal 0 0 1
    outer loop
      vertex 162.072 89.75 -1
      vertex 160.9 90.9 -1
      vertex 161.802 89.3979 -1
    endloop
  endfacet
  facet normal 0 0 1
    outer loop
      vertex 160.9 90.9 -1
      vertex 161.45 92.0722 -1
      vertex 161.04 92.2421 -1
    endloop
  endfacet
  facet normal 0 0 1
    outer loop
      vertex 161.802 89.3979 -1
      vertex 160.9 90.9 -1
      vertex 161.45 89.1278 -1
    endloop
  endfacet
  facet normal 0 0 1
    outer loop
      vertex 161.45 89.1278 -1
      vertex 160.9 90.9 -1
      vertex 161.04 88.9579 -1
    endloop
  endfacet
  facet normal 0 0 1
    outer loop
      vertex 160.6 92.3 -1
      vertex 160.9 90.9 -1
      vertex 161.04 92.2421 -1
    endloop
  endfacet
  facet normal -0 0 1
    outer loop
      vertex 160.16 92.2421 -1
      vertex 160.9 90.9 -1
      vertex 160.6 92.3 -1
    endloop
  endfacet
  facet normal -0 0 1
    outer loop
      vertex 159.75 92.0722 -1
      vertex 160.9 90.9 -1
      vertex 160.16 92.2421 -1
    endloop
  endfacet
  facet normal -0 0 1
    outer loop
      vertex 159.398 91.8021 -1
      vertex 160.9 90.9 -1
      vertex 159.75 92.0722 -1
    endloop
  endfacet
  facet normal -0 0 1
    outer loop
      vertex 159.128 91.45 -1
      vertex 160.9 90.9 -1
      vertex 159.398 91.8021 -1
    endloop
  endfacet
  facet normal -0 0 1
    outer loop
      vertex 158.958 91.04 -1
      vertex 160.9 90.9 -1
      vertex 159.128 91.45 -1
    endloop
  endfacet
  facet normal 0 0 1
    outer loop
      vertex 160.9 90.9 -1
      vertex 158.958 91.04 -1
      vertex 158.939 90.9 -1
    endloop
  endfacet
  facet normal 0 0 1
    outer loop
      vertex 161.04 88.9579 -1
      vertex 160.9 90.9 -1
      vertex 160.9 88.9395 -1
    endloop
  endfacet
  facet normal -1 0 0
    outer loop
      vertex 76 5.09999 -1
      vertex 76 2.7 -1
      vertex 76 5.09999 0
    endloop
  endfacet
  facet normal -1 0 0
    outer loop
      vertex 76 5.09999 0
      vertex 76 44 2.4
      vertex 76 44 0
    endloop
  endfacet
  facet normal -1 0 0
    outer loop
      vertex 76 2.7 0
      vertex 76 5.09999 0
      vertex 76 2.7 -1
    endloop
  endfacet
  facet normal -1 0 0
    outer loop
      vertex 76 0 2.4
      vertex 76 5.09999 0
      vertex 76 2.7 0
    endloop
  endfacet
  facet normal -1 0 0
    outer loop
      vertex 76 0 2.4
      vertex 76 2.7 0
      vertex 76 0 0
    endloop
  endfacet
  facet normal -1 0 0
    outer loop
      vertex 76 5.09999 0
      vertex 76 0 2.4
      vertex 76 44 2.4
    endloop
  endfacet
  facet normal -0 0 1
    outer loop
      vertex 8 5.09999 -1
      vertex 76 2.7 -1
      vertex 76 5.09999 -1
    endloop
  endfacet
  facet normal 0 0 1
    outer loop
      vertex 76 2.7 -1
      vertex 8 5.09999 -1
      vertex 8 2.7 -1
    endloop
  endfacet
  facet normal 1 0 0
    outer loop
      vertex 8 44 2.4
      vertex 8 5.09999 0
      vertex 8 44 0
    endloop
  endfacet
  facet normal 1 0 0
    outer loop
      vertex 8 5.09999 0
      vertex 8 2.7 0
      vertex 8 5.09999 -1
    endloop
  endfacet
  facet normal 1 -0 0
    outer loop
      vertex 8 0 2.4
      vertex 8 5.09999 0
      vertex 8 44 2.4
    endloop
  endfacet
  facet normal 1 0 0
    outer loop
      vertex 8 5.09999 0
      vertex 8 0 2.4
      vertex 8 2.7 0
    endloop
  endfacet
  facet normal 1 0 0
    outer loop
      vertex 8 2.7 0
      vertex 8 0 2.4
      vertex 8 0 0
    endloop
  endfacet
  facet normal 1 0 0
    outer loop
      vertex 8 5.09999 -1
      vertex 8 2.7 0
      vertex 8 2.7 -1
    endloop
  endfacet
  facet normal 0 -1 0
    outer loop
      vertex 8 44 0
      vertex 76 44 2.4
      vertex 8 44 2.4
    endloop
  endfacet
  facet normal 0 -1 -0
    outer loop
      vertex 76 44 2.4
      vertex 8 44 0
      vertex 76 44 0
    endloop
  endfacet
  facet normal 1 0 0
    outer loop
      vertex 78 18 2.4
      vertex 78 5.09999 0
      vertex 78 18 0
    endloop
  endfacet
  facet normal 1 0 0
    outer loop
      vertex 78 5.09999 0
      vertex 78 2.7 0
      vertex 78 5.09999 -1
    endloop
  endfacet
  facet normal 1 -0 0
    outer loop
      vertex 78 0 2.4
      vertex 78 5.09999 0
      vertex 78 18 2.4
    endloop
  endfacet
  facet normal 1 0 0
    outer loop
      vertex 78 5.09999 0
      vertex 78 0 2.4
      vertex 78 2.7 0
    endloop
  endfacet
  facet normal 1 0 0
    outer loop
      vertex 78 2.7 0
      vertex 78 0 2.4
      vertex 78 0 0
    endloop
  endfacet
  facet normal 1 0 0
    outer loop
      vertex 78 5.09999 -1
      vertex 78 2.7 0
      vertex 78 2.7 -1
    endloop
  endfacet
  facet normal 0 -1 0
    outer loop
      vertex 78 18 0
      vertex 140 18 2.4
      vertex 78 18 2.4
    endloop
  endfacet
  facet normal 0 -1 -0
    outer loop
      vertex 140 18 2.4
      vertex 78 18 0
      vertex 140 18 0
    endloop
  endfacet
  facet normal -1 0 0
    outer loop
      vertex 140 0 0
      vertex 140 2 2.4
      vertex 140 2 0
    endloop
  endfacet
  facet normal -1 -0 0
    outer loop
      vertex 140 2 2.4
      vertex 140 0 0
      vertex 140 0 2.4
    endloop
  endfacet
  facet normal -1 0 0
    outer loop
      vertex 140 16 0
      vertex 140 18 2.4
      vertex 140 18 0
    endloop
  endfacet
  facet normal -1 -0 0
    outer loop
      vertex 140 18 2.4
      vertex 140 16 0
      vertex 140 16 2.4
    endloop
  endfacet
  facet normal -1 0 0
    outer loop
      vertex 158 5.09999 -1
      vertex 158 2.7 -1
      vertex 158 5.09999 0
    endloop
  endfacet
  facet normal -1 0 0
    outer loop
      vertex 158 5.09999 0
      vertex 158 6 2.4
      vertex 158 6 0
    endloop
  endfacet
  facet normal -1 0 0
    outer loop
      vertex 158 2.7 0
      vertex 158 5.09999 0
      vertex 158 2.7 -1
    endloop
  endfacet
  facet normal -1 0 0
    outer loop
      vertex 158 2 2.4
      vertex 158 5.09999 0
      vertex 158 2.7 0
    endloop
  endfacet
  facet normal -1 0 0
    outer loop
      vertex 158 2 2.4
      vertex 158 2.7 0
      vertex 158 2 0
    endloop
  endfacet
  facet normal -1 0 0
    outer loop
      vertex 158 5.09999 0
      vertex 158 2 2.4
      vertex 158 6 2.4
    endloop
  endfacet
  facet normal 0 -1 0
    outer loop
      vertex 140 16 0
      vertex 152 16 2.4
      vertex 140 16 2.4
    endloop
  endfacet
  facet normal 0 -1 -0
    outer loop
      vertex 152 16 2.4
      vertex 140 16 0
      vertex 152 16 0
    endloop
  endfacet
  facet normal 0 1 -0
    outer loop
      vertex 158 2 0
      vertex 140 2 2.4
      vertex 158 2 2.4
    endloop
  endfacet
  facet normal 0 1 0
    outer loop
      vertex 140 2 2.4
      vertex 158 2 0
      vertex 140 2 0
    endloop
  endfacet
  facet normal 1 -0 0
    outer loop
      vertex 152 16 2.4
      vertex 152 26 0
      vertex 152 26 2.4
    endloop
  endfacet
  facet normal 1 0 0
    outer loop
      vertex 152 26 0
      vertex 152 16 2.4
      vertex 152 16 0
    endloop
  endfacet
  facet normal 0 -1 0
    outer loop
      vertex 152 26 0
      vertex 154.14 26 2.4
      vertex 152 26 2.4
    endloop
  endfacet
  facet normal 0 -1 -0
    outer loop
      vertex 154.14 26 2.4
      vertex 152 26 0
      vertex 154.14 26 0
    endloop
  endfacet
  facet normal 0 1 0
    outer loop
      vertex 163.3 6 0
      vertex 166 6 2.4
      vertex 166 6 0
    endloop
  endfacet
  facet normal 0 1 0
    outer loop
      vertex 166 6 2.4
      vertex 163.3 6 0
      vertex 162.176 6 2.4
    endloop
  endfacet
  facet normal 0 1 0
    outer loop
      vertex 162.176 6 -1
      vertex 163.3 6 0
      vertex 163.3 6 -1
    endloop
  endfacet
  facet normal 0 1 0
    outer loop
      vertex 163.3 6 0
      vertex 162.176 6 -1
      vertex 162.176 6 2.4
    endloop
  endfacet
  facet normal 0 1 -0
    outer loop
      vertex 159.024 6 0
      vertex 158 6 2.4
      vertex 159.024 6 2.4
    endloop
  endfacet
  facet normal 0 1 0
    outer loop
      vertex 158 6 2.4
      vertex 159.024 6 0
      vertex 158 6 0
    endloop
  endfacet
  facet normal -1 0 0
    outer loop
      vertex 24.5 55.5 0
      vertex 24.5 90.5 2.4
      vertex 24.5 90.5 0
    endloop
  endfacet
  facet normal -1 -0 0
    outer loop
      vertex 24.5 90.5 2.4
      vertex 24.5 55.5 0
      vertex 24.5 55.5 2.4
    endloop
  endfacet
  facet normal 1 -0 0
    outer loop
      vertex 21.5 55.5 2.4
      vertex 21.5 90.5 0
      vertex 21.5 90.5 2.4
    endloop
  endfacet
  facet normal 1 0 0
    outer loop
      vertex 21.5 90.5 0
      vertex 21.5 55.5 2.4
      vertex 21.5 55.5 0
    endloop
  endfacet
  facet normal 0 -1 0
    outer loop
      vertex 21.5 90.5 0
      vertex 24.5 90.5 2.4
      vertex 21.5 90.5 2.4
    endloop
  endfacet
  facet normal 0 -1 -0
    outer loop
      vertex 24.5 90.5 2.4
      vertex 21.5 90.5 0
      vertex 24.5 90.5 0
    endloop
  endfacet
  facet normal 0 1 -0
    outer loop
      vertex 24.5 55.5 0
      vertex 21.5 55.5 2.4
      vertex 24.5 55.5 2.4
    endloop
  endfacet
  facet normal 0 1 0
    outer loop
      vertex 21.5 55.5 2.4
      vertex 24.5 55.5 0
      vertex 21.5 55.5 0
    endloop
  endfacet
  facet normal -1 0 0
    outer loop
      vertex 30.5 55.5 0
      vertex 30.5 90.5 2.4
      vertex 30.5 90.5 0
    endloop
  endfacet
  facet normal -1 -0 0
    outer loop
      vertex 30.5 90.5 2.4
      vertex 30.5 55.5 0
      vertex 30.5 55.5 2.4
    endloop
  endfacet
  facet normal 1 -0 0
    outer loop
      vertex 27.5 55.5 2.4
      vertex 27.5 90.5 0
      vertex 27.5 90.5 2.4
    endloop
  endfacet
  facet normal 1 0 0
    outer loop
      vertex 27.5 90.5 0
      vertex 27.5 55.5 2.4
      vertex 27.5 55.5 0
    endloop
  endfacet
  facet normal 0 -1 0
    outer loop
      vertex 27.5 90.5 0
      vertex 30.5 90.5 2.4
      vertex 27.5 90.5 2.4
    endloop
  endfacet
  facet normal 0 -1 -0
    outer loop
      vertex 30.5 90.5 2.4
      vertex 27.5 90.5 0
      vertex 30.5 90.5 0
    endloop
  endfacet
  facet normal 0 1 -0
    outer loop
      vertex 30.5 55.5 0
      vertex 27.5 55.5 2.4
      vertex 30.5 55.5 2.4
    endloop
  endfacet
  facet normal 0 1 0
    outer loop
      vertex 27.5 55.5 2.4
      vertex 30.5 55.5 0
      vertex 27.5 55.5 0
    endloop
  endfacet
  facet normal -1 0 0
    outer loop
      vertex 36.5 55.5 0
      vertex 36.5 90.5 2.4
      vertex 36.5 90.5 0
    endloop
  endfacet
  facet normal -1 -0 0
    outer loop
      vertex 36.5 90.5 2.4
      vertex 36.5 55.5 0
      vertex 36.5 55.5 2.4
    endloop
  endfacet
  facet normal 1 -0 0
    outer loop
      vertex 33.5 55.5 2.4
      vertex 33.5 90.5 0
      vertex 33.5 90.5 2.4
    endloop
  endfacet
  facet normal 1 0 0
    outer loop
      vertex 33.5 90.5 0
      vertex 33.5 55.5 2.4
      vertex 33.5 55.5 0
    endloop
  endfacet
  facet normal 0 -1 0
    outer loop
      vertex 33.5 90.5 0
      vertex 36.5 90.5 2.4
      vertex 33.5 90.5 2.4
    endloop
  endfacet
  facet normal 0 -1 -0
    outer loop
      vertex 36.5 90.5 2.4
      vertex 33.5 90.5 0
      vertex 36.5 90.5 0
    endloop
  endfacet
  facet normal 0 1 -0
    outer loop
      vertex 36.5 55.5 0
      vertex 33.5 55.5 2.4
      vertex 36.5 55.5 2.4
    endloop
  endfacet
  facet normal 0 1 0
    outer loop
      vertex 33.5 55.5 2.4
      vertex 36.5 55.5 0
      vertex 33.5 55.5 0
    endloop
  endfacet
  facet normal -1 0 0
    outer loop
      vertex 42.5 55.5 0
      vertex 42.5 90.5 2.4
      vertex 42.5 90.5 0
    endloop
  endfacet
  facet normal -1 -0 0
    outer loop
      vertex 42.5 90.5 2.4
      vertex 42.5 55.5 0
      vertex 42.5 55.5 2.4
    endloop
  endfacet
  facet normal 1 -0 0
    outer loop
      vertex 39.5 55.5 2.4
      vertex 39.5 90.5 0
      vertex 39.5 90.5 2.4
    endloop
  endfacet
  facet normal 1 0 0
    outer loop
      vertex 39.5 90.5 0
      vertex 39.5 55.5 2.4
      vertex 39.5 55.5 0
    endloop
  endfacet
  facet normal 0 -1 0
    outer loop
      vertex 39.5 90.5 0
      vertex 42.5 90.5 2.4
      vertex 39.5 90.5 2.4
    endloop
  endfacet
  facet normal 0 -1 -0
    outer loop
      vertex 42.5 90.5 2.4
      vertex 39.5 90.5 0
      vertex 42.5 90.5 0
    endloop
  endfacet
  facet normal 0 1 -0
    outer loop
      vertex 42.5 55.5 0
      vertex 39.5 55.5 2.4
      vertex 42.5 55.5 2.4
    endloop
  endfacet
  facet normal 0 1 0
    outer loop
      vertex 39.5 55.5 2.4
      vertex 42.5 55.5 0
      vertex 39.5 55.5 0
    endloop
  endfacet
  facet normal -1 0 0
    outer loop
      vertex 48.5 55.5 0
      vertex 48.5 90.5 2.4
      vertex 48.5 90.5 0
    endloop
  endfacet
  facet normal -1 -0 0
    outer loop
      vertex 48.5 90.5 2.4
      vertex 48.5 55.5 0
      vertex 48.5 55.5 2.4
    endloop
  endfacet
  facet normal 1 -0 0
    outer loop
      vertex 45.5 55.5 2.4
      vertex 45.5 90.5 0
      vertex 45.5 90.5 2.4
    endloop
  endfacet
  facet normal 1 0 0
    outer loop
      vertex 45.5 90.5 0
      vertex 45.5 55.5 2.4
      vertex 45.5 55.5 0
    endloop
  endfacet
  facet normal 0 -1 0
    outer loop
      vertex 45.5 90.5 0
      vertex 48.5 90.5 2.4
      vertex 45.5 90.5 2.4
    endloop
  endfacet
  facet normal 0 -1 -0
    outer loop
      vertex 48.5 90.5 2.4
      vertex 45.5 90.5 0
      vertex 48.5 90.5 0
    endloop
  endfacet
  facet normal 0 1 -0
    outer loop
      vertex 48.5 55.5 0
      vertex 45.5 55.5 2.4
      vertex 48.5 55.5 2.4
    endloop
  endfacet
  facet normal 0 1 0
    outer loop
      vertex 45.5 55.5 2.4
      vertex 48.5 55.5 0
      vertex 45.5 55.5 0
    endloop
  endfacet
  facet normal -1 0 0
    outer loop
      vertex 54.5 55.5 0
      vertex 54.5 90.5 2.4
      vertex 54.5 90.5 0
    endloop
  endfacet
  facet normal -1 -0 0
    outer loop
      vertex 54.5 90.5 2.4
      vertex 54.5 55.5 0
      vertex 54.5 55.5 2.4
    endloop
  endfacet
  facet normal 1 -0 0
    outer loop
      vertex 51.5 55.5 2.4
      vertex 51.5 90.5 0
      vertex 51.5 90.5 2.4
    endloop
  endfacet
  facet normal 1 0 0
    outer loop
      vertex 51.5 90.5 0
      vertex 51.5 55.5 2.4
      vertex 51.5 55.5 0
    endloop
  endfacet
  facet normal 0 -1 0
    outer loop
      vertex 51.5 90.5 0
      vertex 54.5 90.5 2.4
      vertex 51.5 90.5 2.4
    endloop
  endfacet
  facet normal 0 -1 -0
    outer loop
      vertex 54.5 90.5 2.4
      vertex 51.5 90.5 0
      vertex 54.5 90.5 0
    endloop
  endfacet
  facet normal 0 1 -0
    outer loop
      vertex 54.5 55.5 0
      vertex 51.5 55.5 2.4
      vertex 54.5 55.5 2.4
    endloop
  endfacet
  facet normal 0 1 0
    outer loop
      vertex 51.5 55.5 2.4
      vertex 54.5 55.5 0
      vertex 51.5 55.5 0
    endloop
  endfacet
  facet normal -1 0 0
    outer loop
      vertex 60.5 55.5 0
      vertex 60.5 90.5 2.4
      vertex 60.5 90.5 0
    endloop
  endfacet
  facet normal -1 -0 0
    outer loop
      vertex 60.5 90.5 2.4
      vertex 60.5 55.5 0
      vertex 60.5 55.5 2.4
    endloop
  endfacet
  facet normal 1 -0 0
    outer loop
      vertex 57.5 55.5 2.4
      vertex 57.5 90.5 0
      vertex 57.5 90.5 2.4
    endloop
  endfacet
  facet normal 1 0 0
    outer loop
      vertex 57.5 90.5 0
      vertex 57.5 55.5 2.4
      vertex 57.5 55.5 0
    endloop
  endfacet
  facet normal 0 -1 0
    outer loop
      vertex 57.5 90.5 0
      vertex 60.5 90.5 2.4
      vertex 57.5 90.5 2.4
    endloop
  endfacet
  facet normal 0 -1 -0
    outer loop
      vertex 60.5 90.5 2.4
      vertex 57.5 90.5 0
      vertex 60.5 90.5 0
    endloop
  endfacet
  facet normal 0 1 -0
    outer loop
      vertex 60.5 55.5 0
      vertex 57.5 55.5 2.4
      vertex 60.5 55.5 2.4
    endloop
  endfacet
  facet normal 0 1 0
    outer loop
      vertex 57.5 55.5 2.4
      vertex 60.5 55.5 0
      vertex 57.5 55.5 0
    endloop
  endfacet
  facet normal -1 0 0
    outer loop
      vertex 66.5 55.5 0
      vertex 66.5 90.5 2.4
      vertex 66.5 90.5 0
    endloop
  endfacet
  facet normal -1 -0 0
    outer loop
      vertex 66.5 90.5 2.4
      vertex 66.5 55.5 0
      vertex 66.5 55.5 2.4
    endloop
  endfacet
  facet normal 1 -0 0
    outer loop
      vertex 63.5 55.5 2.4
      vertex 63.5 90.5 0
      vertex 63.5 90.5 2.4
    endloop
  endfacet
  facet normal 1 0 0
    outer loop
      vertex 63.5 90.5 0
      vertex 63.5 55.5 2.4
      vertex 63.5 55.5 0
    endloop
  endfacet
  facet normal 0 -1 0
    outer loop
      vertex 63.5 90.5 0
      vertex 66.5 90.5 2.4
      vertex 63.5 90.5 2.4
    endloop
  endfacet
  facet normal 0 -1 -0
    outer loop
      vertex 66.5 90.5 2.4
      vertex 63.5 90.5 0
      vertex 66.5 90.5 0
    endloop
  endfacet
  facet normal 0 1 -0
    outer loop
      vertex 66.5 55.5 0
      vertex 63.5 55.5 2.4
      vertex 66.5 55.5 2.4
    endloop
  endfacet
  facet normal 0 1 0
    outer loop
      vertex 63.5 55.5 2.4
      vertex 66.5 55.5 0
      vertex 63.5 55.5 0
    endloop
  endfacet
  facet normal -1 0 0
    outer loop
      vertex 72.5 55.5 0
      vertex 72.5 90.5 2.4
      vertex 72.5 90.5 0
    endloop
  endfacet
  facet normal -1 -0 0
    outer loop
      vertex 72.5 90.5 2.4
      vertex 72.5 55.5 0
      vertex 72.5 55.5 2.4
    endloop
  endfacet
  facet normal 1 -0 0
    outer loop
      vertex 69.5 55.5 2.4
      vertex 69.5 90.5 0
      vertex 69.5 90.5 2.4
    endloop
  endfacet
  facet normal 1 0 0
    outer loop
      vertex 69.5 90.5 0
      vertex 69.5 55.5 2.4
      vertex 69.5 55.5 0
    endloop
  endfacet
  facet normal 0 -1 0
    outer loop
      vertex 69.5 90.5 0
      vertex 72.5 90.5 2.4
      vertex 69.5 90.5 2.4
    endloop
  endfacet
  facet normal 0 -1 -0
    outer loop
      vertex 72.5 90.5 2.4
      vertex 69.5 90.5 0
      vertex 72.5 90.5 0
    endloop
  endfacet
  facet normal 0 1 -0
    outer loop
      vertex 72.5 55.5 0
      vertex 69.5 55.5 2.4
      vertex 72.5 55.5 2.4
    endloop
  endfacet
  facet normal 0 1 0
    outer loop
      vertex 69.5 55.5 2.4
      vertex 72.5 55.5 0
      vertex 69.5 55.5 0
    endloop
  endfacet
  facet normal -1 0 0
    outer loop
      vertex 78.5 55.5 0
      vertex 78.5 90.5 2.4
      vertex 78.5 90.5 0
    endloop
  endfacet
  facet normal -1 -0 0
    outer loop
      vertex 78.5 90.5 2.4
      vertex 78.5 55.5 0
      vertex 78.5 55.5 2.4
    endloop
  endfacet
  facet normal 1 -0 0
    outer loop
      vertex 75.5 55.5 2.4
      vertex 75.5 90.5 0
      vertex 75.5 90.5 2.4
    endloop
  endfacet
  facet normal 1 0 0
    outer loop
      vertex 75.5 90.5 0
      vertex 75.5 55.5 2.4
      vertex 75.5 55.5 0
    endloop
  endfacet
  facet normal 0 -1 0
    outer loop
      vertex 75.5 90.5 0
      vertex 78.5 90.5 2.4
      vertex 75.5 90.5 2.4
    endloop
  endfacet
  facet normal 0 -1 -0
    outer loop
      vertex 78.5 90.5 2.4
      vertex 75.5 90.5 0
      vertex 78.5 90.5 0
    endloop
  endfacet
  facet normal 0 1 -0
    outer loop
      vertex 78.5 55.5 0
      vertex 75.5 55.5 2.4
      vertex 78.5 55.5 2.4
    endloop
  endfacet
  facet normal 0 1 0
    outer loop
      vertex 75.5 55.5 2.4
      vertex 78.5 55.5 0
      vertex 75.5 55.5 0
    endloop
  endfacet
  facet normal -1 0 0
    outer loop
      vertex 84.5 55.5 0
      vertex 84.5 90.5 2.4
      vertex 84.5 90.5 0
    endloop
  endfacet
  facet normal -1 -0 0
    outer loop
      vertex 84.5 90.5 2.4
      vertex 84.5 55.5 0
      vertex 84.5 55.5 2.4
    endloop
  endfacet
  facet normal 1 -0 0
    outer loop
      vertex 81.5 55.5 2.4
      vertex 81.5 90.5 0
      vertex 81.5 90.5 2.4
    endloop
  endfacet
  facet normal 1 0 0
    outer loop
      vertex 81.5 90.5 0
      vertex 81.5 55.5 2.4
      vertex 81.5 55.5 0
    endloop
  endfacet
  facet normal 0 -1 0
    outer loop
      vertex 81.5 90.5 0
      vertex 84.5 90.5 2.4
      vertex 81.5 90.5 2.4
    endloop
  endfacet
  facet normal 0 -1 -0
    outer loop
      vertex 84.5 90.5 2.4
      vertex 81.5 90.5 0
      vertex 84.5 90.5 0
    endloop
  endfacet
  facet normal 0 1 -0
    outer loop
      vertex 84.5 55.5 0
      vertex 81.5 55.5 2.4
      vertex 84.5 55.5 2.4
    endloop
  endfacet
  facet normal 0 1 0
    outer loop
      vertex 81.5 55.5 2.4
      vertex 84.5 55.5 0
      vertex 81.5 55.5 0
    endloop
  endfacet
  facet normal -0.290279 -0.956942 1.61531e-06
    outer loop
      vertex 162.463 30.3559 2.4
      vertex 163.3 30.102 0
      vertex 163.87 29.9291 2.4
    endloop
  endfacet
  facet normal -0.290283 -0.956941 0
    outer loop
      vertex 162.463 30.3559 -1
      vertex 163.3 30.102 0
      vertex 162.463 30.3559 2.4
    endloop
  endfacet
  facet normal -0.290283 -0.956941 -0
    outer loop
      vertex 163.3 30.102 0
      vertex 162.463 30.3559 -1
      vertex 163.3 30.102 -1
    endloop
  endfacet
  facet normal -0.290273 -0.956944 -0
    outer loop
      vertex 163.87 29.9291 2.4
      vertex 163.3 30.102 0
      vertex 163.87 29.9291 0
    endloop
  endfacet
  facet normal 0.0980578 -0.995181 0
    outer loop
      vertex 160.9 30.4902 0
      vertex 159.537 30.3559 2.4
      vertex 159.537 30.3559 0
    endloop
  endfacet
  facet normal 0.0980219 -0.995184 -2.05771e-05
    outer loop
      vertex 159.537 30.3559 2.4
      vertex 160.9 30.4902 0
      vertex 161 30.5 2.4
    endloop
  endfacet
  facet normal 0.0975328 -0.995232 0
    outer loop
      vertex 161 30.5 -1
      vertex 160.9 30.4902 0
      vertex 160.9 30.4902 -1
    endloop
  endfacet
  facet normal 0.0975328 -0.995232 0
    outer loop
      vertex 160.9 30.4902 0
      vertex 161 30.5 -1
      vertex 161 30.5 2.4
    endloop
  endfacet
  facet normal 0.471312 -0.881967 0
    outer loop
      vertex 156.833 29.236 0
      vertex 158.13 29.9291 2.4
      vertex 156.833 29.236 2.4
    endloop
  endfacet
  facet normal 0.471312 -0.881967 0
    outer loop
      vertex 158.13 29.9291 2.4
      vertex 156.833 29.236 0
      vertex 158.13 29.9291 0
    endloop
  endfacet
  facet normal 0.772911 -0.634515 0
    outer loop
      vertex 154.764 27.1668 2.4
      vertex 155.697 28.3033 0
      vertex 155.697 28.3033 2.4
    endloop
  endfacet
  facet normal 0.772911 -0.634515 0
    outer loop
      vertex 155.697 28.3033 0
      vertex 154.764 27.1668 2.4
      vertex 154.764 27.1668 0
    endloop
  endfacet
  facet normal 0.290279 -0.956942 0
    outer loop
      vertex 158.13 29.9291 0
      vertex 159.537 30.3559 2.4
      vertex 158.13 29.9291 2.4
    endloop
  endfacet
  facet normal 0.290279 -0.956942 0
    outer loop
      vertex 159.537 30.3559 2.4
      vertex 158.13 29.9291 0
      vertex 159.537 30.3559 0
    endloop
  endfacet
  facet normal -0.0980219 -0.995184 0
    outer loop
      vertex 161 30.5 -1
      vertex 162.463 30.3559 2.4
      vertex 161 30.5 2.4
    endloop
  endfacet
  facet normal -0.0980219 -0.995184 -0
    outer loop
      vertex 162.463 30.3559 2.4
      vertex 161 30.5 -1
      vertex 162.463 30.3559 -1
    endloop
  endfacet
  facet normal 0.63456 -0.772874 0
    outer loop
      vertex 155.697 28.3033 0
      vertex 156.833 29.236 2.4
      vertex 155.697 28.3033 2.4
    endloop
  endfacet
  facet normal 0.63456 -0.772874 0
    outer loop
      vertex 156.833 29.236 2.4
      vertex 155.697 28.3033 0
      vertex 156.833 29.236 0
    endloop
  endfacet
  facet normal -0.63449 -0.772931 0
    outer loop
      vertex 165.167 29.236 0
      vertex 166 28.5522 2.4
      vertex 165.167 29.236 2.4
    endloop
  endfacet
  facet normal -0.63449 -0.772931 -0
    outer loop
      vertex 166 28.5522 2.4
      vertex 165.167 29.236 0
      vertex 166 28.5522 0
    endloop
  endfacet
  facet normal -0.471312 -0.881967 0
    outer loop
      vertex 163.87 29.9291 0
      vertex 165.167 29.236 2.4
      vertex 163.87 29.9291 2.4
    endloop
  endfacet
  facet normal -0.471312 -0.881967 -0
    outer loop
      vertex 165.167 29.236 2.4
      vertex 163.87 29.9291 0
      vertex 165.167 29.236 0
    endloop
  endfacet
  facet normal 0.881817 -0.471592 0
    outer loop
      vertex 154.14 26 2.4
      vertex 154.764 27.1668 0
      vertex 154.764 27.1668 2.4
    endloop
  endfacet
  facet normal 0.881817 -0.471592 0
    outer loop
      vertex 154.764 27.1668 0
      vertex 154.14 26 2.4
      vertex 154.14 26 0
    endloop
  endfacet
  facet normal 0.60874 0.79337 -0
    outer loop
      vertex 51.75 48.8349 0
      vertex 51.2322 49.2322 2.4
      vertex 51.75 48.8349 2.4
    endloop
  endfacet
  facet normal 0.60874 0.79337 0
    outer loop
      vertex 51.2322 49.2322 2.4
      vertex 51.75 48.8349 0
      vertex 51.2322 49.2322 0
    endloop
  endfacet
  facet normal -0.923918 -0.382591 0
    outer loop
      vertex 55.4148 51.647 0
      vertex 55.1651 52.25 2.4
      vertex 55.1651 52.25 0
    endloop
  endfacet
  facet normal -0.923918 -0.382591 0
    outer loop
      vertex 55.1651 52.25 2.4
      vertex 55.4148 51.647 0
      vertex 55.4148 51.647 2.4
    endloop
  endfacet
  facet normal -0.991441 -0.130558 0
    outer loop
      vertex 55.5 51 0
      vertex 55.4148 51.647 2.4
      vertex 55.4148 51.647 0
    endloop
  endfacet
  facet normal -0.991441 -0.130558 0
    outer loop
      vertex 55.4148 51.647 2.4
      vertex 55.5 51 0
      vertex 55.5 51 2.4
    endloop
  endfacet
  facet normal -0.79337 -0.60874 0
    outer loop
      vertex 55.1651 52.25 0
      vertex 54.7678 52.7678 2.4
      vertex 54.7678 52.7678 0
    endloop
  endfacet
  facet normal -0.79337 -0.60874 0
    outer loop
      vertex 54.7678 52.7678 2.4
      vertex 55.1651 52.25 0
      vertex 55.1651 52.25 2.4
    endloop
  endfacet
  facet normal -0.60874 -0.79337 0
    outer loop
      vertex 54.25 53.1651 0
      vertex 54.7678 52.7678 2.4
      vertex 54.25 53.1651 2.4
    endloop
  endfacet
  facet normal -0.60874 -0.79337 -0
    outer loop
      vertex 54.7678 52.7678 2.4
      vertex 54.25 53.1651 0
      vertex 54.7678 52.7678 0
    endloop
  endfacet
  facet normal 0.130558 -0.991441 0
    outer loop
      vertex 52.353 53.4148 0
      vertex 53 53.5 2.4
      vertex 52.353 53.4148 2.4
    endloop
  endfacet
  facet normal 0.130558 -0.991441 0
    outer loop
      vertex 53 53.5 2.4
      vertex 52.353 53.4148 0
      vertex 53 53.5 0
    endloop
  endfacet
  facet normal -0.382591 -0.923918 0
    outer loop
      vertex 53.647 53.4148 0
      vertex 54.25 53.1651 2.4
      vertex 53.647 53.4148 2.4
    endloop
  endfacet
  facet normal -0.382591 -0.923918 -0
    outer loop
      vertex 54.25 53.1651 2.4
      vertex 53.647 53.4148 0
      vertex 54.25 53.1651 0
    endloop
  endfacet
  facet normal -0.79337 0.60874 0
    outer loop
      vertex 54.7678 49.2322 0
      vertex 55.1651 49.75 2.4
      vertex 55.1651 49.75 0
    endloop
  endfacet
  facet normal -0.79337 0.60874 0
    outer loop
      vertex 55.1651 49.75 2.4
      vertex 54.7678 49.2322 0
      vertex 54.7678 49.2322 2.4
    endloop
  endfacet
  facet normal 0.79337 -0.60874 0
    outer loop
      vertex 50.8349 52.25 2.4
      vertex 51.2322 52.7678 0
      vertex 51.2322 52.7678 2.4
    endloop
  endfacet
  facet normal 0.79337 -0.60874 0
    outer loop
      vertex 51.2322 52.7678 0
      vertex 50.8349 52.25 2.4
      vertex 50.8349 52.25 0
    endloop
  endfacet
  facet normal -0.130558 -0.991441 0
    outer loop
      vertex 53 53.5 0
      vertex 53.647 53.4148 2.4
      vertex 53 53.5 2.4
    endloop
  endfacet
  facet normal -0.130558 -0.991441 -0
    outer loop
      vertex 53.647 53.4148 2.4
      vertex 53 53.5 0
      vertex 53.647 53.4148 0
    endloop
  endfacet
  facet normal 0.991441 -0.130558 0
    outer loop
      vertex 50.5 51 2.4
      vertex 50.5852 51.647 0
      vertex 50.5852 51.647 2.4
    endloop
  endfacet
  facet normal 0.991441 -0.130558 0
    outer loop
      vertex 50.5852 51.647 0
      vertex 50.5 51 2.4
      vertex 50.5 51 0
    endloop
  endfacet
  facet normal -0.991441 0.130558 0
    outer loop
      vertex 55.4148 50.353 0
      vertex 55.5 51 2.4
      vertex 55.5 51 0
    endloop
  endfacet
  facet normal -0.991441 0.130558 0
    outer loop
      vertex 55.5 51 2.4
      vertex 55.4148 50.353 0
      vertex 55.4148 50.353 2.4
    endloop
  endfacet
  facet normal 0.60874 -0.79337 0
    outer loop
      vertex 51.2322 52.7678 0
      vertex 51.75 53.1651 2.4
      vertex 51.2322 52.7678 2.4
    endloop
  endfacet
  facet normal 0.60874 -0.79337 0
    outer loop
      vertex 51.75 53.1651 2.4
      vertex 51.2322 52.7678 0
      vertex 51.75 53.1651 0
    endloop
  endfacet
  facet normal 0.130558 0.991441 -0
    outer loop
      vertex 53 48.5 0
      vertex 52.353 48.5852 2.4
      vertex 53 48.5 2.4
    endloop
  endfacet
  facet normal 0.130558 0.991441 0
    outer loop
      vertex 52.353 48.5852 2.4
      vertex 53 48.5 0
      vertex 52.353 48.5852 0
    endloop
  endfacet
  facet normal -0.130558 0.991441 0
    outer loop
      vertex 53.647 48.5852 0
      vertex 53 48.5 2.4
      vertex 53.647 48.5852 2.4
    endloop
  endfacet
  facet normal -0.130558 0.991441 0
    outer loop
      vertex 53 48.5 2.4
      vertex 53.647 48.5852 0
      vertex 53 48.5 0
    endloop
  endfacet
  facet normal -0.382591 0.923918 0
    outer loop
      vertex 54.25 48.8349 0
      vertex 53.647 48.5852 2.4
      vertex 54.25 48.8349 2.4
    endloop
  endfacet
  facet normal -0.382591 0.923918 0
    outer loop
      vertex 53.647 48.5852 2.4
      vertex 54.25 48.8349 0
      vertex 53.647 48.5852 0
    endloop
  endfacet
  facet normal 0.79337 0.60874 0
    outer loop
      vertex 51.2322 49.2322 2.4
      vertex 50.8349 49.75 0
      vertex 50.8349 49.75 2.4
    endloop
  endfacet
  facet normal 0.79337 0.60874 0
    outer loop
      vertex 50.8349 49.75 0
      vertex 51.2322 49.2322 2.4
      vertex 51.2322 49.2322 0
    endloop
  endfacet
  facet normal -0.60874 0.79337 0
    outer loop
      vertex 54.7678 49.2322 0
      vertex 54.25 48.8349 2.4
      vertex 54.7678 49.2322 2.4
    endloop
  endfacet
  facet normal -0.60874 0.79337 0
    outer loop
      vertex 54.25 48.8349 2.4
      vertex 54.7678 49.2322 0
      vertex 54.25 48.8349 0
    endloop
  endfacet
  facet normal 0.991441 0.130558 0
    outer loop
      vertex 50.5852 50.353 2.4
      vertex 50.5 51 0
      vertex 50.5 51 2.4
    endloop
  endfacet
  facet normal 0.991441 0.130558 0
    outer loop
      vertex 50.5 51 0
      vertex 50.5852 50.353 2.4
      vertex 50.5852 50.353 0
    endloop
  endfacet
  facet normal 0.923918 -0.382591 0
    outer loop
      vertex 50.5852 51.647 2.4
      vertex 50.8349 52.25 0
      vertex 50.8349 52.25 2.4
    endloop
  endfacet
  facet normal 0.923918 -0.382591 0
    outer loop
      vertex 50.8349 52.25 0
      vertex 50.5852 51.647 2.4
      vertex 50.5852 51.647 0
    endloop
  endfacet
  facet normal 0.382591 0.923918 -0
    outer loop
      vertex 52.353 48.5852 0
      vertex 51.75 48.8349 2.4
      vertex 52.353 48.5852 2.4
    endloop
  endfacet
  facet normal 0.382591 0.923918 0
    outer loop
      vertex 51.75 48.8349 2.4
      vertex 52.353 48.5852 0
      vertex 51.75 48.8349 0
    endloop
  endfacet
  facet normal 0.923918 0.382591 0
    outer loop
      vertex 50.8349 49.75 2.4
      vertex 50.5852 50.353 0
      vertex 50.5852 50.353 2.4
    endloop
  endfacet
  facet normal 0.923918 0.382591 0
    outer loop
      vertex 50.5852 50.353 0
      vertex 50.8349 49.75 2.4
      vertex 50.8349 49.75 0
    endloop
  endfacet
  facet normal 0.382591 -0.923918 0
    outer loop
      vertex 51.75 53.1651 0
      vertex 52.353 53.4148 2.4
      vertex 51.75 53.1651 2.4
    endloop
  endfacet
  facet normal 0.382591 -0.923918 0
    outer loop
      vertex 52.353 53.4148 2.4
      vertex 51.75 53.1651 0
      vertex 52.353 53.4148 0
    endloop
  endfacet
  facet normal -0.923918 0.382591 0
    outer loop
      vertex 55.1651 49.75 0
      vertex 55.4148 50.353 2.4
      vertex 55.4148 50.353 0
    endloop
  endfacet
  facet normal -0.923918 0.382591 0
    outer loop
      vertex 55.4148 50.353 2.4
      vertex 55.1651 49.75 0
      vertex 55.1651 49.75 2.4
    endloop
  endfacet
  facet normal -1 0 0
    outer loop
      vertex 154 90.9 0
      vertex 154 91 -1
      vertex 154 90.9 -1
    endloop
  endfacet
  facet normal -1 0 0
    outer loop
      vertex 154 91 -1
      vertex 154 90.9 0
      vertex 154 91 2.4
    endloop
  endfacet
  facet normal -1 0 0
    outer loop
      vertex 154 47 2.4
      vertex 154 90.9 0
      vertex 154 47 0
    endloop
  endfacet
  facet normal -1 0 0
    outer loop
      vertex 154 90.9 0
      vertex 154 47 2.4
      vertex 154 91 2.4
    endloop
  endfacet
  facet normal -0 0 1
    outer loop
      vertex 96 91 -1
      vertex 154 90.9 -1
      vertex 154 91 -1
    endloop
  endfacet
  facet normal 0 0 1
    outer loop
      vertex 154 90.9 -1
      vertex 96 91 -1
      vertex 96 90.9 -1
    endloop
  endfacet
  facet normal 1 0 0
    outer loop
      vertex 96 91 2.4
      vertex 96 90.9 0
      vertex 96 91 -1
    endloop
  endfacet
  facet normal 1 -0 0
    outer loop
      vertex 96 47 2.4
      vertex 96 90.9 0
      vertex 96 91 2.4
    endloop
  endfacet
  facet normal 1 0 0
    outer loop
      vertex 96 90.9 0
      vertex 96 47 2.4
      vertex 96 47 0
    endloop
  endfacet
  facet normal 1 0 0
    outer loop
      vertex 96 91 -1
      vertex 96 90.9 0
      vertex 96 90.9 -1
    endloop
  endfacet
  facet normal 0 -1 0
    outer loop
      vertex 96 91 -1
      vertex 154 91 2.4
      vertex 96 91 2.4
    endloop
  endfacet
  facet normal 0 -1 -0
    outer loop
      vertex 154 91 2.4
      vertex 96 91 -1
      vertex 154 91 -1
    endloop
  endfacet
  facet normal 0 1 -0
    outer loop
      vertex 154 47 0
      vertex 96 47 2.4
      vertex 154 47 2.4
    endloop
  endfacet
  facet normal 0 1 0
    outer loop
      vertex 96 47 2.4
      vertex 154 47 0
      vertex 96 47 0
    endloop
  endfacet
  facet normal 0.923872 0.382701 0
    outer loop
      vertex 92.8978 46.2765 6.4
      vertex 92.5981 47 2.4
      vertex 92.5981 47 6.4
    endloop
  endfacet
  facet normal 0.923872 0.382701 0
    outer loop
      vertex 92.5981 47 2.4
      vertex 92.8978 46.2765 6.4
      vertex 92.8978 46.2765 2.4
    endloop
  endfacet
  facet normal 0.99145 0.130491 0
    outer loop
      vertex 93 45.5 6.4
      vertex 92.8978 46.2765 2.4
      vertex 92.8978 46.2765 6.4
    endloop
  endfacet
  facet normal 0.99145 0.130491 0
    outer loop
      vertex 92.8978 46.2765 2.4
      vertex 93 45.5 6.4
      vertex 93 45.5 2.4
    endloop
  endfacet
  facet normal -0.608809 0.793316 0
    outer loop
      vertex 88.5 48.0981 2.4
      vertex 87.8787 47.6213 6.4
      vertex 88.5 48.0981 6.4
    endloop
  endfacet
  facet normal -0.608809 0.793316 0
    outer loop
      vertex 87.8787 47.6213 6.4
      vertex 88.5 48.0981 2.4
      vertex 87.8787 47.6213 2.4
    endloop
  endfacet
  facet normal -0.382701 0.923872 0
    outer loop
      vertex 89.2235 48.3978 2.4
      vertex 88.5 48.0981 6.4
      vertex 89.2235 48.3978 6.4
    endloop
  endfacet
  facet normal -0.382701 0.923872 0
    outer loop
      vertex 88.5 48.0981 6.4
      vertex 89.2235 48.3978 2.4
      vertex 88.5 48.0981 2.4
    endloop
  endfacet
  facet normal 0.608809 -0.793316 0
    outer loop
      vertex 91.5 42.9019 2.4
      vertex 92.1213 43.3787 6.4
      vertex 91.5 42.9019 6.4
    endloop
  endfacet
  facet normal 0.608809 -0.793316 0
    outer loop
      vertex 92.1213 43.3787 6.4
      vertex 91.5 42.9019 2.4
      vertex 92.1213 43.3787 2.4
    endloop
  endfacet
  facet normal 0.608809 0.793316 -0
    outer loop
      vertex 92.1213 47.6213 2.4
      vertex 91.5 48.0981 6.4
      vertex 92.1213 47.6213 6.4
    endloop
  endfacet
  facet normal 0.608809 0.793316 0
    outer loop
      vertex 91.5 48.0981 6.4
      vertex 92.1213 47.6213 2.4
      vertex 91.5 48.0981 2.4
    endloop
  endfacet
  facet normal -0.130491 -0.99145 0
    outer loop
      vertex 89.2235 42.6022 2.4
      vertex 90 42.5 6.4
      vertex 89.2235 42.6022 6.4
    endloop
  endfacet
  facet normal -0.130491 -0.99145 -0
    outer loop
      vertex 90 42.5 6.4
      vertex 89.2235 42.6022 2.4
      vertex 90 42.5 2.4
    endloop
  endfacet
  facet normal 0.130491 0.99145 -0
    outer loop
      vertex 90.7765 48.3978 2.4
      vertex 90 48.5 6.4
      vertex 90.7765 48.3978 6.4
    endloop
  endfacet
  facet normal 0.130491 0.99145 0
    outer loop
      vertex 90 48.5 6.4
      vertex 90.7765 48.3978 2.4
      vertex 90 48.5 2.4
    endloop
  endfacet
  facet normal 0.382701 0.923872 -0
    outer loop
      vertex 91.5 48.0981 2.4
      vertex 90.7765 48.3978 6.4
      vertex 91.5 48.0981 6.4
    endloop
  endfacet
  facet normal 0.382701 0.923872 0
    outer loop
      vertex 90.7765 48.3978 6.4
      vertex 91.5 48.0981 2.4
      vertex 90.7765 48.3978 2.4
    endloop
  endfacet
  facet normal -0.608809 -0.793316 0
    outer loop
      vertex 87.8787 43.3787 2.4
      vertex 88.5 42.9019 6.4
      vertex 87.8787 43.3787 6.4
    endloop
  endfacet
  facet normal -0.608809 -0.793316 -0
    outer loop
      vertex 88.5 42.9019 6.4
      vertex 87.8787 43.3787 2.4
      vertex 88.5 42.9019 2.4
    endloop
  endfacet
  facet normal 0.793316 0.608809 0
    outer loop
      vertex 92.5981 47 6.4
      vertex 92.1213 47.6213 2.4
      vertex 92.1213 47.6213 6.4
    endloop
  endfacet
  facet normal 0.793316 0.608809 0
    outer loop
      vertex 92.1213 47.6213 2.4
      vertex 92.5981 47 6.4
      vertex 92.5981 47 2.4
    endloop
  endfacet
  facet normal 0.130491 -0.99145 0
    outer loop
      vertex 90 42.5 2.4
      vertex 90.7765 42.6022 6.4
      vertex 90 42.5 6.4
    endloop
  endfacet
  facet normal 0.130491 -0.99145 0
    outer loop
      vertex 90.7765 42.6022 6.4
      vertex 90 42.5 2.4
      vertex 90.7765 42.6022 2.4
    endloop
  endfacet
  facet normal 0.793316 -0.608809 0
    outer loop
      vertex 92.1213 43.3787 6.4
      vertex 92.5981 44 2.4
      vertex 92.5981 44 6.4
    endloop
  endfacet
  facet normal 0.793316 -0.608809 0
    outer loop
      vertex 92.5981 44 2.4
      vertex 92.1213 43.3787 6.4
      vertex 92.1213 43.3787 2.4
    endloop
  endfacet
  facet normal 0.382701 -0.923872 0
    outer loop
      vertex 90.7765 42.6022 2.4
      vertex 91.5 42.9019 6.4
      vertex 90.7765 42.6022 6.4
    endloop
  endfacet
  facet normal 0.382701 -0.923872 0
    outer loop
      vertex 91.5 42.9019 6.4
      vertex 90.7765 42.6022 2.4
      vertex 91.5 42.9019 2.4
    endloop
  endfacet
  facet normal -0.793316 0.608809 0
    outer loop
      vertex 87.4019 47 2.4
      vertex 87.8787 47.6213 6.4
      vertex 87.8787 47.6213 2.4
    endloop
  endfacet
  facet normal -0.793316 0.608809 0
    outer loop
      vertex 87.8787 47.6213 6.4
      vertex 87.4019 47 2.4
      vertex 87.4019 47 6.4
    endloop
  endfacet
  facet normal -0.793316 -0.608809 0
    outer loop
      vertex 87.8787 43.3787 2.4
      vertex 87.4019 44 6.4
      vertex 87.4019 44 2.4
    endloop
  endfacet
  facet normal -0.793316 -0.608809 0
    outer loop
      vertex 87.4019 44 6.4
      vertex 87.8787 43.3787 2.4
      vertex 87.8787 43.3787 6.4
    endloop
  endfacet
  facet normal 0.99145 -0.130491 0
    outer loop
      vertex 92.8978 44.7235 6.4
      vertex 93 45.5 2.4
      vertex 93 45.5 6.4
    endloop
  endfacet
  facet normal 0.99145 -0.130491 0
    outer loop
      vertex 93 45.5 2.4
      vertex 92.8978 44.7235 6.4
      vertex 92.8978 44.7235 2.4
    endloop
  endfacet
  facet normal -0.130491 0.99145 0
    outer loop
      vertex 90 48.5 2.4
      vertex 89.2235 48.3978 6.4
      vertex 90 48.5 6.4
    endloop
  endfacet
  facet normal -0.130491 0.99145 0
    outer loop
      vertex 89.2235 48.3978 6.4
      vertex 90 48.5 2.4
      vertex 89.2235 48.3978 2.4
    endloop
  endfacet
  facet normal -0.923872 -0.382701 0
    outer loop
      vertex 87.4019 44 2.4
      vertex 87.1022 44.7235 6.4
      vertex 87.1022 44.7235 2.4
    endloop
  endfacet
  facet normal -0.923872 -0.382701 0
    outer loop
      vertex 87.1022 44.7235 6.4
      vertex 87.4019 44 2.4
      vertex 87.4019 44 6.4
    endloop
  endfacet
  facet normal -0.99145 -0.130491 0
    outer loop
      vertex 87.1022 44.7235 2.4
      vertex 87 45.5 6.4
      vertex 87 45.5 2.4
    endloop
  endfacet
  facet normal -0.99145 -0.130491 0
    outer loop
      vertex 87 45.5 6.4
      vertex 87.1022 44.7235 2.4
      vertex 87.1022 44.7235 6.4
    endloop
  endfacet
  facet normal 0.923872 -0.382701 0
    outer loop
      vertex 92.5981 44 6.4
      vertex 92.8978 44.7235 2.4
      vertex 92.8978 44.7235 6.4
    endloop
  endfacet
  facet normal 0.923872 -0.382701 0
    outer loop
      vertex 92.8978 44.7235 2.4
      vertex 92.5981 44 6.4
      vertex 92.5981 44 2.4
    endloop
  endfacet
  facet normal -0.382701 -0.923872 0
    outer loop
      vertex 88.5 42.9019 2.4
      vertex 89.2235 42.6022 6.4
      vertex 88.5 42.9019 6.4
    endloop
  endfacet
  facet normal -0.382701 -0.923872 -0
    outer loop
      vertex 89.2235 42.6022 6.4
      vertex 88.5 42.9019 2.4
      vertex 89.2235 42.6022 2.4
    endloop
  endfacet
  facet normal 0 0 1
    outer loop
      vertex 91.1 45.5 6.4
      vertex 93 45.5 6.4
      vertex 92.8978 46.2765 6.4
    endloop
  endfacet
  facet normal 0 0 1
    outer loop
      vertex 91.0163 45.921 6.4
      vertex 92.8978 46.2765 6.4
      vertex 92.5981 47 6.4
    endloop
  endfacet
  facet normal 0 0 1
    outer loop
      vertex 93 45.5 6.4
      vertex 91.1 45.5 6.4
      vertex 92.8978 44.7235 6.4
    endloop
  endfacet
  facet normal 0 0 1
    outer loop
      vertex 90.7778 46.2778 6.4
      vertex 92.5981 47 6.4
      vertex 92.1213 47.6213 6.4
    endloop
  endfacet
  facet normal -0 0 1
    outer loop
      vertex 91.0163 45.079 6.4
      vertex 92.8978 44.7235 6.4
      vertex 91.1 45.5 6.4
    endloop
  endfacet
  facet normal 0 0 1
    outer loop
      vertex 90.7778 46.2778 6.4
      vertex 92.1213 47.6213 6.4
      vertex 91.5 48.0981 6.4
    endloop
  endfacet
  facet normal 0 0 1
    outer loop
      vertex 92.8978 44.7235 6.4
      vertex 91.0163 45.079 6.4
      vertex 92.5981 44 6.4
    endloop
  endfacet
  facet normal -0 0 1
    outer loop
      vertex 90.7778 44.7222 6.4
      vertex 92.5981 44 6.4
      vertex 91.0163 45.079 6.4
    endloop
  endfacet
  facet normal 0 0 1
    outer loop
      vertex 92.8978 46.2765 6.4
      vertex 91.0163 45.921 6.4
      vertex 91.1 45.5 6.4
    endloop
  endfacet
  facet normal 0 0 1
    outer loop
      vertex 92.5981 47 6.4
      vertex 90.7778 46.2778 6.4
      vertex 91.0163 45.921 6.4
    endloop
  endfacet
  facet normal 0 0 1
    outer loop
      vertex 90.421 46.5163 6.4
      vertex 91.5 48.0981 6.4
      vertex 90.7765 48.3978 6.4
    endloop
  endfacet
  facet normal 0 0 1
    outer loop
      vertex 91.5 48.0981 6.4
      vertex 90.421 46.5163 6.4
      vertex 90.7778 46.2778 6.4
    endloop
  endfacet
  facet normal 0 0 1
    outer loop
      vertex 90 46.6 6.4
      vertex 90.7765 48.3978 6.4
      vertex 90 48.5 6.4
    endloop
  endfacet
  facet normal 0 0 1
    outer loop
      vertex 90.7765 48.3978 6.4
      vertex 90 46.6 6.4
      vertex 90.421 46.5163 6.4
    endloop
  endfacet
  facet normal -0 0 1
    outer loop
      vertex 89.2235 48.3978 6.4
      vertex 90 46.6 6.4
      vertex 90 48.5 6.4
    endloop
  endfacet
  facet normal 0 0 1
    outer loop
      vertex 90 46.6 6.4
      vertex 89.2235 48.3978 6.4
      vertex 89.579 46.5163 6.4
    endloop
  endfacet
  facet normal -0 0 1
    outer loop
      vertex 88.5 48.0981 6.4
      vertex 89.579 46.5163 6.4
      vertex 89.2235 48.3978 6.4
    endloop
  endfacet
  facet normal 0 0 1
    outer loop
      vertex 89.579 46.5163 6.4
      vertex 88.5 48.0981 6.4
      vertex 89.2222 46.2778 6.4
    endloop
  endfacet
  facet normal -0 0 1
    outer loop
      vertex 87.8787 47.6213 6.4
      vertex 89.2222 46.2778 6.4
      vertex 88.5 48.0981 6.4
    endloop
  endfacet
  facet normal -0 0 1
    outer loop
      vertex 87.4019 47 6.4
      vertex 89.2222 46.2778 6.4
      vertex 87.8787 47.6213 6.4
    endloop
  endfacet
  facet normal 0 0 1
    outer loop
      vertex 92.5981 44 6.4
      vertex 90.7778 44.7222 6.4
      vertex 92.1213 43.3787 6.4
    endloop
  endfacet
  facet normal 0 0 1
    outer loop
      vertex 92.1213 43.3787 6.4
      vertex 90.7778 44.7222 6.4
      vertex 91.5 42.9019 6.4
    endloop
  endfacet
  facet normal -0 0 1
    outer loop
      vertex 90.421 44.4837 6.4
      vertex 91.5 42.9019 6.4
      vertex 90.7778 44.7222 6.4
    endloop
  endfacet
  facet normal 0 0 1
    outer loop
      vertex 91.5 42.9019 6.4
      vertex 90.421 44.4837 6.4
      vertex 90.7765 42.6022 6.4
    endloop
  endfacet
  facet normal -0 0 1
    outer loop
      vertex 90 44.4 6.4
      vertex 90.7765 42.6022 6.4
      vertex 90.421 44.4837 6.4
    endloop
  endfacet
  facet normal 0 0 1
    outer loop
      vertex 90 44.4 6.4
      vertex 90 42.5 6.4
      vertex 90.7765 42.6022 6.4
    endloop
  endfacet
  facet normal 0 0 1
    outer loop
      vertex 89.2235 42.6022 6.4
      vertex 90 44.4 6.4
      vertex 89.579 44.4837 6.4
    endloop
  endfacet
  facet normal 0 0 1
    outer loop
      vertex 90 44.4 6.4
      vertex 89.2235 42.6022 6.4
      vertex 90 42.5 6.4
    endloop
  endfacet
  facet normal 0 0 1
    outer loop
      vertex 88.5 42.9019 6.4
      vertex 89.579 44.4837 6.4
      vertex 89.2222 44.7222 6.4
    endloop
  endfacet
  facet normal 0 0 1
    outer loop
      vertex 87.4019 44 6.4
      vertex 89.2222 44.7222 6.4
      vertex 88.9837 45.079 6.4
    endloop
  endfacet
  facet normal 0 0 1
    outer loop
      vertex 87.1022 44.7235 6.4
      vertex 88.9837 45.079 6.4
      vertex 88.9 45.5 6.4
    endloop
  endfacet
  facet normal 0 0 1
    outer loop
      vertex 89.2222 46.2778 6.4
      vertex 87.4019 47 6.4
      vertex 88.9837 45.921 6.4
    endloop
  endfacet
  facet normal 0 0 1
    outer loop
      vertex 89.579 44.4837 6.4
      vertex 88.5 42.9019 6.4
      vertex 89.2235 42.6022 6.4
    endloop
  endfacet
  facet normal -0 0 1
    outer loop
      vertex 87.1022 46.2765 6.4
      vertex 88.9837 45.921 6.4
      vertex 87.4019 47 6.4
    endloop
  endfacet
  facet normal 0 0 1
    outer loop
      vertex 89.2222 44.7222 6.4
      vertex 87.8787 43.3787 6.4
      vertex 88.5 42.9019 6.4
    endloop
  endfacet
  facet normal 0 0 1
    outer loop
      vertex 88.9837 45.921 6.4
      vertex 87.1022 46.2765 6.4
      vertex 88.9 45.5 6.4
    endloop
  endfacet
  facet normal 0 0 1
    outer loop
      vertex 89.2222 44.7222 6.4
      vertex 87.4019 44 6.4
      vertex 87.8787 43.3787 6.4
    endloop
  endfacet
  facet normal 0 0 1
    outer loop
      vertex 87 45.5 6.4
      vertex 88.9 45.5 6.4
      vertex 87.1022 46.2765 6.4
    endloop
  endfacet
  facet normal 0 0 1
    outer loop
      vertex 88.9837 45.079 6.4
      vertex 87.1022 44.7235 6.4
      vertex 87.4019 44 6.4
    endloop
  endfacet
  facet normal 0 0 1
    outer loop
      vertex 88.9 45.5 6.4
      vertex 87 45.5 6.4
      vertex 87.1022 44.7235 6.4
    endloop
  endfacet
  facet normal -0.923872 0.382701 0
    outer loop
      vertex 87.1022 46.2765 2.4
      vertex 87.4019 47 6.4
      vertex 87.4019 47 2.4
    endloop
  endfacet
  facet normal -0.923872 0.382701 0
    outer loop
      vertex 87.4019 47 6.4
      vertex 87.1022 46.2765 2.4
      vertex 87.1022 46.2765 6.4
    endloop
  endfacet
  facet normal -0.99145 0.130491 0
    outer loop
      vertex 87 45.5 2.4
      vertex 87.1022 46.2765 6.4
      vertex 87.1022 46.2765 2.4
    endloop
  endfacet
  facet normal -0.99145 0.130491 0
    outer loop
      vertex 87.1022 46.2765 6.4
      vertex 87 45.5 2.4
      vertex 87 45.5 6.4
    endloop
  endfacet
  facet normal 0.555721 -0.831369 0
    outer loop
      vertex 89.2222 46.2778 2.4
      vertex 89.579 46.5163 6.4
      vertex 89.2222 46.2778 6.4
    endloop
  endfacet
  facet normal 0.555721 -0.831369 0
    outer loop
      vertex 89.579 46.5163 6.4
      vertex 89.2222 46.2778 2.4
      vertex 89.579 46.5163 2.4
    endloop
  endfacet
  facet normal -0.831369 -0.555721 0
    outer loop
      vertex 91.0163 45.921 2.4
      vertex 90.7778 46.2778 6.4
      vertex 90.7778 46.2778 2.4
    endloop
  endfacet
  facet normal -0.831369 -0.555721 0
    outer loop
      vertex 90.7778 46.2778 6.4
      vertex 91.0163 45.921 2.4
      vertex 91.0163 45.921 6.4
    endloop
  endfacet
  facet normal -0.980804 -0.194996 0
    outer loop
      vertex 91.1 45.5 2.4
      vertex 91.0163 45.921 6.4
      vertex 91.0163 45.921 2.4
    endloop
  endfacet
  facet normal -0.980804 -0.194996 0
    outer loop
      vertex 91.0163 45.921 6.4
      vertex 91.1 45.5 2.4
      vertex 91.1 45.5 6.4
    endloop
  endfacet
  facet normal 0.831369 -0.555721 0
    outer loop
      vertex 88.9837 45.921 6.4
      vertex 89.2222 46.2778 2.4
      vertex 89.2222 46.2778 6.4
    endloop
  endfacet
  facet normal 0.831369 -0.555721 0
    outer loop
      vertex 89.2222 46.2778 2.4
      vertex 88.9837 45.921 6.4
      vertex 88.9837 45.921 2.4
    endloop
  endfacet
  facet normal 0.194996 0.980804 -0
    outer loop
      vertex 90 44.4 2.4
      vertex 89.579 44.4837 6.4
      vertex 90 44.4 6.4
    endloop
  endfacet
  facet normal 0.194996 0.980804 0
    outer loop
      vertex 89.579 44.4837 6.4
      vertex 90 44.4 2.4
      vertex 89.579 44.4837 2.4
    endloop
  endfacet
  facet normal -0.194996 0.980804 0
    outer loop
      vertex 90.421 44.4837 2.4
      vertex 90 44.4 6.4
      vertex 90.421 44.4837 6.4
    endloop
  endfacet
  facet normal -0.194996 0.980804 0
    outer loop
      vertex 90 44.4 6.4
      vertex 90.421 44.4837 2.4
      vertex 90 44.4 2.4
    endloop
  endfacet
  facet normal -0.555721 0.831369 0
    outer loop
      vertex 90.7778 44.7222 2.4
      vertex 90.421 44.4837 6.4
      vertex 90.7778 44.7222 6.4
    endloop
  endfacet
  facet normal -0.555721 0.831369 0
    outer loop
      vertex 90.421 44.4837 6.4
      vertex 90.7778 44.7222 2.4
      vertex 90.421 44.4837 2.4
    endloop
  endfacet
  facet normal -0.831369 0.555721 0
    outer loop
      vertex 90.7778 44.7222 2.4
      vertex 91.0163 45.079 6.4
      vertex 91.0163 45.079 2.4
    endloop
  endfacet
  facet normal -0.831369 0.555721 0
    outer loop
      vertex 91.0163 45.079 6.4
      vertex 90.7778 44.7222 2.4
      vertex 90.7778 44.7222 6.4
    endloop
  endfacet
  facet normal 0.980804 -0.194996 0
    outer loop
      vertex 88.9 45.5 6.4
      vertex 88.9837 45.921 2.4
      vertex 88.9837 45.921 6.4
    endloop
  endfacet
  facet normal 0.980804 -0.194996 0
    outer loop
      vertex 88.9837 45.921 2.4
      vertex 88.9 45.5 6.4
      vertex 88.9 45.5 2.4
    endloop
  endfacet
  facet normal -0.980804 0.194996 0
    outer loop
      vertex 91.0163 45.079 2.4
      vertex 91.1 45.5 6.4
      vertex 91.1 45.5 2.4
    endloop
  endfacet
  facet normal -0.980804 0.194996 0
    outer loop
      vertex 91.1 45.5 6.4
      vertex 91.0163 45.079 2.4
      vertex 91.0163 45.079 6.4
    endloop
  endfacet
  facet normal 0.194996 -0.980804 0
    outer loop
      vertex 89.579 46.5163 2.4
      vertex 90 46.6 6.4
      vertex 89.579 46.5163 6.4
    endloop
  endfacet
  facet normal 0.194996 -0.980804 0
    outer loop
      vertex 90 46.6 6.4
      vertex 89.579 46.5163 2.4
      vertex 90 46.6 2.4
    endloop
  endfacet
  facet normal -0.194996 -0.980804 0
    outer loop
      vertex 90 46.6 2.4
      vertex 90.421 46.5163 6.4
      vertex 90 46.6 6.4
    endloop
  endfacet
  facet normal -0.194996 -0.980804 -0
    outer loop
      vertex 90.421 46.5163 6.4
      vertex 90 46.6 2.4
      vertex 90.421 46.5163 2.4
    endloop
  endfacet
  facet normal 0.831369 0.555721 0
    outer loop
      vertex 89.2222 44.7222 6.4
      vertex 88.9837 45.079 2.4
      vertex 88.9837 45.079 6.4
    endloop
  endfacet
  facet normal 0.831369 0.555721 0
    outer loop
      vertex 88.9837 45.079 2.4
      vertex 89.2222 44.7222 6.4
      vertex 89.2222 44.7222 2.4
    endloop
  endfacet
  facet normal -0.555721 -0.831369 0
    outer loop
      vertex 90.421 46.5163 2.4
      vertex 90.7778 46.2778 6.4
      vertex 90.421 46.5163 6.4
    endloop
  endfacet
  facet normal -0.555721 -0.831369 -0
    outer loop
      vertex 90.7778 46.2778 6.4
      vertex 90.421 46.5163 2.4
      vertex 90.7778 46.2778 2.4
    endloop
  endfacet
  facet normal 0.980804 0.194996 0
    outer loop
      vertex 88.9837 45.079 6.4
      vertex 88.9 45.5 2.4
      vertex 88.9 45.5 6.4
    endloop
  endfacet
  facet normal 0.980804 0.194996 0
    outer loop
      vertex 88.9 45.5 2.4
      vertex 88.9837 45.079 6.4
      vertex 88.9837 45.079 2.4
    endloop
  endfacet
  facet normal 0.555721 0.831369 -0
    outer loop
      vertex 89.579 44.4837 2.4
      vertex 89.2222 44.7222 6.4
      vertex 89.579 44.4837 6.4
    endloop
  endfacet
  facet normal 0.555721 0.831369 0
    outer loop
      vertex 89.2222 44.7222 6.4
      vertex 89.579 44.4837 2.4
      vertex 89.2222 44.7222 2.4
    endloop
  endfacet
  facet normal 0.923737 0.383028 0
    outer loop
      vertex 162.898 46.2765 6.4
      vertex 162.598 47 2.4
      vertex 162.598 47 6.4
    endloop
  endfacet
  facet normal 0.923737 0.383028 0
    outer loop
      vertex 162.598 47 2.4
      vertex 162.898 46.2765 6.4
      vertex 162.898 46.2765 2.4
    endloop
  endfacet
  facet normal 0.991483 0.13024 0
    outer loop
      vertex 163 45.5 6.4
      vertex 162.898 46.2765 2.4
      vertex 162.898 46.2765 6.4
    endloop
  endfacet
  facet normal 0.991483 0.13024 0
    outer loop
      vertex 162.898 46.2765 2.4
      vertex 163 45.5 6.4
      vertex 163 45.5 2.4
    endloop
  endfacet
  facet normal -0.608994 0.793174 0
    outer loop
      vertex 158.5 48.0981 2.4
      vertex 157.879 47.6213 6.4
      vertex 158.5 48.0981 6.4
    endloop
  endfacet
  facet normal -0.608994 0.793174 0
    outer loop
      vertex 157.879 47.6213 6.4
      vertex 158.5 48.0981 2.4
      vertex 157.879 47.6213 2.4
    endloop
  endfacet
  facet normal -0.382476 0.923966 0
    outer loop
      vertex 159.224 48.3978 2.4
      vertex 158.5 48.0981 6.4
      vertex 159.224 48.3978 6.4
    endloop
  endfacet
  facet normal -0.382476 0.923966 0
    outer loop
      vertex 158.5 48.0981 6.4
      vertex 159.224 48.3978 2.4
      vertex 158.5 48.0981 2.4
    endloop
  endfacet
  facet normal 0.608994 -0.793174 0
    outer loop
      vertex 161.5 42.9019 2.4
      vertex 162.121 43.3787 6.4
      vertex 161.5 42.9019 6.4
    endloop
  endfacet
  facet normal 0.608994 -0.793174 0
    outer loop
      vertex 162.121 43.3787 6.4
      vertex 161.5 42.9019 2.4
      vertex 162.121 43.3787 2.4
    endloop
  endfacet
  facet normal 0.608994 0.793174 -0
    outer loop
      vertex 162.121 47.6213 2.4
      vertex 161.5 48.0981 6.4
      vertex 162.121 47.6213 6.4
    endloop
  endfacet
  facet normal 0.608994 0.793174 0
    outer loop
      vertex 161.5 48.0981 6.4
      vertex 162.121 47.6213 2.4
      vertex 161.5 48.0981 2.4
    endloop
  endfacet
  facet normal -0.130573 -0.991439 0
    outer loop
      vertex 159.224 42.6022 2.4
      vertex 160 42.5 6.4
      vertex 159.224 42.6022 6.4
    endloop
  endfacet
  facet normal -0.130573 -0.991439 -0
    outer loop
      vertex 160 42.5 6.4
      vertex 159.224 42.6022 2.4
      vertex 160 42.5 2.4
    endloop
  endfacet
  facet normal 0.130573 0.991439 -0
    outer loop
      vertex 160.776 48.3978 2.4
      vertex 160 48.5 6.4
      vertex 160.776 48.3978 6.4
    endloop
  endfacet
  facet normal 0.130573 0.991439 0
    outer loop
      vertex 160 48.5 6.4
      vertex 160.776 48.3978 2.4
      vertex 160 48.5 2.4
    endloop
  endfacet
  facet normal 0.382476 0.923966 -0
    outer loop
      vertex 161.5 48.0981 2.4
      vertex 160.776 48.3978 6.4
      vertex 161.5 48.0981 6.4
    endloop
  endfacet
  facet normal 0.382476 0.923966 0
    outer loop
      vertex 160.776 48.3978 6.4
      vertex 161.5 48.0981 2.4
      vertex 160.776 48.3978 2.4
    endloop
  endfacet
  facet normal -0.608994 -0.793174 0
    outer loop
      vertex 157.879 43.3787 2.4
      vertex 158.5 42.9019 6.4
      vertex 157.879 43.3787 6.4
    endloop
  endfacet
  facet normal -0.608994 -0.793174 -0
    outer loop
      vertex 158.5 42.9019 6.4
      vertex 157.879 43.3787 2.4
      vertex 158.5 42.9019 2.4
    endloop
  endfacet
  facet normal 0.793193 0.60897 0
    outer loop
      vertex 162.598 47 6.4
      vertex 162.121 47.6213 2.4
      vertex 162.121 47.6213 6.4
    endloop
  endfacet
  facet normal 0.793193 0.60897 0
    outer loop
      vertex 162.121 47.6213 2.4
      vertex 162.598 47 6.4
      vertex 162.598 47 2.4
    endloop
  endfacet
  facet normal 0.130573 -0.991439 0
    outer loop
      vertex 160 42.5 2.4
      vertex 160.776 42.6022 6.4
      vertex 160 42.5 6.4
    endloop
  endfacet
  facet normal 0.130573 -0.991439 0
    outer loop
      vertex 160.776 42.6022 6.4
      vertex 160 42.5 2.4
      vertex 160.776 42.6022 2.4
    endloop
  endfacet
  facet normal 0.793193 -0.60897 0
    outer loop
      vertex 162.121 43.3787 6.4
      vertex 162.598 44 2.4
      vertex 162.598 44 6.4
    endloop
  endfacet
  facet normal 0.793193 -0.60897 0
    outer loop
      vertex 162.598 44 2.4
      vertex 162.121 43.3787 6.4
      vertex 162.121 43.3787 2.4
    endloop
  endfacet
  facet normal 0.382476 -0.923966 0
    outer loop
      vertex 160.776 42.6022 2.4
      vertex 161.5 42.9019 6.4
      vertex 160.776 42.6022 6.4
    endloop
  endfacet
  facet normal 0.382476 -0.923966 0
    outer loop
      vertex 161.5 42.9019 6.4
      vertex 160.776 42.6022 2.4
      vertex 161.5 42.9019 2.4
    endloop
  endfacet
  facet normal -0.793193 0.60897 0
    outer loop
      vertex 157.402 47 2.4
      vertex 157.879 47.6213 6.4
      vertex 157.879 47.6213 2.4
    endloop
  endfacet
  facet normal -0.793193 0.60897 0
    outer loop
      vertex 157.879 47.6213 6.4
      vertex 157.402 47 2.4
      vertex 157.402 47 6.4
    endloop
  endfacet
  facet normal -0.793193 -0.60897 0
    outer loop
      vertex 157.879 43.3787 2.4
      vertex 157.402 44 6.4
      vertex 157.402 44 2.4
    endloop
  endfacet
  facet normal -0.793193 -0.60897 0
    outer loop
      vertex 157.402 44 6.4
      vertex 157.879 43.3787 2.4
      vertex 157.879 43.3787 6.4
    endloop
  endfacet
  facet normal 0.991483 -0.13024 0
    outer loop
      vertex 162.898 44.7235 6.4
      vertex 163 45.5 2.4
      vertex 163 45.5 6.4
    endloop
  endfacet
  facet normal 0.991483 -0.13024 0
    outer loop
      vertex 163 45.5 2.4
      vertex 162.898 44.7235 6.4
      vertex 162.898 44.7235 2.4
    endloop
  endfacet
  facet normal -0.130573 0.991439 0
    outer loop
      vertex 160 48.5 2.4
      vertex 159.224 48.3978 6.4
      vertex 160 48.5 6.4
    endloop
  endfacet
  facet normal -0.130573 0.991439 0
    outer loop
      vertex 159.224 48.3978 6.4
      vertex 160 48.5 2.4
      vertex 159.224 48.3978 2.4
    endloop
  endfacet
  facet normal -0.923737 -0.383028 0
    outer loop
      vertex 157.402 44 2.4
      vertex 157.102 44.7235 6.4
      vertex 157.102 44.7235 2.4
    endloop
  endfacet
  facet normal -0.923737 -0.383028 0
    outer loop
      vertex 157.102 44.7235 6.4
      vertex 157.402 44 2.4
      vertex 157.402 44 6.4
    endloop
  endfacet
  facet normal -0.991483 -0.13024 0
    outer loop
      vertex 157.102 44.7235 2.4
      vertex 157 45.5 6.4
      vertex 157 45.5 2.4
    endloop
  endfacet
  facet normal -0.991483 -0.13024 0
    outer loop
      vertex 157 45.5 6.4
      vertex 157.102 44.7235 2.4
      vertex 157.102 44.7235 6.4
    endloop
  endfacet
  facet normal 0.923737 -0.383028 0
    outer loop
      vertex 162.598 44 6.4
      vertex 162.898 44.7235 2.4
      vertex 162.898 44.7235 6.4
    endloop
  endfacet
  facet normal 0.923737 -0.383028 0
    outer loop
      vertex 162.898 44.7235 2.4
      vertex 162.598 44 6.4
      vertex 162.598 44 2.4
    endloop
  endfacet
  facet normal -0.382476 -0.923966 0
    outer loop
      vertex 158.5 42.9019 2.4
      vertex 159.224 42.6022 6.4
      vertex 158.5 42.9019 6.4
    endloop
  endfacet
  facet normal -0.382476 -0.923966 -0
    outer loop
      vertex 159.224 42.6022 6.4
      vertex 158.5 42.9019 2.4
      vertex 159.224 42.6022 2.4
    endloop
  endfacet
  facet normal 0 0 1
    outer loop
      vertex 161.1 45.5 6.4
      vertex 163 45.5 6.4
      vertex 162.898 46.2765 6.4
    endloop
  endfacet
  facet normal 0 0 1
    outer loop
      vertex 161.016 45.921 6.4
      vertex 162.898 46.2765 6.4
      vertex 162.598 47 6.4
    endloop
  endfacet
  facet normal 0 0 1
    outer loop
      vertex 163 45.5 6.4
      vertex 161.1 45.5 6.4
      vertex 162.898 44.7235 6.4
    endloop
  endfacet
  facet normal 0 0 1
    outer loop
      vertex 160.778 46.2778 6.4
      vertex 162.598 47 6.4
      vertex 162.121 47.6213 6.4
    endloop
  endfacet
  facet normal -0 0 1
    outer loop
      vertex 161.016 45.079 6.4
      vertex 162.898 44.7235 6.4
      vertex 161.1 45.5 6.4
    endloop
  endfacet
  facet normal 0 0 1
    outer loop
      vertex 160.778 46.2778 6.4
      vertex 162.121 47.6213 6.4
      vertex 161.5 48.0981 6.4
    endloop
  endfacet
  facet normal 0 0 1
    outer loop
      vertex 162.898 44.7235 6.4
      vertex 161.016 45.079 6.4
      vertex 162.598 44 6.4
    endloop
  endfacet
  facet normal -0 0 1
    outer loop
      vertex 160.778 44.7222 6.4
      vertex 162.598 44 6.4
      vertex 161.016 45.079 6.4
    endloop
  endfacet
  facet normal 0 0 1
    outer loop
      vertex 162.898 46.2765 6.4
      vertex 161.016 45.921 6.4
      vertex 161.1 45.5 6.4
    endloop
  endfacet
  facet normal 0 0 1
    outer loop
      vertex 162.598 47 6.4
      vertex 160.778 46.2778 6.4
      vertex 161.016 45.921 6.4
    endloop
  endfacet
  facet normal 0 0 1
    outer loop
      vertex 160.421 46.5163 6.4
      vertex 161.5 48.0981 6.4
      vertex 160.776 48.3978 6.4
    endloop
  endfacet
  facet normal 0 0 1
    outer loop
      vertex 161.5 48.0981 6.4
      vertex 160.421 46.5163 6.4
      vertex 160.778 46.2778 6.4
    endloop
  endfacet
  facet normal 0 0 1
    outer loop
      vertex 160 46.6 6.4
      vertex 160.776 48.3978 6.4
      vertex 160 48.5 6.4
    endloop
  endfacet
  facet normal 0 0 1
    outer loop
      vertex 160.776 48.3978 6.4
      vertex 160 46.6 6.4
      vertex 160.421 46.5163 6.4
    endloop
  endfacet
  facet normal -0 0 1
    outer loop
      vertex 159.224 48.3978 6.4
      vertex 160 46.6 6.4
      vertex 160 48.5 6.4
    endloop
  endfacet
  facet normal 0 0 1
    outer loop
      vertex 160 46.6 6.4
      vertex 159.224 48.3978 6.4
      vertex 159.579 46.5163 6.4
    endloop
  endfacet
  facet normal -0 0 1
    outer loop
      vertex 158.5 48.0981 6.4
      vertex 159.579 46.5163 6.4
      vertex 159.224 48.3978 6.4
    endloop
  endfacet
  facet normal 0 0 1
    outer loop
      vertex 159.579 46.5163 6.4
      vertex 158.5 48.0981 6.4
      vertex 159.222 46.2778 6.4
    endloop
  endfacet
  facet normal -0 0 1
    outer loop
      vertex 157.879 47.6213 6.4
      vertex 159.222 46.2778 6.4
      vertex 158.5 48.0981 6.4
    endloop
  endfacet
  facet normal -0 0 1
    outer loop
      vertex 157.402 47 6.4
      vertex 159.222 46.2778 6.4
      vertex 157.879 47.6213 6.4
    endloop
  endfacet
  facet normal 0 0 1
    outer loop
      vertex 162.598 44 6.4
      vertex 160.778 44.7222 6.4
      vertex 162.121 43.3787 6.4
    endloop
  endfacet
  facet normal 0 0 1
    outer loop
      vertex 162.121 43.3787 6.4
      vertex 160.778 44.7222 6.4
      vertex 161.5 42.9019 6.4
    endloop
  endfacet
  facet normal -0 0 1
    outer loop
      vertex 160.421 44.4837 6.4
      vertex 161.5 42.9019 6.4
      vertex 160.778 44.7222 6.4
    endloop
  endfacet
  facet normal 0 0 1
    outer loop
      vertex 161.5 42.9019 6.4
      vertex 160.421 44.4837 6.4
      vertex 160.776 42.6022 6.4
    endloop
  endfacet
  facet normal -0 0 1
    outer loop
      vertex 160 44.4 6.4
      vertex 160.776 42.6022 6.4
      vertex 160.421 44.4837 6.4
    endloop
  endfacet
  facet normal 0 0 1
    outer loop
      vertex 160 44.4 6.4
      vertex 160 42.5 6.4
      vertex 160.776 42.6022 6.4
    endloop
  endfacet
  facet normal 0 0 1
    outer loop
      vertex 159.224 42.6022 6.4
      vertex 160 44.4 6.4
      vertex 159.579 44.4837 6.4
    endloop
  endfacet
  facet normal 0 0 1
    outer loop
      vertex 160 44.4 6.4
      vertex 159.224 42.6022 6.4
      vertex 160 42.5 6.4
    endloop
  endfacet
  facet normal 0 0 1
    outer loop
      vertex 158.5 42.9019 6.4
      vertex 159.579 44.4837 6.4
      vertex 159.222 44.7222 6.4
    endloop
  endfacet
  facet normal 0 0 1
    outer loop
      vertex 157.402 44 6.4
      vertex 159.222 44.7222 6.4
      vertex 158.984 45.079 6.4
    endloop
  endfacet
  facet normal 0 0 1
    outer loop
      vertex 157.102 44.7235 6.4
      vertex 158.984 45.079 6.4
      vertex 158.9 45.5 6.4
    endloop
  endfacet
  facet normal 0 0 1
    outer loop
      vertex 159.222 46.2778 6.4
      vertex 157.402 47 6.4
      vertex 158.984 45.921 6.4
    endloop
  endfacet
  facet normal 0 0 1
    outer loop
      vertex 159.579 44.4837 6.4
      vertex 158.5 42.9019 6.4
      vertex 159.224 42.6022 6.4
    endloop
  endfacet
  facet normal -0 0 1
    outer loop
      vertex 157.102 46.2765 6.4
      vertex 158.984 45.921 6.4
      vertex 157.402 47 6.4
    endloop
  endfacet
  facet normal 0 0 1
    outer loop
      vertex 159.222 44.7222 6.4
      vertex 157.879 43.3787 6.4
      vertex 158.5 42.9019 6.4
    endloop
  endfacet
  facet normal 0 0 1
    outer loop
      vertex 158.984 45.921 6.4
      vertex 157.102 46.2765 6.4
      vertex 158.9 45.5 6.4
    endloop
  endfacet
  facet normal 0 0 1
    outer loop
      vertex 159.222 44.7222 6.4
      vertex 157.402 44 6.4
      vertex 157.879 43.3787 6.4
    endloop
  endfacet
  facet normal 0 0 1
    outer loop
      vertex 157 45.5 6.4
      vertex 158.9 45.5 6.4
      vertex 157.102 46.2765 6.4
    endloop
  endfacet
  facet normal 0 0 1
    outer loop
      vertex 158.984 45.079 6.4
      vertex 157.102 44.7235 6.4
      vertex 157.402 44 6.4
    endloop
  endfacet
  facet normal 0 0 1
    outer loop
      vertex 158.9 45.5 6.4
      vertex 157 45.5 6.4
      vertex 157.102 44.7235 6.4
    endloop
  endfacet
  facet normal -0.923737 0.383028 0
    outer loop
      vertex 157.102 46.2765 2.4
      vertex 157.402 47 6.4
      vertex 157.402 47 2.4
    endloop
  endfacet
  facet normal -0.923737 0.383028 0
    outer loop
      vertex 157.402 47 6.4
      vertex 157.102 46.2765 2.4
      vertex 157.102 46.2765 6.4
    endloop
  endfacet
  facet normal -0.991483 0.13024 0
    outer loop
      vertex 157 45.5 2.4
      vertex 157.102 46.2765 6.4
      vertex 157.102 46.2765 2.4
    endloop
  endfacet
  facet normal -0.991483 0.13024 0
    outer loop
      vertex 157.102 46.2765 6.4
      vertex 157 45.5 2.4
      vertex 157 45.5 6.4
    endloop
  endfacet
  facet normal 0.555506 -0.831512 0
    outer loop
      vertex 159.222 46.2778 2.4
      vertex 159.579 46.5163 6.4
      vertex 159.222 46.2778 6.4
    endloop
  endfacet
  facet normal 0.555506 -0.831512 0
    outer loop
      vertex 159.579 46.5163 6.4
      vertex 159.222 46.2778 2.4
      vertex 159.579 46.5163 2.4
    endloop
  endfacet
  facet normal -0.831907 -0.554915 0
    outer loop
      vertex 161.016 45.921 2.4
      vertex 160.778 46.2778 6.4
      vertex 160.778 46.2778 2.4
    endloop
  endfacet
  facet normal -0.831907 -0.554915 0
    outer loop
      vertex 160.778 46.2778 6.4
      vertex 161.016 45.921 2.4
      vertex 161.016 45.921 6.4
    endloop
  endfacet
  facet normal -0.98067 -0.195668 0
    outer loop
      vertex 161.1 45.5 2.4
      vertex 161.016 45.921 6.4
      vertex 161.016 45.921 2.4
    endloop
  endfacet
  facet normal -0.98067 -0.195668 0
    outer loop
      vertex 161.016 45.921 6.4
      vertex 161.1 45.5 2.4
      vertex 161.1 45.5 6.4
    endloop
  endfacet
  facet normal 0.831907 -0.554915 0
    outer loop
      vertex 158.984 45.921 6.4
      vertex 159.222 46.2778 2.4
      vertex 159.222 46.2778 6.4
    endloop
  endfacet
  facet normal 0.831907 -0.554915 0
    outer loop
      vertex 159.222 46.2778 2.4
      vertex 158.984 45.921 6.4
      vertex 158.984 45.921 2.4
    endloop
  endfacet
  facet normal 0.194996 0.980804 -0
    outer loop
      vertex 160 44.4 2.4
      vertex 159.579 44.4837 6.4
      vertex 160 44.4 6.4
    endloop
  endfacet
  facet normal 0.194996 0.980804 0
    outer loop
      vertex 159.579 44.4837 6.4
      vertex 160 44.4 2.4
      vertex 159.579 44.4837 2.4
    endloop
  endfacet
  facet normal -0.194996 0.980804 0
    outer loop
      vertex 160.421 44.4837 2.4
      vertex 160 44.4 6.4
      vertex 160.421 44.4837 6.4
    endloop
  endfacet
  facet normal -0.194996 0.980804 0
    outer loop
      vertex 160 44.4 6.4
      vertex 160.421 44.4837 2.4
      vertex 160 44.4 2.4
    endloop
  endfacet
  facet normal -0.555506 0.831512 0
    outer loop
      vertex 160.778 44.7222 2.4
      vertex 160.421 44.4837 6.4
      vertex 160.778 44.7222 6.4
    endloop
  endfacet
  facet normal -0.555506 0.831512 0
    outer loop
      vertex 160.421 44.4837 6.4
      vertex 160.778 44.7222 2.4
      vertex 160.421 44.4837 2.4
    endloop
  endfacet
  facet normal -0.831907 0.554915 0
    outer loop
      vertex 160.778 44.7222 2.4
      vertex 161.016 45.079 6.4
      vertex 161.016 45.079 2.4
    endloop
  endfacet
  facet normal -0.831907 0.554915 0
    outer loop
      vertex 161.016 45.079 6.4
      vertex 160.778 44.7222 2.4
      vertex 160.778 44.7222 6.4
    endloop
  endfacet
  facet normal 0.98067 -0.195668 0
    outer loop
      vertex 158.9 45.5 6.4
      vertex 158.984 45.921 2.4
      vertex 158.984 45.921 6.4
    endloop
  endfacet
  facet normal 0.98067 -0.195668 0
    outer loop
      vertex 158.984 45.921 2.4
      vertex 158.9 45.5 6.4
      vertex 158.9 45.5 2.4
    endloop
  endfacet
  facet normal -0.98067 0.195668 0
    outer loop
      vertex 161.016 45.079 2.4
      vertex 161.1 45.5 6.4
      vertex 161.1 45.5 2.4
    endloop
  endfacet
  facet normal -0.98067 0.195668 0
    outer loop
      vertex 161.1 45.5 6.4
      vertex 161.016 45.079 2.4
      vertex 161.016 45.079 6.4
    endloop
  endfacet
  facet normal 0.194996 -0.980804 0
    outer loop
      vertex 159.579 46.5163 2.4
      vertex 160 46.6 6.4
      vertex 159.579 46.5163 6.4
    endloop
  endfacet
  facet normal 0.194996 -0.980804 0
    outer loop
      vertex 160 46.6 6.4
      vertex 159.579 46.5163 2.4
      vertex 160 46.6 2.4
    endloop
  endfacet
  facet normal -0.194996 -0.980804 0
    outer loop
      vertex 160 46.6 2.4
      vertex 160.421 46.5163 6.4
      vertex 160 46.6 6.4
    endloop
  endfacet
  facet normal -0.194996 -0.980804 -0
    outer loop
      vertex 160.421 46.5163 6.4
      vertex 160 46.6 2.4
      vertex 160.421 46.5163 2.4
    endloop
  endfacet
  facet normal 0.831907 0.554915 0
    outer loop
      vertex 159.222 44.7222 6.4
      vertex 158.984 45.079 2.4
      vertex 158.984 45.079 6.4
    endloop
  endfacet
  facet normal 0.831907 0.554915 0
    outer loop
      vertex 158.984 45.079 2.4
      vertex 159.222 44.7222 6.4
      vertex 159.222 44.7222 2.4
    endloop
  endfacet
  facet normal -0.555506 -0.831512 0
    outer loop
      vertex 160.421 46.5163 2.4
      vertex 160.778 46.2778 6.4
      vertex 160.421 46.5163 6.4
    endloop
  endfacet
  facet normal -0.555506 -0.831512 -0
    outer loop
      vertex 160.778 46.2778 6.4
      vertex 160.421 46.5163 2.4
      vertex 160.778 46.2778 2.4
    endloop
  endfacet
  facet normal 0.98067 0.195668 0
    outer loop
      vertex 158.984 45.079 6.4
      vertex 158.9 45.5 2.4
      vertex 158.9 45.5 6.4
    endloop
  endfacet
  facet normal 0.98067 0.195668 0
    outer loop
      vertex 158.9 45.5 2.4
      vertex 158.984 45.079 6.4
      vertex 158.984 45.079 2.4
    endloop
  endfacet
  facet normal 0.555506 0.831512 -0
    outer loop
      vertex 159.579 44.4837 2.4
      vertex 159.222 44.7222 6.4
      vertex 159.579 44.4837 6.4
    endloop
  endfacet
  facet normal 0.555506 0.831512 0
    outer loop
      vertex 159.222 44.7222 6.4
      vertex 159.579 44.4837 2.4
      vertex 159.222 44.7222 2.4
    endloop
  endfacet
  facet normal 0.923872 0.382701 0
    outer loop
      vertex 92.8978 93.2765 6.4
      vertex 92.5981 94 2.4
      vertex 92.5981 94 6.4
    endloop
  endfacet
  facet normal 0.923872 0.382701 0
    outer loop
      vertex 92.5981 94 2.4
      vertex 92.8978 93.2765 6.4
      vertex 92.8978 93.2765 2.4
    endloop
  endfacet
  facet normal 0.99145 0.130491 0
    outer loop
      vertex 93 92.5 6.4
      vertex 92.8978 93.2765 2.4
      vertex 92.8978 93.2765 6.4
    endloop
  endfacet
  facet normal 0.99145 0.130491 0
    outer loop
      vertex 92.8978 93.2765 2.4
      vertex 93 92.5 6.4
      vertex 93 92.5 2.4
    endloop
  endfacet
  facet normal -0.608809 0.793316 0
    outer loop
      vertex 88.5 95.0981 2.4
      vertex 87.8787 94.6213 6.4
      vertex 88.5 95.0981 6.4
    endloop
  endfacet
  facet normal -0.608809 0.793316 0
    outer loop
      vertex 87.8787 94.6213 6.4
      vertex 88.5 95.0981 2.4
      vertex 87.8787 94.6213 2.4
    endloop
  endfacet
  facet normal -0.382701 0.923872 0
    outer loop
      vertex 89.2235 95.3978 2.4
      vertex 88.5 95.0981 6.4
      vertex 89.2235 95.3978 6.4
    endloop
  endfacet
  facet normal -0.382701 0.923872 0
    outer loop
      vertex 88.5 95.0981 6.4
      vertex 89.2235 95.3978 2.4
      vertex 88.5 95.0981 2.4
    endloop
  endfacet
  facet normal 0.608809 -0.793316 0
    outer loop
      vertex 91.5 89.9019 2.4
      vertex 92.1213 90.3787 6.4
      vertex 91.5 89.9019 6.4
    endloop
  endfacet
  facet normal 0.608809 -0.793316 0
    outer loop
      vertex 92.1213 90.3787 6.4
      vertex 91.5 89.9019 2.4
      vertex 92.1213 90.3787 2.4
    endloop
  endfacet
  facet normal 0.608809 0.793316 -0
    outer loop
      vertex 92.1213 94.6213 2.4
      vertex 91.5 95.0981 6.4
      vertex 92.1213 94.6213 6.4
    endloop
  endfacet
  facet normal 0.608809 0.793316 0
    outer loop
      vertex 91.5 95.0981 6.4
      vertex 92.1213 94.6213 2.4
      vertex 91.5 95.0981 2.4
    endloop
  endfacet
  facet normal -0.130491 -0.99145 0
    outer loop
      vertex 89.2235 89.6022 2.4
      vertex 90 89.5 6.4
      vertex 89.2235 89.6022 6.4
    endloop
  endfacet
  facet normal -0.130491 -0.99145 -0
    outer loop
      vertex 90 89.5 6.4
      vertex 89.2235 89.6022 2.4
      vertex 90 89.5 2.4
    endloop
  endfacet
  facet normal 0.130491 0.99145 -0
    outer loop
      vertex 90.7765 95.3978 2.4
      vertex 90 95.5 6.4
      vertex 90.7765 95.3978 6.4
    endloop
  endfacet
  facet normal 0.130491 0.99145 0
    outer loop
      vertex 90 95.5 6.4
      vertex 90.7765 95.3978 2.4
      vertex 90 95.5 2.4
    endloop
  endfacet
  facet normal 0.382701 0.923872 -0
    outer loop
      vertex 91.5 95.0981 2.4
      vertex 90.7765 95.3978 6.4
      vertex 91.5 95.0981 6.4
    endloop
  endfacet
  facet normal 0.382701 0.923872 0
    outer loop
      vertex 90.7765 95.3978 6.4
      vertex 91.5 95.0981 2.4
      vertex 90.7765 95.3978 2.4
    endloop
  endfacet
  facet normal -0.608809 -0.793316 0
    outer loop
      vertex 87.8787 90.3787 2.4
      vertex 88.5 89.9019 6.4
      vertex 87.8787 90.3787 6.4
    endloop
  endfacet
  facet normal -0.608809 -0.793316 -0
    outer loop
      vertex 88.5 89.9019 6.4
      vertex 87.8787 90.3787 2.4
      vertex 88.5 89.9019 2.4
    endloop
  endfacet
  facet normal 0.793316 0.608809 0
    outer loop
      vertex 92.5981 94 6.4
      vertex 92.1213 94.6213 2.4
      vertex 92.1213 94.6213 6.4
    endloop
  endfacet
  facet normal 0.793316 0.608809 0
    outer loop
      vertex 92.1213 94.6213 2.4
      vertex 92.5981 94 6.4
      vertex 92.5981 94 2.4
    endloop
  endfacet
  facet normal 0.130491 -0.99145 0
    outer loop
      vertex 90 89.5 2.4
      vertex 90.7765 89.6022 6.4
      vertex 90 89.5 6.4
    endloop
  endfacet
  facet normal 0.130491 -0.99145 0
    outer loop
      vertex 90.7765 89.6022 6.4
      vertex 90 89.5 2.4
      vertex 90.7765 89.6022 2.4
    endloop
  endfacet
  facet normal 0.793316 -0.608809 0
    outer loop
      vertex 92.1213 90.3787 6.4
      vertex 92.5981 91 2.4
      vertex 92.5981 91 6.4
    endloop
  endfacet
  facet normal 0.793316 -0.608809 0
    outer loop
      vertex 92.5981 91 2.4
      vertex 92.1213 90.3787 6.4
      vertex 92.1213 90.3787 2.4
    endloop
  endfacet
  facet normal 0.382701 -0.923872 0
    outer loop
      vertex 90.7765 89.6022 2.4
      vertex 91.5 89.9019 6.4
      vertex 90.7765 89.6022 6.4
    endloop
  endfacet
  facet normal 0.382701 -0.923872 0
    outer loop
      vertex 91.5 89.9019 6.4
      vertex 90.7765 89.6022 2.4
      vertex 91.5 89.9019 2.4
    endloop
  endfacet
  facet normal -0.793316 0.608809 0
    outer loop
      vertex 87.4019 94 2.4
      vertex 87.8787 94.6213 6.4
      vertex 87.8787 94.6213 2.4
    endloop
  endfacet
  facet normal -0.793316 0.608809 0
    outer loop
      vertex 87.8787 94.6213 6.4
      vertex 87.4019 94 2.4
      vertex 87.4019 94 6.4
    endloop
  endfacet
  facet normal -0.793316 -0.608809 0
    outer loop
      vertex 87.8787 90.3787 2.4
      vertex 87.4019 91 6.4
      vertex 87.4019 91 2.4
    endloop
  endfacet
  facet normal -0.793316 -0.608809 0
    outer loop
      vertex 87.4019 91 6.4
      vertex 87.8787 90.3787 2.4
      vertex 87.8787 90.3787 6.4
    endloop
  endfacet
  facet normal 0.99145 -0.130491 0
    outer loop
      vertex 92.8978 91.7235 6.4
      vertex 93 92.5 2.4
      vertex 93 92.5 6.4
    endloop
  endfacet
  facet normal 0.99145 -0.130491 0
    outer loop
      vertex 93 92.5 2.4
      vertex 92.8978 91.7235 6.4
      vertex 92.8978 91.7235 2.4
    endloop
  endfacet
  facet normal -0.130491 0.99145 0
    outer loop
      vertex 90 95.5 2.4
      vertex 89.2235 95.3978 6.4
      vertex 90 95.5 6.4
    endloop
  endfacet
  facet normal -0.130491 0.99145 0
    outer loop
      vertex 89.2235 95.3978 6.4
      vertex 90 95.5 2.4
      vertex 89.2235 95.3978 2.4
    endloop
  endfacet
  facet normal -0.923872 -0.382701 0
    outer loop
      vertex 87.4019 91 2.4
      vertex 87.1022 91.7235 6.4
      vertex 87.1022 91.7235 2.4
    endloop
  endfacet
  facet normal -0.923872 -0.382701 0
    outer loop
      vertex 87.1022 91.7235 6.4
      vertex 87.4019 91 2.4
      vertex 87.4019 91 6.4
    endloop
  endfacet
  facet normal -0.99145 -0.130491 0
    outer loop
      vertex 87.1022 91.7235 2.4
      vertex 87 92.5 6.4
      vertex 87 92.5 2.4
    endloop
  endfacet
  facet normal -0.99145 -0.130491 0
    outer loop
      vertex 87 92.5 6.4
      vertex 87.1022 91.7235 2.4
      vertex 87.1022 91.7235 6.4
    endloop
  endfacet
  facet normal 0.923872 -0.382701 0
    outer loop
      vertex 92.5981 91 6.4
      vertex 92.8978 91.7235 2.4
      vertex 92.8978 91.7235 6.4
    endloop
  endfacet
  facet normal 0.923872 -0.382701 0
    outer loop
      vertex 92.8978 91.7235 2.4
      vertex 92.5981 91 6.4
      vertex 92.5981 91 2.4
    endloop
  endfacet
  facet normal -0.382701 -0.923872 0
    outer loop
      vertex 88.5 89.9019 2.4
      vertex 89.2235 89.6022 6.4
      vertex 88.5 89.9019 6.4
    endloop
  endfacet
  facet normal -0.382701 -0.923872 -0
    outer loop
      vertex 89.2235 89.6022 6.4
      vertex 88.5 89.9019 2.4
      vertex 89.2235 89.6022 2.4
    endloop
  endfacet
  facet normal 0 0 1
    outer loop
      vertex 91.1 92.5 6.4
      vertex 93 92.5 6.4
      vertex 92.8978 93.2765 6.4
    endloop
  endfacet
  facet normal 0 0 1
    outer loop
      vertex 91.0163 92.921 6.4
      vertex 92.8978 93.2765 6.4
      vertex 92.5981 94 6.4
    endloop
  endfacet
  facet normal 0 0 1
    outer loop
      vertex 93 92.5 6.4
      vertex 91.1 92.5 6.4
      vertex 92.8978 91.7235 6.4
    endloop
  endfacet
  facet normal 0 0 1
    outer loop
      vertex 90.7778 93.2778 6.4
      vertex 92.5981 94 6.4
      vertex 92.1213 94.6213 6.4
    endloop
  endfacet
  facet normal -0 0 1
    outer loop
      vertex 91.0163 92.079 6.4
      vertex 92.8978 91.7235 6.4
      vertex 91.1 92.5 6.4
    endloop
  endfacet
  facet normal 0 0 1
    outer loop
      vertex 90.7778 93.2778 6.4
      vertex 92.1213 94.6213 6.4
      vertex 91.5 95.0981 6.4
    endloop
  endfacet
  facet normal 0 0 1
    outer loop
      vertex 92.8978 91.7235 6.4
      vertex 91.0163 92.079 6.4
      vertex 92.5981 91 6.4
    endloop
  endfacet
  facet normal -0 0 1
    outer loop
      vertex 90.7778 91.7222 6.4
      vertex 92.5981 91 6.4
      vertex 91.0163 92.079 6.4
    endloop
  endfacet
  facet normal 0 0 1
    outer loop
      vertex 92.8978 93.2765 6.4
      vertex 91.0163 92.921 6.4
      vertex 91.1 92.5 6.4
    endloop
  endfacet
  facet normal 0 0 1
    outer loop
      vertex 92.5981 94 6.4
      vertex 90.7778 93.2778 6.4
      vertex 91.0163 92.921 6.4
    endloop
  endfacet
  facet normal 0 0 1
    outer loop
      vertex 90.421 93.5163 6.4
      vertex 91.5 95.0981 6.4
      vertex 90.7765 95.3978 6.4
    endloop
  endfacet
  facet normal 0 0 1
    outer loop
      vertex 91.5 95.0981 6.4
      vertex 90.421 93.5163 6.4
      vertex 90.7778 93.2778 6.4
    endloop
  endfacet
  facet normal 0 0 1
    outer loop
      vertex 90 93.6 6.4
      vertex 90.7765 95.3978 6.4
      vertex 90 95.5 6.4
    endloop
  endfacet
  facet normal 0 0 1
    outer loop
      vertex 90.7765 95.3978 6.4
      vertex 90 93.6 6.4
      vertex 90.421 93.5163 6.4
    endloop
  endfacet
  facet normal -0 0 1
    outer loop
      vertex 89.2235 95.3978 6.4
      vertex 90 93.6 6.4
      vertex 90 95.5 6.4
    endloop
  endfacet
  facet normal 0 0 1
    outer loop
      vertex 90 93.6 6.4
      vertex 89.2235 95.3978 6.4
      vertex 89.579 93.5163 6.4
    endloop
  endfacet
  facet normal -0 0 1
    outer loop
      vertex 88.5 95.0981 6.4
      vertex 89.579 93.5163 6.4
      vertex 89.2235 95.3978 6.4
    endloop
  endfacet
  facet normal 0 0 1
    outer loop
      vertex 89.579 93.5163 6.4
      vertex 88.5 95.0981 6.4
      vertex 89.2222 93.2778 6.4
    endloop
  endfacet
  facet normal -0 0 1
    outer loop
      vertex 87.8787 94.6213 6.4
      vertex 89.2222 93.2778 6.4
      vertex 88.5 95.0981 6.4
    endloop
  endfacet
  facet normal -0 0 1
    outer loop
      vertex 87.4019 94 6.4
      vertex 89.2222 93.2778 6.4
      vertex 87.8787 94.6213 6.4
    endloop
  endfacet
  facet normal 0 0 1
    outer loop
      vertex 92.5981 91 6.4
      vertex 90.7778 91.7222 6.4
      vertex 92.1213 90.3787 6.4
    endloop
  endfacet
  facet normal 0 0 1
    outer loop
      vertex 92.1213 90.3787 6.4
      vertex 90.7778 91.7222 6.4
      vertex 91.5 89.9019 6.4
    endloop
  endfacet
  facet normal -0 0 1
    outer loop
      vertex 90.421 91.4837 6.4
      vertex 91.5 89.9019 6.4
      vertex 90.7778 91.7222 6.4
    endloop
  endfacet
  facet normal 0 0 1
    outer loop
      vertex 91.5 89.9019 6.4
      vertex 90.421 91.4837 6.4
      vertex 90.7765 89.6022 6.4
    endloop
  endfacet
  facet normal -0 0 1
    outer loop
      vertex 90 91.4 6.4
      vertex 90.7765 89.6022 6.4
      vertex 90.421 91.4837 6.4
    endloop
  endfacet
  facet normal 0 0 1
    outer loop
      vertex 90 91.4 6.4
      vertex 90 89.5 6.4
      vertex 90.7765 89.6022 6.4
    endloop
  endfacet
  facet normal 0 0 1
    outer loop
      vertex 89.2235 89.6022 6.4
      vertex 90 91.4 6.4
      vertex 89.579 91.4837 6.4
    endloop
  endfacet
  facet normal 0 0 1
    outer loop
      vertex 90 91.4 6.4
      vertex 89.2235 89.6022 6.4
      vertex 90 89.5 6.4
    endloop
  endfacet
  facet normal 0 0 1
    outer loop
      vertex 88.5 89.9019 6.4
      vertex 89.579 91.4837 6.4
      vertex 89.2222 91.7222 6.4
    endloop
  endfacet
  facet normal 0 0 1
    outer loop
      vertex 87.4019 91 6.4
      vertex 89.2222 91.7222 6.4
      vertex 88.9837 92.079 6.4
    endloop
  endfacet
  facet normal 0 0 1
    outer loop
      vertex 87.1022 91.7235 6.4
      vertex 88.9837 92.079 6.4
      vertex 88.9 92.5 6.4
    endloop
  endfacet
  facet normal 0 0 1
    outer loop
      vertex 89.2222 93.2778 6.4
      vertex 87.4019 94 6.4
      vertex 88.9837 92.921 6.4
    endloop
  endfacet
  facet normal 0 0 1
    outer loop
      vertex 89.579 91.4837 6.4
      vertex 88.5 89.9019 6.4
      vertex 89.2235 89.6022 6.4
    endloop
  endfacet
  facet normal -0 0 1
    outer loop
      vertex 87.1022 93.2765 6.4
      vertex 88.9837 92.921 6.4
      vertex 87.4019 94 6.4
    endloop
  endfacet
  facet normal 0 0 1
    outer loop
      vertex 89.2222 91.7222 6.4
      vertex 87.8787 90.3787 6.4
      vertex 88.5 89.9019 6.4
    endloop
  endfacet
  facet normal 0 0 1
    outer loop
      vertex 88.9837 92.921 6.4
      vertex 87.1022 93.2765 6.4
      vertex 88.9 92.5 6.4
    endloop
  endfacet
  facet normal 0 0 1
    outer loop
      vertex 89.2222 91.7222 6.4
      vertex 87.4019 91 6.4
      vertex 87.8787 90.3787 6.4
    endloop
  endfacet
  facet normal 0 0 1
    outer loop
      vertex 87 92.5 6.4
      vertex 88.9 92.5 6.4
      vertex 87.1022 93.2765 6.4
    endloop
  endfacet
  facet normal 0 0 1
    outer loop
      vertex 88.9837 92.079 6.4
      vertex 87.1022 91.7235 6.4
      vertex 87.4019 91 6.4
    endloop
  endfacet
  facet normal 0 0 1
    outer loop
      vertex 88.9 92.5 6.4
      vertex 87 92.5 6.4
      vertex 87.1022 91.7235 6.4
    endloop
  endfacet
  facet normal -0.923872 0.382701 0
    outer loop
      vertex 87.1022 93.2765 2.4
      vertex 87.4019 94 6.4
      vertex 87.4019 94 2.4
    endloop
  endfacet
  facet normal -0.923872 0.382701 0
    outer loop
      vertex 87.4019 94 6.4
      vertex 87.1022 93.2765 2.4
      vertex 87.1022 93.2765 6.4
    endloop
  endfacet
  facet normal -0.99145 0.130491 0
    outer loop
      vertex 87 92.5 2.4
      vertex 87.1022 93.2765 6.4
      vertex 87.1022 93.2765 2.4
    endloop
  endfacet
  facet normal -0.99145 0.130491 0
    outer loop
      vertex 87.1022 93.2765 6.4
      vertex 87 92.5 2.4
      vertex 87 92.5 6.4
    endloop
  endfacet
  facet normal 0.555721 -0.831369 0
    outer loop
      vertex 89.2222 93.2778 2.4
      vertex 89.579 93.5163 6.4
      vertex 89.2222 93.2778 6.4
    endloop
  endfacet
  facet normal 0.555721 -0.831369 0
    outer loop
      vertex 89.579 93.5163 6.4
      vertex 89.2222 93.2778 2.4
      vertex 89.579 93.5163 2.4
    endloop
  endfacet
  facet normal -0.831369 -0.555721 0
    outer loop
      vertex 91.0163 92.921 2.4
      vertex 90.7778 93.2778 6.4
      vertex 90.7778 93.2778 2.4
    endloop
  endfacet
  facet normal -0.831369 -0.555721 0
    outer loop
      vertex 90.7778 93.2778 6.4
      vertex 91.0163 92.921 2.4
      vertex 91.0163 92.921 6.4
    endloop
  endfacet
  facet normal -0.980804 -0.194996 0
    outer loop
      vertex 91.1 92.5 2.4
      vertex 91.0163 92.921 6.4
      vertex 91.0163 92.921 2.4
    endloop
  endfacet
  facet normal -0.980804 -0.194996 0
    outer loop
      vertex 91.0163 92.921 6.4
      vertex 91.1 92.5 2.4
      vertex 91.1 92.5 6.4
    endloop
  endfacet
  facet normal 0.831369 -0.555721 0
    outer loop
      vertex 88.9837 92.921 6.4
      vertex 89.2222 93.2778 2.4
      vertex 89.2222 93.2778 6.4
    endloop
  endfacet
  facet normal 0.831369 -0.555721 0
    outer loop
      vertex 89.2222 93.2778 2.4
      vertex 88.9837 92.921 6.4
      vertex 88.9837 92.921 2.4
    endloop
  endfacet
  facet normal 0.194996 0.980804 -0
    outer loop
      vertex 90 91.4 2.4
      vertex 89.579 91.4837 6.4
      vertex 90 91.4 6.4
    endloop
  endfacet
  facet normal 0.194996 0.980804 0
    outer loop
      vertex 89.579 91.4837 6.4
      vertex 90 91.4 2.4
      vertex 89.579 91.4837 2.4
    endloop
  endfacet
  facet normal -0.194996 0.980804 0
    outer loop
      vertex 90.421 91.4837 2.4
      vertex 90 91.4 6.4
      vertex 90.421 91.4837 6.4
    endloop
  endfacet
  facet normal -0.194996 0.980804 0
    outer loop
      vertex 90 91.4 6.4
      vertex 90.421 91.4837 2.4
      vertex 90 91.4 2.4
    endloop
  endfacet
  facet normal -0.555721 0.831369 0
    outer loop
      vertex 90.7778 91.7222 2.4
      vertex 90.421 91.4837 6.4
      vertex 90.7778 91.7222 6.4
    endloop
  endfacet
  facet normal -0.555721 0.831369 0
    outer loop
      vertex 90.421 91.4837 6.4
      vertex 90.7778 91.7222 2.4
      vertex 90.421 91.4837 2.4
    endloop
  endfacet
  facet normal -0.831369 0.555721 0
    outer loop
      vertex 90.7778 91.7222 2.4
      vertex 91.0163 92.079 6.4
      vertex 91.0163 92.079 2.4
    endloop
  endfacet
  facet normal -0.831369 0.555721 0
    outer loop
      vertex 91.0163 92.079 6.4
      vertex 90.7778 91.7222 2.4
      vertex 90.7778 91.7222 6.4
    endloop
  endfacet
  facet normal 0.980804 -0.194996 0
    outer loop
      vertex 88.9 92.5 6.4
      vertex 88.9837 92.921 2.4
      vertex 88.9837 92.921 6.4
    endloop
  endfacet
  facet normal 0.980804 -0.194996 0
    outer loop
      vertex 88.9837 92.921 2.4
      vertex 88.9 92.5 6.4
      vertex 88.9 92.5 2.4
    endloop
  endfacet
  facet normal -0.980804 0.194996 0
    outer loop
      vertex 91.0163 92.079 2.4
      vertex 91.1 92.5 6.4
      vertex 91.1 92.5 2.4
    endloop
  endfacet
  facet normal -0.980804 0.194996 0
    outer loop
      vertex 91.1 92.5 6.4
      vertex 91.0163 92.079 2.4
      vertex 91.0163 92.079 6.4
    endloop
  endfacet
  facet normal 0.194996 -0.980804 0
    outer loop
      vertex 89.579 93.5163 2.4
      vertex 90 93.6 6.4
      vertex 89.579 93.5163 6.4
    endloop
  endfacet
  facet normal 0.194996 -0.980804 0
    outer loop
      vertex 90 93.6 6.4
      vertex 89.579 93.5163 2.4
      vertex 90 93.6 2.4
    endloop
  endfacet
  facet normal -0.194996 -0.980804 0
    outer loop
      vertex 90 93.6 2.4
      vertex 90.421 93.5163 6.4
      vertex 90 93.6 6.4
    endloop
  endfacet
  facet normal -0.194996 -0.980804 -0
    outer loop
      vertex 90.421 93.5163 6.4
      vertex 90 93.6 2.4
      vertex 90.421 93.5163 2.4
    endloop
  endfacet
  facet normal 0.831369 0.555721 0
    outer loop
      vertex 89.2222 91.7222 6.4
      vertex 88.9837 92.079 2.4
      vertex 88.9837 92.079 6.4
    endloop
  endfacet
  facet normal 0.831369 0.555721 0
    outer loop
      vertex 88.9837 92.079 2.4
      vertex 89.2222 91.7222 6.4
      vertex 89.2222 91.7222 2.4
    endloop
  endfacet
  facet normal -0.555721 -0.831369 0
    outer loop
      vertex 90.421 93.5163 2.4
      vertex 90.7778 93.2778 6.4
      vertex 90.421 93.5163 6.4
    endloop
  endfacet
  facet normal -0.555721 -0.831369 -0
    outer loop
      vertex 90.7778 93.2778 6.4
      vertex 90.421 93.5163 2.4
      vertex 90.7778 93.2778 2.4
    endloop
  endfacet
  facet normal 0.980804 0.194996 0
    outer loop
      vertex 88.9837 92.079 6.4
      vertex 88.9 92.5 2.4
      vertex 88.9 92.5 6.4
    endloop
  endfacet
  facet normal 0.980804 0.194996 0
    outer loop
      vertex 88.9 92.5 2.4
      vertex 88.9837 92.079 6.4
      vertex 88.9837 92.079 2.4
    endloop
  endfacet
  facet normal 0.555721 0.831369 -0
    outer loop
      vertex 89.579 91.4837 2.4
      vertex 89.2222 91.7222 6.4
      vertex 89.579 91.4837 6.4
    endloop
  endfacet
  facet normal 0.555721 0.831369 0
    outer loop
      vertex 89.2222 91.7222 6.4
      vertex 89.579 91.4837 2.4
      vertex 89.2222 91.7222 2.4
    endloop
  endfacet
  facet normal 0.923737 0.383028 0
    outer loop
      vertex 162.898 93.2765 6.4
      vertex 162.598 94 2.4
      vertex 162.598 94 6.4
    endloop
  endfacet
  facet normal 0.923737 0.383028 0
    outer loop
      vertex 162.598 94 2.4
      vertex 162.898 93.2765 6.4
      vertex 162.898 93.2765 2.4
    endloop
  endfacet
  facet normal 0.991483 0.13024 0
    outer loop
      vertex 163 92.5 6.4
      vertex 162.898 93.2765 2.4
      vertex 162.898 93.2765 6.4
    endloop
  endfacet
  facet normal 0.991483 0.13024 0
    outer loop
      vertex 162.898 93.2765 2.4
      vertex 163 92.5 6.4
      vertex 163 92.5 2.4
    endloop
  endfacet
  facet normal -0.608994 0.793174 0
    outer loop
      vertex 158.5 95.0981 2.4
      vertex 157.879 94.6213 6.4
      vertex 158.5 95.0981 6.4
    endloop
  endfacet
  facet normal -0.608994 0.793174 0
    outer loop
      vertex 157.879 94.6213 6.4
      vertex 158.5 95.0981 2.4
      vertex 157.879 94.6213 2.4
    endloop
  endfacet
  facet normal -0.382476 0.923966 0
    outer loop
      vertex 159.224 95.3978 2.4
      vertex 158.5 95.0981 6.4
      vertex 159.224 95.3978 6.4
    endloop
  endfacet
  facet normal -0.382476 0.923966 0
    outer loop
      vertex 158.5 95.0981 6.4
      vertex 159.224 95.3978 2.4
      vertex 158.5 95.0981 2.4
    endloop
  endfacet
  facet normal 0.608994 -0.793174 0
    outer loop
      vertex 161.5 89.9019 2.35
      vertex 162.121 90.3787 6.4
      vertex 161.5 89.9019 6.4
    endloop
  endfacet
  facet normal 0.608994 -0.793174 0
    outer loop
      vertex 162.121 90.3787 6.4
      vertex 161.5 89.9019 2.35
      vertex 162.121 90.3787 2.35
    endloop
  endfacet
  facet normal 0.608994 0.793174 -0
    outer loop
      vertex 162.121 94.6213 2.4
      vertex 161.5 95.0981 6.4
      vertex 162.121 94.6213 6.4
    endloop
  endfacet
  facet normal 0.608994 0.793174 0
    outer loop
      vertex 161.5 95.0981 6.4
      vertex 162.121 94.6213 2.4
      vertex 161.5 95.0981 2.4
    endloop
  endfacet
  facet normal -0.135579 -0.990767 0
    outer loop
      vertex 159.243 89.5996 2.4
      vertex 159.224 89.6022 6.4
      vertex 159.224 89.6022 2.4
    endloop
  endfacet
  facet normal -0.130573 -0.991439 2.4211e-05
    outer loop
      vertex 159.224 89.6022 6.4
      vertex 159.243 89.5996 2.4
      vertex 160 89.5 6.4
    endloop
  endfacet
  facet normal -0.130448 -0.991455 0
    outer loop
      vertex 160 89.5 2.35
      vertex 159.243 89.5996 2.4
      vertex 159.243 89.5996 2.35
    endloop
  endfacet
  facet normal -0.130448 -0.991455 0
    outer loop
      vertex 159.243 89.5996 2.4
      vertex 160 89.5 2.35
      vertex 160 89.5 6.4
    endloop
  endfacet
  facet normal 0.130573 0.991439 -0
    outer loop
      vertex 160.776 95.3978 2.4
      vertex 160 95.5 6.4
      vertex 160.776 95.3978 6.4
    endloop
  endfacet
  facet normal 0.130573 0.991439 0
    outer loop
      vertex 160 95.5 6.4
      vertex 160.776 95.3978 2.4
      vertex 160 95.5 2.4
    endloop
  endfacet
  facet normal 0.382476 0.923966 -0
    outer loop
      vertex 161.5 95.0981 2.4
      vertex 160.776 95.3978 6.4
      vertex 161.5 95.0981 6.4
    endloop
  endfacet
  facet normal 0.382476 0.923966 0
    outer loop
      vertex 160.776 95.3978 6.4
      vertex 161.5 95.0981 2.4
      vertex 160.776 95.3978 2.4
    endloop
  endfacet
  facet normal -0.608994 -0.793174 0
    outer loop
      vertex 157.879 90.3787 2.4
      vertex 158.5 89.9019 6.4
      vertex 157.879 90.3787 6.4
    endloop
  endfacet
  facet normal -0.608994 -0.793174 -0
    outer loop
      vertex 158.5 89.9019 6.4
      vertex 157.879 90.3787 2.4
      vertex 158.5 89.9019 2.4
    endloop
  endfacet
  facet normal 0.793193 0.60897 0
    outer loop
      vertex 162.598 94 6.4
      vertex 162.121 94.6213 2.4
      vertex 162.121 94.6213 6.4
    endloop
  endfacet
  facet normal 0.793193 0.60897 0
    outer loop
      vertex 162.121 94.6213 2.4
      vertex 162.598 94 6.4
      vertex 162.598 94 2.4
    endloop
  endfacet
  facet normal 0.130573 -0.991439 0
    outer loop
      vertex 160 89.5 2.35
      vertex 160.776 89.6022 6.4
      vertex 160 89.5 6.4
    endloop
  endfacet
  facet normal 0.130573 -0.991439 0
    outer loop
      vertex 160.776 89.6022 6.4
      vertex 160 89.5 2.35
      vertex 160.776 89.6022 2.35
    endloop
  endfacet
  facet normal 0.793757 -0.608235 0
    outer loop
      vertex 162.598 91 6.4
      vertex 162.299 90.6098 2.4
      vertex 162.598 91 2.4
    endloop
  endfacet
  facet normal 0.793193 -0.60897 0.000113847
    outer loop
      vertex 162.121 90.3787 6.4
      vertex 162.299 90.6098 2.4
      vertex 162.598 91 6.4
    endloop
  endfacet
  facet normal 0.792242 -0.610208 0
    outer loop
      vertex 162.121 90.3787 2.35
      vertex 162.299 90.6098 2.4
      vertex 162.121 90.3787 6.4
    endloop
  endfacet
  facet normal 0.792242 -0.610208 0
    outer loop
      vertex 162.299 90.6098 2.4
      vertex 162.121 90.3787 2.35
      vertex 162.299 90.6098 2.35
    endloop
  endfacet
  facet normal 0.382476 -0.923966 0
    outer loop
      vertex 160.776 89.6022 2.35
      vertex 161.5 89.9019 6.4
      vertex 160.776 89.6022 6.4
    endloop
  endfacet
  facet normal 0.382476 -0.923966 0
    outer loop
      vertex 161.5 89.9019 6.4
      vertex 160.776 89.6022 2.35
      vertex 161.5 89.9019 2.35
    endloop
  endfacet
  facet normal -0.793193 0.60897 0
    outer loop
      vertex 157.402 94 2.4
      vertex 157.879 94.6213 6.4
      vertex 157.879 94.6213 2.4
    endloop
  endfacet
  facet normal -0.793193 0.60897 0
    outer loop
      vertex 157.879 94.6213 6.4
      vertex 157.402 94 2.4
      vertex 157.402 94 6.4
    endloop
  endfacet
  facet normal -0.793193 -0.60897 0
    outer loop
      vertex 157.879 90.3787 2.4
      vertex 157.402 91 6.4
      vertex 157.402 91 2.4
    endloop
  endfacet
  facet normal -0.793193 -0.60897 0
    outer loop
      vertex 157.402 91 6.4
      vertex 157.879 90.3787 2.4
      vertex 157.879 90.3787 6.4
    endloop
  endfacet
  facet normal 0.991483 -0.13024 0
    outer loop
      vertex 162.898 91.7235 6.4
      vertex 163 92.5 2.4
      vertex 163 92.5 6.4
    endloop
  endfacet
  facet normal 0.991483 -0.13024 0
    outer loop
      vertex 163 92.5 2.4
      vertex 162.898 91.7235 6.4
      vertex 162.898 91.7235 2.4
    endloop
  endfacet
  facet normal -0.130573 0.991439 0
    outer loop
      vertex 160 95.5 2.4
      vertex 159.224 95.3978 6.4
      vertex 160 95.5 6.4
    endloop
  endfacet
  facet normal -0.130573 0.991439 0
    outer loop
      vertex 159.224 95.3978 6.4
      vertex 160 95.5 2.4
      vertex 159.224 95.3978 2.4
    endloop
  endfacet
  facet normal -0.923737 -0.383028 0
    outer loop
      vertex 157.402 91 2.4
      vertex 157.102 91.7235 6.4
      vertex 157.102 91.7235 2.4
    endloop
  endfacet
  facet normal -0.923737 -0.383028 0
    outer loop
      vertex 157.102 91.7235 6.4
      vertex 157.402 91 2.4
      vertex 157.402 91 6.4
    endloop
  endfacet
  facet normal -0.991483 -0.13024 0
    outer loop
      vertex 157.102 91.7235 2.4
      vertex 157 92.5 6.4
      vertex 157 92.5 2.4
    endloop
  endfacet
  facet normal -0.991483 -0.13024 0
    outer loop
      vertex 157 92.5 6.4
      vertex 157.102 91.7235 2.4
      vertex 157.102 91.7235 6.4
    endloop
  endfacet
  facet normal 0.923737 -0.383028 0
    outer loop
      vertex 162.598 91 6.4
      vertex 162.898 91.7235 2.4
      vertex 162.898 91.7235 6.4
    endloop
  endfacet
  facet normal 0.923737 -0.383028 0
    outer loop
      vertex 162.898 91.7235 2.4
      vertex 162.598 91 6.4
      vertex 162.598 91 2.4
    endloop
  endfacet
  facet normal -0.382476 -0.923966 0
    outer loop
      vertex 158.5 89.9019 2.4
      vertex 159.224 89.6022 6.4
      vertex 158.5 89.9019 6.4
    endloop
  endfacet
  facet normal -0.382476 -0.923966 -0
    outer loop
      vertex 159.224 89.6022 6.4
      vertex 158.5 89.9019 2.4
      vertex 159.224 89.6022 2.4
    endloop
  endfacet
  facet normal 0 0 1
    outer loop
      vertex 161.1 92.5 6.4
      vertex 163 92.5 6.4
      vertex 162.898 93.2765 6.4
    endloop
  endfacet
  facet normal 0 0 1
    outer loop
      vertex 161.016 92.921 6.4
      vertex 162.898 93.2765 6.4
      vertex 162.598 94 6.4
    endloop
  endfacet
  facet normal 0 0 1
    outer loop
      vertex 163 92.5 6.4
      vertex 161.1 92.5 6.4
      vertex 162.898 91.7235 6.4
    endloop
  endfacet
  facet normal 0 0 1
    outer loop
      vertex 160.778 93.2778 6.4
      vertex 162.598 94 6.4
      vertex 162.121 94.6213 6.4
    endloop
  endfacet
  facet normal -0 0 1
    outer loop
      vertex 161.016 92.079 6.4
      vertex 162.898 91.7235 6.4
      vertex 161.1 92.5 6.4
    endloop
  endfacet
  facet normal 0 0 1
    outer loop
      vertex 160.778 93.2778 6.4
      vertex 162.121 94.6213 6.4
      vertex 161.5 95.0981 6.4
    endloop
  endfacet
  facet normal 0 0 1
    outer loop
      vertex 162.898 91.7235 6.4
      vertex 161.016 92.079 6.4
      vertex 162.598 91 6.4
    endloop
  endfacet
  facet normal -0 0 1
    outer loop
      vertex 160.778 91.7222 6.4
      vertex 162.598 91 6.4
      vertex 161.016 92.079 6.4
    endloop
  endfacet
  facet normal 0 0 1
    outer loop
      vertex 162.898 93.2765 6.4
      vertex 161.016 92.921 6.4
      vertex 161.1 92.5 6.4
    endloop
  endfacet
  facet normal 0 0 1
    outer loop
      vertex 162.598 94 6.4
      vertex 160.778 93.2778 6.4
      vertex 161.016 92.921 6.4
    endloop
  endfacet
  facet normal 0 0 1
    outer loop
      vertex 160.421 93.5163 6.4
      vertex 161.5 95.0981 6.4
      vertex 160.776 95.3978 6.4
    endloop
  endfacet
  facet normal 0 0 1
    outer loop
      vertex 161.5 95.0981 6.4
      vertex 160.421 93.5163 6.4
      vertex 160.778 93.2778 6.4
    endloop
  endfacet
  facet normal 0 0 1
    outer loop
      vertex 160 93.6 6.4
      vertex 160.776 95.3978 6.4
      vertex 160 95.5 6.4
    endloop
  endfacet
  facet normal 0 0 1
    outer loop
      vertex 160.776 95.3978 6.4
      vertex 160 93.6 6.4
      vertex 160.421 93.5163 6.4
    endloop
  endfacet
  facet normal -0 0 1
    outer loop
      vertex 159.224 95.3978 6.4
      vertex 160 93.6 6.4
      vertex 160 95.5 6.4
    endloop
  endfacet
  facet normal 0 0 1
    outer loop
      vertex 160 93.6 6.4
      vertex 159.224 95.3978 6.4
      vertex 159.579 93.5163 6.4
    endloop
  endfacet
  facet normal -0 0 1
    outer loop
      vertex 158.5 95.0981 6.4
      vertex 159.579 93.5163 6.4
      vertex 159.224 95.3978 6.4
    endloop
  endfacet
  facet normal 0 0 1
    outer loop
      vertex 159.579 93.5163 6.4
      vertex 158.5 95.0981 6.4
      vertex 159.222 93.2778 6.4
    endloop
  endfacet
  facet normal -0 0 1
    outer loop
      vertex 157.879 94.6213 6.4
      vertex 159.222 93.2778 6.4
      vertex 158.5 95.0981 6.4
    endloop
  endfacet
  facet normal -0 0 1
    outer loop
      vertex 157.402 94 6.4
      vertex 159.222 93.2778 6.4
      vertex 157.879 94.6213 6.4
    endloop
  endfacet
  facet normal 0 0 1
    outer loop
      vertex 162.598 91 6.4
      vertex 160.778 91.7222 6.4
      vertex 162.121 90.3787 6.4
    endloop
  endfacet
  facet normal 0 0 1
    outer loop
      vertex 162.121 90.3787 6.4
      vertex 160.778 91.7222 6.4
      vertex 161.5 89.9019 6.4
    endloop
  endfacet
  facet normal -0 0 1
    outer loop
      vertex 160.421 91.4837 6.4
      vertex 161.5 89.9019 6.4
      vertex 160.778 91.7222 6.4
    endloop
  endfacet
  facet normal 0 0 1
    outer loop
      vertex 161.5 89.9019 6.4
      vertex 160.421 91.4837 6.4
      vertex 160.776 89.6022 6.4
    endloop
  endfacet
  facet normal -0 0 1
    outer loop
      vertex 160 91.4 6.4
      vertex 160.776 89.6022 6.4
      vertex 160.421 91.4837 6.4
    endloop
  endfacet
  facet normal 0 0 1
    outer loop
      vertex 160 91.4 6.4
      vertex 160 89.5 6.4
      vertex 160.776 89.6022 6.4
    endloop
  endfacet
  facet normal 0 0 1
    outer loop
      vertex 159.224 89.6022 6.4
      vertex 160 91.4 6.4
      vertex 159.579 91.4837 6.4
    endloop
  endfacet
  facet normal 0 0 1
    outer loop
      vertex 160 91.4 6.4
      vertex 159.224 89.6022 6.4
      vertex 160 89.5 6.4
    endloop
  endfacet
  facet normal 0 0 1
    outer loop
      vertex 158.5 89.9019 6.4
      vertex 159.579 91.4837 6.4
      vertex 159.222 91.7222 6.4
    endloop
  endfacet
  facet normal 0 0 1
    outer loop
      vertex 157.402 91 6.4
      vertex 159.222 91.7222 6.4
      vertex 158.984 92.079 6.4
    endloop
  endfacet
  facet normal 0 0 1
    outer loop
      vertex 157.102 91.7235 6.4
      vertex 158.984 92.079 6.4
      vertex 158.9 92.5 6.4
    endloop
  endfacet
  facet normal 0 0 1
    outer loop
      vertex 159.222 93.2778 6.4
      vertex 157.402 94 6.4
      vertex 158.984 92.921 6.4
    endloop
  endfacet
  facet normal 0 0 1
    outer loop
      vertex 159.579 91.4837 6.4
      vertex 158.5 89.9019 6.4
      vertex 159.224 89.6022 6.4
    endloop
  endfacet
  facet normal -0 0 1
    outer loop
      vertex 157.102 93.2765 6.4
      vertex 158.984 92.921 6.4
      vertex 157.402 94 6.4
    endloop
  endfacet
  facet normal 0 0 1
    outer loop
      vertex 159.222 91.7222 6.4
      vertex 157.879 90.3787 6.4
      vertex 158.5 89.9019 6.4
    endloop
  endfacet
  facet normal 0 0 1
    outer loop
      vertex 158.984 92.921 6.4
      vertex 157.102 93.2765 6.4
      vertex 158.9 92.5 6.4
    endloop
  endfacet
  facet normal 0 0 1
    outer loop
      vertex 159.222 91.7222 6.4
      vertex 157.402 91 6.4
      vertex 157.879 90.3787 6.4
    endloop
  endfacet
  facet normal 0 0 1
    outer loop
      vertex 157 92.5 6.4
      vertex 158.9 92.5 6.4
      vertex 157.102 93.2765 6.4
    endloop
  endfacet
  facet normal 0 0 1
    outer loop
      vertex 158.984 92.079 6.4
      vertex 157.102 91.7235 6.4
      vertex 157.402 91 6.4
    endloop
  endfacet
  facet normal 0 0 1
    outer loop
      vertex 158.9 92.5 6.4
      vertex 157 92.5 6.4
      vertex 157.102 91.7235 6.4
    endloop
  endfacet
  facet normal 0 0 -1
    outer loop
      vertex 162.121 90.3787 2.35
      vertex 162.242 91.04 2.35
      vertex 162.299 90.6098 2.35
    endloop
  endfacet
  facet normal 0 0 -1
    outer loop
      vertex 162.121 90.3787 2.35
      vertex 162.072 91.45 2.35
      vertex 162.242 91.04 2.35
    endloop
  endfacet
  facet normal 0 0 -1
    outer loop
      vertex 160.778 91.7222 2.35
      vertex 162.072 91.45 2.35
      vertex 162.121 90.3787 2.35
    endloop
  endfacet
  facet normal 0 0 -1
    outer loop
      vertex 160.778 91.7222 2.35
      vertex 162.121 90.3787 2.35
      vertex 161.5 89.9019 2.35
    endloop
  endfacet
  facet normal 0 0 -1
    outer loop
      vertex 162.072 91.45 2.35
      vertex 160.778 91.7222 2.35
      vertex 161.802 91.8021 2.35
    endloop
  endfacet
  facet normal -0 0 -1
    outer loop
      vertex 161.802 91.8021 2.35
      vertex 160.778 91.7222 2.35
      vertex 161.45 92.0722 2.35
    endloop
  endfacet
  facet normal 0 0 -1
    outer loop
      vertex 161.45 92.0722 2.35
      vertex 161.016 92.079 2.35
      vertex 161.048 92.2387 2.35
    endloop
  endfacet
  facet normal -0 0 -1
    outer loop
      vertex 161.45 92.0722 2.35
      vertex 160.778 91.7222 2.35
      vertex 161.016 92.079 2.35
    endloop
  endfacet
  facet normal 0 0 -1
    outer loop
      vertex 160.421 91.4837 2.35
      vertex 161.5 89.9019 2.35
      vertex 160.776 89.6022 2.35
    endloop
  endfacet
  facet normal 0 0 -1
    outer loop
      vertex 161.5 89.9019 2.35
      vertex 160.421 91.4837 2.35
      vertex 160.778 91.7222 2.35
    endloop
  endfacet
  facet normal 0 0 -1
    outer loop
      vertex 160 91.4 2.35
      vertex 160.776 89.6022 2.35
      vertex 160 89.5 2.35
    endloop
  endfacet
  facet normal 0 0 -1
    outer loop
      vertex 160.776 89.6022 2.35
      vertex 160 91.4 2.35
      vertex 160.421 91.4837 2.35
    endloop
  endfacet
  facet normal 0 0 -1
    outer loop
      vertex 158.958 90.16 2.35
      vertex 160 91.4 2.35
      vertex 160 89.5 2.35
    endloop
  endfacet
  facet normal -0 0 -1
    outer loop
      vertex 160 91.4 2.35
      vertex 158.9 90.6 2.35
      vertex 159.579 91.4837 2.35
    endloop
  endfacet
  facet normal 0 0 -1
    outer loop
      vertex 159.128 89.75 2.35
      vertex 160 89.5 2.35
      vertex 159.243 89.5996 2.35
    endloop
  endfacet
  facet normal 0 0 -1
    outer loop
      vertex 160 89.5 2.35
      vertex 159.128 89.75 2.35
      vertex 158.958 90.16 2.35
    endloop
  endfacet
  facet normal 0 0 -1
    outer loop
      vertex 160 91.4 2.35
      vertex 158.958 90.16 2.35
      vertex 158.9 90.6 2.35
    endloop
  endfacet
  facet normal 0 0 -1
    outer loop
      vertex 159.579 91.4837 2.35
      vertex 158.9 90.6 2.35
      vertex 158.958 91.04 2.35
    endloop
  endfacet
  facet normal -0 0 -1
    outer loop
      vertex 159.579 91.4837 2.35
      vertex 159.128 91.45 2.35
      vertex 159.298 91.6716 2.35
    endloop
  endfacet
  facet normal 0 0 -1
    outer loop
      vertex 159.579 91.4837 2.35
      vertex 158.958 91.04 2.35
      vertex 159.128 91.45 2.35
    endloop
  endfacet
  facet normal -0.923737 0.383028 0
    outer loop
      vertex 157.102 93.2765 2.4
      vertex 157.402 94 6.4
      vertex 157.402 94 2.4
    endloop
  endfacet
  facet normal -0.923737 0.383028 0
    outer loop
      vertex 157.402 94 6.4
      vertex 157.102 93.2765 2.4
      vertex 157.102 93.2765 6.4
    endloop
  endfacet
  facet normal -0.991483 0.13024 0
    outer loop
      vertex 157 92.5 2.4
      vertex 157.102 93.2765 6.4
      vertex 157.102 93.2765 2.4
    endloop
  endfacet
  facet normal -0.991483 0.13024 0
    outer loop
      vertex 157.102 93.2765 6.4
      vertex 157 92.5 2.4
      vertex 157 92.5 6.4
    endloop
  endfacet
  facet normal 0.555506 -0.831512 0
    outer loop
      vertex 159.222 93.2778 2.4
      vertex 159.579 93.5163 6.4
      vertex 159.222 93.2778 6.4
    endloop
  endfacet
  facet normal 0.555506 -0.831512 0
    outer loop
      vertex 159.579 93.5163 6.4
      vertex 159.222 93.2778 2.4
      vertex 159.579 93.5163 2.4
    endloop
  endfacet
  facet normal -0.831907 -0.554915 0
    outer loop
      vertex 161.016 92.921 2.4
      vertex 160.778 93.2778 6.4
      vertex 160.778 93.2778 2.4
    endloop
  endfacet
  facet normal -0.831907 -0.554915 0
    outer loop
      vertex 160.778 93.2778 6.4
      vertex 161.016 92.921 2.4
      vertex 161.016 92.921 6.4
    endloop
  endfacet
  facet normal -0.98067 -0.195668 0
    outer loop
      vertex 161.1 92.5 2.4
      vertex 161.016 92.921 6.4
      vertex 161.016 92.921 2.4
    endloop
  endfacet
  facet normal -0.98067 -0.195668 0
    outer loop
      vertex 161.016 92.921 6.4
      vertex 161.1 92.5 2.4
      vertex 161.1 92.5 6.4
    endloop
  endfacet
  facet normal 0.831907 -0.554915 0
    outer loop
      vertex 158.984 92.921 6.4
      vertex 159.222 93.2778 2.4
      vertex 159.222 93.2778 6.4
    endloop
  endfacet
  facet normal 0.831907 -0.554915 0
    outer loop
      vertex 159.222 93.2778 2.4
      vertex 158.984 92.921 6.4
      vertex 158.984 92.921 2.4
    endloop
  endfacet
  facet normal 0.194996 0.980804 -0
    outer loop
      vertex 160 91.4 2.35
      vertex 159.579 91.4837 6.4
      vertex 160 91.4 6.4
    endloop
  endfacet
  facet normal 0.194996 0.980804 0
    outer loop
      vertex 159.579 91.4837 6.4
      vertex 160 91.4 2.35
      vertex 159.579 91.4837 2.35
    endloop
  endfacet
  facet normal -0.194996 0.980804 0
    outer loop
      vertex 160.421 91.4837 2.35
      vertex 160 91.4 6.4
      vertex 160.421 91.4837 6.4
    endloop
  endfacet
  facet normal -0.194996 0.980804 0
    outer loop
      vertex 160 91.4 6.4
      vertex 160.421 91.4837 2.35
      vertex 160 91.4 2.35
    endloop
  endfacet
  facet normal -0.555506 0.831512 0
    outer loop
      vertex 160.778 91.7222 2.35
      vertex 160.421 91.4837 6.4
      vertex 160.778 91.7222 6.4
    endloop
  endfacet
  facet normal -0.555506 0.831512 0
    outer loop
      vertex 160.421 91.4837 6.4
      vertex 160.778 91.7222 2.35
      vertex 160.421 91.4837 2.35
    endloop
  endfacet
  facet normal -0.831907 0.554915 0
    outer loop
      vertex 160.778 91.7222 2.35
      vertex 161.016 92.079 6.4
      vertex 161.016 92.079 2.35
    endloop
  endfacet
  facet normal -0.831907 0.554915 0
    outer loop
      vertex 161.016 92.079 6.4
      vertex 160.778 91.7222 2.35
      vertex 160.778 91.7222 6.4
    endloop
  endfacet
  facet normal 0.98067 -0.195668 0
    outer loop
      vertex 158.9 92.5 6.4
      vertex 158.984 92.921 2.4
      vertex 158.984 92.921 6.4
    endloop
  endfacet
  facet normal 0.98067 -0.195668 0
    outer loop
      vertex 158.984 92.921 2.4
      vertex 158.9 92.5 6.4
      vertex 158.9 92.5 2.4
    endloop
  endfacet
  facet normal -0.98051 0.19647 0
    outer loop
      vertex 161.048 92.2387 2.35
      vertex 161.016 92.079 2.35
      vertex 161.048 92.2387 2.4
    endloop
  endfacet
  facet normal -0.980768 0.195178 0
    outer loop
      vertex 161.048 92.2387 2.4
      vertex 161.1 92.5 6.4
      vertex 161.1 92.5 2.4
    endloop
  endfacet
  facet normal -0.98051 0.19647 0
    outer loop
      vertex 161.016 92.079 6.4
      vertex 161.048 92.2387 2.4
      vertex 161.016 92.079 2.35
    endloop
  endfacet
  facet normal -0.98067 0.195668 -3.33102e-05
    outer loop
      vertex 161.048 92.2387 2.4
      vertex 161.016 92.079 6.4
      vertex 161.1 92.5 6.4
    endloop
  endfacet
  facet normal 0.194996 -0.980804 0
    outer loop
      vertex 159.579 93.5163 2.4
      vertex 160 93.6 6.4
      vertex 159.579 93.5163 6.4
    endloop
  endfacet
  facet normal 0.194996 -0.980804 0
    outer loop
      vertex 160 93.6 6.4
      vertex 159.579 93.5163 2.4
      vertex 160 93.6 2.4
    endloop
  endfacet
  facet normal -0.194996 -0.980804 0
    outer loop
      vertex 160 93.6 2.4
      vertex 160.421 93.5163 6.4
      vertex 160 93.6 6.4
    endloop
  endfacet
  facet normal -0.194996 -0.980804 -0
    outer loop
      vertex 160.421 93.5163 6.4
      vertex 160 93.6 2.4
      vertex 160.421 93.5163 2.4
    endloop
  endfacet
  facet normal 0.831907 0.554915 0
    outer loop
      vertex 159.222 91.7222 6.4
      vertex 158.984 92.079 2.4
      vertex 158.984 92.079 6.4
    endloop
  endfacet
  facet normal 0.831907 0.554915 0
    outer loop
      vertex 158.984 92.079 2.4
      vertex 159.222 91.7222 6.4
      vertex 159.222 91.7222 2.4
    endloop
  endfacet
  facet normal -0.555506 -0.831512 0
    outer loop
      vertex 160.421 93.5163 2.4
      vertex 160.778 93.2778 6.4
      vertex 160.421 93.5163 6.4
    endloop
  endfacet
  facet normal -0.555506 -0.831512 -0
    outer loop
      vertex 160.778 93.2778 6.4
      vertex 160.421 93.5163 2.4
      vertex 160.778 93.2778 2.4
    endloop
  endfacet
  facet normal 0.98067 0.195668 0
    outer loop
      vertex 158.984 92.079 6.4
      vertex 158.9 92.5 2.4
      vertex 158.9 92.5 6.4
    endloop
  endfacet
  facet normal 0.98067 0.195668 0
    outer loop
      vertex 158.9 92.5 2.4
      vertex 158.984 92.079 6.4
      vertex 158.984 92.079 2.4
    endloop
  endfacet
  facet normal 0.555506 0.831512 3.59856e-05
    outer loop
      vertex 159.579 91.4837 6.4
      vertex 159.298 91.6716 2.4
      vertex 159.222 91.7222 6.4
    endloop
  endfacet
  facet normal 0.55586 0.831276 -0
    outer loop
      vertex 159.579 91.4837 2.35
      vertex 159.298 91.6716 2.4
      vertex 159.579 91.4837 6.4
    endloop
  endfacet
  facet normal 0.55586 0.831276 0
    outer loop
      vertex 159.298 91.6716 2.4
      vertex 159.579 91.4837 2.35
      vertex 159.298 91.6716 2.35
    endloop
  endfacet
  facet normal 0.554195 0.832387 0
    outer loop
      vertex 159.222 91.7222 6.4
      vertex 159.298 91.6716 2.4
      vertex 159.222 91.7222 2.4
    endloop
  endfacet
endsolid OpenSCAD_Model
