solid OpenSCAD_Model
  facet normal 0 0 -1
    outer loop
      vertex 0 0 0
      vertex 166 96 0
      vertex 166 0 0
    endloop
  endfacet
  facet normal -0 0 -1
    outer loop
      vertex 166 96 0
      vertex 0 0 0
      vertex 0 96 0
    endloop
  endfacet
  facet normal -1 0 0
    outer loop
      vertex 0 96 0
      vertex 0 90 2.4
      vertex 0 96 23
    endloop
  endfacet
  facet normal -1 0 0
    outer loop
      vertex 0 0 0
      vertex 0 90 2.4
      vertex 0 96 0
    endloop
  endfacet
  facet normal -1 0 0
    outer loop
      vertex 0 3.5 2.4
      vertex 0 3.4 2.4
      vertex 0 3.5 23
    endloop
  endfacet
  facet normal -1 -0 0
    outer loop
      vertex 0 90 2.4
      vertex 0 0 0
      vertex 0 3.5 2.4
    endloop
  endfacet
  facet normal -1 -0 0
    outer loop
      vertex 0 3.5 2.4
      vertex 0 0 0
      vertex 0 3.4 2.4
    endloop
  endfacet
  facet normal -1 -0 0
    outer loop
      vertex 0 3.4 2.4
      vertex 0 0 0
      vertex 0 0 2.4
    endloop
  endfacet
  facet normal -1 -0 0
    outer loop
      vertex 0 96 23
      vertex 0 90 2.4
      vertex 0 90 23
    endloop
  endfacet
  facet normal -1 -0 0
    outer loop
      vertex 0 3.5 23
      vertex 0 3.4 2.4
      vertex 0 3.4 23
    endloop
  endfacet
  facet normal 0 0 1
    outer loop
      vertex 166 96 23
      vertex 163.6 93.6 23
      vertex 166 3.4 23
    endloop
  endfacet
  facet normal 0 0 1
    outer loop
      vertex 166 96 23
      vertex 2.4 93.6 23
      vertex 163.6 93.6 23
    endloop
  endfacet
  facet normal -0 0 1
    outer loop
      vertex 0 96 23
      vertex 2.4 93.6 23
      vertex 166 96 23
    endloop
  endfacet
  facet normal 0 0 1
    outer loop
      vertex 0 90 23
      vertex 2.4 93.6 23
      vertex 0 96 23
    endloop
  endfacet
  facet normal 0 0 1
    outer loop
      vertex 2.4 93.6 23
      vertex 0 90 23
      vertex 2.4 90 23
    endloop
  endfacet
  facet normal 0 0 1
    outer loop
      vertex 166 3.4 23
      vertex 163.6 93.6 23
      vertex 163.6 3.4 23
    endloop
  endfacet
  facet normal -0 0 1
    outer loop
      vertex 0 3.5 23
      vertex 2.4 3.4 23
      vertex 2.4 3.5 23
    endloop
  endfacet
  facet normal 0 0 1
    outer loop
      vertex 2.4 3.4 23
      vertex 0 3.5 23
      vertex 0 3.4 23
    endloop
  endfacet
  facet normal 0 1 -0
    outer loop
      vertex 166 96 0
      vertex 0 96 23
      vertex 166 96 23
    endloop
  endfacet
  facet normal 0 1 0
    outer loop
      vertex 0 96 23
      vertex 166 96 0
      vertex 0 96 0
    endloop
  endfacet
  facet normal 1 0 0
    outer loop
      vertex 166 3.4 2.4
      vertex 166 96 23
      vertex 166 3.4 23
    endloop
  endfacet
  facet normal 1 0 0
    outer loop
      vertex 166 96 23
      vertex 166 3.4 2.4
      vertex 166 96 0
    endloop
  endfacet
  facet normal 1 0 0
    outer loop
      vertex 166 0 0
      vertex 166 3.4 2.4
      vertex 166 0 2.4
    endloop
  endfacet
  facet normal 1 0 0
    outer loop
      vertex 166 3.4 2.4
      vertex 166 0 0
      vertex 166 96 0
    endloop
  endfacet
  facet normal 0 -1 0
    outer loop
      vertex 0 0 0
      vertex 166 0 2.4
      vertex 0 0 2.4
    endloop
  endfacet
  facet normal 0 -1 -0
    outer loop
      vertex 166 0 2.4
      vertex 0 0 0
      vertex 166 0 0
    endloop
  endfacet
  facet normal 0 0 1
    outer loop
      vertex 5.50559 9.66671 2.4
      vertex 0 3.5 2.4
      vertex 5.22836 9.14805 2.4
    endloop
  endfacet
  facet normal 0 0 1
    outer loop
      vertex 5.22836 9.14805 2.4
      vertex 0 3.5 2.4
      vertex 2.4 3.5 2.4
    endloop
  endfacet
  facet normal 0 0 1
    outer loop
      vertex 155.228 86.852 2.4
      vertex 10.7716 86.852 2.4
      vertex 155.228 9.14805 2.4
    endloop
  endfacet
  facet normal 0 0 1
    outer loop
      vertex 155.228 9.14805 2.4
      vertex 10.9424 8.58527 2.4
      vertex 11 8 2.4
    endloop
  endfacet
  facet normal 0 0 1
    outer loop
      vertex 10.7716 9.14805 2.4
      vertex 155.228 9.14805 2.4
      vertex 10.7716 86.852 2.4
    endloop
  endfacet
  facet normal 0 0 1
    outer loop
      vertex 155.228 9.14805 2.4
      vertex 10.7716 9.14805 2.4
      vertex 10.9424 8.58527 2.4
    endloop
  endfacet
  facet normal -0 0 1
    outer loop
      vertex 10.4944 86.3333 2.4
      vertex 10.7716 9.14805 2.4
      vertex 10.7716 86.852 2.4
    endloop
  endfacet
  facet normal 0 0 1
    outer loop
      vertex 10.4944 86.3333 2.4
      vertex 10.4944 9.66671 2.4
      vertex 10.7716 9.14805 2.4
    endloop
  endfacet
  facet normal -0 0 1
    outer loop
      vertex 10.1213 85.8787 2.4
      vertex 10.4944 9.66671 2.4
      vertex 10.4944 86.3333 2.4
    endloop
  endfacet
  facet normal 0 0 1
    outer loop
      vertex 10.1213 85.8787 2.4
      vertex 10.1213 10.1213 2.4
      vertex 10.4944 9.66671 2.4
    endloop
  endfacet
  facet normal -0 0 1
    outer loop
      vertex 9.66671 85.5056 2.4
      vertex 10.1213 10.1213 2.4
      vertex 10.1213 85.8787 2.4
    endloop
  endfacet
  facet normal 0 0 1
    outer loop
      vertex 9.66671 85.5056 2.4
      vertex 9.66671 10.4944 2.4
      vertex 10.1213 10.1213 2.4
    endloop
  endfacet
  facet normal -0 0 1
    outer loop
      vertex 9.14805 85.2284 2.4
      vertex 9.66671 10.4944 2.4
      vertex 9.66671 85.5056 2.4
    endloop
  endfacet
  facet normal 0 0 1
    outer loop
      vertex 9.14805 85.2284 2.4
      vertex 9.14805 10.7716 2.4
      vertex 9.66671 10.4944 2.4
    endloop
  endfacet
  facet normal -0 0 1
    outer loop
      vertex 8.58527 85.0576 2.4
      vertex 9.14805 10.7716 2.4
      vertex 9.14805 85.2284 2.4
    endloop
  endfacet
  facet normal 0 0 1
    outer loop
      vertex 8.58527 85.0576 2.4
      vertex 8.58527 10.9424 2.4
      vertex 9.14805 10.7716 2.4
    endloop
  endfacet
  facet normal -0 0 1
    outer loop
      vertex 8 85 2.4
      vertex 8.58527 10.9424 2.4
      vertex 8.58527 85.0576 2.4
    endloop
  endfacet
  facet normal 0 0 1
    outer loop
      vertex 8 85 2.4
      vertex 8 11 2.4
      vertex 8.58527 10.9424 2.4
    endloop
  endfacet
  facet normal 0 0 1
    outer loop
      vertex 7.41473 85.0576 2.4
      vertex 8 11 2.4
      vertex 8 85 2.4
    endloop
  endfacet
  facet normal 0 0 1
    outer loop
      vertex 7.41473 85.0576 2.4
      vertex 7.41473 10.9424 2.4
      vertex 8 11 2.4
    endloop
  endfacet
  facet normal 0 0 1
    outer loop
      vertex 6.85195 85.2284 2.4
      vertex 7.41473 10.9424 2.4
      vertex 7.41473 85.0576 2.4
    endloop
  endfacet
  facet normal 0 0 1
    outer loop
      vertex 6.85195 85.2284 2.4
      vertex 6.85195 10.7716 2.4
      vertex 7.41473 10.9424 2.4
    endloop
  endfacet
  facet normal 0 0 1
    outer loop
      vertex 6.33329 85.5056 2.4
      vertex 6.85195 10.7716 2.4
      vertex 6.85195 85.2284 2.4
    endloop
  endfacet
  facet normal 0 0 1
    outer loop
      vertex 6.33329 85.5056 2.4
      vertex 6.33329 10.4944 2.4
      vertex 6.85195 10.7716 2.4
    endloop
  endfacet
  facet normal 0 0 1
    outer loop
      vertex 5.87868 85.8787 2.4
      vertex 6.33329 10.4944 2.4
      vertex 6.33329 85.5056 2.4
    endloop
  endfacet
  facet normal 0 0 1
    outer loop
      vertex 5.87868 85.8787 2.4
      vertex 5.87868 10.1213 2.4
      vertex 6.33329 10.4944 2.4
    endloop
  endfacet
  facet normal 0 0 1
    outer loop
      vertex 0 90 2.4
      vertex 5.87868 85.8787 2.4
      vertex 5.50559 86.3333 2.4
    endloop
  endfacet
  facet normal 0 0 1
    outer loop
      vertex 5.87868 85.8787 2.4
      vertex 0 90 2.4
      vertex 5.87868 10.1213 2.4
    endloop
  endfacet
  facet normal 0 0 1
    outer loop
      vertex 5.05764 87.4147 2.4
      vertex 0 90 2.4
      vertex 5.22836 86.852 2.4
    endloop
  endfacet
  facet normal 0 0 1
    outer loop
      vertex 5.22836 86.852 2.4
      vertex 0 90 2.4
      vertex 5.50559 86.3333 2.4
    endloop
  endfacet
  facet normal -0 0 1
    outer loop
      vertex 0 90 2.4
      vertex 5.05764 87.4147 2.4
      vertex 2.4 90 2.4
    endloop
  endfacet
  facet normal 0 0 1
    outer loop
      vertex 5.87868 10.1213 2.4
      vertex 0 90 2.4
      vertex 5.50559 9.66671 2.4
    endloop
  endfacet
  facet normal 0 0 1
    outer loop
      vertex 2.4 90 2.4
      vertex 5.05764 87.4147 2.4
      vertex 5 88 2.4
    endloop
  endfacet
  facet normal 0 0 1
    outer loop
      vertex 0 3.5 2.4
      vertex 5.50559 9.66671 2.4
      vertex 0 90 2.4
    endloop
  endfacet
  facet normal 0 0 1
    outer loop
      vertex 163.6 93.6 2.4
      vertex 160.772 86.852 2.4
      vertex 163.6 3.4 2.4
    endloop
  endfacet
  facet normal 0 0 1
    outer loop
      vertex 163.6 3.4 2.4
      vertex 160.942 8.58527 2.4
      vertex 161 8 2.4
    endloop
  endfacet
  facet normal -0 0 1
    outer loop
      vertex 160.772 9.14805 2.4
      vertex 163.6 3.4 2.4
      vertex 160.772 86.852 2.4
    endloop
  endfacet
  facet normal 0 0 1
    outer loop
      vertex 163.6 3.4 2.4
      vertex 160.772 9.14805 2.4
      vertex 160.942 8.58527 2.4
    endloop
  endfacet
  facet normal -0 0 1
    outer loop
      vertex 160.494 86.3333 2.4
      vertex 160.772 9.14805 2.4
      vertex 160.772 86.852 2.4
    endloop
  endfacet
  facet normal 0 0 1
    outer loop
      vertex 160.494 86.3333 2.4
      vertex 160.494 9.66671 2.4
      vertex 160.772 9.14805 2.4
    endloop
  endfacet
  facet normal -0 0 1
    outer loop
      vertex 160.121 85.8787 2.4
      vertex 160.494 9.66671 2.4
      vertex 160.494 86.3333 2.4
    endloop
  endfacet
  facet normal 0 0 1
    outer loop
      vertex 160.121 85.8787 2.4
      vertex 160.121 10.1213 2.4
      vertex 160.494 9.66671 2.4
    endloop
  endfacet
  facet normal -0 0 1
    outer loop
      vertex 159.667 85.5056 2.4
      vertex 160.121 10.1213 2.4
      vertex 160.121 85.8787 2.4
    endloop
  endfacet
  facet normal 0 0 1
    outer loop
      vertex 159.667 85.5056 2.4
      vertex 159.667 10.4944 2.4
      vertex 160.121 10.1213 2.4
    endloop
  endfacet
  facet normal -0 0 1
    outer loop
      vertex 159.148 85.2284 2.4
      vertex 159.667 10.4944 2.4
      vertex 159.667 85.5056 2.4
    endloop
  endfacet
  facet normal 0 0 1
    outer loop
      vertex 159.148 85.2284 2.4
      vertex 159.148 10.7716 2.4
      vertex 159.667 10.4944 2.4
    endloop
  endfacet
  facet normal -0 0 1
    outer loop
      vertex 158.585 85.0576 2.4
      vertex 159.148 10.7716 2.4
      vertex 159.148 85.2284 2.4
    endloop
  endfacet
  facet normal 0 0 1
    outer loop
      vertex 158.585 85.0576 2.4
      vertex 158.585 10.9424 2.4
      vertex 159.148 10.7716 2.4
    endloop
  endfacet
  facet normal -0 0 1
    outer loop
      vertex 158 85 2.4
      vertex 158.585 10.9424 2.4
      vertex 158.585 85.0576 2.4
    endloop
  endfacet
  facet normal 0 0 1
    outer loop
      vertex 158 85 2.4
      vertex 158 11 2.4
      vertex 158.585 10.9424 2.4
    endloop
  endfacet
  facet normal 0 0 1
    outer loop
      vertex 157.415 85.0576 2.4
      vertex 158 11 2.4
      vertex 158 85 2.4
    endloop
  endfacet
  facet normal 0 0 1
    outer loop
      vertex 157.415 85.0576 2.4
      vertex 157.415 10.9424 2.4
      vertex 158 11 2.4
    endloop
  endfacet
  facet normal 0 0 1
    outer loop
      vertex 156.852 85.2284 2.4
      vertex 157.415 10.9424 2.4
      vertex 157.415 85.0576 2.4
    endloop
  endfacet
  facet normal 0 0 1
    outer loop
      vertex 156.852 85.2284 2.4
      vertex 156.852 10.7716 2.4
      vertex 157.415 10.9424 2.4
    endloop
  endfacet
  facet normal 0 0 1
    outer loop
      vertex 156.333 85.5056 2.4
      vertex 156.852 10.7716 2.4
      vertex 156.852 85.2284 2.4
    endloop
  endfacet
  facet normal 0 0 1
    outer loop
      vertex 156.333 85.5056 2.4
      vertex 156.333 10.4944 2.4
      vertex 156.852 10.7716 2.4
    endloop
  endfacet
  facet normal 0 0 1
    outer loop
      vertex 155.879 85.8787 2.4
      vertex 156.333 10.4944 2.4
      vertex 156.333 85.5056 2.4
    endloop
  endfacet
  facet normal 0 0 1
    outer loop
      vertex 155.879 85.8787 2.4
      vertex 155.879 10.1213 2.4
      vertex 156.333 10.4944 2.4
    endloop
  endfacet
  facet normal 0 0 1
    outer loop
      vertex 155.506 86.3333 2.4
      vertex 155.879 10.1213 2.4
      vertex 155.879 85.8787 2.4
    endloop
  endfacet
  facet normal 0 0 1
    outer loop
      vertex 155.506 86.3333 2.4
      vertex 155.506 9.66671 2.4
      vertex 155.879 10.1213 2.4
    endloop
  endfacet
  facet normal 0 0 1
    outer loop
      vertex 155.228 86.852 2.4
      vertex 155.506 9.66671 2.4
      vertex 155.506 86.3333 2.4
    endloop
  endfacet
  facet normal 0 0 1
    outer loop
      vertex 155.228 86.852 2.4
      vertex 155.228 9.14805 2.4
      vertex 155.506 9.66671 2.4
    endloop
  endfacet
  facet normal 0 0 1
    outer loop
      vertex 10.9424 87.4147 2.4
      vertex 155.058 87.4147 2.4
      vertex 11 88 2.4
    endloop
  endfacet
  facet normal 0 0 1
    outer loop
      vertex 155.058 87.4147 2.4
      vertex 10.9424 87.4147 2.4
      vertex 155.228 86.852 2.4
    endloop
  endfacet
  facet normal -0 0 1
    outer loop
      vertex 11 88 2.4
      vertex 155.058 87.4147 2.4
      vertex 155 88 2.4
    endloop
  endfacet
  facet normal 0 0 1
    outer loop
      vertex 10.7716 86.852 2.4
      vertex 155.228 86.852 2.4
      vertex 10.9424 87.4147 2.4
    endloop
  endfacet
  facet normal 0 0 1
    outer loop
      vertex 160.942 87.4147 2.4
      vertex 163.6 93.6 2.4
      vertex 161 88 2.4
    endloop
  endfacet
  facet normal 0 0 1
    outer loop
      vertex 163.6 93.6 2.4
      vertex 160.942 88.5853 2.4
      vertex 161 88 2.4
    endloop
  endfacet
  facet normal 0 0 1
    outer loop
      vertex 163.6 93.6 2.4
      vertex 160.772 89.148 2.4
      vertex 160.942 88.5853 2.4
    endloop
  endfacet
  facet normal 0 0 1
    outer loop
      vertex 163.6 93.6 2.4
      vertex 160.494 89.6667 2.4
      vertex 160.772 89.148 2.4
    endloop
  endfacet
  facet normal 0 0 1
    outer loop
      vertex 163.6 93.6 2.4
      vertex 160.121 90.1213 2.4
      vertex 160.494 89.6667 2.4
    endloop
  endfacet
  facet normal 0 0 1
    outer loop
      vertex 163.6 93.6 2.4
      vertex 159.667 90.4944 2.4
      vertex 160.121 90.1213 2.4
    endloop
  endfacet
  facet normal 0 0 1
    outer loop
      vertex 163.6 93.6 2.4
      vertex 159.148 90.7716 2.4
      vertex 159.667 90.4944 2.4
    endloop
  endfacet
  facet normal 0 0 1
    outer loop
      vertex 163.6 93.6 2.4
      vertex 158.585 90.9424 2.4
      vertex 159.148 90.7716 2.4
    endloop
  endfacet
  facet normal 0 0 1
    outer loop
      vertex 163.6 93.6 2.4
      vertex 158 91 2.4
      vertex 158.585 90.9424 2.4
    endloop
  endfacet
  facet normal 0 0 1
    outer loop
      vertex 163.6 93.6 2.4
      vertex 157.415 90.9424 2.4
      vertex 158 91 2.4
    endloop
  endfacet
  facet normal 0 0 1
    outer loop
      vertex 163.6 93.6 2.4
      vertex 156.852 90.7716 2.4
      vertex 157.415 90.9424 2.4
    endloop
  endfacet
  facet normal 0 0 1
    outer loop
      vertex 155.228 9.14805 2.4
      vertex 11 8 2.4
      vertex 155.058 8.58527 2.4
    endloop
  endfacet
  facet normal 0 0 1
    outer loop
      vertex 155.058 88.5853 2.4
      vertex 11 88 2.4
      vertex 155 88 2.4
    endloop
  endfacet
  facet normal 0 0 1
    outer loop
      vertex 10.9424 88.5853 2.4
      vertex 155.058 88.5853 2.4
      vertex 155.228 89.148 2.4
    endloop
  endfacet
  facet normal 0 0 1
    outer loop
      vertex 10.7716 89.148 2.4
      vertex 155.228 89.148 2.4
      vertex 155.506 89.6667 2.4
    endloop
  endfacet
  facet normal 0 0 1
    outer loop
      vertex 10.4944 89.6667 2.4
      vertex 155.506 89.6667 2.4
      vertex 155.879 90.1213 2.4
    endloop
  endfacet
  facet normal 0 0 1
    outer loop
      vertex 10.1213 90.1213 2.4
      vertex 155.879 90.1213 2.4
      vertex 156.333 90.4944 2.4
    endloop
  endfacet
  facet normal 0 0 1
    outer loop
      vertex 9.66671 90.4944 2.4
      vertex 156.333 90.4944 2.4
      vertex 156.852 90.7716 2.4
    endloop
  endfacet
  facet normal 0 0 1
    outer loop
      vertex 9.14805 90.7716 2.4
      vertex 156.852 90.7716 2.4
      vertex 163.6 93.6 2.4
    endloop
  endfacet
  facet normal 0 0 1
    outer loop
      vertex 155.058 88.5853 2.4
      vertex 10.9424 88.5853 2.4
      vertex 11 88 2.4
    endloop
  endfacet
  facet normal 0 0 1
    outer loop
      vertex 155.228 89.148 2.4
      vertex 10.7716 89.148 2.4
      vertex 10.9424 88.5853 2.4
    endloop
  endfacet
  facet normal 0 0 1
    outer loop
      vertex 155.506 89.6667 2.4
      vertex 10.4944 89.6667 2.4
      vertex 10.7716 89.148 2.4
    endloop
  endfacet
  facet normal 0 0 1
    outer loop
      vertex 155.879 90.1213 2.4
      vertex 10.1213 90.1213 2.4
      vertex 10.4944 89.6667 2.4
    endloop
  endfacet
  facet normal 0 0 1
    outer loop
      vertex 156.333 90.4944 2.4
      vertex 9.66671 90.4944 2.4
      vertex 10.1213 90.1213 2.4
    endloop
  endfacet
  facet normal 0 0 1
    outer loop
      vertex 156.852 90.7716 2.4
      vertex 9.14805 90.7716 2.4
      vertex 9.66671 90.4944 2.4
    endloop
  endfacet
  facet normal -0 0 1
    outer loop
      vertex 2.4 93.6 2.4
      vertex 9.14805 90.7716 2.4
      vertex 163.6 93.6 2.4
    endloop
  endfacet
  facet normal 0 0 1
    outer loop
      vertex 9.14805 90.7716 2.4
      vertex 2.4 93.6 2.4
      vertex 8.58527 90.9424 2.4
    endloop
  endfacet
  facet normal 0 0 1
    outer loop
      vertex 5.05764 88.5853 2.4
      vertex 2.4 90 2.4
      vertex 5 88 2.4
    endloop
  endfacet
  facet normal 0 0 1
    outer loop
      vertex 5.22836 89.148 2.4
      vertex 2.4 90 2.4
      vertex 5.05764 88.5853 2.4
    endloop
  endfacet
  facet normal 0 0 1
    outer loop
      vertex 5.50559 89.6667 2.4
      vertex 2.4 90 2.4
      vertex 5.22836 89.148 2.4
    endloop
  endfacet
  facet normal 0 0 1
    outer loop
      vertex 5.87868 90.1213 2.4
      vertex 2.4 90 2.4
      vertex 5.50559 89.6667 2.4
    endloop
  endfacet
  facet normal 0 0 1
    outer loop
      vertex 2.4 90 2.4
      vertex 5.87868 90.1213 2.4
      vertex 2.4 93.6 2.4
    endloop
  endfacet
  facet normal 0 0 1
    outer loop
      vertex 6.33329 90.4944 2.4
      vertex 2.4 93.6 2.4
      vertex 5.87868 90.1213 2.4
    endloop
  endfacet
  facet normal 0 0 1
    outer loop
      vertex 6.85195 90.7716 2.4
      vertex 2.4 93.6 2.4
      vertex 6.33329 90.4944 2.4
    endloop
  endfacet
  facet normal 0 0 1
    outer loop
      vertex 7.41473 90.9424 2.4
      vertex 2.4 93.6 2.4
      vertex 6.85195 90.7716 2.4
    endloop
  endfacet
  facet normal 0 0 1
    outer loop
      vertex 8 91 2.4
      vertex 2.4 93.6 2.4
      vertex 7.41473 90.9424 2.4
    endloop
  endfacet
  facet normal 0 0 1
    outer loop
      vertex 8.58527 90.9424 2.4
      vertex 2.4 93.6 2.4
      vertex 8 91 2.4
    endloop
  endfacet
  facet normal -0 0 1
    outer loop
      vertex 163.6 3.4 2.4
      vertex 166 0 2.4
      vertex 166 3.4 2.4
    endloop
  endfacet
  facet normal 0 0 1
    outer loop
      vertex 160.772 86.852 2.4
      vertex 163.6 93.6 2.4
      vertex 160.942 87.4147 2.4
    endloop
  endfacet
  facet normal -0 0 1
    outer loop
      vertex 160.942 7.41473 2.4
      vertex 163.6 3.4 2.4
      vertex 161 8 2.4
    endloop
  endfacet
  facet normal -0 0 1
    outer loop
      vertex 160.772 6.85195 2.4
      vertex 163.6 3.4 2.4
      vertex 160.942 7.41473 2.4
    endloop
  endfacet
  facet normal -0 0 1
    outer loop
      vertex 160.494 6.33329 2.4
      vertex 163.6 3.4 2.4
      vertex 160.772 6.85195 2.4
    endloop
  endfacet
  facet normal -0 0 1
    outer loop
      vertex 160.121 5.87868 2.4
      vertex 163.6 3.4 2.4
      vertex 160.494 6.33329 2.4
    endloop
  endfacet
  facet normal -0 0 1
    outer loop
      vertex 159.667 5.50559 2.4
      vertex 163.6 3.4 2.4
      vertex 160.121 5.87868 2.4
    endloop
  endfacet
  facet normal -0 0 1
    outer loop
      vertex 159.148 5.22836 2.4
      vertex 163.6 3.4 2.4
      vertex 159.667 5.50559 2.4
    endloop
  endfacet
  facet normal -0 0 1
    outer loop
      vertex 158.585 5.05764 2.4
      vertex 163.6 3.4 2.4
      vertex 159.148 5.22836 2.4
    endloop
  endfacet
  facet normal -0 0 1
    outer loop
      vertex 158 5 2.4
      vertex 163.6 3.4 2.4
      vertex 158.585 5.05764 2.4
    endloop
  endfacet
  facet normal 0 0 1
    outer loop
      vertex 163.6 3.4 2.4
      vertex 158 5 2.4
      vertex 166 0 2.4
    endloop
  endfacet
  facet normal 0 0 1
    outer loop
      vertex 157.415 5.05764 2.4
      vertex 166 0 2.4
      vertex 158 5 2.4
    endloop
  endfacet
  facet normal 0 0 1
    outer loop
      vertex 156.852 5.22836 2.4
      vertex 166 0 2.4
      vertex 157.415 5.05764 2.4
    endloop
  endfacet
  facet normal 0 0 1
    outer loop
      vertex 156.333 5.50559 2.4
      vertex 166 0 2.4
      vertex 156.852 5.22836 2.4
    endloop
  endfacet
  facet normal 0 0 1
    outer loop
      vertex 155.058 8.58527 2.4
      vertex 11 8 2.4
      vertex 155 8 2.4
    endloop
  endfacet
  facet normal 0 0 1
    outer loop
      vertex 155 8 2.4
      vertex 11 8 2.4
      vertex 155.058 7.41473 2.4
    endloop
  endfacet
  facet normal 0 0 1
    outer loop
      vertex 10.9424 7.41473 2.4
      vertex 155.058 7.41473 2.4
      vertex 11 8 2.4
    endloop
  endfacet
  facet normal 0 0 1
    outer loop
      vertex 155.058 7.41473 2.4
      vertex 10.9424 7.41473 2.4
      vertex 155.228 6.85195 2.4
    endloop
  endfacet
  facet normal 0 0 1
    outer loop
      vertex 10.7716 6.85195 2.4
      vertex 155.228 6.85195 2.4
      vertex 10.9424 7.41473 2.4
    endloop
  endfacet
  facet normal 0 0 1
    outer loop
      vertex 155.228 6.85195 2.4
      vertex 10.7716 6.85195 2.4
      vertex 155.506 6.33329 2.4
    endloop
  endfacet
  facet normal 0 0 1
    outer loop
      vertex 10.4944 6.33329 2.4
      vertex 155.506 6.33329 2.4
      vertex 10.7716 6.85195 2.4
    endloop
  endfacet
  facet normal 0 0 1
    outer loop
      vertex 155.506 6.33329 2.4
      vertex 10.4944 6.33329 2.4
      vertex 155.879 5.87868 2.4
    endloop
  endfacet
  facet normal 0 0 1
    outer loop
      vertex 10.1213 5.87868 2.4
      vertex 155.879 5.87868 2.4
      vertex 10.4944 6.33329 2.4
    endloop
  endfacet
  facet normal 0 0 1
    outer loop
      vertex 155.879 5.87868 2.4
      vertex 10.1213 5.87868 2.4
      vertex 156.333 5.50559 2.4
    endloop
  endfacet
  facet normal 0 0 1
    outer loop
      vertex 9.66671 5.50559 2.4
      vertex 156.333 5.50559 2.4
      vertex 10.1213 5.87868 2.4
    endloop
  endfacet
  facet normal 0 0 1
    outer loop
      vertex 156.333 5.50559 2.4
      vertex 9.66671 5.50559 2.4
      vertex 166 0 2.4
    endloop
  endfacet
  facet normal -0 0 1
    outer loop
      vertex 9.14805 5.22836 2.4
      vertex 166 0 2.4
      vertex 9.66671 5.50559 2.4
    endloop
  endfacet
  facet normal 0 0 1
    outer loop
      vertex 0 0 2.4
      vertex 9.14805 5.22836 2.4
      vertex 8.58527 5.05764 2.4
    endloop
  endfacet
  facet normal 0 0 1
    outer loop
      vertex 0 0 2.4
      vertex 8.58527 5.05764 2.4
      vertex 8 5 2.4
    endloop
  endfacet
  facet normal 0 0 1
    outer loop
      vertex 5.22836 9.14805 2.4
      vertex 2.4 3.5 2.4
      vertex 5.05764 8.58527 2.4
    endloop
  endfacet
  facet normal 0 0 1
    outer loop
      vertex 5.05764 8.58527 2.4
      vertex 2.4 3.5 2.4
      vertex 5 8 2.4
    endloop
  endfacet
  facet normal 0 0 1
    outer loop
      vertex 2.4 3.5 2.4
      vertex 5.05764 7.41473 2.4
      vertex 5 8 2.4
    endloop
  endfacet
  facet normal 0 0 1
    outer loop
      vertex 2.4 3.5 2.4
      vertex 5.22836 6.85195 2.4
      vertex 5.05764 7.41473 2.4
    endloop
  endfacet
  facet normal 0 0 1
    outer loop
      vertex 2.4 3.5 2.4
      vertex 5.50559 6.33329 2.4
      vertex 5.22836 6.85195 2.4
    endloop
  endfacet
  facet normal 0 0 1
    outer loop
      vertex 2.4 3.5 2.4
      vertex 5.87868 5.87868 2.4
      vertex 5.50559 6.33329 2.4
    endloop
  endfacet
  facet normal 0 0 1
    outer loop
      vertex 2.4 3.5 2.4
      vertex 6.33329 5.50559 2.4
      vertex 5.87868 5.87868 2.4
    endloop
  endfacet
  facet normal 0 0 1
    outer loop
      vertex 2.4 3.4 2.4
      vertex 6.33329 5.50559 2.4
      vertex 2.4 3.5 2.4
    endloop
  endfacet
  facet normal 0 0 1
    outer loop
      vertex 6.33329 5.50559 2.4
      vertex 2.4 3.4 2.4
      vertex 6.85195 5.22836 2.4
    endloop
  endfacet
  facet normal 0 0 1
    outer loop
      vertex 6.85195 5.22836 2.4
      vertex 2.4 3.4 2.4
      vertex 7.41473 5.05764 2.4
    endloop
  endfacet
  facet normal 0 0 1
    outer loop
      vertex 7.41473 5.05764 2.4
      vertex 2.4 3.4 2.4
      vertex 8 5 2.4
    endloop
  endfacet
  facet normal 0 0 1
    outer loop
      vertex 0 0 2.4
      vertex 8 5 2.4
      vertex 2.4 3.4 2.4
    endloop
  endfacet
  facet normal 0 0 1
    outer loop
      vertex 0 0 2.4
      vertex 2.4 3.4 2.4
      vertex 0 3.4 2.4
    endloop
  endfacet
  facet normal 0 0 1
    outer loop
      vertex 9.14805 5.22836 2.4
      vertex 0 0 2.4
      vertex 166 0 2.4
    endloop
  endfacet
  facet normal 0 0 1
    outer loop
      vertex 9.2557 8.33646 2.4
      vertex 9.2557 7.66354 2.4
      vertex 9.3 8 2.4
    endloop
  endfacet
  facet normal 0 0 1
    outer loop
      vertex 9.12583 8.65 2.4
      vertex 9.2557 7.66354 2.4
      vertex 9.2557 8.33646 2.4
    endloop
  endfacet
  facet normal 0 0 1
    outer loop
      vertex 9.12583 8.65 2.4
      vertex 9.12583 7.35 2.4
      vertex 9.2557 7.66354 2.4
    endloop
  endfacet
  facet normal 0 0 1
    outer loop
      vertex 8.91924 8.91924 2.4
      vertex 9.12583 7.35 2.4
      vertex 9.12583 8.65 2.4
    endloop
  endfacet
  facet normal 0 0 1
    outer loop
      vertex 8.91924 8.91924 2.4
      vertex 8.91924 7.08076 2.4
      vertex 9.12583 7.35 2.4
    endloop
  endfacet
  facet normal 0 0 1
    outer loop
      vertex 8.65 9.12583 2.4
      vertex 8.91924 7.08076 2.4
      vertex 8.91924 8.91924 2.4
    endloop
  endfacet
  facet normal 0 0 1
    outer loop
      vertex 8.65 9.12583 2.4
      vertex 8.65 6.87417 2.4
      vertex 8.91924 7.08076 2.4
    endloop
  endfacet
  facet normal 0 0 1
    outer loop
      vertex 8.33646 9.2557 2.4
      vertex 8.65 6.87417 2.4
      vertex 8.65 9.12583 2.4
    endloop
  endfacet
  facet normal 0 0 1
    outer loop
      vertex 8.33646 9.2557 2.4
      vertex 8.33646 6.7443 2.4
      vertex 8.65 6.87417 2.4
    endloop
  endfacet
  facet normal 0 0 1
    outer loop
      vertex 8 9.3 2.4
      vertex 8.33646 6.7443 2.4
      vertex 8.33646 9.2557 2.4
    endloop
  endfacet
  facet normal 0 0 1
    outer loop
      vertex 8 9.3 2.4
      vertex 8 6.7 2.4
      vertex 8.33646 6.7443 2.4
    endloop
  endfacet
  facet normal -0 0 1
    outer loop
      vertex 7.66354 9.2557 2.4
      vertex 8 6.7 2.4
      vertex 8 9.3 2.4
    endloop
  endfacet
  facet normal 0 0 1
    outer loop
      vertex 7.66354 9.2557 2.4
      vertex 7.66354 6.7443 2.4
      vertex 8 6.7 2.4
    endloop
  endfacet
  facet normal -0 0 1
    outer loop
      vertex 7.35 9.12583 2.4
      vertex 7.66354 6.7443 2.4
      vertex 7.66354 9.2557 2.4
    endloop
  endfacet
  facet normal 0 0 1
    outer loop
      vertex 7.35 9.12583 2.4
      vertex 7.35 6.87417 2.4
      vertex 7.66354 6.7443 2.4
    endloop
  endfacet
  facet normal -0 0 1
    outer loop
      vertex 7.08076 8.91924 2.4
      vertex 7.35 6.87417 2.4
      vertex 7.35 9.12583 2.4
    endloop
  endfacet
  facet normal 0 0 1
    outer loop
      vertex 7.08076 8.91924 2.4
      vertex 7.08076 7.08076 2.4
      vertex 7.35 6.87417 2.4
    endloop
  endfacet
  facet normal -0 0 1
    outer loop
      vertex 6.87417 8.65 2.4
      vertex 7.08076 7.08076 2.4
      vertex 7.08076 8.91924 2.4
    endloop
  endfacet
  facet normal 0 0 1
    outer loop
      vertex 6.87417 8.65 2.4
      vertex 6.87417 7.35 2.4
      vertex 7.08076 7.08076 2.4
    endloop
  endfacet
  facet normal -0 0 1
    outer loop
      vertex 6.7443 8.33646 2.4
      vertex 6.87417 7.35 2.4
      vertex 6.87417 8.65 2.4
    endloop
  endfacet
  facet normal 0 0 1
    outer loop
      vertex 6.7443 8.33646 2.4
      vertex 6.7443 7.66354 2.4
      vertex 6.87417 7.35 2.4
    endloop
  endfacet
  facet normal 0 -0 1
    outer loop
      vertex 6.7443 7.66354 2.4
      vertex 6.7443 8.33646 2.4
      vertex 6.7 8 2.4
    endloop
  endfacet
  facet normal 0 0 1
    outer loop
      vertex 9.2557 88.3365 2.4
      vertex 9.2557 87.6635 2.4
      vertex 9.3 88 2.4
    endloop
  endfacet
  facet normal 0 0 1
    outer loop
      vertex 9.12583 88.65 2.4
      vertex 9.2557 87.6635 2.4
      vertex 9.2557 88.3365 2.4
    endloop
  endfacet
  facet normal 0 0 1
    outer loop
      vertex 9.12583 88.65 2.4
      vertex 9.12583 87.35 2.4
      vertex 9.2557 87.6635 2.4
    endloop
  endfacet
  facet normal 0 0 1
    outer loop
      vertex 8.91924 88.9192 2.4
      vertex 9.12583 87.35 2.4
      vertex 9.12583 88.65 2.4
    endloop
  endfacet
  facet normal 0 0 1
    outer loop
      vertex 8.91924 88.9192 2.4
      vertex 8.91924 87.0808 2.4
      vertex 9.12583 87.35 2.4
    endloop
  endfacet
  facet normal 0 0 1
    outer loop
      vertex 8.65 89.1258 2.4
      vertex 8.91924 87.0808 2.4
      vertex 8.91924 88.9192 2.4
    endloop
  endfacet
  facet normal 0 0 1
    outer loop
      vertex 8.65 89.1258 2.4
      vertex 8.65 86.8742 2.4
      vertex 8.91924 87.0808 2.4
    endloop
  endfacet
  facet normal 0 0 1
    outer loop
      vertex 8.33646 89.2557 2.4
      vertex 8.65 86.8742 2.4
      vertex 8.65 89.1258 2.4
    endloop
  endfacet
  facet normal 0 0 1
    outer loop
      vertex 8.33646 89.2557 2.4
      vertex 8.33646 86.7443 2.4
      vertex 8.65 86.8742 2.4
    endloop
  endfacet
  facet normal 0 0 1
    outer loop
      vertex 8 89.3 2.4
      vertex 8.33646 86.7443 2.4
      vertex 8.33646 89.2557 2.4
    endloop
  endfacet
  facet normal 0 0 1
    outer loop
      vertex 8 89.3 2.4
      vertex 8 86.7 2.4
      vertex 8.33646 86.7443 2.4
    endloop
  endfacet
  facet normal -0 0 1
    outer loop
      vertex 7.66354 89.2557 2.4
      vertex 8 86.7 2.4
      vertex 8 89.3 2.4
    endloop
  endfacet
  facet normal 0 0 1
    outer loop
      vertex 7.66354 89.2557 2.4
      vertex 7.66354 86.7443 2.4
      vertex 8 86.7 2.4
    endloop
  endfacet
  facet normal -0 0 1
    outer loop
      vertex 7.35 89.1258 2.4
      vertex 7.66354 86.7443 2.4
      vertex 7.66354 89.2557 2.4
    endloop
  endfacet
  facet normal 0 0 1
    outer loop
      vertex 7.35 89.1258 2.4
      vertex 7.35 86.8742 2.4
      vertex 7.66354 86.7443 2.4
    endloop
  endfacet
  facet normal -0 0 1
    outer loop
      vertex 7.08076 88.9192 2.4
      vertex 7.35 86.8742 2.4
      vertex 7.35 89.1258 2.4
    endloop
  endfacet
  facet normal 0 0 1
    outer loop
      vertex 7.08076 88.9192 2.4
      vertex 7.08076 87.0808 2.4
      vertex 7.35 86.8742 2.4
    endloop
  endfacet
  facet normal -0 0 1
    outer loop
      vertex 6.87417 88.65 2.4
      vertex 7.08076 87.0808 2.4
      vertex 7.08076 88.9192 2.4
    endloop
  endfacet
  facet normal 0 0 1
    outer loop
      vertex 6.87417 88.65 2.4
      vertex 6.87417 87.35 2.4
      vertex 7.08076 87.0808 2.4
    endloop
  endfacet
  facet normal -0 0 1
    outer loop
      vertex 6.7443 88.3365 2.4
      vertex 6.87417 87.35 2.4
      vertex 6.87417 88.65 2.4
    endloop
  endfacet
  facet normal 0 0 1
    outer loop
      vertex 6.7443 88.3365 2.4
      vertex 6.7443 87.6635 2.4
      vertex 6.87417 87.35 2.4
    endloop
  endfacet
  facet normal 0 -0 1
    outer loop
      vertex 6.7443 87.6635 2.4
      vertex 6.7443 88.3365 2.4
      vertex 6.7 88 2.4
    endloop
  endfacet
  facet normal 0 0 1
    outer loop
      vertex 159.256 8.33646 2.4
      vertex 159.256 7.66354 2.4
      vertex 159.3 8 2.4
    endloop
  endfacet
  facet normal 0 0 1
    outer loop
      vertex 159.126 8.65 2.4
      vertex 159.256 7.66354 2.4
      vertex 159.256 8.33646 2.4
    endloop
  endfacet
  facet normal 0 0 1
    outer loop
      vertex 159.126 8.65 2.4
      vertex 159.126 7.35 2.4
      vertex 159.256 7.66354 2.4
    endloop
  endfacet
  facet normal 0 0 1
    outer loop
      vertex 158.919 8.91924 2.4
      vertex 159.126 7.35 2.4
      vertex 159.126 8.65 2.4
    endloop
  endfacet
  facet normal 0 0 1
    outer loop
      vertex 158.919 8.91924 2.4
      vertex 158.919 7.08076 2.4
      vertex 159.126 7.35 2.4
    endloop
  endfacet
  facet normal 0 0 1
    outer loop
      vertex 158.65 9.12583 2.4
      vertex 158.919 7.08076 2.4
      vertex 158.919 8.91924 2.4
    endloop
  endfacet
  facet normal 0 0 1
    outer loop
      vertex 158.65 9.12583 2.4
      vertex 158.65 6.87417 2.4
      vertex 158.919 7.08076 2.4
    endloop
  endfacet
  facet normal 0 0 1
    outer loop
      vertex 158.336 9.2557 2.4
      vertex 158.65 6.87417 2.4
      vertex 158.65 9.12583 2.4
    endloop
  endfacet
  facet normal 0 0 1
    outer loop
      vertex 158.336 9.2557 2.4
      vertex 158.336 6.7443 2.4
      vertex 158.65 6.87417 2.4
    endloop
  endfacet
  facet normal 0 0 1
    outer loop
      vertex 158 9.3 2.4
      vertex 158.336 6.7443 2.4
      vertex 158.336 9.2557 2.4
    endloop
  endfacet
  facet normal 0 0 1
    outer loop
      vertex 158 9.3 2.4
      vertex 158 6.7 2.4
      vertex 158.336 6.7443 2.4
    endloop
  endfacet
  facet normal -0 0 1
    outer loop
      vertex 157.664 9.2557 2.4
      vertex 158 6.7 2.4
      vertex 158 9.3 2.4
    endloop
  endfacet
  facet normal 0 0 1
    outer loop
      vertex 157.664 9.2557 2.4
      vertex 157.664 6.7443 2.4
      vertex 158 6.7 2.4
    endloop
  endfacet
  facet normal -0 0 1
    outer loop
      vertex 157.35 9.12583 2.4
      vertex 157.664 6.7443 2.4
      vertex 157.664 9.2557 2.4
    endloop
  endfacet
  facet normal 0 0 1
    outer loop
      vertex 157.35 9.12583 2.4
      vertex 157.35 6.87417 2.4
      vertex 157.664 6.7443 2.4
    endloop
  endfacet
  facet normal -0 0 1
    outer loop
      vertex 157.081 8.91924 2.4
      vertex 157.35 6.87417 2.4
      vertex 157.35 9.12583 2.4
    endloop
  endfacet
  facet normal 0 0 1
    outer loop
      vertex 157.081 8.91924 2.4
      vertex 157.081 7.08076 2.4
      vertex 157.35 6.87417 2.4
    endloop
  endfacet
  facet normal -0 0 1
    outer loop
      vertex 156.874 8.65 2.4
      vertex 157.081 7.08076 2.4
      vertex 157.081 8.91924 2.4
    endloop
  endfacet
  facet normal 0 0 1
    outer loop
      vertex 156.874 8.65 2.4
      vertex 156.874 7.35 2.4
      vertex 157.081 7.08076 2.4
    endloop
  endfacet
  facet normal -0 0 1
    outer loop
      vertex 156.744 8.33646 2.4
      vertex 156.874 7.35 2.4
      vertex 156.874 8.65 2.4
    endloop
  endfacet
  facet normal 0 0 1
    outer loop
      vertex 156.744 8.33646 2.4
      vertex 156.744 7.66354 2.4
      vertex 156.874 7.35 2.4
    endloop
  endfacet
  facet normal 0 -0 1
    outer loop
      vertex 156.744 7.66354 2.4
      vertex 156.744 8.33646 2.4
      vertex 156.7 8 2.4
    endloop
  endfacet
  facet normal 0 0 1
    outer loop
      vertex 159.256 88.3365 2.4
      vertex 159.256 87.6635 2.4
      vertex 159.3 88 2.4
    endloop
  endfacet
  facet normal 0 0 1
    outer loop
      vertex 159.126 88.65 2.4
      vertex 159.256 87.6635 2.4
      vertex 159.256 88.3365 2.4
    endloop
  endfacet
  facet normal 0 0 1
    outer loop
      vertex 159.126 88.65 2.4
      vertex 159.126 87.35 2.4
      vertex 159.256 87.6635 2.4
    endloop
  endfacet
  facet normal 0 0 1
    outer loop
      vertex 158.919 88.9192 2.4
      vertex 159.126 87.35 2.4
      vertex 159.126 88.65 2.4
    endloop
  endfacet
  facet normal 0 0 1
    outer loop
      vertex 158.919 88.9192 2.4
      vertex 158.919 87.0808 2.4
      vertex 159.126 87.35 2.4
    endloop
  endfacet
  facet normal 0 0 1
    outer loop
      vertex 158.65 89.1258 2.4
      vertex 158.919 87.0808 2.4
      vertex 158.919 88.9192 2.4
    endloop
  endfacet
  facet normal 0 0 1
    outer loop
      vertex 158.65 89.1258 2.4
      vertex 158.65 86.8742 2.4
      vertex 158.919 87.0808 2.4
    endloop
  endfacet
  facet normal 0 0 1
    outer loop
      vertex 158.336 89.2557 2.4
      vertex 158.65 86.8742 2.4
      vertex 158.65 89.1258 2.4
    endloop
  endfacet
  facet normal 0 0 1
    outer loop
      vertex 158.336 89.2557 2.4
      vertex 158.336 86.7443 2.4
      vertex 158.65 86.8742 2.4
    endloop
  endfacet
  facet normal 0 0 1
    outer loop
      vertex 158 89.3 2.4
      vertex 158.336 86.7443 2.4
      vertex 158.336 89.2557 2.4
    endloop
  endfacet
  facet normal 0 0 1
    outer loop
      vertex 158 89.3 2.4
      vertex 158 86.7 2.4
      vertex 158.336 86.7443 2.4
    endloop
  endfacet
  facet normal -0 0 1
    outer loop
      vertex 157.664 89.2557 2.4
      vertex 158 86.7 2.4
      vertex 158 89.3 2.4
    endloop
  endfacet
  facet normal 0 0 1
    outer loop
      vertex 157.664 89.2557 2.4
      vertex 157.664 86.7443 2.4
      vertex 158 86.7 2.4
    endloop
  endfacet
  facet normal -0 0 1
    outer loop
      vertex 157.35 89.1258 2.4
      vertex 157.664 86.7443 2.4
      vertex 157.664 89.2557 2.4
    endloop
  endfacet
  facet normal 0 0 1
    outer loop
      vertex 157.35 89.1258 2.4
      vertex 157.35 86.8742 2.4
      vertex 157.664 86.7443 2.4
    endloop
  endfacet
  facet normal -0 0 1
    outer loop
      vertex 157.081 88.9192 2.4
      vertex 157.35 86.8742 2.4
      vertex 157.35 89.1258 2.4
    endloop
  endfacet
  facet normal 0 0 1
    outer loop
      vertex 157.081 88.9192 2.4
      vertex 157.081 87.0808 2.4
      vertex 157.35 86.8742 2.4
    endloop
  endfacet
  facet normal -0 0 1
    outer loop
      vertex 156.874 88.65 2.4
      vertex 157.081 87.0808 2.4
      vertex 157.081 88.9192 2.4
    endloop
  endfacet
  facet normal 0 0 1
    outer loop
      vertex 156.874 88.65 2.4
      vertex 156.874 87.35 2.4
      vertex 157.081 87.0808 2.4
    endloop
  endfacet
  facet normal -0 0 1
    outer loop
      vertex 156.744 88.3365 2.4
      vertex 156.874 87.35 2.4
      vertex 156.874 88.65 2.4
    endloop
  endfacet
  facet normal 0 0 1
    outer loop
      vertex 156.744 88.3365 2.4
      vertex 156.744 87.6635 2.4
      vertex 156.874 87.35 2.4
    endloop
  endfacet
  facet normal 0 -0 1
    outer loop
      vertex 156.744 87.6635 2.4
      vertex 156.744 88.3365 2.4
      vertex 156.7 88 2.4
    endloop
  endfacet
  facet normal 1 -0 0
    outer loop
      vertex 2.4 2.4 7.4
      vertex 2.4 3.4 5.4
      vertex 2.4 3.4 7.4
    endloop
  endfacet
  facet normal 1 0 0
    outer loop
      vertex 2.4 3.4 5.4
      vertex 2.4 2.4 7.4
      vertex 2.4 2.4 5.4
    endloop
  endfacet
  facet normal 1 0 0
    outer loop
      vertex 2.4 3.4 7.4
      vertex 2.4 3.5 7.4
      vertex 2.4 3.5 23
    endloop
  endfacet
  facet normal 1 0 0
    outer loop
      vertex 2.4 3.5 7.4
      vertex 2.4 3.4 7.4
      vertex 2.4 3.5 5.4
    endloop
  endfacet
  facet normal 1 0 0
    outer loop
      vertex 2.4 3.4 7.4
      vertex 2.4 3.5 23
      vertex 2.4 3.4 23
    endloop
  endfacet
  facet normal 1 0 0
    outer loop
      vertex 2.4 3.4 5.4
      vertex 2.4 3.5 5.4
      vertex 2.4 3.4 7.4
    endloop
  endfacet
  facet normal 1 0 0
    outer loop
      vertex 2.4 3.5 5.4
      vertex 2.4 3.4 5.4
      vertex 2.4 3.5 2.4
    endloop
  endfacet
  facet normal 1 0 0
    outer loop
      vertex 2.4 3.5 2.4
      vertex 2.4 3.4 5.4
      vertex 2.4 3.4 2.4
    endloop
  endfacet
  facet normal 1 -0 0
    outer loop
      vertex 2.4 3.5 7.4
      vertex 2.4 90 5.4
      vertex 2.4 90 7.4
    endloop
  endfacet
  facet normal 1 0 0
    outer loop
      vertex 2.4 90 5.4
      vertex 2.4 3.5 7.4
      vertex 2.4 3.5 5.4
    endloop
  endfacet
  facet normal 1 0 0
    outer loop
      vertex 2.4 90 7.4
      vertex 2.4 93.6 23
      vertex 2.4 90 23
    endloop
  endfacet
  facet normal 1 0 0
    outer loop
      vertex 2.4 93.6 23
      vertex 2.4 90 7.4
      vertex 2.4 93.6 2.4
    endloop
  endfacet
  facet normal 1 -0 0
    outer loop
      vertex 2.4 90 5.4
      vertex 2.4 93.6 2.4
      vertex 2.4 90 7.4
    endloop
  endfacet
  facet normal 1 0 0
    outer loop
      vertex 2.4 93.6 2.4
      vertex 2.4 90 5.4
      vertex 2.4 90 2.4
    endloop
  endfacet
  facet normal 0 -1 0
    outer loop
      vertex 2.4 93.6 2.4
      vertex 163.6 93.6 23
      vertex 2.4 93.6 23
    endloop
  endfacet
  facet normal 0 -1 -0
    outer loop
      vertex 163.6 93.6 23
      vertex 2.4 93.6 2.4
      vertex 163.6 93.6 2.4
    endloop
  endfacet
  facet normal -1 0 0
    outer loop
      vertex 163.6 2.4 5.4
      vertex 163.6 3.4 7.4
      vertex 163.6 3.4 5.4
    endloop
  endfacet
  facet normal -1 -0 0
    outer loop
      vertex 163.6 3.4 7.4
      vertex 163.6 2.4 5.4
      vertex 163.6 2.4 7.4
    endloop
  endfacet
  facet normal -1 0 0
    outer loop
      vertex 163.6 3.4 5.4
      vertex 163.6 93.6 2.4
      vertex 163.6 3.4 2.4
    endloop
  endfacet
  facet normal -1 0 0
    outer loop
      vertex 163.6 3.4 7.4
      vertex 163.6 93.6 2.4
      vertex 163.6 3.4 5.4
    endloop
  endfacet
  facet normal -1 0 0
    outer loop
      vertex 163.6 93.6 2.4
      vertex 163.6 3.4 7.4
      vertex 163.6 93.6 23
    endloop
  endfacet
  facet normal -1 -0 0
    outer loop
      vertex 163.6 93.6 23
      vertex 163.6 3.4 7.4
      vertex 163.6 3.4 23
    endloop
  endfacet
  facet normal 0 1 0
    outer loop
      vertex 2.4 3.5 5.4
      vertex 2.4 3.5 2.4
      vertex 0.9 3.5 5.4
    endloop
  endfacet
  facet normal 0 1 0
    outer loop
      vertex 0.9 3.5 7.4
      vertex 2.4 3.5 23
      vertex 2.4 3.5 7.4
    endloop
  endfacet
  facet normal 0 1 0
    outer loop
      vertex 2.4 3.5 23
      vertex 0.9 3.5 7.4
      vertex 0 3.5 23
    endloop
  endfacet
  facet normal 0 1 0
    outer loop
      vertex 0 3.5 2.4
      vertex 0.9 3.5 7.4
      vertex 0.9 3.5 5.4
    endloop
  endfacet
  facet normal 0 1 0
    outer loop
      vertex 0.9 3.5 7.4
      vertex 0 3.5 2.4
      vertex 0 3.5 23
    endloop
  endfacet
  facet normal 0 1 0
    outer loop
      vertex 0 3.5 2.4
      vertex 0.9 3.5 5.4
      vertex 2.4 3.5 2.4
    endloop
  endfacet
  facet normal 0 -1 0
    outer loop
      vertex 0 90 23
      vertex 0.9 90 7.4
      vertex 2.4 90 23
    endloop
  endfacet
  facet normal 0 -1 0
    outer loop
      vertex 0 90 2.4
      vertex 0.9 90 7.4
      vertex 0 90 23
    endloop
  endfacet
  facet normal 0 -1 -0
    outer loop
      vertex 0.9 90 7.4
      vertex 0 90 2.4
      vertex 0.9 90 5.4
    endloop
  endfacet
  facet normal 0 -1 0
    outer loop
      vertex 2.4 90 2.4
      vertex 0.9 90 5.4
      vertex 0 90 2.4
    endloop
  endfacet
  facet normal 0 -1 0
    outer loop
      vertex 0.9 90 5.4
      vertex 2.4 90 2.4
      vertex 2.4 90 5.4
    endloop
  endfacet
  facet normal 0 -1 -0
    outer loop
      vertex 2.4 90 23
      vertex 0.9 90 7.4
      vertex 2.4 90 7.4
    endloop
  endfacet
  facet normal 0 -1 0
    outer loop
      vertex 0 3.4 23
      vertex 0.9 3.4 7.4
      vertex 2.4 3.4 23
    endloop
  endfacet
  facet normal 0 -1 0
    outer loop
      vertex 0 3.4 2.4
      vertex 0.9 3.4 7.4
      vertex 0 3.4 23
    endloop
  endfacet
  facet normal 0 -1 -0
    outer loop
      vertex 0.9 3.4 7.4
      vertex 0 3.4 2.4
      vertex 0.9 3.4 5.4
    endloop
  endfacet
  facet normal 0 -1 0
    outer loop
      vertex 2.4 3.4 2.4
      vertex 0.9 3.4 5.4
      vertex 0 3.4 2.4
    endloop
  endfacet
  facet normal 0 -1 0
    outer loop
      vertex 0.9 3.4 5.4
      vertex 2.4 3.4 2.4
      vertex 2.4 3.4 5.4
    endloop
  endfacet
  facet normal 0 -1 -0
    outer loop
      vertex 2.4 3.4 23
      vertex 0.9 3.4 7.4
      vertex 2.4 3.4 7.4
    endloop
  endfacet
  facet normal 0 -1 0
    outer loop
      vertex 163.6 3.4 5.4
      vertex 163.6 3.4 2.4
      vertex 165.1 3.4 5.4
    endloop
  endfacet
  facet normal 0 -1 0
    outer loop
      vertex 165.1 3.4 7.4
      vertex 163.6 3.4 23
      vertex 163.6 3.4 7.4
    endloop
  endfacet
  facet normal 0 -1 0
    outer loop
      vertex 163.6 3.4 23
      vertex 165.1 3.4 7.4
      vertex 166 3.4 23
    endloop
  endfacet
  facet normal 0 -1 0
    outer loop
      vertex 166 3.4 2.4
      vertex 165.1 3.4 7.4
      vertex 165.1 3.4 5.4
    endloop
  endfacet
  facet normal 0 -1 0
    outer loop
      vertex 165.1 3.4 7.4
      vertex 166 3.4 2.4
      vertex 166 3.4 23
    endloop
  endfacet
  facet normal 0 -1 0
    outer loop
      vertex 166 3.4 2.4
      vertex 165.1 3.4 5.4
      vertex 163.6 3.4 2.4
    endloop
  endfacet
  facet normal 0 0 -1
    outer loop
      vertex 165.1 0.9 5.4
      vertex 163.6 2.4 5.4
      vertex 165.1 3.4 5.4
    endloop
  endfacet
  facet normal 0 0 -1
    outer loop
      vertex 165.1 0.9 5.4
      vertex 2.4 2.4 5.4
      vertex 163.6 2.4 5.4
    endloop
  endfacet
  facet normal 0 0 -1
    outer loop
      vertex 0.9 0.9 5.4
      vertex 2.4 2.4 5.4
      vertex 165.1 0.9 5.4
    endloop
  endfacet
  facet normal 0 0 -1
    outer loop
      vertex 0.9 3.4 5.4
      vertex 2.4 2.4 5.4
      vertex 0.9 0.9 5.4
    endloop
  endfacet
  facet normal 0 0 -1
    outer loop
      vertex 2.4 2.4 5.4
      vertex 0.9 3.4 5.4
      vertex 2.4 3.4 5.4
    endloop
  endfacet
  facet normal -0 0 -1
    outer loop
      vertex 165.1 3.4 5.4
      vertex 163.6 2.4 5.4
      vertex 163.6 3.4 5.4
    endloop
  endfacet
  facet normal 0 0 -1
    outer loop
      vertex 0.9 3.5 5.4
      vertex 2.4 90 5.4
      vertex 2.4 3.5 5.4
    endloop
  endfacet
  facet normal -0 0 -1
    outer loop
      vertex 2.4 90 5.4
      vertex 0.9 3.5 5.4
      vertex 0.9 90 5.4
    endloop
  endfacet
  facet normal -1 0 0
    outer loop
      vertex 0.9 0.9 5.4
      vertex 0.9 3.4 7.4
      vertex 0.9 3.4 5.4
    endloop
  endfacet
  facet normal -1 -0 0
    outer loop
      vertex 0.9 3.4 7.4
      vertex 0.9 0.9 5.4
      vertex 0.9 0.9 7.4
    endloop
  endfacet
  facet normal -1 0 0
    outer loop
      vertex 0.9 3.5 5.4
      vertex 0.9 90 7.4
      vertex 0.9 90 5.4
    endloop
  endfacet
  facet normal -1 -0 0
    outer loop
      vertex 0.9 90 7.4
      vertex 0.9 3.5 5.4
      vertex 0.9 3.5 7.4
    endloop
  endfacet
  facet normal 0 0 1
    outer loop
      vertex 2.4 3.4 7.4
      vertex 0.9 3.4 7.4
      vertex 2.4 2.4 7.4
    endloop
  endfacet
  facet normal 0 0 1
    outer loop
      vertex 163.6 2.4 7.4
      vertex 165.1 3.4 7.4
      vertex 163.6 3.4 7.4
    endloop
  endfacet
  facet normal 0 0 1
    outer loop
      vertex 165.1 3.4 7.4
      vertex 163.6 2.4 7.4
      vertex 165.1 0.9 7.4
    endloop
  endfacet
  facet normal -0 0 1
    outer loop
      vertex 2.4 2.4 7.4
      vertex 165.1 0.9 7.4
      vertex 163.6 2.4 7.4
    endloop
  endfacet
  facet normal 0 0 1
    outer loop
      vertex 2.4 2.4 7.4
      vertex 0.9 0.9 7.4
      vertex 165.1 0.9 7.4
    endloop
  endfacet
  facet normal 0 0 1
    outer loop
      vertex 0.9 0.9 7.4
      vertex 2.4 2.4 7.4
      vertex 0.9 3.4 7.4
    endloop
  endfacet
  facet normal -0 0 1
    outer loop
      vertex 0.9 90 7.4
      vertex 2.4 3.5 7.4
      vertex 2.4 90 7.4
    endloop
  endfacet
  facet normal 0 0 1
    outer loop
      vertex 2.4 3.5 7.4
      vertex 0.9 90 7.4
      vertex 0.9 3.5 7.4
    endloop
  endfacet
  facet normal 1 -0 0
    outer loop
      vertex 165.1 0.9 7.4
      vertex 165.1 3.4 5.4
      vertex 165.1 3.4 7.4
    endloop
  endfacet
  facet normal 1 0 0
    outer loop
      vertex 165.1 3.4 5.4
      vertex 165.1 0.9 7.4
      vertex 165.1 0.9 5.4
    endloop
  endfacet
  facet normal 0 -1 0
    outer loop
      vertex 0.9 0.9 5.4
      vertex 165.1 0.9 7.4
      vertex 0.9 0.9 7.4
    endloop
  endfacet
  facet normal 0 -1 -0
    outer loop
      vertex 165.1 0.9 7.4
      vertex 0.9 0.9 5.4
      vertex 165.1 0.9 5.4
    endloop
  endfacet
  facet normal 0 1 -0
    outer loop
      vertex 163.6 2.4 5.4
      vertex 2.4 2.4 7.4
      vertex 163.6 2.4 7.4
    endloop
  endfacet
  facet normal 0 1 0
    outer loop
      vertex 2.4 2.4 7.4
      vertex 163.6 2.4 5.4
      vertex 2.4 2.4 5.4
    endloop
  endfacet
  facet normal -0.471358 0.881942 0
    outer loop
      vertex 6.85195 10.7716 2.4
      vertex 6.33329 10.4944 5.4
      vertex 6.85195 10.7716 5.4
    endloop
  endfacet
  facet normal -0.471358 0.881942 0
    outer loop
      vertex 6.33329 10.4944 5.4
      vertex 6.85195 10.7716 2.4
      vertex 6.33329 10.4944 2.4
    endloop
  endfacet
  facet normal 0.471358 0.881942 -0
    outer loop
      vertex 9.66671 10.4944 2.4
      vertex 9.14805 10.7716 5.4
      vertex 9.66671 10.4944 5.4
    endloop
  endfacet
  facet normal 0.471358 0.881942 0
    outer loop
      vertex 9.14805 10.7716 5.4
      vertex 9.66671 10.4944 2.4
      vertex 9.14805 10.7716 2.4
    endloop
  endfacet
  facet normal 0.956901 0.290413 0
    outer loop
      vertex 10.9424 8.58527 5.4
      vertex 10.7716 9.14805 2.4
      vertex 10.7716 9.14805 5.4
    endloop
  endfacet
  facet normal 0.956901 0.290413 0
    outer loop
      vertex 10.7716 9.14805 2.4
      vertex 10.9424 8.58527 5.4
      vertex 10.9424 8.58527 2.4
    endloop
  endfacet
  facet normal 0.995192 0.0979429 0
    outer loop
      vertex 11 8 5.4
      vertex 10.9424 8.58527 2.4
      vertex 10.9424 8.58527 5.4
    endloop
  endfacet
  facet normal 0.995192 0.0979429 0
    outer loop
      vertex 10.9424 8.58527 2.4
      vertex 11 8 5.4
      vertex 11 8 2.4
    endloop
  endfacet
  facet normal 0.881942 0.471358 0
    outer loop
      vertex 10.7716 9.14805 5.4
      vertex 10.4944 9.66671 2.4
      vertex 10.4944 9.66671 5.4
    endloop
  endfacet
  facet normal 0.881942 0.471358 0
    outer loop
      vertex 10.4944 9.66671 2.4
      vertex 10.7716 9.14805 5.4
      vertex 10.7716 9.14805 2.4
    endloop
  endfacet
  facet normal 0.0979429 0.995192 -0
    outer loop
      vertex 8.58527 10.9424 2.4
      vertex 8 11 5.4
      vertex 8.58527 10.9424 5.4
    endloop
  endfacet
  facet normal 0.0979429 0.995192 0
    outer loop
      vertex 8 11 5.4
      vertex 8.58527 10.9424 2.4
      vertex 8 11 2.4
    endloop
  endfacet
  facet normal 0.0980103 -0.995185 0
    outer loop
      vertex 8 5 2.4
      vertex 8.58527 5.05764 5.4
      vertex 8 5 5.4
    endloop
  endfacet
  facet normal 0.0980103 -0.995185 0
    outer loop
      vertex 8.58527 5.05764 5.4
      vertex 8 5 2.4
      vertex 8.58527 5.05764 2.4
    endloop
  endfacet
  facet normal 0.290413 0.956901 -0
    outer loop
      vertex 9.14805 10.7716 2.4
      vertex 8.58527 10.9424 5.4
      vertex 9.14805 10.7716 5.4
    endloop
  endfacet
  facet normal 0.290413 0.956901 0
    outer loop
      vertex 8.58527 10.9424 5.4
      vertex 9.14805 10.7716 2.4
      vertex 8.58527 10.9424 2.4
    endloop
  endfacet
  facet normal 0.634421 0.772987 -0
    outer loop
      vertex 10.1213 10.1213 2.4
      vertex 9.66671 10.4944 5.4
      vertex 10.1213 10.1213 5.4
    endloop
  endfacet
  facet normal 0.634421 0.772987 0
    outer loop
      vertex 9.66671 10.4944 5.4
      vertex 10.1213 10.1213 2.4
      vertex 9.66671 10.4944 2.4
    endloop
  endfacet
  facet normal 0.773001 -0.634405 0
    outer loop
      vertex 10.1213 5.87868 5.4
      vertex 10.4944 6.33329 2.4
      vertex 10.4944 6.33329 5.4
    endloop
  endfacet
  facet normal 0.773001 -0.634405 0
    outer loop
      vertex 10.4944 6.33329 2.4
      vertex 10.1213 5.87868 5.4
      vertex 10.1213 5.87868 2.4
    endloop
  endfacet
  facet normal -0.634405 0.773001 0
    outer loop
      vertex 6.33329 10.4944 2.4
      vertex 5.87868 10.1213 5.4
      vertex 6.33329 10.4944 5.4
    endloop
  endfacet
  facet normal -0.634405 0.773001 0
    outer loop
      vertex 5.87868 10.1213 5.4
      vertex 6.33329 10.4944 2.4
      vertex 5.87868 10.1213 2.4
    endloop
  endfacet
  facet normal 0.471397 -0.881921 0
    outer loop
      vertex 9.14805 5.22836 2.4
      vertex 9.66671 5.50559 5.4
      vertex 9.14805 5.22836 5.4
    endloop
  endfacet
  facet normal 0.471397 -0.881921 0
    outer loop
      vertex 9.66671 5.50559 5.4
      vertex 9.14805 5.22836 2.4
      vertex 9.66671 5.50559 2.4
    endloop
  endfacet
  facet normal -0.881921 -0.471397 0
    outer loop
      vertex 5.50559 6.33329 2.4
      vertex 5.22836 6.85195 5.4
      vertex 5.22836 6.85195 2.4
    endloop
  endfacet
  facet normal -0.881921 -0.471397 0
    outer loop
      vertex 5.22836 6.85195 5.4
      vertex 5.50559 6.33329 2.4
      vertex 5.50559 6.33329 5.4
    endloop
  endfacet
  facet normal 0.995192 -0.0979429 0
    outer loop
      vertex 10.9424 7.41473 5.4
      vertex 11 8 2.4
      vertex 11 8 5.4
    endloop
  endfacet
  facet normal 0.995192 -0.0979429 0
    outer loop
      vertex 11 8 2.4
      vertex 10.9424 7.41473 5.4
      vertex 10.9424 7.41473 2.4
    endloop
  endfacet
  facet normal -0.290413 0.956901 0
    outer loop
      vertex 7.41473 10.9424 2.4
      vertex 6.85195 10.7716 5.4
      vertex 7.41473 10.9424 5.4
    endloop
  endfacet
  facet normal -0.290413 0.956901 0
    outer loop
      vertex 6.85195 10.7716 5.4
      vertex 7.41473 10.9424 2.4
      vertex 6.85195 10.7716 2.4
    endloop
  endfacet
  facet normal -0.0980103 -0.995185 0
    outer loop
      vertex 7.41473 5.05764 2.4
      vertex 8 5 5.4
      vertex 7.41473 5.05764 5.4
    endloop
  endfacet
  facet normal -0.0980103 -0.995185 -0
    outer loop
      vertex 8 5 5.4
      vertex 7.41473 5.05764 2.4
      vertex 8 5 2.4
    endloop
  endfacet
  facet normal -0.881921 0.471397 0
    outer loop
      vertex 5.22836 9.14805 2.4
      vertex 5.50559 9.66671 5.4
      vertex 5.50559 9.66671 2.4
    endloop
  endfacet
  facet normal -0.881921 0.471397 0
    outer loop
      vertex 5.50559 9.66671 5.4
      vertex 5.22836 9.14805 2.4
      vertex 5.22836 9.14805 5.4
    endloop
  endfacet
  facet normal 0.290289 -0.956939 0
    outer loop
      vertex 8.58527 5.05764 2.4
      vertex 9.14805 5.22836 5.4
      vertex 8.58527 5.05764 5.4
    endloop
  endfacet
  facet normal 0.290289 -0.956939 0
    outer loop
      vertex 9.14805 5.22836 5.4
      vertex 8.58527 5.05764 2.4
      vertex 9.14805 5.22836 2.4
    endloop
  endfacet
  facet normal 0 0 1
    outer loop
      vertex 9.3 8 5.4
      vertex 11 8 5.4
      vertex 10.9424 8.58527 5.4
    endloop
  endfacet
  facet normal 0 0 1
    outer loop
      vertex 9.2557 8.33646 5.4
      vertex 10.9424 8.58527 5.4
      vertex 10.7716 9.14805 5.4
    endloop
  endfacet
  facet normal 0 0 1
    outer loop
      vertex 11 8 5.4
      vertex 9.3 8 5.4
      vertex 10.9424 7.41473 5.4
    endloop
  endfacet
  facet normal 0 0 1
    outer loop
      vertex 9.12583 8.65 5.4
      vertex 10.7716 9.14805 5.4
      vertex 10.4944 9.66671 5.4
    endloop
  endfacet
  facet normal -0 0 1
    outer loop
      vertex 9.2557 7.66354 5.4
      vertex 10.9424 7.41473 5.4
      vertex 9.3 8 5.4
    endloop
  endfacet
  facet normal 0 0 1
    outer loop
      vertex 8.91924 8.91924 5.4
      vertex 10.4944 9.66671 5.4
      vertex 10.1213 10.1213 5.4
    endloop
  endfacet
  facet normal 0 0 1
    outer loop
      vertex 10.9424 7.41473 5.4
      vertex 9.2557 7.66354 5.4
      vertex 10.7716 6.85195 5.4
    endloop
  endfacet
  facet normal 0 0 1
    outer loop
      vertex 8.91924 8.91924 5.4
      vertex 10.1213 10.1213 5.4
      vertex 9.66671 10.4944 5.4
    endloop
  endfacet
  facet normal -0 0 1
    outer loop
      vertex 9.12583 7.35 5.4
      vertex 10.7716 6.85195 5.4
      vertex 9.2557 7.66354 5.4
    endloop
  endfacet
  facet normal 0 0 1
    outer loop
      vertex 10.7716 6.85195 5.4
      vertex 9.12583 7.35 5.4
      vertex 10.4944 6.33329 5.4
    endloop
  endfacet
  facet normal 0 0 1
    outer loop
      vertex 10.9424 8.58527 5.4
      vertex 9.2557 8.33646 5.4
      vertex 9.3 8 5.4
    endloop
  endfacet
  facet normal 0 0 1
    outer loop
      vertex 8.65 9.12583 5.4
      vertex 9.66671 10.4944 5.4
      vertex 9.14805 10.7716 5.4
    endloop
  endfacet
  facet normal 0 0 1
    outer loop
      vertex 10.7716 9.14805 5.4
      vertex 9.12583 8.65 5.4
      vertex 9.2557 8.33646 5.4
    endloop
  endfacet
  facet normal 0 0 1
    outer loop
      vertex 10.4944 9.66671 5.4
      vertex 8.91924 8.91924 5.4
      vertex 9.12583 8.65 5.4
    endloop
  endfacet
  facet normal 0 0 1
    outer loop
      vertex 9.66671 10.4944 5.4
      vertex 8.65 9.12583 5.4
      vertex 8.91924 8.91924 5.4
    endloop
  endfacet
  facet normal 0 0 1
    outer loop
      vertex 8.33646 9.2557 5.4
      vertex 9.14805 10.7716 5.4
      vertex 8.58527 10.9424 5.4
    endloop
  endfacet
  facet normal 0 0 1
    outer loop
      vertex 9.14805 10.7716 5.4
      vertex 8.33646 9.2557 5.4
      vertex 8.65 9.12583 5.4
    endloop
  endfacet
  facet normal 0 0 1
    outer loop
      vertex 8 9.3 5.4
      vertex 8.58527 10.9424 5.4
      vertex 8 11 5.4
    endloop
  endfacet
  facet normal 0 0 1
    outer loop
      vertex 8.58527 10.9424 5.4
      vertex 8 9.3 5.4
      vertex 8.33646 9.2557 5.4
    endloop
  endfacet
  facet normal -0 0 1
    outer loop
      vertex 7.41473 10.9424 5.4
      vertex 8 9.3 5.4
      vertex 8 11 5.4
    endloop
  endfacet
  facet normal 0 0 1
    outer loop
      vertex 8 9.3 5.4
      vertex 7.41473 10.9424 5.4
      vertex 7.66354 9.2557 5.4
    endloop
  endfacet
  facet normal -0 0 1
    outer loop
      vertex 6.85195 10.7716 5.4
      vertex 7.66354 9.2557 5.4
      vertex 7.41473 10.9424 5.4
    endloop
  endfacet
  facet normal 0 0 1
    outer loop
      vertex 7.66354 9.2557 5.4
      vertex 6.85195 10.7716 5.4
      vertex 7.35 9.12583 5.4
    endloop
  endfacet
  facet normal -0 0 1
    outer loop
      vertex 6.33329 10.4944 5.4
      vertex 7.35 9.12583 5.4
      vertex 6.85195 10.7716 5.4
    endloop
  endfacet
  facet normal 0 0 1
    outer loop
      vertex 7.35 9.12583 5.4
      vertex 6.33329 10.4944 5.4
      vertex 7.08076 8.91924 5.4
    endloop
  endfacet
  facet normal -0 0 1
    outer loop
      vertex 5.87868 10.1213 5.4
      vertex 7.08076 8.91924 5.4
      vertex 6.33329 10.4944 5.4
    endloop
  endfacet
  facet normal -0 0 1
    outer loop
      vertex 5.50559 9.66671 5.4
      vertex 7.08076 8.91924 5.4
      vertex 5.87868 10.1213 5.4
    endloop
  endfacet
  facet normal 0 0 1
    outer loop
      vertex 7.08076 8.91924 5.4
      vertex 5.50559 9.66671 5.4
      vertex 6.87417 8.65 5.4
    endloop
  endfacet
  facet normal -0 0 1
    outer loop
      vertex 8.91924 7.08076 5.4
      vertex 10.4944 6.33329 5.4
      vertex 9.12583 7.35 5.4
    endloop
  endfacet
  facet normal 0 0 1
    outer loop
      vertex 10.4944 6.33329 5.4
      vertex 8.91924 7.08076 5.4
      vertex 10.1213 5.87868 5.4
    endloop
  endfacet
  facet normal 0 0 1
    outer loop
      vertex 10.1213 5.87868 5.4
      vertex 8.91924 7.08076 5.4
      vertex 9.66671 5.50559 5.4
    endloop
  endfacet
  facet normal -0 0 1
    outer loop
      vertex 8.65 6.87417 5.4
      vertex 9.66671 5.50559 5.4
      vertex 8.91924 7.08076 5.4
    endloop
  endfacet
  facet normal 0 0 1
    outer loop
      vertex 9.66671 5.50559 5.4
      vertex 8.65 6.87417 5.4
      vertex 9.14805 5.22836 5.4
    endloop
  endfacet
  facet normal -0 0 1
    outer loop
      vertex 8.33646 6.7443 5.4
      vertex 9.14805 5.22836 5.4
      vertex 8.65 6.87417 5.4
    endloop
  endfacet
  facet normal 0 0 1
    outer loop
      vertex 9.14805 5.22836 5.4
      vertex 8.33646 6.7443 5.4
      vertex 8.58527 5.05764 5.4
    endloop
  endfacet
  facet normal -0 0 1
    outer loop
      vertex 8 6.7 5.4
      vertex 8.58527 5.05764 5.4
      vertex 8.33646 6.7443 5.4
    endloop
  endfacet
  facet normal 0 0 1
    outer loop
      vertex 8 6.7 5.4
      vertex 8 5 5.4
      vertex 8.58527 5.05764 5.4
    endloop
  endfacet
  facet normal 0 0 1
    outer loop
      vertex 7.41473 5.05764 5.4
      vertex 8 6.7 5.4
      vertex 7.66354 6.7443 5.4
    endloop
  endfacet
  facet normal 0 0 1
    outer loop
      vertex 8 6.7 5.4
      vertex 7.41473 5.05764 5.4
      vertex 8 5 5.4
    endloop
  endfacet
  facet normal 0 0 1
    outer loop
      vertex 6.85195 5.22836 5.4
      vertex 7.66354 6.7443 5.4
      vertex 7.35 6.87417 5.4
    endloop
  endfacet
  facet normal 0 0 1
    outer loop
      vertex 6.33329 5.50559 5.4
      vertex 7.35 6.87417 5.4
      vertex 7.08076 7.08076 5.4
    endloop
  endfacet
  facet normal 0 0 1
    outer loop
      vertex 5.50559 6.33329 5.4
      vertex 7.08076 7.08076 5.4
      vertex 6.87417 7.35 5.4
    endloop
  endfacet
  facet normal 0 0 1
    outer loop
      vertex 7.66354 6.7443 5.4
      vertex 6.85195 5.22836 5.4
      vertex 7.41473 5.05764 5.4
    endloop
  endfacet
  facet normal 0 0 1
    outer loop
      vertex 5.22836 6.85195 5.4
      vertex 6.87417 7.35 5.4
      vertex 6.7443 7.66354 5.4
    endloop
  endfacet
  facet normal 0 0 1
    outer loop
      vertex 5.05764 7.41473 5.4
      vertex 6.7443 7.66354 5.4
      vertex 6.7 8 5.4
    endloop
  endfacet
  facet normal -0 0 1
    outer loop
      vertex 5.22836 9.14805 5.4
      vertex 6.87417 8.65 5.4
      vertex 5.50559 9.66671 5.4
    endloop
  endfacet
  facet normal 0 0 1
    outer loop
      vertex 7.35 6.87417 5.4
      vertex 6.33329 5.50559 5.4
      vertex 6.85195 5.22836 5.4
    endloop
  endfacet
  facet normal 0 0 1
    outer loop
      vertex 6.87417 8.65 5.4
      vertex 5.22836 9.14805 5.4
      vertex 6.7443 8.33646 5.4
    endloop
  endfacet
  facet normal 0 0 1
    outer loop
      vertex 7.08076 7.08076 5.4
      vertex 5.87868 5.87868 5.4
      vertex 6.33329 5.50559 5.4
    endloop
  endfacet
  facet normal -0 0 1
    outer loop
      vertex 5.05764 8.58527 5.4
      vertex 6.7443 8.33646 5.4
      vertex 5.22836 9.14805 5.4
    endloop
  endfacet
  facet normal 0 0 1
    outer loop
      vertex 7.08076 7.08076 5.4
      vertex 5.50559 6.33329 5.4
      vertex 5.87868 5.87868 5.4
    endloop
  endfacet
  facet normal 0 0 1
    outer loop
      vertex 6.7443 8.33646 5.4
      vertex 5.05764 8.58527 5.4
      vertex 6.7 8 5.4
    endloop
  endfacet
  facet normal 0 0 1
    outer loop
      vertex 6.87417 7.35 5.4
      vertex 5.22836 6.85195 5.4
      vertex 5.50559 6.33329 5.4
    endloop
  endfacet
  facet normal 0 0 1
    outer loop
      vertex 5 8 5.4
      vertex 6.7 8 5.4
      vertex 5.05764 8.58527 5.4
    endloop
  endfacet
  facet normal 0 0 1
    outer loop
      vertex 6.7443 7.66354 5.4
      vertex 5.05764 7.41473 5.4
      vertex 5.22836 6.85195 5.4
    endloop
  endfacet
  facet normal 0 0 1
    outer loop
      vertex 6.7 8 5.4
      vertex 5 8 5.4
      vertex 5.05764 7.41473 5.4
    endloop
  endfacet
  facet normal -0.290289 -0.956939 0
    outer loop
      vertex 6.85195 5.22836 2.4
      vertex 7.41473 5.05764 5.4
      vertex 6.85195 5.22836 5.4
    endloop
  endfacet
  facet normal -0.290289 -0.956939 -0
    outer loop
      vertex 7.41473 5.05764 5.4
      vertex 6.85195 5.22836 2.4
      vertex 7.41473 5.05764 2.4
    endloop
  endfacet
  facet normal 0.956901 -0.290413 0
    outer loop
      vertex 10.7716 6.85195 5.4
      vertex 10.9424 7.41473 2.4
      vertex 10.9424 7.41473 5.4
    endloop
  endfacet
  facet normal 0.956901 -0.290413 0
    outer loop
      vertex 10.9424 7.41473 2.4
      vertex 10.7716 6.85195 5.4
      vertex 10.7716 6.85195 2.4
    endloop
  endfacet
  facet normal 0.772987 0.634421 0
    outer loop
      vertex 10.4944 9.66671 5.4
      vertex 10.1213 10.1213 2.4
      vertex 10.1213 10.1213 5.4
    endloop
  endfacet
  facet normal 0.772987 0.634421 0
    outer loop
      vertex 10.1213 10.1213 2.4
      vertex 10.4944 9.66671 5.4
      vertex 10.4944 9.66671 2.4
    endloop
  endfacet
  facet normal -0.995185 0.0980103 0
    outer loop
      vertex 5 8 2.4
      vertex 5.05764 8.58527 5.4
      vertex 5.05764 8.58527 2.4
    endloop
  endfacet
  facet normal -0.995185 0.0980103 0
    outer loop
      vertex 5.05764 8.58527 5.4
      vertex 5 8 2.4
      vertex 5 8 5.4
    endloop
  endfacet
  facet normal 0.634411 -0.772996 0
    outer loop
      vertex 9.66671 5.50559 2.4
      vertex 10.1213 5.87868 5.4
      vertex 9.66671 5.50559 5.4
    endloop
  endfacet
  facet normal 0.634411 -0.772996 0
    outer loop
      vertex 10.1213 5.87868 5.4
      vertex 9.66671 5.50559 2.4
      vertex 10.1213 5.87868 2.4
    endloop
  endfacet
  facet normal -0.634395 -0.773009 0
    outer loop
      vertex 5.87868 5.87868 2.4
      vertex 6.33329 5.50559 5.4
      vertex 5.87868 5.87868 5.4
    endloop
  endfacet
  facet normal -0.634395 -0.773009 -0
    outer loop
      vertex 6.33329 5.50559 5.4
      vertex 5.87868 5.87868 2.4
      vertex 6.33329 5.50559 2.4
    endloop
  endfacet
  facet normal -0.0979429 0.995192 0
    outer loop
      vertex 8 11 2.4
      vertex 7.41473 10.9424 5.4
      vertex 8 11 5.4
    endloop
  endfacet
  facet normal -0.0979429 0.995192 0
    outer loop
      vertex 7.41473 10.9424 5.4
      vertex 8 11 2.4
      vertex 7.41473 10.9424 2.4
    endloop
  endfacet
  facet normal 0.881942 -0.471358 0
    outer loop
      vertex 10.4944 6.33329 5.4
      vertex 10.7716 6.85195 2.4
      vertex 10.7716 6.85195 5.4
    endloop
  endfacet
  facet normal 0.881942 -0.471358 0
    outer loop
      vertex 10.7716 6.85195 2.4
      vertex 10.4944 6.33329 5.4
      vertex 10.4944 6.33329 2.4
    endloop
  endfacet
  facet normal -0.956939 -0.290289 0
    outer loop
      vertex 5.22836 6.85195 2.4
      vertex 5.05764 7.41473 5.4
      vertex 5.05764 7.41473 2.4
    endloop
  endfacet
  facet normal -0.956939 -0.290289 0
    outer loop
      vertex 5.05764 7.41473 5.4
      vertex 5.22836 6.85195 2.4
      vertex 5.22836 6.85195 5.4
    endloop
  endfacet
  facet normal -0.995185 -0.0980103 0
    outer loop
      vertex 5.05764 7.41473 2.4
      vertex 5 8 5.4
      vertex 5 8 2.4
    endloop
  endfacet
  facet normal -0.995185 -0.0980103 0
    outer loop
      vertex 5 8 5.4
      vertex 5.05764 7.41473 2.4
      vertex 5.05764 7.41473 5.4
    endloop
  endfacet
  facet normal -0.773009 -0.634395 0
    outer loop
      vertex 5.87868 5.87868 2.4
      vertex 5.50559 6.33329 5.4
      vertex 5.50559 6.33329 2.4
    endloop
  endfacet
  facet normal -0.773009 -0.634395 0
    outer loop
      vertex 5.50559 6.33329 5.4
      vertex 5.87868 5.87868 2.4
      vertex 5.87868 5.87868 5.4
    endloop
  endfacet
  facet normal -0.772996 0.634411 0
    outer loop
      vertex 5.50559 9.66671 2.4
      vertex 5.87868 10.1213 5.4
      vertex 5.87868 10.1213 2.4
    endloop
  endfacet
  facet normal -0.772996 0.634411 0
    outer loop
      vertex 5.87868 10.1213 5.4
      vertex 5.50559 9.66671 2.4
      vertex 5.50559 9.66671 5.4
    endloop
  endfacet
  facet normal -0.956939 0.290289 0
    outer loop
      vertex 5.05764 8.58527 2.4
      vertex 5.22836 9.14805 5.4
      vertex 5.22836 9.14805 2.4
    endloop
  endfacet
  facet normal -0.956939 0.290289 0
    outer loop
      vertex 5.22836 9.14805 5.4
      vertex 5.05764 8.58527 2.4
      vertex 5.05764 8.58527 5.4
    endloop
  endfacet
  facet normal -0.471397 -0.881921 0
    outer loop
      vertex 6.33329 5.50559 2.4
      vertex 6.85195 5.22836 5.4
      vertex 6.33329 5.50559 5.4
    endloop
  endfacet
  facet normal -0.471397 -0.881921 -0
    outer loop
      vertex 6.85195 5.22836 5.4
      vertex 6.33329 5.50559 2.4
      vertex 6.85195 5.22836 2.4
    endloop
  endfacet
  facet normal -0.382677 -0.923882 0
    outer loop
      vertex 8.33646 9.2557 2.4
      vertex 8.65 9.12583 5.4
      vertex 8.33646 9.2557 5.4
    endloop
  endfacet
  facet normal -0.382677 -0.923882 -0
    outer loop
      vertex 8.65 9.12583 5.4
      vertex 8.33646 9.2557 2.4
      vertex 8.65 9.12583 2.4
    endloop
  endfacet
  facet normal -0.923882 -0.382677 0
    outer loop
      vertex 9.2557 8.33646 2.4
      vertex 9.12583 8.65 5.4
      vertex 9.12583 8.65 2.4
    endloop
  endfacet
  facet normal -0.923882 -0.382677 0
    outer loop
      vertex 9.12583 8.65 5.4
      vertex 9.2557 8.33646 2.4
      vertex 9.2557 8.33646 5.4
    endloop
  endfacet
  facet normal -0.991443 -0.130538 0
    outer loop
      vertex 9.3 8 2.4
      vertex 9.2557 8.33646 5.4
      vertex 9.2557 8.33646 2.4
    endloop
  endfacet
  facet normal -0.991443 -0.130538 0
    outer loop
      vertex 9.2557 8.33646 5.4
      vertex 9.3 8 2.4
      vertex 9.3 8 5.4
    endloop
  endfacet
  facet normal 0.608752 -0.793361 0
    outer loop
      vertex 7.08076 8.91924 2.4
      vertex 7.35 9.12583 5.4
      vertex 7.08076 8.91924 5.4
    endloop
  endfacet
  facet normal 0.608752 -0.793361 0
    outer loop
      vertex 7.35 9.12583 5.4
      vertex 7.08076 8.91924 2.4
      vertex 7.35 9.12583 2.4
    endloop
  endfacet
  facet normal 0.991443 0.130538 0
    outer loop
      vertex 6.7443 7.66354 5.4
      vertex 6.7 8 2.4
      vertex 6.7 8 5.4
    endloop
  endfacet
  facet normal 0.991443 0.130538 0
    outer loop
      vertex 6.7 8 2.4
      vertex 6.7443 7.66354 5.4
      vertex 6.7443 7.66354 2.4
    endloop
  endfacet
  facet normal -0.608752 -0.793361 0
    outer loop
      vertex 8.65 9.12583 2.4
      vertex 8.91924 8.91924 5.4
      vertex 8.65 9.12583 5.4
    endloop
  endfacet
  facet normal -0.608752 -0.793361 -0
    outer loop
      vertex 8.91924 8.91924 5.4
      vertex 8.65 9.12583 2.4
      vertex 8.91924 8.91924 2.4
    endloop
  endfacet
  facet normal 0.130538 -0.991443 0
    outer loop
      vertex 7.66354 9.2557 2.4
      vertex 8 9.3 5.4
      vertex 7.66354 9.2557 5.4
    endloop
  endfacet
  facet normal 0.130538 -0.991443 0
    outer loop
      vertex 8 9.3 5.4
      vertex 7.66354 9.2557 2.4
      vertex 8 9.3 2.4
    endloop
  endfacet
  facet normal -0.991443 0.130538 0
    outer loop
      vertex 9.2557 7.66354 2.4
      vertex 9.3 8 5.4
      vertex 9.3 8 2.4
    endloop
  endfacet
  facet normal -0.991443 0.130538 0
    outer loop
      vertex 9.3 8 5.4
      vertex 9.2557 7.66354 2.4
      vertex 9.2557 7.66354 5.4
    endloop
  endfacet
  facet normal -0.793361 0.608752 0
    outer loop
      vertex 8.91924 7.08076 2.4
      vertex 9.12583 7.35 5.4
      vertex 9.12583 7.35 2.4
    endloop
  endfacet
  facet normal -0.793361 0.608752 0
    outer loop
      vertex 9.12583 7.35 5.4
      vertex 8.91924 7.08076 2.4
      vertex 8.91924 7.08076 5.4
    endloop
  endfacet
  facet normal -0.130538 -0.991443 0
    outer loop
      vertex 8 9.3 2.4
      vertex 8.33646 9.2557 5.4
      vertex 8 9.3 5.4
    endloop
  endfacet
  facet normal -0.130538 -0.991443 -0
    outer loop
      vertex 8.33646 9.2557 5.4
      vertex 8 9.3 2.4
      vertex 8.33646 9.2557 2.4
    endloop
  endfacet
  facet normal 0.608752 0.793361 -0
    outer loop
      vertex 7.35 6.87417 2.4
      vertex 7.08076 7.08076 5.4
      vertex 7.35 6.87417 5.4
    endloop
  endfacet
  facet normal 0.608752 0.793361 0
    outer loop
      vertex 7.08076 7.08076 5.4
      vertex 7.35 6.87417 2.4
      vertex 7.08076 7.08076 2.4
    endloop
  endfacet
  facet normal 0.793361 0.608752 0
    outer loop
      vertex 7.08076 7.08076 5.4
      vertex 6.87417 7.35 2.4
      vertex 6.87417 7.35 5.4
    endloop
  endfacet
  facet normal 0.793361 0.608752 0
    outer loop
      vertex 6.87417 7.35 2.4
      vertex 7.08076 7.08076 5.4
      vertex 7.08076 7.08076 2.4
    endloop
  endfacet
  facet normal -0.608752 0.793361 0
    outer loop
      vertex 8.91924 7.08076 2.4
      vertex 8.65 6.87417 5.4
      vertex 8.91924 7.08076 5.4
    endloop
  endfacet
  facet normal -0.608752 0.793361 0
    outer loop
      vertex 8.65 6.87417 5.4
      vertex 8.91924 7.08076 2.4
      vertex 8.65 6.87417 2.4
    endloop
  endfacet
  facet normal 0.793361 -0.608752 0
    outer loop
      vertex 6.87417 8.65 5.4
      vertex 7.08076 8.91924 2.4
      vertex 7.08076 8.91924 5.4
    endloop
  endfacet
  facet normal 0.793361 -0.608752 0
    outer loop
      vertex 7.08076 8.91924 2.4
      vertex 6.87417 8.65 5.4
      vertex 6.87417 8.65 2.4
    endloop
  endfacet
  facet normal -0.130538 0.991443 0
    outer loop
      vertex 8.33646 6.7443 2.4
      vertex 8 6.7 5.4
      vertex 8.33646 6.7443 5.4
    endloop
  endfacet
  facet normal -0.130538 0.991443 0
    outer loop
      vertex 8 6.7 5.4
      vertex 8.33646 6.7443 2.4
      vertex 8 6.7 2.4
    endloop
  endfacet
  facet normal -0.382677 0.923882 0
    outer loop
      vertex 8.65 6.87417 2.4
      vertex 8.33646 6.7443 5.4
      vertex 8.65 6.87417 5.4
    endloop
  endfacet
  facet normal -0.382677 0.923882 0
    outer loop
      vertex 8.33646 6.7443 5.4
      vertex 8.65 6.87417 2.4
      vertex 8.33646 6.7443 2.4
    endloop
  endfacet
  facet normal 0.382677 -0.923882 0
    outer loop
      vertex 7.35 9.12583 2.4
      vertex 7.66354 9.2557 5.4
      vertex 7.35 9.12583 5.4
    endloop
  endfacet
  facet normal 0.382677 -0.923882 0
    outer loop
      vertex 7.66354 9.2557 5.4
      vertex 7.35 9.12583 2.4
      vertex 7.66354 9.2557 2.4
    endloop
  endfacet
  facet normal 0.923882 -0.382677 0
    outer loop
      vertex 6.7443 8.33646 5.4
      vertex 6.87417 8.65 2.4
      vertex 6.87417 8.65 5.4
    endloop
  endfacet
  facet normal 0.923882 -0.382677 0
    outer loop
      vertex 6.87417 8.65 2.4
      vertex 6.7443 8.33646 5.4
      vertex 6.7443 8.33646 2.4
    endloop
  endfacet
  facet normal 0.991443 -0.130538 0
    outer loop
      vertex 6.7 8 5.4
      vertex 6.7443 8.33646 2.4
      vertex 6.7443 8.33646 5.4
    endloop
  endfacet
  facet normal 0.991443 -0.130538 0
    outer loop
      vertex 6.7443 8.33646 2.4
      vertex 6.7 8 5.4
      vertex 6.7 8 2.4
    endloop
  endfacet
  facet normal -0.793361 -0.608752 0
    outer loop
      vertex 9.12583 8.65 2.4
      vertex 8.91924 8.91924 5.4
      vertex 8.91924 8.91924 2.4
    endloop
  endfacet
  facet normal -0.793361 -0.608752 0
    outer loop
      vertex 8.91924 8.91924 5.4
      vertex 9.12583 8.65 2.4
      vertex 9.12583 8.65 5.4
    endloop
  endfacet
  facet normal -0.923882 0.382677 0
    outer loop
      vertex 9.12583 7.35 2.4
      vertex 9.2557 7.66354 5.4
      vertex 9.2557 7.66354 2.4
    endloop
  endfacet
  facet normal -0.923882 0.382677 0
    outer loop
      vertex 9.2557 7.66354 5.4
      vertex 9.12583 7.35 2.4
      vertex 9.12583 7.35 5.4
    endloop
  endfacet
  facet normal 0.923882 0.382677 0
    outer loop
      vertex 6.87417 7.35 5.4
      vertex 6.7443 7.66354 2.4
      vertex 6.7443 7.66354 5.4
    endloop
  endfacet
  facet normal 0.923882 0.382677 0
    outer loop
      vertex 6.7443 7.66354 2.4
      vertex 6.87417 7.35 5.4
      vertex 6.87417 7.35 2.4
    endloop
  endfacet
  facet normal 0.130538 0.991443 -0
    outer loop
      vertex 8 6.7 2.4
      vertex 7.66354 6.7443 5.4
      vertex 8 6.7 5.4
    endloop
  endfacet
  facet normal 0.130538 0.991443 0
    outer loop
      vertex 7.66354 6.7443 5.4
      vertex 8 6.7 2.4
      vertex 7.66354 6.7443 2.4
    endloop
  endfacet
  facet normal 0.382677 0.923882 -0
    outer loop
      vertex 7.66354 6.7443 2.4
      vertex 7.35 6.87417 5.4
      vertex 7.66354 6.7443 5.4
    endloop
  endfacet
  facet normal 0.382677 0.923882 0
    outer loop
      vertex 7.35 6.87417 5.4
      vertex 7.66354 6.7443 2.4
      vertex 7.35 6.87417 2.4
    endloop
  endfacet
  facet normal -0.471117 0.882071 0
    outer loop
      vertex 156.852 10.7716 2.4
      vertex 156.333 10.4944 5.4
      vertex 156.852 10.7716 5.4
    endloop
  endfacet
  facet normal -0.471117 0.882071 0
    outer loop
      vertex 156.333 10.4944 5.4
      vertex 156.852 10.7716 2.4
      vertex 156.333 10.4944 2.4
    endloop
  endfacet
  facet normal 0.471117 0.882071 -0
    outer loop
      vertex 159.667 10.4944 2.4
      vertex 159.148 10.7716 5.4
      vertex 159.667 10.4944 5.4
    endloop
  endfacet
  facet normal 0.471117 0.882071 0
    outer loop
      vertex 159.148 10.7716 5.4
      vertex 159.667 10.4944 2.4
      vertex 159.148 10.7716 2.4
    endloop
  endfacet
  facet normal 0.957279 0.289167 0
    outer loop
      vertex 160.942 8.58527 5.4
      vertex 160.772 9.14805 2.4
      vertex 160.772 9.14805 5.4
    endloop
  endfacet
  facet normal 0.957279 0.289167 0
    outer loop
      vertex 160.772 9.14805 2.4
      vertex 160.942 8.58527 5.4
      vertex 160.942 8.58527 2.4
    endloop
  endfacet
  facet normal 0.995126 0.0986165 0
    outer loop
      vertex 161 8 5.4
      vertex 160.942 8.58527 2.4
      vertex 160.942 8.58527 5.4
    endloop
  endfacet
  facet normal 0.995126 0.0986165 0
    outer loop
      vertex 160.942 8.58527 2.4
      vertex 161 8 5.4
      vertex 161 8 2.4
    endloop
  endfacet
  facet normal 0.881376 0.472415 0
    outer loop
      vertex 160.772 9.14805 5.4
      vertex 160.494 9.66671 2.4
      vertex 160.494 9.66671 5.4
    endloop
  endfacet
  facet normal 0.881376 0.472415 0
    outer loop
      vertex 160.494 9.66671 2.4
      vertex 160.772 9.14805 5.4
      vertex 160.772 9.14805 2.4
    endloop
  endfacet
  facet normal 0.0979877 0.995188 -0
    outer loop
      vertex 158.585 10.9424 2.4
      vertex 158 11 5.4
      vertex 158.585 10.9424 5.4
    endloop
  endfacet
  facet normal 0.0979877 0.995188 0
    outer loop
      vertex 158 11 5.4
      vertex 158.585 10.9424 2.4
      vertex 158 11 2.4
    endloop
  endfacet
  facet normal 0.0980551 -0.995181 0
    outer loop
      vertex 158 5 2.4
      vertex 158.585 5.05764 5.4
      vertex 158 5 5.4
    endloop
  endfacet
  facet normal 0.0980551 -0.995181 0
    outer loop
      vertex 158.585 5.05764 5.4
      vertex 158 5 2.4
      vertex 158.585 5.05764 2.4
    endloop
  endfacet
  facet normal 0.290309 0.956933 -0
    outer loop
      vertex 159.148 10.7716 2.4
      vertex 158.585 10.9424 5.4
      vertex 159.148 10.7716 5.4
    endloop
  endfacet
  facet normal 0.290309 0.956933 0
    outer loop
      vertex 158.585 10.9424 5.4
      vertex 159.148 10.7716 2.4
      vertex 158.585 10.9424 2.4
    endloop
  endfacet
  facet normal 0.634914 0.772583 -0
    outer loop
      vertex 160.121 10.1213 2.4
      vertex 159.667 10.4944 5.4
      vertex 160.121 10.1213 5.4
    endloop
  endfacet
  facet normal 0.634914 0.772583 0
    outer loop
      vertex 159.667 10.4944 5.4
      vertex 160.121 10.1213 2.4
      vertex 159.667 10.4944 2.4
    endloop
  endfacet
  facet normal 0.773084 -0.634303 0
    outer loop
      vertex 160.121 5.87868 5.4
      vertex 160.494 6.33329 2.4
      vertex 160.494 6.33329 5.4
    endloop
  endfacet
  facet normal 0.773084 -0.634303 0
    outer loop
      vertex 160.494 6.33329 2.4
      vertex 160.121 5.87868 5.4
      vertex 160.121 5.87868 2.4
    endloop
  endfacet
  facet normal -0.634914 0.772583 0
    outer loop
      vertex 156.333 10.4944 2.4
      vertex 155.879 10.1213 5.4
      vertex 156.333 10.4944 5.4
    endloop
  endfacet
  facet normal -0.634914 0.772583 0
    outer loop
      vertex 155.879 10.1213 5.4
      vertex 156.333 10.4944 2.4
      vertex 155.879 10.1213 2.4
    endloop
  endfacet
  facet normal 0.471157 -0.882049 0
    outer loop
      vertex 159.148 5.22836 2.4
      vertex 159.667 5.50559 5.4
      vertex 159.148 5.22836 5.4
    endloop
  endfacet
  facet normal 0.471157 -0.882049 0
    outer loop
      vertex 159.667 5.50559 5.4
      vertex 159.148 5.22836 2.4
      vertex 159.667 5.50559 2.4
    endloop
  endfacet
  facet normal -0.881376 -0.472415 0
    outer loop
      vertex 155.506 6.33329 2.4
      vertex 155.228 6.85195 5.4
      vertex 155.228 6.85195 2.4
    endloop
  endfacet
  facet normal -0.881376 -0.472415 0
    outer loop
      vertex 155.228 6.85195 5.4
      vertex 155.506 6.33329 2.4
      vertex 155.506 6.33329 5.4
    endloop
  endfacet
  facet normal 0.995126 -0.0986165 0
    outer loop
      vertex 160.942 7.41473 5.4
      vertex 161 8 2.4
      vertex 161 8 5.4
    endloop
  endfacet
  facet normal 0.995126 -0.0986165 0
    outer loop
      vertex 161 8 2.4
      vertex 160.942 7.41473 5.4
      vertex 160.942 7.41473 2.4
    endloop
  endfacet
  facet normal -0.290309 0.956933 0
    outer loop
      vertex 157.415 10.9424 2.4
      vertex 156.852 10.7716 5.4
      vertex 157.415 10.9424 5.4
    endloop
  endfacet
  facet normal -0.290309 0.956933 0
    outer loop
      vertex 156.852 10.7716 5.4
      vertex 157.415 10.9424 2.4
      vertex 156.852 10.7716 2.4
    endloop
  endfacet
  facet normal -0.0980551 -0.995181 0
    outer loop
      vertex 157.415 5.05764 2.4
      vertex 158 5 5.4
      vertex 157.415 5.05764 5.4
    endloop
  endfacet
  facet normal -0.0980551 -0.995181 -0
    outer loop
      vertex 158 5 5.4
      vertex 157.415 5.05764 2.4
      vertex 158 5 2.4
    endloop
  endfacet
  facet normal -0.881376 0.472415 0
    outer loop
      vertex 155.228 9.14805 2.4
      vertex 155.506 9.66671 5.4
      vertex 155.506 9.66671 2.4
    endloop
  endfacet
  facet normal -0.881376 0.472415 0
    outer loop
      vertex 155.506 9.66671 5.4
      vertex 155.228 9.14805 2.4
      vertex 155.228 9.14805 5.4
    endloop
  endfacet
  facet normal 0.290185 -0.956971 0
    outer loop
      vertex 158.585 5.05764 2.4
      vertex 159.148 5.22836 5.4
      vertex 158.585 5.05764 5.4
    endloop
  endfacet
  facet normal 0.290185 -0.956971 0
    outer loop
      vertex 159.148 5.22836 5.4
      vertex 158.585 5.05764 2.4
      vertex 159.148 5.22836 2.4
    endloop
  endfacet
  facet normal 0 0 1
    outer loop
      vertex 159.3 8 5.4
      vertex 161 8 5.4
      vertex 160.942 8.58527 5.4
    endloop
  endfacet
  facet normal 0 0 1
    outer loop
      vertex 159.256 8.33646 5.4
      vertex 160.942 8.58527 5.4
      vertex 160.772 9.14805 5.4
    endloop
  endfacet
  facet normal 0 0 1
    outer loop
      vertex 161 8 5.4
      vertex 159.3 8 5.4
      vertex 160.942 7.41473 5.4
    endloop
  endfacet
  facet normal 0 0 1
    outer loop
      vertex 159.126 8.65 5.4
      vertex 160.772 9.14805 5.4
      vertex 160.494 9.66671 5.4
    endloop
  endfacet
  facet normal -0 0 1
    outer loop
      vertex 159.256 7.66354 5.4
      vertex 160.942 7.41473 5.4
      vertex 159.3 8 5.4
    endloop
  endfacet
  facet normal 0 0 1
    outer loop
      vertex 158.919 8.91924 5.4
      vertex 160.494 9.66671 5.4
      vertex 160.121 10.1213 5.4
    endloop
  endfacet
  facet normal 0 0 1
    outer loop
      vertex 160.942 7.41473 5.4
      vertex 159.256 7.66354 5.4
      vertex 160.772 6.85195 5.4
    endloop
  endfacet
  facet normal 0 0 1
    outer loop
      vertex 158.919 8.91924 5.4
      vertex 160.121 10.1213 5.4
      vertex 159.667 10.4944 5.4
    endloop
  endfacet
  facet normal -0 0 1
    outer loop
      vertex 159.126 7.35 5.4
      vertex 160.772 6.85195 5.4
      vertex 159.256 7.66354 5.4
    endloop
  endfacet
  facet normal 0 0 1
    outer loop
      vertex 160.772 6.85195 5.4
      vertex 159.126 7.35 5.4
      vertex 160.494 6.33329 5.4
    endloop
  endfacet
  facet normal 0 0 1
    outer loop
      vertex 160.942 8.58527 5.4
      vertex 159.256 8.33646 5.4
      vertex 159.3 8 5.4
    endloop
  endfacet
  facet normal 0 0 1
    outer loop
      vertex 158.65 9.12583 5.4
      vertex 159.667 10.4944 5.4
      vertex 159.148 10.7716 5.4
    endloop
  endfacet
  facet normal 0 0 1
    outer loop
      vertex 160.772 9.14805 5.4
      vertex 159.126 8.65 5.4
      vertex 159.256 8.33646 5.4
    endloop
  endfacet
  facet normal 0 0 1
    outer loop
      vertex 160.494 9.66671 5.4
      vertex 158.919 8.91924 5.4
      vertex 159.126 8.65 5.4
    endloop
  endfacet
  facet normal 0 0 1
    outer loop
      vertex 159.667 10.4944 5.4
      vertex 158.65 9.12583 5.4
      vertex 158.919 8.91924 5.4
    endloop
  endfacet
  facet normal 0 0 1
    outer loop
      vertex 158.336 9.2557 5.4
      vertex 159.148 10.7716 5.4
      vertex 158.585 10.9424 5.4
    endloop
  endfacet
  facet normal 0 0 1
    outer loop
      vertex 159.148 10.7716 5.4
      vertex 158.336 9.2557 5.4
      vertex 158.65 9.12583 5.4
    endloop
  endfacet
  facet normal 0 0 1
    outer loop
      vertex 158 9.3 5.4
      vertex 158.585 10.9424 5.4
      vertex 158 11 5.4
    endloop
  endfacet
  facet normal 0 0 1
    outer loop
      vertex 158.585 10.9424 5.4
      vertex 158 9.3 5.4
      vertex 158.336 9.2557 5.4
    endloop
  endfacet
  facet normal -0 0 1
    outer loop
      vertex 157.415 10.9424 5.4
      vertex 158 9.3 5.4
      vertex 158 11 5.4
    endloop
  endfacet
  facet normal 0 0 1
    outer loop
      vertex 158 9.3 5.4
      vertex 157.415 10.9424 5.4
      vertex 157.664 9.2557 5.4
    endloop
  endfacet
  facet normal -0 0 1
    outer loop
      vertex 156.852 10.7716 5.4
      vertex 157.664 9.2557 5.4
      vertex 157.415 10.9424 5.4
    endloop
  endfacet
  facet normal 0 0 1
    outer loop
      vertex 157.664 9.2557 5.4
      vertex 156.852 10.7716 5.4
      vertex 157.35 9.12583 5.4
    endloop
  endfacet
  facet normal -0 0 1
    outer loop
      vertex 156.333 10.4944 5.4
      vertex 157.35 9.12583 5.4
      vertex 156.852 10.7716 5.4
    endloop
  endfacet
  facet normal 0 0 1
    outer loop
      vertex 157.35 9.12583 5.4
      vertex 156.333 10.4944 5.4
      vertex 157.081 8.91924 5.4
    endloop
  endfacet
  facet normal -0 0 1
    outer loop
      vertex 155.879 10.1213 5.4
      vertex 157.081 8.91924 5.4
      vertex 156.333 10.4944 5.4
    endloop
  endfacet
  facet normal -0 0 1
    outer loop
      vertex 155.506 9.66671 5.4
      vertex 157.081 8.91924 5.4
      vertex 155.879 10.1213 5.4
    endloop
  endfacet
  facet normal 0 0 1
    outer loop
      vertex 157.081 8.91924 5.4
      vertex 155.506 9.66671 5.4
      vertex 156.874 8.65 5.4
    endloop
  endfacet
  facet normal -0 0 1
    outer loop
      vertex 158.919 7.08076 5.4
      vertex 160.494 6.33329 5.4
      vertex 159.126 7.35 5.4
    endloop
  endfacet
  facet normal 0 0 1
    outer loop
      vertex 160.494 6.33329 5.4
      vertex 158.919 7.08076 5.4
      vertex 160.121 5.87868 5.4
    endloop
  endfacet
  facet normal 0 0 1
    outer loop
      vertex 160.121 5.87868 5.4
      vertex 158.919 7.08076 5.4
      vertex 159.667 5.50559 5.4
    endloop
  endfacet
  facet normal -0 0 1
    outer loop
      vertex 158.65 6.87417 5.4
      vertex 159.667 5.50559 5.4
      vertex 158.919 7.08076 5.4
    endloop
  endfacet
  facet normal 0 0 1
    outer loop
      vertex 159.667 5.50559 5.4
      vertex 158.65 6.87417 5.4
      vertex 159.148 5.22836 5.4
    endloop
  endfacet
  facet normal -0 0 1
    outer loop
      vertex 158.336 6.7443 5.4
      vertex 159.148 5.22836 5.4
      vertex 158.65 6.87417 5.4
    endloop
  endfacet
  facet normal 0 0 1
    outer loop
      vertex 159.148 5.22836 5.4
      vertex 158.336 6.7443 5.4
      vertex 158.585 5.05764 5.4
    endloop
  endfacet
  facet normal -0 0 1
    outer loop
      vertex 158 6.7 5.4
      vertex 158.585 5.05764 5.4
      vertex 158.336 6.7443 5.4
    endloop
  endfacet
  facet normal 0 0 1
    outer loop
      vertex 158 6.7 5.4
      vertex 158 5 5.4
      vertex 158.585 5.05764 5.4
    endloop
  endfacet
  facet normal 0 0 1
    outer loop
      vertex 157.415 5.05764 5.4
      vertex 158 6.7 5.4
      vertex 157.664 6.7443 5.4
    endloop
  endfacet
  facet normal 0 0 1
    outer loop
      vertex 158 6.7 5.4
      vertex 157.415 5.05764 5.4
      vertex 158 5 5.4
    endloop
  endfacet
  facet normal 0 0 1
    outer loop
      vertex 156.852 5.22836 5.4
      vertex 157.664 6.7443 5.4
      vertex 157.35 6.87417 5.4
    endloop
  endfacet
  facet normal 0 0 1
    outer loop
      vertex 156.333 5.50559 5.4
      vertex 157.35 6.87417 5.4
      vertex 157.081 7.08076 5.4
    endloop
  endfacet
  facet normal 0 0 1
    outer loop
      vertex 155.506 6.33329 5.4
      vertex 157.081 7.08076 5.4
      vertex 156.874 7.35 5.4
    endloop
  endfacet
  facet normal 0 0 1
    outer loop
      vertex 157.664 6.7443 5.4
      vertex 156.852 5.22836 5.4
      vertex 157.415 5.05764 5.4
    endloop
  endfacet
  facet normal 0 0 1
    outer loop
      vertex 155.228 6.85195 5.4
      vertex 156.874 7.35 5.4
      vertex 156.744 7.66354 5.4
    endloop
  endfacet
  facet normal 0 0 1
    outer loop
      vertex 155.058 7.41473 5.4
      vertex 156.744 7.66354 5.4
      vertex 156.7 8 5.4
    endloop
  endfacet
  facet normal -0 0 1
    outer loop
      vertex 155.228 9.14805 5.4
      vertex 156.874 8.65 5.4
      vertex 155.506 9.66671 5.4
    endloop
  endfacet
  facet normal 0 0 1
    outer loop
      vertex 157.35 6.87417 5.4
      vertex 156.333 5.50559 5.4
      vertex 156.852 5.22836 5.4
    endloop
  endfacet
  facet normal 0 0 1
    outer loop
      vertex 156.874 8.65 5.4
      vertex 155.228 9.14805 5.4
      vertex 156.744 8.33646 5.4
    endloop
  endfacet
  facet normal 0 0 1
    outer loop
      vertex 157.081 7.08076 5.4
      vertex 155.879 5.87868 5.4
      vertex 156.333 5.50559 5.4
    endloop
  endfacet
  facet normal -0 0 1
    outer loop
      vertex 155.058 8.58527 5.4
      vertex 156.744 8.33646 5.4
      vertex 155.228 9.14805 5.4
    endloop
  endfacet
  facet normal 0 0 1
    outer loop
      vertex 157.081 7.08076 5.4
      vertex 155.506 6.33329 5.4
      vertex 155.879 5.87868 5.4
    endloop
  endfacet
  facet normal 0 0 1
    outer loop
      vertex 156.744 8.33646 5.4
      vertex 155.058 8.58527 5.4
      vertex 156.7 8 5.4
    endloop
  endfacet
  facet normal 0 0 1
    outer loop
      vertex 156.874 7.35 5.4
      vertex 155.228 6.85195 5.4
      vertex 155.506 6.33329 5.4
    endloop
  endfacet
  facet normal 0 0 1
    outer loop
      vertex 155 8 5.4
      vertex 156.7 8 5.4
      vertex 155.058 8.58527 5.4
    endloop
  endfacet
  facet normal 0 0 1
    outer loop
      vertex 156.744 7.66354 5.4
      vertex 155.058 7.41473 5.4
      vertex 155.228 6.85195 5.4
    endloop
  endfacet
  facet normal 0 0 1
    outer loop
      vertex 156.7 8 5.4
      vertex 155 8 5.4
      vertex 155.058 7.41473 5.4
    endloop
  endfacet
  facet normal -0.290185 -0.956971 0
    outer loop
      vertex 156.852 5.22836 2.4
      vertex 157.415 5.05764 5.4
      vertex 156.852 5.22836 5.4
    endloop
  endfacet
  facet normal -0.290185 -0.956971 -0
    outer loop
      vertex 157.415 5.05764 5.4
      vertex 156.852 5.22836 2.4
      vertex 157.415 5.05764 2.4
    endloop
  endfacet
  facet normal 0.957279 -0.289167 0
    outer loop
      vertex 160.772 6.85195 5.4
      vertex 160.942 7.41473 2.4
      vertex 160.942 7.41473 5.4
    endloop
  endfacet
  facet normal 0.957279 -0.289167 0
    outer loop
      vertex 160.942 7.41473 2.4
      vertex 160.772 6.85195 5.4
      vertex 160.772 6.85195 2.4
    endloop
  endfacet
  facet normal 0.773071 0.63432 0
    outer loop
      vertex 160.494 9.66671 5.4
      vertex 160.121 10.1213 2.4
      vertex 160.121 10.1213 5.4
    endloop
  endfacet
  facet normal 0.773071 0.63432 0
    outer loop
      vertex 160.121 10.1213 2.4
      vertex 160.494 9.66671 5.4
      vertex 160.494 9.66671 2.4
    endloop
  endfacet
  facet normal -0.995126 0.0986165 0
    outer loop
      vertex 155 8 2.4
      vertex 155.058 8.58527 5.4
      vertex 155.058 8.58527 2.4
    endloop
  endfacet
  facet normal -0.995126 0.0986165 0
    outer loop
      vertex 155.058 8.58527 5.4
      vertex 155 8 2.4
      vertex 155 8 5.4
    endloop
  endfacet
  facet normal 0.634903 -0.772591 0
    outer loop
      vertex 159.667 5.50559 2.4
      vertex 160.121 5.87868 5.4
      vertex 159.667 5.50559 5.4
    endloop
  endfacet
  facet normal 0.634903 -0.772591 0
    outer loop
      vertex 160.121 5.87868 5.4
      vertex 159.667 5.50559 2.4
      vertex 160.121 5.87868 2.4
    endloop
  endfacet
  facet normal -0.634903 -0.772591 0
    outer loop
      vertex 155.879 5.87868 2.4
      vertex 156.333 5.50559 5.4
      vertex 155.879 5.87868 5.4
    endloop
  endfacet
  facet normal -0.634903 -0.772591 -0
    outer loop
      vertex 156.333 5.50559 5.4
      vertex 155.879 5.87868 2.4
      vertex 156.333 5.50559 2.4
    endloop
  endfacet
  facet normal -0.0979877 0.995188 0
    outer loop
      vertex 158 11 2.4
      vertex 157.415 10.9424 5.4
      vertex 158 11 5.4
    endloop
  endfacet
  facet normal -0.0979877 0.995188 0
    outer loop
      vertex 157.415 10.9424 5.4
      vertex 158 11 2.4
      vertex 157.415 10.9424 2.4
    endloop
  endfacet
  facet normal 0.881376 -0.472415 0
    outer loop
      vertex 160.494 6.33329 5.4
      vertex 160.772 6.85195 2.4
      vertex 160.772 6.85195 5.4
    endloop
  endfacet
  facet normal 0.881376 -0.472415 0
    outer loop
      vertex 160.772 6.85195 2.4
      vertex 160.494 6.33329 5.4
      vertex 160.494 6.33329 2.4
    endloop
  endfacet
  facet normal -0.957279 -0.289167 0
    outer loop
      vertex 155.228 6.85195 2.4
      vertex 155.058 7.41473 5.4
      vertex 155.058 7.41473 2.4
    endloop
  endfacet
  facet normal -0.957279 -0.289167 0
    outer loop
      vertex 155.058 7.41473 5.4
      vertex 155.228 6.85195 2.4
      vertex 155.228 6.85195 5.4
    endloop
  endfacet
  facet normal -0.995126 -0.0986165 0
    outer loop
      vertex 155.058 7.41473 2.4
      vertex 155 8 5.4
      vertex 155 8 2.4
    endloop
  endfacet
  facet normal -0.995126 -0.0986165 0
    outer loop
      vertex 155 8 5.4
      vertex 155.058 7.41473 2.4
      vertex 155.058 7.41473 5.4
    endloop
  endfacet
  facet normal -0.773084 -0.634303 0
    outer loop
      vertex 155.879 5.87868 2.4
      vertex 155.506 6.33329 5.4
      vertex 155.506 6.33329 2.4
    endloop
  endfacet
  facet normal -0.773084 -0.634303 0
    outer loop
      vertex 155.506 6.33329 5.4
      vertex 155.879 5.87868 2.4
      vertex 155.879 5.87868 5.4
    endloop
  endfacet
  facet normal -0.773071 0.63432 0
    outer loop
      vertex 155.506 9.66671 2.4
      vertex 155.879 10.1213 5.4
      vertex 155.879 10.1213 2.4
    endloop
  endfacet
  facet normal -0.773071 0.63432 0
    outer loop
      vertex 155.879 10.1213 5.4
      vertex 155.506 9.66671 2.4
      vertex 155.506 9.66671 5.4
    endloop
  endfacet
  facet normal -0.957279 0.289167 0
    outer loop
      vertex 155.058 8.58527 2.4
      vertex 155.228 9.14805 5.4
      vertex 155.228 9.14805 2.4
    endloop
  endfacet
  facet normal -0.957279 0.289167 0
    outer loop
      vertex 155.228 9.14805 5.4
      vertex 155.058 8.58527 2.4
      vertex 155.058 8.58527 5.4
    endloop
  endfacet
  facet normal -0.471157 -0.882049 0
    outer loop
      vertex 156.333 5.50559 2.4
      vertex 156.852 5.22836 5.4
      vertex 156.333 5.50559 5.4
    endloop
  endfacet
  facet normal -0.471157 -0.882049 -0
    outer loop
      vertex 156.852 5.22836 5.4
      vertex 156.333 5.50559 2.4
      vertex 156.852 5.22836 2.4
    endloop
  endfacet
  facet normal -0.382198 -0.92408 0
    outer loop
      vertex 158.336 9.2557 2.4
      vertex 158.65 9.12583 5.4
      vertex 158.336 9.2557 5.4
    endloop
  endfacet
  facet normal -0.382198 -0.92408 -0
    outer loop
      vertex 158.65 9.12583 5.4
      vertex 158.336 9.2557 2.4
      vertex 158.65 9.12583 2.4
    endloop
  endfacet
  facet normal -0.923747 -0.383004 0
    outer loop
      vertex 159.256 8.33646 2.4
      vertex 159.126 8.65 5.4
      vertex 159.126 8.65 2.4
    endloop
  endfacet
  facet normal -0.923747 -0.383004 0
    outer loop
      vertex 159.126 8.65 5.4
      vertex 159.256 8.33646 2.4
      vertex 159.256 8.33646 5.4
    endloop
  endfacet
  facet normal -0.991557 -0.129669 0
    outer loop
      vertex 159.3 8 2.4
      vertex 159.256 8.33646 5.4
      vertex 159.256 8.33646 2.4
    endloop
  endfacet
  facet normal -0.991557 -0.129669 0
    outer loop
      vertex 159.256 8.33646 5.4
      vertex 159.3 8 2.4
      vertex 159.3 8 5.4
    endloop
  endfacet
  facet normal 0.609094 -0.793098 0
    outer loop
      vertex 157.081 8.91924 2.4
      vertex 157.35 9.12583 5.4
      vertex 157.081 8.91924 5.4
    endloop
  endfacet
  facet normal 0.609094 -0.793098 0
    outer loop
      vertex 157.35 9.12583 5.4
      vertex 157.081 8.91924 2.4
      vertex 157.35 9.12583 2.4
    endloop
  endfacet
  facet normal 0.991557 0.129669 0
    outer loop
      vertex 156.744 7.66354 5.4
      vertex 156.7 8 2.4
      vertex 156.7 8 5.4
    endloop
  endfacet
  facet normal 0.991557 0.129669 0
    outer loop
      vertex 156.7 8 2.4
      vertex 156.744 7.66354 5.4
      vertex 156.744 7.66354 2.4
    endloop
  endfacet
  facet normal -0.609094 -0.793098 0
    outer loop
      vertex 158.65 9.12583 2.4
      vertex 158.919 8.91924 5.4
      vertex 158.65 9.12583 5.4
    endloop
  endfacet
  facet normal -0.609094 -0.793098 -0
    outer loop
      vertex 158.919 8.91924 5.4
      vertex 158.65 9.12583 2.4
      vertex 158.919 8.91924 2.4
    endloop
  endfacet
  facet normal 0.130714 -0.99142 0
    outer loop
      vertex 157.664 9.2557 2.4
      vertex 158 9.3 5.4
      vertex 157.664 9.2557 5.4
    endloop
  endfacet
  facet normal 0.130714 -0.99142 0
    outer loop
      vertex 158 9.3 5.4
      vertex 157.664 9.2557 2.4
      vertex 158 9.3 2.4
    endloop
  endfacet
  facet normal -0.991557 0.129669 0
    outer loop
      vertex 159.256 7.66354 2.4
      vertex 159.3 8 5.4
      vertex 159.3 8 2.4
    endloop
  endfacet
  facet normal -0.991557 0.129669 0
    outer loop
      vertex 159.3 8 5.4
      vertex 159.256 7.66354 2.4
      vertex 159.256 7.66354 5.4
    endloop
  endfacet
  facet normal -0.792777 0.609512 0
    outer loop
      vertex 158.919 7.08076 2.4
      vertex 159.126 7.35 5.4
      vertex 159.126 7.35 2.4
    endloop
  endfacet
  facet normal -0.792777 0.609512 0
    outer loop
      vertex 159.126 7.35 5.4
      vertex 158.919 7.08076 2.4
      vertex 158.919 7.08076 5.4
    endloop
  endfacet
  facet normal -0.130714 -0.99142 0
    outer loop
      vertex 158 9.3 2.4
      vertex 158.336 9.2557 5.4
      vertex 158 9.3 5.4
    endloop
  endfacet
  facet normal -0.130714 -0.99142 -0
    outer loop
      vertex 158.336 9.2557 5.4
      vertex 158 9.3 2.4
      vertex 158.336 9.2557 2.4
    endloop
  endfacet
  facet normal 0.609094 0.793098 -0
    outer loop
      vertex 157.35 6.87417 2.4
      vertex 157.081 7.08076 5.4
      vertex 157.35 6.87417 5.4
    endloop
  endfacet
  facet normal 0.609094 0.793098 0
    outer loop
      vertex 157.081 7.08076 5.4
      vertex 157.35 6.87417 2.4
      vertex 157.081 7.08076 2.4
    endloop
  endfacet
  facet normal 0.792777 0.609512 0
    outer loop
      vertex 157.081 7.08076 5.4
      vertex 156.874 7.35 2.4
      vertex 156.874 7.35 5.4
    endloop
  endfacet
  facet normal 0.792777 0.609512 0
    outer loop
      vertex 156.874 7.35 2.4
      vertex 157.081 7.08076 5.4
      vertex 157.081 7.08076 2.4
    endloop
  endfacet
  facet normal -0.609094 0.793098 0
    outer loop
      vertex 158.919 7.08076 2.4
      vertex 158.65 6.87417 5.4
      vertex 158.919 7.08076 5.4
    endloop
  endfacet
  facet normal -0.609094 0.793098 0
    outer loop
      vertex 158.65 6.87417 5.4
      vertex 158.919 7.08076 2.4
      vertex 158.65 6.87417 2.4
    endloop
  endfacet
  facet normal 0.792777 -0.609512 0
    outer loop
      vertex 156.874 8.65 5.4
      vertex 157.081 8.91924 2.4
      vertex 157.081 8.91924 5.4
    endloop
  endfacet
  facet normal 0.792777 -0.609512 0
    outer loop
      vertex 157.081 8.91924 2.4
      vertex 156.874 8.65 5.4
      vertex 156.874 8.65 2.4
    endloop
  endfacet
  facet normal -0.130714 0.99142 0
    outer loop
      vertex 158.336 6.7443 2.4
      vertex 158 6.7 5.4
      vertex 158.336 6.7443 5.4
    endloop
  endfacet
  facet normal -0.130714 0.99142 0
    outer loop
      vertex 158 6.7 5.4
      vertex 158.336 6.7443 2.4
      vertex 158 6.7 2.4
    endloop
  endfacet
  facet normal -0.382198 0.92408 0
    outer loop
      vertex 158.65 6.87417 2.4
      vertex 158.336 6.7443 5.4
      vertex 158.65 6.87417 5.4
    endloop
  endfacet
  facet normal -0.382198 0.92408 0
    outer loop
      vertex 158.336 6.7443 5.4
      vertex 158.65 6.87417 2.4
      vertex 158.336 6.7443 2.4
    endloop
  endfacet
  facet normal 0.382198 -0.92408 0
    outer loop
      vertex 157.35 9.12583 2.4
      vertex 157.664 9.2557 5.4
      vertex 157.35 9.12583 5.4
    endloop
  endfacet
  facet normal 0.382198 -0.92408 0
    outer loop
      vertex 157.664 9.2557 5.4
      vertex 157.35 9.12583 2.4
      vertex 157.664 9.2557 2.4
    endloop
  endfacet
  facet normal 0.923747 -0.383004 0
    outer loop
      vertex 156.744 8.33646 5.4
      vertex 156.874 8.65 2.4
      vertex 156.874 8.65 5.4
    endloop
  endfacet
  facet normal 0.923747 -0.383004 0
    outer loop
      vertex 156.874 8.65 2.4
      vertex 156.744 8.33646 5.4
      vertex 156.744 8.33646 2.4
    endloop
  endfacet
  facet normal 0.991557 -0.129669 0
    outer loop
      vertex 156.7 8 5.4
      vertex 156.744 8.33646 2.4
      vertex 156.744 8.33646 5.4
    endloop
  endfacet
  facet normal 0.991557 -0.129669 0
    outer loop
      vertex 156.744 8.33646 2.4
      vertex 156.7 8 5.4
      vertex 156.7 8 2.4
    endloop
  endfacet
  facet normal -0.792777 -0.609512 0
    outer loop
      vertex 159.126 8.65 2.4
      vertex 158.919 8.91924 5.4
      vertex 158.919 8.91924 2.4
    endloop
  endfacet
  facet normal -0.792777 -0.609512 0
    outer loop
      vertex 158.919 8.91924 5.4
      vertex 159.126 8.65 2.4
      vertex 159.126 8.65 5.4
    endloop
  endfacet
  facet normal -0.923747 0.383004 0
    outer loop
      vertex 159.126 7.35 2.4
      vertex 159.256 7.66354 5.4
      vertex 159.256 7.66354 2.4
    endloop
  endfacet
  facet normal -0.923747 0.383004 0
    outer loop
      vertex 159.256 7.66354 5.4
      vertex 159.126 7.35 2.4
      vertex 159.126 7.35 5.4
    endloop
  endfacet
  facet normal 0.923747 0.383004 0
    outer loop
      vertex 156.874 7.35 5.4
      vertex 156.744 7.66354 2.4
      vertex 156.744 7.66354 5.4
    endloop
  endfacet
  facet normal 0.923747 0.383004 0
    outer loop
      vertex 156.744 7.66354 2.4
      vertex 156.874 7.35 5.4
      vertex 156.874 7.35 2.4
    endloop
  endfacet
  facet normal 0.130714 0.99142 -0
    outer loop
      vertex 158 6.7 2.4
      vertex 157.664 6.7443 5.4
      vertex 158 6.7 5.4
    endloop
  endfacet
  facet normal 0.130714 0.99142 0
    outer loop
      vertex 157.664 6.7443 5.4
      vertex 158 6.7 2.4
      vertex 157.664 6.7443 2.4
    endloop
  endfacet
  facet normal 0.382198 0.92408 -0
    outer loop
      vertex 157.664 6.7443 2.4
      vertex 157.35 6.87417 5.4
      vertex 157.664 6.7443 5.4
    endloop
  endfacet
  facet normal 0.382198 0.92408 0
    outer loop
      vertex 157.35 6.87417 5.4
      vertex 157.664 6.7443 2.4
      vertex 157.35 6.87417 2.4
    endloop
  endfacet
  facet normal -0.471358 0.881942 0
    outer loop
      vertex 6.85195 90.7716 2.4
      vertex 6.33329 90.4944 5.4
      vertex 6.85195 90.7716 5.4
    endloop
  endfacet
  facet normal -0.471358 0.881942 0
    outer loop
      vertex 6.33329 90.4944 5.4
      vertex 6.85195 90.7716 2.4
      vertex 6.33329 90.4944 2.4
    endloop
  endfacet
  facet normal 0.471358 0.881942 -0
    outer loop
      vertex 9.66671 90.4944 2.4
      vertex 9.14805 90.7716 5.4
      vertex 9.66671 90.4944 5.4
    endloop
  endfacet
  facet normal 0.471358 0.881942 0
    outer loop
      vertex 9.14805 90.7716 5.4
      vertex 9.66671 90.4944 2.4
      vertex 9.14805 90.7716 2.4
    endloop
  endfacet
  facet normal 0.95689 0.290451 0
    outer loop
      vertex 10.9424 88.5853 5.4
      vertex 10.7716 89.148 2.4
      vertex 10.7716 89.148 5.4
    endloop
  endfacet
  facet normal 0.95689 0.290451 0
    outer loop
      vertex 10.7716 89.148 2.4
      vertex 10.9424 88.5853 5.4
      vertex 10.9424 88.5853 2.4
    endloop
  endfacet
  facet normal 0.995193 0.097938 0
    outer loop
      vertex 11 88 5.4
      vertex 10.9424 88.5853 2.4
      vertex 10.9424 88.5853 5.4
    endloop
  endfacet
  facet normal 0.995193 0.097938 0
    outer loop
      vertex 10.9424 88.5853 2.4
      vertex 11 88 5.4
      vertex 11 88 2.4
    endloop
  endfacet
  facet normal 0.881957 0.471329 0
    outer loop
      vertex 10.7716 89.148 5.4
      vertex 10.4944 89.6667 2.4
      vertex 10.4944 89.6667 5.4
    endloop
  endfacet
  facet normal 0.881957 0.471329 0
    outer loop
      vertex 10.4944 89.6667 2.4
      vertex 10.7716 89.148 5.4
      vertex 10.7716 89.148 2.4
    endloop
  endfacet
  facet normal 0.0979429 0.995192 -0
    outer loop
      vertex 8.58527 90.9424 2.4
      vertex 8 91 5.4
      vertex 8.58527 90.9424 5.4
    endloop
  endfacet
  facet normal 0.0979429 0.995192 0
    outer loop
      vertex 8 91 5.4
      vertex 8.58527 90.9424 2.4
      vertex 8 91 2.4
    endloop
  endfacet
  facet normal 0.0979429 -0.995192 0
    outer loop
      vertex 8 85 2.4
      vertex 8.58527 85.0576 5.4
      vertex 8 85 5.4
    endloop
  endfacet
  facet normal 0.0979429 -0.995192 0
    outer loop
      vertex 8.58527 85.0576 5.4
      vertex 8 85 2.4
      vertex 8.58527 85.0576 2.4
    endloop
  endfacet
  facet normal 0.290413 0.956901 -0
    outer loop
      vertex 9.14805 90.7716 2.4
      vertex 8.58527 90.9424 5.4
      vertex 9.14805 90.7716 5.4
    endloop
  endfacet
  facet normal 0.290413 0.956901 0
    outer loop
      vertex 8.58527 90.9424 5.4
      vertex 9.14805 90.7716 2.4
      vertex 8.58527 90.9424 2.4
    endloop
  endfacet
  facet normal 0.634421 0.772987 -0
    outer loop
      vertex 10.1213 90.1213 2.4
      vertex 9.66671 90.4944 5.4
      vertex 10.1213 90.1213 5.4
    endloop
  endfacet
  facet normal 0.634421 0.772987 0
    outer loop
      vertex 9.66671 90.4944 5.4
      vertex 10.1213 90.1213 2.4
      vertex 9.66671 90.4944 2.4
    endloop
  endfacet
  facet normal 0.772994 -0.634413 0
    outer loop
      vertex 10.1213 85.8787 5.4
      vertex 10.4944 86.3333 2.4
      vertex 10.4944 86.3333 5.4
    endloop
  endfacet
  facet normal 0.772994 -0.634413 0
    outer loop
      vertex 10.4944 86.3333 2.4
      vertex 10.1213 85.8787 5.4
      vertex 10.1213 85.8787 2.4
    endloop
  endfacet
  facet normal -0.634405 0.773001 0
    outer loop
      vertex 6.33329 90.4944 2.4
      vertex 5.87868 90.1213 5.4
      vertex 6.33329 90.4944 5.4
    endloop
  endfacet
  facet normal -0.634405 0.773001 0
    outer loop
      vertex 5.87868 90.1213 5.4
      vertex 6.33329 90.4944 2.4
      vertex 5.87868 90.1213 2.4
    endloop
  endfacet
  facet normal 0.471358 -0.881942 0
    outer loop
      vertex 9.14805 85.2284 2.4
      vertex 9.66671 85.5056 5.4
      vertex 9.14805 85.2284 5.4
    endloop
  endfacet
  facet normal 0.471358 -0.881942 0
    outer loop
      vertex 9.66671 85.5056 5.4
      vertex 9.14805 85.2284 2.4
      vertex 9.66671 85.5056 2.4
    endloop
  endfacet
  facet normal -0.881936 -0.471369 0
    outer loop
      vertex 5.50559 86.3333 2.4
      vertex 5.22836 86.852 5.4
      vertex 5.22836 86.852 2.4
    endloop
  endfacet
  facet normal -0.881936 -0.471369 0
    outer loop
      vertex 5.22836 86.852 5.4
      vertex 5.50559 86.3333 2.4
      vertex 5.50559 86.3333 5.4
    endloop
  endfacet
  facet normal 0.995193 -0.097938 0
    outer loop
      vertex 10.9424 87.4147 5.4
      vertex 11 88 2.4
      vertex 11 88 5.4
    endloop
  endfacet
  facet normal 0.995193 -0.097938 0
    outer loop
      vertex 11 88 2.4
      vertex 10.9424 87.4147 5.4
      vertex 10.9424 87.4147 2.4
    endloop
  endfacet
  facet normal -0.290413 0.956901 0
    outer loop
      vertex 7.41473 90.9424 2.4
      vertex 6.85195 90.7716 5.4
      vertex 7.41473 90.9424 5.4
    endloop
  endfacet
  facet normal -0.290413 0.956901 0
    outer loop
      vertex 6.85195 90.7716 5.4
      vertex 7.41473 90.9424 2.4
      vertex 6.85195 90.7716 2.4
    endloop
  endfacet
  facet normal -0.0979429 -0.995192 0
    outer loop
      vertex 7.41473 85.0576 2.4
      vertex 8 85 5.4
      vertex 7.41473 85.0576 5.4
    endloop
  endfacet
  facet normal -0.0979429 -0.995192 -0
    outer loop
      vertex 8 85 5.4
      vertex 7.41473 85.0576 2.4
      vertex 8 85 2.4
    endloop
  endfacet
  facet normal -0.881936 0.471369 0
    outer loop
      vertex 5.22836 89.148 2.4
      vertex 5.50559 89.6667 5.4
      vertex 5.50559 89.6667 2.4
    endloop
  endfacet
  facet normal -0.881936 0.471369 0
    outer loop
      vertex 5.50559 89.6667 5.4
      vertex 5.22836 89.148 2.4
      vertex 5.22836 89.148 5.4
    endloop
  endfacet
  facet normal 0.290413 -0.956901 0
    outer loop
      vertex 8.58527 85.0576 2.4
      vertex 9.14805 85.2284 5.4
      vertex 8.58527 85.0576 5.4
    endloop
  endfacet
  facet normal 0.290413 -0.956901 0
    outer loop
      vertex 9.14805 85.2284 5.4
      vertex 8.58527 85.0576 2.4
      vertex 9.14805 85.2284 2.4
    endloop
  endfacet
  facet normal 0 0 1
    outer loop
      vertex 9.3 88 5.4
      vertex 11 88 5.4
      vertex 10.9424 88.5853 5.4
    endloop
  endfacet
  facet normal 0 0 1
    outer loop
      vertex 9.2557 88.3365 5.4
      vertex 10.9424 88.5853 5.4
      vertex 10.7716 89.148 5.4
    endloop
  endfacet
  facet normal 0 0 1
    outer loop
      vertex 11 88 5.4
      vertex 9.3 88 5.4
      vertex 10.9424 87.4147 5.4
    endloop
  endfacet
  facet normal 0 0 1
    outer loop
      vertex 9.12583 88.65 5.4
      vertex 10.7716 89.148 5.4
      vertex 10.4944 89.6667 5.4
    endloop
  endfacet
  facet normal -0 0 1
    outer loop
      vertex 9.2557 87.6635 5.4
      vertex 10.9424 87.4147 5.4
      vertex 9.3 88 5.4
    endloop
  endfacet
  facet normal 0 0 1
    outer loop
      vertex 8.91924 88.9192 5.4
      vertex 10.4944 89.6667 5.4
      vertex 10.1213 90.1213 5.4
    endloop
  endfacet
  facet normal 0 0 1
    outer loop
      vertex 10.9424 87.4147 5.4
      vertex 9.2557 87.6635 5.4
      vertex 10.7716 86.852 5.4
    endloop
  endfacet
  facet normal 0 0 1
    outer loop
      vertex 8.91924 88.9192 5.4
      vertex 10.1213 90.1213 5.4
      vertex 9.66671 90.4944 5.4
    endloop
  endfacet
  facet normal -0 0 1
    outer loop
      vertex 9.12583 87.35 5.4
      vertex 10.7716 86.852 5.4
      vertex 9.2557 87.6635 5.4
    endloop
  endfacet
  facet normal 0 0 1
    outer loop
      vertex 10.7716 86.852 5.4
      vertex 9.12583 87.35 5.4
      vertex 10.4944 86.3333 5.4
    endloop
  endfacet
  facet normal 0 0 1
    outer loop
      vertex 10.9424 88.5853 5.4
      vertex 9.2557 88.3365 5.4
      vertex 9.3 88 5.4
    endloop
  endfacet
  facet normal 0 0 1
    outer loop
      vertex 8.65 89.1258 5.4
      vertex 9.66671 90.4944 5.4
      vertex 9.14805 90.7716 5.4
    endloop
  endfacet
  facet normal 0 0 1
    outer loop
      vertex 10.7716 89.148 5.4
      vertex 9.12583 88.65 5.4
      vertex 9.2557 88.3365 5.4
    endloop
  endfacet
  facet normal 0 0 1
    outer loop
      vertex 10.4944 89.6667 5.4
      vertex 8.91924 88.9192 5.4
      vertex 9.12583 88.65 5.4
    endloop
  endfacet
  facet normal 0 0 1
    outer loop
      vertex 9.66671 90.4944 5.4
      vertex 8.65 89.1258 5.4
      vertex 8.91924 88.9192 5.4
    endloop
  endfacet
  facet normal 0 0 1
    outer loop
      vertex 8.33646 89.2557 5.4
      vertex 9.14805 90.7716 5.4
      vertex 8.58527 90.9424 5.4
    endloop
  endfacet
  facet normal 0 0 1
    outer loop
      vertex 9.14805 90.7716 5.4
      vertex 8.33646 89.2557 5.4
      vertex 8.65 89.1258 5.4
    endloop
  endfacet
  facet normal 0 0 1
    outer loop
      vertex 8 89.3 5.4
      vertex 8.58527 90.9424 5.4
      vertex 8 91 5.4
    endloop
  endfacet
  facet normal 0 0 1
    outer loop
      vertex 8.58527 90.9424 5.4
      vertex 8 89.3 5.4
      vertex 8.33646 89.2557 5.4
    endloop
  endfacet
  facet normal -0 0 1
    outer loop
      vertex 7.41473 90.9424 5.4
      vertex 8 89.3 5.4
      vertex 8 91 5.4
    endloop
  endfacet
  facet normal 0 0 1
    outer loop
      vertex 8 89.3 5.4
      vertex 7.41473 90.9424 5.4
      vertex 7.66354 89.2557 5.4
    endloop
  endfacet
  facet normal -0 0 1
    outer loop
      vertex 6.85195 90.7716 5.4
      vertex 7.66354 89.2557 5.4
      vertex 7.41473 90.9424 5.4
    endloop
  endfacet
  facet normal 0 0 1
    outer loop
      vertex 7.66354 89.2557 5.4
      vertex 6.85195 90.7716 5.4
      vertex 7.35 89.1258 5.4
    endloop
  endfacet
  facet normal -0 0 1
    outer loop
      vertex 6.33329 90.4944 5.4
      vertex 7.35 89.1258 5.4
      vertex 6.85195 90.7716 5.4
    endloop
  endfacet
  facet normal 0 0 1
    outer loop
      vertex 7.35 89.1258 5.4
      vertex 6.33329 90.4944 5.4
      vertex 7.08076 88.9192 5.4
    endloop
  endfacet
  facet normal -0 0 1
    outer loop
      vertex 5.87868 90.1213 5.4
      vertex 7.08076 88.9192 5.4
      vertex 6.33329 90.4944 5.4
    endloop
  endfacet
  facet normal -0 0 1
    outer loop
      vertex 5.50559 89.6667 5.4
      vertex 7.08076 88.9192 5.4
      vertex 5.87868 90.1213 5.4
    endloop
  endfacet
  facet normal 0 0 1
    outer loop
      vertex 7.08076 88.9192 5.4
      vertex 5.50559 89.6667 5.4
      vertex 6.87417 88.65 5.4
    endloop
  endfacet
  facet normal -0 0 1
    outer loop
      vertex 8.91924 87.0808 5.4
      vertex 10.4944 86.3333 5.4
      vertex 9.12583 87.35 5.4
    endloop
  endfacet
  facet normal 0 0 1
    outer loop
      vertex 10.4944 86.3333 5.4
      vertex 8.91924 87.0808 5.4
      vertex 10.1213 85.8787 5.4
    endloop
  endfacet
  facet normal 0 0 1
    outer loop
      vertex 10.1213 85.8787 5.4
      vertex 8.91924 87.0808 5.4
      vertex 9.66671 85.5056 5.4
    endloop
  endfacet
  facet normal -0 0 1
    outer loop
      vertex 8.65 86.8742 5.4
      vertex 9.66671 85.5056 5.4
      vertex 8.91924 87.0808 5.4
    endloop
  endfacet
  facet normal 0 0 1
    outer loop
      vertex 9.66671 85.5056 5.4
      vertex 8.65 86.8742 5.4
      vertex 9.14805 85.2284 5.4
    endloop
  endfacet
  facet normal -0 0 1
    outer loop
      vertex 8.33646 86.7443 5.4
      vertex 9.14805 85.2284 5.4
      vertex 8.65 86.8742 5.4
    endloop
  endfacet
  facet normal 0 0 1
    outer loop
      vertex 9.14805 85.2284 5.4
      vertex 8.33646 86.7443 5.4
      vertex 8.58527 85.0576 5.4
    endloop
  endfacet
  facet normal -0 0 1
    outer loop
      vertex 8 86.7 5.4
      vertex 8.58527 85.0576 5.4
      vertex 8.33646 86.7443 5.4
    endloop
  endfacet
  facet normal 0 0 1
    outer loop
      vertex 8 86.7 5.4
      vertex 8 85 5.4
      vertex 8.58527 85.0576 5.4
    endloop
  endfacet
  facet normal 0 0 1
    outer loop
      vertex 7.41473 85.0576 5.4
      vertex 8 86.7 5.4
      vertex 7.66354 86.7443 5.4
    endloop
  endfacet
  facet normal 0 0 1
    outer loop
      vertex 8 86.7 5.4
      vertex 7.41473 85.0576 5.4
      vertex 8 85 5.4
    endloop
  endfacet
  facet normal 0 0 1
    outer loop
      vertex 6.85195 85.2284 5.4
      vertex 7.66354 86.7443 5.4
      vertex 7.35 86.8742 5.4
    endloop
  endfacet
  facet normal 0 0 1
    outer loop
      vertex 6.33329 85.5056 5.4
      vertex 7.35 86.8742 5.4
      vertex 7.08076 87.0808 5.4
    endloop
  endfacet
  facet normal 0 0 1
    outer loop
      vertex 5.50559 86.3333 5.4
      vertex 7.08076 87.0808 5.4
      vertex 6.87417 87.35 5.4
    endloop
  endfacet
  facet normal 0 0 1
    outer loop
      vertex 7.66354 86.7443 5.4
      vertex 6.85195 85.2284 5.4
      vertex 7.41473 85.0576 5.4
    endloop
  endfacet
  facet normal 0 0 1
    outer loop
      vertex 5.22836 86.852 5.4
      vertex 6.87417 87.35 5.4
      vertex 6.7443 87.6635 5.4
    endloop
  endfacet
  facet normal 0 0 1
    outer loop
      vertex 5.05764 87.4147 5.4
      vertex 6.7443 87.6635 5.4
      vertex 6.7 88 5.4
    endloop
  endfacet
  facet normal -0 0 1
    outer loop
      vertex 5.22836 89.148 5.4
      vertex 6.87417 88.65 5.4
      vertex 5.50559 89.6667 5.4
    endloop
  endfacet
  facet normal 0 0 1
    outer loop
      vertex 7.35 86.8742 5.4
      vertex 6.33329 85.5056 5.4
      vertex 6.85195 85.2284 5.4
    endloop
  endfacet
  facet normal 0 0 1
    outer loop
      vertex 6.87417 88.65 5.4
      vertex 5.22836 89.148 5.4
      vertex 6.7443 88.3365 5.4
    endloop
  endfacet
  facet normal 0 0 1
    outer loop
      vertex 7.08076 87.0808 5.4
      vertex 5.87868 85.8787 5.4
      vertex 6.33329 85.5056 5.4
    endloop
  endfacet
  facet normal -0 0 1
    outer loop
      vertex 5.05764 88.5853 5.4
      vertex 6.7443 88.3365 5.4
      vertex 5.22836 89.148 5.4
    endloop
  endfacet
  facet normal 0 0 1
    outer loop
      vertex 7.08076 87.0808 5.4
      vertex 5.50559 86.3333 5.4
      vertex 5.87868 85.8787 5.4
    endloop
  endfacet
  facet normal 0 0 1
    outer loop
      vertex 6.7443 88.3365 5.4
      vertex 5.05764 88.5853 5.4
      vertex 6.7 88 5.4
    endloop
  endfacet
  facet normal 0 0 1
    outer loop
      vertex 6.87417 87.35 5.4
      vertex 5.22836 86.852 5.4
      vertex 5.50559 86.3333 5.4
    endloop
  endfacet
  facet normal 0 0 1
    outer loop
      vertex 5 88 5.4
      vertex 6.7 88 5.4
      vertex 5.05764 88.5853 5.4
    endloop
  endfacet
  facet normal 0 0 1
    outer loop
      vertex 6.7443 87.6635 5.4
      vertex 5.05764 87.4147 5.4
      vertex 5.22836 86.852 5.4
    endloop
  endfacet
  facet normal 0 0 1
    outer loop
      vertex 6.7 88 5.4
      vertex 5 88 5.4
      vertex 5.05764 87.4147 5.4
    endloop
  endfacet
  facet normal -0.290413 -0.956901 0
    outer loop
      vertex 6.85195 85.2284 2.4
      vertex 7.41473 85.0576 5.4
      vertex 6.85195 85.2284 5.4
    endloop
  endfacet
  facet normal -0.290413 -0.956901 -0
    outer loop
      vertex 7.41473 85.0576 5.4
      vertex 6.85195 85.2284 2.4
      vertex 7.41473 85.0576 2.4
    endloop
  endfacet
  facet normal 0.95689 -0.290451 0
    outer loop
      vertex 10.7716 86.852 5.4
      vertex 10.9424 87.4147 2.4
      vertex 10.9424 87.4147 5.4
    endloop
  endfacet
  facet normal 0.95689 -0.290451 0
    outer loop
      vertex 10.9424 87.4147 2.4
      vertex 10.7716 86.852 5.4
      vertex 10.7716 86.852 2.4
    endloop
  endfacet
  facet normal 0.772994 0.634413 0
    outer loop
      vertex 10.4944 89.6667 5.4
      vertex 10.1213 90.1213 2.4
      vertex 10.1213 90.1213 5.4
    endloop
  endfacet
  facet normal 0.772994 0.634413 0
    outer loop
      vertex 10.1213 90.1213 2.4
      vertex 10.4944 89.6667 5.4
      vertex 10.4944 89.6667 2.4
    endloop
  endfacet
  facet normal -0.995186 0.0980053 0
    outer loop
      vertex 5 88 2.4
      vertex 5.05764 88.5853 5.4
      vertex 5.05764 88.5853 2.4
    endloop
  endfacet
  facet normal -0.995186 0.0980053 0
    outer loop
      vertex 5.05764 88.5853 5.4
      vertex 5 88 2.4
      vertex 5 88 5.4
    endloop
  endfacet
  facet normal 0.634421 -0.772987 0
    outer loop
      vertex 9.66671 85.5056 2.4
      vertex 10.1213 85.8787 5.4
      vertex 9.66671 85.5056 5.4
    endloop
  endfacet
  facet normal 0.634421 -0.772987 0
    outer loop
      vertex 10.1213 85.8787 5.4
      vertex 9.66671 85.5056 2.4
      vertex 10.1213 85.8787 2.4
    endloop
  endfacet
  facet normal -0.634405 -0.773001 0
    outer loop
      vertex 5.87868 85.8787 2.4
      vertex 6.33329 85.5056 5.4
      vertex 5.87868 85.8787 5.4
    endloop
  endfacet
  facet normal -0.634405 -0.773001 -0
    outer loop
      vertex 6.33329 85.5056 5.4
      vertex 5.87868 85.8787 2.4
      vertex 6.33329 85.5056 2.4
    endloop
  endfacet
  facet normal -0.0979429 0.995192 0
    outer loop
      vertex 8 91 2.4
      vertex 7.41473 90.9424 5.4
      vertex 8 91 5.4
    endloop
  endfacet
  facet normal -0.0979429 0.995192 0
    outer loop
      vertex 7.41473 90.9424 5.4
      vertex 8 91 2.4
      vertex 7.41473 90.9424 2.4
    endloop
  endfacet
  facet normal 0.881957 -0.471329 0
    outer loop
      vertex 10.4944 86.3333 5.4
      vertex 10.7716 86.852 2.4
      vertex 10.7716 86.852 5.4
    endloop
  endfacet
  facet normal 0.881957 -0.471329 0
    outer loop
      vertex 10.7716 86.852 2.4
      vertex 10.4944 86.3333 5.4
      vertex 10.4944 86.3333 2.4
    endloop
  endfacet
  facet normal -0.956928 -0.290326 0
    outer loop
      vertex 5.22836 86.852 2.4
      vertex 5.05764 87.4147 5.4
      vertex 5.05764 87.4147 2.4
    endloop
  endfacet
  facet normal -0.956928 -0.290326 0
    outer loop
      vertex 5.05764 87.4147 5.4
      vertex 5.22836 86.852 2.4
      vertex 5.22836 86.852 5.4
    endloop
  endfacet
  facet normal -0.995186 -0.0980053 0
    outer loop
      vertex 5.05764 87.4147 2.4
      vertex 5 88 5.4
      vertex 5 88 2.4
    endloop
  endfacet
  facet normal -0.995186 -0.0980053 0
    outer loop
      vertex 5 88 5.4
      vertex 5.05764 87.4147 2.4
      vertex 5.05764 87.4147 5.4
    endloop
  endfacet
  facet normal -0.773003 -0.634403 0
    outer loop
      vertex 5.87868 85.8787 2.4
      vertex 5.50559 86.3333 5.4
      vertex 5.50559 86.3333 2.4
    endloop
  endfacet
  facet normal -0.773003 -0.634403 0
    outer loop
      vertex 5.50559 86.3333 5.4
      vertex 5.87868 85.8787 2.4
      vertex 5.87868 85.8787 5.4
    endloop
  endfacet
  facet normal -0.773003 0.634403 0
    outer loop
      vertex 5.50559 89.6667 2.4
      vertex 5.87868 90.1213 5.4
      vertex 5.87868 90.1213 2.4
    endloop
  endfacet
  facet normal -0.773003 0.634403 0
    outer loop
      vertex 5.87868 90.1213 5.4
      vertex 5.50559 89.6667 2.4
      vertex 5.50559 89.6667 5.4
    endloop
  endfacet
  facet normal -0.956928 0.290326 0
    outer loop
      vertex 5.05764 88.5853 2.4
      vertex 5.22836 89.148 5.4
      vertex 5.22836 89.148 2.4
    endloop
  endfacet
  facet normal -0.956928 0.290326 0
    outer loop
      vertex 5.22836 89.148 5.4
      vertex 5.05764 88.5853 2.4
      vertex 5.05764 88.5853 5.4
    endloop
  endfacet
  facet normal -0.471358 -0.881942 0
    outer loop
      vertex 6.33329 85.5056 2.4
      vertex 6.85195 85.2284 5.4
      vertex 6.33329 85.5056 5.4
    endloop
  endfacet
  facet normal -0.471358 -0.881942 -0
    outer loop
      vertex 6.85195 85.2284 5.4
      vertex 6.33329 85.5056 2.4
      vertex 6.85195 85.2284 2.4
    endloop
  endfacet
  facet normal -0.382753 -0.923851 0
    outer loop
      vertex 8.33646 89.2557 2.4
      vertex 8.65 89.1258 5.4
      vertex 8.33646 89.2557 5.4
    endloop
  endfacet
  facet normal -0.382753 -0.923851 -0
    outer loop
      vertex 8.65 89.1258 5.4
      vertex 8.33646 89.2557 2.4
      vertex 8.65 89.1258 2.4
    endloop
  endfacet
  facet normal -0.923865 -0.382719 0
    outer loop
      vertex 9.2557 88.3365 2.4
      vertex 9.12583 88.65 5.4
      vertex 9.12583 88.65 2.4
    endloop
  endfacet
  facet normal -0.923865 -0.382719 0
    outer loop
      vertex 9.12583 88.65 5.4
      vertex 9.2557 88.3365 2.4
      vertex 9.2557 88.3365 5.4
    endloop
  endfacet
  facet normal -0.991445 -0.130523 0
    outer loop
      vertex 9.3 88 2.4
      vertex 9.2557 88.3365 5.4
      vertex 9.2557 88.3365 2.4
    endloop
  endfacet
  facet normal -0.991445 -0.130523 0
    outer loop
      vertex 9.2557 88.3365 5.4
      vertex 9.3 88 2.4
      vertex 9.3 88 5.4
    endloop
  endfacet
  facet normal 0.60877 -0.793346 0
    outer loop
      vertex 7.08076 88.9192 2.4
      vertex 7.35 89.1258 5.4
      vertex 7.08076 88.9192 5.4
    endloop
  endfacet
  facet normal 0.60877 -0.793346 0
    outer loop
      vertex 7.35 89.1258 5.4
      vertex 7.08076 88.9192 2.4
      vertex 7.35 89.1258 2.4
    endloop
  endfacet
  facet normal 0.991445 0.130523 0
    outer loop
      vertex 6.7443 87.6635 5.4
      vertex 6.7 88 2.4
      vertex 6.7 88 5.4
    endloop
  endfacet
  facet normal 0.991445 0.130523 0
    outer loop
      vertex 6.7 88 2.4
      vertex 6.7443 87.6635 5.4
      vertex 6.7443 87.6635 2.4
    endloop
  endfacet
  facet normal -0.60877 -0.793346 0
    outer loop
      vertex 8.65 89.1258 2.4
      vertex 8.91924 88.9192 5.4
      vertex 8.65 89.1258 5.4
    endloop
  endfacet
  facet normal -0.60877 -0.793346 -0
    outer loop
      vertex 8.91924 88.9192 5.4
      vertex 8.65 89.1258 2.4
      vertex 8.91924 88.9192 2.4
    endloop
  endfacet
  facet normal 0.130538 -0.991443 0
    outer loop
      vertex 7.66354 89.2557 2.4
      vertex 8 89.3 5.4
      vertex 7.66354 89.2557 5.4
    endloop
  endfacet
  facet normal 0.130538 -0.991443 0
    outer loop
      vertex 8 89.3 5.4
      vertex 7.66354 89.2557 2.4
      vertex 8 89.3 2.4
    endloop
  endfacet
  facet normal -0.991445 0.130523 0
    outer loop
      vertex 9.2557 87.6635 2.4
      vertex 9.3 88 5.4
      vertex 9.3 88 2.4
    endloop
  endfacet
  facet normal -0.991445 0.130523 0
    outer loop
      vertex 9.3 88 5.4
      vertex 9.2557 87.6635 2.4
      vertex 9.2557 87.6635 5.4
    endloop
  endfacet
  facet normal -0.793317 0.608809 0
    outer loop
      vertex 8.91924 87.0808 2.4
      vertex 9.12583 87.35 5.4
      vertex 9.12583 87.35 2.4
    endloop
  endfacet
  facet normal -0.793317 0.608809 0
    outer loop
      vertex 9.12583 87.35 5.4
      vertex 8.91924 87.0808 2.4
      vertex 8.91924 87.0808 5.4
    endloop
  endfacet
  facet normal -0.130538 -0.991443 0
    outer loop
      vertex 8 89.3 2.4
      vertex 8.33646 89.2557 5.4
      vertex 8 89.3 5.4
    endloop
  endfacet
  facet normal -0.130538 -0.991443 -0
    outer loop
      vertex 8.33646 89.2557 5.4
      vertex 8 89.3 2.4
      vertex 8.33646 89.2557 2.4
    endloop
  endfacet
  facet normal 0.60877 0.793346 -0
    outer loop
      vertex 7.35 86.8742 2.4
      vertex 7.08076 87.0808 5.4
      vertex 7.35 86.8742 5.4
    endloop
  endfacet
  facet normal 0.60877 0.793346 0
    outer loop
      vertex 7.08076 87.0808 5.4
      vertex 7.35 86.8742 2.4
      vertex 7.08076 87.0808 2.4
    endloop
  endfacet
  facet normal 0.793317 0.608809 0
    outer loop
      vertex 7.08076 87.0808 5.4
      vertex 6.87417 87.35 2.4
      vertex 6.87417 87.35 5.4
    endloop
  endfacet
  facet normal 0.793317 0.608809 0
    outer loop
      vertex 6.87417 87.35 2.4
      vertex 7.08076 87.0808 5.4
      vertex 7.08076 87.0808 2.4
    endloop
  endfacet
  facet normal -0.60877 0.793346 0
    outer loop
      vertex 8.91924 87.0808 2.4
      vertex 8.65 86.8742 5.4
      vertex 8.91924 87.0808 5.4
    endloop
  endfacet
  facet normal -0.60877 0.793346 0
    outer loop
      vertex 8.65 86.8742 5.4
      vertex 8.91924 87.0808 2.4
      vertex 8.65 86.8742 2.4
    endloop
  endfacet
  facet normal 0.793317 -0.608809 0
    outer loop
      vertex 6.87417 88.65 5.4
      vertex 7.08076 88.9192 2.4
      vertex 7.08076 88.9192 5.4
    endloop
  endfacet
  facet normal 0.793317 -0.608809 0
    outer loop
      vertex 7.08076 88.9192 2.4
      vertex 6.87417 88.65 5.4
      vertex 6.87417 88.65 2.4
    endloop
  endfacet
  facet normal -0.130538 0.991443 0
    outer loop
      vertex 8.33646 86.7443 2.4
      vertex 8 86.7 5.4
      vertex 8.33646 86.7443 5.4
    endloop
  endfacet
  facet normal -0.130538 0.991443 0
    outer loop
      vertex 8 86.7 5.4
      vertex 8.33646 86.7443 2.4
      vertex 8 86.7 2.4
    endloop
  endfacet
  facet normal -0.382753 0.923851 0
    outer loop
      vertex 8.65 86.8742 2.4
      vertex 8.33646 86.7443 5.4
      vertex 8.65 86.8742 5.4
    endloop
  endfacet
  facet normal -0.382753 0.923851 0
    outer loop
      vertex 8.33646 86.7443 5.4
      vertex 8.65 86.8742 2.4
      vertex 8.33646 86.7443 2.4
    endloop
  endfacet
  facet normal 0.382753 -0.923851 0
    outer loop
      vertex 7.35 89.1258 2.4
      vertex 7.66354 89.2557 5.4
      vertex 7.35 89.1258 5.4
    endloop
  endfacet
  facet normal 0.382753 -0.923851 0
    outer loop
      vertex 7.66354 89.2557 5.4
      vertex 7.35 89.1258 2.4
      vertex 7.66354 89.2557 2.4
    endloop
  endfacet
  facet normal 0.923865 -0.382719 0
    outer loop
      vertex 6.7443 88.3365 5.4
      vertex 6.87417 88.65 2.4
      vertex 6.87417 88.65 5.4
    endloop
  endfacet
  facet normal 0.923865 -0.382719 0
    outer loop
      vertex 6.87417 88.65 2.4
      vertex 6.7443 88.3365 5.4
      vertex 6.7443 88.3365 2.4
    endloop
  endfacet
  facet normal 0.991445 -0.130523 0
    outer loop
      vertex 6.7 88 5.4
      vertex 6.7443 88.3365 2.4
      vertex 6.7443 88.3365 5.4
    endloop
  endfacet
  facet normal 0.991445 -0.130523 0
    outer loop
      vertex 6.7443 88.3365 2.4
      vertex 6.7 88 5.4
      vertex 6.7 88 2.4
    endloop
  endfacet
  facet normal -0.793317 -0.608809 0
    outer loop
      vertex 9.12583 88.65 2.4
      vertex 8.91924 88.9192 5.4
      vertex 8.91924 88.9192 2.4
    endloop
  endfacet
  facet normal -0.793317 -0.608809 0
    outer loop
      vertex 8.91924 88.9192 5.4
      vertex 9.12583 88.65 2.4
      vertex 9.12583 88.65 5.4
    endloop
  endfacet
  facet normal -0.923865 0.382719 0
    outer loop
      vertex 9.12583 87.35 2.4
      vertex 9.2557 87.6635 5.4
      vertex 9.2557 87.6635 2.4
    endloop
  endfacet
  facet normal -0.923865 0.382719 0
    outer loop
      vertex 9.2557 87.6635 5.4
      vertex 9.12583 87.35 2.4
      vertex 9.12583 87.35 5.4
    endloop
  endfacet
  facet normal 0.923865 0.382719 0
    outer loop
      vertex 6.87417 87.35 5.4
      vertex 6.7443 87.6635 2.4
      vertex 6.7443 87.6635 5.4
    endloop
  endfacet
  facet normal 0.923865 0.382719 0
    outer loop
      vertex 6.7443 87.6635 2.4
      vertex 6.87417 87.35 5.4
      vertex 6.87417 87.35 2.4
    endloop
  endfacet
  facet normal 0.130538 0.991443 -0
    outer loop
      vertex 8 86.7 2.4
      vertex 7.66354 86.7443 5.4
      vertex 8 86.7 5.4
    endloop
  endfacet
  facet normal 0.130538 0.991443 0
    outer loop
      vertex 7.66354 86.7443 5.4
      vertex 8 86.7 2.4
      vertex 7.66354 86.7443 2.4
    endloop
  endfacet
  facet normal 0.382753 0.923851 -0
    outer loop
      vertex 7.66354 86.7443 2.4
      vertex 7.35 86.8742 5.4
      vertex 7.66354 86.7443 5.4
    endloop
  endfacet
  facet normal 0.382753 0.923851 0
    outer loop
      vertex 7.35 86.8742 5.4
      vertex 7.66354 86.7443 2.4
      vertex 7.35 86.8742 2.4
    endloop
  endfacet
  facet normal -0.471117 0.882071 0
    outer loop
      vertex 156.852 90.7716 2.4
      vertex 156.333 90.4944 5.4
      vertex 156.852 90.7716 5.4
    endloop
  endfacet
  facet normal -0.471117 0.882071 0
    outer loop
      vertex 156.333 90.4944 5.4
      vertex 156.852 90.7716 2.4
      vertex 156.333 90.4944 2.4
    endloop
  endfacet
  facet normal 0.471117 0.882071 -0
    outer loop
      vertex 159.667 90.4944 2.4
      vertex 159.148 90.7716 5.4
      vertex 159.667 90.4944 5.4
    endloop
  endfacet
  facet normal 0.471117 0.882071 0
    outer loop
      vertex 159.148 90.7716 5.4
      vertex 159.667 90.4944 2.4
      vertex 159.148 90.7716 2.4
    endloop
  endfacet
  facet normal 0.957267 0.289205 0
    outer loop
      vertex 160.942 88.5853 5.4
      vertex 160.772 89.148 2.4
      vertex 160.772 89.148 5.4
    endloop
  endfacet
  facet normal 0.957267 0.289205 0
    outer loop
      vertex 160.772 89.148 2.4
      vertex 160.942 88.5853 5.4
      vertex 160.942 88.5853 2.4
    endloop
  endfacet
  facet normal 0.995126 0.0986115 0
    outer loop
      vertex 161 88 5.4
      vertex 160.942 88.5853 2.4
      vertex 160.942 88.5853 5.4
    endloop
  endfacet
  facet normal 0.995126 0.0986115 0
    outer loop
      vertex 160.942 88.5853 2.4
      vertex 161 88 5.4
      vertex 161 88 2.4
    endloop
  endfacet
  facet normal 0.881392 0.472386 0
    outer loop
      vertex 160.772 89.148 5.4
      vertex 160.494 89.6667 2.4
      vertex 160.494 89.6667 5.4
    endloop
  endfacet
  facet normal 0.881392 0.472386 0
    outer loop
      vertex 160.494 89.6667 2.4
      vertex 160.772 89.148 5.4
      vertex 160.772 89.148 2.4
    endloop
  endfacet
  facet normal 0.0979877 0.995188 -0
    outer loop
      vertex 158.585 90.9424 2.4
      vertex 158 91 5.4
      vertex 158.585 90.9424 5.4
    endloop
  endfacet
  facet normal 0.0979877 0.995188 0
    outer loop
      vertex 158 91 5.4
      vertex 158.585 90.9424 2.4
      vertex 158 91 2.4
    endloop
  endfacet
  facet normal 0.0979877 -0.995188 0
    outer loop
      vertex 158 85 2.4
      vertex 158.585 85.0576 5.4
      vertex 158 85 5.4
    endloop
  endfacet
  facet normal 0.0979877 -0.995188 0
    outer loop
      vertex 158.585 85.0576 5.4
      vertex 158 85 2.4
      vertex 158.585 85.0576 2.4
    endloop
  endfacet
  facet normal 0.290309 0.956933 -0
    outer loop
      vertex 159.148 90.7716 2.4
      vertex 158.585 90.9424 5.4
      vertex 159.148 90.7716 5.4
    endloop
  endfacet
  facet normal 0.290309 0.956933 0
    outer loop
      vertex 158.585 90.9424 5.4
      vertex 159.148 90.7716 2.4
      vertex 158.585 90.9424 2.4
    endloop
  endfacet
  facet normal 0.634914 0.772583 -0
    outer loop
      vertex 160.121 90.1213 2.4
      vertex 159.667 90.4944 5.4
      vertex 160.121 90.1213 5.4
    endloop
  endfacet
  facet normal 0.634914 0.772583 0
    outer loop
      vertex 159.667 90.4944 5.4
      vertex 160.121 90.1213 2.4
      vertex 159.667 90.4944 2.4
    endloop
  endfacet
  facet normal 0.773078 -0.634311 0
    outer loop
      vertex 160.121 85.8787 5.4
      vertex 160.494 86.3333 2.4
      vertex 160.494 86.3333 5.4
    endloop
  endfacet
  facet normal 0.773078 -0.634311 0
    outer loop
      vertex 160.494 86.3333 2.4
      vertex 160.121 85.8787 5.4
      vertex 160.121 85.8787 2.4
    endloop
  endfacet
  facet normal -0.634914 0.772583 0
    outer loop
      vertex 156.333 90.4944 2.4
      vertex 155.879 90.1213 5.4
      vertex 156.333 90.4944 5.4
    endloop
  endfacet
  facet normal -0.634914 0.772583 0
    outer loop
      vertex 155.879 90.1213 5.4
      vertex 156.333 90.4944 2.4
      vertex 155.879 90.1213 2.4
    endloop
  endfacet
  facet normal 0.471117 -0.882071 0
    outer loop
      vertex 159.148 85.2284 2.4
      vertex 159.667 85.5056 5.4
      vertex 159.148 85.2284 5.4
    endloop
  endfacet
  facet normal 0.471117 -0.882071 0
    outer loop
      vertex 159.667 85.5056 5.4
      vertex 159.148 85.2284 2.4
      vertex 159.667 85.5056 2.4
    endloop
  endfacet
  facet normal -0.881392 -0.472386 0
    outer loop
      vertex 155.506 86.3333 2.4
      vertex 155.228 86.852 5.4
      vertex 155.228 86.852 2.4
    endloop
  endfacet
  facet normal -0.881392 -0.472386 0
    outer loop
      vertex 155.228 86.852 5.4
      vertex 155.506 86.3333 2.4
      vertex 155.506 86.3333 5.4
    endloop
  endfacet
  facet normal 0.995126 -0.0986115 0
    outer loop
      vertex 160.942 87.4147 5.4
      vertex 161 88 2.4
      vertex 161 88 5.4
    endloop
  endfacet
  facet normal 0.995126 -0.0986115 0
    outer loop
      vertex 161 88 2.4
      vertex 160.942 87.4147 5.4
      vertex 160.942 87.4147 2.4
    endloop
  endfacet
  facet normal -0.290309 0.956933 0
    outer loop
      vertex 157.415 90.9424 2.4
      vertex 156.852 90.7716 5.4
      vertex 157.415 90.9424 5.4
    endloop
  endfacet
  facet normal -0.290309 0.956933 0
    outer loop
      vertex 156.852 90.7716 5.4
      vertex 157.415 90.9424 2.4
      vertex 156.852 90.7716 2.4
    endloop
  endfacet
  facet normal -0.0979877 -0.995188 0
    outer loop
      vertex 157.415 85.0576 2.4
      vertex 158 85 5.4
      vertex 157.415 85.0576 5.4
    endloop
  endfacet
  facet normal -0.0979877 -0.995188 -0
    outer loop
      vertex 158 85 5.4
      vertex 157.415 85.0576 2.4
      vertex 158 85 2.4
    endloop
  endfacet
  facet normal -0.881392 0.472386 0
    outer loop
      vertex 155.228 89.148 2.4
      vertex 155.506 89.6667 5.4
      vertex 155.506 89.6667 2.4
    endloop
  endfacet
  facet normal -0.881392 0.472386 0
    outer loop
      vertex 155.506 89.6667 5.4
      vertex 155.228 89.148 2.4
      vertex 155.228 89.148 5.4
    endloop
  endfacet
  facet normal 0.290309 -0.956933 0
    outer loop
      vertex 158.585 85.0576 2.4
      vertex 159.148 85.2284 5.4
      vertex 158.585 85.0576 5.4
    endloop
  endfacet
  facet normal 0.290309 -0.956933 0
    outer loop
      vertex 159.148 85.2284 5.4
      vertex 158.585 85.0576 2.4
      vertex 159.148 85.2284 2.4
    endloop
  endfacet
  facet normal 0 0 1
    outer loop
      vertex 159.3 88 5.4
      vertex 161 88 5.4
      vertex 160.942 88.5853 5.4
    endloop
  endfacet
  facet normal 0 0 1
    outer loop
      vertex 159.256 88.3365 5.4
      vertex 160.942 88.5853 5.4
      vertex 160.772 89.148 5.4
    endloop
  endfacet
  facet normal 0 0 1
    outer loop
      vertex 161 88 5.4
      vertex 159.3 88 5.4
      vertex 160.942 87.4147 5.4
    endloop
  endfacet
  facet normal 0 0 1
    outer loop
      vertex 159.126 88.65 5.4
      vertex 160.772 89.148 5.4
      vertex 160.494 89.6667 5.4
    endloop
  endfacet
  facet normal -0 0 1
    outer loop
      vertex 159.256 87.6635 5.4
      vertex 160.942 87.4147 5.4
      vertex 159.3 88 5.4
    endloop
  endfacet
  facet normal 0 0 1
    outer loop
      vertex 158.919 88.9192 5.4
      vertex 160.494 89.6667 5.4
      vertex 160.121 90.1213 5.4
    endloop
  endfacet
  facet normal 0 0 1
    outer loop
      vertex 160.942 87.4147 5.4
      vertex 159.256 87.6635 5.4
      vertex 160.772 86.852 5.4
    endloop
  endfacet
  facet normal 0 0 1
    outer loop
      vertex 158.919 88.9192 5.4
      vertex 160.121 90.1213 5.4
      vertex 159.667 90.4944 5.4
    endloop
  endfacet
  facet normal -0 0 1
    outer loop
      vertex 159.126 87.35 5.4
      vertex 160.772 86.852 5.4
      vertex 159.256 87.6635 5.4
    endloop
  endfacet
  facet normal 0 0 1
    outer loop
      vertex 160.772 86.852 5.4
      vertex 159.126 87.35 5.4
      vertex 160.494 86.3333 5.4
    endloop
  endfacet
  facet normal 0 0 1
    outer loop
      vertex 160.942 88.5853 5.4
      vertex 159.256 88.3365 5.4
      vertex 159.3 88 5.4
    endloop
  endfacet
  facet normal 0 0 1
    outer loop
      vertex 158.65 89.1258 5.4
      vertex 159.667 90.4944 5.4
      vertex 159.148 90.7716 5.4
    endloop
  endfacet
  facet normal 0 0 1
    outer loop
      vertex 160.772 89.148 5.4
      vertex 159.126 88.65 5.4
      vertex 159.256 88.3365 5.4
    endloop
  endfacet
  facet normal 0 0 1
    outer loop
      vertex 160.494 89.6667 5.4
      vertex 158.919 88.9192 5.4
      vertex 159.126 88.65 5.4
    endloop
  endfacet
  facet normal 0 0 1
    outer loop
      vertex 159.667 90.4944 5.4
      vertex 158.65 89.1258 5.4
      vertex 158.919 88.9192 5.4
    endloop
  endfacet
  facet normal 0 0 1
    outer loop
      vertex 158.336 89.2557 5.4
      vertex 159.148 90.7716 5.4
      vertex 158.585 90.9424 5.4
    endloop
  endfacet
  facet normal 0 0 1
    outer loop
      vertex 159.148 90.7716 5.4
      vertex 158.336 89.2557 5.4
      vertex 158.65 89.1258 5.4
    endloop
  endfacet
  facet normal 0 0 1
    outer loop
      vertex 158 89.3 5.4
      vertex 158.585 90.9424 5.4
      vertex 158 91 5.4
    endloop
  endfacet
  facet normal 0 0 1
    outer loop
      vertex 158.585 90.9424 5.4
      vertex 158 89.3 5.4
      vertex 158.336 89.2557 5.4
    endloop
  endfacet
  facet normal -0 0 1
    outer loop
      vertex 157.415 90.9424 5.4
      vertex 158 89.3 5.4
      vertex 158 91 5.4
    endloop
  endfacet
  facet normal 0 0 1
    outer loop
      vertex 158 89.3 5.4
      vertex 157.415 90.9424 5.4
      vertex 157.664 89.2557 5.4
    endloop
  endfacet
  facet normal -0 0 1
    outer loop
      vertex 156.852 90.7716 5.4
      vertex 157.664 89.2557 5.4
      vertex 157.415 90.9424 5.4
    endloop
  endfacet
  facet normal 0 0 1
    outer loop
      vertex 157.664 89.2557 5.4
      vertex 156.852 90.7716 5.4
      vertex 157.35 89.1258 5.4
    endloop
  endfacet
  facet normal -0 0 1
    outer loop
      vertex 156.333 90.4944 5.4
      vertex 157.35 89.1258 5.4
      vertex 156.852 90.7716 5.4
    endloop
  endfacet
  facet normal 0 0 1
    outer loop
      vertex 157.35 89.1258 5.4
      vertex 156.333 90.4944 5.4
      vertex 157.081 88.9192 5.4
    endloop
  endfacet
  facet normal -0 0 1
    outer loop
      vertex 155.879 90.1213 5.4
      vertex 157.081 88.9192 5.4
      vertex 156.333 90.4944 5.4
    endloop
  endfacet
  facet normal -0 0 1
    outer loop
      vertex 155.506 89.6667 5.4
      vertex 157.081 88.9192 5.4
      vertex 155.879 90.1213 5.4
    endloop
  endfacet
  facet normal 0 0 1
    outer loop
      vertex 157.081 88.9192 5.4
      vertex 155.506 89.6667 5.4
      vertex 156.874 88.65 5.4
    endloop
  endfacet
  facet normal -0 0 1
    outer loop
      vertex 158.919 87.0808 5.4
      vertex 160.494 86.3333 5.4
      vertex 159.126 87.35 5.4
    endloop
  endfacet
  facet normal 0 0 1
    outer loop
      vertex 160.494 86.3333 5.4
      vertex 158.919 87.0808 5.4
      vertex 160.121 85.8787 5.4
    endloop
  endfacet
  facet normal 0 0 1
    outer loop
      vertex 160.121 85.8787 5.4
      vertex 158.919 87.0808 5.4
      vertex 159.667 85.5056 5.4
    endloop
  endfacet
  facet normal -0 0 1
    outer loop
      vertex 158.65 86.8742 5.4
      vertex 159.667 85.5056 5.4
      vertex 158.919 87.0808 5.4
    endloop
  endfacet
  facet normal 0 0 1
    outer loop
      vertex 159.667 85.5056 5.4
      vertex 158.65 86.8742 5.4
      vertex 159.148 85.2284 5.4
    endloop
  endfacet
  facet normal -0 0 1
    outer loop
      vertex 158.336 86.7443 5.4
      vertex 159.148 85.2284 5.4
      vertex 158.65 86.8742 5.4
    endloop
  endfacet
  facet normal 0 0 1
    outer loop
      vertex 159.148 85.2284 5.4
      vertex 158.336 86.7443 5.4
      vertex 158.585 85.0576 5.4
    endloop
  endfacet
  facet normal -0 0 1
    outer loop
      vertex 158 86.7 5.4
      vertex 158.585 85.0576 5.4
      vertex 158.336 86.7443 5.4
    endloop
  endfacet
  facet normal 0 0 1
    outer loop
      vertex 158 86.7 5.4
      vertex 158 85 5.4
      vertex 158.585 85.0576 5.4
    endloop
  endfacet
  facet normal 0 0 1
    outer loop
      vertex 157.415 85.0576 5.4
      vertex 158 86.7 5.4
      vertex 157.664 86.7443 5.4
    endloop
  endfacet
  facet normal 0 0 1
    outer loop
      vertex 158 86.7 5.4
      vertex 157.415 85.0576 5.4
      vertex 158 85 5.4
    endloop
  endfacet
  facet normal 0 0 1
    outer loop
      vertex 156.852 85.2284 5.4
      vertex 157.664 86.7443 5.4
      vertex 157.35 86.8742 5.4
    endloop
  endfacet
  facet normal 0 0 1
    outer loop
      vertex 156.333 85.5056 5.4
      vertex 157.35 86.8742 5.4
      vertex 157.081 87.0808 5.4
    endloop
  endfacet
  facet normal 0 0 1
    outer loop
      vertex 155.506 86.3333 5.4
      vertex 157.081 87.0808 5.4
      vertex 156.874 87.35 5.4
    endloop
  endfacet
  facet normal 0 0 1
    outer loop
      vertex 157.664 86.7443 5.4
      vertex 156.852 85.2284 5.4
      vertex 157.415 85.0576 5.4
    endloop
  endfacet
  facet normal 0 0 1
    outer loop
      vertex 155.228 86.852 5.4
      vertex 156.874 87.35 5.4
      vertex 156.744 87.6635 5.4
    endloop
  endfacet
  facet normal 0 0 1
    outer loop
      vertex 155.058 87.4147 5.4
      vertex 156.744 87.6635 5.4
      vertex 156.7 88 5.4
    endloop
  endfacet
  facet normal -0 0 1
    outer loop
      vertex 155.228 89.148 5.4
      vertex 156.874 88.65 5.4
      vertex 155.506 89.6667 5.4
    endloop
  endfacet
  facet normal 0 0 1
    outer loop
      vertex 157.35 86.8742 5.4
      vertex 156.333 85.5056 5.4
      vertex 156.852 85.2284 5.4
    endloop
  endfacet
  facet normal 0 0 1
    outer loop
      vertex 156.874 88.65 5.4
      vertex 155.228 89.148 5.4
      vertex 156.744 88.3365 5.4
    endloop
  endfacet
  facet normal 0 0 1
    outer loop
      vertex 157.081 87.0808 5.4
      vertex 155.879 85.8787 5.4
      vertex 156.333 85.5056 5.4
    endloop
  endfacet
  facet normal -0 0 1
    outer loop
      vertex 155.058 88.5853 5.4
      vertex 156.744 88.3365 5.4
      vertex 155.228 89.148 5.4
    endloop
  endfacet
  facet normal 0 0 1
    outer loop
      vertex 157.081 87.0808 5.4
      vertex 155.506 86.3333 5.4
      vertex 155.879 85.8787 5.4
    endloop
  endfacet
  facet normal 0 0 1
    outer loop
      vertex 156.744 88.3365 5.4
      vertex 155.058 88.5853 5.4
      vertex 156.7 88 5.4
    endloop
  endfacet
  facet normal 0 0 1
    outer loop
      vertex 156.874 87.35 5.4
      vertex 155.228 86.852 5.4
      vertex 155.506 86.3333 5.4
    endloop
  endfacet
  facet normal 0 0 1
    outer loop
      vertex 155 88 5.4
      vertex 156.7 88 5.4
      vertex 155.058 88.5853 5.4
    endloop
  endfacet
  facet normal 0 0 1
    outer loop
      vertex 156.744 87.6635 5.4
      vertex 155.058 87.4147 5.4
      vertex 155.228 86.852 5.4
    endloop
  endfacet
  facet normal 0 0 1
    outer loop
      vertex 156.7 88 5.4
      vertex 155 88 5.4
      vertex 155.058 87.4147 5.4
    endloop
  endfacet
  facet normal -0.290309 -0.956933 0
    outer loop
      vertex 156.852 85.2284 2.4
      vertex 157.415 85.0576 5.4
      vertex 156.852 85.2284 5.4
    endloop
  endfacet
  facet normal -0.290309 -0.956933 -0
    outer loop
      vertex 157.415 85.0576 5.4
      vertex 156.852 85.2284 2.4
      vertex 157.415 85.0576 2.4
    endloop
  endfacet
  facet normal 0.957267 -0.289205 0
    outer loop
      vertex 160.772 86.852 5.4
      vertex 160.942 87.4147 2.4
      vertex 160.942 87.4147 5.4
    endloop
  endfacet
  facet normal 0.957267 -0.289205 0
    outer loop
      vertex 160.942 87.4147 2.4
      vertex 160.772 86.852 5.4
      vertex 160.772 86.852 2.4
    endloop
  endfacet
  facet normal 0.773078 0.634311 0
    outer loop
      vertex 160.494 89.6667 5.4
      vertex 160.121 90.1213 2.4
      vertex 160.121 90.1213 5.4
    endloop
  endfacet
  facet normal 0.773078 0.634311 0
    outer loop
      vertex 160.121 90.1213 2.4
      vertex 160.494 89.6667 5.4
      vertex 160.494 89.6667 2.4
    endloop
  endfacet
  facet normal -0.995126 0.0986115 0
    outer loop
      vertex 155 88 2.4
      vertex 155.058 88.5853 5.4
      vertex 155.058 88.5853 2.4
    endloop
  endfacet
  facet normal -0.995126 0.0986115 0
    outer loop
      vertex 155.058 88.5853 5.4
      vertex 155 88 2.4
      vertex 155 88 5.4
    endloop
  endfacet
  facet normal 0.634914 -0.772583 0
    outer loop
      vertex 159.667 85.5056 2.4
      vertex 160.121 85.8787 5.4
      vertex 159.667 85.5056 5.4
    endloop
  endfacet
  facet normal 0.634914 -0.772583 0
    outer loop
      vertex 160.121 85.8787 5.4
      vertex 159.667 85.5056 2.4
      vertex 160.121 85.8787 2.4
    endloop
  endfacet
  facet normal -0.634914 -0.772583 0
    outer loop
      vertex 155.879 85.8787 2.4
      vertex 156.333 85.5056 5.4
      vertex 155.879 85.8787 5.4
    endloop
  endfacet
  facet normal -0.634914 -0.772583 -0
    outer loop
      vertex 156.333 85.5056 5.4
      vertex 155.879 85.8787 2.4
      vertex 156.333 85.5056 2.4
    endloop
  endfacet
  facet normal -0.0979877 0.995188 0
    outer loop
      vertex 158 91 2.4
      vertex 157.415 90.9424 5.4
      vertex 158 91 5.4
    endloop
  endfacet
  facet normal -0.0979877 0.995188 0
    outer loop
      vertex 157.415 90.9424 5.4
      vertex 158 91 2.4
      vertex 157.415 90.9424 2.4
    endloop
  endfacet
  facet normal 0.881392 -0.472386 0
    outer loop
      vertex 160.494 86.3333 5.4
      vertex 160.772 86.852 2.4
      vertex 160.772 86.852 5.4
    endloop
  endfacet
  facet normal 0.881392 -0.472386 0
    outer loop
      vertex 160.772 86.852 2.4
      vertex 160.494 86.3333 5.4
      vertex 160.494 86.3333 2.4
    endloop
  endfacet
  facet normal -0.957267 -0.289205 0
    outer loop
      vertex 155.228 86.852 2.4
      vertex 155.058 87.4147 5.4
      vertex 155.058 87.4147 2.4
    endloop
  endfacet
  facet normal -0.957267 -0.289205 0
    outer loop
      vertex 155.058 87.4147 5.4
      vertex 155.228 86.852 2.4
      vertex 155.228 86.852 5.4
    endloop
  endfacet
  facet normal -0.995126 -0.0986115 0
    outer loop
      vertex 155.058 87.4147 2.4
      vertex 155 88 5.4
      vertex 155 88 2.4
    endloop
  endfacet
  facet normal -0.995126 -0.0986115 0
    outer loop
      vertex 155 88 5.4
      vertex 155.058 87.4147 2.4
      vertex 155.058 87.4147 5.4
    endloop
  endfacet
  facet normal -0.773078 -0.634311 0
    outer loop
      vertex 155.879 85.8787 2.4
      vertex 155.506 86.3333 5.4
      vertex 155.506 86.3333 2.4
    endloop
  endfacet
  facet normal -0.773078 -0.634311 0
    outer loop
      vertex 155.506 86.3333 5.4
      vertex 155.879 85.8787 2.4
      vertex 155.879 85.8787 5.4
    endloop
  endfacet
  facet normal -0.773078 0.634311 0
    outer loop
      vertex 155.506 89.6667 2.4
      vertex 155.879 90.1213 5.4
      vertex 155.879 90.1213 2.4
    endloop
  endfacet
  facet normal -0.773078 0.634311 0
    outer loop
      vertex 155.879 90.1213 5.4
      vertex 155.506 89.6667 2.4
      vertex 155.506 89.6667 5.4
    endloop
  endfacet
  facet normal -0.957267 0.289205 0
    outer loop
      vertex 155.058 88.5853 2.4
      vertex 155.228 89.148 5.4
      vertex 155.228 89.148 2.4
    endloop
  endfacet
  facet normal -0.957267 0.289205 0
    outer loop
      vertex 155.228 89.148 5.4
      vertex 155.058 88.5853 2.4
      vertex 155.058 88.5853 5.4
    endloop
  endfacet
  facet normal -0.471117 -0.882071 0
    outer loop
      vertex 156.333 85.5056 2.4
      vertex 156.852 85.2284 5.4
      vertex 156.333 85.5056 5.4
    endloop
  endfacet
  facet normal -0.471117 -0.882071 -0
    outer loop
      vertex 156.852 85.2284 5.4
      vertex 156.333 85.5056 2.4
      vertex 156.852 85.2284 2.4
    endloop
  endfacet
  facet normal -0.382274 -0.924049 0
    outer loop
      vertex 158.336 89.2557 2.4
      vertex 158.65 89.1258 5.4
      vertex 158.336 89.2557 5.4
    endloop
  endfacet
  facet normal -0.382274 -0.924049 -0
    outer loop
      vertex 158.65 89.1258 5.4
      vertex 158.336 89.2557 2.4
      vertex 158.65 89.1258 2.4
    endloop
  endfacet
  facet normal -0.923729 -0.383046 0
    outer loop
      vertex 159.256 88.3365 2.4
      vertex 159.126 88.65 5.4
      vertex 159.126 88.65 2.4
    endloop
  endfacet
  facet normal -0.923729 -0.383046 0
    outer loop
      vertex 159.126 88.65 5.4
      vertex 159.256 88.3365 2.4
      vertex 159.256 88.3365 5.4
    endloop
  endfacet
  facet normal -0.991559 -0.129654 0
    outer loop
      vertex 159.3 88 2.4
      vertex 159.256 88.3365 5.4
      vertex 159.256 88.3365 2.4
    endloop
  endfacet
  facet normal -0.991559 -0.129654 0
    outer loop
      vertex 159.256 88.3365 5.4
      vertex 159.3 88 2.4
      vertex 159.3 88 5.4
    endloop
  endfacet
  facet normal 0.609112 -0.793084 0
    outer loop
      vertex 157.081 88.9192 2.4
      vertex 157.35 89.1258 5.4
      vertex 157.081 88.9192 5.4
    endloop
  endfacet
  facet normal 0.609112 -0.793084 0
    outer loop
      vertex 157.35 89.1258 5.4
      vertex 157.081 88.9192 2.4
      vertex 157.35 89.1258 2.4
    endloop
  endfacet
  facet normal 0.991559 0.129654 0
    outer loop
      vertex 156.744 87.6635 5.4
      vertex 156.7 88 2.4
      vertex 156.7 88 5.4
    endloop
  endfacet
  facet normal 0.991559 0.129654 0
    outer loop
      vertex 156.7 88 2.4
      vertex 156.744 87.6635 5.4
      vertex 156.744 87.6635 2.4
    endloop
  endfacet
  facet normal -0.609112 -0.793084 0
    outer loop
      vertex 158.65 89.1258 2.4
      vertex 158.919 88.9192 5.4
      vertex 158.65 89.1258 5.4
    endloop
  endfacet
  facet normal -0.609112 -0.793084 -0
    outer loop
      vertex 158.919 88.9192 5.4
      vertex 158.65 89.1258 2.4
      vertex 158.919 88.9192 2.4
    endloop
  endfacet
  facet normal 0.130714 -0.99142 0
    outer loop
      vertex 157.664 89.2557 2.4
      vertex 158 89.3 5.4
      vertex 157.664 89.2557 5.4
    endloop
  endfacet
  facet normal 0.130714 -0.99142 0
    outer loop
      vertex 158 89.3 5.4
      vertex 157.664 89.2557 2.4
      vertex 158 89.3 2.4
    endloop
  endfacet
  facet normal -0.991559 0.129654 0
    outer loop
      vertex 159.256 87.6635 2.4
      vertex 159.3 88 5.4
      vertex 159.3 88 2.4
    endloop
  endfacet
  facet normal -0.991559 0.129654 0
    outer loop
      vertex 159.3 88 5.4
      vertex 159.256 87.6635 2.4
      vertex 159.256 87.6635 5.4
    endloop
  endfacet
  facet normal -0.792733 0.609568 0
    outer loop
      vertex 158.919 87.0808 2.4
      vertex 159.126 87.35 5.4
      vertex 159.126 87.35 2.4
    endloop
  endfacet
  facet normal -0.792733 0.609568 0
    outer loop
      vertex 159.126 87.35 5.4
      vertex 158.919 87.0808 2.4
      vertex 158.919 87.0808 5.4
    endloop
  endfacet
  facet normal -0.130714 -0.99142 0
    outer loop
      vertex 158 89.3 2.4
      vertex 158.336 89.2557 5.4
      vertex 158 89.3 5.4
    endloop
  endfacet
  facet normal -0.130714 -0.99142 -0
    outer loop
      vertex 158.336 89.2557 5.4
      vertex 158 89.3 2.4
      vertex 158.336 89.2557 2.4
    endloop
  endfacet
  facet normal 0.609112 0.793084 -0
    outer loop
      vertex 157.35 86.8742 2.4
      vertex 157.081 87.0808 5.4
      vertex 157.35 86.8742 5.4
    endloop
  endfacet
  facet normal 0.609112 0.793084 0
    outer loop
      vertex 157.081 87.0808 5.4
      vertex 157.35 86.8742 2.4
      vertex 157.081 87.0808 2.4
    endloop
  endfacet
  facet normal 0.792733 0.609568 0
    outer loop
      vertex 157.081 87.0808 5.4
      vertex 156.874 87.35 2.4
      vertex 156.874 87.35 5.4
    endloop
  endfacet
  facet normal 0.792733 0.609568 0
    outer loop
      vertex 156.874 87.35 2.4
      vertex 157.081 87.0808 5.4
      vertex 157.081 87.0808 2.4
    endloop
  endfacet
  facet normal -0.609112 0.793084 0
    outer loop
      vertex 158.919 87.0808 2.4
      vertex 158.65 86.8742 5.4
      vertex 158.919 87.0808 5.4
    endloop
  endfacet
  facet normal -0.609112 0.793084 0
    outer loop
      vertex 158.65 86.8742 5.4
      vertex 158.919 87.0808 2.4
      vertex 158.65 86.8742 2.4
    endloop
  endfacet
  facet normal 0.792733 -0.609568 0
    outer loop
      vertex 156.874 88.65 5.4
      vertex 157.081 88.9192 2.4
      vertex 157.081 88.9192 5.4
    endloop
  endfacet
  facet normal 0.792733 -0.609568 0
    outer loop
      vertex 157.081 88.9192 2.4
      vertex 156.874 88.65 5.4
      vertex 156.874 88.65 2.4
    endloop
  endfacet
  facet normal -0.130714 0.99142 0
    outer loop
      vertex 158.336 86.7443 2.4
      vertex 158 86.7 5.4
      vertex 158.336 86.7443 5.4
    endloop
  endfacet
  facet normal -0.130714 0.99142 0
    outer loop
      vertex 158 86.7 5.4
      vertex 158.336 86.7443 2.4
      vertex 158 86.7 2.4
    endloop
  endfacet
  facet normal -0.382274 0.924049 0
    outer loop
      vertex 158.65 86.8742 2.4
      vertex 158.336 86.7443 5.4
      vertex 158.65 86.8742 5.4
    endloop
  endfacet
  facet normal -0.382274 0.924049 0
    outer loop
      vertex 158.336 86.7443 5.4
      vertex 158.65 86.8742 2.4
      vertex 158.336 86.7443 2.4
    endloop
  endfacet
  facet normal 0.382274 -0.924049 0
    outer loop
      vertex 157.35 89.1258 2.4
      vertex 157.664 89.2557 5.4
      vertex 157.35 89.1258 5.4
    endloop
  endfacet
  facet normal 0.382274 -0.924049 0
    outer loop
      vertex 157.664 89.2557 5.4
      vertex 157.35 89.1258 2.4
      vertex 157.664 89.2557 2.4
    endloop
  endfacet
  facet normal 0.923729 -0.383046 0
    outer loop
      vertex 156.744 88.3365 5.4
      vertex 156.874 88.65 2.4
      vertex 156.874 88.65 5.4
    endloop
  endfacet
  facet normal 0.923729 -0.383046 0
    outer loop
      vertex 156.874 88.65 2.4
      vertex 156.744 88.3365 5.4
      vertex 156.744 88.3365 2.4
    endloop
  endfacet
  facet normal 0.991559 -0.129654 0
    outer loop
      vertex 156.7 88 5.4
      vertex 156.744 88.3365 2.4
      vertex 156.744 88.3365 5.4
    endloop
  endfacet
  facet normal 0.991559 -0.129654 0
    outer loop
      vertex 156.744 88.3365 2.4
      vertex 156.7 88 5.4
      vertex 156.7 88 2.4
    endloop
  endfacet
  facet normal -0.792733 -0.609568 0
    outer loop
      vertex 159.126 88.65 2.4
      vertex 158.919 88.9192 5.4
      vertex 158.919 88.9192 2.4
    endloop
  endfacet
  facet normal -0.792733 -0.609568 0
    outer loop
      vertex 158.919 88.9192 5.4
      vertex 159.126 88.65 2.4
      vertex 159.126 88.65 5.4
    endloop
  endfacet
  facet normal -0.923729 0.383046 0
    outer loop
      vertex 159.126 87.35 2.4
      vertex 159.256 87.6635 5.4
      vertex 159.256 87.6635 2.4
    endloop
  endfacet
  facet normal -0.923729 0.383046 0
    outer loop
      vertex 159.256 87.6635 5.4
      vertex 159.126 87.35 2.4
      vertex 159.126 87.35 5.4
    endloop
  endfacet
  facet normal 0.923729 0.383046 0
    outer loop
      vertex 156.874 87.35 5.4
      vertex 156.744 87.6635 2.4
      vertex 156.744 87.6635 5.4
    endloop
  endfacet
  facet normal 0.923729 0.383046 0
    outer loop
      vertex 156.744 87.6635 2.4
      vertex 156.874 87.35 5.4
      vertex 156.874 87.35 2.4
    endloop
  endfacet
  facet normal 0.130714 0.99142 -0
    outer loop
      vertex 158 86.7 2.4
      vertex 157.664 86.7443 5.4
      vertex 158 86.7 5.4
    endloop
  endfacet
  facet normal 0.130714 0.99142 0
    outer loop
      vertex 157.664 86.7443 5.4
      vertex 158 86.7 2.4
      vertex 157.664 86.7443 2.4
    endloop
  endfacet
  facet normal 0.382274 0.924049 -0
    outer loop
      vertex 157.664 86.7443 2.4
      vertex 157.35 86.8742 5.4
      vertex 157.664 86.7443 5.4
    endloop
  endfacet
  facet normal 0.382274 0.924049 0
    outer loop
      vertex 157.35 86.8742 5.4
      vertex 157.664 86.7443 2.4
      vertex 157.35 86.8742 2.4
    endloop
  endfacet
endsolid OpenSCAD_Model
