0,0,0,0,0,0,0,0,0,0,0,0,0,0,0,0,0,0,0,0,0,0,0,0,0,0,0,0,0,0,0,0,0,0,0,0,0,0,0,0,0,0,0,0,0,0,0,0,0,0,0,0,0,0,0,0,0,0,0,0,0,0,0,0,0,0,0,0,0,0,0,0,0,0,0,0,0,0,0,0,0,0,0,0,0,0,0,0,0,0,0,0,0,0,0,0,0,0,0,0,0,0,0,0,0,0,0,0,0,0,0,0,0,0,0,0,0,0,0,0,0,0,0,0,0,0,0,0,0,0,0,0,0,0,0,0,0,0,0,0,0,0,0,0,0,0,0,0,0,0,0,0,0,0,0,0,0,0,0,0,0,0,0,0,0,0,0,0,0,0,0,0,0,0,0,0,0,0,0,0,0,0,0,0,0,0,0,0,0,0,0,0,0,0,0,0,0,0,0,0,0,0,0,0,0,0,0,0,0,0,0,0,0,0,0,0,0,0,0,0,0,0,
0,0,0,0,0,0,0,0,0,0,0,0,0,0,0,0,0,0,0,0,0,0,0,0,0,0,0,0,0,0,0,0,0,0,0,0,0,0,0,0,0,0,0,0,0,0,0,0,0,0,0,0,0,0,0,0,0,0,0,0,0,0,0,0,0,0,0,0,0,0,0,0,0,0,0,0,0,0,0,0,0,0,4,0,0,0,0,0,0,0,0,0,0,0,0,0,0,0,0,0,0,0,0,0,0,0,0,0,0,0,0,0,0,0,0,0,0,0,0,0,0,0,0,0,0,0,0,0,0,0,0,0,0,0,0,0,0,0,0,0,0,0,0,0,0,0,0,0,0,0,0,0,0,0,0,0,0,0,0,0,0,0,0,0,0,0,0,0,0,0,0,0,0,0,0,0,0,0,0,0,0,0,0,0,0,0,0,0,0,0,0,0,0,0,0,2,0,0,0,0,0,0,0,0,0,0,0,0,0,0,0,0,0,0,0,0,0,0,0,0,0,0,
0,0,0,0,0,0,0,0,0,0,0,0,0,0,0,0,0,0,0,0,0,0,0,0,0,0,0,0,0,0,0,0,0,0,0,0,0,0,0,0,0,0,0,0,0,0,0,0,0,0,0,0,0,0,0,0,0,0,0,0,0,0,0,0,0,0,0,0,0,0,0,0,0,0,0,0,0,0,0,0,0,0,3,0,0,0,0,0,0,0,0,0,1,0,0,0,0,0,0,0,0,0,0,0,0,0,0,0,0,0,0,0,0,0,0,0,0,0,0,0,0,0,0,0,0,0,0,0,0,0,0,0,0,0,0,0,0,0,0,0,0,0,0,0,0,0,0,0,0,0,0,0,0,0,0,0,0,0,0,0,0,0,0,0,0,0,0,0,0,0,0,0,0,0,0,0,0,0,0,0,0,0,0,0,0,0,0,0,0,0,0,1,0,0,0,0,0,0,0,0,0,0,0,0,0,0,0,0,0,0,0,0,0,0,0,0,0,0,0,0,0,0,
0,0,0,0,0,0,0,0,0,0,0,0,0,0,0,0,0,0,0,0,0,1,0,0,0,0,0,0,0,0,0,0,0,0,0,0,0,0,0,0,0,0,0,0,0,0,1,0,0,0,0,0,0,0,0,0,0,0,0,0,0,0,0,0,0,0,0,0,0,0,0,0,0,0,0,0,0,0,0,0,0,0,3,0,0,0,0,0,0,0,0,0,0,0,0,0,0,0,0,0,0,0,0,0,0,0,0,0,0,0,0,0,0,0,0,0,0,0,0,0,0,0,0,0,0,0,0,0,0,0,0,0,0,0,0,0,0,0,0,0,0,0,0,0,0,0,1,0,0,0,0,1,0,0,0,0,0,0,0,0,0,0,0,0,0,0,0,0,0,0,0,0,0,0,0,0,0,0,0,0,0,3,0,0,0,0,0,0,0,0,0,0,0,0,0,1,0,0,0,0,0,0,0,0,0,0,0,0,0,0,0,0,0,0,0,0,0,0,0,0,0,0,
0,0,0,0,0,0,0,0,0,0,0,0,0,0,0,0,0,0,0,0,0,0,0,0,0,0,0,0,0,0,0,0,0,0,0,0,0,0,0,0,0,0,0,0,0,0,0,0,0,0,0,0,0,0,0,0,0,0,0,0,0,0,0,0,0,0,0,0,0,0,0,0,0,0,0,0,0,0,0,0,0,0,6,0,0,0,0,0,0,0,0,0,2,0,0,0,0,0,0,0,0,0,0,0,0,0,0,0,0,0,0,0,0,0,0,0,0,0,0,0,0,0,0,0,0,0,0,0,0,0,0,0,0,0,0,0,0,0,0,0,0,0,0,0,0,0,0,0,0,0,0,0,0,0,0,0,0,0,0,0,0,0,0,0,0,0,0,0,0,0,0,0,0,0,0,0,0,0,0,0,0,0,0,0,0,0,0,0,0,0,0,0,0,0,0,0,2,0,0,0,0,0,0,0,0,0,0,0,0,0,0,0,0,0,0,0,0,0,0,0,0,0,
0,0,0,0,0,0,0,0,0,0,0,0,0,0,0,0,0,0,0,0,0,0,0,0,0,0,0,0,0,0,0,0,0,0,0,0,0,0,0,0,0,0,0,0,0,0,0,0,0,0,0,0,0,0,0,0,0,0,0,0,0,0,0,0,0,0,0,0,0,0,0,0,0,0,0,0,0,0,1,0,0,0,8,0,0,0,0,0,0,0,0,0,2,0,0,0,0,0,0,0,0,1,0,0,0,0,0,0,0,0,0,0,0,0,0,0,0,0,0,0,0,0,0,0,0,0,0,0,0,0,0,0,0,0,0,0,0,0,0,0,0,0,0,0,0,0,0,0,0,0,0,1,0,0,0,0,0,0,0,0,0,0,0,0,0,0,0,0,0,0,1,0,0,0,0,0,0,0,0,0,0,0,0,0,0,0,0,0,0,0,0,0,0,0,0,1,0,0,0,0,0,0,0,0,0,0,0,0,0,0,0,0,0,0,0,0,0,0,0,0,0,0,
0,0,0,0,0,0,0,0,0,0,0,0,0,0,0,0,0,0,0,0,0,0,0,0,0,0,0,0,0,0,0,0,0,0,0,0,0,0,0,0,0,0,0,0,0,0,1,0,0,0,0,0,0,0,0,0,0,0,0,0,0,0,0,0,0,0,0,0,0,0,0,0,0,0,0,0,0,0,0,0,0,0,0,0,0,0,0,0,0,0,0,0,0,0,0,0,0,1,0,0,0,0,0,0,0,0,0,0,0,0,0,0,0,0,0,0,0,0,1,0,0,0,0,0,0,0,0,0,0,0,0,0,0,0,0,0,0,0,0,0,0,0,1,0,0,0,0,0,0,0,0,1,0,0,0,0,0,0,0,0,0,0,0,0,0,0,0,0,0,0,1,0,0,0,0,1,0,0,0,0,0,0,0,0,0,0,0,0,0,0,0,0,0,0,0,1,0,0,0,0,0,0,0,0,0,0,0,0,0,0,0,0,0,0,0,0,0,0,0,0,0,0,
0,0,0,0,0,0,0,0,0,0,0,0,0,0,0,0,0,0,0,0,0,0,0,0,0,1,0,0,0,0,0,0,0,0,0,0,0,0,0,0,0,0,0,0,0,0,0,0,0,0,0,1,1,0,0,0,0,0,0,0,0,0,0,0,0,0,0,0,0,0,0,0,0,0,0,0,0,0,0,0,0,0,0,0,0,0,0,1,0,0,0,0,0,0,0,0,0,0,0,0,0,0,0,0,0,0,0,0,0,0,0,0,0,0,0,0,0,0,0,0,0,0,0,0,0,0,0,0,0,0,0,0,0,0,0,0,0,0,0,0,0,0,0,0,0,2,0,0,0,0,0,0,0,0,0,0,0,0,0,0,0,0,0,0,0,0,0,0,0,0,0,0,0,0,0,1,0,0,0,0,0,0,0,0,0,0,0,0,0,0,1,0,0,0,0,0,0,0,0,0,0,0,0,0,0,0,0,0,0,0,0,0,0,0,0,0,0,0,0,0,0,0,
0,0,0,0,0,0,0,0,0,0,0,0,0,0,0,0,0,0,0,0,0,1,0,0,0,0,0,0,0,0,0,0,0,0,0,0,0,0,0,0,0,0,0,0,0,0,1,0,0,0,0,0,0,0,0,0,0,0,0,0,0,0,0,0,0,0,0,0,0,0,0,0,0,0,0,0,0,0,0,0,0,0,0,0,0,0,0,0,0,0,0,0,0,0,0,0,0,1,0,0,0,0,0,0,0,0,0,0,0,0,0,0,0,0,0,0,0,0,0,0,0,0,0,0,0,0,0,0,0,0,0,0,0,0,0,0,0,1,0,0,0,0,0,0,0,0,0,0,0,0,0,0,2,0,0,0,0,0,0,0,0,0,0,0,0,0,0,0,0,0,0,0,0,0,0,0,0,0,0,0,0,1,0,0,0,0,0,0,0,0,1,0,0,0,0,0,0,0,0,0,0,0,0,0,0,0,0,0,0,0,0,0,0,0,0,0,0,0,0,0,0,0,
0,0,0,0,0,0,0,0,0,0,0,0,0,0,0,0,0,0,0,0,0,1,0,0,0,0,0,0,0,0,0,0,0,0,0,0,0,0,0,0,0,0,0,0,0,0,1,0,0,0,0,0,0,0,0,0,0,0,0,0,0,0,0,0,0,0,0,0,0,0,0,0,0,0,0,0,0,0,0,0,0,0,0,0,0,0,0,0,0,0,0,0,0,0,0,0,0,0,0,0,0,0,0,0,0,0,0,0,0,0,0,0,0,0,0,0,0,0,0,0,0,0,0,0,0,0,0,0,0,0,0,0,0,0,0,0,0,0,0,0,0,0,0,0,0,1,0,0,0,0,0,0,0,0,0,0,0,0,0,0,0,0,0,0,0,0,0,0,0,0,0,0,0,0,0,0,0,0,0,0,0,1,1,0,0,0,0,0,0,0,1,0,0,0,0,0,0,0,0,0,0,0,0,0,0,0,0,0,0,0,0,0,0,0,0,0,0,0,0,0,0,0,
0,0,0,0,0,0,0,0,0,0,0,0,0,0,0,0,0,0,0,0,0,0,0,0,0,0,0,0,0,0,0,0,0,0,0,0,0,0,0,0,0,0,0,0,0,0,0,0,0,0,0,0,0,0,0,0,0,0,0,0,0,0,0,0,0,0,0,0,0,0,0,0,0,0,0,0,0,0,0,0,0,0,1,0,0,0,0,0,0,0,0,0,0,0,0,0,0,0,0,0,0,0,0,0,0,0,0,0,0,0,0,0,0,0,0,0,0,0,0,0,0,0,0,0,0,0,0,0,0,0,0,0,0,0,0,0,0,0,0,0,0,0,0,0,0,0,0,0,0,0,0,3,0,0,0,0,0,0,0,0,0,0,0,0,0,0,0,0,0,0,0,0,0,0,0,0,0,0,0,0,0,0,0,0,0,0,0,0,0,0,0,0,0,0,0,0,0,0,0,0,0,0,0,0,0,0,0,0,0,0,0,0,0,0,0,0,0,0,0,0,0,0,
0,0,0,0,0,0,0,0,0,0,0,0,0,0,0,0,0,0,0,0,0,0,0,0,0,0,0,0,0,0,0,0,0,0,0,0,0,0,0,0,0,0,0,0,0,0,1,0,0,0,0,0,0,0,0,0,0,0,0,0,0,0,0,0,0,0,0,0,0,0,0,0,0,0,0,0,0,0,0,0,0,0,1,0,0,0,0,0,0,0,0,0,0,0,0,0,0,0,0,0,0,1,0,0,0,0,0,0,0,0,0,0,0,0,0,0,0,0,0,0,0,0,0,0,0,0,0,0,0,0,0,0,0,0,0,0,0,0,0,0,0,0,0,0,0,0,0,0,0,0,0,2,0,0,0,0,0,0,0,0,0,0,0,0,0,0,0,0,0,0,0,0,0,0,0,0,0,0,0,0,0,1,0,0,0,0,0,0,0,0,0,1,0,0,0,0,0,0,0,0,0,0,0,0,0,0,0,0,0,0,0,0,0,0,0,0,0,0,0,0,0,0,
0,0,0,0,0,0,0,0,0,0,0,0,0,0,0,0,0,0,0,0,0,0,0,0,0,1,0,0,0,0,0,0,0,0,0,0,0,0,0,0,0,0,0,0,0,0,3,0,0,0,0,0,1,0,0,0,0,0,0,0,0,0,0,0,0,0,0,0,0,0,0,0,0,0,0,0,0,0,0,0,0,0,0,0,0,0,0,0,0,0,0,0,0,0,0,0,0,1,0,0,0,0,0,0,0,0,0,0,0,0,0,0,0,0,0,0,0,0,0,0,0,0,0,0,0,0,0,0,0,0,0,0,0,0,0,0,0,0,0,0,0,0,0,0,0,1,0,0,0,0,0,1,0,0,0,0,0,0,0,0,0,0,0,0,0,0,0,0,0,0,0,0,0,0,0,1,1,0,0,0,0,1,2,0,0,0,0,0,0,0,0,0,0,0,0,0,0,0,0,0,0,0,0,0,0,0,0,0,0,0,0,0,0,0,0,0,0,0,0,0,0,0,
0,0,0,0,0,0,0,0,0,0,0,0,0,0,0,0,0,0,0,0,0,0,0,0,0,0,0,0,0,0,0,0,0,0,0,0,0,0,0,0,0,0,0,0,0,2,3,0,0,0,0,2,0,0,0,0,0,0,0,0,0,0,0,0,0,0,0,0,0,0,0,0,0,0,0,0,0,0,1,0,0,0,1,0,0,0,0,0,0,0,0,0,1,0,0,0,0,0,0,0,0,0,0,0,0,0,0,0,0,0,0,0,0,0,0,0,0,0,0,0,0,0,0,0,0,0,0,0,0,0,0,0,0,0,0,0,0,0,0,0,0,0,0,0,0,0,0,0,0,0,0,1,0,0,0,0,0,0,0,0,0,0,0,0,0,0,0,0,0,0,0,0,0,0,0,0,1,0,0,0,0,1,0,0,0,0,0,0,0,0,0,0,0,0,0,0,0,0,0,0,0,0,0,0,0,0,0,0,0,0,0,0,0,0,0,0,0,0,0,0,0,0,
0,0,0,0,0,0,0,0,0,0,0,0,0,0,0,0,0,0,0,0,0,0,0,0,0,0,0,0,0,0,0,0,0,0,0,0,0,0,0,0,0,0,0,0,0,0,0,0,0,0,0,0,0,0,0,0,0,0,0,0,0,0,0,0,0,0,0,0,0,0,0,0,0,0,0,0,0,0,0,0,0,0,3,0,0,0,0,0,0,0,0,0,2,0,0,0,0,0,0,0,0,1,0,0,0,0,0,0,0,0,0,0,0,0,0,0,0,0,0,0,0,0,0,0,0,0,0,0,0,0,0,0,0,0,0,0,0,0,0,0,0,0,0,0,0,3,1,0,0,0,0,1,0,0,0,0,0,0,0,0,0,0,0,0,0,0,0,0,0,0,2,0,0,0,0,0,0,0,0,0,0,0,0,0,0,0,0,0,0,0,0,0,0,0,0,0,0,0,0,0,0,0,0,0,0,0,0,0,0,0,0,0,0,0,0,0,0,0,0,0,0,0,
0,0,0,0,0,0,0,0,0,0,0,0,0,0,0,0,0,0,0,0,0,3,0,0,0,0,0,0,0,0,0,0,0,0,0,0,0,0,0,0,0,0,0,0,0,0,0,0,0,0,0,0,1,0,0,0,0,0,0,0,0,0,0,0,1,0,0,0,0,0,0,0,1,0,0,0,0,0,0,0,0,0,7,0,0,0,0,0,0,0,0,0,3,0,0,0,0,0,0,0,0,0,0,0,0,0,0,0,0,0,0,0,0,0,0,0,0,0,0,0,0,0,0,0,0,0,0,0,0,0,0,0,0,0,0,0,0,0,0,0,0,0,0,0,0,3,0,0,0,0,0,0,0,0,0,0,0,0,0,0,0,0,0,0,0,0,0,0,0,0,1,0,0,0,0,3,0,0,0,0,0,4,0,0,0,0,0,0,0,0,0,1,0,0,0,0,0,0,0,0,0,0,0,0,0,0,0,0,0,0,0,0,0,0,0,0,0,0,0,0,0,0,
0,0,0,0,0,0,0,0,0,0,0,0,0,0,0,0,0,0,0,0,0,0,0,0,0,0,0,0,0,0,0,0,0,0,0,0,0,0,0,0,0,0,0,0,0,0,1,0,0,0,0,0,1,0,0,0,0,0,0,0,0,0,0,0,0,0,0,0,0,0,0,0,0,0,0,0,0,0,0,0,0,0,2,0,0,0,0,0,0,0,0,0,0,0,0,0,0,0,0,0,0,0,0,0,0,0,0,0,0,0,0,0,0,0,0,0,0,0,0,0,0,0,0,0,0,0,0,0,0,0,0,0,0,0,0,0,0,0,0,0,0,0,0,0,0,1,0,0,0,0,0,3,0,0,0,0,0,0,0,0,0,0,0,0,0,0,0,0,0,0,0,0,0,0,0,1,0,0,0,0,0,0,0,0,0,0,0,0,0,0,0,1,0,0,0,0,0,0,0,0,0,0,0,0,0,0,0,0,0,0,0,0,0,0,0,0,0,0,0,0,0,0,
0,0,0,0,0,0,0,0,0,0,0,0,0,0,0,0,0,0,0,0,0,1,0,0,0,0,0,0,0,0,0,0,0,0,0,0,0,0,0,0,0,0,0,0,0,0,4,0,0,0,0,0,2,0,0,0,0,0,0,0,0,0,0,0,0,0,0,0,0,0,0,0,0,0,0,0,0,0,0,0,0,0,4,0,0,0,0,0,0,0,0,0,1,0,0,0,0,1,0,0,0,2,0,0,0,1,0,0,0,0,0,0,0,0,0,0,0,0,2,0,0,0,0,0,0,0,0,0,0,0,0,0,0,0,0,0,0,0,0,0,0,0,0,0,0,3,0,0,0,0,0,2,0,0,0,0,0,0,0,0,0,0,0,0,0,0,0,0,0,0,0,0,0,0,0,1,1,0,0,0,0,1,0,0,0,0,0,0,0,0,0,2,0,0,0,0,0,0,0,0,0,0,0,0,0,0,0,0,0,0,0,0,0,0,0,0,0,0,0,0,0,0,
0,0,0,0,0,0,0,0,0,0,0,0,0,0,0,0,0,0,0,0,0,1,0,0,0,1,0,0,0,0,0,0,0,0,0,0,0,0,0,0,0,0,0,0,0,0,2,0,0,0,0,2,0,0,0,0,0,0,0,0,0,0,0,0,0,0,0,0,0,0,0,0,0,0,0,0,0,0,0,0,0,0,4,0,0,0,0,0,0,0,0,0,1,0,0,0,0,2,0,0,0,0,0,0,0,0,0,0,0,0,0,0,0,0,0,0,0,0,0,0,0,0,0,0,0,0,0,0,0,0,0,0,0,0,0,0,0,0,0,0,0,0,0,0,0,0,1,0,0,0,0,1,0,0,0,0,0,0,0,0,0,0,0,0,0,0,0,0,0,0,1,0,0,0,0,1,1,0,0,0,0,2,1,0,0,0,0,0,0,0,0,1,0,0,0,0,0,0,0,0,0,0,0,0,0,0,0,0,0,0,0,0,0,0,0,0,0,0,0,0,0,0,
0,0,0,0,0,0,0,0,0,0,0,0,0,0,0,0,0,0,0,0,0,1,0,0,0,2,0,0,0,0,0,0,0,0,0,0,0,0,0,0,0,0,0,0,0,1,0,0,0,0,0,0,2,0,0,0,0,0,0,0,0,0,0,0,0,0,0,0,0,0,0,0,0,0,0,0,0,0,1,0,0,0,0,0,0,0,0,1,0,0,0,0,0,0,0,0,0,1,0,0,0,0,0,0,0,0,0,0,0,0,0,0,0,0,0,0,0,0,0,0,0,0,0,0,0,0,0,0,0,0,0,0,0,0,0,0,0,0,0,0,0,0,0,0,0,1,2,0,0,0,0,1,0,0,0,0,0,0,0,0,0,0,0,0,0,0,0,0,0,0,2,0,0,0,0,1,0,0,0,0,0,2,0,0,0,0,0,0,0,0,0,0,0,0,0,0,0,0,0,0,0,0,0,0,0,0,0,0,0,0,0,0,0,0,0,0,0,0,0,0,0,0,
0,0,0,0,0,0,0,0,0,0,0,0,0,0,0,0,0,0,0,0,0,4,0,0,0,0,0,0,0,0,0,0,0,0,0,0,0,0,0,0,0,0,0,0,0,0,2,0,0,0,0,0,0,0,0,0,0,0,0,0,0,0,0,0,0,0,0,0,0,0,0,0,0,0,0,0,0,0,0,0,0,0,1,0,0,0,0,0,0,0,0,0,1,0,0,0,0,2,0,0,0,1,0,0,0,0,0,0,0,0,0,0,0,0,0,0,0,0,0,0,0,0,0,0,0,0,0,0,0,0,0,0,0,0,0,0,0,0,0,0,0,0,0,0,0,4,1,0,0,0,0,0,0,0,0,0,0,0,0,0,0,0,0,0,0,0,0,0,0,0,2,0,0,0,0,0,0,0,0,0,0,3,0,0,0,0,0,0,0,0,0,0,0,0,0,0,0,0,0,0,0,0,0,0,0,0,0,0,0,0,0,0,0,0,0,0,0,0,0,0,0,0,
0,0,0,0,0,0,0,0,0,0,0,0,0,0,0,0,0,0,0,0,0,3,1,0,0,0,0,0,0,0,0,0,0,0,0,0,0,0,0,0,0,0,0,0,0,0,0,0,0,0,0,1,1,0,0,0,0,0,0,1,0,0,0,0,0,0,0,0,0,0,0,0,0,0,0,0,0,0,0,0,0,0,1,0,0,0,0,0,0,0,0,0,2,0,0,0,0,1,0,0,0,1,0,0,0,0,0,0,0,0,0,0,0,0,0,0,0,0,0,0,0,0,0,0,0,0,0,0,0,0,0,0,0,0,0,0,0,0,0,0,0,0,0,0,0,4,0,0,0,0,0,0,0,0,0,0,0,0,0,0,0,0,0,0,0,0,0,0,0,0,1,0,0,0,0,0,2,0,0,0,0,2,0,0,0,0,0,0,0,0,0,1,0,0,0,0,0,0,0,0,0,0,0,0,0,0,0,0,0,0,0,0,0,0,0,0,0,0,0,0,0,0,
0,0,0,0,0,0,0,0,0,0,0,0,0,0,0,0,0,0,0,0,0,0,0,0,0,0,0,0,0,0,0,0,0,0,0,0,0,0,0,0,0,0,0,0,0,0,4,0,0,0,0,0,2,0,0,0,0,0,0,0,0,0,0,0,0,0,0,0,0,0,0,0,0,0,0,0,0,0,0,0,0,0,2,0,0,0,0,0,0,0,0,0,0,0,0,0,0,1,0,0,0,1,0,0,0,0,0,0,0,0,0,0,0,0,0,0,0,0,1,0,0,0,0,0,1,0,0,0,0,0,0,0,0,0,0,0,0,0,0,0,0,1,0,0,0,2,0,0,0,0,0,5,0,0,0,0,0,0,0,0,0,0,0,0,0,0,0,0,0,0,1,0,0,0,0,2,1,0,0,0,0,2,0,0,0,0,0,0,0,0,0,0,0,0,0,0,0,0,0,0,0,0,0,0,0,0,0,0,0,0,0,0,0,0,0,0,0,0,0,0,0,0,
0,0,0,0,0,0,0,0,0,0,0,0,0,0,0,0,0,0,0,0,0,0,0,0,0,1,0,0,0,0,0,0,0,0,0,0,0,0,0,0,0,0,0,0,0,0,3,0,0,0,0,0,1,0,0,0,0,0,0,0,0,0,0,0,0,0,0,0,0,0,0,0,0,0,0,0,0,0,1,0,0,0,2,0,0,0,0,0,0,0,0,0,1,0,0,0,0,1,0,0,0,3,0,0,0,0,0,0,0,0,0,0,0,0,0,0,0,0,1,0,0,0,0,0,0,0,0,0,0,0,0,0,0,0,0,0,0,0,0,0,0,0,0,0,0,0,0,0,0,0,0,2,0,0,0,0,0,0,0,0,0,0,0,0,0,0,0,0,0,0,1,0,0,0,0,2,1,0,0,0,0,2,0,0,0,0,0,0,0,0,0,1,0,0,0,0,0,0,0,0,0,0,0,0,0,0,0,0,0,0,0,0,0,0,0,0,0,0,0,0,0,0,
0,0,0,0,0,0,0,0,0,0,0,0,0,0,0,0,0,0,0,0,0,3,0,0,0,2,0,0,0,0,0,0,0,0,0,0,0,0,0,0,0,0,0,0,0,0,2,0,0,0,0,0,1,0,0,0,0,0,0,0,0,0,0,0,0,0,0,0,0,0,0,0,0,0,0,0,0,0,0,0,0,0,1,0,0,0,0,0,0,0,0,0,0,0,0,0,0,2,0,0,0,0,0,0,0,0,0,0,0,0,0,0,0,0,0,0,0,0,1,0,0,0,0,0,0,0,0,0,0,0,0,0,0,0,0,0,0,0,0,0,0,0,0,0,0,0,0,0,0,0,0,2,0,0,0,0,0,0,0,0,0,0,0,0,0,0,0,0,0,0,2,0,0,0,0,2,1,0,0,0,0,3,1,0,0,0,0,0,0,0,0,1,0,0,0,0,0,0,0,0,0,0,0,0,0,0,0,0,0,0,0,0,0,0,0,0,0,0,0,0,0,0,
0,0,0,0,0,0,0,0,0,0,0,0,0,0,0,0,0,0,0,0,0,6,0,0,0,0,0,0,0,0,0,0,0,0,0,0,0,0,0,0,0,0,0,0,0,0,0,0,0,0,0,0,0,0,0,0,0,0,0,0,0,0,0,0,0,0,0,0,0,0,0,0,0,0,0,0,0,0,2,0,0,0,0,0,0,0,0,0,0,0,0,0,0,0,0,0,0,1,0,0,0,0,0,0,0,0,0,0,0,0,0,0,0,0,0,0,0,0,0,0,0,0,0,0,1,0,0,0,0,0,0,0,0,0,0,0,0,0,0,0,0,0,0,0,0,4,1,0,0,0,0,2,1,0,0,1,0,0,0,0,0,0,1,0,0,1,0,0,0,0,0,0,0,0,0,1,0,0,0,0,0,3,0,0,0,0,0,0,0,0,0,0,0,0,0,0,0,0,0,0,0,0,0,0,0,0,0,0,0,0,0,0,0,0,0,0,0,0,0,0,0,0,
0,0,0,0,0,0,0,0,0,0,0,0,0,0,0,0,0,0,0,0,0,0,0,0,0,0,0,0,0,0,0,0,0,0,0,0,0,0,0,0,0,0,0,0,0,0,0,0,0,0,0,0,0,0,0,0,0,0,0,0,0,0,0,0,0,0,0,0,0,0,0,0,0,0,0,0,0,0,0,0,0,0,0,0,0,0,0,0,0,0,0,0,0,0,0,0,0,0,0,0,0,0,0,0,0,0,0,0,0,0,0,0,0,0,0,0,0,0,0,0,0,0,0,0,0,0,0,0,0,0,0,0,0,0,0,0,0,0,0,0,0,0,0,0,0,0,0,0,0,0,0,0,0,0,0,0,0,0,0,0,0,0,0,0,0,0,0,0,0,0,0,0,0,0,0,0,0,0,0,0,0,0,0,0,0,0,0,0,0,0,0,0,0,0,0,0,0,0,0,0,0,0,0,0,0,0,0,0,0,0,0,0,0,0,0,0,0,0,0,0,0,0,
0,0,0,0,0,0,0,0,0,0,0,0,0,0,0,0,0,0,0,0,0,4,0,0,0,0,0,0,0,0,0,0,0,0,0,0,0,0,0,0,0,0,0,0,0,1,2,0,0,0,0,2,3,0,0,0,0,0,0,0,0,0,0,0,0,0,0,0,0,0,0,0,0,0,0,0,0,0,0,0,0,0,4,0,0,0,0,0,0,0,0,0,1,0,0,0,0,0,0,0,0,1,0,0,0,1,0,0,0,0,0,0,0,0,0,0,0,0,1,0,0,0,0,0,0,0,0,0,0,0,0,0,0,0,0,0,0,0,0,0,0,1,0,0,0,7,1,0,0,0,0,2,1,0,0,0,0,0,0,0,0,0,0,0,0,0,0,0,0,0,3,0,0,0,0,0,1,0,0,0,0,6,0,0,0,0,0,0,0,0,1,0,0,0,0,0,0,0,0,0,0,0,0,0,0,0,0,0,0,0,0,0,0,0,0,0,0,0,0,0,0,0,
0,0,0,0,0,0,0,0,0,0,0,0,0,0,0,0,0,0,0,0,0,1,0,0,0,0,0,0,0,0,0,0,0,0,0,0,0,0,0,0,0,0,0,0,0,1,3,0,0,0,0,1,2,0,0,0,0,0,0,0,0,0,0,0,0,0,0,0,0,0,0,0,0,1,0,0,0,0,2,0,0,0,4,0,0,0,0,0,0,0,0,0,3,0,0,0,0,1,0,0,0,2,0,0,0,1,0,0,0,0,0,0,0,0,0,0,0,0,1,0,0,0,0,0,0,0,0,0,0,0,0,0,1,0,0,0,0,0,0,0,0,1,0,0,0,9,1,0,0,0,0,5,0,0,0,0,0,0,0,0,0,0,0,0,0,0,0,0,0,0,3,0,0,0,0,2,1,0,0,0,0,5,0,0,0,0,0,0,0,0,1,1,0,0,0,0,0,0,0,0,0,0,0,0,0,0,0,0,0,0,0,0,0,0,0,0,0,0,0,0,0,0,
0,0,0,0,0,0,0,0,0,0,0,0,0,0,0,0,0,0,0,0,0,1,0,0,0,0,0,0,0,0,0,0,0,0,0,0,0,0,0,0,0,0,0,0,0,0,5,0,0,0,0,0,1,0,0,0,0,0,0,0,0,0,0,0,0,0,0,0,0,0,0,0,0,0,0,0,0,0,0,0,0,0,3,0,0,0,0,0,0,0,0,0,0,0,0,0,0,0,0,0,0,1,0,0,0,0,0,0,0,0,1,0,0,0,0,0,0,0,0,0,0,0,0,0,0,0,0,0,0,0,0,0,0,0,0,0,0,0,1,0,0,0,0,0,0,0,0,0,0,0,0,2,0,0,0,0,0,0,0,0,0,0,0,0,0,0,0,0,0,0,2,0,0,0,0,1,1,0,0,0,0,4,0,0,0,0,0,0,0,0,0,0,0,0,0,0,0,0,0,0,0,0,0,0,0,0,0,0,0,0,0,0,0,0,0,0,0,0,0,0,0,0,
0,0,0,0,0,0,0,0,0,0,0,0,0,0,0,0,0,0,0,0,0,3,0,0,0,1,0,0,0,0,0,0,0,0,0,0,0,0,0,0,0,1,0,0,0,0,4,0,0,0,0,2,2,0,0,0,0,0,0,0,0,0,0,0,0,0,0,0,0,0,0,0,0,0,0,0,0,0,1,0,0,0,2,0,0,0,0,0,0,0,0,0,1,0,0,0,0,2,0,0,0,2,0,0,0,0,0,0,0,0,0,0,0,0,0,0,0,0,0,0,0,0,0,0,0,0,0,0,0,0,0,0,0,0,0,0,0,0,0,0,0,0,0,0,0,0,1,0,0,0,0,4,2,0,0,0,0,0,0,0,0,0,0,0,0,0,0,0,0,0,3,1,0,0,0,0,1,0,0,0,0,2,1,0,0,0,0,0,0,0,0,1,0,0,0,0,0,0,0,0,0,0,0,0,0,0,0,0,0,0,0,0,0,0,0,0,0,0,0,0,0,0,
0,0,0,0,0,0,0,0,0,0,0,0,0,0,0,0,0,0,0,0,0,3,1,0,0,2,0,0,0,0,0,0,0,0,0,0,0,0,0,0,0,0,0,0,0,0,2,0,0,0,0,0,1,0,0,0,0,0,0,0,0,0,0,0,0,0,0,0,0,0,0,0,0,0,0,0,0,1,0,0,0,0,2,0,0,0,0,1,0,0,0,0,0,0,0,0,0,4,0,0,0,0,0,0,0,1,0,0,0,0,0,0,0,0,0,0,0,0,1,0,0,0,0,0,1,0,0,0,0,0,0,0,0,0,0,0,0,0,0,0,0,2,0,0,0,3,1,0,0,0,0,3,0,0,0,0,1,0,0,0,0,2,0,0,0,1,1,0,0,0,4,0,0,0,0,3,1,0,0,0,0,4,1,0,0,0,0,0,0,0,0,0,0,0,0,1,0,0,0,0,0,0,0,0,0,0,0,0,0,0,0,0,0,0,0,0,0,0,0,0,0,0,
0,0,0,0,0,0,0,0,0,0,0,0,0,0,0,0,0,0,0,0,0,3,0,0,0,2,0,0,0,0,0,0,0,0,0,0,0,0,0,0,0,0,0,0,0,1,2,0,0,0,0,1,2,0,0,0,0,0,0,0,0,0,0,0,0,0,0,0,0,0,0,0,0,0,0,0,0,0,2,0,0,0,0,0,0,0,0,1,0,0,0,0,0,0,0,0,0,2,0,0,0,1,0,0,0,0,0,0,0,0,0,1,0,0,0,0,0,0,0,0,0,0,0,0,0,1,0,0,0,0,0,0,0,0,0,0,0,0,0,0,0,0,0,0,0,5,1,0,0,0,0,4,2,0,0,0,0,0,0,0,0,0,0,0,0,0,0,0,0,0,2,0,0,0,0,2,2,0,0,0,0,3,0,0,0,0,0,0,0,0,0,0,0,0,0,0,0,0,0,0,0,0,0,0,0,0,0,0,0,0,0,0,0,0,0,0,0,0,0,0,0,0,
0,0,0,0,0,0,0,0,0,0,0,0,0,0,0,0,0,0,0,0,0,4,1,0,0,1,0,0,0,0,0,0,0,0,0,0,0,0,0,0,0,0,0,0,0,0,4,0,0,0,0,0,3,0,0,0,0,0,0,0,0,0,0,0,0,0,0,0,0,0,0,0,0,1,0,0,0,0,0,0,0,0,3,0,0,0,0,1,0,0,0,0,2,0,0,0,0,3,0,0,0,1,0,0,0,0,0,0,0,0,2,0,0,0,1,0,0,0,2,0,0,0,0,0,0,0,0,0,0,0,0,0,1,0,0,0,0,0,1,0,0,3,0,0,0,10,1,0,0,0,0,6,0,0,0,0,0,0,0,0,0,0,0,0,0,0,0,0,0,0,3,0,0,0,0,2,0,0,0,0,0,6,0,0,0,0,0,0,0,0,0,0,0,0,0,0,0,0,0,0,0,0,0,0,0,0,0,0,0,0,0,0,0,0,0,0,0,0,0,0,0,0,
0,0,0,0,0,0,0,0,0,0,0,0,0,0,0,0,0,0,0,0,0,4,1,0,0,1,0,0,0,0,0,0,0,0,0,0,0,0,0,0,0,0,0,0,0,0,5,0,0,0,0,1,2,0,0,0,0,0,0,1,0,0,0,0,0,0,0,0,0,0,0,0,0,0,0,0,0,0,2,0,0,0,1,0,0,0,0,0,0,0,0,0,3,0,0,0,0,2,0,0,0,2,0,0,0,0,0,0,0,0,0,0,0,0,0,0,0,0,0,0,0,0,0,0,0,0,0,0,0,1,0,0,0,0,0,0,0,0,0,0,0,1,0,0,0,3,1,0,0,0,0,3,0,0,0,0,0,0,0,0,0,0,0,0,0,0,0,0,0,0,0,0,0,0,0,3,3,0,0,0,0,5,1,0,0,0,0,0,0,0,2,1,0,0,0,0,0,0,0,0,0,0,0,0,0,0,0,0,0,0,0,0,0,0,0,0,0,0,0,0,0,0,
0,0,0,0,0,0,0,0,0,0,0,0,0,0,0,0,0,0,0,0,0,0,0,0,0,0,0,0,0,0,0,0,0,0,0,0,0,0,0,0,0,0,0,0,0,0,3,0,0,0,0,1,3,0,0,0,0,0,0,0,0,0,0,0,0,0,0,0,0,0,0,0,0,0,0,0,0,0,0,0,0,0,1,0,0,0,0,0,0,0,0,0,0,0,0,0,0,2,0,0,0,1,0,0,0,0,0,0,0,0,1,0,0,0,0,0,0,0,0,0,0,0,0,0,0,0,0,0,0,0,0,0,0,0,0,0,0,0,0,0,0,0,0,0,0,2,1,0,0,0,0,0,0,0,0,0,0,0,0,0,0,1,0,0,0,0,0,0,0,0,0,0,0,0,0,3,1,0,0,0,0,5,0,0,0,0,0,0,0,0,1,0,0,0,0,1,0,0,0,0,0,0,0,0,0,0,0,0,0,0,0,0,0,0,0,0,0,0,0,0,0,0,
0,0,0,0,0,0,0,0,0,0,0,0,0,0,0,0,0,0,0,0,0,5,0,0,0,1,0,0,0,0,0,0,0,0,0,0,0,0,0,0,0,0,0,0,0,0,8,0,0,0,0,0,2,0,0,1,0,0,0,2,0,0,0,0,0,1,0,0,1,1,0,0,0,1,0,0,0,0,3,0,0,0,2,1,0,0,0,0,0,0,0,0,1,0,0,0,0,1,0,0,0,3,1,0,0,2,0,0,0,0,0,0,0,0,0,0,0,0,1,0,0,0,0,0,1,0,0,0,1,0,0,0,1,0,0,0,0,2,0,0,0,0,0,0,0,2,3,0,0,0,0,4,2,0,0,1,0,0,0,0,0,0,0,0,0,2,0,0,0,0,1,0,0,0,0,3,1,0,0,0,0,2,0,0,0,0,0,0,0,0,0,1,0,0,0,3,0,0,0,0,0,0,0,0,0,0,0,0,0,0,0,0,0,0,0,0,0,0,0,0,0,0,
0,0,0,0,0,0,0,0,0,0,0,0,0,0,0,0,0,0,0,0,0,5,0,0,0,2,0,0,0,0,0,0,0,0,0,0,0,0,0,0,0,0,0,0,0,0,5,0,0,0,0,0,2,0,0,0,0,0,0,1,0,0,0,0,0,0,0,0,0,0,0,0,0,0,0,0,0,0,0,0,0,0,3,0,0,0,0,1,1,0,0,0,0,0,0,0,0,3,0,0,0,0,0,0,0,0,0,0,0,0,0,0,0,0,0,0,0,0,0,0,0,0,0,0,0,0,0,0,0,0,0,0,0,0,0,0,0,0,0,0,0,1,0,0,0,6,2,0,0,0,0,1,0,0,0,0,0,0,0,0,0,0,0,0,0,3,0,0,0,0,3,0,0,0,0,5,0,0,0,0,0,4,1,0,0,0,0,0,0,0,0,0,0,0,0,1,0,0,0,0,0,0,0,0,0,0,0,0,0,0,0,0,0,0,0,0,0,0,0,0,0,0,
0,0,0,0,0,0,0,0,0,0,0,0,0,0,0,0,2,0,0,0,0,2,0,0,0,0,0,0,0,0,0,0,0,0,0,0,0,0,0,0,0,0,0,0,0,1,7,0,0,0,0,3,4,0,0,0,0,0,0,0,0,0,0,0,0,0,0,0,1,0,0,0,0,0,0,0,0,0,2,0,0,0,3,0,0,0,0,0,0,0,0,0,0,0,0,0,0,1,0,0,0,1,0,0,0,0,0,0,0,0,0,0,0,0,0,0,0,0,0,0,0,0,0,0,0,0,0,0,0,0,0,0,0,0,0,0,0,0,0,0,0,1,0,0,0,6,2,0,0,0,0,3,1,0,0,0,0,0,0,0,0,0,0,0,0,0,0,0,0,0,4,0,0,0,0,4,1,0,0,0,0,3,0,0,0,0,0,0,0,0,0,0,0,0,0,0,0,0,0,0,0,0,0,0,0,0,0,0,0,0,0,0,0,0,0,0,0,0,0,0,0,0,
0,0,0,0,0,0,0,0,0,0,0,0,0,0,0,0,1,0,0,0,0,3,0,0,0,0,0,0,0,0,0,0,0,0,0,0,0,0,0,0,0,0,0,0,0,0,4,0,0,0,0,3,2,0,0,0,0,0,0,0,0,0,0,0,1,0,0,0,2,0,0,0,0,0,0,0,0,0,0,0,0,0,2,0,0,0,0,0,0,0,0,0,1,0,0,0,0,1,0,0,0,2,0,0,0,1,0,0,0,0,0,1,0,0,0,0,0,0,0,0,0,0,0,0,0,0,0,0,0,0,0,0,0,0,0,0,0,0,0,0,0,0,1,0,0,3,1,0,0,0,0,3,0,0,0,0,0,0,0,0,0,0,0,0,0,0,0,0,0,0,3,0,0,0,0,0,0,0,0,0,0,7,0,0,0,0,0,0,0,0,2,0,0,0,0,0,0,0,0,0,0,0,0,0,0,0,0,0,0,0,0,0,0,0,0,0,0,0,0,0,0,0,
0,0,0,0,0,0,0,0,0,0,0,0,0,0,0,0,2,0,0,0,0,5,0,0,0,0,0,0,0,0,0,0,0,0,0,0,0,0,0,0,0,0,0,0,0,1,3,0,0,0,0,1,5,0,0,0,0,0,0,2,0,0,0,0,0,0,0,0,0,0,0,0,0,0,0,0,0,0,2,0,0,0,2,0,0,0,0,0,0,0,0,0,3,0,0,0,0,1,0,0,0,2,0,0,0,0,0,0,0,0,0,0,0,0,0,0,0,0,0,0,0,0,0,0,2,0,0,0,1,0,0,0,0,0,0,0,0,2,0,0,0,2,1,0,0,4,2,0,0,0,0,7,0,0,0,1,0,0,0,0,0,0,0,0,0,1,0,0,0,0,4,0,0,0,0,1,2,0,0,0,0,3,0,0,0,0,0,0,0,0,3,2,0,0,0,0,0,0,0,0,0,0,0,0,0,0,0,0,0,0,0,0,0,0,0,0,0,0,0,0,0,0,
0,0,0,0,0,0,0,0,0,0,0,0,0,0,0,0,0,0,0,0,0,4,1,0,0,1,0,0,0,0,0,0,0,0,0,0,0,0,0,0,0,0,0,0,0,1,10,0,0,0,0,0,4,0,0,0,0,0,0,1,0,0,0,0,0,0,0,0,0,0,0,0,1,0,0,0,0,0,0,0,0,0,1,0,0,0,0,0,0,0,0,0,0,0,0,0,0,0,0,0,0,1,0,0,0,0,0,0,0,0,1,0,0,0,0,0,0,0,1,0,0,0,0,0,1,0,0,0,2,0,0,0,2,0,0,0,0,2,1,0,0,3,0,0,0,1,2,0,0,0,0,3,0,0,0,1,1,0,0,0,0,1,0,0,0,2,0,0,0,0,6,0,0,0,0,4,2,0,0,0,0,6,0,0,0,0,0,0,0,0,0,0,0,0,0,0,0,0,0,0,0,0,0,0,0,0,0,0,0,0,0,0,0,0,0,0,0,0,0,0,0,0,
0,0,0,0,0,0,0,0,0,0,0,0,0,0,0,0,0,0,0,0,0,5,0,0,0,2,0,0,0,0,0,0,0,0,0,0,0,0,0,0,0,0,0,0,0,0,2,0,0,0,0,3,3,0,0,1,0,0,0,2,0,0,0,0,0,0,0,0,1,0,0,0,0,0,0,0,0,0,2,0,0,0,2,0,0,0,0,0,0,0,0,0,1,0,0,0,0,1,0,0,0,3,0,0,0,0,0,0,0,0,1,0,0,0,0,0,0,0,2,0,0,0,0,0,0,0,0,0,0,0,0,0,0,0,0,0,0,0,0,0,0,0,1,0,0,0,3,0,0,0,0,3,1,0,0,1,0,0,0,0,0,0,0,0,0,2,0,0,0,0,4,0,0,0,0,3,0,0,0,0,0,2,0,0,0,0,0,0,0,0,0,1,0,0,0,0,0,0,0,0,0,0,0,0,0,0,0,0,0,0,0,0,0,0,0,0,0,0,0,0,0,0,
0,0,0,0,0,0,0,0,0,0,0,0,0,0,0,0,0,0,0,0,0,4,0,0,0,2,0,0,0,0,0,0,0,0,0,0,0,0,0,0,0,1,0,0,0,0,3,0,0,0,0,3,4,0,0,1,0,0,0,1,0,0,0,0,0,0,0,0,0,0,0,0,0,1,0,0,0,0,0,0,0,0,3,1,0,0,0,1,0,0,0,0,0,0,0,0,0,4,0,0,0,0,0,0,0,0,0,0,0,0,1,0,0,0,0,0,0,0,2,0,0,0,0,0,0,0,0,0,0,0,0,0,0,0,0,0,0,0,0,0,0,2,1,0,0,2,3,0,0,0,0,2,0,0,0,1,0,0,0,0,0,0,0,0,0,2,0,0,0,0,6,0,0,0,0,7,1,0,0,0,0,3,1,0,0,0,0,0,0,0,0,0,0,0,0,0,0,0,0,0,0,0,0,0,0,0,0,0,0,0,0,0,0,0,0,0,0,0,0,0,0,0,
0,0,0,0,0,0,0,0,0,0,0,0,0,0,0,0,0,0,0,0,0,3,0,0,0,2,0,0,0,0,0,0,0,0,0,0,0,0,0,0,0,0,0,0,0,2,5,0,0,0,0,1,4,0,0,0,0,0,0,0,1,0,0,0,1,0,0,0,1,0,0,0,0,0,0,0,0,0,2,0,0,0,2,0,0,0,0,1,0,0,0,0,1,0,0,0,0,2,0,0,0,1,0,0,0,0,0,0,0,0,0,0,0,0,0,0,0,0,1,0,0,0,0,0,0,0,0,0,0,0,0,0,0,0,0,0,0,0,0,0,0,1,0,0,0,7,1,0,0,0,0,3,0,0,0,0,0,0,0,0,0,0,0,0,0,0,0,0,0,0,2,0,0,0,0,4,2,0,0,0,0,4,0,0,0,0,0,0,0,0,0,0,0,0,0,0,0,0,0,0,0,0,0,0,0,0,0,0,0,0,0,0,0,0,0,0,0,0,0,0,0,0,
0,0,0,0,0,0,0,0,0,0,0,0,0,0,0,0,1,0,0,0,0,7,0,0,0,2,0,0,0,0,0,0,0,0,0,0,0,0,0,0,0,0,0,0,0,0,3,0,0,0,0,0,5,0,0,0,0,0,0,1,0,0,0,0,1,1,0,0,2,0,0,0,0,0,0,0,0,1,0,0,0,0,4,0,0,0,0,1,0,0,0,0,1,0,0,0,0,3,0,0,0,2,0,0,0,3,0,0,0,0,0,0,0,0,0,0,0,0,1,0,0,0,0,0,1,0,0,0,0,0,0,0,0,0,0,0,0,0,0,0,0,1,1,0,0,8,2,0,0,0,0,2,0,0,0,1,0,0,0,0,0,0,0,0,0,1,0,0,0,0,3,0,0,0,0,5,0,0,0,0,0,3,0,0,0,0,0,0,0,0,2,1,0,0,0,0,0,0,0,0,0,0,0,0,0,0,0,0,0,0,0,0,0,0,0,0,0,0,0,0,0,0,
0,0,0,0,0,0,0,0,0,0,0,0,0,0,0,0,0,0,0,0,0,5,1,0,0,0,0,0,0,0,0,0,0,0,0,0,0,0,0,0,0,0,0,0,0,0,7,0,0,0,0,1,3,0,0,0,1,0,0,1,0,0,0,0,0,0,0,0,0,0,0,0,0,2,0,0,0,0,2,0,0,0,1,0,0,0,0,0,0,0,0,0,3,0,0,0,0,2,0,0,0,3,0,0,0,2,0,0,0,0,0,0,0,0,0,0,0,0,1,0,0,0,0,0,0,0,0,0,1,0,0,0,2,0,0,0,0,1,0,0,0,3,0,0,0,5,3,0,0,0,0,8,0,0,0,0,0,0,0,0,0,0,0,0,0,2,0,0,0,0,3,0,0,0,0,3,1,0,0,0,0,1,0,0,0,0,0,0,0,0,4,0,0,0,0,0,0,0,0,0,0,0,0,0,0,0,0,0,0,0,0,0,0,0,0,0,0,0,0,0,0,0,
0,0,0,0,0,0,0,0,0,0,0,0,0,0,0,0,0,0,0,0,0,4,0,0,0,0,0,0,0,0,0,1,0,0,0,0,0,0,0,0,0,0,0,0,0,1,14,0,0,0,0,2,2,0,0,0,1,0,0,1,0,0,0,0,0,0,0,0,0,0,0,0,1,0,0,0,0,0,0,0,0,0,1,0,0,0,0,0,0,0,0,0,0,0,0,0,0,1,0,0,0,1,0,0,0,0,0,0,0,0,1,0,0,0,0,1,0,0,0,0,0,0,0,0,0,0,0,0,0,0,0,0,0,0,0,0,0,1,1,0,0,3,1,0,0,0,2,0,0,0,0,4,0,0,0,0,0,0,0,0,0,0,0,0,0,2,0,0,0,0,3,0,0,0,0,3,3,0,0,0,0,5,0,0,0,0,0,0,0,0,0,1,0,0,0,0,0,0,0,0,0,0,0,0,0,0,0,0,0,0,0,0,0,0,0,0,0,0,0,0,0,0,
0,0,0,0,0,0,0,0,0,0,0,0,0,0,0,0,1,0,0,0,0,6,0,0,0,1,0,0,0,0,0,0,0,0,0,0,0,0,0,0,0,0,0,0,0,0,5,0,0,0,0,2,3,0,0,2,1,0,0,4,0,0,0,0,0,0,0,0,1,0,0,0,1,0,0,0,0,0,2,0,0,0,2,0,0,0,0,0,0,0,0,0,1,0,0,0,0,2,0,0,0,3,0,0,0,0,0,0,0,0,1,0,0,0,0,0,0,0,0,0,0,0,0,0,0,0,0,0,0,0,0,0,0,0,0,0,0,0,0,0,0,1,1,0,0,3,3,0,0,0,0,2,1,0,0,0,0,0,0,0,0,0,0,0,0,0,0,0,0,0,5,0,0,0,0,5,0,0,0,0,0,2,0,0,0,0,0,0,0,0,0,1,0,0,0,0,0,0,0,0,0,0,0,0,0,0,0,0,0,0,0,0,0,0,0,0,0,0,0,0,0,0,
0,0,0,0,0,0,0,0,0,0,0,0,0,0,0,0,2,0,0,0,0,6,1,0,0,2,0,0,0,0,0,0,0,0,0,0,0,0,0,0,0,0,0,0,0,0,8,0,0,0,0,1,4,0,0,1,3,0,0,1,0,0,0,0,0,0,0,0,1,0,0,0,0,0,0,0,0,1,0,0,0,0,3,1,0,0,0,1,0,0,0,0,0,0,0,0,0,3,0,0,0,0,0,0,0,2,0,0,0,0,1,0,0,0,0,0,0,0,1,0,0,0,0,0,0,0,0,0,0,0,0,0,0,0,0,0,0,0,0,0,0,3,1,0,0,7,5,0,0,0,0,3,0,0,0,0,0,0,0,0,0,0,0,0,0,1,0,0,0,0,3,0,0,0,0,5,2,0,0,0,0,5,0,0,0,0,0,0,0,0,0,0,0,0,0,0,0,0,0,0,0,0,0,0,0,0,0,0,0,0,0,0,0,0,0,0,0,0,0,0,0,0,
0,0,0,0,0,0,0,0,0,0,0,0,0,0,0,0,1,0,0,0,0,7,0,0,0,0,0,0,0,0,0,0,0,0,0,0,0,0,0,0,0,0,0,0,0,3,6,0,0,0,0,5,7,0,0,0,1,0,0,0,0,0,0,0,0,0,0,0,2,0,0,0,0,0,0,0,0,0,2,0,0,0,2,0,0,0,0,0,0,0,0,0,0,0,0,0,0,1,0,0,0,1,0,0,0,0,0,0,0,0,0,1,0,0,0,0,0,0,2,0,0,0,0,0,0,0,0,0,0,0,0,0,0,0,0,0,0,0,0,0,0,1,0,0,0,8,1,0,0,0,0,2,0,0,0,1,0,0,0,0,0,1,0,0,0,1,0,0,0,0,3,0,0,0,0,2,3,0,0,0,0,2,0,0,0,0,0,0,0,0,0,0,0,0,0,0,0,0,0,0,0,0,0,0,0,0,0,0,0,0,0,0,0,0,0,0,0,0,0,0,0,0,
0,0,0,0,0,0,0,0,0,0,0,0,0,0,0,0,2,0,0,0,0,12,0,0,0,0,0,0,0,0,0,1,0,0,0,0,0,0,0,0,0,0,0,0,0,1,10,0,0,0,0,2,6,0,0,0,1,0,0,0,0,0,0,0,2,0,0,0,2,0,0,0,1,1,0,0,0,0,0,0,0,0,3,0,0,0,0,0,0,0,0,0,2,0,0,0,0,2,0,0,0,2,1,0,0,1,0,0,0,0,2,0,0,0,2,0,0,0,3,0,0,0,0,0,0,1,0,0,0,0,0,0,2,1,0,0,0,4,1,0,0,1,1,0,0,8,1,0,0,0,0,7,1,0,0,2,1,0,0,0,0,3,1,0,0,2,1,0,0,0,3,0,0,0,0,2,1,0,0,0,0,4,0,0,0,0,0,0,0,0,1,1,0,0,0,0,0,0,0,0,0,0,0,0,0,0,0,0,0,0,0,0,0,0,0,0,0,0,0,0,0,0,
0,0,0,0,0,0,0,0,0,0,0,0,0,0,0,0,0,0,0,0,0,0,0,0,0,0,0,0,0,0,0,0,0,0,0,0,0,0,0,0,0,0,0,0,0,0,0,0,0,0,0,0,0,0,0,0,0,0,0,0,0,0,0,0,0,0,0,0,0,0,0,0,0,0,0,0,0,0,0,0,0,0,0,0,0,0,0,0,0,0,0,0,0,0,0,0,0,0,0,0,0,0,0,0,0,0,0,0,0,0,0,0,0,0,0,0,0,0,0,0,0,0,0,0,0,0,0,0,0,0,0,0,0,0,0,0,0,0,0,0,0,0,0,0,0,0,0,0,0,0,0,0,0,0,0,0,0,0,0,0,0,0,0,0,0,0,0,0,0,0,0,0,0,0,0,0,0,0,0,0,0,0,0,0,0,0,0,0,0,0,0,0,0,0,0,0,0,0,0,0,0,0,0,0,0,0,0,0,0,0,0,0,0,0,0,0,0,0,0,0,0,0,
0,0,0,0,0,0,0,0,0,0,0,0,0,0,0,0,1,0,0,0,0,4,1,0,0,1,0,0,0,0,0,0,0,0,0,0,0,0,0,0,0,0,0,0,0,1,10,0,0,0,0,1,4,0,0,0,1,0,0,1,0,0,0,0,0,1,0,0,0,0,0,0,0,1,0,0,0,1,3,0,0,0,2,0,0,0,0,0,0,0,0,0,4,0,0,0,0,2,0,0,0,2,1,0,0,1,0,0,0,0,0,0,0,0,0,1,0,0,0,0,0,0,0,0,0,0,0,0,1,0,0,0,0,0,0,0,0,0,0,0,0,1,0,0,0,7,2,0,0,0,0,4,0,0,0,0,1,0,0,0,0,0,0,0,0,2,0,0,0,0,4,0,0,0,0,4,0,0,0,0,0,2,0,0,0,0,0,0,0,0,3,0,0,0,0,0,0,0,0,0,0,0,0,0,0,0,0,0,0,0,0,0,0,0,0,0,0,0,0,0,0,0,
0,0,0,0,0,0,0,0,0,0,0,0,0,0,0,0,0,0,0,0,0,6,1,0,0,1,0,0,0,0,0,0,0,0,0,0,0,0,0,0,0,2,0,0,0,1,10,0,0,0,0,3,3,0,0,0,1,0,0,1,2,0,0,0,0,2,0,0,0,0,0,0,1,0,0,0,0,0,0,0,0,0,1,0,0,0,0,0,0,0,0,0,1,0,0,0,0,1,0,0,0,2,1,0,0,0,0,0,0,0,2,0,0,0,0,0,0,0,3,0,0,0,0,0,0,0,0,0,0,0,0,0,1,0,0,0,0,1,0,0,0,2,0,0,0,7,1,0,0,0,0,4,0,0,0,0,0,0,0,0,0,0,0,0,0,0,0,0,0,0,3,0,0,0,0,6,2,0,0,0,0,5,0,0,0,0,0,0,0,0,1,0,0,0,0,0,0,0,0,0,0,0,0,0,0,0,0,0,0,0,0,0,0,0,0,0,0,0,0,0,0,0,
0,0,0,0,0,0,0,0,0,0,0,0,0,0,0,0,0,0,0,0,0,7,0,0,0,3,0,0,0,0,0,0,0,0,0,0,0,0,0,0,0,0,0,0,0,0,7,0,0,0,0,3,4,0,0,1,0,0,0,2,0,0,0,0,0,0,0,0,1,0,0,0,1,0,0,0,0,0,2,0,0,0,2,0,0,0,0,0,0,0,0,0,1,0,0,0,0,1,0,0,0,3,1,0,0,2,0,0,0,0,1,0,0,0,1,0,0,0,1,0,0,0,0,0,0,0,0,0,0,0,0,0,0,0,0,0,0,1,0,0,0,1,0,0,0,5,2,0,0,0,0,4,1,0,0,0,0,0,0,0,0,0,0,0,0,0,0,0,0,0,4,0,0,0,0,4,1,0,0,0,0,4,0,0,0,0,0,0,0,0,0,1,0,0,0,0,0,0,0,0,0,0,0,0,0,0,0,0,0,0,0,0,0,0,0,0,0,0,0,0,0,0,
0,0,0,0,0,0,0,0,0,0,0,0,0,0,0,0,2,0,0,0,0,7,0,0,0,3,0,0,0,0,0,0,0,0,0,0,0,0,0,0,0,1,0,0,0,1,8,0,0,0,0,4,6,0,0,1,0,0,0,1,2,0,0,0,0,0,0,0,1,0,0,0,1,0,0,0,0,0,0,0,0,0,1,1,0,0,0,1,1,0,0,0,0,0,0,0,0,4,0,0,0,0,0,0,0,1,0,0,0,0,1,0,0,0,1,0,0,0,1,1,0,0,0,0,0,0,0,0,0,0,0,0,0,0,0,0,0,0,0,0,0,2,0,0,0,5,2,0,0,0,0,4,0,0,0,1,0,0,0,0,0,0,0,0,0,2,0,0,0,0,5,0,0,0,0,7,0,0,0,0,0,4,0,0,0,0,0,0,0,0,0,0,0,0,0,0,0,0,0,0,0,0,0,0,0,0,0,0,0,0,0,0,0,0,0,0,0,0,0,0,0,0,
0,0,0,0,0,0,0,0,0,0,0,0,0,0,0,0,0,0,0,0,0,8,0,0,0,1,0,0,0,0,0,0,0,0,0,0,0,0,0,0,0,0,0,0,0,2,11,0,0,0,0,2,7,0,0,0,2,0,0,1,1,0,0,0,0,2,0,0,2,1,0,0,0,3,0,0,0,0,3,0,0,0,2,1,0,0,0,1,0,0,0,0,0,0,0,0,0,2,0,0,0,1,0,0,0,5,0,0,0,0,0,0,0,0,2,0,0,0,3,0,0,0,0,0,3,0,0,0,0,1,0,0,4,0,0,0,0,0,1,0,0,5,0,0,0,10,2,0,0,0,0,4,0,0,0,1,2,0,0,0,0,0,0,0,0,2,0,0,0,0,8,0,0,0,0,5,0,0,0,0,0,5,0,0,0,0,0,0,0,0,0,0,0,0,0,0,0,0,0,0,0,0,0,0,0,0,0,0,0,0,0,0,0,0,0,0,0,0,0,0,0,0,
0,0,0,0,0,0,0,0,0,0,0,0,0,0,0,0,1,0,0,0,0,8,0,0,0,1,0,0,0,0,0,0,0,0,0,0,0,0,0,0,0,0,0,0,0,1,9,0,0,0,0,2,6,0,0,0,0,0,0,0,0,0,0,0,3,0,0,0,3,0,0,0,0,0,0,0,0,0,1,0,0,0,8,0,0,0,0,1,0,0,0,0,1,0,0,0,0,4,0,0,0,4,0,0,0,1,0,0,0,0,2,1,0,0,2,0,0,0,1,0,0,0,0,0,1,1,0,0,0,0,0,0,1,0,0,0,0,2,0,0,0,2,0,0,0,7,1,0,0,0,0,2,0,0,0,1,0,0,0,0,0,0,0,0,0,3,0,0,0,0,4,0,0,0,0,3,0,0,0,0,0,4,0,0,0,0,1,0,0,0,1,0,0,0,0,0,0,0,0,0,0,0,0,0,0,0,0,0,0,0,0,0,0,0,0,0,0,0,0,0,0,0,
0,0,0,0,0,0,0,0,0,0,0,0,0,0,0,0,0,0,0,0,0,6,2,0,0,0,0,0,0,0,0,1,0,0,0,0,0,0,0,0,0,0,0,0,0,0,5,0,0,0,0,2,3,0,0,0,1,0,0,3,0,0,0,0,0,1,0,0,1,0,0,0,0,1,0,0,0,0,3,0,0,0,4,0,0,0,0,0,0,0,0,0,5,0,0,0,0,1,0,0,0,2,0,0,0,2,0,0,0,0,0,0,0,0,0,0,0,0,2,0,0,0,0,0,1,0,0,0,1,0,0,0,1,0,0,0,0,0,0,0,0,3,1,0,0,9,2,0,0,0,0,3,0,0,0,0,0,0,0,0,0,0,0,0,0,1,0,0,0,0,3,0,0,0,0,4,0,0,0,0,0,3,0,0,0,0,0,0,0,0,3,0,0,0,0,0,0,0,0,0,0,0,0,0,0,0,0,0,0,0,0,0,0,0,0,0,0,0,0,0,0,0,
0,0,0,0,0,0,0,0,0,0,0,0,0,0,0,0,0,0,0,0,0,7,2,0,0,1,0,0,0,0,0,2,0,0,0,0,0,0,0,0,0,0,0,0,0,1,11,0,0,0,0,2,4,0,0,0,0,0,0,1,2,0,0,0,1,2,0,0,0,0,0,0,1,1,0,0,0,0,0,0,0,0,3,1,0,0,0,0,1,0,0,0,2,0,0,0,0,2,0,0,0,3,0,0,0,0,0,0,0,0,2,0,0,0,0,1,0,0,1,0,0,0,0,0,0,0,0,0,1,0,0,0,0,0,0,0,0,0,0,0,0,3,1,0,0,4,1,0,0,0,0,3,0,0,0,0,0,0,0,0,0,0,0,0,0,1,0,0,0,0,4,0,0,0,0,5,2,0,0,0,0,1,0,0,0,0,1,0,0,0,1,1,0,0,0,1,0,0,0,0,0,0,0,0,0,0,0,0,0,0,0,0,0,0,0,0,0,0,0,0,0,0,
0,0,0,0,0,0,0,0,0,0,0,0,0,0,0,0,1,0,0,0,0,8,0,0,0,3,0,0,0,0,0,0,0,0,0,0,0,0,0,0,0,0,0,0,0,0,9,0,0,0,0,5,6,0,0,1,0,0,0,2,0,0,0,0,0,1,0,0,1,0,0,0,1,0,0,0,0,0,2,0,0,0,3,0,0,0,0,0,0,0,0,0,1,0,0,0,0,1,0,0,0,3,0,0,0,0,0,0,0,0,1,1,0,0,0,0,0,0,3,0,0,0,0,0,0,0,0,0,1,0,0,0,0,1,0,0,0,0,1,0,0,3,0,0,0,0,3,0,0,0,0,5,1,0,0,0,0,0,0,0,0,0,0,0,0,3,0,0,0,0,6,0,0,0,0,5,0,0,0,0,0,2,0,0,0,0,0,0,0,0,2,0,0,0,0,0,0,0,0,0,0,0,0,0,0,0,0,0,0,0,0,0,0,0,0,0,0,0,0,0,0,0,
0,0,0,0,0,0,0,0,0,0,0,0,0,0,0,0,1,0,0,0,0,5,1,0,0,3,0,0,0,0,0,0,0,0,0,0,0,0,0,0,0,0,0,0,0,1,11,0,0,0,0,4,3,0,0,1,1,0,0,1,1,0,0,0,0,0,0,0,3,0,0,0,2,1,0,0,0,0,0,0,0,0,1,1,0,0,0,1,1,0,0,0,0,1,0,0,0,3,0,0,0,0,4,0,0,0,0,0,0,0,3,1,0,0,1,0,0,0,3,0,0,0,0,0,2,0,0,0,0,0,0,0,3,2,0,0,0,2,1,0,0,7,3,0,0,7,2,0,0,0,0,8,5,0,0,5,2,0,0,0,0,5,4,0,0,5,2,0,0,0,8,1,0,0,0,10,1,0,0,0,0,5,0,0,0,0,1,0,0,0,3,1,0,0,0,4,0,0,0,0,0,0,0,0,0,0,0,0,0,0,0,0,0,0,0,0,0,0,0,0,0,0,
0,0,0,0,0,0,0,0,0,0,0,0,0,0,0,0,1,0,0,0,0,6,0,0,0,1,0,0,0,0,0,0,0,0,0,0,0,0,0,0,0,0,0,0,0,2,4,0,0,0,0,2,3,0,0,1,0,0,0,1,1,0,0,0,1,0,0,0,2,0,0,0,1,0,0,0,0,0,1,0,0,0,2,0,0,0,0,0,0,0,0,0,3,0,0,0,0,4,0,0,0,1,1,0,0,1,0,0,0,0,0,0,0,0,0,0,0,0,2,0,0,0,0,0,0,0,0,0,1,0,0,0,2,0,0,0,0,0,0,0,0,3,1,0,0,8,0,0,0,0,0,3,0,0,0,2,0,0,0,0,0,1,0,0,0,2,0,0,0,0,1,0,0,0,0,2,0,0,0,0,0,2,0,0,0,0,0,0,0,0,1,0,0,0,0,0,0,0,0,0,0,0,0,0,0,0,0,0,0,0,0,0,0,0,0,0,0,0,0,0,0,0,
0,0,0,0,0,0,0,0,0,0,0,0,0,0,0,0,3,0,0,0,0,8,0,0,0,3,0,0,0,0,0,0,0,0,0,0,0,0,0,0,0,0,0,0,0,1,7,0,0,0,0,4,5,0,0,0,0,0,0,2,0,0,0,0,2,2,0,0,3,0,0,0,0,0,0,0,0,1,0,0,0,0,5,0,0,0,0,1,0,0,0,0,1,1,0,0,0,4,0,0,0,4,0,0,0,5,0,0,0,0,2,0,0,0,1,1,0,0,1,0,0,0,0,0,1,0,0,0,0,0,0,0,1,0,0,0,0,1,0,0,0,2,0,0,0,7,0,0,0,0,0,1,0,0,0,0,0,0,0,0,0,1,0,0,0,1,0,0,0,0,1,0,0,0,0,5,0,0,0,0,0,3,0,0,0,0,0,0,0,0,3,0,0,0,0,3,0,0,0,0,0,0,0,0,0,0,0,0,0,0,0,0,0,0,0,0,0,0,0,0,0,0,
0,0,0,0,0,0,0,0,0,0,0,0,0,0,0,0,2,0,0,0,0,8,2,0,0,0,0,0,0,0,0,1,0,0,0,0,0,0,0,0,0,0,0,0,0,1,5,0,0,0,0,1,4,0,0,0,0,0,0,2,0,0,0,0,0,3,0,0,2,0,0,0,2,2,0,0,0,0,3,0,0,0,2,0,0,0,0,0,0,0,0,0,4,0,0,0,0,1,0,0,0,2,0,0,0,4,0,0,0,0,0,0,0,0,0,0,0,0,3,0,0,0,0,0,2,0,0,0,1,0,0,0,0,0,0,0,0,1,0,0,0,1,1,0,0,9,2,0,0,0,0,4,0,0,0,0,0,0,0,0,0,1,0,0,0,3,0,0,0,0,4,0,0,0,0,3,0,0,0,0,0,2,0,0,0,0,0,0,0,0,6,0,0,0,0,2,0,0,0,0,0,0,0,0,0,0,0,0,0,0,0,0,0,0,0,0,0,0,0,0,0,0,
0,0,0,0,0,0,0,0,0,0,0,0,0,0,0,0,0,0,0,0,0,7,2,0,0,1,1,0,0,0,0,0,0,0,0,0,0,0,0,0,0,0,0,0,0,1,12,0,0,0,0,6,4,0,0,0,0,0,0,1,1,0,0,0,1,1,0,0,0,0,0,0,2,0,0,0,0,0,1,0,0,0,2,1,0,0,0,0,2,0,0,0,1,0,0,0,0,1,0,0,0,3,0,0,0,0,0,0,0,0,3,1,0,0,0,2,0,0,1,0,0,0,0,0,0,0,0,0,1,0,0,0,1,1,0,0,0,3,1,0,0,3,0,0,0,6,1,0,0,0,0,3,0,0,0,1,0,0,0,0,0,0,0,0,0,5,0,0,0,0,4,0,0,0,0,5,3,0,0,0,0,2,0,0,0,0,0,0,0,0,3,0,0,0,0,0,0,0,0,0,0,0,0,0,0,0,0,0,0,0,0,0,0,0,0,0,0,0,0,0,0,0,
0,0,0,0,0,0,0,0,0,0,0,0,0,0,0,0,0,0,0,0,0,12,1,0,0,2,0,0,0,0,0,0,0,0,0,0,0,0,0,0,0,0,0,0,0,1,8,0,0,0,0,3,4,0,0,1,0,0,0,2,0,0,0,0,0,2,0,0,1,0,0,0,1,0,0,0,0,0,2,0,0,0,3,0,0,0,0,0,0,0,0,0,1,1,0,0,0,3,1,0,0,3,1,0,0,0,0,0,0,0,1,1,0,0,0,3,0,0,1,1,0,0,0,0,1,2,0,0,2,3,0,0,1,2,0,0,0,5,2,0,0,6,1,0,0,9,2,0,0,0,0,6,2,0,0,4,0,0,0,0,0,4,1,0,0,4,1,0,0,0,13,0,0,0,0,2,0,0,0,0,0,7,0,0,0,0,0,0,0,0,1,0,0,0,0,0,0,0,0,0,0,0,0,0,0,0,0,0,0,0,0,0,0,0,0,0,0,0,0,0,0,0,
0,0,0,0,0,0,0,0,0,0,0,0,0,0,0,0,1,0,0,0,0,8,1,0,0,2,0,0,0,0,0,0,0,0,0,0,0,0,0,0,0,0,0,0,0,1,11,0,0,0,0,2,2,0,0,1,1,0,0,1,1,0,0,0,0,1,0,0,2,0,0,0,3,0,0,0,0,1,0,0,0,0,3,2,0,0,0,1,0,0,0,0,0,0,0,0,0,5,0,0,0,2,0,0,0,3,0,0,0,0,3,0,0,0,1,0,0,0,2,0,0,0,0,0,0,0,0,0,0,0,0,0,1,1,0,0,0,0,0,0,0,4,0,0,0,7,1,0,0,0,0,4,0,0,0,2,0,0,0,0,0,0,0,0,0,2,0,0,0,0,4,0,0,0,0,4,0,0,0,0,0,2,0,0,0,0,1,0,0,0,2,0,0,0,0,4,0,0,0,0,0,0,0,0,0,0,0,0,0,0,0,0,0,0,0,0,0,0,0,0,0,0,
0,0,0,0,0,0,0,0,0,0,0,0,0,0,0,0,1,0,0,0,0,9,0,0,0,1,0,0,0,0,0,0,0,0,0,1,0,0,0,0,0,1,0,0,0,2,8,0,0,0,0,6,2,0,0,0,3,0,0,1,1,0,0,0,0,2,0,0,4,0,0,0,1,0,0,0,0,0,2,0,0,0,4,0,0,0,0,1,0,0,0,0,1,1,0,0,0,5,0,0,0,3,0,0,0,2,0,0,0,0,2,1,0,0,0,1,0,0,1,0,0,0,0,0,0,0,0,0,1,1,0,0,2,0,0,0,0,1,0,0,0,0,0,0,0,7,0,0,0,0,0,3,0,0,0,0,0,0,0,0,0,1,0,0,0,3,0,0,0,0,5,0,0,0,0,2,0,0,0,0,0,0,0,0,0,0,0,0,0,0,1,2,0,0,0,3,0,0,0,0,0,0,0,0,0,0,0,0,0,0,0,0,0,0,0,0,0,0,0,0,0,0,
0,0,0,0,0,0,0,0,0,0,0,0,0,0,0,0,2,0,0,0,0,12,1,0,0,2,0,0,0,0,0,0,0,0,0,0,0,0,0,0,0,0,0,0,0,1,8,0,0,0,0,5,5,0,0,1,0,0,0,1,2,0,0,0,2,2,0,0,4,0,0,0,0,1,0,0,0,1,0,0,0,0,9,2,0,0,0,1,0,0,0,0,4,0,0,0,0,6,0,0,0,2,2,0,0,1,0,0,0,0,5,1,0,0,0,1,0,0,0,1,0,0,0,0,0,0,0,0,2,0,0,0,2,0,0,0,0,1,1,0,0,4,0,0,0,6,1,0,0,0,0,3,1,0,0,0,0,0,0,0,0,0,0,0,0,3,0,0,0,0,3,0,0,0,0,2,0,0,0,0,0,1,0,0,0,0,1,0,0,0,1,1,0,0,0,1,0,0,0,0,0,0,0,0,0,0,0,0,0,0,0,0,0,0,0,0,0,0,0,0,0,0,
0,0,0,0,0,0,0,0,0,0,0,0,0,0,0,0,0,0,0,0,0,12,3,0,0,1,0,0,0,0,0,0,0,0,0,0,0,0,0,0,0,0,0,0,0,1,10,0,0,0,0,5,4,0,0,2,1,0,0,3,2,0,0,0,0,1,0,0,3,0,0,0,3,2,0,0,0,1,3,0,0,0,5,2,0,0,0,0,0,0,0,0,6,2,0,0,0,4,1,0,0,2,2,0,0,2,0,0,0,0,1,1,0,0,1,1,0,0,4,1,0,0,0,0,2,1,0,0,2,1,0,1,3,0,0,0,0,4,1,0,0,2,0,0,0,10,2,0,0,0,0,5,0,0,0,3,0,0,0,0,0,0,0,0,0,3,0,0,0,0,4,0,0,0,0,7,0,0,0,0,0,1,0,0,0,0,0,0,0,0,2,0,0,0,0,2,0,0,0,0,0,0,0,0,0,0,0,0,0,0,0,0,0,0,0,0,0,0,0,0,0,0,
0,0,0,0,0,0,0,0,0,0,1,2,4,1,2,5,3,3,0,0,0,6,5,2,1,6,1,0,0,0,2,10,5,3,2,6,6,2,0,0,0,2,0,0,1,3,14,0,0,0,2,10,13,4,1,4,6,2,2,10,9,1,0,0,2,0,0,1,4,3,1,0,4,4,1,0,0,0,1,0,0,0,7,2,0,0,4,6,4,0,0,2,10,13,3,0,0,10,4,0,6,18,17,7,3,6,10,6,0,0,17,3,0,1,7,10,3,4,22,5,0,0,0,2,11,7,4,1,17,5,2,3,12,14,4,0,3,15,8,2,0,11,6,0,0,14,6,0,0,0,0,13,6,0,0,8,5,0,0,0,0,6,6,0,0,9,6,0,0,0,9,2,0,0,0,5,5,0,0,0,0,4,1,0,0,0,1,0,0,0,4,1,0,0,0,3,0,0,0,0,0,0,0,0,0,0,0,0,0,0,0,0,0,0,0,0,0,0,0,0,0,0,
0,0,0,0,0,0,0,0,0,0,3,4,0,0,3,8,8,1,0,0,0,14,4,0,4,13,2,0,0,0,1,7,8,3,1,3,15,3,0,0,0,1,4,1,1,6,12,0,0,0,0,7,9,2,1,8,4,0,2,7,4,0,0,0,0,4,1,0,1,1,0,0,3,4,0,0,0,5,4,0,0,0,5,8,1,0,1,2,4,0,0,1,4,17,7,0,2,11,2,0,0,9,10,5,5,10,5,2,0,3,6,4,2,5,15,11,1,2,13,4,0,0,0,3,13,12,2,0,9,7,3,3,12,14,2,0,0,7,6,0,1,16,5,0,0,9,4,0,0,0,0,2,3,0,0,5,2,0,0,0,0,1,3,0,0,6,0,0,0,0,4,1,0,0,0,4,0,0,0,0,0,3,0,0,0,0,1,0,0,0,1,0,0,0,0,1,0,0,0,0,0,0,0,0,0,0,0,0,0,0,0,0,0,0,0,0,0,0,0,0,0,0,
0,0,0,0,0,0,0,0,0,0,4,11,4,2,1,5,16,4,0,0,0,8,11,1,0,6,1,0,0,0,2,7,4,0,2,9,9,7,0,0,0,0,3,1,1,8,12,0,0,0,3,7,11,3,0,3,5,0,0,6,6,1,0,0,0,3,0,0,7,3,0,0,8,1,0,0,0,2,0,0,0,0,1,8,3,0,4,10,8,0,0,4,7,7,2,0,5,26,3,0,6,15,8,3,8,16,15,6,0,3,14,4,2,1,11,9,1,2,14,3,0,0,0,2,15,14,4,4,15,7,3,4,22,8,0,0,3,10,7,3,0,9,5,0,0,9,2,0,0,0,0,6,1,0,0,3,0,0,0,0,0,2,2,0,0,5,0,0,0,0,5,0,0,0,0,2,1,0,0,0,0,3,0,0,0,0,0,0,0,0,2,0,0,0,0,1,0,0,0,0,0,0,0,0,0,0,0,0,0,0,0,0,0,0,0,0,0,0,0,0,0,0,
0,0,0,0,0,0,0,0,0,0,1,5,3,0,1,5,4,1,0,0,0,15,10,0,3,9,1,0,0,0,4,8,14,6,3,11,11,3,0,0,0,1,7,2,4,12,10,0,0,0,0,5,9,2,3,5,10,3,0,1,8,1,0,0,1,7,3,0,5,3,0,0,7,4,0,0,0,4,5,0,0,0,3,6,2,0,3,11,5,0,0,0,2,9,5,0,2,19,3,0,3,9,4,2,6,20,13,4,0,3,10,8,3,6,13,19,4,4,16,6,0,0,0,6,19,19,3,1,13,12,6,3,23,13,2,0,3,13,10,5,2,9,2,0,0,14,3,0,0,0,0,4,1,0,0,5,2,0,0,0,0,1,0,0,0,4,2,0,0,0,4,0,0,0,0,7,3,0,0,0,0,2,0,0,0,0,1,0,0,0,3,0,0,0,0,1,0,0,0,0,0,0,0,0,0,0,0,0,0,0,0,0,0,0,0,0,0,0,0,0,0,0,
0,0,0,0,0,0,0,0,0,0,0,4,11,0,3,9,13,2,0,0,0,12,12,4,2,11,2,0,0,0,0,4,11,5,1,7,10,3,0,0,0,1,11,5,3,11,11,0,0,0,0,10,13,2,3,6,14,5,0,3,12,4,0,0,4,0,0,1,7,7,0,0,2,0,0,0,1,1,4,0,0,0,6,9,3,0,5,21,4,0,0,2,9,10,4,0,2,19,10,1,4,15,15,2,5,13,11,6,0,3,14,8,2,3,28,12,0,5,27,4,0,0,0,4,17,8,3,0,6,10,1,4,30,22,5,0,1,14,12,3,0,13,3,0,0,14,2,0,0,0,0,6,2,0,0,4,2,0,0,0,0,2,2,0,0,2,1,0,0,0,5,2,0,0,0,3,0,0,0,0,0,1,0,0,0,0,1,0,0,0,1,0,0,0,0,0,0,0,0,0,0,0,0,0,0,0,0,0,0,0,0,0,0,0,0,0,0,0,0,0,0,0,
0,0,0,0,0,0,0,0,0,0,0,2,5,2,4,9,4,1,0,0,0,12,5,1,1,8,3,0,0,0,4,10,9,1,3,14,8,1,0,0,0,3,4,2,0,5,16,0,0,0,1,10,16,1,5,11,10,3,4,12,10,4,0,0,1,6,3,0,7,2,0,0,4,1,0,0,0,7,5,1,0,0,7,7,3,0,5,12,2,0,0,3,10,8,3,0,1,15,17,3,6,13,15,6,7,21,14,8,0,5,20,4,1,1,10,14,5,0,22,4,0,0,0,3,16,11,1,2,19,12,3,5,31,24,4,0,2,20,14,2,4,17,5,0,0,8,3,0,0,0,0,13,5,0,0,2,2,0,0,0,0,4,2,0,0,3,1,0,0,0,7,0,0,0,0,4,1,0,0,0,0,2,0,0,0,0,1,0,0,0,3,0,0,0,0,1,0,0,0,0,0,0,0,0,0,0,0,0,0,0,0,0,0,0,0,0,0,0,0,0,0,0,
0,0,0,0,0,0,0,0,0,0,0,0,0,0,0,0,0,0,0,0,0,0,0,0,0,0,0,0,0,0,0,0,0,0,0,0,0,0,0,0,0,0,0,0,0,0,0,0,0,0,0,0,0,0,0,0,0,0,0,0,0,0,0,0,0,0,0,0,0,0,0,0,0,0,0,0,0,0,0,0,0,0,0,0,0,0,0,0,0,0,0,0,0,0,0,0,0,0,0,0,0,0,0,0,0,0,0,0,0,0,0,0,0,0,0,0,0,0,0,0,0,0,0,0,0,0,0,0,0,0,0,0,0,0,0,0,0,0,0,0,0,0,0,0,0,0,0,0,0,0,0,0,0,0,0,0,0,0,0,0,0,0,0,0,0,0,0,0,0,0,0,0,0,0,0,0,0,0,0,0,0,0,0,0,0,0,0,0,0,0,0,0,0,0,0,0,0,0,0,0,0,0,0,0,0,0,0,0,0,0,0,0,0,0,0,0,0,0,0,0,0,0,
0,0,0,0,0,0,0,0,0,0,4,6,8,1,1,8,8,1,0,0,0,13,10,1,1,7,0,0,0,0,2,10,8,2,1,10,8,4,0,0,0,0,1,0,2,10,12,0,0,0,3,15,17,6,4,10,11,5,4,9,12,3,0,0,3,9,3,0,5,9,2,0,6,3,0,0,0,1,3,1,0,0,3,17,5,0,7,13,7,0,0,5,13,10,1,0,5,20,17,1,2,15,14,5,8,23,12,3,0,5,14,2,0,4,18,13,1,6,23,8,0,0,0,2,15,18,5,1,14,8,2,2,19,13,0,0,5,26,12,6,1,16,3,0,0,8,3,0,0,0,0,8,1,0,0,4,2,0,0,0,0,2,1,0,0,5,1,0,0,0,4,0,0,0,0,6,1,0,0,0,0,5,0,0,0,0,1,0,0,0,1,0,0,0,0,1,0,0,0,0,0,0,0,0,0,0,0,0,0,0,0,0,0,0,0,0,0,0,0,0,0,0,
0,0,0,0,0,0,0,0,0,0,0,2,13,4,2,10,12,3,0,0,0,18,10,3,2,11,2,0,0,0,2,10,3,1,4,11,13,2,0,0,0,5,3,1,3,10,9,0,0,0,3,19,15,3,3,10,11,4,7,17,12,3,0,0,0,9,3,3,9,3,1,1,8,5,0,0,0,4,5,0,0,0,4,9,4,0,3,10,8,0,0,1,4,14,1,0,6,15,15,2,9,27,18,5,2,15,12,2,0,3,18,10,1,4,21,8,0,0,16,6,0,0,0,4,25,23,4,2,11,11,1,7,27,21,2,0,0,17,18,3,4,19,3,0,0,9,4,0,0,0,0,3,1,0,0,1,5,0,0,0,0,1,1,0,0,2,2,0,0,0,4,1,0,0,0,5,1,0,0,0,0,2,0,0,0,0,0,0,0,0,2,0,0,0,0,0,0,0,0,0,0,0,0,0,0,0,0,0,0,0,0,0,0,0,0,0,0,0,0,0,0,0,
0,0,0,0,0,0,0,0,0,0,1,4,9,1,0,5,8,1,0,0,0,13,12,4,4,13,3,0,0,0,2,7,8,0,2,13,13,4,0,0,0,1,3,0,4,9,6,0,0,0,2,11,9,0,0,6,12,4,0,6,10,5,0,0,0,8,2,1,4,6,1,1,8,3,0,0,0,5,1,0,0,0,4,10,3,0,3,14,4,0,0,3,7,14,4,0,3,22,5,1,6,25,16,4,4,19,9,4,0,3,15,10,6,3,15,14,3,2,24,6,0,0,0,2,18,13,1,2,16,5,3,3,25,14,4,0,3,24,7,2,2,14,1,0,0,10,2,0,0,0,0,4,2,0,0,1,1,0,0,0,0,3,1,0,0,1,1,0,0,0,2,0,0,0,0,4,1,0,0,0,0,3,0,0,0,0,1,0,0,0,3,0,0,0,0,0,0,0,0,0,0,0,0,0,0,0,0,0,0,0,0,0,0,0,0,0,0,0,0,0,0,0,
0,0,0,0,0,0,0,0,0,0,2,9,10,1,2,7,10,1,0,0,0,17,7,2,2,8,0,0,0,0,0,7,5,0,1,12,5,1,0,0,0,2,7,2,3,14,8,0,0,0,3,10,13,1,1,9,13,1,0,3,12,1,0,0,2,12,4,1,9,5,0,1,7,4,0,0,1,4,5,0,0,0,5,17,8,0,2,8,1,0,0,0,7,15,3,0,3,28,18,0,5,16,12,1,5,26,10,5,0,6,24,9,1,3,21,11,2,6,23,6,0,0,0,3,25,16,3,3,20,15,5,1,23,13,4,0,7,31,17,5,3,14,2,0,0,14,3,0,0,0,0,6,1,0,0,2,3,0,0,0,0,3,1,0,0,3,2,0,0,0,4,1,0,0,0,6,0,0,0,0,0,6,0,0,0,0,0,0,0,0,1,0,0,0,0,0,0,0,0,0,0,0,0,0,0,0,0,0,0,0,0,0,0,0,0,0,0,0,0,0,0,0,
0,0,0,0,0,0,0,0,0,0,6,14,7,1,1,6,12,1,0,0,0,15,4,0,1,8,3,0,0,0,2,8,13,4,1,12,6,0,0,0,0,3,5,1,2,13,12,0,0,0,1,13,18,3,5,18,15,0,8,17,8,5,0,0,8,13,4,2,8,5,1,0,6,2,1,0,0,7,4,0,0,0,7,13,4,0,2,10,7,0,0,2,8,14,1,0,5,26,20,3,5,22,24,4,7,37,15,1,0,4,22,14,2,2,26,21,2,5,30,14,0,0,0,2,25,17,3,2,18,19,5,6,36,27,4,0,3,33,23,4,1,24,9,0,0,14,9,0,0,0,0,9,7,0,0,9,8,0,0,0,0,9,4,0,0,8,3,0,0,0,10,2,0,0,0,3,2,0,0,0,0,3,0,0,0,0,2,0,0,0,4,0,0,0,0,0,0,0,0,0,0,0,0,0,0,0,0,0,0,0,0,0,0,0,0,0,0,0,0,0,0,0,
0,0,0,0,0,0,0,0,0,0,3,8,7,1,0,5,10,3,0,0,0,14,17,2,3,5,3,0,0,0,1,11,11,2,4,16,9,1,0,0,0,5,6,0,2,10,10,0,0,0,1,17,15,0,0,9,12,1,4,16,12,2,0,0,4,10,2,2,8,3,0,0,7,6,0,0,2,7,14,6,0,0,6,20,6,0,9,18,2,0,0,4,13,16,4,0,3,31,22,2,3,25,15,2,1,15,12,3,0,2,20,21,4,2,22,17,2,3,29,10,0,0,0,4,17,16,0,10,30,15,2,1,25,17,2,0,2,23,16,2,5,20,8,0,0,12,8,0,0,0,0,10,4,0,0,4,6,0,0,0,0,6,3,0,0,6,4,0,0,0,6,2,0,0,0,7,1,0,0,0,0,1,0,0,0,0,1,0,0,0,1,0,0,0,0,0,0,0,0,0,0,0,0,0,0,0,0,0,0,0,0,0,0,0,0,0,0,0,0,0,0,0,
0,0,0,0,0,0,0,0,0,0,0,7,15,2,2,15,10,2,0,0,0,15,17,3,1,18,4,0,0,0,2,16,11,3,0,13,12,4,0,0,0,3,6,0,1,14,14,0,0,0,3,23,8,0,0,2,7,1,2,10,12,4,0,0,4,13,2,2,11,8,0,1,9,11,1,0,1,5,3,0,0,0,6,16,7,0,5,14,3,0,0,0,8,8,0,0,2,27,23,7,1,19,13,1,4,16,13,3,0,4,18,20,3,2,15,19,4,3,28,6,0,0,0,2,27,14,4,0,8,11,5,3,25,15,4,0,1,18,9,1,0,12,3,0,0,10,2,0,0,0,0,5,0,0,0,3,2,0,0,0,0,4,0,0,0,3,1,0,0,0,3,0,0,0,0,11,1,0,0,0,0,2,0,0,0,0,1,0,0,0,2,0,0,0,0,0,0,0,0,0,0,0,0,0,0,0,0,0,0,0,0,0,0,0,0,0,0,0,0,0,0,0,
0,0,0,0,0,0,0,0,0,0,0,8,7,0,1,11,11,1,0,0,0,13,14,2,0,14,0,0,0,0,1,3,13,2,2,18,9,0,0,0,0,1,5,2,0,9,13,0,0,0,2,10,17,2,0,11,10,0,0,6,11,2,0,0,1,15,3,1,7,13,2,2,13,10,0,0,2,6,11,1,0,0,3,16,6,0,6,15,5,0,0,0,8,13,3,0,4,24,12,2,2,19,15,3,3,27,13,5,0,6,25,7,0,3,11,14,3,5,26,6,0,0,0,5,28,17,7,0,18,8,2,0,26,15,0,0,2,25,7,0,2,18,3,0,0,12,3,0,0,0,0,2,1,0,0,4,2,0,0,0,0,3,1,0,0,6,2,0,0,0,5,1,0,0,0,4,2,0,0,0,0,2,0,0,0,0,0,0,0,0,3,0,0,0,0,0,0,0,0,0,0,0,0,0,0,0,0,0,0,0,0,0,0,0,0,0,0,0,0,0,0,0,
0,0,0,0,0,0,0,0,0,0,0,8,8,1,1,7,9,1,0,0,0,19,13,5,6,16,1,0,0,0,2,12,11,1,2,10,16,0,0,0,0,2,2,0,3,15,12,0,0,0,2,12,16,2,4,16,9,2,4,17,19,3,0,0,2,10,4,1,6,18,0,0,6,10,1,0,0,4,2,0,0,0,5,14,4,0,5,19,6,0,0,0,3,15,5,0,4,29,12,2,3,15,13,2,3,26,14,5,0,5,19,13,4,3,19,18,6,2,20,9,0,0,0,7,33,24,4,4,18,9,3,1,22,15,3,0,2,21,14,2,3,15,3,0,0,14,4,0,0,0,0,9,3,0,0,3,4,0,0,0,0,2,2,0,0,2,2,0,0,0,7,1,0,0,0,5,2,0,0,0,0,6,0,0,0,0,0,0,0,0,0,0,0,0,0,0,0,0,0,0,0,0,0,0,0,0,0,0,0,0,0,0,0,0,0,0,0,0,0,0,0,0,
0,0,0,0,0,0,0,0,0,0,4,15,11,2,1,7,10,2,0,0,0,17,9,1,2,11,0,0,0,0,2,9,12,1,3,14,9,0,0,0,0,2,4,0,2,10,11,0,0,0,1,17,9,0,2,14,17,2,2,10,17,2,0,0,2,9,2,1,9,18,5,1,14,13,2,0,1,9,6,0,0,0,4,13,3,0,5,15,3,0,0,3,4,10,1,0,3,19,17,2,3,25,17,2,2,36,17,2,0,3,34,12,1,1,17,20,2,0,19,7,0,0,0,3,25,19,2,0,13,21,5,5,38,24,3,0,1,23,18,1,4,29,9,0,0,13,6,0,0,0,0,11,8,0,0,8,6,0,0,0,0,8,7,0,0,7,3,0,0,0,5,2,0,0,0,6,2,0,0,0,0,6,0,0,0,0,1,1,0,0,2,0,0,0,0,0,0,0,0,0,0,0,0,0,0,0,0,0,0,0,0,0,0,0,0,0,0,0,0,0,0,0,
0,0,0,0,0,0,0,0,0,0,1,10,19,1,1,12,23,2,0,0,0,21,10,2,0,5,2,0,0,0,1,8,11,0,2,14,11,3,0,0,0,0,3,0,1,10,10,0,0,0,2,16,14,2,0,8,18,2,1,10,11,1,0,0,5,9,2,3,8,7,2,3,14,9,0,0,1,10,6,1,0,0,8,16,5,0,4,17,6,0,0,3,9,11,4,0,2,23,16,1,2,19,23,3,6,28,15,4,0,6,25,10,1,5,22,15,4,4,34,6,0,0,0,3,26,13,0,5,20,14,2,4,18,16,0,0,3,18,11,1,1,19,2,0,0,7,3,0,0,0,0,5,2,0,0,5,4,0,0,0,0,3,1,0,0,3,3,0,0,0,4,0,0,0,0,7,2,0,0,0,0,2,0,0,0,0,4,0,0,0,1,0,0,0,0,1,0,0,0,0,0,0,0,0,0,0,0,0,0,0,0,0,0,0,0,0,0,0,0,0,0,0,
0,0,0,0,0,0,0,0,0,0,4,11,8,1,2,7,14,0,0,0,0,18,12,3,2,8,2,0,0,0,0,14,14,3,3,12,7,0,0,0,0,3,10,3,2,10,14,0,0,0,2,15,18,1,0,10,5,0,4,15,16,2,0,0,3,7,3,5,18,5,3,9,16,20,3,0,0,11,13,1,0,0,8,18,3,0,7,21,5,0,0,0,7,8,3,0,2,24,16,4,4,29,18,4,1,33,13,3,0,4,32,21,2,1,26,13,3,2,19,2,0,0,0,3,15,7,1,1,12,18,5,1,18,12,5,0,5,23,14,1,5,20,4,0,0,13,2,0,0,0,0,4,2,0,0,3,3,0,0,0,0,6,2,0,0,6,1,0,0,0,2,2,0,0,0,6,2,0,0,0,0,0,0,0,0,0,0,0,0,0,0,0,0,0,0,0,0,0,0,0,0,0,0,0,0,0,0,0,0,0,0,0,0,0,0,0,0,0,0,0,0,0,
0,0,0,0,0,0,0,0,0,0,2,17,14,2,1,16,14,3,0,0,0,11,15,0,2,9,6,0,0,0,5,15,13,4,2,13,12,3,0,0,0,3,6,1,0,11,14,0,0,0,2,20,14,1,3,16,5,1,2,12,14,0,0,0,3,2,0,3,13,11,1,0,3,15,2,0,2,10,8,1,0,0,6,13,4,0,4,17,5,0,0,3,14,21,4,0,7,28,15,1,4,21,24,2,5,19,13,2,0,2,24,24,3,3,16,20,2,1,25,9,0,0,0,5,20,12,0,6,14,14,1,4,29,12,0,0,3,31,22,7,7,27,5,0,0,13,3,0,0,0,0,4,4,0,0,3,3,0,0,0,0,2,3,0,0,3,3,0,0,0,5,2,0,0,0,4,1,0,0,0,0,7,0,0,0,0,1,0,0,0,3,0,0,0,0,1,0,0,0,0,0,0,0,0,0,0,0,0,0,0,0,0,0,0,0,0,0,0,0,0,0,0,
0,0,0,0,0,0,0,0,0,0,1,12,10,0,2,15,16,1,0,0,0,14,13,3,1,16,1,0,0,0,1,7,7,1,1,10,14,0,0,0,0,1,11,2,0,13,13,0,0,0,2,21,18,1,2,16,13,2,1,11,12,1,0,0,0,8,1,5,9,10,2,6,17,17,5,0,0,10,12,1,0,0,9,9,2,0,6,19,6,0,0,5,17,19,5,0,3,21,15,3,3,30,23,1,3,34,15,1,0,4,32,24,2,2,32,14,3,8,24,8,0,0,0,3,17,11,2,4,24,25,5,3,28,13,0,0,4,27,12,2,6,25,7,0,0,15,2,0,0,0,0,2,1,0,0,6,2,0,0,0,0,2,1,0,0,5,2,0,0,0,6,1,0,0,0,6,1,0,0,0,0,7,0,0,0,0,0,0,0,0,3,0,0,0,0,0,0,0,0,0,0,0,0,0,0,0,0,0,0,0,0,0,0,0,0,0,0,0,0,0,0,0,
0,0,0,0,0,0,0,0,0,0,0,16,14,1,3,10,14,2,0,0,0,10,8,0,1,12,1,0,0,0,1,10,13,2,2,21,21,2,0,0,0,2,13,2,3,19,15,0,0,0,1,21,16,0,0,10,8,1,1,13,23,0,0,0,4,6,1,3,12,16,4,0,13,16,1,0,1,11,5,0,0,0,8,11,1,0,3,12,9,0,0,2,13,24,6,0,5,24,21,4,5,31,25,6,3,34,17,3,0,3,24,10,2,2,28,21,1,4,29,6,0,0,0,1,19,22,4,6,28,18,4,3,31,23,5,0,6,34,17,4,3,28,4,0,0,19,2,0,0,0,0,7,2,0,0,9,3,0,0,0,0,6,1,0,0,8,1,0,0,0,5,0,0,0,0,7,0,0,0,0,0,7,0,0,0,0,0,0,0,0,4,0,0,0,0,0,0,0,0,0,0,0,0,0,0,0,0,0,0,0,0,0,0,0,0,0,0,0,0,0,0,0,
0,0,0,0,0,0,0,0,0,0,1,16,12,3,0,8,21,3,0,0,0,14,12,1,1,10,1,0,0,0,3,10,7,0,3,18,19,0,0,0,0,4,8,2,2,10,15,0,0,0,0,20,16,1,1,9,16,3,0,13,14,0,0,0,3,7,2,1,12,7,0,2,18,15,3,0,0,7,5,0,0,0,5,15,3,0,3,16,4,0,0,0,1,19,7,0,0,16,14,1,1,20,17,1,4,30,16,2,0,3,35,11,0,6,36,15,2,1,14,6,0,0,0,3,18,18,3,4,22,13,2,3,31,9,1,0,4,24,12,4,4,17,3,0,0,11,1,0,0,0,0,2,1,0,0,3,1,0,0,0,0,2,1,0,0,5,1,0,0,0,2,1,0,0,0,7,0,0,0,0,0,1,0,0,0,0,0,0,0,0,0,0,0,0,0,2,0,0,0,0,0,0,0,0,0,0,0,0,0,0,0,0,0,0,0,0,0,0,0,0,0,0,
0,0,0,0,0,0,0,0,0,0,1,15,12,0,1,12,17,2,0,0,0,15,9,0,0,11,2,0,0,0,2,15,12,2,3,22,17,3,0,0,0,2,8,1,4,17,14,0,0,0,2,22,11,0,0,16,15,3,0,9,14,3,0,0,3,12,3,5,16,10,0,0,13,18,2,0,2,10,6,1,0,0,8,16,2,0,2,20,3,0,0,2,9,21,6,0,1,20,34,6,0,15,24,1,2,22,28,1,0,6,18,9,0,0,12,18,3,4,21,4,0,0,0,5,13,17,1,3,21,18,4,5,37,12,0,0,7,31,14,7,3,17,2,0,0,12,0,0,0,0,0,1,0,0,0,2,0,0,0,0,0,2,0,0,0,5,0,0,0,0,3,0,0,0,0,8,0,0,0,0,0,1,0,0,0,0,0,0,0,0,2,0,0,0,0,0,0,0,0,0,0,0,0,0,0,0,0,0,0,0,0,0,0,0,0,0,0,0,0,0,0,0,
0,0,0,0,0,0,0,0,0,0,2,15,20,1,3,11,13,1,0,0,0,17,7,1,5,12,0,0,0,0,1,16,11,0,4,16,18,2,0,0,0,5,10,1,2,15,14,0,0,0,0,29,21,3,0,12,7,0,0,12,14,1,0,0,3,12,1,0,10,7,3,6,21,14,0,0,5,14,11,1,0,0,10,22,2,0,8,26,9,0,0,2,13,17,4,0,4,29,24,5,0,12,22,1,4,30,22,5,0,3,26,24,2,8,26,13,0,5,25,3,0,0,0,2,11,10,1,1,16,21,1,6,31,30,1,0,4,28,17,4,9,28,2,0,0,8,5,0,0,0,0,1,2,0,0,1,3,0,0,0,0,4,2,0,0,2,3,0,0,0,3,1,0,0,0,7,2,0,0,0,0,0,0,0,0,0,1,0,0,0,3,0,0,0,0,0,0,0,0,0,0,0,0,0,0,0,0,0,0,0,0,0,0,0,0,0,0,0,0,0,0,0,
0,0,0,0,0,0,0,0,0,0,2,17,11,2,3,16,17,2,0,0,0,24,19,2,0,10,3,0,0,0,0,17,9,2,0,11,20,1,0,0,0,5,13,3,0,15,20,0,0,0,1,16,21,2,1,9,7,1,1,12,12,3,0,0,4,7,5,4,13,11,4,2,13,12,0,0,3,10,14,4,0,0,8,17,6,0,3,19,6,0,0,0,8,33,8,0,4,27,18,1,2,24,24,2,2,23,17,1,0,4,26,8,0,4,12,16,3,4,23,4,0,0,0,1,11,18,3,5,17,18,4,6,25,22,1,0,5,30,18,4,4,16,5,0,0,9,4,0,0,0,0,4,0,0,0,3,4,0,0,0,0,4,0,0,0,2,4,0,0,0,2,0,0,0,0,8,1,0,0,0,0,2,0,0,0,0,0,1,0,0,3,0,0,0,0,1,0,0,0,0,0,0,0,0,0,0,0,0,0,0,0,0,0,0,0,0,0,0,0,0,0,0,
0,0,0,0,0,0,0,0,0,0,3,16,15,3,0,13,17,3,0,0,0,22,10,0,1,12,2,0,0,0,6,22,8,1,1,17,17,3,0,0,0,10,6,1,3,16,16,0,0,0,0,22,24,1,1,11,14,2,1,17,13,1,0,0,3,8,0,6,17,19,3,4,17,9,4,0,4,14,9,0,0,0,8,18,6,0,1,15,14,0,0,4,8,23,3,0,3,21,28,4,2,22,28,2,3,27,20,2,0,5,19,16,1,1,17,12,2,6,18,3,0,0,0,4,19,16,6,3,16,29,5,5,21,23,3,0,7,24,18,3,5,26,3,0,0,10,4,0,0,0,0,3,1,0,0,6,3,0,0,0,0,3,1,0,0,4,1,0,0,0,5,0,0,0,0,2,1,0,0,0,0,5,0,0,0,0,0,0,0,0,2,0,0,0,0,1,0,0,0,0,0,0,0,0,0,0,0,0,0,0,0,0,0,0,0,0,0,0,0,0,0,0,
0,0,0,0,0,0,0,0,0,0,1,18,8,0,1,17,14,1,0,0,0,12,20,2,3,20,0,0,0,0,0,17,16,3,1,25,20,0,0,0,0,5,14,1,5,29,20,0,0,0,4,27,25,1,1,14,10,1,1,18,16,1,0,0,1,12,2,2,15,10,2,4,19,21,2,0,1,12,10,4,0,0,5,14,6,0,3,10,4,0,0,1,9,25,4,0,4,23,23,3,1,21,26,4,4,19,16,2,0,0,13,7,1,2,8,16,4,1,13,6,0,0,0,2,10,12,3,2,16,13,3,6,24,11,2,0,2,30,18,7,3,25,1,0,0,7,0,0,0,0,0,4,0,0,0,4,0,0,0,0,0,4,0,0,0,1,0,0,0,0,3,0,0,0,0,1,0,0,0,0,0,5,0,0,0,0,1,0,0,0,3,0,0,0,0,0,0,0,0,0,0,0,0,0,0,0,0,0,0,0,0,0,0,0,0,0,0,0,0,0,0,0,
0,0,0,0,0,0,0,0,0,0,1,12,14,2,2,18,18,1,0,0,0,17,20,5,4,19,1,0,0,0,1,12,14,2,1,18,22,5,0,0,0,4,12,1,1,13,13,0,0,0,0,10,19,1,0,6,7,0,2,15,13,0,0,0,2,2,0,2,15,14,1,1,19,11,1,0,1,19,8,0,0,0,9,15,5,0,2,14,8,0,0,1,13,18,5,0,7,23,15,5,4,29,27,4,2,36,29,6,0,5,30,14,3,7,22,15,4,5,18,2,0,0,0,3,10,23,5,1,15,16,5,4,31,15,0,0,4,23,14,5,2,26,3,0,0,11,1,0,0,0,0,4,1,0,0,7,1,0,0,0,0,5,1,0,0,4,1,0,0,0,5,0,0,0,0,4,0,0,0,0,0,4,0,0,0,0,0,0,0,0,1,1,0,0,0,0,0,0,0,0,0,0,0,0,0,0,0,0,0,0,0,0,0,0,0,0,0,0,0,0,0,0,
0,0,0,0,0,0,0,0,0,0,1,20,22,4,0,12,19,2,0,0,0,16,22,3,1,14,1,0,0,0,2,25,13,0,0,19,20,4,0,0,0,6,8,0,2,12,14,0,0,0,2,12,16,2,2,11,6,1,0,11,13,1,0,0,5,10,4,1,13,16,4,1,12,24,5,0,2,11,7,0,0,0,10,13,4,0,3,22,10,0,0,3,13,16,0,0,6,29,25,5,3,25,17,1,1,27,24,2,0,4,22,6,0,6,13,14,5,4,15,1,0,0,0,2,11,16,2,3,18,9,1,3,21,13,2,0,2,25,10,2,6,14,2,0,0,8,3,0,0,0,0,0,0,0,0,3,2,0,0,0,0,1,0,0,0,3,1,0,0,0,7,0,0,0,0,7,0,0,0,0,0,1,0,0,0,0,0,0,0,0,1,0,0,0,0,1,0,0,0,0,0,0,0,0,0,0,0,0,0,0,0,0,0,0,0,0,0,0,0,0,0,0,
0,0,0,0,0,0,0,0,0,0,2,13,14,2,2,15,20,2,0,0,0,17,19,2,0,12,1,0,0,0,2,26,14,1,2,19,16,1,0,0,0,7,13,2,3,13,15,0,0,0,1,12,25,0,0,6,7,0,0,14,17,0,0,0,7,10,5,1,17,11,0,2,20,18,0,0,2,10,8,1,0,0,12,18,2,0,2,18,11,0,0,2,14,16,2,0,3,27,24,1,2,22,22,1,3,41,18,5,0,5,29,15,1,4,21,15,5,4,17,1,0,0,0,5,19,11,4,1,13,19,7,1,25,12,1,0,5,33,11,1,2,21,3,0,0,12,3,0,0,0,0,5,2,0,0,1,3,0,0,0,0,1,0,0,0,3,1,0,0,0,2,0,0,0,0,6,0,0,0,0,0,0,0,0,0,0,0,0,0,0,1,0,0,0,0,1,0,0,0,0,0,0,0,0,0,0,0,0,0,0,0,0,0,0,0,0,0,0,0,0,0,0,
0,0,0,0,0,0,0,0,0,0,2,9,20,3,1,15,21,2,0,0,0,20,17,2,2,16,5,0,0,0,1,20,17,3,1,12,18,1,0,0,0,3,14,0,2,17,20,0,0,0,1,20,20,1,0,2,9,2,1,12,8,0,0,0,5,7,2,2,21,21,6,5,22,13,1,0,3,11,8,1,0,0,9,12,4,0,6,13,1,0,0,1,15,17,5,0,5,25,10,1,0,11,31,3,3,33,28,4,0,1,24,8,2,3,17,16,6,3,19,2,0,0,0,3,12,20,3,2,14,16,2,4,26,8,0,0,3,26,9,1,8,33,4,0,0,8,4,0,0,0,0,9,4,0,0,2,4,0,0,0,0,5,3,0,0,5,4,0,0,0,5,1,0,0,0,7,1,0,0,0,0,4,2,0,0,0,0,0,0,0,3,0,0,0,0,4,0,0,0,0,0,0,0,0,0,0,0,0,0,0,0,0,0,0,0,0,0,0,0,0,0,0,
0,0,0,0,0,0,0,0,0,0,0,0,0,0,0,0,0,0,0,0,0,0,0,0,0,0,0,0,0,0,0,0,0,0,0,0,0,0,0,0,0,0,0,0,0,0,0,0,0,0,0,0,0,0,0,0,0,0,0,0,0,0,0,0,0,0,0,0,0,0,0,0,0,0,0,0,0,0,0,0,0,0,0,0,0,0,0,0,0,0,0,0,0,0,0,0,0,0,0,0,0,0,0,0,0,0,0,0,0,0,0,0,0,0,0,0,0,0,0,0,0,0,0,0,0,0,0,0,0,0,0,0,0,0,0,0,0,0,0,0,0,0,0,0,0,0,0,0,0,0,0,0,0,0,0,0,0,0,0,0,0,0,0,0,0,0,0,0,0,0,0,0,0,0,0,0,0,0,0,0,0,0,0,0,0,0,0,0,0,0,0,0,0,0,0,0,0,0,0,0,0,0,0,0,0,0,0,0,0,0,0,0,0,0,0,0,0,0,0,0,0,0,
0,0,0,0,0,0,0,0,0,0,2,9,23,4,0,8,10,1,0,0,0,21,19,2,1,7,4,0,0,0,4,25,12,2,0,10,22,4,0,0,0,4,6,1,0,10,10,0,0,0,2,17,21,4,1,13,8,0,2,18,10,0,0,0,6,10,3,2,18,21,7,8,19,12,2,0,2,12,7,0,0,0,8,21,6,0,1,10,10,0,0,0,6,15,2,0,2,25,24,4,5,26,24,4,2,35,24,3,0,4,32,14,2,8,18,16,8,11,21,2,0,0,0,6,16,19,3,4,13,19,2,3,17,10,0,0,3,17,18,4,1,15,2,0,0,5,3,0,0,0,0,3,2,0,0,3,3,0,0,0,0,0,2,0,0,1,1,0,0,0,1,1,0,0,0,0,0,0,0,0,0,2,0,0,0,0,0,0,0,0,1,0,0,0,0,0,0,0,0,0,0,0,0,0,0,0,0,0,0,0,0,0,0,0,0,0,0,0,0,0,0,0,
0,0,0,0,0,0,0,0,0,0,1,8,12,2,2,18,17,1,0,0,0,21,9,0,4,17,1,0,0,0,2,25,19,2,3,20,22,0,0,0,0,6,14,2,1,12,12,0,0,0,1,19,21,2,1,13,10,1,0,21,14,1,0,0,10,11,2,2,29,14,4,5,24,22,4,0,1,14,10,0,0,0,4,18,5,0,3,9,8,0,0,2,14,26,2,0,5,29,19,3,3,19,20,1,3,35,17,3,0,3,17,23,3,3,14,20,6,5,17,7,0,0,0,0,11,16,3,1,14,18,2,2,16,4,0,0,6,19,17,0,2,18,2,0,0,7,2,0,0,0,0,4,0,0,0,0,2,0,0,0,0,2,0,0,0,0,1,0,0,0,4,0,0,0,0,4,1,0,0,0,0,1,0,0,0,0,0,1,0,0,0,0,0,0,0,0,0,0,0,0,0,0,0,0,0,0,0,0,0,0,0,0,0,0,0,0,0,0,0,0,0,0,
0,0,0,0,0,0,0,0,0,0,2,12,12,0,2,14,15,0,0,0,0,23,14,0,3,18,0,0,0,0,1,8,17,3,1,14,20,2,0,0,0,1,6,1,0,9,10,0,0,0,0,14,16,2,0,6,11,1,0,13,15,2,0,0,6,14,4,5,19,14,3,4,16,14,1,0,2,14,10,0,0,0,7,21,5,0,2,12,11,0,0,1,6,25,6,0,3,18,16,1,2,19,14,1,1,30,25,3,0,4,28,3,0,6,11,15,7,7,18,0,0,0,0,2,7,11,3,1,14,11,5,3,17,4,0,0,1,18,10,1,4,16,0,0,0,7,1,0,0,0,0,3,0,0,0,1,0,0,0,0,0,1,0,0,0,1,0,0,0,0,3,0,0,0,0,5,0,0,0,0,0,4,0,0,0,0,0,0,0,0,1,0,0,0,0,0,0,0,0,0,0,0,0,0,0,0,0,0,0,0,0,0,0,0,0,0,0,0,0,0,0,0,
0,0,0,0,0,0,0,0,0,0,1,9,13,4,1,15,21,2,0,0,0,22,17,1,0,5,0,0,0,0,2,17,16,5,4,24,22,1,0,0,0,2,6,1,2,10,10,0,0,0,1,15,19,1,0,4,9,0,0,9,18,5,0,0,4,6,1,1,16,14,1,2,10,14,0,0,1,9,6,1,0,0,9,15,5,0,2,9,3,0,0,2,13,7,1,0,4,28,14,2,2,23,14,2,6,34,18,1,0,3,24,11,2,6,13,8,2,3,17,2,0,0,0,1,9,5,0,4,12,12,4,0,9,11,4,0,3,23,16,1,2,17,1,0,0,5,3,0,0,0,0,1,1,0,0,0,2,0,0,0,0,1,0,0,0,1,2,0,0,0,3,0,0,0,0,2,0,0,0,0,0,1,0,0,0,0,0,0,0,0,1,0,0,0,0,0,0,0,0,0,0,0,0,0,0,0,0,0,0,0,0,0,0,0,0,1,0,0,0,0,0,0,
0,0,0,0,0,0,0,0,0,0,1,10,16,2,1,14,15,0,0,0,0,17,12,1,1,10,1,0,0,0,1,17,18,4,2,20,20,4,0,0,0,2,11,1,2,9,14,0,0,0,1,13,17,1,1,12,10,0,0,15,17,2,0,0,13,8,0,3,22,15,2,2,19,12,0,0,0,6,10,0,0,0,9,22,4,0,3,9,5,0,0,2,12,14,3,0,1,21,16,0,3,22,20,1,2,26,18,1,0,2,17,13,3,4,8,12,4,6,20,1,0,0,0,1,5,5,0,3,10,12,1,2,12,11,3,0,1,25,11,0,5,29,2,0,0,9,1,0,0,0,0,5,2,0,0,4,1,0,0,0,0,3,0,0,0,4,0,0,0,0,4,0,0,0,0,2,0,0,0,0,0,0,1,0,0,0,0,0,0,0,0,0,0,0,0,0,0,0,0,0,0,0,0,0,0,0,0,0,0,0,0,0,0,0,0,0,0,0,0,0,0,0,
0,0,0,0,0,0,0,0,0,0,1,4,8,0,2,17,15,2,0,0,0,16,16,2,1,14,1,0,0,0,2,24,10,3,0,20,17,2,0,0,0,5,12,3,3,16,11,0,0,0,1,16,10,0,0,10,8,1,1,19,10,3,0,0,9,11,1,3,16,10,1,2,14,16,5,0,1,6,11,4,0,0,11,10,1,0,3,14,4,0,0,0,15,11,3,0,4,17,15,3,2,24,28,5,3,18,25,3,0,1,18,7,1,1,3,7,2,4,11,3,0,0,0,0,4,8,2,4,14,10,1,5,20,11,3,0,2,32,14,4,3,18,0,0,0,6,0,0,0,0,0,2,0,0,0,2,0,0,0,0,0,0,0,0,0,0,0,0,0,0,4,0,0,0,0,3,1,0,0,0,0,3,0,0,0,0,0,0,0,0,0,0,0,0,0,1,0,0,0,0,0,0,0,0,0,0,0,0,0,0,0,0,0,0,0,0,0,0,0,0,0,0,
0,0,0,0,0,0,0,0,0,0,3,8,8,2,2,13,17,2,0,0,0,25,13,1,0,7,0,0,0,0,2,20,5,0,0,14,16,2,0,0,0,9,7,1,2,17,8,0,0,0,2,18,20,1,3,19,10,0,1,10,22,3,0,0,4,20,5,4,23,14,0,6,21,10,0,0,0,7,11,0,0,0,13,22,5,0,0,8,5,0,0,3,14,11,2,0,2,13,16,0,0,17,22,2,2,30,17,2,0,4,23,14,3,0,9,12,2,2,9,1,0,0,0,2,12,15,4,1,7,12,4,4,12,13,2,0,3,18,15,5,0,12,2,0,0,6,0,0,0,0,0,0,0,0,0,3,0,0,0,0,0,0,0,0,0,2,0,0,0,0,3,0,0,0,0,3,0,0,0,0,0,1,0,0,0,0,1,0,0,0,0,0,0,0,0,1,0,0,0,0,0,0,0,0,0,0,0,0,0,0,0,0,0,0,0,0,0,0,0,0,0,0,
0,0,0,0,0,0,0,0,0,0,3,11,7,0,1,15,17,3,0,0,0,18,16,2,2,7,1,0,0,0,1,21,14,2,1,16,12,1,0,0,0,3,12,2,2,8,11,0,0,0,2,15,20,2,2,13,6,0,0,14,12,2,0,0,6,10,1,1,15,13,0,3,13,14,2,0,0,9,10,3,0,0,9,13,4,0,5,11,6,0,0,2,9,14,2,0,3,22,23,5,2,20,14,3,3,29,21,3,0,4,23,11,0,3,12,18,3,1,13,3,0,0,0,0,6,14,4,2,13,7,0,8,21,9,1,0,1,17,21,2,1,16,4,0,0,7,3,0,0,0,0,2,1,0,0,4,3,0,0,0,0,1,1,0,0,3,2,0,0,0,5,1,0,0,0,1,0,0,0,0,0,3,1,0,0,0,0,0,0,0,1,2,0,0,0,1,0,0,0,0,0,1,0,0,0,0,0,0,0,0,0,0,0,0,0,0,0,0,0,0,0,0,
0,0,0,0,0,0,0,0,0,0,1,8,14,1,1,11,17,2,0,0,0,18,17,1,0,11,0,0,0,0,1,13,17,3,3,12,18,2,0,0,0,5,15,4,3,16,12,0,0,0,0,12,19,4,1,7,7,0,2,17,13,2,0,0,4,13,3,3,21,17,3,7,16,8,0,0,4,14,8,0,0,0,10,17,4,0,4,23,6,0,0,0,16,22,4,0,5,28,15,2,3,27,18,2,4,33,22,2,0,3,26,18,2,2,9,15,2,5,18,3,0,0,0,1,12,9,2,2,11,8,5,3,17,5,0,0,5,26,21,5,3,19,2,0,0,14,0,0,0,0,0,3,0,0,0,2,0,0,0,0,0,0,0,0,0,2,0,0,0,0,3,0,0,0,0,3,2,0,0,0,0,0,0,0,0,0,0,0,0,0,0,0,0,0,0,1,0,0,0,0,0,0,0,0,0,0,0,0,0,0,0,0,0,0,0,0,0,0,0,0,0,0,
0,0,0,0,0,0,0,0,0,0,4,10,8,1,2,12,12,1,0,0,0,17,15,1,2,10,2,0,0,0,1,9,11,0,3,20,11,2,0,0,0,3,13,2,2,18,14,0,0,0,0,16,15,0,2,16,9,0,1,17,21,3,0,0,10,7,1,3,23,17,3,4,17,14,2,0,3,15,8,4,0,0,17,24,4,0,4,18,8,0,0,1,13,13,3,0,6,25,11,0,2,25,18,4,2,38,22,1,0,3,25,11,1,1,15,22,4,3,17,6,0,0,0,1,11,15,5,0,5,13,3,3,22,21,7,0,4,33,24,5,1,21,4,0,0,11,4,0,0,0,0,10,3,0,0,11,3,0,0,0,0,9,3,0,0,6,4,0,0,0,6,1,0,0,0,8,3,0,0,0,0,3,0,0,0,0,1,0,0,0,1,0,0,0,0,2,0,0,0,0,0,0,0,0,0,0,0,0,0,0,0,0,0,0,0,0,0,0,0,0,0,0,
0,0,0,0,0,0,0,0,0,0,1,9,10,1,4,14,8,1,0,0,0,11,10,2,1,8,2,0,0,0,1,12,11,2,4,19,18,2,0,0,0,2,11,2,3,13,16,0,0,0,1,14,13,1,0,14,4,0,1,17,25,5,0,0,7,8,3,4,20,13,0,4,18,12,0,0,2,15,14,4,0,0,8,16,4,0,2,11,13,0,0,2,13,17,1,0,3,20,19,3,1,14,23,2,3,27,18,2,0,2,27,13,0,0,10,13,2,5,20,2,0,0,0,0,8,14,2,0,6,16,4,2,17,11,0,0,3,29,19,7,1,13,3,0,0,6,2,0,0,0,0,0,0,0,0,2,1,0,0,0,0,0,0,0,0,1,1,0,0,0,4,1,0,0,0,5,1,0,0,0,0,3,0,0,0,0,0,0,0,0,1,0,0,0,0,1,0,0,0,0,0,0,0,0,0,0,0,0,0,0,0,0,0,0,0,0,0,0,0,0,0,0,
0,0,0,0,0,0,0,0,0,0,1,6,8,1,1,10,12,3,0,0,0,11,18,3,1,4,1,0,0,0,3,14,7,2,1,15,15,3,0,0,0,4,5,1,2,15,8,0,0,0,3,14,8,1,1,11,7,0,2,24,17,4,0,0,8,8,0,5,23,11,1,5,14,9,0,0,1,11,6,2,0,0,5,15,3,0,4,17,7,0,0,0,12,17,4,0,4,23,16,4,0,15,19,4,4,29,34,5,0,1,24,12,2,4,18,13,0,2,16,8,0,0,0,1,14,14,3,0,17,15,6,5,28,26,4,0,3,30,20,4,1,18,3,0,0,5,3,0,0,0,0,3,1,0,0,2,2,0,0,0,0,0,1,0,0,2,1,0,0,0,0,1,0,0,0,6,1,0,0,0,0,3,1,0,0,0,1,1,0,0,1,1,0,0,0,1,1,0,0,0,0,1,0,0,0,0,1,0,0,0,0,1,0,0,0,0,0,0,0,0,0,0,
0,0,0,0,0,0,0,0,0,0,0,7,4,0,1,12,12,1,0,0,0,19,12,1,2,5,0,0,0,0,3,15,10,1,0,9,16,3,0,0,0,3,9,0,0,11,5,0,0,0,2,15,16,1,1,13,6,0,5,21,22,1,0,0,7,10,4,2,10,12,2,4,14,6,0,0,1,9,17,9,0,0,7,19,4,0,3,16,7,0,0,6,14,15,3,0,3,30,17,1,1,20,16,2,2,23,21,5,0,5,25,6,0,2,13,18,2,3,20,1,0,0,0,0,10,18,4,3,17,14,2,2,16,7,0,0,3,21,22,3,0,24,4,0,0,6,1,0,0,0,0,2,0,0,0,0,2,0,0,0,0,0,0,0,0,1,1,0,0,0,0,0,0,0,0,4,3,0,0,0,0,3,0,0,0,0,0,0,0,0,1,0,0,0,0,1,0,0,0,0,0,0,0,0,0,0,0,0,0,0,0,0,0,0,0,0,0,0,0,0,0,0,
0,0,0,0,0,0,0,0,0,0,0,8,5,0,2,19,9,0,0,0,0,23,10,2,3,8,1,0,0,0,0,10,12,0,3,19,10,4,0,0,0,0,8,1,1,13,12,0,0,0,0,5,10,0,0,11,9,1,1,21,24,1,0,0,8,13,1,2,17,10,1,1,7,11,3,0,1,11,8,1,0,0,6,10,2,0,5,17,9,0,0,0,11,20,0,0,3,21,12,0,3,13,17,5,5,30,17,1,0,1,25,12,2,1,16,24,3,2,17,9,0,0,0,2,18,22,3,0,27,13,1,1,14,15,3,0,3,32,18,3,0,15,5,0,0,4,3,0,0,0,0,3,1,0,0,0,2,0,0,0,0,2,1,0,0,0,1,0,0,0,5,1,0,0,0,4,2,0,0,0,0,4,0,0,0,0,0,0,0,0,1,0,0,0,0,0,0,0,0,0,0,0,0,0,0,0,0,0,0,0,0,0,0,0,0,0,0,0,0,0,0,0,
0,0,0,0,0,0,0,0,0,0,2,6,4,1,0,9,13,2,0,0,0,23,10,0,1,12,6,0,0,0,0,12,8,1,2,10,12,2,0,0,0,4,7,1,2,12,14,0,0,0,1,11,9,1,2,16,7,0,0,18,26,4,0,0,10,15,1,3,19,11,0,0,11,8,0,0,0,8,13,5,0,0,7,16,3,0,3,15,11,0,0,1,10,21,3,0,3,29,24,4,5,21,20,5,0,16,22,4,0,4,26,14,2,3,18,25,4,4,23,4,0,0,0,3,21,25,6,2,19,11,4,3,22,17,5,0,5,37,23,3,1,25,1,0,0,9,7,0,0,0,0,5,0,0,0,7,4,0,0,0,0,3,0,0,0,4,2,0,0,0,1,0,0,0,0,3,1,0,0,0,0,7,0,0,0,0,1,0,0,0,2,0,0,0,0,0,0,0,0,0,0,0,0,0,0,0,0,0,0,0,0,0,0,0,0,0,0,0,0,0,0,0,
0,0,0,0,0,0,0,0,0,0,1,4,6,2,1,11,11,3,0,0,0,25,14,1,1,9,0,0,0,0,1,17,9,2,1,12,8,0,0,0,0,1,4,0,1,7,4,0,0,0,0,6,6,1,2,16,10,1,2,16,19,5,0,0,12,6,3,3,18,13,1,1,22,13,1,0,7,16,3,0,0,0,7,15,2,0,3,14,6,0,0,1,20,21,3,0,7,24,23,4,5,23,16,4,1,22,21,1,0,7,30,20,2,2,20,21,2,3,19,5,0,0,0,2,17,21,3,3,15,14,2,3,26,8,0,0,4,27,17,3,0,13,1,0,0,5,0,0,0,0,0,1,0,0,0,2,0,0,0,0,0,1,0,0,0,3,0,0,0,0,4,0,0,0,0,2,0,0,0,0,0,3,0,0,0,0,0,0,0,0,0,0,0,0,0,0,0,0,0,0,0,0,0,0,0,0,0,0,0,0,0,0,0,0,0,0,0,0,0,0,0,0,
0,0,0,0,0,0,0,0,0,0,0,3,4,0,1,7,7,0,0,0,0,22,10,1,0,10,1,0,0,0,0,15,8,2,0,9,12,2,0,0,0,0,5,1,5,15,2,0,0,0,0,9,7,0,2,15,11,2,4,21,17,2,0,0,9,11,1,0,11,16,4,1,16,23,4,0,4,15,6,0,0,0,7,18,1,0,3,22,14,0,0,5,17,24,4,0,2,26,14,0,1,9,18,2,0,16,30,9,0,2,24,16,1,2,17,17,2,2,26,8,0,0,0,6,24,25,3,2,19,17,5,4,20,12,1,0,3,19,17,3,3,19,3,0,0,6,2,0,0,0,0,0,0,0,0,1,1,0,0,0,0,0,0,0,0,0,0,0,0,0,3,0,0,0,0,2,1,0,0,0,0,0,0,0,0,0,1,0,0,0,0,0,0,0,0,1,0,0,0,0,0,0,0,0,0,0,0,0,0,0,0,0,0,0,0,0,0,0,0,0,0,0,
0,0,0,0,0,0,0,0,0,0,1,3,11,3,1,8,7,0,0,0,0,18,7,0,1,8,2,0,0,0,3,13,4,1,3,18,7,1,0,0,0,0,9,1,1,15,7,0,0,0,0,6,8,0,1,13,12,2,1,13,22,3,0,0,9,6,0,3,15,9,0,1,26,12,2,0,0,8,8,3,0,0,7,16,7,0,4,20,10,0,0,0,10,15,2,0,1,20,17,2,4,27,14,6,2,26,24,2,0,7,28,15,1,2,22,20,3,5,18,7,0,0,0,1,19,17,0,5,39,15,1,4,20,16,2,0,1,26,18,4,0,16,3,0,0,7,4,0,0,0,0,3,2,0,0,2,2,0,0,0,0,3,1,0,0,1,2,0,0,0,4,1,0,0,0,2,0,0,0,0,0,1,0,0,0,0,0,0,0,0,1,0,0,0,0,1,0,0,0,0,0,0,0,0,0,0,0,0,0,0,0,0,0,0,0,0,0,0,0,0,0,0,
0,0,0,0,0,0,0,0,0,0,3,7,7,4,1,10,18,3,0,0,0,20,15,3,1,6,2,0,0,0,0,12,8,3,0,15,17,2,0,0,0,7,4,1,1,8,4,0,0,0,0,5,17,4,1,16,4,0,1,12,23,2,0,0,8,8,2,4,14,14,3,3,22,20,4,0,0,4,6,1,0,0,7,19,3,0,4,18,6,0,0,5,12,14,1,0,3,26,14,2,1,14,14,3,2,12,27,3,0,1,24,15,3,2,22,23,1,4,30,8,0,0,0,1,28,25,4,1,21,12,2,3,25,10,0,0,0,24,18,4,0,18,5,0,0,5,0,0,0,0,0,2,2,0,0,3,0,0,0,0,0,1,1,0,0,2,0,0,0,0,4,0,0,0,0,2,0,0,0,0,0,1,0,0,0,0,0,0,0,0,0,0,0,0,0,1,0,0,0,0,0,0,0,0,0,0,0,0,0,0,0,0,0,0,0,0,0,0,0,0,0,0,
0,0,0,0,0,0,0,0,0,0,5,7,6,2,0,11,15,2,0,0,0,18,10,0,2,8,1,0,0,0,1,9,13,2,4,21,11,3,0,0,0,2,17,3,0,14,8,0,0,0,0,12,13,4,4,22,17,1,1,23,14,1,0,0,12,8,0,1,18,10,0,1,15,9,2,0,2,9,6,1,0,0,6,10,0,0,7,17,15,0,0,3,13,16,3,0,4,23,17,2,2,13,9,1,3,22,26,2,0,1,25,9,0,6,29,19,2,1,28,7,0,0,0,5,26,26,3,4,31,22,4,3,20,12,2,0,3,27,13,0,3,28,7,0,0,11,3,0,0,0,0,11,2,0,0,7,3,0,0,0,0,4,2,0,0,4,1,0,0,0,3,0,0,0,0,3,2,0,0,0,0,7,0,0,0,0,1,0,0,0,1,0,0,0,0,0,0,0,0,0,0,1,0,0,0,0,0,0,0,0,0,0,0,0,0,0,0,0,0,0,0,0,
0,0,0,0,0,0,0,0,0,0,0,3,5,1,0,7,9,1,0,0,0,16,15,2,2,10,4,0,0,0,2,16,7,2,2,17,5,1,0,0,0,2,7,3,2,15,2,0,0,0,2,16,9,4,4,27,14,1,4,17,17,1,0,0,9,7,0,1,18,17,6,4,20,6,2,0,3,9,2,0,0,0,4,17,3,0,3,13,9,0,0,1,16,19,1,0,4,33,17,2,3,11,10,2,3,14,25,3,0,5,35,17,2,1,26,19,2,3,25,7,0,0,0,3,20,20,1,3,22,18,4,4,21,12,1,0,4,32,17,1,1,15,3,0,0,8,4,0,0,0,0,1,1,0,0,1,2,0,0,0,0,0,1,0,0,3,2,0,0,0,1,0,0,0,0,3,1,0,0,0,0,6,0,0,0,0,0,1,0,0,2,0,0,0,0,1,1,0,0,0,0,0,0,0,0,0,1,0,0,0,0,0,0,0,0,0,0,0,0,0,0,0,
0,0,0,0,0,0,0,0,0,0,1,1,1,0,0,6,13,4,0,0,0,20,12,0,0,8,2,0,0,0,3,18,7,2,3,18,1,0,0,0,0,3,10,2,0,6,1,0,0,0,3,11,3,2,4,18,13,3,3,21,19,6,0,0,5,8,1,2,19,7,1,1,12,10,2,0,2,10,11,3,0,0,3,16,2,0,4,13,8,0,0,0,13,17,2,0,3,26,19,2,3,23,13,3,2,14,18,2,0,3,24,17,4,2,20,28,3,1,26,7,0,0,0,0,13,18,2,4,26,14,2,3,24,12,1,0,3,30,19,1,4,29,4,0,0,6,3,0,0,0,0,4,1,0,0,2,3,0,0,0,0,1,1,0,0,4,2,0,0,0,4,0,0,0,0,3,2,0,0,0,0,0,0,0,0,0,0,1,0,0,1,0,0,0,0,1,1,0,0,0,0,0,0,0,0,0,2,0,0,0,0,0,0,0,0,0,0,0,0,0,0,0,
0,0,0,0,0,0,0,0,0,0,0,2,2,1,1,7,8,2,0,0,0,19,13,2,2,10,1,0,0,0,3,16,8,2,2,15,6,1,0,0,0,0,7,0,0,5,1,0,0,0,0,4,10,2,2,15,15,3,2,12,13,2,0,0,8,15,3,2,15,16,5,2,17,12,1,0,2,10,5,2,0,0,6,14,4,0,1,15,8,0,0,4,21,19,5,0,4,26,20,2,0,15,14,1,3,16,18,0,0,4,28,13,0,3,20,27,4,0,26,10,0,0,0,3,25,23,1,2,22,14,1,5,33,20,5,0,3,27,19,2,0,19,5,0,0,6,3,0,0,0,0,4,2,0,0,0,2,0,0,0,0,1,2,0,0,0,0,0,0,0,4,1,0,0,0,1,1,0,0,0,0,2,0,0,0,0,0,0,0,0,1,0,0,0,0,1,0,0,0,0,0,0,0,0,0,0,1,0,0,0,0,0,0,0,0,1,0,0,0,0,0,0,
0,0,0,0,0,0,0,0,0,0,2,4,9,4,0,7,8,1,0,0,0,12,11,1,1,8,2,0,0,0,3,9,9,1,1,9,5,0,0,0,0,2,10,3,3,9,1,0,0,0,0,6,15,0,6,23,14,3,2,11,20,1,0,0,15,14,1,3,21,20,4,2,16,16,5,0,1,4,5,2,0,0,5,16,5,0,7,17,8,0,0,1,15,18,1,0,4,34,22,1,5,10,12,4,3,14,15,3,0,7,23,11,1,2,19,16,2,2,18,11,0,0,0,2,21,27,1,3,24,19,4,8,28,12,1,0,4,32,17,1,4,16,4,0,0,9,2,0,0,0,0,2,1,0,0,1,1,0,0,0,0,2,1,0,0,1,0,0,0,0,0,0,0,0,0,3,0,0,0,0,0,2,0,0,0,0,0,0,0,0,1,0,0,0,0,2,0,0,0,0,0,0,0,0,0,0,1,0,0,0,0,0,0,0,0,1,0,0,0,0,0,0,
0,0,0,0,0,0,0,0,0,0,4,5,13,4,1,7,13,3,0,0,0,16,15,0,0,4,3,0,0,0,1,8,9,0,1,13,8,1,0,0,0,2,11,2,1,5,4,0,0,0,0,10,12,2,4,16,6,1,1,6,15,0,0,0,4,17,6,2,11,8,0,1,12,7,1,0,2,6,8,3,0,0,10,18,6,0,8,21,4,0,0,5,16,17,3,0,5,29,18,1,3,15,11,1,0,17,17,4,0,2,18,9,2,0,24,20,2,3,25,15,0,0,0,5,32,20,2,6,34,26,3,3,25,22,2,0,5,27,26,3,2,21,9,0,0,9,4,0,0,0,0,7,4,0,0,9,3,0,0,0,0,5,3,0,0,9,3,0,0,0,5,3,0,0,0,6,2,0,0,0,0,2,0,0,0,0,1,0,0,0,1,0,0,0,0,4,0,0,0,0,0,0,0,0,0,0,0,0,0,0,0,0,0,0,0,0,0,0,0,0,0,0,
0,0,0,0,0,0,0,0,0,0,0,0,0,0,0,0,0,0,0,0,0,0,0,0,0,0,0,0,0,0,0,0,0,0,0,0,0,0,0,0,0,0,0,0,0,0,0,0,0,0,0,0,0,0,0,0,0,0,0,0,0,0,0,0,0,0,0,0,0,0,0,0,0,0,0,0,0,0,0,0,0,0,0,0,0,0,0,0,0,0,0,0,0,0,0,0,0,0,0,0,0,0,0,0,0,0,0,0,0,0,0,0,0,0,0,0,0,0,0,0,0,0,0,0,0,0,0,0,0,0,0,0,0,0,0,0,0,0,0,0,0,0,0,0,0,0,0,0,0,0,0,0,0,0,0,0,0,0,0,0,0,0,0,0,0,0,0,0,0,0,0,0,0,0,0,0,0,0,0,0,0,0,0,0,0,0,0,0,0,0,0,0,0,0,0,0,0,0,0,0,0,0,0,0,0,0,0,0,0,0,0,0,0,0,0,0,0,0,0,0,0,0,
0,0,0,0,0,0,0,0,0,0,1,1,1,4,0,3,12,3,0,0,0,11,5,1,3,4,2,0,0,0,1,9,9,2,4,16,7,3,0,0,0,1,3,0,2,9,2,0,0,0,2,8,9,1,5,8,4,0,3,16,11,1,0,0,5,13,4,0,9,7,1,1,6,4,2,0,3,13,5,2,0,0,7,24,4,0,7,16,11,0,0,0,9,19,4,0,6,31,16,0,2,15,9,0,4,13,15,2,0,7,28,13,1,3,24,18,4,1,35,9,0,0,0,3,38,23,5,3,33,26,4,4,22,14,0,0,3,26,16,1,2,23,11,0,0,14,3,0,0,0,0,4,1,0,0,3,2,0,0,0,0,0,0,0,0,3,2,0,0,0,3,0,0,0,0,4,1,0,0,0,0,1,0,0,0,0,0,0,0,0,0,0,0,0,0,0,0,0,0,0,0,0,0,0,0,0,1,0,0,0,0,0,0,0,0,0,0,0,0,0,0,0,
0,0,0,0,0,0,0,0,0,0,0,2,4,0,1,6,12,3,0,0,0,24,8,0,1,2,2,0,0,0,5,17,7,2,2,10,5,1,0,0,0,3,2,1,3,8,1,0,0,0,0,8,12,3,2,13,13,3,2,17,17,5,0,0,5,8,0,5,15,12,4,2,7,9,3,0,2,9,4,0,0,0,2,20,3,0,7,22,4,0,0,2,16,19,2,0,6,27,16,2,8,15,5,0,1,13,12,1,0,0,22,11,0,5,19,24,0,2,25,10,0,0,0,1,25,22,2,6,27,23,4,2,23,15,2,0,2,28,27,6,2,17,2,0,0,7,2,0,0,0,0,3,0,0,0,1,1,0,0,0,0,0,0,0,0,1,0,0,0,0,0,0,0,0,0,1,2,0,0,0,0,1,0,0,0,0,1,0,0,0,0,0,0,0,0,0,0,0,0,0,0,0,0,0,0,0,0,0,0,0,0,0,0,0,0,0,0,0,0,0,0,0,
0,0,0,0,0,0,0,0,0,0,1,1,1,0,1,3,6,0,0,0,0,17,8,2,1,5,3,0,0,0,2,12,1,0,5,10,4,1,0,0,0,1,2,0,4,9,0,0,0,0,1,8,8,3,2,13,8,0,1,21,12,5,0,0,5,9,2,1,13,12,2,2,5,7,1,0,2,4,3,1,0,0,4,21,7,0,7,21,1,0,0,2,11,25,4,0,3,34,16,0,3,18,13,5,2,15,19,3,0,7,22,12,2,1,26,22,1,3,23,5,0,0,0,5,38,23,2,4,29,16,2,4,35,12,0,0,4,39,20,2,7,25,4,0,0,9,2,0,0,0,0,5,1,0,0,4,0,0,0,0,0,1,1,0,0,4,0,0,0,0,2,0,0,0,0,2,0,0,0,0,0,5,0,0,0,0,0,0,0,0,0,0,0,0,0,0,0,0,0,0,0,0,0,0,0,0,0,0,0,0,0,0,0,0,0,0,0,0,0,0,0,0,
0,0,0,0,0,0,0,0,0,0,4,5,1,0,3,9,9,1,0,0,0,15,10,0,0,4,0,0,0,0,2,9,1,0,4,9,2,1,0,0,0,0,2,0,4,12,2,0,0,0,0,6,6,1,3,11,14,2,5,19,16,5,0,0,4,11,3,1,8,8,1,4,13,7,1,0,3,7,4,1,0,0,7,22,3,0,8,23,5,0,0,1,11,19,3,0,1,35,16,3,2,13,8,1,2,14,11,1,0,6,11,13,2,4,21,20,2,3,30,12,0,0,0,1,30,29,4,2,29,19,6,4,31,25,3,0,6,33,25,5,2,27,7,0,0,9,7,0,0,0,0,8,3,0,0,2,4,0,0,0,0,3,2,0,0,3,2,0,0,0,2,1,0,0,0,0,1,0,0,0,0,2,0,0,0,0,0,1,0,0,0,0,0,0,0,0,0,0,0,0,0,0,0,0,0,0,1,0,0,0,0,0,0,0,0,0,0,0,0,0,0,0,
0,0,0,0,0,0,0,0,0,0,1,4,5,2,1,5,6,0,0,0,0,11,11,1,1,5,4,0,0,0,1,6,2,0,1,11,6,2,0,0,0,2,13,5,0,9,8,0,0,0,1,3,6,1,0,4,10,0,1,6,8,0,0,0,2,8,1,1,4,10,0,1,10,8,4,0,5,11,1,0,0,0,3,23,8,0,7,22,9,0,0,3,12,27,2,0,2,24,13,2,3,13,15,2,3,12,10,2,0,2,22,16,1,2,24,20,0,2,24,10,0,0,0,4,39,26,2,4,39,17,2,2,24,17,0,0,1,21,14,1,0,21,6,0,0,12,6,0,0,0,0,8,2,0,0,8,2,0,0,0,0,6,2,0,0,4,1,0,0,0,4,0,0,0,0,2,0,0,0,0,0,3,0,0,0,0,0,1,0,0,0,0,0,0,0,1,0,0,0,0,0,0,0,0,0,0,1,0,0,0,0,0,0,0,0,1,0,0,0,0,0,0,
0,0,0,0,0,0,0,0,0,0,5,7,5,4,2,8,7,0,0,0,0,12,11,0,3,3,5,0,0,0,2,6,5,3,1,9,5,1,0,0,0,1,4,0,3,10,3,0,0,0,0,6,8,1,2,13,3,0,4,15,14,3,0,0,7,6,2,4,13,8,0,1,4,6,1,0,4,9,4,1,0,0,2,18,5,0,7,21,5,0,0,5,12,15,3,0,3,31,14,1,2,16,12,2,1,10,10,3,0,1,17,12,3,6,19,24,4,2,26,14,0,0,0,1,37,17,3,4,27,26,3,4,25,20,2,0,4,24,18,1,1,19,7,0,0,8,0,0,0,0,0,7,1,0,0,3,1,0,0,0,0,0,1,0,0,3,0,0,0,0,1,0,0,0,0,3,0,0,0,0,0,3,0,0,0,0,0,0,0,0,0,0,0,0,0,2,0,0,0,0,0,0,0,0,0,0,0,0,0,0,0,0,0,0,0,0,0,0,0,0,0,0,
0,0,0,0,0,0,0,0,0,0,4,6,2,1,0,3,12,5,0,0,0,15,5,0,2,4,2,0,0,0,4,10,5,2,3,13,4,3,0,0,0,1,5,1,3,8,2,0,0,0,2,13,7,1,0,12,5,3,2,16,17,3,0,0,5,5,0,2,6,14,1,1,2,4,0,0,4,11,4,2,0,0,7,19,6,0,6,27,8,0,0,3,10,18,2,0,8,29,24,3,3,21,15,3,2,9,19,3,0,2,16,13,1,3,20,20,0,2,26,7,0,0,0,5,28,19,2,3,36,22,5,7,29,20,3,0,2,30,16,5,1,13,6,0,0,12,4,0,0,0,0,4,0,0,0,2,1,0,0,0,0,0,0,0,0,6,1,0,0,0,1,0,0,0,0,2,0,0,0,0,0,1,0,0,0,0,0,0,0,0,1,0,0,0,0,2,0,0,0,0,0,0,0,0,0,0,0,0,0,0,0,1,0,0,0,0,0,0,0,0,0,0,
0,0,0,0,0,0,0,0,0,0,5,10,2,2,0,2,9,1,0,0,0,14,9,0,4,7,1,0,0,0,3,12,14,6,1,11,8,2,0,0,0,2,11,5,5,10,2,0,0,0,0,5,15,4,2,9,4,0,3,12,9,3,0,0,2,6,2,3,6,9,1,1,5,1,1,0,6,12,5,1,0,0,6,19,6,0,6,20,3,0,0,4,9,12,1,0,4,25,17,1,2,11,22,4,1,12,15,4,0,2,12,9,3,4,15,21,1,3,17,9,0,0,0,2,33,30,7,2,33,18,5,3,28,4,0,0,2,22,27,3,3,14,1,0,0,8,5,0,0,0,0,4,0,0,0,1,1,0,0,0,0,0,0,0,0,1,1,0,0,0,3,0,0,0,0,4,1,0,0,0,0,3,0,0,0,0,0,0,0,0,2,0,0,0,0,2,0,0,0,0,0,0,0,0,0,0,0,0,0,0,0,0,0,0,0,0,0,0,0,0,0,0,
0,0,0,0,0,0,0,0,0,0,4,8,2,0,0,4,10,5,0,0,0,22,12,4,3,9,0,0,0,0,4,21,11,4,1,13,2,0,0,0,0,3,9,2,3,7,4,0,0,0,5,14,21,3,1,4,12,4,2,10,8,1,0,0,3,8,1,4,13,12,3,0,2,13,5,0,4,9,5,2,0,0,5,16,4,0,7,20,3,0,0,1,6,17,1,0,3,31,21,3,1,16,10,1,1,9,24,4,0,5,14,12,4,4,25,27,2,2,25,4,0,0,0,1,24,17,2,2,28,22,6,8,22,9,3,0,4,27,11,0,1,13,4,0,0,9,3,0,0,0,0,5,1,0,0,1,1,0,0,0,0,1,1,0,0,2,0,0,0,0,3,1,0,0,0,4,0,0,0,0,0,1,0,0,0,0,0,0,0,0,1,0,0,0,0,1,0,0,0,0,0,0,0,0,0,0,0,0,0,0,0,0,0,0,0,1,0,0,0,0,0,0,
0,0,0,0,0,0,0,0,0,0,2,4,2,0,0,6,11,0,0,0,0,24,22,4,3,10,5,0,0,0,4,18,18,5,2,9,4,0,0,0,0,1,9,0,1,3,7,0,0,0,5,11,8,0,2,4,17,1,4,9,6,2,0,0,4,7,3,2,4,9,3,1,4,5,0,0,7,12,3,2,0,0,7,18,9,0,3,16,7,0,0,4,6,18,2,0,2,26,19,0,2,15,26,4,3,21,26,7,0,6,17,9,3,2,17,21,2,3,23,7,0,0,0,2,35,22,2,6,44,21,7,4,21,17,2,0,1,23,24,4,6,20,1,0,0,14,6,0,0,0,0,9,1,0,0,7,1,0,0,0,0,4,0,0,0,3,1,0,0,0,5,0,0,0,0,3,3,0,0,0,0,4,0,0,0,0,0,0,0,0,1,0,0,0,0,1,0,0,0,0,0,0,0,0,0,0,0,0,0,0,0,0,0,0,0,2,0,0,0,0,0,0,
0,0,0,0,0,0,0,0,0,0,1,3,0,0,0,4,5,0,0,0,0,22,23,8,5,15,1,0,0,0,1,27,10,2,2,13,5,1,0,0,0,0,9,4,2,8,3,0,0,0,4,13,8,0,2,11,10,2,4,13,6,0,0,0,6,5,0,2,7,10,1,2,2,5,2,0,6,12,2,1,0,0,7,16,5,0,3,13,4,0,0,3,11,12,4,0,3,22,25,3,3,21,17,4,3,19,23,3,0,3,14,14,1,4,15,22,4,0,18,10,0,0,0,0,33,26,2,4,33,15,4,6,22,13,5,0,0,17,18,3,4,19,3,0,0,8,6,0,0,0,0,8,1,0,0,1,0,0,0,0,0,0,0,0,0,0,0,0,0,0,3,0,0,0,0,4,1,0,0,0,0,3,0,0,0,0,0,0,0,0,2,0,0,0,0,0,0,0,0,0,0,0,0,0,0,0,1,0,0,0,0,0,0,0,0,1,0,0,0,0,0,0,
0,0,0,0,0,0,0,0,0,0,1,3,0,0,0,1,9,1,0,0,0,18,15,4,4,12,1,0,0,0,5,19,7,3,3,13,3,2,0,0,0,2,7,4,3,9,0,0,0,0,0,3,7,3,1,9,6,2,2,7,5,1,0,0,2,10,0,4,11,10,2,3,9,18,4,0,4,11,7,2,0,0,9,17,4,0,4,19,3,0,0,1,8,25,6,0,1,13,18,7,5,19,15,1,2,13,20,7,0,6,15,9,0,4,15,22,3,4,22,10,0,0,0,1,22,27,6,8,36,24,7,6,22,7,2,0,3,21,22,7,3,16,2,0,0,7,2,0,0,0,0,5,0,0,0,2,1,0,0,0,0,1,0,0,0,3,1,0,0,0,4,0,0,0,0,3,1,0,0,0,0,3,0,0,0,0,1,1,0,0,1,2,0,0,0,1,0,0,0,0,0,0,0,0,0,0,0,0,0,0,0,0,0,0,0,0,0,0,0,0,0,0,
0,0,0,0,0,0,0,0,0,0,1,6,3,0,0,4,10,1,0,0,0,19,14,2,5,12,1,0,0,0,3,19,9,3,1,11,1,0,0,0,0,1,6,3,7,12,2,0,0,0,0,4,4,0,2,8,4,1,2,5,7,3,0,0,2,3,0,0,6,16,2,5,11,15,2,0,0,4,3,2,0,0,10,21,5,0,5,21,8,0,0,9,23,20,8,0,3,16,16,1,4,15,10,2,1,9,16,5,0,4,17,8,2,1,12,15,3,5,28,7,0,0,0,4,28,16,2,2,32,18,7,3,16,9,4,0,4,20,6,0,1,8,5,0,0,9,3,0,0,0,0,9,0,0,0,2,0,0,0,0,0,0,0,0,0,4,0,0,0,0,3,0,0,0,0,4,1,0,0,0,0,5,0,0,0,0,1,0,0,0,0,1,0,0,0,1,0,0,0,0,0,0,0,0,0,0,1,0,0,0,0,0,0,0,0,0,0,0,0,0,0,0,
0,0,0,0,0,0,0,0,0,0,0,0,2,1,1,6,9,1,0,0,0,12,7,0,0,6,0,0,0,0,6,27,8,2,1,16,5,1,0,0,0,3,15,5,2,8,4,0,0,0,3,12,12,2,2,7,1,0,0,2,12,0,0,0,1,4,1,5,8,11,2,2,7,18,0,0,2,7,4,1,0,0,6,17,2,0,6,21,2,0,0,1,5,24,5,0,4,17,14,4,0,12,10,2,1,4,19,6,0,7,21,2,0,2,10,13,1,3,21,8,0,0,0,2,23,13,2,6,29,15,3,5,16,8,2,0,2,16,9,4,0,4,5,0,0,9,2,0,0,0,0,8,1,0,0,4,0,0,0,0,0,2,1,0,0,5,0,0,0,0,3,0,0,0,0,3,0,0,0,0,0,6,0,0,0,0,1,0,0,0,0,0,0,0,0,0,0,0,0,0,0,0,0,0,0,0,0,0,0,0,0,0,0,0,0,0,0,0,0,0,0,0,
0,0,0,0,0,0,0,0,0,0,1,2,5,2,0,3,12,3,0,0,0,13,7,1,3,7,3,0,0,0,6,27,12,3,2,17,9,1,0,0,0,6,15,6,4,15,11,0,0,0,4,11,14,1,3,12,9,1,0,10,6,1,0,0,2,3,0,0,9,19,6,0,9,30,2,0,1,7,2,2,0,0,6,16,4,0,7,30,5,0,0,2,15,24,3,0,2,17,15,2,3,16,13,4,2,11,17,5,0,4,12,13,3,3,15,21,1,5,23,2,0,0,0,3,29,16,3,3,27,15,3,6,27,13,3,0,2,17,13,2,3,11,9,0,0,16,7,0,0,0,0,10,9,0,0,9,6,0,0,0,0,4,5,0,0,10,6,0,0,0,9,2,0,0,0,2,2,0,0,0,0,7,0,0,0,0,1,1,0,0,0,0,0,0,0,2,0,0,0,0,0,0,0,0,0,0,0,0,0,0,0,0,0,0,0,0,0,0,0,0,0,0,
0,0,0,0,0,0,0,0,0,0,0,0,4,3,1,6,10,2,0,0,0,15,10,2,2,9,1,0,0,0,5,27,17,7,3,15,5,0,0,0,0,2,8,2,4,15,4,0,0,0,6,16,13,5,8,15,5,1,3,6,8,3,0,0,3,2,0,6,13,22,1,4,23,13,2,0,4,8,2,1,0,0,10,25,7,0,1,22,5,0,0,1,10,20,2,0,1,21,10,1,2,10,8,2,1,7,11,5,0,4,6,5,1,2,11,18,2,2,21,4,0,0,0,3,31,18,2,3,21,18,4,3,27,12,5,0,6,12,11,4,1,4,1,0,0,13,5,0,0,0,0,8,0,0,0,2,1,0,0,0,0,0,0,0,0,2,0,0,0,0,5,0,0,0,0,3,0,0,0,0,0,6,0,0,0,0,0,1,0,0,0,0,0,0,0,1,0,0,0,0,0,0,0,0,0,0,0,0,0,0,0,0,0,0,0,0,0,0,0,0,0,0,
0,0,0,0,0,0,0,0,0,0,0,6,2,1,0,1,6,0,0,0,0,12,12,3,5,11,4,0,0,0,5,35,14,3,2,15,9,0,0,0,0,3,14,7,5,16,12,0,0,0,8,15,4,1,4,14,12,3,4,13,13,6,0,0,4,8,3,2,11,28,4,6,14,23,2,0,3,9,5,1,0,0,9,21,4,0,5,30,13,0,0,2,19,17,2,0,3,27,16,1,0,9,4,1,2,16,5,2,0,1,5,8,1,1,16,24,4,0,9,1,0,0,0,2,31,15,3,1,21,11,3,2,22,2,1,0,3,12,11,5,4,12,2,0,0,10,5,0,0,0,0,10,0,0,0,1,0,0,0,0,0,1,0,0,0,0,0,0,0,0,2,0,0,0,0,2,1,0,0,0,0,4,0,0,0,0,0,0,0,0,0,0,0,0,0,0,0,0,0,0,0,0,0,0,0,0,1,0,0,0,0,0,0,0,0,0,0,0,0,0,0,0,
0,0,0,0,0,0,0,0,0,0,1,3,1,1,2,5,8,3,0,0,0,18,12,1,1,7,1,0,0,0,1,19,12,0,3,24,9,5,0,0,0,2,14,8,4,12,12,0,0,0,4,7,10,4,2,4,11,1,2,7,12,6,0,0,5,9,2,3,12,21,3,3,16,24,1,0,2,10,4,0,0,0,6,23,2,0,2,28,8,0,0,0,17,38,7,0,0,28,19,1,3,14,9,3,1,11,9,4,0,3,11,2,0,1,10,22,2,2,14,6,0,0,0,8,28,17,4,3,21,14,3,4,20,6,3,0,2,9,11,5,5,11,0,0,0,15,3,0,0,0,0,6,0,0,0,1,0,0,0,0,0,0,0,0,0,1,0,0,0,0,2,0,0,0,0,2,1,0,0,0,0,8,0,0,0,0,0,0,0,0,0,0,0,0,0,0,0,0,0,0,0,0,0,0,0,0,0,0,0,0,0,0,0,0,0,0,0,0,0,0,0,0,
0,0,0,0,0,0,0,0,0,0,3,8,1,0,1,5,7,1,0,0,0,19,9,1,1,11,2,0,0,0,6,26,12,3,3,16,6,4,0,0,0,0,17,7,1,3,5,0,0,0,3,6,11,0,1,2,10,1,3,12,20,2,0,0,1,14,2,1,6,26,5,2,11,21,3,0,4,14,8,1,0,0,13,19,6,0,2,33,12,0,0,0,26,24,3,0,6,33,12,0,0,7,6,2,3,11,6,0,0,4,9,7,1,4,32,25,5,3,19,3,0,0,0,1,33,18,2,3,17,15,7,1,19,4,0,0,8,25,10,2,6,19,0,0,0,10,4,0,0,0,0,8,0,0,0,2,0,0,0,0,0,1,1,0,0,3,0,0,0,0,3,0,0,0,0,3,2,0,0,0,0,2,0,0,0,0,0,0,0,0,0,0,0,0,0,0,0,0,0,0,0,0,0,0,0,0,0,0,0,0,0,0,0,0,0,0,0,0,0,0,0,0,
0,0,0,0,0,0,0,0,0,0,2,6,5,4,2,5,8,1,0,0,0,24,14,2,6,20,2,0,0,0,3,38,15,1,3,20,3,0,0,0,0,2,11,3,5,10,8,0,0,0,4,10,17,4,3,13,17,4,5,20,16,3,0,0,8,19,3,2,11,18,1,6,18,26,1,0,4,15,6,0,0,0,17,19,4,0,3,32,10,0,0,2,21,24,1,0,4,33,15,1,2,12,11,3,4,26,8,2,0,2,17,15,5,5,20,15,2,5,23,7,0,0,0,3,29,22,1,5,24,23,3,2,25,13,3,0,7,22,14,2,8,24,1,0,0,11,5,0,0,0,0,18,0,0,0,6,3,0,0,0,0,3,0,0,0,3,0,0,0,0,3,0,0,0,0,3,0,0,0,0,0,5,0,0,0,0,0,0,0,0,0,0,0,0,0,1,0,0,0,0,0,0,0,0,0,0,0,0,0,0,0,0,0,0,0,0,0,0,0,0,0,0,
0,0,0,0,0,0,0,0,0,0,4,7,0,0,0,3,3,0,0,0,0,11,14,5,0,10,2,0,0,0,4,17,14,1,4,29,6,0,0,0,0,2,7,5,2,6,10,0,0,0,1,4,13,0,5,12,18,2,6,22,15,2,0,0,6,8,0,2,11,13,0,0,8,24,3,0,3,7,10,6,0,0,4,15,1,0,3,26,13,0,0,5,29,29,5,0,2,25,23,2,2,20,19,7,4,18,11,2,0,2,8,7,1,1,19,22,2,4,17,0,0,0,0,1,25,19,1,2,21,10,5,4,24,8,1,0,6,17,14,6,5,18,6,0,0,8,3,0,0,0,0,9,2,0,0,2,0,0,0,0,0,0,0,0,0,0,0,0,0,0,3,0,0,0,0,2,1,0,0,0,0,2,0,0,0,0,0,0,0,0,0,0,0,0,0,0,0,0,0,0,0,0,0,0,0,0,0,0,0,0,0,0,0,0,0,1,0,0,0,0,0,0,
0,0,0,0,0,0,0,0,0,0,0,4,1,1,0,3,5,1,0,0,0,11,9,1,3,16,1,0,0,0,2,35,13,7,1,12,8,2,0,0,0,1,19,7,3,17,16,0,0,0,4,12,21,6,6,21,16,0,4,9,12,4,0,0,8,9,0,2,8,24,4,0,7,14,2,0,2,3,13,4,0,0,9,16,3,0,4,24,12,0,0,1,16,22,2,0,2,20,21,3,4,13,15,3,2,19,12,5,0,1,17,12,2,1,15,24,4,1,16,4,0,0,0,3,23,20,6,1,18,18,4,3,20,15,7,0,3,16,12,4,4,11,2,0,0,5,5,0,0,0,0,10,1,0,0,0,0,0,0,0,0,0,0,0,0,0,0,0,0,0,3,0,0,0,0,2,2,0,0,0,0,4,0,0,0,0,0,0,0,0,0,0,0,0,0,1,0,0,0,0,0,0,0,0,0,0,0,0,0,0,0,1,0,0,0,2,0,0,0,0,0,0,
0,0,0,0,0,0,0,0,0,0,3,7,6,2,0,2,6,1,0,0,0,17,12,1,0,7,1,0,0,0,4,33,15,5,2,23,10,4,0,0,0,1,9,5,7,19,13,0,0,0,3,10,10,2,4,14,14,3,1,6,15,0,0,0,2,14,4,1,11,24,4,5,16,22,2,0,0,7,13,4,0,0,6,13,1,0,3,27,10,0,0,3,20,22,4,0,4,24,14,2,5,21,17,6,2,27,11,4,0,4,16,19,4,4,15,20,1,1,18,3,0,0,0,1,24,21,4,2,18,19,5,4,27,8,0,0,4,16,18,5,2,13,5,0,0,5,2,0,0,0,0,7,0,0,0,0,0,0,0,0,0,1,0,0,0,0,0,0,0,0,3,0,0,0,0,2,1,0,0,0,0,7,0,0,0,0,1,0,0,0,0,0,0,0,0,0,0,0,0,0,0,0,0,0,0,0,1,0,0,0,0,0,0,0,0,3,0,0,0,0,0,0,
0,0,0,0,0,0,0,0,0,0,7,11,2,1,0,6,9,6,0,0,0,18,10,1,4,17,6,0,0,0,5,45,16,4,3,22,12,0,0,0,0,6,9,5,7,15,12,0,0,0,5,12,14,1,4,11,14,2,6,15,15,1,0,0,6,22,1,4,11,21,5,3,14,27,2,0,3,9,15,5,0,0,9,15,3,0,6,28,6,0,0,0,11,18,0,0,1,24,16,0,1,17,12,3,6,26,9,3,0,0,8,8,3,2,12,25,5,2,13,6,0,0,0,0,20,21,1,4,26,12,2,2,17,7,1,0,0,20,10,1,2,15,3,0,0,9,2,0,0,0,0,4,0,0,0,1,0,0,0,0,0,1,0,0,0,1,0,0,0,0,3,0,0,0,0,1,1,0,0,0,0,9,0,0,0,0,0,0,0,0,1,0,0,0,0,2,0,0,0,0,0,0,0,0,0,0,0,0,0,0,0,1,0,0,0,1,0,0,0,0,0,0,
0,0,0,0,0,0,0,0,0,0,6,10,6,2,0,10,15,5,0,0,0,20,14,4,2,9,6,0,0,0,8,39,11,0,1,25,21,7,0,0,0,0,12,4,7,21,31,0,0,0,4,13,13,1,6,14,24,0,6,16,22,2,0,0,13,32,4,1,16,25,6,0,17,22,5,0,4,13,16,4,0,0,10,18,4,0,4,22,8,0,0,0,14,24,2,0,3,16,8,0,3,10,14,2,1,13,8,3,0,4,10,7,0,4,12,21,1,0,7,5,0,0,0,4,25,21,1,1,14,13,3,2,19,7,0,0,3,18,15,5,4,14,2,0,0,5,5,0,0,0,0,5,1,0,0,3,1,0,0,0,0,1,1,0,0,5,0,0,0,0,3,0,0,0,0,4,2,0,0,0,0,5,0,0,0,0,1,0,0,0,0,0,0,0,0,0,0,0,0,0,0,0,0,0,0,0,1,0,0,0,0,1,0,0,0,1,0,0,0,0,0,0,
0,0,0,0,0,0,0,0,0,0,0,0,0,0,0,0,0,0,0,0,0,0,0,0,0,0,0,0,0,0,0,0,0,0,0,0,0,0,0,0,0,0,0,0,0,0,0,0,0,0,0,0,0,0,0,0,0,0,0,0,0,0,0,0,0,0,0,0,0,0,0,0,0,0,0,0,0,0,0,0,0,0,0,0,0,0,0,0,0,0,0,0,0,0,0,0,0,0,0,0,0,0,0,0,0,0,0,0,0,0,0,0,0,0,0,0,0,0,0,0,0,0,0,0,0,0,0,0,0,0,0,0,0,0,0,0,0,0,0,0,0,0,0,0,0,0,0,0,0,0,0,0,0,0,0,0,0,0,0,0,0,0,0,0,0,0,0,0,0,0,0,0,0,0,0,0,0,0,0,0,0,0,0,0,0,0,0,0,0,0,0,0,0,0,0,0,0,0,0,0,0,0,0,0,0,0,0,0,0,0,0,0,0,0,0,0,0,0,0,0,0,0,
0,0,0,0,0,0,0,0,0,0,4,8,2,1,0,11,12,5,0,0,0,15,11,2,7,20,4,0,0,0,0,23,18,4,3,30,11,1,0,0,0,4,3,3,5,17,13,0,0,0,0,0,0,0,0,0,0,0,0,0,0,0,0,0,3,8,0,2,13,20,5,1,10,20,4,0,2,8,11,4,0,0,11,19,7,0,2,20,9,0,0,2,15,25,3,0,4,31,18,2,5,20,20,1,3,16,9,4,0,3,11,14,1,4,15,17,3,3,17,6,0,0,0,4,24,19,3,4,25,13,3,3,27,15,0,0,1,12,12,1,5,21,3,0,0,6,4,0,0,0,0,8,1,0,0,0,2,0,0,0,0,1,0,0,0,1,2,0,0,0,3,0,0,0,0,2,1,0,0,0,0,4,0,0,0,0,1,0,0,0,1,0,0,0,0,1,0,0,0,0,0,0,0,0,0,0,0,0,0,0,0,1,0,0,0,1,0,0,0,0,0,0,
0,0,0,0,0,0,0,0,0,0,7,14,10,2,4,14,10,2,0,0,0,18,9,0,4,25,2,0,0,0,0,19,13,1,1,30,9,0,0,0,0,4,5,3,5,15,9,0,0,0,0,0,0,0,0,0,0,0,0,0,0,0,0,0,0,15,2,2,10,13,1,4,15,34,6,0,4,15,10,2,0,0,4,20,0,0,6,30,14,0,0,0,11,30,5,0,4,25,18,2,6,20,26,5,3,17,11,3,0,2,16,12,2,4,13,28,3,0,10,4,0,0,0,0,24,21,1,1,21,10,4,5,29,16,3,0,1,12,10,2,5,18,4,0,0,8,7,0,0,0,0,6,1,0,0,0,1,0,0,0,0,1,0,0,0,0,1,0,0,0,2,0,0,0,0,2,3,0,0,0,0,7,2,0,0,0,0,1,0,0,0,1,0,0,0,0,0,0,0,0,0,0,0,0,0,0,0,0,0,0,0,1,0,0,0,1,0,0,0,0,0,0,
0,0,0,0,0,0,0,0,0,0,10,16,8,2,2,12,12,5,0,0,0,13,14,2,6,19,0,0,0,0,0,24,22,4,2,26,10,1,0,0,0,0,9,2,7,21,16,0,0,0,0,0,0,0,0,0,0,0,0,0,0,0,0,0,5,13,0,4,12,21,1,0,4,24,5,0,3,11,15,5,0,0,6,19,1,0,4,27,6,0,0,2,15,19,2,0,1,32,19,1,7,32,25,3,3,29,10,4,0,0,14,9,3,1,12,17,4,0,11,2,0,0,0,0,18,19,3,5,24,15,4,4,26,16,3,0,1,14,14,3,3,14,2,0,0,2,6,0,0,0,0,10,1,0,0,1,0,0,0,0,0,1,1,0,0,2,0,0,0,0,1,1,0,0,0,3,2,0,0,0,0,5,0,0,0,0,0,1,0,0,0,1,0,0,0,3,0,0,0,0,0,0,0,0,0,0,1,0,0,0,0,0,0,0,0,0,0,0,0,0,0,0,
0,0,0,0,0,0,0,0,0,0,7,12,3,0,2,18,6,0,0,0,0,15,11,5,0,13,0,0,0,0,2,28,17,6,5,45,14,1,0,0,0,4,8,4,7,18,18,0,0,0,0,0,0,0,0,0,0,0,0,0,0,0,0,0,1,20,4,2,17,18,2,2,12,30,3,0,8,19,8,3,0,0,4,20,2,0,5,30,6,0,0,1,11,16,2,0,4,39,20,1,4,27,18,3,3,26,12,4,0,4,17,13,2,3,9,26,1,4,14,1,0,0,0,0,20,17,0,2,22,18,5,1,16,14,1,0,3,20,11,1,2,14,1,0,0,4,2,0,0,0,0,9,2,0,0,1,0,0,0,0,0,0,1,0,0,0,0,0,0,0,2,1,0,0,0,2,1,0,0,0,0,5,0,0,0,0,1,0,0,0,1,1,0,0,0,1,0,0,0,0,0,0,0,0,0,0,1,0,0,0,0,1,0,0,0,1,0,0,0,0,0,0,
0,0,0,0,0,0,0,0,0,0,7,22,4,1,2,17,8,5,0,0,0,14,13,2,4,15,2,0,0,0,3,27,12,1,5,40,19,4,0,0,0,1,4,1,3,21,17,0,0,0,0,0,0,0,0,0,0,0,0,0,0,0,0,0,4,19,1,2,12,30,4,1,7,19,4,0,2,13,11,5,0,0,7,19,3,0,4,23,11,0,0,0,14,14,1,0,1,27,17,4,7,29,17,3,2,21,13,1,0,1,26,9,1,2,27,19,1,2,18,10,0,0,0,3,23,16,3,2,16,20,4,5,30,18,2,0,1,18,15,0,3,11,1,0,0,9,5,0,0,0,0,11,2,0,0,5,3,0,0,0,0,4,4,0,0,7,5,0,0,0,5,4,0,0,0,3,4,0,0,0,0,10,1,0,0,0,1,0,0,0,0,0,0,0,0,3,0,0,0,0,0,0,0,0,0,0,0,0,0,0,0,0,0,0,0,0,0,0,0,0,0,0,
0,0,0,0,0,0,0,0,0,0,5,19,8,0,3,12,7,2,0,0,0,19,16,4,6,20,3,0,0,0,4,28,12,2,2,27,22,0,0,0,0,1,6,3,5,16,15,0,0,0,0,0,0,0,0,0,0,0,0,0,0,0,0,0,1,28,2,3,14,34,4,3,15,11,0,0,4,13,11,4,0,0,4,12,3,0,2,11,10,0,0,0,7,21,1,0,3,18,15,2,6,16,22,4,2,19,6,1,0,4,19,9,1,3,17,16,5,5,15,4,0,0,0,3,18,13,1,0,20,22,5,4,26,11,0,0,2,23,17,1,0,7,1,0,0,12,7,0,0,0,0,8,0,0,0,1,2,0,0,0,0,1,0,0,0,3,1,0,0,0,1,0,0,0,0,1,3,0,0,0,0,4,0,0,0,0,1,1,0,0,0,0,0,0,0,1,0,0,0,0,0,0,0,0,0,1,0,0,0,0,0,0,0,0,0,0,0,0,0,0,0,0,
0,0,0,0,0,0,0,0,0,0,5,14,7,2,3,13,12,4,0,0,0,18,14,3,5,25,2,0,0,0,0,23,16,3,4,26,19,3,0,0,0,2,8,3,4,13,9,0,0,0,0,0,0,0,0,0,0,0,0,0,0,0,0,0,4,30,6,2,14,24,3,1,7,21,3,0,4,11,12,3,0,0,4,16,2,0,5,15,6,0,0,4,11,24,2,0,2,12,12,1,2,21,24,5,2,19,19,4,0,6,27,19,2,4,14,14,2,1,13,6,0,0,0,2,24,17,1,3,19,23,4,2,20,12,2,0,2,16,12,2,4,19,2,0,0,6,3,0,0,0,0,6,1,0,0,0,0,0,0,0,0,0,0,0,0,0,0,0,0,0,3,0,0,0,0,2,1,0,0,0,0,6,0,0,0,0,1,0,0,0,0,0,0,0,0,0,0,0,0,0,0,0,0,0,0,0,0,0,0,0,0,1,0,0,0,1,0,0,0,0,0,0,
0,0,0,0,0,0,0,0,0,0,7,23,10,1,3,19,9,5,0,0,0,14,8,1,4,18,1,0,0,0,1,21,9,1,2,30,19,4,0,0,0,7,5,3,4,12,11,0,0,0,0,0,0,0,0,0,0,0,0,0,0,0,0,0,1,22,6,0,12,24,4,0,5,20,4,0,3,7,12,2,0,0,3,7,1,0,4,18,5,0,0,1,7,18,1,0,6,24,14,3,4,22,17,2,2,20,7,1,0,4,19,6,2,2,13,20,2,4,21,2,0,0,0,3,24,17,2,3,21,20,3,4,22,16,2,0,1,17,13,3,2,17,5,0,0,13,4,0,0,0,0,10,2,0,0,1,0,0,0,0,0,0,0,0,0,2,0,0,0,0,2,0,0,0,0,3,2,0,0,0,0,6,1,0,0,0,1,0,0,0,0,0,0,0,0,1,0,0,0,0,0,0,0,0,0,0,0,0,0,0,0,0,0,0,0,1,0,0,0,0,0,0,
0,0,0,0,0,0,0,0,0,0,4,18,4,2,1,12,10,2,0,0,0,13,12,4,2,16,1,0,0,0,1,22,17,2,2,26,11,0,0,0,0,2,7,5,8,13,10,0,0,0,0,0,0,0,0,0,0,0,0,0,0,0,0,0,5,20,5,2,12,26,6,3,10,24,4,0,3,9,4,0,0,0,7,11,2,0,3,11,6,0,0,1,9,20,6,0,5,29,18,0,3,32,22,3,4,38,22,4,0,3,19,9,2,3,15,25,2,1,13,3,0,0,0,4,25,17,1,3,22,17,4,0,20,24,4,0,2,18,13,0,1,12,1,0,0,7,7,0,0,0,0,13,1,0,0,0,2,0,0,0,0,0,0,0,0,0,1,0,0,0,0,0,0,0,0,2,1,0,0,0,0,5,0,0,0,0,0,0,0,0,0,0,0,0,0,0,0,0,0,0,0,0,0,0,0,0,0,0,0,0,0,1,0,0,0,2,0,0,0,0,0,0,
0,0,0,0,0,0,0,0,0,0,9,21,12,3,2,20,13,3,0,0,0,15,10,0,1,13,1,0,0,0,0,29,21,6,3,40,14,0,0,0,0,3,11,4,4,11,10,0,0,0,0,0,0,0,0,0,0,0,0,0,0,0,0,0,0,17,4,1,16,35,2,1,7,20,6,0,8,22,4,0,0,0,0,14,1,0,0,11,5,0,0,2,18,11,3,0,3,19,15,1,2,18,22,5,1,22,12,1,0,5,24,13,0,5,22,20,1,2,27,1,0,0,0,2,22,18,3,2,29,28,8,6,32,22,1,0,2,27,20,0,2,17,5,0,0,10,4,0,0,0,0,12,1,0,0,0,1,0,0,0,0,1,0,0,0,0,0,0,0,0,2,1,0,0,0,2,0,0,0,0,0,7,0,0,0,0,1,0,0,0,0,0,0,0,0,1,0,0,0,0,0,0,0,0,0,0,1,0,0,0,0,0,0,0,0,1,0,0,0,0,0,0,
0,0,0,0,0,0,0,0,0,0,6,24,16,5,4,17,11,7,0,0,0,9,11,2,0,8,1,0,0,0,0,21,14,1,3,38,23,2,0,0,0,7,3,1,1,8,7,0,0,0,0,0,0,0,0,0,0,0,0,0,0,0,0,0,3,21,5,1,5,21,3,2,10,18,2,0,1,11,7,3,0,0,2,15,5,0,3,21,6,0,0,0,10,26,4,0,4,31,18,0,1,18,22,4,2,26,14,1,0,3,15,10,2,1,10,27,6,4,19,10,0,0,0,1,21,15,1,2,18,13,0,1,16,13,0,0,5,21,17,2,1,11,4,0,0,11,6,0,0,0,0,7,1,0,0,1,1,0,0,0,0,0,1,0,0,1,0,0,0,0,2,1,0,0,0,3,3,0,0,0,0,8,0,0,0,0,0,0,0,0,0,0,0,0,0,0,0,0,0,0,0,0,0,0,0,0,0,0,0,0,0,1,0,0,0,1,0,0,0,0,0,0,
0,0,0,0,0,0,0,0,0,0,2,19,9,2,1,14,11,5,0,0,0,11,9,1,6,20,2,0,0,0,0,24,14,3,1,34,23,3,0,0,0,6,4,3,2,6,15,0,0,0,0,0,0,0,0,0,0,0,0,0,0,0,0,0,3,18,0,4,9,29,2,3,16,17,1,0,3,8,6,2,0,0,3,16,4,0,4,18,11,0,0,2,19,21,3,0,7,29,14,1,3,18,22,4,1,23,7,2,0,1,12,10,0,1,17,12,2,3,20,4,0,0,0,2,22,18,3,2,15,19,7,8,32,18,1,0,1,22,10,1,1,18,6,0,0,9,7,0,0,0,0,11,1,0,0,1,1,0,0,0,0,0,0,0,0,2,0,0,0,0,2,0,0,0,0,2,2,0,0,0,0,7,0,0,0,0,0,0,0,0,0,0,0,0,0,0,0,0,0,0,0,0,0,0,0,0,1,0,0,0,0,1,0,0,0,1,0,0,0,0,0,0,
0,0,0,0,0,0,0,0,0,0,7,20,14,6,3,11,9,3,0,0,0,17,10,3,5,14,2,0,0,0,1,32,22,0,3,43,18,0,0,0,0,3,5,1,0,9,5,0,0,0,0,0,0,0,0,0,0,0,0,0,0,0,0,0,2,26,4,2,10,20,4,2,15,17,4,0,0,8,14,0,0,0,4,7,1,0,1,7,3,0,0,3,23,18,1,0,2,19,14,0,2,18,18,2,2,33,14,2,0,4,25,19,3,2,17,17,4,0,9,9,0,0,0,3,22,16,1,2,21,28,6,5,24,17,1,0,4,26,16,2,2,15,8,0,0,12,4,0,0,0,0,9,2,0,0,0,1,0,0,0,0,0,0,0,0,0,0,0,0,0,2,0,0,0,0,2,1,0,0,0,0,4,0,0,0,0,1,0,0,0,0,0,0,0,0,0,0,0,0,0,0,0,0,0,0,0,0,0,0,0,0,0,0,0,0,0,0,0,0,0,0,0,
0,0,0,0,0,0,0,0,0,0,7,28,12,5,1,16,13,4,0,0,0,18,7,2,1,11,3,0,0,0,4,41,12,2,0,33,18,2,0,0,0,7,10,6,1,5,9,0,0,0,0,0,0,0,0,0,0,0,0,0,0,0,0,0,1,13,1,4,9,19,5,0,9,17,1,0,3,7,11,1,0,0,9,7,1,0,3,17,6,0,0,0,4,19,2,0,4,21,9,3,5,22,16,1,7,33,19,6,0,3,16,12,0,2,17,15,1,3,20,13,0,0,0,4,27,21,3,5,23,20,7,1,31,22,3,0,4,31,18,3,2,18,6,0,0,10,7,0,0,0,0,10,3,0,0,0,0,0,0,0,0,0,1,0,0,0,0,0,0,0,3,1,0,0,0,1,2,0,0,0,0,7,1,0,0,0,0,1,0,0,0,0,0,0,0,0,0,0,0,0,0,0,0,0,0,0,0,0,0,0,0,1,0,0,0,0,0,0,0,0,0,0,
0,0,0,0,0,0,0,0,0,0,4,15,24,8,4,20,13,5,0,0,0,15,15,5,3,18,3,0,0,0,3,35,25,2,4,36,26,3,0,0,0,6,7,3,5,14,1,0,0,0,0,0,0,0,0,0,0,0,0,0,0,0,0,0,5,17,2,4,7,28,5,1,10,15,2,0,2,6,6,2,0,0,3,17,3,0,4,18,6,0,0,1,12,24,5,0,3,17,11,2,1,25,22,3,6,38,18,5,0,2,31,16,0,1,11,17,1,3,21,8,0,0,0,1,23,23,3,3,26,21,2,2,23,13,0,0,1,29,19,3,3,13,6,0,0,11,7,0,0,0,0,15,5,0,0,1,1,0,0,0,0,1,1,0,0,0,1,0,0,0,2,0,0,0,0,1,1,0,0,0,0,6,0,0,0,0,0,1,0,0,0,0,0,0,0,0,0,0,0,0,0,0,0,0,0,0,1,0,0,0,0,0,0,0,0,0,0,0,0,0,0,0,
0,0,0,0,0,0,0,0,0,0,2,12,15,6,1,14,4,2,0,0,0,10,10,1,1,19,1,0,0,0,0,20,15,3,2,28,16,3,0,0,0,0,12,5,2,5,5,0,0,0,0,0,0,0,0,0,0,0,0,0,0,0,0,0,3,22,3,3,12,18,4,2,7,18,0,0,1,10,9,3,0,0,1,17,3,0,5,19,6,0,0,3,14,18,2,0,2,13,10,0,0,17,21,5,2,27,11,3,0,3,27,10,0,3,13,12,2,2,16,7,0,0,0,4,23,17,1,2,19,28,7,2,19,21,9,0,2,29,23,1,0,15,1,0,0,10,8,0,0,0,0,12,0,0,0,2,2,0,0,0,0,1,0,0,0,0,0,0,0,0,2,0,0,0,0,1,2,0,0,0,0,7,1,0,0,0,1,0,0,0,0,0,0,0,0,0,0,0,0,0,0,0,0,0,0,0,1,0,0,0,0,1,0,0,0,3,0,0,0,0,0,0,
0,0,0,0,0,0,0,0,0,0,3,14,10,1,5,18,9,4,0,0,0,10,12,5,2,10,6,0,0,0,0,22,13,3,2,27,19,2,0,0,0,1,6,2,1,6,4,0,0,0,0,0,0,0,0,0,0,0,0,0,0,0,0,0,4,16,4,1,8,20,2,3,8,26,6,0,4,20,11,2,0,0,1,7,1,0,4,14,4,0,0,2,8,17,0,0,2,15,12,0,2,18,16,2,2,31,20,5,0,2,25,9,2,1,13,10,0,1,21,6,0,0,0,1,20,21,1,2,19,18,4,3,22,11,2,0,4,15,14,0,0,17,3,0,0,10,10,0,0,0,0,12,3,0,0,2,1,0,0,0,0,0,0,0,0,0,0,0,0,0,0,0,0,0,0,0,3,0,0,0,0,7,0,0,0,0,1,1,0,0,0,0,0,0,0,0,0,0,0,0,0,0,0,0,0,0,0,0,0,0,0,0,0,0,0,2,0,0,0,0,0,0,
0,0,0,0,0,0,0,0,0,0,4,20,16,5,4,16,8,3,0,0,0,3,3,0,5,19,0,0,0,0,1,19,9,0,6,40,19,2,0,0,0,1,11,6,2,10,4,0,0,0,0,0,0,0,0,0,0,0,0,0,0,0,0,0,1,19,1,4,18,19,0,1,7,15,1,0,4,16,16,2,0,0,2,6,0,0,3,13,7,0,0,1,14,12,1,0,3,19,15,0,4,25,16,3,6,26,15,5,0,3,26,7,0,2,19,18,2,3,15,8,0,0,0,3,31,28,5,4,23,28,5,7,25,13,1,0,2,25,14,0,1,11,5,0,0,9,9,0,0,0,0,10,4,0,0,2,1,0,0,0,0,1,0,0,0,3,0,0,0,0,0,0,0,0,0,1,2,0,0,0,0,4,0,0,0,0,1,1,0,0,0,0,0,0,0,0,0,0,0,0,0,0,0,0,0,0,0,0,0,0,0,1,0,0,0,0,0,0,0,0,0,0,
0,0,0,0,0,0,0,0,0,0,3,19,8,3,1,18,11,4,0,0,0,6,3,0,2,11,3,0,0,0,3,22,18,5,1,30,23,1,0,0,0,1,8,3,1,6,7,0,0,0,0,0,0,0,0,0,0,0,0,0,0,0,0,0,2,17,3,1,10,19,2,5,11,11,0,0,7,15,19,7,0,0,2,8,3,0,2,12,2,0,0,1,11,16,3,0,2,11,6,2,5,14,19,0,2,22,13,4,0,3,16,9,1,4,16,24,4,2,14,6,0,0,0,1,27,22,1,4,16,25,8,2,25,19,3,0,2,25,18,1,1,16,10,0,0,11,9,0,0,0,0,10,4,0,0,0,2,0,0,0,0,2,1,0,0,1,2,0,0,0,2,1,0,0,0,2,2,0,0,0,0,6,0,0,0,0,1,0,0,0,0,0,0,0,0,0,0,0,0,0,0,0,0,0,0,0,0,0,0,0,0,2,0,0,0,2,0,0,0,0,0,0,
0,0,0,0,1,0,0,0,0,0,4,17,6,0,0,12,8,6,0,0,0,9,11,3,3,20,2,0,0,0,1,23,22,3,3,27,13,1,0,0,0,3,7,3,3,13,6,0,0,0,0,0,0,0,0,0,0,0,0,0,0,0,0,0,1,17,3,3,17,21,3,2,8,18,2,0,3,16,20,6,0,0,2,4,1,0,5,16,4,0,0,1,7,11,3,0,2,19,9,1,1,16,20,6,1,29,17,3,0,3,13,9,0,4,12,21,1,2,14,4,0,0,0,1,22,14,3,2,30,16,3,5,23,18,1,0,1,24,19,2,1,16,8,0,0,13,6,0,0,0,0,14,5,0,0,0,0,0,0,0,0,4,2,0,0,0,0,0,0,0,2,0,0,0,0,2,2,0,0,0,0,8,1,0,0,0,1,0,0,0,0,0,0,0,0,0,0,0,0,0,0,0,0,0,0,0,0,0,0,0,0,1,0,0,0,2,0,0,0,0,0,0,
0,0,0,0,0,0,0,0,0,0,4,18,10,3,2,15,15,4,0,0,0,8,7,0,4,13,1,0,0,0,3,20,16,3,4,26,25,4,0,0,0,1,6,1,2,14,15,0,0,0,0,0,0,0,0,0,0,0,0,0,0,0,0,0,2,14,0,2,13,27,2,3,13,23,1,0,5,13,16,0,0,0,2,8,4,0,9,23,5,0,0,4,8,12,1,0,1,15,6,0,0,23,24,1,2,24,12,0,0,3,19,15,0,3,15,24,7,1,11,5,0,0,0,2,22,9,2,4,19,19,4,5,28,10,1,0,3,20,21,3,3,10,4,0,0,11,7,0,0,0,0,12,3,0,0,2,0,0,0,0,0,3,1,0,0,0,0,0,0,0,2,0,0,0,0,3,1,0,0,0,0,3,0,0,0,0,1,0,0,0,0,0,0,0,0,0,0,0,0,0,0,0,0,0,0,0,0,0,0,0,0,0,0,0,0,2,0,0,0,0,0,0,
0,0,0,0,0,0,0,0,0,0,5,19,13,2,4,17,17,4,0,0,0,14,11,2,4,13,1,0,0,0,1,5,9,0,3,33,16,2,0,0,0,0,6,3,1,13,9,0,0,0,0,0,0,0,0,0,0,0,0,0,0,0,0,0,0,26,5,3,22,26,3,2,16,30,2,0,3,14,9,1,0,0,2,4,0,0,3,10,2,0,0,1,11,7,4,0,4,21,14,3,5,21,22,4,6,30,10,3,0,4,22,15,2,0,8,17,0,6,17,8,0,0,0,3,24,15,0,4,15,22,6,3,23,15,5,0,5,28,24,2,3,18,5,0,0,6,11,0,0,0,0,11,3,0,0,2,1,0,0,0,0,1,0,0,0,0,0,0,0,0,3,0,0,0,0,2,2,0,0,0,0,5,0,0,0,0,1,0,0,0,0,0,0,0,0,0,0,0,0,0,0,0,0,0,0,0,1,0,0,0,0,0,0,0,0,1,0,0,0,0,0,0,
0,0,0,0,0,0,0,0,0,0,2,14,8,1,3,27,23,3,0,0,0,10,12,0,3,13,4,0,0,0,0,21,17,5,3,32,22,3,0,0,0,1,9,4,2,22,14,0,0,0,0,0,0,0,0,0,0,0,0,0,0,0,0,0,5,25,6,4,17,29,4,5,22,23,0,0,2,19,11,2,0,0,1,12,5,0,7,20,2,0,0,1,9,7,2,0,4,18,11,3,3,21,16,4,2,26,16,4,0,2,15,11,4,2,12,13,3,2,12,3,0,0,0,4,15,12,3,8,26,16,5,5,22,18,3,0,2,20,17,3,2,19,6,0,0,7,10,0,0,0,0,10,2,0,0,2,0,0,0,0,0,0,0,0,0,0,0,0,0,0,2,0,0,0,0,1,2,0,0,0,0,4,0,0,0,0,0,0,0,0,0,0,0,0,0,1,0,0,0,0,0,0,0,0,0,0,0,0,0,0,0,1,0,0,0,3,0,0,0,0,0,0,
0,0,0,0,0,0,0,0,0,0,2,12,14,0,2,18,10,3,0,0,0,8,9,3,2,14,0,0,0,0,0,14,9,2,4,33,15,0,0,0,0,0,13,3,3,19,21,0,0,0,0,0,0,0,0,0,0,0,0,0,0,0,0,0,4,23,4,4,23,23,0,3,17,16,2,0,3,12,22,4,0,0,1,8,4,0,6,11,1,0,0,3,7,6,2,0,4,18,13,1,5,24,25,2,4,21,13,3,0,4,15,7,0,4,15,15,5,0,8,0,0,0,0,3,15,12,4,4,16,12,4,4,17,6,0,0,0,24,17,1,3,12,6,0,0,7,9,0,0,0,0,13,2,0,0,1,2,0,0,0,0,2,0,0,0,3,1,0,0,0,4,0,0,0,0,1,2,0,0,0,0,3,0,0,0,0,1,0,0,0,0,0,0,0,0,0,0,0,0,0,0,0,0,0,0,0,1,0,0,0,0,1,0,0,0,2,0,0,0,0,0,0,
0,0,0,0,0,0,0,0,0,0,2,15,8,0,3,16,12,1,0,0,0,14,6,0,5,22,6,0,0,0,1,21,18,0,4,24,13,2,0,0,0,1,24,6,5,19,18,0,0,0,0,0,0,0,0,0,0,0,0,0,0,0,0,0,1,26,3,4,21,18,2,2,21,25,0,0,3,14,12,3,0,0,1,8,2,0,4,14,2,0,0,2,5,2,2,0,6,14,5,4,6,18,16,3,5,19,8,1,0,3,10,4,1,2,3,7,2,4,7,2,0,0,0,0,11,13,5,4,14,20,3,6,25,11,2,0,1,15,20,3,4,16,6,0,0,12,7,0,0,0,0,9,5,0,0,1,1,0,0,0,0,2,1,0,0,0,0,0,0,0,4,0,0,0,0,3,1,0,0,0,0,5,0,0,0,0,2,0,0,0,0,0,0,0,0,0,0,0,0,0,0,0,0,0,0,0,0,0,0,0,0,0,0,0,0,0,0,0,0,0,0,0,
0,0,0,0,0,0,0,0,0,0,0,0,0,0,0,0,0,0,0,0,0,0,0,0,0,0,0,0,0,0,0,0,0,0,0,0,0,0,0,0,0,0,0,0,0,0,0,0,0,0,0,0,0,0,0,0,0,0,0,0,0,0,0,0,0,0,0,0,0,0,0,0,0,0,0,0,0,0,0,0,0,0,0,0,0,0,0,0,0,0,0,0,0,0,0,0,0,0,0,0,0,0,0,0,0,0,0,0,0,0,0,0,0,0,0,0,0,0,0,0,0,0,0,0,0,0,0,0,0,0,0,0,0,0,0,0,0,0,0,0,0,0,0,0,0,0,0,0,0,0,0,0,0,0,0,0,0,0,0,0,0,0,0,0,0,0,0,0,0,0,0,0,0,0,0,0,0,0,0,0,0,0,0,0,0,0,0,0,0,0,0,0,0,0,0,0,0,0,0,0,0,0,0,0,0,0,0,0,0,0,0,0,0,0,0,0,0,0,0,0,0,0,
0,0,0,0,0,0,0,0,0,0,5,32,16,1,4,23,14,1,0,0,0,9,10,3,1,9,3,0,0,0,2,22,17,2,3,27,16,1,0,0,0,0,14,3,1,18,15,0,0,0,0,0,0,0,0,0,0,0,0,0,0,0,0,0,2,14,1,1,12,16,1,5,16,14,2,0,5,16,20,2,0,0,0,7,5,0,4,14,1,0,0,1,4,7,1,0,5,9,3,0,2,16,18,5,2,15,8,0,0,1,5,4,0,1,10,7,1,1,6,5,0,0,0,2,10,14,7,4,14,11,5,5,23,18,3,0,1,21,17,3,3,22,5,0,0,13,8,0,0,0,0,14,3,0,0,3,2,0,0,0,0,4,2,0,0,2,1,0,0,0,5,2,0,0,0,3,1,0,0,0,0,11,2,0,0,0,1,1,0,0,0,0,0,0,0,3,1,0,0,0,0,0,0,0,0,0,0,0,0,0,0,1,0,0,2,0,0,0,0,0,0,0,
0,0,0,0,0,0,0,0,0,0,4,33,27,5,2,30,19,3,0,0,0,13,10,2,0,11,4,0,0,0,0,16,20,5,3,19,12,1,0,0,0,2,16,7,1,15,20,0,0,0,0,0,0,0,0,0,0,0,0,0,0,0,0,0,3,22,2,3,22,21,4,4,19,13,2,0,4,20,14,0,0,0,2,6,3,0,5,13,1,0,0,5,7,11,3,0,3,11,1,0,8,17,20,3,0,16,11,3,0,1,11,8,0,1,8,9,0,0,5,3,0,0,0,0,9,11,3,7,24,11,1,4,26,17,2,0,4,28,23,0,1,18,4,0,0,18,10,0,0,0,0,12,5,0,0,6,2,0,0,0,0,6,1,0,0,1,0,0,0,0,2,0,0,0,0,1,0,0,0,0,0,6,1,0,0,0,0,2,0,0,0,0,0,0,0,2,2,0,0,0,0,1,0,0,0,0,1,0,0,0,0,1,0,0,0,0,0,0,0,0,0,0,
0,0,0,0,0,0,0,0,0,0,2,22,20,0,2,22,19,5,0,0,0,19,12,3,4,18,3,0,0,0,2,12,18,1,3,23,12,3,0,0,0,3,17,6,4,21,25,0,0,0,0,0,0,0,0,0,0,0,0,0,0,0,0,0,6,27,5,6,20,16,0,1,12,27,3,0,4,17,23,1,0,0,0,6,2,0,3,7,3,0,0,2,3,10,7,0,1,4,1,0,0,12,14,4,2,12,2,0,0,1,9,6,0,3,12,8,2,1,9,5,0,0,0,2,21,12,6,4,22,12,4,6,21,14,2,0,9,38,19,3,3,20,7,0,0,12,11,0,0,0,0,12,3,0,0,3,2,0,0,0,0,2,0,0,0,0,1,0,0,0,2,1,0,0,0,2,2,0,0,0,0,4,0,0,0,0,2,0,0,0,0,0,0,0,0,3,0,0,0,0,0,0,0,0,0,0,1,0,0,0,0,1,0,0,0,2,0,0,0,0,0,0,
0,0,0,0,0,0,0,0,0,0,3,19,28,5,4,26,23,5,0,0,0,11,14,3,5,22,7,0,0,0,1,16,17,2,2,21,13,2,0,0,0,1,14,5,2,19,18,0,0,0,0,0,0,0,0,0,0,0,0,0,0,0,0,0,4,28,5,0,6,18,1,2,14,18,0,0,4,17,13,1,0,0,4,7,1,0,2,2,1,0,0,0,0,8,3,0,4,4,5,3,1,9,12,1,2,14,10,4,0,3,11,11,0,4,16,9,0,3,12,3,0,0,0,2,17,8,4,2,25,15,5,6,29,17,3,0,1,29,20,3,4,25,3,0,0,11,8,0,0,0,0,17,2,0,0,3,2,0,0,0,0,2,0,0,0,2,0,0,0,0,0,1,0,0,0,0,2,0,0,0,0,4,0,0,0,0,0,0,0,0,0,0,0,0,0,2,0,0,0,0,0,0,0,0,0,0,0,0,0,0,0,0,0,0,0,2,0,0,0,0,0,0,
0,0,0,0,0,0,0,0,0,0,1,19,19,1,6,31,24,5,0,0,0,9,18,2,3,25,4,0,0,0,3,21,14,2,4,26,14,2,0,0,0,2,13,4,6,23,17,0,0,0,0,0,0,0,0,0,0,0,0,0,0,0,0,0,4,20,3,2,16,18,0,0,13,26,4,0,1,16,22,2,0,0,2,18,4,0,3,7,1,0,0,4,5,11,4,0,3,10,2,0,1,12,20,7,3,13,6,2,0,5,14,15,2,7,23,16,5,1,16,5,0,0,0,3,26,14,3,2,20,18,4,8,34,13,3,0,4,24,30,4,3,23,9,0,0,7,7,0,0,0,0,26,4,0,0,3,1,0,0,0,0,5,1,0,0,7,0,0,0,0,4,1,0,0,0,2,2,0,0,0,0,7,1,0,0,0,1,0,0,0,0,0,0,0,0,3,0,0,0,0,0,0,0,0,0,0,0,0,0,0,0,0,0,0,0,4,0,0,0,0,0,0,
0,0,0,0,0,0,0,0,0,0,2,15,20,3,3,32,27,7,0,0,0,19,17,0,3,21,3,0,0,0,1,19,9,0,5,24,13,0,0,0,0,0,12,3,2,28,25,0,0,0,0,0,0,0,0,0,0,0,0,0,0,0,0,0,5,16,0,2,19,21,2,2,16,19,3,0,2,19,24,8,0,0,7,10,2,0,6,8,3,0,0,2,2,6,2,0,1,10,8,2,1,7,12,4,5,15,12,3,0,4,15,11,1,1,19,13,2,4,20,3,0,0,0,1,24,14,3,3,19,17,6,2,15,15,2,0,4,30,18,2,1,17,4,0,0,14,8,0,0,0,0,15,3,0,0,4,2,0,0,0,0,6,1,0,0,3,0,0,0,0,4,1,0,0,0,3,0,0,0,0,0,4,0,0,0,0,2,0,0,0,0,0,0,0,0,3,1,0,0,0,0,0,0,0,0,0,0,0,0,0,0,2,0,0,0,4,0,0,0,0,0,0,
0,0,0,0,1,0,0,0,0,0,4,24,18,3,1,23,19,3,0,0,0,11,15,2,3,18,8,0,0,0,3,24,19,4,4,25,16,4,0,0,0,1,11,2,3,24,24,0,0,0,0,0,0,0,0,0,0,0,0,0,0,0,0,0,4,17,2,4,22,20,2,4,19,29,7,0,6,25,33,4,0,0,9,15,3,0,2,9,2,0,0,1,5,6,1,0,2,7,7,3,1,10,10,5,4,12,8,5,0,4,24,10,4,5,21,13,2,3,16,4,0,0,0,4,14,13,4,6,26,14,8,2,17,10,1,0,2,28,24,2,2,27,7,0,0,14,7,0,0,0,0,12,5,0,0,4,2,0,0,0,0,5,2,0,0,1,0,0,0,0,5,2,0,0,0,3,2,0,0,0,0,6,1,0,0,0,2,1,0,0,0,0,0,0,0,3,2,0,0,0,0,1,0,0,0,0,0,0,0,0,0,1,0,0,1,2,0,0,0,0,0,0,
0,0,0,0,0,0,0,0,0,0,4,24,14,2,4,30,31,3,0,0,0,13,19,2,5,24,6,0,0,0,2,24,18,3,4,24,13,1,0,0,0,1,13,3,7,26,29,0,0,0,0,0,0,0,0,0,0,0,0,0,0,0,0,0,4,16,3,5,22,18,1,3,11,23,4,0,3,21,26,2,0,0,5,13,1,0,0,4,3,0,0,1,6,8,2,0,2,10,8,3,2,9,12,3,8,21,11,4,0,4,21,13,1,2,17,17,3,4,17,8,0,0,0,4,27,13,4,0,20,15,3,5,23,10,1,0,5,34,24,4,5,27,3,0,0,23,7,0,0,0,0,12,3,0,0,8,2,0,0,0,0,7,2,0,0,5,1,0,0,0,2,2,0,0,0,3,0,0,0,0,0,4,0,0,0,0,1,0,0,0,0,0,0,0,0,5,3,0,0,0,0,0,0,0,0,0,0,0,0,0,0,1,0,0,0,5,0,0,0,0,0,0,
0,0,0,0,0,0,0,0,0,0,1,26,13,1,3,28,21,2,0,0,0,17,20,0,7,26,7,0,0,0,5,18,15,1,2,25,9,1,0,0,0,2,7,0,6,31,23,0,0,0,0,0,0,0,0,0,0,0,0,0,0,0,0,0,3,20,1,4,19,21,1,3,14,19,0,0,3,18,22,2,0,0,8,20,2,0,2,7,2,0,0,3,10,5,1,0,5,16,6,0,1,8,19,8,2,17,13,4,0,1,14,9,5,2,22,13,5,2,21,5,0,0,0,6,27,18,6,3,24,13,2,1,23,17,3,0,4,35,25,4,0,18,10,0,0,17,10,0,0,0,0,16,7,0,0,3,3,0,0,0,0,7,3,0,0,1,1,0,0,0,7,3,0,0,0,2,0,0,0,0,0,5,0,0,0,0,2,0,0,0,0,0,0,0,0,5,2,0,0,0,0,0,0,0,0,0,1,0,0,0,0,0,0,0,1,4,0,0,0,0,0,0,
0,0,0,0,0,0,0,0,0,0,5,25,24,3,4,33,22,1,0,0,0,18,16,3,4,21,8,0,0,0,6,13,13,3,3,23,14,4,0,0,0,4,10,2,1,30,33,0,0,0,0,0,0,0,0,0,0,0,0,0,0,0,0,0,6,22,3,2,14,21,4,2,19,18,2,0,1,19,18,0,0,0,5,14,4,0,1,5,3,0,0,3,10,9,2,0,4,18,5,2,2,7,18,3,5,23,14,1,0,2,22,10,3,1,18,9,2,5,21,7,0,0,0,4,28,15,5,3,22,16,4,4,27,16,2,0,2,26,13,1,2,26,6,0,0,14,9,0,0,0,0,19,3,0,0,4,2,0,0,0,0,7,1,0,0,4,0,0,0,0,4,0,0,0,0,2,0,0,0,0,0,6,0,0,0,0,2,1,0,0,0,0,0,0,0,5,3,0,0,0,0,0,0,0,0,0,0,0,0,0,0,2,0,0,0,5,0,0,0,0,0,0,
0,0,0,0,0,0,0,0,0,0,5,23,19,0,4,29,24,4,0,0,0,18,31,3,4,31,5,0,0,0,0,21,13,3,4,22,17,2,0,0,0,4,8,1,4,33,25,0,0,0,0,0,0,0,0,0,0,0,0,0,0,0,0,0,7,30,5,3,15,25,2,5,32,21,0,0,3,17,31,4,0,0,6,20,8,0,6,13,2,0,0,2,9,6,4,0,5,21,11,2,4,18,13,5,3,12,12,5,0,4,23,21,2,3,30,11,3,6,22,4,0,0,0,1,24,15,4,4,17,16,4,5,30,8,2,0,1,21,21,1,4,27,9,0,0,11,8,0,0,0,0,16,7,0,0,4,2,0,0,0,0,8,3,0,0,5,0,0,0,0,7,3,0,0,0,6,1,0,0,0,0,8,3,0,0,0,3,0,0,0,0,0,0,0,0,6,4,0,0,0,0,0,0,0,0,0,2,0,0,0,0,2,0,0,1,6,0,0,0,0,0,0,
0,0,0,0,0,0,0,0,0,0,3,24,20,3,3,25,32,5,0,0,0,27,25,2,6,24,3,0,0,0,0,16,17,2,4,25,10,0,0,0,0,3,8,1,1,23,25,0,0,0,0,0,0,0,0,0,0,0,0,0,0,0,0,0,3,27,3,2,12,27,2,4,15,20,2,0,4,19,17,2,0,0,5,15,2,0,4,5,3,0,0,0,5,9,2,0,1,13,4,0,3,11,14,3,4,19,9,1,0,4,28,7,1,5,34,23,5,3,21,6,0,0,0,4,25,15,2,4,21,17,1,2,31,12,2,0,3,20,11,1,3,18,4,0,0,13,12,0,0,0,0,18,4,0,0,6,2,0,0,0,0,10,0,0,0,5,1,0,0,0,7,3,0,0,0,1,0,0,0,0,0,8,0,0,0,0,2,0,0,0,0,0,0,0,0,6,4,0,0,0,0,0,0,0,0,0,0,0,0,0,0,2,0,0,0,4,0,0,0,0,0,0,
0,0,0,0,1,0,0,0,0,0,0,21,19,4,4,23,32,3,0,0,0,19,22,0,5,22,5,0,0,0,0,19,7,1,2,13,12,3,0,0,0,1,14,0,5,25,27,0,0,0,0,0,0,0,0,0,0,0,0,0,0,0,0,0,3,18,2,5,17,21,2,3,14,18,3,0,3,19,15,3,0,0,6,24,9,0,4,8,2,0,0,3,8,10,5,0,4,24,6,2,4,12,13,5,7,24,9,2,0,3,15,12,6,1,24,14,4,2,18,7,0,0,0,2,20,16,3,4,21,14,2,5,30,20,0,0,2,27,14,1,1,22,5,0,0,17,11,0,0,0,0,16,4,0,0,5,3,0,0,0,0,9,3,0,0,2,1,0,0,0,6,0,0,0,0,1,2,0,0,0,0,4,0,0,0,0,2,1,0,0,0,0,0,0,0,7,3,0,0,0,0,0,0,0,0,0,0,0,0,0,0,3,0,0,1,3,0,0,0,0,0,0,
0,0,0,0,0,0,0,0,0,0,3,20,13,2,4,32,31,3,0,0,0,17,23,5,4,23,4,0,0,0,0,13,13,4,3,15,8,1,0,0,0,2,19,2,4,27,34,0,0,0,0,0,0,0,0,0,0,0,0,0,0,0,0,0,3,17,2,5,20,22,2,5,21,18,2,0,1,19,17,0,0,0,8,10,5,0,3,14,4,0,0,1,3,6,3,0,2,15,6,0,3,12,12,7,2,13,13,4,0,4,25,16,4,6,26,16,4,3,24,4,0,0,0,3,26,14,4,2,23,14,1,4,26,13,0,0,2,27,15,2,2,18,6,0,0,17,12,0,0,0,0,15,5,0,0,3,4,0,0,0,0,8,1,0,0,4,1,0,0,0,7,1,0,0,0,3,0,0,0,0,0,6,0,0,0,0,1,2,0,0,0,0,0,0,0,11,6,0,0,0,0,0,0,0,0,0,2,0,0,0,0,0,0,0,1,2,0,0,0,0,0,0,
0,0,0,0,0,0,0,0,0,0,2,23,30,5,2,36,22,3,0,0,0,21,16,1,5,18,1,0,0,0,5,18,7,1,5,22,20,2,0,0,0,2,7,0,2,24,32,0,0,0,0,0,0,0,0,0,0,0,0,0,0,0,0,0,8,23,3,4,20,17,2,4,27,22,1,0,7,20,13,3,0,0,11,11,4,0,4,11,3,0,0,2,9,6,1,0,2,13,4,1,5,18,7,4,4,14,22,7,0,3,20,6,0,1,25,13,3,1,27,7,0,0,0,5,26,18,4,3,30,12,4,4,26,18,1,0,3,25,15,3,2,20,6,0,0,16,9,0,0,0,0,18,6,0,0,4,2,0,0,0,0,7,2,0,0,3,0,0,0,0,7,1,0,0,0,3,0,0,0,0,0,7,0,0,0,0,3,0,0,0,0,0,0,0,0,9,5,0,0,0,0,0,0,0,0,0,1,0,0,0,0,1,0,0,0,2,0,0,0,0,0,0,
0,0,0,0,0,0,0,0,0,0,2,17,15,2,3,29,32,2,0,0,0,35,12,0,4,24,4,0,0,0,5,19,12,4,5,27,10,4,0,0,0,4,7,0,1,27,31,0,0,0,0,0,0,0,0,0,0,0,0,0,0,0,0,0,4,25,2,3,14,21,3,3,12,22,1,0,2,16,24,2,0,0,7,15,6,0,4,15,4,0,0,1,6,11,4,0,2,14,7,0,3,9,10,8,7,17,12,3,0,4,24,13,5,4,25,12,0,4,16,6,0,0,0,5,22,17,4,5,33,14,2,2,29,15,1,0,2,27,12,3,0,16,4,0,0,15,10,0,0,0,0,14,4,0,0,3,1,0,0,0,0,7,1,0,0,4,0,0,0,0,3,0,0,0,0,4,0,0,0,0,0,3,0,0,0,0,3,0,0,0,0,0,0,0,0,11,7,0,0,0,0,0,0,0,0,0,0,0,0,0,0,0,0,0,0,6,0,0,0,0,0,0,
0,0,0,0,0,0,0,0,0,0,0,11,14,0,3,42,24,3,0,0,0,16,14,1,6,29,1,0,0,0,2,14,9,5,2,22,8,0,0,0,0,2,11,2,1,31,36,0,0,0,0,0,0,0,0,0,0,0,0,0,0,0,0,0,2,23,2,7,19,23,2,3,15,21,5,0,5,24,19,1,0,0,5,13,4,0,3,7,5,0,0,0,4,10,3,0,4,11,6,0,4,8,5,2,3,12,13,2,0,3,19,26,3,1,26,10,2,1,18,6,0,0,0,4,30,22,5,4,27,20,5,3,39,23,3,0,4,25,12,0,0,14,3,0,0,15,12,0,0,0,0,18,5,0,0,4,3,0,0,0,0,9,2,0,0,7,1,0,0,0,5,2,0,0,0,4,0,0,0,0,0,5,1,0,0,0,2,0,0,0,0,0,0,0,0,9,8,0,0,0,0,0,0,0,0,0,0,0,0,0,0,0,0,0,1,6,0,0,0,0,0,0,
0,0,0,0,0,0,0,0,0,0,2,14,16,2,3,31,33,4,0,0,0,21,17,4,4,23,5,0,0,0,1,13,7,3,1,19,7,1,0,0,0,0,13,1,3,36,36,0,0,0,0,0,0,0,0,0,0,0,0,0,0,0,0,0,4,32,6,4,18,26,2,0,14,40,5,0,2,16,18,1,0,0,7,15,5,0,4,12,5,0,0,0,3,20,7,0,8,27,10,3,1,9,8,2,2,12,9,3,0,3,19,9,0,4,21,5,3,2,13,2,0,0,0,1,23,7,1,7,25,17,5,2,25,14,0,0,0,22,9,1,2,18,6,0,0,11,13,0,0,0,0,13,5,0,0,6,0,0,0,0,0,6,2,0,0,3,0,0,0,0,9,3,0,0,0,3,0,0,0,0,0,5,2,0,0,0,3,0,0,0,0,0,0,0,0,12,6,0,0,0,0,0,0,0,0,1,0,0,0,0,0,2,0,0,3,8,0,0,0,0,0,0,
0,0,0,0,1,0,0,0,0,0,2,13,15,1,5,25,38,4,0,0,0,20,23,0,5,13,7,0,0,0,4,20,17,4,5,15,18,4,0,0,0,3,20,5,4,46,32,0,0,0,0,0,0,0,0,0,0,0,0,0,0,0,0,0,5,17,3,4,16,19,2,3,11,26,3,0,2,25,20,1,0,0,5,19,8,0,9,19,0,0,0,1,5,8,3,0,5,23,15,4,6,15,10,4,3,15,8,0,0,3,21,9,2,1,13,11,2,2,19,3,0,0,0,4,20,14,4,4,20,19,0,2,33,19,2,0,4,25,11,0,0,17,4,0,0,17,13,0,0,0,0,12,5,0,0,4,1,0,0,0,0,6,3,0,0,5,0,0,0,0,5,2,0,0,0,3,0,0,0,0,0,6,0,0,0,0,3,0,0,0,0,0,0,0,0,11,6,0,0,0,0,0,0,0,0,0,0,0,0,0,0,1,0,0,0,6,0,0,0,0,0,0,
0,0,0,0,0,0,0,0,0,0,4,9,18,2,6,26,25,3,0,0,0,21,25,1,5,28,3,0,0,0,1,14,14,2,4,13,5,0,0,0,0,0,19,2,8,39,46,0,0,0,0,0,0,0,0,0,0,0,0,0,0,0,0,0,5,24,4,4,14,25,5,1,15,21,1,0,3,24,17,1,0,0,6,12,5,0,5,14,3,0,0,1,5,14,5,0,5,24,9,1,0,12,4,0,2,19,13,6,0,5,33,9,1,3,15,9,3,3,18,8,0,0,0,1,24,7,3,4,23,15,2,2,31,11,1,0,4,30,9,1,5,24,4,0,0,19,11,0,0,0,0,17,7,0,0,3,1,0,0,0,0,7,2,0,0,2,1,0,0,0,8,0,0,0,0,3,0,0,0,0,0,5,0,0,0,0,3,0,0,0,0,0,0,0,0,14,12,0,0,0,0,0,0,0,0,0,0,0,0,0,0,1,0,0,1,5,0,0,0,0,0,0,
0,0,0,0,0,0,0,0,0,0,2,13,9,0,2,37,26,5,0,0,0,20,13,1,7,28,0,0,0,0,1,12,19,3,0,12,8,0,0,0,0,0,22,2,1,31,40,0,0,0,0,0,0,0,0,0,0,0,0,0,0,0,0,0,6,23,2,3,16,22,2,2,18,22,3,0,3,20,23,3,0,0,8,13,4,0,4,13,6,0,0,0,4,7,4,0,7,24,8,0,2,6,4,1,2,15,17,6,0,5,20,8,1,0,12,9,0,2,17,8,0,0,0,4,13,17,1,3,17,18,3,5,39,23,2,0,7,33,20,2,3,34,10,0,0,23,17,0,0,0,0,18,6,0,0,3,2,0,0,0,0,5,3,0,0,4,1,0,0,0,9,1,0,0,0,3,0,0,0,0,0,6,0,0,0,0,3,1,0,0,0,0,0,0,0,18,7,0,0,0,0,0,0,0,0,1,1,0,0,0,0,1,0,0,2,8,0,0,0,0,0,0,
0,0,0,0,0,0,0,0,0,0,3,11,18,1,3,32,41,4,0,0,0,18,20,1,5,27,4,0,0,0,4,16,13,2,1,15,10,3,0,0,0,1,19,6,0,28,33,0,0,0,0,0,0,0,0,0,0,0,0,0,0,0,0,0,5,33,2,4,17,29,3,2,17,26,3,0,2,17,26,1,0,0,7,11,7,0,0,10,9,0,0,0,5,12,5,0,3,28,13,1,4,18,4,1,0,8,13,5,0,4,27,3,2,0,13,11,4,2,15,6,0,0,0,4,23,12,6,0,26,21,6,4,41,23,4,0,0,36,14,2,1,24,6,0,0,22,13,0,0,0,0,20,8,0,0,5,2,0,0,0,0,7,0,0,0,5,1,0,0,0,5,0,0,0,0,5,0,0,0,0,0,4,0,0,0,0,5,2,0,0,0,0,0,0,0,15,10,0,0,0,0,0,0,0,0,0,0,0,0,0,0,2,0,0,1,9,0,0,0,0,0,0,
0,0,0,0,0,0,0,0,0,0,4,13,11,2,3,27,24,2,0,0,0,21,25,3,8,36,4,0,0,0,4,15,12,4,3,18,9,4,0,0,0,1,9,2,1,36,44,0,0,0,0,0,0,0,0,0,0,0,0,0,0,0,0,0,3,22,3,2,20,26,5,3,22,40,10,0,6,26,36,4,0,0,9,17,8,0,5,10,1,0,0,5,8,14,1,0,4,32,10,1,3,15,8,0,5,21,20,4,0,4,20,9,2,2,16,7,1,6,19,13,0,0,0,3,19,11,2,0,24,12,1,5,42,15,1,0,1,30,16,1,1,27,5,0,0,18,17,0,0,0,0,18,4,0,0,5,3,0,0,0,0,6,1,0,0,8,2,0,0,0,3,1,0,0,0,3,2,0,0,0,0,3,0,0,0,0,3,1,0,0,0,0,0,0,0,15,8,0,0,0,0,0,0,0,0,0,1,0,0,0,0,3,0,0,1,6,0,0,0,0,0,0,
0,0,0,0,0,0,0,0,0,0,4,9,10,0,3,29,33,4,0,0,0,21,15,1,6,21,5,0,0,0,1,18,6,1,1,18,6,0,0,0,0,1,13,4,4,38,47,0,0,0,0,0,0,0,0,0,0,0,0,0,0,0,0,0,6,25,5,3,16,19,0,1,19,22,1,0,4,28,20,3,0,0,6,14,6,0,3,12,3,0,0,2,9,10,1,0,5,23,16,5,1,24,12,3,3,12,19,5,0,2,21,10,2,0,16,13,2,0,29,9,0,0,0,2,24,11,2,1,25,19,3,5,42,18,3,0,1,25,12,2,2,21,7,0,0,20,13,0,0,0,0,22,6,0,0,5,0,0,0,0,0,4,1,0,0,6,0,0,0,0,5,0,0,0,0,2,0,0,0,0,0,4,0,0,0,0,6,0,0,0,0,0,0,0,0,17,7,0,0,0,0,0,0,0,0,0,0,0,0,0,0,2,0,0,3,5,0,0,0,0,0,0,
0,0,0,0,0,0,0,0,0,0,4,12,16,6,1,29,35,7,0,0,0,18,17,2,8,27,7,0,0,0,2,12,12,3,1,9,10,2,0,0,0,1,15,1,1,35,38,0,0,0,0,0,0,0,0,0,0,0,0,0,0,0,0,0,4,22,2,1,16,16,1,2,16,17,0,0,6,24,15,0,0,0,11,14,9,0,5,14,2,0,0,0,7,14,4,0,4,20,11,2,4,16,14,2,2,5,12,3,0,5,25,18,4,5,17,11,5,9,27,15,0,0,0,2,18,13,3,6,32,25,3,3,41,23,1,0,2,30,16,2,6,32,5,0,0,21,15,0,0,0,0,21,6,0,0,5,2,0,0,0,0,7,2,0,0,5,0,0,0,0,5,0,0,0,0,4,0,0,0,0,0,7,0,0,0,0,4,2,0,0,0,0,0,0,0,17,5,0,0,0,0,0,0,0,0,0,0,0,0,0,0,2,0,0,1,5,0,0,0,0,0,0,
0,0,0,0,0,0,0,0,0,0,0,0,0,0,0,0,0,0,0,0,0,0,0,0,0,0,0,0,0,0,0,0,0,0,0,0,0,0,0,0,0,0,0,0,0,0,0,0,0,0,0,0,0,0,0,0,0,0,0,0,0,0,0,0,0,0,0,0,0,0,0,0,0,0,0,0,0,0,0,0,0,0,0,0,0,0,0,0,0,0,0,0,0,0,0,0,0,0,0,0,0,0,0,0,0,0,0,0,0,0,0,0,0,0,0,0,0,0,0,0,0,0,0,0,0,0,0,0,0,0,0,0,0,0,0,0,0,0,0,0,0,0,0,0,0,0,0,0,0,0,0,0,0,0,0,0,0,0,0,0,0,0,0,0,0,0,0,0,0,0,0,0,0,0,0,0,0,0,0,0,0,0,0,0,0,0,0,0,0,0,0,0,0,0,0,0,0,0,0,0,0,0,0,0,0,0,0,0,0,0,0,0,0,0,0,0,0,0,0,0,0,0,
0,0,0,0,0,0,0,0,0,0,0,3,9,1,3,25,29,5,0,0,0,22,18,2,3,28,4,0,0,0,4,22,4,2,3,15,7,0,0,0,0,0,9,1,4,36,37,0,0,0,0,0,0,0,0,0,0,0,0,0,0,0,0,0,5,20,2,2,27,33,3,2,22,33,5,0,6,32,18,0,0,0,8,11,2,0,7,20,5,0,0,1,5,11,3,0,6,23,11,2,2,14,8,2,1,12,13,4,0,2,18,9,3,0,10,10,2,1,23,4,0,0,0,4,24,12,1,1,32,20,2,5,48,19,4,0,8,38,23,3,0,20,8,0,0,22,16,0,0,0,0,23,8,0,0,5,3,0,0,0,0,8,1,0,0,4,1,0,0,0,9,1,0,0,0,4,0,0,0,0,0,7,1,0,0,0,4,3,0,0,8,7,0,0,0,11,10,0,0,0,0,0,0,0,0,0,1,0,0,0,0,1,0,0,2,6,0,0,0,0,0,0,
0,0,0,0,0,0,0,0,0,0,1,6,8,2,1,29,26,2,0,0,0,18,19,1,3,23,2,0,0,0,2,13,17,4,0,8,17,6,0,0,0,1,10,3,3,38,39,0,0,0,0,0,0,0,0,0,0,0,0,0,0,0,0,0,6,23,2,7,25,29,4,1,13,37,8,0,2,21,20,1,0,0,6,11,3,0,5,14,8,0,0,1,7,6,2,0,4,25,10,1,2,11,9,5,3,16,18,3,0,4,26,8,0,4,13,16,4,4,28,8,0,0,0,3,20,25,3,0,24,21,3,5,39,21,0,0,6,36,26,5,4,24,7,0,0,23,19,0,0,0,0,24,7,0,0,2,4,0,0,0,0,9,2,0,0,6,3,0,0,0,7,2,0,0,0,4,1,0,0,0,0,6,1,0,0,0,2,2,0,0,7,3,0,0,0,17,7,0,0,0,0,0,0,0,0,0,1,0,0,0,0,2,0,0,3,7,0,0,0,0,0,0,
0,0,0,0,0,0,0,0,0,0,1,12,8,0,1,23,34,2,0,0,0,16,14,2,2,23,4,0,0,0,2,17,7,1,5,22,6,3,0,0,0,2,12,2,4,44,29,0,0,0,0,0,0,0,0,0,0,0,0,0,0,0,0,0,5,16,4,6,22,22,7,4,22,24,2,0,1,19,22,1,0,0,8,11,2,0,5,14,6,0,0,1,8,16,5,0,0,15,22,3,1,12,11,6,3,19,10,1,0,4,24,12,0,4,13,18,6,1,18,6,0,0,0,2,30,19,2,5,33,22,4,0,30,17,5,0,3,35,24,6,5,28,9,0,0,23,18,0,0,0,0,21,11,0,0,4,2,0,0,0,0,9,1,0,0,5,1,0,0,0,5,0,0,0,0,4,0,0,0,0,0,8,0,0,0,0,3,2,0,0,11,5,0,0,0,13,3,0,0,0,0,0,0,0,0,0,0,0,0,0,0,2,0,0,1,12,0,0,0,0,0,0,
0,0,0,0,0,0,0,0,0,0,0,5,10,2,4,26,22,5,0,0,0,22,16,4,2,17,1,0,0,0,4,19,15,0,2,19,6,2,0,0,0,1,12,5,2,43,32,0,0,0,0,0,0,0,0,0,0,0,0,0,0,0,0,0,2,23,3,6,27,34,2,3,18,34,3,0,3,16,14,1,0,0,12,17,5,0,7,15,9,0,0,0,8,14,6,0,6,21,11,2,2,15,19,5,4,24,19,5,0,6,22,7,3,2,23,19,5,6,31,10,0,0,0,3,34,16,1,7,31,30,4,5,46,22,2,0,2,39,18,3,3,17,7,0,0,19,19,0,0,0,0,24,10,0,0,2,1,0,0,0,0,6,0,0,0,6,1,0,0,0,3,1,0,0,0,3,1,0,0,0,0,4,1,0,0,0,2,0,0,0,7,4,0,0,0,13,3,0,0,0,0,0,0,0,0,0,1,0,0,0,0,2,0,0,2,7,0,0,0,0,0,0,
0,0,0,0,0,0,0,0,0,0,0,8,9,5,4,20,26,5,0,0,0,28,12,2,6,28,4,0,0,0,0,10,8,1,1,15,7,1,0,0,0,0,15,3,3,37,41,0,0,0,0,0,0,0,0,0,0,0,0,0,0,0,0,0,3,17,3,5,27,21,2,4,27,27,4,0,1,21,17,2,0,0,12,12,5,0,5,17,6,0,0,2,10,13,4,0,4,26,15,5,2,17,10,2,2,13,9,0,0,1,14,8,4,1,9,12,3,4,29,6,0,0,0,0,30,17,4,4,26,22,7,4,40,15,1,0,3,28,15,0,0,23,6,0,0,19,18,0,0,0,0,28,10,0,0,5,2,0,0,0,0,8,4,0,0,5,3,0,0,0,8,4,0,0,0,8,1,0,0,0,0,4,3,0,0,0,4,1,0,0,7,9,0,0,0,15,2,0,0,0,0,1,0,0,0,1,0,0,0,0,0,4,0,0,2,6,0,0,0,0,0,0,
0,0,0,0,0,0,0,0,0,0,0,8,10,2,4,22,37,5,0,0,0,23,29,5,5,16,7,0,0,0,0,11,10,2,2,11,4,1,0,0,0,0,14,1,5,47,38,0,0,0,0,0,0,0,0,0,0,0,0,0,0,0,0,0,1,22,3,10,35,19,2,3,20,31,2,0,4,17,16,0,0,0,10,13,4,0,4,17,5,0,0,0,10,4,0,0,6,27,12,1,3,18,8,2,2,10,10,4,0,2,23,7,3,1,17,1,0,2,27,6,0,0,0,6,22,8,3,1,30,19,3,4,39,13,2,0,2,36,7,2,6,27,3,0,0,17,17,0,0,0,0,24,10,0,0,4,0,0,0,0,0,4,2,0,0,5,0,0,0,0,5,2,0,0,0,6,1,0,0,0,0,5,1,0,0,0,4,1,0,0,7,8,0,0,0,16,2,0,0,0,0,0,0,0,0,0,0,0,0,0,0,5,0,0,1,8,0,0,0,0,0,0,
0,0,0,0,0,0,0,0,0,0,1,7,6,1,1,23,28,4,0,0,0,20,25,2,4,15,3,0,0,0,1,9,9,1,2,9,3,0,0,0,0,0,7,3,1,34,35,0,0,0,0,0,0,0,0,0,0,0,0,0,0,0,0,0,3,22,4,8,23,20,3,5,20,19,2,0,6,27,24,2,0,0,8,11,5,0,3,13,5,0,0,0,11,7,3,0,8,26,15,0,5,19,15,3,3,22,11,2,0,3,15,16,2,1,13,17,2,0,30,9,0,0,0,6,23,18,5,3,27,23,4,3,32,14,1,0,2,32,16,4,1,24,5,0,0,24,16,0,0,0,0,20,7,0,0,4,2,0,0,0,0,8,0,0,0,6,1,0,0,0,8,2,0,0,0,5,0,0,0,0,0,7,1,0,0,0,5,0,0,0,9,7,0,0,0,11,3,0,0,0,0,0,0,0,0,0,1,0,0,0,0,3,0,0,2,3,0,0,0,0,0,0,
0,0,0,0,0,0,0,0,0,0,1,5,7,1,1,35,23,3,0,0,0,25,14,1,2,12,2,0,0,0,0,9,10,3,4,8,8,4,0,0,0,0,5,0,3,45,35,0,0,0,0,0,0,0,0,0,0,0,0,0,0,0,0,0,5,19,2,5,16,12,2,4,26,11,0,0,5,15,12,0,0,0,9,25,10,0,6,11,5,0,0,2,8,15,7,0,7,29,11,4,2,21,19,5,4,22,12,2,0,0,13,13,3,1,16,13,3,1,26,13,0,0,0,9,33,17,6,3,18,19,4,3,34,15,0,0,1,18,18,2,0,20,6,0,0,18,16,0,0,0,0,18,8,0,0,2,0,0,0,0,0,7,0,0,0,3,0,0,0,0,7,1,0,0,0,1,2,0,0,0,0,6,1,0,0,0,2,0,0,0,11,4,0,0,0,12,3,0,0,0,0,0,0,0,0,0,1,0,0,0,0,3,0,0,2,4,0,0,0,0,1,0,
0,0,0,0,0,0,0,0,0,0,1,10,5,1,5,25,15,3,0,0,0,17,16,1,2,19,2,0,0,0,0,5,2,1,3,12,5,2,0,0,0,0,12,5,2,36,30,0,0,0,0,0,0,0,0,0,0,0,0,0,0,0,0,0,2,18,4,8,18,17,2,1,18,22,2,0,5,21,15,1,0,0,14,11,3,0,0,7,4,0,0,3,8,11,5,0,1,22,5,1,0,13,7,4,0,16,11,3,0,2,15,6,0,1,14,16,2,5,24,6,0,0,0,7,23,12,4,6,26,16,5,5,29,14,2,0,3,25,14,3,3,18,2,0,0,23,16,0,0,0,0,14,9,0,0,3,0,0,0,0,0,4,0,0,0,3,0,0,0,0,7,0,0,0,0,3,1,0,0,0,0,9,0,0,0,0,3,0,0,0,11,6,0,0,0,12,1,0,0,0,0,0,0,0,0,0,0,0,0,0,0,2,0,0,1,7,0,0,0,0,0,0,
0,0,0,0,0,0,0,0,0,0,2,9,9,2,1,22,26,7,0,0,0,18,22,4,4,18,3,0,0,0,1,5,3,0,4,15,5,2,0,0,0,0,14,4,3,38,24,0,0,0,0,0,0,0,0,0,0,0,0,0,0,0,0,0,2,24,9,4,14,13,3,5,24,19,0,0,6,25,18,4,0,0,14,16,5,0,6,18,5,0,0,3,13,4,2,0,7,18,8,0,1,8,7,2,5,20,16,6,0,3,15,8,2,7,23,13,5,8,26,4,0,0,0,5,27,7,1,4,20,10,4,6,33,15,3,0,2,22,11,0,1,20,7,0,0,24,18,0,0,0,0,25,13,0,0,8,1,0,0,0,0,13,2,0,0,12,1,0,0,0,10,3,0,0,0,7,3,0,0,0,0,9,1,0,0,0,4,0,0,0,10,7,0,0,0,13,2,0,0,0,0,0,0,0,0,1,1,0,0,0,0,1,0,0,2,5,0,0,0,0,0,0,
0,0,0,0,0,0,0,0,0,0,0,3,5,1,1,10,25,8,0,0,0,18,12,1,1,10,4,0,0,0,0,7,7,3,2,12,4,2,0,0,0,0,10,3,2,35,25,0,0,0,0,0,0,0,0,0,0,0,0,0,0,0,0,0,2,17,5,7,19,21,6,4,16,19,1,0,2,15,13,2,0,0,10,8,3,0,3,11,3,0,0,0,3,4,1,0,5,18,7,0,2,8,8,2,3,18,13,1,0,4,12,5,1,4,12,14,3,5,16,5,0,0,0,3,18,11,6,6,17,12,5,5,34,6,1,0,4,16,4,0,0,14,4,0,0,18,17,0,0,0,0,23,8,0,0,3,0,0,0,0,0,4,0,0,0,7,0,0,0,0,6,0,0,0,0,3,0,0,0,0,0,6,0,0,0,0,1,1,0,0,8,6,0,0,0,12,1,0,0,0,0,0,0,0,0,1,0,0,0,0,0,2,0,0,3,2,0,0,0,0,0,0,
0,0,0,0,0,0,0,0,0,0,3,11,3,0,3,17,21,5,0,0,0,20,20,3,6,11,5,0,0,0,2,5,6,2,2,2,3,0,0,0,0,1,10,3,1,30,26,0,0,0,0,0,0,0,0,0,0,0,0,0,0,0,0,0,0,12,4,6,17,16,3,1,10,9,0,0,1,13,9,1,0,0,10,11,6,0,9,15,2,0,0,1,9,5,3,0,2,14,9,4,0,14,6,3,1,12,9,3,0,3,19,4,0,5,21,10,3,7,21,5,0,0,0,6,17,8,2,3,18,11,4,3,24,11,2,0,2,15,2,0,0,16,4,0,0,22,16,0,0,0,0,22,9,0,0,3,0,0,0,0,0,2,0,0,0,3,0,0,0,0,4,0,0,0,0,2,0,0,0,0,0,4,0,0,0,0,3,0,0,0,8,7,0,0,0,11,1,0,0,0,0,0,0,0,0,0,0,0,0,0,0,2,0,0,1,5,0,0,0,0,1,0,
0,0,0,0,0,0,0,0,0,0,0,3,0,0,0,7,17,0,0,0,0,19,12,0,5,12,0,0,0,0,0,4,0,0,0,0,0,0,0,0,0,0,3,0,0,23,28,0,0,0,0,0,0,0,0,0,0,0,0,0,0,0,0,0,1,9,0,2,4,8,0,0,7,7,0,0,0,13,9,0,0,0,10,1,0,0,1,5,1,0,0,0,4,1,0,0,0,4,0,0,0,5,0,0,0,6,0,0,0,0,4,2,0,0,6,2,0,0,10,1,0,0,0,0,6,1,0,0,9,3,0,0,8,3,0,0,0,13,6,1,0,11,1,0,0,23,16,0,0,0,0,18,10,0,0,1,0,0,0,0,0,3,0,0,0,3,0,0,0,0,4,1,0,0,0,4,0,0,0,0,0,5,0,0,0,0,3,1,0,0,7,7,0,0,0,13,3,0,0,0,0,0,0,0,0,0,1,0,0,0,0,0,0,0,2,4,0,0,0,0,0,0,
0,0,0,0,0,0,0,0,0,0,0,3,0,0,0,12,14,0,0,0,0,21,6,0,0,8,0,0,0,0,0,7,0,0,0,0,0,0,0,0,0,0,6,0,0,27,27,0,0,0,0,0,0,0,0,0,0,0,0,0,0,0,0,0,0,8,0,0,1,9,0,0,9,4,0,0,0,5,8,0,0,0,9,1,0,0,0,4,0,0,0,0,4,0,0,0,0,8,0,0,0,4,0,0,0,3,0,0,0,0,6,2,0,0,5,1,0,0,6,0,0,0,0,0,7,1,0,0,6,2,0,0,12,6,0,0,0,12,3,0,0,9,3,0,0,17,16,0,0,0,0,18,11,0,0,0,0,0,0,0,0,3,0,0,0,0,0,0,0,0,7,0,0,0,0,2,0,0,0,0,0,6,0,0,0,0,2,0,0,0,11,10,0,0,0,13,4,0,0,0,0,0,0,0,0,0,1,0,0,0,0,1,0,0,4,8,0,0,0,0,1,0,
0,0,0,0,0,0,0,0,0,0,0,2,2,0,0,13,13,0,0,0,0,18,5,0,0,7,1,0,0,0,0,8,0,0,0,2,0,0,0,0,0,0,3,0,0,23,22,0,0,0,0,0,0,0,0,0,0,0,0,0,0,0,0,0,0,8,0,0,4,5,0,0,6,3,0,0,0,5,10,0,0,0,13,3,0,0,0,4,1,0,0,0,3,0,0,0,0,4,0,0,0,4,0,0,0,6,0,0,0,0,3,2,0,0,6,2,0,0,9,1,0,0,0,0,5,0,0,0,9,6,0,0,8,5,0,0,0,10,5,0,0,8,0,0,0,21,18,0,0,0,0,18,10,0,0,2,0,0,0,0,0,2,0,0,0,3,1,0,0,0,5,2,0,0,0,3,3,0,0,0,0,6,1,0,0,0,2,2,0,0,11,9,0,0,0,12,1,0,0,0,0,0,0,0,0,0,0,0,0,0,0,0,0,0,1,10,0,0,0,0,0,0,
0,0,0,0,0,0,0,0,0,0,0,1,1,0,0,10,11,0,0,0,0,17,5,0,0,3,1,0,0,0,0,4,0,0,0,3,1,0,0,0,0,0,4,0,0,23,26,0,0,0,0,0,0,0,0,0,0,0,0,0,0,0,0,0,0,2,0,0,2,10,0,0,7,7,0,0,0,7,9,0,0,0,10,3,0,0,0,3,0,0,0,0,6,0,0,0,0,4,0,0,0,3,0,0,0,3,0,0,0,0,3,3,0,0,7,3,0,0,9,2,0,0,0,0,4,2,0,0,5,4,0,0,11,5,0,0,0,10,3,0,0,11,0,0,0,26,18,0,0,0,0,23,10,0,0,2,0,0,0,0,0,2,0,0,0,5,1,0,0,0,3,0,0,0,0,7,1,0,0,0,0,7,0,0,0,0,1,0,0,0,13,9,0,0,0,12,2,0,0,0,0,0,0,0,0,0,1,0,0,0,0,2,0,0,2,5,0,0,0,0,0,0,
0,0,0,0,0,0,0,0,0,0,0,3,0,0,0,10,11,0,0,0,0,16,6,0,0,3,2,0,0,0,0,7,0,0,0,1,2,0,0,0,0,0,7,0,0,21,24,0,0,0,0,0,0,0,0,0,0,0,0,0,0,0,0,0,1,5,0,0,3,6,0,0,5,6,0,0,0,10,8,0,0,0,10,1,0,0,0,6,1,0,0,0,4,0,0,0,0,5,0,0,0,6,0,0,0,3,0,0,0,0,1,3,0,0,5,0,0,0,7,1,0,0,0,0,5,0,0,0,5,3,0,0,11,5,0,0,0,8,1,0,0,13,2,0,0,24,16,0,0,0,0,20,9,0,0,2,0,0,0,0,0,2,0,0,0,1,0,0,0,0,5,1,0,0,0,3,0,0,0,0,0,5,0,0,0,0,2,0,0,0,8,12,0,0,0,11,1,0,0,0,0,0,0,0,0,0,0,0,0,0,0,3,0,0,3,4,0,0,0,0,0,0,
0,0,0,0,0,0,0,0,0,0,0,3,1,0,0,10,10,0,0,0,0,14,11,0,0,3,3,0,0,0,0,4,1,0,0,0,0,0,0,0,0,0,6,0,0,22,20,0,0,0,0,0,0,0,0,0,0,0,0,0,0,0,0,0,0,3,0,0,2,7,0,0,5,4,0,0,0,9,6,0,0,0,9,4,0,0,0,2,2,0,0,0,5,0,0,0,0,4,0,0,0,2,0,0,0,4,0,0,0,0,2,1,0,0,7,0,0,0,1,0,0,0,0,0,7,0,0,0,5,4,0,0,10,4,0,0,0,7,1,0,0,11,1,0,0,19,15,0,0,0,0,20,9,0,0,0,1,0,0,0,0,0,0,0,0,2,0,0,0,0,2,1,0,0,0,2,0,0,0,0,0,4,1,0,0,0,3,0,0,0,12,9,0,0,0,11,2,0,0,0,0,0,0,0,0,0,0,0,0,0,0,1,0,0,2,4,0,0,0,0,0,0,
0,0,0,0,0,0,0,0,0,0,0,2,0,0,0,10,12,0,0,0,0,19,11,0,0,4,1,0,0,0,0,3,0,0,0,0,0,0,0,0,0,0,3,0,0,20,25,0,0,0,0,0,0,0,0,0,0,0,0,0,0,0,0,0,0,5,0,0,1,5,0,0,10,5,0,0,0,9,9,0,0,0,9,4,0,0,0,2,1,0,0,0,5,1,0,0,0,3,0,0,0,3,0,0,0,3,0,0,0,0,1,0,0,0,2,1,0,0,6,0,0,0,0,0,3,0,0,0,7,3,0,0,9,6,0,0,0,7,3,0,0,7,1,0,0,17,15,0,0,0,0,17,9,0,0,2,0,0,0,0,0,1,0,0,0,1,0,0,0,0,4,2,0,0,0,2,1,0,0,0,0,5,1,0,0,0,3,0,0,0,9,12,0,0,0,14,3,0,0,0,0,0,0,0,0,0,0,0,0,0,0,2,0,0,2,3,0,0,0,0,1,0,
0,0,0,0,0,0,0,0,0,0,0,3,0,0,0,12,12,0,0,0,0,17,11,0,0,6,0,0,0,0,0,6,0,0,0,0,0,0,0,0,0,0,0,0,0,18,23,0,0,0,0,0,0,0,0,0,0,0,0,0,0,0,0,0,0,4,0,0,1,5,0,0,8,2,0,0,0,6,8,0,0,0,9,0,0,0,0,1,0,0,0,0,5,1,0,0,0,5,0,0,0,4,0,0,0,3,0,0,0,0,3,1,0,0,6,0,0,0,7,1,0,0,0,0,3,0,0,0,4,4,0,0,14,6,0,0,0,9,5,0,0,13,3,0,0,19,15,0,0,0,0,26,11,0,0,0,0,0,0,0,0,3,0,0,0,1,1,0,0,0,9,2,0,0,0,3,0,0,0,0,0,11,0,0,0,0,2,0,0,0,11,9,0,0,0,17,4,0,0,0,0,0,0,0,0,0,1,0,0,0,0,2,0,0,3,4,0,0,0,0,1,0,
0,0,0,0,0,0,0,0,0,0,0,2,1,0,0,15,12,0,0,0,0,15,6,0,0,4,2,0,0,0,0,4,0,0,0,1,2,0,0,0,0,0,2,0,0,22,24,0,0,0,0,0,0,0,0,0,0,0,0,0,0,0,0,0,0,6,0,0,2,5,0,0,10,4,0,0,0,11,12,0,0,0,20,4,0,0,0,6,0,0,0,0,1,2,0,0,0,4,0,0,0,4,0,0,0,4,0,0,0,0,4,0,0,0,5,2,0,0,6,1,0,0,0,0,5,0,0,0,9,2,0,0,11,3,0,0,0,11,4,0,0,8,0,0,0,18,15,0,0,0,0,25,10,0,0,1,0,0,0,0,0,1,0,0,0,2,0,0,0,0,3,0,0,0,0,3,1,0,0,0,0,4,0,0,0,0,2,0,0,0,10,12,0,0,0,13,1,0,0,0,0,0,0,0,0,0,0,0,0,0,0,3,0,0,1,10,0,0,0,0,1,0,
0,0,0,0,0,0,0,0,0,0,0,1,1,0,0,11,9,0,0,0,0,15,7,0,0,8,1,0,0,0,0,3,0,0,0,2,0,0,0,0,0,0,3,0,0,24,25,0,0,0,0,0,0,0,0,0,0,0,0,0,0,0,0,0,0,5,0,0,3,9,0,0,9,3,0,0,0,10,13,0,0,0,14,1,0,0,0,4,0,0,0,0,4,0,0,0,0,4,0,0,0,3,0,0,0,3,0,0,0,0,4,1,0,0,5,0,0,0,7,1,0,0,0,0,4,0,0,0,3,2,0,0,10,6,0,0,0,7,2,0,0,8,1,0,0,20,17,0,0,0,0,21,11,0,0,1,0,0,0,0,0,0,0,0,0,1,0,0,0,0,3,0,0,0,0,2,1,0,0,0,0,6,0,0,0,0,1,0,0,0,12,10,0,0,0,13,2,0,0,0,0,0,0,0,0,0,1,0,0,0,0,2,0,0,3,6,0,0,0,0,0,0,
0,0,0,0,0,0,0,0,0,0,0,3,1,0,0,6,10,0,0,0,0,13,6,0,0,5,0,0,0,0,0,6,0,0,0,2,1,0,0,0,0,0,7,0,0,19,27,0,0,0,0,0,0,0,0,0,0,0,0,0,0,0,0,0,0,7,0,0,3,7,0,0,7,6,0,0,0,12,8,0,0,0,10,1,0,0,0,3,1,0,0,0,3,0,0,0,0,4,0,0,0,4,0,0,0,3,0,0,0,0,1,0,0,0,4,1,0,0,6,1,0,0,0,0,4,0,0,0,5,3,0,0,12,4,0,0,0,4,2,0,0,9,1,0,0,18,16,0,0,0,0,17,12,0,0,0,0,0,0,0,0,1,0,0,0,2,0,0,0,0,1,0,0,0,0,3,1,0,0,0,0,6,0,0,0,0,1,0,0,0,12,12,0,0,0,13,2,0,0,0,0,0,0,0,0,0,0,0,0,0,0,4,0,0,1,2,0,0,0,0,0,0,
0,0,0,0,0,0,0,0,0,0,0,4,0,0,0,8,11,0,0,0,0,13,11,0,0,4,3,0,0,0,0,8,0,0,0,0,0,0,0,0,0,0,8,0,0,21,22,0,0,0,0,0,0,0,0,0,0,0,0,0,0,0,0,0,0,6,0,0,4,5,0,0,8,5,0,0,0,9,8,0,0,0,7,1,0,0,0,0,0,0,0,0,6,0,0,0,0,4,0,0,0,2,0,0,0,4,0,0,0,0,1,1,0,0,3,0,0,0,4,1,0,0,0,0,4,0,0,0,4,3,0,0,10,5,0,0,0,7,0,0,0,10,0,0,0,14,12,0,0,0,0,20,9,0,0,1,0,0,0,0,0,1,0,0,0,0,0,0,0,0,3,0,0,0,0,3,0,0,0,0,0,6,0,0,0,0,4,0,0,0,13,12,0,0,0,17,1,0,0,0,0,0,0,0,0,0,0,0,0,0,0,3,0,0,3,3,0,0,0,0,0,0,
0,0,0,0,0,0,0,0,0,0,0,1,0,0,0,12,8,0,0,0,0,16,9,0,0,5,1,0,0,0,0,2,0,0,0,0,0,0,0,0,0,0,3,0,0,19,21,0,0,0,0,0,0,0,0,0,0,0,0,0,0,0,0,0,0,6,0,0,0,6,0,0,8,6,0,0,0,7,10,0,0,0,8,1,0,0,0,4,0,0,0,0,3,1,0,0,0,4,0,0,0,3,0,0,0,4,0,0,0,0,1,1,0,0,4,3,0,0,6,1,0,0,0,0,3,1,0,0,5,2,0,0,12,7,0,0,0,5,3,0,0,14,0,0,0,16,13,0,0,0,0,20,10,0,0,1,0,0,0,0,0,3,1,0,0,2,0,0,0,0,6,1,0,0,0,4,1,0,0,0,0,5,1,0,0,0,2,0,0,0,13,6,0,0,0,17,2,0,0,0,0,0,0,0,0,0,1,0,0,0,0,0,0,0,3,2,0,0,0,0,0,0,
0,0,0,0,0,0,0,0,0,0,0,0,0,0,0,0,0,0,0,0,0,0,0,0,0,0,0,0,0,0,0,0,0,0,0,0,0,0,0,0,0,0,0,0,0,0,0,0,0,0,0,0,0,0,0,0,0,0,0,0,0,0,0,0,0,0,0,0,0,0,0,0,0,0,0,0,0,0,0,0,0,0,0,0,0,0,0,0,0,0,0,0,0,0,0,0,0,0,0,0,0,0,0,0,0,0,0,0,0,0,0,0,0,0,0,0,0,0,0,0,0,0,0,0,0,0,0,0,0,0,0,0,0,0,0,0,0,0,0,0,0,0,0,0,0,0,0,0,0,0,0,0,0,0,0,0,0,0,0,0,0,0,0,0,0,0,0,0,0,0,0,0,0,0,0,0,0,0,0,0,0,0,0,0,0,0,0,0,0,0,0,0,0,0,0,0,0,0,0,0,0,0,0,0,0,0,0,0,0,0,0,0,0,0,0,0,0,0,0,0,0,0,
0,0,0,0,0,0,0,0,0,0,0,2,0,0,0,12,10,0,0,0,0,18,4,0,0,5,0,0,0,0,0,5,0,0,0,0,0,0,0,0,0,0,2,0,0,22,23,0,0,0,0,0,0,0,0,0,0,0,0,0,0,0,0,0,0,7,0,0,0,5,0,0,9,8,0,0,0,8,9,0,0,0,10,0,0,0,0,2,0,0,0,0,4,0,0,0,0,4,0,0,0,4,0,0,0,2,1,0,0,0,3,2,0,0,5,0,0,0,3,0,0,0,0,0,3,0,0,0,4,1,0,0,8,5,0,0,0,5,2,0,0,8,4,0,0,19,16,0,0,0,0,23,10,0,0,2,0,0,0,0,0,0,0,0,0,1,0,0,0,0,2,0,0,0,0,1,0,0,0,0,0,4,0,0,0,0,1,1,0,0,14,11,0,0,0,14,4,0,0,0,0,0,0,0,0,0,1,0,0,0,0,1,0,0,3,3,0,0,0,0,2,0,
0,0,0,0,0,0,0,0,0,0,0,2,1,0,0,15,7,0,0,0,0,12,9,0,0,5,0,0,0,0,0,5,0,0,0,2,0,0,0,0,0,0,2,0,0,19,21,0,0,0,0,0,0,0,0,0,0,0,0,0,0,0,0,0,0,5,0,0,3,5,0,0,7,6,0,0,0,8,8,0,0,0,13,1,0,0,0,4,1,0,0,0,0,0,0,0,0,4,0,0,0,2,0,0,0,4,0,0,0,0,4,2,0,0,5,2,0,0,4,1,0,0,0,0,3,0,0,0,6,2,0,0,7,2,0,0,0,6,2,0,0,7,0,0,0,18,17,0,0,0,0,16,10,0,0,0,0,0,0,0,0,0,0,0,0,0,0,0,0,0,1,1,0,0,0,1,1,0,0,0,0,2,0,0,0,0,2,1,0,0,11,10,0,0,0,15,4,0,0,0,0,0,0,0,0,0,0,0,0,0,0,0,0,0,2,2,0,0,0,0,1,0,
0,0,0,0,0,0,0,0,0,0,0,1,0,0,0,15,9,0,0,0,0,15,3,0,0,7,0,0,0,0,0,5,0,0,0,1,0,0,0,0,0,0,4,0,0,20,23,0,0,0,0,0,0,0,0,0,0,0,0,0,0,0,0,0,0,3,0,0,2,8,0,0,5,5,0,0,0,11,11,0,0,0,15,3,0,0,0,2,0,0,0,0,5,0,0,0,0,4,0,0,0,2,0,0,0,3,0,0,0,0,0,1,0,0,5,1,0,0,7,1,0,0,0,0,1,1,0,0,3,3,0,0,11,4,0,0,0,9,2,0,0,11,0,0,0,18,16,0,0,0,0,23,11,0,0,1,0,0,0,0,0,1,0,0,0,0,0,0,0,0,2,0,0,0,0,1,1,0,0,0,0,6,0,0,0,0,2,0,0,0,13,12,0,0,0,14,2,0,0,0,0,0,0,0,0,0,0,0,0,0,0,1,0,0,2,7,0,0,0,0,0,0,
0,0,0,0,0,0,0,0,0,0,0,3,0,0,0,8,15,0,0,0,0,14,5,0,0,4,0,0,0,0,0,1,0,0,0,1,0,0,0,0,0,0,7,0,0,19,21,0,0,0,0,0,0,0,0,0,0,0,0,0,0,0,0,0,0,7,0,0,2,6,0,0,3,7,0,0,0,7,6,0,0,0,13,2,0,0,0,4,1,0,0,0,2,0,0,0,0,4,0,0,0,5,0,0,0,3,0,0,0,0,0,0,0,0,3,0,0,0,1,1,0,0,0,0,2,0,0,0,3,3,0,0,8,5,0,0,0,6,1,0,0,9,1,0,0,18,17,0,0,0,0,16,8,0,0,2,0,0,0,0,0,1,0,0,0,1,0,0,0,0,1,0,0,0,0,2,1,0,0,0,0,4,0,0,0,0,2,0,0,0,11,12,0,0,0,15,2,0,0,0,0,0,0,0,0,0,0,0,0,0,0,1,0,0,1,2,0,0,0,0,0,0,
0,0,0,0,0,0,0,0,0,0,0,2,0,0,0,11,10,0,0,0,0,17,7,0,0,3,1,0,0,0,0,3,0,0,0,0,1,0,0,0,0,0,8,0,0,21,23,0,0,0,0,0,0,0,0,0,0,0,0,0,0,0,0,0,0,6,0,0,1,6,0,0,6,5,0,0,0,7,8,0,0,0,9,4,0,0,0,1,1,0,0,0,4,0,0,0,0,5,0,0,0,3,0,0,0,4,0,0,0,0,2,0,0,0,3,0,0,0,3,0,0,0,0,0,2,0,0,0,7,5,0,0,7,2,0,0,0,7,0,0,0,7,2,0,0,18,14,0,0,0,0,22,6,0,0,0,0,0,0,0,0,2,0,0,0,2,0,0,0,0,3,0,0,0,0,3,0,0,0,0,0,5,0,0,0,0,3,0,0,0,13,10,0,0,0,22,3,0,0,0,0,0,0,0,0,1,0,0,0,0,0,1,0,0,3,2,0,0,0,0,2,0,
0,0,0,0,0,0,0,0,0,0,0,1,0,0,0,7,11,0,0,0,0,20,7,0,0,4,1,0,0,0,0,2,0,0,0,0,0,0,0,0,0,0,1,0,0,18,16,0,0,0,0,0,0,0,0,0,0,0,0,0,0,0,0,0,0,8,0,0,0,5,0,0,6,3,0,0,0,10,8,0,0,0,7,2,0,0,0,1,1,0,0,0,4,1,0,0,0,4,0,0,0,3,0,0,0,2,0,0,0,0,1,0,0,0,2,1,0,0,6,0,0,0,0,0,4,0,0,0,7,2,0,0,9,6,0,0,0,10,2,0,0,6,0,0,0,17,14,0,0,0,0,17,8,0,0,0,0,0,0,0,0,0,0,0,0,1,0,0,0,0,3,0,0,0,0,2,3,0,0,0,0,6,0,0,0,0,2,0,0,0,16,11,0,0,0,17,1,0,0,0,0,0,0,0,0,0,0,0,0,0,0,1,0,0,3,1,0,0,0,0,0,0,
0,0,0,0,0,0,0,0,0,0,0,2,0,0,0,8,9,0,0,0,0,15,6,0,0,5,0,0,0,0,0,6,0,0,0,0,0,0,0,0,0,0,2,0,0,22,21,0,0,0,0,0,0,0,0,0,0,0,0,0,0,0,0,0,0,7,0,0,0,7,0,0,10,4,0,0,0,6,7,0,0,0,5,1,0,0,0,0,0,0,0,0,6,1,0,0,0,5,0,0,0,4,0,0,0,2,0,0,0,0,2,1,0,0,6,0,0,0,7,1,0,0,0,0,3,0,0,0,4,2,0,0,7,7,0,0,0,6,3,0,0,8,3,0,0,18,16,0,0,0,0,19,11,0,0,1,0,0,0,0,0,0,0,0,0,1,0,0,0,0,4,0,0,0,0,1,0,0,0,0,0,7,0,0,0,0,2,0,0,0,14,11,0,0,0,17,3,0,0,0,0,0,0,0,0,0,0,0,0,0,0,1,0,0,3,3,0,0,0,0,1,0,
0,0,0,0,0,0,0,0,0,0,0,2,0,0,0,10,11,0,0,0,0,14,5,0,0,4,1,0,0,0,0,3,0,0,0,0,0,0,0,0,0,0,3,0,0,17,20,0,0,0,0,0,0,0,0,0,0,0,0,0,0,0,0,0,0,7,0,0,2,6,0,0,5,4,0,0,0,7,8,0,0,0,10,1,0,0,0,4,0,0,0,0,1,2,0,0,0,5,0,0,0,2,0,0,0,5,0,0,0,0,3,0,0,0,4,3,0,0,6,1,0,0,0,0,1,0,0,0,5,2,0,0,8,2,0,0,0,7,4,0,0,7,1,0,0,20,15,0,0,0,0,16,8,0,0,2,0,0,0,0,0,1,0,0,0,1,0,0,0,0,3,0,0,0,0,2,1,0,0,0,0,6,0,0,0,0,2,0,0,0,11,10,0,0,0,17,3,0,0,0,0,0,0,0,0,0,0,0,0,0,0,0,0,0,2,2,0,0,0,0,1,0,
0,0,0,0,0,0,0,0,0,0,0,1,0,0,0,9,6,0,0,0,0,16,3,0,0,7,1,0,0,0,0,2,0,0,0,1,0,0,0,0,0,0,3,0,0,19,23,0,0,0,0,0,0,0,0,0,0,0,0,0,0,0,0,0,0,3,0,0,1,10,0,0,3,6,0,0,0,7,10,0,0,0,8,2,0,0,0,2,0,0,0,0,5,0,0,0,0,4,0,0,0,2,0,0,0,3,0,0,0,0,0,1,0,0,5,0,0,0,7,1,0,0,0,0,2,0,0,0,3,1,0,0,7,5,0,0,0,6,2,0,0,9,2,0,0,17,17,0,0,0,0,18,10,0,0,0,0,0,0,0,0,0,0,0,0,2,0,0,0,0,5,0,0,0,0,3,2,0,0,0,0,7,0,0,0,0,2,0,0,0,12,9,0,0,0,19,3,0,0,0,0,0,0,0,0,0,1,0,0,0,0,2,0,0,3,3,0,0,0,0,1,0,
0,0,0,0,0,0,0,0,0,0,0,3,0,0,0,9,8,0,0,0,0,11,8,0,0,3,0,0,0,0,0,4,0,0,0,1,2,0,0,0,0,0,5,0,0,17,21,0,0,0,0,0,0,0,0,0,0,0,0,0,0,0,0,0,0,5,0,0,3,5,0,0,9,7,0,0,0,8,5,0,0,0,9,1,0,0,0,3,1,0,0,0,3,0,0,0,0,4,0,0,0,4,0,0,0,3,0,0,0,0,0,0,0,0,5,1,0,0,4,1,0,0,0,0,2,0,0,0,2,2,0,0,9,5,0,0,0,6,1,0,0,7,2,0,0,14,12,0,0,0,0,16,9,0,0,2,1,0,0,0,0,1,1,0,0,3,2,0,0,0,3,3,0,0,0,2,3,0,0,0,0,6,2,0,0,0,3,0,0,0,11,12,0,0,0,14,3,0,0,0,0,0,0,0,0,0,0,0,0,0,0,3,0,0,3,1,0,0,0,0,0,0,
0,0,0,0,0,0,0,0,0,0,0,3,0,0,0,9,11,0,0,0,0,11,5,0,0,5,1,0,0,0,0,4,0,0,0,0,0,0,0,0,0,0,5,0,0,16,14,0,0,0,0,0,0,0,0,0,0,0,0,0,0,0,0,0,0,4,0,0,1,6,0,0,5,6,0,0,0,10,5,0,0,0,13,1,0,0,0,0,0,0,0,0,4,0,0,0,0,4,0,0,0,3,0,0,0,4,0,0,0,0,1,0,0,0,2,0,0,0,1,1,0,0,0,0,2,0,0,0,4,4,0,0,10,4,0,0,0,14,0,0,0,4,1,0,0,13,16,0,0,0,0,18,8,0,0,0,0,0,0,0,0,1,0,0,0,0,0,0,0,0,2,0,0,0,0,3,0,0,0,0,0,5,0,0,0,0,2,0,0,0,12,11,0,0,0,17,1,0,0,0,0,0,0,0,0,0,0,0,0,0,0,1,0,0,3,2,0,0,0,0,2,0,
0,0,0,0,0,0,0,0,0,0,0,1,0,0,0,7,13,0,0,0,0,14,5,0,0,5,0,0,0,0,0,2,0,0,0,0,1,0,0,0,0,0,1,0,0,18,14,0,0,0,0,0,0,0,0,0,0,0,0,0,0,0,0,0,0,5,0,0,1,6,0,0,9,7,0,0,0,10,10,0,0,0,9,1,0,0,0,2,0,0,0,0,3,1,0,0,0,4,0,0,0,3,0,0,0,2,0,0,0,0,1,0,0,0,3,1,0,0,6,1,0,0,0,0,0,1,0,0,4,1,0,0,8,6,0,0,0,7,1,0,0,7,1,0,0,18,12,0,0,0,0,21,9,0,0,1,0,0,0,0,0,1,0,0,0,1,0,0,0,0,4,0,0,0,0,1,3,0,0,0,0,5,0,0,0,0,2,0,0,0,11,10,0,0,0,11,1,0,0,0,0,0,0,0,0,0,0,0,0,0,0,0,0,0,3,2,0,0,0,0,1,0,
0,0,0,0,0,0,0,0,0,0,0,2,0,0,0,11,9,0,0,0,0,12,5,0,0,5,0,0,0,0,0,3,0,0,0,0,0,0,0,0,0,0,1,0,0,16,20,0,0,0,0,0,0,0,0,0,0,0,0,0,0,0,0,0,0,7,0,0,0,5,0,0,8,6,0,0,0,6,9,0,0,0,7,0,0,0,0,2,0,0,0,0,4,0,0,0,0,5,0,0,0,4,0,0,0,2,1,0,0,0,1,2,0,0,3,0,0,0,4,0,0,0,0,0,3,0,0,0,4,1,0,0,11,6,0,0,0,8,1,0,0,9,3,0,0,16,15,0,0,0,0,17,8,0,0,1,0,0,0,0,0,1,0,0,0,1,0,0,0,0,3,0,0,0,0,1,0,0,0,0,0,6,0,0,0,0,2,0,0,0,15,14,0,0,0,19,2,0,0,0,0,0,0,0,0,0,1,0,0,0,0,0,0,0,3,2,0,0,0,0,1,0,
0,0,0,0,0,0,0,0,0,0,0,2,0,0,0,12,6,0,0,0,0,13,4,0,0,2,1,0,0,0,0,5,0,0,0,0,0,0,0,0,0,0,3,0,0,17,20,0,0,0,0,0,0,0,0,0,0,0,0,0,0,0,0,0,0,7,0,0,3,6,0,0,6,3,0,0,0,9,7,0,0,0,10,1,0,0,0,5,1,0,0,0,1,0,0,0,0,4,0,0,0,2,0,0,0,4,0,0,0,0,3,1,0,0,3,3,0,0,3,0,0,0,0,0,2,0,0,0,5,1,0,0,6,2,0,0,0,7,1,0,0,6,0,0,0,18,14,0,0,0,0,18,8,0,0,0,0,0,0,0,0,1,0,0,0,1,0,0,0,0,3,0,0,0,0,1,1,0,0,0,0,6,0,0,0,0,2,1,0,0,10,15,0,0,0,19,2,0,0,0,0,0,0,0,0,0,0,0,0,0,0,1,0,0,3,5,0,0,0,0,1,0,
0,0,0,0,0,0,0,0,0,0,0,1,0,0,0,9,5,0,0,0,0,16,4,0,0,5,0,0,0,0,0,4,0,0,0,1,0,0,0,0,0,0,5,0,0,17,26,0,0,0,0,0,0,0,0,0,0,0,0,0,0,0,0,0,0,4,0,0,1,10,0,0,7,4,0,0,0,10,10,0,0,0,11,1,0,0,0,3,0,0,0,0,4,0,0,0,0,4,0,0,0,2,0,0,0,3,0,0,0,0,1,0,0,0,4,1,0,0,5,1,0,0,0,0,1,1,0,0,2,3,0,0,10,3,0,0,0,7,2,0,0,7,2,0,0,17,13,0,0,0,0,17,9,0,0,0,0,0,0,0,0,0,1,0,0,1,0,0,0,0,3,2,0,0,0,1,2,0,0,0,0,7,1,0,0,0,2,0,0,0,12,12,0,0,0,16,3,0,0,0,0,0,0,0,0,0,0,0,0,0,0,1,0,0,3,3,0,0,0,0,2,0,
0,0,0,0,0,0,0,0,0,0,0,3,0,0,0,7,6,0,0,0,0,11,4,0,0,4,0,0,0,0,0,0,0,0,0,1,0,0,0,0,0,0,9,0,0,16,21,0,0,0,0,0,0,0,0,0,0,0,0,0,0,0,0,0,0,5,0,0,0,7,0,0,4,5,0,0,0,7,5,0,0,0,8,1,0,0,0,4,1,0,0,0,2,0,0,0,0,4,0,0,0,4,0,0,0,3,0,0,0,0,0,0,0,0,2,0,0,0,2,1,0,0,0,0,3,0,0,0,2,3,0,0,7,3,0,0,0,6,0,0,0,8,1,0,0,18,16,0,0,0,0,18,7,0,0,1,0,0,0,0,0,0,0,0,0,1,0,0,0,0,3,0,0,0,0,3,1,0,0,0,0,8,0,0,0,0,2,0,0,0,12,13,0,0,0,15,2,0,0,0,0,0,0,0,0,0,0,0,0,0,0,2,0,0,3,2,0,0,0,0,2,0,
0,0,0,0,0,0,0,0,0,0,0,2,0,0,0,8,7,0,0,0,0,13,7,0,0,2,2,0,0,0,0,2,0,0,0,0,0,0,0,0,0,0,7,0,0,17,20,0,0,0,0,0,0,0,0,0,0,0,0,0,0,0,0,0,0,6,0,0,0,5,0,0,4,5,0,0,0,10,8,0,0,0,6,3,0,0,0,1,1,0,0,0,6,0,0,0,0,4,0,0,0,3,0,0,0,3,0,0,0,0,1,0,0,0,1,0,0,0,3,0,0,0,0,0,5,0,0,0,5,4,0,0,8,2,0,0,0,5,0,0,0,10,2,0,0,18,16,0,0,0,0,18,6,0,0,0,0,0,0,0,0,0,0,0,0,0,0,0,0,0,2,0,0,0,0,2,1,0,0,0,0,7,0,0,0,0,2,0,0,0,11,12,0,0,0,15,2,0,0,0,0,0,0,0,0,0,0,0,0,0,0,1,0,0,3,2,0,0,0,0,2,0,
0,0,0,0,0,0,0,0,0,0,0,2,0,0,0,11,5,0,0,0,0,14,7,0,0,3,2,0,0,0,0,0,0,0,0,0,0,0,0,0,0,0,1,0,0,17,22,0,0,0,0,0,0,0,0,0,0,0,0,0,0,0,0,0,0,6,0,0,0,4,0,0,5,5,0,0,0,6,6,0,0,0,7,3,0,0,0,3,1,0,0,0,3,1,0,0,0,4,0,0,0,3,0,0,0,2,0,0,0,0,0,0,0,0,2,0,0,0,5,0,0,0,0,0,1,0,0,0,4,2,0,0,8,4,0,0,0,6,1,0,0,7,0,0,0,13,14,0,0,0,0,15,6,0,0,0,0,0,0,0,0,1,0,0,0,1,0,0,0,0,2,0,0,0,0,3,3,0,0,0,0,8,1,0,0,0,2,0,0,0,14,12,0,0,0,14,1,0,0,0,0,0,0,0,0,0,0,0,0,0,0,1,0,0,3,2,0,0,0,0,1,0,
0,0,0,0,0,0,0,0,0,0,0,2,0,0,0,12,7,0,0,0,0,16,5,0,0,5,0,0,0,0,0,5,0,0,0,0,0,0,0,0,0,0,0,0,0,15,20,0,0,0,0,0,0,0,0,0,0,0,0,0,0,0,0,0,0,6,0,0,0,6,0,0,7,7,0,0,0,7,7,0,0,0,5,0,0,0,0,0,0,0,0,0,3,1,0,0,0,4,0,0,0,4,0,0,0,2,0,0,0,0,0,0,0,0,2,0,0,0,4,1,0,0,0,0,2,0,0,0,1,2,0,0,9,6,0,0,0,3,2,0,0,9,2,0,0,16,16,0,0,0,0,17,8,0,0,0,0,0,0,0,0,0,0,0,0,0,0,0,0,0,2,0,0,0,0,1,0,0,0,0,0,5,1,0,0,0,3,0,0,0,12,8,0,0,0,16,1,0,0,0,0,0,0,0,0,0,0,0,0,0,0,1,0,0,3,2,0,0,0,0,2,0,
0,0,0,0,0,0,0,0,0,0,0,2,0,0,0,13,4,0,0,0,0,16,8,0,0,3,0,0,0,0,0,3,0,0,0,0,0,0,0,0,0,0,2,0,0,16,22,0,0,0,0,0,0,0,0,0,0,0,0,0,0,0,0,0,0,6,0,0,2,6,0,0,6,4,0,0,0,10,7,0,0,0,13,1,0,0,0,4,0,0,0,0,0,2,0,0,0,4,0,0,0,2,0,0,0,4,0,0,0,0,1,0,0,0,2,1,0,0,3,1,0,0,0,0,1,0,0,0,4,0,0,0,8,2,0,0,0,6,3,0,0,7,0,0,0,15,12,0,0,0,0,19,5,0,0,3,0,0,0,0,0,0,1,0,0,1,0,0,0,0,2,1,0,0,0,3,1,0,0,0,0,5,0,0,0,0,4,0,0,0,11,12,0,0,0,18,2,0,0,0,0,0,0,0,0,0,0,0,0,0,0,0,0,0,3,3,0,0,0,0,1,0,
0,0,0,0,0,0,0,0,0,0,0,1,0,0,0,13,4,0,0,0,0,12,3,0,0,9,0,0,0,0,0,3,0,0,0,0,0,0,0,0,0,0,3,0,0,15,22,0,0,0,0,0,0,0,0,0,0,0,0,0,0,0,0,0,0,4,0,0,0,8,0,0,2,4,0,0,0,9,11,0,0,0,13,2,0,0,0,1,0,0,0,0,3,0,0,0,0,4,0,0,0,2,0,0,0,4,0,0,0,0,0,1,0,0,2,0,0,0,3,1,0,0,0,0,0,0,0,0,1,0,0,0,9,4,0,0,0,5,1,0,0,9,1,0,0,15,14,0,0,0,0,20,8,0,0,0,0,0,0,0,0,0,0,0,0,1,0,0,0,0,3,0,0,0,0,2,3,0,0,0,0,7,0,0,0,0,2,0,0,0,13,9,0,0,0,17,2,0,0,0,0,0,0,0,0,0,1,0,0,0,0,0,0,0,3,1,0,0,0,0,2,0,
0,0,0,0,0,0,0,0,0,0,0,3,0,0,0,6,7,0,0,0,0,8,7,0,0,3,0,0,0,0,0,2,0,0,0,1,0,0,0,0,0,0,4,0,0,17,25,0,0,0,0,0,0,0,0,0,0,0,0,0,0,0,0,0,0,6,0,0,0,7,0,0,5,5,0,0,0,7,4,0,0,0,10,2,0,0,0,3,1,0,0,0,2,0,0,0,0,4,0,0,0,4,0,0,0,3,0,0,0,0,0,0,0,0,1,0,0,0,1,1,0,0,0,0,2,0,0,0,2,2,0,0,8,3,0,0,0,5,0,0,0,3,1,0,0,15,15,0,0,0,0,17,10,0,0,1,0,0,0,0,0,0,0,0,0,1,0,0,0,0,1,0,0,0,0,1,2,0,0,0,0,6,0,0,0,0,2,0,0,0,7,9,0,0,0,13,1,0,0,0,0,0,0,0,0,0,0,0,0,0,0,1,0,0,3,3,0,0,0,0,2,0,
0,0,0,0,0,0,0,0,0,0,0,4,0,0,0,11,6,0,0,0,0,12,7,0,0,3,0,0,0,0,0,3,0,0,0,0,0,0,0,0,0,0,6,0,0,14,24,0,0,0,0,0,0,0,0,0,0,0,0,0,0,0,0,0,0,2,0,0,0,6,0,0,4,4,0,0,0,6,8,0,0,0,5,1,0,0,0,0,0,0,0,0,3,0,0,0,0,4,0,0,0,3,0,0,0,3,0,0,0,0,0,0,0,0,0,0,0,0,0,1,0,0,0,0,3,0,0,0,3,2,0,0,9,1,0,0,0,4,0,0,0,5,0,0,0,14,15,0,0,0,0,17,7,0,0,1,0,0,0,0,0,0,0,0,0,0,0,0,0,0,1,0,0,0,0,2,1,0,0,0,0,7,0,0,0,0,2,0,0,0,9,10,0,0,0,10,1,0,0,0,0,0,0,0,0,0,0,0,0,0,0,1,0,0,3,3,0,0,0,0,2,0,
0,0,0,0,0,0,0,0,0,0,0,2,0,0,0,6,8,0,0,0,0,16,6,0,0,4,0,0,0,0,0,0,0,0,0,0,0,0,0,0,0,0,1,0,0,13,24,0,0,0,0,0,0,0,0,0,0,0,0,0,0,0,0,0,0,5,0,0,0,5,0,0,6,5,0,0,0,8,6,0,0,0,10,0,0,0,0,0,0,0,0,0,2,1,0,0,0,4,0,0,0,2,0,0,0,2,0,0,0,0,0,0,0,0,3,0,0,0,4,1,0,0,0,0,2,0,0,0,5,1,0,0,8,3,0,0,0,7,0,0,0,6,0,0,0,12,10,0,0,0,0,15,5,0,0,1,0,0,0,0,0,1,0,0,0,0,0,0,0,0,5,0,0,0,0,0,3,0,0,0,0,7,1,0,0,0,3,0,0,0,8,6,0,0,0,10,2,0,0,0,0,0,0,0,0,0,0,0,0,0,0,0,0,0,3,3,0,0,0,0,3,0,
0,0,0,0,0,0,0,0,0,0,0,2,0,0,0,7,6,0,0,0,0,13,2,0,0,2,0,0,0,0,0,3,0,0,0,0,0,0,0,0,0,0,3,0,0,12,22,0,0,0,0,0,0,0,0,0,0,0,0,0,0,0,0,0,0,8,0,0,0,5,0,0,9,4,0,0,0,6,7,0,0,0,4,0,0,0,0,2,0,0,0,0,3,0,0,0,0,4,0,0,0,4,0,0,0,1,0,0,0,0,1,2,0,0,2,0,0,0,1,0,0,0,0,0,6,0,0,0,4,0,0,0,8,3,0,0,0,4,1,0,0,11,0,0,0,10,9,0,0,0,0,21,7,0,0,1,0,0,0,0,0,1,0,0,0,0,0,0,0,0,4,0,0,0,0,0,1,0,0,0,0,6,2,0,0,0,3,0,0,0,7,6,0,0,0,17,1,0,0,0,0,0,0,0,0,0,1,0,0,0,0,0,0,0,3,4,0,0,0,0,2,0,
0,0,0,0,0,0,0,0,0,0,0,0,0,0,0,0,0,0,0,0,0,0,0,0,0,0,0,0,0,0,0,0,0,0,0,0,0,0,0,0,0,0,0,0,0,0,0,0,0,0,0,0,0,0,0,0,0,0,0,0,0,0,0,0,0,0,0,0,0,0,0,0,0,0,0,0,0,0,0,0,0,0,0,0,0,0,0,0,0,0,0,0,0,0,0,0,0,0,0,0,0,0,0,0,0,0,0,0,0,0,0,0,0,0,0,0,0,0,0,0,0,0,0,0,0,0,0,0,0,0,0,0,0,0,0,0,0,0,0,0,0,0,0,0,0,0,0,0,0,0,0,0,0,0,0,0,0,0,0,0,0,0,0,0,0,0,0,0,0,0,0,0,0,0,0,0,0,0,0,0,0,0,0,0,0,0,0,0,0,0,0,0,0,0,0,0,0,0,0,0,0,0,0,0,0,0,0,0,0,0,0,0,0,0,0,0,0,0,0,0,0,0,
0,0,0,0,0,0,0,0,0,0,0,2,0,0,0,10,5,0,0,0,0,10,4,0,0,2,1,0,0,0,0,2,0,0,0,0,0,0,0,0,0,0,3,0,0,12,18,0,0,0,0,0,0,0,0,0,0,0,0,0,0,0,0,0,0,7,0,0,1,4,0,0,4,2,0,0,0,6,4,0,0,0,9,1,0,0,0,3,1,0,0,0,0,0,0,0,0,5,0,0,0,2,0,0,0,4,0,0,0,0,1,0,0,0,1,1,0,0,2,0,0,0,0,0,1,0,0,0,3,1,0,0,5,2,0,0,0,8,0,0,0,8,0,0,0,16,14,0,0,0,0,22,6,0,0,0,0,0,0,0,0,0,0,0,0,0,0,0,0,0,1,0,0,0,0,0,1,0,0,0,0,7,0,0,0,0,2,0,0,0,12,10,0,0,0,18,2,0,0,0,0,0,0,0,0,0,0,0,0,0,0,0,0,0,3,7,0,0,0,0,1,0,
0,0,0,0,0,0,0,0,0,0,0,1,0,0,0,7,5,0,0,0,0,9,1,0,0,4,0,0,0,0,0,4,0,0,0,0,0,0,0,0,0,0,3,0,0,14,17,0,0,0,0,1,0,0,0,0,0,0,0,0,0,0,0,0,0,2,0,0,0,6,0,0,4,5,0,0,0,7,7,0,0,0,7,1,0,0,0,1,0,0,0,0,6,0,0,0,0,4,0,0,0,2,0,0,0,3,0,0,0,0,0,0,0,0,0,1,0,0,3,1,0,0,0,0,0,1,0,0,0,2,0,0,5,0,0,0,0,5,0,0,0,6,0,0,0,15,14,0,0,0,0,14,7,0,0,2,0,0,0,0,0,0,0,0,0,1,0,0,0,0,1,0,0,0,0,3,3,0,0,0,0,4,0,0,0,0,2,0,0,0,14,8,0,0,0,14,2,0,0,0,0,0,0,0,0,0,0,0,0,0,0,3,0,0,3,5,0,0,0,0,2,0,
0,0,0,0,0,0,0,0,0,0,0,3,0,0,0,10,7,0,0,0,0,9,5,0,0,3,0,0,0,0,0,2,0,0,0,1,0,0,0,0,0,0,7,0,0,11,15,0,0,0,0,0,0,0,0,0,0,0,0,0,0,0,0,0,0,4,0,0,0,5,0,0,7,6,0,0,0,5,5,0,0,0,9,0,0,0,0,4,0,0,0,0,3,0,0,0,0,4,0,0,0,3,0,0,0,3,0,0,0,0,0,0,0,0,1,0,0,0,1,1,0,0,0,0,1,0,0,0,2,2,0,0,9,3,0,0,0,7,0,0,0,4,1,0,0,15,12,0,0,0,0,14,8,0,0,0,0,0,0,0,0,1,0,0,0,1,0,0,0,0,0,0,0,0,0,3,2,0,0,0,0,8,0,0,0,0,2,0,0,0,8,10,0,0,0,11,1,0,0,0,0,0,0,0,0,0,0,0,0,0,0,3,0,0,3,4,0,0,0,0,3,0,
0,0,0,0,0,0,0,0,0,0,0,3,0,0,0,8,7,0,0,0,0,11,3,0,0,4,1,0,0,0,0,1,0,0,0,0,1,0,0,0,0,0,3,0,0,10,13,0,0,0,0,1,0,0,0,0,0,0,0,0,0,0,0,0,0,3,0,0,0,5,0,0,5,6,0,0,0,7,5,0,0,0,6,2,0,0,0,1,1,0,0,0,3,0,0,0,0,4,0,0,0,3,0,0,0,2,0,0,0,0,0,0,0,0,1,0,0,0,0,0,0,0,0,0,4,0,0,0,5,3,0,0,6,1,0,0,0,4,0,0,0,6,0,0,0,9,12,0,0,0,0,13,5,0,0,1,0,0,0,0,0,0,0,0,0,1,0,0,0,0,0,0,0,0,0,3,1,0,0,0,0,9,0,0,0,0,2,0,0,0,12,5,0,0,0,12,2,0,0,0,0,0,0,0,0,0,0,0,0,0,0,2,0,0,3,1,0,0,0,0,2,0,
0,0,0,0,0,0,0,0,0,0,0,1,0,0,0,8,6,0,0,0,0,7,5,0,0,4,1,0,0,0,0,0,0,0,0,0,2,0,0,0,0,0,2,0,0,13,28,0,0,0,0,0,0,0,0,0,0,0,0,0,0,0,0,0,0,3,0,0,0,4,0,0,6,5,0,0,0,7,6,0,0,0,7,1,0,0,0,1,1,0,0,0,3,0,0,0,0,4,0,0,0,2,0,0,0,2,0,0,0,0,0,0,0,0,1,1,0,0,3,0,0,0,0,0,1,1,0,0,2,2,0,0,6,4,0,0,0,6,0,0,0,7,0,0,0,10,13,0,0,0,0,18,6,0,0,1,0,0,0,0,0,0,0,0,0,1,0,0,0,0,2,0,0,0,0,2,5,0,0,0,0,7,1,0,0,0,2,0,0,0,11,10,0,0,0,10,3,0,0,0,0,0,0,0,0,0,0,0,0,0,0,1,0,0,2,2,0,0,0,0,1,0,
0,0,0,0,0,0,0,0,0,0,0,2,0,0,0,10,4,0,0,0,0,10,8,0,0,2,0,0,0,0,0,0,0,0,0,0,0,0,0,0,0,0,0,0,0,8,16,0,0,0,0,0,0,0,0,0,0,0,0,0,0,0,0,0,0,5,0,0,0,6,0,0,6,4,0,0,0,4,4,0,0,0,4,0,0,0,0,0,0,0,0,0,4,1,0,0,0,4,0,0,0,4,0,0,0,1,0,0,0,0,1,0,0,0,1,0,0,0,3,1,0,0,0,0,1,0,0,0,1,1,0,0,8,4,0,0,0,6,1,0,0,8,1,0,0,9,11,0,0,0,0,15,7,0,0,0,0,0,0,0,0,1,0,0,0,0,0,0,0,0,2,0,0,0,0,1,2,0,0,0,0,6,2,0,0,0,2,0,0,0,12,8,0,0,0,19,2,0,0,0,0,0,0,0,0,0,0,0,0,0,0,1,0,0,3,5,0,0,0,0,1,0,
0,0,0,0,0,0,0,0,0,0,0,2,0,0,0,10,4,0,0,0,0,11,5,0,0,0,1,0,0,0,0,2,0,0,0,0,0,0,0,0,0,0,2,0,0,11,16,0,0,0,0,3,0,0,0,0,0,0,0,0,0,0,0,0,0,7,0,0,0,4,0,0,3,2,0,0,0,6,8,0,0,0,8,1,0,0,0,4,0,0,0,0,1,1,0,0,0,4,0,0,0,2,0,0,0,4,0,0,0,0,1,0,0,0,2,1,0,0,0,1,0,0,0,0,0,0,0,0,3,0,0,0,8,0,0,0,0,6,2,0,0,6,0,0,0,8,11,0,0,0,0,16,5,0,0,0,0,0,0,0,0,0,0,0,0,2,0,0,0,0,3,0,0,0,0,3,1,0,0,0,0,9,0,0,0,0,2,0,0,0,10,11,0,0,0,15,2,0,0,0,0,0,0,0,0,0,0,0,0,0,0,1,0,0,3,2,0,0,0,0,1,0,
0,0,0,0,0,0,0,0,0,0,0,1,0,0,0,7,3,0,0,0,0,12,4,0,0,3,0,0,0,0,0,2,0,0,0,0,0,0,0,0,0,0,3,0,0,12,19,0,0,0,0,4,1,0,0,0,0,0,0,0,1,0,0,0,0,5,0,0,0,6,0,0,1,3,0,0,0,6,8,0,0,0,5,1,0,0,0,1,0,0,0,0,3,0,0,0,0,4,0,0,0,1,0,0,0,3,0,0,0,0,0,1,0,0,0,0,0,0,3,1,0,0,0,0,0,0,0,0,0,0,0,0,8,2,0,0,0,7,0,0,0,7,1,0,0,12,9,0,0,0,0,17,7,0,0,2,0,0,0,0,0,0,0,0,0,2,0,0,0,0,2,0,0,0,0,4,3,0,0,0,0,6,0,0,0,0,2,0,0,0,10,8,0,0,0,14,1,0,0,0,0,0,0,0,0,0,1,0,0,0,0,0,0,0,2,2,0,0,0,0,2,0,
0,0,0,0,0,0,0,0,0,0,0,3,0,0,0,5,5,0,0,0,0,11,4,0,0,2,0,0,0,0,0,2,0,0,0,0,0,0,0,0,0,0,4,0,0,10,22,0,0,0,0,0,0,0,0,0,0,0,0,0,0,0,0,0,0,6,0,0,0,6,0,0,6,3,0,0,0,4,5,0,0,0,8,0,0,0,0,2,0,0,0,0,2,0,0,0,0,3,0,0,0,3,0,0,0,2,0,0,0,0,0,0,0,0,2,0,0,0,1,1,0,0,0,0,1,0,0,0,1,1,0,0,8,3,0,0,0,1,0,0,0,3,1,0,0,11,12,0,0,0,0,14,7,0,0,1,0,0,0,0,0,0,0,0,0,1,0,0,0,0,1,0,0,0,0,4,1,0,0,0,0,7,0,0,0,0,2,0,0,0,12,7,0,0,0,13,2,0,0,0,0,0,0,0,0,0,0,0,0,0,0,1,0,0,3,3,0,0,0,0,3,0,
0,0,0,0,0,0,0,0,0,0,0,3,0,0,0,6,5,0,0,0,0,8,7,0,0,2,2,0,0,0,0,1,0,0,0,0,0,0,0,0,0,0,6,0,0,9,17,0,0,0,0,3,0,0,0,0,0,0,0,0,0,0,0,0,0,4,0,0,0,5,0,0,4,5,0,0,0,8,6,0,0,0,3,1,0,0,0,0,0,0,0,0,4,0,0,0,0,4,0,0,0,3,0,0,0,2,0,0,0,0,0,0,0,0,1,0,0,0,0,1,0,0,0,0,3,0,0,0,2,1,0,0,6,1,0,0,0,6,0,0,0,6,0,0,0,14,11,0,0,0,0,12,6,0,0,2,1,0,0,0,0,1,1,0,0,1,1,0,0,0,1,2,0,0,0,4,1,0,0,0,0,6,1,0,0,0,2,1,0,0,12,10,0,0,0,12,2,0,0,0,0,1,0,0,0,1,0,0,0,0,0,1,0,0,3,3,0,0,0,0,2,0,
0,0,0,0,0,0,0,0,0,0,0,1,0,0,0,10,2,0,0,0,0,6,6,0,0,4,1,0,0,0,0,0,0,0,0,0,0,0,0,0,0,0,1,0,0,10,17,0,0,0,0,1,0,0,0,0,0,0,0,0,0,0,0,0,0,3,0,0,0,5,0,0,3,5,0,0,0,5,4,0,0,0,4,1,0,0,0,2,0,0,0,0,1,0,0,0,0,4,0,0,0,2,0,0,0,2,0,0,0,0,0,0,0,0,1,0,0,0,3,0,0,0,0,0,1,0,0,0,1,1,0,0,5,1,0,0,0,5,0,0,0,8,0,0,0,13,11,0,0,0,0,12,5,0,0,2,0,0,0,0,0,0,0,0,0,1,0,0,0,0,5,0,0,0,0,2,0,0,0,0,0,8,1,0,0,0,2,0,0,0,10,6,0,0,0,10,3,0,0,0,0,0,0,0,0,0,0,0,0,0,0,0,0,0,2,2,0,0,0,0,2,0,
0,0,0,0,0,0,0,0,0,0,0,2,0,0,0,12,4,0,0,0,0,11,2,0,0,2,0,0,0,0,0,1,0,0,0,0,0,0,0,0,0,0,0,0,0,9,21,0,0,0,0,1,0,0,0,0,0,0,0,0,0,0,0,0,0,6,0,0,0,5,0,0,5,6,0,0,0,5,4,0,0,0,3,0,0,0,0,2,0,0,0,0,3,0,0,0,0,4,0,0,0,4,0,0,0,1,0,0,0,0,0,2,0,0,0,0,0,0,1,0,0,0,0,0,2,0,0,0,2,0,0,0,5,1,0,0,0,3,1,0,0,7,0,0,0,8,12,0,0,0,0,14,4,0,0,0,0,0,0,0,0,0,0,0,0,1,0,0,0,0,4,0,0,0,0,0,2,0,0,0,0,6,0,0,0,0,2,0,0,0,9,9,0,0,0,12,2,0,0,0,0,0,0,0,0,0,0,0,0,0,0,0,0,0,3,2,0,0,0,0,1,0,
0,0,0,0,0,0,0,0,0,0,0,2,0,0,0,12,1,0,0,0,0,11,6,0,0,1,0,0,0,0,0,1,0,0,0,0,0,0,0,0,0,0,2,0,0,7,16,0,0,0,0,2,1,0,0,0,1,0,0,0,1,0,0,0,0,6,0,0,0,7,0,0,4,4,0,0,0,7,4,0,0,0,8,1,0,0,0,2,1,0,0,0,0,0,0,0,0,4,0,0,0,2,0,0,0,3,0,0,0,0,0,0,0,0,1,0,0,0,0,0,0,0,0,0,1,0,0,0,2,1,0,0,7,1,0,0,0,6,0,0,0,4,0,0,0,10,12,0,0,0,0,12,6,0,0,1,0,0,0,0,0,1,0,0,0,0,0,0,0,0,2,0,0,0,0,1,0,0,0,0,0,10,0,0,0,0,2,0,0,0,9,7,0,0,0,12,1,0,0,0,0,0,0,0,0,0,0,0,0,0,0,0,0,0,3,3,0,0,0,0,1,0,
0,0,0,0,0,0,0,0,0,0,0,1,0,0,0,14,2,0,0,0,0,4,1,0,0,4,0,0,0,0,0,5,0,0,0,0,0,0,0,0,0,0,2,0,0,8,23,0,0,0,0,5,0,0,0,0,0,0,0,0,0,0,0,0,0,3,0,0,0,5,0,0,3,4,0,0,0,7,6,0,0,0,10,2,0,0,0,0,0,0,0,0,3,0,0,0,0,4,0,0,0,1,0,0,0,2,0,0,0,0,0,0,0,0,0,0,0,0,5,1,0,0,0,0,0,0,0,0,1,2,0,0,9,0,0,0,0,4,0,0,0,7,0,0,0,14,12,0,0,0,0,16,8,0,0,1,0,0,0,0,0,1,0,0,0,1,0,0,0,0,2,0,0,0,0,3,3,0,0,0,0,9,0,0,0,0,2,0,0,0,9,11,0,0,0,10,1,0,0,0,0,0,0,0,0,0,0,0,0,0,0,0,0,0,2,4,0,0,0,0,3,0,
0,0,0,0,0,0,0,0,0,0,0,3,0,0,0,6,5,0,0,0,0,8,5,0,0,2,0,0,0,0,0,0,0,0,0,0,0,0,0,0,0,0,5,0,0,10,17,0,0,0,0,0,0,0,0,0,2,0,0,0,0,0,0,0,0,6,0,0,0,7,0,0,3,3,0,0,0,2,3,0,0,0,9,1,0,0,0,1,0,0,0,0,1,0,0,0,0,4,0,0,0,3,0,0,0,2,0,0,0,0,0,0,0,0,1,0,0,0,0,1,0,0,0,0,2,1,0,0,1,1,0,0,6,4,0,0,0,3,0,0,0,4,2,0,0,11,13,0,0,0,0,17,8,0,0,2,1,0,0,0,0,2,2,0,0,4,1,0,0,0,5,0,0,0,0,3,1,0,0,0,0,14,0,0,0,0,1,0,0,0,8,12,0,0,0,14,1,0,0,0,0,0,0,0,0,0,0,0,0,0,0,1,0,0,3,4,0,0,0,0,3,0,
0,0,0,0,0,0,0,0,0,0,0,2,0,0,0,7,6,0,0,0,0,10,4,0,0,1,0,0,0,0,0,0,0,0,0,0,0,0,0,0,0,0,2,0,0,10,14,0,0,0,0,2,0,0,0,0,0,0,0,0,0,0,0,0,0,3,0,0,0,4,0,0,2,4,0,0,0,5,7,0,0,0,4,1,0,0,0,1,1,0,0,0,2,0,0,0,0,4,0,0,0,3,0,0,0,2,0,0,0,0,0,0,0,0,1,0,0,0,0,0,0,0,0,0,2,0,0,0,2,2,0,0,5,1,0,0,0,4,0,0,0,4,0,0,0,9,8,0,0,0,0,13,5,0,0,1,0,0,0,0,0,0,0,0,0,1,0,0,0,0,2,0,0,0,0,2,0,0,0,0,0,6,0,0,0,0,2,0,0,0,9,7,0,0,0,10,2,0,0,0,0,0,0,0,0,0,0,0,0,0,0,1,0,0,3,3,0,0,0,0,2,0,
0,0,0,0,0,0,0,0,0,0,0,1,0,0,0,6,5,0,0,0,0,6,5,0,0,3,0,0,0,0,0,0,0,0,0,0,0,0,0,0,0,0,1,0,0,8,20,0,0,0,0,3,0,0,0,0,0,0,0,0,0,0,0,0,0,6,0,0,0,5,0,0,1,3,0,0,0,6,3,0,0,0,6,1,0,0,0,0,1,0,0,0,1,0,0,0,0,2,0,0,0,2,0,0,0,1,0,0,0,0,0,0,0,0,1,0,0,0,2,0,0,0,0,0,1,0,0,0,0,1,0,0,8,1,0,0,0,3,0,0,0,5,0,0,0,4,10,0,0,0,0,13,6,0,0,0,0,0,0,0,0,0,0,0,0,0,0,0,0,0,1,0,0,0,0,1,0,0,0,0,0,7,0,0,0,0,1,0,0,0,7,8,0,0,0,10,2,0,0,0,0,0,0,0,0,0,0,0,0,0,0,1,0,0,3,2,0,0,0,0,2,0,
0,0,0,0,0,0,0,0,0,0,0,2,0,0,0,8,4,0,0,0,0,9,4,0,0,2,0,0,0,0,0,0,0,0,0,0,0,0,0,0,0,0,2,0,0,7,21,0,0,0,0,0,0,0,0,0,1,0,0,0,0,0,0,0,0,8,0,0,0,5,0,0,5,4,0,0,0,3,3,0,0,0,4,0,0,0,0,0,0,0,0,0,3,1,0,0,0,3,0,0,0,4,0,0,0,1,0,0,0,0,0,0,0,0,1,0,0,0,1,1,0,0,0,0,2,0,0,0,0,1,0,0,5,3,0,0,0,4,1,0,0,5,0,0,0,9,10,0,0,0,0,13,6,0,0,1,0,0,0,0,0,0,0,0,0,1,0,0,0,0,2,0,0,0,0,0,1,0,0,0,0,9,1,0,0,0,2,0,0,0,8,9,0,0,0,14,1,0,0,0,0,0,0,0,0,0,0,0,0,0,0,1,0,0,3,3,0,0,0,0,1,0,
0,0,0,0,0,0,0,0,0,0,0,2,0,0,0,10,4,0,0,0,0,10,4,0,0,1,0,0,0,0,0,1,0,0,0,0,0,0,0,0,0,0,2,0,0,7,15,0,0,0,0,1,0,0,0,0,2,0,0,0,0,0,0,0,0,9,0,0,0,3,0,0,3,2,0,0,0,5,4,0,0,0,5,1,0,0,0,2,0,0,0,0,0,0,0,0,0,3,0,0,0,1,0,0,0,2,0,0,0,0,0,0,0,0,2,1,0,0,1,1,0,0,0,0,0,0,0,0,2,0,0,0,7,0,0,0,0,3,1,0,0,5,0,0,0,8,9,0,0,0,0,14,4,0,0,1,0,0,0,0,0,0,0,0,0,0,0,0,0,0,3,0,0,0,0,1,0,0,0,0,0,7,0,0,0,0,1,0,0,0,9,8,0,0,0,13,1,0,0,0,0,0,0,0,0,0,0,0,0,0,0,0,0,0,3,2,0,0,0,0,1,0,
0,0,0,0,0,0,0,0,0,0,0,1,0,0,0,7,2,0,0,0,0,10,2,0,0,3,0,0,0,0,0,4,0,0,0,0,0,0,0,0,0,0,2,0,0,9,15,0,0,0,0,3,0,0,0,0,2,0,0,0,0,0,0,0,0,3,0,0,0,5,0,0,2,4,0,0,0,5,5,0,0,0,4,0,0,0,0,0,0,0,0,0,3,0,0,0,0,3,0,0,0,1,0,0,0,4,0,0,0,0,0,1,0,0,3,0,0,0,4,1,0,0,0,0,2,0,0,0,1,0,0,0,5,1,0,0,0,5,0,0,0,5,0,0,0,15,11,0,0,0,0,12,7,0,0,2,0,0,0,0,0,0,0,0,0,1,0,0,0,0,2,0,0,0,0,4,3,0,0,0,0,5,0,0,0,0,2,0,0,0,8,9,0,0,0,15,1,0,0,0,0,0,0,0,0,0,0,0,0,0,0,1,0,0,2,3,0,0,0,0,3,0,
0,0,0,0,0,0,0,0,0,0,0,3,0,0,0,7,3,0,0,0,0,6,4,0,0,1,0,0,0,0,0,3,0,0,0,0,0,0,0,0,0,0,2,0,0,2,10,0,0,0,0,0,0,0,0,0,0,0,0,0,0,0,0,0,0,3,0,0,0,3,0,0,7,3,0,0,0,3,4,0,0,0,8,0,0,0,0,1,0,0,0,0,2,0,0,0,0,3,0,0,0,2,0,0,0,2,0,0,0,0,0,0,0,0,1,0,0,0,1,0,0,0,0,0,0,0,0,0,2,0,0,0,7,3,0,0,0,1,0,0,0,2,0,0,0,12,9,0,0,0,0,12,7,0,0,3,0,0,0,0,0,0,0,0,0,1,0,0,0,0,1,0,0,0,0,4,2,0,0,0,0,4,0,0,0,0,2,0,0,0,12,12,0,0,0,14,1,0,0,0,0,0,0,0,0,0,0,0,0,0,0,1,0,0,3,3,0,0,0,0,3,0,
0,0,0,0,0,0,0,0,0,0,0,3,0,0,0,6,4,0,0,0,0,5,1,0,0,1,1,0,0,0,0,1,0,0,0,0,0,0,0,0,0,0,1,0,0,6,6,0,0,0,0,2,0,0,0,0,0,0,0,0,0,0,0,0,0,1,0,0,0,4,0,0,3,5,0,0,0,5,5,0,0,0,4,1,0,0,0,0,0,0,0,0,1,0,0,0,0,3,0,0,0,1,0,0,0,2,0,0,0,0,0,0,0,0,0,0,0,0,0,1,0,0,0,0,3,0,0,0,1,0,0,0,8,0,0,0,0,6,0,0,0,5,0,0,0,5,9,0,0,0,0,12,5,0,0,0,0,0,0,0,0,0,0,0,0,0,0,0,0,0,2,0,0,0,0,3,0,0,0,0,0,7,0,0,0,0,3,0,0,0,13,9,0,0,0,15,1,0,0,0,0,0,0,0,0,0,0,0,0,0,0,1,0,0,3,4,0,0,0,0,2,0,
0,0,0,0,0,0,0,0,0,0,0,0,0,0,0,6,3,0,0,0,0,4,3,0,0,3,0,0,0,0,0,0,0,0,0,0,0,0,0,0,0,0,1,0,0,4,9,0,0,0,0,1,0,0,0,0,1,0,0,0,0,0,0,0,0,3,0,0,0,2,0,0,3,3,0,0,0,6,4,0,0,0,3,0,0,0,0,1,0,0,0,0,0,0,0,0,0,2,0,0,0,3,0,0,0,1,0,0,0,0,1,0,0,0,1,0,0,0,2,0,0,0,0,0,0,0,0,0,1,1,0,0,5,1,0,0,0,4,0,0,0,4,0,0,0,8,8,0,0,0,0,13,6,0,0,1,0,0,0,0,0,0,0,0,0,1,0,0,0,0,3,0,0,0,0,1,0,0,0,0,0,7,0,0,0,0,2,0,0,0,6,8,0,0,0,11,1,0,0,0,0,0,0,0,0,0,0,0,0,0,0,0,0,0,2,2,0,0,0,0,2,0,
0,0,0,0,0,0,0,0,0,0,0,2,0,0,0,9,2,0,0,0,0,8,3,0,0,1,0,0,0,0,0,0,0,0,0,0,0,0,0,0,0,0,0,0,0,5,11,0,0,0,0,2,0,0,0,0,0,0,0,0,0,0,0,0,0,5,0,0,0,5,0,0,5,4,0,0,0,1,1,0,0,0,2,0,0,0,0,1,0,0,0,0,2,0,0,0,0,1,0,0,0,4,0,0,0,1,0,0,0,0,1,0,0,0,1,0,0,0,2,0,0,0,0,0,2,0,0,0,4,0,0,0,5,0,0,0,0,5,1,0,0,6,0,0,0,7,10,0,0,0,0,17,3,0,0,0,0,0,0,0,0,1,0,0,0,0,0,0,0,0,4,0,0,0,0,0,1,0,0,0,0,8,1,0,0,0,2,0,0,0,8,8,0,0,0,16,1,0,0,0,0,0,0,0,0,0,0,0,0,0,0,0,0,0,3,2,0,0,0,0,1,0,
0,0,0,0,0,0,0,0,0,0,0,2,0,0,0,11,3,0,0,0,0,9,2,0,0,1,0,0,0,0,0,0,0,0,0,0,0,0,0,0,0,0,2,0,0,7,14,0,0,0,0,1,0,0,0,0,2,0,0,0,0,0,0,0,0,6,0,0,0,1,0,0,2,2,0,0,0,4,6,0,0,0,6,1,0,0,0,3,1,0,0,0,0,0,0,0,0,2,0,0,0,0,0,0,0,2,0,0,0,0,0,0,0,0,1,0,0,0,2,0,0,0,0,0,0,0,0,0,3,1,0,0,8,1,0,0,0,7,0,0,0,5,0,0,0,10,8,0,0,0,0,17,6,0,0,3,1,0,0,0,0,2,0,0,0,3,0,0,0,0,6,0,0,0,0,0,0,0,0,0,0,16,0,0,0,0,2,0,0,0,11,7,0,0,0,17,1,0,0,0,0,0,0,0,0,0,0,0,0,0,0,1,0,0,3,4,0,0,0,0,1,0,
0,0,0,0,0,0,0,0,0,0,0,0,0,0,0,0,0,0,0,0,0,0,0,0,0,0,0,0,0,0,0,0,0,0,0,0,0,0,0,0,0,0,0,0,0,0,0,0,0,0,0,0,0,0,0,0,0,0,0,0,0,0,0,0,0,0,0,0,0,0,0,0,0,0,0,0,0,0,0,0,0,0,0,0,0,0,0,0,0,0,0,0,0,0,0,0,0,0,0,0,0,0,0,0,0,0,0,0,0,0,0,0,0,0,0,0,0,0,0,0,0,0,0,0,0,0,0,0,0,0,0,0,0,0,0,0,0,0,0,0,0,0,0,0,0,0,0,0,0,0,0,0,0,0,0,0,0,0,0,0,0,0,0,0,0,0,0,0,0,0,0,0,0,0,0,0,0,0,0,0,0,0,0,0,0,0,0,0,0,0,0,0,0,0,0,0,0,0,0,0,0,0,0,0,0,0,0,0,0,0,0,0,0,0,0,0,0,0,0,0,0,0,
0,0,0,0,0,0,0,0,0,0,0,0,0,0,0,8,0,0,0,0,0,4,3,0,0,2,0,0,0,0,0,1,0,0,0,0,0,0,0,0,0,0,2,0,0,7,18,0,0,0,0,3,0,0,0,0,2,0,0,0,0,0,0,0,0,4,0,0,0,5,0,0,3,2,0,0,0,5,6,0,0,0,4,0,0,0,0,0,0,0,0,0,2,0,0,0,0,1,0,0,0,1,0,0,0,1,0,0,0,0,0,0,0,0,0,0,0,0,0,0,0,0,0,0,0,0,0,0,0,1,0,0,5,0,0,0,0,4,0,0,0,4,0,0,0,11,7,0,0,0,0,13,6,0,0,0,0,0,0,0,0,0,0,0,0,0,0,0,0,0,0,0,0,0,0,2,3,0,0,0,0,6,0,0,0,0,1,0,0,0,13,9,0,0,0,17,0,0,0,0,0,0,0,0,0,0,0,0,0,0,0,0,0,0,2,4,0,0,0,0,3,0,
0,0,0,0,0,0,0,0,0,0,0,3,0,0,0,4,3,0,0,0,0,10,1,0,0,1,0,0,0,0,0,1,0,0,0,0,0,0,0,0,0,0,4,0,0,4,14,0,0,0,0,1,0,0,0,0,1,0,0,0,0,0,0,0,0,4,0,0,0,5,0,0,3,1,0,0,0,2,3,0,0,0,6,0,0,0,0,1,0,0,0,0,1,0,0,0,0,1,0,0,0,2,0,0,0,0,0,0,0,0,0,0,0,0,0,0,0,0,0,1,0,0,0,0,0,0,0,0,0,1,0,0,5,1,0,0,0,0,0,0,0,2,0,0,0,6,11,0,0,0,0,12,4,0,0,0,0,0,0,0,0,0,0,0,0,0,0,0,0,0,0,0,0,0,0,4,2,0,0,0,0,7,0,0,0,0,0,0,0,0,9,6,0,0,0,10,2,0,0,0,0,0,0,0,0,0,0,0,0,0,0,3,0,0,2,4,0,0,0,0,3,0,
0,0,0,0,0,0,0,0,0,0,0,1,0,0,0,4,4,0,0,0,0,7,4,0,0,0,2,0,0,0,0,0,0,0,0,0,0,0,0,0,0,0,1,0,0,5,8,0,0,0,0,1,0,0,0,0,0,0,0,0,0,0,0,0,0,4,0,0,0,2,0,0,2,3,0,0,0,6,7,0,0,0,4,1,0,0,0,1,1,0,0,0,2,0,0,0,0,4,0,0,0,1,0,0,0,2,0,0,0,0,0,0,0,0,1,0,0,0,0,0,0,0,0,0,2,0,0,0,3,1,0,0,6,0,0,0,0,5,0,0,0,6,0,0,0,8,7,0,0,0,0,14,5,0,0,2,0,0,0,0,0,0,0,0,0,0,0,0,0,0,0,0,0,0,0,2,0,0,0,0,0,6,0,0,0,0,1,0,0,0,11,4,0,0,0,11,1,0,0,0,0,0,0,0,0,0,0,0,0,0,0,2,0,0,3,2,0,0,0,0,2,0,
0,0,0,0,0,0,0,0,0,0,0,0,0,0,0,8,5,0,0,0,0,5,5,0,0,0,1,0,0,0,0,0,0,0,0,0,0,0,0,0,0,0,1,0,0,7,13,0,0,0,0,1,0,0,0,0,0,0,0,0,0,0,0,0,0,4,0,0,0,3,0,0,1,3,0,0,0,6,3,0,0,0,3,2,0,0,0,2,1,0,0,0,1,0,0,0,0,1,0,0,0,1,0,0,0,2,0,0,0,0,0,0,0,0,0,0,0,0,1,0,0,0,0,0,2,0,0,0,1,0,0,0,6,0,0,0,0,2,0,0,0,8,0,0,0,4,8,0,0,0,0,17,4,0,0,0,0,0,0,0,0,0,0,0,0,1,0,0,0,0,0,0,0,0,0,1,0,0,0,0,0,5,0,0,0,0,0,0,0,0,6,7,0,0,0,12,1,0,0,0,0,0,0,0,0,0,0,0,0,0,0,1,0,0,1,1,0,0,0,0,2,0,
0,0,0,0,0,0,0,0,0,0,0,2,0,0,0,11,2,0,0,0,0,6,1,0,0,1,0,0,0,0,0,0,0,0,0,0,0,0,0,0,0,0,0,0,0,6,15,0,0,0,0,1,0,0,0,0,0,0,0,0,0,0,0,0,0,5,0,0,0,5,0,0,4,6,0,0,0,2,2,0,0,0,4,0,0,0,0,0,0,0,0,0,3,1,0,0,0,2,0,0,0,3,0,0,0,0,0,0,0,0,0,0,0,0,1,0,0,0,1,0,0,0,0,0,4,0,0,0,0,1,0,0,6,0,0,0,0,2,2,0,0,8,0,0,0,5,11,0,0,0,0,17,4,0,0,1,1,0,0,0,0,0,0,0,0,0,1,0,0,0,1,0,0,0,0,0,1,0,0,0,0,5,1,0,0,0,1,0,0,0,10,8,0,0,0,15,1,0,0,0,0,0,0,0,0,0,0,0,0,0,0,1,0,0,3,1,0,0,0,0,1,0,
0,0,0,0,0,0,0,0,0,0,0,1,0,0,0,14,0,0,0,0,0,9,5,0,0,0,0,0,0,0,0,0,0,0,0,0,0,0,0,0,0,0,2,0,0,5,14,0,0,0,0,1,0,0,0,0,2,0,0,0,0,0,0,0,0,7,0,0,0,2,0,0,2,4,0,0,0,4,2,0,0,0,7,1,0,0,0,0,0,0,0,0,0,0,0,0,0,1,0,0,0,0,0,0,0,2,0,0,0,0,0,0,0,0,1,1,0,0,0,0,0,0,0,0,0,0,0,0,3,0,0,0,6,0,0,0,0,2,0,0,0,4,0,0,0,4,7,0,0,0,0,15,4,0,0,0,0,0,0,0,0,0,0,0,0,0,0,0,0,0,3,0,0,0,0,1,0,0,0,0,0,5,0,0,0,0,1,0,0,0,14,7,0,0,0,13,1,0,0,0,0,0,0,0,0,0,0,0,0,0,0,0,0,0,3,1,0,0,0,0,2,0,
0,0,0,0,0,0,0,0,0,0,0,0,0,0,0,10,0,0,0,0,0,4,2,0,0,6,0,0,0,0,0,0,0,0,0,0,0,0,0,0,0,0,2,0,0,4,11,0,0,0,0,4,0,0,0,0,1,0,0,0,1,0,0,0,0,4,0,0,0,5,0,0,1,4,0,0,0,7,5,0,0,0,11,0,0,0,0,0,0,0,0,0,1,0,0,0,0,1,0,0,0,1,0,0,0,1,0,0,0,0,1,1,0,0,0,0,0,0,3,1,0,0,0,0,0,0,0,0,1,0,0,0,7,0,0,0,0,5,0,0,0,5,0,0,0,9,9,0,0,0,0,16,5,0,0,1,0,0,0,0,0,0,0,0,0,0,0,0,0,0,3,0,0,0,0,1,3,0,0,0,0,7,0,0,0,0,2,0,0,0,12,7,0,0,0,12,0,0,0,0,0,0,0,0,0,0,0,0,0,0,0,0,0,0,3,2,0,0,0,0,3,0,
0,0,0,0,0,0,0,0,0,0,0,3,0,0,0,5,1,0,0,0,0,5,3,0,0,1,0,0,0,0,0,0,0,0,0,0,0,0,0,0,0,0,1,0,0,4,10,0,0,0,0,0,0,0,0,0,1,0,0,0,0,0,0,0,0,5,0,0,0,6,0,0,3,2,0,0,0,2,3,0,0,0,7,0,0,0,0,1,0,0,0,0,0,0,0,0,0,0,0,0,0,2,0,0,0,0,0,0,0,0,0,0,0,0,0,0,0,0,0,0,0,0,0,0,0,0,0,0,2,0,0,0,7,0,0,0,0,2,0,0,0,2,0,0,0,9,9,0,0,0,0,15,5,0,0,0,0,0,0,0,0,0,0,0,0,1,0,0,0,0,1,0,0,0,0,0,2,0,0,0,0,6,0,0,0,0,1,0,0,0,9,4,0,0,0,11,2,0,0,0,0,0,0,0,0,0,0,0,0,0,0,0,0,0,1,2,0,0,0,0,2,0,
0,0,0,0,0,0,0,0,0,0,0,2,0,0,0,4,2,0,0,0,0,6,2,0,0,0,0,0,0,0,0,0,0,0,0,0,0,0,0,0,0,0,0,0,0,7,12,0,0,0,0,0,1,0,0,0,0,0,0,0,0,0,0,0,0,1,0,0,0,2,0,0,3,1,0,0,0,5,8,0,0,0,4,0,0,0,0,0,0,0,0,0,1,0,0,0,0,2,0,0,0,1,0,0,0,1,0,0,0,0,0,0,0,0,0,0,0,0,0,1,0,0,0,0,1,0,0,0,1,0,0,0,7,0,0,0,0,5,0,0,0,5,0,0,0,7,8,0,0,0,0,15,3,0,0,0,0,0,0,0,0,0,0,0,0,0,0,0,0,0,1,0,0,0,0,1,0,0,0,0,0,6,0,0,0,0,2,0,0,0,9,7,0,0,0,7,0,0,0,0,0,0,0,0,0,0,0,0,0,0,0,1,0,0,1,2,0,0,0,0,2,0,
0,0,0,0,0,0,0,0,0,0,0,0,0,0,0,4,4,0,0,0,0,8,3,0,0,2,0,0,0,0,0,0,0,0,0,0,0,0,0,0,0,0,1,0,0,3,11,0,0,0,0,1,0,0,0,0,0,0,0,0,0,0,0,0,0,3,0,0,0,4,0,0,3,1,0,0,0,6,3,0,0,0,1,0,0,0,0,0,0,0,0,0,0,0,0,0,0,0,0,0,0,1,0,0,0,2,0,0,0,0,0,0,0,0,0,0,0,0,2,0,0,0,0,0,0,0,0,0,2,1,0,0,7,0,0,0,0,2,1,0,0,2,0,0,0,5,7,0,0,0,0,14,3,0,0,2,1,0,0,0,0,1,0,0,0,1,1,0,0,0,3,1,0,0,0,1,1,0,0,0,0,7,1,0,0,0,1,0,0,0,5,5,0,0,0,16,1,0,0,0,0,0,0,0,0,0,0,0,0,0,0,0,0,0,2,1,0,0,0,0,2,0,
0,0,0,0,0,0,0,0,0,0,0,2,0,0,0,5,0,0,0,0,0,8,1,0,0,1,0,0,0,0,0,0,0,0,0,0,0,0,0,0,0,0,2,0,0,5,13,0,0,0,0,1,0,0,0,0,0,0,0,0,0,0,0,0,0,8,0,0,0,3,0,0,5,4,0,0,0,0,3,0,0,0,3,0,0,0,0,1,0,0,0,0,0,0,0,0,0,2,0,0,0,2,0,0,0,0,0,0,0,0,1,0,0,0,0,0,0,0,1,0,0,0,0,0,1,0,0,0,1,0,0,0,6,0,0,0,0,2,1,0,0,5,0,0,0,6,5,0,0,0,0,16,2,0,0,1,0,0,0,0,0,0,0,0,0,1,0,0,0,0,3,0,0,0,0,0,0,0,0,0,0,8,1,0,0,0,1,0,0,0,4,8,0,0,0,10,1,0,0,0,0,0,0,0,0,0,0,0,0,0,0,0,0,0,3,2,0,0,0,0,1,0,
0,0,0,0,0,0,0,0,0,0,0,1,0,0,0,7,5,0,0,0,0,7,0,0,0,2,0,0,0,0,0,0,0,0,0,0,0,0,0,0,0,0,2,0,0,5,10,0,0,0,0,3,1,0,0,0,0,0,0,0,0,0,0,0,0,4,0,0,0,0,0,0,2,2,0,0,0,3,0,0,0,0,3,1,0,0,0,0,1,0,0,0,0,0,0,0,0,0,0,0,0,0,0,0,0,3,0,0,0,0,0,0,0,0,1,0,0,0,0,0,0,0,0,0,0,0,0,0,1,1,0,0,5,0,0,0,0,3,0,0,0,5,0,0,0,6,7,0,0,0,0,15,6,0,0,0,0,0,0,0,0,0,0,0,0,0,0,0,0,0,1,0,0,0,0,1,0,0,0,0,0,5,0,0,0,0,0,0,0,0,10,6,0,0,0,12,1,0,0,0,0,0,0,0,0,0,0,0,0,0,0,0,0,0,3,3,0,0,0,0,1,0,
0,0,0,0,0,0,0,0,0,0,0,0,0,0,0,7,0,0,0,0,0,3,0,0,0,1,0,0,0,0,0,0,0,0,0,0,0,0,0,0,0,0,2,0,0,6,11,0,0,0,0,1,0,0,0,0,1,0,0,0,0,0,0,0,0,2,0,0,0,4,0,0,4,4,0,0,0,5,5,0,0,0,5,0,0,0,0,0,0,0,0,0,1,0,0,0,0,1,0,0,0,2,0,0,0,0,0,0,0,0,2,0,0,0,0,0,0,0,2,0,0,0,0,0,0,0,0,0,0,0,0,0,5,0,0,0,0,4,0,0,0,4,0,0,0,10,8,0,0,0,0,12,4,0,0,1,0,0,0,0,0,0,0,0,0,0,0,0,0,0,1,0,0,0,0,3,2,0,0,0,0,5,0,0,0,0,1,0,0,0,7,8,0,0,0,11,0,0,0,0,0,0,0,0,0,0,0,0,0,0,0,1,0,0,3,5,0,0,0,0,3,0,
0,0,0,0,0,0,0,0,0,0,0,2,0,0,0,4,4,0,0,0,0,5,1,0,0,1,0,0,0,0,0,0,0,0,0,0,0,0,0,0,0,0,2,0,0,1,7,0,0,0,0,1,0,0,0,0,2,0,0,0,0,0,0,0,0,1,0,0,0,4,0,0,4,1,0,0,0,0,4,0,0,0,3,0,0,0,0,1,0,0,0,0,0,0,0,0,0,0,0,0,0,1,0,0,0,0,0,0,0,0,0,0,0,0,0,0,0,0,0,1,0,0,0,0,1,0,0,0,0,0,0,0,4,0,0,0,0,0,0,0,0,0,0,0,0,6,5,0,0,0,0,11,3,0,0,0,0,0,0,0,0,0,0,0,0,1,0,0,0,0,1,0,0,0,0,3,1,0,0,0,0,4,0,0,0,0,0,0,0,0,8,6,0,0,0,7,1,0,0,0,0,0,0,0,0,0,0,0,0,0,0,2,0,0,1,1,0,0,0,0,2,0,
0,0,0,0,0,0,0,0,0,0,0,1,0,0,0,4,4,0,0,0,0,3,0,0,0,0,0,0,0,0,0,0,0,0,0,0,0,0,0,0,0,0,0,0,0,5,7,0,0,0,0,0,0,0,0,0,1,0,0,0,0,0,0,0,0,2,0,0,0,3,0,0,1,2,0,0,0,2,5,0,0,0,4,0,0,0,0,0,1,0,0,0,0,0,0,0,0,1,0,0,0,2,0,0,0,1,0,0,0,0,1,0,0,0,1,0,0,0,1,0,0,0,0,0,1,0,0,0,1,1,0,0,4,0,0,0,0,4,0,0,0,4,0,0,0,5,5,0,0,0,0,13,4,0,0,0,0,0,0,0,0,0,0,0,0,0,0,0,0,0,1,0,0,0,0,3,0,0,0,0,0,4,0,0,0,0,1,0,0,0,12,5,0,0,0,10,0,0,0,0,0,0,0,0,0,0,0,0,0,0,0,1,0,0,1,2,0,0,0,0,2,0,
0,0,0,0,0,0,0,0,0,0,0,0,0,0,0,7,4,0,0,0,0,3,1,0,0,0,0,0,0,0,0,0,0,0,0,0,0,0,0,0,0,0,1,0,0,2,20,0,0,0,0,1,0,0,0,0,0,0,0,0,1,0,0,0,0,3,0,0,0,2,0,0,1,1,0,0,0,6,4,0,0,0,2,0,0,0,0,1,1,0,0,0,0,0,0,0,0,0,0,0,0,0,0,0,0,2,0,0,0,0,1,0,0,0,0,0,0,0,2,0,0,0,0,0,0,0,0,0,0,0,0,0,5,0,0,0,0,1,0,0,0,7,0,0,0,5,6,0,0,0,0,13,4,0,0,0,0,0,0,0,0,0,0,0,0,0,0,0,0,0,1,0,0,0,0,1,0,0,0,0,0,6,0,0,0,0,0,0,0,0,5,5,0,0,0,11,0,0,0,0,0,0,0,0,0,0,0,0,0,0,0,0,0,0,1,1,0,0,0,0,2,0,
0,0,0,0,0,0,0,0,0,0,0,1,0,0,0,7,1,0,0,0,0,5,2,0,0,1,0,0,0,0,0,0,0,0,0,0,0,0,0,0,0,0,0,0,0,2,17,0,0,0,0,1,0,0,0,0,1,0,0,0,0,0,0,0,0,5,0,0,0,4,0,0,2,2,0,0,0,1,3,0,0,0,3,0,0,0,0,0,0,0,0,0,1,1,0,0,0,0,0,0,0,1,0,0,0,0,0,0,0,0,0,0,0,0,0,0,0,0,0,0,0,0,0,0,0,0,0,0,1,0,0,0,3,0,0,0,0,2,0,0,0,5,0,0,0,5,5,0,0,0,0,15,3,0,0,1,0,0,0,0,0,1,0,0,0,0,0,0,0,0,3,0,0,0,0,0,0,0,0,0,0,8,1,0,0,0,0,0,0,0,4,8,0,0,0,12,0,0,0,0,0,0,0,0,0,0,0,0,0,0,0,1,0,0,3,1,0,0,0,0,1,0,
0,0,0,0,0,0,0,0,0,0,0,1,0,0,0,7,0,0,0,0,0,4,2,0,0,0,0,0,0,0,0,0,0,0,0,0,0,0,0,0,0,0,0,0,0,4,7,0,0,0,0,1,0,0,0,0,1,0,0,0,1,0,0,0,0,6,0,0,0,1,0,0,1,2,0,0,0,3,4,0,0,0,4,0,0,0,0,1,0,0,0,0,0,0,0,0,0,0,0,0,0,0,0,0,0,2,0,0,0,0,0,0,0,0,1,1,0,0,0,0,0,0,0,0,1,0,0,0,0,0,0,0,3,0,0,0,0,2,0,0,0,2,0,0,0,5,6,0,0,0,0,16,3,0,0,0,0,0,0,0,0,0,0,0,0,0,0,0,0,0,2,0,0,0,0,1,0,0,0,0,0,6,0,0,0,0,1,0,0,0,6,8,0,0,0,12,1,0,0,0,0,0,0,0,0,0,0,0,0,0,0,1,0,0,3,1,0,0,0,0,1,0,
0,0,0,0,0,0,0,0,0,0,0,0,0,0,0,2,0,0,0,0,0,2,2,0,0,1,0,0,0,0,0,0,0,0,0,0,0,0,0,0,0,0,1,0,0,1,10,0,0,0,0,0,0,0,0,0,0,0,0,0,0,0,0,0,0,3,0,0,0,4,0,0,1,2,0,0,0,1,2,0,0,0,4,0,0,0,0,0,0,0,0,0,0,0,0,0,0,1,0,0,0,0,0,0,0,0,0,0,0,0,0,0,0,0,0,0,0,0,1,1,0,0,0,0,0,0,0,0,0,0,0,0,4,0,0,0,0,2,0,0,0,5,0,0,0,12,6,0,0,0,0,16,4,0,0,1,0,0,0,0,0,0,0,0,0,1,0,0,0,0,0,0,0,0,0,1,0,0,0,0,0,5,0,0,0,0,1,0,0,0,6,6,0,0,0,11,0,0,0,0,0,0,0,0,0,0,0,0,0,0,0,0,0,0,3,2,0,0,0,0,3,0,
0,0,0,0,0,0,0,0,0,0,0,2,0,0,0,3,1,0,0,0,0,5,0,0,0,1,0,0,0,0,0,0,0,0,0,0,0,0,0,0,0,0,1,0,0,1,8,0,0,0,0,0,0,0,0,0,2,0,0,0,0,0,0,0,0,3,0,0,0,3,0,0,2,1,0,0,0,2,3,0,0,0,5,0,0,0,0,0,0,0,0,0,0,0,0,0,0,0,0,0,0,1,0,0,0,0,0,0,0,0,0,0,0,0,1,0,0,0,0,0,0,0,0,0,1,0,0,0,1,0,0,0,5,0,0,0,0,4,0,0,0,1,0,0,0,10,4,0,0,0,0,12,4,0,0,2,0,0,0,0,0,0,0,0,0,1,0,0,0,0,0,0,0,0,0,0,1,0,0,0,0,3,0,0,0,0,0,0,0,0,7,5,0,0,0,11,1,0,0,0,0,0,0,0,0,0,0,0,0,0,0,0,0,0,1,1,0,0,0,0,2,0,
0,0,0,0,0,0,0,0,0,0,0,2,0,0,0,4,1,0,0,0,0,2,3,0,0,0,2,0,0,0,0,0,0,0,0,0,0,0,0,0,0,0,1,0,0,3,4,0,0,0,0,0,0,0,0,0,1,0,0,0,0,0,0,0,0,3,0,0,0,1,0,0,2,0,0,0,0,3,7,0,0,0,2,0,0,0,0,0,0,0,0,0,1,0,0,0,0,1,0,0,0,0,0,0,0,1,0,0,0,0,0,0,0,0,1,0,0,0,0,1,0,0,0,0,1,0,0,0,2,0,0,0,7,0,0,0,0,2,0,0,0,7,0,0,0,8,2,0,0,0,0,15,2,0,0,0,0,0,0,0,0,0,0,0,0,0,0,0,0,0,0,0,0,0,0,1,0,0,0,0,0,5,0,0,0,0,1,0,0,0,11,6,0,0,0,11,0,0,0,0,0,0,0,0,0,0,0,0,0,0,0,1,0,0,1,2,0,0,0,0,2,0,
0,0,0,0,0,0,0,0,0,0,0,0,0,0,0,4,1,0,0,0,0,4,4,0,0,1,1,0,0,0,0,0,0,0,0,0,0,0,0,0,0,0,1,0,0,3,13,0,0,0,0,1,0,0,0,0,0,0,0,0,0,0,0,0,0,1,0,0,0,2,0,0,3,1,0,0,0,4,3,0,0,0,1,1,0,0,0,1,0,0,0,0,0,0,0,0,0,0,0,0,0,0,0,0,0,1,0,0,0,0,0,0,0,0,0,0,0,0,1,0,0,0,0,0,0,0,0,0,0,0,0,0,2,0,0,0,0,2,0,0,0,4,0,0,0,3,3,0,0,0,0,14,2,0,0,0,0,0,0,0,0,0,0,0,0,0,0,0,0,0,0,0,0,0,0,0,0,0,0,0,0,3,0,0,0,0,1,0,0,0,10,5,0,0,0,8,1,0,0,0,0,0,0,0,0,0,0,0,0,0,0,0,0,0,2,1,0,0,0,0,2,0,
0,0,0,0,0,0,0,0,0,0,0,1,0,0,0,6,2,0,0,0,0,5,0,0,0,1,0,0,0,0,0,0,0,0,0,0,0,0,0,0,0,0,0,0,0,3,14,0,0,0,0,1,0,0,0,0,1,0,0,0,0,0,0,0,0,3,0,0,0,2,0,0,2,4,0,0,0,0,1,0,0,0,3,0,0,0,0,1,0,0,0,0,0,0,0,0,0,0,0,0,0,0,0,0,0,0,0,0,0,0,0,0,0,0,0,0,0,0,0,0,0,0,0,0,1,0,0,0,0,0,0,0,4,0,0,0,0,0,0,0,0,2,0,0,0,5,4,0,0,0,0,12,1,0,0,0,0,0,0,0,0,0,0,0,0,0,0,0,0,0,1,0,0,0,0,0,0,0,0,0,0,6,1,0,0,0,1,0,0,0,7,6,0,0,0,9,0,0,0,0,0,0,0,0,0,0,0,0,0,0,0,0,0,0,3,1,0,0,0,0,1,0,
0,0,0,0,0,0,0,0,0,0,0,1,0,0,0,9,1,0,0,0,0,8,3,0,0,1,0,0,0,0,0,0,0,0,0,0,0,0,0,0,0,0,0,0,0,1,11,0,0,0,0,3,1,0,0,0,5,0,0,0,0,0,0,0,0,3,0,0,0,2,0,0,0,3,0,0,0,3,0,0,0,0,1,0,0,0,0,0,1,0,0,0,0,0,0,0,0,0,0,0,0,0,0,0,0,2,0,0,0,0,0,0,0,0,0,0,0,0,0,0,0,0,0,0,0,0,0,0,0,1,0,0,2,0,0,0,0,4,0,0,0,2,0,0,0,4,6,0,0,0,0,13,4,0,0,1,0,0,0,0,0,0,0,0,0,0,0,0,0,0,0,0,0,0,0,0,0,0,0,0,0,4,0,0,0,0,1,0,0,0,4,5,0,0,0,8,0,0,0,0,0,0,0,0,0,0,0,0,0,0,0,0,0,0,3,2,0,0,0,0,1,0,
0,0,0,0,0,0,0,0,0,0,0,0,0,0,0,8,0,0,0,0,0,1,0,0,0,0,0,0,0,0,0,0,0,0,0,0,0,0,0,0,0,0,1,0,0,2,7,0,0,0,0,1,0,0,0,0,0,0,0,0,0,0,0,0,0,2,0,0,0,4,0,0,2,2,0,0,0,4,2,0,0,0,8,0,0,0,0,0,0,0,0,0,0,0,0,0,0,0,0,0,0,0,0,0,0,0,0,0,0,0,1,0,0,0,0,0,0,0,2,0,0,0,0,0,0,0,0,0,0,0,0,0,5,0,0,0,0,3,0,0,0,3,0,0,0,11,6,0,0,0,0,12,3,0,0,1,0,0,0,0,0,0,0,0,0,0,0,0,0,0,1,0,0,0,0,0,0,0,0,0,0,6,0,0,0,0,1,0,0,0,6,3,0,0,0,10,0,0,0,0,0,0,0,0,0,0,0,0,0,0,0,0,0,0,3,5,0,0,0,0,3,0,
0,0,0,0,0,0,0,0,0,0,0,0,0,0,0,0,0,0,0,0,0,0,0,0,0,0,0,0,0,0,0,0,0,0,0,0,0,0,0,0,0,0,0,0,0,0,0,0,0,0,0,0,0,0,0,0,0,0,0,0,0,0,0,0,0,0,0,0,0,0,0,0,0,0,0,0,0,0,0,0,0,0,0,0,0,0,0,0,0,0,0,0,0,0,0,0,0,0,0,0,0,0,0,0,0,0,0,0,0,0,0,0,0,0,0,0,0,0,0,0,0,0,0,0,0,0,0,0,0,0,0,0,0,0,0,0,0,0,0,0,0,0,0,0,0,0,0,0,0,0,0,0,0,0,0,0,0,0,0,0,0,0,0,0,0,0,0,0,0,0,0,0,0,0,0,0,0,0,0,0,0,0,0,0,0,0,0,0,0,0,0,0,0,0,0,0,0,0,0,0,0,0,0,0,0,0,0,0,0,0,0,0,0,0,0,0,0,0,0,0,0,0,
0,0,0,0,0,0,0,0,0,0,0,2,0,0,0,2,1,0,0,0,0,6,3,0,0,0,0,0,0,0,0,0,0,0,0,0,0,0,0,0,0,0,1,0,0,2,11,0,0,0,0,0,0,0,0,0,0,0,0,0,0,0,0,0,0,0,0,0,0,1,0,0,2,0,0,0,0,0,2,0,0,0,6,0,0,0,0,0,0,0,0,0,0,0,0,0,0,0,0,0,0,0,0,0,0,0,0,0,0,0,0,0,0,0,0,0,0,0,0,0,0,0,0,0,0,0,0,0,0,0,0,0,0,0,0,0,0,1,0,0,0,1,0,0,0,9,5,0,0,0,0,7,1,0,0,0,0,0,0,0,0,0,0,0,0,0,0,0,0,0,0,0,0,0,0,1,1,0,0,0,0,4,0,0,0,0,0,0,0,0,6,3,0,0,0,8,1,0,0,0,0,0,0,0,0,0,0,0,0,0,0,1,0,0,1,1,0,0,0,0,2,0,
0,0,0,0,0,0,0,0,0,0,0,1,0,0,0,2,2,0,0,0,0,7,1,0,0,0,0,0,0,0,0,0,0,0,0,0,0,0,0,0,0,0,0,0,0,5,4,0,0,0,0,1,0,0,0,0,0,0,0,0,0,0,0,0,0,1,0,0,0,2,0,0,0,0,0,0,0,1,4,0,0,0,3,0,0,0,0,0,1,0,0,0,0,0,0,0,0,1,0,0,0,0,0,0,0,0,0,0,0,0,0,0,0,0,0,0,0,0,0,0,0,0,0,0,0,0,0,0,0,0,0,0,0,0,0,0,0,2,0,0,0,1,0,0,0,8,0,0,0,0,0,11,3,0,0,0,0,0,0,0,0,0,0,0,0,0,0,0,0,0,0,0,0,0,0,1,0,0,0,0,0,4,0,0,0,0,0,0,0,0,6,3,0,0,0,6,0,0,0,0,0,0,0,0,0,0,0,0,0,0,0,2,0,0,1,2,0,0,0,0,0,0,
0,0,0,0,0,0,0,0,0,0,0,0,0,0,0,6,0,0,0,0,0,4,1,0,0,0,0,0,0,0,0,0,0,0,0,0,0,0,0,0,0,0,1,0,0,0,8,0,0,0,0,0,0,0,0,0,0,0,0,0,0,0,0,0,0,1,0,0,0,3,0,0,1,1,0,0,0,5,2,0,0,0,2,0,0,0,0,0,0,0,0,0,0,0,0,0,0,0,0,0,0,0,0,0,0,0,0,0,0,0,0,0,0,0,0,0,0,0,2,0,0,0,0,0,0,0,0,0,0,0,0,0,1,0,0,0,0,2,0,0,0,2,0,0,0,6,2,0,0,0,0,9,3,0,0,0,0,0,0,0,0,0,0,0,0,0,0,0,0,0,0,0,0,0,0,0,0,0,0,0,0,3,0,0,0,0,0,0,0,0,11,5,0,0,0,5,0,0,0,0,0,0,0,0,0,0,0,0,0,0,0,0,0,0,1,1,0,0,0,0,2,0,
0,0,0,0,0,0,0,0,0,0,0,1,0,0,0,5,0,0,0,0,0,3,0,0,0,1,0,0,0,0,0,0,0,0,0,0,0,0,0,0,0,0,0,0,0,3,10,0,0,0,0,1,1,0,0,0,0,0,0,0,0,0,0,0,0,3,0,0,0,0,0,0,1,1,0,0,0,1,2,0,0,0,3,0,0,0,0,0,0,0,0,0,0,1,0,0,0,0,0,0,0,0,0,0,0,0,0,0,0,0,0,0,0,0,0,0,0,0,0,0,0,0,0,0,0,0,0,0,0,0,0,0,0,0,0,0,0,1,0,0,0,1,0,0,0,4,3,0,0,0,0,11,4,0,0,0,0,0,0,0,0,0,0,0,0,0,0,0,0,0,0,0,0,0,0,0,0,0,0,0,0,7,1,0,0,0,0,0,0,0,4,6,0,0,0,6,0,0,0,0,0,0,0,0,0,0,0,0,0,0,0,1,0,0,1,2,0,0,0,0,1,0,
0,0,0,0,0,0,0,0,0,0,0,0,0,0,0,6,0,0,0,0,0,3,1,0,0,1,0,0,0,0,0,0,0,0,0,0,0,0,0,0,0,0,0,0,0,2,8,0,0,0,0,1,0,0,0,0,2,0,0,0,0,0,0,0,0,2,0,0,0,0,0,0,0,2,0,0,0,3,0,0,0,0,2,0,0,0,0,0,0,0,0,0,0,0,0,0,0,0,0,0,0,0,0,0,0,0,0,0,0,0,0,0,0,0,0,0,0,0,0,0,0,0,0,0,1,0,0,0,0,0,0,0,2,0,0,0,0,1,0,0,0,2,0,0,0,7,6,0,0,0,0,14,2,0,0,0,0,0,0,0,0,1,0,0,0,0,0,0,0,0,1,0,0,0,0,1,0,0,0,0,0,5,0,0,0,0,0,0,0,0,2,5,0,0,0,11,0,0,0,0,0,0,0,0,0,0,0,0,0,0,0,0,0,0,3,1,0,0,0,0,0,0,
0,0,0,0,0,0,0,0,0,0,0,0,0,0,0,2,0,0,0,0,0,3,1,0,0,0,0,0,0,0,0,0,0,0,0,0,0,0,0,0,0,0,0,0,0,3,7,0,0,0,0,0,0,0,0,0,0,0,0,0,0,0,0,0,0,1,0,0,0,2,0,0,1,4,0,0,0,1,1,0,0,0,2,0,0,0,0,0,0,0,0,0,0,0,0,0,0,0,0,0,0,0,0,0,0,0,0,0,0,0,0,0,0,0,0,0,0,0,1,1,0,0,0,0,0,0,0,0,0,0,0,0,3,0,0,0,0,0,0,0,0,6,0,0,0,9,4,0,0,0,0,11,2,0,0,0,0,0,0,0,0,0,0,0,0,0,0,0,0,0,0,0,0,0,0,1,0,0,0,0,0,6,0,0,0,0,1,0,0,0,2,2,0,0,0,8,0,0,0,0,0,0,0,0,0,0,0,0,0,0,0,1,0,0,3,3,0,0,0,0,2,0,
0,0,0,0,0,0,0,0,0,0,0,2,0,0,0,2,4,0,0,0,0,3,1,0,0,0,0,0,0,0,0,0,0,0,0,0,0,0,0,0,0,0,0,0,0,2,6,0,0,0,0,1,0,0,0,0,0,0,0,0,0,0,0,0,0,1,0,0,0,0,0,0,4,1,0,0,0,1,2,0,0,0,4,0,0,0,0,0,0,0,0,0,0,0,0,0,0,0,0,0,0,0,0,0,0,0,0,0,0,0,0,0,0,0,0,0,0,0,0,0,0,0,0,0,0,0,0,0,0,0,0,0,2,0,0,0,0,1,0,0,0,1,0,0,0,6,2,0,0,0,0,10,4,0,0,0,0,0,0,0,0,0,0,0,0,0,0,0,0,0,0,0,0,0,0,1,1,0,0,0,0,4,0,0,0,0,0,0,0,0,6,2,0,0,0,9,1,0,0,0,0,0,0,0,0,0,0,0,0,0,0,1,0,0,1,2,0,0,0,0,3,0,
0,0,0,0,0,0,0,0,0,0,0,2,0,0,0,1,3,0,0,0,0,2,0,0,0,0,0,0,0,0,0,0,0,0,0,0,0,0,0,0,0,0,0,0,0,3,4,0,0,0,0,1,0,0,0,0,0,0,0,0,0,0,0,0,0,0,0,0,0,3,0,0,1,1,0,0,0,2,4,0,0,0,3,0,0,0,0,0,0,0,0,0,1,0,0,0,0,0,0,0,0,0,0,0,0,0,0,0,0,0,0,0,0,0,0,0,0,0,0,0,0,0,0,0,0,0,0,0,0,0,0,0,3,0,0,0,0,0,0,0,0,2,0,0,0,4,2,0,0,0,0,12,0,0,0,0,0,0,0,0,0,0,0,0,0,0,0,0,0,0,0,0,0,0,0,3,0,0,0,0,0,4,0,0,0,0,0,0,0,0,5,4,0,0,0,7,0,0,0,0,0,0,0,0,0,0,0,0,0,0,0,1,0,0,1,1,0,0,0,0,0,0,
0,0,0,0,0,0,0,0,0,0,0,0,0,0,0,6,3,0,0,0,0,2,1,0,0,0,1,0,0,0,0,0,0,0,0,0,0,0,0,0,0,0,1,0,0,1,6,0,0,0,0,0,1,0,0,0,1,0,0,0,0,0,0,0,0,0,0,0,0,1,0,0,3,1,0,0,0,4,3,0,0,0,1,0,0,0,0,0,0,0,0,0,0,0,0,0,0,0,0,0,0,0,0,0,0,0,0,0,0,0,0,0,0,0,0,0,0,0,1,0,0,0,0,0,0,0,0,0,1,0,0,0,0,0,0,0,0,1,0,0,0,2,0,0,0,3,2,0,0,0,0,9,2,0,0,0,0,0,0,0,0,0,0,0,0,0,0,0,0,0,0,0,0,0,0,1,0,0,0,0,0,3,0,0,0,0,0,0,0,0,3,3,0,0,0,3,0,0,0,0,0,0,0,0,0,0,0,0,0,0,0,0,0,0,1,0,0,0,0,0,2,0,
0,0,0,0,0,0,0,0,0,0,0,0,0,0,0,8,0,0,0,0,0,3,0,0,0,1,0,0,0,0,0,0,0,0,0,0,0,0,0,0,0,0,0,0,0,1,5,0,0,0,0,1,0,0,0,0,2,0,0,0,0,0,0,0,0,2,0,0,0,1,0,0,1,1,0,0,0,0,1,0,0,0,0,0,0,0,0,0,0,0,0,0,0,0,0,0,0,0,0,0,0,0,0,0,0,0,0,0,0,0,0,0,0,0,1,0,0,0,0,0,0,0,0,0,1,0,0,0,1,1,0,0,2,0,0,0,0,2,1,0,0,2,0,0,0,6,2,0,0,0,0,10,1,0,0,1,1,0,0,0,0,1,0,0,0,1,1,0,0,0,4,0,0,0,0,1,1,0,0,0,0,7,1,0,0,0,1,0,0,0,5,5,0,0,0,9,0,0,0,0,0,0,0,0,0,0,0,0,0,0,0,0,0,0,1,1,0,0,0,0,0,0,
0,0,0,0,0,0,0,0,0,0,0,0,0,0,0,8,1,0,0,0,0,1,0,0,0,1,0,0,0,0,0,0,0,0,0,0,0,0,0,0,0,0,0,0,0,0,4,0,0,0,0,1,0,0,0,0,0,0,0,0,0,0,0,0,0,0,0,0,0,0,0,0,0,2,0,0,0,2,3,0,0,0,1,0,0,0,0,1,1,0,0,0,0,0,0,0,0,0,0,0,0,0,0,0,0,0,0,0,0,0,0,0,0,0,0,0,0,0,0,0,0,0,0,0,0,0,0,0,0,0,0,0,0,0,0,0,0,0,0,0,0,0,0,0,0,7,3,0,0,0,0,6,3,0,0,0,0,0,0,0,0,0,0,0,0,0,0,0,0,0,1,0,0,0,0,0,0,0,0,0,0,3,0,0,0,0,0,0,0,0,3,3,0,0,0,6,0,0,0,0,0,0,0,0,0,0,0,0,0,0,0,1,0,0,1,2,0,0,0,0,0,0,
0,0,0,0,0,0,0,0,0,0,0,0,0,0,0,5,1,0,0,0,0,1,1,0,0,0,0,0,0,0,0,0,0,0,0,0,0,0,0,0,0,0,0,0,0,0,2,0,0,0,0,0,0,0,0,0,2,0,0,0,0,0,0,0,0,1,0,0,0,4,0,0,2,2,0,0,0,2,0,0,0,0,1,0,0,0,0,0,0,0,0,0,0,0,0,0,0,0,0,0,0,0,0,0,0,0,0,0,0,0,0,0,0,0,0,0,0,0,0,0,0,0,0,0,0,0,0,0,0,0,0,0,0,0,0,0,0,1,0,0,0,1,0,0,0,9,3,0,0,0,0,9,4,0,0,0,0,0,0,0,0,0,0,0,0,0,0,0,0,0,1,0,0,0,0,1,0,0,0,0,0,6,0,0,0,0,0,0,0,0,6,2,0,0,0,3,0,0,0,0,0,0,0,0,0,0,0,0,0,0,0,0,0,0,1,1,0,0,0,0,0,0,
0,0,0,0,0,0,0,0,0,0,0,1,0,0,0,1,1,0,0,0,0,3,0,0,0,0,0,0,0,0,0,0,0,0,0,0,0,0,0,0,0,0,0,0,0,0,5,0,0,0,0,0,0,0,0,0,1,0,0,0,0,0,0,0,0,2,0,0,0,0,0,0,2,1,0,0,0,0,2,0,0,0,2,0,0,0,0,0,0,0,0,0,0,0,0,0,0,0,0,0,0,0,0,0,0,0,0,0,0,0,0,0,0,0,0,0,0,0,0,0,0,0,0,0,0,0,0,0,0,0,0,0,0,0,0,0,0,0,0,0,0,0,0,0,0,5,2,0,0,0,0,6,3,0,0,0,0,0,0,0,0,0,0,0,0,0,0,0,0,0,0,0,0,0,0,1,0,0,0,0,0,3,0,0,0,0,0,0,0,0,4,2,0,0,0,8,1,0,0,0,0,0,0,0,0,0,0,0,0,0,0,1,0,0,1,0,0,0,0,0,1,0,
0,0,0,0,0,0,0,0,0,0,0,1,0,0,0,1,1,0,0,0,0,1,1,0,0,0,1,0,0,0,0,0,0,0,0,0,0,0,0,0,0,0,0,0,0,2,4,0,0,0,0,0,0,0,0,0,0,0,0,0,0,0,0,0,0,2,0,0,0,1,0,0,0,0,0,0,0,0,4,0,0,0,2,0,0,0,0,0,1,0,0,0,0,0,0,0,0,0,0,0,0,0,0,0,0,0,0,0,0,0,0,0,0,0,0,0,0,0,0,0,0,0,0,0,0,0,0,0,0,0,0,0,0,0,0,0,0,0,0,0,0,0,0,0,0,3,0,0,0,0,0,9,1,0,0,0,0,0,0,0,0,0,0,0,0,0,0,0,0,0,0,0,0,0,0,1,0,0,0,0,0,4,0,0,0,0,0,0,0,0,4,2,0,0,0,3,0,0,0,0,0,0,0,0,0,0,0,0,0,0,0,1,0,0,0,0,0,0,0,0,0,0,
0,0,0,0,0,0,0,0,0,0,0,0,0,0,0,6,0,0,0,0,0,5,2,0,0,0,0,0,0,0,0,0,0,0,0,0,0,0,0,0,0,0,0,0,0,0,4,0,0,0,0,0,0,0,0,0,0,0,0,0,0,0,0,0,0,1,0,0,0,1,0,0,1,1,0,0,0,3,3,0,0,0,2,1,0,0,0,0,0,0,0,0,0,0,0,0,0,0,0,0,0,0,0,0,0,0,0,0,0,0,0,0,0,0,0,0,0,0,1,0,0,0,0,0,0,0,0,0,0,0,0,0,0,0,0,0,0,0,0,0,0,0,0,0,0,4,2,0,0,0,0,6,1,0,0,0,0,0,0,0,0,0,0,0,0,0,0,0,0,0,0,0,0,0,0,0,0,0,0,0,0,2,0,0,0,0,0,0,0,0,3,3,0,0,0,3,0,0,0,0,0,0,0,0,0,0,0,0,0,0,0,0,0,0,0,1,0,0,0,0,1,0,
0,0,0,0,0,0,0,0,0,0,0,0,0,0,0,5,0,0,0,0,0,4,0,0,0,1,0,0,0,0,0,0,0,0,0,0,0,0,0,0,0,0,0,0,0,0,4,0,0,0,0,1,0,0,0,0,0,0,0,0,0,0,0,0,0,0,0,0,0,0,0,0,0,3,0,0,0,0,1,0,0,0,2,0,0,0,0,0,0,0,0,0,0,1,0,0,0,0,0,0,0,0,0,0,0,0,0,0,0,0,0,0,0,0,0,0,0,0,0,0,0,0,0,0,0,0,0,0,0,0,0,0,0,0,0,0,0,0,0,0,0,1,0,0,0,4,0,0,0,0,0,10,0,0,0,0,0,0,0,0,0,0,0,0,0,0,0,0,0,0,0,0,0,0,0,0,0,0,0,0,0,6,1,0,0,0,0,0,0,0,2,4,0,0,0,8,0,0,0,0,0,0,0,0,0,0,0,0,0,0,0,0,0,0,0,1,0,0,0,0,0,0,
0,0,0,0,0,0,0,0,0,0,0,0,0,0,0,8,0,0,0,0,0,3,1,0,0,0,0,0,0,0,0,0,0,0,0,0,0,0,0,0,0,0,0,0,0,1,1,0,0,0,0,1,0,0,0,0,0,0,0,0,0,0,0,0,0,1,0,0,0,0,0,0,0,3,0,0,0,4,0,0,0,0,1,0,0,0,0,0,0,0,0,0,0,0,0,0,0,0,0,0,0,0,0,0,0,0,0,0,0,0,0,0,0,0,0,0,0,0,0,0,0,0,0,0,0,0,0,0,0,0,0,0,0,0,0,0,0,0,0,0,0,0,0,0,0,1,4,0,0,0,0,9,0,0,0,0,0,0,0,0,0,0,0,0,0,0,0,0,0,0,0,0,0,0,0,1,0,0,0,0,0,2,0,0,0,0,0,0,0,0,4,3,0,0,0,4,0,0,0,0,0,0,0,0,0,0,0,0,0,0,0,0,0,0,1,0,0,0,0,0,0,0,
0,0,0,0,0,0,0,0,0,0,0,0,0,0,0,4,0,0,0,0,0,0,0,0,0,0,0,0,0,0,0,0,0,0,0,0,0,0,0,0,0,0,0,0,0,0,0,0,0,0,0,0,0,0,0,0,0,0,0,0,0,0,0,0,0,0,0,0,0,4,0,0,0,3,0,0,0,3,2,0,0,0,3,0,0,0,0,0,0,0,0,0,0,0,0,0,0,0,0,0,0,0,0,0,0,0,0,0,0,0,0,0,0,0,0,0,0,0,0,0,0,0,0,0,0,0,0,0,0,0,0,0,0,0,0,0,0,0,0,0,0,0,0,0,0,5,1,0,0,0,0,7,2,0,0,0,0,0,0,0,0,0,0,0,0,0,0,0,0,0,1,0,0,0,0,0,0,0,0,0,0,5,0,0,0,0,1,0,0,0,4,0,0,0,0,6,0,0,0,0,0,0,0,0,0,0,0,0,0,0,0,0,0,0,1,1,0,0,0,0,0,0,
0,0,0,0,0,0,0,0,0,0,0,1,0,0,0,1,2,0,0,0,0,3,2,0,0,0,0,0,0,0,0,0,0,0,0,0,0,0,0,0,0,0,0,0,0,0,5,0,0,0,0,0,0,0,0,0,2,0,0,0,0,0,0,0,0,1,0,0,0,1,0,0,1,0,0,0,0,1,2,0,0,0,1,0,0,0,0,0,0,0,0,0,0,0,0,0,0,0,0,0,0,0,0,0,0,0,0,0,0,0,0,0,0,0,0,0,0,0,0,0,0,0,0,0,0,0,0,0,0,0,0,0,0,0,0,0,0,0,0,0,0,0,0,0,0,4,0,0,0,0,0,6,0,0,0,0,0,0,0,0,0,0,0,0,0,0,0,0,0,0,0,0,0,0,0,0,0,0,0,0,0,4,0,0,0,0,0,0,0,0,5,2,0,0,0,5,0,0,0,0,0,0,0,0,0,0,0,0,0,0,0,0,0,0,1,0,0,0,0,0,1,0,
0,0,0,0,0,0,0,0,0,0,0,1,0,0,0,0,1,0,0,0,0,2,0,0,0,0,0,0,0,0,0,0,0,0,0,0,0,0,0,0,0,0,0,0,0,0,5,0,0,0,0,0,0,0,0,0,2,0,0,0,0,0,0,0,0,2,0,0,0,1,0,0,0,0,0,0,0,1,0,0,0,0,1,0,0,0,0,0,0,0,0,0,1,0,0,0,0,0,0,0,0,0,0,0,0,0,0,0,0,0,0,0,0,0,0,0,0,0,0,0,0,0,0,0,0,1,0,0,0,0,0,0,0,0,0,0,0,1,0,0,0,0,1,0,0,7,1,0,0,0,0,5,1,0,0,1,0,0,0,0,0,0,1,0,0,1,0,0,0,0,0,1,0,0,0,1,0,0,0,0,0,4,1,0,0,0,0,0,0,0,3,1,0,0,0,3,0,0,0,0,0,0,0,0,0,0,0,0,0,0,0,1,0,0,0,0,0,0,0,0,0,0,
0,0,0,0,0,0,0,0,0,0,0,0,0,0,0,2,0,0,0,0,0,5,0,0,0,0,0,0,0,0,0,0,0,0,0,0,0,0,0,0,0,0,0,0,0,0,7,0,0,0,0,0,0,0,0,0,2,0,0,0,1,0,0,0,0,2,0,0,0,3,0,0,3,1,0,0,0,4,2,0,0,0,4,0,0,0,0,0,0,0,0,0,1,0,0,0,0,0,0,0,0,0,0,0,0,0,0,0,0,0,0,0,0,0,0,0,0,0,0,0,0,0,0,0,0,0,0,0,0,0,0,0,1,0,0,0,0,0,0,0,0,0,0,0,0,2,1,0,0,0,0,5,2,0,0,0,0,0,0,0,0,0,0,0,0,0,0,0,0,0,0,0,0,0,0,0,0,0,0,0,0,2,0,0,0,0,0,0,0,0,3,2,0,0,0,5,1,0,0,0,0,0,0,0,0,0,0,0,0,0,0,0,0,0,0,0,0,0,0,0,1,0,
0,0,0,0,0,0,0,0,0,0,0,0,0,0,0,3,0,0,0,0,0,0,0,0,0,1,0,0,0,0,0,0,0,0,0,0,0,0,0,0,0,0,0,0,0,1,2,0,0,0,0,0,0,0,0,0,0,0,0,0,0,0,0,0,0,0,0,0,0,0,0,0,2,0,0,0,0,0,2,0,0,0,1,0,0,0,0,0,0,0,0,0,0,0,0,0,0,0,0,0,0,0,0,0,0,0,0,0,0,0,0,0,0,0,0,0,0,0,0,0,0,0,0,0,0,0,0,0,0,0,0,0,0,0,0,0,0,0,0,0,0,0,0,0,0,2,0,0,0,0,0,3,2,0,0,0,0,0,0,0,0,0,0,0,0,0,0,0,0,0,0,0,0,0,0,0,0,0,0,0,0,5,1,0,0,0,0,0,0,0,2,2,0,0,0,3,1,0,0,0,0,0,0,0,0,0,0,0,0,0,0,0,0,0,0,1,0,0,0,0,0,0,
0,0,0,0,0,0,0,0,0,0,0,0,0,0,0,4,0,0,0,0,0,1,0,0,0,2,0,0,0,0,0,0,0,0,0,0,0,0,0,0,0,0,0,0,0,0,2,0,0,0,0,1,0,0,0,0,1,0,0,0,0,0,0,0,0,1,0,0,0,0,0,0,0,2,0,0,0,1,0,0,0,0,1,0,0,0,0,0,1,0,0,0,1,0,0,0,0,0,0,0,0,0,0,0,0,0,0,0,0,0,0,0,0,0,0,0,0,0,0,0,0,0,0,0,0,0,0,0,0,0,0,0,0,0,0,0,0,0,0,0,0,0,0,0,0,1,2,0,0,0,0,2,1,0,0,0,0,0,0,0,0,0,0,0,0,0,0,0,0,0,0,0,0,0,0,0,0,0,0,0,0,1,0,0,0,0,0,0,0,0,1,3,0,0,0,2,0,0,0,0,0,0,0,0,0,0,0,0,0,0,0,0,0,0,1,1,0,0,0,0,0,0,
0,0,0,0,0,0,0,0,0,0,0,0,0,0,0,4,0,0,0,0,0,0,0,0,0,0,0,0,0,0,0,0,0,0,0,0,0,0,0,0,0,0,0,0,0,1,3,0,0,0,0,0,1,0,0,0,0,0,0,0,0,0,0,0,0,0,0,0,0,1,0,0,1,3,0,0,0,0,2,0,0,0,0,0,0,0,0,0,0,0,0,0,0,0,0,0,0,0,0,0,0,0,0,0,0,0,0,0,0,0,0,0,0,0,0,0,0,0,0,0,0,0,0,0,0,0,0,0,0,0,0,0,0,0,0,0,0,0,0,0,0,0,0,0,0,2,2,0,0,0,0,3,1,0,0,0,0,0,0,0,0,0,0,0,0,0,0,0,0,0,1,0,0,0,0,1,0,0,0,0,0,1,0,0,0,0,0,0,0,0,2,1,0,0,0,3,0,0,0,0,0,0,0,0,0,0,0,0,0,0,0,1,0,0,1,1,0,0,0,0,0,0,
0,0,0,0,0,0,0,0,0,0,0,0,0,0,0,0,2,0,0,0,0,1,0,0,0,0,0,0,0,0,0,0,0,0,0,0,0,0,0,0,0,0,0,0,0,0,1,0,0,0,0,0,0,0,0,0,0,0,0,0,0,0,0,0,0,0,0,0,0,0,0,0,0,0,0,0,0,0,0,0,0,0,5,0,0,0,0,0,0,0,0,0,0,0,0,0,0,0,0,0,0,0,0,0,0,0,0,0,0,0,0,0,0,0,0,0,0,0,0,0,0,0,0,0,1,0,0,0,0,1,0,0,1,0,0,0,0,0,1,0,0,1,0,0,0,2,2,0,0,0,0,4,0,0,0,0,1,0,0,0,0,0,0,0,0,0,1,0,0,0,0,0,0,0,0,1,0,0,0,0,0,1,0,0,0,0,0,0,0,0,3,0,0,0,0,8,0,0,0,0,0,0,0,0,0,0,0,0,0,0,0,1,0,0,1,0,0,0,0,0,1,0,
0,0,0,0,0,0,0,0,0,0,0,0,0,0,0,0,0,0,0,0,0,0,0,0,0,0,0,0,0,0,0,0,0,0,0,0,0,0,0,0,0,0,0,0,0,0,0,0,0,0,0,0,0,0,0,0,0,0,0,0,0,0,0,0,0,0,0,0,0,0,0,0,0,0,0,0,0,0,0,0,0,0,0,0,0,0,0,0,0,0,0,0,0,0,0,0,0,0,0,0,0,0,0,0,0,0,0,0,0,0,0,0,0,0,0,0,0,0,0,0,0,0,0,0,0,0,0,0,0,0,0,0,0,0,0,0,0,0,0,0,0,0,0,0,0,0,0,0,0,0,0,0,0,0,0,0,0,0,0,0,0,0,0,0,0,0,0,0,0,0,0,0,0,0,0,0,0,0,0,0,0,0,0,0,0,0,0,0,0,0,0,0,0,0,0,0,0,0,0,0,0,0,0,0,0,0,0,0,0,0,0,0,0,0,0,0,0,0,0,0,0,0,
0,0,0,0,0,0,0,0,0,0,0,0,0,0,0,1,0,0,0,0,0,0,0,0,0,0,0,0,0,0,0,0,0,0,0,0,0,0,0,0,0,0,0,0,0,0,2,0,0,0,0,0,0,0,0,0,0,0,0,0,0,0,0,0,0,0,0,0,0,2,0,0,0,1,0,0,0,0,0,0,0,0,3,0,0,0,0,0,1,0,0,0,0,0,0,0,0,0,0,0,0,0,0,0,0,0,0,0,0,0,0,0,0,0,0,0,0,0,0,0,0,0,0,0,0,0,0,0,0,0,0,0,0,0,0,0,0,0,0,0,0,0,0,0,0,0,1,0,0,0,0,1,0,0,0,0,0,0,0,0,0,0,0,0,0,0,0,0,0,0,0,0,0,0,0,2,0,0,0,0,0,2,0,0,0,0,0,0,0,0,2,1,0,0,0,4,0,0,0,0,0,0,0,0,0,0,0,0,0,0,0,0,0,0,0,0,0,0,0,0,0,0,
0,0,0,0,0,0,0,0,0,0,0,0,0,0,0,2,1,0,0,0,0,4,1,0,0,0,0,0,0,0,0,0,0,0,0,0,0,0,0,0,0,0,0,0,0,0,2,0,0,0,0,1,0,0,0,0,0,0,0,0,0,0,0,0,0,0,0,0,0,1,0,0,0,0,0,0,0,0,1,0,0,0,1,0,0,0,0,0,0,0,0,0,0,0,0,0,0,0,0,0,0,0,0,0,0,0,0,0,0,0,0,0,0,0,0,0,0,0,0,0,0,0,0,0,0,0,0,0,0,0,0,0,0,0,0,0,0,0,0,0,0,0,0,0,0,1,0,0,0,0,0,0,1,0,0,0,0,0,0,0,0,0,0,0,0,0,0,0,0,0,0,0,0,0,0,1,0,0,0,0,0,0,0,0,0,0,0,0,0,0,4,1,0,0,0,4,0,0,0,0,0,0,0,0,0,0,0,0,0,0,0,0,0,0,0,0,0,0,0,0,0,0,
0,0,0,0,0,0,0,0,0,0,0,0,0,0,0,3,0,0,0,0,0,2,1,0,0,1,0,0,0,0,0,0,0,0,0,0,0,0,0,0,0,0,0,0,0,0,3,0,0,0,0,0,0,0,0,0,0,0,0,0,0,0,0,0,0,0,0,0,0,1,0,0,0,0,0,0,0,0,1,0,0,0,0,0,0,0,0,0,0,0,0,0,0,0,0,0,0,0,0,0,0,0,0,0,0,0,0,0,0,0,0,0,0,0,0,0,0,0,0,0,0,0,0,0,0,0,0,0,0,0,0,0,0,0,0,0,0,0,0,0,0,0,0,0,0,0,1,0,0,0,0,4,0,0,0,0,0,0,0,0,0,0,0,0,0,0,0,0,0,0,0,0,0,0,0,0,0,0,0,0,0,1,0,0,0,0,0,0,0,0,2,2,0,0,0,4,0,0,0,0,0,0,0,0,0,0,0,0,0,0,0,0,0,0,0,0,0,0,0,0,0,0,
0,0,0,0,0,0,0,0,0,0,0,0,0,0,0,2,0,0,0,0,0,1,0,0,0,0,0,0,0,0,0,0,0,0,0,0,0,0,0,0,0,0,0,0,0,0,0,0,0,0,0,0,1,0,0,0,0,0,0,0,0,0,0,0,0,0,0,0,0,0,0,0,0,1,0,0,0,2,2,0,0,0,0,0,0,0,0,0,0,0,0,0,0,0,0,0,0,0,0,0,0,0,0,0,0,0,0,0,0,0,0,0,0,0,0,0,0,0,0,0,0,0,0,0,0,0,0,0,0,0,0,0,0,0,0,0,0,0,0,0,0,0,0,0,0,0,0,0,0,0,0,2,0,0,0,0,0,0,0,0,0,0,0,0,0,0,0,0,0,0,0,0,0,0,0,1,0,0,0,0,0,2,0,0,0,0,0,0,0,0,2,1,0,0,0,1,0,0,0,0,0,0,0,0,0,0,0,0,0,0,0,0,0,0,0,0,0,0,0,0,0,0,
0,0,0,0,0,0,0,0,0,0,0,0,0,0,0,1,0,0,0,0,0,1,0,0,0,0,0,0,0,0,0,0,0,0,0,0,0,0,0,0,0,0,0,0,0,2,4,0,0,0,0,0,0,0,0,0,1,0,0,0,1,0,0,0,2,1,0,0,0,5,0,0,2,2,0,0,0,0,1,0,0,0,0,2,0,0,0,0,0,0,0,0,0,0,0,0,0,0,0,0,0,0,0,0,0,0,0,0,0,0,0,0,0,0,0,0,0,0,0,0,0,0,0,0,0,0,0,0,0,0,0,0,0,0,0,0,0,0,1,0,0,0,0,0,0,3,1,0,0,0,0,4,0,0,0,0,1,0,0,0,0,0,0,0,0,0,1,0,0,0,0,0,0,0,0,0,1,0,0,0,0,1,0,0,0,0,0,0,0,0,2,0,0,0,0,2,0,0,0,0,0,0,0,0,0,0,0,0,0,0,0,0,0,0,0,1,0,0,0,0,0,0,
0,0,0,0,0,0,0,0,0,0,0,0,0,0,0,0,0,0,0,0,0,2,0,0,0,0,0,0,0,0,0,0,0,0,0,0,0,0,0,0,0,0,0,0,0,1,6,0,0,0,0,0,0,0,0,0,1,0,0,0,0,0,0,0,0,1,0,0,0,0,0,0,0,0,0,0,0,0,0,0,0,0,2,0,0,0,0,0,0,0,0,0,0,0,0,0,0,0,0,0,0,0,0,0,0,0,0,0,0,0,0,0,0,0,0,0,0,0,0,0,0,0,0,0,0,0,0,0,0,0,0,0,0,0,0,0,0,0,0,0,0,0,0,0,0,4,0,0,0,0,0,2,0,0,0,0,0,0,0,0,0,0,0,0,0,0,0,0,0,0,0,0,0,0,0,0,0,0,0,0,0,1,0,0,0,0,0,0,0,0,3,0,0,0,0,4,0,0,0,0,0,0,0,0,0,0,0,0,0,0,0,0,0,0,1,0,0,0,0,0,1,0,
0,0,0,0,0,0,0,0,0,0,0,0,0,0,0,0,0,0,0,0,0,0,0,0,0,0,0,0,0,0,0,0,0,0,0,0,0,0,0,0,0,0,0,0,0,0,1,0,0,0,0,0,0,0,0,0,0,0,0,0,0,0,0,0,0,0,0,0,0,0,0,0,0,0,0,0,0,0,1,0,0,0,1,0,0,0,0,0,0,0,0,0,0,0,0,0,0,0,0,0,0,0,0,0,0,0,0,0,0,0,0,0,0,0,0,0,0,0,0,0,0,0,0,0,0,0,0,0,0,0,0,0,0,0,0,0,0,0,0,0,0,0,0,0,0,2,0,0,0,0,0,0,0,0,0,0,0,0,0,0,0,0,0,0,0,0,0,0,0,0,0,0,0,0,0,1,0,0,0,0,0,1,0,0,0,0,0,0,0,0,2,1,0,0,0,2,1,0,0,0,0,0,0,0,0,0,0,0,0,0,0,1,0,0,0,0,0,0,0,0,0,0,
0,0,0,0,0,0,0,0,0,0,0,0,0,0,0,1,0,0,0,0,0,1,0,0,0,0,0,0,0,0,0,0,0,0,0,0,0,0,0,0,0,0,0,0,0,0,2,0,0,0,0,0,0,0,0,0,0,0,0,0,0,0,0,0,0,0,0,0,0,0,0,0,0,0,0,0,0,0,0,0,0,0,1,0,0,0,0,0,0,0,0,0,1,0,0,0,0,0,0,0,0,0,0,0,0,0,0,0,0,0,0,0,0,0,0,0,0,0,0,0,0,0,0,0,0,0,0,0,0,0,0,0,0,0,0,0,0,0,0,0,0,0,0,0,0,0,1,0,0,0,0,0,0,0,0,0,0,0,0,0,0,0,0,0,0,0,0,0,0,0,0,0,0,0,0,0,0,0,0,0,0,1,0,0,0,0,0,0,0,0,1,1,0,0,0,2,0,0,0,0,0,0,0,0,0,0,0,0,0,0,0,0,0,0,0,0,0,0,0,0,0,0,
0,0,0,0,0,0,0,0,0,0,0,0,0,0,0,1,0,0,0,0,0,0,0,0,0,0,0,0,0,0,0,0,0,0,0,0,0,0,0,0,0,0,0,0,0,0,1,0,0,0,0,0,1,0,0,0,0,0,0,0,0,0,0,0,0,0,0,0,0,0,0,0,0,0,0,0,0,0,1,0,0,0,0,0,0,0,0,0,0,0,0,0,0,0,0,0,0,0,0,0,0,0,0,0,0,0,0,0,0,0,0,0,0,0,0,0,0,0,0,0,0,0,0,0,0,0,0,0,1,0,0,0,0,0,0,0,0,0,0,0,0,0,0,0,0,1,0,0,0,0,0,0,0,0,0,0,0,0,0,0,0,0,0,0,0,0,0,0,0,0,0,0,0,0,0,0,0,0,0,0,0,0,0,0,0,0,0,0,0,0,2,1,0,0,0,0,0,0,0,0,0,0,0,0,0,0,0,0,0,0,0,0,0,0,0,0,0,0,0,0,0,0,
0,0,0,0,0,0,0,0,0,0,0,0,0,0,0,3,1,0,0,0,0,1,0,0,0,0,0,0,0,0,0,0,0,0,0,0,0,0,0,0,0,0,0,0,0,0,0,0,0,0,0,0,0,0,0,0,0,0,0,0,0,0,0,0,0,0,0,0,0,0,0,0,1,0,0,0,0,2,0,0,0,0,1,0,0,0,0,0,0,0,0,0,0,0,0,0,0,0,0,0,0,0,0,0,0,0,0,0,0,0,0,0,0,0,0,0,0,0,0,0,0,0,0,0,0,0,0,0,0,0,0,0,0,0,0,0,0,0,0,0,0,0,1,0,0,0,0,0,0,0,0,4,1,0,0,0,0,0,0,0,0,0,0,0,0,0,0,0,0,0,0,0,0,0,0,0,0,0,0,0,0,0,0,0,0,0,0,0,0,0,0,0,0,0,0,1,0,0,0,0,0,0,0,0,0,0,0,0,0,0,0,0,0,0,0,0,0,0,0,0,0,0,
0,0,0,0,0,0,0,0,0,0,0,0,0,0,0,3,0,0,0,0,0,0,0,0,0,0,0,0,0,0,0,0,0,0,0,0,0,0,0,0,0,0,0,0,0,0,1,0,0,0,0,0,0,0,0,0,1,0,0,0,0,0,0,0,0,0,0,0,0,3,0,0,0,0,0,0,0,1,1,0,0,0,0,0,0,0,0,0,0,0,0,0,0,0,0,0,0,0,0,0,0,0,0,0,0,0,0,0,0,0,0,0,0,0,0,0,0,0,0,0,0,0,0,0,0,0,0,0,0,0,0,0,0,0,0,0,0,0,0,0,0,0,0,0,0,0,0,0,0,0,0,3,1,0,0,0,0,0,0,0,0,0,0,0,0,0,0,0,0,0,0,0,0,0,0,0,0,0,0,0,0,0,0,0,0,0,0,0,0,0,0,0,0,0,0,0,0,0,0,0,0,0,0,0,0,0,0,0,0,0,0,0,0,0,0,0,0,0,0,0,0,0,
0,0,0,0,0,0,0,0,0,0,0,0,0,0,0,0,0,0,0,0,0,1,0,0,0,0,0,0,0,0,0,0,0,0,0,0,0,0,0,0,0,0,0,0,0,1,0,0,0,0,0,0,0,0,0,0,0,0,0,0,0,0,0,0,0,0,0,0,0,0,0,0,0,0,0,0,0,0,0,0,0,0,0,0,0,0,0,0,0,0,0,0,0,0,0,0,0,0,0,0,0,0,0,0,0,0,0,0,0,0,0,0,0,0,0,0,0,0,0,0,0,0,0,0,0,0,0,0,0,0,0,0,0,0,0,0,0,0,0,0,0,0,0,0,0,1,2,0,0,0,0,1,0,0,0,0,0,0,0,0,0,0,0,0,0,0,0,0,0,0,0,0,0,0,0,0,0,0,0,0,0,0,0,0,0,0,0,0,0,0,0,0,0,0,0,0,0,0,0,0,0,0,0,0,0,0,0,0,0,0,0,0,0,0,1,0,0,0,0,0,1,0,
0,0,0,0,0,0,0,0,0,0,0,0,0,0,0,0,0,0,0,0,0,1,0,0,0,0,0,0,0,0,0,0,0,0,0,0,0,0,0,0,0,0,0,0,0,0,2,0,0,0,0,1,0,0,0,0,0,0,0,0,0,0,0,0,0,0,0,0,0,0,0,0,0,0,0,0,0,0,0,0,0,0,0,0,0,0,0,0,0,0,0,0,0,0,0,0,0,0,0,0,0,0,0,0,0,0,0,0,0,0,0,0,0,0,0,0,0,0,0,0,0,0,0,0,0,0,0,0,0,0,0,0,0,0,0,0,0,0,0,0,0,0,0,0,0,0,0,0,0,0,0,1,0,0,0,0,0,0,0,0,0,0,0,0,0,0,0,0,0,0,0,0,0,0,0,0,0,0,0,0,0,1,0,0,0,0,0,0,0,0,0,0,0,0,0,1,0,0,0,0,0,0,0,0,0,0,0,0,0,0,0,0,0,0,0,0,0,0,0,0,0,0,
0,0,0,0,0,0,0,0,0,0,0,0,0,0,0,1,0,0,0,0,0,1,1,0,0,0,0,0,0,0,0,0,0,0,0,0,0,0,0,0,0,0,0,0,0,1,0,0,0,0,0,1,0,0,0,0,0,0,0,0,0,0,0,0,0,0,0,0,0,1,0,0,0,0,0,0,0,0,0,0,0,0,2,0,0,0,0,0,0,0,0,0,0,0,0,0,0,0,0,0,0,0,0,0,0,0,0,0,0,0,0,0,0,0,0,0,0,0,0,0,0,0,0,0,0,0,0,0,0,0,0,0,0,0,0,0,0,0,0,0,0,0,0,0,0,1,0,0,0,0,0,0,0,0,0,0,0,0,0,0,0,0,0,0,0,0,0,0,0,0,0,0,0,0,0,0,0,0,0,0,0,0,0,0,0,0,0,0,0,0,0,0,0,0,0,1,0,0,0,0,0,0,0,0,0,0,0,0,0,0,0,0,0,0,0,0,0,0,0,0,0,0,
0,0,0,0,0,0,0,0,0,0,0,0,0,0,0,0,0,0,0,0,0,3,0,0,0,0,0,0,0,0,0,0,0,0,0,0,0,0,0,0,0,0,0,0,0,0,3,0,0,0,0,0,0,0,0,0,2,0,0,1,0,0,0,0,1,2,0,0,1,0,0,0,2,0,0,0,0,1,0,0,0,0,4,0,0,0,0,0,0,0,0,0,0,0,0,0,0,0,0,0,0,0,0,0,0,0,0,0,0,0,0,0,0,0,0,0,0,0,0,0,0,0,0,0,0,0,0,0,0,0,0,0,0,0,0,0,0,0,0,0,0,0,0,0,0,0,0,0,0,0,0,1,0,0,0,0,0,0,0,0,0,0,0,0,0,0,0,0,0,0,0,0,0,0,0,0,0,0,0,0,0,0,0,0,0,0,0,0,0,0,0,1,0,0,0,2,0,0,0,0,0,0,0,0,0,0,0,0,0,0,0,0,0,0,0,0,0,0,0,0,0,0,
0,0,0,0,0,0,0,0,0,0,0,0,0,0,0,0,0,0,0,0,0,0,0,0,0,0,0,0,0,0,0,0,0,0,0,0,0,0,0,0,0,0,0,0,0,0,0,0,0,0,0,0,0,0,0,0,0,0,0,0,0,0,0,0,0,0,0,0,0,0,0,0,0,0,0,0,0,0,0,0,0,0,0,0,0,0,0,0,0,0,0,0,0,0,0,0,0,0,0,0,0,0,0,0,0,0,0,0,0,0,0,0,0,0,0,0,0,0,0,0,0,0,0,0,0,0,0,0,0,0,0,0,0,0,0,0,0,0,0,0,0,0,0,0,0,0,1,0,0,0,0,2,0,0,0,0,0,0,0,0,0,0,0,0,0,0,0,0,0,0,0,0,0,0,0,0,0,0,0,0,0,0,0,0,0,0,0,0,0,0,0,1,0,0,0,0,0,0,0,0,0,0,0,0,0,0,0,0,0,0,0,0,0,0,0,0,0,0,0,0,0,0,
0,0,0,0,0,0,0,0,0,0,0,0,0,0,0,0,0,0,0,0,0,0,0,0,0,0,0,0,0,0,0,0,0,0,0,0,0,0,0,0,0,0,0,0,0,0,2,0,0,0,0,0,0,0,0,0,0,0,0,0,0,0,0,0,0,0,0,0,0,0,0,0,0,0,0,0,0,0,0,0,0,0,0,0,0,0,0,0,0,0,0,0,0,0,0,0,0,0,0,0,0,0,0,0,0,0,0,0,0,0,0,0,0,0,0,0,0,0,0,0,0,0,0,0,0,0,0,0,0,0,0,0,0,0,0,0,0,0,0,0,0,0,0,0,0,1,1,0,0,0,0,1,0,0,0,0,0,0,0,0,0,0,0,0,0,0,0,0,0,0,0,0,0,0,0,0,0,0,0,0,0,0,0,0,0,0,0,0,0,0,0,0,0,0,0,0,0,0,0,0,0,0,0,0,0,0,0,0,0,0,0,0,0,0,0,0,0,0,0,0,0,0,
0,0,0,0,0,0,0,0,0,0,0,0,0,0,0,0,0,0,0,0,0,1,0,0,0,0,0,0,0,0,0,0,0,0,0,0,0,0,0,0,0,0,0,0,0,0,1,0,0,0,0,0,0,0,0,0,0,0,0,0,0,0,0,0,0,0,0,0,0,0,0,0,0,0,0,0,0,0,0,0,0,0,0,0,0,0,0,0,0,0,0,0,0,0,0,0,0,0,0,0,0,0,0,0,0,0,0,0,0,0,0,0,0,0,0,0,0,0,0,0,0,0,0,0,0,0,0,0,0,0,0,0,0,0,0,0,0,0,0,0,0,0,0,0,0,0,0,0,0,0,0,1,0,0,0,0,0,0,0,0,0,0,0,0,0,0,0,0,0,0,0,0,0,0,0,0,0,0,0,0,0,0,0,0,0,0,0,0,0,0,1,0,0,0,0,0,0,0,0,0,0,0,0,0,0,0,0,0,0,0,0,0,0,0,0,0,0,0,0,0,0,0,
0,0,0,0,0,0,0,0,0,0,0,0,0,0,0,1,0,0,0,0,0,0,0,0,0,0,0,0,0,0,0,0,0,0,0,0,0,0,0,0,0,0,0,0,0,0,0,0,0,0,0,0,0,0,0,0,0,0,0,0,0,0,0,0,0,0,0,0,0,0,0,0,0,0,0,0,0,0,0,0,0,0,0,0,0,0,0,0,0,0,0,0,0,0,0,0,0,0,0,0,0,0,0,0,0,0,0,0,0,0,0,0,0,0,0,0,0,0,0,0,0,0,0,0,0,0,0,0,0,0,0,0,0,0,0,0,0,0,0,0,0,0,0,0,0,1,0,0,0,0,0,0,0,0,0,0,0,0,0,0,0,0,0,0,0,0,0,0,0,0,0,0,0,0,0,1,0,0,0,0,0,1,0,0,0,0,0,0,0,0,3,0,0,0,0,0,0,0,0,0,0,0,0,0,0,0,0,0,0,0,0,1,0,0,0,0,0,0,0,0,0,0,
0,0,0,0,0,0,0,0,0,0,0,0,0,0,0,1,0,0,0,0,0,0,0,0,0,0,0,0,0,0,0,0,0,0,0,0,0,0,0,0,0,0,0,0,0,0,0,0,0,0,0,0,0,0,0,0,0,0,0,0,0,0,0,0,0,0,0,0,0,0,0,0,0,0,0,0,0,0,0,0,0,0,0,0,0,0,0,0,0,0,0,0,0,0,0,0,0,0,0,0,0,0,0,0,0,0,0,0,0,0,0,0,0,0,0,0,0,0,0,0,0,0,0,0,0,0,0,0,0,0,0,0,0,0,0,0,0,0,0,0,0,0,0,0,0,0,0,0,0,0,0,0,0,0,0,0,0,0,0,0,0,0,0,0,0,0,0,0,0,0,0,0,0,0,0,0,0,0,0,0,0,0,0,0,0,0,0,0,0,0,0,0,0,0,0,0,0,0,0,0,0,0,0,0,0,0,0,0,0,0,0,0,0,0,0,0,0,0,0,0,0,0,
0,0,0,0,0,0,0,0,0,0,0,0,0,0,0,1,0,0,0,0,0,1,0,0,0,0,0,0,0,0,0,0,0,0,0,0,0,0,0,0,0,0,0,0,0,0,0,0,0,0,0,0,0,0,0,0,0,0,0,0,0,0,0,0,0,0,0,0,0,0,0,0,0,0,0,0,0,0,0,0,0,0,0,0,0,0,0,0,0,0,0,0,0,0,0,0,0,0,0,0,0,0,0,0,0,0,0,0,0,0,0,0,0,0,0,0,0,0,0,0,0,0,0,0,0,0,0,0,0,0,0,0,0,0,0,0,0,0,0,0,0,0,0,0,0,0,0,0,0,0,0,0,0,0,0,0,0,0,0,0,0,0,0,0,0,0,0,0,0,0,0,0,0,0,0,0,0,0,0,0,0,0,0,0,0,0,0,0,0,0,1,0,0,0,0,0,0,0,0,0,0,0,0,0,0,0,0,0,0,0,0,0,0,0,0,0,0,0,0,0,0,0,
0,0,0,0,0,0,0,0,0,0,0,0,0,0,0,1,0,0,0,0,0,1,0,0,0,0,0,0,0,0,0,0,0,0,0,0,0,0,0,0,0,0,0,0,0,0,0,0,0,0,0,0,0,0,0,0,0,0,0,0,0,0,0,0,0,0,0,0,0,0,0,0,0,0,0,0,0,0,0,0,0,0,0,0,0,0,0,0,0,0,0,0,0,0,0,0,0,0,0,0,0,0,0,0,0,0,0,0,0,0,0,0,0,0,0,0,0,0,0,0,0,0,0,0,0,0,0,0,0,0,0,0,0,0,0,0,0,0,0,0,0,0,0,0,0,0,0,0,0,0,0,0,0,0,0,0,0,0,0,0,0,0,0,0,0,0,0,0,0,0,0,0,0,0,0,0,0,0,0,0,0,1,0,0,0,0,0,0,0,0,0,1,0,0,0,0,0,0,0,0,0,0,0,0,0,0,0,0,0,0,0,0,0,0,1,0,0,0,0,0,0,0,
0,0,0,0,0,0,0,0,0,0,0,0,0,0,0,0,0,0,0,0,0,2,0,0,0,0,0,0,0,0,0,0,0,0,0,0,0,0,0,0,0,0,0,0,0,0,0,0,0,0,0,0,0,0,0,0,0,0,0,0,0,0,0,0,0,0,0,0,0,0,0,0,0,0,0,0,0,0,0,0,0,0,0,0,0,0,0,0,0,0,0,0,0,0,0,0,0,0,0,0,0,0,0,0,0,0,0,0,0,0,0,0,0,0,0,0,0,0,0,0,0,0,0,0,0,0,0,0,0,0,0,0,0,0,0,0,0,0,0,0,0,0,0,0,0,0,0,0,0,0,0,3,1,0,0,0,0,0,0,0,0,0,0,0,0,0,0,0,0,0,0,0,0,0,0,0,0,0,0,0,0,1,0,0,0,0,0,0,0,0,0,0,0,0,0,3,0,0,0,0,0,0,0,0,0,0,0,0,0,0,0,0,0,0,0,1,0,0,0,0,0,0,
0,0,0,0,0,0,0,0,0,0,0,0,0,0,0,0,0,0,0,0,0,2,0,0,0,0,0,0,0,0,0,0,0,0,0,0,0,0,0,0,0,0,0,0,0,1,0,0,0,0,0,0,0,0,0,0,0,0,0,0,0,0,0,0,0,0,0,0,0,0,0,0,0,0,0,0,0,0,0,0,0,0,0,0,0,0,0,0,0,0,0,0,0,1,0,0,0,0,0,0,0,0,0,0,0,0,0,0,0,0,0,0,0,0,0,0,0,0,0,0,0,0,0,0,0,0,0,0,0,0,0,0,0,0,0,0,0,0,0,0,0,0,0,0,0,0,0,0,0,0,0,0,0,0,0,0,0,0,0,0,0,0,0,0,0,0,0,0,0,0,0,0,0,0,0,0,0,0,0,0,0,0,0,0,0,0,0,0,0,0,0,0,0,0,0,0,0,0,0,0,0,0,0,0,0,0,0,0,0,0,0,0,0,0,0,0,0,0,0,0,0,0,
0,0,0,0,0,0,0,0,0,0,0,0,0,0,0,0,0,0,0,0,0,2,0,0,0,0,0,0,0,0,0,0,0,0,0,0,0,0,0,0,0,0,0,0,0,0,1,0,0,0,0,0,0,0,0,0,0,0,0,0,0,0,0,0,0,0,0,0,0,1,0,0,0,0,0,0,0,0,1,0,0,0,0,0,0,0,0,0,0,0,0,0,0,0,0,0,0,0,0,0,0,0,0,0,0,0,0,0,0,0,0,0,0,0,0,0,0,0,0,0,0,0,0,0,0,0,0,0,0,0,0,0,1,0,0,0,0,1,0,0,0,1,0,0,0,1,0,0,0,0,0,2,1,0,0,1,1,0,0,0,0,1,1,0,0,1,1,0,0,0,1,0,0,0,0,1,1,0,0,0,0,0,0,0,0,0,0,0,0,0,0,0,0,0,0,1,0,0,0,0,0,0,0,0,0,0,0,0,0,0,0,0,0,0,0,0,0,0,0,0,0,0,
