solid OpenSCAD_Model
  facet normal 0 0 -1
    outer loop
      vertex 0 0 0
      vertex 167.2 115.2 0
      vertex 167.2 0 0
    endloop
  endfacet
  facet normal -0 0 -1
    outer loop
      vertex 167.2 115.2 0
      vertex 0 0 0
      vertex 0 115.2 0
    endloop
  endfacet
  facet normal 1 0 0
    outer loop
      vertex 167.2 115.2 33.4
      vertex 167.2 87.1 15.9
      vertex 167.2 115.2 0
    endloop
  endfacet
  facet normal 1 0 0
    outer loop
      vertex 167.2 115.2 33.4
      vertex 167.2 87.0444 16.7484
      vertex 167.2 87.1 15.9
    endloop
  endfacet
  facet normal 1 0 0
    outer loop
      vertex 167.2 115.2 33.4
      vertex 167.2 86.8785 17.5823
      vertex 167.2 87.0444 16.7484
    endloop
  endfacet
  facet normal 1 0 0
    outer loop
      vertex 167.2 115.2 33.4
      vertex 167.2 86.6052 18.3874
      vertex 167.2 86.8785 17.5823
    endloop
  endfacet
  facet normal 1 0 0
    outer loop
      vertex 167.2 115.2 33.4
      vertex 167.2 86.2292 19.15
      vertex 167.2 86.6052 18.3874
    endloop
  endfacet
  facet normal 1 0 0
    outer loop
      vertex 167.2 115.2 33.4
      vertex 167.2 85.7568 19.8569
      vertex 167.2 86.2292 19.15
    endloop
  endfacet
  facet normal 1 0 0
    outer loop
      vertex 167.2 115.2 33.4
      vertex 167.2 85.1962 20.4962
      vertex 167.2 85.7568 19.8569
    endloop
  endfacet
  facet normal 1 0 0
    outer loop
      vertex 167.2 115.2 33.4
      vertex 167.2 84.5569 21.0568
      vertex 167.2 85.1962 20.4962
    endloop
  endfacet
  facet normal 1 0 0
    outer loop
      vertex 167.2 115.2 33.4
      vertex 167.2 83.85 21.5292
      vertex 167.2 84.5569 21.0568
    endloop
  endfacet
  facet normal 1 0 0
    outer loop
      vertex 167.2 115.2 33.4
      vertex 167.2 83.0874 21.9052
      vertex 167.2 83.85 21.5292
    endloop
  endfacet
  facet normal 1 0 0
    outer loop
      vertex 167.2 115.2 33.4
      vertex 167.2 82.2823 22.1785
      vertex 167.2 83.0874 21.9052
    endloop
  endfacet
  facet normal 1 0 0
    outer loop
      vertex 167.2 115.2 33.4
      vertex 167.2 81.4484 22.3444
      vertex 167.2 82.2823 22.1785
    endloop
  endfacet
  facet normal 1 0 0
    outer loop
      vertex 167.2 115.2 33.4
      vertex 167.2 80.6 22.4
      vertex 167.2 81.4484 22.3444
    endloop
  endfacet
  facet normal 1 0 0
    outer loop
      vertex 167.2 115.2 33.4
      vertex 167.2 79.7516 22.3444
      vertex 167.2 80.6 22.4
    endloop
  endfacet
  facet normal 1 -0 0
    outer loop
      vertex 167.2 40.4412 24.5393
      vertex 167.2 79.7516 22.3444
      vertex 167.2 115.2 33.4
    endloop
  endfacet
  facet normal 1 0 0
    outer loop
      vertex 167.2 74.1556 16.7484
      vertex 167.2 72.1 17.4
      vertex 167.2 74.1 15.9
    endloop
  endfacet
  facet normal 1 0 0
    outer loop
      vertex 167.2 74.3215 17.5823
      vertex 167.2 72.1 17.4
      vertex 167.2 74.1556 16.7484
    endloop
  endfacet
  facet normal 1 0 0
    outer loop
      vertex 167.2 74.5948 18.3874
      vertex 167.2 72.1 17.4
      vertex 167.2 74.3215 17.5823
    endloop
  endfacet
  facet normal 1 0 0
    outer loop
      vertex 167.2 74.9708 19.15
      vertex 167.2 72.1 17.4
      vertex 167.2 74.5948 18.3874
    endloop
  endfacet
  facet normal 1 0 0
    outer loop
      vertex 167.2 75.4432 19.8569
      vertex 167.2 72.1 17.4
      vertex 167.2 74.9708 19.15
    endloop
  endfacet
  facet normal 1 0 0
    outer loop
      vertex 167.2 76.0038 20.4962
      vertex 167.2 72.1 17.4
      vertex 167.2 75.4432 19.8569
    endloop
  endfacet
  facet normal 1 0 0
    outer loop
      vertex 167.2 58.1 17.4
      vertex 167.2 76.0038 20.4962
      vertex 167.2 76.6431 21.0568
    endloop
  endfacet
  facet normal 1 0 0
    outer loop
      vertex 167.2 76.0038 20.4962
      vertex 167.2 58.1 17.4
      vertex 167.2 72.1 17.4
    endloop
  endfacet
  facet normal 1 0 0
    outer loop
      vertex 167.2 77.35 21.5292
      vertex 167.2 58.1 17.4
      vertex 167.2 76.6431 21.0568
    endloop
  endfacet
  facet normal 1 0 0
    outer loop
      vertex 167.2 41.5785 23.9784
      vertex 167.2 77.35 21.5292
      vertex 167.2 78.1126 21.9052
    endloop
  endfacet
  facet normal 1 0 0
    outer loop
      vertex 167.2 40.8437 24.4026
      vertex 167.2 78.1126 21.9052
      vertex 167.2 78.9177 22.1785
    endloop
  endfacet
  facet normal 1 0 0
    outer loop
      vertex 167.2 79.7516 22.3444
      vertex 167.2 40.4412 24.5393
      vertex 167.2 78.9177 22.1785
    endloop
  endfacet
  facet normal 1 -0 0
    outer loop
      vertex 167.2 42.7 20.4432
      vertex 167.2 58.1 17.4
      vertex 167.2 42.7 22.3568
    endloop
  endfacet
  facet normal 1 0 0
    outer loop
      vertex 167.2 78.1126 21.9052
      vertex 167.2 41.225 24.2146
      vertex 167.2 41.5785 23.9784
    endloop
  endfacet
  facet normal 1 0 0
    outer loop
      vertex 167.2 58.1 17.4
      vertex 167.2 42.6026 22.6437
      vertex 167.2 42.7 22.3568
    endloop
  endfacet
  facet normal 1 0 0
    outer loop
      vertex 167.2 58.1 17.4
      vertex 167.2 42.4146 23.025
      vertex 167.2 42.6026 22.6437
    endloop
  endfacet
  facet normal 1 0 0
    outer loop
      vertex 167.2 58.1 17.4
      vertex 167.2 42.1784 23.3785
      vertex 167.2 42.4146 23.025
    endloop
  endfacet
  facet normal 1 0 0
    outer loop
      vertex 167.2 58.1 17.4
      vertex 167.2 41.8981 23.6981
      vertex 167.2 42.1784 23.3785
    endloop
  endfacet
  facet normal 1 0 0
    outer loop
      vertex 167.2 58.1 17.4
      vertex 167.2 41.5785 23.9784
      vertex 167.2 41.8981 23.6981
    endloop
  endfacet
  facet normal 1 0 0
    outer loop
      vertex 167.2 77.35 21.5292
      vertex 167.2 41.5785 23.9784
      vertex 167.2 58.1 17.4
    endloop
  endfacet
  facet normal 1 0 0
    outer loop
      vertex 167.2 78.1126 21.9052
      vertex 167.2 40.8437 24.4026
      vertex 167.2 41.225 24.2146
    endloop
  endfacet
  facet normal 1 0 0
    outer loop
      vertex 167.2 78.9177 22.1785
      vertex 167.2 40.4412 24.5393
      vertex 167.2 40.8437 24.4026
    endloop
  endfacet
  facet normal 1 0 0
    outer loop
      vertex 167.2 115.2 33.4
      vertex 167.2 40.0242 24.6222
      vertex 167.2 40.4412 24.5393
    endloop
  endfacet
  facet normal 1 -0 0
    outer loop
      vertex 167.2 0 33.4
      vertex 167.2 40.0242 24.6222
      vertex 167.2 115.2 33.4
    endloop
  endfacet
  facet normal 1 0 0
    outer loop
      vertex 167.2 40.0242 24.6222
      vertex 167.2 0 33.4
      vertex 167.2 39.6 24.65
    endloop
  endfacet
  facet normal 1 0 0
    outer loop
      vertex 167.2 36.3778 21.8242
      vertex 167.2 0 33.4
      vertex 167.2 36.35 21.4
    endloop
  endfacet
  facet normal 1 0 0
    outer loop
      vertex 167.2 36.4607 22.2412
      vertex 167.2 0 33.4
      vertex 167.2 36.3778 21.8242
    endloop
  endfacet
  facet normal 1 0 0
    outer loop
      vertex 167.2 36.5974 22.6437
      vertex 167.2 0 33.4
      vertex 167.2 36.4607 22.2412
    endloop
  endfacet
  facet normal 1 0 0
    outer loop
      vertex 167.2 36.7854 23.025
      vertex 167.2 0 33.4
      vertex 167.2 36.5974 22.6437
    endloop
  endfacet
  facet normal 1 0 0
    outer loop
      vertex 167.2 37.0216 23.3785
      vertex 167.2 0 33.4
      vertex 167.2 36.7854 23.025
    endloop
  endfacet
  facet normal 1 0 0
    outer loop
      vertex 167.2 37.3019 23.6981
      vertex 167.2 0 33.4
      vertex 167.2 37.0216 23.3785
    endloop
  endfacet
  facet normal 1 0 0
    outer loop
      vertex 167.2 37.6215 23.9784
      vertex 167.2 0 33.4
      vertex 167.2 37.3019 23.6981
    endloop
  endfacet
  facet normal 1 0 0
    outer loop
      vertex 167.2 37.975 24.2146
      vertex 167.2 0 33.4
      vertex 167.2 37.6215 23.9784
    endloop
  endfacet
  facet normal 1 0 0
    outer loop
      vertex 167.2 38.3563 24.4026
      vertex 167.2 0 33.4
      vertex 167.2 37.975 24.2146
    endloop
  endfacet
  facet normal 1 0 0
    outer loop
      vertex 167.2 38.7588 24.5393
      vertex 167.2 0 33.4
      vertex 167.2 38.3563 24.4026
    endloop
  endfacet
  facet normal 1 0 0
    outer loop
      vertex 167.2 39.1758 24.6222
      vertex 167.2 0 33.4
      vertex 167.2 38.7588 24.5393
    endloop
  endfacet
  facet normal 1 0 0
    outer loop
      vertex 167.2 39.6 24.65
      vertex 167.2 0 33.4
      vertex 167.2 39.1758 24.6222
    endloop
  endfacet
  facet normal 1 -0 0
    outer loop
      vertex 167.2 87.0444 15.0516
      vertex 167.2 115.2 0
      vertex 167.2 87.1 15.9
    endloop
  endfacet
  facet normal 1 -0 0
    outer loop
      vertex 167.2 86.8785 14.2177
      vertex 167.2 115.2 0
      vertex 167.2 87.0444 15.0516
    endloop
  endfacet
  facet normal 1 -0 0
    outer loop
      vertex 167.2 86.6052 13.4126
      vertex 167.2 115.2 0
      vertex 167.2 86.8785 14.2177
    endloop
  endfacet
  facet normal 1 -0 0
    outer loop
      vertex 167.2 86.2292 12.65
      vertex 167.2 115.2 0
      vertex 167.2 86.6052 13.4126
    endloop
  endfacet
  facet normal 1 -0 0
    outer loop
      vertex 167.2 85.7568 11.9431
      vertex 167.2 115.2 0
      vertex 167.2 86.2292 12.65
    endloop
  endfacet
  facet normal 1 -0 0
    outer loop
      vertex 167.2 85.1962 11.3038
      vertex 167.2 115.2 0
      vertex 167.2 85.7568 11.9431
    endloop
  endfacet
  facet normal 1 -0 0
    outer loop
      vertex 167.2 84.5569 10.7432
      vertex 167.2 115.2 0
      vertex 167.2 85.1962 11.3038
    endloop
  endfacet
  facet normal 1 -0 0
    outer loop
      vertex 167.2 83.85 10.2708
      vertex 167.2 115.2 0
      vertex 167.2 84.5569 10.7432
    endloop
  endfacet
  facet normal 1 -0 0
    outer loop
      vertex 167.2 83.0874 9.89478
      vertex 167.2 115.2 0
      vertex 167.2 83.85 10.2708
    endloop
  endfacet
  facet normal 1 -0 0
    outer loop
      vertex 167.2 82.2823 9.62148
      vertex 167.2 115.2 0
      vertex 167.2 83.0874 9.89478
    endloop
  endfacet
  facet normal 1 -0 0
    outer loop
      vertex 167.2 81.4484 9.45561
      vertex 167.2 115.2 0
      vertex 167.2 82.2823 9.62148
    endloop
  endfacet
  facet normal 1 -0 0
    outer loop
      vertex 167.2 80.6 9.4
      vertex 167.2 115.2 0
      vertex 167.2 81.4484 9.45561
    endloop
  endfacet
  facet normal 1 0 0
    outer loop
      vertex 167.2 72.1 9.4
      vertex 167.2 80.6 9.4
      vertex 167.2 79.7516 9.45561
    endloop
  endfacet
  facet normal 1 0 0
    outer loop
      vertex 167.2 72.1 9.4
      vertex 167.2 79.7516 9.45561
      vertex 167.2 78.9177 9.62148
    endloop
  endfacet
  facet normal 1 0 0
    outer loop
      vertex 167.2 72.1 17.4
      vertex 167.2 74.1556 15.0516
      vertex 167.2 74.1 15.9
    endloop
  endfacet
  facet normal 1 0 0
    outer loop
      vertex 167.2 72.1 17.4
      vertex 167.2 74.3215 14.2177
      vertex 167.2 74.1556 15.0516
    endloop
  endfacet
  facet normal 1 0 0
    outer loop
      vertex 167.2 72.1 9.4
      vertex 167.2 74.3215 14.2177
      vertex 167.2 72.1 17.4
    endloop
  endfacet
  facet normal 1 0 0
    outer loop
      vertex 167.2 74.3215 14.2177
      vertex 167.2 72.1 9.4
      vertex 167.2 74.5948 13.4126
    endloop
  endfacet
  facet normal 1 0 0
    outer loop
      vertex 167.2 74.5948 13.4126
      vertex 167.2 72.1 9.4
      vertex 167.2 74.9708 12.65
    endloop
  endfacet
  facet normal 1 0 0
    outer loop
      vertex 167.2 72.1 9.4
      vertex 167.2 75.4432 11.9431
      vertex 167.2 74.9708 12.65
    endloop
  endfacet
  facet normal 1 0 0
    outer loop
      vertex 167.2 72.1 9.4
      vertex 167.2 76.0038 11.3038
      vertex 167.2 75.4432 11.9431
    endloop
  endfacet
  facet normal 1 0 0
    outer loop
      vertex 167.2 72.1 9.4
      vertex 167.2 76.6431 10.7432
      vertex 167.2 76.0038 11.3038
    endloop
  endfacet
  facet normal 1 0 0
    outer loop
      vertex 167.2 72.1 9.4
      vertex 167.2 77.35 10.2708
      vertex 167.2 76.6431 10.7432
    endloop
  endfacet
  facet normal 1 0 0
    outer loop
      vertex 167.2 72.1 9.4
      vertex 167.2 78.1126 9.89478
      vertex 167.2 77.35 10.2708
    endloop
  endfacet
  facet normal 1 0 0
    outer loop
      vertex 167.2 72.1 9.4
      vertex 167.2 78.9177 9.62148
      vertex 167.2 78.1126 9.89478
    endloop
  endfacet
  facet normal 1 0 0
    outer loop
      vertex 167.2 80.6 9.4
      vertex 167.2 72.1 9.4
      vertex 167.2 115.2 0
    endloop
  endfacet
  facet normal 1 -0 0
    outer loop
      vertex 167.2 58.1 9.4
      vertex 167.2 115.2 0
      vertex 167.2 72.1 9.4
    endloop
  endfacet
  facet normal 1 -0 0
    outer loop
      vertex 167.2 42.6026 20.1563
      vertex 167.2 58.1 17.4
      vertex 167.2 42.7 20.4432
    endloop
  endfacet
  facet normal 1 -0 0
    outer loop
      vertex 167.2 42.4146 19.775
      vertex 167.2 58.1 17.4
      vertex 167.2 42.6026 20.1563
    endloop
  endfacet
  facet normal 1 -0 0
    outer loop
      vertex 167.2 42.1784 19.4215
      vertex 167.2 58.1 17.4
      vertex 167.2 42.4146 19.775
    endloop
  endfacet
  facet normal 1 0 0
    outer loop
      vertex 167.2 58.1 17.4
      vertex 167.2 42.1784 19.4215
      vertex 167.2 58.1 9.4
    endloop
  endfacet
  facet normal 1 -0 0
    outer loop
      vertex 167.2 41.8981 19.1019
      vertex 167.2 58.1 9.4
      vertex 167.2 42.1784 19.4215
    endloop
  endfacet
  facet normal 1 -0 0
    outer loop
      vertex 167.2 41.5785 18.8216
      vertex 167.2 58.1 9.4
      vertex 167.2 41.8981 19.1019
    endloop
  endfacet
  facet normal 1 -0 0
    outer loop
      vertex 167.2 41.225 18.5854
      vertex 167.2 58.1 9.4
      vertex 167.2 41.5785 18.8216
    endloop
  endfacet
  facet normal 1 -0 0
    outer loop
      vertex 167.2 40.8437 18.3974
      vertex 167.2 58.1 9.4
      vertex 167.2 41.225 18.5854
    endloop
  endfacet
  facet normal 1 -0 0
    outer loop
      vertex 167.2 40.4412 18.2607
      vertex 167.2 58.1 9.4
      vertex 167.2 40.8437 18.3974
    endloop
  endfacet
  facet normal 1 -0 0
    outer loop
      vertex 167.2 40.0242 18.1778
      vertex 167.2 58.1 9.4
      vertex 167.2 40.4412 18.2607
    endloop
  endfacet
  facet normal 1 -0 0
    outer loop
      vertex 167.2 39.6 18.15
      vertex 167.2 58.1 9.4
      vertex 167.2 40.0242 18.1778
    endloop
  endfacet
  facet normal 1 0 0
    outer loop
      vertex 167.2 39.1758 18.1778
      vertex 167.2 58.1 9.4
      vertex 167.2 39.6 18.15
    endloop
  endfacet
  facet normal 1 0 0
    outer loop
      vertex 167.2 0 0
      vertex 167.2 39.1758 18.1778
      vertex 167.2 38.7588 18.2607
    endloop
  endfacet
  facet normal 1 0 0
    outer loop
      vertex 167.2 0 0
      vertex 167.2 38.7588 18.2607
      vertex 167.2 38.3563 18.3974
    endloop
  endfacet
  facet normal 1 0 0
    outer loop
      vertex 167.2 0 33.4
      vertex 167.2 36.3778 20.9758
      vertex 167.2 36.35 21.4
    endloop
  endfacet
  facet normal 1 0 0
    outer loop
      vertex 167.2 0 0
      vertex 167.2 36.3778 20.9758
      vertex 167.2 0 33.4
    endloop
  endfacet
  facet normal 1 0 0
    outer loop
      vertex 167.2 36.3778 20.9758
      vertex 167.2 0 0
      vertex 167.2 36.4607 20.5588
    endloop
  endfacet
  facet normal 1 0 0
    outer loop
      vertex 167.2 36.4607 20.5588
      vertex 167.2 0 0
      vertex 167.2 36.5974 20.1563
    endloop
  endfacet
  facet normal 1 0 0
    outer loop
      vertex 167.2 36.5974 20.1563
      vertex 167.2 0 0
      vertex 167.2 36.7854 19.775
    endloop
  endfacet
  facet normal 1 0 0
    outer loop
      vertex 167.2 36.7854 19.775
      vertex 167.2 0 0
      vertex 167.2 37.0216 19.4215
    endloop
  endfacet
  facet normal 1 0 0
    outer loop
      vertex 167.2 37.0216 19.4215
      vertex 167.2 0 0
      vertex 167.2 37.3019 19.1019
    endloop
  endfacet
  facet normal 1 0 0
    outer loop
      vertex 167.2 37.3019 19.1019
      vertex 167.2 0 0
      vertex 167.2 37.6215 18.8216
    endloop
  endfacet
  facet normal 1 0 0
    outer loop
      vertex 167.2 37.6215 18.8216
      vertex 167.2 0 0
      vertex 167.2 37.975 18.5854
    endloop
  endfacet
  facet normal 1 0 0
    outer loop
      vertex 167.2 37.975 18.5854
      vertex 167.2 0 0
      vertex 167.2 38.3563 18.3974
    endloop
  endfacet
  facet normal 1 0 0
    outer loop
      vertex 167.2 58.1 9.4
      vertex 167.2 0 0
      vertex 167.2 115.2 0
    endloop
  endfacet
  facet normal 1 0 0
    outer loop
      vertex 167.2 39.1758 18.1778
      vertex 167.2 0 0
      vertex 167.2 58.1 9.4
    endloop
  endfacet
  facet normal -1 0 0
    outer loop
      vertex 0 95.1 16.4
      vertex 0 115.2 0
      vertex 0 95.1 9.4
    endloop
  endfacet
  facet normal -1 0 0
    outer loop
      vertex 0 115.2 0
      vertex 0 79.1 9.4
      vertex 0 95.1 9.4
    endloop
  endfacet
  facet normal -1 0 0
    outer loop
      vertex 0 79.1 9.4
      vertex 0 70.1 9.4
      vertex 0 79.1 16.4
    endloop
  endfacet
  facet normal -1 0 0
    outer loop
      vertex 0 115.2 0
      vertex 0 70.1 9.4
      vertex 0 79.1 9.4
    endloop
  endfacet
  facet normal -1 0 0
    outer loop
      vertex 0 115.2 0
      vertex 0 53.1 9.4
      vertex 0 70.1 9.4
    endloop
  endfacet
  facet normal -1 0 0
    outer loop
      vertex 0 50.1 12.4
      vertex 0 53.1 9.4
      vertex 0 50.1 9.4
    endloop
  endfacet
  facet normal -1 0 0
    outer loop
      vertex 0 0 0
      vertex 0 53.1 9.4
      vertex 0 115.2 0
    endloop
  endfacet
  facet normal -1 -0 0
    outer loop
      vertex 0 53.1 9.4
      vertex 0 0 0
      vertex 0 50.1 9.4
    endloop
  endfacet
  facet normal -1 0 0
    outer loop
      vertex 0 34.1 9.4
      vertex 0 32.6 9.4
      vertex 0 34.1 12.4
    endloop
  endfacet
  facet normal -1 -0 0
    outer loop
      vertex 0 50.1 9.4
      vertex 0 0 0
      vertex 0 34.1 9.4
    endloop
  endfacet
  facet normal -1 -0 0
    outer loop
      vertex 0 34.1 9.4
      vertex 0 0 0
      vertex 0 32.6 9.4
    endloop
  endfacet
  facet normal -1 -0 0
    outer loop
      vertex 0 21.6 9.4
      vertex 0 0 0
      vertex 0 21.6 17.4
    endloop
  endfacet
  facet normal -1 -0 0
    outer loop
      vertex 0 32.6 9.4
      vertex 0 0 0
      vertex 0 21.6 9.4
    endloop
  endfacet
  facet normal -1 0 0
    outer loop
      vertex 0 115.2 0
      vertex 0 95.1 16.4
      vertex 0 115.2 33.4
    endloop
  endfacet
  facet normal -1 0 0
    outer loop
      vertex 0 79.1 16.4
      vertex 0 115.2 33.4
      vertex 0 95.1 16.4
    endloop
  endfacet
  facet normal -1 0 0
    outer loop
      vertex 0 70.1 16.4
      vertex 0 79.1 16.4
      vertex 0 70.1 9.4
    endloop
  endfacet
  facet normal -1 0 0
    outer loop
      vertex 0 70.1 16.4
      vertex 0 115.2 33.4
      vertex 0 79.1 16.4
    endloop
  endfacet
  facet normal -1 0 0
    outer loop
      vertex 0 53.1 16.4
      vertex 0 115.2 33.4
      vertex 0 70.1 16.4
    endloop
  endfacet
  facet normal -1 0 0
    outer loop
      vertex 0 53.1 9.4
      vertex 0 50.1 12.4
      vertex 0 53.1 16.4
    endloop
  endfacet
  facet normal -1 0 0
    outer loop
      vertex 0 32.6 17.4
      vertex 0 50.1 12.4
      vertex 0 34.1 12.4
    endloop
  endfacet
  facet normal -1 0 0
    outer loop
      vertex 0 50.1 12.4
      vertex 0 32.6 17.4
      vertex 0 53.1 16.4
    endloop
  endfacet
  facet normal -1 0 0
    outer loop
      vertex 0 32.6 17.4
      vertex 0 34.1 12.4
      vertex 0 32.6 9.4
    endloop
  endfacet
  facet normal -1 0 0
    outer loop
      vertex 0 0 33.4
      vertex 0 53.1 16.4
      vertex 0 32.6 17.4
    endloop
  endfacet
  facet normal -1 0 0
    outer loop
      vertex 0 0 33.4
      vertex 0 32.6 17.4
      vertex 0 21.6 17.4
    endloop
  endfacet
  facet normal -1 0 0
    outer loop
      vertex 0 53.1 16.4
      vertex 0 0 33.4
      vertex 0 115.2 33.4
    endloop
  endfacet
  facet normal -1 0 0
    outer loop
      vertex 0 0 33.4
      vertex 0 21.6 17.4
      vertex 0 0 0
    endloop
  endfacet
  facet normal 0 -1 0
    outer loop
      vertex 53.1 0 9.4
      vertex 56.1 0 24.4
      vertex 53.1 0 27.4
    endloop
  endfacet
  facet normal 0 -1 -0
    outer loop
      vertex 56.1 0 24.4
      vertex 53.1 0 9.4
      vertex 56.1 0 9.4
    endloop
  endfacet
  facet normal 0 -1 0
    outer loop
      vertex 53.1 0 27.4
      vertex 0 0 33.4
      vertex 36.1 0 27.4
    endloop
  endfacet
  facet normal 0 -1 0
    outer loop
      vertex 0 0 33.4
      vertex 17.1 0 18.4
      vertex 36.1 0 27.4
    endloop
  endfacet
  facet normal 0 -1 0
    outer loop
      vertex 0 0 0
      vertex 17.1 0 18.4
      vertex 0 0 33.4
    endloop
  endfacet
  facet normal 0 -1 0
    outer loop
      vertex 0 0 0
      vertex 33.1 0 9.4
      vertex 17.1 0 9.4
    endloop
  endfacet
  facet normal 0 -1 -0
    outer loop
      vertex 33.1 0 9.4
      vertex 0 0 0
      vertex 36.1 0 9.4
    endloop
  endfacet
  facet normal 0 -1 -0
    outer loop
      vertex 36.1 0 9.4
      vertex 0 0 0
      vertex 53.1 0 9.4
    endloop
  endfacet
  facet normal 0 -1 -0
    outer loop
      vertex 53.1 0 9.4
      vertex 0 0 0
      vertex 56.1 0 9.4
    endloop
  endfacet
  facet normal 0 -1 -0
    outer loop
      vertex 56.1 0 9.4
      vertex 0 0 0
      vertex 75.1 0 9.4
    endloop
  endfacet
  facet normal 0 -1 -0
    outer loop
      vertex 17.1 0 18.4
      vertex 0 0 0
      vertex 17.1 0 9.4
    endloop
  endfacet
  facet normal 0 -1 0
    outer loop
      vertex 0 0 33.4
      vertex 53.1 0 27.4
      vertex 167.2 0 33.4
    endloop
  endfacet
  facet normal 0 -1 0
    outer loop
      vertex 75.1 0 24.4
      vertex 53.1 0 27.4
      vertex 56.1 0 24.4
    endloop
  endfacet
  facet normal 0 -1 0
    outer loop
      vertex 53.1 0 27.4
      vertex 75.1 0 24.4
      vertex 167.2 0 33.4
    endloop
  endfacet
  facet normal 0 -1 0
    outer loop
      vertex 75.1 0 9.4
      vertex 167.2 0 33.4
      vertex 75.1 0 24.4
    endloop
  endfacet
  facet normal 0 -1 0
    outer loop
      vertex 75.1 0 9.4
      vertex 167.2 0 0
      vertex 167.2 0 33.4
    endloop
  endfacet
  facet normal 0 -1 0
    outer loop
      vertex 167.2 0 0
      vertex 75.1 0 9.4
      vertex 0 0 0
    endloop
  endfacet
  facet normal 0 -1 0
    outer loop
      vertex 33.1 0 18.4
      vertex 36.1 0 27.4
      vertex 17.1 0 18.4
    endloop
  endfacet
  facet normal 0 -1 0
    outer loop
      vertex 36.1 0 9.4
      vertex 33.1 0 18.4
      vertex 33.1 0 9.4
    endloop
  endfacet
  facet normal 0 -1 0
    outer loop
      vertex 33.1 0 18.4
      vertex 36.1 0 9.4
      vertex 36.1 0 27.4
    endloop
  endfacet
  facet normal 0 1 -0
    outer loop
      vertex 167.2 115.2 0
      vertex 0 115.2 33.4
      vertex 167.2 115.2 33.4
    endloop
  endfacet
  facet normal 0 1 0
    outer loop
      vertex 0 115.2 33.4
      vertex 167.2 115.2 0
      vertex 0 115.2 0
    endloop
  endfacet
  facet normal 0 0 1
    outer loop
      vertex 167.2 115.2 33.4
      vertex 164.8 112.8 33.4
      vertex 167.2 0 33.4
    endloop
  endfacet
  facet normal 0 0 1
    outer loop
      vertex 167.2 115.2 33.4
      vertex 2.4 112.8 33.4
      vertex 164.8 112.8 33.4
    endloop
  endfacet
  facet normal 0 0 1
    outer loop
      vertex 2.4 112.8 33.4
      vertex 0 115.2 33.4
      vertex 2.4 2.4 33.4
    endloop
  endfacet
  facet normal -0 0 1
    outer loop
      vertex 0 115.2 33.4
      vertex 2.4 112.8 33.4
      vertex 167.2 115.2 33.4
    endloop
  endfacet
  facet normal -0 0 1
    outer loop
      vertex 164.8 2.4 33.4
      vertex 167.2 0 33.4
      vertex 164.8 112.8 33.4
    endloop
  endfacet
  facet normal -0 0 1
    outer loop
      vertex 2.4 2.4 33.4
      vertex 167.2 0 33.4
      vertex 164.8 2.4 33.4
    endloop
  endfacet
  facet normal 0 0 1
    outer loop
      vertex 2.4 2.4 33.4
      vertex 0 0 33.4
      vertex 167.2 0 33.4
    endloop
  endfacet
  facet normal 0 0 1
    outer loop
      vertex 0 0 33.4
      vertex 2.4 2.4 33.4
      vertex 0 115.2 33.4
    endloop
  endfacet
  facet normal 0 0 1
    outer loop
      vertex 5.63223 14.6322 2.4
      vertex 5.4 14.4 2.4
      vertex 5.91521 14.4 2.4
    endloop
  endfacet
  facet normal 0 0 1
    outer loop
      vertex 5.4 14.4 2.4
      vertex 5.63223 14.6322 2.4
      vertex 5.4 14.9152 2.4
    endloop
  endfacet
  facet normal -0 0 1
    outer loop
      vertex 5.4 100.8 2.4
      vertex 5.63223 100.568 2.4
      vertex 5.91521 100.8 2.4
    endloop
  endfacet
  facet normal 0 0 1
    outer loop
      vertex 5.63223 100.568 2.4
      vertex 5.4 100.8 2.4
      vertex 5.4 100.285 2.4
    endloop
  endfacet
  facet normal -0 0 1
    outer loop
      vertex 161.568 14.6322 2.4
      vertex 161.8 14.4 2.4
      vertex 161.8 14.9152 2.4
    endloop
  endfacet
  facet normal 0 0 1
    outer loop
      vertex 161.8 14.4 2.4
      vertex 161.568 14.6322 2.4
      vertex 161.285 14.4 2.4
    endloop
  endfacet
  facet normal 0 0 1
    outer loop
      vertex 161.8 100.8 2.4
      vertex 161.568 100.568 2.4
      vertex 161.8 100.285 2.4
    endloop
  endfacet
  facet normal 0 -0 1
    outer loop
      vertex 161.568 100.568 2.4
      vertex 161.8 100.8 2.4
      vertex 161.285 100.8 2.4
    endloop
  endfacet
  facet normal 0 0 1
    outer loop
      vertex 81.5213 97.4111 2.4
      vertex 9.47867 97.4111 2.4
      vertex 81.8322 97.0322 2.4
    endloop
  endfacet
  facet normal 0 0 1
    outer loop
      vertex 81.8322 18.1678 2.4
      vertex 9.85196 16.8877 2.4
      vertex 9.9 16.4 2.4
    endloop
  endfacet
  facet normal 0 0 1
    outer loop
      vertex 9.16777 97.0322 2.4
      vertex 81.8322 97.0322 2.4
      vertex 9.47867 97.4111 2.4
    endloop
  endfacet
  facet normal 0 0 1
    outer loop
      vertex 81.8322 18.1678 2.4
      vertex 9.7097 17.3567 2.4
      vertex 9.85196 16.8877 2.4
    endloop
  endfacet
  facet normal 0 0 1
    outer loop
      vertex 81.8322 97.0322 2.4
      vertex 9.16777 97.0322 2.4
      vertex 81.8322 18.1678 2.4
    endloop
  endfacet
  facet normal 0 0 1
    outer loop
      vertex 81.8322 18.1678 2.4
      vertex 9.47867 17.7889 2.4
      vertex 9.7097 17.3567 2.4
    endloop
  endfacet
  facet normal 0 0 1
    outer loop
      vertex 9.16777 18.1678 2.4
      vertex 81.8322 18.1678 2.4
      vertex 9.16777 97.0322 2.4
    endloop
  endfacet
  facet normal 0 0 1
    outer loop
      vertex 81.8322 18.1678 2.4
      vertex 9.16777 18.1678 2.4
      vertex 9.47867 17.7889 2.4
    endloop
  endfacet
  facet normal -0 0 1
    outer loop
      vertex 8.78893 96.7213 2.4
      vertex 9.16777 18.1678 2.4
      vertex 9.16777 97.0322 2.4
    endloop
  endfacet
  facet normal 0 0 1
    outer loop
      vertex 8.78893 96.7213 2.4
      vertex 8.78893 18.4787 2.4
      vertex 9.16777 18.1678 2.4
    endloop
  endfacet
  facet normal -0 0 1
    outer loop
      vertex 8.35671 96.4903 2.4
      vertex 8.78893 18.4787 2.4
      vertex 8.78893 96.7213 2.4
    endloop
  endfacet
  facet normal 0 0 1
    outer loop
      vertex 8.35671 96.4903 2.4
      vertex 8.35671 18.7097 2.4
      vertex 8.78893 18.4787 2.4
    endloop
  endfacet
  facet normal -0 0 1
    outer loop
      vertex 7.88773 96.348 2.4
      vertex 8.35671 18.7097 2.4
      vertex 8.35671 96.4903 2.4
    endloop
  endfacet
  facet normal 0 0 1
    outer loop
      vertex 7.88773 96.348 2.4
      vertex 7.88773 18.852 2.4
      vertex 8.35671 18.7097 2.4
    endloop
  endfacet
  facet normal -0 0 1
    outer loop
      vertex 7.4 96.3 2.4
      vertex 7.88773 18.852 2.4
      vertex 7.88773 96.348 2.4
    endloop
  endfacet
  facet normal 0 0 1
    outer loop
      vertex 7.4 96.3 2.4
      vertex 7.4 18.9 2.4
      vertex 7.88773 18.852 2.4
    endloop
  endfacet
  facet normal 0 0 1
    outer loop
      vertex 6.91227 96.348 2.4
      vertex 7.4 18.9 2.4
      vertex 7.4 96.3 2.4
    endloop
  endfacet
  facet normal 0 0 1
    outer loop
      vertex 6.91227 96.348 2.4
      vertex 6.91227 18.852 2.4
      vertex 7.4 18.9 2.4
    endloop
  endfacet
  facet normal 0 0 1
    outer loop
      vertex 6.44329 96.4903 2.4
      vertex 6.91227 18.852 2.4
      vertex 6.91227 96.348 2.4
    endloop
  endfacet
  facet normal 0 0 1
    outer loop
      vertex 6.44329 96.4903 2.4
      vertex 6.44329 18.7097 2.4
      vertex 6.91227 18.852 2.4
    endloop
  endfacet
  facet normal 0 0 1
    outer loop
      vertex 6.01107 96.7213 2.4
      vertex 6.44329 18.7097 2.4
      vertex 6.44329 96.4903 2.4
    endloop
  endfacet
  facet normal 0 0 1
    outer loop
      vertex 6.01107 96.7213 2.4
      vertex 6.01107 18.4787 2.4
      vertex 6.44329 18.7097 2.4
    endloop
  endfacet
  facet normal 0 0 1
    outer loop
      vertex 5.63223 97.0322 2.4
      vertex 6.01107 18.4787 2.4
      vertex 6.01107 96.7213 2.4
    endloop
  endfacet
  facet normal 0 0 1
    outer loop
      vertex 5.63223 97.0322 2.4
      vertex 5.63223 18.1678 2.4
      vertex 6.01107 18.4787 2.4
    endloop
  endfacet
  facet normal 0 0 1
    outer loop
      vertex 5.4 97.3152 2.4
      vertex 5.63223 18.1678 2.4
      vertex 5.63223 97.0322 2.4
    endloop
  endfacet
  facet normal 0 0 1
    outer loop
      vertex 5.63223 18.1678 2.4
      vertex 5.4 97.3152 2.4
      vertex 5.4 17.8848 2.4
    endloop
  endfacet
  facet normal 0 0 1
    outer loop
      vertex 81.2903 17.3567 2.4
      vertex 9.9 16.4 2.4
      vertex 81.148 16.8877 2.4
    endloop
  endfacet
  facet normal 0 0 1
    outer loop
      vertex 81.148 99.2877 2.4
      vertex 9.9 98.8 2.4
      vertex 81.1 98.8 2.4
    endloop
  endfacet
  facet normal 0 0 1
    outer loop
      vertex 9.85196 99.2877 2.4
      vertex 81.148 99.2877 2.4
      vertex 81.2903 99.7567 2.4
    endloop
  endfacet
  facet normal 0 0 1
    outer loop
      vertex 9.7097 99.7567 2.4
      vertex 81.2903 99.7567 2.4
      vertex 81.5213 100.189 2.4
    endloop
  endfacet
  facet normal 0 0 1
    outer loop
      vertex 9.47867 100.189 2.4
      vertex 81.5213 100.189 2.4
      vertex 81.8322 100.568 2.4
    endloop
  endfacet
  facet normal 0 0 1
    outer loop
      vertex 9.16777 100.568 2.4
      vertex 81.8322 100.568 2.4
      vertex 82.1152 100.8 2.4
    endloop
  endfacet
  facet normal 0 0 1
    outer loop
      vertex 81.148 99.2877 2.4
      vertex 9.85196 99.2877 2.4
      vertex 9.9 98.8 2.4
    endloop
  endfacet
  facet normal 0 0 1
    outer loop
      vertex 81.2903 99.7567 2.4
      vertex 9.7097 99.7567 2.4
      vertex 9.85196 99.2877 2.4
    endloop
  endfacet
  facet normal 0 0 1
    outer loop
      vertex 81.5213 100.189 2.4
      vertex 9.47867 100.189 2.4
      vertex 9.7097 99.7567 2.4
    endloop
  endfacet
  facet normal 0 0 1
    outer loop
      vertex 81.8322 100.568 2.4
      vertex 9.16777 100.568 2.4
      vertex 9.47867 100.189 2.4
    endloop
  endfacet
  facet normal 0 -0 1
    outer loop
      vertex 9.16777 100.568 2.4
      vertex 82.1152 100.8 2.4
      vertex 8.88479 100.8 2.4
    endloop
  endfacet
  facet normal 0 0 1
    outer loop
      vertex 157.721 97.4111 2.4
      vertex 85.6787 97.4111 2.4
      vertex 158.032 97.0322 2.4
    endloop
  endfacet
  facet normal 0 0 1
    outer loop
      vertex 158.032 18.1678 2.4
      vertex 86.052 16.8877 2.4
      vertex 86.1 16.4 2.4
    endloop
  endfacet
  facet normal 0 0 1
    outer loop
      vertex 85.3678 97.0322 2.4
      vertex 158.032 97.0322 2.4
      vertex 85.6787 97.4111 2.4
    endloop
  endfacet
  facet normal 0 0 1
    outer loop
      vertex 158.032 18.1678 2.4
      vertex 85.9097 17.3567 2.4
      vertex 86.052 16.8877 2.4
    endloop
  endfacet
  facet normal 0 0 1
    outer loop
      vertex 158.032 97.0322 2.4
      vertex 85.3678 97.0322 2.4
      vertex 158.032 18.1678 2.4
    endloop
  endfacet
  facet normal 0 0 1
    outer loop
      vertex 158.032 18.1678 2.4
      vertex 85.6787 17.7889 2.4
      vertex 85.9097 17.3567 2.4
    endloop
  endfacet
  facet normal 0 0 1
    outer loop
      vertex 85.3678 18.1678 2.4
      vertex 158.032 18.1678 2.4
      vertex 85.3678 97.0322 2.4
    endloop
  endfacet
  facet normal 0 0 1
    outer loop
      vertex 158.032 18.1678 2.4
      vertex 85.3678 18.1678 2.4
      vertex 85.6787 17.7889 2.4
    endloop
  endfacet
  facet normal -0 0 1
    outer loop
      vertex 84.9889 96.7213 2.4
      vertex 85.3678 18.1678 2.4
      vertex 85.3678 97.0322 2.4
    endloop
  endfacet
  facet normal 0 0 1
    outer loop
      vertex 84.9889 96.7213 2.4
      vertex 84.9889 18.4787 2.4
      vertex 85.3678 18.1678 2.4
    endloop
  endfacet
  facet normal -0 0 1
    outer loop
      vertex 84.5567 96.4903 2.4
      vertex 84.9889 18.4787 2.4
      vertex 84.9889 96.7213 2.4
    endloop
  endfacet
  facet normal 0 0 1
    outer loop
      vertex 84.5567 96.4903 2.4
      vertex 84.5567 18.7097 2.4
      vertex 84.9889 18.4787 2.4
    endloop
  endfacet
  facet normal -0 0 1
    outer loop
      vertex 84.0877 96.348 2.4
      vertex 84.5567 18.7097 2.4
      vertex 84.5567 96.4903 2.4
    endloop
  endfacet
  facet normal 0 0 1
    outer loop
      vertex 84.0877 96.348 2.4
      vertex 84.0877 18.852 2.4
      vertex 84.5567 18.7097 2.4
    endloop
  endfacet
  facet normal -0 0 1
    outer loop
      vertex 83.6 96.3 2.4
      vertex 84.0877 18.852 2.4
      vertex 84.0877 96.348 2.4
    endloop
  endfacet
  facet normal 0 0 1
    outer loop
      vertex 83.6 96.3 2.4
      vertex 83.6 18.9 2.4
      vertex 84.0877 18.852 2.4
    endloop
  endfacet
  facet normal 0 0 1
    outer loop
      vertex 83.1123 96.348 2.4
      vertex 83.6 18.9 2.4
      vertex 83.6 96.3 2.4
    endloop
  endfacet
  facet normal 0 0 1
    outer loop
      vertex 83.1123 96.348 2.4
      vertex 83.1123 18.852 2.4
      vertex 83.6 18.9 2.4
    endloop
  endfacet
  facet normal 0 0 1
    outer loop
      vertex 82.6433 96.4903 2.4
      vertex 83.1123 18.852 2.4
      vertex 83.1123 96.348 2.4
    endloop
  endfacet
  facet normal 0 0 1
    outer loop
      vertex 82.6433 96.4903 2.4
      vertex 82.6433 18.7097 2.4
      vertex 83.1123 18.852 2.4
    endloop
  endfacet
  facet normal 0 0 1
    outer loop
      vertex 82.2111 96.7213 2.4
      vertex 82.6433 18.7097 2.4
      vertex 82.6433 96.4903 2.4
    endloop
  endfacet
  facet normal 0 0 1
    outer loop
      vertex 82.2111 96.7213 2.4
      vertex 82.2111 18.4787 2.4
      vertex 82.6433 18.7097 2.4
    endloop
  endfacet
  facet normal 0 0 1
    outer loop
      vertex 81.8322 97.0322 2.4
      vertex 82.2111 18.4787 2.4
      vertex 82.2111 96.7213 2.4
    endloop
  endfacet
  facet normal 0 0 1
    outer loop
      vertex 81.8322 97.0322 2.4
      vertex 81.8322 18.1678 2.4
      vertex 82.2111 18.4787 2.4
    endloop
  endfacet
  facet normal 0 0 1
    outer loop
      vertex 9.7097 97.8433 2.4
      vertex 81.2903 97.8433 2.4
      vertex 9.85196 98.3123 2.4
    endloop
  endfacet
  facet normal 0 0 1
    outer loop
      vertex 81.2903 97.8433 2.4
      vertex 9.7097 97.8433 2.4
      vertex 81.5213 97.4111 2.4
    endloop
  endfacet
  facet normal 0 0 1
    outer loop
      vertex 81.148 98.3123 2.4
      vertex 9.85196 98.3123 2.4
      vertex 81.2903 97.8433 2.4
    endloop
  endfacet
  facet normal 0 0 1
    outer loop
      vertex 9.47867 97.4111 2.4
      vertex 81.5213 97.4111 2.4
      vertex 9.7097 97.8433 2.4
    endloop
  endfacet
  facet normal 0 0 1
    outer loop
      vertex 9.85196 98.3123 2.4
      vertex 81.148 98.3123 2.4
      vertex 9.9 98.8 2.4
    endloop
  endfacet
  facet normal 0 0 1
    outer loop
      vertex 81.8322 18.1678 2.4
      vertex 9.9 16.4 2.4
      vertex 81.5213 17.7889 2.4
    endloop
  endfacet
  facet normal -0 0 1
    outer loop
      vertex 9.9 98.8 2.4
      vertex 81.148 98.3123 2.4
      vertex 81.1 98.8 2.4
    endloop
  endfacet
  facet normal 0 0 1
    outer loop
      vertex 81.5213 17.7889 2.4
      vertex 9.9 16.4 2.4
      vertex 81.2903 17.3567 2.4
    endloop
  endfacet
  facet normal 0 0 1
    outer loop
      vertex 157.49 17.3567 2.4
      vertex 86.1 16.4 2.4
      vertex 157.348 16.8877 2.4
    endloop
  endfacet
  facet normal 0 0 1
    outer loop
      vertex 157.348 99.2877 2.4
      vertex 86.1 98.8 2.4
      vertex 157.3 98.8 2.4
    endloop
  endfacet
  facet normal 0 0 1
    outer loop
      vertex 86.052 99.2877 2.4
      vertex 157.348 99.2877 2.4
      vertex 157.49 99.7567 2.4
    endloop
  endfacet
  facet normal 0 0 1
    outer loop
      vertex 85.9097 99.7567 2.4
      vertex 157.49 99.7567 2.4
      vertex 157.721 100.189 2.4
    endloop
  endfacet
  facet normal 0 0 1
    outer loop
      vertex 85.6787 100.189 2.4
      vertex 157.721 100.189 2.4
      vertex 158.032 100.568 2.4
    endloop
  endfacet
  facet normal 0 0 1
    outer loop
      vertex 85.3678 100.568 2.4
      vertex 158.032 100.568 2.4
      vertex 158.315 100.8 2.4
    endloop
  endfacet
  facet normal 0 0 1
    outer loop
      vertex 157.348 99.2877 2.4
      vertex 86.052 99.2877 2.4
      vertex 86.1 98.8 2.4
    endloop
  endfacet
  facet normal 0 0 1
    outer loop
      vertex 157.49 99.7567 2.4
      vertex 85.9097 99.7567 2.4
      vertex 86.052 99.2877 2.4
    endloop
  endfacet
  facet normal 0 0 1
    outer loop
      vertex 157.721 100.189 2.4
      vertex 85.6787 100.189 2.4
      vertex 85.9097 99.7567 2.4
    endloop
  endfacet
  facet normal 0 0 1
    outer loop
      vertex 158.032 100.568 2.4
      vertex 85.3678 100.568 2.4
      vertex 85.6787 100.189 2.4
    endloop
  endfacet
  facet normal 0 -0 1
    outer loop
      vertex 85.3678 100.568 2.4
      vertex 158.315 100.8 2.4
      vertex 85.0848 100.8 2.4
    endloop
  endfacet
  facet normal -0 0 1
    outer loop
      vertex 161.568 97.0322 2.4
      vertex 161.8 17.8848 2.4
      vertex 161.8 97.3152 2.4
    endloop
  endfacet
  facet normal 0 0 1
    outer loop
      vertex 161.568 97.0322 2.4
      vertex 161.568 18.1678 2.4
      vertex 161.8 17.8848 2.4
    endloop
  endfacet
  facet normal -0 0 1
    outer loop
      vertex 161.189 96.7213 2.4
      vertex 161.568 18.1678 2.4
      vertex 161.568 97.0322 2.4
    endloop
  endfacet
  facet normal 0 0 1
    outer loop
      vertex 161.189 96.7213 2.4
      vertex 161.189 18.4787 2.4
      vertex 161.568 18.1678 2.4
    endloop
  endfacet
  facet normal -0 0 1
    outer loop
      vertex 160.757 96.4903 2.4
      vertex 161.189 18.4787 2.4
      vertex 161.189 96.7213 2.4
    endloop
  endfacet
  facet normal 0 0 1
    outer loop
      vertex 160.757 96.4903 2.4
      vertex 160.757 18.7097 2.4
      vertex 161.189 18.4787 2.4
    endloop
  endfacet
  facet normal -0 0 1
    outer loop
      vertex 160.288 96.348 2.4
      vertex 160.757 18.7097 2.4
      vertex 160.757 96.4903 2.4
    endloop
  endfacet
  facet normal 0 0 1
    outer loop
      vertex 160.288 96.348 2.4
      vertex 160.288 18.852 2.4
      vertex 160.757 18.7097 2.4
    endloop
  endfacet
  facet normal -0 0 1
    outer loop
      vertex 159.8 96.3 2.4
      vertex 160.288 18.852 2.4
      vertex 160.288 96.348 2.4
    endloop
  endfacet
  facet normal 0 0 1
    outer loop
      vertex 159.8 96.3 2.4
      vertex 159.8 18.9 2.4
      vertex 160.288 18.852 2.4
    endloop
  endfacet
  facet normal 0 0 1
    outer loop
      vertex 159.312 96.348 2.4
      vertex 159.8 18.9 2.4
      vertex 159.8 96.3 2.4
    endloop
  endfacet
  facet normal 0 0 1
    outer loop
      vertex 159.312 96.348 2.4
      vertex 159.312 18.852 2.4
      vertex 159.8 18.9 2.4
    endloop
  endfacet
  facet normal 0 0 1
    outer loop
      vertex 158.843 96.4903 2.4
      vertex 159.312 18.852 2.4
      vertex 159.312 96.348 2.4
    endloop
  endfacet
  facet normal 0 0 1
    outer loop
      vertex 158.843 96.4903 2.4
      vertex 158.843 18.7097 2.4
      vertex 159.312 18.852 2.4
    endloop
  endfacet
  facet normal 0 0 1
    outer loop
      vertex 158.411 96.7213 2.4
      vertex 158.843 18.7097 2.4
      vertex 158.843 96.4903 2.4
    endloop
  endfacet
  facet normal 0 0 1
    outer loop
      vertex 158.411 96.7213 2.4
      vertex 158.411 18.4787 2.4
      vertex 158.843 18.7097 2.4
    endloop
  endfacet
  facet normal 0 0 1
    outer loop
      vertex 158.032 97.0322 2.4
      vertex 158.411 18.4787 2.4
      vertex 158.411 96.7213 2.4
    endloop
  endfacet
  facet normal 0 0 1
    outer loop
      vertex 158.032 97.0322 2.4
      vertex 158.032 18.1678 2.4
      vertex 158.411 18.4787 2.4
    endloop
  endfacet
  facet normal 0 0 1
    outer loop
      vertex 85.9097 97.8433 2.4
      vertex 157.49 97.8433 2.4
      vertex 86.052 98.3123 2.4
    endloop
  endfacet
  facet normal 0 0 1
    outer loop
      vertex 157.49 97.8433 2.4
      vertex 85.9097 97.8433 2.4
      vertex 157.721 97.4111 2.4
    endloop
  endfacet
  facet normal 0 0 1
    outer loop
      vertex 157.348 98.3123 2.4
      vertex 86.052 98.3123 2.4
      vertex 157.49 97.8433 2.4
    endloop
  endfacet
  facet normal 0 0 1
    outer loop
      vertex 85.6787 97.4111 2.4
      vertex 157.721 97.4111 2.4
      vertex 85.9097 97.8433 2.4
    endloop
  endfacet
  facet normal 0 0 1
    outer loop
      vertex 86.052 98.3123 2.4
      vertex 157.348 98.3123 2.4
      vertex 86.1 98.8 2.4
    endloop
  endfacet
  facet normal 0 0 1
    outer loop
      vertex 158.032 18.1678 2.4
      vertex 86.1 16.4 2.4
      vertex 157.721 17.7889 2.4
    endloop
  endfacet
  facet normal -0 0 1
    outer loop
      vertex 86.1 98.8 2.4
      vertex 157.348 98.3123 2.4
      vertex 157.3 98.8 2.4
    endloop
  endfacet
  facet normal 0 0 1
    outer loop
      vertex 157.721 17.7889 2.4
      vertex 86.1 16.4 2.4
      vertex 157.49 17.3567 2.4
    endloop
  endfacet
  facet normal 0 0 1
    outer loop
      vertex 157.348 16.8877 2.4
      vertex 86.1 16.4 2.4
      vertex 157.3 16.4 2.4
    endloop
  endfacet
  facet normal 0 0 1
    outer loop
      vertex 157.3 16.4 2.4
      vertex 86.1 16.4 2.4
      vertex 157.348 15.9123 2.4
    endloop
  endfacet
  facet normal 0 0 1
    outer loop
      vertex 86.052 15.9123 2.4
      vertex 157.348 15.9123 2.4
      vertex 86.1 16.4 2.4
    endloop
  endfacet
  facet normal 0 0 1
    outer loop
      vertex 157.348 15.9123 2.4
      vertex 86.052 15.9123 2.4
      vertex 157.49 15.4433 2.4
    endloop
  endfacet
  facet normal 0 0 1
    outer loop
      vertex 85.9097 15.4433 2.4
      vertex 157.49 15.4433 2.4
      vertex 86.052 15.9123 2.4
    endloop
  endfacet
  facet normal 0 0 1
    outer loop
      vertex 157.49 15.4433 2.4
      vertex 85.9097 15.4433 2.4
      vertex 157.721 15.0111 2.4
    endloop
  endfacet
  facet normal 0 0 1
    outer loop
      vertex 85.6787 15.0111 2.4
      vertex 157.721 15.0111 2.4
      vertex 85.9097 15.4433 2.4
    endloop
  endfacet
  facet normal 0 0 1
    outer loop
      vertex 157.721 15.0111 2.4
      vertex 85.6787 15.0111 2.4
      vertex 158.032 14.6322 2.4
    endloop
  endfacet
  facet normal 0 0 1
    outer loop
      vertex 85.3678 14.6322 2.4
      vertex 158.032 14.6322 2.4
      vertex 85.6787 15.0111 2.4
    endloop
  endfacet
  facet normal 0 0 1
    outer loop
      vertex 158.032 14.6322 2.4
      vertex 85.3678 14.6322 2.4
      vertex 158.315 14.4 2.4
    endloop
  endfacet
  facet normal 0 0 1
    outer loop
      vertex 158.315 14.4 2.4
      vertex 85.3678 14.6322 2.4
      vertex 85.0848 14.4 2.4
    endloop
  endfacet
  facet normal 0 0 1
    outer loop
      vertex 81.148 16.8877 2.4
      vertex 9.9 16.4 2.4
      vertex 81.1 16.4 2.4
    endloop
  endfacet
  facet normal 0 0 1
    outer loop
      vertex 81.1 16.4 2.4
      vertex 9.9 16.4 2.4
      vertex 81.148 15.9123 2.4
    endloop
  endfacet
  facet normal 0 0 1
    outer loop
      vertex 9.85196 15.9123 2.4
      vertex 81.148 15.9123 2.4
      vertex 9.9 16.4 2.4
    endloop
  endfacet
  facet normal 0 0 1
    outer loop
      vertex 81.148 15.9123 2.4
      vertex 9.85196 15.9123 2.4
      vertex 81.2903 15.4433 2.4
    endloop
  endfacet
  facet normal 0 0 1
    outer loop
      vertex 9.7097 15.4433 2.4
      vertex 81.2903 15.4433 2.4
      vertex 9.85196 15.9123 2.4
    endloop
  endfacet
  facet normal 0 0 1
    outer loop
      vertex 81.2903 15.4433 2.4
      vertex 9.7097 15.4433 2.4
      vertex 81.5213 15.0111 2.4
    endloop
  endfacet
  facet normal 0 0 1
    outer loop
      vertex 9.47867 15.0111 2.4
      vertex 81.5213 15.0111 2.4
      vertex 9.7097 15.4433 2.4
    endloop
  endfacet
  facet normal 0 0 1
    outer loop
      vertex 81.5213 15.0111 2.4
      vertex 9.47867 15.0111 2.4
      vertex 81.8322 14.6322 2.4
    endloop
  endfacet
  facet normal 0 0 1
    outer loop
      vertex 9.16777 14.6322 2.4
      vertex 81.8322 14.6322 2.4
      vertex 9.47867 15.0111 2.4
    endloop
  endfacet
  facet normal 0 0 1
    outer loop
      vertex 81.8322 14.6322 2.4
      vertex 9.16777 14.6322 2.4
      vertex 82.1152 14.4 2.4
    endloop
  endfacet
  facet normal 0 0 1
    outer loop
      vertex 82.1152 14.4 2.4
      vertex 9.16777 14.6322 2.4
      vertex 8.88479 14.4 2.4
    endloop
  endfacet
  facet normal 0 0 1
    outer loop
      vertex 8.6557 16.7365 2.4
      vertex 8.6557 16.0635 2.4
      vertex 8.7 16.4 2.4
    endloop
  endfacet
  facet normal 0 0 1
    outer loop
      vertex 8.52583 17.05 2.4
      vertex 8.6557 16.0635 2.4
      vertex 8.6557 16.7365 2.4
    endloop
  endfacet
  facet normal 0 0 1
    outer loop
      vertex 8.52583 17.05 2.4
      vertex 8.52583 15.75 2.4
      vertex 8.6557 16.0635 2.4
    endloop
  endfacet
  facet normal 0 0 1
    outer loop
      vertex 8.31924 17.3192 2.4
      vertex 8.52583 15.75 2.4
      vertex 8.52583 17.05 2.4
    endloop
  endfacet
  facet normal 0 0 1
    outer loop
      vertex 8.31924 17.3192 2.4
      vertex 8.31924 15.4808 2.4
      vertex 8.52583 15.75 2.4
    endloop
  endfacet
  facet normal 0 0 1
    outer loop
      vertex 8.05 17.5258 2.4
      vertex 8.31924 15.4808 2.4
      vertex 8.31924 17.3192 2.4
    endloop
  endfacet
  facet normal 0 0 1
    outer loop
      vertex 8.05 17.5258 2.4
      vertex 8.05 15.2742 2.4
      vertex 8.31924 15.4808 2.4
    endloop
  endfacet
  facet normal 0 0 1
    outer loop
      vertex 7.73646 17.6557 2.4
      vertex 8.05 15.2742 2.4
      vertex 8.05 17.5258 2.4
    endloop
  endfacet
  facet normal 0 0 1
    outer loop
      vertex 7.73646 17.6557 2.4
      vertex 7.73646 15.1443 2.4
      vertex 8.05 15.2742 2.4
    endloop
  endfacet
  facet normal 0 0 1
    outer loop
      vertex 7.4 17.7 2.4
      vertex 7.73646 15.1443 2.4
      vertex 7.73646 17.6557 2.4
    endloop
  endfacet
  facet normal 0 0 1
    outer loop
      vertex 7.4 17.7 2.4
      vertex 7.4 15.1 2.4
      vertex 7.73646 15.1443 2.4
    endloop
  endfacet
  facet normal -0 0 1
    outer loop
      vertex 7.06354 17.6557 2.4
      vertex 7.4 15.1 2.4
      vertex 7.4 17.7 2.4
    endloop
  endfacet
  facet normal 0 0 1
    outer loop
      vertex 7.06354 17.6557 2.4
      vertex 7.06354 15.1443 2.4
      vertex 7.4 15.1 2.4
    endloop
  endfacet
  facet normal -0 0 1
    outer loop
      vertex 6.75 17.5258 2.4
      vertex 7.06354 15.1443 2.4
      vertex 7.06354 17.6557 2.4
    endloop
  endfacet
  facet normal 0 0 1
    outer loop
      vertex 6.75 17.5258 2.4
      vertex 6.75 15.2742 2.4
      vertex 7.06354 15.1443 2.4
    endloop
  endfacet
  facet normal -0 0 1
    outer loop
      vertex 6.48076 17.3192 2.4
      vertex 6.75 15.2742 2.4
      vertex 6.75 17.5258 2.4
    endloop
  endfacet
  facet normal 0 0 1
    outer loop
      vertex 6.48076 17.3192 2.4
      vertex 6.48076 15.4808 2.4
      vertex 6.75 15.2742 2.4
    endloop
  endfacet
  facet normal -0 0 1
    outer loop
      vertex 6.27417 17.05 2.4
      vertex 6.48076 15.4808 2.4
      vertex 6.48076 17.3192 2.4
    endloop
  endfacet
  facet normal 0 0 1
    outer loop
      vertex 6.27417 17.05 2.4
      vertex 6.27417 15.75 2.4
      vertex 6.48076 15.4808 2.4
    endloop
  endfacet
  facet normal -0 0 1
    outer loop
      vertex 6.1443 16.7365 2.4
      vertex 6.27417 15.75 2.4
      vertex 6.27417 17.05 2.4
    endloop
  endfacet
  facet normal 0 0 1
    outer loop
      vertex 6.1443 16.7365 2.4
      vertex 6.1443 16.0635 2.4
      vertex 6.27417 15.75 2.4
    endloop
  endfacet
  facet normal 0 -0 1
    outer loop
      vertex 6.1443 16.0635 2.4
      vertex 6.1443 16.7365 2.4
      vertex 6.1 16.4 2.4
    endloop
  endfacet
  facet normal 0 0 1
    outer loop
      vertex 8.6557 99.1365 2.4
      vertex 8.6557 98.4635 2.4
      vertex 8.7 98.8 2.4
    endloop
  endfacet
  facet normal 0 0 1
    outer loop
      vertex 8.52583 99.45 2.4
      vertex 8.6557 98.4635 2.4
      vertex 8.6557 99.1365 2.4
    endloop
  endfacet
  facet normal 0 0 1
    outer loop
      vertex 8.52583 99.45 2.4
      vertex 8.52583 98.15 2.4
      vertex 8.6557 98.4635 2.4
    endloop
  endfacet
  facet normal 0 0 1
    outer loop
      vertex 8.31924 99.7192 2.4
      vertex 8.52583 98.15 2.4
      vertex 8.52583 99.45 2.4
    endloop
  endfacet
  facet normal 0 0 1
    outer loop
      vertex 8.31924 99.7192 2.4
      vertex 8.31924 97.8808 2.4
      vertex 8.52583 98.15 2.4
    endloop
  endfacet
  facet normal 0 0 1
    outer loop
      vertex 8.05 99.9258 2.4
      vertex 8.31924 97.8808 2.4
      vertex 8.31924 99.7192 2.4
    endloop
  endfacet
  facet normal 0 0 1
    outer loop
      vertex 8.05 99.9258 2.4
      vertex 8.05 97.6742 2.4
      vertex 8.31924 97.8808 2.4
    endloop
  endfacet
  facet normal 0 0 1
    outer loop
      vertex 7.73646 100.056 2.4
      vertex 8.05 97.6742 2.4
      vertex 8.05 99.9258 2.4
    endloop
  endfacet
  facet normal 0 0 1
    outer loop
      vertex 7.73646 100.056 2.4
      vertex 7.73646 97.5443 2.4
      vertex 8.05 97.6742 2.4
    endloop
  endfacet
  facet normal 0 0 1
    outer loop
      vertex 7.4 100.1 2.4
      vertex 7.73646 97.5443 2.4
      vertex 7.73646 100.056 2.4
    endloop
  endfacet
  facet normal 0 0 1
    outer loop
      vertex 7.4 100.1 2.4
      vertex 7.4 97.5 2.4
      vertex 7.73646 97.5443 2.4
    endloop
  endfacet
  facet normal -0 0 1
    outer loop
      vertex 7.06354 100.056 2.4
      vertex 7.4 97.5 2.4
      vertex 7.4 100.1 2.4
    endloop
  endfacet
  facet normal 0 0 1
    outer loop
      vertex 7.06354 100.056 2.4
      vertex 7.06354 97.5443 2.4
      vertex 7.4 97.5 2.4
    endloop
  endfacet
  facet normal -0 0 1
    outer loop
      vertex 6.75 99.9258 2.4
      vertex 7.06354 97.5443 2.4
      vertex 7.06354 100.056 2.4
    endloop
  endfacet
  facet normal 0 0 1
    outer loop
      vertex 6.75 99.9258 2.4
      vertex 6.75 97.6742 2.4
      vertex 7.06354 97.5443 2.4
    endloop
  endfacet
  facet normal -0 0 1
    outer loop
      vertex 6.48076 99.7192 2.4
      vertex 6.75 97.6742 2.4
      vertex 6.75 99.9258 2.4
    endloop
  endfacet
  facet normal 0 0 1
    outer loop
      vertex 6.48076 99.7192 2.4
      vertex 6.48076 97.8808 2.4
      vertex 6.75 97.6742 2.4
    endloop
  endfacet
  facet normal -0 0 1
    outer loop
      vertex 6.27417 99.45 2.4
      vertex 6.48076 97.8808 2.4
      vertex 6.48076 99.7192 2.4
    endloop
  endfacet
  facet normal 0 0 1
    outer loop
      vertex 6.27417 99.45 2.4
      vertex 6.27417 98.15 2.4
      vertex 6.48076 97.8808 2.4
    endloop
  endfacet
  facet normal -0 0 1
    outer loop
      vertex 6.1443 99.1365 2.4
      vertex 6.27417 98.15 2.4
      vertex 6.27417 99.45 2.4
    endloop
  endfacet
  facet normal 0 0 1
    outer loop
      vertex 6.1443 99.1365 2.4
      vertex 6.1443 98.4635 2.4
      vertex 6.27417 98.15 2.4
    endloop
  endfacet
  facet normal 0 -0 1
    outer loop
      vertex 6.1443 98.4635 2.4
      vertex 6.1443 99.1365 2.4
      vertex 6.1 98.8 2.4
    endloop
  endfacet
  facet normal 0 0 1
    outer loop
      vertex 84.8557 99.1365 2.4
      vertex 84.8557 98.4635 2.4
      vertex 84.9 98.8 2.4
    endloop
  endfacet
  facet normal 0 0 1
    outer loop
      vertex 84.7258 99.45 2.4
      vertex 84.8557 98.4635 2.4
      vertex 84.8557 99.1365 2.4
    endloop
  endfacet
  facet normal 0 0 1
    outer loop
      vertex 84.7258 99.45 2.4
      vertex 84.7258 98.15 2.4
      vertex 84.8557 98.4635 2.4
    endloop
  endfacet
  facet normal 0 0 1
    outer loop
      vertex 84.5192 99.7192 2.4
      vertex 84.7258 98.15 2.4
      vertex 84.7258 99.45 2.4
    endloop
  endfacet
  facet normal 0 0 1
    outer loop
      vertex 84.5192 99.7192 2.4
      vertex 84.5192 97.8808 2.4
      vertex 84.7258 98.15 2.4
    endloop
  endfacet
  facet normal 0 0 1
    outer loop
      vertex 84.25 99.9258 2.4
      vertex 84.5192 97.8808 2.4
      vertex 84.5192 99.7192 2.4
    endloop
  endfacet
  facet normal 0 0 1
    outer loop
      vertex 84.25 99.9258 2.4
      vertex 84.25 97.6742 2.4
      vertex 84.5192 97.8808 2.4
    endloop
  endfacet
  facet normal 0 0 1
    outer loop
      vertex 83.9365 100.056 2.4
      vertex 84.25 97.6742 2.4
      vertex 84.25 99.9258 2.4
    endloop
  endfacet
  facet normal 0 0 1
    outer loop
      vertex 83.9365 100.056 2.4
      vertex 83.9365 97.5443 2.4
      vertex 84.25 97.6742 2.4
    endloop
  endfacet
  facet normal 0 0 1
    outer loop
      vertex 83.6 100.1 2.4
      vertex 83.9365 97.5443 2.4
      vertex 83.9365 100.056 2.4
    endloop
  endfacet
  facet normal 0 0 1
    outer loop
      vertex 83.6 100.1 2.4
      vertex 83.6 97.5 2.4
      vertex 83.9365 97.5443 2.4
    endloop
  endfacet
  facet normal -0 0 1
    outer loop
      vertex 83.2635 100.056 2.4
      vertex 83.6 97.5 2.4
      vertex 83.6 100.1 2.4
    endloop
  endfacet
  facet normal 0 0 1
    outer loop
      vertex 83.2635 100.056 2.4
      vertex 83.2635 97.5443 2.4
      vertex 83.6 97.5 2.4
    endloop
  endfacet
  facet normal -0 0 1
    outer loop
      vertex 82.95 99.9258 2.4
      vertex 83.2635 97.5443 2.4
      vertex 83.2635 100.056 2.4
    endloop
  endfacet
  facet normal 0 0 1
    outer loop
      vertex 82.95 99.9258 2.4
      vertex 82.95 97.6742 2.4
      vertex 83.2635 97.5443 2.4
    endloop
  endfacet
  facet normal -0 0 1
    outer loop
      vertex 82.6808 99.7192 2.4
      vertex 82.95 97.6742 2.4
      vertex 82.95 99.9258 2.4
    endloop
  endfacet
  facet normal 0 0 1
    outer loop
      vertex 82.6808 99.7192 2.4
      vertex 82.6808 97.8808 2.4
      vertex 82.95 97.6742 2.4
    endloop
  endfacet
  facet normal -0 0 1
    outer loop
      vertex 82.4742 99.45 2.4
      vertex 82.6808 97.8808 2.4
      vertex 82.6808 99.7192 2.4
    endloop
  endfacet
  facet normal 0 0 1
    outer loop
      vertex 82.4742 99.45 2.4
      vertex 82.4742 98.15 2.4
      vertex 82.6808 97.8808 2.4
    endloop
  endfacet
  facet normal -0 0 1
    outer loop
      vertex 82.3443 99.1365 2.4
      vertex 82.4742 98.15 2.4
      vertex 82.4742 99.45 2.4
    endloop
  endfacet
  facet normal 0 0 1
    outer loop
      vertex 82.3443 99.1365 2.4
      vertex 82.3443 98.4635 2.4
      vertex 82.4742 98.15 2.4
    endloop
  endfacet
  facet normal 0 -0 1
    outer loop
      vertex 82.3443 98.4635 2.4
      vertex 82.3443 99.1365 2.4
      vertex 82.3 98.8 2.4
    endloop
  endfacet
  facet normal 0 0 1
    outer loop
      vertex 84.8557 16.7365 2.4
      vertex 84.8557 16.0635 2.4
      vertex 84.9 16.4 2.4
    endloop
  endfacet
  facet normal 0 0 1
    outer loop
      vertex 84.7258 17.05 2.4
      vertex 84.8557 16.0635 2.4
      vertex 84.8557 16.7365 2.4
    endloop
  endfacet
  facet normal 0 0 1
    outer loop
      vertex 84.7258 17.05 2.4
      vertex 84.7258 15.75 2.4
      vertex 84.8557 16.0635 2.4
    endloop
  endfacet
  facet normal 0 0 1
    outer loop
      vertex 84.5192 17.3192 2.4
      vertex 84.7258 15.75 2.4
      vertex 84.7258 17.05 2.4
    endloop
  endfacet
  facet normal 0 0 1
    outer loop
      vertex 84.5192 17.3192 2.4
      vertex 84.5192 15.4808 2.4
      vertex 84.7258 15.75 2.4
    endloop
  endfacet
  facet normal 0 0 1
    outer loop
      vertex 84.25 17.5258 2.4
      vertex 84.5192 15.4808 2.4
      vertex 84.5192 17.3192 2.4
    endloop
  endfacet
  facet normal 0 0 1
    outer loop
      vertex 84.25 17.5258 2.4
      vertex 84.25 15.2742 2.4
      vertex 84.5192 15.4808 2.4
    endloop
  endfacet
  facet normal 0 0 1
    outer loop
      vertex 83.9365 17.6557 2.4
      vertex 84.25 15.2742 2.4
      vertex 84.25 17.5258 2.4
    endloop
  endfacet
  facet normal 0 0 1
    outer loop
      vertex 83.9365 17.6557 2.4
      vertex 83.9365 15.1443 2.4
      vertex 84.25 15.2742 2.4
    endloop
  endfacet
  facet normal 0 0 1
    outer loop
      vertex 83.6 17.7 2.4
      vertex 83.9365 15.1443 2.4
      vertex 83.9365 17.6557 2.4
    endloop
  endfacet
  facet normal 0 0 1
    outer loop
      vertex 83.6 17.7 2.4
      vertex 83.6 15.1 2.4
      vertex 83.9365 15.1443 2.4
    endloop
  endfacet
  facet normal -0 0 1
    outer loop
      vertex 83.2635 17.6557 2.4
      vertex 83.6 15.1 2.4
      vertex 83.6 17.7 2.4
    endloop
  endfacet
  facet normal 0 0 1
    outer loop
      vertex 83.2635 17.6557 2.4
      vertex 83.2635 15.1443 2.4
      vertex 83.6 15.1 2.4
    endloop
  endfacet
  facet normal -0 0 1
    outer loop
      vertex 82.95 17.5258 2.4
      vertex 83.2635 15.1443 2.4
      vertex 83.2635 17.6557 2.4
    endloop
  endfacet
  facet normal 0 0 1
    outer loop
      vertex 82.95 17.5258 2.4
      vertex 82.95 15.2742 2.4
      vertex 83.2635 15.1443 2.4
    endloop
  endfacet
  facet normal -0 0 1
    outer loop
      vertex 82.6808 17.3192 2.4
      vertex 82.95 15.2742 2.4
      vertex 82.95 17.5258 2.4
    endloop
  endfacet
  facet normal 0 0 1
    outer loop
      vertex 82.6808 17.3192 2.4
      vertex 82.6808 15.4808 2.4
      vertex 82.95 15.2742 2.4
    endloop
  endfacet
  facet normal -0 0 1
    outer loop
      vertex 82.4742 17.05 2.4
      vertex 82.6808 15.4808 2.4
      vertex 82.6808 17.3192 2.4
    endloop
  endfacet
  facet normal 0 0 1
    outer loop
      vertex 82.4742 17.05 2.4
      vertex 82.4742 15.75 2.4
      vertex 82.6808 15.4808 2.4
    endloop
  endfacet
  facet normal -0 0 1
    outer loop
      vertex 82.3443 16.7365 2.4
      vertex 82.4742 15.75 2.4
      vertex 82.4742 17.05 2.4
    endloop
  endfacet
  facet normal 0 0 1
    outer loop
      vertex 82.3443 16.7365 2.4
      vertex 82.3443 16.0635 2.4
      vertex 82.4742 15.75 2.4
    endloop
  endfacet
  facet normal 0 -0 1
    outer loop
      vertex 82.3443 16.0635 2.4
      vertex 82.3443 16.7365 2.4
      vertex 82.3 16.4 2.4
    endloop
  endfacet
  facet normal 0 0 1
    outer loop
      vertex 161.056 16.7365 2.4
      vertex 161.056 16.0635 2.4
      vertex 161.1 16.4 2.4
    endloop
  endfacet
  facet normal 0 0 1
    outer loop
      vertex 160.926 17.05 2.4
      vertex 161.056 16.0635 2.4
      vertex 161.056 16.7365 2.4
    endloop
  endfacet
  facet normal 0 0 1
    outer loop
      vertex 160.926 17.05 2.4
      vertex 160.926 15.75 2.4
      vertex 161.056 16.0635 2.4
    endloop
  endfacet
  facet normal 0 0 1
    outer loop
      vertex 160.719 17.3192 2.4
      vertex 160.926 15.75 2.4
      vertex 160.926 17.05 2.4
    endloop
  endfacet
  facet normal 0 0 1
    outer loop
      vertex 160.719 17.3192 2.4
      vertex 160.719 15.4808 2.4
      vertex 160.926 15.75 2.4
    endloop
  endfacet
  facet normal 0 0 1
    outer loop
      vertex 160.45 17.5258 2.4
      vertex 160.719 15.4808 2.4
      vertex 160.719 17.3192 2.4
    endloop
  endfacet
  facet normal 0 0 1
    outer loop
      vertex 160.45 17.5258 2.4
      vertex 160.45 15.2742 2.4
      vertex 160.719 15.4808 2.4
    endloop
  endfacet
  facet normal 0 0 1
    outer loop
      vertex 160.136 17.6557 2.4
      vertex 160.45 15.2742 2.4
      vertex 160.45 17.5258 2.4
    endloop
  endfacet
  facet normal 0 0 1
    outer loop
      vertex 160.136 17.6557 2.4
      vertex 160.136 15.1443 2.4
      vertex 160.45 15.2742 2.4
    endloop
  endfacet
  facet normal 0 0 1
    outer loop
      vertex 159.8 17.7 2.4
      vertex 160.136 15.1443 2.4
      vertex 160.136 17.6557 2.4
    endloop
  endfacet
  facet normal 0 0 1
    outer loop
      vertex 159.8 17.7 2.4
      vertex 159.8 15.1 2.4
      vertex 160.136 15.1443 2.4
    endloop
  endfacet
  facet normal -0 0 1
    outer loop
      vertex 159.464 17.6557 2.4
      vertex 159.8 15.1 2.4
      vertex 159.8 17.7 2.4
    endloop
  endfacet
  facet normal 0 0 1
    outer loop
      vertex 159.464 17.6557 2.4
      vertex 159.464 15.1443 2.4
      vertex 159.8 15.1 2.4
    endloop
  endfacet
  facet normal -0 0 1
    outer loop
      vertex 159.15 17.5258 2.4
      vertex 159.464 15.1443 2.4
      vertex 159.464 17.6557 2.4
    endloop
  endfacet
  facet normal 0 0 1
    outer loop
      vertex 159.15 17.5258 2.4
      vertex 159.15 15.2742 2.4
      vertex 159.464 15.1443 2.4
    endloop
  endfacet
  facet normal -0 0 1
    outer loop
      vertex 158.881 17.3192 2.4
      vertex 159.15 15.2742 2.4
      vertex 159.15 17.5258 2.4
    endloop
  endfacet
  facet normal 0 0 1
    outer loop
      vertex 158.881 17.3192 2.4
      vertex 158.881 15.4808 2.4
      vertex 159.15 15.2742 2.4
    endloop
  endfacet
  facet normal -0 0 1
    outer loop
      vertex 158.674 17.05 2.4
      vertex 158.881 15.4808 2.4
      vertex 158.881 17.3192 2.4
    endloop
  endfacet
  facet normal 0 0 1
    outer loop
      vertex 158.674 17.05 2.4
      vertex 158.674 15.75 2.4
      vertex 158.881 15.4808 2.4
    endloop
  endfacet
  facet normal -0 0 1
    outer loop
      vertex 158.544 16.7365 2.4
      vertex 158.674 15.75 2.4
      vertex 158.674 17.05 2.4
    endloop
  endfacet
  facet normal 0 0 1
    outer loop
      vertex 158.544 16.7365 2.4
      vertex 158.544 16.0635 2.4
      vertex 158.674 15.75 2.4
    endloop
  endfacet
  facet normal 0 -0 1
    outer loop
      vertex 158.544 16.0635 2.4
      vertex 158.544 16.7365 2.4
      vertex 158.5 16.4 2.4
    endloop
  endfacet
  facet normal 0 0 1
    outer loop
      vertex 161.056 99.1365 2.4
      vertex 161.056 98.4635 2.4
      vertex 161.1 98.8 2.4
    endloop
  endfacet
  facet normal 0 0 1
    outer loop
      vertex 160.926 99.45 2.4
      vertex 161.056 98.4635 2.4
      vertex 161.056 99.1365 2.4
    endloop
  endfacet
  facet normal 0 0 1
    outer loop
      vertex 160.926 99.45 2.4
      vertex 160.926 98.15 2.4
      vertex 161.056 98.4635 2.4
    endloop
  endfacet
  facet normal 0 0 1
    outer loop
      vertex 160.719 99.7192 2.4
      vertex 160.926 98.15 2.4
      vertex 160.926 99.45 2.4
    endloop
  endfacet
  facet normal 0 0 1
    outer loop
      vertex 160.719 99.7192 2.4
      vertex 160.719 97.8808 2.4
      vertex 160.926 98.15 2.4
    endloop
  endfacet
  facet normal 0 0 1
    outer loop
      vertex 160.45 99.9258 2.4
      vertex 160.719 97.8808 2.4
      vertex 160.719 99.7192 2.4
    endloop
  endfacet
  facet normal 0 0 1
    outer loop
      vertex 160.45 99.9258 2.4
      vertex 160.45 97.6742 2.4
      vertex 160.719 97.8808 2.4
    endloop
  endfacet
  facet normal 0 0 1
    outer loop
      vertex 160.136 100.056 2.4
      vertex 160.45 97.6742 2.4
      vertex 160.45 99.9258 2.4
    endloop
  endfacet
  facet normal 0 0 1
    outer loop
      vertex 160.136 100.056 2.4
      vertex 160.136 97.5443 2.4
      vertex 160.45 97.6742 2.4
    endloop
  endfacet
  facet normal 0 0 1
    outer loop
      vertex 159.8 100.1 2.4
      vertex 160.136 97.5443 2.4
      vertex 160.136 100.056 2.4
    endloop
  endfacet
  facet normal 0 0 1
    outer loop
      vertex 159.8 100.1 2.4
      vertex 159.8 97.5 2.4
      vertex 160.136 97.5443 2.4
    endloop
  endfacet
  facet normal -0 0 1
    outer loop
      vertex 159.464 100.056 2.4
      vertex 159.8 97.5 2.4
      vertex 159.8 100.1 2.4
    endloop
  endfacet
  facet normal 0 0 1
    outer loop
      vertex 159.464 100.056 2.4
      vertex 159.464 97.5443 2.4
      vertex 159.8 97.5 2.4
    endloop
  endfacet
  facet normal -0 0 1
    outer loop
      vertex 159.15 99.9258 2.4
      vertex 159.464 97.5443 2.4
      vertex 159.464 100.056 2.4
    endloop
  endfacet
  facet normal 0 0 1
    outer loop
      vertex 159.15 99.9258 2.4
      vertex 159.15 97.6742 2.4
      vertex 159.464 97.5443 2.4
    endloop
  endfacet
  facet normal -0 0 1
    outer loop
      vertex 158.881 99.7192 2.4
      vertex 159.15 97.6742 2.4
      vertex 159.15 99.9258 2.4
    endloop
  endfacet
  facet normal 0 0 1
    outer loop
      vertex 158.881 99.7192 2.4
      vertex 158.881 97.8808 2.4
      vertex 159.15 97.6742 2.4
    endloop
  endfacet
  facet normal -0 0 1
    outer loop
      vertex 158.674 99.45 2.4
      vertex 158.881 97.8808 2.4
      vertex 158.881 99.7192 2.4
    endloop
  endfacet
  facet normal 0 0 1
    outer loop
      vertex 158.674 99.45 2.4
      vertex 158.674 98.15 2.4
      vertex 158.881 97.8808 2.4
    endloop
  endfacet
  facet normal -0 0 1
    outer loop
      vertex 158.544 99.1365 2.4
      vertex 158.674 98.15 2.4
      vertex 158.674 99.45 2.4
    endloop
  endfacet
  facet normal 0 0 1
    outer loop
      vertex 158.544 99.1365 2.4
      vertex 158.544 98.4635 2.4
      vertex 158.674 98.15 2.4
    endloop
  endfacet
  facet normal 0 -0 1
    outer loop
      vertex 158.544 98.4635 2.4
      vertex 158.544 99.1365 2.4
      vertex 158.5 98.8 2.4
    endloop
  endfacet
  facet normal -1 0 0
    outer loop
      vertex 164.8 2.4 32.2
      vertex 164.8 112.8 33.4
      vertex 164.8 112.8 32.2
    endloop
  endfacet
  facet normal -1 -0 0
    outer loop
      vertex 164.8 112.8 33.4
      vertex 164.8 2.4 32.2
      vertex 164.8 2.4 33.4
    endloop
  endfacet
  facet normal -1 0 0
    outer loop
      vertex 164.8 87.0444 16.7484
      vertex 164.8 112.8 7.4
      vertex 164.8 87.1 15.9
    endloop
  endfacet
  facet normal -1 0 0
    outer loop
      vertex 164.8 112.8 7.4
      vertex 164.8 87.0444 15.0516
      vertex 164.8 87.1 15.9
    endloop
  endfacet
  facet normal -1 0 0
    outer loop
      vertex 164.8 112.8 7.4
      vertex 164.8 86.8785 14.2177
      vertex 164.8 87.0444 15.0516
    endloop
  endfacet
  facet normal -1 0 0
    outer loop
      vertex 164.8 112.8 7.4
      vertex 164.8 86.6052 13.4126
      vertex 164.8 86.8785 14.2177
    endloop
  endfacet
  facet normal -1 0 0
    outer loop
      vertex 164.8 112.8 7.4
      vertex 164.8 86.2292 12.65
      vertex 164.8 86.6052 13.4126
    endloop
  endfacet
  facet normal -1 0 0
    outer loop
      vertex 164.8 112.8 7.4
      vertex 164.8 85.7568 11.9431
      vertex 164.8 86.2292 12.65
    endloop
  endfacet
  facet normal -1 0 0
    outer loop
      vertex 164.8 112.8 7.4
      vertex 164.8 85.1962 11.3038
      vertex 164.8 85.7568 11.9431
    endloop
  endfacet
  facet normal -1 0 0
    outer loop
      vertex 164.8 112.8 7.4
      vertex 164.8 84.5569 10.7432
      vertex 164.8 85.1962 11.3038
    endloop
  endfacet
  facet normal -1 0 0
    outer loop
      vertex 164.8 112.8 7.4
      vertex 164.8 83.85 10.2708
      vertex 164.8 84.5569 10.7432
    endloop
  endfacet
  facet normal -1 0 0
    outer loop
      vertex 164.8 112.8 7.4
      vertex 164.8 83.0874 9.89478
      vertex 164.8 83.85 10.2708
    endloop
  endfacet
  facet normal -1 0 0
    outer loop
      vertex 164.8 112.8 7.4
      vertex 164.8 82.2823 9.62148
      vertex 164.8 83.0874 9.89478
    endloop
  endfacet
  facet normal -1 0 0
    outer loop
      vertex 164.8 112.8 7.4
      vertex 164.8 81.4484 9.45561
      vertex 164.8 82.2823 9.62148
    endloop
  endfacet
  facet normal -1 0 0
    outer loop
      vertex 164.8 112.8 7.4
      vertex 164.8 80.6 9.4
      vertex 164.8 81.4484 9.45561
    endloop
  endfacet
  facet normal -1 0 0
    outer loop
      vertex 164.8 74.3215 14.2177
      vertex 164.8 72.1 17.4
      vertex 164.8 74.1556 15.0516
    endloop
  endfacet
  facet normal -1 0 0
    outer loop
      vertex 164.8 72.1 17.4
      vertex 164.8 74.3215 14.2177
      vertex 164.8 72.1 9.4
    endloop
  endfacet
  facet normal -1 -0 0
    outer loop
      vertex 164.8 74.5948 13.4126
      vertex 164.8 72.1 9.4
      vertex 164.8 74.3215 14.2177
    endloop
  endfacet
  facet normal -1 -0 0
    outer loop
      vertex 164.8 74.9708 12.65
      vertex 164.8 72.1 9.4
      vertex 164.8 74.5948 13.4126
    endloop
  endfacet
  facet normal -1 -0 0
    outer loop
      vertex 164.8 75.4432 11.9431
      vertex 164.8 72.1 9.4
      vertex 164.8 74.9708 12.65
    endloop
  endfacet
  facet normal -1 -0 0
    outer loop
      vertex 164.8 76.0038 11.3038
      vertex 164.8 72.1 9.4
      vertex 164.8 75.4432 11.9431
    endloop
  endfacet
  facet normal -1 -0 0
    outer loop
      vertex 164.8 76.6431 10.7432
      vertex 164.8 72.1 9.4
      vertex 164.8 76.0038 11.3038
    endloop
  endfacet
  facet normal -1 -0 0
    outer loop
      vertex 164.8 77.35 10.2708
      vertex 164.8 72.1 9.4
      vertex 164.8 76.6431 10.7432
    endloop
  endfacet
  facet normal -1 -0 0
    outer loop
      vertex 164.8 78.1126 9.89478
      vertex 164.8 72.1 9.4
      vertex 164.8 77.35 10.2708
    endloop
  endfacet
  facet normal -1 -0 0
    outer loop
      vertex 164.8 78.9177 9.62148
      vertex 164.8 72.1 9.4
      vertex 164.8 78.1126 9.89478
    endloop
  endfacet
  facet normal -1 -0 0
    outer loop
      vertex 164.8 79.7516 9.45561
      vertex 164.8 72.1 9.4
      vertex 164.8 78.9177 9.62148
    endloop
  endfacet
  facet normal -1 0 0
    outer loop
      vertex 164.8 80.6 9.4
      vertex 164.8 72.1 9.4
      vertex 164.8 79.7516 9.45561
    endloop
  endfacet
  facet normal -1 0 0
    outer loop
      vertex 164.8 112.8 7.4
      vertex 164.8 72.1 9.4
      vertex 164.8 80.6 9.4
    endloop
  endfacet
  facet normal -1 0 0
    outer loop
      vertex 164.8 112.8 7.4
      vertex 164.8 58.1 9.4
      vertex 164.8 72.1 9.4
    endloop
  endfacet
  facet normal -1 0 0
    outer loop
      vertex 164.8 42.1784 19.4215
      vertex 164.8 58.1 17.4
      vertex 164.8 58.1 9.4
    endloop
  endfacet
  facet normal -1 0 0
    outer loop
      vertex 164.8 58.1 17.4
      vertex 164.8 42.6026 20.1563
      vertex 164.8 42.7 20.4432
    endloop
  endfacet
  facet normal -1 0 0
    outer loop
      vertex 164.8 58.1 17.4
      vertex 164.8 42.4146 19.775
      vertex 164.8 42.6026 20.1563
    endloop
  endfacet
  facet normal -1 0 0
    outer loop
      vertex 164.8 58.1 17.4
      vertex 164.8 42.1784 19.4215
      vertex 164.8 42.4146 19.775
    endloop
  endfacet
  facet normal -1 0 0
    outer loop
      vertex 164.8 58.1 9.4
      vertex 164.8 41.8981 19.1019
      vertex 164.8 42.1784 19.4215
    endloop
  endfacet
  facet normal -1 0 0
    outer loop
      vertex 164.8 58.1 9.4
      vertex 164.8 41.5785 18.8216
      vertex 164.8 41.8981 19.1019
    endloop
  endfacet
  facet normal -1 0 0
    outer loop
      vertex 164.8 58.1 9.4
      vertex 164.8 41.225 18.5854
      vertex 164.8 41.5785 18.8216
    endloop
  endfacet
  facet normal -1 0 0
    outer loop
      vertex 164.8 58.1 9.4
      vertex 164.8 40.8437 18.3974
      vertex 164.8 41.225 18.5854
    endloop
  endfacet
  facet normal -1 0 0
    outer loop
      vertex 164.8 58.1 9.4
      vertex 164.8 40.4412 18.2607
      vertex 164.8 40.8437 18.3974
    endloop
  endfacet
  facet normal -1 0 0
    outer loop
      vertex 164.8 58.1 9.4
      vertex 164.8 40.0242 18.1778
      vertex 164.8 40.4412 18.2607
    endloop
  endfacet
  facet normal -1 0 0
    outer loop
      vertex 164.8 58.1 9.4
      vertex 164.8 39.6 18.15
      vertex 164.8 40.0242 18.1778
    endloop
  endfacet
  facet normal -1 0 0
    outer loop
      vertex 164.8 58.1 9.4
      vertex 164.8 39.1758 18.1778
      vertex 164.8 39.6 18.15
    endloop
  endfacet
  facet normal -1 0 0
    outer loop
      vertex 164.8 2.4 7.4
      vertex 164.8 39.1758 18.1778
      vertex 164.8 58.1 9.4
    endloop
  endfacet
  facet normal -1 -0 0
    outer loop
      vertex 164.8 39.1758 18.1778
      vertex 164.8 2.4 7.4
      vertex 164.8 38.7588 18.2607
    endloop
  endfacet
  facet normal -1 0 0
    outer loop
      vertex 164.8 2.4 31
      vertex 164.8 36.3778 20.9758
      vertex 164.8 2.4 7.4
    endloop
  endfacet
  facet normal -1 -0 0
    outer loop
      vertex 164.8 36.4607 20.5588
      vertex 164.8 2.4 7.4
      vertex 164.8 36.3778 20.9758
    endloop
  endfacet
  facet normal -1 -0 0
    outer loop
      vertex 164.8 36.5974 20.1563
      vertex 164.8 2.4 7.4
      vertex 164.8 36.4607 20.5588
    endloop
  endfacet
  facet normal -1 -0 0
    outer loop
      vertex 164.8 36.7854 19.775
      vertex 164.8 2.4 7.4
      vertex 164.8 36.5974 20.1563
    endloop
  endfacet
  facet normal -1 -0 0
    outer loop
      vertex 164.8 37.0216 19.4215
      vertex 164.8 2.4 7.4
      vertex 164.8 36.7854 19.775
    endloop
  endfacet
  facet normal -1 -0 0
    outer loop
      vertex 164.8 37.3019 19.1019
      vertex 164.8 2.4 7.4
      vertex 164.8 37.0216 19.4215
    endloop
  endfacet
  facet normal -1 -0 0
    outer loop
      vertex 164.8 37.6215 18.8216
      vertex 164.8 2.4 7.4
      vertex 164.8 37.3019 19.1019
    endloop
  endfacet
  facet normal -1 -0 0
    outer loop
      vertex 164.8 37.975 18.5854
      vertex 164.8 2.4 7.4
      vertex 164.8 37.6215 18.8216
    endloop
  endfacet
  facet normal -1 -0 0
    outer loop
      vertex 164.8 38.3563 18.3974
      vertex 164.8 2.4 7.4
      vertex 164.8 37.975 18.5854
    endloop
  endfacet
  facet normal -1 -0 0
    outer loop
      vertex 164.8 38.7588 18.2607
      vertex 164.8 2.4 7.4
      vertex 164.8 38.3563 18.3974
    endloop
  endfacet
  facet normal -1 0 0
    outer loop
      vertex 164.8 2.4 7.4
      vertex 164.8 58.1 9.4
      vertex 164.8 112.8 7.4
    endloop
  endfacet
  facet normal -1 0 0
    outer loop
      vertex 164.8 112.8 7.4
      vertex 164.8 87.0444 16.7484
      vertex 164.8 112.8 31
    endloop
  endfacet
  facet normal -1 0 0
    outer loop
      vertex 164.8 86.8785 17.5823
      vertex 164.8 112.8 31
      vertex 164.8 87.0444 16.7484
    endloop
  endfacet
  facet normal -1 0 0
    outer loop
      vertex 164.8 86.6052 18.3874
      vertex 164.8 112.8 31
      vertex 164.8 86.8785 17.5823
    endloop
  endfacet
  facet normal -1 0 0
    outer loop
      vertex 164.8 86.2292 19.15
      vertex 164.8 112.8 31
      vertex 164.8 86.6052 18.3874
    endloop
  endfacet
  facet normal -1 0 0
    outer loop
      vertex 164.8 85.7568 19.8569
      vertex 164.8 112.8 31
      vertex 164.8 86.2292 19.15
    endloop
  endfacet
  facet normal -1 0 0
    outer loop
      vertex 164.8 85.1962 20.4962
      vertex 164.8 112.8 31
      vertex 164.8 85.7568 19.8569
    endloop
  endfacet
  facet normal -1 0 0
    outer loop
      vertex 164.8 84.5569 21.0568
      vertex 164.8 112.8 31
      vertex 164.8 85.1962 20.4962
    endloop
  endfacet
  facet normal -1 0 0
    outer loop
      vertex 164.8 83.85 21.5292
      vertex 164.8 112.8 31
      vertex 164.8 84.5569 21.0568
    endloop
  endfacet
  facet normal -1 0 0
    outer loop
      vertex 164.8 83.0874 21.9052
      vertex 164.8 112.8 31
      vertex 164.8 83.85 21.5292
    endloop
  endfacet
  facet normal -1 0 0
    outer loop
      vertex 164.8 82.2823 22.1785
      vertex 164.8 112.8 31
      vertex 164.8 83.0874 21.9052
    endloop
  endfacet
  facet normal -1 0 0
    outer loop
      vertex 164.8 81.4484 22.3444
      vertex 164.8 112.8 31
      vertex 164.8 82.2823 22.1785
    endloop
  endfacet
  facet normal -1 0 0
    outer loop
      vertex 164.8 80.6 22.4
      vertex 164.8 112.8 31
      vertex 164.8 81.4484 22.3444
    endloop
  endfacet
  facet normal -1 0 0
    outer loop
      vertex 164.8 79.7516 22.3444
      vertex 164.8 112.8 31
      vertex 164.8 80.6 22.4
    endloop
  endfacet
  facet normal -1 0 0
    outer loop
      vertex 164.8 40.4412 24.5393
      vertex 164.8 79.7516 22.3444
      vertex 164.8 78.9177 22.1785
    endloop
  endfacet
  facet normal -1 0 0
    outer loop
      vertex 164.8 74.1556 15.0516
      vertex 164.8 72.1 17.4
      vertex 164.8 74.1 15.9
    endloop
  endfacet
  facet normal -1 0 0
    outer loop
      vertex 164.8 74.1 15.9
      vertex 164.8 72.1 17.4
      vertex 164.8 74.1556 16.7484
    endloop
  endfacet
  facet normal -1 0 0
    outer loop
      vertex 164.8 74.1556 16.7484
      vertex 164.8 72.1 17.4
      vertex 164.8 74.3215 17.5823
    endloop
  endfacet
  facet normal -1 0 0
    outer loop
      vertex 164.8 72.1 17.4
      vertex 164.8 74.5948 18.3874
      vertex 164.8 74.3215 17.5823
    endloop
  endfacet
  facet normal -1 0 0
    outer loop
      vertex 164.8 72.1 17.4
      vertex 164.8 74.9708 19.15
      vertex 164.8 74.5948 18.3874
    endloop
  endfacet
  facet normal -1 0 0
    outer loop
      vertex 164.8 72.1 17.4
      vertex 164.8 75.4432 19.8569
      vertex 164.8 74.9708 19.15
    endloop
  endfacet
  facet normal -1 0 0
    outer loop
      vertex 164.8 72.1 17.4
      vertex 164.8 76.0038 20.4962
      vertex 164.8 75.4432 19.8569
    endloop
  endfacet
  facet normal -1 0 0
    outer loop
      vertex 164.8 58.1 17.4
      vertex 164.8 76.0038 20.4962
      vertex 164.8 72.1 17.4
    endloop
  endfacet
  facet normal -1 -0 0
    outer loop
      vertex 164.8 76.0038 20.4962
      vertex 164.8 58.1 17.4
      vertex 164.8 76.6431 21.0568
    endloop
  endfacet
  facet normal -1 0 0
    outer loop
      vertex 164.8 58.1 17.4
      vertex 164.8 77.35 21.5292
      vertex 164.8 76.6431 21.0568
    endloop
  endfacet
  facet normal -1 0 0
    outer loop
      vertex 164.8 41.5785 23.9784
      vertex 164.8 77.35 21.5292
      vertex 164.8 58.1 17.4
    endloop
  endfacet
  facet normal -1 0 0
    outer loop
      vertex 164.8 77.35 21.5292
      vertex 164.8 41.5785 23.9784
      vertex 164.8 78.1126 21.9052
    endloop
  endfacet
  facet normal -1 0 0
    outer loop
      vertex 164.8 41.225 24.2146
      vertex 164.8 78.1126 21.9052
      vertex 164.8 41.5785 23.9784
    endloop
  endfacet
  facet normal -1 0 0
    outer loop
      vertex 164.8 42.7 22.3568
      vertex 164.8 58.1 17.4
      vertex 164.8 42.7 20.4432
    endloop
  endfacet
  facet normal -1 0 0
    outer loop
      vertex 164.8 42.6026 22.6437
      vertex 164.8 58.1 17.4
      vertex 164.8 42.7 22.3568
    endloop
  endfacet
  facet normal -1 0 0
    outer loop
      vertex 164.8 42.4146 23.025
      vertex 164.8 58.1 17.4
      vertex 164.8 42.6026 22.6437
    endloop
  endfacet
  facet normal -1 0 0
    outer loop
      vertex 164.8 42.1784 23.3785
      vertex 164.8 58.1 17.4
      vertex 164.8 42.4146 23.025
    endloop
  endfacet
  facet normal -1 0 0
    outer loop
      vertex 164.8 41.8981 23.6981
      vertex 164.8 58.1 17.4
      vertex 164.8 42.1784 23.3785
    endloop
  endfacet
  facet normal -1 0 0
    outer loop
      vertex 164.8 41.5785 23.9784
      vertex 164.8 58.1 17.4
      vertex 164.8 41.8981 23.6981
    endloop
  endfacet
  facet normal -1 0 0
    outer loop
      vertex 164.8 40.8437 24.4026
      vertex 164.8 78.1126 21.9052
      vertex 164.8 41.225 24.2146
    endloop
  endfacet
  facet normal -1 0 0
    outer loop
      vertex 164.8 78.1126 21.9052
      vertex 164.8 40.8437 24.4026
      vertex 164.8 78.9177 22.1785
    endloop
  endfacet
  facet normal -1 0 0
    outer loop
      vertex 164.8 40.4412 24.5393
      vertex 164.8 78.9177 22.1785
      vertex 164.8 40.8437 24.4026
    endloop
  endfacet
  facet normal -1 0 0
    outer loop
      vertex 164.8 79.7516 22.3444
      vertex 164.8 40.4412 24.5393
      vertex 164.8 112.8 31
    endloop
  endfacet
  facet normal -1 0 0
    outer loop
      vertex 164.8 40.0242 24.6222
      vertex 164.8 112.8 31
      vertex 164.8 40.4412 24.5393
    endloop
  endfacet
  facet normal -1 0 0
    outer loop
      vertex 164.8 2.4 31
      vertex 164.8 40.0242 24.6222
      vertex 164.8 39.6 24.65
    endloop
  endfacet
  facet normal -1 0 0
    outer loop
      vertex 164.8 2.4 31
      vertex 164.8 39.6 24.65
      vertex 164.8 39.1758 24.6222
    endloop
  endfacet
  facet normal -1 0 0
    outer loop
      vertex 164.8 36.3778 20.9758
      vertex 164.8 2.4 31
      vertex 164.8 36.35 21.4
    endloop
  endfacet
  facet normal -1 0 0
    outer loop
      vertex 164.8 36.35 21.4
      vertex 164.8 2.4 31
      vertex 164.8 36.3778 21.8242
    endloop
  endfacet
  facet normal -1 0 0
    outer loop
      vertex 164.8 36.3778 21.8242
      vertex 164.8 2.4 31
      vertex 164.8 36.4607 22.2412
    endloop
  endfacet
  facet normal -1 0 0
    outer loop
      vertex 164.8 36.4607 22.2412
      vertex 164.8 2.4 31
      vertex 164.8 36.5974 22.6437
    endloop
  endfacet
  facet normal -1 0 0
    outer loop
      vertex 164.8 36.5974 22.6437
      vertex 164.8 2.4 31
      vertex 164.8 36.7854 23.025
    endloop
  endfacet
  facet normal -1 0 0
    outer loop
      vertex 164.8 36.7854 23.025
      vertex 164.8 2.4 31
      vertex 164.8 37.0216 23.3785
    endloop
  endfacet
  facet normal -1 0 0
    outer loop
      vertex 164.8 37.0216 23.3785
      vertex 164.8 2.4 31
      vertex 164.8 37.3019 23.6981
    endloop
  endfacet
  facet normal -1 0 0
    outer loop
      vertex 164.8 37.3019 23.6981
      vertex 164.8 2.4 31
      vertex 164.8 37.6215 23.9784
    endloop
  endfacet
  facet normal -1 0 0
    outer loop
      vertex 164.8 37.6215 23.9784
      vertex 164.8 2.4 31
      vertex 164.8 37.975 24.2146
    endloop
  endfacet
  facet normal -1 0 0
    outer loop
      vertex 164.8 40.0242 24.6222
      vertex 164.8 2.4 31
      vertex 164.8 112.8 31
    endloop
  endfacet
  facet normal -1 0 0
    outer loop
      vertex 164.8 38.7588 24.5393
      vertex 164.8 2.4 31
      vertex 164.8 39.1758 24.6222
    endloop
  endfacet
  facet normal -1 0 0
    outer loop
      vertex 164.8 38.3563 24.4026
      vertex 164.8 2.4 31
      vertex 164.8 38.7588 24.5393
    endloop
  endfacet
  facet normal -1 0 0
    outer loop
      vertex 164.8 37.975 24.2146
      vertex 164.8 2.4 31
      vertex 164.8 38.3563 24.4026
    endloop
  endfacet
  facet normal 1 -0 0
    outer loop
      vertex 2.4 2.4 33.4
      vertex 2.4 112.8 32.2
      vertex 2.4 112.8 33.4
    endloop
  endfacet
  facet normal 1 0 0
    outer loop
      vertex 2.4 112.8 32.2
      vertex 2.4 2.4 33.4
      vertex 2.4 2.4 32.2
    endloop
  endfacet
  facet normal 1 0 0
    outer loop
      vertex 2.4 112.8 31
      vertex 2.4 95.1 16.4
      vertex 2.4 112.8 7.4
    endloop
  endfacet
  facet normal 1 0 0
    outer loop
      vertex 2.4 112.8 31
      vertex 2.4 79.1 16.4
      vertex 2.4 95.1 16.4
    endloop
  endfacet
  facet normal 1 0 0
    outer loop
      vertex 2.4 79.1 16.4
      vertex 2.4 70.1 16.4
      vertex 2.4 79.1 9.4
    endloop
  endfacet
  facet normal 1 0 0
    outer loop
      vertex 2.4 112.8 31
      vertex 2.4 70.1 16.4
      vertex 2.4 79.1 16.4
    endloop
  endfacet
  facet normal 1 0 0
    outer loop
      vertex 2.4 112.8 31
      vertex 2.4 53.1 16.4
      vertex 2.4 70.1 16.4
    endloop
  endfacet
  facet normal 1 0 0
    outer loop
      vertex 2.4 53.1 16.4
      vertex 2.4 50.1 12.4
      vertex 2.4 53.1 9.4
    endloop
  endfacet
  facet normal 1 0 0
    outer loop
      vertex 2.4 32.6 17.4
      vertex 2.4 50.1 12.4
      vertex 2.4 53.1 16.4
    endloop
  endfacet
  facet normal 1 -0 0
    outer loop
      vertex 2.4 2.4 31
      vertex 2.4 53.1 16.4
      vertex 2.4 112.8 31
    endloop
  endfacet
  facet normal 1 0 0
    outer loop
      vertex 2.4 32.6 9.4
      vertex 2.4 34.1 12.4
      vertex 2.4 32.6 17.4
    endloop
  endfacet
  facet normal 1 0 0
    outer loop
      vertex 2.4 50.1 12.4
      vertex 2.4 32.6 17.4
      vertex 2.4 34.1 12.4
    endloop
  endfacet
  facet normal 1 0 0
    outer loop
      vertex 2.4 53.1 16.4
      vertex 2.4 2.4 31
      vertex 2.4 32.6 17.4
    endloop
  endfacet
  facet normal 1 0 0
    outer loop
      vertex 2.4 2.4 7.4
      vertex 2.4 21.6 17.4
      vertex 2.4 2.4 31
    endloop
  endfacet
  facet normal 1 0 0
    outer loop
      vertex 2.4 32.6 17.4
      vertex 2.4 2.4 31
      vertex 2.4 21.6 17.4
    endloop
  endfacet
  facet normal 1 -0 0
    outer loop
      vertex 2.4 95.1 9.4
      vertex 2.4 112.8 7.4
      vertex 2.4 95.1 16.4
    endloop
  endfacet
  facet normal 1 -0 0
    outer loop
      vertex 2.4 79.1 9.4
      vertex 2.4 112.8 7.4
      vertex 2.4 95.1 9.4
    endloop
  endfacet
  facet normal 1 0 0
    outer loop
      vertex 2.4 70.1 9.4
      vertex 2.4 79.1 9.4
      vertex 2.4 70.1 16.4
    endloop
  endfacet
  facet normal 1 -0 0
    outer loop
      vertex 2.4 70.1 9.4
      vertex 2.4 112.8 7.4
      vertex 2.4 79.1 9.4
    endloop
  endfacet
  facet normal 1 -0 0
    outer loop
      vertex 2.4 53.1 9.4
      vertex 2.4 112.8 7.4
      vertex 2.4 70.1 9.4
    endloop
  endfacet
  facet normal 1 0 0
    outer loop
      vertex 2.4 50.1 9.4
      vertex 2.4 53.1 9.4
      vertex 2.4 50.1 12.4
    endloop
  endfacet
  facet normal 1 -0 0
    outer loop
      vertex 2.4 50.1 9.4
      vertex 2.4 112.8 7.4
      vertex 2.4 53.1 9.4
    endloop
  endfacet
  facet normal 1 0 0
    outer loop
      vertex 2.4 2.4 7.4
      vertex 2.4 50.1 9.4
      vertex 2.4 34.1 9.4
    endloop
  endfacet
  facet normal 1 0 0
    outer loop
      vertex 2.4 34.1 12.4
      vertex 2.4 32.6 9.4
      vertex 2.4 34.1 9.4
    endloop
  endfacet
  facet normal 1 0 0
    outer loop
      vertex 2.4 2.4 7.4
      vertex 2.4 34.1 9.4
      vertex 2.4 32.6 9.4
    endloop
  endfacet
  facet normal 1 0 0
    outer loop
      vertex 2.4 2.4 7.4
      vertex 2.4 32.6 9.4
      vertex 2.4 21.6 9.4
    endloop
  endfacet
  facet normal 1 0 0
    outer loop
      vertex 2.4 50.1 9.4
      vertex 2.4 2.4 7.4
      vertex 2.4 112.8 7.4
    endloop
  endfacet
  facet normal 1 0 0
    outer loop
      vertex 2.4 21.6 17.4
      vertex 2.4 2.4 7.4
      vertex 2.4 21.6 9.4
    endloop
  endfacet
  facet normal 0 1 -0
    outer loop
      vertex 164.8 2.4 32.2
      vertex 2.4 2.4 33.4
      vertex 164.8 2.4 33.4
    endloop
  endfacet
  facet normal 0 1 0
    outer loop
      vertex 2.4 2.4 33.4
      vertex 164.8 2.4 32.2
      vertex 2.4 2.4 32.2
    endloop
  endfacet
  facet normal 0 1 -0
    outer loop
      vertex 36.1 2.4 9.4
      vertex 33.1 2.4 18.4
      vertex 36.1 2.4 27.4
    endloop
  endfacet
  facet normal 0 1 0
    outer loop
      vertex 33.1 2.4 18.4
      vertex 36.1 2.4 9.4
      vertex 33.1 2.4 9.4
    endloop
  endfacet
  facet normal 0 1 0
    outer loop
      vertex 164.8 2.4 31
      vertex 53.1 2.4 27.4
      vertex 2.4 2.4 31
    endloop
  endfacet
  facet normal 0 1 0
    outer loop
      vertex 164.8 2.4 31
      vertex 75.1 2.4 24.4
      vertex 53.1 2.4 27.4
    endloop
  endfacet
  facet normal 0 1 -0
    outer loop
      vertex 164.8 2.4 7.4
      vertex 75.1 2.4 24.4
      vertex 164.8 2.4 31
    endloop
  endfacet
  facet normal 0 1 0
    outer loop
      vertex 2.4 2.4 7.4
      vertex 56.1 2.4 9.4
      vertex 75.1 2.4 9.4
    endloop
  endfacet
  facet normal 0 1 0
    outer loop
      vertex 56.1 2.4 9.4
      vertex 2.4 2.4 7.4
      vertex 53.1 2.4 9.4
    endloop
  endfacet
  facet normal 0 1 0
    outer loop
      vertex 53.1 2.4 9.4
      vertex 2.4 2.4 7.4
      vertex 36.1 2.4 9.4
    endloop
  endfacet
  facet normal 0 1 0
    outer loop
      vertex 36.1 2.4 9.4
      vertex 2.4 2.4 7.4
      vertex 33.1 2.4 9.4
    endloop
  endfacet
  facet normal 0 1 0
    outer loop
      vertex 2.4 2.4 7.4
      vertex 75.1 2.4 9.4
      vertex 164.8 2.4 7.4
    endloop
  endfacet
  facet normal 0 1 0
    outer loop
      vertex 75.1 2.4 24.4
      vertex 164.8 2.4 7.4
      vertex 75.1 2.4 9.4
    endloop
  endfacet
  facet normal 0 1 -0
    outer loop
      vertex 36.1 2.4 27.4
      vertex 2.4 2.4 31
      vertex 53.1 2.4 27.4
    endloop
  endfacet
  facet normal 0 1 0
    outer loop
      vertex 17.1 2.4 18.4
      vertex 36.1 2.4 27.4
      vertex 33.1 2.4 18.4
    endloop
  endfacet
  facet normal 0 1 0
    outer loop
      vertex 36.1 2.4 27.4
      vertex 17.1 2.4 18.4
      vertex 2.4 2.4 31
    endloop
  endfacet
  facet normal 0 1 0
    outer loop
      vertex 2.4 2.4 7.4
      vertex 17.1 2.4 18.4
      vertex 17.1 2.4 9.4
    endloop
  endfacet
  facet normal 0 1 0
    outer loop
      vertex 17.1 2.4 18.4
      vertex 2.4 2.4 7.4
      vertex 2.4 2.4 31
    endloop
  endfacet
  facet normal 0 1 0
    outer loop
      vertex 33.1 2.4 9.4
      vertex 2.4 2.4 7.4
      vertex 17.1 2.4 9.4
    endloop
  endfacet
  facet normal 0 1 -0
    outer loop
      vertex 56.1 2.4 24.4
      vertex 53.1 2.4 27.4
      vertex 75.1 2.4 24.4
    endloop
  endfacet
  facet normal 0 1 0
    outer loop
      vertex 53.1 2.4 9.4
      vertex 56.1 2.4 24.4
      vertex 56.1 2.4 9.4
    endloop
  endfacet
  facet normal 0 1 0
    outer loop
      vertex 56.1 2.4 24.4
      vertex 53.1 2.4 9.4
      vertex 53.1 2.4 27.4
    endloop
  endfacet
  facet normal 0 -1 0
    outer loop
      vertex 2.4 112.8 32.2
      vertex 164.8 112.8 33.4
      vertex 2.4 112.8 33.4
    endloop
  endfacet
  facet normal 0 -1 -0
    outer loop
      vertex 164.8 112.8 33.4
      vertex 2.4 112.8 32.2
      vertex 164.8 112.8 32.2
    endloop
  endfacet
  facet normal 0 -1 0
    outer loop
      vertex 2.4 112.8 7.4
      vertex 164.8 112.8 31
      vertex 2.4 112.8 31
    endloop
  endfacet
  facet normal 0 -1 -0
    outer loop
      vertex 164.8 112.8 31
      vertex 2.4 112.8 7.4
      vertex 164.8 112.8 7.4
    endloop
  endfacet
  facet normal 0 0 1
    outer loop
      vertex 165.15 113.15 31
      vertex 164.8 112.8 31
      vertex 165.15 2.05 31
    endloop
  endfacet
  facet normal 0 0 1
    outer loop
      vertex 165.15 113.15 31
      vertex 2.4 112.8 31
      vertex 164.8 112.8 31
    endloop
  endfacet
  facet normal 0 0 1
    outer loop
      vertex 2.4 112.8 31
      vertex 2.05 113.15 31
      vertex 2.4 2.4 31
    endloop
  endfacet
  facet normal -0 0 1
    outer loop
      vertex 2.05 113.15 31
      vertex 2.4 112.8 31
      vertex 165.15 113.15 31
    endloop
  endfacet
  facet normal -0 0 1
    outer loop
      vertex 164.8 2.4 31
      vertex 165.15 2.05 31
      vertex 164.8 112.8 31
    endloop
  endfacet
  facet normal -0 0 1
    outer loop
      vertex 2.4 2.4 31
      vertex 165.15 2.05 31
      vertex 164.8 2.4 31
    endloop
  endfacet
  facet normal 0 0 1
    outer loop
      vertex 2.4 2.4 31
      vertex 2.05 2.05 31
      vertex 165.15 2.05 31
    endloop
  endfacet
  facet normal 0 0 1
    outer loop
      vertex 2.05 2.05 31
      vertex 2.4 2.4 31
      vertex 2.05 113.15 31
    endloop
  endfacet
  facet normal -1 0 0
    outer loop
      vertex 165.15 2.05 31
      vertex 165.15 113.15 32.2
      vertex 165.15 113.15 31
    endloop
  endfacet
  facet normal -1 -0 0
    outer loop
      vertex 165.15 113.15 32.2
      vertex 165.15 2.05 31
      vertex 165.15 2.05 32.2
    endloop
  endfacet
  facet normal 1 -0 0
    outer loop
      vertex 2.05 2.05 32.2
      vertex 2.05 113.15 31
      vertex 2.05 113.15 32.2
    endloop
  endfacet
  facet normal 1 0 0
    outer loop
      vertex 2.05 113.15 31
      vertex 2.05 2.05 32.2
      vertex 2.05 2.05 31
    endloop
  endfacet
  facet normal 0 1 -0
    outer loop
      vertex 165.15 2.05 31
      vertex 2.05 2.05 32.2
      vertex 165.15 2.05 32.2
    endloop
  endfacet
  facet normal 0 1 0
    outer loop
      vertex 2.05 2.05 32.2
      vertex 165.15 2.05 31
      vertex 2.05 2.05 31
    endloop
  endfacet
  facet normal 0 -1 0
    outer loop
      vertex 2.05 113.15 31
      vertex 165.15 113.15 32.2
      vertex 2.05 113.15 32.2
    endloop
  endfacet
  facet normal 0 -1 -0
    outer loop
      vertex 165.15 113.15 32.2
      vertex 2.05 113.15 31
      vertex 165.15 113.15 31
    endloop
  endfacet
  facet normal 0 0 -1
    outer loop
      vertex 165.15 2.05 32.2
      vertex 164.8 2.4 32.2
      vertex 165.15 113.15 32.2
    endloop
  endfacet
  facet normal 0 0 -1
    outer loop
      vertex 165.15 2.05 32.2
      vertex 2.4 2.4 32.2
      vertex 164.8 2.4 32.2
    endloop
  endfacet
  facet normal -0 0 -1
    outer loop
      vertex 2.4 2.4 32.2
      vertex 2.05 2.05 32.2
      vertex 2.4 112.8 32.2
    endloop
  endfacet
  facet normal 0 0 -1
    outer loop
      vertex 2.05 2.05 32.2
      vertex 2.4 2.4 32.2
      vertex 165.15 2.05 32.2
    endloop
  endfacet
  facet normal 0 0 -1
    outer loop
      vertex 164.8 112.8 32.2
      vertex 165.15 113.15 32.2
      vertex 164.8 2.4 32.2
    endloop
  endfacet
  facet normal 0 0 -1
    outer loop
      vertex 2.4 112.8 32.2
      vertex 165.15 113.15 32.2
      vertex 164.8 112.8 32.2
    endloop
  endfacet
  facet normal 0 0 -1
    outer loop
      vertex 2.4 112.8 32.2
      vertex 2.05 113.15 32.2
      vertex 165.15 113.15 32.2
    endloop
  endfacet
  facet normal 0 0 -1
    outer loop
      vertex 2.05 113.15 32.2
      vertex 2.4 112.8 32.2
      vertex 2.05 2.05 32.2
    endloop
  endfacet
  facet normal 0 0 -1
    outer loop
      vertex 0 79.1 16.4
      vertex 2.4 95.1 16.4
      vertex 2.4 79.1 16.4
    endloop
  endfacet
  facet normal -0 0 -1
    outer loop
      vertex 2.4 95.1 16.4
      vertex 0 79.1 16.4
      vertex 0 95.1 16.4
    endloop
  endfacet
  facet normal 0 -1 0
    outer loop
      vertex 0 95.1 9.4
      vertex 2.4 95.1 16.4
      vertex 0 95.1 16.4
    endloop
  endfacet
  facet normal 0 -1 -0
    outer loop
      vertex 2.4 95.1 16.4
      vertex 0 95.1 9.4
      vertex 2.4 95.1 9.4
    endloop
  endfacet
  facet normal -0 0 1
    outer loop
      vertex 0 95.1 9.4
      vertex 2.4 79.1 9.4
      vertex 2.4 95.1 9.4
    endloop
  endfacet
  facet normal 0 0 1
    outer loop
      vertex 2.4 79.1 9.4
      vertex 0 95.1 9.4
      vertex 0 79.1 9.4
    endloop
  endfacet
  facet normal 0 1 -0
    outer loop
      vertex 2.4 79.1 9.4
      vertex 0 79.1 16.4
      vertex 2.4 79.1 16.4
    endloop
  endfacet
  facet normal 0 1 0
    outer loop
      vertex 0 79.1 16.4
      vertex 2.4 79.1 9.4
      vertex 0 79.1 9.4
    endloop
  endfacet
  facet normal 0 0 -1
    outer loop
      vertex 0 53.1 16.4
      vertex 2.4 70.1 16.4
      vertex 2.4 53.1 16.4
    endloop
  endfacet
  facet normal -0 0 -1
    outer loop
      vertex 2.4 70.1 16.4
      vertex 0 53.1 16.4
      vertex 0 70.1 16.4
    endloop
  endfacet
  facet normal 0 -1 0
    outer loop
      vertex 0 70.1 9.4
      vertex 2.4 70.1 16.4
      vertex 0 70.1 16.4
    endloop
  endfacet
  facet normal 0 -1 -0
    outer loop
      vertex 2.4 70.1 16.4
      vertex 0 70.1 9.4
      vertex 2.4 70.1 9.4
    endloop
  endfacet
  facet normal -0 0 1
    outer loop
      vertex 0 70.1 9.4
      vertex 2.4 53.1 9.4
      vertex 2.4 70.1 9.4
    endloop
  endfacet
  facet normal 0 0 1
    outer loop
      vertex 2.4 53.1 9.4
      vertex 0 70.1 9.4
      vertex 0 53.1 9.4
    endloop
  endfacet
  facet normal 0 1 -0
    outer loop
      vertex 2.4 53.1 9.4
      vertex 0 53.1 16.4
      vertex 2.4 53.1 16.4
    endloop
  endfacet
  facet normal 0 1 0
    outer loop
      vertex 0 53.1 16.4
      vertex 2.4 53.1 9.4
      vertex 0 53.1 9.4
    endloop
  endfacet
  facet normal 0 0 -1
    outer loop
      vertex 0 34.1 12.4
      vertex 2.4 50.1 12.4
      vertex 2.4 34.1 12.4
    endloop
  endfacet
  facet normal -0 0 -1
    outer loop
      vertex 2.4 50.1 12.4
      vertex 0 34.1 12.4
      vertex 0 50.1 12.4
    endloop
  endfacet
  facet normal -0 0 1
    outer loop
      vertex 0 50.1 9.4
      vertex 2.4 34.1 9.4
      vertex 2.4 50.1 9.4
    endloop
  endfacet
  facet normal 0 0 1
    outer loop
      vertex 2.4 34.1 9.4
      vertex 0 50.1 9.4
      vertex 0 34.1 9.4
    endloop
  endfacet
  facet normal 0 1 -0
    outer loop
      vertex 2.4 34.1 9.4
      vertex 0 34.1 12.4
      vertex 2.4 34.1 12.4
    endloop
  endfacet
  facet normal 0 1 0
    outer loop
      vertex 0 34.1 12.4
      vertex 2.4 34.1 9.4
      vertex 0 34.1 9.4
    endloop
  endfacet
  facet normal 0 -1 0
    outer loop
      vertex 0 50.1 9.4
      vertex 2.4 50.1 12.4
      vertex 0 50.1 12.4
    endloop
  endfacet
  facet normal 0 -1 -0
    outer loop
      vertex 2.4 50.1 12.4
      vertex 0 50.1 9.4
      vertex 2.4 50.1 9.4
    endloop
  endfacet
  facet normal 0 0 -1
    outer loop
      vertex 0 21.6 17.4
      vertex 2.4 32.6 17.4
      vertex 2.4 21.6 17.4
    endloop
  endfacet
  facet normal -0 0 -1
    outer loop
      vertex 2.4 32.6 17.4
      vertex 0 21.6 17.4
      vertex 0 32.6 17.4
    endloop
  endfacet
  facet normal -0 0 1
    outer loop
      vertex 0 32.6 9.4
      vertex 2.4 21.6 9.4
      vertex 2.4 32.6 9.4
    endloop
  endfacet
  facet normal 0 0 1
    outer loop
      vertex 2.4 21.6 9.4
      vertex 0 32.6 9.4
      vertex 0 21.6 9.4
    endloop
  endfacet
  facet normal 0 1 -0
    outer loop
      vertex 2.4 21.6 9.4
      vertex 0 21.6 17.4
      vertex 2.4 21.6 17.4
    endloop
  endfacet
  facet normal 0 1 0
    outer loop
      vertex 0 21.6 17.4
      vertex 2.4 21.6 9.4
      vertex 0 21.6 9.4
    endloop
  endfacet
  facet normal 0 -1 0
    outer loop
      vertex 0 32.6 9.4
      vertex 2.4 32.6 17.4
      vertex 0 32.6 17.4
    endloop
  endfacet
  facet normal 0 -1 -0
    outer loop
      vertex 2.4 32.6 17.4
      vertex 0 32.6 9.4
      vertex 2.4 32.6 9.4
    endloop
  endfacet
  facet normal 1 -0 0
    outer loop
      vertex 17.1 0 18.4
      vertex 17.1 2.4 9.4
      vertex 17.1 2.4 18.4
    endloop
  endfacet
  facet normal 1 0 0
    outer loop
      vertex 17.1 2.4 9.4
      vertex 17.1 0 18.4
      vertex 17.1 0 9.4
    endloop
  endfacet
  facet normal 0 0 -1
    outer loop
      vertex 17.1 0 18.4
      vertex 33.1 2.4 18.4
      vertex 33.1 0 18.4
    endloop
  endfacet
  facet normal -0 0 -1
    outer loop
      vertex 33.1 2.4 18.4
      vertex 17.1 0 18.4
      vertex 17.1 2.4 18.4
    endloop
  endfacet
  facet normal -1 0 0
    outer loop
      vertex 33.1 0 9.4
      vertex 33.1 2.4 18.4
      vertex 33.1 2.4 9.4
    endloop
  endfacet
  facet normal -1 -0 0
    outer loop
      vertex 33.1 2.4 18.4
      vertex 33.1 0 9.4
      vertex 33.1 0 18.4
    endloop
  endfacet
  facet normal -0 0 1
    outer loop
      vertex 17.1 2.4 9.4
      vertex 33.1 0 9.4
      vertex 33.1 2.4 9.4
    endloop
  endfacet
  facet normal 0 0 1
    outer loop
      vertex 33.1 0 9.4
      vertex 17.1 2.4 9.4
      vertex 17.1 0 9.4
    endloop
  endfacet
  facet normal 1 -0 0
    outer loop
      vertex 36.1 0 27.4
      vertex 36.1 2.4 9.4
      vertex 36.1 2.4 27.4
    endloop
  endfacet
  facet normal 1 0 0
    outer loop
      vertex 36.1 2.4 9.4
      vertex 36.1 0 27.4
      vertex 36.1 0 9.4
    endloop
  endfacet
  facet normal 0 0 -1
    outer loop
      vertex 36.1 0 27.4
      vertex 53.1 2.4 27.4
      vertex 53.1 0 27.4
    endloop
  endfacet
  facet normal -0 0 -1
    outer loop
      vertex 53.1 2.4 27.4
      vertex 36.1 0 27.4
      vertex 36.1 2.4 27.4
    endloop
  endfacet
  facet normal -1 0 0
    outer loop
      vertex 53.1 0 9.4
      vertex 53.1 2.4 27.4
      vertex 53.1 2.4 9.4
    endloop
  endfacet
  facet normal -1 -0 0
    outer loop
      vertex 53.1 2.4 27.4
      vertex 53.1 0 9.4
      vertex 53.1 0 27.4
    endloop
  endfacet
  facet normal -0 0 1
    outer loop
      vertex 36.1 2.4 9.4
      vertex 53.1 0 9.4
      vertex 53.1 2.4 9.4
    endloop
  endfacet
  facet normal 0 0 1
    outer loop
      vertex 53.1 0 9.4
      vertex 36.1 2.4 9.4
      vertex 36.1 0 9.4
    endloop
  endfacet
  facet normal 1 -0 0
    outer loop
      vertex 56.1 0 24.4
      vertex 56.1 2.4 9.4
      vertex 56.1 2.4 24.4
    endloop
  endfacet
  facet normal 1 0 0
    outer loop
      vertex 56.1 2.4 9.4
      vertex 56.1 0 24.4
      vertex 56.1 0 9.4
    endloop
  endfacet
  facet normal 0 0 -1
    outer loop
      vertex 56.1 0 24.4
      vertex 75.1 2.4 24.4
      vertex 75.1 0 24.4
    endloop
  endfacet
  facet normal -0 0 -1
    outer loop
      vertex 75.1 2.4 24.4
      vertex 56.1 0 24.4
      vertex 56.1 2.4 24.4
    endloop
  endfacet
  facet normal -1 0 0
    outer loop
      vertex 75.1 0 9.4
      vertex 75.1 2.4 24.4
      vertex 75.1 2.4 9.4
    endloop
  endfacet
  facet normal -1 -0 0
    outer loop
      vertex 75.1 2.4 24.4
      vertex 75.1 0 9.4
      vertex 75.1 0 24.4
    endloop
  endfacet
  facet normal -0 0 1
    outer loop
      vertex 56.1 2.4 9.4
      vertex 75.1 0 9.4
      vertex 75.1 2.4 9.4
    endloop
  endfacet
  facet normal 0 0 1
    outer loop
      vertex 75.1 0 9.4
      vertex 56.1 2.4 9.4
      vertex 56.1 0 9.4
    endloop
  endfacet
  facet normal 0 0 -1
    outer loop
      vertex 164.8 58.1 17.4
      vertex 167.2 72.1 17.4
      vertex 167.2 58.1 17.4
    endloop
  endfacet
  facet normal -0 0 -1
    outer loop
      vertex 167.2 72.1 17.4
      vertex 164.8 58.1 17.4
      vertex 164.8 72.1 17.4
    endloop
  endfacet
  facet normal 0 -1 0
    outer loop
      vertex 164.8 72.1 9.4
      vertex 167.2 72.1 17.4
      vertex 164.8 72.1 17.4
    endloop
  endfacet
  facet normal 0 -1 -0
    outer loop
      vertex 167.2 72.1 17.4
      vertex 164.8 72.1 9.4
      vertex 167.2 72.1 9.4
    endloop
  endfacet
  facet normal -0 0 1
    outer loop
      vertex 164.8 72.1 9.4
      vertex 167.2 58.1 9.4
      vertex 167.2 72.1 9.4
    endloop
  endfacet
  facet normal 0 0 1
    outer loop
      vertex 167.2 58.1 9.4
      vertex 164.8 72.1 9.4
      vertex 164.8 58.1 9.4
    endloop
  endfacet
  facet normal 0 1 -0
    outer loop
      vertex 167.2 58.1 9.4
      vertex 164.8 58.1 17.4
      vertex 167.2 58.1 17.4
    endloop
  endfacet
  facet normal 0 1 0
    outer loop
      vertex 164.8 58.1 17.4
      vertex 167.2 58.1 9.4
      vertex 164.8 58.1 9.4
    endloop
  endfacet
  facet normal 0 -0.0654066 0.997859
    outer loop
      vertex 164.8 81.4484 9.45561
      vertex 167.2 80.6 9.4
      vertex 167.2 81.4484 9.45561
    endloop
  endfacet
  facet normal 0 -0.0654066 0.997859
    outer loop
      vertex 167.2 80.6 9.4
      vertex 164.8 81.4484 9.45561
      vertex 164.8 80.6 9.4
    endloop
  endfacet
  facet normal 0 -0.0653948 -0.997859
    outer loop
      vertex 164.8 80.6 22.4
      vertex 167.2 81.4484 22.3444
      vertex 167.2 80.6 22.4
    endloop
  endfacet
  facet normal -0 -0.0653948 -0.997859
    outer loop
      vertex 167.2 81.4484 22.3444
      vertex 164.8 80.6 22.4
      vertex 164.8 81.4484 22.3444
    endloop
  endfacet
  facet normal 0 0.997859 -0.0653948
    outer loop
      vertex 167.2 74.1 15.9
      vertex 164.8 74.1556 16.7484
      vertex 167.2 74.1556 16.7484
    endloop
  endfacet
  facet normal 0 0.997859 -0.0653948
    outer loop
      vertex 164.8 74.1556 16.7484
      vertex 167.2 74.1 15.9
      vertex 164.8 74.1 15.9
    endloop
  endfacet
  facet normal 0 0.659312 -0.75187
    outer loop
      vertex 164.8 76.0038 20.4962
      vertex 167.2 76.6431 21.0568
      vertex 167.2 76.0038 20.4962
    endloop
  endfacet
  facet normal 0 0.659312 -0.75187
    outer loop
      vertex 167.2 76.6431 21.0568
      vertex 164.8 76.0038 20.4962
      vertex 164.8 76.6431 21.0568
    endloop
  endfacet
  facet normal 0 -0.75187 -0.659312
    outer loop
      vertex 164.8 85.7568 19.8569
      vertex 167.2 85.1962 20.4962
      vertex 164.8 85.1962 20.4962
    endloop
  endfacet
  facet normal 0 -0.75187 -0.659312
    outer loop
      vertex 167.2 85.1962 20.4962
      vertex 164.8 85.7568 19.8569
      vertex 167.2 85.7568 19.8569
    endloop
  endfacet
  facet normal 0 -0.946928 -0.321445
    outer loop
      vertex 164.8 86.8785 17.5823
      vertex 167.2 86.6052 18.3874
      vertex 164.8 86.6052 18.3874
    endloop
  endfacet
  facet normal 0 -0.946928 -0.321445
    outer loop
      vertex 167.2 86.6052 18.3874
      vertex 164.8 86.8785 17.5823
      vertex 167.2 86.8785 17.5823
    endloop
  endfacet
  facet normal 0 0.321445 -0.946928
    outer loop
      vertex 164.8 78.1126 21.9052
      vertex 167.2 78.9177 22.1785
      vertex 167.2 78.1126 21.9052
    endloop
  endfacet
  facet normal 0 0.321445 -0.946928
    outer loop
      vertex 167.2 78.9177 22.1785
      vertex 164.8 78.1126 21.9052
      vertex 164.8 78.9177 22.1785
    endloop
  endfacet
  facet normal 0 -0.195087 0.980786
    outer loop
      vertex 164.8 82.2823 9.62148
      vertex 167.2 81.4484 9.45561
      vertex 167.2 82.2823 9.62148
    endloop
  endfacet
  facet normal 0 -0.195087 0.980786
    outer loop
      vertex 167.2 81.4484 9.45561
      vertex 164.8 82.2823 9.62148
      vertex 164.8 81.4484 9.45561
    endloop
  endfacet
  facet normal 0 -0.555623 0.831435
    outer loop
      vertex 164.8 84.5569 10.7432
      vertex 167.2 83.85 10.2708
      vertex 167.2 84.5569 10.7432
    endloop
  endfacet
  facet normal 0 -0.555623 0.831435
    outer loop
      vertex 167.2 83.85 10.2708
      vertex 164.8 84.5569 10.7432
      vertex 164.8 83.85 10.2708
    endloop
  endfacet
  facet normal 0 -0.946928 0.321445
    outer loop
      vertex 164.8 86.6052 13.4126
      vertex 167.2 86.8785 14.2177
      vertex 164.8 86.8785 14.2177
    endloop
  endfacet
  facet normal 0 -0.946928 0.321445
    outer loop
      vertex 167.2 86.8785 14.2177
      vertex 164.8 86.6052 13.4126
      vertex 167.2 86.6052 13.4126
    endloop
  endfacet
  facet normal 0 -0.44222 -0.896907
    outer loop
      vertex 164.8 83.0874 21.9052
      vertex 167.2 83.85 21.5292
      vertex 167.2 83.0874 21.9052
    endloop
  endfacet
  facet normal -0 -0.44222 -0.896907
    outer loop
      vertex 167.2 83.85 21.5292
      vertex 164.8 83.0874 21.9052
      vertex 164.8 83.85 21.5292
    endloop
  endfacet
  facet normal 0 -0.321445 -0.946928
    outer loop
      vertex 164.8 82.2823 22.1785
      vertex 167.2 83.0874 21.9052
      vertex 167.2 82.2823 22.1785
    endloop
  endfacet
  facet normal -0 -0.321445 -0.946928
    outer loop
      vertex 167.2 83.0874 21.9052
      vertex 164.8 82.2823 22.1785
      vertex 164.8 83.0874 21.9052
    endloop
  endfacet
  facet normal 0 -0.896907 -0.44222
    outer loop
      vertex 164.8 86.6052 18.3874
      vertex 167.2 86.2292 19.15
      vertex 164.8 86.2292 19.15
    endloop
  endfacet
  facet normal 0 -0.896907 -0.44222
    outer loop
      vertex 167.2 86.2292 19.15
      vertex 164.8 86.6052 18.3874
      vertex 167.2 86.6052 18.3874
    endloop
  endfacet
  facet normal 0 -0.980779 -0.195121
    outer loop
      vertex 164.8 87.0444 16.7484
      vertex 167.2 86.8785 17.5823
      vertex 164.8 86.8785 17.5823
    endloop
  endfacet
  facet normal 0 -0.980779 -0.195121
    outer loop
      vertex 167.2 86.8785 17.5823
      vertex 164.8 87.0444 16.7484
      vertex 167.2 87.0444 16.7484
    endloop
  endfacet
  facet normal 0 0.896907 0.44222
    outer loop
      vertex 167.2 74.9708 12.65
      vertex 164.8 74.5948 13.4126
      vertex 167.2 74.5948 13.4126
    endloop
  endfacet
  facet normal 0 0.896907 0.44222
    outer loop
      vertex 164.8 74.5948 13.4126
      vertex 167.2 74.9708 12.65
      vertex 164.8 74.9708 12.65
    endloop
  endfacet
  facet normal 0 0.896907 -0.44222
    outer loop
      vertex 167.2 74.5948 18.3874
      vertex 164.8 74.9708 19.15
      vertex 167.2 74.9708 19.15
    endloop
  endfacet
  facet normal 0 0.896907 -0.44222
    outer loop
      vertex 164.8 74.9708 19.15
      vertex 167.2 74.5948 18.3874
      vertex 164.8 74.5948 18.3874
    endloop
  endfacet
  facet normal 0 0.946928 -0.321445
    outer loop
      vertex 167.2 74.3215 17.5823
      vertex 164.8 74.5948 18.3874
      vertex 167.2 74.5948 18.3874
    endloop
  endfacet
  facet normal 0 0.946928 -0.321445
    outer loop
      vertex 164.8 74.5948 18.3874
      vertex 167.2 74.3215 17.5823
      vertex 164.8 74.3215 17.5823
    endloop
  endfacet
  facet normal 0 0.44222 -0.896907
    outer loop
      vertex 164.8 77.35 21.5292
      vertex 167.2 78.1126 21.9052
      vertex 167.2 77.35 21.5292
    endloop
  endfacet
  facet normal 0 0.44222 -0.896907
    outer loop
      vertex 167.2 78.1126 21.9052
      vertex 164.8 77.35 21.5292
      vertex 164.8 78.1126 21.9052
    endloop
  endfacet
  facet normal 0 0.195121 -0.980779
    outer loop
      vertex 164.8 78.9177 22.1785
      vertex 167.2 79.7516 22.3444
      vertex 167.2 78.9177 22.1785
    endloop
  endfacet
  facet normal 0 0.195121 -0.980779
    outer loop
      vertex 167.2 79.7516 22.3444
      vertex 164.8 78.9177 22.1785
      vertex 164.8 79.7516 22.3444
    endloop
  endfacet
  facet normal 0 -0.321445 0.946928
    outer loop
      vertex 164.8 83.0874 9.89478
      vertex 167.2 82.2823 9.62148
      vertex 167.2 83.0874 9.89478
    endloop
  endfacet
  facet normal 0 -0.321445 0.946928
    outer loop
      vertex 167.2 82.2823 9.62148
      vertex 164.8 83.0874 9.89478
      vertex 164.8 82.2823 9.62148
    endloop
  endfacet
  facet normal 0 -0.659312 0.75187
    outer loop
      vertex 164.8 85.1962 11.3038
      vertex 167.2 84.5569 10.7432
      vertex 167.2 85.1962 11.3038
    endloop
  endfacet
  facet normal 0 -0.659312 0.75187
    outer loop
      vertex 167.2 84.5569 10.7432
      vertex 164.8 85.1962 11.3038
      vertex 164.8 84.5569 10.7432
    endloop
  endfacet
  facet normal 0 -0.980779 0.195121
    outer loop
      vertex 164.8 86.8785 14.2177
      vertex 167.2 87.0444 15.0516
      vertex 164.8 87.0444 15.0516
    endloop
  endfacet
  facet normal 0 -0.980779 0.195121
    outer loop
      vertex 167.2 87.0444 15.0516
      vertex 164.8 86.8785 14.2177
      vertex 167.2 86.8785 14.2177
    endloop
  endfacet
  facet normal 0 -0.896907 0.44222
    outer loop
      vertex 164.8 86.2292 12.65
      vertex 167.2 86.6052 13.4126
      vertex 164.8 86.6052 13.4126
    endloop
  endfacet
  facet normal 0 -0.896907 0.44222
    outer loop
      vertex 167.2 86.6052 13.4126
      vertex 164.8 86.2292 12.65
      vertex 167.2 86.2292 12.65
    endloop
  endfacet
  facet normal 0 -0.75187 0.659312
    outer loop
      vertex 164.8 85.1962 11.3038
      vertex 167.2 85.7568 11.9431
      vertex 164.8 85.7568 11.9431
    endloop
  endfacet
  facet normal 0 -0.75187 0.659312
    outer loop
      vertex 167.2 85.7568 11.9431
      vertex 164.8 85.1962 11.3038
      vertex 167.2 85.1962 11.3038
    endloop
  endfacet
  facet normal 0 -0.555623 -0.831435
    outer loop
      vertex 164.8 83.85 21.5292
      vertex 167.2 84.5569 21.0568
      vertex 167.2 83.85 21.5292
    endloop
  endfacet
  facet normal -0 -0.555623 -0.831435
    outer loop
      vertex 167.2 84.5569 21.0568
      vertex 164.8 83.85 21.5292
      vertex 164.8 84.5569 21.0568
    endloop
  endfacet
  facet normal 0 -0.659312 -0.75187
    outer loop
      vertex 164.8 84.5569 21.0568
      vertex 167.2 85.1962 20.4962
      vertex 167.2 84.5569 21.0568
    endloop
  endfacet
  facet normal -0 -0.659312 -0.75187
    outer loop
      vertex 167.2 85.1962 20.4962
      vertex 164.8 84.5569 21.0568
      vertex 164.8 85.1962 20.4962
    endloop
  endfacet
  facet normal 0 -0.195121 -0.980779
    outer loop
      vertex 164.8 81.4484 22.3444
      vertex 167.2 82.2823 22.1785
      vertex 167.2 81.4484 22.3444
    endloop
  endfacet
  facet normal -0 -0.195121 -0.980779
    outer loop
      vertex 167.2 82.2823 22.1785
      vertex 164.8 81.4484 22.3444
      vertex 164.8 82.2823 22.1785
    endloop
  endfacet
  facet normal 0 -0.831435 -0.555623
    outer loop
      vertex 164.8 86.2292 19.15
      vertex 167.2 85.7568 19.8569
      vertex 164.8 85.7568 19.8569
    endloop
  endfacet
  facet normal 0 -0.831435 -0.555623
    outer loop
      vertex 167.2 85.7568 19.8569
      vertex 164.8 86.2292 19.15
      vertex 167.2 86.2292 19.15
    endloop
  endfacet
  facet normal 0 -0.997859 -0.0653948
    outer loop
      vertex 164.8 87.1 15.9
      vertex 167.2 87.0444 16.7484
      vertex 164.8 87.0444 16.7484
    endloop
  endfacet
  facet normal 0 -0.997859 -0.0653948
    outer loop
      vertex 167.2 87.0444 16.7484
      vertex 164.8 87.1 15.9
      vertex 167.2 87.1 15.9
    endloop
  endfacet
  facet normal -0 0.0654066 0.997859
    outer loop
      vertex 164.8 80.6 9.4
      vertex 167.2 79.7516 9.45561
      vertex 167.2 80.6 9.4
    endloop
  endfacet
  facet normal 0 0.0654066 0.997859
    outer loop
      vertex 167.2 79.7516 9.45561
      vertex 164.8 80.6 9.4
      vertex 164.8 79.7516 9.45561
    endloop
  endfacet
  facet normal 0 0.997859 0.0653948
    outer loop
      vertex 167.2 74.1556 15.0516
      vertex 164.8 74.1 15.9
      vertex 167.2 74.1 15.9
    endloop
  endfacet
  facet normal 0 0.997859 0.0653948
    outer loop
      vertex 164.8 74.1 15.9
      vertex 167.2 74.1556 15.0516
      vertex 164.8 74.1556 15.0516
    endloop
  endfacet
  facet normal 0 0.946928 0.321445
    outer loop
      vertex 167.2 74.5948 13.4126
      vertex 164.8 74.3215 14.2177
      vertex 167.2 74.3215 14.2177
    endloop
  endfacet
  facet normal 0 0.946928 0.321445
    outer loop
      vertex 164.8 74.3215 14.2177
      vertex 167.2 74.5948 13.4126
      vertex 164.8 74.5948 13.4126
    endloop
  endfacet
  facet normal 0 0.831435 0.555623
    outer loop
      vertex 167.2 75.4432 11.9431
      vertex 164.8 74.9708 12.65
      vertex 167.2 74.9708 12.65
    endloop
  endfacet
  facet normal 0 0.831435 0.555623
    outer loop
      vertex 164.8 74.9708 12.65
      vertex 167.2 75.4432 11.9431
      vertex 164.8 75.4432 11.9431
    endloop
  endfacet
  facet normal -0 0.321445 0.946928
    outer loop
      vertex 164.8 78.9177 9.62148
      vertex 167.2 78.1126 9.89478
      vertex 167.2 78.9177 9.62148
    endloop
  endfacet
  facet normal 0 0.321445 0.946928
    outer loop
      vertex 167.2 78.1126 9.89478
      vertex 164.8 78.9177 9.62148
      vertex 164.8 78.1126 9.89478
    endloop
  endfacet
  facet normal -0 0.659312 0.75187
    outer loop
      vertex 164.8 76.6431 10.7432
      vertex 167.2 76.0038 11.3038
      vertex 167.2 76.6431 10.7432
    endloop
  endfacet
  facet normal 0 0.659312 0.75187
    outer loop
      vertex 167.2 76.0038 11.3038
      vertex 164.8 76.6431 10.7432
      vertex 164.8 76.0038 11.3038
    endloop
  endfacet
  facet normal 0 0.831435 -0.555623
    outer loop
      vertex 167.2 74.9708 19.15
      vertex 164.8 75.4432 19.8569
      vertex 167.2 75.4432 19.8569
    endloop
  endfacet
  facet normal 0 0.831435 -0.555623
    outer loop
      vertex 164.8 75.4432 19.8569
      vertex 167.2 74.9708 19.15
      vertex 164.8 74.9708 19.15
    endloop
  endfacet
  facet normal 0 0.75187 -0.659312
    outer loop
      vertex 167.2 75.4432 19.8569
      vertex 164.8 76.0038 20.4962
      vertex 167.2 76.0038 20.4962
    endloop
  endfacet
  facet normal 0 0.75187 -0.659312
    outer loop
      vertex 164.8 76.0038 20.4962
      vertex 167.2 75.4432 19.8569
      vertex 164.8 75.4432 19.8569
    endloop
  endfacet
  facet normal 0 0.980779 -0.195121
    outer loop
      vertex 167.2 74.1556 16.7484
      vertex 164.8 74.3215 17.5823
      vertex 167.2 74.3215 17.5823
    endloop
  endfacet
  facet normal 0 0.980779 -0.195121
    outer loop
      vertex 164.8 74.3215 17.5823
      vertex 167.2 74.1556 16.7484
      vertex 164.8 74.1556 16.7484
    endloop
  endfacet
  facet normal 0 0.555623 -0.831435
    outer loop
      vertex 164.8 76.6431 21.0568
      vertex 167.2 77.35 21.5292
      vertex 167.2 76.6431 21.0568
    endloop
  endfacet
  facet normal 0 0.555623 -0.831435
    outer loop
      vertex 167.2 77.35 21.5292
      vertex 164.8 76.6431 21.0568
      vertex 164.8 77.35 21.5292
    endloop
  endfacet
  facet normal 0 0.0653948 -0.997859
    outer loop
      vertex 164.8 79.7516 22.3444
      vertex 167.2 80.6 22.4
      vertex 167.2 79.7516 22.3444
    endloop
  endfacet
  facet normal 0 0.0653948 -0.997859
    outer loop
      vertex 167.2 80.6 22.4
      vertex 164.8 79.7516 22.3444
      vertex 164.8 80.6 22.4
    endloop
  endfacet
  facet normal 0 -0.442239 0.896897
    outer loop
      vertex 164.8 83.85 10.2708
      vertex 167.2 83.0874 9.89478
      vertex 167.2 83.85 10.2708
    endloop
  endfacet
  facet normal 0 -0.442239 0.896897
    outer loop
      vertex 167.2 83.0874 9.89478
      vertex 164.8 83.85 10.2708
      vertex 164.8 83.0874 9.89478
    endloop
  endfacet
  facet normal 0 -0.997859 0.0653948
    outer loop
      vertex 164.8 87.0444 15.0516
      vertex 167.2 87.1 15.9
      vertex 164.8 87.1 15.9
    endloop
  endfacet
  facet normal 0 -0.997859 0.0653948
    outer loop
      vertex 167.2 87.1 15.9
      vertex 164.8 87.0444 15.0516
      vertex 167.2 87.0444 15.0516
    endloop
  endfacet
  facet normal 0 -0.831435 0.555623
    outer loop
      vertex 164.8 85.7568 11.9431
      vertex 167.2 86.2292 12.65
      vertex 164.8 86.2292 12.65
    endloop
  endfacet
  facet normal 0 -0.831435 0.555623
    outer loop
      vertex 167.2 86.2292 12.65
      vertex 164.8 85.7568 11.9431
      vertex 167.2 85.7568 11.9431
    endloop
  endfacet
  facet normal 0 0.980779 0.195121
    outer loop
      vertex 167.2 74.3215 14.2177
      vertex 164.8 74.1556 15.0516
      vertex 167.2 74.1556 15.0516
    endloop
  endfacet
  facet normal 0 0.980779 0.195121
    outer loop
      vertex 164.8 74.1556 15.0516
      vertex 167.2 74.3215 14.2177
      vertex 164.8 74.3215 14.2177
    endloop
  endfacet
  facet normal 0 0.75187 0.659312
    outer loop
      vertex 167.2 76.0038 11.3038
      vertex 164.8 75.4432 11.9431
      vertex 167.2 75.4432 11.9431
    endloop
  endfacet
  facet normal 0 0.75187 0.659312
    outer loop
      vertex 164.8 75.4432 11.9431
      vertex 167.2 76.0038 11.3038
      vertex 164.8 76.0038 11.3038
    endloop
  endfacet
  facet normal -0 0.442239 0.896897
    outer loop
      vertex 164.8 78.1126 9.89478
      vertex 167.2 77.35 10.2708
      vertex 167.2 78.1126 9.89478
    endloop
  endfacet
  facet normal 0 0.442239 0.896897
    outer loop
      vertex 167.2 77.35 10.2708
      vertex 164.8 78.1126 9.89478
      vertex 164.8 77.35 10.2708
    endloop
  endfacet
  facet normal -0 0.195087 0.980786
    outer loop
      vertex 164.8 79.7516 9.45561
      vertex 167.2 78.9177 9.62148
      vertex 167.2 79.7516 9.45561
    endloop
  endfacet
  facet normal 0 0.195087 0.980786
    outer loop
      vertex 167.2 78.9177 9.62148
      vertex 164.8 79.7516 9.45561
      vertex 164.8 78.9177 9.62148
    endloop
  endfacet
  facet normal -0 0.555623 0.831435
    outer loop
      vertex 164.8 77.35 10.2708
      vertex 167.2 76.6431 10.7432
      vertex 167.2 77.35 10.2708
    endloop
  endfacet
  facet normal 0 0.555623 0.831435
    outer loop
      vertex 167.2 76.6431 10.7432
      vertex 164.8 77.35 10.2708
      vertex 164.8 76.6431 10.7432
    endloop
  endfacet
  facet normal 0 0.94688 0.321586
    outer loop
      vertex 167.2 36.5974 20.1563
      vertex 164.8 36.4607 20.5588
      vertex 167.2 36.4607 20.5588
    endloop
  endfacet
  facet normal 0 0.94688 0.321586
    outer loop
      vertex 164.8 36.4607 20.5588
      vertex 167.2 36.5974 20.1563
      vertex 164.8 36.5974 20.1563
    endloop
  endfacet
  facet normal 0 0.980806 0.194985
    outer loop
      vertex 167.2 36.4607 20.5588
      vertex 164.8 36.3778 20.9758
      vertex 167.2 36.3778 20.9758
    endloop
  endfacet
  facet normal 0 0.980806 0.194985
    outer loop
      vertex 164.8 36.3778 20.9758
      vertex 167.2 36.4607 20.5588
      vertex 164.8 36.4607 20.5588
    endloop
  endfacet
  facet normal 0 -0.94692 0.321471
    outer loop
      vertex 164.8 42.6026 20.1563
      vertex 167.2 42.7 20.4432
      vertex 164.8 42.7 20.4432
    endloop
  endfacet
  facet normal 0 -0.94692 0.321471
    outer loop
      vertex 167.2 42.7 20.4432
      vertex 164.8 42.6026 20.1563
      vertex 167.2 42.6026 20.1563
    endloop
  endfacet
  facet normal 0 -1 0
    outer loop
      vertex 164.8 42.7 20.4432
      vertex 167.2 42.7 22.3568
      vertex 164.8 42.7 22.3568
    endloop
  endfacet
  facet normal 0 -1 -0
    outer loop
      vertex 167.2 42.7 22.3568
      vertex 164.8 42.7 20.4432
      vertex 167.2 42.7 20.4432
    endloop
  endfacet
  facet normal 0 -0.555568 0.831471
    outer loop
      vertex 164.8 41.5785 18.8216
      vertex 167.2 41.225 18.5854
      vertex 167.2 41.5785 18.8216
    endloop
  endfacet
  facet normal 0 -0.555568 0.831471
    outer loop
      vertex 167.2 41.225 18.5854
      vertex 164.8 41.5785 18.8216
      vertex 164.8 41.225 18.5854
    endloop
  endfacet
  facet normal 0 0.831471 -0.555568
    outer loop
      vertex 167.2 36.7854 23.025
      vertex 164.8 37.0216 23.3785
      vertex 167.2 37.0216 23.3785
    endloop
  endfacet
  facet normal 0 0.831471 -0.555568
    outer loop
      vertex 164.8 37.0216 23.3785
      vertex 167.2 36.7854 23.025
      vertex 164.8 36.7854 23.025
    endloop
  endfacet
  facet normal 0 0.896907 0.44222
    outer loop
      vertex 167.2 36.7854 19.775
      vertex 164.8 36.5974 20.1563
      vertex 167.2 36.5974 20.1563
    endloop
  endfacet
  facet normal 0 0.896907 0.44222
    outer loop
      vertex 164.8 36.5974 20.1563
      vertex 167.2 36.7854 19.775
      vertex 164.8 36.7854 19.775
    endloop
  endfacet
  facet normal 0 0.997859 0.0653948
    outer loop
      vertex 167.2 36.3778 20.9758
      vertex 164.8 36.35 21.4
      vertex 167.2 36.35 21.4
    endloop
  endfacet
  facet normal 0 0.997859 0.0653948
    outer loop
      vertex 164.8 36.35 21.4
      vertex 167.2 36.3778 20.9758
      vertex 164.8 36.3778 20.9758
    endloop
  endfacet
  facet normal -0 0.65937 0.751818
    outer loop
      vertex 164.8 37.6215 18.8216
      vertex 167.2 37.3019 19.1019
      vertex 167.2 37.6215 18.8216
    endloop
  endfacet
  facet normal 0 0.65937 0.751818
    outer loop
      vertex 167.2 37.3019 19.1019
      vertex 164.8 37.6215 18.8216
      vertex 164.8 37.3019 19.1019
    endloop
  endfacet
  facet normal -0 0.194985 0.980806
    outer loop
      vertex 164.8 39.1758 18.1778
      vertex 167.2 38.7588 18.2607
      vertex 167.2 39.1758 18.1778
    endloop
  endfacet
  facet normal 0 0.194985 0.980806
    outer loop
      vertex 167.2 38.7588 18.2607
      vertex 164.8 39.1758 18.1778
      vertex 164.8 38.7588 18.2607
    endloop
  endfacet
  facet normal -0 0.44222 0.896907
    outer loop
      vertex 164.8 38.3563 18.3974
      vertex 167.2 37.975 18.5854
      vertex 167.2 38.3563 18.3974
    endloop
  endfacet
  facet normal 0 0.44222 0.896907
    outer loop
      vertex 167.2 37.975 18.5854
      vertex 164.8 38.3563 18.3974
      vertex 164.8 37.975 18.5854
    endloop
  endfacet
  facet normal 0 0.980806 -0.194985
    outer loop
      vertex 167.2 36.3778 21.8242
      vertex 164.8 36.4607 22.2412
      vertex 167.2 36.4607 22.2412
    endloop
  endfacet
  facet normal 0 0.980806 -0.194985
    outer loop
      vertex 164.8 36.4607 22.2412
      vertex 167.2 36.3778 21.8242
      vertex 164.8 36.3778 21.8242
    endloop
  endfacet
  facet normal 0 0.94688 -0.321586
    outer loop
      vertex 167.2 36.4607 22.2412
      vertex 164.8 36.5974 22.6437
      vertex 167.2 36.5974 22.6437
    endloop
  endfacet
  facet normal 0 0.94688 -0.321586
    outer loop
      vertex 164.8 36.5974 22.6437
      vertex 167.2 36.4607 22.2412
      vertex 164.8 36.4607 22.2412
    endloop
  endfacet
  facet normal 0 0.751818 -0.65937
    outer loop
      vertex 167.2 37.0216 23.3785
      vertex 164.8 37.3019 23.6981
      vertex 167.2 37.3019 23.6981
    endloop
  endfacet
  facet normal 0 0.751818 -0.65937
    outer loop
      vertex 164.8 37.3019 23.6981
      vertex 167.2 37.0216 23.3785
      vertex 164.8 37.0216 23.3785
    endloop
  endfacet
  facet normal 0 -0.831471 -0.555568
    outer loop
      vertex 164.8 42.4146 23.025
      vertex 167.2 42.1784 23.3785
      vertex 164.8 42.1784 23.3785
    endloop
  endfacet
  facet normal 0 -0.831471 -0.555568
    outer loop
      vertex 167.2 42.1784 23.3785
      vertex 164.8 42.4146 23.025
      vertex 167.2 42.4146 23.025
    endloop
  endfacet
  facet normal 0 0.831471 0.555568
    outer loop
      vertex 167.2 37.0216 19.4215
      vertex 164.8 36.7854 19.775
      vertex 167.2 36.7854 19.775
    endloop
  endfacet
  facet normal 0 0.831471 0.555568
    outer loop
      vertex 164.8 36.7854 19.775
      vertex 167.2 37.0216 19.4215
      vertex 164.8 37.0216 19.4215
    endloop
  endfacet
  facet normal -0 0.555568 0.831471
    outer loop
      vertex 164.8 37.975 18.5854
      vertex 167.2 37.6215 18.8216
      vertex 167.2 37.975 18.5854
    endloop
  endfacet
  facet normal 0 0.555568 0.831471
    outer loop
      vertex 167.2 37.6215 18.8216
      vertex 164.8 37.975 18.5854
      vertex 164.8 37.6215 18.8216
    endloop
  endfacet
  facet normal -0 0.0653948 0.997859
    outer loop
      vertex 164.8 39.6 18.15
      vertex 167.2 39.1758 18.1778
      vertex 167.2 39.6 18.15
    endloop
  endfacet
  facet normal 0 0.0653948 0.997859
    outer loop
      vertex 167.2 39.1758 18.1778
      vertex 164.8 39.6 18.15
      vertex 164.8 39.1758 18.1778
    endloop
  endfacet
  facet normal -0 0.321586 0.94688
    outer loop
      vertex 164.8 38.7588 18.2607
      vertex 167.2 38.3563 18.3974
      vertex 167.2 38.7588 18.2607
    endloop
  endfacet
  facet normal 0 0.321586 0.94688
    outer loop
      vertex 167.2 38.3563 18.3974
      vertex 164.8 38.7588 18.2607
      vertex 164.8 38.3563 18.3974
    endloop
  endfacet
  facet normal 0 -0.321586 0.94688
    outer loop
      vertex 164.8 40.8437 18.3974
      vertex 167.2 40.4412 18.2607
      vertex 167.2 40.8437 18.3974
    endloop
  endfacet
  facet normal 0 -0.321586 0.94688
    outer loop
      vertex 167.2 40.4412 18.2607
      vertex 164.8 40.8437 18.3974
      vertex 164.8 40.4412 18.2607
    endloop
  endfacet
  facet normal 0 -0.0653948 0.997859
    outer loop
      vertex 164.8 40.0242 18.1778
      vertex 167.2 39.6 18.15
      vertex 167.2 40.0242 18.1778
    endloop
  endfacet
  facet normal 0 -0.0653948 0.997859
    outer loop
      vertex 167.2 39.6 18.15
      vertex 164.8 40.0242 18.1778
      vertex 164.8 39.6 18.15
    endloop
  endfacet
  facet normal 0 -0.751818 0.65937
    outer loop
      vertex 164.8 41.8981 19.1019
      vertex 167.2 42.1784 19.4215
      vertex 164.8 42.1784 19.4215
    endloop
  endfacet
  facet normal 0 -0.751818 0.65937
    outer loop
      vertex 167.2 42.1784 19.4215
      vertex 164.8 41.8981 19.1019
      vertex 167.2 41.8981 19.1019
    endloop
  endfacet
  facet normal 0 -0.65937 0.751818
    outer loop
      vertex 164.8 41.8981 19.1019
      vertex 167.2 41.5785 18.8216
      vertex 167.2 41.8981 19.1019
    endloop
  endfacet
  facet normal 0 -0.65937 0.751818
    outer loop
      vertex 167.2 41.5785 18.8216
      vertex 164.8 41.8981 19.1019
      vertex 164.8 41.5785 18.8216
    endloop
  endfacet
  facet normal 0 -0.831471 0.555568
    outer loop
      vertex 164.8 42.1784 19.4215
      vertex 167.2 42.4146 19.775
      vertex 164.8 42.4146 19.775
    endloop
  endfacet
  facet normal 0 -0.831471 0.555568
    outer loop
      vertex 167.2 42.4146 19.775
      vertex 164.8 42.1784 19.4215
      vertex 167.2 42.1784 19.4215
    endloop
  endfacet
  facet normal 0 0.997859 -0.0653948
    outer loop
      vertex 167.2 36.35 21.4
      vertex 164.8 36.3778 21.8242
      vertex 167.2 36.3778 21.8242
    endloop
  endfacet
  facet normal 0 0.997859 -0.0653948
    outer loop
      vertex 164.8 36.3778 21.8242
      vertex 167.2 36.35 21.4
      vertex 164.8 36.35 21.4
    endloop
  endfacet
  facet normal 0 -0.321586 -0.94688
    outer loop
      vertex 164.8 40.4412 24.5393
      vertex 167.2 40.8437 24.4026
      vertex 167.2 40.4412 24.5393
    endloop
  endfacet
  facet normal -0 -0.321586 -0.94688
    outer loop
      vertex 167.2 40.8437 24.4026
      vertex 164.8 40.4412 24.5393
      vertex 164.8 40.8437 24.4026
    endloop
  endfacet
  facet normal 0 -0.194985 -0.980806
    outer loop
      vertex 164.8 40.0242 24.6222
      vertex 167.2 40.4412 24.5393
      vertex 167.2 40.0242 24.6222
    endloop
  endfacet
  facet normal -0 -0.194985 -0.980806
    outer loop
      vertex 167.2 40.4412 24.5393
      vertex 164.8 40.0242 24.6222
      vertex 164.8 40.4412 24.5393
    endloop
  endfacet
  facet normal 0 -0.44222 -0.896907
    outer loop
      vertex 164.8 40.8437 24.4026
      vertex 167.2 41.225 24.2146
      vertex 167.2 40.8437 24.4026
    endloop
  endfacet
  facet normal -0 -0.44222 -0.896907
    outer loop
      vertex 167.2 41.225 24.2146
      vertex 164.8 40.8437 24.4026
      vertex 164.8 41.225 24.2146
    endloop
  endfacet
  facet normal 0 -0.0653948 -0.997859
    outer loop
      vertex 164.8 39.6 24.65
      vertex 167.2 40.0242 24.6222
      vertex 167.2 39.6 24.65
    endloop
  endfacet
  facet normal -0 -0.0653948 -0.997859
    outer loop
      vertex 167.2 40.0242 24.6222
      vertex 164.8 39.6 24.65
      vertex 164.8 40.0242 24.6222
    endloop
  endfacet
  facet normal 0 -0.896907 -0.44222
    outer loop
      vertex 164.8 42.6026 22.6437
      vertex 167.2 42.4146 23.025
      vertex 164.8 42.4146 23.025
    endloop
  endfacet
  facet normal 0 -0.896907 -0.44222
    outer loop
      vertex 167.2 42.4146 23.025
      vertex 164.8 42.6026 22.6437
      vertex 167.2 42.6026 22.6437
    endloop
  endfacet
  facet normal 0 -0.94692 -0.321471
    outer loop
      vertex 164.8 42.7 22.3568
      vertex 167.2 42.6026 22.6437
      vertex 164.8 42.6026 22.6437
    endloop
  endfacet
  facet normal 0 -0.94692 -0.321471
    outer loop
      vertex 167.2 42.6026 22.6437
      vertex 164.8 42.7 22.3568
      vertex 167.2 42.7 22.3568
    endloop
  endfacet
  facet normal 0 0.751818 0.65937
    outer loop
      vertex 167.2 37.3019 19.1019
      vertex 164.8 37.0216 19.4215
      vertex 167.2 37.0216 19.4215
    endloop
  endfacet
  facet normal 0 0.751818 0.65937
    outer loop
      vertex 164.8 37.0216 19.4215
      vertex 167.2 37.3019 19.1019
      vertex 164.8 37.3019 19.1019
    endloop
  endfacet
  facet normal 0 -0.44222 0.896907
    outer loop
      vertex 164.8 41.225 18.5854
      vertex 167.2 40.8437 18.3974
      vertex 167.2 41.225 18.5854
    endloop
  endfacet
  facet normal 0 -0.44222 0.896907
    outer loop
      vertex 167.2 40.8437 18.3974
      vertex 164.8 41.225 18.5854
      vertex 164.8 40.8437 18.3974
    endloop
  endfacet
  facet normal 0 -0.194985 0.980806
    outer loop
      vertex 164.8 40.4412 18.2607
      vertex 167.2 40.0242 18.1778
      vertex 167.2 40.4412 18.2607
    endloop
  endfacet
  facet normal 0 -0.194985 0.980806
    outer loop
      vertex 167.2 40.0242 18.1778
      vertex 164.8 40.4412 18.2607
      vertex 164.8 40.0242 18.1778
    endloop
  endfacet
  facet normal 0 -0.896907 0.44222
    outer loop
      vertex 164.8 42.4146 19.775
      vertex 167.2 42.6026 20.1563
      vertex 164.8 42.6026 20.1563
    endloop
  endfacet
  facet normal 0 -0.896907 0.44222
    outer loop
      vertex 167.2 42.6026 20.1563
      vertex 164.8 42.4146 19.775
      vertex 167.2 42.4146 19.775
    endloop
  endfacet
  facet normal 0 0.896907 -0.44222
    outer loop
      vertex 167.2 36.5974 22.6437
      vertex 164.8 36.7854 23.025
      vertex 167.2 36.7854 23.025
    endloop
  endfacet
  facet normal 0 0.896907 -0.44222
    outer loop
      vertex 164.8 36.7854 23.025
      vertex 167.2 36.5974 22.6437
      vertex 164.8 36.5974 22.6437
    endloop
  endfacet
  facet normal 0 0.194985 -0.980806
    outer loop
      vertex 164.8 38.7588 24.5393
      vertex 167.2 39.1758 24.6222
      vertex 167.2 38.7588 24.5393
    endloop
  endfacet
  facet normal 0 0.194985 -0.980806
    outer loop
      vertex 167.2 39.1758 24.6222
      vertex 164.8 38.7588 24.5393
      vertex 164.8 39.1758 24.6222
    endloop
  endfacet
  facet normal 0 0.0653948 -0.997859
    outer loop
      vertex 164.8 39.1758 24.6222
      vertex 167.2 39.6 24.65
      vertex 167.2 39.1758 24.6222
    endloop
  endfacet
  facet normal 0 0.0653948 -0.997859
    outer loop
      vertex 167.2 39.6 24.65
      vertex 164.8 39.1758 24.6222
      vertex 164.8 39.6 24.65
    endloop
  endfacet
  facet normal 0 0.321586 -0.94688
    outer loop
      vertex 164.8 38.3563 24.4026
      vertex 167.2 38.7588 24.5393
      vertex 167.2 38.3563 24.4026
    endloop
  endfacet
  facet normal 0 0.321586 -0.94688
    outer loop
      vertex 167.2 38.7588 24.5393
      vertex 164.8 38.3563 24.4026
      vertex 164.8 38.7588 24.5393
    endloop
  endfacet
  facet normal 0 0.44222 -0.896907
    outer loop
      vertex 164.8 37.975 24.2146
      vertex 167.2 38.3563 24.4026
      vertex 167.2 37.975 24.2146
    endloop
  endfacet
  facet normal 0 0.44222 -0.896907
    outer loop
      vertex 167.2 38.3563 24.4026
      vertex 164.8 37.975 24.2146
      vertex 164.8 38.3563 24.4026
    endloop
  endfacet
  facet normal 0 -0.751818 -0.65937
    outer loop
      vertex 164.8 42.1784 23.3785
      vertex 167.2 41.8981 23.6981
      vertex 164.8 41.8981 23.6981
    endloop
  endfacet
  facet normal 0 -0.751818 -0.65937
    outer loop
      vertex 167.2 41.8981 23.6981
      vertex 164.8 42.1784 23.3785
      vertex 167.2 42.1784 23.3785
    endloop
  endfacet
  facet normal 0 -0.555568 -0.831471
    outer loop
      vertex 164.8 41.225 24.2146
      vertex 167.2 41.5785 23.9784
      vertex 167.2 41.225 24.2146
    endloop
  endfacet
  facet normal -0 -0.555568 -0.831471
    outer loop
      vertex 167.2 41.5785 23.9784
      vertex 164.8 41.225 24.2146
      vertex 164.8 41.5785 23.9784
    endloop
  endfacet
  facet normal 0 0.65937 -0.751818
    outer loop
      vertex 164.8 37.3019 23.6981
      vertex 167.2 37.6215 23.9784
      vertex 167.2 37.3019 23.6981
    endloop
  endfacet
  facet normal 0 0.65937 -0.751818
    outer loop
      vertex 167.2 37.6215 23.9784
      vertex 164.8 37.3019 23.6981
      vertex 164.8 37.6215 23.9784
    endloop
  endfacet
  facet normal 0 0.555568 -0.831471
    outer loop
      vertex 164.8 37.6215 23.9784
      vertex 167.2 37.975 24.2146
      vertex 167.2 37.6215 23.9784
    endloop
  endfacet
  facet normal 0 0.555568 -0.831471
    outer loop
      vertex 167.2 37.975 24.2146
      vertex 164.8 37.6215 23.9784
      vertex 164.8 37.975 24.2146
    endloop
  endfacet
  facet normal 0 -0.65937 -0.751818
    outer loop
      vertex 164.8 41.5785 23.9784
      vertex 167.2 41.8981 23.6981
      vertex 167.2 41.5785 23.9784
    endloop
  endfacet
  facet normal -0 -0.65937 -0.751818
    outer loop
      vertex 167.2 41.8981 23.6981
      vertex 164.8 41.5785 23.9784
      vertex 164.8 41.8981 23.6981
    endloop
  endfacet
  facet normal 0 0 1
    outer loop
      vertex 6.1443 16.7365 7.4
      vertex 5.4 17.8848 7.4
      vertex 6.1 16.4 7.4
    endloop
  endfacet
  facet normal 0 0 1
    outer loop
      vertex 5.4 14.9152 7.4
      vertex 6.1 16.4 7.4
      vertex 5.4 17.8848 7.4
    endloop
  endfacet
  facet normal 0 -0 1
    outer loop
      vertex 5.63223 14.6322 7.4
      vertex 6.1 16.4 7.4
      vertex 5.4 14.9152 7.4
    endloop
  endfacet
  facet normal 0 0 1
    outer loop
      vertex 6.1 16.4 7.4
      vertex 5.63223 14.6322 7.4
      vertex 5.91521 14.4 7.4
    endloop
  endfacet
  facet normal 0 0 1
    outer loop
      vertex 6.1443 99.1365 7.4
      vertex 5.4 100.285 7.4
      vertex 6.1 98.8 7.4
    endloop
  endfacet
  facet normal 0 0 1
    outer loop
      vertex 5.4 97.3152 7.4
      vertex 6.1 98.8 7.4
      vertex 5.4 100.285 7.4
    endloop
  endfacet
  facet normal 0 -0 1
    outer loop
      vertex 5.63223 97.0322 7.4
      vertex 6.1 98.8 7.4
      vertex 5.4 97.3152 7.4
    endloop
  endfacet
  facet normal 0 0 1
    outer loop
      vertex 6.1 98.8 7.4
      vertex 5.63223 97.0322 7.4
      vertex 6.01107 96.7213 7.4
    endloop
  endfacet
  facet normal 0 0 1
    outer loop
      vertex 8.7 16.4 7.4
      vertex 9.9 16.4 7.4
      vertex 9.85196 16.8877 7.4
    endloop
  endfacet
  facet normal 0 0 1
    outer loop
      vertex 8.6557 16.7365 7.4
      vertex 9.85196 16.8877 7.4
      vertex 9.7097 17.3567 7.4
    endloop
  endfacet
  facet normal 0 0 1
    outer loop
      vertex 9.9 16.4 7.4
      vertex 8.7 16.4 7.4
      vertex 9.85196 15.9123 7.4
    endloop
  endfacet
  facet normal 0 0 1
    outer loop
      vertex 8.52583 17.05 7.4
      vertex 9.7097 17.3567 7.4
      vertex 9.47867 17.7889 7.4
    endloop
  endfacet
  facet normal -0 0 1
    outer loop
      vertex 8.6557 16.0635 7.4
      vertex 9.85196 15.9123 7.4
      vertex 8.7 16.4 7.4
    endloop
  endfacet
  facet normal 0 0 1
    outer loop
      vertex 8.31924 17.3192 7.4
      vertex 9.47867 17.7889 7.4
      vertex 9.16777 18.1678 7.4
    endloop
  endfacet
  facet normal 0 0 1
    outer loop
      vertex 9.85196 15.9123 7.4
      vertex 8.6557 16.0635 7.4
      vertex 9.7097 15.4433 7.4
    endloop
  endfacet
  facet normal -0 0 1
    outer loop
      vertex 8.52583 15.75 7.4
      vertex 9.7097 15.4433 7.4
      vertex 8.6557 16.0635 7.4
    endloop
  endfacet
  facet normal 0 0 1
    outer loop
      vertex 8.31924 17.3192 7.4
      vertex 9.16777 18.1678 7.4
      vertex 8.78893 18.4787 7.4
    endloop
  endfacet
  facet normal 0 0 1
    outer loop
      vertex 84.9 16.4 7.4
      vertex 86.1 16.4 7.4
      vertex 86.052 16.8877 7.4
    endloop
  endfacet
  facet normal 0 0 1
    outer loop
      vertex 84.8557 16.7365 7.4
      vertex 86.052 16.8877 7.4
      vertex 85.9097 17.3567 7.4
    endloop
  endfacet
  facet normal 0 0 1
    outer loop
      vertex 86.1 16.4 7.4
      vertex 84.9 16.4 7.4
      vertex 86.052 15.9123 7.4
    endloop
  endfacet
  facet normal 0 0 1
    outer loop
      vertex 84.7258 17.05 7.4
      vertex 85.9097 17.3567 7.4
      vertex 85.6787 17.7889 7.4
    endloop
  endfacet
  facet normal -0 0 1
    outer loop
      vertex 84.8557 16.0635 7.4
      vertex 86.052 15.9123 7.4
      vertex 84.9 16.4 7.4
    endloop
  endfacet
  facet normal 0 0 1
    outer loop
      vertex 84.5192 17.3192 7.4
      vertex 85.6787 17.7889 7.4
      vertex 85.3678 18.1678 7.4
    endloop
  endfacet
  facet normal 0 0 1
    outer loop
      vertex 86.052 15.9123 7.4
      vertex 84.8557 16.0635 7.4
      vertex 85.9097 15.4433 7.4
    endloop
  endfacet
  facet normal -0 0 1
    outer loop
      vertex 84.7258 15.75 7.4
      vertex 85.9097 15.4433 7.4
      vertex 84.8557 16.0635 7.4
    endloop
  endfacet
  facet normal 0 0 1
    outer loop
      vertex 84.5192 17.3192 7.4
      vertex 85.3678 18.1678 7.4
      vertex 84.9889 18.4787 7.4
    endloop
  endfacet
  facet normal 0 0 1
    outer loop
      vertex 158.674 17.05 7.4
      vertex 157.49 17.3567 7.4
      vertex 158.544 16.7365 7.4
    endloop
  endfacet
  facet normal -0 0 1
    outer loop
      vertex 157.348 16.8877 7.4
      vertex 158.544 16.7365 7.4
      vertex 157.49 17.3567 7.4
    endloop
  endfacet
  facet normal 0 -0 1
    outer loop
      vertex 158.032 14.6322 7.4
      vertex 158.5 16.4 7.4
      vertex 157.721 15.0111 7.4
    endloop
  endfacet
  facet normal 0 0 1
    outer loop
      vertex 158.5 16.4 7.4
      vertex 158.032 14.6322 7.4
      vertex 158.315 14.4 7.4
    endloop
  endfacet
  facet normal 0 0 1
    outer loop
      vertex 158.544 16.7365 7.4
      vertex 157.348 16.8877 7.4
      vertex 158.5 16.4 7.4
    endloop
  endfacet
  facet normal 0 0 1
    outer loop
      vertex 158.5 16.4 7.4
      vertex 157.49 15.4433 7.4
      vertex 157.721 15.0111 7.4
    endloop
  endfacet
  facet normal 0 0 1
    outer loop
      vertex 157.3 16.4 7.4
      vertex 158.5 16.4 7.4
      vertex 157.348 16.8877 7.4
    endloop
  endfacet
  facet normal 0 0 1
    outer loop
      vertex 158.5 16.4 7.4
      vertex 157.348 15.9123 7.4
      vertex 157.49 15.4433 7.4
    endloop
  endfacet
  facet normal 0 0 1
    outer loop
      vertex 158.5 16.4 7.4
      vertex 157.3 16.4 7.4
      vertex 157.348 15.9123 7.4
    endloop
  endfacet
  facet normal 0 0 1
    outer loop
      vertex 158.674 99.45 7.4
      vertex 157.49 99.7567 7.4
      vertex 158.544 99.1365 7.4
    endloop
  endfacet
  facet normal 0 0 1
    outer loop
      vertex 158.5 98.8 7.4
      vertex 158.032 97.0322 7.4
      vertex 158.411 96.7213 7.4
    endloop
  endfacet
  facet normal -0 0 1
    outer loop
      vertex 157.348 99.2877 7.4
      vertex 158.544 99.1365 7.4
      vertex 157.49 99.7567 7.4
    endloop
  endfacet
  facet normal 0 0 1
    outer loop
      vertex 158.5 98.8 7.4
      vertex 157.721 97.4111 7.4
      vertex 158.032 97.0322 7.4
    endloop
  endfacet
  facet normal 0 0 1
    outer loop
      vertex 158.544 99.1365 7.4
      vertex 157.348 99.2877 7.4
      vertex 158.5 98.8 7.4
    endloop
  endfacet
  facet normal 0 0 1
    outer loop
      vertex 158.5 98.8 7.4
      vertex 157.49 97.8433 7.4
      vertex 157.721 97.4111 7.4
    endloop
  endfacet
  facet normal 0 0 1
    outer loop
      vertex 157.3 98.8 7.4
      vertex 158.5 98.8 7.4
      vertex 157.348 99.2877 7.4
    endloop
  endfacet
  facet normal 0 0 1
    outer loop
      vertex 158.5 98.8 7.4
      vertex 157.348 98.3123 7.4
      vertex 157.49 97.8433 7.4
    endloop
  endfacet
  facet normal 0 0 1
    outer loop
      vertex 158.5 98.8 7.4
      vertex 157.3 98.8 7.4
      vertex 157.348 98.3123 7.4
    endloop
  endfacet
  facet normal 0 0 1
    outer loop
      vertex 84.9 98.8 7.4
      vertex 86.1 98.8 7.4
      vertex 86.052 99.2877 7.4
    endloop
  endfacet
  facet normal 0 0 1
    outer loop
      vertex 84.8557 99.1365 7.4
      vertex 86.052 99.2877 7.4
      vertex 85.9097 99.7567 7.4
    endloop
  endfacet
  facet normal 0 0 1
    outer loop
      vertex 86.1 98.8 7.4
      vertex 84.9 98.8 7.4
      vertex 86.052 98.3123 7.4
    endloop
  endfacet
  facet normal 0 0 1
    outer loop
      vertex 84.7258 99.45 7.4
      vertex 85.9097 99.7567 7.4
      vertex 85.6787 100.189 7.4
    endloop
  endfacet
  facet normal -0 0 1
    outer loop
      vertex 84.8557 98.4635 7.4
      vertex 86.052 98.3123 7.4
      vertex 84.9 98.8 7.4
    endloop
  endfacet
  facet normal 0 0 1
    outer loop
      vertex 84.5192 99.7192 7.4
      vertex 85.6787 100.189 7.4
      vertex 85.3678 100.568 7.4
    endloop
  endfacet
  facet normal 0 0 1
    outer loop
      vertex 86.052 98.3123 7.4
      vertex 84.8557 98.4635 7.4
      vertex 85.9097 97.8433 7.4
    endloop
  endfacet
  facet normal 0 0 1
    outer loop
      vertex 84.5192 99.7192 7.4
      vertex 85.3678 100.568 7.4
      vertex 85.0848 100.8 7.4
    endloop
  endfacet
  facet normal -0 0 1
    outer loop
      vertex 84.7258 98.15 7.4
      vertex 85.9097 97.8433 7.4
      vertex 84.8557 98.4635 7.4
    endloop
  endfacet
  facet normal 0 0 1
    outer loop
      vertex 82.4742 17.05 7.4
      vertex 81.2903 17.3567 7.4
      vertex 82.3443 16.7365 7.4
    endloop
  endfacet
  facet normal -0 0 1
    outer loop
      vertex 81.148 16.8877 7.4
      vertex 82.3443 16.7365 7.4
      vertex 81.2903 17.3567 7.4
    endloop
  endfacet
  facet normal 0 -0 1
    outer loop
      vertex 81.8322 14.6322 7.4
      vertex 82.3 16.4 7.4
      vertex 81.5213 15.0111 7.4
    endloop
  endfacet
  facet normal 0 0 1
    outer loop
      vertex 82.3 16.4 7.4
      vertex 81.8322 14.6322 7.4
      vertex 82.1152 14.4 7.4
    endloop
  endfacet
  facet normal 0 0 1
    outer loop
      vertex 82.3443 16.7365 7.4
      vertex 81.148 16.8877 7.4
      vertex 82.3 16.4 7.4
    endloop
  endfacet
  facet normal 0 0 1
    outer loop
      vertex 82.3 16.4 7.4
      vertex 81.2903 15.4433 7.4
      vertex 81.5213 15.0111 7.4
    endloop
  endfacet
  facet normal 0 0 1
    outer loop
      vertex 81.1 16.4 7.4
      vertex 82.3 16.4 7.4
      vertex 81.148 16.8877 7.4
    endloop
  endfacet
  facet normal 0 0 1
    outer loop
      vertex 82.3 16.4 7.4
      vertex 81.148 15.9123 7.4
      vertex 81.2903 15.4433 7.4
    endloop
  endfacet
  facet normal 0 0 1
    outer loop
      vertex 82.3 16.4 7.4
      vertex 81.1 16.4 7.4
      vertex 81.148 15.9123 7.4
    endloop
  endfacet
  facet normal 0 0 1
    outer loop
      vertex 82.4742 99.45 7.4
      vertex 81.2903 99.7567 7.4
      vertex 82.3443 99.1365 7.4
    endloop
  endfacet
  facet normal 0 0 1
    outer loop
      vertex 82.3 98.8 7.4
      vertex 81.8322 97.0322 7.4
      vertex 82.2111 96.7213 7.4
    endloop
  endfacet
  facet normal -0 0 1
    outer loop
      vertex 81.148 99.2877 7.4
      vertex 82.3443 99.1365 7.4
      vertex 81.2903 99.7567 7.4
    endloop
  endfacet
  facet normal 0 0 1
    outer loop
      vertex 82.3 98.8 7.4
      vertex 81.5213 97.4111 7.4
      vertex 81.8322 97.0322 7.4
    endloop
  endfacet
  facet normal 0 0 1
    outer loop
      vertex 82.3443 99.1365 7.4
      vertex 81.148 99.2877 7.4
      vertex 82.3 98.8 7.4
    endloop
  endfacet
  facet normal 0 0 1
    outer loop
      vertex 82.3 98.8 7.4
      vertex 81.2903 97.8433 7.4
      vertex 81.5213 97.4111 7.4
    endloop
  endfacet
  facet normal 0 0 1
    outer loop
      vertex 81.1 98.8 7.4
      vertex 82.3 98.8 7.4
      vertex 81.148 99.2877 7.4
    endloop
  endfacet
  facet normal 0 0 1
    outer loop
      vertex 82.3 98.8 7.4
      vertex 81.148 98.3123 7.4
      vertex 81.2903 97.8433 7.4
    endloop
  endfacet
  facet normal 0 0 1
    outer loop
      vertex 82.3 98.8 7.4
      vertex 81.1 98.8 7.4
      vertex 81.148 98.3123 7.4
    endloop
  endfacet
  facet normal 0 0 1
    outer loop
      vertex 8.7 98.8 7.4
      vertex 9.9 98.8 7.4
      vertex 9.85196 99.2877 7.4
    endloop
  endfacet
  facet normal 0 0 1
    outer loop
      vertex 8.6557 99.1365 7.4
      vertex 9.85196 99.2877 7.4
      vertex 9.7097 99.7567 7.4
    endloop
  endfacet
  facet normal 0 0 1
    outer loop
      vertex 9.9 98.8 7.4
      vertex 8.7 98.8 7.4
      vertex 9.85196 98.3123 7.4
    endloop
  endfacet
  facet normal 0 0 1
    outer loop
      vertex 8.52583 99.45 7.4
      vertex 9.7097 99.7567 7.4
      vertex 9.47867 100.189 7.4
    endloop
  endfacet
  facet normal -0 0 1
    outer loop
      vertex 8.6557 98.4635 7.4
      vertex 9.85196 98.3123 7.4
      vertex 8.7 98.8 7.4
    endloop
  endfacet
  facet normal 0 0 1
    outer loop
      vertex 8.31924 99.7192 7.4
      vertex 9.47867 100.189 7.4
      vertex 9.16777 100.568 7.4
    endloop
  endfacet
  facet normal 0 0 1
    outer loop
      vertex 9.85196 98.3123 7.4
      vertex 8.6557 98.4635 7.4
      vertex 9.7097 97.8433 7.4
    endloop
  endfacet
  facet normal 0 0 1
    outer loop
      vertex 8.31924 99.7192 7.4
      vertex 9.16777 100.568 7.4
      vertex 8.88479 100.8 7.4
    endloop
  endfacet
  facet normal -0 0 1
    outer loop
      vertex 8.52583 98.15 7.4
      vertex 9.7097 97.8433 7.4
      vertex 8.6557 98.4635 7.4
    endloop
  endfacet
  facet normal 0 0 1
    outer loop
      vertex 9.85196 16.8877 7.4
      vertex 8.6557 16.7365 7.4
      vertex 8.7 16.4 7.4
    endloop
  endfacet
  facet normal 0 0 1
    outer loop
      vertex 9.7097 17.3567 7.4
      vertex 8.52583 17.05 7.4
      vertex 8.6557 16.7365 7.4
    endloop
  endfacet
  facet normal 0 0 1
    outer loop
      vertex 8.05 17.5258 7.4
      vertex 8.78893 18.4787 7.4
      vertex 8.35671 18.7097 7.4
    endloop
  endfacet
  facet normal 0 0 1
    outer loop
      vertex 9.47867 17.7889 7.4
      vertex 8.31924 17.3192 7.4
      vertex 8.52583 17.05 7.4
    endloop
  endfacet
  facet normal 0 0 1
    outer loop
      vertex 8.78893 18.4787 7.4
      vertex 8.05 17.5258 7.4
      vertex 8.31924 17.3192 7.4
    endloop
  endfacet
  facet normal 0 0 1
    outer loop
      vertex 7.73646 17.6557 7.4
      vertex 8.35671 18.7097 7.4
      vertex 7.88773 18.852 7.4
    endloop
  endfacet
  facet normal 0 0 1
    outer loop
      vertex 8.35671 18.7097 7.4
      vertex 7.73646 17.6557 7.4
      vertex 8.05 17.5258 7.4
    endloop
  endfacet
  facet normal 0 0 1
    outer loop
      vertex 7.4 17.7 7.4
      vertex 7.88773 18.852 7.4
      vertex 7.4 18.9 7.4
    endloop
  endfacet
  facet normal 0 0 1
    outer loop
      vertex 7.88773 18.852 7.4
      vertex 7.4 17.7 7.4
      vertex 7.73646 17.6557 7.4
    endloop
  endfacet
  facet normal -0 0 1
    outer loop
      vertex 6.91227 18.852 7.4
      vertex 7.4 17.7 7.4
      vertex 7.4 18.9 7.4
    endloop
  endfacet
  facet normal 0 0 1
    outer loop
      vertex 7.4 17.7 7.4
      vertex 6.91227 18.852 7.4
      vertex 7.06354 17.6557 7.4
    endloop
  endfacet
  facet normal -0 0 1
    outer loop
      vertex 6.44329 18.7097 7.4
      vertex 7.06354 17.6557 7.4
      vertex 6.91227 18.852 7.4
    endloop
  endfacet
  facet normal 0 0 1
    outer loop
      vertex 7.06354 17.6557 7.4
      vertex 6.44329 18.7097 7.4
      vertex 6.75 17.5258 7.4
    endloop
  endfacet
  facet normal -0 0 1
    outer loop
      vertex 6.01107 18.4787 7.4
      vertex 6.75 17.5258 7.4
      vertex 6.44329 18.7097 7.4
    endloop
  endfacet
  facet normal 0 0 1
    outer loop
      vertex 6.75 17.5258 7.4
      vertex 6.01107 18.4787 7.4
      vertex 6.48076 17.3192 7.4
    endloop
  endfacet
  facet normal -0 0 1
    outer loop
      vertex 5.63223 18.1678 7.4
      vertex 6.48076 17.3192 7.4
      vertex 6.01107 18.4787 7.4
    endloop
  endfacet
  facet normal 0 0 1
    outer loop
      vertex 6.48076 17.3192 7.4
      vertex 5.4 17.8848 7.4
      vertex 6.27417 17.05 7.4
    endloop
  endfacet
  facet normal -0 0 1
    outer loop
      vertex 5.4 17.8848 7.4
      vertex 6.48076 17.3192 7.4
      vertex 5.63223 18.1678 7.4
    endloop
  endfacet
  facet normal -0 0 1
    outer loop
      vertex 8.31924 97.8808 7.4
      vertex 9.47867 97.4111 7.4
      vertex 8.52583 98.15 7.4
    endloop
  endfacet
  facet normal 0 0 1
    outer loop
      vertex 9.47867 97.4111 7.4
      vertex 8.31924 97.8808 7.4
      vertex 9.16777 97.0322 7.4
    endloop
  endfacet
  facet normal 0 0 1
    outer loop
      vertex 9.16777 97.0322 7.4
      vertex 8.31924 97.8808 7.4
      vertex 8.78893 96.7213 7.4
    endloop
  endfacet
  facet normal -0 0 1
    outer loop
      vertex 8.05 97.6742 7.4
      vertex 8.78893 96.7213 7.4
      vertex 8.31924 97.8808 7.4
    endloop
  endfacet
  facet normal 0 0 1
    outer loop
      vertex 8.78893 96.7213 7.4
      vertex 8.05 97.6742 7.4
      vertex 8.35671 96.4903 7.4
    endloop
  endfacet
  facet normal -0 0 1
    outer loop
      vertex 7.73646 97.5443 7.4
      vertex 8.35671 96.4903 7.4
      vertex 8.05 97.6742 7.4
    endloop
  endfacet
  facet normal 0 0 1
    outer loop
      vertex 8.35671 96.4903 7.4
      vertex 7.73646 97.5443 7.4
      vertex 7.88773 96.348 7.4
    endloop
  endfacet
  facet normal -0 0 1
    outer loop
      vertex 7.4 97.5 7.4
      vertex 7.88773 96.348 7.4
      vertex 7.73646 97.5443 7.4
    endloop
  endfacet
  facet normal 0 0 1
    outer loop
      vertex 7.4 97.5 7.4
      vertex 7.4 96.3 7.4
      vertex 7.88773 96.348 7.4
    endloop
  endfacet
  facet normal 0 0 1
    outer loop
      vertex 6.91227 96.348 7.4
      vertex 7.4 97.5 7.4
      vertex 7.06354 97.5443 7.4
    endloop
  endfacet
  facet normal 0 0 1
    outer loop
      vertex 7.4 97.5 7.4
      vertex 6.91227 96.348 7.4
      vertex 7.4 96.3 7.4
    endloop
  endfacet
  facet normal 0 0 1
    outer loop
      vertex 6.44329 96.4903 7.4
      vertex 7.06354 97.5443 7.4
      vertex 6.75 97.6742 7.4
    endloop
  endfacet
  facet normal 0 0 1
    outer loop
      vertex 6.01107 96.7213 7.4
      vertex 6.75 97.6742 7.4
      vertex 6.48076 97.8808 7.4
    endloop
  endfacet
  facet normal 0 0 1
    outer loop
      vertex 7.06354 97.5443 7.4
      vertex 6.44329 96.4903 7.4
      vertex 6.91227 96.348 7.4
    endloop
  endfacet
  facet normal 0 0 1
    outer loop
      vertex 6.01107 96.7213 7.4
      vertex 6.48076 97.8808 7.4
      vertex 6.27417 98.15 7.4
    endloop
  endfacet
  facet normal 0 0 1
    outer loop
      vertex 6.01107 96.7213 7.4
      vertex 6.27417 98.15 7.4
      vertex 6.1443 98.4635 7.4
    endloop
  endfacet
  facet normal 0 0 1
    outer loop
      vertex 6.75 97.6742 7.4
      vertex 6.01107 96.7213 7.4
      vertex 6.44329 96.4903 7.4
    endloop
  endfacet
  facet normal 0 0 1
    outer loop
      vertex 6.01107 96.7213 7.4
      vertex 6.1443 98.4635 7.4
      vertex 6.1 98.8 7.4
    endloop
  endfacet
  facet normal 0 0 1
    outer loop
      vertex 86.052 16.8877 7.4
      vertex 84.8557 16.7365 7.4
      vertex 84.9 16.4 7.4
    endloop
  endfacet
  facet normal 0 0 1
    outer loop
      vertex 85.9097 17.3567 7.4
      vertex 84.7258 17.05 7.4
      vertex 84.8557 16.7365 7.4
    endloop
  endfacet
  facet normal 0 0 1
    outer loop
      vertex 84.25 17.5258 7.4
      vertex 84.9889 18.4787 7.4
      vertex 84.5567 18.7097 7.4
    endloop
  endfacet
  facet normal 0 0 1
    outer loop
      vertex 85.6787 17.7889 7.4
      vertex 84.5192 17.3192 7.4
      vertex 84.7258 17.05 7.4
    endloop
  endfacet
  facet normal 0 0 1
    outer loop
      vertex 84.9889 18.4787 7.4
      vertex 84.25 17.5258 7.4
      vertex 84.5192 17.3192 7.4
    endloop
  endfacet
  facet normal 0 0 1
    outer loop
      vertex 83.9365 17.6557 7.4
      vertex 84.5567 18.7097 7.4
      vertex 84.0877 18.852 7.4
    endloop
  endfacet
  facet normal 0 0 1
    outer loop
      vertex 84.5567 18.7097 7.4
      vertex 83.9365 17.6557 7.4
      vertex 84.25 17.5258 7.4
    endloop
  endfacet
  facet normal 0 0 1
    outer loop
      vertex 83.6 17.7 7.4
      vertex 84.0877 18.852 7.4
      vertex 83.6 18.9 7.4
    endloop
  endfacet
  facet normal 0 0 1
    outer loop
      vertex 84.0877 18.852 7.4
      vertex 83.6 17.7 7.4
      vertex 83.9365 17.6557 7.4
    endloop
  endfacet
  facet normal -0 0 1
    outer loop
      vertex 83.1123 18.852 7.4
      vertex 83.6 17.7 7.4
      vertex 83.6 18.9 7.4
    endloop
  endfacet
  facet normal 0 0 1
    outer loop
      vertex 83.6 17.7 7.4
      vertex 83.1123 18.852 7.4
      vertex 83.2635 17.6557 7.4
    endloop
  endfacet
  facet normal -0 0 1
    outer loop
      vertex 82.6433 18.7097 7.4
      vertex 83.2635 17.6557 7.4
      vertex 83.1123 18.852 7.4
    endloop
  endfacet
  facet normal 0 0 1
    outer loop
      vertex 83.2635 17.6557 7.4
      vertex 82.6433 18.7097 7.4
      vertex 82.95 17.5258 7.4
    endloop
  endfacet
  facet normal -0 0 1
    outer loop
      vertex 82.2111 18.4787 7.4
      vertex 82.95 17.5258 7.4
      vertex 82.6433 18.7097 7.4
    endloop
  endfacet
  facet normal 0 0 1
    outer loop
      vertex 82.95 17.5258 7.4
      vertex 82.2111 18.4787 7.4
      vertex 82.6808 17.3192 7.4
    endloop
  endfacet
  facet normal -0 0 1
    outer loop
      vertex 81.8322 18.1678 7.4
      vertex 82.6808 17.3192 7.4
      vertex 82.2111 18.4787 7.4
    endloop
  endfacet
  facet normal 0 0 1
    outer loop
      vertex 82.6808 17.3192 7.4
      vertex 81.5213 17.7889 7.4
      vertex 82.4742 17.05 7.4
    endloop
  endfacet
  facet normal -0 0 1
    outer loop
      vertex 81.5213 17.7889 7.4
      vertex 82.6808 17.3192 7.4
      vertex 81.8322 18.1678 7.4
    endloop
  endfacet
  facet normal -0 0 1
    outer loop
      vertex 84.5192 97.8808 7.4
      vertex 85.6787 97.4111 7.4
      vertex 84.7258 98.15 7.4
    endloop
  endfacet
  facet normal 0 0 1
    outer loop
      vertex 85.6787 97.4111 7.4
      vertex 84.5192 97.8808 7.4
      vertex 85.3678 97.0322 7.4
    endloop
  endfacet
  facet normal 0 0 1
    outer loop
      vertex 85.3678 97.0322 7.4
      vertex 84.5192 97.8808 7.4
      vertex 84.9889 96.7213 7.4
    endloop
  endfacet
  facet normal -0 0 1
    outer loop
      vertex 84.25 97.6742 7.4
      vertex 84.9889 96.7213 7.4
      vertex 84.5192 97.8808 7.4
    endloop
  endfacet
  facet normal 0 0 1
    outer loop
      vertex 84.9889 96.7213 7.4
      vertex 84.25 97.6742 7.4
      vertex 84.5567 96.4903 7.4
    endloop
  endfacet
  facet normal -0 0 1
    outer loop
      vertex 83.9365 97.5443 7.4
      vertex 84.5567 96.4903 7.4
      vertex 84.25 97.6742 7.4
    endloop
  endfacet
  facet normal 0 0 1
    outer loop
      vertex 84.5567 96.4903 7.4
      vertex 83.9365 97.5443 7.4
      vertex 84.0877 96.348 7.4
    endloop
  endfacet
  facet normal -0 0 1
    outer loop
      vertex 83.6 97.5 7.4
      vertex 84.0877 96.348 7.4
      vertex 83.9365 97.5443 7.4
    endloop
  endfacet
  facet normal 0 0 1
    outer loop
      vertex 83.6 97.5 7.4
      vertex 83.6 96.3 7.4
      vertex 84.0877 96.348 7.4
    endloop
  endfacet
  facet normal 0 0 1
    outer loop
      vertex 83.1123 96.348 7.4
      vertex 83.6 97.5 7.4
      vertex 83.2635 97.5443 7.4
    endloop
  endfacet
  facet normal 0 0 1
    outer loop
      vertex 83.6 97.5 7.4
      vertex 83.1123 96.348 7.4
      vertex 83.6 96.3 7.4
    endloop
  endfacet
  facet normal 0 0 1
    outer loop
      vertex 82.6433 96.4903 7.4
      vertex 83.2635 97.5443 7.4
      vertex 82.95 97.6742 7.4
    endloop
  endfacet
  facet normal 0 0 1
    outer loop
      vertex 82.2111 96.7213 7.4
      vertex 82.95 97.6742 7.4
      vertex 82.6808 97.8808 7.4
    endloop
  endfacet
  facet normal 0 0 1
    outer loop
      vertex 83.2635 97.5443 7.4
      vertex 82.6433 96.4903 7.4
      vertex 83.1123 96.348 7.4
    endloop
  endfacet
  facet normal 0 0 1
    outer loop
      vertex 82.2111 96.7213 7.4
      vertex 82.6808 97.8808 7.4
      vertex 82.4742 98.15 7.4
    endloop
  endfacet
  facet normal 0 0 1
    outer loop
      vertex 82.2111 96.7213 7.4
      vertex 82.4742 98.15 7.4
      vertex 82.3443 98.4635 7.4
    endloop
  endfacet
  facet normal 0 0 1
    outer loop
      vertex 82.95 97.6742 7.4
      vertex 82.2111 96.7213 7.4
      vertex 82.6433 96.4903 7.4
    endloop
  endfacet
  facet normal 0 0 1
    outer loop
      vertex 82.2111 96.7213 7.4
      vertex 82.3443 98.4635 7.4
      vertex 82.3 98.8 7.4
    endloop
  endfacet
  facet normal 0 0 1
    outer loop
      vertex 161.8 17.8848 7.4
      vertex 161.056 16.7365 7.4
      vertex 161.1 16.4 7.4
    endloop
  endfacet
  facet normal 0 0 1
    outer loop
      vertex 161.568 18.1678 7.4
      vertex 160.926 17.05 7.4
      vertex 161.056 16.7365 7.4
    endloop
  endfacet
  facet normal 0 0 1
    outer loop
      vertex 160.45 17.5258 7.4
      vertex 161.189 18.4787 7.4
      vertex 160.757 18.7097 7.4
    endloop
  endfacet
  facet normal 0 0 1
    outer loop
      vertex 161.568 18.1678 7.4
      vertex 160.719 17.3192 7.4
      vertex 160.926 17.05 7.4
    endloop
  endfacet
  facet normal 0 0 1
    outer loop
      vertex 161.189 18.4787 7.4
      vertex 160.45 17.5258 7.4
      vertex 160.719 17.3192 7.4
    endloop
  endfacet
  facet normal 0 0 1
    outer loop
      vertex 160.136 17.6557 7.4
      vertex 160.757 18.7097 7.4
      vertex 160.288 18.852 7.4
    endloop
  endfacet
  facet normal 0 0 1
    outer loop
      vertex 160.757 18.7097 7.4
      vertex 160.136 17.6557 7.4
      vertex 160.45 17.5258 7.4
    endloop
  endfacet
  facet normal 0 0 1
    outer loop
      vertex 159.8 17.7 7.4
      vertex 160.288 18.852 7.4
      vertex 159.8 18.9 7.4
    endloop
  endfacet
  facet normal 0 0 1
    outer loop
      vertex 160.288 18.852 7.4
      vertex 159.8 17.7 7.4
      vertex 160.136 17.6557 7.4
    endloop
  endfacet
  facet normal -0 0 1
    outer loop
      vertex 159.312 18.852 7.4
      vertex 159.8 17.7 7.4
      vertex 159.8 18.9 7.4
    endloop
  endfacet
  facet normal 0 0 1
    outer loop
      vertex 159.8 17.7 7.4
      vertex 159.312 18.852 7.4
      vertex 159.464 17.6557 7.4
    endloop
  endfacet
  facet normal -0 0 1
    outer loop
      vertex 158.843 18.7097 7.4
      vertex 159.464 17.6557 7.4
      vertex 159.312 18.852 7.4
    endloop
  endfacet
  facet normal 0 0 1
    outer loop
      vertex 159.464 17.6557 7.4
      vertex 158.843 18.7097 7.4
      vertex 159.15 17.5258 7.4
    endloop
  endfacet
  facet normal -0 0 1
    outer loop
      vertex 158.411 18.4787 7.4
      vertex 159.15 17.5258 7.4
      vertex 158.843 18.7097 7.4
    endloop
  endfacet
  facet normal 0 0 1
    outer loop
      vertex 159.15 17.5258 7.4
      vertex 158.411 18.4787 7.4
      vertex 158.881 17.3192 7.4
    endloop
  endfacet
  facet normal -0 0 1
    outer loop
      vertex 158.032 18.1678 7.4
      vertex 158.881 17.3192 7.4
      vertex 158.411 18.4787 7.4
    endloop
  endfacet
  facet normal 0 0 1
    outer loop
      vertex 158.881 17.3192 7.4
      vertex 157.721 17.7889 7.4
      vertex 158.674 17.05 7.4
    endloop
  endfacet
  facet normal -0 0 1
    outer loop
      vertex 157.721 17.7889 7.4
      vertex 158.881 17.3192 7.4
      vertex 158.032 18.1678 7.4
    endloop
  endfacet
  facet normal -0 0 1
    outer loop
      vertex 160.719 97.8808 7.4
      vertex 161.8 97.3152 7.4
      vertex 160.926 98.15 7.4
    endloop
  endfacet
  facet normal 0 0 1
    outer loop
      vertex 161.8 97.3152 7.4
      vertex 160.719 97.8808 7.4
      vertex 161.568 97.0322 7.4
    endloop
  endfacet
  facet normal 0 0 1
    outer loop
      vertex 161.568 97.0322 7.4
      vertex 160.719 97.8808 7.4
      vertex 161.189 96.7213 7.4
    endloop
  endfacet
  facet normal -0 0 1
    outer loop
      vertex 160.45 97.6742 7.4
      vertex 161.189 96.7213 7.4
      vertex 160.719 97.8808 7.4
    endloop
  endfacet
  facet normal 0 0 1
    outer loop
      vertex 161.189 96.7213 7.4
      vertex 160.45 97.6742 7.4
      vertex 160.757 96.4903 7.4
    endloop
  endfacet
  facet normal -0 0 1
    outer loop
      vertex 160.136 97.5443 7.4
      vertex 160.757 96.4903 7.4
      vertex 160.45 97.6742 7.4
    endloop
  endfacet
  facet normal 0 0 1
    outer loop
      vertex 160.757 96.4903 7.4
      vertex 160.136 97.5443 7.4
      vertex 160.288 96.348 7.4
    endloop
  endfacet
  facet normal -0 0 1
    outer loop
      vertex 159.8 97.5 7.4
      vertex 160.288 96.348 7.4
      vertex 160.136 97.5443 7.4
    endloop
  endfacet
  facet normal 0 0 1
    outer loop
      vertex 159.8 97.5 7.4
      vertex 159.8 96.3 7.4
      vertex 160.288 96.348 7.4
    endloop
  endfacet
  facet normal 0 0 1
    outer loop
      vertex 159.312 96.348 7.4
      vertex 159.8 97.5 7.4
      vertex 159.464 97.5443 7.4
    endloop
  endfacet
  facet normal 0 0 1
    outer loop
      vertex 159.8 97.5 7.4
      vertex 159.312 96.348 7.4
      vertex 159.8 96.3 7.4
    endloop
  endfacet
  facet normal 0 0 1
    outer loop
      vertex 158.843 96.4903 7.4
      vertex 159.464 97.5443 7.4
      vertex 159.15 97.6742 7.4
    endloop
  endfacet
  facet normal 0 0 1
    outer loop
      vertex 158.411 96.7213 7.4
      vertex 159.15 97.6742 7.4
      vertex 158.881 97.8808 7.4
    endloop
  endfacet
  facet normal 0 0 1
    outer loop
      vertex 159.464 97.5443 7.4
      vertex 158.843 96.4903 7.4
      vertex 159.312 96.348 7.4
    endloop
  endfacet
  facet normal 0 0 1
    outer loop
      vertex 158.411 96.7213 7.4
      vertex 158.881 97.8808 7.4
      vertex 158.674 98.15 7.4
    endloop
  endfacet
  facet normal 0 0 1
    outer loop
      vertex 158.411 96.7213 7.4
      vertex 158.674 98.15 7.4
      vertex 158.544 98.4635 7.4
    endloop
  endfacet
  facet normal 0 0 1
    outer loop
      vertex 159.15 97.6742 7.4
      vertex 158.411 96.7213 7.4
      vertex 158.843 96.4903 7.4
    endloop
  endfacet
  facet normal 0 0 1
    outer loop
      vertex 158.411 96.7213 7.4
      vertex 158.544 98.4635 7.4
      vertex 158.5 98.8 7.4
    endloop
  endfacet
  facet normal 0 0 1
    outer loop
      vertex 161.056 16.7365 7.4
      vertex 161.8 17.8848 7.4
      vertex 161.568 18.1678 7.4
    endloop
  endfacet
  facet normal 0 0 1
    outer loop
      vertex 161.8 17.8848 7.4
      vertex 161.1 16.4 7.4
      vertex 161.8 14.9152 7.4
    endloop
  endfacet
  facet normal -0 0 1
    outer loop
      vertex 161.056 16.0635 7.4
      vertex 161.8 14.9152 7.4
      vertex 161.1 16.4 7.4
    endloop
  endfacet
  facet normal 0 0 1
    outer loop
      vertex 160.719 17.3192 7.4
      vertex 161.568 18.1678 7.4
      vertex 161.189 18.4787 7.4
    endloop
  endfacet
  facet normal 0 0 1
    outer loop
      vertex 160.719 99.7192 7.4
      vertex 161.8 100.285 7.4
      vertex 161.568 100.568 7.4
    endloop
  endfacet
  facet normal 0 0 1
    outer loop
      vertex 161.8 100.285 7.4
      vertex 161.1 98.8 7.4
      vertex 161.8 97.3152 7.4
    endloop
  endfacet
  facet normal 0 0 1
    outer loop
      vertex 160.719 99.7192 7.4
      vertex 161.568 100.568 7.4
      vertex 161.285 100.8 7.4
    endloop
  endfacet
  facet normal -0 0 1
    outer loop
      vertex 161.056 98.4635 7.4
      vertex 161.8 97.3152 7.4
      vertex 161.1 98.8 7.4
    endloop
  endfacet
  facet normal 0 0 1
    outer loop
      vertex 161.8 100.285 7.4
      vertex 164.8 112.8 7.4
      vertex 161.8 100.8 7.4
    endloop
  endfacet
  facet normal 0 0 1
    outer loop
      vertex 164.8 112.8 7.4
      vertex 161.285 100.8 7.4
      vertex 161.8 100.8 7.4
    endloop
  endfacet
  facet normal -0 0 1
    outer loop
      vertex 160.926 98.15 7.4
      vertex 161.8 97.3152 7.4
      vertex 161.056 98.4635 7.4
    endloop
  endfacet
  facet normal 0 0 1
    outer loop
      vertex 161.8 100.285 7.4
      vertex 161.056 99.1365 7.4
      vertex 161.1 98.8 7.4
    endloop
  endfacet
  facet normal 0 0 1
    outer loop
      vertex 161.8 100.285 7.4
      vertex 160.926 99.45 7.4
      vertex 161.056 99.1365 7.4
    endloop
  endfacet
  facet normal 0 0 1
    outer loop
      vertex 161.8 100.285 7.4
      vertex 160.719 99.7192 7.4
      vertex 160.926 99.45 7.4
    endloop
  endfacet
  facet normal 0 0 1
    outer loop
      vertex 158.315 100.8 7.4
      vertex 161.285 100.8 7.4
      vertex 164.8 112.8 7.4
    endloop
  endfacet
  facet normal 0 0 1
    outer loop
      vertex 161.285 100.8 7.4
      vertex 160.45 99.9258 7.4
      vertex 160.719 99.7192 7.4
    endloop
  endfacet
  facet normal 0 0 1
    outer loop
      vertex 161.285 100.8 7.4
      vertex 160.136 100.056 7.4
      vertex 160.45 99.9258 7.4
    endloop
  endfacet
  facet normal 0 -0 1
    outer loop
      vertex 159.8 100.1 7.4
      vertex 161.285 100.8 7.4
      vertex 158.315 100.8 7.4
    endloop
  endfacet
  facet normal 0 0 1
    outer loop
      vertex 161.285 100.8 7.4
      vertex 159.8 100.1 7.4
      vertex 160.136 100.056 7.4
    endloop
  endfacet
  facet normal 0 0 1
    outer loop
      vertex 159.8 100.1 7.4
      vertex 158.315 100.8 7.4
      vertex 159.464 100.056 7.4
    endloop
  endfacet
  facet normal 0 0 1
    outer loop
      vertex 159.464 100.056 7.4
      vertex 158.315 100.8 7.4
      vertex 159.15 99.9258 7.4
    endloop
  endfacet
  facet normal 0 0 1
    outer loop
      vertex 159.15 99.9258 7.4
      vertex 158.315 100.8 7.4
      vertex 158.881 99.7192 7.4
    endloop
  endfacet
  facet normal -0 0 1
    outer loop
      vertex 157.49 99.7567 7.4
      vertex 158.674 99.45 7.4
      vertex 157.721 100.189 7.4
    endloop
  endfacet
  facet normal 0 0 1
    outer loop
      vertex 158.881 99.7192 7.4
      vertex 157.721 100.189 7.4
      vertex 158.674 99.45 7.4
    endloop
  endfacet
  facet normal -0 0 1
    outer loop
      vertex 157.721 100.189 7.4
      vertex 158.881 99.7192 7.4
      vertex 158.032 100.568 7.4
    endloop
  endfacet
  facet normal -0 0 1
    outer loop
      vertex 158.032 100.568 7.4
      vertex 158.881 99.7192 7.4
      vertex 158.315 100.8 7.4
    endloop
  endfacet
  facet normal 0 0 1
    outer loop
      vertex 164.8 112.8 7.4
      vertex 85.0848 100.8 7.4
      vertex 158.315 100.8 7.4
    endloop
  endfacet
  facet normal 0 0 1
    outer loop
      vertex 85.9097 97.8433 7.4
      vertex 84.7258 98.15 7.4
      vertex 85.6787 97.4111 7.4
    endloop
  endfacet
  facet normal 0 0 1
    outer loop
      vertex 86.052 99.2877 7.4
      vertex 84.8557 99.1365 7.4
      vertex 84.9 98.8 7.4
    endloop
  endfacet
  facet normal 0 0 1
    outer loop
      vertex 85.9097 99.7567 7.4
      vertex 84.7258 99.45 7.4
      vertex 84.8557 99.1365 7.4
    endloop
  endfacet
  facet normal 0 0 1
    outer loop
      vertex 85.6787 100.189 7.4
      vertex 84.5192 99.7192 7.4
      vertex 84.7258 99.45 7.4
    endloop
  endfacet
  facet normal 0 0 1
    outer loop
      vertex 85.0848 100.8 7.4
      vertex 84.25 99.9258 7.4
      vertex 84.5192 99.7192 7.4
    endloop
  endfacet
  facet normal 0 0 1
    outer loop
      vertex 85.0848 100.8 7.4
      vertex 83.9365 100.056 7.4
      vertex 84.25 99.9258 7.4
    endloop
  endfacet
  facet normal 0 0 1
    outer loop
      vertex 85.0848 100.8 7.4
      vertex 83.6 100.1 7.4
      vertex 83.9365 100.056 7.4
    endloop
  endfacet
  facet normal -0 0 1
    outer loop
      vertex 82.1152 100.8 7.4
      vertex 83.6 100.1 7.4
      vertex 85.0848 100.8 7.4
    endloop
  endfacet
  facet normal -0 0 1
    outer loop
      vertex 81.2903 99.7567 7.4
      vertex 82.4742 99.45 7.4
      vertex 81.5213 100.189 7.4
    endloop
  endfacet
  facet normal 0 0 1
    outer loop
      vertex 82.6808 99.7192 7.4
      vertex 81.5213 100.189 7.4
      vertex 82.4742 99.45 7.4
    endloop
  endfacet
  facet normal -0 0 1
    outer loop
      vertex 81.5213 100.189 7.4
      vertex 82.6808 99.7192 7.4
      vertex 81.8322 100.568 7.4
    endloop
  endfacet
  facet normal -0 0 1
    outer loop
      vertex 81.8322 100.568 7.4
      vertex 82.6808 99.7192 7.4
      vertex 82.1152 100.8 7.4
    endloop
  endfacet
  facet normal 0 0 1
    outer loop
      vertex 82.95 99.9258 7.4
      vertex 82.1152 100.8 7.4
      vertex 82.6808 99.7192 7.4
    endloop
  endfacet
  facet normal 0 0 1
    outer loop
      vertex 83.2635 100.056 7.4
      vertex 82.1152 100.8 7.4
      vertex 82.95 99.9258 7.4
    endloop
  endfacet
  facet normal 0 0 1
    outer loop
      vertex 83.6 100.1 7.4
      vertex 82.1152 100.8 7.4
      vertex 83.2635 100.056 7.4
    endloop
  endfacet
  facet normal 0 0 1
    outer loop
      vertex 164.8 112.8 7.4
      vertex 82.1152 100.8 7.4
      vertex 85.0848 100.8 7.4
    endloop
  endfacet
  facet normal -0 0 1
    outer loop
      vertex 2.4 112.8 7.4
      vertex 82.1152 100.8 7.4
      vertex 164.8 112.8 7.4
    endloop
  endfacet
  facet normal 0 0 1
    outer loop
      vertex 9.7097 97.8433 7.4
      vertex 8.52583 98.15 7.4
      vertex 9.47867 97.4111 7.4
    endloop
  endfacet
  facet normal 0 0 1
    outer loop
      vertex 9.85196 99.2877 7.4
      vertex 8.6557 99.1365 7.4
      vertex 8.7 98.8 7.4
    endloop
  endfacet
  facet normal 0 0 1
    outer loop
      vertex 9.7097 99.7567 7.4
      vertex 8.52583 99.45 7.4
      vertex 8.6557 99.1365 7.4
    endloop
  endfacet
  facet normal 0 0 1
    outer loop
      vertex 9.47867 100.189 7.4
      vertex 8.31924 99.7192 7.4
      vertex 8.52583 99.45 7.4
    endloop
  endfacet
  facet normal 0 0 1
    outer loop
      vertex 8.88479 100.8 7.4
      vertex 8.05 99.9258 7.4
      vertex 8.31924 99.7192 7.4
    endloop
  endfacet
  facet normal 0 0 1
    outer loop
      vertex 8.88479 100.8 7.4
      vertex 7.73646 100.056 7.4
      vertex 8.05 99.9258 7.4
    endloop
  endfacet
  facet normal 0 0 1
    outer loop
      vertex 8.88479 100.8 7.4
      vertex 7.4 100.1 7.4
      vertex 7.73646 100.056 7.4
    endloop
  endfacet
  facet normal -0 0 1
    outer loop
      vertex 5.91521 100.8 7.4
      vertex 7.4 100.1 7.4
      vertex 8.88479 100.8 7.4
    endloop
  endfacet
  facet normal 0 0 1
    outer loop
      vertex 6.27417 99.45 7.4
      vertex 5.4 100.285 7.4
      vertex 6.1443 99.1365 7.4
    endloop
  endfacet
  facet normal 0 0 1
    outer loop
      vertex 6.48076 99.7192 7.4
      vertex 5.4 100.285 7.4
      vertex 6.27417 99.45 7.4
    endloop
  endfacet
  facet normal -0 0 1
    outer loop
      vertex 5.4 100.285 7.4
      vertex 6.48076 99.7192 7.4
      vertex 5.63223 100.568 7.4
    endloop
  endfacet
  facet normal -0 0 1
    outer loop
      vertex 5.63223 100.568 7.4
      vertex 6.48076 99.7192 7.4
      vertex 5.91521 100.8 7.4
    endloop
  endfacet
  facet normal 0 0 1
    outer loop
      vertex 6.75 99.9258 7.4
      vertex 5.91521 100.8 7.4
      vertex 6.48076 99.7192 7.4
    endloop
  endfacet
  facet normal 0 0 1
    outer loop
      vertex 7.06354 100.056 7.4
      vertex 5.91521 100.8 7.4
      vertex 6.75 99.9258 7.4
    endloop
  endfacet
  facet normal 0 0 1
    outer loop
      vertex 7.4 100.1 7.4
      vertex 5.91521 100.8 7.4
      vertex 7.06354 100.056 7.4
    endloop
  endfacet
  facet normal 0 0 1
    outer loop
      vertex 82.1152 100.8 7.4
      vertex 2.4 112.8 7.4
      vertex 8.88479 100.8 7.4
    endloop
  endfacet
  facet normal 0 0 1
    outer loop
      vertex 8.88479 100.8 7.4
      vertex 2.4 112.8 7.4
      vertex 5.91521 100.8 7.4
    endloop
  endfacet
  facet normal 0 0 1
    outer loop
      vertex 2.4 112.8 7.4
      vertex 5.4 100.285 7.4
      vertex 5.4 100.8 7.4
    endloop
  endfacet
  facet normal 0 0 1
    outer loop
      vertex 5.4 100.285 7.4
      vertex 2.4 112.8 7.4
      vertex 5.4 97.3152 7.4
    endloop
  endfacet
  facet normal 0 0 1
    outer loop
      vertex 5.4 97.3152 7.4
      vertex 2.4 112.8 7.4
      vertex 5.4 17.8848 7.4
    endloop
  endfacet
  facet normal 0 0 1
    outer loop
      vertex 2.4 2.4 7.4
      vertex 5.4 17.8848 7.4
      vertex 2.4 112.8 7.4
    endloop
  endfacet
  facet normal 0 0 1
    outer loop
      vertex 5.4 17.8848 7.4
      vertex 2.4 2.4 7.4
      vertex 5.4 14.9152 7.4
    endloop
  endfacet
  facet normal 0 0 1
    outer loop
      vertex 5.91521 100.8 7.4
      vertex 2.4 112.8 7.4
      vertex 5.4 100.8 7.4
    endloop
  endfacet
  facet normal 0 0 1
    outer loop
      vertex 161.8 97.3152 7.4
      vertex 164.8 112.8 7.4
      vertex 161.8 100.285 7.4
    endloop
  endfacet
  facet normal 0 0 1
    outer loop
      vertex 164.8 112.8 7.4
      vertex 161.8 97.3152 7.4
      vertex 164.8 2.4 7.4
    endloop
  endfacet
  facet normal -0 0 1
    outer loop
      vertex 161.8 17.8848 7.4
      vertex 164.8 2.4 7.4
      vertex 161.8 97.3152 7.4
    endloop
  endfacet
  facet normal -0 0 1
    outer loop
      vertex 161.8 14.9152 7.4
      vertex 164.8 2.4 7.4
      vertex 161.8 17.8848 7.4
    endloop
  endfacet
  facet normal -0 0 1
    outer loop
      vertex 161.8 14.4 7.4
      vertex 164.8 2.4 7.4
      vertex 161.8 14.9152 7.4
    endloop
  endfacet
  facet normal -0 0 1
    outer loop
      vertex 161.285 14.4 7.4
      vertex 164.8 2.4 7.4
      vertex 161.8 14.4 7.4
    endloop
  endfacet
  facet normal -0 0 1
    outer loop
      vertex 160.926 15.75 7.4
      vertex 161.8 14.9152 7.4
      vertex 161.056 16.0635 7.4
    endloop
  endfacet
  facet normal -0 0 1
    outer loop
      vertex 160.719 15.4808 7.4
      vertex 161.8 14.9152 7.4
      vertex 160.926 15.75 7.4
    endloop
  endfacet
  facet normal 0 0 1
    outer loop
      vertex 161.8 14.9152 7.4
      vertex 160.719 15.4808 7.4
      vertex 161.568 14.6322 7.4
    endloop
  endfacet
  facet normal 0 0 1
    outer loop
      vertex 161.568 14.6322 7.4
      vertex 160.719 15.4808 7.4
      vertex 161.285 14.4 7.4
    endloop
  endfacet
  facet normal -0 0 1
    outer loop
      vertex 160.45 15.2742 7.4
      vertex 161.285 14.4 7.4
      vertex 160.719 15.4808 7.4
    endloop
  endfacet
  facet normal -0 0 1
    outer loop
      vertex 160.136 15.1443 7.4
      vertex 161.285 14.4 7.4
      vertex 160.45 15.2742 7.4
    endloop
  endfacet
  facet normal -0 0 1
    outer loop
      vertex 159.8 15.1 7.4
      vertex 161.285 14.4 7.4
      vertex 160.136 15.1443 7.4
    endloop
  endfacet
  facet normal 0 0 1
    outer loop
      vertex 161.285 14.4 7.4
      vertex 159.8 15.1 7.4
      vertex 158.315 14.4 7.4
    endloop
  endfacet
  facet normal 0 0 1
    outer loop
      vertex 158.315 14.4 7.4
      vertex 159.8 15.1 7.4
      vertex 159.464 15.1443 7.4
    endloop
  endfacet
  facet normal 0 0 1
    outer loop
      vertex 158.315 14.4 7.4
      vertex 159.464 15.1443 7.4
      vertex 159.15 15.2742 7.4
    endloop
  endfacet
  facet normal 0 0 1
    outer loop
      vertex 158.315 14.4 7.4
      vertex 159.15 15.2742 7.4
      vertex 158.881 15.4808 7.4
    endloop
  endfacet
  facet normal 0 0 1
    outer loop
      vertex 158.315 14.4 7.4
      vertex 158.881 15.4808 7.4
      vertex 158.674 15.75 7.4
    endloop
  endfacet
  facet normal -0 0 1
    outer loop
      vertex 157.49 17.3567 7.4
      vertex 158.674 17.05 7.4
      vertex 157.721 17.7889 7.4
    endloop
  endfacet
  facet normal 0 0 1
    outer loop
      vertex 158.315 14.4 7.4
      vertex 158.544 16.0635 7.4
      vertex 158.5 16.4 7.4
    endloop
  endfacet
  facet normal 0 0 1
    outer loop
      vertex 158.315 14.4 7.4
      vertex 158.674 15.75 7.4
      vertex 158.544 16.0635 7.4
    endloop
  endfacet
  facet normal 0 0 1
    outer loop
      vertex 161.285 14.4 7.4
      vertex 158.315 14.4 7.4
      vertex 164.8 2.4 7.4
    endloop
  endfacet
  facet normal -0 0 1
    outer loop
      vertex 85.0848 14.4 7.4
      vertex 164.8 2.4 7.4
      vertex 158.315 14.4 7.4
    endloop
  endfacet
  facet normal 0 0 1
    outer loop
      vertex 85.9097 15.4433 7.4
      vertex 84.7258 15.75 7.4
      vertex 85.6787 15.0111 7.4
    endloop
  endfacet
  facet normal -0 0 1
    outer loop
      vertex 84.5192 15.4808 7.4
      vertex 85.6787 15.0111 7.4
      vertex 84.7258 15.75 7.4
    endloop
  endfacet
  facet normal 0 0 1
    outer loop
      vertex 85.6787 15.0111 7.4
      vertex 84.5192 15.4808 7.4
      vertex 85.3678 14.6322 7.4
    endloop
  endfacet
  facet normal 0 0 1
    outer loop
      vertex 85.3678 14.6322 7.4
      vertex 84.5192 15.4808 7.4
      vertex 85.0848 14.4 7.4
    endloop
  endfacet
  facet normal -0 0 1
    outer loop
      vertex 84.25 15.2742 7.4
      vertex 85.0848 14.4 7.4
      vertex 84.5192 15.4808 7.4
    endloop
  endfacet
  facet normal -0 0 1
    outer loop
      vertex 83.9365 15.1443 7.4
      vertex 85.0848 14.4 7.4
      vertex 84.25 15.2742 7.4
    endloop
  endfacet
  facet normal -0 0 1
    outer loop
      vertex 83.6 15.1 7.4
      vertex 85.0848 14.4 7.4
      vertex 83.9365 15.1443 7.4
    endloop
  endfacet
  facet normal 0 0 1
    outer loop
      vertex 82.1152 14.4 7.4
      vertex 83.6 15.1 7.4
      vertex 83.2635 15.1443 7.4
    endloop
  endfacet
  facet normal -0 0 1
    outer loop
      vertex 81.2903 17.3567 7.4
      vertex 82.4742 17.05 7.4
      vertex 81.5213 17.7889 7.4
    endloop
  endfacet
  facet normal 0 0 1
    outer loop
      vertex 82.1152 14.4 7.4
      vertex 82.3443 16.0635 7.4
      vertex 82.3 16.4 7.4
    endloop
  endfacet
  facet normal 0 0 1
    outer loop
      vertex 82.1152 14.4 7.4
      vertex 82.4742 15.75 7.4
      vertex 82.3443 16.0635 7.4
    endloop
  endfacet
  facet normal 0 0 1
    outer loop
      vertex 82.1152 14.4 7.4
      vertex 82.6808 15.4808 7.4
      vertex 82.4742 15.75 7.4
    endloop
  endfacet
  facet normal 0 0 1
    outer loop
      vertex 82.1152 14.4 7.4
      vertex 82.95 15.2742 7.4
      vertex 82.6808 15.4808 7.4
    endloop
  endfacet
  facet normal 0 0 1
    outer loop
      vertex 82.1152 14.4 7.4
      vertex 83.2635 15.1443 7.4
      vertex 82.95 15.2742 7.4
    endloop
  endfacet
  facet normal 0 0 1
    outer loop
      vertex 83.6 15.1 7.4
      vertex 82.1152 14.4 7.4
      vertex 85.0848 14.4 7.4
    endloop
  endfacet
  facet normal -0 0 1
    outer loop
      vertex 82.1152 14.4 7.4
      vertex 164.8 2.4 7.4
      vertex 85.0848 14.4 7.4
    endloop
  endfacet
  facet normal 0 0 1
    outer loop
      vertex 2.4 2.4 7.4
      vertex 82.1152 14.4 7.4
      vertex 8.88479 14.4 7.4
    endloop
  endfacet
  facet normal 0 0 1
    outer loop
      vertex 9.7097 15.4433 7.4
      vertex 8.52583 15.75 7.4
      vertex 9.47867 15.0111 7.4
    endloop
  endfacet
  facet normal -0 0 1
    outer loop
      vertex 8.31924 15.4808 7.4
      vertex 9.47867 15.0111 7.4
      vertex 8.52583 15.75 7.4
    endloop
  endfacet
  facet normal 0 0 1
    outer loop
      vertex 9.47867 15.0111 7.4
      vertex 8.31924 15.4808 7.4
      vertex 9.16777 14.6322 7.4
    endloop
  endfacet
  facet normal 0 0 1
    outer loop
      vertex 9.16777 14.6322 7.4
      vertex 8.31924 15.4808 7.4
      vertex 8.88479 14.4 7.4
    endloop
  endfacet
  facet normal -0 0 1
    outer loop
      vertex 8.05 15.2742 7.4
      vertex 8.88479 14.4 7.4
      vertex 8.31924 15.4808 7.4
    endloop
  endfacet
  facet normal -0 0 1
    outer loop
      vertex 7.73646 15.1443 7.4
      vertex 8.88479 14.4 7.4
      vertex 8.05 15.2742 7.4
    endloop
  endfacet
  facet normal -0 0 1
    outer loop
      vertex 7.4 15.1 7.4
      vertex 8.88479 14.4 7.4
      vertex 7.73646 15.1443 7.4
    endloop
  endfacet
  facet normal 0 0 1
    outer loop
      vertex 5.91521 14.4 7.4
      vertex 7.4 15.1 7.4
      vertex 7.06354 15.1443 7.4
    endloop
  endfacet
  facet normal 0 0 1
    outer loop
      vertex 6.27417 17.05 7.4
      vertex 5.4 17.8848 7.4
      vertex 6.1443 16.7365 7.4
    endloop
  endfacet
  facet normal 0 0 1
    outer loop
      vertex 5.91521 14.4 7.4
      vertex 6.1443 16.0635 7.4
      vertex 6.1 16.4 7.4
    endloop
  endfacet
  facet normal 0 0 1
    outer loop
      vertex 5.91521 14.4 7.4
      vertex 6.27417 15.75 7.4
      vertex 6.1443 16.0635 7.4
    endloop
  endfacet
  facet normal 0 0 1
    outer loop
      vertex 5.91521 14.4 7.4
      vertex 6.48076 15.4808 7.4
      vertex 6.27417 15.75 7.4
    endloop
  endfacet
  facet normal 0 0 1
    outer loop
      vertex 5.91521 14.4 7.4
      vertex 6.75 15.2742 7.4
      vertex 6.48076 15.4808 7.4
    endloop
  endfacet
  facet normal 0 0 1
    outer loop
      vertex 5.91521 14.4 7.4
      vertex 7.06354 15.1443 7.4
      vertex 6.75 15.2742 7.4
    endloop
  endfacet
  facet normal 0 0 1
    outer loop
      vertex 7.4 15.1 7.4
      vertex 5.91521 14.4 7.4
      vertex 8.88479 14.4 7.4
    endloop
  endfacet
  facet normal 0 0 1
    outer loop
      vertex 2.4 2.4 7.4
      vertex 8.88479 14.4 7.4
      vertex 5.91521 14.4 7.4
    endloop
  endfacet
  facet normal 0 0 1
    outer loop
      vertex 2.4 2.4 7.4
      vertex 5.91521 14.4 7.4
      vertex 5.4 14.4 7.4
    endloop
  endfacet
  facet normal 0 0 1
    outer loop
      vertex 82.1152 14.4 7.4
      vertex 2.4 2.4 7.4
      vertex 164.8 2.4 7.4
    endloop
  endfacet
  facet normal 0 0 1
    outer loop
      vertex 5.4 14.9152 7.4
      vertex 2.4 2.4 7.4
      vertex 5.4 14.4 7.4
    endloop
  endfacet
  facet normal -1 0 0
    outer loop
      vertex 161.8 14.4 2.4
      vertex 161.8 14.9152 7.4
      vertex 161.8 14.9152 2.4
    endloop
  endfacet
  facet normal -1 -0 0
    outer loop
      vertex 161.8 14.9152 7.4
      vertex 161.8 14.4 2.4
      vertex 161.8 14.4 7.4
    endloop
  endfacet
  facet normal -1 0 0
    outer loop
      vertex 161.8 100.285 2.4
      vertex 161.8 100.8 7.4
      vertex 161.8 100.8 2.4
    endloop
  endfacet
  facet normal -1 -0 0
    outer loop
      vertex 161.8 100.8 7.4
      vertex 161.8 100.285 2.4
      vertex 161.8 100.285 7.4
    endloop
  endfacet
  facet normal -1 0 0
    outer loop
      vertex 161.8 17.8848 2.4
      vertex 161.8 97.3152 7.4
      vertex 161.8 97.3152 2.4
    endloop
  endfacet
  facet normal -1 -0 0
    outer loop
      vertex 161.8 97.3152 7.4
      vertex 161.8 17.8848 2.4
      vertex 161.8 17.8848 7.4
    endloop
  endfacet
  facet normal 1 -0 0
    outer loop
      vertex 5.4 14.4 7.4
      vertex 5.4 14.9152 2.4
      vertex 5.4 14.9152 7.4
    endloop
  endfacet
  facet normal 1 0 0
    outer loop
      vertex 5.4 14.9152 2.4
      vertex 5.4 14.4 7.4
      vertex 5.4 14.4 2.4
    endloop
  endfacet
  facet normal 1 -0 0
    outer loop
      vertex 5.4 100.285 7.4
      vertex 5.4 100.8 2.4
      vertex 5.4 100.8 7.4
    endloop
  endfacet
  facet normal 1 0 0
    outer loop
      vertex 5.4 100.8 2.4
      vertex 5.4 100.285 7.4
      vertex 5.4 100.285 2.4
    endloop
  endfacet
  facet normal 1 -0 0
    outer loop
      vertex 5.4 17.8848 7.4
      vertex 5.4 97.3152 2.4
      vertex 5.4 97.3152 7.4
    endloop
  endfacet
  facet normal 1 0 0
    outer loop
      vertex 5.4 97.3152 2.4
      vertex 5.4 17.8848 7.4
      vertex 5.4 17.8848 2.4
    endloop
  endfacet
  facet normal 0 1 -0
    outer loop
      vertex 5.91521 14.4 2.4
      vertex 5.4 14.4 7.4
      vertex 5.91521 14.4 7.4
    endloop
  endfacet
  facet normal 0 1 0
    outer loop
      vertex 5.4 14.4 7.4
      vertex 5.91521 14.4 2.4
      vertex 5.4 14.4 2.4
    endloop
  endfacet
  facet normal 0 1 -0
    outer loop
      vertex 161.8 14.4 2.4
      vertex 161.285 14.4 7.4
      vertex 161.8 14.4 7.4
    endloop
  endfacet
  facet normal 0 1 0
    outer loop
      vertex 161.285 14.4 7.4
      vertex 161.8 14.4 2.4
      vertex 161.285 14.4 2.4
    endloop
  endfacet
  facet normal 0 1 -0
    outer loop
      vertex 82.1152 14.4 2.4
      vertex 8.88479 14.4 7.4
      vertex 82.1152 14.4 7.4
    endloop
  endfacet
  facet normal 0 1 0
    outer loop
      vertex 8.88479 14.4 7.4
      vertex 82.1152 14.4 2.4
      vertex 8.88479 14.4 2.4
    endloop
  endfacet
  facet normal 0 1 -0
    outer loop
      vertex 158.315 14.4 2.4
      vertex 85.0848 14.4 7.4
      vertex 158.315 14.4 7.4
    endloop
  endfacet
  facet normal 0 1 0
    outer loop
      vertex 85.0848 14.4 7.4
      vertex 158.315 14.4 2.4
      vertex 85.0848 14.4 2.4
    endloop
  endfacet
  facet normal 0 -1 0
    outer loop
      vertex 5.4 100.8 2.4
      vertex 5.91521 100.8 7.4
      vertex 5.4 100.8 7.4
    endloop
  endfacet
  facet normal 0 -1 -0
    outer loop
      vertex 5.91521 100.8 7.4
      vertex 5.4 100.8 2.4
      vertex 5.91521 100.8 2.4
    endloop
  endfacet
  facet normal 0 -1 0
    outer loop
      vertex 161.285 100.8 2.4
      vertex 161.8 100.8 7.4
      vertex 161.285 100.8 7.4
    endloop
  endfacet
  facet normal 0 -1 -0
    outer loop
      vertex 161.8 100.8 7.4
      vertex 161.285 100.8 2.4
      vertex 161.8 100.8 2.4
    endloop
  endfacet
  facet normal 0 -1 0
    outer loop
      vertex 8.88479 100.8 2.4
      vertex 82.1152 100.8 7.4
      vertex 8.88479 100.8 7.4
    endloop
  endfacet
  facet normal 0 -1 -0
    outer loop
      vertex 82.1152 100.8 7.4
      vertex 8.88479 100.8 2.4
      vertex 82.1152 100.8 2.4
    endloop
  endfacet
  facet normal 0 -1 0
    outer loop
      vertex 85.0848 100.8 2.4
      vertex 158.315 100.8 7.4
      vertex 85.0848 100.8 7.4
    endloop
  endfacet
  facet normal 0 -1 -0
    outer loop
      vertex 158.315 100.8 7.4
      vertex 85.0848 100.8 2.4
      vertex 158.315 100.8 2.4
    endloop
  endfacet
  facet normal 0.995184 0.0980287 0
    outer loop
      vertex 9.9 98.8 7.4
      vertex 9.85196 99.2877 2.4
      vertex 9.85196 99.2877 7.4
    endloop
  endfacet
  facet normal 0.995184 0.0980287 0
    outer loop
      vertex 9.85196 99.2877 2.4
      vertex 9.9 98.8 7.4
      vertex 9.9 98.8 2.4
    endloop
  endfacet
  facet normal 0.773148 0.634226 0
    outer loop
      vertex 9.47867 100.189 7.4
      vertex 9.16777 100.568 2.4
      vertex 9.16777 100.568 7.4
    endloop
  endfacet
  facet normal 0.773148 0.634226 0
    outer loop
      vertex 9.16777 100.568 2.4
      vertex 9.47867 100.189 7.4
      vertex 9.47867 100.189 2.4
    endloop
  endfacet
  facet normal -0.634008 0.773326 0
    outer loop
      vertex 5.91521 100.8 2.4
      vertex 5.63223 100.568 7.4
      vertex 5.91521 100.8 7.4
    endloop
  endfacet
  facet normal -0.634008 0.773326 0
    outer loop
      vertex 5.63223 100.568 7.4
      vertex 5.91521 100.8 2.4
      vertex 5.63223 100.568 2.4
    endloop
  endfacet
  facet normal 0.881954 0.471335 0
    outer loop
      vertex 9.7097 99.7567 7.4
      vertex 9.47867 100.189 2.4
      vertex 9.47867 100.189 7.4
    endloop
  endfacet
  facet normal 0.881954 0.471335 0
    outer loop
      vertex 9.47867 100.189 2.4
      vertex 9.7097 99.7567 7.4
      vertex 9.7097 99.7567 2.4
    endloop
  endfacet
  facet normal 0.956946 0.290267 0
    outer loop
      vertex 9.85196 99.2877 7.4
      vertex 9.7097 99.7567 2.4
      vertex 9.7097 99.7567 7.4
    endloop
  endfacet
  facet normal 0.956946 0.290267 0
    outer loop
      vertex 9.7097 99.7567 2.4
      vertex 9.85196 99.2877 7.4
      vertex 9.85196 99.2877 2.4
    endloop
  endfacet
  facet normal 0.634008 0.773326 -0
    outer loop
      vertex 9.16777 100.568 2.4
      vertex 8.88479 100.8 7.4
      vertex 9.16777 100.568 7.4
    endloop
  endfacet
  facet normal 0.634008 0.773326 0
    outer loop
      vertex 8.88479 100.8 7.4
      vertex 9.16777 100.568 2.4
      vertex 8.88479 100.8 2.4
    endloop
  endfacet
  facet normal -0.77304 0.634357 0
    outer loop
      vertex 5.4 100.285 2.4
      vertex 5.63223 100.568 7.4
      vertex 5.63223 100.568 2.4
    endloop
  endfacet
  facet normal -0.77304 0.634357 0
    outer loop
      vertex 5.63223 100.568 7.4
      vertex 5.4 100.285 2.4
      vertex 5.4 100.285 7.4
    endloop
  endfacet
  facet normal 0.995184 -0.0980287 0
    outer loop
      vertex 9.85196 98.3123 7.4
      vertex 9.9 98.8 2.4
      vertex 9.9 98.8 7.4
    endloop
  endfacet
  facet normal 0.995184 -0.0980287 0
    outer loop
      vertex 9.9 98.8 2.4
      vertex 9.85196 98.3123 7.4
      vertex 9.85196 98.3123 2.4
    endloop
  endfacet
  facet normal 0.0979419 -0.995192 0
    outer loop
      vertex 7.4 96.3 2.4
      vertex 7.88773 96.348 7.4
      vertex 7.4 96.3 7.4
    endloop
  endfacet
  facet normal 0.0979419 -0.995192 0
    outer loop
      vertex 7.88773 96.348 7.4
      vertex 7.4 96.3 2.4
      vertex 7.88773 96.348 2.4
    endloop
  endfacet
  facet normal 0.471355 -0.881944 0
    outer loop
      vertex 8.35671 96.4903 2.4
      vertex 8.78893 96.7213 7.4
      vertex 8.35671 96.4903 7.4
    endloop
  endfacet
  facet normal 0.471355 -0.881944 0
    outer loop
      vertex 8.78893 96.7213 7.4
      vertex 8.35671 96.4903 2.4
      vertex 8.78893 96.7213 2.4
    endloop
  endfacet
  facet normal -0.634386 -0.773016 0
    outer loop
      vertex 5.63223 97.0322 2.4
      vertex 6.01107 96.7213 7.4
      vertex 5.63223 97.0322 7.4
    endloop
  endfacet
  facet normal -0.634386 -0.773016 -0
    outer loop
      vertex 6.01107 96.7213 7.4
      vertex 5.63223 97.0322 2.4
      vertex 6.01107 96.7213 2.4
    endloop
  endfacet
  facet normal -0.290353 -0.95692 0
    outer loop
      vertex 6.44329 96.4903 2.4
      vertex 6.91227 96.348 7.4
      vertex 6.44329 96.4903 7.4
    endloop
  endfacet
  facet normal -0.290353 -0.95692 -0
    outer loop
      vertex 6.91227 96.348 7.4
      vertex 6.44329 96.4903 2.4
      vertex 6.91227 96.348 2.4
    endloop
  endfacet
  facet normal -0.77304 -0.634357 0
    outer loop
      vertex 5.63223 97.0322 2.4
      vertex 5.4 97.3152 7.4
      vertex 5.4 97.3152 2.4
    endloop
  endfacet
  facet normal -0.77304 -0.634357 0
    outer loop
      vertex 5.4 97.3152 7.4
      vertex 5.63223 97.0322 2.4
      vertex 5.63223 97.0322 7.4
    endloop
  endfacet
  facet normal 0.290353 -0.95692 0
    outer loop
      vertex 7.88773 96.348 2.4
      vertex 8.35671 96.4903 7.4
      vertex 7.88773 96.348 7.4
    endloop
  endfacet
  facet normal 0.290353 -0.95692 0
    outer loop
      vertex 8.35671 96.4903 7.4
      vertex 7.88773 96.348 2.4
      vertex 8.35671 96.4903 2.4
    endloop
  endfacet
  facet normal 0.634386 -0.773016 0
    outer loop
      vertex 8.78893 96.7213 2.4
      vertex 9.16777 97.0322 7.4
      vertex 8.78893 96.7213 7.4
    endloop
  endfacet
  facet normal 0.634386 -0.773016 0
    outer loop
      vertex 9.16777 97.0322 7.4
      vertex 8.78893 96.7213 2.4
      vertex 9.16777 97.0322 2.4
    endloop
  endfacet
  facet normal 0.773066 -0.634326 0
    outer loop
      vertex 9.16777 97.0322 7.4
      vertex 9.47867 97.4111 2.4
      vertex 9.47867 97.4111 7.4
    endloop
  endfacet
  facet normal 0.773066 -0.634326 0
    outer loop
      vertex 9.47867 97.4111 2.4
      vertex 9.16777 97.0322 7.4
      vertex 9.16777 97.0322 2.4
    endloop
  endfacet
  facet normal -0.471355 -0.881944 0
    outer loop
      vertex 6.01107 96.7213 2.4
      vertex 6.44329 96.4903 7.4
      vertex 6.01107 96.7213 7.4
    endloop
  endfacet
  facet normal -0.471355 -0.881944 -0
    outer loop
      vertex 6.44329 96.4903 7.4
      vertex 6.01107 96.7213 2.4
      vertex 6.44329 96.4903 2.4
    endloop
  endfacet
  facet normal -0.0979419 -0.995192 0
    outer loop
      vertex 6.91227 96.348 2.4
      vertex 7.4 96.3 7.4
      vertex 6.91227 96.348 7.4
    endloop
  endfacet
  facet normal -0.0979419 -0.995192 -0
    outer loop
      vertex 7.4 96.3 7.4
      vertex 6.91227 96.348 2.4
      vertex 7.4 96.3 2.4
    endloop
  endfacet
  facet normal 0.956946 -0.290267 0
    outer loop
      vertex 9.7097 97.8433 7.4
      vertex 9.85196 98.3123 2.4
      vertex 9.85196 98.3123 7.4
    endloop
  endfacet
  facet normal 0.956946 -0.290267 0
    outer loop
      vertex 9.85196 98.3123 2.4
      vertex 9.7097 97.8433 7.4
      vertex 9.7097 97.8433 2.4
    endloop
  endfacet
  facet normal 0.881909 -0.471419 0
    outer loop
      vertex 9.47867 97.4111 7.4
      vertex 9.7097 97.8433 2.4
      vertex 9.7097 97.8433 7.4
    endloop
  endfacet
  facet normal 0.881909 -0.471419 0
    outer loop
      vertex 9.7097 97.8433 2.4
      vertex 9.47867 97.4111 7.4
      vertex 9.47867 97.4111 2.4
    endloop
  endfacet
  facet normal -0.991445 -0.130523 0
    outer loop
      vertex 8.7 98.8 2.4
      vertex 8.6557 99.1365 7.4
      vertex 8.6557 99.1365 2.4
    endloop
  endfacet
  facet normal -0.991445 -0.130523 0
    outer loop
      vertex 8.6557 99.1365 7.4
      vertex 8.7 98.8 2.4
      vertex 8.7 98.8 7.4
    endloop
  endfacet
  facet normal 0.991445 -0.130523 0
    outer loop
      vertex 6.1 98.8 7.4
      vertex 6.1443 99.1365 2.4
      vertex 6.1443 99.1365 7.4
    endloop
  endfacet
  facet normal 0.991445 -0.130523 0
    outer loop
      vertex 6.1443 99.1365 2.4
      vertex 6.1 98.8 7.4
      vertex 6.1 98.8 2.4
    endloop
  endfacet
  facet normal -0.129669 -0.991557 0
    outer loop
      vertex 7.4 100.1 2.4
      vertex 7.73646 100.056 7.4
      vertex 7.4 100.1 7.4
    endloop
  endfacet
  facet normal -0.129669 -0.991557 -0
    outer loop
      vertex 7.73646 100.056 7.4
      vertex 7.4 100.1 2.4
      vertex 7.73646 100.056 2.4
    endloop
  endfacet
  facet normal -0.60877 -0.793346 0
    outer loop
      vertex 8.05 99.9258 2.4
      vertex 8.31924 99.7192 7.4
      vertex 8.05 99.9258 7.4
    endloop
  endfacet
  facet normal -0.60877 -0.793346 -0
    outer loop
      vertex 8.31924 99.7192 7.4
      vertex 8.05 99.9258 2.4
      vertex 8.31924 99.7192 2.4
    endloop
  endfacet
  facet normal -0.923865 -0.382719 0
    outer loop
      vertex 8.6557 99.1365 2.4
      vertex 8.52583 99.45 7.4
      vertex 8.52583 99.45 2.4
    endloop
  endfacet
  facet normal -0.923865 -0.382719 0
    outer loop
      vertex 8.52583 99.45 7.4
      vertex 8.6557 99.1365 2.4
      vertex 8.6557 99.1365 7.4
    endloop
  endfacet
  facet normal -0.383507 -0.923538 0
    outer loop
      vertex 7.73646 100.056 2.4
      vertex 8.05 99.9258 7.4
      vertex 7.73646 100.056 7.4
    endloop
  endfacet
  facet normal -0.383507 -0.923538 -0
    outer loop
      vertex 8.05 99.9258 7.4
      vertex 7.73646 100.056 2.4
      vertex 8.05 99.9258 2.4
    endloop
  endfacet
  facet normal 0.60877 -0.793346 0
    outer loop
      vertex 6.48076 99.7192 2.4
      vertex 6.75 99.9258 7.4
      vertex 6.48076 99.7192 7.4
    endloop
  endfacet
  facet normal 0.60877 -0.793346 0
    outer loop
      vertex 6.75 99.9258 7.4
      vertex 6.48076 99.7192 2.4
      vertex 6.75 99.9258 2.4
    endloop
  endfacet
  facet normal 0.793317 -0.608809 0
    outer loop
      vertex 6.27417 99.45 7.4
      vertex 6.48076 99.7192 2.4
      vertex 6.48076 99.7192 7.4
    endloop
  endfacet
  facet normal 0.793317 -0.608809 0
    outer loop
      vertex 6.48076 99.7192 2.4
      vertex 6.27417 99.45 7.4
      vertex 6.27417 99.45 2.4
    endloop
  endfacet
  facet normal 0.383507 -0.923538 0
    outer loop
      vertex 6.75 99.9258 2.4
      vertex 7.06354 100.056 7.4
      vertex 6.75 99.9258 7.4
    endloop
  endfacet
  facet normal 0.383507 -0.923538 0
    outer loop
      vertex 7.06354 100.056 7.4
      vertex 6.75 99.9258 2.4
      vertex 7.06354 100.056 2.4
    endloop
  endfacet
  facet normal -0.923865 0.382719 0
    outer loop
      vertex 8.52583 98.15 2.4
      vertex 8.6557 98.4635 7.4
      vertex 8.6557 98.4635 2.4
    endloop
  endfacet
  facet normal -0.923865 0.382719 0
    outer loop
      vertex 8.6557 98.4635 7.4
      vertex 8.52583 98.15 2.4
      vertex 8.52583 98.15 7.4
    endloop
  endfacet
  facet normal 0.60877 0.793346 -0
    outer loop
      vertex 6.75 97.6742 2.4
      vertex 6.48076 97.8808 7.4
      vertex 6.75 97.6742 7.4
    endloop
  endfacet
  facet normal 0.60877 0.793346 0
    outer loop
      vertex 6.48076 97.8808 7.4
      vertex 6.75 97.6742 2.4
      vertex 6.48076 97.8808 2.4
    endloop
  endfacet
  facet normal -0.793317 -0.608809 0
    outer loop
      vertex 8.52583 99.45 2.4
      vertex 8.31924 99.7192 7.4
      vertex 8.31924 99.7192 2.4
    endloop
  endfacet
  facet normal -0.793317 -0.608809 0
    outer loop
      vertex 8.31924 99.7192 7.4
      vertex 8.52583 99.45 2.4
      vertex 8.52583 99.45 7.4
    endloop
  endfacet
  facet normal 0.923865 -0.382719 0
    outer loop
      vertex 6.1443 99.1365 7.4
      vertex 6.27417 99.45 2.4
      vertex 6.27417 99.45 7.4
    endloop
  endfacet
  facet normal 0.923865 -0.382719 0
    outer loop
      vertex 6.27417 99.45 2.4
      vertex 6.1443 99.1365 7.4
      vertex 6.1443 99.1365 2.4
    endloop
  endfacet
  facet normal 0.129669 -0.991557 0
    outer loop
      vertex 7.06354 100.056 2.4
      vertex 7.4 100.1 7.4
      vertex 7.06354 100.056 7.4
    endloop
  endfacet
  facet normal 0.129669 -0.991557 0
    outer loop
      vertex 7.4 100.1 7.4
      vertex 7.06354 100.056 2.4
      vertex 7.4 100.1 2.4
    endloop
  endfacet
  facet normal -0.991445 0.130523 0
    outer loop
      vertex 8.6557 98.4635 2.4
      vertex 8.7 98.8 7.4
      vertex 8.7 98.8 2.4
    endloop
  endfacet
  facet normal -0.991445 0.130523 0
    outer loop
      vertex 8.7 98.8 7.4
      vertex 8.6557 98.4635 2.4
      vertex 8.6557 98.4635 7.4
    endloop
  endfacet
  facet normal -0.130538 0.991443 0
    outer loop
      vertex 7.73646 97.5443 2.4
      vertex 7.4 97.5 7.4
      vertex 7.73646 97.5443 7.4
    endloop
  endfacet
  facet normal -0.130538 0.991443 0
    outer loop
      vertex 7.4 97.5 7.4
      vertex 7.73646 97.5443 2.4
      vertex 7.4 97.5 2.4
    endloop
  endfacet
  facet normal -0.60877 0.793346 0
    outer loop
      vertex 8.31924 97.8808 2.4
      vertex 8.05 97.6742 7.4
      vertex 8.31924 97.8808 7.4
    endloop
  endfacet
  facet normal -0.60877 0.793346 0
    outer loop
      vertex 8.05 97.6742 7.4
      vertex 8.31924 97.8808 2.4
      vertex 8.05 97.6742 2.4
    endloop
  endfacet
  facet normal 0.382753 0.923851 -0
    outer loop
      vertex 7.06354 97.5443 2.4
      vertex 6.75 97.6742 7.4
      vertex 7.06354 97.5443 7.4
    endloop
  endfacet
  facet normal 0.382753 0.923851 0
    outer loop
      vertex 6.75 97.6742 7.4
      vertex 7.06354 97.5443 2.4
      vertex 6.75 97.6742 2.4
    endloop
  endfacet
  facet normal 0.793317 0.608809 0
    outer loop
      vertex 6.48076 97.8808 7.4
      vertex 6.27417 98.15 2.4
      vertex 6.27417 98.15 7.4
    endloop
  endfacet
  facet normal 0.793317 0.608809 0
    outer loop
      vertex 6.27417 98.15 2.4
      vertex 6.48076 97.8808 7.4
      vertex 6.48076 97.8808 2.4
    endloop
  endfacet
  facet normal 0.991445 0.130523 0
    outer loop
      vertex 6.1443 98.4635 7.4
      vertex 6.1 98.8 2.4
      vertex 6.1 98.8 7.4
    endloop
  endfacet
  facet normal 0.991445 0.130523 0
    outer loop
      vertex 6.1 98.8 2.4
      vertex 6.1443 98.4635 7.4
      vertex 6.1443 98.4635 2.4
    endloop
  endfacet
  facet normal -0.382753 0.923851 0
    outer loop
      vertex 8.05 97.6742 2.4
      vertex 7.73646 97.5443 7.4
      vertex 8.05 97.6742 7.4
    endloop
  endfacet
  facet normal -0.382753 0.923851 0
    outer loop
      vertex 7.73646 97.5443 7.4
      vertex 8.05 97.6742 2.4
      vertex 7.73646 97.5443 2.4
    endloop
  endfacet
  facet normal -0.793317 0.608809 0
    outer loop
      vertex 8.31924 97.8808 2.4
      vertex 8.52583 98.15 7.4
      vertex 8.52583 98.15 2.4
    endloop
  endfacet
  facet normal -0.793317 0.608809 0
    outer loop
      vertex 8.52583 98.15 7.4
      vertex 8.31924 97.8808 2.4
      vertex 8.31924 97.8808 7.4
    endloop
  endfacet
  facet normal 0.130538 0.991443 -0
    outer loop
      vertex 7.4 97.5 2.4
      vertex 7.06354 97.5443 7.4
      vertex 7.4 97.5 7.4
    endloop
  endfacet
  facet normal 0.130538 0.991443 0
    outer loop
      vertex 7.06354 97.5443 7.4
      vertex 7.4 97.5 2.4
      vertex 7.06354 97.5443 2.4
    endloop
  endfacet
  facet normal 0.923865 0.382719 0
    outer loop
      vertex 6.27417 98.15 7.4
      vertex 6.1443 98.4635 2.4
      vertex 6.1443 98.4635 7.4
    endloop
  endfacet
  facet normal 0.923865 0.382719 0
    outer loop
      vertex 6.1443 98.4635 2.4
      vertex 6.27417 98.15 7.4
      vertex 6.27417 98.15 2.4
    endloop
  endfacet
  facet normal 0.995192 0.0979479 0
    outer loop
      vertex 86.1 98.8 7.4
      vertex 86.052 99.2877 2.4
      vertex 86.052 99.2877 7.4
    endloop
  endfacet
  facet normal 0.995192 0.0979479 0
    outer loop
      vertex 86.052 99.2877 2.4
      vertex 86.1 98.8 7.4
      vertex 86.1 98.8 2.4
    endloop
  endfacet
  facet normal -0.995192 0.0979479 0
    outer loop
      vertex 81.1 98.8 2.4
      vertex 81.148 99.2877 7.4
      vertex 81.148 99.2877 2.4
    endloop
  endfacet
  facet normal -0.995192 0.0979479 0
    outer loop
      vertex 81.148 99.2877 7.4
      vertex 81.1 98.8 2.4
      vertex 81.1 98.8 7.4
    endloop
  endfacet
  facet normal 0.773148 0.634226 0
    outer loop
      vertex 85.6787 100.189 7.4
      vertex 85.3678 100.568 2.4
      vertex 85.3678 100.568 7.4
    endloop
  endfacet
  facet normal 0.773148 0.634226 0
    outer loop
      vertex 85.3678 100.568 2.4
      vertex 85.6787 100.189 7.4
      vertex 85.6787 100.189 2.4
    endloop
  endfacet
  facet normal -0.633982 0.773348 0
    outer loop
      vertex 82.1152 100.8 2.4
      vertex 81.8322 100.568 7.4
      vertex 82.1152 100.8 7.4
    endloop
  endfacet
  facet normal -0.633982 0.773348 0
    outer loop
      vertex 81.8322 100.568 7.4
      vertex 82.1152 100.8 2.4
      vertex 81.8322 100.568 2.4
    endloop
  endfacet
  facet normal 0.88198 0.471287 0
    outer loop
      vertex 85.9097 99.7567 7.4
      vertex 85.6787 100.189 2.4
      vertex 85.6787 100.189 7.4
    endloop
  endfacet
  facet normal 0.88198 0.471287 0
    outer loop
      vertex 85.6787 100.189 2.4
      vertex 85.9097 99.7567 7.4
      vertex 85.9097 99.7567 2.4
    endloop
  endfacet
  facet normal 0.956923 0.290341 0
    outer loop
      vertex 86.052 99.2877 7.4
      vertex 85.9097 99.7567 2.4
      vertex 85.9097 99.7567 7.4
    endloop
  endfacet
  facet normal 0.956923 0.290341 0
    outer loop
      vertex 85.9097 99.7567 2.4
      vertex 86.052 99.2877 7.4
      vertex 86.052 99.2877 2.4
    endloop
  endfacet
  facet normal 0.633982 0.773348 -0
    outer loop
      vertex 85.3678 100.568 2.4
      vertex 85.0848 100.8 7.4
      vertex 85.3678 100.568 7.4
    endloop
  endfacet
  facet normal 0.633982 0.773348 0
    outer loop
      vertex 85.0848 100.8 7.4
      vertex 85.3678 100.568 2.4
      vertex 85.0848 100.8 2.4
    endloop
  endfacet
  facet normal -0.88198 0.471287 0
    outer loop
      vertex 81.2903 99.7567 2.4
      vertex 81.5213 100.189 7.4
      vertex 81.5213 100.189 2.4
    endloop
  endfacet
  facet normal -0.88198 0.471287 0
    outer loop
      vertex 81.5213 100.189 7.4
      vertex 81.2903 99.7567 2.4
      vertex 81.2903 99.7567 7.4
    endloop
  endfacet
  facet normal -0.773148 0.634226 0
    outer loop
      vertex 81.5213 100.189 2.4
      vertex 81.8322 100.568 7.4
      vertex 81.8322 100.568 2.4
    endloop
  endfacet
  facet normal -0.773148 0.634226 0
    outer loop
      vertex 81.8322 100.568 7.4
      vertex 81.5213 100.189 2.4
      vertex 81.5213 100.189 7.4
    endloop
  endfacet
  facet normal -0.956923 0.290341 0
    outer loop
      vertex 81.148 99.2877 2.4
      vertex 81.2903 99.7567 7.4
      vertex 81.2903 99.7567 2.4
    endloop
  endfacet
  facet normal -0.956923 0.290341 0
    outer loop
      vertex 81.2903 99.7567 7.4
      vertex 81.148 99.2877 2.4
      vertex 81.148 99.2877 7.4
    endloop
  endfacet
  facet normal 0.995192 -0.0979479 0
    outer loop
      vertex 86.052 98.3123 7.4
      vertex 86.1 98.8 2.4
      vertex 86.1 98.8 7.4
    endloop
  endfacet
  facet normal 0.995192 -0.0979479 0
    outer loop
      vertex 86.1 98.8 2.4
      vertex 86.052 98.3123 7.4
      vertex 86.052 98.3123 2.4
    endloop
  endfacet
  facet normal 0.0979479 -0.995192 0
    outer loop
      vertex 83.6 96.3 2.4
      vertex 84.0877 96.348 7.4
      vertex 83.6 96.3 7.4
    endloop
  endfacet
  facet normal 0.0979479 -0.995192 0
    outer loop
      vertex 84.0877 96.348 7.4
      vertex 83.6 96.3 2.4
      vertex 84.0877 96.348 2.4
    endloop
  endfacet
  facet normal 0.471372 -0.881935 0
    outer loop
      vertex 84.5567 96.4903 2.4
      vertex 84.9889 96.7213 7.4
      vertex 84.5567 96.4903 7.4
    endloop
  endfacet
  facet normal 0.471372 -0.881935 0
    outer loop
      vertex 84.9889 96.7213 7.4
      vertex 84.5567 96.4903 2.4
      vertex 84.9889 96.7213 2.4
    endloop
  endfacet
  facet normal -0.634326 -0.773066 0
    outer loop
      vertex 81.8322 97.0322 2.4
      vertex 82.2111 96.7213 7.4
      vertex 81.8322 97.0322 7.4
    endloop
  endfacet
  facet normal -0.634326 -0.773066 -0
    outer loop
      vertex 82.2111 96.7213 7.4
      vertex 81.8322 97.0322 2.4
      vertex 82.2111 96.7213 2.4
    endloop
  endfacet
  facet normal -0.290341 -0.956923 0
    outer loop
      vertex 82.6433 96.4903 2.4
      vertex 83.1123 96.348 7.4
      vertex 82.6433 96.4903 7.4
    endloop
  endfacet
  facet normal -0.290341 -0.956923 -0
    outer loop
      vertex 83.1123 96.348 7.4
      vertex 82.6433 96.4903 2.4
      vertex 83.1123 96.348 2.4
    endloop
  endfacet
  facet normal -0.881935 -0.471372 0
    outer loop
      vertex 81.5213 97.4111 2.4
      vertex 81.2903 97.8433 7.4
      vertex 81.2903 97.8433 2.4
    endloop
  endfacet
  facet normal -0.881935 -0.471372 0
    outer loop
      vertex 81.2903 97.8433 7.4
      vertex 81.5213 97.4111 2.4
      vertex 81.5213 97.4111 7.4
    endloop
  endfacet
  facet normal -0.773066 -0.634326 0
    outer loop
      vertex 81.8322 97.0322 2.4
      vertex 81.5213 97.4111 7.4
      vertex 81.5213 97.4111 2.4
    endloop
  endfacet
  facet normal -0.773066 -0.634326 0
    outer loop
      vertex 81.5213 97.4111 7.4
      vertex 81.8322 97.0322 2.4
      vertex 81.8322 97.0322 7.4
    endloop
  endfacet
  facet normal -0.995192 -0.0979479 0
    outer loop
      vertex 81.148 98.3123 2.4
      vertex 81.1 98.8 7.4
      vertex 81.1 98.8 2.4
    endloop
  endfacet
  facet normal -0.995192 -0.0979479 0
    outer loop
      vertex 81.1 98.8 7.4
      vertex 81.148 98.3123 2.4
      vertex 81.148 98.3123 7.4
    endloop
  endfacet
  facet normal 0.290341 -0.956923 0
    outer loop
      vertex 84.0877 96.348 2.4
      vertex 84.5567 96.4903 7.4
      vertex 84.0877 96.348 7.4
    endloop
  endfacet
  facet normal 0.290341 -0.956923 0
    outer loop
      vertex 84.5567 96.4903 7.4
      vertex 84.0877 96.348 2.4
      vertex 84.5567 96.4903 2.4
    endloop
  endfacet
  facet normal 0.634326 -0.773066 0
    outer loop
      vertex 84.9889 96.7213 2.4
      vertex 85.3678 97.0322 7.4
      vertex 84.9889 96.7213 7.4
    endloop
  endfacet
  facet normal 0.634326 -0.773066 0
    outer loop
      vertex 85.3678 97.0322 7.4
      vertex 84.9889 96.7213 2.4
      vertex 85.3678 97.0322 2.4
    endloop
  endfacet
  facet normal 0.773066 -0.634326 0
    outer loop
      vertex 85.3678 97.0322 7.4
      vertex 85.6787 97.4111 2.4
      vertex 85.6787 97.4111 7.4
    endloop
  endfacet
  facet normal 0.773066 -0.634326 0
    outer loop
      vertex 85.6787 97.4111 2.4
      vertex 85.3678 97.0322 7.4
      vertex 85.3678 97.0322 2.4
    endloop
  endfacet
  facet normal -0.471372 -0.881935 0
    outer loop
      vertex 82.2111 96.7213 2.4
      vertex 82.6433 96.4903 7.4
      vertex 82.2111 96.7213 7.4
    endloop
  endfacet
  facet normal -0.471372 -0.881935 -0
    outer loop
      vertex 82.6433 96.4903 7.4
      vertex 82.2111 96.7213 2.4
      vertex 82.6433 96.4903 2.4
    endloop
  endfacet
  facet normal -0.0979479 -0.995192 0
    outer loop
      vertex 83.1123 96.348 2.4
      vertex 83.6 96.3 7.4
      vertex 83.1123 96.348 7.4
    endloop
  endfacet
  facet normal -0.0979479 -0.995192 -0
    outer loop
      vertex 83.6 96.3 7.4
      vertex 83.1123 96.348 2.4
      vertex 83.6 96.3 2.4
    endloop
  endfacet
  facet normal -0.956923 -0.290341 0
    outer loop
      vertex 81.2903 97.8433 2.4
      vertex 81.148 98.3123 7.4
      vertex 81.148 98.3123 2.4
    endloop
  endfacet
  facet normal -0.956923 -0.290341 0
    outer loop
      vertex 81.148 98.3123 7.4
      vertex 81.2903 97.8433 2.4
      vertex 81.2903 97.8433 7.4
    endloop
  endfacet
  facet normal 0.956923 -0.290341 0
    outer loop
      vertex 85.9097 97.8433 7.4
      vertex 86.052 98.3123 2.4
      vertex 86.052 98.3123 7.4
    endloop
  endfacet
  facet normal 0.956923 -0.290341 0
    outer loop
      vertex 86.052 98.3123 2.4
      vertex 85.9097 97.8433 7.4
      vertex 85.9097 97.8433 2.4
    endloop
  endfacet
  facet normal 0.881935 -0.471372 0
    outer loop
      vertex 85.6787 97.4111 7.4
      vertex 85.9097 97.8433 2.4
      vertex 85.9097 97.8433 7.4
    endloop
  endfacet
  facet normal 0.881935 -0.471372 0
    outer loop
      vertex 85.9097 97.8433 2.4
      vertex 85.6787 97.4111 7.4
      vertex 85.6787 97.4111 2.4
    endloop
  endfacet
  facet normal -0.991445 -0.130523 0
    outer loop
      vertex 84.9 98.8 2.4
      vertex 84.8557 99.1365 7.4
      vertex 84.8557 99.1365 2.4
    endloop
  endfacet
  facet normal -0.991445 -0.130523 0
    outer loop
      vertex 84.8557 99.1365 7.4
      vertex 84.9 98.8 2.4
      vertex 84.9 98.8 7.4
    endloop
  endfacet
  facet normal 0.991445 -0.130523 0
    outer loop
      vertex 82.3 98.8 7.4
      vertex 82.3443 99.1365 2.4
      vertex 82.3443 99.1365 7.4
    endloop
  endfacet
  facet normal 0.991445 -0.130523 0
    outer loop
      vertex 82.3443 99.1365 2.4
      vertex 82.3 98.8 7.4
      vertex 82.3 98.8 2.4
    endloop
  endfacet
  facet normal -0.129654 -0.991559 0
    outer loop
      vertex 83.6 100.1 2.4
      vertex 83.9365 100.056 7.4
      vertex 83.6 100.1 7.4
    endloop
  endfacet
  facet normal -0.129654 -0.991559 -0
    outer loop
      vertex 83.9365 100.056 7.4
      vertex 83.6 100.1 2.4
      vertex 83.9365 100.056 2.4
    endloop
  endfacet
  facet normal -0.608827 -0.793303 0
    outer loop
      vertex 84.25 99.9258 2.4
      vertex 84.5192 99.7192 7.4
      vertex 84.25 99.9258 7.4
    endloop
  endfacet
  facet normal -0.608827 -0.793303 -0
    outer loop
      vertex 84.5192 99.7192 7.4
      vertex 84.25 99.9258 2.4
      vertex 84.5192 99.7192 2.4
    endloop
  endfacet
  facet normal -0.923834 -0.382794 0
    outer loop
      vertex 84.8557 99.1365 2.4
      vertex 84.7258 99.45 7.4
      vertex 84.7258 99.45 2.4
    endloop
  endfacet
  facet normal -0.923834 -0.382794 0
    outer loop
      vertex 84.7258 99.45 7.4
      vertex 84.8557 99.1365 2.4
      vertex 84.8557 99.1365 7.4
    endloop
  endfacet
  facet normal -0.383548 -0.923521 0
    outer loop
      vertex 83.9365 100.056 2.4
      vertex 84.25 99.9258 7.4
      vertex 83.9365 100.056 7.4
    endloop
  endfacet
  facet normal -0.383548 -0.923521 -0
    outer loop
      vertex 84.25 99.9258 7.4
      vertex 83.9365 100.056 2.4
      vertex 84.25 99.9258 2.4
    endloop
  endfacet
  facet normal 0.608827 -0.793303 0
    outer loop
      vertex 82.6808 99.7192 2.4
      vertex 82.95 99.9258 7.4
      vertex 82.6808 99.7192 7.4
    endloop
  endfacet
  facet normal 0.608827 -0.793303 0
    outer loop
      vertex 82.95 99.9258 7.4
      vertex 82.6808 99.7192 2.4
      vertex 82.95 99.9258 2.4
    endloop
  endfacet
  facet normal 0.793303 -0.608827 0
    outer loop
      vertex 82.4742 99.45 7.4
      vertex 82.6808 99.7192 2.4
      vertex 82.6808 99.7192 7.4
    endloop
  endfacet
  facet normal 0.793303 -0.608827 0
    outer loop
      vertex 82.6808 99.7192 2.4
      vertex 82.4742 99.45 7.4
      vertex 82.4742 99.45 2.4
    endloop
  endfacet
  facet normal 0.383548 -0.923521 0
    outer loop
      vertex 82.95 99.9258 2.4
      vertex 83.2635 100.056 7.4
      vertex 82.95 99.9258 7.4
    endloop
  endfacet
  facet normal 0.383548 -0.923521 0
    outer loop
      vertex 83.2635 100.056 7.4
      vertex 82.95 99.9258 2.4
      vertex 83.2635 100.056 2.4
    endloop
  endfacet
  facet normal -0.923834 0.382794 0
    outer loop
      vertex 84.7258 98.15 2.4
      vertex 84.8557 98.4635 7.4
      vertex 84.8557 98.4635 2.4
    endloop
  endfacet
  facet normal -0.923834 0.382794 0
    outer loop
      vertex 84.8557 98.4635 7.4
      vertex 84.7258 98.15 2.4
      vertex 84.7258 98.15 7.4
    endloop
  endfacet
  facet normal 0.608827 0.793303 -0
    outer loop
      vertex 82.95 97.6742 2.4
      vertex 82.6808 97.8808 7.4
      vertex 82.95 97.6742 7.4
    endloop
  endfacet
  facet normal 0.608827 0.793303 0
    outer loop
      vertex 82.6808 97.8808 7.4
      vertex 82.95 97.6742 2.4
      vertex 82.6808 97.8808 2.4
    endloop
  endfacet
  facet normal -0.793303 -0.608827 0
    outer loop
      vertex 84.7258 99.45 2.4
      vertex 84.5192 99.7192 7.4
      vertex 84.5192 99.7192 2.4
    endloop
  endfacet
  facet normal -0.793303 -0.608827 0
    outer loop
      vertex 84.5192 99.7192 7.4
      vertex 84.7258 99.45 2.4
      vertex 84.7258 99.45 7.4
    endloop
  endfacet
  facet normal 0.923834 -0.382794 0
    outer loop
      vertex 82.3443 99.1365 7.4
      vertex 82.4742 99.45 2.4
      vertex 82.4742 99.45 7.4
    endloop
  endfacet
  facet normal 0.923834 -0.382794 0
    outer loop
      vertex 82.4742 99.45 2.4
      vertex 82.3443 99.1365 7.4
      vertex 82.3443 99.1365 2.4
    endloop
  endfacet
  facet normal 0.129654 -0.991559 0
    outer loop
      vertex 83.2635 100.056 2.4
      vertex 83.6 100.1 7.4
      vertex 83.2635 100.056 7.4
    endloop
  endfacet
  facet normal 0.129654 -0.991559 0
    outer loop
      vertex 83.6 100.1 7.4
      vertex 83.2635 100.056 2.4
      vertex 83.6 100.1 2.4
    endloop
  endfacet
  facet normal -0.991445 0.130523 0
    outer loop
      vertex 84.8557 98.4635 2.4
      vertex 84.9 98.8 7.4
      vertex 84.9 98.8 2.4
    endloop
  endfacet
  facet normal -0.991445 0.130523 0
    outer loop
      vertex 84.9 98.8 7.4
      vertex 84.8557 98.4635 2.4
      vertex 84.8557 98.4635 7.4
    endloop
  endfacet
  facet normal -0.130523 0.991445 0
    outer loop
      vertex 83.9365 97.5443 2.4
      vertex 83.6 97.5 7.4
      vertex 83.9365 97.5443 7.4
    endloop
  endfacet
  facet normal -0.130523 0.991445 0
    outer loop
      vertex 83.6 97.5 7.4
      vertex 83.9365 97.5443 2.4
      vertex 83.6 97.5 2.4
    endloop
  endfacet
  facet normal -0.608827 0.793303 0
    outer loop
      vertex 84.5192 97.8808 2.4
      vertex 84.25 97.6742 7.4
      vertex 84.5192 97.8808 7.4
    endloop
  endfacet
  facet normal -0.608827 0.793303 0
    outer loop
      vertex 84.25 97.6742 7.4
      vertex 84.5192 97.8808 2.4
      vertex 84.25 97.6742 2.4
    endloop
  endfacet
  facet normal 0.382794 0.923834 -0
    outer loop
      vertex 83.2635 97.5443 2.4
      vertex 82.95 97.6742 7.4
      vertex 83.2635 97.5443 7.4
    endloop
  endfacet
  facet normal 0.382794 0.923834 0
    outer loop
      vertex 82.95 97.6742 7.4
      vertex 83.2635 97.5443 2.4
      vertex 82.95 97.6742 2.4
    endloop
  endfacet
  facet normal 0.793303 0.608827 0
    outer loop
      vertex 82.6808 97.8808 7.4
      vertex 82.4742 98.15 2.4
      vertex 82.4742 98.15 7.4
    endloop
  endfacet
  facet normal 0.793303 0.608827 0
    outer loop
      vertex 82.4742 98.15 2.4
      vertex 82.6808 97.8808 7.4
      vertex 82.6808 97.8808 2.4
    endloop
  endfacet
  facet normal 0.991445 0.130523 0
    outer loop
      vertex 82.3443 98.4635 7.4
      vertex 82.3 98.8 2.4
      vertex 82.3 98.8 7.4
    endloop
  endfacet
  facet normal 0.991445 0.130523 0
    outer loop
      vertex 82.3 98.8 2.4
      vertex 82.3443 98.4635 7.4
      vertex 82.3443 98.4635 2.4
    endloop
  endfacet
  facet normal -0.382794 0.923834 0
    outer loop
      vertex 84.25 97.6742 2.4
      vertex 83.9365 97.5443 7.4
      vertex 84.25 97.6742 7.4
    endloop
  endfacet
  facet normal -0.382794 0.923834 0
    outer loop
      vertex 83.9365 97.5443 7.4
      vertex 84.25 97.6742 2.4
      vertex 83.9365 97.5443 2.4
    endloop
  endfacet
  facet normal -0.793303 0.608827 0
    outer loop
      vertex 84.5192 97.8808 2.4
      vertex 84.7258 98.15 7.4
      vertex 84.7258 98.15 2.4
    endloop
  endfacet
  facet normal -0.793303 0.608827 0
    outer loop
      vertex 84.7258 98.15 7.4
      vertex 84.5192 97.8808 2.4
      vertex 84.5192 97.8808 7.4
    endloop
  endfacet
  facet normal 0.130523 0.991445 -0
    outer loop
      vertex 83.6 97.5 2.4
      vertex 83.2635 97.5443 7.4
      vertex 83.6 97.5 7.4
    endloop
  endfacet
  facet normal 0.130523 0.991445 0
    outer loop
      vertex 83.2635 97.5443 7.4
      vertex 83.6 97.5 2.4
      vertex 83.2635 97.5443 2.4
    endloop
  endfacet
  facet normal 0.923834 0.382794 0
    outer loop
      vertex 82.4742 98.15 7.4
      vertex 82.3443 98.4635 2.4
      vertex 82.3443 98.4635 7.4
    endloop
  endfacet
  facet normal 0.923834 0.382794 0
    outer loop
      vertex 82.3443 98.4635 2.4
      vertex 82.4742 98.15 7.4
      vertex 82.4742 98.15 2.4
    endloop
  endfacet
  facet normal -0.995192 0.0979479 0
    outer loop
      vertex 157.3 98.8 2.4
      vertex 157.348 99.2877 7.4
      vertex 157.348 99.2877 2.4
    endloop
  endfacet
  facet normal -0.995192 0.0979479 0
    outer loop
      vertex 157.348 99.2877 7.4
      vertex 157.3 98.8 2.4
      vertex 157.3 98.8 7.4
    endloop
  endfacet
  facet normal 0.773348 0.633982 0
    outer loop
      vertex 161.8 100.285 7.4
      vertex 161.568 100.568 2.4
      vertex 161.568 100.568 7.4
    endloop
  endfacet
  facet normal 0.773348 0.633982 0
    outer loop
      vertex 161.568 100.568 2.4
      vertex 161.8 100.285 7.4
      vertex 161.8 100.285 2.4
    endloop
  endfacet
  facet normal -0.633982 0.773348 0
    outer loop
      vertex 158.315 100.8 2.4
      vertex 158.032 100.568 7.4
      vertex 158.315 100.8 7.4
    endloop
  endfacet
  facet normal -0.633982 0.773348 0
    outer loop
      vertex 158.032 100.568 7.4
      vertex 158.315 100.8 2.4
      vertex 158.032 100.568 2.4
    endloop
  endfacet
  facet normal 0.633982 0.773348 -0
    outer loop
      vertex 161.568 100.568 2.4
      vertex 161.285 100.8 7.4
      vertex 161.568 100.568 7.4
    endloop
  endfacet
  facet normal 0.633982 0.773348 0
    outer loop
      vertex 161.285 100.8 7.4
      vertex 161.568 100.568 2.4
      vertex 161.285 100.8 2.4
    endloop
  endfacet
  facet normal -0.88198 0.471287 0
    outer loop
      vertex 157.49 99.7567 2.4
      vertex 157.721 100.189 7.4
      vertex 157.721 100.189 2.4
    endloop
  endfacet
  facet normal -0.88198 0.471287 0
    outer loop
      vertex 157.721 100.189 7.4
      vertex 157.49 99.7567 2.4
      vertex 157.49 99.7567 7.4
    endloop
  endfacet
  facet normal -0.773048 0.634348 0
    outer loop
      vertex 157.721 100.189 2.4
      vertex 158.032 100.568 7.4
      vertex 158.032 100.568 2.4
    endloop
  endfacet
  facet normal -0.773048 0.634348 0
    outer loop
      vertex 158.032 100.568 7.4
      vertex 157.721 100.189 2.4
      vertex 157.721 100.189 7.4
    endloop
  endfacet
  facet normal -0.957093 0.289781 0
    outer loop
      vertex 157.348 99.2877 2.4
      vertex 157.49 99.7567 7.4
      vertex 157.49 99.7567 2.4
    endloop
  endfacet
  facet normal -0.957093 0.289781 0
    outer loop
      vertex 157.49 99.7567 7.4
      vertex 157.348 99.2877 2.4
      vertex 157.348 99.2877 7.4
    endloop
  endfacet
  facet normal 0.0978883 -0.995197 0
    outer loop
      vertex 159.8 96.3 2.4
      vertex 160.288 96.348 7.4
      vertex 159.8 96.3 7.4
    endloop
  endfacet
  facet normal 0.0978883 -0.995197 0
    outer loop
      vertex 160.288 96.348 7.4
      vertex 159.8 96.3 2.4
      vertex 160.288 96.348 2.4
    endloop
  endfacet
  facet normal 0.471542 -0.881844 0
    outer loop
      vertex 160.757 96.4903 2.4
      vertex 161.189 96.7213 7.4
      vertex 160.757 96.4903 7.4
    endloop
  endfacet
  facet normal 0.471542 -0.881844 0
    outer loop
      vertex 161.189 96.7213 7.4
      vertex 160.757 96.4903 2.4
      vertex 161.189 96.7213 2.4
    endloop
  endfacet
  facet normal -0.634226 -0.773148 0
    outer loop
      vertex 158.032 97.0322 2.4
      vertex 158.411 96.7213 7.4
      vertex 158.032 97.0322 7.4
    endloop
  endfacet
  facet normal -0.634226 -0.773148 -0
    outer loop
      vertex 158.411 96.7213 7.4
      vertex 158.032 97.0322 2.4
      vertex 158.411 96.7213 2.4
    endloop
  endfacet
  facet normal -0.290341 -0.956923 0
    outer loop
      vertex 158.843 96.4903 2.4
      vertex 159.312 96.348 7.4
      vertex 158.843 96.4903 7.4
    endloop
  endfacet
  facet normal -0.290341 -0.956923 -0
    outer loop
      vertex 159.312 96.348 7.4
      vertex 158.843 96.4903 2.4
      vertex 159.312 96.348 2.4
    endloop
  endfacet
  facet normal -0.881935 -0.471372 0
    outer loop
      vertex 157.721 97.4111 2.4
      vertex 157.49 97.8433 7.4
      vertex 157.49 97.8433 2.4
    endloop
  endfacet
  facet normal -0.881935 -0.471372 0
    outer loop
      vertex 157.49 97.8433 7.4
      vertex 157.721 97.4111 2.4
      vertex 157.721 97.4111 7.4
    endloop
  endfacet
  facet normal -0.772966 -0.634448 0
    outer loop
      vertex 158.032 97.0322 2.4
      vertex 157.721 97.4111 7.4
      vertex 157.721 97.4111 2.4
    endloop
  endfacet
  facet normal -0.772966 -0.634448 0
    outer loop
      vertex 157.721 97.4111 7.4
      vertex 158.032 97.0322 2.4
      vertex 158.032 97.0322 7.4
    endloop
  endfacet
  facet normal -0.995192 -0.0979479 0
    outer loop
      vertex 157.348 98.3123 2.4
      vertex 157.3 98.8 7.4
      vertex 157.3 98.8 2.4
    endloop
  endfacet
  facet normal -0.995192 -0.0979479 0
    outer loop
      vertex 157.3 98.8 7.4
      vertex 157.348 98.3123 2.4
      vertex 157.348 98.3123 7.4
    endloop
  endfacet
  facet normal 0.290341 -0.956923 0
    outer loop
      vertex 160.288 96.348 2.4
      vertex 160.757 96.4903 7.4
      vertex 160.288 96.348 7.4
    endloop
  endfacet
  facet normal 0.290341 -0.956923 0
    outer loop
      vertex 160.757 96.4903 7.4
      vertex 160.288 96.348 2.4
      vertex 160.757 96.4903 2.4
    endloop
  endfacet
  facet normal 0.634226 -0.773148 0
    outer loop
      vertex 161.189 96.7213 2.4
      vertex 161.568 97.0322 7.4
      vertex 161.189 96.7213 7.4
    endloop
  endfacet
  facet normal 0.634226 -0.773148 0
    outer loop
      vertex 161.568 97.0322 7.4
      vertex 161.189 96.7213 2.4
      vertex 161.568 97.0322 2.4
    endloop
  endfacet
  facet normal 0.773348 -0.633982 0
    outer loop
      vertex 161.568 97.0322 7.4
      vertex 161.8 97.3152 2.4
      vertex 161.8 97.3152 7.4
    endloop
  endfacet
  facet normal 0.773348 -0.633982 0
    outer loop
      vertex 161.8 97.3152 2.4
      vertex 161.568 97.0322 7.4
      vertex 161.568 97.0322 2.4
    endloop
  endfacet
  facet normal -0.471542 -0.881844 0
    outer loop
      vertex 158.411 96.7213 2.4
      vertex 158.843 96.4903 7.4
      vertex 158.411 96.7213 7.4
    endloop
  endfacet
  facet normal -0.471542 -0.881844 -0
    outer loop
      vertex 158.843 96.4903 7.4
      vertex 158.411 96.7213 2.4
      vertex 158.843 96.4903 2.4
    endloop
  endfacet
  facet normal -0.0978883 -0.995197 0
    outer loop
      vertex 159.312 96.348 2.4
      vertex 159.8 96.3 7.4
      vertex 159.312 96.348 7.4
    endloop
  endfacet
  facet normal -0.0978883 -0.995197 -0
    outer loop
      vertex 159.8 96.3 7.4
      vertex 159.312 96.348 2.4
      vertex 159.8 96.3 2.4
    endloop
  endfacet
  facet normal -0.957093 -0.289781 0
    outer loop
      vertex 157.49 97.8433 2.4
      vertex 157.348 98.3123 7.4
      vertex 157.348 98.3123 2.4
    endloop
  endfacet
  facet normal -0.957093 -0.289781 0
    outer loop
      vertex 157.348 98.3123 7.4
      vertex 157.49 97.8433 2.4
      vertex 157.49 97.8433 7.4
    endloop
  endfacet
  facet normal -0.991559 -0.129654 0
    outer loop
      vertex 161.1 98.8 2.4
      vertex 161.056 99.1365 7.4
      vertex 161.056 99.1365 2.4
    endloop
  endfacet
  facet normal -0.991559 -0.129654 0
    outer loop
      vertex 161.056 99.1365 7.4
      vertex 161.1 98.8 2.4
      vertex 161.1 98.8 7.4
    endloop
  endfacet
  facet normal 0.991559 -0.129654 0
    outer loop
      vertex 158.5 98.8 7.4
      vertex 158.544 99.1365 2.4
      vertex 158.544 99.1365 7.4
    endloop
  endfacet
  facet normal 0.991559 -0.129654 0
    outer loop
      vertex 158.544 99.1365 2.4
      vertex 158.5 98.8 7.4
      vertex 158.5 98.8 2.4
    endloop
  endfacet
  facet normal -0.129844 -0.991534 0
    outer loop
      vertex 159.8 100.1 2.4
      vertex 160.136 100.056 7.4
      vertex 159.8 100.1 7.4
    endloop
  endfacet
  facet normal -0.129844 -0.991534 -0
    outer loop
      vertex 160.136 100.056 7.4
      vertex 159.8 100.1 2.4
      vertex 160.136 100.056 2.4
    endloop
  endfacet
  facet normal -0.609112 -0.793084 0
    outer loop
      vertex 160.45 99.9258 2.4
      vertex 160.719 99.7192 7.4
      vertex 160.45 99.9258 7.4
    endloop
  endfacet
  facet normal -0.609112 -0.793084 -0
    outer loop
      vertex 160.719 99.7192 7.4
      vertex 160.45 99.9258 2.4
      vertex 160.719 99.7192 2.4
    endloop
  endfacet
  facet normal -0.923729 -0.383046 0
    outer loop
      vertex 161.056 99.1365 2.4
      vertex 160.926 99.45 7.4
      vertex 160.926 99.45 2.4
    endloop
  endfacet
  facet normal -0.923729 -0.383046 0
    outer loop
      vertex 160.926 99.45 7.4
      vertex 161.056 99.1365 2.4
      vertex 161.056 99.1365 7.4
    endloop
  endfacet
  facet normal -0.383027 -0.923737 0
    outer loop
      vertex 160.136 100.056 2.4
      vertex 160.45 99.9258 7.4
      vertex 160.136 100.056 7.4
    endloop
  endfacet
  facet normal -0.383027 -0.923737 -0
    outer loop
      vertex 160.45 99.9258 7.4
      vertex 160.136 100.056 2.4
      vertex 160.45 99.9258 2.4
    endloop
  endfacet
  facet normal 0.609112 -0.793084 0
    outer loop
      vertex 158.881 99.7192 2.4
      vertex 159.15 99.9258 7.4
      vertex 158.881 99.7192 7.4
    endloop
  endfacet
  facet normal 0.609112 -0.793084 0
    outer loop
      vertex 159.15 99.9258 7.4
      vertex 158.881 99.7192 2.4
      vertex 159.15 99.9258 2.4
    endloop
  endfacet
  facet normal 0.792733 -0.609568 0
    outer loop
      vertex 158.674 99.45 7.4
      vertex 158.881 99.7192 2.4
      vertex 158.881 99.7192 7.4
    endloop
  endfacet
  facet normal 0.792733 -0.609568 0
    outer loop
      vertex 158.881 99.7192 2.4
      vertex 158.674 99.45 7.4
      vertex 158.674 99.45 2.4
    endloop
  endfacet
  facet normal 0.383027 -0.923737 0
    outer loop
      vertex 159.15 99.9258 2.4
      vertex 159.464 100.056 7.4
      vertex 159.15 99.9258 7.4
    endloop
  endfacet
  facet normal 0.383027 -0.923737 0
    outer loop
      vertex 159.464 100.056 7.4
      vertex 159.15 99.9258 2.4
      vertex 159.464 100.056 2.4
    endloop
  endfacet
  facet normal -0.923729 0.383046 0
    outer loop
      vertex 160.926 98.15 2.4
      vertex 161.056 98.4635 7.4
      vertex 161.056 98.4635 2.4
    endloop
  endfacet
  facet normal -0.923729 0.383046 0
    outer loop
      vertex 161.056 98.4635 7.4
      vertex 160.926 98.15 2.4
      vertex 160.926 98.15 7.4
    endloop
  endfacet
  facet normal 0.609112 0.793084 -0
    outer loop
      vertex 159.15 97.6742 2.4
      vertex 158.881 97.8808 7.4
      vertex 159.15 97.6742 7.4
    endloop
  endfacet
  facet normal 0.609112 0.793084 0
    outer loop
      vertex 158.881 97.8808 7.4
      vertex 159.15 97.6742 2.4
      vertex 158.881 97.8808 2.4
    endloop
  endfacet
  facet normal -0.792733 -0.609568 0
    outer loop
      vertex 160.926 99.45 2.4
      vertex 160.719 99.7192 7.4
      vertex 160.719 99.7192 2.4
    endloop
  endfacet
  facet normal -0.792733 -0.609568 0
    outer loop
      vertex 160.719 99.7192 7.4
      vertex 160.926 99.45 2.4
      vertex 160.926 99.45 7.4
    endloop
  endfacet
  facet normal 0.923729 -0.383046 0
    outer loop
      vertex 158.544 99.1365 7.4
      vertex 158.674 99.45 2.4
      vertex 158.674 99.45 7.4
    endloop
  endfacet
  facet normal 0.923729 -0.383046 0
    outer loop
      vertex 158.674 99.45 2.4
      vertex 158.544 99.1365 7.4
      vertex 158.544 99.1365 2.4
    endloop
  endfacet
  facet normal 0.129844 -0.991534 0
    outer loop
      vertex 159.464 100.056 2.4
      vertex 159.8 100.1 7.4
      vertex 159.464 100.056 7.4
    endloop
  endfacet
  facet normal 0.129844 -0.991534 0
    outer loop
      vertex 159.8 100.1 7.4
      vertex 159.464 100.056 2.4
      vertex 159.8 100.1 2.4
    endloop
  endfacet
  facet normal -0.991559 0.129654 0
    outer loop
      vertex 161.056 98.4635 2.4
      vertex 161.1 98.8 7.4
      vertex 161.1 98.8 2.4
    endloop
  endfacet
  facet normal -0.991559 0.129654 0
    outer loop
      vertex 161.1 98.8 7.4
      vertex 161.056 98.4635 2.4
      vertex 161.056 98.4635 7.4
    endloop
  endfacet
  facet normal -0.130714 0.99142 0
    outer loop
      vertex 160.136 97.5443 2.4
      vertex 159.8 97.5 7.4
      vertex 160.136 97.5443 7.4
    endloop
  endfacet
  facet normal -0.130714 0.99142 0
    outer loop
      vertex 159.8 97.5 7.4
      vertex 160.136 97.5443 2.4
      vertex 159.8 97.5 2.4
    endloop
  endfacet
  facet normal -0.609112 0.793084 0
    outer loop
      vertex 160.719 97.8808 2.4
      vertex 160.45 97.6742 7.4
      vertex 160.719 97.8808 7.4
    endloop
  endfacet
  facet normal -0.609112 0.793084 0
    outer loop
      vertex 160.45 97.6742 7.4
      vertex 160.719 97.8808 2.4
      vertex 160.45 97.6742 2.4
    endloop
  endfacet
  facet normal 0.382274 0.924049 -0
    outer loop
      vertex 159.464 97.5443 2.4
      vertex 159.15 97.6742 7.4
      vertex 159.464 97.5443 7.4
    endloop
  endfacet
  facet normal 0.382274 0.924049 0
    outer loop
      vertex 159.15 97.6742 7.4
      vertex 159.464 97.5443 2.4
      vertex 159.15 97.6742 2.4
    endloop
  endfacet
  facet normal 0.792733 0.609568 0
    outer loop
      vertex 158.881 97.8808 7.4
      vertex 158.674 98.15 2.4
      vertex 158.674 98.15 7.4
    endloop
  endfacet
  facet normal 0.792733 0.609568 0
    outer loop
      vertex 158.674 98.15 2.4
      vertex 158.881 97.8808 7.4
      vertex 158.881 97.8808 2.4
    endloop
  endfacet
  facet normal 0.991559 0.129654 0
    outer loop
      vertex 158.544 98.4635 7.4
      vertex 158.5 98.8 2.4
      vertex 158.5 98.8 7.4
    endloop
  endfacet
  facet normal 0.991559 0.129654 0
    outer loop
      vertex 158.5 98.8 2.4
      vertex 158.544 98.4635 7.4
      vertex 158.544 98.4635 2.4
    endloop
  endfacet
  facet normal -0.382274 0.924049 0
    outer loop
      vertex 160.45 97.6742 2.4
      vertex 160.136 97.5443 7.4
      vertex 160.45 97.6742 7.4
    endloop
  endfacet
  facet normal -0.382274 0.924049 0
    outer loop
      vertex 160.136 97.5443 7.4
      vertex 160.45 97.6742 2.4
      vertex 160.136 97.5443 2.4
    endloop
  endfacet
  facet normal -0.792733 0.609568 0
    outer loop
      vertex 160.719 97.8808 2.4
      vertex 160.926 98.15 7.4
      vertex 160.926 98.15 2.4
    endloop
  endfacet
  facet normal -0.792733 0.609568 0
    outer loop
      vertex 160.926 98.15 7.4
      vertex 160.719 97.8808 2.4
      vertex 160.719 97.8808 7.4
    endloop
  endfacet
  facet normal 0.130714 0.99142 -0
    outer loop
      vertex 159.8 97.5 2.4
      vertex 159.464 97.5443 7.4
      vertex 159.8 97.5 7.4
    endloop
  endfacet
  facet normal 0.130714 0.99142 0
    outer loop
      vertex 159.464 97.5443 7.4
      vertex 159.8 97.5 2.4
      vertex 159.464 97.5443 2.4
    endloop
  endfacet
  facet normal 0.923729 0.383046 0
    outer loop
      vertex 158.674 98.15 7.4
      vertex 158.544 98.4635 2.4
      vertex 158.544 98.4635 7.4
    endloop
  endfacet
  facet normal 0.923729 0.383046 0
    outer loop
      vertex 158.544 98.4635 2.4
      vertex 158.674 98.15 7.4
      vertex 158.674 98.15 2.4
    endloop
  endfacet
  facet normal 0.995184 0.0980287 0
    outer loop
      vertex 9.9 16.4 7.4
      vertex 9.85196 16.8877 2.4
      vertex 9.85196 16.8877 7.4
    endloop
  endfacet
  facet normal 0.995184 0.0980287 0
    outer loop
      vertex 9.85196 16.8877 2.4
      vertex 9.9 16.4 7.4
      vertex 9.9 16.4 2.4
    endloop
  endfacet
  facet normal 0.0979419 0.995192 -0
    outer loop
      vertex 7.88773 18.852 2.4
      vertex 7.4 18.9 7.4
      vertex 7.88773 18.852 7.4
    endloop
  endfacet
  facet normal 0.0979419 0.995192 0
    outer loop
      vertex 7.4 18.9 7.4
      vertex 7.88773 18.852 2.4
      vertex 7.4 18.9 2.4
    endloop
  endfacet
  facet normal 0.773066 0.634326 0
    outer loop
      vertex 9.47867 17.7889 7.4
      vertex 9.16777 18.1678 2.4
      vertex 9.16777 18.1678 7.4
    endloop
  endfacet
  facet normal 0.773066 0.634326 0
    outer loop
      vertex 9.16777 18.1678 2.4
      vertex 9.47867 17.7889 7.4
      vertex 9.47867 17.7889 2.4
    endloop
  endfacet
  facet normal -0.634386 0.773016 0
    outer loop
      vertex 6.01107 18.4787 2.4
      vertex 5.63223 18.1678 7.4
      vertex 6.01107 18.4787 7.4
    endloop
  endfacet
  facet normal -0.634386 0.773016 0
    outer loop
      vertex 5.63223 18.1678 7.4
      vertex 6.01107 18.4787 2.4
      vertex 5.63223 18.1678 2.4
    endloop
  endfacet
  facet normal -0.290353 0.95692 0
    outer loop
      vertex 6.91227 18.852 2.4
      vertex 6.44329 18.7097 7.4
      vertex 6.91227 18.852 7.4
    endloop
  endfacet
  facet normal -0.290353 0.95692 0
    outer loop
      vertex 6.44329 18.7097 7.4
      vertex 6.91227 18.852 2.4
      vertex 6.44329 18.7097 2.4
    endloop
  endfacet
  facet normal 0.881909 0.471419 0
    outer loop
      vertex 9.7097 17.3567 7.4
      vertex 9.47867 17.7889 2.4
      vertex 9.47867 17.7889 7.4
    endloop
  endfacet
  facet normal 0.881909 0.471419 0
    outer loop
      vertex 9.47867 17.7889 2.4
      vertex 9.7097 17.3567 7.4
      vertex 9.7097 17.3567 2.4
    endloop
  endfacet
  facet normal 0.956946 0.290267 0
    outer loop
      vertex 9.85196 16.8877 7.4
      vertex 9.7097 17.3567 2.4
      vertex 9.7097 17.3567 7.4
    endloop
  endfacet
  facet normal 0.956946 0.290267 0
    outer loop
      vertex 9.7097 17.3567 2.4
      vertex 9.85196 16.8877 7.4
      vertex 9.85196 16.8877 2.4
    endloop
  endfacet
  facet normal 0.471355 0.881944 -0
    outer loop
      vertex 8.78893 18.4787 2.4
      vertex 8.35671 18.7097 7.4
      vertex 8.78893 18.4787 7.4
    endloop
  endfacet
  facet normal 0.471355 0.881944 0
    outer loop
      vertex 8.35671 18.7097 7.4
      vertex 8.78893 18.4787 2.4
      vertex 8.35671 18.7097 2.4
    endloop
  endfacet
  facet normal 0.290353 0.95692 -0
    outer loop
      vertex 8.35671 18.7097 2.4
      vertex 7.88773 18.852 7.4
      vertex 8.35671 18.7097 7.4
    endloop
  endfacet
  facet normal 0.290353 0.95692 0
    outer loop
      vertex 7.88773 18.852 7.4
      vertex 8.35671 18.7097 2.4
      vertex 7.88773 18.852 2.4
    endloop
  endfacet
  facet normal 0.634386 0.773016 -0
    outer loop
      vertex 9.16777 18.1678 2.4
      vertex 8.78893 18.4787 7.4
      vertex 9.16777 18.1678 7.4
    endloop
  endfacet
  facet normal 0.634386 0.773016 0
    outer loop
      vertex 8.78893 18.4787 7.4
      vertex 9.16777 18.1678 2.4
      vertex 8.78893 18.4787 2.4
    endloop
  endfacet
  facet normal -0.77304 0.634357 0
    outer loop
      vertex 5.4 17.8848 2.4
      vertex 5.63223 18.1678 7.4
      vertex 5.63223 18.1678 2.4
    endloop
  endfacet
  facet normal -0.77304 0.634357 0
    outer loop
      vertex 5.63223 18.1678 7.4
      vertex 5.4 17.8848 2.4
      vertex 5.4 17.8848 7.4
    endloop
  endfacet
  facet normal -0.471355 0.881944 0
    outer loop
      vertex 6.44329 18.7097 2.4
      vertex 6.01107 18.4787 7.4
      vertex 6.44329 18.7097 7.4
    endloop
  endfacet
  facet normal -0.471355 0.881944 0
    outer loop
      vertex 6.01107 18.4787 7.4
      vertex 6.44329 18.7097 2.4
      vertex 6.01107 18.4787 2.4
    endloop
  endfacet
  facet normal -0.0979419 0.995192 0
    outer loop
      vertex 7.4 18.9 2.4
      vertex 6.91227 18.852 7.4
      vertex 7.4 18.9 7.4
    endloop
  endfacet
  facet normal -0.0979419 0.995192 0
    outer loop
      vertex 6.91227 18.852 7.4
      vertex 7.4 18.9 2.4
      vertex 6.91227 18.852 2.4
    endloop
  endfacet
  facet normal 0.995184 -0.0980287 0
    outer loop
      vertex 9.85196 15.9123 7.4
      vertex 9.9 16.4 2.4
      vertex 9.9 16.4 7.4
    endloop
  endfacet
  facet normal 0.995184 -0.0980287 0
    outer loop
      vertex 9.9 16.4 2.4
      vertex 9.85196 15.9123 7.4
      vertex 9.85196 15.9123 2.4
    endloop
  endfacet
  facet normal -0.634335 -0.773058 0
    outer loop
      vertex 5.63223 14.6322 2.4
      vertex 5.91521 14.4 7.4
      vertex 5.63223 14.6322 7.4
    endloop
  endfacet
  facet normal -0.634335 -0.773058 -0
    outer loop
      vertex 5.91521 14.4 7.4
      vertex 5.63223 14.6322 2.4
      vertex 5.91521 14.4 2.4
    endloop
  endfacet
  facet normal -0.77304 -0.634357 0
    outer loop
      vertex 5.63223 14.6322 2.4
      vertex 5.4 14.9152 7.4
      vertex 5.4 14.9152 2.4
    endloop
  endfacet
  facet normal -0.77304 -0.634357 0
    outer loop
      vertex 5.4 14.9152 7.4
      vertex 5.63223 14.6322 2.4
      vertex 5.63223 14.6322 7.4
    endloop
  endfacet
  facet normal 0.634335 -0.773058 0
    outer loop
      vertex 8.88479 14.4 2.4
      vertex 9.16777 14.6322 7.4
      vertex 8.88479 14.4 7.4
    endloop
  endfacet
  facet normal 0.634335 -0.773058 0
    outer loop
      vertex 9.16777 14.6322 7.4
      vertex 8.88479 14.4 2.4
      vertex 9.16777 14.6322 2.4
    endloop
  endfacet
  facet normal 0.773066 -0.634326 0
    outer loop
      vertex 9.16777 14.6322 7.4
      vertex 9.47867 15.0111 2.4
      vertex 9.47867 15.0111 7.4
    endloop
  endfacet
  facet normal 0.773066 -0.634326 0
    outer loop
      vertex 9.47867 15.0111 2.4
      vertex 9.16777 14.6322 7.4
      vertex 9.16777 14.6322 2.4
    endloop
  endfacet
  facet normal 0.956946 -0.290267 0
    outer loop
      vertex 9.7097 15.4433 7.4
      vertex 9.85196 15.9123 2.4
      vertex 9.85196 15.9123 7.4
    endloop
  endfacet
  facet normal 0.956946 -0.290267 0
    outer loop
      vertex 9.85196 15.9123 2.4
      vertex 9.7097 15.4433 7.4
      vertex 9.7097 15.4433 2.4
    endloop
  endfacet
  facet normal 0.881909 -0.471419 0
    outer loop
      vertex 9.47867 15.0111 7.4
      vertex 9.7097 15.4433 2.4
      vertex 9.7097 15.4433 7.4
    endloop
  endfacet
  facet normal 0.881909 -0.471419 0
    outer loop
      vertex 9.7097 15.4433 2.4
      vertex 9.47867 15.0111 7.4
      vertex 9.47867 15.0111 2.4
    endloop
  endfacet
  facet normal -0.991445 -0.130523 0
    outer loop
      vertex 8.7 16.4 2.4
      vertex 8.6557 16.7365 7.4
      vertex 8.6557 16.7365 2.4
    endloop
  endfacet
  facet normal -0.991445 -0.130523 0
    outer loop
      vertex 8.6557 16.7365 7.4
      vertex 8.7 16.4 2.4
      vertex 8.7 16.4 7.4
    endloop
  endfacet
  facet normal 0.991445 -0.130523 0
    outer loop
      vertex 6.1 16.4 7.4
      vertex 6.1443 16.7365 2.4
      vertex 6.1443 16.7365 7.4
    endloop
  endfacet
  facet normal 0.991445 -0.130523 0
    outer loop
      vertex 6.1443 16.7365 2.4
      vertex 6.1 16.4 7.4
      vertex 6.1 16.4 2.4
    endloop
  endfacet
  facet normal -0.130538 -0.991443 0
    outer loop
      vertex 7.4 17.7 2.4
      vertex 7.73646 17.6557 7.4
      vertex 7.4 17.7 7.4
    endloop
  endfacet
  facet normal -0.130538 -0.991443 -0
    outer loop
      vertex 7.73646 17.6557 7.4
      vertex 7.4 17.7 2.4
      vertex 7.73646 17.6557 2.4
    endloop
  endfacet
  facet normal -0.60877 -0.793346 0
    outer loop
      vertex 8.05 17.5258 2.4
      vertex 8.31924 17.3192 7.4
      vertex 8.05 17.5258 7.4
    endloop
  endfacet
  facet normal -0.60877 -0.793346 -0
    outer loop
      vertex 8.31924 17.3192 7.4
      vertex 8.05 17.5258 2.4
      vertex 8.31924 17.3192 2.4
    endloop
  endfacet
  facet normal -0.923865 -0.382719 0
    outer loop
      vertex 8.6557 16.7365 2.4
      vertex 8.52583 17.05 7.4
      vertex 8.52583 17.05 2.4
    endloop
  endfacet
  facet normal -0.923865 -0.382719 0
    outer loop
      vertex 8.52583 17.05 7.4
      vertex 8.6557 16.7365 2.4
      vertex 8.6557 16.7365 7.4
    endloop
  endfacet
  facet normal -0.382753 -0.923851 0
    outer loop
      vertex 7.73646 17.6557 2.4
      vertex 8.05 17.5258 7.4
      vertex 7.73646 17.6557 7.4
    endloop
  endfacet
  facet normal -0.382753 -0.923851 -0
    outer loop
      vertex 8.05 17.5258 7.4
      vertex 7.73646 17.6557 2.4
      vertex 8.05 17.5258 2.4
    endloop
  endfacet
  facet normal 0.60877 -0.793346 0
    outer loop
      vertex 6.48076 17.3192 2.4
      vertex 6.75 17.5258 7.4
      vertex 6.48076 17.3192 7.4
    endloop
  endfacet
  facet normal 0.60877 -0.793346 0
    outer loop
      vertex 6.75 17.5258 7.4
      vertex 6.48076 17.3192 2.4
      vertex 6.75 17.5258 2.4
    endloop
  endfacet
  facet normal 0.793317 -0.608809 0
    outer loop
      vertex 6.27417 17.05 7.4
      vertex 6.48076 17.3192 2.4
      vertex 6.48076 17.3192 7.4
    endloop
  endfacet
  facet normal 0.793317 -0.608809 0
    outer loop
      vertex 6.48076 17.3192 2.4
      vertex 6.27417 17.05 7.4
      vertex 6.27417 17.05 2.4
    endloop
  endfacet
  facet normal 0.382753 -0.923851 0
    outer loop
      vertex 6.75 17.5258 2.4
      vertex 7.06354 17.6557 7.4
      vertex 6.75 17.5258 7.4
    endloop
  endfacet
  facet normal 0.382753 -0.923851 0
    outer loop
      vertex 7.06354 17.6557 7.4
      vertex 6.75 17.5258 2.4
      vertex 7.06354 17.6557 2.4
    endloop
  endfacet
  facet normal -0.923865 0.382719 0
    outer loop
      vertex 8.52583 15.75 2.4
      vertex 8.6557 16.0635 7.4
      vertex 8.6557 16.0635 2.4
    endloop
  endfacet
  facet normal -0.923865 0.382719 0
    outer loop
      vertex 8.6557 16.0635 7.4
      vertex 8.52583 15.75 2.4
      vertex 8.52583 15.75 7.4
    endloop
  endfacet
  facet normal 0.60877 0.793346 -0
    outer loop
      vertex 6.75 15.2742 2.4
      vertex 6.48076 15.4808 7.4
      vertex 6.75 15.2742 7.4
    endloop
  endfacet
  facet normal 0.60877 0.793346 0
    outer loop
      vertex 6.48076 15.4808 7.4
      vertex 6.75 15.2742 2.4
      vertex 6.48076 15.4808 2.4
    endloop
  endfacet
  facet normal -0.793317 -0.608809 0
    outer loop
      vertex 8.52583 17.05 2.4
      vertex 8.31924 17.3192 7.4
      vertex 8.31924 17.3192 2.4
    endloop
  endfacet
  facet normal -0.793317 -0.608809 0
    outer loop
      vertex 8.31924 17.3192 7.4
      vertex 8.52583 17.05 2.4
      vertex 8.52583 17.05 7.4
    endloop
  endfacet
  facet normal 0.923865 -0.382719 0
    outer loop
      vertex 6.1443 16.7365 7.4
      vertex 6.27417 17.05 2.4
      vertex 6.27417 17.05 7.4
    endloop
  endfacet
  facet normal 0.923865 -0.382719 0
    outer loop
      vertex 6.27417 17.05 2.4
      vertex 6.1443 16.7365 7.4
      vertex 6.1443 16.7365 2.4
    endloop
  endfacet
  facet normal 0.130538 -0.991443 0
    outer loop
      vertex 7.06354 17.6557 2.4
      vertex 7.4 17.7 7.4
      vertex 7.06354 17.6557 7.4
    endloop
  endfacet
  facet normal 0.130538 -0.991443 0
    outer loop
      vertex 7.4 17.7 7.4
      vertex 7.06354 17.6557 2.4
      vertex 7.4 17.7 2.4
    endloop
  endfacet
  facet normal -0.991445 0.130523 0
    outer loop
      vertex 8.6557 16.0635 2.4
      vertex 8.7 16.4 7.4
      vertex 8.7 16.4 2.4
    endloop
  endfacet
  facet normal -0.991445 0.130523 0
    outer loop
      vertex 8.7 16.4 7.4
      vertex 8.6557 16.0635 2.4
      vertex 8.6557 16.0635 7.4
    endloop
  endfacet
  facet normal -0.130538 0.991443 0
    outer loop
      vertex 7.73646 15.1443 2.4
      vertex 7.4 15.1 7.4
      vertex 7.73646 15.1443 7.4
    endloop
  endfacet
  facet normal -0.130538 0.991443 0
    outer loop
      vertex 7.4 15.1 7.4
      vertex 7.73646 15.1443 2.4
      vertex 7.4 15.1 2.4
    endloop
  endfacet
  facet normal -0.60877 0.793346 0
    outer loop
      vertex 8.31924 15.4808 2.4
      vertex 8.05 15.2742 7.4
      vertex 8.31924 15.4808 7.4
    endloop
  endfacet
  facet normal -0.60877 0.793346 0
    outer loop
      vertex 8.05 15.2742 7.4
      vertex 8.31924 15.4808 2.4
      vertex 8.05 15.2742 2.4
    endloop
  endfacet
  facet normal 0.382753 0.923851 -0
    outer loop
      vertex 7.06354 15.1443 2.4
      vertex 6.75 15.2742 7.4
      vertex 7.06354 15.1443 7.4
    endloop
  endfacet
  facet normal 0.382753 0.923851 0
    outer loop
      vertex 6.75 15.2742 7.4
      vertex 7.06354 15.1443 2.4
      vertex 6.75 15.2742 2.4
    endloop
  endfacet
  facet normal 0.793317 0.608809 0
    outer loop
      vertex 6.48076 15.4808 7.4
      vertex 6.27417 15.75 2.4
      vertex 6.27417 15.75 7.4
    endloop
  endfacet
  facet normal 0.793317 0.608809 0
    outer loop
      vertex 6.27417 15.75 2.4
      vertex 6.48076 15.4808 7.4
      vertex 6.48076 15.4808 2.4
    endloop
  endfacet
  facet normal 0.991445 0.130523 0
    outer loop
      vertex 6.1443 16.0635 7.4
      vertex 6.1 16.4 2.4
      vertex 6.1 16.4 7.4
    endloop
  endfacet
  facet normal 0.991445 0.130523 0
    outer loop
      vertex 6.1 16.4 2.4
      vertex 6.1443 16.0635 7.4
      vertex 6.1443 16.0635 2.4
    endloop
  endfacet
  facet normal -0.382753 0.923851 0
    outer loop
      vertex 8.05 15.2742 2.4
      vertex 7.73646 15.1443 7.4
      vertex 8.05 15.2742 7.4
    endloop
  endfacet
  facet normal -0.382753 0.923851 0
    outer loop
      vertex 7.73646 15.1443 7.4
      vertex 8.05 15.2742 2.4
      vertex 7.73646 15.1443 2.4
    endloop
  endfacet
  facet normal -0.793317 0.608809 0
    outer loop
      vertex 8.31924 15.4808 2.4
      vertex 8.52583 15.75 7.4
      vertex 8.52583 15.75 2.4
    endloop
  endfacet
  facet normal -0.793317 0.608809 0
    outer loop
      vertex 8.52583 15.75 7.4
      vertex 8.31924 15.4808 2.4
      vertex 8.31924 15.4808 7.4
    endloop
  endfacet
  facet normal 0.130538 0.991443 -0
    outer loop
      vertex 7.4 15.1 2.4
      vertex 7.06354 15.1443 7.4
      vertex 7.4 15.1 7.4
    endloop
  endfacet
  facet normal 0.130538 0.991443 0
    outer loop
      vertex 7.06354 15.1443 7.4
      vertex 7.4 15.1 2.4
      vertex 7.06354 15.1443 2.4
    endloop
  endfacet
  facet normal 0.923865 0.382719 0
    outer loop
      vertex 6.27417 15.75 7.4
      vertex 6.1443 16.0635 2.4
      vertex 6.1443 16.0635 7.4
    endloop
  endfacet
  facet normal 0.923865 0.382719 0
    outer loop
      vertex 6.1443 16.0635 2.4
      vertex 6.27417 15.75 7.4
      vertex 6.27417 15.75 2.4
    endloop
  endfacet
  facet normal 0.995192 0.0979479 0
    outer loop
      vertex 86.1 16.4 7.4
      vertex 86.052 16.8877 2.4
      vertex 86.052 16.8877 7.4
    endloop
  endfacet
  facet normal 0.995192 0.0979479 0
    outer loop
      vertex 86.052 16.8877 2.4
      vertex 86.1 16.4 7.4
      vertex 86.1 16.4 2.4
    endloop
  endfacet
  facet normal -0.995192 0.0979479 0
    outer loop
      vertex 81.1 16.4 2.4
      vertex 81.148 16.8877 7.4
      vertex 81.148 16.8877 2.4
    endloop
  endfacet
  facet normal -0.995192 0.0979479 0
    outer loop
      vertex 81.148 16.8877 7.4
      vertex 81.1 16.4 2.4
      vertex 81.1 16.4 7.4
    endloop
  endfacet
  facet normal 0.0979479 0.995192 -0
    outer loop
      vertex 84.0877 18.852 2.4
      vertex 83.6 18.9 7.4
      vertex 84.0877 18.852 7.4
    endloop
  endfacet
  facet normal 0.0979479 0.995192 0
    outer loop
      vertex 83.6 18.9 7.4
      vertex 84.0877 18.852 2.4
      vertex 83.6 18.9 2.4
    endloop
  endfacet
  facet normal 0.773066 0.634326 0
    outer loop
      vertex 85.6787 17.7889 7.4
      vertex 85.3678 18.1678 2.4
      vertex 85.3678 18.1678 7.4
    endloop
  endfacet
  facet normal 0.773066 0.634326 0
    outer loop
      vertex 85.3678 18.1678 2.4
      vertex 85.6787 17.7889 7.4
      vertex 85.6787 17.7889 2.4
    endloop
  endfacet
  facet normal -0.634326 0.773066 0
    outer loop
      vertex 82.2111 18.4787 2.4
      vertex 81.8322 18.1678 7.4
      vertex 82.2111 18.4787 7.4
    endloop
  endfacet
  facet normal -0.634326 0.773066 0
    outer loop
      vertex 81.8322 18.1678 7.4
      vertex 82.2111 18.4787 2.4
      vertex 81.8322 18.1678 2.4
    endloop
  endfacet
  facet normal -0.290341 0.956923 0
    outer loop
      vertex 83.1123 18.852 2.4
      vertex 82.6433 18.7097 7.4
      vertex 83.1123 18.852 7.4
    endloop
  endfacet
  facet normal -0.290341 0.956923 0
    outer loop
      vertex 82.6433 18.7097 7.4
      vertex 83.1123 18.852 2.4
      vertex 82.6433 18.7097 2.4
    endloop
  endfacet
  facet normal 0.881935 0.471372 0
    outer loop
      vertex 85.9097 17.3567 7.4
      vertex 85.6787 17.7889 2.4
      vertex 85.6787 17.7889 7.4
    endloop
  endfacet
  facet normal 0.881935 0.471372 0
    outer loop
      vertex 85.6787 17.7889 2.4
      vertex 85.9097 17.3567 7.4
      vertex 85.9097 17.3567 2.4
    endloop
  endfacet
  facet normal 0.956923 0.290341 0
    outer loop
      vertex 86.052 16.8877 7.4
      vertex 85.9097 17.3567 2.4
      vertex 85.9097 17.3567 7.4
    endloop
  endfacet
  facet normal 0.956923 0.290341 0
    outer loop
      vertex 85.9097 17.3567 2.4
      vertex 86.052 16.8877 7.4
      vertex 86.052 16.8877 2.4
    endloop
  endfacet
  facet normal 0.471372 0.881935 -0
    outer loop
      vertex 84.9889 18.4787 2.4
      vertex 84.5567 18.7097 7.4
      vertex 84.9889 18.4787 7.4
    endloop
  endfacet
  facet normal 0.471372 0.881935 0
    outer loop
      vertex 84.5567 18.7097 7.4
      vertex 84.9889 18.4787 2.4
      vertex 84.5567 18.7097 2.4
    endloop
  endfacet
  facet normal 0.290341 0.956923 -0
    outer loop
      vertex 84.5567 18.7097 2.4
      vertex 84.0877 18.852 7.4
      vertex 84.5567 18.7097 7.4
    endloop
  endfacet
  facet normal 0.290341 0.956923 0
    outer loop
      vertex 84.0877 18.852 7.4
      vertex 84.5567 18.7097 2.4
      vertex 84.0877 18.852 2.4
    endloop
  endfacet
  facet normal 0.634326 0.773066 -0
    outer loop
      vertex 85.3678 18.1678 2.4
      vertex 84.9889 18.4787 7.4
      vertex 85.3678 18.1678 7.4
    endloop
  endfacet
  facet normal 0.634326 0.773066 0
    outer loop
      vertex 84.9889 18.4787 7.4
      vertex 85.3678 18.1678 2.4
      vertex 84.9889 18.4787 2.4
    endloop
  endfacet
  facet normal -0.881935 0.471372 0
    outer loop
      vertex 81.2903 17.3567 2.4
      vertex 81.5213 17.7889 7.4
      vertex 81.5213 17.7889 2.4
    endloop
  endfacet
  facet normal -0.881935 0.471372 0
    outer loop
      vertex 81.5213 17.7889 7.4
      vertex 81.2903 17.3567 2.4
      vertex 81.2903 17.3567 7.4
    endloop
  endfacet
  facet normal -0.773066 0.634326 0
    outer loop
      vertex 81.5213 17.7889 2.4
      vertex 81.8322 18.1678 7.4
      vertex 81.8322 18.1678 2.4
    endloop
  endfacet
  facet normal -0.773066 0.634326 0
    outer loop
      vertex 81.8322 18.1678 7.4
      vertex 81.5213 17.7889 2.4
      vertex 81.5213 17.7889 7.4
    endloop
  endfacet
  facet normal -0.956923 0.290341 0
    outer loop
      vertex 81.148 16.8877 2.4
      vertex 81.2903 17.3567 7.4
      vertex 81.2903 17.3567 2.4
    endloop
  endfacet
  facet normal -0.956923 0.290341 0
    outer loop
      vertex 81.2903 17.3567 7.4
      vertex 81.148 16.8877 2.4
      vertex 81.148 16.8877 7.4
    endloop
  endfacet
  facet normal -0.471372 0.881935 0
    outer loop
      vertex 82.6433 18.7097 2.4
      vertex 82.2111 18.4787 7.4
      vertex 82.6433 18.7097 7.4
    endloop
  endfacet
  facet normal -0.471372 0.881935 0
    outer loop
      vertex 82.2111 18.4787 7.4
      vertex 82.6433 18.7097 2.4
      vertex 82.2111 18.4787 2.4
    endloop
  endfacet
  facet normal -0.0979479 0.995192 0
    outer loop
      vertex 83.6 18.9 2.4
      vertex 83.1123 18.852 7.4
      vertex 83.6 18.9 7.4
    endloop
  endfacet
  facet normal -0.0979479 0.995192 0
    outer loop
      vertex 83.1123 18.852 7.4
      vertex 83.6 18.9 2.4
      vertex 83.1123 18.852 2.4
    endloop
  endfacet
  facet normal 0.995192 -0.0979479 0
    outer loop
      vertex 86.052 15.9123 7.4
      vertex 86.1 16.4 2.4
      vertex 86.1 16.4 7.4
    endloop
  endfacet
  facet normal 0.995192 -0.0979479 0
    outer loop
      vertex 86.1 16.4 2.4
      vertex 86.052 15.9123 7.4
      vertex 86.052 15.9123 2.4
    endloop
  endfacet
  facet normal -0.634308 -0.77308 0
    outer loop
      vertex 81.8322 14.6322 2.4
      vertex 82.1152 14.4 7.4
      vertex 81.8322 14.6322 7.4
    endloop
  endfacet
  facet normal -0.634308 -0.77308 -0
    outer loop
      vertex 82.1152 14.4 7.4
      vertex 81.8322 14.6322 2.4
      vertex 82.1152 14.4 2.4
    endloop
  endfacet
  facet normal -0.881935 -0.471372 0
    outer loop
      vertex 81.5213 15.0111 2.4
      vertex 81.2903 15.4433 7.4
      vertex 81.2903 15.4433 2.4
    endloop
  endfacet
  facet normal -0.881935 -0.471372 0
    outer loop
      vertex 81.2903 15.4433 7.4
      vertex 81.5213 15.0111 2.4
      vertex 81.5213 15.0111 7.4
    endloop
  endfacet
  facet normal -0.773066 -0.634326 0
    outer loop
      vertex 81.8322 14.6322 2.4
      vertex 81.5213 15.0111 7.4
      vertex 81.5213 15.0111 2.4
    endloop
  endfacet
  facet normal -0.773066 -0.634326 0
    outer loop
      vertex 81.5213 15.0111 7.4
      vertex 81.8322 14.6322 2.4
      vertex 81.8322 14.6322 7.4
    endloop
  endfacet
  facet normal -0.995192 -0.0979479 0
    outer loop
      vertex 81.148 15.9123 2.4
      vertex 81.1 16.4 7.4
      vertex 81.1 16.4 2.4
    endloop
  endfacet
  facet normal -0.995192 -0.0979479 0
    outer loop
      vertex 81.1 16.4 7.4
      vertex 81.148 15.9123 2.4
      vertex 81.148 15.9123 7.4
    endloop
  endfacet
  facet normal 0.634308 -0.77308 0
    outer loop
      vertex 85.0848 14.4 2.4
      vertex 85.3678 14.6322 7.4
      vertex 85.0848 14.4 7.4
    endloop
  endfacet
  facet normal 0.634308 -0.77308 0
    outer loop
      vertex 85.3678 14.6322 7.4
      vertex 85.0848 14.4 2.4
      vertex 85.3678 14.6322 2.4
    endloop
  endfacet
  facet normal 0.773066 -0.634326 0
    outer loop
      vertex 85.3678 14.6322 7.4
      vertex 85.6787 15.0111 2.4
      vertex 85.6787 15.0111 7.4
    endloop
  endfacet
  facet normal 0.773066 -0.634326 0
    outer loop
      vertex 85.6787 15.0111 2.4
      vertex 85.3678 14.6322 7.4
      vertex 85.3678 14.6322 2.4
    endloop
  endfacet
  facet normal -0.956923 -0.290341 0
    outer loop
      vertex 81.2903 15.4433 2.4
      vertex 81.148 15.9123 7.4
      vertex 81.148 15.9123 2.4
    endloop
  endfacet
  facet normal -0.956923 -0.290341 0
    outer loop
      vertex 81.148 15.9123 7.4
      vertex 81.2903 15.4433 2.4
      vertex 81.2903 15.4433 7.4
    endloop
  endfacet
  facet normal 0.956923 -0.290341 0
    outer loop
      vertex 85.9097 15.4433 7.4
      vertex 86.052 15.9123 2.4
      vertex 86.052 15.9123 7.4
    endloop
  endfacet
  facet normal 0.956923 -0.290341 0
    outer loop
      vertex 86.052 15.9123 2.4
      vertex 85.9097 15.4433 7.4
      vertex 85.9097 15.4433 2.4
    endloop
  endfacet
  facet normal 0.881935 -0.471372 0
    outer loop
      vertex 85.6787 15.0111 7.4
      vertex 85.9097 15.4433 2.4
      vertex 85.9097 15.4433 7.4
    endloop
  endfacet
  facet normal 0.881935 -0.471372 0
    outer loop
      vertex 85.9097 15.4433 2.4
      vertex 85.6787 15.0111 7.4
      vertex 85.6787 15.0111 2.4
    endloop
  endfacet
  facet normal -0.991445 -0.130523 0
    outer loop
      vertex 84.9 16.4 2.4
      vertex 84.8557 16.7365 7.4
      vertex 84.8557 16.7365 2.4
    endloop
  endfacet
  facet normal -0.991445 -0.130523 0
    outer loop
      vertex 84.8557 16.7365 7.4
      vertex 84.9 16.4 2.4
      vertex 84.9 16.4 7.4
    endloop
  endfacet
  facet normal 0.991445 -0.130523 0
    outer loop
      vertex 82.3 16.4 7.4
      vertex 82.3443 16.7365 2.4
      vertex 82.3443 16.7365 7.4
    endloop
  endfacet
  facet normal 0.991445 -0.130523 0
    outer loop
      vertex 82.3443 16.7365 2.4
      vertex 82.3 16.4 7.4
      vertex 82.3 16.4 2.4
    endloop
  endfacet
  facet normal -0.130523 -0.991445 0
    outer loop
      vertex 83.6 17.7 2.4
      vertex 83.9365 17.6557 7.4
      vertex 83.6 17.7 7.4
    endloop
  endfacet
  facet normal -0.130523 -0.991445 -0
    outer loop
      vertex 83.9365 17.6557 7.4
      vertex 83.6 17.7 2.4
      vertex 83.9365 17.6557 2.4
    endloop
  endfacet
  facet normal -0.608827 -0.793303 0
    outer loop
      vertex 84.25 17.5258 2.4
      vertex 84.5192 17.3192 7.4
      vertex 84.25 17.5258 7.4
    endloop
  endfacet
  facet normal -0.608827 -0.793303 -0
    outer loop
      vertex 84.5192 17.3192 7.4
      vertex 84.25 17.5258 2.4
      vertex 84.5192 17.3192 2.4
    endloop
  endfacet
  facet normal -0.923834 -0.382794 0
    outer loop
      vertex 84.8557 16.7365 2.4
      vertex 84.7258 17.05 7.4
      vertex 84.7258 17.05 2.4
    endloop
  endfacet
  facet normal -0.923834 -0.382794 0
    outer loop
      vertex 84.7258 17.05 7.4
      vertex 84.8557 16.7365 2.4
      vertex 84.8557 16.7365 7.4
    endloop
  endfacet
  facet normal -0.382794 -0.923834 0
    outer loop
      vertex 83.9365 17.6557 2.4
      vertex 84.25 17.5258 7.4
      vertex 83.9365 17.6557 7.4
    endloop
  endfacet
  facet normal -0.382794 -0.923834 -0
    outer loop
      vertex 84.25 17.5258 7.4
      vertex 83.9365 17.6557 2.4
      vertex 84.25 17.5258 2.4
    endloop
  endfacet
  facet normal 0.608827 -0.793303 0
    outer loop
      vertex 82.6808 17.3192 2.4
      vertex 82.95 17.5258 7.4
      vertex 82.6808 17.3192 7.4
    endloop
  endfacet
  facet normal 0.608827 -0.793303 0
    outer loop
      vertex 82.95 17.5258 7.4
      vertex 82.6808 17.3192 2.4
      vertex 82.95 17.5258 2.4
    endloop
  endfacet
  facet normal 0.793303 -0.608827 0
    outer loop
      vertex 82.4742 17.05 7.4
      vertex 82.6808 17.3192 2.4
      vertex 82.6808 17.3192 7.4
    endloop
  endfacet
  facet normal 0.793303 -0.608827 0
    outer loop
      vertex 82.6808 17.3192 2.4
      vertex 82.4742 17.05 7.4
      vertex 82.4742 17.05 2.4
    endloop
  endfacet
  facet normal 0.382794 -0.923834 0
    outer loop
      vertex 82.95 17.5258 2.4
      vertex 83.2635 17.6557 7.4
      vertex 82.95 17.5258 7.4
    endloop
  endfacet
  facet normal 0.382794 -0.923834 0
    outer loop
      vertex 83.2635 17.6557 7.4
      vertex 82.95 17.5258 2.4
      vertex 83.2635 17.6557 2.4
    endloop
  endfacet
  facet normal -0.923834 0.382794 0
    outer loop
      vertex 84.7258 15.75 2.4
      vertex 84.8557 16.0635 7.4
      vertex 84.8557 16.0635 2.4
    endloop
  endfacet
  facet normal -0.923834 0.382794 0
    outer loop
      vertex 84.8557 16.0635 7.4
      vertex 84.7258 15.75 2.4
      vertex 84.7258 15.75 7.4
    endloop
  endfacet
  facet normal 0.608827 0.793303 -0
    outer loop
      vertex 82.95 15.2742 2.4
      vertex 82.6808 15.4808 7.4
      vertex 82.95 15.2742 7.4
    endloop
  endfacet
  facet normal 0.608827 0.793303 0
    outer loop
      vertex 82.6808 15.4808 7.4
      vertex 82.95 15.2742 2.4
      vertex 82.6808 15.4808 2.4
    endloop
  endfacet
  facet normal -0.793303 -0.608827 0
    outer loop
      vertex 84.7258 17.05 2.4
      vertex 84.5192 17.3192 7.4
      vertex 84.5192 17.3192 2.4
    endloop
  endfacet
  facet normal -0.793303 -0.608827 0
    outer loop
      vertex 84.5192 17.3192 7.4
      vertex 84.7258 17.05 2.4
      vertex 84.7258 17.05 7.4
    endloop
  endfacet
  facet normal 0.923834 -0.382794 0
    outer loop
      vertex 82.3443 16.7365 7.4
      vertex 82.4742 17.05 2.4
      vertex 82.4742 17.05 7.4
    endloop
  endfacet
  facet normal 0.923834 -0.382794 0
    outer loop
      vertex 82.4742 17.05 2.4
      vertex 82.3443 16.7365 7.4
      vertex 82.3443 16.7365 2.4
    endloop
  endfacet
  facet normal 0.130523 -0.991445 0
    outer loop
      vertex 83.2635 17.6557 2.4
      vertex 83.6 17.7 7.4
      vertex 83.2635 17.6557 7.4
    endloop
  endfacet
  facet normal 0.130523 -0.991445 0
    outer loop
      vertex 83.6 17.7 7.4
      vertex 83.2635 17.6557 2.4
      vertex 83.6 17.7 2.4
    endloop
  endfacet
  facet normal -0.991445 0.130523 0
    outer loop
      vertex 84.8557 16.0635 2.4
      vertex 84.9 16.4 7.4
      vertex 84.9 16.4 2.4
    endloop
  endfacet
  facet normal -0.991445 0.130523 0
    outer loop
      vertex 84.9 16.4 7.4
      vertex 84.8557 16.0635 2.4
      vertex 84.8557 16.0635 7.4
    endloop
  endfacet
  facet normal -0.130523 0.991445 0
    outer loop
      vertex 83.9365 15.1443 2.4
      vertex 83.6 15.1 7.4
      vertex 83.9365 15.1443 7.4
    endloop
  endfacet
  facet normal -0.130523 0.991445 0
    outer loop
      vertex 83.6 15.1 7.4
      vertex 83.9365 15.1443 2.4
      vertex 83.6 15.1 2.4
    endloop
  endfacet
  facet normal -0.608827 0.793303 0
    outer loop
      vertex 84.5192 15.4808 2.4
      vertex 84.25 15.2742 7.4
      vertex 84.5192 15.4808 7.4
    endloop
  endfacet
  facet normal -0.608827 0.793303 0
    outer loop
      vertex 84.25 15.2742 7.4
      vertex 84.5192 15.4808 2.4
      vertex 84.25 15.2742 2.4
    endloop
  endfacet
  facet normal 0.382794 0.923834 -0
    outer loop
      vertex 83.2635 15.1443 2.4
      vertex 82.95 15.2742 7.4
      vertex 83.2635 15.1443 7.4
    endloop
  endfacet
  facet normal 0.382794 0.923834 0
    outer loop
      vertex 82.95 15.2742 7.4
      vertex 83.2635 15.1443 2.4
      vertex 82.95 15.2742 2.4
    endloop
  endfacet
  facet normal 0.793303 0.608827 0
    outer loop
      vertex 82.6808 15.4808 7.4
      vertex 82.4742 15.75 2.4
      vertex 82.4742 15.75 7.4
    endloop
  endfacet
  facet normal 0.793303 0.608827 0
    outer loop
      vertex 82.4742 15.75 2.4
      vertex 82.6808 15.4808 7.4
      vertex 82.6808 15.4808 2.4
    endloop
  endfacet
  facet normal 0.991445 0.130523 0
    outer loop
      vertex 82.3443 16.0635 7.4
      vertex 82.3 16.4 2.4
      vertex 82.3 16.4 7.4
    endloop
  endfacet
  facet normal 0.991445 0.130523 0
    outer loop
      vertex 82.3 16.4 2.4
      vertex 82.3443 16.0635 7.4
      vertex 82.3443 16.0635 2.4
    endloop
  endfacet
  facet normal -0.382794 0.923834 0
    outer loop
      vertex 84.25 15.2742 2.4
      vertex 83.9365 15.1443 7.4
      vertex 84.25 15.2742 7.4
    endloop
  endfacet
  facet normal -0.382794 0.923834 0
    outer loop
      vertex 83.9365 15.1443 7.4
      vertex 84.25 15.2742 2.4
      vertex 83.9365 15.1443 2.4
    endloop
  endfacet
  facet normal -0.793303 0.608827 0
    outer loop
      vertex 84.5192 15.4808 2.4
      vertex 84.7258 15.75 7.4
      vertex 84.7258 15.75 2.4
    endloop
  endfacet
  facet normal -0.793303 0.608827 0
    outer loop
      vertex 84.7258 15.75 7.4
      vertex 84.5192 15.4808 2.4
      vertex 84.5192 15.4808 7.4
    endloop
  endfacet
  facet normal 0.130523 0.991445 -0
    outer loop
      vertex 83.6 15.1 2.4
      vertex 83.2635 15.1443 7.4
      vertex 83.6 15.1 7.4
    endloop
  endfacet
  facet normal 0.130523 0.991445 0
    outer loop
      vertex 83.2635 15.1443 7.4
      vertex 83.6 15.1 2.4
      vertex 83.2635 15.1443 2.4
    endloop
  endfacet
  facet normal 0.923834 0.382794 0
    outer loop
      vertex 82.4742 15.75 7.4
      vertex 82.3443 16.0635 2.4
      vertex 82.3443 16.0635 7.4
    endloop
  endfacet
  facet normal 0.923834 0.382794 0
    outer loop
      vertex 82.3443 16.0635 2.4
      vertex 82.4742 15.75 7.4
      vertex 82.4742 15.75 2.4
    endloop
  endfacet
  facet normal -0.995192 0.0979479 0
    outer loop
      vertex 157.3 16.4 2.4
      vertex 157.348 16.8877 7.4
      vertex 157.348 16.8877 2.4
    endloop
  endfacet
  facet normal -0.995192 0.0979479 0
    outer loop
      vertex 157.348 16.8877 7.4
      vertex 157.3 16.4 2.4
      vertex 157.3 16.4 7.4
    endloop
  endfacet
  facet normal 0.0978883 0.995197 -0
    outer loop
      vertex 160.288 18.852 2.4
      vertex 159.8 18.9 7.4
      vertex 160.288 18.852 7.4
    endloop
  endfacet
  facet normal 0.0978883 0.995197 0
    outer loop
      vertex 159.8 18.9 7.4
      vertex 160.288 18.852 2.4
      vertex 159.8 18.9 2.4
    endloop
  endfacet
  facet normal 0.773348 0.633982 0
    outer loop
      vertex 161.8 17.8848 7.4
      vertex 161.568 18.1678 2.4
      vertex 161.568 18.1678 7.4
    endloop
  endfacet
  facet normal 0.773348 0.633982 0
    outer loop
      vertex 161.568 18.1678 2.4
      vertex 161.8 17.8848 7.4
      vertex 161.8 17.8848 2.4
    endloop
  endfacet
  facet normal -0.634226 0.773148 0
    outer loop
      vertex 158.411 18.4787 2.4
      vertex 158.032 18.1678 7.4
      vertex 158.411 18.4787 7.4
    endloop
  endfacet
  facet normal -0.634226 0.773148 0
    outer loop
      vertex 158.032 18.1678 7.4
      vertex 158.411 18.4787 2.4
      vertex 158.032 18.1678 2.4
    endloop
  endfacet
  facet normal -0.290341 0.956923 0
    outer loop
      vertex 159.312 18.852 2.4
      vertex 158.843 18.7097 7.4
      vertex 159.312 18.852 7.4
    endloop
  endfacet
  facet normal -0.290341 0.956923 0
    outer loop
      vertex 158.843 18.7097 7.4
      vertex 159.312 18.852 2.4
      vertex 158.843 18.7097 2.4
    endloop
  endfacet
  facet normal 0.471542 0.881844 -0
    outer loop
      vertex 161.189 18.4787 2.4
      vertex 160.757 18.7097 7.4
      vertex 161.189 18.4787 7.4
    endloop
  endfacet
  facet normal 0.471542 0.881844 0
    outer loop
      vertex 160.757 18.7097 7.4
      vertex 161.189 18.4787 2.4
      vertex 160.757 18.7097 2.4
    endloop
  endfacet
  facet normal 0.290341 0.956923 -0
    outer loop
      vertex 160.757 18.7097 2.4
      vertex 160.288 18.852 7.4
      vertex 160.757 18.7097 7.4
    endloop
  endfacet
  facet normal 0.290341 0.956923 0
    outer loop
      vertex 160.288 18.852 7.4
      vertex 160.757 18.7097 2.4
      vertex 160.288 18.852 2.4
    endloop
  endfacet
  facet normal 0.634226 0.773148 -0
    outer loop
      vertex 161.568 18.1678 2.4
      vertex 161.189 18.4787 7.4
      vertex 161.568 18.1678 7.4
    endloop
  endfacet
  facet normal 0.634226 0.773148 0
    outer loop
      vertex 161.189 18.4787 7.4
      vertex 161.568 18.1678 2.4
      vertex 161.189 18.4787 2.4
    endloop
  endfacet
  facet normal -0.881935 0.471372 0
    outer loop
      vertex 157.49 17.3567 2.4
      vertex 157.721 17.7889 7.4
      vertex 157.721 17.7889 2.4
    endloop
  endfacet
  facet normal -0.881935 0.471372 0
    outer loop
      vertex 157.721 17.7889 7.4
      vertex 157.49 17.3567 2.4
      vertex 157.49 17.3567 7.4
    endloop
  endfacet
  facet normal -0.772966 0.634448 0
    outer loop
      vertex 157.721 17.7889 2.4
      vertex 158.032 18.1678 7.4
      vertex 158.032 18.1678 2.4
    endloop
  endfacet
  facet normal -0.772966 0.634448 0
    outer loop
      vertex 158.032 18.1678 7.4
      vertex 157.721 17.7889 2.4
      vertex 157.721 17.7889 7.4
    endloop
  endfacet
  facet normal -0.957093 0.289781 0
    outer loop
      vertex 157.348 16.8877 2.4
      vertex 157.49 17.3567 7.4
      vertex 157.49 17.3567 2.4
    endloop
  endfacet
  facet normal -0.957093 0.289781 0
    outer loop
      vertex 157.49 17.3567 7.4
      vertex 157.348 16.8877 2.4
      vertex 157.348 16.8877 7.4
    endloop
  endfacet
  facet normal -0.471542 0.881844 0
    outer loop
      vertex 158.843 18.7097 2.4
      vertex 158.411 18.4787 7.4
      vertex 158.843 18.7097 7.4
    endloop
  endfacet
  facet normal -0.471542 0.881844 0
    outer loop
      vertex 158.411 18.4787 7.4
      vertex 158.843 18.7097 2.4
      vertex 158.411 18.4787 2.4
    endloop
  endfacet
  facet normal -0.0978883 0.995197 0
    outer loop
      vertex 159.8 18.9 2.4
      vertex 159.312 18.852 7.4
      vertex 159.8 18.9 7.4
    endloop
  endfacet
  facet normal -0.0978883 0.995197 0
    outer loop
      vertex 159.312 18.852 7.4
      vertex 159.8 18.9 2.4
      vertex 159.312 18.852 2.4
    endloop
  endfacet
  facet normal -0.634308 -0.77308 0
    outer loop
      vertex 158.032 14.6322 2.4
      vertex 158.315 14.4 7.4
      vertex 158.032 14.6322 7.4
    endloop
  endfacet
  facet normal -0.634308 -0.77308 -0
    outer loop
      vertex 158.315 14.4 7.4
      vertex 158.032 14.6322 2.4
      vertex 158.315 14.4 2.4
    endloop
  endfacet
  facet normal -0.881935 -0.471372 0
    outer loop
      vertex 157.721 15.0111 2.4
      vertex 157.49 15.4433 7.4
      vertex 157.49 15.4433 2.4
    endloop
  endfacet
  facet normal -0.881935 -0.471372 0
    outer loop
      vertex 157.49 15.4433 7.4
      vertex 157.721 15.0111 2.4
      vertex 157.721 15.0111 7.4
    endloop
  endfacet
  facet normal -0.772966 -0.634448 0
    outer loop
      vertex 158.032 14.6322 2.4
      vertex 157.721 15.0111 7.4
      vertex 157.721 15.0111 2.4
    endloop
  endfacet
  facet normal -0.772966 -0.634448 0
    outer loop
      vertex 157.721 15.0111 7.4
      vertex 158.032 14.6322 2.4
      vertex 158.032 14.6322 7.4
    endloop
  endfacet
  facet normal -0.995192 -0.0979479 0
    outer loop
      vertex 157.348 15.9123 2.4
      vertex 157.3 16.4 7.4
      vertex 157.3 16.4 2.4
    endloop
  endfacet
  facet normal -0.995192 -0.0979479 0
    outer loop
      vertex 157.3 16.4 7.4
      vertex 157.348 15.9123 2.4
      vertex 157.348 15.9123 7.4
    endloop
  endfacet
  facet normal 0.634308 -0.77308 0
    outer loop
      vertex 161.285 14.4 2.4
      vertex 161.568 14.6322 7.4
      vertex 161.285 14.4 7.4
    endloop
  endfacet
  facet normal 0.634308 -0.77308 0
    outer loop
      vertex 161.568 14.6322 7.4
      vertex 161.285 14.4 2.4
      vertex 161.568 14.6322 2.4
    endloop
  endfacet
  facet normal 0.773348 -0.633982 0
    outer loop
      vertex 161.568 14.6322 7.4
      vertex 161.8 14.9152 2.4
      vertex 161.8 14.9152 7.4
    endloop
  endfacet
  facet normal 0.773348 -0.633982 0
    outer loop
      vertex 161.8 14.9152 2.4
      vertex 161.568 14.6322 7.4
      vertex 161.568 14.6322 2.4
    endloop
  endfacet
  facet normal -0.957093 -0.289781 0
    outer loop
      vertex 157.49 15.4433 2.4
      vertex 157.348 15.9123 7.4
      vertex 157.348 15.9123 2.4
    endloop
  endfacet
  facet normal -0.957093 -0.289781 0
    outer loop
      vertex 157.348 15.9123 7.4
      vertex 157.49 15.4433 2.4
      vertex 157.49 15.4433 7.4
    endloop
  endfacet
  facet normal -0.991559 -0.129654 0
    outer loop
      vertex 161.1 16.4 2.4
      vertex 161.056 16.7365 7.4
      vertex 161.056 16.7365 2.4
    endloop
  endfacet
  facet normal -0.991559 -0.129654 0
    outer loop
      vertex 161.056 16.7365 7.4
      vertex 161.1 16.4 2.4
      vertex 161.1 16.4 7.4
    endloop
  endfacet
  facet normal 0.991559 -0.129654 0
    outer loop
      vertex 158.5 16.4 7.4
      vertex 158.544 16.7365 2.4
      vertex 158.544 16.7365 7.4
    endloop
  endfacet
  facet normal 0.991559 -0.129654 0
    outer loop
      vertex 158.544 16.7365 2.4
      vertex 158.5 16.4 7.4
      vertex 158.5 16.4 2.4
    endloop
  endfacet
  facet normal -0.130714 -0.99142 0
    outer loop
      vertex 159.8 17.7 2.4
      vertex 160.136 17.6557 7.4
      vertex 159.8 17.7 7.4
    endloop
  endfacet
  facet normal -0.130714 -0.99142 -0
    outer loop
      vertex 160.136 17.6557 7.4
      vertex 159.8 17.7 2.4
      vertex 160.136 17.6557 2.4
    endloop
  endfacet
  facet normal -0.609112 -0.793084 0
    outer loop
      vertex 160.45 17.5258 2.4
      vertex 160.719 17.3192 7.4
      vertex 160.45 17.5258 7.4
    endloop
  endfacet
  facet normal -0.609112 -0.793084 -0
    outer loop
      vertex 160.719 17.3192 7.4
      vertex 160.45 17.5258 2.4
      vertex 160.719 17.3192 2.4
    endloop
  endfacet
  facet normal -0.923729 -0.383046 0
    outer loop
      vertex 161.056 16.7365 2.4
      vertex 160.926 17.05 7.4
      vertex 160.926 17.05 2.4
    endloop
  endfacet
  facet normal -0.923729 -0.383046 0
    outer loop
      vertex 160.926 17.05 7.4
      vertex 161.056 16.7365 2.4
      vertex 161.056 16.7365 7.4
    endloop
  endfacet
  facet normal -0.382274 -0.924049 0
    outer loop
      vertex 160.136 17.6557 2.4
      vertex 160.45 17.5258 7.4
      vertex 160.136 17.6557 7.4
    endloop
  endfacet
  facet normal -0.382274 -0.924049 -0
    outer loop
      vertex 160.45 17.5258 7.4
      vertex 160.136 17.6557 2.4
      vertex 160.45 17.5258 2.4
    endloop
  endfacet
  facet normal 0.609112 -0.793084 0
    outer loop
      vertex 158.881 17.3192 2.4
      vertex 159.15 17.5258 7.4
      vertex 158.881 17.3192 7.4
    endloop
  endfacet
  facet normal 0.609112 -0.793084 0
    outer loop
      vertex 159.15 17.5258 7.4
      vertex 158.881 17.3192 2.4
      vertex 159.15 17.5258 2.4
    endloop
  endfacet
  facet normal 0.792733 -0.609568 0
    outer loop
      vertex 158.674 17.05 7.4
      vertex 158.881 17.3192 2.4
      vertex 158.881 17.3192 7.4
    endloop
  endfacet
  facet normal 0.792733 -0.609568 0
    outer loop
      vertex 158.881 17.3192 2.4
      vertex 158.674 17.05 7.4
      vertex 158.674 17.05 2.4
    endloop
  endfacet
  facet normal 0.382274 -0.924049 0
    outer loop
      vertex 159.15 17.5258 2.4
      vertex 159.464 17.6557 7.4
      vertex 159.15 17.5258 7.4
    endloop
  endfacet
  facet normal 0.382274 -0.924049 0
    outer loop
      vertex 159.464 17.6557 7.4
      vertex 159.15 17.5258 2.4
      vertex 159.464 17.6557 2.4
    endloop
  endfacet
  facet normal -0.923729 0.383046 0
    outer loop
      vertex 160.926 15.75 2.4
      vertex 161.056 16.0635 7.4
      vertex 161.056 16.0635 2.4
    endloop
  endfacet
  facet normal -0.923729 0.383046 0
    outer loop
      vertex 161.056 16.0635 7.4
      vertex 160.926 15.75 2.4
      vertex 160.926 15.75 7.4
    endloop
  endfacet
  facet normal 0.609112 0.793084 -0
    outer loop
      vertex 159.15 15.2742 2.4
      vertex 158.881 15.4808 7.4
      vertex 159.15 15.2742 7.4
    endloop
  endfacet
  facet normal 0.609112 0.793084 0
    outer loop
      vertex 158.881 15.4808 7.4
      vertex 159.15 15.2742 2.4
      vertex 158.881 15.4808 2.4
    endloop
  endfacet
  facet normal -0.792733 -0.609568 0
    outer loop
      vertex 160.926 17.05 2.4
      vertex 160.719 17.3192 7.4
      vertex 160.719 17.3192 2.4
    endloop
  endfacet
  facet normal -0.792733 -0.609568 0
    outer loop
      vertex 160.719 17.3192 7.4
      vertex 160.926 17.05 2.4
      vertex 160.926 17.05 7.4
    endloop
  endfacet
  facet normal 0.923729 -0.383046 0
    outer loop
      vertex 158.544 16.7365 7.4
      vertex 158.674 17.05 2.4
      vertex 158.674 17.05 7.4
    endloop
  endfacet
  facet normal 0.923729 -0.383046 0
    outer loop
      vertex 158.674 17.05 2.4
      vertex 158.544 16.7365 7.4
      vertex 158.544 16.7365 2.4
    endloop
  endfacet
  facet normal 0.130714 -0.99142 0
    outer loop
      vertex 159.464 17.6557 2.4
      vertex 159.8 17.7 7.4
      vertex 159.464 17.6557 7.4
    endloop
  endfacet
  facet normal 0.130714 -0.99142 0
    outer loop
      vertex 159.8 17.7 7.4
      vertex 159.464 17.6557 2.4
      vertex 159.8 17.7 2.4
    endloop
  endfacet
  facet normal -0.991559 0.129654 0
    outer loop
      vertex 161.056 16.0635 2.4
      vertex 161.1 16.4 7.4
      vertex 161.1 16.4 2.4
    endloop
  endfacet
  facet normal -0.991559 0.129654 0
    outer loop
      vertex 161.1 16.4 7.4
      vertex 161.056 16.0635 2.4
      vertex 161.056 16.0635 7.4
    endloop
  endfacet
  facet normal -0.130714 0.99142 0
    outer loop
      vertex 160.136 15.1443 2.4
      vertex 159.8 15.1 7.4
      vertex 160.136 15.1443 7.4
    endloop
  endfacet
  facet normal -0.130714 0.99142 0
    outer loop
      vertex 159.8 15.1 7.4
      vertex 160.136 15.1443 2.4
      vertex 159.8 15.1 2.4
    endloop
  endfacet
  facet normal -0.609112 0.793084 0
    outer loop
      vertex 160.719 15.4808 2.4
      vertex 160.45 15.2742 7.4
      vertex 160.719 15.4808 7.4
    endloop
  endfacet
  facet normal -0.609112 0.793084 0
    outer loop
      vertex 160.45 15.2742 7.4
      vertex 160.719 15.4808 2.4
      vertex 160.45 15.2742 2.4
    endloop
  endfacet
  facet normal 0.382274 0.924049 -0
    outer loop
      vertex 159.464 15.1443 2.4
      vertex 159.15 15.2742 7.4
      vertex 159.464 15.1443 7.4
    endloop
  endfacet
  facet normal 0.382274 0.924049 0
    outer loop
      vertex 159.15 15.2742 7.4
      vertex 159.464 15.1443 2.4
      vertex 159.15 15.2742 2.4
    endloop
  endfacet
  facet normal 0.792733 0.609568 0
    outer loop
      vertex 158.881 15.4808 7.4
      vertex 158.674 15.75 2.4
      vertex 158.674 15.75 7.4
    endloop
  endfacet
  facet normal 0.792733 0.609568 0
    outer loop
      vertex 158.674 15.75 2.4
      vertex 158.881 15.4808 7.4
      vertex 158.881 15.4808 2.4
    endloop
  endfacet
  facet normal 0.991559 0.129654 0
    outer loop
      vertex 158.544 16.0635 7.4
      vertex 158.5 16.4 2.4
      vertex 158.5 16.4 7.4
    endloop
  endfacet
  facet normal 0.991559 0.129654 0
    outer loop
      vertex 158.5 16.4 2.4
      vertex 158.544 16.0635 7.4
      vertex 158.544 16.0635 2.4
    endloop
  endfacet
  facet normal -0.382274 0.924049 0
    outer loop
      vertex 160.45 15.2742 2.4
      vertex 160.136 15.1443 7.4
      vertex 160.45 15.2742 7.4
    endloop
  endfacet
  facet normal -0.382274 0.924049 0
    outer loop
      vertex 160.136 15.1443 7.4
      vertex 160.45 15.2742 2.4
      vertex 160.136 15.1443 2.4
    endloop
  endfacet
  facet normal -0.792733 0.609568 0
    outer loop
      vertex 160.719 15.4808 2.4
      vertex 160.926 15.75 7.4
      vertex 160.926 15.75 2.4
    endloop
  endfacet
  facet normal -0.792733 0.609568 0
    outer loop
      vertex 160.926 15.75 7.4
      vertex 160.719 15.4808 2.4
      vertex 160.719 15.4808 7.4
    endloop
  endfacet
  facet normal 0.130714 0.99142 -0
    outer loop
      vertex 159.8 15.1 2.4
      vertex 159.464 15.1443 7.4
      vertex 159.8 15.1 7.4
    endloop
  endfacet
  facet normal 0.130714 0.99142 0
    outer loop
      vertex 159.464 15.1443 7.4
      vertex 159.8 15.1 2.4
      vertex 159.464 15.1443 2.4
    endloop
  endfacet
  facet normal 0.923729 0.383046 0
    outer loop
      vertex 158.674 15.75 7.4
      vertex 158.544 16.0635 2.4
      vertex 158.544 16.0635 7.4
    endloop
  endfacet
  facet normal 0.923729 0.383046 0
    outer loop
      vertex 158.544 16.0635 2.4
      vertex 158.674 15.75 7.4
      vertex 158.674 15.75 2.4
    endloop
  endfacet
endsolid OpenSCAD_Model
