solid OpenSCAD_Model
  facet normal 0 0 -1
    outer loop
      vertex 90 0 0
      vertex 2.7 2.7 0
      vertex 90 2.7 0
    endloop
  endfacet
  facet normal -0 0 -1
    outer loop
      vertex 2.7 2.7 0
      vertex 0 0 0
      vertex 2.7 93.3 0
    endloop
  endfacet
  facet normal 0 0 -1
    outer loop
      vertex 0 0 0
      vertex 2.7 2.7 0
      vertex 90 0 0
    endloop
  endfacet
  facet normal 0 0 -1
    outer loop
      vertex 163.3 93.3 0
      vertex 166 28 0
      vertex 163.3 28 0
    endloop
  endfacet
  facet normal 0 0 -1
    outer loop
      vertex 166 28 0
      vertex 163.3 93.3 0
      vertex 166 96 0
    endloop
  endfacet
  facet normal 0 0 -1
    outer loop
      vertex 2.7 93.3 0
      vertex 166 96 0
      vertex 163.3 93.3 0
    endloop
  endfacet
  facet normal 0 0 -1
    outer loop
      vertex 2.7 93.3 0
      vertex 0 96 0
      vertex 166 96 0
    endloop
  endfacet
  facet normal 0 0 -1
    outer loop
      vertex 0 96 0
      vertex 2.7 93.3 0
      vertex 0 0 0
    endloop
  endfacet
  facet normal 0 0 -1
    outer loop
      vertex 166 0 0
      vertex 163.3 2.7 0
      vertex 166 14 0
    endloop
  endfacet
  facet normal 0 0 -1
    outer loop
      vertex 152 0 0
      vertex 163.3 2.7 0
      vertex 166 0 0
    endloop
  endfacet
  facet normal -0 0 -1
    outer loop
      vertex 163.3 2.7 0
      vertex 152 0 0
      vertex 152 2.7 0
    endloop
  endfacet
  facet normal -0 0 -1
    outer loop
      vertex 166 14 0
      vertex 163.3 2.7 0
      vertex 163.3 14 0
    endloop
  endfacet
  facet normal 0 0 -1
    outer loop
      vertex 6.60208 6.60208 0
      vertex 16 19 0
      vertex 6.87224 6.25 0
    endloop
  endfacet
  facet normal 0 0 -1
    outer loop
      vertex 16 77 0
      vertex 7.04207 90.16 0
      vertex 7.1 90.6 0
    endloop
  endfacet
  facet normal 0 0 -1
    outer loop
      vertex 6.25 6.87224 0
      vertex 16 19 0
      vertex 6.60208 6.60208 0
    endloop
  endfacet
  facet normal 0 0 -1
    outer loop
      vertex 16 77 0
      vertex 6.87224 89.75 0
      vertex 7.04207 90.16 0
    endloop
  endfacet
  facet normal 0 0 -1
    outer loop
      vertex 5.83999 7.04207 0
      vertex 16 19 0
      vertex 6.25 6.87224 0
    endloop
  endfacet
  facet normal 0 0 -1
    outer loop
      vertex 16 77 0
      vertex 6.60208 89.3979 0
      vertex 6.87224 89.75 0
    endloop
  endfacet
  facet normal 0 0 -1
    outer loop
      vertex 5.4 7.1 0
      vertex 16 19 0
      vertex 5.83999 7.04207 0
    endloop
  endfacet
  facet normal 0 0 -1
    outer loop
      vertex 16 77 0
      vertex 6.25 89.1278 0
      vertex 6.60208 89.3979 0
    endloop
  endfacet
  facet normal 0 0 -1
    outer loop
      vertex 5.09999 7.0605 0
      vertex 16 19 0
      vertex 5.4 7.1 0
    endloop
  endfacet
  facet normal 0 0 -1
    outer loop
      vertex 16 77 0
      vertex 5.83999 88.9579 0
      vertex 6.25 89.1278 0
    endloop
  endfacet
  facet normal -0 0 -1
    outer loop
      vertex 16 19 0
      vertex 5.09999 7.0605 0
      vertex 16 77 0
    endloop
  endfacet
  facet normal 0 0 -1
    outer loop
      vertex 16 77 0
      vertex 5.4 88.9 0
      vertex 5.83999 88.9579 0
    endloop
  endfacet
  facet normal 0 0 -1
    outer loop
      vertex 5.09999 88.9395 0
      vertex 16 77 0
      vertex 5.09999 7.0605 0
    endloop
  endfacet
  facet normal 0 0 -1
    outer loop
      vertex 16 77 0
      vertex 5.09999 88.9395 0
      vertex 5.4 88.9 0
    endloop
  endfacet
  facet normal 0 0 -1
    outer loop
      vertex 60 19 0
      vertex 90 18 0
      vertex 90 5.09999 0
    endloop
  endfacet
  facet normal 0 0 -1
    outer loop
      vertex 90 18 0
      vertex 75.4148 52.353 0
      vertex 75.5 53 0
    endloop
  endfacet
  facet normal 0 0 -1
    outer loop
      vertex 90 18 0
      vertex 75.1651 51.75 0
      vertex 75.4148 52.353 0
    endloop
  endfacet
  facet normal 0 0 -1
    outer loop
      vertex 90 18 0
      vertex 74.7678 51.2322 0
      vertex 75.1651 51.75 0
    endloop
  endfacet
  facet normal 0 0 -1
    outer loop
      vertex 90 18 0
      vertex 74.25 50.8349 0
      vertex 74.7678 51.2322 0
    endloop
  endfacet
  facet normal 0 0 -1
    outer loop
      vertex 90 18 0
      vertex 73.647 50.5852 0
      vertex 74.25 50.8349 0
    endloop
  endfacet
  facet normal 0 -0 -1
    outer loop
      vertex 73 50.5 0
      vertex 90 18 0
      vertex 60 19 0
    endloop
  endfacet
  facet normal 0 0 -1
    outer loop
      vertex 90 18 0
      vertex 73 50.5 0
      vertex 73.647 50.5852 0
    endloop
  endfacet
  facet normal -0 0 -1
    outer loop
      vertex 73 50.5 0
      vertex 60 19 0
      vertex 72.353 50.5852 0
    endloop
  endfacet
  facet normal -0 0 -1
    outer loop
      vertex 72.353 50.5852 0
      vertex 60 19 0
      vertex 71.75 50.8349 0
    endloop
  endfacet
  facet normal -0 0 -1
    outer loop
      vertex 71.75 50.8349 0
      vertex 60 19 0
      vertex 71.2322 51.2322 0
    endloop
  endfacet
  facet normal -0 0 -1
    outer loop
      vertex 71.2322 51.2322 0
      vertex 60 19 0
      vertex 70.8349 51.75 0
    endloop
  endfacet
  facet normal -0 0 -1
    outer loop
      vertex 70.5852 52.353 0
      vertex 60 19 0
      vertex 70.5 53 0
    endloop
  endfacet
  facet normal -0 0 -1
    outer loop
      vertex 70.8349 51.75 0
      vertex 60 19 0
      vertex 70.5852 52.353 0
    endloop
  endfacet
  facet normal 0 0 -1
    outer loop
      vertex 7.0605 5.09999 0
      vertex 60 19 0
      vertex 90 5.09999 0
    endloop
  endfacet
  facet normal 0 0 -1
    outer loop
      vertex 7.04207 5.83999 0
      vertex 16 19 0
      vertex 7.1 5.4 0
    endloop
  endfacet
  facet normal -0 0 -1
    outer loop
      vertex 60 19 0
      vertex 7.0605 5.09999 0
      vertex 16 19 0
    endloop
  endfacet
  facet normal 0 0 -1
    outer loop
      vertex 16 19 0
      vertex 7.0605 5.09999 0
      vertex 7.1 5.4 0
    endloop
  endfacet
  facet normal 0 0 -1
    outer loop
      vertex 108.439 59.5607 0
      vertex 103.561 59.5607 0
      vertex 108.439 64.4393 0
    endloop
  endfacet
  facet normal 0 0 -1
    outer loop
      vertex 108.439 64.4393 0
      vertex 103.886 64.926 0
      vertex 104 65.5 0
    endloop
  endfacet
  facet normal 0 0 -1
    outer loop
      vertex 103.561 64.4393 0
      vertex 108.439 64.4393 0
      vertex 103.561 59.5607 0
    endloop
  endfacet
  facet normal 0 0 -1
    outer loop
      vertex 108.439 64.4393 0
      vertex 103.561 64.4393 0
      vertex 103.886 64.926 0
    endloop
  endfacet
  facet normal 0 0 -1
    outer loop
      vertex 103.074 59.8858 0
      vertex 103.561 64.4393 0
      vertex 103.561 59.5607 0
    endloop
  endfacet
  facet normal 0 0 -1
    outer loop
      vertex 103.074 59.8858 0
      vertex 103.074 64.1142 0
      vertex 103.561 64.4393 0
    endloop
  endfacet
  facet normal 0 0 -1
    outer loop
      vertex 102.5 60 0
      vertex 103.074 64.1142 0
      vertex 103.074 59.8858 0
    endloop
  endfacet
  facet normal 0 0 -1
    outer loop
      vertex 102.5 60 0
      vertex 102.5 64 0
      vertex 103.074 64.1142 0
    endloop
  endfacet
  facet normal 0 0 -1
    outer loop
      vertex 101.926 59.8858 0
      vertex 102.5 64 0
      vertex 102.5 60 0
    endloop
  endfacet
  facet normal 0 0 -1
    outer loop
      vertex 101.926 59.8858 0
      vertex 101.926 64.1142 0
      vertex 102.5 64 0
    endloop
  endfacet
  facet normal 0 0 -1
    outer loop
      vertex 101.439 59.5607 0
      vertex 101.926 64.1142 0
      vertex 101.926 59.8858 0
    endloop
  endfacet
  facet normal 0 0 -1
    outer loop
      vertex 101.439 59.5607 0
      vertex 101.439 64.4393 0
      vertex 101.926 64.1142 0
    endloop
  endfacet
  facet normal 0 0 -1
    outer loop
      vertex 101.114 59.074 0
      vertex 101.439 64.4393 0
      vertex 101.439 59.5607 0
    endloop
  endfacet
  facet normal 0 0 -1
    outer loop
      vertex 101.114 59.074 0
      vertex 101.114 64.926 0
      vertex 101.439 64.4393 0
    endloop
  endfacet
  facet normal 0 0 -1
    outer loop
      vertex 75.1651 54.25 0
      vertex 101.114 59.074 0
      vertex 101 58.5 0
    endloop
  endfacet
  facet normal -0 0 -1
    outer loop
      vertex 101.114 59.074 0
      vertex 75.1651 54.25 0
      vertex 101.114 64.926 0
    endloop
  endfacet
  facet normal 0 0 -1
    outer loop
      vertex 108.439 52.5607 0
      vertex 103.561 52.5607 0
      vertex 108.439 57.4393 0
    endloop
  endfacet
  facet normal 0 0 -1
    outer loop
      vertex 108.439 57.4393 0
      vertex 103.886 57.926 0
      vertex 104 58.5 0
    endloop
  endfacet
  facet normal 0 0 -1
    outer loop
      vertex 103.561 57.4393 0
      vertex 108.439 57.4393 0
      vertex 103.561 52.5607 0
    endloop
  endfacet
  facet normal 0 0 -1
    outer loop
      vertex 108.439 57.4393 0
      vertex 103.561 57.4393 0
      vertex 103.886 57.926 0
    endloop
  endfacet
  facet normal 0 0 -1
    outer loop
      vertex 103.074 52.8858 0
      vertex 103.561 57.4393 0
      vertex 103.561 52.5607 0
    endloop
  endfacet
  facet normal 0 0 -1
    outer loop
      vertex 103.074 52.8858 0
      vertex 103.074 57.1142 0
      vertex 103.561 57.4393 0
    endloop
  endfacet
  facet normal 0 0 -1
    outer loop
      vertex 102.5 53 0
      vertex 103.074 57.1142 0
      vertex 103.074 52.8858 0
    endloop
  endfacet
  facet normal 0 0 -1
    outer loop
      vertex 102.5 53 0
      vertex 102.5 57 0
      vertex 103.074 57.1142 0
    endloop
  endfacet
  facet normal 0 0 -1
    outer loop
      vertex 101.926 52.8858 0
      vertex 102.5 57 0
      vertex 102.5 53 0
    endloop
  endfacet
  facet normal 0 0 -1
    outer loop
      vertex 101.926 52.8858 0
      vertex 101.926 57.1142 0
      vertex 102.5 57 0
    endloop
  endfacet
  facet normal 0 0 -1
    outer loop
      vertex 101.439 52.5607 0
      vertex 101.926 57.1142 0
      vertex 101.926 52.8858 0
    endloop
  endfacet
  facet normal 0 0 -1
    outer loop
      vertex 101.439 52.5607 0
      vertex 101.439 57.4393 0
      vertex 101.926 57.1142 0
    endloop
  endfacet
  facet normal 0 0 -1
    outer loop
      vertex 101.114 52.074 0
      vertex 101.439 57.4393 0
      vertex 101.439 52.5607 0
    endloop
  endfacet
  facet normal 0 0 -1
    outer loop
      vertex 101.114 52.074 0
      vertex 101.114 57.926 0
      vertex 101.439 57.4393 0
    endloop
  endfacet
  facet normal 0 0 -1
    outer loop
      vertex 75.5 53 0
      vertex 101.114 52.074 0
      vertex 101 51.5 0
    endloop
  endfacet
  facet normal 0 0 -1
    outer loop
      vertex 101.114 52.074 0
      vertex 75.5 53 0
      vertex 101.114 57.926 0
    endloop
  endfacet
  facet normal 0 0 -1
    outer loop
      vertex 108.439 45.5607 0
      vertex 103.561 45.5607 0
      vertex 108.439 50.4393 0
    endloop
  endfacet
  facet normal 0 0 -1
    outer loop
      vertex 108.439 50.4393 0
      vertex 103.886 50.926 0
      vertex 104 51.5 0
    endloop
  endfacet
  facet normal 0 0 -1
    outer loop
      vertex 103.561 50.4393 0
      vertex 108.439 50.4393 0
      vertex 103.561 45.5607 0
    endloop
  endfacet
  facet normal 0 0 -1
    outer loop
      vertex 108.439 50.4393 0
      vertex 103.561 50.4393 0
      vertex 103.886 50.926 0
    endloop
  endfacet
  facet normal 0 0 -1
    outer loop
      vertex 103.074 45.8858 0
      vertex 103.561 50.4393 0
      vertex 103.561 45.5607 0
    endloop
  endfacet
  facet normal 0 0 -1
    outer loop
      vertex 103.074 45.8858 0
      vertex 103.074 50.1142 0
      vertex 103.561 50.4393 0
    endloop
  endfacet
  facet normal 0 0 -1
    outer loop
      vertex 102.5 46 0
      vertex 103.074 50.1142 0
      vertex 103.074 45.8858 0
    endloop
  endfacet
  facet normal 0 0 -1
    outer loop
      vertex 102.5 46 0
      vertex 102.5 50 0
      vertex 103.074 50.1142 0
    endloop
  endfacet
  facet normal 0 0 -1
    outer loop
      vertex 101.926 45.8858 0
      vertex 102.5 50 0
      vertex 102.5 46 0
    endloop
  endfacet
  facet normal 0 0 -1
    outer loop
      vertex 101.926 45.8858 0
      vertex 101.926 50.1142 0
      vertex 102.5 50 0
    endloop
  endfacet
  facet normal 0 0 -1
    outer loop
      vertex 101.439 45.5607 0
      vertex 101.926 50.1142 0
      vertex 101.926 45.8858 0
    endloop
  endfacet
  facet normal 0 0 -1
    outer loop
      vertex 101.439 45.5607 0
      vertex 101.439 50.4393 0
      vertex 101.926 50.1142 0
    endloop
  endfacet
  facet normal 0 0 -1
    outer loop
      vertex 101.114 45.074 0
      vertex 101.439 50.4393 0
      vertex 101.439 45.5607 0
    endloop
  endfacet
  facet normal 0 0 -1
    outer loop
      vertex 101.114 45.074 0
      vertex 101.114 50.926 0
      vertex 101.439 50.4393 0
    endloop
  endfacet
  facet normal 0 0 -1
    outer loop
      vertex 75.5 53 0
      vertex 101.114 45.074 0
      vertex 101 44.5 0
    endloop
  endfacet
  facet normal 0 0 -1
    outer loop
      vertex 101.114 45.074 0
      vertex 75.5 53 0
      vertex 101.114 50.926 0
    endloop
  endfacet
  facet normal 0 0 -1
    outer loop
      vertex 108.439 38.5607 0
      vertex 103.561 38.5607 0
      vertex 108.439 43.4393 0
    endloop
  endfacet
  facet normal 0 0 -1
    outer loop
      vertex 108.439 43.4393 0
      vertex 103.886 43.926 0
      vertex 104 44.5 0
    endloop
  endfacet
  facet normal 0 0 -1
    outer loop
      vertex 103.561 43.4393 0
      vertex 108.439 43.4393 0
      vertex 103.561 38.5607 0
    endloop
  endfacet
  facet normal 0 0 -1
    outer loop
      vertex 108.439 43.4393 0
      vertex 103.561 43.4393 0
      vertex 103.886 43.926 0
    endloop
  endfacet
  facet normal 0 0 -1
    outer loop
      vertex 103.074 38.8858 0
      vertex 103.561 43.4393 0
      vertex 103.561 38.5607 0
    endloop
  endfacet
  facet normal 0 0 -1
    outer loop
      vertex 103.074 38.8858 0
      vertex 103.074 43.1142 0
      vertex 103.561 43.4393 0
    endloop
  endfacet
  facet normal 0 0 -1
    outer loop
      vertex 102.5 39 0
      vertex 103.074 43.1142 0
      vertex 103.074 38.8858 0
    endloop
  endfacet
  facet normal 0 0 -1
    outer loop
      vertex 102.5 39 0
      vertex 102.5 43 0
      vertex 103.074 43.1142 0
    endloop
  endfacet
  facet normal 0 0 -1
    outer loop
      vertex 101.926 38.8858 0
      vertex 102.5 43 0
      vertex 102.5 39 0
    endloop
  endfacet
  facet normal 0 0 -1
    outer loop
      vertex 101.926 38.8858 0
      vertex 101.926 43.1142 0
      vertex 102.5 43 0
    endloop
  endfacet
  facet normal 0 0 -1
    outer loop
      vertex 101.439 38.5607 0
      vertex 101.926 43.1142 0
      vertex 101.926 38.8858 0
    endloop
  endfacet
  facet normal 0 0 -1
    outer loop
      vertex 101.439 38.5607 0
      vertex 101.439 43.4393 0
      vertex 101.926 43.1142 0
    endloop
  endfacet
  facet normal 0 0 -1
    outer loop
      vertex 101.114 38.074 0
      vertex 101.439 43.4393 0
      vertex 101.439 38.5607 0
    endloop
  endfacet
  facet normal 0 0 -1
    outer loop
      vertex 101.114 38.074 0
      vertex 101.114 43.926 0
      vertex 101.439 43.4393 0
    endloop
  endfacet
  facet normal 0 0 -1
    outer loop
      vertex 101 37.5 0
      vertex 101.114 43.926 0
      vertex 101.114 38.074 0
    endloop
  endfacet
  facet normal 0 0 -1
    outer loop
      vertex 75.5 53 0
      vertex 101.114 43.926 0
      vertex 101 37.5 0
    endloop
  endfacet
  facet normal 0 0 -1
    outer loop
      vertex 108.439 31.5607 0
      vertex 103.561 31.5607 0
      vertex 108.439 36.4393 0
    endloop
  endfacet
  facet normal 0 0 -1
    outer loop
      vertex 108.439 36.4393 0
      vertex 103.886 36.926 0
      vertex 104 37.5 0
    endloop
  endfacet
  facet normal 0 0 -1
    outer loop
      vertex 103.561 36.4393 0
      vertex 108.439 36.4393 0
      vertex 103.561 31.5607 0
    endloop
  endfacet
  facet normal 0 0 -1
    outer loop
      vertex 108.439 36.4393 0
      vertex 103.561 36.4393 0
      vertex 103.886 36.926 0
    endloop
  endfacet
  facet normal 0 0 -1
    outer loop
      vertex 103.074 31.8858 0
      vertex 103.561 36.4393 0
      vertex 103.561 31.5607 0
    endloop
  endfacet
  facet normal 0 0 -1
    outer loop
      vertex 103.074 31.8858 0
      vertex 103.074 36.1142 0
      vertex 103.561 36.4393 0
    endloop
  endfacet
  facet normal 0 0 -1
    outer loop
      vertex 102.5 32 0
      vertex 103.074 36.1142 0
      vertex 103.074 31.8858 0
    endloop
  endfacet
  facet normal 0 0 -1
    outer loop
      vertex 102.5 32 0
      vertex 102.5 36 0
      vertex 103.074 36.1142 0
    endloop
  endfacet
  facet normal 0 0 -1
    outer loop
      vertex 101.926 31.8858 0
      vertex 102.5 36 0
      vertex 102.5 32 0
    endloop
  endfacet
  facet normal 0 0 -1
    outer loop
      vertex 101.926 31.8858 0
      vertex 101.926 36.1142 0
      vertex 102.5 36 0
    endloop
  endfacet
  facet normal 0 0 -1
    outer loop
      vertex 101.439 31.5607 0
      vertex 101.926 36.1142 0
      vertex 101.926 31.8858 0
    endloop
  endfacet
  facet normal 0 0 -1
    outer loop
      vertex 101.439 31.5607 0
      vertex 101.439 36.4393 0
      vertex 101.926 36.1142 0
    endloop
  endfacet
  facet normal 0 0 -1
    outer loop
      vertex 101.114 31.074 0
      vertex 101.439 36.4393 0
      vertex 101.439 31.5607 0
    endloop
  endfacet
  facet normal 0 0 -1
    outer loop
      vertex 101.114 31.074 0
      vertex 101.114 36.926 0
      vertex 101.439 36.4393 0
    endloop
  endfacet
  facet normal 0 0 -1
    outer loop
      vertex 101 30.5 0
      vertex 101.114 36.926 0
      vertex 101.114 31.074 0
    endloop
  endfacet
  facet normal -0 0 -1
    outer loop
      vertex 101.114 36.926 0
      vertex 101 30.5 0
      vertex 101 37.5 0
    endloop
  endfacet
  facet normal 0 0 -1
    outer loop
      vertex 115.439 59.5607 0
      vertex 110.561 59.5607 0
      vertex 115.439 64.4393 0
    endloop
  endfacet
  facet normal 0 0 -1
    outer loop
      vertex 115.439 64.4393 0
      vertex 110.886 64.926 0
      vertex 111 65.5 0
    endloop
  endfacet
  facet normal 0 0 -1
    outer loop
      vertex 110.561 64.4393 0
      vertex 115.439 64.4393 0
      vertex 110.561 59.5607 0
    endloop
  endfacet
  facet normal 0 0 -1
    outer loop
      vertex 115.439 64.4393 0
      vertex 110.561 64.4393 0
      vertex 110.886 64.926 0
    endloop
  endfacet
  facet normal 0 0 -1
    outer loop
      vertex 110.074 59.8858 0
      vertex 110.561 64.4393 0
      vertex 110.561 59.5607 0
    endloop
  endfacet
  facet normal 0 0 -1
    outer loop
      vertex 110.074 59.8858 0
      vertex 110.074 64.1142 0
      vertex 110.561 64.4393 0
    endloop
  endfacet
  facet normal 0 0 -1
    outer loop
      vertex 109.5 60 0
      vertex 110.074 64.1142 0
      vertex 110.074 59.8858 0
    endloop
  endfacet
  facet normal 0 0 -1
    outer loop
      vertex 109.5 60 0
      vertex 109.5 64 0
      vertex 110.074 64.1142 0
    endloop
  endfacet
  facet normal 0 0 -1
    outer loop
      vertex 108.926 59.8858 0
      vertex 109.5 64 0
      vertex 109.5 60 0
    endloop
  endfacet
  facet normal 0 0 -1
    outer loop
      vertex 108.926 59.8858 0
      vertex 108.926 64.1142 0
      vertex 109.5 64 0
    endloop
  endfacet
  facet normal 0 0 -1
    outer loop
      vertex 108.439 59.5607 0
      vertex 108.926 64.1142 0
      vertex 108.926 59.8858 0
    endloop
  endfacet
  facet normal 0 0 -1
    outer loop
      vertex 108.439 59.5607 0
      vertex 108.439 64.4393 0
      vertex 108.926 64.1142 0
    endloop
  endfacet
  facet normal 0 0 -1
    outer loop
      vertex 103.886 59.074 0
      vertex 108.114 59.074 0
      vertex 104 58.5 0
    endloop
  endfacet
  facet normal 0 0 -1
    outer loop
      vertex 108.114 59.074 0
      vertex 103.886 59.074 0
      vertex 108.439 59.5607 0
    endloop
  endfacet
  facet normal 0 0 -1
    outer loop
      vertex 104 58.5 0
      vertex 108.114 59.074 0
      vertex 108 58.5 0
    endloop
  endfacet
  facet normal 0 0 -1
    outer loop
      vertex 103.561 59.5607 0
      vertex 108.439 59.5607 0
      vertex 103.886 59.074 0
    endloop
  endfacet
  facet normal 0 0 -1
    outer loop
      vertex 115.439 52.5607 0
      vertex 110.561 52.5607 0
      vertex 115.439 57.4393 0
    endloop
  endfacet
  facet normal 0 0 -1
    outer loop
      vertex 115.439 57.4393 0
      vertex 110.886 57.926 0
      vertex 111 58.5 0
    endloop
  endfacet
  facet normal 0 0 -1
    outer loop
      vertex 110.561 57.4393 0
      vertex 115.439 57.4393 0
      vertex 110.561 52.5607 0
    endloop
  endfacet
  facet normal 0 0 -1
    outer loop
      vertex 115.439 57.4393 0
      vertex 110.561 57.4393 0
      vertex 110.886 57.926 0
    endloop
  endfacet
  facet normal 0 0 -1
    outer loop
      vertex 110.074 52.8858 0
      vertex 110.561 57.4393 0
      vertex 110.561 52.5607 0
    endloop
  endfacet
  facet normal 0 0 -1
    outer loop
      vertex 110.074 52.8858 0
      vertex 110.074 57.1142 0
      vertex 110.561 57.4393 0
    endloop
  endfacet
  facet normal 0 0 -1
    outer loop
      vertex 109.5 53 0
      vertex 110.074 57.1142 0
      vertex 110.074 52.8858 0
    endloop
  endfacet
  facet normal 0 0 -1
    outer loop
      vertex 109.5 53 0
      vertex 109.5 57 0
      vertex 110.074 57.1142 0
    endloop
  endfacet
  facet normal 0 0 -1
    outer loop
      vertex 108.926 52.8858 0
      vertex 109.5 57 0
      vertex 109.5 53 0
    endloop
  endfacet
  facet normal 0 0 -1
    outer loop
      vertex 108.926 52.8858 0
      vertex 108.926 57.1142 0
      vertex 109.5 57 0
    endloop
  endfacet
  facet normal 0 0 -1
    outer loop
      vertex 108.439 52.5607 0
      vertex 108.926 57.1142 0
      vertex 108.926 52.8858 0
    endloop
  endfacet
  facet normal 0 0 -1
    outer loop
      vertex 108.439 52.5607 0
      vertex 108.439 57.4393 0
      vertex 108.926 57.1142 0
    endloop
  endfacet
  facet normal 0 0 -1
    outer loop
      vertex 103.886 52.074 0
      vertex 108.114 52.074 0
      vertex 104 51.5 0
    endloop
  endfacet
  facet normal 0 0 -1
    outer loop
      vertex 108.114 52.074 0
      vertex 103.886 52.074 0
      vertex 108.439 52.5607 0
    endloop
  endfacet
  facet normal 0 0 -1
    outer loop
      vertex 104 51.5 0
      vertex 108.114 52.074 0
      vertex 108 51.5 0
    endloop
  endfacet
  facet normal 0 0 -1
    outer loop
      vertex 103.561 52.5607 0
      vertex 108.439 52.5607 0
      vertex 103.886 52.074 0
    endloop
  endfacet
  facet normal 0 0 -1
    outer loop
      vertex 115.439 45.5607 0
      vertex 110.561 45.5607 0
      vertex 115.439 50.4393 0
    endloop
  endfacet
  facet normal 0 0 -1
    outer loop
      vertex 115.439 50.4393 0
      vertex 110.886 50.926 0
      vertex 111 51.5 0
    endloop
  endfacet
  facet normal 0 0 -1
    outer loop
      vertex 110.561 50.4393 0
      vertex 115.439 50.4393 0
      vertex 110.561 45.5607 0
    endloop
  endfacet
  facet normal 0 0 -1
    outer loop
      vertex 115.439 50.4393 0
      vertex 110.561 50.4393 0
      vertex 110.886 50.926 0
    endloop
  endfacet
  facet normal 0 0 -1
    outer loop
      vertex 110.074 45.8858 0
      vertex 110.561 50.4393 0
      vertex 110.561 45.5607 0
    endloop
  endfacet
  facet normal 0 0 -1
    outer loop
      vertex 110.074 45.8858 0
      vertex 110.074 50.1142 0
      vertex 110.561 50.4393 0
    endloop
  endfacet
  facet normal 0 0 -1
    outer loop
      vertex 109.5 46 0
      vertex 110.074 50.1142 0
      vertex 110.074 45.8858 0
    endloop
  endfacet
  facet normal 0 0 -1
    outer loop
      vertex 109.5 46 0
      vertex 109.5 50 0
      vertex 110.074 50.1142 0
    endloop
  endfacet
  facet normal 0 0 -1
    outer loop
      vertex 108.926 45.8858 0
      vertex 109.5 50 0
      vertex 109.5 46 0
    endloop
  endfacet
  facet normal 0 0 -1
    outer loop
      vertex 108.926 45.8858 0
      vertex 108.926 50.1142 0
      vertex 109.5 50 0
    endloop
  endfacet
  facet normal 0 0 -1
    outer loop
      vertex 108.439 45.5607 0
      vertex 108.926 50.1142 0
      vertex 108.926 45.8858 0
    endloop
  endfacet
  facet normal 0 0 -1
    outer loop
      vertex 108.439 45.5607 0
      vertex 108.439 50.4393 0
      vertex 108.926 50.1142 0
    endloop
  endfacet
  facet normal 0 0 -1
    outer loop
      vertex 103.886 45.074 0
      vertex 108.114 45.074 0
      vertex 104 44.5 0
    endloop
  endfacet
  facet normal 0 0 -1
    outer loop
      vertex 108.114 45.074 0
      vertex 103.886 45.074 0
      vertex 108.439 45.5607 0
    endloop
  endfacet
  facet normal 0 0 -1
    outer loop
      vertex 104 44.5 0
      vertex 108.114 45.074 0
      vertex 108 44.5 0
    endloop
  endfacet
  facet normal 0 0 -1
    outer loop
      vertex 103.561 45.5607 0
      vertex 108.439 45.5607 0
      vertex 103.886 45.074 0
    endloop
  endfacet
  facet normal 0 0 -1
    outer loop
      vertex 115.439 38.5607 0
      vertex 110.561 38.5607 0
      vertex 115.439 43.4393 0
    endloop
  endfacet
  facet normal 0 0 -1
    outer loop
      vertex 115.439 43.4393 0
      vertex 110.886 43.926 0
      vertex 111 44.5 0
    endloop
  endfacet
  facet normal 0 0 -1
    outer loop
      vertex 110.561 43.4393 0
      vertex 115.439 43.4393 0
      vertex 110.561 38.5607 0
    endloop
  endfacet
  facet normal 0 0 -1
    outer loop
      vertex 115.439 43.4393 0
      vertex 110.561 43.4393 0
      vertex 110.886 43.926 0
    endloop
  endfacet
  facet normal 0 0 -1
    outer loop
      vertex 110.074 38.8858 0
      vertex 110.561 43.4393 0
      vertex 110.561 38.5607 0
    endloop
  endfacet
  facet normal 0 0 -1
    outer loop
      vertex 110.074 38.8858 0
      vertex 110.074 43.1142 0
      vertex 110.561 43.4393 0
    endloop
  endfacet
  facet normal 0 0 -1
    outer loop
      vertex 109.5 39 0
      vertex 110.074 43.1142 0
      vertex 110.074 38.8858 0
    endloop
  endfacet
  facet normal 0 0 -1
    outer loop
      vertex 109.5 39 0
      vertex 109.5 43 0
      vertex 110.074 43.1142 0
    endloop
  endfacet
  facet normal 0 0 -1
    outer loop
      vertex 108.926 38.8858 0
      vertex 109.5 43 0
      vertex 109.5 39 0
    endloop
  endfacet
  facet normal 0 0 -1
    outer loop
      vertex 108.926 38.8858 0
      vertex 108.926 43.1142 0
      vertex 109.5 43 0
    endloop
  endfacet
  facet normal 0 0 -1
    outer loop
      vertex 108.439 38.5607 0
      vertex 108.926 43.1142 0
      vertex 108.926 38.8858 0
    endloop
  endfacet
  facet normal 0 0 -1
    outer loop
      vertex 108.439 38.5607 0
      vertex 108.439 43.4393 0
      vertex 108.926 43.1142 0
    endloop
  endfacet
  facet normal 0 0 -1
    outer loop
      vertex 103.886 38.074 0
      vertex 108.114 38.074 0
      vertex 104 37.5 0
    endloop
  endfacet
  facet normal 0 0 -1
    outer loop
      vertex 108.114 38.074 0
      vertex 103.886 38.074 0
      vertex 108.439 38.5607 0
    endloop
  endfacet
  facet normal 0 0 -1
    outer loop
      vertex 104 37.5 0
      vertex 108.114 38.074 0
      vertex 108 37.5 0
    endloop
  endfacet
  facet normal 0 0 -1
    outer loop
      vertex 103.561 38.5607 0
      vertex 108.439 38.5607 0
      vertex 103.886 38.074 0
    endloop
  endfacet
  facet normal 0 0 -1
    outer loop
      vertex 115.439 31.5607 0
      vertex 110.561 31.5607 0
      vertex 115.439 36.4393 0
    endloop
  endfacet
  facet normal 0 0 -1
    outer loop
      vertex 115.439 36.4393 0
      vertex 110.886 36.926 0
      vertex 111 37.5 0
    endloop
  endfacet
  facet normal 0 0 -1
    outer loop
      vertex 110.561 36.4393 0
      vertex 115.439 36.4393 0
      vertex 110.561 31.5607 0
    endloop
  endfacet
  facet normal 0 0 -1
    outer loop
      vertex 115.439 36.4393 0
      vertex 110.561 36.4393 0
      vertex 110.886 36.926 0
    endloop
  endfacet
  facet normal 0 0 -1
    outer loop
      vertex 110.074 31.8858 0
      vertex 110.561 36.4393 0
      vertex 110.561 31.5607 0
    endloop
  endfacet
  facet normal 0 0 -1
    outer loop
      vertex 110.074 31.8858 0
      vertex 110.074 36.1142 0
      vertex 110.561 36.4393 0
    endloop
  endfacet
  facet normal 0 0 -1
    outer loop
      vertex 109.5 32 0
      vertex 110.074 36.1142 0
      vertex 110.074 31.8858 0
    endloop
  endfacet
  facet normal 0 0 -1
    outer loop
      vertex 109.5 32 0
      vertex 109.5 36 0
      vertex 110.074 36.1142 0
    endloop
  endfacet
  facet normal 0 0 -1
    outer loop
      vertex 108.926 31.8858 0
      vertex 109.5 36 0
      vertex 109.5 32 0
    endloop
  endfacet
  facet normal 0 0 -1
    outer loop
      vertex 108.926 31.8858 0
      vertex 108.926 36.1142 0
      vertex 109.5 36 0
    endloop
  endfacet
  facet normal 0 0 -1
    outer loop
      vertex 108.439 31.5607 0
      vertex 108.926 36.1142 0
      vertex 108.926 31.8858 0
    endloop
  endfacet
  facet normal 0 0 -1
    outer loop
      vertex 108.439 31.5607 0
      vertex 108.439 36.4393 0
      vertex 108.926 36.1142 0
    endloop
  endfacet
  facet normal 0 0 -1
    outer loop
      vertex 103.886 31.074 0
      vertex 108.114 31.074 0
      vertex 104 30.5 0
    endloop
  endfacet
  facet normal 0 0 -1
    outer loop
      vertex 108.114 31.074 0
      vertex 103.886 31.074 0
      vertex 108.439 31.5607 0
    endloop
  endfacet
  facet normal 0 0 -1
    outer loop
      vertex 104 30.5 0
      vertex 108.114 31.074 0
      vertex 108 30.5 0
    endloop
  endfacet
  facet normal 0 0 -1
    outer loop
      vertex 103.561 31.5607 0
      vertex 108.439 31.5607 0
      vertex 103.886 31.074 0
    endloop
  endfacet
  facet normal 0 0 -1
    outer loop
      vertex 122.439 59.5607 0
      vertex 117.561 59.5607 0
      vertex 122.439 64.4393 0
    endloop
  endfacet
  facet normal 0 0 -1
    outer loop
      vertex 122.439 64.4393 0
      vertex 117.886 64.926 0
      vertex 118 65.5 0
    endloop
  endfacet
  facet normal 0 0 -1
    outer loop
      vertex 117.561 64.4393 0
      vertex 122.439 64.4393 0
      vertex 117.561 59.5607 0
    endloop
  endfacet
  facet normal 0 0 -1
    outer loop
      vertex 122.439 64.4393 0
      vertex 117.561 64.4393 0
      vertex 117.886 64.926 0
    endloop
  endfacet
  facet normal 0 0 -1
    outer loop
      vertex 117.074 59.8858 0
      vertex 117.561 64.4393 0
      vertex 117.561 59.5607 0
    endloop
  endfacet
  facet normal 0 0 -1
    outer loop
      vertex 117.074 59.8858 0
      vertex 117.074 64.1142 0
      vertex 117.561 64.4393 0
    endloop
  endfacet
  facet normal 0 0 -1
    outer loop
      vertex 116.5 60 0
      vertex 117.074 64.1142 0
      vertex 117.074 59.8858 0
    endloop
  endfacet
  facet normal 0 0 -1
    outer loop
      vertex 116.5 60 0
      vertex 116.5 64 0
      vertex 117.074 64.1142 0
    endloop
  endfacet
  facet normal 0 0 -1
    outer loop
      vertex 115.926 59.8858 0
      vertex 116.5 64 0
      vertex 116.5 60 0
    endloop
  endfacet
  facet normal 0 0 -1
    outer loop
      vertex 115.926 59.8858 0
      vertex 115.926 64.1142 0
      vertex 116.5 64 0
    endloop
  endfacet
  facet normal 0 0 -1
    outer loop
      vertex 115.439 59.5607 0
      vertex 115.926 64.1142 0
      vertex 115.926 59.8858 0
    endloop
  endfacet
  facet normal 0 0 -1
    outer loop
      vertex 115.439 59.5607 0
      vertex 115.439 64.4393 0
      vertex 115.926 64.1142 0
    endloop
  endfacet
  facet normal 0 0 -1
    outer loop
      vertex 110.886 59.074 0
      vertex 115.114 59.074 0
      vertex 111 58.5 0
    endloop
  endfacet
  facet normal 0 0 -1
    outer loop
      vertex 115.114 59.074 0
      vertex 110.886 59.074 0
      vertex 115.439 59.5607 0
    endloop
  endfacet
  facet normal 0 0 -1
    outer loop
      vertex 111 58.5 0
      vertex 115.114 59.074 0
      vertex 115 58.5 0
    endloop
  endfacet
  facet normal 0 0 -1
    outer loop
      vertex 110.561 59.5607 0
      vertex 115.439 59.5607 0
      vertex 110.886 59.074 0
    endloop
  endfacet
  facet normal 0 0 -1
    outer loop
      vertex 122.439 52.5607 0
      vertex 117.561 52.5607 0
      vertex 122.439 57.4393 0
    endloop
  endfacet
  facet normal 0 0 -1
    outer loop
      vertex 122.439 57.4393 0
      vertex 117.886 57.926 0
      vertex 118 58.5 0
    endloop
  endfacet
  facet normal 0 0 -1
    outer loop
      vertex 117.561 57.4393 0
      vertex 122.439 57.4393 0
      vertex 117.561 52.5607 0
    endloop
  endfacet
  facet normal 0 0 -1
    outer loop
      vertex 122.439 57.4393 0
      vertex 117.561 57.4393 0
      vertex 117.886 57.926 0
    endloop
  endfacet
  facet normal 0 0 -1
    outer loop
      vertex 117.074 52.8858 0
      vertex 117.561 57.4393 0
      vertex 117.561 52.5607 0
    endloop
  endfacet
  facet normal 0 0 -1
    outer loop
      vertex 117.074 52.8858 0
      vertex 117.074 57.1142 0
      vertex 117.561 57.4393 0
    endloop
  endfacet
  facet normal 0 0 -1
    outer loop
      vertex 116.5 53 0
      vertex 117.074 57.1142 0
      vertex 117.074 52.8858 0
    endloop
  endfacet
  facet normal 0 0 -1
    outer loop
      vertex 116.5 53 0
      vertex 116.5 57 0
      vertex 117.074 57.1142 0
    endloop
  endfacet
  facet normal 0 0 -1
    outer loop
      vertex 115.926 52.8858 0
      vertex 116.5 57 0
      vertex 116.5 53 0
    endloop
  endfacet
  facet normal 0 0 -1
    outer loop
      vertex 115.926 52.8858 0
      vertex 115.926 57.1142 0
      vertex 116.5 57 0
    endloop
  endfacet
  facet normal 0 0 -1
    outer loop
      vertex 115.439 52.5607 0
      vertex 115.926 57.1142 0
      vertex 115.926 52.8858 0
    endloop
  endfacet
  facet normal 0 0 -1
    outer loop
      vertex 115.439 52.5607 0
      vertex 115.439 57.4393 0
      vertex 115.926 57.1142 0
    endloop
  endfacet
  facet normal 0 0 -1
    outer loop
      vertex 110.886 52.074 0
      vertex 115.114 52.074 0
      vertex 111 51.5 0
    endloop
  endfacet
  facet normal 0 0 -1
    outer loop
      vertex 115.114 52.074 0
      vertex 110.886 52.074 0
      vertex 115.439 52.5607 0
    endloop
  endfacet
  facet normal 0 0 -1
    outer loop
      vertex 111 51.5 0
      vertex 115.114 52.074 0
      vertex 115 51.5 0
    endloop
  endfacet
  facet normal 0 0 -1
    outer loop
      vertex 110.561 52.5607 0
      vertex 115.439 52.5607 0
      vertex 110.886 52.074 0
    endloop
  endfacet
  facet normal 0 0 -1
    outer loop
      vertex 122.439 45.5607 0
      vertex 117.561 45.5607 0
      vertex 122.439 50.4393 0
    endloop
  endfacet
  facet normal 0 0 -1
    outer loop
      vertex 122.439 50.4393 0
      vertex 117.886 50.926 0
      vertex 118 51.5 0
    endloop
  endfacet
  facet normal 0 0 -1
    outer loop
      vertex 117.561 50.4393 0
      vertex 122.439 50.4393 0
      vertex 117.561 45.5607 0
    endloop
  endfacet
  facet normal 0 0 -1
    outer loop
      vertex 122.439 50.4393 0
      vertex 117.561 50.4393 0
      vertex 117.886 50.926 0
    endloop
  endfacet
  facet normal 0 0 -1
    outer loop
      vertex 117.074 45.8858 0
      vertex 117.561 50.4393 0
      vertex 117.561 45.5607 0
    endloop
  endfacet
  facet normal 0 0 -1
    outer loop
      vertex 117.074 45.8858 0
      vertex 117.074 50.1142 0
      vertex 117.561 50.4393 0
    endloop
  endfacet
  facet normal 0 0 -1
    outer loop
      vertex 116.5 46 0
      vertex 117.074 50.1142 0
      vertex 117.074 45.8858 0
    endloop
  endfacet
  facet normal 0 0 -1
    outer loop
      vertex 116.5 46 0
      vertex 116.5 50 0
      vertex 117.074 50.1142 0
    endloop
  endfacet
  facet normal 0 0 -1
    outer loop
      vertex 115.926 45.8858 0
      vertex 116.5 50 0
      vertex 116.5 46 0
    endloop
  endfacet
  facet normal 0 0 -1
    outer loop
      vertex 115.926 45.8858 0
      vertex 115.926 50.1142 0
      vertex 116.5 50 0
    endloop
  endfacet
  facet normal 0 0 -1
    outer loop
      vertex 115.439 45.5607 0
      vertex 115.926 50.1142 0
      vertex 115.926 45.8858 0
    endloop
  endfacet
  facet normal 0 0 -1
    outer loop
      vertex 115.439 45.5607 0
      vertex 115.439 50.4393 0
      vertex 115.926 50.1142 0
    endloop
  endfacet
  facet normal 0 0 -1
    outer loop
      vertex 110.886 45.074 0
      vertex 115.114 45.074 0
      vertex 111 44.5 0
    endloop
  endfacet
  facet normal 0 0 -1
    outer loop
      vertex 115.114 45.074 0
      vertex 110.886 45.074 0
      vertex 115.439 45.5607 0
    endloop
  endfacet
  facet normal 0 0 -1
    outer loop
      vertex 111 44.5 0
      vertex 115.114 45.074 0
      vertex 115 44.5 0
    endloop
  endfacet
  facet normal 0 0 -1
    outer loop
      vertex 110.561 45.5607 0
      vertex 115.439 45.5607 0
      vertex 110.886 45.074 0
    endloop
  endfacet
  facet normal 0 0 -1
    outer loop
      vertex 122.439 38.5607 0
      vertex 117.561 38.5607 0
      vertex 122.439 43.4393 0
    endloop
  endfacet
  facet normal 0 0 -1
    outer loop
      vertex 122.439 43.4393 0
      vertex 117.886 43.926 0
      vertex 118 44.5 0
    endloop
  endfacet
  facet normal 0 0 -1
    outer loop
      vertex 117.561 43.4393 0
      vertex 122.439 43.4393 0
      vertex 117.561 38.5607 0
    endloop
  endfacet
  facet normal 0 0 -1
    outer loop
      vertex 122.439 43.4393 0
      vertex 117.561 43.4393 0
      vertex 117.886 43.926 0
    endloop
  endfacet
  facet normal 0 0 -1
    outer loop
      vertex 117.074 38.8858 0
      vertex 117.561 43.4393 0
      vertex 117.561 38.5607 0
    endloop
  endfacet
  facet normal 0 0 -1
    outer loop
      vertex 117.074 38.8858 0
      vertex 117.074 43.1142 0
      vertex 117.561 43.4393 0
    endloop
  endfacet
  facet normal 0 0 -1
    outer loop
      vertex 116.5 39 0
      vertex 117.074 43.1142 0
      vertex 117.074 38.8858 0
    endloop
  endfacet
  facet normal 0 0 -1
    outer loop
      vertex 116.5 39 0
      vertex 116.5 43 0
      vertex 117.074 43.1142 0
    endloop
  endfacet
  facet normal 0 0 -1
    outer loop
      vertex 115.926 38.8858 0
      vertex 116.5 43 0
      vertex 116.5 39 0
    endloop
  endfacet
  facet normal 0 0 -1
    outer loop
      vertex 115.926 38.8858 0
      vertex 115.926 43.1142 0
      vertex 116.5 43 0
    endloop
  endfacet
  facet normal 0 0 -1
    outer loop
      vertex 115.439 38.5607 0
      vertex 115.926 43.1142 0
      vertex 115.926 38.8858 0
    endloop
  endfacet
  facet normal 0 0 -1
    outer loop
      vertex 115.439 38.5607 0
      vertex 115.439 43.4393 0
      vertex 115.926 43.1142 0
    endloop
  endfacet
  facet normal 0 0 -1
    outer loop
      vertex 110.886 38.074 0
      vertex 115.114 38.074 0
      vertex 111 37.5 0
    endloop
  endfacet
  facet normal 0 0 -1
    outer loop
      vertex 115.114 38.074 0
      vertex 110.886 38.074 0
      vertex 115.439 38.5607 0
    endloop
  endfacet
  facet normal 0 0 -1
    outer loop
      vertex 111 37.5 0
      vertex 115.114 38.074 0
      vertex 115 37.5 0
    endloop
  endfacet
  facet normal 0 0 -1
    outer loop
      vertex 110.561 38.5607 0
      vertex 115.439 38.5607 0
      vertex 110.886 38.074 0
    endloop
  endfacet
  facet normal 0 0 -1
    outer loop
      vertex 122.439 31.5607 0
      vertex 117.561 31.5607 0
      vertex 122.439 36.4393 0
    endloop
  endfacet
  facet normal 0 0 -1
    outer loop
      vertex 122.439 36.4393 0
      vertex 117.886 36.926 0
      vertex 118 37.5 0
    endloop
  endfacet
  facet normal 0 0 -1
    outer loop
      vertex 117.561 36.4393 0
      vertex 122.439 36.4393 0
      vertex 117.561 31.5607 0
    endloop
  endfacet
  facet normal 0 0 -1
    outer loop
      vertex 122.439 36.4393 0
      vertex 117.561 36.4393 0
      vertex 117.886 36.926 0
    endloop
  endfacet
  facet normal 0 0 -1
    outer loop
      vertex 117.074 31.8858 0
      vertex 117.561 36.4393 0
      vertex 117.561 31.5607 0
    endloop
  endfacet
  facet normal 0 0 -1
    outer loop
      vertex 117.074 31.8858 0
      vertex 117.074 36.1142 0
      vertex 117.561 36.4393 0
    endloop
  endfacet
  facet normal 0 0 -1
    outer loop
      vertex 116.5 32 0
      vertex 117.074 36.1142 0
      vertex 117.074 31.8858 0
    endloop
  endfacet
  facet normal 0 0 -1
    outer loop
      vertex 116.5 32 0
      vertex 116.5 36 0
      vertex 117.074 36.1142 0
    endloop
  endfacet
  facet normal 0 0 -1
    outer loop
      vertex 115.926 31.8858 0
      vertex 116.5 36 0
      vertex 116.5 32 0
    endloop
  endfacet
  facet normal 0 0 -1
    outer loop
      vertex 115.926 31.8858 0
      vertex 115.926 36.1142 0
      vertex 116.5 36 0
    endloop
  endfacet
  facet normal 0 0 -1
    outer loop
      vertex 115.439 31.5607 0
      vertex 115.926 36.1142 0
      vertex 115.926 31.8858 0
    endloop
  endfacet
  facet normal 0 0 -1
    outer loop
      vertex 115.439 31.5607 0
      vertex 115.439 36.4393 0
      vertex 115.926 36.1142 0
    endloop
  endfacet
  facet normal 0 0 -1
    outer loop
      vertex 110.886 31.074 0
      vertex 115.114 31.074 0
      vertex 111 30.5 0
    endloop
  endfacet
  facet normal 0 0 -1
    outer loop
      vertex 115.114 31.074 0
      vertex 110.886 31.074 0
      vertex 115.439 31.5607 0
    endloop
  endfacet
  facet normal 0 0 -1
    outer loop
      vertex 111 30.5 0
      vertex 115.114 31.074 0
      vertex 115 30.5 0
    endloop
  endfacet
  facet normal 0 0 -1
    outer loop
      vertex 110.561 31.5607 0
      vertex 115.439 31.5607 0
      vertex 110.886 31.074 0
    endloop
  endfacet
  facet normal 0 0 -1
    outer loop
      vertex 129.439 59.5607 0
      vertex 124.561 59.5607 0
      vertex 129.439 64.4393 0
    endloop
  endfacet
  facet normal 0 0 -1
    outer loop
      vertex 129.439 64.4393 0
      vertex 124.886 64.926 0
      vertex 125 65.5 0
    endloop
  endfacet
  facet normal 0 0 -1
    outer loop
      vertex 124.561 64.4393 0
      vertex 129.439 64.4393 0
      vertex 124.561 59.5607 0
    endloop
  endfacet
  facet normal 0 0 -1
    outer loop
      vertex 129.439 64.4393 0
      vertex 124.561 64.4393 0
      vertex 124.886 64.926 0
    endloop
  endfacet
  facet normal 0 0 -1
    outer loop
      vertex 124.074 59.8858 0
      vertex 124.561 64.4393 0
      vertex 124.561 59.5607 0
    endloop
  endfacet
  facet normal 0 0 -1
    outer loop
      vertex 124.074 59.8858 0
      vertex 124.074 64.1142 0
      vertex 124.561 64.4393 0
    endloop
  endfacet
  facet normal 0 0 -1
    outer loop
      vertex 123.5 60 0
      vertex 124.074 64.1142 0
      vertex 124.074 59.8858 0
    endloop
  endfacet
  facet normal 0 0 -1
    outer loop
      vertex 123.5 60 0
      vertex 123.5 64 0
      vertex 124.074 64.1142 0
    endloop
  endfacet
  facet normal 0 0 -1
    outer loop
      vertex 122.926 59.8858 0
      vertex 123.5 64 0
      vertex 123.5 60 0
    endloop
  endfacet
  facet normal 0 0 -1
    outer loop
      vertex 122.926 59.8858 0
      vertex 122.926 64.1142 0
      vertex 123.5 64 0
    endloop
  endfacet
  facet normal 0 0 -1
    outer loop
      vertex 122.439 59.5607 0
      vertex 122.926 64.1142 0
      vertex 122.926 59.8858 0
    endloop
  endfacet
  facet normal 0 0 -1
    outer loop
      vertex 122.439 59.5607 0
      vertex 122.439 64.4393 0
      vertex 122.926 64.1142 0
    endloop
  endfacet
  facet normal 0 0 -1
    outer loop
      vertex 117.886 59.074 0
      vertex 122.114 59.074 0
      vertex 118 58.5 0
    endloop
  endfacet
  facet normal 0 0 -1
    outer loop
      vertex 122.114 59.074 0
      vertex 117.886 59.074 0
      vertex 122.439 59.5607 0
    endloop
  endfacet
  facet normal 0 0 -1
    outer loop
      vertex 118 58.5 0
      vertex 122.114 59.074 0
      vertex 122 58.5 0
    endloop
  endfacet
  facet normal 0 0 -1
    outer loop
      vertex 117.561 59.5607 0
      vertex 122.439 59.5607 0
      vertex 117.886 59.074 0
    endloop
  endfacet
  facet normal 0 0 -1
    outer loop
      vertex 129.439 52.5607 0
      vertex 124.561 52.5607 0
      vertex 129.439 57.4393 0
    endloop
  endfacet
  facet normal 0 0 -1
    outer loop
      vertex 129.439 57.4393 0
      vertex 124.886 57.926 0
      vertex 125 58.5 0
    endloop
  endfacet
  facet normal 0 0 -1
    outer loop
      vertex 124.561 57.4393 0
      vertex 129.439 57.4393 0
      vertex 124.561 52.5607 0
    endloop
  endfacet
  facet normal 0 0 -1
    outer loop
      vertex 129.439 57.4393 0
      vertex 124.561 57.4393 0
      vertex 124.886 57.926 0
    endloop
  endfacet
  facet normal 0 0 -1
    outer loop
      vertex 124.074 52.8858 0
      vertex 124.561 57.4393 0
      vertex 124.561 52.5607 0
    endloop
  endfacet
  facet normal 0 0 -1
    outer loop
      vertex 124.074 52.8858 0
      vertex 124.074 57.1142 0
      vertex 124.561 57.4393 0
    endloop
  endfacet
  facet normal 0 0 -1
    outer loop
      vertex 123.5 53 0
      vertex 124.074 57.1142 0
      vertex 124.074 52.8858 0
    endloop
  endfacet
  facet normal 0 0 -1
    outer loop
      vertex 123.5 53 0
      vertex 123.5 57 0
      vertex 124.074 57.1142 0
    endloop
  endfacet
  facet normal 0 0 -1
    outer loop
      vertex 122.926 52.8858 0
      vertex 123.5 57 0
      vertex 123.5 53 0
    endloop
  endfacet
  facet normal 0 0 -1
    outer loop
      vertex 122.926 52.8858 0
      vertex 122.926 57.1142 0
      vertex 123.5 57 0
    endloop
  endfacet
  facet normal 0 0 -1
    outer loop
      vertex 122.439 52.5607 0
      vertex 122.926 57.1142 0
      vertex 122.926 52.8858 0
    endloop
  endfacet
  facet normal 0 0 -1
    outer loop
      vertex 122.439 52.5607 0
      vertex 122.439 57.4393 0
      vertex 122.926 57.1142 0
    endloop
  endfacet
  facet normal 0 0 -1
    outer loop
      vertex 117.886 52.074 0
      vertex 122.114 52.074 0
      vertex 118 51.5 0
    endloop
  endfacet
  facet normal 0 0 -1
    outer loop
      vertex 122.114 52.074 0
      vertex 117.886 52.074 0
      vertex 122.439 52.5607 0
    endloop
  endfacet
  facet normal 0 0 -1
    outer loop
      vertex 118 51.5 0
      vertex 122.114 52.074 0
      vertex 122 51.5 0
    endloop
  endfacet
  facet normal 0 0 -1
    outer loop
      vertex 117.561 52.5607 0
      vertex 122.439 52.5607 0
      vertex 117.886 52.074 0
    endloop
  endfacet
  facet normal 0 0 -1
    outer loop
      vertex 129.439 45.5607 0
      vertex 124.561 45.5607 0
      vertex 129.439 50.4393 0
    endloop
  endfacet
  facet normal 0 0 -1
    outer loop
      vertex 129.439 50.4393 0
      vertex 124.886 50.926 0
      vertex 125 51.5 0
    endloop
  endfacet
  facet normal 0 0 -1
    outer loop
      vertex 124.561 50.4393 0
      vertex 129.439 50.4393 0
      vertex 124.561 45.5607 0
    endloop
  endfacet
  facet normal 0 0 -1
    outer loop
      vertex 129.439 50.4393 0
      vertex 124.561 50.4393 0
      vertex 124.886 50.926 0
    endloop
  endfacet
  facet normal 0 0 -1
    outer loop
      vertex 124.074 45.8858 0
      vertex 124.561 50.4393 0
      vertex 124.561 45.5607 0
    endloop
  endfacet
  facet normal 0 0 -1
    outer loop
      vertex 124.074 45.8858 0
      vertex 124.074 50.1142 0
      vertex 124.561 50.4393 0
    endloop
  endfacet
  facet normal 0 0 -1
    outer loop
      vertex 123.5 46 0
      vertex 124.074 50.1142 0
      vertex 124.074 45.8858 0
    endloop
  endfacet
  facet normal 0 0 -1
    outer loop
      vertex 123.5 46 0
      vertex 123.5 50 0
      vertex 124.074 50.1142 0
    endloop
  endfacet
  facet normal 0 0 -1
    outer loop
      vertex 122.926 45.8858 0
      vertex 123.5 50 0
      vertex 123.5 46 0
    endloop
  endfacet
  facet normal 0 0 -1
    outer loop
      vertex 122.926 45.8858 0
      vertex 122.926 50.1142 0
      vertex 123.5 50 0
    endloop
  endfacet
  facet normal 0 0 -1
    outer loop
      vertex 122.439 45.5607 0
      vertex 122.926 50.1142 0
      vertex 122.926 45.8858 0
    endloop
  endfacet
  facet normal 0 0 -1
    outer loop
      vertex 122.439 45.5607 0
      vertex 122.439 50.4393 0
      vertex 122.926 50.1142 0
    endloop
  endfacet
  facet normal 0 0 -1
    outer loop
      vertex 117.886 45.074 0
      vertex 122.114 45.074 0
      vertex 118 44.5 0
    endloop
  endfacet
  facet normal 0 0 -1
    outer loop
      vertex 122.114 45.074 0
      vertex 117.886 45.074 0
      vertex 122.439 45.5607 0
    endloop
  endfacet
  facet normal 0 0 -1
    outer loop
      vertex 118 44.5 0
      vertex 122.114 45.074 0
      vertex 122 44.5 0
    endloop
  endfacet
  facet normal 0 0 -1
    outer loop
      vertex 117.561 45.5607 0
      vertex 122.439 45.5607 0
      vertex 117.886 45.074 0
    endloop
  endfacet
  facet normal 0 0 -1
    outer loop
      vertex 129.439 38.5607 0
      vertex 124.561 38.5607 0
      vertex 129.439 43.4393 0
    endloop
  endfacet
  facet normal 0 0 -1
    outer loop
      vertex 129.439 43.4393 0
      vertex 124.886 43.926 0
      vertex 125 44.5 0
    endloop
  endfacet
  facet normal 0 0 -1
    outer loop
      vertex 124.561 43.4393 0
      vertex 129.439 43.4393 0
      vertex 124.561 38.5607 0
    endloop
  endfacet
  facet normal 0 0 -1
    outer loop
      vertex 129.439 43.4393 0
      vertex 124.561 43.4393 0
      vertex 124.886 43.926 0
    endloop
  endfacet
  facet normal 0 0 -1
    outer loop
      vertex 124.074 38.8858 0
      vertex 124.561 43.4393 0
      vertex 124.561 38.5607 0
    endloop
  endfacet
  facet normal 0 0 -1
    outer loop
      vertex 124.074 38.8858 0
      vertex 124.074 43.1142 0
      vertex 124.561 43.4393 0
    endloop
  endfacet
  facet normal 0 0 -1
    outer loop
      vertex 123.5 39 0
      vertex 124.074 43.1142 0
      vertex 124.074 38.8858 0
    endloop
  endfacet
  facet normal 0 0 -1
    outer loop
      vertex 123.5 39 0
      vertex 123.5 43 0
      vertex 124.074 43.1142 0
    endloop
  endfacet
  facet normal 0 0 -1
    outer loop
      vertex 122.926 38.8858 0
      vertex 123.5 43 0
      vertex 123.5 39 0
    endloop
  endfacet
  facet normal 0 0 -1
    outer loop
      vertex 122.926 38.8858 0
      vertex 122.926 43.1142 0
      vertex 123.5 43 0
    endloop
  endfacet
  facet normal 0 0 -1
    outer loop
      vertex 122.439 38.5607 0
      vertex 122.926 43.1142 0
      vertex 122.926 38.8858 0
    endloop
  endfacet
  facet normal 0 0 -1
    outer loop
      vertex 122.439 38.5607 0
      vertex 122.439 43.4393 0
      vertex 122.926 43.1142 0
    endloop
  endfacet
  facet normal 0 0 -1
    outer loop
      vertex 117.886 38.074 0
      vertex 122.114 38.074 0
      vertex 118 37.5 0
    endloop
  endfacet
  facet normal 0 0 -1
    outer loop
      vertex 122.114 38.074 0
      vertex 117.886 38.074 0
      vertex 122.439 38.5607 0
    endloop
  endfacet
  facet normal 0 0 -1
    outer loop
      vertex 118 37.5 0
      vertex 122.114 38.074 0
      vertex 122 37.5 0
    endloop
  endfacet
  facet normal 0 0 -1
    outer loop
      vertex 117.561 38.5607 0
      vertex 122.439 38.5607 0
      vertex 117.886 38.074 0
    endloop
  endfacet
  facet normal 0 0 -1
    outer loop
      vertex 129.439 31.5607 0
      vertex 124.561 31.5607 0
      vertex 129.439 36.4393 0
    endloop
  endfacet
  facet normal 0 0 -1
    outer loop
      vertex 129.439 36.4393 0
      vertex 124.886 36.926 0
      vertex 125 37.5 0
    endloop
  endfacet
  facet normal 0 0 -1
    outer loop
      vertex 124.561 36.4393 0
      vertex 129.439 36.4393 0
      vertex 124.561 31.5607 0
    endloop
  endfacet
  facet normal 0 0 -1
    outer loop
      vertex 129.439 36.4393 0
      vertex 124.561 36.4393 0
      vertex 124.886 36.926 0
    endloop
  endfacet
  facet normal 0 0 -1
    outer loop
      vertex 124.074 31.8858 0
      vertex 124.561 36.4393 0
      vertex 124.561 31.5607 0
    endloop
  endfacet
  facet normal 0 0 -1
    outer loop
      vertex 124.074 31.8858 0
      vertex 124.074 36.1142 0
      vertex 124.561 36.4393 0
    endloop
  endfacet
  facet normal 0 0 -1
    outer loop
      vertex 123.5 32 0
      vertex 124.074 36.1142 0
      vertex 124.074 31.8858 0
    endloop
  endfacet
  facet normal 0 0 -1
    outer loop
      vertex 123.5 32 0
      vertex 123.5 36 0
      vertex 124.074 36.1142 0
    endloop
  endfacet
  facet normal 0 0 -1
    outer loop
      vertex 122.926 31.8858 0
      vertex 123.5 36 0
      vertex 123.5 32 0
    endloop
  endfacet
  facet normal 0 0 -1
    outer loop
      vertex 122.926 31.8858 0
      vertex 122.926 36.1142 0
      vertex 123.5 36 0
    endloop
  endfacet
  facet normal 0 0 -1
    outer loop
      vertex 122.439 31.5607 0
      vertex 122.926 36.1142 0
      vertex 122.926 31.8858 0
    endloop
  endfacet
  facet normal 0 0 -1
    outer loop
      vertex 122.439 31.5607 0
      vertex 122.439 36.4393 0
      vertex 122.926 36.1142 0
    endloop
  endfacet
  facet normal 0 0 -1
    outer loop
      vertex 117.886 31.074 0
      vertex 122.114 31.074 0
      vertex 118 30.5 0
    endloop
  endfacet
  facet normal 0 0 -1
    outer loop
      vertex 122.114 31.074 0
      vertex 117.886 31.074 0
      vertex 122.439 31.5607 0
    endloop
  endfacet
  facet normal 0 0 -1
    outer loop
      vertex 118 30.5 0
      vertex 122.114 31.074 0
      vertex 122 30.5 0
    endloop
  endfacet
  facet normal 0 0 -1
    outer loop
      vertex 117.561 31.5607 0
      vertex 122.439 31.5607 0
      vertex 117.886 31.074 0
    endloop
  endfacet
  facet normal 0 0 -1
    outer loop
      vertex 136.439 59.5607 0
      vertex 131.561 59.5607 0
      vertex 136.439 64.4393 0
    endloop
  endfacet
  facet normal 0 0 -1
    outer loop
      vertex 136.439 64.4393 0
      vertex 131.886 64.926 0
      vertex 132 65.5 0
    endloop
  endfacet
  facet normal 0 0 -1
    outer loop
      vertex 131.561 64.4393 0
      vertex 136.439 64.4393 0
      vertex 131.561 59.5607 0
    endloop
  endfacet
  facet normal 0 0 -1
    outer loop
      vertex 136.439 64.4393 0
      vertex 131.561 64.4393 0
      vertex 131.886 64.926 0
    endloop
  endfacet
  facet normal 0 0 -1
    outer loop
      vertex 131.074 59.8858 0
      vertex 131.561 64.4393 0
      vertex 131.561 59.5607 0
    endloop
  endfacet
  facet normal 0 0 -1
    outer loop
      vertex 131.074 59.8858 0
      vertex 131.074 64.1142 0
      vertex 131.561 64.4393 0
    endloop
  endfacet
  facet normal 0 0 -1
    outer loop
      vertex 130.5 60 0
      vertex 131.074 64.1142 0
      vertex 131.074 59.8858 0
    endloop
  endfacet
  facet normal 0 0 -1
    outer loop
      vertex 130.5 60 0
      vertex 130.5 64 0
      vertex 131.074 64.1142 0
    endloop
  endfacet
  facet normal 0 0 -1
    outer loop
      vertex 129.926 59.8858 0
      vertex 130.5 64 0
      vertex 130.5 60 0
    endloop
  endfacet
  facet normal 0 0 -1
    outer loop
      vertex 129.926 59.8858 0
      vertex 129.926 64.1142 0
      vertex 130.5 64 0
    endloop
  endfacet
  facet normal 0 0 -1
    outer loop
      vertex 129.439 59.5607 0
      vertex 129.926 64.1142 0
      vertex 129.926 59.8858 0
    endloop
  endfacet
  facet normal 0 0 -1
    outer loop
      vertex 129.439 59.5607 0
      vertex 129.439 64.4393 0
      vertex 129.926 64.1142 0
    endloop
  endfacet
  facet normal 0 0 -1
    outer loop
      vertex 124.886 59.074 0
      vertex 129.114 59.074 0
      vertex 125 58.5 0
    endloop
  endfacet
  facet normal 0 0 -1
    outer loop
      vertex 129.114 59.074 0
      vertex 124.886 59.074 0
      vertex 129.439 59.5607 0
    endloop
  endfacet
  facet normal 0 0 -1
    outer loop
      vertex 125 58.5 0
      vertex 129.114 59.074 0
      vertex 129 58.5 0
    endloop
  endfacet
  facet normal 0 0 -1
    outer loop
      vertex 124.561 59.5607 0
      vertex 129.439 59.5607 0
      vertex 124.886 59.074 0
    endloop
  endfacet
  facet normal 0 0 -1
    outer loop
      vertex 136.439 52.5607 0
      vertex 131.561 52.5607 0
      vertex 136.439 57.4393 0
    endloop
  endfacet
  facet normal 0 0 -1
    outer loop
      vertex 136.439 57.4393 0
      vertex 131.886 57.926 0
      vertex 132 58.5 0
    endloop
  endfacet
  facet normal 0 0 -1
    outer loop
      vertex 131.561 57.4393 0
      vertex 136.439 57.4393 0
      vertex 131.561 52.5607 0
    endloop
  endfacet
  facet normal 0 0 -1
    outer loop
      vertex 136.439 57.4393 0
      vertex 131.561 57.4393 0
      vertex 131.886 57.926 0
    endloop
  endfacet
  facet normal 0 0 -1
    outer loop
      vertex 131.074 52.8858 0
      vertex 131.561 57.4393 0
      vertex 131.561 52.5607 0
    endloop
  endfacet
  facet normal 0 0 -1
    outer loop
      vertex 131.074 52.8858 0
      vertex 131.074 57.1142 0
      vertex 131.561 57.4393 0
    endloop
  endfacet
  facet normal 0 0 -1
    outer loop
      vertex 130.5 53 0
      vertex 131.074 57.1142 0
      vertex 131.074 52.8858 0
    endloop
  endfacet
  facet normal 0 0 -1
    outer loop
      vertex 130.5 53 0
      vertex 130.5 57 0
      vertex 131.074 57.1142 0
    endloop
  endfacet
  facet normal 0 0 -1
    outer loop
      vertex 129.926 52.8858 0
      vertex 130.5 57 0
      vertex 130.5 53 0
    endloop
  endfacet
  facet normal 0 0 -1
    outer loop
      vertex 129.926 52.8858 0
      vertex 129.926 57.1142 0
      vertex 130.5 57 0
    endloop
  endfacet
  facet normal 0 0 -1
    outer loop
      vertex 129.439 52.5607 0
      vertex 129.926 57.1142 0
      vertex 129.926 52.8858 0
    endloop
  endfacet
  facet normal 0 0 -1
    outer loop
      vertex 129.439 52.5607 0
      vertex 129.439 57.4393 0
      vertex 129.926 57.1142 0
    endloop
  endfacet
  facet normal 0 0 -1
    outer loop
      vertex 124.886 52.074 0
      vertex 129.114 52.074 0
      vertex 125 51.5 0
    endloop
  endfacet
  facet normal 0 0 -1
    outer loop
      vertex 129.114 52.074 0
      vertex 124.886 52.074 0
      vertex 129.439 52.5607 0
    endloop
  endfacet
  facet normal 0 0 -1
    outer loop
      vertex 125 51.5 0
      vertex 129.114 52.074 0
      vertex 129 51.5 0
    endloop
  endfacet
  facet normal 0 0 -1
    outer loop
      vertex 124.561 52.5607 0
      vertex 129.439 52.5607 0
      vertex 124.886 52.074 0
    endloop
  endfacet
  facet normal 0 0 -1
    outer loop
      vertex 136.439 45.5607 0
      vertex 131.561 45.5607 0
      vertex 136.439 50.4393 0
    endloop
  endfacet
  facet normal 0 0 -1
    outer loop
      vertex 136.439 50.4393 0
      vertex 131.886 50.926 0
      vertex 132 51.5 0
    endloop
  endfacet
  facet normal 0 0 -1
    outer loop
      vertex 131.561 50.4393 0
      vertex 136.439 50.4393 0
      vertex 131.561 45.5607 0
    endloop
  endfacet
  facet normal 0 0 -1
    outer loop
      vertex 136.439 50.4393 0
      vertex 131.561 50.4393 0
      vertex 131.886 50.926 0
    endloop
  endfacet
  facet normal 0 0 -1
    outer loop
      vertex 131.074 45.8858 0
      vertex 131.561 50.4393 0
      vertex 131.561 45.5607 0
    endloop
  endfacet
  facet normal 0 0 -1
    outer loop
      vertex 131.074 45.8858 0
      vertex 131.074 50.1142 0
      vertex 131.561 50.4393 0
    endloop
  endfacet
  facet normal 0 0 -1
    outer loop
      vertex 130.5 46 0
      vertex 131.074 50.1142 0
      vertex 131.074 45.8858 0
    endloop
  endfacet
  facet normal 0 0 -1
    outer loop
      vertex 130.5 46 0
      vertex 130.5 50 0
      vertex 131.074 50.1142 0
    endloop
  endfacet
  facet normal 0 0 -1
    outer loop
      vertex 129.926 45.8858 0
      vertex 130.5 50 0
      vertex 130.5 46 0
    endloop
  endfacet
  facet normal 0 0 -1
    outer loop
      vertex 129.926 45.8858 0
      vertex 129.926 50.1142 0
      vertex 130.5 50 0
    endloop
  endfacet
  facet normal 0 0 -1
    outer loop
      vertex 129.439 45.5607 0
      vertex 129.926 50.1142 0
      vertex 129.926 45.8858 0
    endloop
  endfacet
  facet normal 0 0 -1
    outer loop
      vertex 129.439 45.5607 0
      vertex 129.439 50.4393 0
      vertex 129.926 50.1142 0
    endloop
  endfacet
  facet normal 0 0 -1
    outer loop
      vertex 124.886 45.074 0
      vertex 129.114 45.074 0
      vertex 125 44.5 0
    endloop
  endfacet
  facet normal 0 0 -1
    outer loop
      vertex 129.114 45.074 0
      vertex 124.886 45.074 0
      vertex 129.439 45.5607 0
    endloop
  endfacet
  facet normal 0 0 -1
    outer loop
      vertex 125 44.5 0
      vertex 129.114 45.074 0
      vertex 129 44.5 0
    endloop
  endfacet
  facet normal 0 0 -1
    outer loop
      vertex 124.561 45.5607 0
      vertex 129.439 45.5607 0
      vertex 124.886 45.074 0
    endloop
  endfacet
  facet normal 0 0 -1
    outer loop
      vertex 136.439 38.5607 0
      vertex 131.561 38.5607 0
      vertex 136.439 43.4393 0
    endloop
  endfacet
  facet normal 0 0 -1
    outer loop
      vertex 136.439 43.4393 0
      vertex 131.886 43.926 0
      vertex 132 44.5 0
    endloop
  endfacet
  facet normal 0 0 -1
    outer loop
      vertex 131.561 43.4393 0
      vertex 136.439 43.4393 0
      vertex 131.561 38.5607 0
    endloop
  endfacet
  facet normal 0 0 -1
    outer loop
      vertex 136.439 43.4393 0
      vertex 131.561 43.4393 0
      vertex 131.886 43.926 0
    endloop
  endfacet
  facet normal 0 0 -1
    outer loop
      vertex 131.074 38.8858 0
      vertex 131.561 43.4393 0
      vertex 131.561 38.5607 0
    endloop
  endfacet
  facet normal 0 0 -1
    outer loop
      vertex 131.074 38.8858 0
      vertex 131.074 43.1142 0
      vertex 131.561 43.4393 0
    endloop
  endfacet
  facet normal 0 0 -1
    outer loop
      vertex 130.5 39 0
      vertex 131.074 43.1142 0
      vertex 131.074 38.8858 0
    endloop
  endfacet
  facet normal 0 0 -1
    outer loop
      vertex 130.5 39 0
      vertex 130.5 43 0
      vertex 131.074 43.1142 0
    endloop
  endfacet
  facet normal 0 0 -1
    outer loop
      vertex 129.926 38.8858 0
      vertex 130.5 43 0
      vertex 130.5 39 0
    endloop
  endfacet
  facet normal 0 0 -1
    outer loop
      vertex 129.926 38.8858 0
      vertex 129.926 43.1142 0
      vertex 130.5 43 0
    endloop
  endfacet
  facet normal 0 0 -1
    outer loop
      vertex 129.439 38.5607 0
      vertex 129.926 43.1142 0
      vertex 129.926 38.8858 0
    endloop
  endfacet
  facet normal 0 0 -1
    outer loop
      vertex 129.439 38.5607 0
      vertex 129.439 43.4393 0
      vertex 129.926 43.1142 0
    endloop
  endfacet
  facet normal 0 0 -1
    outer loop
      vertex 124.886 38.074 0
      vertex 129.114 38.074 0
      vertex 125 37.5 0
    endloop
  endfacet
  facet normal 0 0 -1
    outer loop
      vertex 129.114 38.074 0
      vertex 124.886 38.074 0
      vertex 129.439 38.5607 0
    endloop
  endfacet
  facet normal 0 0 -1
    outer loop
      vertex 125 37.5 0
      vertex 129.114 38.074 0
      vertex 129 37.5 0
    endloop
  endfacet
  facet normal 0 0 -1
    outer loop
      vertex 124.561 38.5607 0
      vertex 129.439 38.5607 0
      vertex 124.886 38.074 0
    endloop
  endfacet
  facet normal 0 0 -1
    outer loop
      vertex 136.439 31.5607 0
      vertex 131.561 31.5607 0
      vertex 136.439 36.4393 0
    endloop
  endfacet
  facet normal 0 0 -1
    outer loop
      vertex 136.439 36.4393 0
      vertex 131.886 36.926 0
      vertex 132 37.5 0
    endloop
  endfacet
  facet normal 0 0 -1
    outer loop
      vertex 131.561 36.4393 0
      vertex 136.439 36.4393 0
      vertex 131.561 31.5607 0
    endloop
  endfacet
  facet normal 0 0 -1
    outer loop
      vertex 136.439 36.4393 0
      vertex 131.561 36.4393 0
      vertex 131.886 36.926 0
    endloop
  endfacet
  facet normal 0 0 -1
    outer loop
      vertex 131.074 31.8858 0
      vertex 131.561 36.4393 0
      vertex 131.561 31.5607 0
    endloop
  endfacet
  facet normal 0 0 -1
    outer loop
      vertex 131.074 31.8858 0
      vertex 131.074 36.1142 0
      vertex 131.561 36.4393 0
    endloop
  endfacet
  facet normal 0 0 -1
    outer loop
      vertex 130.5 32 0
      vertex 131.074 36.1142 0
      vertex 131.074 31.8858 0
    endloop
  endfacet
  facet normal 0 0 -1
    outer loop
      vertex 130.5 32 0
      vertex 130.5 36 0
      vertex 131.074 36.1142 0
    endloop
  endfacet
  facet normal 0 0 -1
    outer loop
      vertex 129.926 31.8858 0
      vertex 130.5 36 0
      vertex 130.5 32 0
    endloop
  endfacet
  facet normal 0 0 -1
    outer loop
      vertex 129.926 31.8858 0
      vertex 129.926 36.1142 0
      vertex 130.5 36 0
    endloop
  endfacet
  facet normal 0 0 -1
    outer loop
      vertex 129.439 31.5607 0
      vertex 129.926 36.1142 0
      vertex 129.926 31.8858 0
    endloop
  endfacet
  facet normal 0 0 -1
    outer loop
      vertex 129.439 31.5607 0
      vertex 129.439 36.4393 0
      vertex 129.926 36.1142 0
    endloop
  endfacet
  facet normal 0 0 -1
    outer loop
      vertex 124.886 31.074 0
      vertex 129.114 31.074 0
      vertex 125 30.5 0
    endloop
  endfacet
  facet normal 0 0 -1
    outer loop
      vertex 129.114 31.074 0
      vertex 124.886 31.074 0
      vertex 129.439 31.5607 0
    endloop
  endfacet
  facet normal 0 0 -1
    outer loop
      vertex 125 30.5 0
      vertex 129.114 31.074 0
      vertex 129 30.5 0
    endloop
  endfacet
  facet normal 0 0 -1
    outer loop
      vertex 124.561 31.5607 0
      vertex 129.439 31.5607 0
      vertex 124.886 31.074 0
    endloop
  endfacet
  facet normal 0 0 -1
    outer loop
      vertex 138.886 64.926 0
      vertex 147 70.5 0
      vertex 138.886 59.074 0
    endloop
  endfacet
  facet normal 0 0 -1
    outer loop
      vertex 147 70.5 0
      vertex 138.886 64.926 0
      vertex 139 65.5 0
    endloop
  endfacet
  facet normal 0 0 -1
    outer loop
      vertex 138.561 59.5607 0
      vertex 138.886 64.926 0
      vertex 138.886 59.074 0
    endloop
  endfacet
  facet normal 0 0 -1
    outer loop
      vertex 138.561 59.5607 0
      vertex 138.561 64.4393 0
      vertex 138.886 64.926 0
    endloop
  endfacet
  facet normal 0 0 -1
    outer loop
      vertex 138.074 59.8858 0
      vertex 138.561 64.4393 0
      vertex 138.561 59.5607 0
    endloop
  endfacet
  facet normal 0 0 -1
    outer loop
      vertex 138.074 59.8858 0
      vertex 138.074 64.1142 0
      vertex 138.561 64.4393 0
    endloop
  endfacet
  facet normal 0 0 -1
    outer loop
      vertex 137.5 60 0
      vertex 138.074 64.1142 0
      vertex 138.074 59.8858 0
    endloop
  endfacet
  facet normal 0 0 -1
    outer loop
      vertex 137.5 60 0
      vertex 137.5 64 0
      vertex 138.074 64.1142 0
    endloop
  endfacet
  facet normal 0 0 -1
    outer loop
      vertex 136.926 59.8858 0
      vertex 137.5 64 0
      vertex 137.5 60 0
    endloop
  endfacet
  facet normal 0 0 -1
    outer loop
      vertex 136.926 59.8858 0
      vertex 136.926 64.1142 0
      vertex 137.5 64 0
    endloop
  endfacet
  facet normal 0 0 -1
    outer loop
      vertex 136.439 59.5607 0
      vertex 136.926 64.1142 0
      vertex 136.926 59.8858 0
    endloop
  endfacet
  facet normal 0 0 -1
    outer loop
      vertex 136.439 59.5607 0
      vertex 136.439 64.4393 0
      vertex 136.926 64.1142 0
    endloop
  endfacet
  facet normal 0 0 -1
    outer loop
      vertex 131.886 59.074 0
      vertex 136.114 59.074 0
      vertex 132 58.5 0
    endloop
  endfacet
  facet normal 0 0 -1
    outer loop
      vertex 136.114 59.074 0
      vertex 131.886 59.074 0
      vertex 136.439 59.5607 0
    endloop
  endfacet
  facet normal 0 0 -1
    outer loop
      vertex 132 58.5 0
      vertex 136.114 59.074 0
      vertex 136 58.5 0
    endloop
  endfacet
  facet normal 0 0 -1
    outer loop
      vertex 131.561 59.5607 0
      vertex 136.439 59.5607 0
      vertex 131.886 59.074 0
    endloop
  endfacet
  facet normal 0 0 -1
    outer loop
      vertex 138.886 52.074 0
      vertex 139 58.5 0
      vertex 139 51.5 0
    endloop
  endfacet
  facet normal 0 0 -1
    outer loop
      vertex 138.886 52.074 0
      vertex 138.886 57.926 0
      vertex 139 58.5 0
    endloop
  endfacet
  facet normal 0 0 -1
    outer loop
      vertex 138.561 52.5607 0
      vertex 138.886 57.926 0
      vertex 138.886 52.074 0
    endloop
  endfacet
  facet normal 0 0 -1
    outer loop
      vertex 138.561 52.5607 0
      vertex 138.561 57.4393 0
      vertex 138.886 57.926 0
    endloop
  endfacet
  facet normal 0 0 -1
    outer loop
      vertex 138.074 52.8858 0
      vertex 138.561 57.4393 0
      vertex 138.561 52.5607 0
    endloop
  endfacet
  facet normal 0 0 -1
    outer loop
      vertex 138.074 52.8858 0
      vertex 138.074 57.1142 0
      vertex 138.561 57.4393 0
    endloop
  endfacet
  facet normal 0 0 -1
    outer loop
      vertex 137.5 53 0
      vertex 138.074 57.1142 0
      vertex 138.074 52.8858 0
    endloop
  endfacet
  facet normal 0 0 -1
    outer loop
      vertex 137.5 53 0
      vertex 137.5 57 0
      vertex 138.074 57.1142 0
    endloop
  endfacet
  facet normal 0 0 -1
    outer loop
      vertex 136.926 52.8858 0
      vertex 137.5 57 0
      vertex 137.5 53 0
    endloop
  endfacet
  facet normal 0 0 -1
    outer loop
      vertex 136.926 52.8858 0
      vertex 136.926 57.1142 0
      vertex 137.5 57 0
    endloop
  endfacet
  facet normal 0 0 -1
    outer loop
      vertex 136.439 52.5607 0
      vertex 136.926 57.1142 0
      vertex 136.926 52.8858 0
    endloop
  endfacet
  facet normal 0 0 -1
    outer loop
      vertex 136.439 52.5607 0
      vertex 136.439 57.4393 0
      vertex 136.926 57.1142 0
    endloop
  endfacet
  facet normal 0 0 -1
    outer loop
      vertex 131.886 52.074 0
      vertex 136.114 52.074 0
      vertex 132 51.5 0
    endloop
  endfacet
  facet normal 0 0 -1
    outer loop
      vertex 136.114 52.074 0
      vertex 131.886 52.074 0
      vertex 136.439 52.5607 0
    endloop
  endfacet
  facet normal 0 0 -1
    outer loop
      vertex 132 51.5 0
      vertex 136.114 52.074 0
      vertex 136 51.5 0
    endloop
  endfacet
  facet normal 0 0 -1
    outer loop
      vertex 131.561 52.5607 0
      vertex 136.439 52.5607 0
      vertex 131.886 52.074 0
    endloop
  endfacet
  facet normal 0 0 -1
    outer loop
      vertex 138.886 45.074 0
      vertex 139 51.5 0
      vertex 139 44.5 0
    endloop
  endfacet
  facet normal 0 0 -1
    outer loop
      vertex 138.886 45.074 0
      vertex 138.886 50.926 0
      vertex 139 51.5 0
    endloop
  endfacet
  facet normal 0 0 -1
    outer loop
      vertex 138.561 45.5607 0
      vertex 138.886 50.926 0
      vertex 138.886 45.074 0
    endloop
  endfacet
  facet normal 0 0 -1
    outer loop
      vertex 138.561 45.5607 0
      vertex 138.561 50.4393 0
      vertex 138.886 50.926 0
    endloop
  endfacet
  facet normal 0 0 -1
    outer loop
      vertex 138.074 45.8858 0
      vertex 138.561 50.4393 0
      vertex 138.561 45.5607 0
    endloop
  endfacet
  facet normal 0 0 -1
    outer loop
      vertex 138.074 45.8858 0
      vertex 138.074 50.1142 0
      vertex 138.561 50.4393 0
    endloop
  endfacet
  facet normal 0 0 -1
    outer loop
      vertex 137.5 46 0
      vertex 138.074 50.1142 0
      vertex 138.074 45.8858 0
    endloop
  endfacet
  facet normal 0 0 -1
    outer loop
      vertex 137.5 46 0
      vertex 137.5 50 0
      vertex 138.074 50.1142 0
    endloop
  endfacet
  facet normal 0 0 -1
    outer loop
      vertex 136.926 45.8858 0
      vertex 137.5 50 0
      vertex 137.5 46 0
    endloop
  endfacet
  facet normal 0 0 -1
    outer loop
      vertex 136.926 45.8858 0
      vertex 136.926 50.1142 0
      vertex 137.5 50 0
    endloop
  endfacet
  facet normal 0 0 -1
    outer loop
      vertex 136.439 45.5607 0
      vertex 136.926 50.1142 0
      vertex 136.926 45.8858 0
    endloop
  endfacet
  facet normal 0 0 -1
    outer loop
      vertex 136.439 45.5607 0
      vertex 136.439 50.4393 0
      vertex 136.926 50.1142 0
    endloop
  endfacet
  facet normal 0 0 -1
    outer loop
      vertex 131.886 45.074 0
      vertex 136.114 45.074 0
      vertex 132 44.5 0
    endloop
  endfacet
  facet normal 0 0 -1
    outer loop
      vertex 136.114 45.074 0
      vertex 131.886 45.074 0
      vertex 136.439 45.5607 0
    endloop
  endfacet
  facet normal 0 0 -1
    outer loop
      vertex 132 44.5 0
      vertex 136.114 45.074 0
      vertex 136 44.5 0
    endloop
  endfacet
  facet normal 0 0 -1
    outer loop
      vertex 131.561 45.5607 0
      vertex 136.439 45.5607 0
      vertex 131.886 45.074 0
    endloop
  endfacet
  facet normal 0 0 -1
    outer loop
      vertex 138.886 43.926 0
      vertex 148 28 0
      vertex 138.886 38.074 0
    endloop
  endfacet
  facet normal 0 0 -1
    outer loop
      vertex 148 28 0
      vertex 138.886 43.926 0
      vertex 139 44.5 0
    endloop
  endfacet
  facet normal 0 0 -1
    outer loop
      vertex 138.561 38.5607 0
      vertex 138.886 43.926 0
      vertex 138.886 38.074 0
    endloop
  endfacet
  facet normal 0 0 -1
    outer loop
      vertex 138.561 38.5607 0
      vertex 138.561 43.4393 0
      vertex 138.886 43.926 0
    endloop
  endfacet
  facet normal 0 0 -1
    outer loop
      vertex 138.074 38.8858 0
      vertex 138.561 43.4393 0
      vertex 138.561 38.5607 0
    endloop
  endfacet
  facet normal 0 0 -1
    outer loop
      vertex 138.074 38.8858 0
      vertex 138.074 43.1142 0
      vertex 138.561 43.4393 0
    endloop
  endfacet
  facet normal 0 0 -1
    outer loop
      vertex 137.5 39 0
      vertex 138.074 43.1142 0
      vertex 138.074 38.8858 0
    endloop
  endfacet
  facet normal 0 0 -1
    outer loop
      vertex 137.5 39 0
      vertex 137.5 43 0
      vertex 138.074 43.1142 0
    endloop
  endfacet
  facet normal 0 0 -1
    outer loop
      vertex 136.926 38.8858 0
      vertex 137.5 43 0
      vertex 137.5 39 0
    endloop
  endfacet
  facet normal 0 0 -1
    outer loop
      vertex 136.926 38.8858 0
      vertex 136.926 43.1142 0
      vertex 137.5 43 0
    endloop
  endfacet
  facet normal 0 0 -1
    outer loop
      vertex 136.439 38.5607 0
      vertex 136.926 43.1142 0
      vertex 136.926 38.8858 0
    endloop
  endfacet
  facet normal 0 0 -1
    outer loop
      vertex 136.439 38.5607 0
      vertex 136.439 43.4393 0
      vertex 136.926 43.1142 0
    endloop
  endfacet
  facet normal 0 0 -1
    outer loop
      vertex 131.886 38.074 0
      vertex 136.114 38.074 0
      vertex 132 37.5 0
    endloop
  endfacet
  facet normal 0 0 -1
    outer loop
      vertex 136.114 38.074 0
      vertex 131.886 38.074 0
      vertex 136.439 38.5607 0
    endloop
  endfacet
  facet normal 0 0 -1
    outer loop
      vertex 132 37.5 0
      vertex 136.114 38.074 0
      vertex 136 37.5 0
    endloop
  endfacet
  facet normal 0 0 -1
    outer loop
      vertex 131.561 38.5607 0
      vertex 136.439 38.5607 0
      vertex 131.886 38.074 0
    endloop
  endfacet
  facet normal 0 0 -1
    outer loop
      vertex 138.886 36.926 0
      vertex 148 28 0
      vertex 138.886 31.074 0
    endloop
  endfacet
  facet normal 0 0 -1
    outer loop
      vertex 148 28 0
      vertex 138.886 36.926 0
      vertex 139 37.5 0
    endloop
  endfacet
  facet normal 0 0 -1
    outer loop
      vertex 138.561 31.5607 0
      vertex 138.886 36.926 0
      vertex 138.886 31.074 0
    endloop
  endfacet
  facet normal 0 0 -1
    outer loop
      vertex 138.561 31.5607 0
      vertex 138.561 36.4393 0
      vertex 138.886 36.926 0
    endloop
  endfacet
  facet normal 0 0 -1
    outer loop
      vertex 138.074 31.8858 0
      vertex 138.561 36.4393 0
      vertex 138.561 31.5607 0
    endloop
  endfacet
  facet normal 0 0 -1
    outer loop
      vertex 138.074 31.8858 0
      vertex 138.074 36.1142 0
      vertex 138.561 36.4393 0
    endloop
  endfacet
  facet normal 0 0 -1
    outer loop
      vertex 137.5 32 0
      vertex 138.074 36.1142 0
      vertex 138.074 31.8858 0
    endloop
  endfacet
  facet normal 0 0 -1
    outer loop
      vertex 137.5 32 0
      vertex 137.5 36 0
      vertex 138.074 36.1142 0
    endloop
  endfacet
  facet normal 0 0 -1
    outer loop
      vertex 136.926 31.8858 0
      vertex 137.5 36 0
      vertex 137.5 32 0
    endloop
  endfacet
  facet normal 0 0 -1
    outer loop
      vertex 136.926 31.8858 0
      vertex 136.926 36.1142 0
      vertex 137.5 36 0
    endloop
  endfacet
  facet normal 0 0 -1
    outer loop
      vertex 136.439 31.5607 0
      vertex 136.926 36.1142 0
      vertex 136.926 31.8858 0
    endloop
  endfacet
  facet normal 0 0 -1
    outer loop
      vertex 136.439 31.5607 0
      vertex 136.439 36.4393 0
      vertex 136.926 36.1142 0
    endloop
  endfacet
  facet normal 0 0 -1
    outer loop
      vertex 131.886 31.074 0
      vertex 136.114 31.074 0
      vertex 132 30.5 0
    endloop
  endfacet
  facet normal 0 0 -1
    outer loop
      vertex 136.114 31.074 0
      vertex 131.886 31.074 0
      vertex 136.439 31.5607 0
    endloop
  endfacet
  facet normal 0 0 -1
    outer loop
      vertex 132 30.5 0
      vertex 136.114 31.074 0
      vertex 136 30.5 0
    endloop
  endfacet
  facet normal 0 0 -1
    outer loop
      vertex 131.561 31.5607 0
      vertex 136.439 31.5607 0
      vertex 131.886 31.074 0
    endloop
  endfacet
  facet normal 0 0 -1
    outer loop
      vertex 138.074 29.1142 0
      vertex 148 28 0
      vertex 148 18 0
    endloop
  endfacet
  facet normal 0 0 -1
    outer loop
      vertex 139 51.5 0
      vertex 148 28 0
      vertex 139 44.5 0
    endloop
  endfacet
  facet normal 0 0 -1
    outer loop
      vertex 148 28 0
      vertex 139 51.5 0
      vertex 147 70.5 0
    endloop
  endfacet
  facet normal 0 0 -1
    outer loop
      vertex 139 58.5 0
      vertex 147 70.5 0
      vertex 139 51.5 0
    endloop
  endfacet
  facet normal -0 0 -1
    outer loop
      vertex 147 70.5 0
      vertex 139 65.5 0
      vertex 145.835 70.6533 0
    endloop
  endfacet
  facet normal -0 0 -1
    outer loop
      vertex 145.835 70.6533 0
      vertex 139 65.5 0
      vertex 144.75 71.1029 0
    endloop
  endfacet
  facet normal 0 0 -1
    outer loop
      vertex 138.886 66.074 0
      vertex 144.75 71.1029 0
      vertex 139 65.5 0
    endloop
  endfacet
  facet normal 0 0 -1
    outer loop
      vertex 138.886 31.074 0
      vertex 148 28 0
      vertex 139 30.5 0
    endloop
  endfacet
  facet normal 0 0 -1
    outer loop
      vertex 148 28 0
      vertex 138.886 29.926 0
      vertex 139 30.5 0
    endloop
  endfacet
  facet normal 0 0 -1
    outer loop
      vertex 148 28 0
      vertex 138.561 29.4393 0
      vertex 138.886 29.926 0
    endloop
  endfacet
  facet normal 0 0 -1
    outer loop
      vertex 148 28 0
      vertex 138.074 29.1142 0
      vertex 138.561 29.4393 0
    endloop
  endfacet
  facet normal 0 0 -1
    outer loop
      vertex 148 18 0
      vertex 137.5 29 0
      vertex 138.074 29.1142 0
    endloop
  endfacet
  facet normal 0 0 -1
    outer loop
      vertex 148 18 0
      vertex 136.926 29.1142 0
      vertex 137.5 29 0
    endloop
  endfacet
  facet normal 0 0 -1
    outer loop
      vertex 131.074 29.1142 0
      vertex 136.926 29.1142 0
      vertex 148 18 0
    endloop
  endfacet
  facet normal 0 0 -1
    outer loop
      vertex 136.114 36.926 0
      vertex 132 37.5 0
      vertex 136 37.5 0
    endloop
  endfacet
  facet normal 0 0 -1
    outer loop
      vertex 136.439 43.4393 0
      vertex 132 44.5 0
      vertex 136.114 43.926 0
    endloop
  endfacet
  facet normal 0 0 -1
    outer loop
      vertex 136.439 50.4393 0
      vertex 132 51.5 0
      vertex 136.114 50.926 0
    endloop
  endfacet
  facet normal 0 0 -1
    outer loop
      vertex 136.114 50.926 0
      vertex 132 51.5 0
      vertex 136 51.5 0
    endloop
  endfacet
  facet normal 0 0 -1
    outer loop
      vertex 136.439 36.4393 0
      vertex 132 37.5 0
      vertex 136.114 36.926 0
    endloop
  endfacet
  facet normal 0 0 -1
    outer loop
      vertex 136.114 29.926 0
      vertex 132 30.5 0
      vertex 136 30.5 0
    endloop
  endfacet
  facet normal 0 0 -1
    outer loop
      vertex 131.886 29.926 0
      vertex 136.114 29.926 0
      vertex 136.439 29.4393 0
    endloop
  endfacet
  facet normal 0 0 -1
    outer loop
      vertex 136.926 29.1142 0
      vertex 131.074 29.1142 0
      vertex 136.439 29.4393 0
    endloop
  endfacet
  facet normal 0 0 -1
    outer loop
      vertex 136.114 29.926 0
      vertex 131.886 29.926 0
      vertex 132 30.5 0
    endloop
  endfacet
  facet normal 0 0 -1
    outer loop
      vertex 136.439 29.4393 0
      vertex 131.561 29.4393 0
      vertex 131.886 29.926 0
    endloop
  endfacet
  facet normal -0 0 -1
    outer loop
      vertex 136.439 29.4393 0
      vertex 131.074 29.1142 0
      vertex 131.561 29.4393 0
    endloop
  endfacet
  facet normal 0 0 -1
    outer loop
      vertex 148 18 0
      vertex 130.5 29 0
      vertex 131.074 29.1142 0
    endloop
  endfacet
  facet normal 0 0 -1
    outer loop
      vertex 123.5 29 0
      vertex 130.5 29 0
      vertex 148 18 0
    endloop
  endfacet
  facet normal 0 0 -1
    outer loop
      vertex 129.114 36.926 0
      vertex 125 37.5 0
      vertex 129 37.5 0
    endloop
  endfacet
  facet normal 0 0 -1
    outer loop
      vertex 129.439 43.4393 0
      vertex 125 44.5 0
      vertex 129.114 43.926 0
    endloop
  endfacet
  facet normal 0 0 -1
    outer loop
      vertex 129.439 50.4393 0
      vertex 125 51.5 0
      vertex 129.114 50.926 0
    endloop
  endfacet
  facet normal 0 0 -1
    outer loop
      vertex 129.114 50.926 0
      vertex 125 51.5 0
      vertex 129 51.5 0
    endloop
  endfacet
  facet normal 0 0 -1
    outer loop
      vertex 129.439 36.4393 0
      vertex 125 37.5 0
      vertex 129.114 36.926 0
    endloop
  endfacet
  facet normal 0 0 -1
    outer loop
      vertex 129.114 29.926 0
      vertex 125 30.5 0
      vertex 129 30.5 0
    endloop
  endfacet
  facet normal 0 0 -1
    outer loop
      vertex 124.886 29.926 0
      vertex 129.114 29.926 0
      vertex 129.439 29.4393 0
    endloop
  endfacet
  facet normal 0 0 -1
    outer loop
      vertex 124.561 29.4393 0
      vertex 129.439 29.4393 0
      vertex 129.926 29.1142 0
    endloop
  endfacet
  facet normal 0 0 -1
    outer loop
      vertex 130.5 29 0
      vertex 123.5 29 0
      vertex 129.926 29.1142 0
    endloop
  endfacet
  facet normal 0 0 -1
    outer loop
      vertex 129.114 29.926 0
      vertex 124.886 29.926 0
      vertex 125 30.5 0
    endloop
  endfacet
  facet normal 0 0 -1
    outer loop
      vertex 129.439 29.4393 0
      vertex 124.561 29.4393 0
      vertex 124.886 29.926 0
    endloop
  endfacet
  facet normal 0 0 -1
    outer loop
      vertex 129.926 29.1142 0
      vertex 124.074 29.1142 0
      vertex 124.561 29.4393 0
    endloop
  endfacet
  facet normal -0 0 -1
    outer loop
      vertex 129.926 29.1142 0
      vertex 123.5 29 0
      vertex 124.074 29.1142 0
    endloop
  endfacet
  facet normal 0 0 -1
    outer loop
      vertex 116.5 29 0
      vertex 123.5 29 0
      vertex 148 18 0
    endloop
  endfacet
  facet normal 0 0 -1
    outer loop
      vertex 122.114 36.926 0
      vertex 118 37.5 0
      vertex 122 37.5 0
    endloop
  endfacet
  facet normal 0 0 -1
    outer loop
      vertex 122.439 43.4393 0
      vertex 118 44.5 0
      vertex 122.114 43.926 0
    endloop
  endfacet
  facet normal 0 0 -1
    outer loop
      vertex 122.439 50.4393 0
      vertex 118 51.5 0
      vertex 122.114 50.926 0
    endloop
  endfacet
  facet normal 0 0 -1
    outer loop
      vertex 122.114 50.926 0
      vertex 118 51.5 0
      vertex 122 51.5 0
    endloop
  endfacet
  facet normal 0 0 -1
    outer loop
      vertex 122.439 36.4393 0
      vertex 118 37.5 0
      vertex 122.114 36.926 0
    endloop
  endfacet
  facet normal 0 0 -1
    outer loop
      vertex 122.114 29.926 0
      vertex 118 30.5 0
      vertex 122 30.5 0
    endloop
  endfacet
  facet normal 0 0 -1
    outer loop
      vertex 117.886 29.926 0
      vertex 122.114 29.926 0
      vertex 122.439 29.4393 0
    endloop
  endfacet
  facet normal 0 0 -1
    outer loop
      vertex 117.561 29.4393 0
      vertex 122.439 29.4393 0
      vertex 122.926 29.1142 0
    endloop
  endfacet
  facet normal 0 0 -1
    outer loop
      vertex 123.5 29 0
      vertex 116.5 29 0
      vertex 122.926 29.1142 0
    endloop
  endfacet
  facet normal 0 0 -1
    outer loop
      vertex 122.114 29.926 0
      vertex 117.886 29.926 0
      vertex 118 30.5 0
    endloop
  endfacet
  facet normal 0 0 -1
    outer loop
      vertex 122.439 29.4393 0
      vertex 117.561 29.4393 0
      vertex 117.886 29.926 0
    endloop
  endfacet
  facet normal 0 0 -1
    outer loop
      vertex 122.926 29.1142 0
      vertex 117.074 29.1142 0
      vertex 117.561 29.4393 0
    endloop
  endfacet
  facet normal -0 0 -1
    outer loop
      vertex 122.926 29.1142 0
      vertex 116.5 29 0
      vertex 117.074 29.1142 0
    endloop
  endfacet
  facet normal 0 0 -1
    outer loop
      vertex 90 18 0
      vertex 116.5 29 0
      vertex 148 18 0
    endloop
  endfacet
  facet normal 0 0 -1
    outer loop
      vertex 115.114 36.926 0
      vertex 111 37.5 0
      vertex 115 37.5 0
    endloop
  endfacet
  facet normal 0 0 -1
    outer loop
      vertex 115.439 43.4393 0
      vertex 111 44.5 0
      vertex 115.114 43.926 0
    endloop
  endfacet
  facet normal 0 0 -1
    outer loop
      vertex 115.439 50.4393 0
      vertex 111 51.5 0
      vertex 115.114 50.926 0
    endloop
  endfacet
  facet normal 0 0 -1
    outer loop
      vertex 115.114 50.926 0
      vertex 111 51.5 0
      vertex 115 51.5 0
    endloop
  endfacet
  facet normal 0 0 -1
    outer loop
      vertex 115.439 36.4393 0
      vertex 111 37.5 0
      vertex 115.114 36.926 0
    endloop
  endfacet
  facet normal 0 0 -1
    outer loop
      vertex 115.114 29.926 0
      vertex 111 30.5 0
      vertex 115 30.5 0
    endloop
  endfacet
  facet normal 0 0 -1
    outer loop
      vertex 110.886 29.926 0
      vertex 115.114 29.926 0
      vertex 115.439 29.4393 0
    endloop
  endfacet
  facet normal 0 0 -1
    outer loop
      vertex 110.561 29.4393 0
      vertex 115.439 29.4393 0
      vertex 115.926 29.1142 0
    endloop
  endfacet
  facet normal 0 -0 -1
    outer loop
      vertex 109.5 29 0
      vertex 116.5 29 0
      vertex 90 18 0
    endloop
  endfacet
  facet normal 0 0 -1
    outer loop
      vertex 115.114 29.926 0
      vertex 110.886 29.926 0
      vertex 111 30.5 0
    endloop
  endfacet
  facet normal 0 0 -1
    outer loop
      vertex 115.439 29.4393 0
      vertex 110.561 29.4393 0
      vertex 110.886 29.926 0
    endloop
  endfacet
  facet normal 0 0 -1
    outer loop
      vertex 115.926 29.1142 0
      vertex 110.074 29.1142 0
      vertex 110.561 29.4393 0
    endloop
  endfacet
  facet normal 0 0 -1
    outer loop
      vertex 116.5 29 0
      vertex 109.5 29 0
      vertex 115.926 29.1142 0
    endloop
  endfacet
  facet normal -0 0 -1
    outer loop
      vertex 115.926 29.1142 0
      vertex 109.5 29 0
      vertex 110.074 29.1142 0
    endloop
  endfacet
  facet normal 0 0 -1
    outer loop
      vertex 108.114 36.926 0
      vertex 104 37.5 0
      vertex 108 37.5 0
    endloop
  endfacet
  facet normal 0 0 -1
    outer loop
      vertex 108.439 43.4393 0
      vertex 104 44.5 0
      vertex 108.114 43.926 0
    endloop
  endfacet
  facet normal 0 0 -1
    outer loop
      vertex 108.439 50.4393 0
      vertex 104 51.5 0
      vertex 108.114 50.926 0
    endloop
  endfacet
  facet normal 0 0 -1
    outer loop
      vertex 108.114 50.926 0
      vertex 104 51.5 0
      vertex 108 51.5 0
    endloop
  endfacet
  facet normal 0 0 -1
    outer loop
      vertex 108.439 36.4393 0
      vertex 104 37.5 0
      vertex 108.114 36.926 0
    endloop
  endfacet
  facet normal 0 0 -1
    outer loop
      vertex 108.114 29.926 0
      vertex 104 30.5 0
      vertex 108 30.5 0
    endloop
  endfacet
  facet normal 0 0 -1
    outer loop
      vertex 103.886 29.926 0
      vertex 108.114 29.926 0
      vertex 108.439 29.4393 0
    endloop
  endfacet
  facet normal 0 0 -1
    outer loop
      vertex 103.561 29.4393 0
      vertex 108.439 29.4393 0
      vertex 108.926 29.1142 0
    endloop
  endfacet
  facet normal -0 0 -1
    outer loop
      vertex 109.5 29 0
      vertex 90 18 0
      vertex 108.926 29.1142 0
    endloop
  endfacet
  facet normal 0 0 -1
    outer loop
      vertex 108.114 29.926 0
      vertex 103.886 29.926 0
      vertex 104 30.5 0
    endloop
  endfacet
  facet normal 0 0 -1
    outer loop
      vertex 108.439 29.4393 0
      vertex 103.561 29.4393 0
      vertex 103.886 29.926 0
    endloop
  endfacet
  facet normal 0 0 -1
    outer loop
      vertex 108.926 29.1142 0
      vertex 103.074 29.1142 0
      vertex 103.561 29.4393 0
    endloop
  endfacet
  facet normal -0 0 -1
    outer loop
      vertex 108.926 29.1142 0
      vertex 90 18 0
      vertex 103.074 29.1142 0
    endloop
  endfacet
  facet normal 0 0 -1
    outer loop
      vertex 103.074 29.1142 0
      vertex 90 18 0
      vertex 102.5 29 0
    endloop
  endfacet
  facet normal 0 0 -1
    outer loop
      vertex 90 18 0
      vertex 101 37.5 0
      vertex 101 30.5 0
    endloop
  endfacet
  facet normal 0 0 -1
    outer loop
      vertex 101.114 43.926 0
      vertex 75.5 53 0
      vertex 101 44.5 0
    endloop
  endfacet
  facet normal 0 0 -1
    outer loop
      vertex 101.114 50.926 0
      vertex 75.5 53 0
      vertex 101 51.5 0
    endloop
  endfacet
  facet normal 0 0 -1
    outer loop
      vertex 75.4148 53.647 0
      vertex 101.114 57.926 0
      vertex 75.5 53 0
    endloop
  endfacet
  facet normal -0 0 -1
    outer loop
      vertex 101 37.5 0
      vertex 90 18 0
      vertex 75.5 53 0
    endloop
  endfacet
  facet normal -0 0 -1
    outer loop
      vertex 101.114 29.926 0
      vertex 90 18 0
      vertex 101 30.5 0
    endloop
  endfacet
  facet normal -0 0 -1
    outer loop
      vertex 101.439 29.4393 0
      vertex 90 18 0
      vertex 101.114 29.926 0
    endloop
  endfacet
  facet normal -0 0 -1
    outer loop
      vertex 101.926 29.1142 0
      vertex 90 18 0
      vertex 101.439 29.4393 0
    endloop
  endfacet
  facet normal -0 0 -1
    outer loop
      vertex 102.5 29 0
      vertex 90 18 0
      vertex 101.926 29.1142 0
    endloop
  endfacet
  facet normal 0 0 -1
    outer loop
      vertex 158.5 75 0
      vertex 160.9 88.9395 0
      vertex 160.9 28 0
    endloop
  endfacet
  facet normal 0 0 -1
    outer loop
      vertex 158.347 76.1647 0
      vertex 160.9 88.9395 0
      vertex 158.5 75 0
    endloop
  endfacet
  facet normal 0 0 -1
    outer loop
      vertex 157.897 77.25 0
      vertex 160.9 88.9395 0
      vertex 158.347 76.1647 0
    endloop
  endfacet
  facet normal 0 0 -1
    outer loop
      vertex 157.182 78.182 0
      vertex 160.9 88.9395 0
      vertex 157.897 77.25 0
    endloop
  endfacet
  facet normal 0 0 -1
    outer loop
      vertex 160.9 88.9395 0
      vertex 157.182 78.182 0
      vertex 160.6 88.9 0
    endloop
  endfacet
  facet normal 0 0 -1
    outer loop
      vertex 156.25 78.8971 0
      vertex 160.6 88.9 0
      vertex 157.182 78.182 0
    endloop
  endfacet
  facet normal -0 0 -1
    outer loop
      vertex 160.6 88.9 0
      vertex 156.25 78.8971 0
      vertex 160.16 88.9579 0
    endloop
  endfacet
  facet normal -0 0 -1
    outer loop
      vertex 160.16 88.9579 0
      vertex 156.25 78.8971 0
      vertex 159.75 89.1278 0
    endloop
  endfacet
  facet normal 0 0 -1
    outer loop
      vertex 160.9 28 0
      vertex 158.347 73.8353 0
      vertex 158.5 75 0
    endloop
  endfacet
  facet normal 0 0 -1
    outer loop
      vertex 160.9 28 0
      vertex 157.897 72.75 0
      vertex 158.347 73.8353 0
    endloop
  endfacet
  facet normal 0 0 -1
    outer loop
      vertex 160.9 28 0
      vertex 157.182 71.818 0
      vertex 157.897 72.75 0
    endloop
  endfacet
  facet normal 0 0 -1
    outer loop
      vertex 160.9 28 0
      vertex 156.25 71.1029 0
      vertex 157.182 71.818 0
    endloop
  endfacet
  facet normal 0 0 -1
    outer loop
      vertex 160.9 28 0
      vertex 155.165 70.6533 0
      vertex 156.25 71.1029 0
    endloop
  endfacet
  facet normal 0 0 -1
    outer loop
      vertex 160.9 28 0
      vertex 154 70.5 0
      vertex 155.165 70.6533 0
    endloop
  endfacet
  facet normal 0 0 -1
    outer loop
      vertex 148 28 0
      vertex 154 70.5 0
      vertex 160.9 28 0
    endloop
  endfacet
  facet normal -0 0 -1
    outer loop
      vertex 154 70.5 0
      vertex 148 28 0
      vertex 152.835 70.6533 0
    endloop
  endfacet
  facet normal 0 -0 -1
    outer loop
      vertex 148.165 70.6533 0
      vertex 152.835 70.6533 0
      vertex 148 28 0
    endloop
  endfacet
  facet normal 0 0 -1
    outer loop
      vertex 151.75 71.1029 0
      vertex 149.25 71.1029 0
      vertex 150.818 71.818 0
    endloop
  endfacet
  facet normal 0 0 -1
    outer loop
      vertex 150.818 71.818 0
      vertex 150.182 71.818 0
      vertex 150.5 72.2325 0
    endloop
  endfacet
  facet normal -0 0 -1
    outer loop
      vertex 150.818 71.818 0
      vertex 149.25 71.1029 0
      vertex 150.182 71.818 0
    endloop
  endfacet
  facet normal -0 0 -1
    outer loop
      vertex 151.75 71.1029 0
      vertex 148.165 70.6533 0
      vertex 149.25 71.1029 0
    endloop
  endfacet
  facet normal 0 0 -1
    outer loop
      vertex 152.835 70.6533 0
      vertex 148.165 70.6533 0
      vertex 151.75 71.1029 0
    endloop
  endfacet
  facet normal 0 0 -1
    outer loop
      vertex 148.165 70.6533 0
      vertex 148 28 0
      vertex 147 70.5 0
    endloop
  endfacet
  facet normal 0 0 -1
    outer loop
      vertex 155.165 79.3467 0
      vertex 159.75 89.1278 0
      vertex 156.25 78.8971 0
    endloop
  endfacet
  facet normal -0 0 -1
    outer loop
      vertex 159.75 89.1278 0
      vertex 155.165 79.3467 0
      vertex 159.398 89.3979 0
    endloop
  endfacet
  facet normal 0 0 -1
    outer loop
      vertex 154 79.5 0
      vertex 159.398 89.3979 0
      vertex 155.165 79.3467 0
    endloop
  endfacet
  facet normal -0 0 -1
    outer loop
      vertex 159.398 89.3979 0
      vertex 154 79.5 0
      vertex 159.128 89.75 0
    endloop
  endfacet
  facet normal 0 0 -1
    outer loop
      vertex 152.835 79.3467 0
      vertex 159.128 89.75 0
      vertex 154 79.5 0
    endloop
  endfacet
  facet normal -0 0 -1
    outer loop
      vertex 159.128 89.75 0
      vertex 152.835 79.3467 0
      vertex 158.958 90.16 0
    endloop
  endfacet
  facet normal 0 0 -1
    outer loop
      vertex 148.165 79.3467 0
      vertex 158.958 90.16 0
      vertex 152.835 79.3467 0
    endloop
  endfacet
  facet normal -0 0 -1
    outer loop
      vertex 158.958 90.16 0
      vertex 148.165 79.3467 0
      vertex 158.9 90.6 0
    endloop
  endfacet
  facet normal 0 0 -1
    outer loop
      vertex 148.165 79.3467 0
      vertex 152.835 79.3467 0
      vertex 151.75 78.8971 0
    endloop
  endfacet
  facet normal 0 0 -1
    outer loop
      vertex 149.25 78.8971 0
      vertex 151.75 78.8971 0
      vertex 150.818 78.182 0
    endloop
  endfacet
  facet normal 0 0 -1
    outer loop
      vertex 150.182 78.182 0
      vertex 150.818 78.182 0
      vertex 150.5 77.7675 0
    endloop
  endfacet
  facet normal 0 0 -1
    outer loop
      vertex 149.25 78.8971 0
      vertex 150.818 78.182 0
      vertex 150.182 78.182 0
    endloop
  endfacet
  facet normal 0 0 -1
    outer loop
      vertex 148.165 79.3467 0
      vertex 151.75 78.8971 0
      vertex 149.25 78.8971 0
    endloop
  endfacet
  facet normal 0 0 -1
    outer loop
      vertex 147 79.5 0
      vertex 158.9 90.6 0
      vertex 148.165 79.3467 0
    endloop
  endfacet
  facet normal -0 0 -1
    outer loop
      vertex 158.9 90.6 0
      vertex 147 79.5 0
      vertex 158.939 90.9 0
    endloop
  endfacet
  facet normal 0 0 -1
    outer loop
      vertex 145.835 79.3467 0
      vertex 158.939 90.9 0
      vertex 147 79.5 0
    endloop
  endfacet
  facet normal 0 0 -1
    outer loop
      vertex 144.75 78.8971 0
      vertex 158.939 90.9 0
      vertex 145.835 79.3467 0
    endloop
  endfacet
  facet normal 0 0 -1
    outer loop
      vertex 109.5 67 0
      vertex 144.75 78.8971 0
      vertex 143.818 78.182 0
    endloop
  endfacet
  facet normal 0 0 -1
    outer loop
      vertex 138.886 38.074 0
      vertex 148 28 0
      vertex 139 37.5 0
    endloop
  endfacet
  facet normal 0 0 -1
    outer loop
      vertex 138.886 59.074 0
      vertex 147 70.5 0
      vertex 139 58.5 0
    endloop
  endfacet
  facet normal -0 0 -1
    outer loop
      vertex 144.75 71.1029 0
      vertex 138.886 66.074 0
      vertex 143.818 71.818 0
    endloop
  endfacet
  facet normal 0 0 -1
    outer loop
      vertex 138.561 66.5607 0
      vertex 143.818 71.818 0
      vertex 138.886 66.074 0
    endloop
  endfacet
  facet normal 0 0 -1
    outer loop
      vertex 138.074 66.8858 0
      vertex 143.818 71.818 0
      vertex 138.561 66.5607 0
    endloop
  endfacet
  facet normal -0 0 -1
    outer loop
      vertex 143.818 71.818 0
      vertex 138.074 66.8858 0
      vertex 143.103 72.75 0
    endloop
  endfacet
  facet normal 0 0 -1
    outer loop
      vertex 137.5 67 0
      vertex 143.103 72.75 0
      vertex 138.074 66.8858 0
    endloop
  endfacet
  facet normal -0 0 -1
    outer loop
      vertex 143.103 72.75 0
      vertex 137.5 67 0
      vertex 142.653 73.8353 0
    endloop
  endfacet
  facet normal -0 0 -1
    outer loop
      vertex 142.653 73.8353 0
      vertex 137.5 67 0
      vertex 142.5 75 0
    endloop
  endfacet
  facet normal 0 0 -1
    outer loop
      vertex 136.926 66.8858 0
      vertex 142.5 75 0
      vertex 137.5 67 0
    endloop
  endfacet
  facet normal 0 0 -1
    outer loop
      vertex 131.074 66.8858 0
      vertex 142.5 75 0
      vertex 136.926 66.8858 0
    endloop
  endfacet
  facet normal 0 0 -1
    outer loop
      vertex 130.5 67 0
      vertex 142.5 75 0
      vertex 131.074 66.8858 0
    endloop
  endfacet
  facet normal 0 0 -1
    outer loop
      vertex 131.074 66.8858 0
      vertex 136.926 66.8858 0
      vertex 136.439 66.5607 0
    endloop
  endfacet
  facet normal 0 0 -1
    outer loop
      vertex 131.561 66.5607 0
      vertex 136.439 66.5607 0
      vertex 136.114 66.074 0
    endloop
  endfacet
  facet normal 0 0 -1
    outer loop
      vertex 136.114 43.926 0
      vertex 132 44.5 0
      vertex 136 44.5 0
    endloop
  endfacet
  facet normal 0 0 -1
    outer loop
      vertex 136.439 57.4393 0
      vertex 132 58.5 0
      vertex 136.114 57.926 0
    endloop
  endfacet
  facet normal 0 0 -1
    outer loop
      vertex 136.114 57.926 0
      vertex 132 58.5 0
      vertex 136 58.5 0
    endloop
  endfacet
  facet normal 0 0 -1
    outer loop
      vertex 136.439 64.4393 0
      vertex 132 65.5 0
      vertex 136.114 64.926 0
    endloop
  endfacet
  facet normal 0 0 -1
    outer loop
      vertex 136.114 64.926 0
      vertex 132 65.5 0
      vertex 136 65.5 0
    endloop
  endfacet
  facet normal 0 0 -1
    outer loop
      vertex 136 65.5 0
      vertex 132 65.5 0
      vertex 136.114 66.074 0
    endloop
  endfacet
  facet normal 0 0 -1
    outer loop
      vertex 131.886 66.074 0
      vertex 136.114 66.074 0
      vertex 132 65.5 0
    endloop
  endfacet
  facet normal 0 0 -1
    outer loop
      vertex 131.561 66.5607 0
      vertex 136.114 66.074 0
      vertex 131.886 66.074 0
    endloop
  endfacet
  facet normal 0 0 -1
    outer loop
      vertex 136.439 66.5607 0
      vertex 131.561 66.5607 0
      vertex 131.074 66.8858 0
    endloop
  endfacet
  facet normal -0 0 -1
    outer loop
      vertex 142.5 75 0
      vertex 130.5 67 0
      vertex 142.653 76.1647 0
    endloop
  endfacet
  facet normal -0 0 -1
    outer loop
      vertex 142.653 76.1647 0
      vertex 130.5 67 0
      vertex 143.103 77.25 0
    endloop
  endfacet
  facet normal 0 0 -1
    outer loop
      vertex 123.5 67 0
      vertex 143.103 77.25 0
      vertex 130.5 67 0
    endloop
  endfacet
  facet normal -0 0 -1
    outer loop
      vertex 143.103 77.25 0
      vertex 123.5 67 0
      vertex 143.818 78.182 0
    endloop
  endfacet
  facet normal 0 0 -1
    outer loop
      vertex 123.5 67 0
      vertex 130.5 67 0
      vertex 129.926 66.8858 0
    endloop
  endfacet
  facet normal 0 0 -1
    outer loop
      vertex 124.074 66.8858 0
      vertex 129.926 66.8858 0
      vertex 129.439 66.5607 0
    endloop
  endfacet
  facet normal 0 0 -1
    outer loop
      vertex 129.114 43.926 0
      vertex 125 44.5 0
      vertex 129 44.5 0
    endloop
  endfacet
  facet normal 0 0 -1
    outer loop
      vertex 129.439 57.4393 0
      vertex 125 58.5 0
      vertex 129.114 57.926 0
    endloop
  endfacet
  facet normal 0 0 -1
    outer loop
      vertex 129.114 57.926 0
      vertex 125 58.5 0
      vertex 129 58.5 0
    endloop
  endfacet
  facet normal 0 0 -1
    outer loop
      vertex 129.439 64.4393 0
      vertex 125 65.5 0
      vertex 129.114 64.926 0
    endloop
  endfacet
  facet normal 0 0 -1
    outer loop
      vertex 129.114 64.926 0
      vertex 125 65.5 0
      vertex 129 65.5 0
    endloop
  endfacet
  facet normal 0 0 -1
    outer loop
      vertex 129 65.5 0
      vertex 125 65.5 0
      vertex 129.114 66.074 0
    endloop
  endfacet
  facet normal 0 0 -1
    outer loop
      vertex 124.886 66.074 0
      vertex 129.114 66.074 0
      vertex 125 65.5 0
    endloop
  endfacet
  facet normal 0 0 -1
    outer loop
      vertex 129.114 66.074 0
      vertex 124.886 66.074 0
      vertex 129.439 66.5607 0
    endloop
  endfacet
  facet normal 0 0 -1
    outer loop
      vertex 124.561 66.5607 0
      vertex 129.439 66.5607 0
      vertex 124.886 66.074 0
    endloop
  endfacet
  facet normal 0 0 -1
    outer loop
      vertex 124.074 66.8858 0
      vertex 129.439 66.5607 0
      vertex 124.561 66.5607 0
    endloop
  endfacet
  facet normal 0 0 -1
    outer loop
      vertex 129.926 66.8858 0
      vertex 124.074 66.8858 0
      vertex 123.5 67 0
    endloop
  endfacet
  facet normal 0 0 -1
    outer loop
      vertex 116.5 67 0
      vertex 143.818 78.182 0
      vertex 123.5 67 0
    endloop
  endfacet
  facet normal 0 0 -1
    outer loop
      vertex 116.5 67 0
      vertex 123.5 67 0
      vertex 122.926 66.8858 0
    endloop
  endfacet
  facet normal 0 0 -1
    outer loop
      vertex 122.114 43.926 0
      vertex 118 44.5 0
      vertex 122 44.5 0
    endloop
  endfacet
  facet normal 0 0 -1
    outer loop
      vertex 122.439 57.4393 0
      vertex 118 58.5 0
      vertex 122.114 57.926 0
    endloop
  endfacet
  facet normal 0 0 -1
    outer loop
      vertex 122.114 57.926 0
      vertex 118 58.5 0
      vertex 122 58.5 0
    endloop
  endfacet
  facet normal 0 0 -1
    outer loop
      vertex 122.439 64.4393 0
      vertex 118 65.5 0
      vertex 122.114 64.926 0
    endloop
  endfacet
  facet normal 0 0 -1
    outer loop
      vertex 122.114 64.926 0
      vertex 118 65.5 0
      vertex 122 65.5 0
    endloop
  endfacet
  facet normal 0 0 -1
    outer loop
      vertex 122 65.5 0
      vertex 118 65.5 0
      vertex 122.114 66.074 0
    endloop
  endfacet
  facet normal 0 0 -1
    outer loop
      vertex 117.886 66.074 0
      vertex 122.114 66.074 0
      vertex 118 65.5 0
    endloop
  endfacet
  facet normal 0 0 -1
    outer loop
      vertex 122.114 66.074 0
      vertex 117.886 66.074 0
      vertex 122.439 66.5607 0
    endloop
  endfacet
  facet normal 0 0 -1
    outer loop
      vertex 117.561 66.5607 0
      vertex 122.439 66.5607 0
      vertex 117.886 66.074 0
    endloop
  endfacet
  facet normal 0 0 -1
    outer loop
      vertex 122.439 66.5607 0
      vertex 117.561 66.5607 0
      vertex 122.926 66.8858 0
    endloop
  endfacet
  facet normal 0 0 -1
    outer loop
      vertex 117.074 66.8858 0
      vertex 122.926 66.8858 0
      vertex 117.561 66.5607 0
    endloop
  endfacet
  facet normal 0 0 -1
    outer loop
      vertex 116.5 67 0
      vertex 122.926 66.8858 0
      vertex 117.074 66.8858 0
    endloop
  endfacet
  facet normal 0 0 -1
    outer loop
      vertex 109.5 67 0
      vertex 143.818 78.182 0
      vertex 116.5 67 0
    endloop
  endfacet
  facet normal 0 0 -1
    outer loop
      vertex 109.5 67 0
      vertex 116.5 67 0
      vertex 115.926 66.8858 0
    endloop
  endfacet
  facet normal 0 0 -1
    outer loop
      vertex 115.114 43.926 0
      vertex 111 44.5 0
      vertex 115 44.5 0
    endloop
  endfacet
  facet normal 0 0 -1
    outer loop
      vertex 115.439 57.4393 0
      vertex 111 58.5 0
      vertex 115.114 57.926 0
    endloop
  endfacet
  facet normal 0 0 -1
    outer loop
      vertex 115.114 57.926 0
      vertex 111 58.5 0
      vertex 115 58.5 0
    endloop
  endfacet
  facet normal 0 0 -1
    outer loop
      vertex 115.439 64.4393 0
      vertex 111 65.5 0
      vertex 115.114 64.926 0
    endloop
  endfacet
  facet normal 0 0 -1
    outer loop
      vertex 115.114 64.926 0
      vertex 111 65.5 0
      vertex 115 65.5 0
    endloop
  endfacet
  facet normal 0 0 -1
    outer loop
      vertex 115 65.5 0
      vertex 111 65.5 0
      vertex 115.114 66.074 0
    endloop
  endfacet
  facet normal 0 0 -1
    outer loop
      vertex 110.886 66.074 0
      vertex 115.114 66.074 0
      vertex 111 65.5 0
    endloop
  endfacet
  facet normal 0 0 -1
    outer loop
      vertex 115.114 66.074 0
      vertex 110.886 66.074 0
      vertex 115.439 66.5607 0
    endloop
  endfacet
  facet normal 0 0 -1
    outer loop
      vertex 110.561 66.5607 0
      vertex 115.439 66.5607 0
      vertex 110.886 66.074 0
    endloop
  endfacet
  facet normal 0 0 -1
    outer loop
      vertex 115.439 66.5607 0
      vertex 110.561 66.5607 0
      vertex 115.926 66.8858 0
    endloop
  endfacet
  facet normal 0 0 -1
    outer loop
      vertex 110.074 66.8858 0
      vertex 115.926 66.8858 0
      vertex 110.561 66.5607 0
    endloop
  endfacet
  facet normal 0 0 -1
    outer loop
      vertex 109.5 67 0
      vertex 115.926 66.8858 0
      vertex 110.074 66.8858 0
    endloop
  endfacet
  facet normal 0 0 -1
    outer loop
      vertex 144.75 78.8971 0
      vertex 109.5 67 0
      vertex 102.5 67 0
    endloop
  endfacet
  facet normal 0 0 -1
    outer loop
      vertex 102.5 67 0
      vertex 109.5 67 0
      vertex 108.926 66.8858 0
    endloop
  endfacet
  facet normal 0 0 -1
    outer loop
      vertex 108.114 43.926 0
      vertex 104 44.5 0
      vertex 108 44.5 0
    endloop
  endfacet
  facet normal 0 0 -1
    outer loop
      vertex 108.439 57.4393 0
      vertex 104 58.5 0
      vertex 108.114 57.926 0
    endloop
  endfacet
  facet normal 0 0 -1
    outer loop
      vertex 108.114 57.926 0
      vertex 104 58.5 0
      vertex 108 58.5 0
    endloop
  endfacet
  facet normal 0 0 -1
    outer loop
      vertex 108.439 64.4393 0
      vertex 104 65.5 0
      vertex 108.114 64.926 0
    endloop
  endfacet
  facet normal 0 0 -1
    outer loop
      vertex 108.114 64.926 0
      vertex 104 65.5 0
      vertex 108 65.5 0
    endloop
  endfacet
  facet normal 0 0 -1
    outer loop
      vertex 108 65.5 0
      vertex 104 65.5 0
      vertex 108.114 66.074 0
    endloop
  endfacet
  facet normal 0 0 -1
    outer loop
      vertex 103.886 66.074 0
      vertex 108.114 66.074 0
      vertex 104 65.5 0
    endloop
  endfacet
  facet normal 0 0 -1
    outer loop
      vertex 108.114 66.074 0
      vertex 103.886 66.074 0
      vertex 108.439 66.5607 0
    endloop
  endfacet
  facet normal 0 0 -1
    outer loop
      vertex 103.561 66.5607 0
      vertex 108.439 66.5607 0
      vertex 103.886 66.074 0
    endloop
  endfacet
  facet normal 0 0 -1
    outer loop
      vertex 108.439 66.5607 0
      vertex 103.561 66.5607 0
      vertex 108.926 66.8858 0
    endloop
  endfacet
  facet normal 0 0 -1
    outer loop
      vertex 103.074 66.8858 0
      vertex 108.926 66.8858 0
      vertex 103.561 66.5607 0
    endloop
  endfacet
  facet normal 0 0 -1
    outer loop
      vertex 102.5 67 0
      vertex 108.926 66.8858 0
      vertex 103.074 66.8858 0
    endloop
  endfacet
  facet normal -0 0 -1
    outer loop
      vertex 144.75 78.8971 0
      vertex 102.5 67 0
      vertex 158.939 90.9 0
    endloop
  endfacet
  facet normal 0 0 -1
    outer loop
      vertex 60 77 0
      vertex 102.5 67 0
      vertex 101.926 66.8858 0
    endloop
  endfacet
  facet normal -0 0 -1
    outer loop
      vertex 101.114 57.926 0
      vertex 75.4148 53.647 0
      vertex 101 58.5 0
    endloop
  endfacet
  facet normal 0 0 -1
    outer loop
      vertex 75.1651 54.25 0
      vertex 101 58.5 0
      vertex 75.4148 53.647 0
    endloop
  endfacet
  facet normal -0 0 -1
    outer loop
      vertex 101.114 64.926 0
      vertex 75.1651 54.25 0
      vertex 101 65.5 0
    endloop
  endfacet
  facet normal 0 0 -1
    outer loop
      vertex 74.7678 54.7678 0
      vertex 101 65.5 0
      vertex 75.1651 54.25 0
    endloop
  endfacet
  facet normal 0 0 -1
    outer loop
      vertex 74.25 55.1651 0
      vertex 101 65.5 0
      vertex 74.7678 54.7678 0
    endloop
  endfacet
  facet normal -0 0 -1
    outer loop
      vertex 101 65.5 0
      vertex 74.25 55.1651 0
      vertex 101.114 66.074 0
    endloop
  endfacet
  facet normal 0 0 -1
    outer loop
      vertex 73.647 55.4148 0
      vertex 101.114 66.074 0
      vertex 74.25 55.1651 0
    endloop
  endfacet
  facet normal 0 0 -1
    outer loop
      vertex 60 77 0
      vertex 101.114 66.074 0
      vertex 73.647 55.4148 0
    endloop
  endfacet
  facet normal 0 0 -1
    outer loop
      vertex 101.114 66.074 0
      vertex 60 77 0
      vertex 101.439 66.5607 0
    endloop
  endfacet
  facet normal 0 0 -1
    outer loop
      vertex 101.439 66.5607 0
      vertex 60 77 0
      vertex 101.926 66.8858 0
    endloop
  endfacet
  facet normal 0 0 -1
    outer loop
      vertex 60 77 0
      vertex 73.647 55.4148 0
      vertex 73 55.5 0
    endloop
  endfacet
  facet normal 0 0 -1
    outer loop
      vertex 60 77 0
      vertex 73 55.5 0
      vertex 72.353 55.4148 0
    endloop
  endfacet
  facet normal 0 0 -1
    outer loop
      vertex 60 77 0
      vertex 70.5 53 0
      vertex 60 19 0
    endloop
  endfacet
  facet normal 0 0 -1
    outer loop
      vertex 70.5 53 0
      vertex 60 77 0
      vertex 70.5852 53.647 0
    endloop
  endfacet
  facet normal 0 0 -1
    outer loop
      vertex 60 77 0
      vertex 70.8349 54.25 0
      vertex 70.5852 53.647 0
    endloop
  endfacet
  facet normal 0 0 -1
    outer loop
      vertex 60 77 0
      vertex 71.2322 54.7678 0
      vertex 70.8349 54.25 0
    endloop
  endfacet
  facet normal 0 0 -1
    outer loop
      vertex 60 77 0
      vertex 71.75 55.1651 0
      vertex 71.2322 54.7678 0
    endloop
  endfacet
  facet normal 0 0 -1
    outer loop
      vertex 60 77 0
      vertex 72.353 55.4148 0
      vertex 71.75 55.1651 0
    endloop
  endfacet
  facet normal 0 0 -1
    outer loop
      vertex 102.5 67 0
      vertex 60 77 0
      vertex 158.939 90.9 0
    endloop
  endfacet
  facet normal 0 0 -1
    outer loop
      vertex 7.0605 90.9 0
      vertex 60 77 0
      vertex 16 77 0
    endloop
  endfacet
  facet normal 0 0 -1
    outer loop
      vertex 6.87224 6.25 0
      vertex 16 19 0
      vertex 7.04207 5.83999 0
    endloop
  endfacet
  facet normal 0 0 -1
    outer loop
      vertex 7.0605 90.9 0
      vertex 16 77 0
      vertex 7.1 90.6 0
    endloop
  endfacet
  facet normal 0 0 -1
    outer loop
      vertex 60 77 0
      vertex 7.0605 90.9 0
      vertex 158.939 90.9 0
    endloop
  endfacet
  facet normal 0 0 -1
    outer loop
      vertex 158.939 5.09999 0
      vertex 152 5.09999 0
      vertex 158.9 5.4 0
    endloop
  endfacet
  facet normal 0 0 -1
    outer loop
      vertex 160.6 7.1 0
      vertex 160.9 14 0
      vertex 160.9 7.0605 0
    endloop
  endfacet
  facet normal 0 0 -1
    outer loop
      vertex 160.16 7.04207 0
      vertex 160.9 14 0
      vertex 160.6 7.1 0
    endloop
  endfacet
  facet normal 0 0 -1
    outer loop
      vertex 159.75 6.87224 0
      vertex 160.9 14 0
      vertex 160.16 7.04207 0
    endloop
  endfacet
  facet normal 0 0 -1
    outer loop
      vertex 152 14 0
      vertex 159.75 6.87224 0
      vertex 159.398 6.60208 0
    endloop
  endfacet
  facet normal 0 0 -1
    outer loop
      vertex 152 14 0
      vertex 159.398 6.60208 0
      vertex 159.128 6.25 0
    endloop
  endfacet
  facet normal 0 0 -1
    outer loop
      vertex 152 5.09999 0
      vertex 159.128 6.25 0
      vertex 158.958 5.83999 0
    endloop
  endfacet
  facet normal 0 0 -1
    outer loop
      vertex 152 5.09999 0
      vertex 158.958 5.83999 0
      vertex 158.9 5.4 0
    endloop
  endfacet
  facet normal -0 0 -1
    outer loop
      vertex 159.128 6.25 0
      vertex 152 5.09999 0
      vertex 152 14 0
    endloop
  endfacet
  facet normal 0 0 -1
    outer loop
      vertex 159.75 6.87224 0
      vertex 152 14 0
      vertex 160.9 14 0
    endloop
  endfacet
  facet normal -1 0 0
    outer loop
      vertex 0 0 0
      vertex 0 96 2.4
      vertex 0 96 0
    endloop
  endfacet
  facet normal -1 -0 0
    outer loop
      vertex 0 96 2.4
      vertex 0 0 0
      vertex 0 0 2.4
    endloop
  endfacet
  facet normal 0 0 1
    outer loop
      vertex 11.6022 83.7765 2.4
      vertex 5.83999 88.9579 2.4
      vertex 11.5 83 2.4
    endloop
  endfacet
  facet normal 0 0 1
    outer loop
      vertex 11.9019 14.5 2.4
      vertex 7.04207 5.83999 2.4
      vertex 7.1 5.4 2.4
    endloop
  endfacet
  facet normal -0 0 1
    outer loop
      vertex 5.4 88.9 2.4
      vertex 11.5 83 2.4
      vertex 5.83999 88.9579 2.4
    endloop
  endfacet
  facet normal 0 0 1
    outer loop
      vertex 11.9019 14.5 2.4
      vertex 6.87224 6.25 2.4
      vertex 7.04207 5.83999 2.4
    endloop
  endfacet
  facet normal 0 0 1
    outer loop
      vertex 11.5 83 2.4
      vertex 5.4 88.9 2.4
      vertex 11.6022 82.2235 2.4
    endloop
  endfacet
  facet normal 0 0 1
    outer loop
      vertex 11.9019 14.5 2.4
      vertex 6.60208 6.60208 2.4
      vertex 6.87224 6.25 2.4
    endloop
  endfacet
  facet normal 0 0 1
    outer loop
      vertex 4.96001 88.9579 2.4
      vertex 11.6022 82.2235 2.4
      vertex 5.4 88.9 2.4
    endloop
  endfacet
  facet normal 0 0 1
    outer loop
      vertex 11.9019 14.5 2.4
      vertex 6.25 6.87224 2.4
      vertex 6.60208 6.60208 2.4
    endloop
  endfacet
  facet normal 0 0 1
    outer loop
      vertex 4.55 89.1278 2.4
      vertex 11.6022 82.2235 2.4
      vertex 4.96001 88.9579 2.4
    endloop
  endfacet
  facet normal 0 0 1
    outer loop
      vertex 11.9019 14.5 2.4
      vertex 5.83999 7.04207 2.4
      vertex 6.25 6.87224 2.4
    endloop
  endfacet
  facet normal 0 0 1
    outer loop
      vertex 11.6022 82.2235 2.4
      vertex 4.55 89.1278 2.4
      vertex 11.9019 81.5 2.4
    endloop
  endfacet
  facet normal 0 0 1
    outer loop
      vertex 11.9019 14.5 2.4
      vertex 5.4 7.1 2.4
      vertex 5.83999 7.04207 2.4
    endloop
  endfacet
  facet normal 0 0 1
    outer loop
      vertex 4.19792 89.3979 2.4
      vertex 11.9019 81.5 2.4
      vertex 4.55 89.1278 2.4
    endloop
  endfacet
  facet normal 0 0 1
    outer loop
      vertex 11.9019 14.5 2.4
      vertex 4.96001 7.04207 2.4
      vertex 5.4 7.1 2.4
    endloop
  endfacet
  facet normal 0 0 1
    outer loop
      vertex 11.9019 81.5 2.4
      vertex 4.19792 89.3979 2.4
      vertex 11.9019 14.5 2.4
    endloop
  endfacet
  facet normal 0 0 1
    outer loop
      vertex 11.9019 14.5 2.4
      vertex 4.55 6.87224 2.4
      vertex 4.96001 7.04207 2.4
    endloop
  endfacet
  facet normal 0 0 1
    outer loop
      vertex 4.19792 6.60208 2.4
      vertex 11.9019 14.5 2.4
      vertex 4.19792 89.3979 2.4
    endloop
  endfacet
  facet normal 0 0 1
    outer loop
      vertex 11.9019 14.5 2.4
      vertex 4.19792 6.60208 2.4
      vertex 4.55 6.87224 2.4
    endloop
  endfacet
  facet normal 0 0 1
    outer loop
      vertex 3.92776 89.75 2.4
      vertex 4.19792 6.60208 2.4
      vertex 4.19792 89.3979 2.4
    endloop
  endfacet
  facet normal 0 0 1
    outer loop
      vertex 3.92776 89.75 2.4
      vertex 3.92776 6.25 2.4
      vertex 4.19792 6.60208 2.4
    endloop
  endfacet
  facet normal 0 0 1
    outer loop
      vertex 0 96 2.4
      vertex 3.92776 89.75 2.4
      vertex 3.75793 90.16 2.4
    endloop
  endfacet
  facet normal 0 0 1
    outer loop
      vertex 3.92776 89.75 2.4
      vertex 0 96 2.4
      vertex 3.92776 6.25 2.4
    endloop
  endfacet
  facet normal 0 0 1
    outer loop
      vertex 0 96 2.4
      vertex 3.75793 90.16 2.4
      vertex 3.7 90.6 2.4
    endloop
  endfacet
  facet normal 0 0 1
    outer loop
      vertex 0 0 2.4
      vertex 3.92776 6.25 2.4
      vertex 0 96 2.4
    endloop
  endfacet
  facet normal 0 0 1
    outer loop
      vertex 59.3787 80.8787 2.4
      vertex 60 77 2.4
      vertex 60 80.4019 2.4
    endloop
  endfacet
  facet normal 0 0 1
    outer loop
      vertex 58.9019 81.5 2.4
      vertex 60 77 2.4
      vertex 59.3787 80.8787 2.4
    endloop
  endfacet
  facet normal 0 0 1
    outer loop
      vertex 58.6022 82.2235 2.4
      vertex 60 77 2.4
      vertex 58.9019 81.5 2.4
    endloop
  endfacet
  facet normal -0 0 1
    outer loop
      vertex 17.5 83 2.4
      vertex 58.6022 82.2235 2.4
      vertex 58.5 83 2.4
    endloop
  endfacet
  facet normal 0 0 1
    outer loop
      vertex 17.3978 82.2235 2.4
      vertex 58.6022 82.2235 2.4
      vertex 17.5 83 2.4
    endloop
  endfacet
  facet normal 0 0 1
    outer loop
      vertex 58.6022 82.2235 2.4
      vertex 17.3978 82.2235 2.4
      vertex 60 77 2.4
    endloop
  endfacet
  facet normal 0 0 1
    outer loop
      vertex 16 77 2.4
      vertex 17.3978 82.2235 2.4
      vertex 17.0981 81.5 2.4
    endloop
  endfacet
  facet normal 0 0 1
    outer loop
      vertex 16 77 2.4
      vertex 17.0981 81.5 2.4
      vertex 16.6213 80.8787 2.4
    endloop
  endfacet
  facet normal 0 0 1
    outer loop
      vertex 16 77 2.4
      vertex 16.6213 80.8787 2.4
      vertex 16 80.4019 2.4
    endloop
  endfacet
  facet normal 0 0 1
    outer loop
      vertex 17.3978 82.2235 2.4
      vertex 16 77 2.4
      vertex 60 77 2.4
    endloop
  endfacet
  facet normal -0 0 1
    outer loop
      vertex 15.2765 80.1022 2.4
      vertex 16 77 2.4
      vertex 16 80.4019 2.4
    endloop
  endfacet
  facet normal -0 0 1
    outer loop
      vertex 14.5 80 2.4
      vertex 16 77 2.4
      vertex 15.2765 80.1022 2.4
    endloop
  endfacet
  facet normal 0 0 1
    outer loop
      vertex 13.7235 80.1022 2.4
      vertex 16 77 2.4
      vertex 14.5 80 2.4
    endloop
  endfacet
  facet normal 0 0 1
    outer loop
      vertex 16 19 2.4
      vertex 15.2765 15.8978 2.4
      vertex 16 15.5981 2.4
    endloop
  endfacet
  facet normal 0 0 1
    outer loop
      vertex 13 80.4019 2.4
      vertex 16 77 2.4
      vertex 13.7235 80.1022 2.4
    endloop
  endfacet
  facet normal 0 0 1
    outer loop
      vertex 16 19 2.4
      vertex 14.5 16 2.4
      vertex 15.2765 15.8978 2.4
    endloop
  endfacet
  facet normal 0 0 1
    outer loop
      vertex 12.3787 80.8787 2.4
      vertex 16 77 2.4
      vertex 13 80.4019 2.4
    endloop
  endfacet
  facet normal 0 0 1
    outer loop
      vertex 16 19 2.4
      vertex 13.7235 15.8978 2.4
      vertex 14.5 16 2.4
    endloop
  endfacet
  facet normal 0 0 1
    outer loop
      vertex 16 77 2.4
      vertex 12.3787 80.8787 2.4
      vertex 16 19 2.4
    endloop
  endfacet
  facet normal 0 0 1
    outer loop
      vertex 16 19 2.4
      vertex 13 15.5981 2.4
      vertex 13.7235 15.8978 2.4
    endloop
  endfacet
  facet normal 0 0 1
    outer loop
      vertex 12.3787 15.1213 2.4
      vertex 16 19 2.4
      vertex 12.3787 80.8787 2.4
    endloop
  endfacet
  facet normal 0 0 1
    outer loop
      vertex 16 19 2.4
      vertex 12.3787 15.1213 2.4
      vertex 13 15.5981 2.4
    endloop
  endfacet
  facet normal 0 0 1
    outer loop
      vertex 11.9019 81.5 2.4
      vertex 12.3787 15.1213 2.4
      vertex 12.3787 80.8787 2.4
    endloop
  endfacet
  facet normal 0 0 1
    outer loop
      vertex 11.9019 81.5 2.4
      vertex 11.9019 14.5 2.4
      vertex 12.3787 15.1213 2.4
    endloop
  endfacet
  facet normal -0 0 1
    outer loop
      vertex 6.25 89.1278 2.4
      vertex 11.9019 84.5 2.4
      vertex 6.60208 89.3979 2.4
    endloop
  endfacet
  facet normal 0 0 1
    outer loop
      vertex 11.9019 84.5 2.4
      vertex 6.25 89.1278 2.4
      vertex 11.6022 83.7765 2.4
    endloop
  endfacet
  facet normal 0 0 1
    outer loop
      vertex 12.3787 85.1213 2.4
      vertex 6.60208 89.3979 2.4
      vertex 11.9019 84.5 2.4
    endloop
  endfacet
  facet normal -0 0 1
    outer loop
      vertex 5.83999 88.9579 2.4
      vertex 11.6022 83.7765 2.4
      vertex 6.25 89.1278 2.4
    endloop
  endfacet
  facet normal 0 0 1
    outer loop
      vertex 71.2322 54.7678 2.4
      vertex 60 77 2.4
      vertex 70.8349 54.25 2.4
    endloop
  endfacet
  facet normal 0 0 1
    outer loop
      vertex 70.5 53 2.4
      vertex 64.3978 13.7765 2.4
      vertex 64.5 13 2.4
    endloop
  endfacet
  facet normal 0 0 1
    outer loop
      vertex 70.8349 54.25 2.4
      vertex 60 77 2.4
      vertex 70.5852 53.647 2.4
    endloop
  endfacet
  facet normal 0 0 1
    outer loop
      vertex 70.5 53 2.4
      vertex 64.0981 14.5 2.4
      vertex 64.3978 13.7765 2.4
    endloop
  endfacet
  facet normal 0 0 1
    outer loop
      vertex 70.5852 53.647 2.4
      vertex 60 77 2.4
      vertex 70.5 53 2.4
    endloop
  endfacet
  facet normal 0 0 1
    outer loop
      vertex 70.5 53 2.4
      vertex 63.6213 15.1213 2.4
      vertex 64.0981 14.5 2.4
    endloop
  endfacet
  facet normal 0 0 1
    outer loop
      vertex 60 77 2.4
      vertex 63.6213 80.8787 2.4
      vertex 63 80.4019 2.4
    endloop
  endfacet
  facet normal 0 0 1
    outer loop
      vertex 60 19 2.4
      vertex 70.5 53 2.4
      vertex 60 77 2.4
    endloop
  endfacet
  facet normal 0 0 1
    outer loop
      vertex 60 77 2.4
      vertex 63 80.4019 2.4
      vertex 62.2765 80.1022 2.4
    endloop
  endfacet
  facet normal 0 0 1
    outer loop
      vertex 70.5 53 2.4
      vertex 60 19 2.4
      vertex 63.6213 15.1213 2.4
    endloop
  endfacet
  facet normal 0 0 1
    outer loop
      vertex 60 77 2.4
      vertex 62.2765 80.1022 2.4
      vertex 61.5 80 2.4
    endloop
  endfacet
  facet normal 0 0 1
    outer loop
      vertex 63.6213 15.1213 2.4
      vertex 60 19 2.4
      vertex 63 15.5981 2.4
    endloop
  endfacet
  facet normal 0 0 1
    outer loop
      vertex 60 77 2.4
      vertex 61.5 80 2.4
      vertex 60.7235 80.1022 2.4
    endloop
  endfacet
  facet normal 0 0 1
    outer loop
      vertex 63 15.5981 2.4
      vertex 60 19 2.4
      vertex 62.2765 15.8978 2.4
    endloop
  endfacet
  facet normal 0 0 1
    outer loop
      vertex 60 77 2.4
      vertex 60.7235 80.1022 2.4
      vertex 60 80.4019 2.4
    endloop
  endfacet
  facet normal 0 0 1
    outer loop
      vertex 62.2765 15.8978 2.4
      vertex 60 19 2.4
      vertex 61.5 16 2.4
    endloop
  endfacet
  facet normal 0 0 1
    outer loop
      vertex 61.5 16 2.4
      vertex 60 19 2.4
      vertex 60.7235 15.8978 2.4
    endloop
  endfacet
  facet normal 0 0 1
    outer loop
      vertex 60 19 2.4
      vertex 60 15.5981 2.4
      vertex 60.7235 15.8978 2.4
    endloop
  endfacet
  facet normal 0 0 1
    outer loop
      vertex 60 19 2.4
      vertex 59.3787 15.1213 2.4
      vertex 60 15.5981 2.4
    endloop
  endfacet
  facet normal 0 0 1
    outer loop
      vertex 60 19 2.4
      vertex 58.9019 14.5 2.4
      vertex 59.3787 15.1213 2.4
    endloop
  endfacet
  facet normal 0 0 1
    outer loop
      vertex 60 19 2.4
      vertex 58.6022 13.7765 2.4
      vertex 58.9019 14.5 2.4
    endloop
  endfacet
  facet normal 0 0 1
    outer loop
      vertex 58.6022 13.7765 2.4
      vertex 17.5 13 2.4
      vertex 58.5 13 2.4
    endloop
  endfacet
  facet normal 0 0 1
    outer loop
      vertex 17.3978 13.7765 2.4
      vertex 58.6022 13.7765 2.4
      vertex 60 19 2.4
    endloop
  endfacet
  facet normal 0 0 1
    outer loop
      vertex 58.6022 13.7765 2.4
      vertex 17.3978 13.7765 2.4
      vertex 17.5 13 2.4
    endloop
  endfacet
  facet normal -0 0 1
    outer loop
      vertex 16 19 2.4
      vertex 17.3978 13.7765 2.4
      vertex 60 19 2.4
    endloop
  endfacet
  facet normal 0 0 1
    outer loop
      vertex 17.3978 13.7765 2.4
      vertex 16 19 2.4
      vertex 17.0981 14.5 2.4
    endloop
  endfacet
  facet normal 0 0 1
    outer loop
      vertex 17.0981 14.5 2.4
      vertex 16 19 2.4
      vertex 16.6213 15.1213 2.4
    endloop
  endfacet
  facet normal 0 0 1
    outer loop
      vertex 16.6213 15.1213 2.4
      vertex 16 19 2.4
      vertex 16 15.5981 2.4
    endloop
  endfacet
  facet normal 0 0 1
    outer loop
      vertex 108.439 36.4393 2.4
      vertex 103.561 36.4393 2.4
      vertex 108.439 31.5607 2.4
    endloop
  endfacet
  facet normal 0 0 1
    outer loop
      vertex 108.439 31.5607 2.4
      vertex 103.886 31.074 2.4
      vertex 104 30.5 2.4
    endloop
  endfacet
  facet normal 0 0 1
    outer loop
      vertex 103.561 31.5607 2.4
      vertex 108.439 31.5607 2.4
      vertex 103.561 36.4393 2.4
    endloop
  endfacet
  facet normal 0 0 1
    outer loop
      vertex 108.439 31.5607 2.4
      vertex 103.561 31.5607 2.4
      vertex 103.886 31.074 2.4
    endloop
  endfacet
  facet normal -0 0 1
    outer loop
      vertex 103.074 36.1142 2.4
      vertex 103.561 31.5607 2.4
      vertex 103.561 36.4393 2.4
    endloop
  endfacet
  facet normal 0 0 1
    outer loop
      vertex 103.074 36.1142 2.4
      vertex 103.074 31.8858 2.4
      vertex 103.561 31.5607 2.4
    endloop
  endfacet
  facet normal -0 0 1
    outer loop
      vertex 102.5 36 2.4
      vertex 103.074 31.8858 2.4
      vertex 103.074 36.1142 2.4
    endloop
  endfacet
  facet normal 0 0 1
    outer loop
      vertex 102.5 36 2.4
      vertex 102.5 32 2.4
      vertex 103.074 31.8858 2.4
    endloop
  endfacet
  facet normal 0 0 1
    outer loop
      vertex 101.926 36.1142 2.4
      vertex 102.5 32 2.4
      vertex 102.5 36 2.4
    endloop
  endfacet
  facet normal 0 0 1
    outer loop
      vertex 101.926 36.1142 2.4
      vertex 101.926 31.8858 2.4
      vertex 102.5 32 2.4
    endloop
  endfacet
  facet normal 0 0 1
    outer loop
      vertex 101.439 36.4393 2.4
      vertex 101.926 31.8858 2.4
      vertex 101.926 36.1142 2.4
    endloop
  endfacet
  facet normal 0 0 1
    outer loop
      vertex 101.439 36.4393 2.4
      vertex 101.439 31.5607 2.4
      vertex 101.926 31.8858 2.4
    endloop
  endfacet
  facet normal 0 0 1
    outer loop
      vertex 101.114 36.926 2.4
      vertex 101.439 31.5607 2.4
      vertex 101.439 36.4393 2.4
    endloop
  endfacet
  facet normal 0 0 1
    outer loop
      vertex 101.114 36.926 2.4
      vertex 101.114 31.074 2.4
      vertex 101.439 31.5607 2.4
    endloop
  endfacet
  facet normal 0 0 1
    outer loop
      vertex 101 37.5 2.4
      vertex 101.114 31.074 2.4
      vertex 101.114 36.926 2.4
    endloop
  endfacet
  facet normal 0 0 1
    outer loop
      vertex 101.114 31.074 2.4
      vertex 101 37.5 2.4
      vertex 101 30.5 2.4
    endloop
  endfacet
  facet normal 0 0 1
    outer loop
      vertex 108.439 43.4393 2.4
      vertex 103.561 43.4393 2.4
      vertex 108.439 38.5607 2.4
    endloop
  endfacet
  facet normal 0 0 1
    outer loop
      vertex 108.439 38.5607 2.4
      vertex 103.886 38.074 2.4
      vertex 104 37.5 2.4
    endloop
  endfacet
  facet normal 0 0 1
    outer loop
      vertex 103.561 38.5607 2.4
      vertex 108.439 38.5607 2.4
      vertex 103.561 43.4393 2.4
    endloop
  endfacet
  facet normal 0 0 1
    outer loop
      vertex 108.439 38.5607 2.4
      vertex 103.561 38.5607 2.4
      vertex 103.886 38.074 2.4
    endloop
  endfacet
  facet normal -0 0 1
    outer loop
      vertex 103.074 43.1142 2.4
      vertex 103.561 38.5607 2.4
      vertex 103.561 43.4393 2.4
    endloop
  endfacet
  facet normal 0 0 1
    outer loop
      vertex 103.074 43.1142 2.4
      vertex 103.074 38.8858 2.4
      vertex 103.561 38.5607 2.4
    endloop
  endfacet
  facet normal -0 0 1
    outer loop
      vertex 102.5 43 2.4
      vertex 103.074 38.8858 2.4
      vertex 103.074 43.1142 2.4
    endloop
  endfacet
  facet normal 0 0 1
    outer loop
      vertex 102.5 43 2.4
      vertex 102.5 39 2.4
      vertex 103.074 38.8858 2.4
    endloop
  endfacet
  facet normal 0 0 1
    outer loop
      vertex 101.926 43.1142 2.4
      vertex 102.5 39 2.4
      vertex 102.5 43 2.4
    endloop
  endfacet
  facet normal 0 0 1
    outer loop
      vertex 101.926 43.1142 2.4
      vertex 101.926 38.8858 2.4
      vertex 102.5 39 2.4
    endloop
  endfacet
  facet normal 0 0 1
    outer loop
      vertex 101.439 43.4393 2.4
      vertex 101.926 38.8858 2.4
      vertex 101.926 43.1142 2.4
    endloop
  endfacet
  facet normal 0 0 1
    outer loop
      vertex 101.439 43.4393 2.4
      vertex 101.439 38.5607 2.4
      vertex 101.926 38.8858 2.4
    endloop
  endfacet
  facet normal 0 0 1
    outer loop
      vertex 101.114 43.926 2.4
      vertex 101.439 38.5607 2.4
      vertex 101.439 43.4393 2.4
    endloop
  endfacet
  facet normal 0 0 1
    outer loop
      vertex 101.114 43.926 2.4
      vertex 101.114 38.074 2.4
      vertex 101.439 38.5607 2.4
    endloop
  endfacet
  facet normal 0 0 1
    outer loop
      vertex 74.7678 51.2322 2.4
      vertex 101.114 43.926 2.4
      vertex 101 44.5 2.4
    endloop
  endfacet
  facet normal 0 0 1
    outer loop
      vertex 101.114 43.926 2.4
      vertex 74.7678 51.2322 2.4
      vertex 101.114 38.074 2.4
    endloop
  endfacet
  facet normal 0 0 1
    outer loop
      vertex 108.439 50.4393 2.4
      vertex 103.561 50.4393 2.4
      vertex 108.439 45.5607 2.4
    endloop
  endfacet
  facet normal 0 0 1
    outer loop
      vertex 108.439 45.5607 2.4
      vertex 103.886 45.074 2.4
      vertex 104 44.5 2.4
    endloop
  endfacet
  facet normal 0 0 1
    outer loop
      vertex 103.561 45.5607 2.4
      vertex 108.439 45.5607 2.4
      vertex 103.561 50.4393 2.4
    endloop
  endfacet
  facet normal 0 0 1
    outer loop
      vertex 108.439 45.5607 2.4
      vertex 103.561 45.5607 2.4
      vertex 103.886 45.074 2.4
    endloop
  endfacet
  facet normal -0 0 1
    outer loop
      vertex 103.074 50.1142 2.4
      vertex 103.561 45.5607 2.4
      vertex 103.561 50.4393 2.4
    endloop
  endfacet
  facet normal 0 0 1
    outer loop
      vertex 103.074 50.1142 2.4
      vertex 103.074 45.8858 2.4
      vertex 103.561 45.5607 2.4
    endloop
  endfacet
  facet normal -0 0 1
    outer loop
      vertex 102.5 50 2.4
      vertex 103.074 45.8858 2.4
      vertex 103.074 50.1142 2.4
    endloop
  endfacet
  facet normal 0 0 1
    outer loop
      vertex 102.5 50 2.4
      vertex 102.5 46 2.4
      vertex 103.074 45.8858 2.4
    endloop
  endfacet
  facet normal 0 0 1
    outer loop
      vertex 101.926 50.1142 2.4
      vertex 102.5 46 2.4
      vertex 102.5 50 2.4
    endloop
  endfacet
  facet normal 0 0 1
    outer loop
      vertex 101.926 50.1142 2.4
      vertex 101.926 45.8858 2.4
      vertex 102.5 46 2.4
    endloop
  endfacet
  facet normal 0 0 1
    outer loop
      vertex 101.439 50.4393 2.4
      vertex 101.926 45.8858 2.4
      vertex 101.926 50.1142 2.4
    endloop
  endfacet
  facet normal 0 0 1
    outer loop
      vertex 101.439 50.4393 2.4
      vertex 101.439 45.5607 2.4
      vertex 101.926 45.8858 2.4
    endloop
  endfacet
  facet normal 0 0 1
    outer loop
      vertex 101.114 50.926 2.4
      vertex 101.439 45.5607 2.4
      vertex 101.439 50.4393 2.4
    endloop
  endfacet
  facet normal 0 0 1
    outer loop
      vertex 101.114 50.926 2.4
      vertex 101.114 45.074 2.4
      vertex 101.439 45.5607 2.4
    endloop
  endfacet
  facet normal 0 0 1
    outer loop
      vertex 75.4148 52.353 2.4
      vertex 101.114 50.926 2.4
      vertex 101 51.5 2.4
    endloop
  endfacet
  facet normal 0 0 1
    outer loop
      vertex 101.114 50.926 2.4
      vertex 75.4148 52.353 2.4
      vertex 101.114 45.074 2.4
    endloop
  endfacet
  facet normal 0 0 1
    outer loop
      vertex 108.439 57.4393 2.4
      vertex 103.561 57.4393 2.4
      vertex 108.439 52.5607 2.4
    endloop
  endfacet
  facet normal 0 0 1
    outer loop
      vertex 108.439 52.5607 2.4
      vertex 103.886 52.074 2.4
      vertex 104 51.5 2.4
    endloop
  endfacet
  facet normal 0 0 1
    outer loop
      vertex 103.561 52.5607 2.4
      vertex 108.439 52.5607 2.4
      vertex 103.561 57.4393 2.4
    endloop
  endfacet
  facet normal 0 0 1
    outer loop
      vertex 108.439 52.5607 2.4
      vertex 103.561 52.5607 2.4
      vertex 103.886 52.074 2.4
    endloop
  endfacet
  facet normal -0 0 1
    outer loop
      vertex 103.074 57.1142 2.4
      vertex 103.561 52.5607 2.4
      vertex 103.561 57.4393 2.4
    endloop
  endfacet
  facet normal 0 0 1
    outer loop
      vertex 103.074 57.1142 2.4
      vertex 103.074 52.8858 2.4
      vertex 103.561 52.5607 2.4
    endloop
  endfacet
  facet normal -0 0 1
    outer loop
      vertex 102.5 57 2.4
      vertex 103.074 52.8858 2.4
      vertex 103.074 57.1142 2.4
    endloop
  endfacet
  facet normal 0 0 1
    outer loop
      vertex 102.5 57 2.4
      vertex 102.5 53 2.4
      vertex 103.074 52.8858 2.4
    endloop
  endfacet
  facet normal 0 0 1
    outer loop
      vertex 101.926 57.1142 2.4
      vertex 102.5 53 2.4
      vertex 102.5 57 2.4
    endloop
  endfacet
  facet normal 0 0 1
    outer loop
      vertex 101.926 57.1142 2.4
      vertex 101.926 52.8858 2.4
      vertex 102.5 53 2.4
    endloop
  endfacet
  facet normal 0 0 1
    outer loop
      vertex 101.439 57.4393 2.4
      vertex 101.926 52.8858 2.4
      vertex 101.926 57.1142 2.4
    endloop
  endfacet
  facet normal 0 0 1
    outer loop
      vertex 101.439 57.4393 2.4
      vertex 101.439 52.5607 2.4
      vertex 101.926 52.8858 2.4
    endloop
  endfacet
  facet normal 0 0 1
    outer loop
      vertex 101.114 57.926 2.4
      vertex 101.439 52.5607 2.4
      vertex 101.439 57.4393 2.4
    endloop
  endfacet
  facet normal 0 0 1
    outer loop
      vertex 101.114 57.926 2.4
      vertex 101.114 52.074 2.4
      vertex 101.439 52.5607 2.4
    endloop
  endfacet
  facet normal 0 0 1
    outer loop
      vertex 75.4148 53.647 2.4
      vertex 101.114 57.926 2.4
      vertex 101 58.5 2.4
    endloop
  endfacet
  facet normal 0 0 1
    outer loop
      vertex 101.114 57.926 2.4
      vertex 75.4148 53.647 2.4
      vertex 101.114 52.074 2.4
    endloop
  endfacet
  facet normal 0 0 1
    outer loop
      vertex 108.439 64.4393 2.4
      vertex 103.561 64.4393 2.4
      vertex 108.439 59.5607 2.4
    endloop
  endfacet
  facet normal 0 0 1
    outer loop
      vertex 108.439 59.5607 2.4
      vertex 103.886 59.074 2.4
      vertex 104 58.5 2.4
    endloop
  endfacet
  facet normal 0 0 1
    outer loop
      vertex 103.561 59.5607 2.4
      vertex 108.439 59.5607 2.4
      vertex 103.561 64.4393 2.4
    endloop
  endfacet
  facet normal 0 0 1
    outer loop
      vertex 108.439 59.5607 2.4
      vertex 103.561 59.5607 2.4
      vertex 103.886 59.074 2.4
    endloop
  endfacet
  facet normal -0 0 1
    outer loop
      vertex 103.074 64.1142 2.4
      vertex 103.561 59.5607 2.4
      vertex 103.561 64.4393 2.4
    endloop
  endfacet
  facet normal 0 0 1
    outer loop
      vertex 103.074 64.1142 2.4
      vertex 103.074 59.8858 2.4
      vertex 103.561 59.5607 2.4
    endloop
  endfacet
  facet normal -0 0 1
    outer loop
      vertex 102.5 64 2.4
      vertex 103.074 59.8858 2.4
      vertex 103.074 64.1142 2.4
    endloop
  endfacet
  facet normal 0 0 1
    outer loop
      vertex 102.5 64 2.4
      vertex 102.5 60 2.4
      vertex 103.074 59.8858 2.4
    endloop
  endfacet
  facet normal 0 0 1
    outer loop
      vertex 101.926 64.1142 2.4
      vertex 102.5 60 2.4
      vertex 102.5 64 2.4
    endloop
  endfacet
  facet normal 0 0 1
    outer loop
      vertex 101.926 64.1142 2.4
      vertex 101.926 59.8858 2.4
      vertex 102.5 60 2.4
    endloop
  endfacet
  facet normal 0 0 1
    outer loop
      vertex 101.439 64.4393 2.4
      vertex 101.926 59.8858 2.4
      vertex 101.926 64.1142 2.4
    endloop
  endfacet
  facet normal 0 0 1
    outer loop
      vertex 101.439 64.4393 2.4
      vertex 101.439 59.5607 2.4
      vertex 101.926 59.8858 2.4
    endloop
  endfacet
  facet normal 0 0 1
    outer loop
      vertex 101.114 64.926 2.4
      vertex 101.439 59.5607 2.4
      vertex 101.439 64.4393 2.4
    endloop
  endfacet
  facet normal 0 0 1
    outer loop
      vertex 101.114 64.926 2.4
      vertex 101.114 59.074 2.4
      vertex 101.439 59.5607 2.4
    endloop
  endfacet
  facet normal 0 0 1
    outer loop
      vertex 75.1651 54.25 2.4
      vertex 101.114 64.926 2.4
      vertex 101 65.5 2.4
    endloop
  endfacet
  facet normal 0 0 1
    outer loop
      vertex 101.114 64.926 2.4
      vertex 75.1651 54.25 2.4
      vertex 101.114 59.074 2.4
    endloop
  endfacet
  facet normal 0 0 1
    outer loop
      vertex 115.439 36.4393 2.4
      vertex 110.561 36.4393 2.4
      vertex 115.439 31.5607 2.4
    endloop
  endfacet
  facet normal 0 0 1
    outer loop
      vertex 115.439 31.5607 2.4
      vertex 110.886 31.074 2.4
      vertex 111 30.5 2.4
    endloop
  endfacet
  facet normal 0 0 1
    outer loop
      vertex 110.561 31.5607 2.4
      vertex 115.439 31.5607 2.4
      vertex 110.561 36.4393 2.4
    endloop
  endfacet
  facet normal 0 0 1
    outer loop
      vertex 115.439 31.5607 2.4
      vertex 110.561 31.5607 2.4
      vertex 110.886 31.074 2.4
    endloop
  endfacet
  facet normal -0 0 1
    outer loop
      vertex 110.074 36.1142 2.4
      vertex 110.561 31.5607 2.4
      vertex 110.561 36.4393 2.4
    endloop
  endfacet
  facet normal 0 0 1
    outer loop
      vertex 110.074 36.1142 2.4
      vertex 110.074 31.8858 2.4
      vertex 110.561 31.5607 2.4
    endloop
  endfacet
  facet normal -0 0 1
    outer loop
      vertex 109.5 36 2.4
      vertex 110.074 31.8858 2.4
      vertex 110.074 36.1142 2.4
    endloop
  endfacet
  facet normal 0 0 1
    outer loop
      vertex 109.5 36 2.4
      vertex 109.5 32 2.4
      vertex 110.074 31.8858 2.4
    endloop
  endfacet
  facet normal 0 0 1
    outer loop
      vertex 108.926 36.1142 2.4
      vertex 109.5 32 2.4
      vertex 109.5 36 2.4
    endloop
  endfacet
  facet normal 0 0 1
    outer loop
      vertex 108.926 36.1142 2.4
      vertex 108.926 31.8858 2.4
      vertex 109.5 32 2.4
    endloop
  endfacet
  facet normal 0 0 1
    outer loop
      vertex 108.439 36.4393 2.4
      vertex 108.926 31.8858 2.4
      vertex 108.926 36.1142 2.4
    endloop
  endfacet
  facet normal 0 0 1
    outer loop
      vertex 108.439 36.4393 2.4
      vertex 108.439 31.5607 2.4
      vertex 108.926 31.8858 2.4
    endloop
  endfacet
  facet normal 0 0 1
    outer loop
      vertex 103.886 36.926 2.4
      vertex 108.114 36.926 2.4
      vertex 104 37.5 2.4
    endloop
  endfacet
  facet normal 0 0 1
    outer loop
      vertex 108.114 36.926 2.4
      vertex 103.886 36.926 2.4
      vertex 108.439 36.4393 2.4
    endloop
  endfacet
  facet normal -0 0 1
    outer loop
      vertex 104 37.5 2.4
      vertex 108.114 36.926 2.4
      vertex 108 37.5 2.4
    endloop
  endfacet
  facet normal 0 0 1
    outer loop
      vertex 103.561 36.4393 2.4
      vertex 108.439 36.4393 2.4
      vertex 103.886 36.926 2.4
    endloop
  endfacet
  facet normal 0 0 1
    outer loop
      vertex 115.439 43.4393 2.4
      vertex 110.561 43.4393 2.4
      vertex 115.439 38.5607 2.4
    endloop
  endfacet
  facet normal 0 0 1
    outer loop
      vertex 115.439 38.5607 2.4
      vertex 110.886 38.074 2.4
      vertex 111 37.5 2.4
    endloop
  endfacet
  facet normal 0 0 1
    outer loop
      vertex 110.561 38.5607 2.4
      vertex 115.439 38.5607 2.4
      vertex 110.561 43.4393 2.4
    endloop
  endfacet
  facet normal 0 0 1
    outer loop
      vertex 115.439 38.5607 2.4
      vertex 110.561 38.5607 2.4
      vertex 110.886 38.074 2.4
    endloop
  endfacet
  facet normal -0 0 1
    outer loop
      vertex 110.074 43.1142 2.4
      vertex 110.561 38.5607 2.4
      vertex 110.561 43.4393 2.4
    endloop
  endfacet
  facet normal 0 0 1
    outer loop
      vertex 110.074 43.1142 2.4
      vertex 110.074 38.8858 2.4
      vertex 110.561 38.5607 2.4
    endloop
  endfacet
  facet normal -0 0 1
    outer loop
      vertex 109.5 43 2.4
      vertex 110.074 38.8858 2.4
      vertex 110.074 43.1142 2.4
    endloop
  endfacet
  facet normal 0 0 1
    outer loop
      vertex 109.5 43 2.4
      vertex 109.5 39 2.4
      vertex 110.074 38.8858 2.4
    endloop
  endfacet
  facet normal 0 0 1
    outer loop
      vertex 108.926 43.1142 2.4
      vertex 109.5 39 2.4
      vertex 109.5 43 2.4
    endloop
  endfacet
  facet normal 0 0 1
    outer loop
      vertex 108.926 43.1142 2.4
      vertex 108.926 38.8858 2.4
      vertex 109.5 39 2.4
    endloop
  endfacet
  facet normal 0 0 1
    outer loop
      vertex 108.439 43.4393 2.4
      vertex 108.926 38.8858 2.4
      vertex 108.926 43.1142 2.4
    endloop
  endfacet
  facet normal 0 0 1
    outer loop
      vertex 108.439 43.4393 2.4
      vertex 108.439 38.5607 2.4
      vertex 108.926 38.8858 2.4
    endloop
  endfacet
  facet normal 0 0 1
    outer loop
      vertex 103.886 43.926 2.4
      vertex 108.114 43.926 2.4
      vertex 104 44.5 2.4
    endloop
  endfacet
  facet normal 0 0 1
    outer loop
      vertex 108.114 43.926 2.4
      vertex 103.886 43.926 2.4
      vertex 108.439 43.4393 2.4
    endloop
  endfacet
  facet normal -0 0 1
    outer loop
      vertex 104 44.5 2.4
      vertex 108.114 43.926 2.4
      vertex 108 44.5 2.4
    endloop
  endfacet
  facet normal 0 0 1
    outer loop
      vertex 103.561 43.4393 2.4
      vertex 108.439 43.4393 2.4
      vertex 103.886 43.926 2.4
    endloop
  endfacet
  facet normal 0 0 1
    outer loop
      vertex 115.439 50.4393 2.4
      vertex 110.561 50.4393 2.4
      vertex 115.439 45.5607 2.4
    endloop
  endfacet
  facet normal 0 0 1
    outer loop
      vertex 115.439 45.5607 2.4
      vertex 110.886 45.074 2.4
      vertex 111 44.5 2.4
    endloop
  endfacet
  facet normal 0 0 1
    outer loop
      vertex 110.561 45.5607 2.4
      vertex 115.439 45.5607 2.4
      vertex 110.561 50.4393 2.4
    endloop
  endfacet
  facet normal 0 0 1
    outer loop
      vertex 115.439 45.5607 2.4
      vertex 110.561 45.5607 2.4
      vertex 110.886 45.074 2.4
    endloop
  endfacet
  facet normal -0 0 1
    outer loop
      vertex 110.074 50.1142 2.4
      vertex 110.561 45.5607 2.4
      vertex 110.561 50.4393 2.4
    endloop
  endfacet
  facet normal 0 0 1
    outer loop
      vertex 110.074 50.1142 2.4
      vertex 110.074 45.8858 2.4
      vertex 110.561 45.5607 2.4
    endloop
  endfacet
  facet normal -0 0 1
    outer loop
      vertex 109.5 50 2.4
      vertex 110.074 45.8858 2.4
      vertex 110.074 50.1142 2.4
    endloop
  endfacet
  facet normal 0 0 1
    outer loop
      vertex 109.5 50 2.4
      vertex 109.5 46 2.4
      vertex 110.074 45.8858 2.4
    endloop
  endfacet
  facet normal 0 0 1
    outer loop
      vertex 108.926 50.1142 2.4
      vertex 109.5 46 2.4
      vertex 109.5 50 2.4
    endloop
  endfacet
  facet normal 0 0 1
    outer loop
      vertex 108.926 50.1142 2.4
      vertex 108.926 45.8858 2.4
      vertex 109.5 46 2.4
    endloop
  endfacet
  facet normal 0 0 1
    outer loop
      vertex 108.439 50.4393 2.4
      vertex 108.926 45.8858 2.4
      vertex 108.926 50.1142 2.4
    endloop
  endfacet
  facet normal 0 0 1
    outer loop
      vertex 108.439 50.4393 2.4
      vertex 108.439 45.5607 2.4
      vertex 108.926 45.8858 2.4
    endloop
  endfacet
  facet normal 0 0 1
    outer loop
      vertex 103.886 50.926 2.4
      vertex 108.114 50.926 2.4
      vertex 104 51.5 2.4
    endloop
  endfacet
  facet normal 0 0 1
    outer loop
      vertex 108.114 50.926 2.4
      vertex 103.886 50.926 2.4
      vertex 108.439 50.4393 2.4
    endloop
  endfacet
  facet normal -0 0 1
    outer loop
      vertex 104 51.5 2.4
      vertex 108.114 50.926 2.4
      vertex 108 51.5 2.4
    endloop
  endfacet
  facet normal 0 0 1
    outer loop
      vertex 103.561 50.4393 2.4
      vertex 108.439 50.4393 2.4
      vertex 103.886 50.926 2.4
    endloop
  endfacet
  facet normal 0 0 1
    outer loop
      vertex 115.439 57.4393 2.4
      vertex 110.561 57.4393 2.4
      vertex 115.439 52.5607 2.4
    endloop
  endfacet
  facet normal 0 0 1
    outer loop
      vertex 115.439 52.5607 2.4
      vertex 110.886 52.074 2.4
      vertex 111 51.5 2.4
    endloop
  endfacet
  facet normal 0 0 1
    outer loop
      vertex 110.561 52.5607 2.4
      vertex 115.439 52.5607 2.4
      vertex 110.561 57.4393 2.4
    endloop
  endfacet
  facet normal 0 0 1
    outer loop
      vertex 115.439 52.5607 2.4
      vertex 110.561 52.5607 2.4
      vertex 110.886 52.074 2.4
    endloop
  endfacet
  facet normal -0 0 1
    outer loop
      vertex 110.074 57.1142 2.4
      vertex 110.561 52.5607 2.4
      vertex 110.561 57.4393 2.4
    endloop
  endfacet
  facet normal 0 0 1
    outer loop
      vertex 110.074 57.1142 2.4
      vertex 110.074 52.8858 2.4
      vertex 110.561 52.5607 2.4
    endloop
  endfacet
  facet normal -0 0 1
    outer loop
      vertex 109.5 57 2.4
      vertex 110.074 52.8858 2.4
      vertex 110.074 57.1142 2.4
    endloop
  endfacet
  facet normal 0 0 1
    outer loop
      vertex 109.5 57 2.4
      vertex 109.5 53 2.4
      vertex 110.074 52.8858 2.4
    endloop
  endfacet
  facet normal 0 0 1
    outer loop
      vertex 108.926 57.1142 2.4
      vertex 109.5 53 2.4
      vertex 109.5 57 2.4
    endloop
  endfacet
  facet normal 0 0 1
    outer loop
      vertex 108.926 57.1142 2.4
      vertex 108.926 52.8858 2.4
      vertex 109.5 53 2.4
    endloop
  endfacet
  facet normal 0 0 1
    outer loop
      vertex 108.439 57.4393 2.4
      vertex 108.926 52.8858 2.4
      vertex 108.926 57.1142 2.4
    endloop
  endfacet
  facet normal 0 0 1
    outer loop
      vertex 108.439 57.4393 2.4
      vertex 108.439 52.5607 2.4
      vertex 108.926 52.8858 2.4
    endloop
  endfacet
  facet normal 0 0 1
    outer loop
      vertex 103.886 57.926 2.4
      vertex 108.114 57.926 2.4
      vertex 104 58.5 2.4
    endloop
  endfacet
  facet normal 0 0 1
    outer loop
      vertex 108.114 57.926 2.4
      vertex 103.886 57.926 2.4
      vertex 108.439 57.4393 2.4
    endloop
  endfacet
  facet normal -0 0 1
    outer loop
      vertex 104 58.5 2.4
      vertex 108.114 57.926 2.4
      vertex 108 58.5 2.4
    endloop
  endfacet
  facet normal 0 0 1
    outer loop
      vertex 103.561 57.4393 2.4
      vertex 108.439 57.4393 2.4
      vertex 103.886 57.926 2.4
    endloop
  endfacet
  facet normal 0 0 1
    outer loop
      vertex 115.439 64.4393 2.4
      vertex 110.561 64.4393 2.4
      vertex 115.439 59.5607 2.4
    endloop
  endfacet
  facet normal 0 0 1
    outer loop
      vertex 115.439 59.5607 2.4
      vertex 110.886 59.074 2.4
      vertex 111 58.5 2.4
    endloop
  endfacet
  facet normal 0 0 1
    outer loop
      vertex 110.561 59.5607 2.4
      vertex 115.439 59.5607 2.4
      vertex 110.561 64.4393 2.4
    endloop
  endfacet
  facet normal 0 0 1
    outer loop
      vertex 115.439 59.5607 2.4
      vertex 110.561 59.5607 2.4
      vertex 110.886 59.074 2.4
    endloop
  endfacet
  facet normal -0 0 1
    outer loop
      vertex 110.074 64.1142 2.4
      vertex 110.561 59.5607 2.4
      vertex 110.561 64.4393 2.4
    endloop
  endfacet
  facet normal 0 0 1
    outer loop
      vertex 110.074 64.1142 2.4
      vertex 110.074 59.8858 2.4
      vertex 110.561 59.5607 2.4
    endloop
  endfacet
  facet normal -0 0 1
    outer loop
      vertex 109.5 64 2.4
      vertex 110.074 59.8858 2.4
      vertex 110.074 64.1142 2.4
    endloop
  endfacet
  facet normal 0 0 1
    outer loop
      vertex 109.5 64 2.4
      vertex 109.5 60 2.4
      vertex 110.074 59.8858 2.4
    endloop
  endfacet
  facet normal 0 0 1
    outer loop
      vertex 108.926 64.1142 2.4
      vertex 109.5 60 2.4
      vertex 109.5 64 2.4
    endloop
  endfacet
  facet normal 0 0 1
    outer loop
      vertex 108.926 64.1142 2.4
      vertex 108.926 59.8858 2.4
      vertex 109.5 60 2.4
    endloop
  endfacet
  facet normal 0 0 1
    outer loop
      vertex 108.439 64.4393 2.4
      vertex 108.926 59.8858 2.4
      vertex 108.926 64.1142 2.4
    endloop
  endfacet
  facet normal 0 0 1
    outer loop
      vertex 108.439 64.4393 2.4
      vertex 108.439 59.5607 2.4
      vertex 108.926 59.8858 2.4
    endloop
  endfacet
  facet normal 0 0 1
    outer loop
      vertex 103.886 64.926 2.4
      vertex 108.114 64.926 2.4
      vertex 104 65.5 2.4
    endloop
  endfacet
  facet normal 0 0 1
    outer loop
      vertex 108.114 64.926 2.4
      vertex 103.886 64.926 2.4
      vertex 108.439 64.4393 2.4
    endloop
  endfacet
  facet normal -0 0 1
    outer loop
      vertex 104 65.5 2.4
      vertex 108.114 64.926 2.4
      vertex 108 65.5 2.4
    endloop
  endfacet
  facet normal 0 0 1
    outer loop
      vertex 103.561 64.4393 2.4
      vertex 108.439 64.4393 2.4
      vertex 103.886 64.926 2.4
    endloop
  endfacet
  facet normal 0 0 1
    outer loop
      vertex 122.439 36.4393 2.4
      vertex 117.561 36.4393 2.4
      vertex 122.439 31.5607 2.4
    endloop
  endfacet
  facet normal 0 0 1
    outer loop
      vertex 122.439 31.5607 2.4
      vertex 117.886 31.074 2.4
      vertex 118 30.5 2.4
    endloop
  endfacet
  facet normal 0 0 1
    outer loop
      vertex 117.561 31.5607 2.4
      vertex 122.439 31.5607 2.4
      vertex 117.561 36.4393 2.4
    endloop
  endfacet
  facet normal 0 0 1
    outer loop
      vertex 122.439 31.5607 2.4
      vertex 117.561 31.5607 2.4
      vertex 117.886 31.074 2.4
    endloop
  endfacet
  facet normal -0 0 1
    outer loop
      vertex 117.074 36.1142 2.4
      vertex 117.561 31.5607 2.4
      vertex 117.561 36.4393 2.4
    endloop
  endfacet
  facet normal 0 0 1
    outer loop
      vertex 117.074 36.1142 2.4
      vertex 117.074 31.8858 2.4
      vertex 117.561 31.5607 2.4
    endloop
  endfacet
  facet normal -0 0 1
    outer loop
      vertex 116.5 36 2.4
      vertex 117.074 31.8858 2.4
      vertex 117.074 36.1142 2.4
    endloop
  endfacet
  facet normal 0 0 1
    outer loop
      vertex 116.5 36 2.4
      vertex 116.5 32 2.4
      vertex 117.074 31.8858 2.4
    endloop
  endfacet
  facet normal 0 0 1
    outer loop
      vertex 115.926 36.1142 2.4
      vertex 116.5 32 2.4
      vertex 116.5 36 2.4
    endloop
  endfacet
  facet normal 0 0 1
    outer loop
      vertex 115.926 36.1142 2.4
      vertex 115.926 31.8858 2.4
      vertex 116.5 32 2.4
    endloop
  endfacet
  facet normal 0 0 1
    outer loop
      vertex 115.439 36.4393 2.4
      vertex 115.926 31.8858 2.4
      vertex 115.926 36.1142 2.4
    endloop
  endfacet
  facet normal 0 0 1
    outer loop
      vertex 115.439 36.4393 2.4
      vertex 115.439 31.5607 2.4
      vertex 115.926 31.8858 2.4
    endloop
  endfacet
  facet normal 0 0 1
    outer loop
      vertex 110.886 36.926 2.4
      vertex 115.114 36.926 2.4
      vertex 111 37.5 2.4
    endloop
  endfacet
  facet normal 0 0 1
    outer loop
      vertex 115.114 36.926 2.4
      vertex 110.886 36.926 2.4
      vertex 115.439 36.4393 2.4
    endloop
  endfacet
  facet normal -0 0 1
    outer loop
      vertex 111 37.5 2.4
      vertex 115.114 36.926 2.4
      vertex 115 37.5 2.4
    endloop
  endfacet
  facet normal 0 0 1
    outer loop
      vertex 110.561 36.4393 2.4
      vertex 115.439 36.4393 2.4
      vertex 110.886 36.926 2.4
    endloop
  endfacet
  facet normal 0 0 1
    outer loop
      vertex 122.439 43.4393 2.4
      vertex 117.561 43.4393 2.4
      vertex 122.439 38.5607 2.4
    endloop
  endfacet
  facet normal 0 0 1
    outer loop
      vertex 122.439 38.5607 2.4
      vertex 117.886 38.074 2.4
      vertex 118 37.5 2.4
    endloop
  endfacet
  facet normal 0 0 1
    outer loop
      vertex 117.561 38.5607 2.4
      vertex 122.439 38.5607 2.4
      vertex 117.561 43.4393 2.4
    endloop
  endfacet
  facet normal 0 0 1
    outer loop
      vertex 122.439 38.5607 2.4
      vertex 117.561 38.5607 2.4
      vertex 117.886 38.074 2.4
    endloop
  endfacet
  facet normal -0 0 1
    outer loop
      vertex 117.074 43.1142 2.4
      vertex 117.561 38.5607 2.4
      vertex 117.561 43.4393 2.4
    endloop
  endfacet
  facet normal 0 0 1
    outer loop
      vertex 117.074 43.1142 2.4
      vertex 117.074 38.8858 2.4
      vertex 117.561 38.5607 2.4
    endloop
  endfacet
  facet normal -0 0 1
    outer loop
      vertex 116.5 43 2.4
      vertex 117.074 38.8858 2.4
      vertex 117.074 43.1142 2.4
    endloop
  endfacet
  facet normal 0 0 1
    outer loop
      vertex 116.5 43 2.4
      vertex 116.5 39 2.4
      vertex 117.074 38.8858 2.4
    endloop
  endfacet
  facet normal 0 0 1
    outer loop
      vertex 115.926 43.1142 2.4
      vertex 116.5 39 2.4
      vertex 116.5 43 2.4
    endloop
  endfacet
  facet normal 0 0 1
    outer loop
      vertex 115.926 43.1142 2.4
      vertex 115.926 38.8858 2.4
      vertex 116.5 39 2.4
    endloop
  endfacet
  facet normal 0 0 1
    outer loop
      vertex 115.439 43.4393 2.4
      vertex 115.926 38.8858 2.4
      vertex 115.926 43.1142 2.4
    endloop
  endfacet
  facet normal 0 0 1
    outer loop
      vertex 115.439 43.4393 2.4
      vertex 115.439 38.5607 2.4
      vertex 115.926 38.8858 2.4
    endloop
  endfacet
  facet normal 0 0 1
    outer loop
      vertex 110.886 43.926 2.4
      vertex 115.114 43.926 2.4
      vertex 111 44.5 2.4
    endloop
  endfacet
  facet normal 0 0 1
    outer loop
      vertex 115.114 43.926 2.4
      vertex 110.886 43.926 2.4
      vertex 115.439 43.4393 2.4
    endloop
  endfacet
  facet normal -0 0 1
    outer loop
      vertex 111 44.5 2.4
      vertex 115.114 43.926 2.4
      vertex 115 44.5 2.4
    endloop
  endfacet
  facet normal 0 0 1
    outer loop
      vertex 110.561 43.4393 2.4
      vertex 115.439 43.4393 2.4
      vertex 110.886 43.926 2.4
    endloop
  endfacet
  facet normal 0 0 1
    outer loop
      vertex 122.439 50.4393 2.4
      vertex 117.561 50.4393 2.4
      vertex 122.439 45.5607 2.4
    endloop
  endfacet
  facet normal 0 0 1
    outer loop
      vertex 122.439 45.5607 2.4
      vertex 117.886 45.074 2.4
      vertex 118 44.5 2.4
    endloop
  endfacet
  facet normal 0 0 1
    outer loop
      vertex 117.561 45.5607 2.4
      vertex 122.439 45.5607 2.4
      vertex 117.561 50.4393 2.4
    endloop
  endfacet
  facet normal 0 0 1
    outer loop
      vertex 122.439 45.5607 2.4
      vertex 117.561 45.5607 2.4
      vertex 117.886 45.074 2.4
    endloop
  endfacet
  facet normal -0 0 1
    outer loop
      vertex 117.074 50.1142 2.4
      vertex 117.561 45.5607 2.4
      vertex 117.561 50.4393 2.4
    endloop
  endfacet
  facet normal 0 0 1
    outer loop
      vertex 117.074 50.1142 2.4
      vertex 117.074 45.8858 2.4
      vertex 117.561 45.5607 2.4
    endloop
  endfacet
  facet normal -0 0 1
    outer loop
      vertex 116.5 50 2.4
      vertex 117.074 45.8858 2.4
      vertex 117.074 50.1142 2.4
    endloop
  endfacet
  facet normal 0 0 1
    outer loop
      vertex 116.5 50 2.4
      vertex 116.5 46 2.4
      vertex 117.074 45.8858 2.4
    endloop
  endfacet
  facet normal 0 0 1
    outer loop
      vertex 115.926 50.1142 2.4
      vertex 116.5 46 2.4
      vertex 116.5 50 2.4
    endloop
  endfacet
  facet normal 0 0 1
    outer loop
      vertex 115.926 50.1142 2.4
      vertex 115.926 45.8858 2.4
      vertex 116.5 46 2.4
    endloop
  endfacet
  facet normal 0 0 1
    outer loop
      vertex 115.439 50.4393 2.4
      vertex 115.926 45.8858 2.4
      vertex 115.926 50.1142 2.4
    endloop
  endfacet
  facet normal 0 0 1
    outer loop
      vertex 115.439 50.4393 2.4
      vertex 115.439 45.5607 2.4
      vertex 115.926 45.8858 2.4
    endloop
  endfacet
  facet normal 0 0 1
    outer loop
      vertex 110.886 50.926 2.4
      vertex 115.114 50.926 2.4
      vertex 111 51.5 2.4
    endloop
  endfacet
  facet normal 0 0 1
    outer loop
      vertex 115.114 50.926 2.4
      vertex 110.886 50.926 2.4
      vertex 115.439 50.4393 2.4
    endloop
  endfacet
  facet normal -0 0 1
    outer loop
      vertex 111 51.5 2.4
      vertex 115.114 50.926 2.4
      vertex 115 51.5 2.4
    endloop
  endfacet
  facet normal 0 0 1
    outer loop
      vertex 110.561 50.4393 2.4
      vertex 115.439 50.4393 2.4
      vertex 110.886 50.926 2.4
    endloop
  endfacet
  facet normal 0 0 1
    outer loop
      vertex 122.439 57.4393 2.4
      vertex 117.561 57.4393 2.4
      vertex 122.439 52.5607 2.4
    endloop
  endfacet
  facet normal 0 0 1
    outer loop
      vertex 122.439 52.5607 2.4
      vertex 117.886 52.074 2.4
      vertex 118 51.5 2.4
    endloop
  endfacet
  facet normal 0 0 1
    outer loop
      vertex 117.561 52.5607 2.4
      vertex 122.439 52.5607 2.4
      vertex 117.561 57.4393 2.4
    endloop
  endfacet
  facet normal 0 0 1
    outer loop
      vertex 122.439 52.5607 2.4
      vertex 117.561 52.5607 2.4
      vertex 117.886 52.074 2.4
    endloop
  endfacet
  facet normal -0 0 1
    outer loop
      vertex 117.074 57.1142 2.4
      vertex 117.561 52.5607 2.4
      vertex 117.561 57.4393 2.4
    endloop
  endfacet
  facet normal 0 0 1
    outer loop
      vertex 117.074 57.1142 2.4
      vertex 117.074 52.8858 2.4
      vertex 117.561 52.5607 2.4
    endloop
  endfacet
  facet normal -0 0 1
    outer loop
      vertex 116.5 57 2.4
      vertex 117.074 52.8858 2.4
      vertex 117.074 57.1142 2.4
    endloop
  endfacet
  facet normal 0 0 1
    outer loop
      vertex 116.5 57 2.4
      vertex 116.5 53 2.4
      vertex 117.074 52.8858 2.4
    endloop
  endfacet
  facet normal 0 0 1
    outer loop
      vertex 115.926 57.1142 2.4
      vertex 116.5 53 2.4
      vertex 116.5 57 2.4
    endloop
  endfacet
  facet normal 0 0 1
    outer loop
      vertex 115.926 57.1142 2.4
      vertex 115.926 52.8858 2.4
      vertex 116.5 53 2.4
    endloop
  endfacet
  facet normal 0 0 1
    outer loop
      vertex 115.439 57.4393 2.4
      vertex 115.926 52.8858 2.4
      vertex 115.926 57.1142 2.4
    endloop
  endfacet
  facet normal 0 0 1
    outer loop
      vertex 115.439 57.4393 2.4
      vertex 115.439 52.5607 2.4
      vertex 115.926 52.8858 2.4
    endloop
  endfacet
  facet normal 0 0 1
    outer loop
      vertex 110.886 57.926 2.4
      vertex 115.114 57.926 2.4
      vertex 111 58.5 2.4
    endloop
  endfacet
  facet normal 0 0 1
    outer loop
      vertex 115.114 57.926 2.4
      vertex 110.886 57.926 2.4
      vertex 115.439 57.4393 2.4
    endloop
  endfacet
  facet normal -0 0 1
    outer loop
      vertex 111 58.5 2.4
      vertex 115.114 57.926 2.4
      vertex 115 58.5 2.4
    endloop
  endfacet
  facet normal 0 0 1
    outer loop
      vertex 110.561 57.4393 2.4
      vertex 115.439 57.4393 2.4
      vertex 110.886 57.926 2.4
    endloop
  endfacet
  facet normal 0 0 1
    outer loop
      vertex 122.439 64.4393 2.4
      vertex 117.561 64.4393 2.4
      vertex 122.439 59.5607 2.4
    endloop
  endfacet
  facet normal 0 0 1
    outer loop
      vertex 122.439 59.5607 2.4
      vertex 117.886 59.074 2.4
      vertex 118 58.5 2.4
    endloop
  endfacet
  facet normal 0 0 1
    outer loop
      vertex 117.561 59.5607 2.4
      vertex 122.439 59.5607 2.4
      vertex 117.561 64.4393 2.4
    endloop
  endfacet
  facet normal 0 0 1
    outer loop
      vertex 122.439 59.5607 2.4
      vertex 117.561 59.5607 2.4
      vertex 117.886 59.074 2.4
    endloop
  endfacet
  facet normal -0 0 1
    outer loop
      vertex 117.074 64.1142 2.4
      vertex 117.561 59.5607 2.4
      vertex 117.561 64.4393 2.4
    endloop
  endfacet
  facet normal 0 0 1
    outer loop
      vertex 117.074 64.1142 2.4
      vertex 117.074 59.8858 2.4
      vertex 117.561 59.5607 2.4
    endloop
  endfacet
  facet normal -0 0 1
    outer loop
      vertex 116.5 64 2.4
      vertex 117.074 59.8858 2.4
      vertex 117.074 64.1142 2.4
    endloop
  endfacet
  facet normal 0 0 1
    outer loop
      vertex 116.5 64 2.4
      vertex 116.5 60 2.4
      vertex 117.074 59.8858 2.4
    endloop
  endfacet
  facet normal 0 0 1
    outer loop
      vertex 115.926 64.1142 2.4
      vertex 116.5 60 2.4
      vertex 116.5 64 2.4
    endloop
  endfacet
  facet normal 0 0 1
    outer loop
      vertex 115.926 64.1142 2.4
      vertex 115.926 59.8858 2.4
      vertex 116.5 60 2.4
    endloop
  endfacet
  facet normal 0 0 1
    outer loop
      vertex 115.439 64.4393 2.4
      vertex 115.926 59.8858 2.4
      vertex 115.926 64.1142 2.4
    endloop
  endfacet
  facet normal 0 0 1
    outer loop
      vertex 115.439 64.4393 2.4
      vertex 115.439 59.5607 2.4
      vertex 115.926 59.8858 2.4
    endloop
  endfacet
  facet normal 0 0 1
    outer loop
      vertex 110.886 64.926 2.4
      vertex 115.114 64.926 2.4
      vertex 111 65.5 2.4
    endloop
  endfacet
  facet normal 0 0 1
    outer loop
      vertex 115.114 64.926 2.4
      vertex 110.886 64.926 2.4
      vertex 115.439 64.4393 2.4
    endloop
  endfacet
  facet normal -0 0 1
    outer loop
      vertex 111 65.5 2.4
      vertex 115.114 64.926 2.4
      vertex 115 65.5 2.4
    endloop
  endfacet
  facet normal 0 0 1
    outer loop
      vertex 110.561 64.4393 2.4
      vertex 115.439 64.4393 2.4
      vertex 110.886 64.926 2.4
    endloop
  endfacet
  facet normal 0 0 1
    outer loop
      vertex 129.439 36.4393 2.4
      vertex 124.561 36.4393 2.4
      vertex 129.439 31.5607 2.4
    endloop
  endfacet
  facet normal 0 0 1
    outer loop
      vertex 129.439 31.5607 2.4
      vertex 124.886 31.074 2.4
      vertex 125 30.5 2.4
    endloop
  endfacet
  facet normal 0 0 1
    outer loop
      vertex 124.561 31.5607 2.4
      vertex 129.439 31.5607 2.4
      vertex 124.561 36.4393 2.4
    endloop
  endfacet
  facet normal 0 0 1
    outer loop
      vertex 129.439 31.5607 2.4
      vertex 124.561 31.5607 2.4
      vertex 124.886 31.074 2.4
    endloop
  endfacet
  facet normal -0 0 1
    outer loop
      vertex 124.074 36.1142 2.4
      vertex 124.561 31.5607 2.4
      vertex 124.561 36.4393 2.4
    endloop
  endfacet
  facet normal 0 0 1
    outer loop
      vertex 124.074 36.1142 2.4
      vertex 124.074 31.8858 2.4
      vertex 124.561 31.5607 2.4
    endloop
  endfacet
  facet normal -0 0 1
    outer loop
      vertex 123.5 36 2.4
      vertex 124.074 31.8858 2.4
      vertex 124.074 36.1142 2.4
    endloop
  endfacet
  facet normal 0 0 1
    outer loop
      vertex 123.5 36 2.4
      vertex 123.5 32 2.4
      vertex 124.074 31.8858 2.4
    endloop
  endfacet
  facet normal 0 0 1
    outer loop
      vertex 122.926 36.1142 2.4
      vertex 123.5 32 2.4
      vertex 123.5 36 2.4
    endloop
  endfacet
  facet normal 0 0 1
    outer loop
      vertex 122.926 36.1142 2.4
      vertex 122.926 31.8858 2.4
      vertex 123.5 32 2.4
    endloop
  endfacet
  facet normal 0 0 1
    outer loop
      vertex 122.439 36.4393 2.4
      vertex 122.926 31.8858 2.4
      vertex 122.926 36.1142 2.4
    endloop
  endfacet
  facet normal 0 0 1
    outer loop
      vertex 122.439 36.4393 2.4
      vertex 122.439 31.5607 2.4
      vertex 122.926 31.8858 2.4
    endloop
  endfacet
  facet normal 0 0 1
    outer loop
      vertex 117.886 36.926 2.4
      vertex 122.114 36.926 2.4
      vertex 118 37.5 2.4
    endloop
  endfacet
  facet normal 0 0 1
    outer loop
      vertex 122.114 36.926 2.4
      vertex 117.886 36.926 2.4
      vertex 122.439 36.4393 2.4
    endloop
  endfacet
  facet normal -0 0 1
    outer loop
      vertex 118 37.5 2.4
      vertex 122.114 36.926 2.4
      vertex 122 37.5 2.4
    endloop
  endfacet
  facet normal 0 0 1
    outer loop
      vertex 117.561 36.4393 2.4
      vertex 122.439 36.4393 2.4
      vertex 117.886 36.926 2.4
    endloop
  endfacet
  facet normal 0 0 1
    outer loop
      vertex 129.439 43.4393 2.4
      vertex 124.561 43.4393 2.4
      vertex 129.439 38.5607 2.4
    endloop
  endfacet
  facet normal 0 0 1
    outer loop
      vertex 129.439 38.5607 2.4
      vertex 124.886 38.074 2.4
      vertex 125 37.5 2.4
    endloop
  endfacet
  facet normal 0 0 1
    outer loop
      vertex 124.561 38.5607 2.4
      vertex 129.439 38.5607 2.4
      vertex 124.561 43.4393 2.4
    endloop
  endfacet
  facet normal 0 0 1
    outer loop
      vertex 129.439 38.5607 2.4
      vertex 124.561 38.5607 2.4
      vertex 124.886 38.074 2.4
    endloop
  endfacet
  facet normal -0 0 1
    outer loop
      vertex 124.074 43.1142 2.4
      vertex 124.561 38.5607 2.4
      vertex 124.561 43.4393 2.4
    endloop
  endfacet
  facet normal 0 0 1
    outer loop
      vertex 124.074 43.1142 2.4
      vertex 124.074 38.8858 2.4
      vertex 124.561 38.5607 2.4
    endloop
  endfacet
  facet normal -0 0 1
    outer loop
      vertex 123.5 43 2.4
      vertex 124.074 38.8858 2.4
      vertex 124.074 43.1142 2.4
    endloop
  endfacet
  facet normal 0 0 1
    outer loop
      vertex 123.5 43 2.4
      vertex 123.5 39 2.4
      vertex 124.074 38.8858 2.4
    endloop
  endfacet
  facet normal 0 0 1
    outer loop
      vertex 122.926 43.1142 2.4
      vertex 123.5 39 2.4
      vertex 123.5 43 2.4
    endloop
  endfacet
  facet normal 0 0 1
    outer loop
      vertex 122.926 43.1142 2.4
      vertex 122.926 38.8858 2.4
      vertex 123.5 39 2.4
    endloop
  endfacet
  facet normal 0 0 1
    outer loop
      vertex 122.439 43.4393 2.4
      vertex 122.926 38.8858 2.4
      vertex 122.926 43.1142 2.4
    endloop
  endfacet
  facet normal 0 0 1
    outer loop
      vertex 122.439 43.4393 2.4
      vertex 122.439 38.5607 2.4
      vertex 122.926 38.8858 2.4
    endloop
  endfacet
  facet normal 0 0 1
    outer loop
      vertex 117.886 43.926 2.4
      vertex 122.114 43.926 2.4
      vertex 118 44.5 2.4
    endloop
  endfacet
  facet normal 0 0 1
    outer loop
      vertex 122.114 43.926 2.4
      vertex 117.886 43.926 2.4
      vertex 122.439 43.4393 2.4
    endloop
  endfacet
  facet normal -0 0 1
    outer loop
      vertex 118 44.5 2.4
      vertex 122.114 43.926 2.4
      vertex 122 44.5 2.4
    endloop
  endfacet
  facet normal 0 0 1
    outer loop
      vertex 117.561 43.4393 2.4
      vertex 122.439 43.4393 2.4
      vertex 117.886 43.926 2.4
    endloop
  endfacet
  facet normal 0 0 1
    outer loop
      vertex 129.439 50.4393 2.4
      vertex 124.561 50.4393 2.4
      vertex 129.439 45.5607 2.4
    endloop
  endfacet
  facet normal 0 0 1
    outer loop
      vertex 129.439 45.5607 2.4
      vertex 124.886 45.074 2.4
      vertex 125 44.5 2.4
    endloop
  endfacet
  facet normal 0 0 1
    outer loop
      vertex 124.561 45.5607 2.4
      vertex 129.439 45.5607 2.4
      vertex 124.561 50.4393 2.4
    endloop
  endfacet
  facet normal 0 0 1
    outer loop
      vertex 129.439 45.5607 2.4
      vertex 124.561 45.5607 2.4
      vertex 124.886 45.074 2.4
    endloop
  endfacet
  facet normal -0 0 1
    outer loop
      vertex 124.074 50.1142 2.4
      vertex 124.561 45.5607 2.4
      vertex 124.561 50.4393 2.4
    endloop
  endfacet
  facet normal 0 0 1
    outer loop
      vertex 124.074 50.1142 2.4
      vertex 124.074 45.8858 2.4
      vertex 124.561 45.5607 2.4
    endloop
  endfacet
  facet normal -0 0 1
    outer loop
      vertex 123.5 50 2.4
      vertex 124.074 45.8858 2.4
      vertex 124.074 50.1142 2.4
    endloop
  endfacet
  facet normal 0 0 1
    outer loop
      vertex 123.5 50 2.4
      vertex 123.5 46 2.4
      vertex 124.074 45.8858 2.4
    endloop
  endfacet
  facet normal 0 0 1
    outer loop
      vertex 122.926 50.1142 2.4
      vertex 123.5 46 2.4
      vertex 123.5 50 2.4
    endloop
  endfacet
  facet normal 0 0 1
    outer loop
      vertex 122.926 50.1142 2.4
      vertex 122.926 45.8858 2.4
      vertex 123.5 46 2.4
    endloop
  endfacet
  facet normal 0 0 1
    outer loop
      vertex 122.439 50.4393 2.4
      vertex 122.926 45.8858 2.4
      vertex 122.926 50.1142 2.4
    endloop
  endfacet
  facet normal 0 0 1
    outer loop
      vertex 122.439 50.4393 2.4
      vertex 122.439 45.5607 2.4
      vertex 122.926 45.8858 2.4
    endloop
  endfacet
  facet normal 0 0 1
    outer loop
      vertex 117.886 50.926 2.4
      vertex 122.114 50.926 2.4
      vertex 118 51.5 2.4
    endloop
  endfacet
  facet normal 0 0 1
    outer loop
      vertex 122.114 50.926 2.4
      vertex 117.886 50.926 2.4
      vertex 122.439 50.4393 2.4
    endloop
  endfacet
  facet normal -0 0 1
    outer loop
      vertex 118 51.5 2.4
      vertex 122.114 50.926 2.4
      vertex 122 51.5 2.4
    endloop
  endfacet
  facet normal 0 0 1
    outer loop
      vertex 117.561 50.4393 2.4
      vertex 122.439 50.4393 2.4
      vertex 117.886 50.926 2.4
    endloop
  endfacet
  facet normal 0 0 1
    outer loop
      vertex 129.439 57.4393 2.4
      vertex 124.561 57.4393 2.4
      vertex 129.439 52.5607 2.4
    endloop
  endfacet
  facet normal 0 0 1
    outer loop
      vertex 129.439 52.5607 2.4
      vertex 124.886 52.074 2.4
      vertex 125 51.5 2.4
    endloop
  endfacet
  facet normal 0 0 1
    outer loop
      vertex 124.561 52.5607 2.4
      vertex 129.439 52.5607 2.4
      vertex 124.561 57.4393 2.4
    endloop
  endfacet
  facet normal 0 0 1
    outer loop
      vertex 129.439 52.5607 2.4
      vertex 124.561 52.5607 2.4
      vertex 124.886 52.074 2.4
    endloop
  endfacet
  facet normal -0 0 1
    outer loop
      vertex 124.074 57.1142 2.4
      vertex 124.561 52.5607 2.4
      vertex 124.561 57.4393 2.4
    endloop
  endfacet
  facet normal 0 0 1
    outer loop
      vertex 124.074 57.1142 2.4
      vertex 124.074 52.8858 2.4
      vertex 124.561 52.5607 2.4
    endloop
  endfacet
  facet normal -0 0 1
    outer loop
      vertex 123.5 57 2.4
      vertex 124.074 52.8858 2.4
      vertex 124.074 57.1142 2.4
    endloop
  endfacet
  facet normal 0 0 1
    outer loop
      vertex 123.5 57 2.4
      vertex 123.5 53 2.4
      vertex 124.074 52.8858 2.4
    endloop
  endfacet
  facet normal 0 0 1
    outer loop
      vertex 122.926 57.1142 2.4
      vertex 123.5 53 2.4
      vertex 123.5 57 2.4
    endloop
  endfacet
  facet normal 0 0 1
    outer loop
      vertex 122.926 57.1142 2.4
      vertex 122.926 52.8858 2.4
      vertex 123.5 53 2.4
    endloop
  endfacet
  facet normal 0 0 1
    outer loop
      vertex 122.439 57.4393 2.4
      vertex 122.926 52.8858 2.4
      vertex 122.926 57.1142 2.4
    endloop
  endfacet
  facet normal 0 0 1
    outer loop
      vertex 122.439 57.4393 2.4
      vertex 122.439 52.5607 2.4
      vertex 122.926 52.8858 2.4
    endloop
  endfacet
  facet normal 0 0 1
    outer loop
      vertex 117.886 57.926 2.4
      vertex 122.114 57.926 2.4
      vertex 118 58.5 2.4
    endloop
  endfacet
  facet normal 0 0 1
    outer loop
      vertex 122.114 57.926 2.4
      vertex 117.886 57.926 2.4
      vertex 122.439 57.4393 2.4
    endloop
  endfacet
  facet normal -0 0 1
    outer loop
      vertex 118 58.5 2.4
      vertex 122.114 57.926 2.4
      vertex 122 58.5 2.4
    endloop
  endfacet
  facet normal 0 0 1
    outer loop
      vertex 117.561 57.4393 2.4
      vertex 122.439 57.4393 2.4
      vertex 117.886 57.926 2.4
    endloop
  endfacet
  facet normal 0 0 1
    outer loop
      vertex 129.439 64.4393 2.4
      vertex 124.561 64.4393 2.4
      vertex 129.439 59.5607 2.4
    endloop
  endfacet
  facet normal 0 0 1
    outer loop
      vertex 129.439 59.5607 2.4
      vertex 124.886 59.074 2.4
      vertex 125 58.5 2.4
    endloop
  endfacet
  facet normal 0 0 1
    outer loop
      vertex 124.561 59.5607 2.4
      vertex 129.439 59.5607 2.4
      vertex 124.561 64.4393 2.4
    endloop
  endfacet
  facet normal 0 0 1
    outer loop
      vertex 129.439 59.5607 2.4
      vertex 124.561 59.5607 2.4
      vertex 124.886 59.074 2.4
    endloop
  endfacet
  facet normal -0 0 1
    outer loop
      vertex 124.074 64.1142 2.4
      vertex 124.561 59.5607 2.4
      vertex 124.561 64.4393 2.4
    endloop
  endfacet
  facet normal 0 0 1
    outer loop
      vertex 124.074 64.1142 2.4
      vertex 124.074 59.8858 2.4
      vertex 124.561 59.5607 2.4
    endloop
  endfacet
  facet normal -0 0 1
    outer loop
      vertex 123.5 64 2.4
      vertex 124.074 59.8858 2.4
      vertex 124.074 64.1142 2.4
    endloop
  endfacet
  facet normal 0 0 1
    outer loop
      vertex 123.5 64 2.4
      vertex 123.5 60 2.4
      vertex 124.074 59.8858 2.4
    endloop
  endfacet
  facet normal 0 0 1
    outer loop
      vertex 122.926 64.1142 2.4
      vertex 123.5 60 2.4
      vertex 123.5 64 2.4
    endloop
  endfacet
  facet normal 0 0 1
    outer loop
      vertex 122.926 64.1142 2.4
      vertex 122.926 59.8858 2.4
      vertex 123.5 60 2.4
    endloop
  endfacet
  facet normal 0 0 1
    outer loop
      vertex 122.439 64.4393 2.4
      vertex 122.926 59.8858 2.4
      vertex 122.926 64.1142 2.4
    endloop
  endfacet
  facet normal 0 0 1
    outer loop
      vertex 122.439 64.4393 2.4
      vertex 122.439 59.5607 2.4
      vertex 122.926 59.8858 2.4
    endloop
  endfacet
  facet normal 0 0 1
    outer loop
      vertex 117.886 64.926 2.4
      vertex 122.114 64.926 2.4
      vertex 118 65.5 2.4
    endloop
  endfacet
  facet normal 0 0 1
    outer loop
      vertex 122.114 64.926 2.4
      vertex 117.886 64.926 2.4
      vertex 122.439 64.4393 2.4
    endloop
  endfacet
  facet normal -0 0 1
    outer loop
      vertex 118 65.5 2.4
      vertex 122.114 64.926 2.4
      vertex 122 65.5 2.4
    endloop
  endfacet
  facet normal 0 0 1
    outer loop
      vertex 117.561 64.4393 2.4
      vertex 122.439 64.4393 2.4
      vertex 117.886 64.926 2.4
    endloop
  endfacet
  facet normal 0 0 1
    outer loop
      vertex 136.439 36.4393 2.4
      vertex 131.561 36.4393 2.4
      vertex 136.439 31.5607 2.4
    endloop
  endfacet
  facet normal 0 0 1
    outer loop
      vertex 136.439 31.5607 2.4
      vertex 131.886 31.074 2.4
      vertex 132 30.5 2.4
    endloop
  endfacet
  facet normal 0 0 1
    outer loop
      vertex 131.561 31.5607 2.4
      vertex 136.439 31.5607 2.4
      vertex 131.561 36.4393 2.4
    endloop
  endfacet
  facet normal 0 0 1
    outer loop
      vertex 136.439 31.5607 2.4
      vertex 131.561 31.5607 2.4
      vertex 131.886 31.074 2.4
    endloop
  endfacet
  facet normal -0 0 1
    outer loop
      vertex 131.074 36.1142 2.4
      vertex 131.561 31.5607 2.4
      vertex 131.561 36.4393 2.4
    endloop
  endfacet
  facet normal 0 0 1
    outer loop
      vertex 131.074 36.1142 2.4
      vertex 131.074 31.8858 2.4
      vertex 131.561 31.5607 2.4
    endloop
  endfacet
  facet normal -0 0 1
    outer loop
      vertex 130.5 36 2.4
      vertex 131.074 31.8858 2.4
      vertex 131.074 36.1142 2.4
    endloop
  endfacet
  facet normal 0 0 1
    outer loop
      vertex 130.5 36 2.4
      vertex 130.5 32 2.4
      vertex 131.074 31.8858 2.4
    endloop
  endfacet
  facet normal 0 0 1
    outer loop
      vertex 129.926 36.1142 2.4
      vertex 130.5 32 2.4
      vertex 130.5 36 2.4
    endloop
  endfacet
  facet normal 0 0 1
    outer loop
      vertex 129.926 36.1142 2.4
      vertex 129.926 31.8858 2.4
      vertex 130.5 32 2.4
    endloop
  endfacet
  facet normal 0 0 1
    outer loop
      vertex 129.439 36.4393 2.4
      vertex 129.926 31.8858 2.4
      vertex 129.926 36.1142 2.4
    endloop
  endfacet
  facet normal 0 0 1
    outer loop
      vertex 129.439 36.4393 2.4
      vertex 129.439 31.5607 2.4
      vertex 129.926 31.8858 2.4
    endloop
  endfacet
  facet normal 0 0 1
    outer loop
      vertex 124.886 36.926 2.4
      vertex 129.114 36.926 2.4
      vertex 125 37.5 2.4
    endloop
  endfacet
  facet normal 0 0 1
    outer loop
      vertex 129.114 36.926 2.4
      vertex 124.886 36.926 2.4
      vertex 129.439 36.4393 2.4
    endloop
  endfacet
  facet normal -0 0 1
    outer loop
      vertex 125 37.5 2.4
      vertex 129.114 36.926 2.4
      vertex 129 37.5 2.4
    endloop
  endfacet
  facet normal 0 0 1
    outer loop
      vertex 124.561 36.4393 2.4
      vertex 129.439 36.4393 2.4
      vertex 124.886 36.926 2.4
    endloop
  endfacet
  facet normal 0 0 1
    outer loop
      vertex 136.439 43.4393 2.4
      vertex 131.561 43.4393 2.4
      vertex 136.439 38.5607 2.4
    endloop
  endfacet
  facet normal 0 0 1
    outer loop
      vertex 136.439 38.5607 2.4
      vertex 131.886 38.074 2.4
      vertex 132 37.5 2.4
    endloop
  endfacet
  facet normal 0 0 1
    outer loop
      vertex 131.561 38.5607 2.4
      vertex 136.439 38.5607 2.4
      vertex 131.561 43.4393 2.4
    endloop
  endfacet
  facet normal 0 0 1
    outer loop
      vertex 136.439 38.5607 2.4
      vertex 131.561 38.5607 2.4
      vertex 131.886 38.074 2.4
    endloop
  endfacet
  facet normal -0 0 1
    outer loop
      vertex 131.074 43.1142 2.4
      vertex 131.561 38.5607 2.4
      vertex 131.561 43.4393 2.4
    endloop
  endfacet
  facet normal 0 0 1
    outer loop
      vertex 131.074 43.1142 2.4
      vertex 131.074 38.8858 2.4
      vertex 131.561 38.5607 2.4
    endloop
  endfacet
  facet normal -0 0 1
    outer loop
      vertex 130.5 43 2.4
      vertex 131.074 38.8858 2.4
      vertex 131.074 43.1142 2.4
    endloop
  endfacet
  facet normal 0 0 1
    outer loop
      vertex 130.5 43 2.4
      vertex 130.5 39 2.4
      vertex 131.074 38.8858 2.4
    endloop
  endfacet
  facet normal 0 0 1
    outer loop
      vertex 129.926 43.1142 2.4
      vertex 130.5 39 2.4
      vertex 130.5 43 2.4
    endloop
  endfacet
  facet normal 0 0 1
    outer loop
      vertex 129.926 43.1142 2.4
      vertex 129.926 38.8858 2.4
      vertex 130.5 39 2.4
    endloop
  endfacet
  facet normal 0 0 1
    outer loop
      vertex 129.439 43.4393 2.4
      vertex 129.926 38.8858 2.4
      vertex 129.926 43.1142 2.4
    endloop
  endfacet
  facet normal 0 0 1
    outer loop
      vertex 129.439 43.4393 2.4
      vertex 129.439 38.5607 2.4
      vertex 129.926 38.8858 2.4
    endloop
  endfacet
  facet normal 0 0 1
    outer loop
      vertex 124.886 43.926 2.4
      vertex 129.114 43.926 2.4
      vertex 125 44.5 2.4
    endloop
  endfacet
  facet normal 0 0 1
    outer loop
      vertex 129.114 43.926 2.4
      vertex 124.886 43.926 2.4
      vertex 129.439 43.4393 2.4
    endloop
  endfacet
  facet normal -0 0 1
    outer loop
      vertex 125 44.5 2.4
      vertex 129.114 43.926 2.4
      vertex 129 44.5 2.4
    endloop
  endfacet
  facet normal 0 0 1
    outer loop
      vertex 124.561 43.4393 2.4
      vertex 129.439 43.4393 2.4
      vertex 124.886 43.926 2.4
    endloop
  endfacet
  facet normal 0 0 1
    outer loop
      vertex 136.439 50.4393 2.4
      vertex 131.561 50.4393 2.4
      vertex 136.439 45.5607 2.4
    endloop
  endfacet
  facet normal 0 0 1
    outer loop
      vertex 136.439 45.5607 2.4
      vertex 131.886 45.074 2.4
      vertex 132 44.5 2.4
    endloop
  endfacet
  facet normal 0 0 1
    outer loop
      vertex 131.561 45.5607 2.4
      vertex 136.439 45.5607 2.4
      vertex 131.561 50.4393 2.4
    endloop
  endfacet
  facet normal 0 0 1
    outer loop
      vertex 136.439 45.5607 2.4
      vertex 131.561 45.5607 2.4
      vertex 131.886 45.074 2.4
    endloop
  endfacet
  facet normal -0 0 1
    outer loop
      vertex 131.074 50.1142 2.4
      vertex 131.561 45.5607 2.4
      vertex 131.561 50.4393 2.4
    endloop
  endfacet
  facet normal 0 0 1
    outer loop
      vertex 131.074 50.1142 2.4
      vertex 131.074 45.8858 2.4
      vertex 131.561 45.5607 2.4
    endloop
  endfacet
  facet normal -0 0 1
    outer loop
      vertex 130.5 50 2.4
      vertex 131.074 45.8858 2.4
      vertex 131.074 50.1142 2.4
    endloop
  endfacet
  facet normal 0 0 1
    outer loop
      vertex 130.5 50 2.4
      vertex 130.5 46 2.4
      vertex 131.074 45.8858 2.4
    endloop
  endfacet
  facet normal 0 0 1
    outer loop
      vertex 129.926 50.1142 2.4
      vertex 130.5 46 2.4
      vertex 130.5 50 2.4
    endloop
  endfacet
  facet normal 0 0 1
    outer loop
      vertex 129.926 50.1142 2.4
      vertex 129.926 45.8858 2.4
      vertex 130.5 46 2.4
    endloop
  endfacet
  facet normal 0 0 1
    outer loop
      vertex 129.439 50.4393 2.4
      vertex 129.926 45.8858 2.4
      vertex 129.926 50.1142 2.4
    endloop
  endfacet
  facet normal 0 0 1
    outer loop
      vertex 129.439 50.4393 2.4
      vertex 129.439 45.5607 2.4
      vertex 129.926 45.8858 2.4
    endloop
  endfacet
  facet normal 0 0 1
    outer loop
      vertex 124.886 50.926 2.4
      vertex 129.114 50.926 2.4
      vertex 125 51.5 2.4
    endloop
  endfacet
  facet normal 0 0 1
    outer loop
      vertex 129.114 50.926 2.4
      vertex 124.886 50.926 2.4
      vertex 129.439 50.4393 2.4
    endloop
  endfacet
  facet normal -0 0 1
    outer loop
      vertex 125 51.5 2.4
      vertex 129.114 50.926 2.4
      vertex 129 51.5 2.4
    endloop
  endfacet
  facet normal 0 0 1
    outer loop
      vertex 124.561 50.4393 2.4
      vertex 129.439 50.4393 2.4
      vertex 124.886 50.926 2.4
    endloop
  endfacet
  facet normal 0 0 1
    outer loop
      vertex 136.439 57.4393 2.4
      vertex 131.561 57.4393 2.4
      vertex 136.439 52.5607 2.4
    endloop
  endfacet
  facet normal 0 0 1
    outer loop
      vertex 136.439 52.5607 2.4
      vertex 131.886 52.074 2.4
      vertex 132 51.5 2.4
    endloop
  endfacet
  facet normal 0 0 1
    outer loop
      vertex 131.561 52.5607 2.4
      vertex 136.439 52.5607 2.4
      vertex 131.561 57.4393 2.4
    endloop
  endfacet
  facet normal 0 0 1
    outer loop
      vertex 136.439 52.5607 2.4
      vertex 131.561 52.5607 2.4
      vertex 131.886 52.074 2.4
    endloop
  endfacet
  facet normal -0 0 1
    outer loop
      vertex 131.074 57.1142 2.4
      vertex 131.561 52.5607 2.4
      vertex 131.561 57.4393 2.4
    endloop
  endfacet
  facet normal 0 0 1
    outer loop
      vertex 131.074 57.1142 2.4
      vertex 131.074 52.8858 2.4
      vertex 131.561 52.5607 2.4
    endloop
  endfacet
  facet normal -0 0 1
    outer loop
      vertex 130.5 57 2.4
      vertex 131.074 52.8858 2.4
      vertex 131.074 57.1142 2.4
    endloop
  endfacet
  facet normal 0 0 1
    outer loop
      vertex 130.5 57 2.4
      vertex 130.5 53 2.4
      vertex 131.074 52.8858 2.4
    endloop
  endfacet
  facet normal 0 0 1
    outer loop
      vertex 129.926 57.1142 2.4
      vertex 130.5 53 2.4
      vertex 130.5 57 2.4
    endloop
  endfacet
  facet normal 0 0 1
    outer loop
      vertex 129.926 57.1142 2.4
      vertex 129.926 52.8858 2.4
      vertex 130.5 53 2.4
    endloop
  endfacet
  facet normal 0 0 1
    outer loop
      vertex 129.439 57.4393 2.4
      vertex 129.926 52.8858 2.4
      vertex 129.926 57.1142 2.4
    endloop
  endfacet
  facet normal 0 0 1
    outer loop
      vertex 129.439 57.4393 2.4
      vertex 129.439 52.5607 2.4
      vertex 129.926 52.8858 2.4
    endloop
  endfacet
  facet normal 0 0 1
    outer loop
      vertex 124.886 57.926 2.4
      vertex 129.114 57.926 2.4
      vertex 125 58.5 2.4
    endloop
  endfacet
  facet normal 0 0 1
    outer loop
      vertex 129.114 57.926 2.4
      vertex 124.886 57.926 2.4
      vertex 129.439 57.4393 2.4
    endloop
  endfacet
  facet normal -0 0 1
    outer loop
      vertex 125 58.5 2.4
      vertex 129.114 57.926 2.4
      vertex 129 58.5 2.4
    endloop
  endfacet
  facet normal 0 0 1
    outer loop
      vertex 124.561 57.4393 2.4
      vertex 129.439 57.4393 2.4
      vertex 124.886 57.926 2.4
    endloop
  endfacet
  facet normal 0 0 1
    outer loop
      vertex 136.439 64.4393 2.4
      vertex 131.561 64.4393 2.4
      vertex 136.439 59.5607 2.4
    endloop
  endfacet
  facet normal 0 0 1
    outer loop
      vertex 136.439 59.5607 2.4
      vertex 131.886 59.074 2.4
      vertex 132 58.5 2.4
    endloop
  endfacet
  facet normal 0 0 1
    outer loop
      vertex 131.561 59.5607 2.4
      vertex 136.439 59.5607 2.4
      vertex 131.561 64.4393 2.4
    endloop
  endfacet
  facet normal 0 0 1
    outer loop
      vertex 136.439 59.5607 2.4
      vertex 131.561 59.5607 2.4
      vertex 131.886 59.074 2.4
    endloop
  endfacet
  facet normal -0 0 1
    outer loop
      vertex 131.074 64.1142 2.4
      vertex 131.561 59.5607 2.4
      vertex 131.561 64.4393 2.4
    endloop
  endfacet
  facet normal 0 0 1
    outer loop
      vertex 131.074 64.1142 2.4
      vertex 131.074 59.8858 2.4
      vertex 131.561 59.5607 2.4
    endloop
  endfacet
  facet normal -0 0 1
    outer loop
      vertex 130.5 64 2.4
      vertex 131.074 59.8858 2.4
      vertex 131.074 64.1142 2.4
    endloop
  endfacet
  facet normal 0 0 1
    outer loop
      vertex 130.5 64 2.4
      vertex 130.5 60 2.4
      vertex 131.074 59.8858 2.4
    endloop
  endfacet
  facet normal 0 0 1
    outer loop
      vertex 129.926 64.1142 2.4
      vertex 130.5 60 2.4
      vertex 130.5 64 2.4
    endloop
  endfacet
  facet normal 0 0 1
    outer loop
      vertex 129.926 64.1142 2.4
      vertex 129.926 59.8858 2.4
      vertex 130.5 60 2.4
    endloop
  endfacet
  facet normal 0 0 1
    outer loop
      vertex 129.439 64.4393 2.4
      vertex 129.926 59.8858 2.4
      vertex 129.926 64.1142 2.4
    endloop
  endfacet
  facet normal 0 0 1
    outer loop
      vertex 129.439 64.4393 2.4
      vertex 129.439 59.5607 2.4
      vertex 129.926 59.8858 2.4
    endloop
  endfacet
  facet normal 0 0 1
    outer loop
      vertex 124.886 64.926 2.4
      vertex 129.114 64.926 2.4
      vertex 125 65.5 2.4
    endloop
  endfacet
  facet normal 0 0 1
    outer loop
      vertex 129.114 64.926 2.4
      vertex 124.886 64.926 2.4
      vertex 129.439 64.4393 2.4
    endloop
  endfacet
  facet normal -0 0 1
    outer loop
      vertex 125 65.5 2.4
      vertex 129.114 64.926 2.4
      vertex 129 65.5 2.4
    endloop
  endfacet
  facet normal 0 0 1
    outer loop
      vertex 124.561 64.4393 2.4
      vertex 129.439 64.4393 2.4
      vertex 124.886 64.926 2.4
    endloop
  endfacet
  facet normal -0 0 1
    outer loop
      vertex 138.886 31.074 2.4
      vertex 148 28 2.4
      vertex 138.886 36.926 2.4
    endloop
  endfacet
  facet normal 0 0 1
    outer loop
      vertex 148 28 2.4
      vertex 138.886 31.074 2.4
      vertex 139 30.5 2.4
    endloop
  endfacet
  facet normal -0 0 1
    outer loop
      vertex 138.561 36.4393 2.4
      vertex 138.886 31.074 2.4
      vertex 138.886 36.926 2.4
    endloop
  endfacet
  facet normal 0 0 1
    outer loop
      vertex 138.561 36.4393 2.4
      vertex 138.561 31.5607 2.4
      vertex 138.886 31.074 2.4
    endloop
  endfacet
  facet normal -0 0 1
    outer loop
      vertex 138.074 36.1142 2.4
      vertex 138.561 31.5607 2.4
      vertex 138.561 36.4393 2.4
    endloop
  endfacet
  facet normal 0 0 1
    outer loop
      vertex 138.074 36.1142 2.4
      vertex 138.074 31.8858 2.4
      vertex 138.561 31.5607 2.4
    endloop
  endfacet
  facet normal -0 0 1
    outer loop
      vertex 137.5 36 2.4
      vertex 138.074 31.8858 2.4
      vertex 138.074 36.1142 2.4
    endloop
  endfacet
  facet normal 0 0 1
    outer loop
      vertex 137.5 36 2.4
      vertex 137.5 32 2.4
      vertex 138.074 31.8858 2.4
    endloop
  endfacet
  facet normal 0 0 1
    outer loop
      vertex 136.926 36.1142 2.4
      vertex 137.5 32 2.4
      vertex 137.5 36 2.4
    endloop
  endfacet
  facet normal 0 0 1
    outer loop
      vertex 136.926 36.1142 2.4
      vertex 136.926 31.8858 2.4
      vertex 137.5 32 2.4
    endloop
  endfacet
  facet normal 0 0 1
    outer loop
      vertex 136.439 36.4393 2.4
      vertex 136.926 31.8858 2.4
      vertex 136.926 36.1142 2.4
    endloop
  endfacet
  facet normal 0 0 1
    outer loop
      vertex 136.439 36.4393 2.4
      vertex 136.439 31.5607 2.4
      vertex 136.926 31.8858 2.4
    endloop
  endfacet
  facet normal 0 0 1
    outer loop
      vertex 131.886 36.926 2.4
      vertex 136.114 36.926 2.4
      vertex 132 37.5 2.4
    endloop
  endfacet
  facet normal 0 0 1
    outer loop
      vertex 136.114 36.926 2.4
      vertex 131.886 36.926 2.4
      vertex 136.439 36.4393 2.4
    endloop
  endfacet
  facet normal -0 0 1
    outer loop
      vertex 132 37.5 2.4
      vertex 136.114 36.926 2.4
      vertex 136 37.5 2.4
    endloop
  endfacet
  facet normal 0 0 1
    outer loop
      vertex 131.561 36.4393 2.4
      vertex 136.439 36.4393 2.4
      vertex 131.886 36.926 2.4
    endloop
  endfacet
  facet normal -0 0 1
    outer loop
      vertex 138.886 38.074 2.4
      vertex 148 28 2.4
      vertex 138.886 43.926 2.4
    endloop
  endfacet
  facet normal 0 0 1
    outer loop
      vertex 148 28 2.4
      vertex 138.886 38.074 2.4
      vertex 139 37.5 2.4
    endloop
  endfacet
  facet normal -0 0 1
    outer loop
      vertex 138.561 43.4393 2.4
      vertex 138.886 38.074 2.4
      vertex 138.886 43.926 2.4
    endloop
  endfacet
  facet normal 0 0 1
    outer loop
      vertex 138.561 43.4393 2.4
      vertex 138.561 38.5607 2.4
      vertex 138.886 38.074 2.4
    endloop
  endfacet
  facet normal -0 0 1
    outer loop
      vertex 138.074 43.1142 2.4
      vertex 138.561 38.5607 2.4
      vertex 138.561 43.4393 2.4
    endloop
  endfacet
  facet normal 0 0 1
    outer loop
      vertex 138.074 43.1142 2.4
      vertex 138.074 38.8858 2.4
      vertex 138.561 38.5607 2.4
    endloop
  endfacet
  facet normal -0 0 1
    outer loop
      vertex 137.5 43 2.4
      vertex 138.074 38.8858 2.4
      vertex 138.074 43.1142 2.4
    endloop
  endfacet
  facet normal 0 0 1
    outer loop
      vertex 137.5 43 2.4
      vertex 137.5 39 2.4
      vertex 138.074 38.8858 2.4
    endloop
  endfacet
  facet normal 0 0 1
    outer loop
      vertex 136.926 43.1142 2.4
      vertex 137.5 39 2.4
      vertex 137.5 43 2.4
    endloop
  endfacet
  facet normal 0 0 1
    outer loop
      vertex 136.926 43.1142 2.4
      vertex 136.926 38.8858 2.4
      vertex 137.5 39 2.4
    endloop
  endfacet
  facet normal 0 0 1
    outer loop
      vertex 136.439 43.4393 2.4
      vertex 136.926 38.8858 2.4
      vertex 136.926 43.1142 2.4
    endloop
  endfacet
  facet normal 0 0 1
    outer loop
      vertex 136.439 43.4393 2.4
      vertex 136.439 38.5607 2.4
      vertex 136.926 38.8858 2.4
    endloop
  endfacet
  facet normal 0 0 1
    outer loop
      vertex 131.886 43.926 2.4
      vertex 136.114 43.926 2.4
      vertex 132 44.5 2.4
    endloop
  endfacet
  facet normal 0 0 1
    outer loop
      vertex 136.114 43.926 2.4
      vertex 131.886 43.926 2.4
      vertex 136.439 43.4393 2.4
    endloop
  endfacet
  facet normal -0 0 1
    outer loop
      vertex 132 44.5 2.4
      vertex 136.114 43.926 2.4
      vertex 136 44.5 2.4
    endloop
  endfacet
  facet normal 0 0 1
    outer loop
      vertex 131.561 43.4393 2.4
      vertex 136.439 43.4393 2.4
      vertex 131.886 43.926 2.4
    endloop
  endfacet
  facet normal -0 0 1
    outer loop
      vertex 138.886 50.926 2.4
      vertex 139 44.5 2.4
      vertex 139 51.5 2.4
    endloop
  endfacet
  facet normal 0 0 1
    outer loop
      vertex 138.886 50.926 2.4
      vertex 138.886 45.074 2.4
      vertex 139 44.5 2.4
    endloop
  endfacet
  facet normal -0 0 1
    outer loop
      vertex 138.561 50.4393 2.4
      vertex 138.886 45.074 2.4
      vertex 138.886 50.926 2.4
    endloop
  endfacet
  facet normal 0 0 1
    outer loop
      vertex 138.561 50.4393 2.4
      vertex 138.561 45.5607 2.4
      vertex 138.886 45.074 2.4
    endloop
  endfacet
  facet normal -0 0 1
    outer loop
      vertex 138.074 50.1142 2.4
      vertex 138.561 45.5607 2.4
      vertex 138.561 50.4393 2.4
    endloop
  endfacet
  facet normal 0 0 1
    outer loop
      vertex 138.074 50.1142 2.4
      vertex 138.074 45.8858 2.4
      vertex 138.561 45.5607 2.4
    endloop
  endfacet
  facet normal -0 0 1
    outer loop
      vertex 137.5 50 2.4
      vertex 138.074 45.8858 2.4
      vertex 138.074 50.1142 2.4
    endloop
  endfacet
  facet normal 0 0 1
    outer loop
      vertex 137.5 50 2.4
      vertex 137.5 46 2.4
      vertex 138.074 45.8858 2.4
    endloop
  endfacet
  facet normal 0 0 1
    outer loop
      vertex 136.926 50.1142 2.4
      vertex 137.5 46 2.4
      vertex 137.5 50 2.4
    endloop
  endfacet
  facet normal 0 0 1
    outer loop
      vertex 136.926 50.1142 2.4
      vertex 136.926 45.8858 2.4
      vertex 137.5 46 2.4
    endloop
  endfacet
  facet normal 0 0 1
    outer loop
      vertex 136.439 50.4393 2.4
      vertex 136.926 45.8858 2.4
      vertex 136.926 50.1142 2.4
    endloop
  endfacet
  facet normal 0 0 1
    outer loop
      vertex 136.439 50.4393 2.4
      vertex 136.439 45.5607 2.4
      vertex 136.926 45.8858 2.4
    endloop
  endfacet
  facet normal 0 0 1
    outer loop
      vertex 131.886 50.926 2.4
      vertex 136.114 50.926 2.4
      vertex 132 51.5 2.4
    endloop
  endfacet
  facet normal 0 0 1
    outer loop
      vertex 136.114 50.926 2.4
      vertex 131.886 50.926 2.4
      vertex 136.439 50.4393 2.4
    endloop
  endfacet
  facet normal -0 0 1
    outer loop
      vertex 132 51.5 2.4
      vertex 136.114 50.926 2.4
      vertex 136 51.5 2.4
    endloop
  endfacet
  facet normal 0 0 1
    outer loop
      vertex 131.561 50.4393 2.4
      vertex 136.439 50.4393 2.4
      vertex 131.886 50.926 2.4
    endloop
  endfacet
  facet normal 0 0 1
    outer loop
      vertex 138.886 52.074 2.4
      vertex 154 70.5 2.4
      vertex 138.886 57.926 2.4
    endloop
  endfacet
  facet normal 0 0 1
    outer loop
      vertex 154 70.5 2.4
      vertex 138.886 52.074 2.4
      vertex 139 51.5 2.4
    endloop
  endfacet
  facet normal -0 0 1
    outer loop
      vertex 138.561 57.4393 2.4
      vertex 138.886 52.074 2.4
      vertex 138.886 57.926 2.4
    endloop
  endfacet
  facet normal 0 0 1
    outer loop
      vertex 138.561 57.4393 2.4
      vertex 138.561 52.5607 2.4
      vertex 138.886 52.074 2.4
    endloop
  endfacet
  facet normal -0 0 1
    outer loop
      vertex 138.074 57.1142 2.4
      vertex 138.561 52.5607 2.4
      vertex 138.561 57.4393 2.4
    endloop
  endfacet
  facet normal 0 0 1
    outer loop
      vertex 138.074 57.1142 2.4
      vertex 138.074 52.8858 2.4
      vertex 138.561 52.5607 2.4
    endloop
  endfacet
  facet normal -0 0 1
    outer loop
      vertex 137.5 57 2.4
      vertex 138.074 52.8858 2.4
      vertex 138.074 57.1142 2.4
    endloop
  endfacet
  facet normal 0 0 1
    outer loop
      vertex 137.5 57 2.4
      vertex 137.5 53 2.4
      vertex 138.074 52.8858 2.4
    endloop
  endfacet
  facet normal 0 0 1
    outer loop
      vertex 136.926 57.1142 2.4
      vertex 137.5 53 2.4
      vertex 137.5 57 2.4
    endloop
  endfacet
  facet normal 0 0 1
    outer loop
      vertex 136.926 57.1142 2.4
      vertex 136.926 52.8858 2.4
      vertex 137.5 53 2.4
    endloop
  endfacet
  facet normal 0 0 1
    outer loop
      vertex 136.439 57.4393 2.4
      vertex 136.926 52.8858 2.4
      vertex 136.926 57.1142 2.4
    endloop
  endfacet
  facet normal 0 0 1
    outer loop
      vertex 136.439 57.4393 2.4
      vertex 136.439 52.5607 2.4
      vertex 136.926 52.8858 2.4
    endloop
  endfacet
  facet normal 0 0 1
    outer loop
      vertex 131.886 57.926 2.4
      vertex 136.114 57.926 2.4
      vertex 132 58.5 2.4
    endloop
  endfacet
  facet normal 0 0 1
    outer loop
      vertex 136.114 57.926 2.4
      vertex 131.886 57.926 2.4
      vertex 136.439 57.4393 2.4
    endloop
  endfacet
  facet normal -0 0 1
    outer loop
      vertex 132 58.5 2.4
      vertex 136.114 57.926 2.4
      vertex 136 58.5 2.4
    endloop
  endfacet
  facet normal 0 0 1
    outer loop
      vertex 131.561 57.4393 2.4
      vertex 136.439 57.4393 2.4
      vertex 131.886 57.926 2.4
    endloop
  endfacet
  facet normal 0 0 1
    outer loop
      vertex 138.886 59.074 2.4
      vertex 147 70.5 2.4
      vertex 138.886 64.926 2.4
    endloop
  endfacet
  facet normal 0 0 1
    outer loop
      vertex 147 70.5 2.4
      vertex 138.886 59.074 2.4
      vertex 139 58.5 2.4
    endloop
  endfacet
  facet normal -0 0 1
    outer loop
      vertex 138.561 64.4393 2.4
      vertex 138.886 59.074 2.4
      vertex 138.886 64.926 2.4
    endloop
  endfacet
  facet normal 0 0 1
    outer loop
      vertex 138.561 64.4393 2.4
      vertex 138.561 59.5607 2.4
      vertex 138.886 59.074 2.4
    endloop
  endfacet
  facet normal -0 0 1
    outer loop
      vertex 138.074 64.1142 2.4
      vertex 138.561 59.5607 2.4
      vertex 138.561 64.4393 2.4
    endloop
  endfacet
  facet normal 0 0 1
    outer loop
      vertex 138.074 64.1142 2.4
      vertex 138.074 59.8858 2.4
      vertex 138.561 59.5607 2.4
    endloop
  endfacet
  facet normal -0 0 1
    outer loop
      vertex 137.5 64 2.4
      vertex 138.074 59.8858 2.4
      vertex 138.074 64.1142 2.4
    endloop
  endfacet
  facet normal 0 0 1
    outer loop
      vertex 137.5 64 2.4
      vertex 137.5 60 2.4
      vertex 138.074 59.8858 2.4
    endloop
  endfacet
  facet normal 0 0 1
    outer loop
      vertex 136.926 64.1142 2.4
      vertex 137.5 60 2.4
      vertex 137.5 64 2.4
    endloop
  endfacet
  facet normal 0 0 1
    outer loop
      vertex 136.926 64.1142 2.4
      vertex 136.926 59.8858 2.4
      vertex 137.5 60 2.4
    endloop
  endfacet
  facet normal 0 0 1
    outer loop
      vertex 136.439 64.4393 2.4
      vertex 136.926 59.8858 2.4
      vertex 136.926 64.1142 2.4
    endloop
  endfacet
  facet normal 0 0 1
    outer loop
      vertex 136.439 64.4393 2.4
      vertex 136.439 59.5607 2.4
      vertex 136.926 59.8858 2.4
    endloop
  endfacet
  facet normal 0 0 1
    outer loop
      vertex 131.886 64.926 2.4
      vertex 136.114 64.926 2.4
      vertex 132 65.5 2.4
    endloop
  endfacet
  facet normal 0 0 1
    outer loop
      vertex 136.114 64.926 2.4
      vertex 131.886 64.926 2.4
      vertex 136.439 64.4393 2.4
    endloop
  endfacet
  facet normal -0 0 1
    outer loop
      vertex 132 65.5 2.4
      vertex 136.114 64.926 2.4
      vertex 136 65.5 2.4
    endloop
  endfacet
  facet normal 0 0 1
    outer loop
      vertex 131.561 64.4393 2.4
      vertex 136.439 64.4393 2.4
      vertex 131.886 64.926 2.4
    endloop
  endfacet
  facet normal 0 0 1
    outer loop
      vertex 162.242 90.16 2.4
      vertex 166 96 2.4
      vertex 162.3 90.6 2.4
    endloop
  endfacet
  facet normal 0 0 1
    outer loop
      vertex 166 96 2.4
      vertex 162.242 91.04 2.4
      vertex 162.3 90.6 2.4
    endloop
  endfacet
  facet normal 0 0 1
    outer loop
      vertex 166 96 2.4
      vertex 162.072 91.45 2.4
      vertex 162.242 91.04 2.4
    endloop
  endfacet
  facet normal 0 0 1
    outer loop
      vertex 166 96 2.4
      vertex 161.802 91.8021 2.4
      vertex 162.072 91.45 2.4
    endloop
  endfacet
  facet normal 0 0 1
    outer loop
      vertex 166 96 2.4
      vertex 161.45 92.0722 2.4
      vertex 161.802 91.8021 2.4
    endloop
  endfacet
  facet normal 0 0 1
    outer loop
      vertex 166 96 2.4
      vertex 161.04 92.2421 2.4
      vertex 161.45 92.0722 2.4
    endloop
  endfacet
  facet normal 0 0 1
    outer loop
      vertex 166 96 2.4
      vertex 160.6 92.3 2.4
      vertex 161.04 92.2421 2.4
    endloop
  endfacet
  facet normal 0 0 1
    outer loop
      vertex 166 96 2.4
      vertex 160.16 92.2421 2.4
      vertex 160.6 92.3 2.4
    endloop
  endfacet
  facet normal 0 0 1
    outer loop
      vertex 166 96 2.4
      vertex 159.75 92.0722 2.4
      vertex 160.16 92.2421 2.4
    endloop
  endfacet
  facet normal 0 0 1
    outer loop
      vertex 162.072 89.75 2.4
      vertex 158.347 76.1647 2.4
      vertex 158.5 75 2.4
    endloop
  endfacet
  facet normal 0 0 1
    outer loop
      vertex 158.958 90.16 2.4
      vertex 157.897 77.25 2.4
      vertex 158.347 76.1647 2.4
    endloop
  endfacet
  facet normal 0 0 1
    outer loop
      vertex 158.958 90.16 2.4
      vertex 157.182 78.182 2.4
      vertex 157.897 77.25 2.4
    endloop
  endfacet
  facet normal 0 0 1
    outer loop
      vertex 147 79.5 2.4
      vertex 158.9 90.6 2.4
      vertex 158.958 91.04 2.4
    endloop
  endfacet
  facet normal 0 0 1
    outer loop
      vertex 158.958 90.16 2.4
      vertex 156.25 78.8971 2.4
      vertex 157.182 78.182 2.4
    endloop
  endfacet
  facet normal 0 0 1
    outer loop
      vertex 158.958 90.16 2.4
      vertex 155.165 79.3467 2.4
      vertex 156.25 78.8971 2.4
    endloop
  endfacet
  facet normal 0 0 1
    outer loop
      vertex 158.958 90.16 2.4
      vertex 154 79.5 2.4
      vertex 155.165 79.3467 2.4
    endloop
  endfacet
  facet normal 0 0 1
    outer loop
      vertex 145.835 79.3467 2.4
      vertex 158.958 91.04 2.4
      vertex 159.128 91.45 2.4
    endloop
  endfacet
  facet normal 0 0 1
    outer loop
      vertex 158.958 90.16 2.4
      vertex 152.835 79.3467 2.4
      vertex 154 79.5 2.4
    endloop
  endfacet
  facet normal 0 0 1
    outer loop
      vertex 158.958 90.16 2.4
      vertex 148.165 79.3467 2.4
      vertex 152.835 79.3467 2.4
    endloop
  endfacet
  facet normal 0 0 1
    outer loop
      vertex 152.835 79.3467 2.4
      vertex 148.165 79.3467 2.4
      vertex 151.75 78.8971 2.4
    endloop
  endfacet
  facet normal 0 0 1
    outer loop
      vertex 151.75 78.8971 2.4
      vertex 149.25 78.8971 2.4
      vertex 150.818 78.182 2.4
    endloop
  endfacet
  facet normal 0 0 1
    outer loop
      vertex 150.818 78.182 2.4
      vertex 150.182 78.182 2.4
      vertex 150.5 77.7675 2.4
    endloop
  endfacet
  facet normal 0 0 1
    outer loop
      vertex 150.818 78.182 2.4
      vertex 149.25 78.8971 2.4
      vertex 150.182 78.182 2.4
    endloop
  endfacet
  facet normal 0 0 1
    outer loop
      vertex 144.75 78.8971 2.4
      vertex 159.128 91.45 2.4
      vertex 159.398 91.8021 2.4
    endloop
  endfacet
  facet normal 0 0 1
    outer loop
      vertex 151.75 78.8971 2.4
      vertex 148.165 79.3467 2.4
      vertex 149.25 78.8971 2.4
    endloop
  endfacet
  facet normal 0 0 1
    outer loop
      vertex 158.9 90.6 2.4
      vertex 147 79.5 2.4
      vertex 148.165 79.3467 2.4
    endloop
  endfacet
  facet normal 0 0 1
    outer loop
      vertex 158.958 91.04 2.4
      vertex 145.835 79.3467 2.4
      vertex 147 79.5 2.4
    endloop
  endfacet
  facet normal 0 0 1
    outer loop
      vertex 159.128 91.45 2.4
      vertex 144.75 78.8971 2.4
      vertex 145.835 79.3467 2.4
    endloop
  endfacet
  facet normal -0 0 1
    outer loop
      vertex 63.6213 85.1213 2.4
      vertex 144.75 78.8971 2.4
      vertex 159.398 91.8021 2.4
    endloop
  endfacet
  facet normal 0 0 1
    outer loop
      vertex 130.5 67 2.4
      vertex 142.5 75 2.4
      vertex 142.653 76.1647 2.4
    endloop
  endfacet
  facet normal 0 0 1
    outer loop
      vertex 142.5 75 2.4
      vertex 138.886 66.074 2.4
      vertex 139 65.5 2.4
    endloop
  endfacet
  facet normal 0 0 1
    outer loop
      vertex 142.5 75 2.4
      vertex 138.561 66.5607 2.4
      vertex 138.886 66.074 2.4
    endloop
  endfacet
  facet normal 0 0 1
    outer loop
      vertex 130.5 67 2.4
      vertex 142.653 76.1647 2.4
      vertex 143.103 77.25 2.4
    endloop
  endfacet
  facet normal 0 0 1
    outer loop
      vertex 142.5 75 2.4
      vertex 138.074 66.8858 2.4
      vertex 138.561 66.5607 2.4
    endloop
  endfacet
  facet normal 0 0 1
    outer loop
      vertex 142.5 75 2.4
      vertex 137.5 67 2.4
      vertex 138.074 66.8858 2.4
    endloop
  endfacet
  facet normal 0 0 1
    outer loop
      vertex 142.5 75 2.4
      vertex 136.926 66.8858 2.4
      vertex 137.5 67 2.4
    endloop
  endfacet
  facet normal 0 0 1
    outer loop
      vertex 142.5 75 2.4
      vertex 131.074 66.8858 2.4
      vertex 136.926 66.8858 2.4
    endloop
  endfacet
  facet normal 0 0 1
    outer loop
      vertex 136.926 66.8858 2.4
      vertex 131.074 66.8858 2.4
      vertex 136.439 66.5607 2.4
    endloop
  endfacet
  facet normal 0 0 1
    outer loop
      vertex 136.114 59.074 2.4
      vertex 132 58.5 2.4
      vertex 136 58.5 2.4
    endloop
  endfacet
  facet normal 0 0 1
    outer loop
      vertex 136.439 52.5607 2.4
      vertex 132 51.5 2.4
      vertex 136.114 52.074 2.4
    endloop
  endfacet
  facet normal 0 0 1
    outer loop
      vertex 136.439 45.5607 2.4
      vertex 132 44.5 2.4
      vertex 136.114 45.074 2.4
    endloop
  endfacet
  facet normal 0 0 1
    outer loop
      vertex 136.114 45.074 2.4
      vertex 132 44.5 2.4
      vertex 136 44.5 2.4
    endloop
  endfacet
  facet normal 0 0 1
    outer loop
      vertex 136.439 59.5607 2.4
      vertex 132 58.5 2.4
      vertex 136.114 59.074 2.4
    endloop
  endfacet
  facet normal 0 0 1
    outer loop
      vertex 136.114 66.074 2.4
      vertex 132 65.5 2.4
      vertex 136 65.5 2.4
    endloop
  endfacet
  facet normal 0 -0 1
    outer loop
      vertex 131.561 66.5607 2.4
      vertex 136.439 66.5607 2.4
      vertex 131.074 66.8858 2.4
    endloop
  endfacet
  facet normal 0 0 1
    outer loop
      vertex 123.5 67 2.4
      vertex 143.103 77.25 2.4
      vertex 143.818 78.182 2.4
    endloop
  endfacet
  facet normal 0 0 1
    outer loop
      vertex 136.114 66.074 2.4
      vertex 131.886 66.074 2.4
      vertex 132 65.5 2.4
    endloop
  endfacet
  facet normal 0 0 1
    outer loop
      vertex 136.114 66.074 2.4
      vertex 131.561 66.5607 2.4
      vertex 131.886 66.074 2.4
    endloop
  endfacet
  facet normal 0 0 1
    outer loop
      vertex 136.439 66.5607 2.4
      vertex 131.561 66.5607 2.4
      vertex 136.114 66.074 2.4
    endloop
  endfacet
  facet normal 0 0 1
    outer loop
      vertex 142.5 75 2.4
      vertex 130.5 67 2.4
      vertex 131.074 66.8858 2.4
    endloop
  endfacet
  facet normal 0 -0 1
    outer loop
      vertex 109.5 67 2.4
      vertex 144.75 78.8971 2.4
      vertex 63.6213 85.1213 2.4
    endloop
  endfacet
  facet normal 0 0 1
    outer loop
      vertex 143.103 77.25 2.4
      vertex 123.5 67 2.4
      vertex 130.5 67 2.4
    endloop
  endfacet
  facet normal 0 0 1
    outer loop
      vertex 130.5 67 2.4
      vertex 123.5 67 2.4
      vertex 129.926 66.8858 2.4
    endloop
  endfacet
  facet normal 0 0 1
    outer loop
      vertex 129.114 59.074 2.4
      vertex 125 58.5 2.4
      vertex 129 58.5 2.4
    endloop
  endfacet
  facet normal 0 0 1
    outer loop
      vertex 129.439 52.5607 2.4
      vertex 125 51.5 2.4
      vertex 129.114 52.074 2.4
    endloop
  endfacet
  facet normal 0 0 1
    outer loop
      vertex 129.439 45.5607 2.4
      vertex 125 44.5 2.4
      vertex 129.114 45.074 2.4
    endloop
  endfacet
  facet normal 0 0 1
    outer loop
      vertex 129.114 45.074 2.4
      vertex 125 44.5 2.4
      vertex 129 44.5 2.4
    endloop
  endfacet
  facet normal 0 0 1
    outer loop
      vertex 129.439 59.5607 2.4
      vertex 125 58.5 2.4
      vertex 129.114 59.074 2.4
    endloop
  endfacet
  facet normal 0 0 1
    outer loop
      vertex 129.114 66.074 2.4
      vertex 125 65.5 2.4
      vertex 129 65.5 2.4
    endloop
  endfacet
  facet normal 0 0 1
    outer loop
      vertex 124.886 66.074 2.4
      vertex 129.114 66.074 2.4
      vertex 129.439 66.5607 2.4
    endloop
  endfacet
  facet normal 0 -0 1
    outer loop
      vertex 124.074 66.8858 2.4
      vertex 129.926 66.8858 2.4
      vertex 123.5 67 2.4
    endloop
  endfacet
  facet normal 0 0 1
    outer loop
      vertex 63 85.5981 2.4
      vertex 159.398 91.8021 2.4
      vertex 159.75 92.0722 2.4
    endloop
  endfacet
  facet normal 0 0 1
    outer loop
      vertex 129.114 66.074 2.4
      vertex 124.886 66.074 2.4
      vertex 125 65.5 2.4
    endloop
  endfacet
  facet normal 0 0 1
    outer loop
      vertex 129.439 66.5607 2.4
      vertex 124.561 66.5607 2.4
      vertex 124.886 66.074 2.4
    endloop
  endfacet
  facet normal 0 0 1
    outer loop
      vertex 129.439 66.5607 2.4
      vertex 124.074 66.8858 2.4
      vertex 124.561 66.5607 2.4
    endloop
  endfacet
  facet normal 0 0 1
    outer loop
      vertex 129.926 66.8858 2.4
      vertex 124.074 66.8858 2.4
      vertex 129.439 66.5607 2.4
    endloop
  endfacet
  facet normal 0 0 1
    outer loop
      vertex 143.818 78.182 2.4
      vertex 116.5 67 2.4
      vertex 123.5 67 2.4
    endloop
  endfacet
  facet normal 0 0 1
    outer loop
      vertex 123.5 67 2.4
      vertex 116.5 67 2.4
      vertex 122.926 66.8858 2.4
    endloop
  endfacet
  facet normal 0 0 1
    outer loop
      vertex 122.114 59.074 2.4
      vertex 118 58.5 2.4
      vertex 122 58.5 2.4
    endloop
  endfacet
  facet normal 0 0 1
    outer loop
      vertex 122.439 52.5607 2.4
      vertex 118 51.5 2.4
      vertex 122.114 52.074 2.4
    endloop
  endfacet
  facet normal 0 0 1
    outer loop
      vertex 122.439 45.5607 2.4
      vertex 118 44.5 2.4
      vertex 122.114 45.074 2.4
    endloop
  endfacet
  facet normal 0 0 1
    outer loop
      vertex 122.114 45.074 2.4
      vertex 118 44.5 2.4
      vertex 122 44.5 2.4
    endloop
  endfacet
  facet normal 0 0 1
    outer loop
      vertex 122.439 59.5607 2.4
      vertex 118 58.5 2.4
      vertex 122.114 59.074 2.4
    endloop
  endfacet
  facet normal 0 0 1
    outer loop
      vertex 122.114 66.074 2.4
      vertex 118 65.5 2.4
      vertex 122 65.5 2.4
    endloop
  endfacet
  facet normal 0 0 1
    outer loop
      vertex 117.886 66.074 2.4
      vertex 122.114 66.074 2.4
      vertex 122.439 66.5607 2.4
    endloop
  endfacet
  facet normal 0 -0 1
    outer loop
      vertex 117.074 66.8858 2.4
      vertex 122.926 66.8858 2.4
      vertex 116.5 67 2.4
    endloop
  endfacet
  facet normal 0 0 1
    outer loop
      vertex 122.114 66.074 2.4
      vertex 117.886 66.074 2.4
      vertex 118 65.5 2.4
    endloop
  endfacet
  facet normal 0 0 1
    outer loop
      vertex 63 85.5981 2.4
      vertex 159.75 92.0722 2.4
      vertex 166 96 2.4
    endloop
  endfacet
  facet normal 0 0 1
    outer loop
      vertex 122.439 66.5607 2.4
      vertex 117.561 66.5607 2.4
      vertex 117.886 66.074 2.4
    endloop
  endfacet
  facet normal 0 0 1
    outer loop
      vertex 122.439 66.5607 2.4
      vertex 117.074 66.8858 2.4
      vertex 117.561 66.5607 2.4
    endloop
  endfacet
  facet normal 0 0 1
    outer loop
      vertex 122.926 66.8858 2.4
      vertex 117.074 66.8858 2.4
      vertex 122.439 66.5607 2.4
    endloop
  endfacet
  facet normal 0 0 1
    outer loop
      vertex 143.818 78.182 2.4
      vertex 109.5 67 2.4
      vertex 116.5 67 2.4
    endloop
  endfacet
  facet normal 0 0 1
    outer loop
      vertex 115.114 59.074 2.4
      vertex 111 58.5 2.4
      vertex 115 58.5 2.4
    endloop
  endfacet
  facet normal 0 0 1
    outer loop
      vertex 115.439 52.5607 2.4
      vertex 111 51.5 2.4
      vertex 115.114 52.074 2.4
    endloop
  endfacet
  facet normal 0 0 1
    outer loop
      vertex 115.439 45.5607 2.4
      vertex 111 44.5 2.4
      vertex 115.114 45.074 2.4
    endloop
  endfacet
  facet normal 0 0 1
    outer loop
      vertex 115.114 45.074 2.4
      vertex 111 44.5 2.4
      vertex 115 44.5 2.4
    endloop
  endfacet
  facet normal 0 0 1
    outer loop
      vertex 115.439 59.5607 2.4
      vertex 111 58.5 2.4
      vertex 115.114 59.074 2.4
    endloop
  endfacet
  facet normal 0 0 1
    outer loop
      vertex 115.114 66.074 2.4
      vertex 111 65.5 2.4
      vertex 115 65.5 2.4
    endloop
  endfacet
  facet normal 0 0 1
    outer loop
      vertex 110.886 66.074 2.4
      vertex 115.114 66.074 2.4
      vertex 115.439 66.5607 2.4
    endloop
  endfacet
  facet normal 0 0 1
    outer loop
      vertex 110.561 66.5607 2.4
      vertex 115.439 66.5607 2.4
      vertex 115.926 66.8858 2.4
    endloop
  endfacet
  facet normal 0 0 1
    outer loop
      vertex 116.5 67 2.4
      vertex 109.5 67 2.4
      vertex 115.926 66.8858 2.4
    endloop
  endfacet
  facet normal 0 0 1
    outer loop
      vertex 115.114 66.074 2.4
      vertex 110.886 66.074 2.4
      vertex 111 65.5 2.4
    endloop
  endfacet
  facet normal 0 0 1
    outer loop
      vertex 115.439 66.5607 2.4
      vertex 110.561 66.5607 2.4
      vertex 110.886 66.074 2.4
    endloop
  endfacet
  facet normal 0 0 1
    outer loop
      vertex 115.926 66.8858 2.4
      vertex 110.074 66.8858 2.4
      vertex 110.561 66.5607 2.4
    endloop
  endfacet
  facet normal 0 0 1
    outer loop
      vertex 115.926 66.8858 2.4
      vertex 109.5 67 2.4
      vertex 110.074 66.8858 2.4
    endloop
  endfacet
  facet normal 0 0 1
    outer loop
      vertex 144.75 78.8971 2.4
      vertex 109.5 67 2.4
      vertex 143.818 78.182 2.4
    endloop
  endfacet
  facet normal 0 0 1
    outer loop
      vertex 108.114 59.074 2.4
      vertex 104 58.5 2.4
      vertex 108 58.5 2.4
    endloop
  endfacet
  facet normal 0 0 1
    outer loop
      vertex 108.439 52.5607 2.4
      vertex 104 51.5 2.4
      vertex 108.114 52.074 2.4
    endloop
  endfacet
  facet normal 0 0 1
    outer loop
      vertex 108.439 45.5607 2.4
      vertex 104 44.5 2.4
      vertex 108.114 45.074 2.4
    endloop
  endfacet
  facet normal 0 0 1
    outer loop
      vertex 108.114 45.074 2.4
      vertex 104 44.5 2.4
      vertex 108 44.5 2.4
    endloop
  endfacet
  facet normal 0 0 1
    outer loop
      vertex 108.439 59.5607 2.4
      vertex 104 58.5 2.4
      vertex 108.114 59.074 2.4
    endloop
  endfacet
  facet normal 0 0 1
    outer loop
      vertex 108.114 66.074 2.4
      vertex 104 65.5 2.4
      vertex 108 65.5 2.4
    endloop
  endfacet
  facet normal 0 0 1
    outer loop
      vertex 103.886 66.074 2.4
      vertex 108.114 66.074 2.4
      vertex 108.439 66.5607 2.4
    endloop
  endfacet
  facet normal 0 0 1
    outer loop
      vertex 103.561 66.5607 2.4
      vertex 108.439 66.5607 2.4
      vertex 108.926 66.8858 2.4
    endloop
  endfacet
  facet normal 0 -0 1
    outer loop
      vertex 102.5 67 2.4
      vertex 109.5 67 2.4
      vertex 63.6213 85.1213 2.4
    endloop
  endfacet
  facet normal 0 0 1
    outer loop
      vertex 108.114 66.074 2.4
      vertex 103.886 66.074 2.4
      vertex 104 65.5 2.4
    endloop
  endfacet
  facet normal 0 0 1
    outer loop
      vertex 108.439 66.5607 2.4
      vertex 103.561 66.5607 2.4
      vertex 103.886 66.074 2.4
    endloop
  endfacet
  facet normal 0 0 1
    outer loop
      vertex 108.926 66.8858 2.4
      vertex 103.074 66.8858 2.4
      vertex 103.561 66.5607 2.4
    endloop
  endfacet
  facet normal 0 0 1
    outer loop
      vertex 108.926 66.8858 2.4
      vertex 102.5 67 2.4
      vertex 103.074 66.8858 2.4
    endloop
  endfacet
  facet normal 0 0 1
    outer loop
      vertex 109.5 67 2.4
      vertex 102.5 67 2.4
      vertex 108.926 66.8858 2.4
    endloop
  endfacet
  facet normal 0 0 1
    outer loop
      vertex 101.114 59.074 2.4
      vertex 75.1651 54.25 2.4
      vertex 101 58.5 2.4
    endloop
  endfacet
  facet normal -0 -0 1
    outer loop
      vertex 75.5 53 2.4
      vertex 101.114 52.074 2.4
      vertex 75.4148 53.647 2.4
    endloop
  endfacet
  facet normal -0 0 1
    outer loop
      vertex 75.4148 52.353 2.4
      vertex 101 51.5 2.4
      vertex 75.5 53 2.4
    endloop
  endfacet
  facet normal 0 0 1
    outer loop
      vertex 101.114 45.074 2.4
      vertex 75.4148 52.353 2.4
      vertex 101 44.5 2.4
    endloop
  endfacet
  facet normal -0 0 1
    outer loop
      vertex 74.7678 51.2322 2.4
      vertex 101 44.5 2.4
      vertex 75.1651 51.75 2.4
    endloop
  endfacet
  facet normal 0 0 1
    outer loop
      vertex 74.25 55.1651 2.4
      vertex 101 65.5 2.4
      vertex 101.114 66.074 2.4
    endloop
  endfacet
  facet normal 0 0 1
    outer loop
      vertex 101.114 38.074 2.4
      vertex 74.7678 51.2322 2.4
      vertex 101 37.5 2.4
    endloop
  endfacet
  facet normal -0 0 1
    outer loop
      vertex 75.1651 51.75 2.4
      vertex 101 44.5 2.4
      vertex 75.4148 52.353 2.4
    endloop
  endfacet
  facet normal -0 0 1
    outer loop
      vertex 64.3978 82.2235 2.4
      vertex 101.439 66.5607 2.4
      vertex 64.5 83 2.4
    endloop
  endfacet
  facet normal 0 0 1
    outer loop
      vertex 64.5 83 2.4
      vertex 101.439 66.5607 2.4
      vertex 101.926 66.8858 2.4
    endloop
  endfacet
  facet normal 0 0 1
    outer loop
      vertex 101.114 52.074 2.4
      vertex 75.5 53 2.4
      vertex 101 51.5 2.4
    endloop
  endfacet
  facet normal 0 0 1
    outer loop
      vertex 101 58.5 2.4
      vertex 75.1651 54.25 2.4
      vertex 75.4148 53.647 2.4
    endloop
  endfacet
  facet normal 0 0 1
    outer loop
      vertex 101 65.5 2.4
      vertex 74.7678 54.7678 2.4
      vertex 75.1651 54.25 2.4
    endloop
  endfacet
  facet normal -0 -0 1
    outer loop
      vertex 64.0981 84.5 2.4
      vertex 102.5 67 2.4
      vertex 63.6213 85.1213 2.4
    endloop
  endfacet
  facet normal 0 0 1
    outer loop
      vertex 101.439 66.5607 2.4
      vertex 64.3978 82.2235 2.4
      vertex 101.114 66.074 2.4
    endloop
  endfacet
  facet normal 0 0 1
    outer loop
      vertex 101 65.5 2.4
      vertex 74.25 55.1651 2.4
      vertex 74.7678 54.7678 2.4
    endloop
  endfacet
  facet normal -0 0 1
    outer loop
      vertex 64.0981 81.5 2.4
      vertex 101.114 66.074 2.4
      vertex 64.3978 82.2235 2.4
    endloop
  endfacet
  facet normal 0 0 1
    outer loop
      vertex 101.114 66.074 2.4
      vertex 64.0981 81.5 2.4
      vertex 74.25 55.1651 2.4
    endloop
  endfacet
  facet normal 0 0 1
    outer loop
      vertex 74.25 55.1651 2.4
      vertex 64.0981 81.5 2.4
      vertex 73.647 55.4148 2.4
    endloop
  endfacet
  facet normal 0 0 1
    outer loop
      vertex 72.353 55.4148 2.4
      vertex 60 77 2.4
      vertex 71.75 55.1651 2.4
    endloop
  endfacet
  facet normal 0 0 1
    outer loop
      vertex 73 55.5 2.4
      vertex 60 77 2.4
      vertex 72.353 55.4148 2.4
    endloop
  endfacet
  facet normal -0 0 1
    outer loop
      vertex 60 77 2.4
      vertex 73 55.5 2.4
      vertex 63.6213 80.8787 2.4
    endloop
  endfacet
  facet normal 0 0 1
    outer loop
      vertex 73.647 55.4148 2.4
      vertex 63.6213 80.8787 2.4
      vertex 73 55.5 2.4
    endloop
  endfacet
  facet normal -0 0 1
    outer loop
      vertex 63.6213 80.8787 2.4
      vertex 73.647 55.4148 2.4
      vertex 64.0981 81.5 2.4
    endloop
  endfacet
  facet normal 0 0 1
    outer loop
      vertex 101.926 66.8858 2.4
      vertex 64.3978 83.7765 2.4
      vertex 64.5 83 2.4
    endloop
  endfacet
  facet normal 0 0 1
    outer loop
      vertex 101.926 66.8858 2.4
      vertex 64.0981 84.5 2.4
      vertex 64.3978 83.7765 2.4
    endloop
  endfacet
  facet normal 0 0 1
    outer loop
      vertex 102.5 67 2.4
      vertex 64.0981 84.5 2.4
      vertex 101.926 66.8858 2.4
    endloop
  endfacet
  facet normal 0 0 1
    outer loop
      vertex 159.398 91.8021 2.4
      vertex 63 85.5981 2.4
      vertex 63.6213 85.1213 2.4
    endloop
  endfacet
  facet normal 0 0 1
    outer loop
      vertex 166 96 2.4
      vertex 62.2765 85.8978 2.4
      vertex 63 85.5981 2.4
    endloop
  endfacet
  facet normal 0 0 1
    outer loop
      vertex 166 96 2.4
      vertex 61.5 86 2.4
      vertex 62.2765 85.8978 2.4
    endloop
  endfacet
  facet normal 0 0 1
    outer loop
      vertex 58.6022 83.7765 2.4
      vertex 17.5 83 2.4
      vertex 58.5 83 2.4
    endloop
  endfacet
  facet normal 0 0 1
    outer loop
      vertex 17.3978 83.7765 2.4
      vertex 58.6022 83.7765 2.4
      vertex 58.9019 84.5 2.4
    endloop
  endfacet
  facet normal 0 0 1
    outer loop
      vertex 17.0981 84.5 2.4
      vertex 58.9019 84.5 2.4
      vertex 59.3787 85.1213 2.4
    endloop
  endfacet
  facet normal 0 0 1
    outer loop
      vertex 16.6213 85.1213 2.4
      vertex 59.3787 85.1213 2.4
      vertex 60 85.5981 2.4
    endloop
  endfacet
  facet normal 0 0 1
    outer loop
      vertex 6.25 92.0722 2.4
      vertex 60 85.5981 2.4
      vertex 60.7235 85.8978 2.4
    endloop
  endfacet
  facet normal 0 0 1
    outer loop
      vertex 0 96 2.4
      vertex 60.7235 85.8978 2.4
      vertex 61.5 86 2.4
    endloop
  endfacet
  facet normal -0 0 1
    outer loop
      vertex 0 96 2.4
      vertex 61.5 86 2.4
      vertex 166 96 2.4
    endloop
  endfacet
  facet normal 0 0 1
    outer loop
      vertex 58.6022 83.7765 2.4
      vertex 17.3978 83.7765 2.4
      vertex 17.5 83 2.4
    endloop
  endfacet
  facet normal 0 0 1
    outer loop
      vertex 58.9019 84.5 2.4
      vertex 17.0981 84.5 2.4
      vertex 17.3978 83.7765 2.4
    endloop
  endfacet
  facet normal 0 0 1
    outer loop
      vertex 59.3787 85.1213 2.4
      vertex 16.6213 85.1213 2.4
      vertex 17.0981 84.5 2.4
    endloop
  endfacet
  facet normal 0 0 1
    outer loop
      vertex 60 85.5981 2.4
      vertex 16 85.5981 2.4
      vertex 16.6213 85.1213 2.4
    endloop
  endfacet
  facet normal 0 0 1
    outer loop
      vertex 60 85.5981 2.4
      vertex 6.25 92.0722 2.4
      vertex 6.60208 91.8021 2.4
    endloop
  endfacet
  facet normal 0 0 1
    outer loop
      vertex 60 85.5981 2.4
      vertex 6.60208 91.8021 2.4
      vertex 16 85.5981 2.4
    endloop
  endfacet
  facet normal 0 0 1
    outer loop
      vertex 11.9019 14.5 2.4
      vertex 7.1 5.4 2.4
      vertex 11.6022 13.7765 2.4
    endloop
  endfacet
  facet normal -0 0 1
    outer loop
      vertex 6.60208 89.3979 2.4
      vertex 12.3787 85.1213 2.4
      vertex 6.87224 89.75 2.4
    endloop
  endfacet
  facet normal 0 0 1
    outer loop
      vertex 13 85.5981 2.4
      vertex 6.87224 89.75 2.4
      vertex 12.3787 85.1213 2.4
    endloop
  endfacet
  facet normal -0 0 1
    outer loop
      vertex 6.87224 89.75 2.4
      vertex 13 85.5981 2.4
      vertex 7.04207 90.16 2.4
    endloop
  endfacet
  facet normal -0 0 1
    outer loop
      vertex 7.04207 90.16 2.4
      vertex 13 85.5981 2.4
      vertex 7.1 90.6 2.4
    endloop
  endfacet
  facet normal 0 0 1
    outer loop
      vertex 13.7235 85.8978 2.4
      vertex 7.1 90.6 2.4
      vertex 13 85.5981 2.4
    endloop
  endfacet
  facet normal 0 0 1
    outer loop
      vertex 7.04207 91.04 2.4
      vertex 13.7235 85.8978 2.4
      vertex 14.5 86 2.4
    endloop
  endfacet
  facet normal -0 -0 1
    outer loop
      vertex 6.87224 91.45 2.4
      vertex 15.2765 85.8978 2.4
      vertex 6.60208 91.8021 2.4
    endloop
  endfacet
  facet normal 0 0 1
    outer loop
      vertex 13.7235 85.8978 2.4
      vertex 7.04207 91.04 2.4
      vertex 7.1 90.6 2.4
    endloop
  endfacet
  facet normal 0 0 1
    outer loop
      vertex 14.5 86 2.4
      vertex 6.87224 91.45 2.4
      vertex 7.04207 91.04 2.4
    endloop
  endfacet
  facet normal 0 0 1
    outer loop
      vertex 15.2765 85.8978 2.4
      vertex 6.87224 91.45 2.4
      vertex 14.5 86 2.4
    endloop
  endfacet
  facet normal 0 0 1
    outer loop
      vertex 16 85.5981 2.4
      vertex 6.60208 91.8021 2.4
      vertex 15.2765 85.8978 2.4
    endloop
  endfacet
  facet normal 0 0 1
    outer loop
      vertex 60.7235 85.8978 2.4
      vertex 0 96 2.4
      vertex 6.25 92.0722 2.4
    endloop
  endfacet
  facet normal 0 0 1
    outer loop
      vertex 6.25 92.0722 2.4
      vertex 0 96 2.4
      vertex 5.83999 92.2421 2.4
    endloop
  endfacet
  facet normal 0 0 1
    outer loop
      vertex 3.92776 6.25 2.4
      vertex 0 0 2.4
      vertex 3.75793 5.83999 2.4
    endloop
  endfacet
  facet normal 0 0 1
    outer loop
      vertex 3.75793 91.04 2.4
      vertex 0 96 2.4
      vertex 3.7 90.6 2.4
    endloop
  endfacet
  facet normal 0 0 1
    outer loop
      vertex 3.92776 91.45 2.4
      vertex 0 96 2.4
      vertex 3.75793 91.04 2.4
    endloop
  endfacet
  facet normal 0 0 1
    outer loop
      vertex 4.19792 91.8021 2.4
      vertex 0 96 2.4
      vertex 3.92776 91.45 2.4
    endloop
  endfacet
  facet normal 0 0 1
    outer loop
      vertex 4.55 92.0722 2.4
      vertex 0 96 2.4
      vertex 4.19792 91.8021 2.4
    endloop
  endfacet
  facet normal 0 0 1
    outer loop
      vertex 4.96001 92.2421 2.4
      vertex 0 96 2.4
      vertex 4.55 92.0722 2.4
    endloop
  endfacet
  facet normal 0 0 1
    outer loop
      vertex 5.4 92.3 2.4
      vertex 0 96 2.4
      vertex 4.96001 92.2421 2.4
    endloop
  endfacet
  facet normal 0 0 1
    outer loop
      vertex 5.83999 92.2421 2.4
      vertex 0 96 2.4
      vertex 5.4 92.3 2.4
    endloop
  endfacet
  facet normal 0 0 1
    outer loop
      vertex 162.072 89.75 2.4
      vertex 166 96 2.4
      vertex 162.242 90.16 2.4
    endloop
  endfacet
  facet normal 0 0 1
    outer loop
      vertex 166 96 2.4
      vertex 162.072 89.75 2.4
      vertex 158.5 75 2.4
    endloop
  endfacet
  facet normal 0 0 1
    outer loop
      vertex 158.347 76.1647 2.4
      vertex 162.072 89.75 2.4
      vertex 161.802 89.3979 2.4
    endloop
  endfacet
  facet normal 0 0 1
    outer loop
      vertex 158.347 76.1647 2.4
      vertex 161.802 89.3979 2.4
      vertex 161.45 89.1278 2.4
    endloop
  endfacet
  facet normal 0 0 1
    outer loop
      vertex 158.347 76.1647 2.4
      vertex 161.45 89.1278 2.4
      vertex 161.04 88.9579 2.4
    endloop
  endfacet
  facet normal 0 0 1
    outer loop
      vertex 158.347 76.1647 2.4
      vertex 161.04 88.9579 2.4
      vertex 160.6 88.9 2.4
    endloop
  endfacet
  facet normal 0 0 1
    outer loop
      vertex 158.347 76.1647 2.4
      vertex 160.6 88.9 2.4
      vertex 160.16 88.9579 2.4
    endloop
  endfacet
  facet normal 0 0 1
    outer loop
      vertex 158.347 76.1647 2.4
      vertex 160.16 88.9579 2.4
      vertex 159.75 89.1278 2.4
    endloop
  endfacet
  facet normal 0 0 1
    outer loop
      vertex 158.347 76.1647 2.4
      vertex 159.75 89.1278 2.4
      vertex 159.398 89.3979 2.4
    endloop
  endfacet
  facet normal 0 0 1
    outer loop
      vertex 158.347 76.1647 2.4
      vertex 159.398 89.3979 2.4
      vertex 159.128 89.75 2.4
    endloop
  endfacet
  facet normal 0 0 1
    outer loop
      vertex 158.347 76.1647 2.4
      vertex 159.128 89.75 2.4
      vertex 158.958 90.16 2.4
    endloop
  endfacet
  facet normal 0 0 1
    outer loop
      vertex 148.165 79.3467 2.4
      vertex 158.958 90.16 2.4
      vertex 158.9 90.6 2.4
    endloop
  endfacet
  facet normal 0 0 1
    outer loop
      vertex 158.347 73.8353 2.4
      vertex 166 96 2.4
      vertex 158.5 75 2.4
    endloop
  endfacet
  facet normal 0 0 1
    outer loop
      vertex 166 96 2.4
      vertex 158.347 73.8353 2.4
      vertex 166 28 2.4
    endloop
  endfacet
  facet normal -0 0 1
    outer loop
      vertex 157.897 72.75 2.4
      vertex 166 28 2.4
      vertex 158.347 73.8353 2.4
    endloop
  endfacet
  facet normal -0 0 1
    outer loop
      vertex 157.182 71.818 2.4
      vertex 166 28 2.4
      vertex 157.897 72.75 2.4
    endloop
  endfacet
  facet normal -0 0 1
    outer loop
      vertex 156.25 71.1029 2.4
      vertex 166 28 2.4
      vertex 157.182 71.818 2.4
    endloop
  endfacet
  facet normal -0 0 1
    outer loop
      vertex 155.165 70.6533 2.4
      vertex 166 28 2.4
      vertex 156.25 71.1029 2.4
    endloop
  endfacet
  facet normal 0 0 1
    outer loop
      vertex 139 51.5 2.4
      vertex 155.165 70.6533 2.4
      vertex 154 70.5 2.4
    endloop
  endfacet
  facet normal 0 0 1
    outer loop
      vertex 139 58.5 2.4
      vertex 154 70.5 2.4
      vertex 152.835 70.6533 2.4
    endloop
  endfacet
  facet normal 0 0 1
    outer loop
      vertex 148.165 70.6533 2.4
      vertex 152.835 70.6533 2.4
      vertex 151.75 71.1029 2.4
    endloop
  endfacet
  facet normal 0 0 1
    outer loop
      vertex 149.25 71.1029 2.4
      vertex 151.75 71.1029 2.4
      vertex 150.818 71.818 2.4
    endloop
  endfacet
  facet normal 0 0 1
    outer loop
      vertex 150.182 71.818 2.4
      vertex 150.818 71.818 2.4
      vertex 150.5 72.2325 2.4
    endloop
  endfacet
  facet normal 0 0 1
    outer loop
      vertex 149.25 71.1029 2.4
      vertex 150.818 71.818 2.4
      vertex 150.182 71.818 2.4
    endloop
  endfacet
  facet normal 0 0 1
    outer loop
      vertex 148.165 70.6533 2.4
      vertex 151.75 71.1029 2.4
      vertex 149.25 71.1029 2.4
    endloop
  endfacet
  facet normal 0 0 1
    outer loop
      vertex 152.835 70.6533 2.4
      vertex 148.165 70.6533 2.4
      vertex 139 58.5 2.4
    endloop
  endfacet
  facet normal 0 0 1
    outer loop
      vertex 155.165 70.6533 2.4
      vertex 139 51.5 2.4
      vertex 166 28 2.4
    endloop
  endfacet
  facet normal 0 0 1
    outer loop
      vertex 139 58.5 2.4
      vertex 148.165 70.6533 2.4
      vertex 147 70.5 2.4
    endloop
  endfacet
  facet normal -0 0 1
    outer loop
      vertex 139 44.5 2.4
      vertex 166 28 2.4
      vertex 139 51.5 2.4
    endloop
  endfacet
  facet normal 0 0 1
    outer loop
      vertex 139 65.5 2.4
      vertex 147 70.5 2.4
      vertex 145.835 70.6533 2.4
    endloop
  endfacet
  facet normal 0 0 1
    outer loop
      vertex 139 65.5 2.4
      vertex 145.835 70.6533 2.4
      vertex 144.75 71.1029 2.4
    endloop
  endfacet
  facet normal 0 0 1
    outer loop
      vertex 139 65.5 2.4
      vertex 144.75 71.1029 2.4
      vertex 143.818 71.818 2.4
    endloop
  endfacet
  facet normal 0 0 1
    outer loop
      vertex 139 65.5 2.4
      vertex 143.818 71.818 2.4
      vertex 143.103 72.75 2.4
    endloop
  endfacet
  facet normal 0 0 1
    outer loop
      vertex 139 65.5 2.4
      vertex 143.103 72.75 2.4
      vertex 142.653 73.8353 2.4
    endloop
  endfacet
  facet normal 0 0 1
    outer loop
      vertex 139 65.5 2.4
      vertex 142.653 73.8353 2.4
      vertex 142.5 75 2.4
    endloop
  endfacet
  facet normal 0 0 1
    outer loop
      vertex 138.886 64.926 2.4
      vertex 147 70.5 2.4
      vertex 139 65.5 2.4
    endloop
  endfacet
  facet normal 0 0 1
    outer loop
      vertex 138.886 57.926 2.4
      vertex 154 70.5 2.4
      vertex 139 58.5 2.4
    endloop
  endfacet
  facet normal 0 0 1
    outer loop
      vertex 166 28 2.4
      vertex 139 44.5 2.4
      vertex 148 28 2.4
    endloop
  endfacet
  facet normal -0 0 1
    outer loop
      vertex 138.886 43.926 2.4
      vertex 148 28 2.4
      vertex 139 44.5 2.4
    endloop
  endfacet
  facet normal -0 0 1
    outer loop
      vertex 138.886 36.926 2.4
      vertex 148 28 2.4
      vertex 139 37.5 2.4
    endloop
  endfacet
  facet normal -0 0 1
    outer loop
      vertex 138.886 29.926 2.4
      vertex 148 28 2.4
      vertex 139 30.5 2.4
    endloop
  endfacet
  facet normal -0 0 1
    outer loop
      vertex 138.561 29.4393 2.4
      vertex 148 28 2.4
      vertex 138.886 29.926 2.4
    endloop
  endfacet
  facet normal -0 0 1
    outer loop
      vertex 138.074 29.1142 2.4
      vertex 148 28 2.4
      vertex 138.561 29.4393 2.4
    endloop
  endfacet
  facet normal 0 0 1
    outer loop
      vertex 148 28 2.4
      vertex 138.074 29.1142 2.4
      vertex 148 18 2.4
    endloop
  endfacet
  facet normal -0 0 1
    outer loop
      vertex 137.5 29 2.4
      vertex 148 18 2.4
      vertex 138.074 29.1142 2.4
    endloop
  endfacet
  facet normal 0 0 1
    outer loop
      vertex 136.926 29.1142 2.4
      vertex 148 18 2.4
      vertex 137.5 29 2.4
    endloop
  endfacet
  facet normal 0 0 1
    outer loop
      vertex 131.074 29.1142 2.4
      vertex 136.926 29.1142 2.4
      vertex 136.439 29.4393 2.4
    endloop
  endfacet
  facet normal 0 0 1
    outer loop
      vertex 136.114 52.074 2.4
      vertex 132 51.5 2.4
      vertex 136 51.5 2.4
    endloop
  endfacet
  facet normal 0 0 1
    outer loop
      vertex 136.439 38.5607 2.4
      vertex 132 37.5 2.4
      vertex 136.114 38.074 2.4
    endloop
  endfacet
  facet normal 0 0 1
    outer loop
      vertex 136.114 38.074 2.4
      vertex 132 37.5 2.4
      vertex 136 37.5 2.4
    endloop
  endfacet
  facet normal 0 0 1
    outer loop
      vertex 136.439 31.5607 2.4
      vertex 132 30.5 2.4
      vertex 136.114 31.074 2.4
    endloop
  endfacet
  facet normal 0 0 1
    outer loop
      vertex 136.114 31.074 2.4
      vertex 132 30.5 2.4
      vertex 136 30.5 2.4
    endloop
  endfacet
  facet normal 0 0 1
    outer loop
      vertex 136 30.5 2.4
      vertex 132 30.5 2.4
      vertex 136.114 29.926 2.4
    endloop
  endfacet
  facet normal 0 0 1
    outer loop
      vertex 131.886 29.926 2.4
      vertex 136.114 29.926 2.4
      vertex 132 30.5 2.4
    endloop
  endfacet
  facet normal 0 0 1
    outer loop
      vertex 136.114 29.926 2.4
      vertex 131.886 29.926 2.4
      vertex 136.439 29.4393 2.4
    endloop
  endfacet
  facet normal 0 0 1
    outer loop
      vertex 131.561 29.4393 2.4
      vertex 136.439 29.4393 2.4
      vertex 131.886 29.926 2.4
    endloop
  endfacet
  facet normal 0 0 1
    outer loop
      vertex 131.074 29.1142 2.4
      vertex 136.439 29.4393 2.4
      vertex 131.561 29.4393 2.4
    endloop
  endfacet
  facet normal 0 0 1
    outer loop
      vertex 136.926 29.1142 2.4
      vertex 131.074 29.1142 2.4
      vertex 148 18 2.4
    endloop
  endfacet
  facet normal -0 0 1
    outer loop
      vertex 130.5 29 2.4
      vertex 148 18 2.4
      vertex 131.074 29.1142 2.4
    endloop
  endfacet
  facet normal 0 0 1
    outer loop
      vertex 123.5 29 2.4
      vertex 130.5 29 2.4
      vertex 129.926 29.1142 2.4
    endloop
  endfacet
  facet normal 0 0 1
    outer loop
      vertex 129.114 52.074 2.4
      vertex 125 51.5 2.4
      vertex 129 51.5 2.4
    endloop
  endfacet
  facet normal 0 0 1
    outer loop
      vertex 129.439 38.5607 2.4
      vertex 125 37.5 2.4
      vertex 129.114 38.074 2.4
    endloop
  endfacet
  facet normal 0 0 1
    outer loop
      vertex 129.114 38.074 2.4
      vertex 125 37.5 2.4
      vertex 129 37.5 2.4
    endloop
  endfacet
  facet normal 0 0 1
    outer loop
      vertex 129.439 31.5607 2.4
      vertex 125 30.5 2.4
      vertex 129.114 31.074 2.4
    endloop
  endfacet
  facet normal 0 0 1
    outer loop
      vertex 129.114 31.074 2.4
      vertex 125 30.5 2.4
      vertex 129 30.5 2.4
    endloop
  endfacet
  facet normal 0 0 1
    outer loop
      vertex 129 30.5 2.4
      vertex 125 30.5 2.4
      vertex 129.114 29.926 2.4
    endloop
  endfacet
  facet normal 0 0 1
    outer loop
      vertex 124.886 29.926 2.4
      vertex 129.114 29.926 2.4
      vertex 125 30.5 2.4
    endloop
  endfacet
  facet normal 0 0 1
    outer loop
      vertex 129.114 29.926 2.4
      vertex 124.886 29.926 2.4
      vertex 129.439 29.4393 2.4
    endloop
  endfacet
  facet normal 0 0 1
    outer loop
      vertex 124.561 29.4393 2.4
      vertex 129.439 29.4393 2.4
      vertex 124.886 29.926 2.4
    endloop
  endfacet
  facet normal 0 0 1
    outer loop
      vertex 129.439 29.4393 2.4
      vertex 124.561 29.4393 2.4
      vertex 129.926 29.1142 2.4
    endloop
  endfacet
  facet normal 0 0 1
    outer loop
      vertex 124.074 29.1142 2.4
      vertex 129.926 29.1142 2.4
      vertex 124.561 29.4393 2.4
    endloop
  endfacet
  facet normal 0 0 1
    outer loop
      vertex 123.5 29 2.4
      vertex 129.926 29.1142 2.4
      vertex 124.074 29.1142 2.4
    endloop
  endfacet
  facet normal 0 0 1
    outer loop
      vertex 130.5 29 2.4
      vertex 123.5 29 2.4
      vertex 148 18 2.4
    endloop
  endfacet
  facet normal 0 0 1
    outer loop
      vertex 116.5 29 2.4
      vertex 123.5 29 2.4
      vertex 122.926 29.1142 2.4
    endloop
  endfacet
  facet normal 0 0 1
    outer loop
      vertex 122.114 52.074 2.4
      vertex 118 51.5 2.4
      vertex 122 51.5 2.4
    endloop
  endfacet
  facet normal 0 0 1
    outer loop
      vertex 122.439 38.5607 2.4
      vertex 118 37.5 2.4
      vertex 122.114 38.074 2.4
    endloop
  endfacet
  facet normal 0 0 1
    outer loop
      vertex 122.114 38.074 2.4
      vertex 118 37.5 2.4
      vertex 122 37.5 2.4
    endloop
  endfacet
  facet normal 0 0 1
    outer loop
      vertex 122.439 31.5607 2.4
      vertex 118 30.5 2.4
      vertex 122.114 31.074 2.4
    endloop
  endfacet
  facet normal 0 0 1
    outer loop
      vertex 122.114 31.074 2.4
      vertex 118 30.5 2.4
      vertex 122 30.5 2.4
    endloop
  endfacet
  facet normal 0 0 1
    outer loop
      vertex 122 30.5 2.4
      vertex 118 30.5 2.4
      vertex 122.114 29.926 2.4
    endloop
  endfacet
  facet normal 0 0 1
    outer loop
      vertex 117.886 29.926 2.4
      vertex 122.114 29.926 2.4
      vertex 118 30.5 2.4
    endloop
  endfacet
  facet normal 0 0 1
    outer loop
      vertex 122.114 29.926 2.4
      vertex 117.886 29.926 2.4
      vertex 122.439 29.4393 2.4
    endloop
  endfacet
  facet normal 0 0 1
    outer loop
      vertex 117.561 29.4393 2.4
      vertex 122.439 29.4393 2.4
      vertex 117.886 29.926 2.4
    endloop
  endfacet
  facet normal 0 0 1
    outer loop
      vertex 122.439 29.4393 2.4
      vertex 117.561 29.4393 2.4
      vertex 122.926 29.1142 2.4
    endloop
  endfacet
  facet normal 0 0 1
    outer loop
      vertex 117.074 29.1142 2.4
      vertex 122.926 29.1142 2.4
      vertex 117.561 29.4393 2.4
    endloop
  endfacet
  facet normal 0 0 1
    outer loop
      vertex 116.5 29 2.4
      vertex 122.926 29.1142 2.4
      vertex 117.074 29.1142 2.4
    endloop
  endfacet
  facet normal 0 0 1
    outer loop
      vertex 123.5 29 2.4
      vertex 116.5 29 2.4
      vertex 148 18 2.4
    endloop
  endfacet
  facet normal 0 0 1
    outer loop
      vertex 109.5 29 2.4
      vertex 116.5 29 2.4
      vertex 115.926 29.1142 2.4
    endloop
  endfacet
  facet normal 0 0 1
    outer loop
      vertex 115.114 52.074 2.4
      vertex 111 51.5 2.4
      vertex 115 51.5 2.4
    endloop
  endfacet
  facet normal 0 0 1
    outer loop
      vertex 115.439 38.5607 2.4
      vertex 111 37.5 2.4
      vertex 115.114 38.074 2.4
    endloop
  endfacet
  facet normal 0 0 1
    outer loop
      vertex 115.114 38.074 2.4
      vertex 111 37.5 2.4
      vertex 115 37.5 2.4
    endloop
  endfacet
  facet normal 0 0 1
    outer loop
      vertex 115.439 31.5607 2.4
      vertex 111 30.5 2.4
      vertex 115.114 31.074 2.4
    endloop
  endfacet
  facet normal 0 0 1
    outer loop
      vertex 115.114 31.074 2.4
      vertex 111 30.5 2.4
      vertex 115 30.5 2.4
    endloop
  endfacet
  facet normal 0 0 1
    outer loop
      vertex 115 30.5 2.4
      vertex 111 30.5 2.4
      vertex 115.114 29.926 2.4
    endloop
  endfacet
  facet normal 0 0 1
    outer loop
      vertex 110.886 29.926 2.4
      vertex 115.114 29.926 2.4
      vertex 111 30.5 2.4
    endloop
  endfacet
  facet normal 0 0 1
    outer loop
      vertex 115.114 29.926 2.4
      vertex 110.886 29.926 2.4
      vertex 115.439 29.4393 2.4
    endloop
  endfacet
  facet normal 0 0 1
    outer loop
      vertex 110.561 29.4393 2.4
      vertex 115.439 29.4393 2.4
      vertex 110.886 29.926 2.4
    endloop
  endfacet
  facet normal 0 0 1
    outer loop
      vertex 115.439 29.4393 2.4
      vertex 110.561 29.4393 2.4
      vertex 115.926 29.1142 2.4
    endloop
  endfacet
  facet normal 0 0 1
    outer loop
      vertex 110.074 29.1142 2.4
      vertex 115.926 29.1142 2.4
      vertex 110.561 29.4393 2.4
    endloop
  endfacet
  facet normal 0 0 1
    outer loop
      vertex 109.5 29 2.4
      vertex 115.926 29.1142 2.4
      vertex 110.074 29.1142 2.4
    endloop
  endfacet
  facet normal 0 0 1
    outer loop
      vertex 116.5 29 2.4
      vertex 109.5 29 2.4
      vertex 90 18 2.4
    endloop
  endfacet
  facet normal 0 0 1
    outer loop
      vertex 90 18 2.4
      vertex 109.5 29 2.4
      vertex 108.926 29.1142 2.4
    endloop
  endfacet
  facet normal 0 0 1
    outer loop
      vertex 108.114 52.074 2.4
      vertex 104 51.5 2.4
      vertex 108 51.5 2.4
    endloop
  endfacet
  facet normal 0 0 1
    outer loop
      vertex 108.439 38.5607 2.4
      vertex 104 37.5 2.4
      vertex 108.114 38.074 2.4
    endloop
  endfacet
  facet normal 0 0 1
    outer loop
      vertex 108.114 38.074 2.4
      vertex 104 37.5 2.4
      vertex 108 37.5 2.4
    endloop
  endfacet
  facet normal 0 0 1
    outer loop
      vertex 108.439 31.5607 2.4
      vertex 104 30.5 2.4
      vertex 108.114 31.074 2.4
    endloop
  endfacet
  facet normal 0 0 1
    outer loop
      vertex 108.114 31.074 2.4
      vertex 104 30.5 2.4
      vertex 108 30.5 2.4
    endloop
  endfacet
  facet normal 0 0 1
    outer loop
      vertex 108 30.5 2.4
      vertex 104 30.5 2.4
      vertex 108.114 29.926 2.4
    endloop
  endfacet
  facet normal 0 0 1
    outer loop
      vertex 103.886 29.926 2.4
      vertex 108.114 29.926 2.4
      vertex 104 30.5 2.4
    endloop
  endfacet
  facet normal 0 0 1
    outer loop
      vertex 108.114 29.926 2.4
      vertex 103.886 29.926 2.4
      vertex 108.439 29.4393 2.4
    endloop
  endfacet
  facet normal 0 0 1
    outer loop
      vertex 103.561 29.4393 2.4
      vertex 108.439 29.4393 2.4
      vertex 103.886 29.926 2.4
    endloop
  endfacet
  facet normal 0 0 1
    outer loop
      vertex 108.439 29.4393 2.4
      vertex 103.561 29.4393 2.4
      vertex 108.926 29.1142 2.4
    endloop
  endfacet
  facet normal 0 0 1
    outer loop
      vertex 103.074 29.1142 2.4
      vertex 108.926 29.1142 2.4
      vertex 103.561 29.4393 2.4
    endloop
  endfacet
  facet normal 0 0 1
    outer loop
      vertex 90 18 2.4
      vertex 108.926 29.1142 2.4
      vertex 103.074 29.1142 2.4
    endloop
  endfacet
  facet normal 0 0 1
    outer loop
      vertex 90 18 2.4
      vertex 103.074 29.1142 2.4
      vertex 102.5 29 2.4
    endloop
  endfacet
  facet normal 0 0 1
    outer loop
      vertex 90 18 2.4
      vertex 102.5 29 2.4
      vertex 101.926 29.1142 2.4
    endloop
  endfacet
  facet normal 0 0 1
    outer loop
      vertex 116.5 29 2.4
      vertex 90 18 2.4
      vertex 148 18 2.4
    endloop
  endfacet
  facet normal 0 0 1
    outer loop
      vertex 101.439 29.4393 2.4
      vertex 90 18 2.4
      vertex 101.926 29.1142 2.4
    endloop
  endfacet
  facet normal 0 0 1
    outer loop
      vertex 101.114 29.926 2.4
      vertex 90 18 2.4
      vertex 101.439 29.4393 2.4
    endloop
  endfacet
  facet normal 0 0 1
    outer loop
      vertex 90 18 2.4
      vertex 101.114 29.926 2.4
      vertex 101 30.5 2.4
    endloop
  endfacet
  facet normal -0 0 1
    outer loop
      vertex 74.25 50.8349 2.4
      vertex 101 37.5 2.4
      vertex 74.7678 51.2322 2.4
    endloop
  endfacet
  facet normal 0 -0 1
    outer loop
      vertex 90 18 2.4
      vertex 101 37.5 2.4
      vertex 74.25 50.8349 2.4
    endloop
  endfacet
  facet normal 0 0 1
    outer loop
      vertex 101 37.5 2.4
      vertex 90 18 2.4
      vertex 101 30.5 2.4
    endloop
  endfacet
  facet normal -0 0 1
    outer loop
      vertex 73.647 50.5852 2.4
      vertex 90 18 2.4
      vertex 74.25 50.8349 2.4
    endloop
  endfacet
  facet normal -0 0 1
    outer loop
      vertex 73 50.5 2.4
      vertex 90 18 2.4
      vertex 73.647 50.5852 2.4
    endloop
  endfacet
  facet normal 0 0 1
    outer loop
      vertex 90 18 2.4
      vertex 73 50.5 2.4
      vertex 64.5 13 2.4
    endloop
  endfacet
  facet normal 0 0 1
    outer loop
      vertex 64.5 13 2.4
      vertex 73 50.5 2.4
      vertex 72.353 50.5852 2.4
    endloop
  endfacet
  facet normal 0 0 1
    outer loop
      vertex 64.5 13 2.4
      vertex 72.353 50.5852 2.4
      vertex 71.75 50.8349 2.4
    endloop
  endfacet
  facet normal 0 0 1
    outer loop
      vertex 64.5 13 2.4
      vertex 71.75 50.8349 2.4
      vertex 71.2322 51.2322 2.4
    endloop
  endfacet
  facet normal 0 0 1
    outer loop
      vertex 64.5 13 2.4
      vertex 71.2322 51.2322 2.4
      vertex 70.8349 51.75 2.4
    endloop
  endfacet
  facet normal 0 0 1
    outer loop
      vertex 64.5 13 2.4
      vertex 70.8349 51.75 2.4
      vertex 70.5852 52.353 2.4
    endloop
  endfacet
  facet normal 0 0 1
    outer loop
      vertex 71.75 55.1651 2.4
      vertex 60 77 2.4
      vertex 71.2322 54.7678 2.4
    endloop
  endfacet
  facet normal 0 0 1
    outer loop
      vertex 70.5 53 2.4
      vertex 64.5 13 2.4
      vertex 70.5852 52.353 2.4
    endloop
  endfacet
  facet normal 0 0 1
    outer loop
      vertex 64.3978 12.2235 2.4
      vertex 90 18 2.4
      vertex 64.5 13 2.4
    endloop
  endfacet
  facet normal 0 0 1
    outer loop
      vertex 90 18 2.4
      vertex 64.3978 12.2235 2.4
      vertex 90 0 2.4
    endloop
  endfacet
  facet normal -0 0 1
    outer loop
      vertex 64.0981 11.5 2.4
      vertex 90 0 2.4
      vertex 64.3978 12.2235 2.4
    endloop
  endfacet
  facet normal -0 0 1
    outer loop
      vertex 63.6213 10.8787 2.4
      vertex 90 0 2.4
      vertex 64.0981 11.5 2.4
    endloop
  endfacet
  facet normal -0 0 1
    outer loop
      vertex 63 10.4019 2.4
      vertex 90 0 2.4
      vertex 63.6213 10.8787 2.4
    endloop
  endfacet
  facet normal -0 0 1
    outer loop
      vertex 62.2765 10.1022 2.4
      vertex 90 0 2.4
      vertex 63 10.4019 2.4
    endloop
  endfacet
  facet normal -0 0 1
    outer loop
      vertex 61.5 10 2.4
      vertex 90 0 2.4
      vertex 62.2765 10.1022 2.4
    endloop
  endfacet
  facet normal 0 0 1
    outer loop
      vertex 60.7235 10.1022 2.4
      vertex 90 0 2.4
      vertex 61.5 10 2.4
    endloop
  endfacet
  facet normal -0 0 1
    outer loop
      vertex 17.5 13 2.4
      vertex 58.6022 12.2235 2.4
      vertex 58.5 13 2.4
    endloop
  endfacet
  facet normal 0 0 1
    outer loop
      vertex 17.3978 12.2235 2.4
      vertex 58.6022 12.2235 2.4
      vertex 17.5 13 2.4
    endloop
  endfacet
  facet normal 0 0 1
    outer loop
      vertex 58.6022 12.2235 2.4
      vertex 17.3978 12.2235 2.4
      vertex 58.9019 11.5 2.4
    endloop
  endfacet
  facet normal 0 0 1
    outer loop
      vertex 17.0981 11.5 2.4
      vertex 58.9019 11.5 2.4
      vertex 17.3978 12.2235 2.4
    endloop
  endfacet
  facet normal 0 0 1
    outer loop
      vertex 58.9019 11.5 2.4
      vertex 17.0981 11.5 2.4
      vertex 59.3787 10.8787 2.4
    endloop
  endfacet
  facet normal 0 0 1
    outer loop
      vertex 16.6213 10.8787 2.4
      vertex 59.3787 10.8787 2.4
      vertex 17.0981 11.5 2.4
    endloop
  endfacet
  facet normal 0 0 1
    outer loop
      vertex 59.3787 10.8787 2.4
      vertex 16.6213 10.8787 2.4
      vertex 60 10.4019 2.4
    endloop
  endfacet
  facet normal 0 0 1
    outer loop
      vertex 16 10.4019 2.4
      vertex 60 10.4019 2.4
      vertex 16.6213 10.8787 2.4
    endloop
  endfacet
  facet normal 0 0 1
    outer loop
      vertex 6.60208 4.19792 2.4
      vertex 60 10.4019 2.4
      vertex 16 10.4019 2.4
    endloop
  endfacet
  facet normal 0 0 1
    outer loop
      vertex 6.25 3.92776 2.4
      vertex 60 10.4019 2.4
      vertex 6.60208 4.19792 2.4
    endloop
  endfacet
  facet normal 0 0 1
    outer loop
      vertex 6.60208 4.19792 2.4
      vertex 16 10.4019 2.4
      vertex 15.2765 10.1022 2.4
    endloop
  endfacet
  facet normal 0 0 1
    outer loop
      vertex 6.87224 4.55 2.4
      vertex 15.2765 10.1022 2.4
      vertex 14.5 10 2.4
    endloop
  endfacet
  facet normal 0 0 1
    outer loop
      vertex 7.04207 4.96001 2.4
      vertex 14.5 10 2.4
      vertex 13.7235 10.1022 2.4
    endloop
  endfacet
  facet normal 0 0 1
    outer loop
      vertex 11.6022 13.7765 2.4
      vertex 7.1 5.4 2.4
      vertex 11.5 13 2.4
    endloop
  endfacet
  facet normal 0 0 1
    outer loop
      vertex 7.1 5.4 2.4
      vertex 11.6022 12.2235 2.4
      vertex 11.5 13 2.4
    endloop
  endfacet
  facet normal 0 0 1
    outer loop
      vertex 7.1 5.4 2.4
      vertex 11.9019 11.5 2.4
      vertex 11.6022 12.2235 2.4
    endloop
  endfacet
  facet normal 0 0 1
    outer loop
      vertex 7.1 5.4 2.4
      vertex 12.3787 10.8787 2.4
      vertex 11.9019 11.5 2.4
    endloop
  endfacet
  facet normal 0 0 1
    outer loop
      vertex 7.1 5.4 2.4
      vertex 13 10.4019 2.4
      vertex 12.3787 10.8787 2.4
    endloop
  endfacet
  facet normal 0 0 1
    outer loop
      vertex 7.1 5.4 2.4
      vertex 13.7235 10.1022 2.4
      vertex 13 10.4019 2.4
    endloop
  endfacet
  facet normal 0 0 1
    outer loop
      vertex 7.04207 4.96001 2.4
      vertex 13.7235 10.1022 2.4
      vertex 7.1 5.4 2.4
    endloop
  endfacet
  facet normal 0 0 1
    outer loop
      vertex 14.5 10 2.4
      vertex 7.04207 4.96001 2.4
      vertex 6.87224 4.55 2.4
    endloop
  endfacet
  facet normal 0 0 1
    outer loop
      vertex 15.2765 10.1022 2.4
      vertex 6.87224 4.55 2.4
      vertex 6.60208 4.19792 2.4
    endloop
  endfacet
  facet normal 0 0 1
    outer loop
      vertex 60 10.4019 2.4
      vertex 6.25 3.92776 2.4
      vertex 60.7235 10.1022 2.4
    endloop
  endfacet
  facet normal 0 0 1
    outer loop
      vertex 0 0 2.4
      vertex 60.7235 10.1022 2.4
      vertex 6.25 3.92776 2.4
    endloop
  endfacet
  facet normal 0 0 1
    outer loop
      vertex 0 0 2.4
      vertex 6.25 3.92776 2.4
      vertex 5.83999 3.75793 2.4
    endloop
  endfacet
  facet normal 0 0 1
    outer loop
      vertex 0 0 2.4
      vertex 5.83999 3.75793 2.4
      vertex 5.4 3.7 2.4
    endloop
  endfacet
  facet normal 0 0 1
    outer loop
      vertex 60.7235 10.1022 2.4
      vertex 0 0 2.4
      vertex 90 0 2.4
    endloop
  endfacet
  facet normal 0 0 1
    outer loop
      vertex 4.96001 3.75793 2.4
      vertex 0 0 2.4
      vertex 5.4 3.7 2.4
    endloop
  endfacet
  facet normal 0 0 1
    outer loop
      vertex 4.55 3.92776 2.4
      vertex 0 0 2.4
      vertex 4.96001 3.75793 2.4
    endloop
  endfacet
  facet normal 0 0 1
    outer loop
      vertex 4.19792 4.19792 2.4
      vertex 0 0 2.4
      vertex 4.55 3.92776 2.4
    endloop
  endfacet
  facet normal 0 0 1
    outer loop
      vertex 3.92776 4.55 2.4
      vertex 0 0 2.4
      vertex 4.19792 4.19792 2.4
    endloop
  endfacet
  facet normal 0 0 1
    outer loop
      vertex 3.75793 4.96001 2.4
      vertex 0 0 2.4
      vertex 3.92776 4.55 2.4
    endloop
  endfacet
  facet normal 0 0 1
    outer loop
      vertex 3.7 5.4 2.4
      vertex 0 0 2.4
      vertex 3.75793 4.96001 2.4
    endloop
  endfacet
  facet normal 0 0 1
    outer loop
      vertex 3.75793 5.83999 2.4
      vertex 0 0 2.4
      vertex 3.7 5.4 2.4
    endloop
  endfacet
  facet normal -0 0 1
    outer loop
      vertex 162.242 5.83999 2.4
      vertex 166 0 2.4
      vertex 166 14 2.4
    endloop
  endfacet
  facet normal 0 0 1
    outer loop
      vertex 166 0 2.4
      vertex 162.242 5.83999 2.4
      vertex 162.3 5.4 2.4
    endloop
  endfacet
  facet normal 0 0 1
    outer loop
      vertex 166 14 2.4
      vertex 162.072 6.25 2.4
      vertex 162.242 5.83999 2.4
    endloop
  endfacet
  facet normal 0 0 1
    outer loop
      vertex 166 14 2.4
      vertex 161.802 6.60208 2.4
      vertex 162.072 6.25 2.4
    endloop
  endfacet
  facet normal 0 0 1
    outer loop
      vertex 166 14 2.4
      vertex 161.45 6.87224 2.4
      vertex 161.802 6.60208 2.4
    endloop
  endfacet
  facet normal 0 0 1
    outer loop
      vertex 166 14 2.4
      vertex 161.04 7.04207 2.4
      vertex 161.45 6.87224 2.4
    endloop
  endfacet
  facet normal 0 0 1
    outer loop
      vertex 166 14 2.4
      vertex 160.6 7.1 2.4
      vertex 161.04 7.04207 2.4
    endloop
  endfacet
  facet normal 0 0 1
    outer loop
      vertex 166 14 2.4
      vertex 160.16 7.04207 2.4
      vertex 160.6 7.1 2.4
    endloop
  endfacet
  facet normal -0 0 1
    outer loop
      vertex 152 14 2.4
      vertex 160.16 7.04207 2.4
      vertex 166 14 2.4
    endloop
  endfacet
  facet normal 0 0 1
    outer loop
      vertex 160.16 7.04207 2.4
      vertex 152 14 2.4
      vertex 159.75 6.87224 2.4
    endloop
  endfacet
  facet normal 0 0 1
    outer loop
      vertex 152 0 2.4
      vertex 158.958 5.83999 2.4
      vertex 152 14 2.4
    endloop
  endfacet
  facet normal 0 0 1
    outer loop
      vertex 159.128 6.25 2.4
      vertex 152 14 2.4
      vertex 158.958 5.83999 2.4
    endloop
  endfacet
  facet normal 0 0 1
    outer loop
      vertex 159.398 6.60208 2.4
      vertex 152 14 2.4
      vertex 159.128 6.25 2.4
    endloop
  endfacet
  facet normal 0 0 1
    outer loop
      vertex 159.75 6.87224 2.4
      vertex 152 14 2.4
      vertex 159.398 6.60208 2.4
    endloop
  endfacet
  facet normal -0 0 1
    outer loop
      vertex 162.242 4.96001 2.4
      vertex 166 0 2.4
      vertex 162.3 5.4 2.4
    endloop
  endfacet
  facet normal -0 0 1
    outer loop
      vertex 162.072 4.55 2.4
      vertex 166 0 2.4
      vertex 162.242 4.96001 2.4
    endloop
  endfacet
  facet normal -0 0 1
    outer loop
      vertex 161.802 4.19792 2.4
      vertex 166 0 2.4
      vertex 162.072 4.55 2.4
    endloop
  endfacet
  facet normal -0 0 1
    outer loop
      vertex 161.45 3.92776 2.4
      vertex 166 0 2.4
      vertex 161.802 4.19792 2.4
    endloop
  endfacet
  facet normal -0 0 1
    outer loop
      vertex 161.04 3.75793 2.4
      vertex 166 0 2.4
      vertex 161.45 3.92776 2.4
    endloop
  endfacet
  facet normal -0 0 1
    outer loop
      vertex 160.6 3.7 2.4
      vertex 166 0 2.4
      vertex 161.04 3.75793 2.4
    endloop
  endfacet
  facet normal 0 0 1
    outer loop
      vertex 160.16 3.75793 2.4
      vertex 166 0 2.4
      vertex 160.6 3.7 2.4
    endloop
  endfacet
  facet normal 0 0 1
    outer loop
      vertex 152 0 2.4
      vertex 160.16 3.75793 2.4
      vertex 159.75 3.92776 2.4
    endloop
  endfacet
  facet normal 0 0 1
    outer loop
      vertex 158.958 5.83999 2.4
      vertex 152 0 2.4
      vertex 158.9 5.4 2.4
    endloop
  endfacet
  facet normal 0 0 1
    outer loop
      vertex 158.9 5.4 2.4
      vertex 152 0 2.4
      vertex 158.958 4.96001 2.4
    endloop
  endfacet
  facet normal 0 0 1
    outer loop
      vertex 160.16 3.75793 2.4
      vertex 152 0 2.4
      vertex 166 0 2.4
    endloop
  endfacet
  facet normal 0 0 1
    outer loop
      vertex 159.398 4.19792 2.4
      vertex 152 0 2.4
      vertex 159.75 3.92776 2.4
    endloop
  endfacet
  facet normal 0 0 1
    outer loop
      vertex 159.128 4.55 2.4
      vertex 152 0 2.4
      vertex 159.398 4.19792 2.4
    endloop
  endfacet
  facet normal 0 0 1
    outer loop
      vertex 158.958 4.96001 2.4
      vertex 152 0 2.4
      vertex 159.128 4.55 2.4
    endloop
  endfacet
  facet normal 0 0 1
    outer loop
      vertex 15.5163 13.421 2.4
      vertex 15.5163 12.579 2.4
      vertex 15.6 13 2.4
    endloop
  endfacet
  facet normal 0 0 1
    outer loop
      vertex 15.2778 13.7778 2.4
      vertex 15.5163 12.579 2.4
      vertex 15.5163 13.421 2.4
    endloop
  endfacet
  facet normal 0 0 1
    outer loop
      vertex 15.2778 13.7778 2.4
      vertex 15.2778 12.2222 2.4
      vertex 15.5163 12.579 2.4
    endloop
  endfacet
  facet normal 0 0 1
    outer loop
      vertex 14.921 14.0163 2.4
      vertex 15.2778 12.2222 2.4
      vertex 15.2778 13.7778 2.4
    endloop
  endfacet
  facet normal 0 0 1
    outer loop
      vertex 14.921 14.0163 2.4
      vertex 14.921 11.9837 2.4
      vertex 15.2778 12.2222 2.4
    endloop
  endfacet
  facet normal 0 0 1
    outer loop
      vertex 14.5 14.1 2.4
      vertex 14.921 11.9837 2.4
      vertex 14.921 14.0163 2.4
    endloop
  endfacet
  facet normal 0 0 1
    outer loop
      vertex 14.5 14.1 2.4
      vertex 14.5 11.9 2.4
      vertex 14.921 11.9837 2.4
    endloop
  endfacet
  facet normal -0 0 1
    outer loop
      vertex 14.079 14.0163 2.4
      vertex 14.5 11.9 2.4
      vertex 14.5 14.1 2.4
    endloop
  endfacet
  facet normal 0 0 1
    outer loop
      vertex 14.079 14.0163 2.4
      vertex 14.079 11.9837 2.4
      vertex 14.5 11.9 2.4
    endloop
  endfacet
  facet normal -0 0 1
    outer loop
      vertex 13.7222 13.7778 2.4
      vertex 14.079 11.9837 2.4
      vertex 14.079 14.0163 2.4
    endloop
  endfacet
  facet normal 0 0 1
    outer loop
      vertex 13.7222 13.7778 2.4
      vertex 13.7222 12.2222 2.4
      vertex 14.079 11.9837 2.4
    endloop
  endfacet
  facet normal -0 0 1
    outer loop
      vertex 13.4837 13.421 2.4
      vertex 13.7222 12.2222 2.4
      vertex 13.7222 13.7778 2.4
    endloop
  endfacet
  facet normal 0 0 1
    outer loop
      vertex 13.4837 13.421 2.4
      vertex 13.4837 12.579 2.4
      vertex 13.7222 12.2222 2.4
    endloop
  endfacet
  facet normal 0 -0 1
    outer loop
      vertex 13.4837 12.579 2.4
      vertex 13.4837 13.421 2.4
      vertex 13.4 13 2.4
    endloop
  endfacet
  facet normal 0 0 1
    outer loop
      vertex 15.5163 83.421 2.4
      vertex 15.5163 82.579 2.4
      vertex 15.6 83 2.4
    endloop
  endfacet
  facet normal 0 0 1
    outer loop
      vertex 15.2778 83.7778 2.4
      vertex 15.5163 82.579 2.4
      vertex 15.5163 83.421 2.4
    endloop
  endfacet
  facet normal 0 0 1
    outer loop
      vertex 15.2778 83.7778 2.4
      vertex 15.2778 82.2222 2.4
      vertex 15.5163 82.579 2.4
    endloop
  endfacet
  facet normal 0 0 1
    outer loop
      vertex 14.921 84.0163 2.4
      vertex 15.2778 82.2222 2.4
      vertex 15.2778 83.7778 2.4
    endloop
  endfacet
  facet normal 0 0 1
    outer loop
      vertex 14.921 84.0163 2.4
      vertex 14.921 81.9837 2.4
      vertex 15.2778 82.2222 2.4
    endloop
  endfacet
  facet normal 0 0 1
    outer loop
      vertex 14.5 84.1 2.4
      vertex 14.921 81.9837 2.4
      vertex 14.921 84.0163 2.4
    endloop
  endfacet
  facet normal 0 0 1
    outer loop
      vertex 14.5 84.1 2.4
      vertex 14.5 81.9 2.4
      vertex 14.921 81.9837 2.4
    endloop
  endfacet
  facet normal -0 0 1
    outer loop
      vertex 14.079 84.0163 2.4
      vertex 14.5 81.9 2.4
      vertex 14.5 84.1 2.4
    endloop
  endfacet
  facet normal 0 0 1
    outer loop
      vertex 14.079 84.0163 2.4
      vertex 14.079 81.9837 2.4
      vertex 14.5 81.9 2.4
    endloop
  endfacet
  facet normal -0 0 1
    outer loop
      vertex 13.7222 83.7778 2.4
      vertex 14.079 81.9837 2.4
      vertex 14.079 84.0163 2.4
    endloop
  endfacet
  facet normal 0 0 1
    outer loop
      vertex 13.7222 83.7778 2.4
      vertex 13.7222 82.2222 2.4
      vertex 14.079 81.9837 2.4
    endloop
  endfacet
  facet normal -0 0 1
    outer loop
      vertex 13.4837 83.421 2.4
      vertex 13.7222 82.2222 2.4
      vertex 13.7222 83.7778 2.4
    endloop
  endfacet
  facet normal 0 0 1
    outer loop
      vertex 13.4837 83.421 2.4
      vertex 13.4837 82.579 2.4
      vertex 13.7222 82.2222 2.4
    endloop
  endfacet
  facet normal 0 -0 1
    outer loop
      vertex 13.4837 82.579 2.4
      vertex 13.4837 83.421 2.4
      vertex 13.4 83 2.4
    endloop
  endfacet
  facet normal 0 0 1
    outer loop
      vertex 62.5163 13.421 2.4
      vertex 62.5163 12.579 2.4
      vertex 62.6 13 2.4
    endloop
  endfacet
  facet normal 0 0 1
    outer loop
      vertex 62.2778 13.7778 2.4
      vertex 62.5163 12.579 2.4
      vertex 62.5163 13.421 2.4
    endloop
  endfacet
  facet normal 0 0 1
    outer loop
      vertex 62.2778 13.7778 2.4
      vertex 62.2778 12.2222 2.4
      vertex 62.5163 12.579 2.4
    endloop
  endfacet
  facet normal 0 0 1
    outer loop
      vertex 61.921 14.0163 2.4
      vertex 62.2778 12.2222 2.4
      vertex 62.2778 13.7778 2.4
    endloop
  endfacet
  facet normal 0 0 1
    outer loop
      vertex 61.921 14.0163 2.4
      vertex 61.921 11.9837 2.4
      vertex 62.2778 12.2222 2.4
    endloop
  endfacet
  facet normal 0 0 1
    outer loop
      vertex 61.5 14.1 2.4
      vertex 61.921 11.9837 2.4
      vertex 61.921 14.0163 2.4
    endloop
  endfacet
  facet normal 0 0 1
    outer loop
      vertex 61.5 14.1 2.4
      vertex 61.5 11.9 2.4
      vertex 61.921 11.9837 2.4
    endloop
  endfacet
  facet normal -0 0 1
    outer loop
      vertex 61.079 14.0163 2.4
      vertex 61.5 11.9 2.4
      vertex 61.5 14.1 2.4
    endloop
  endfacet
  facet normal 0 0 1
    outer loop
      vertex 61.079 14.0163 2.4
      vertex 61.079 11.9837 2.4
      vertex 61.5 11.9 2.4
    endloop
  endfacet
  facet normal -0 0 1
    outer loop
      vertex 60.7222 13.7778 2.4
      vertex 61.079 11.9837 2.4
      vertex 61.079 14.0163 2.4
    endloop
  endfacet
  facet normal 0 0 1
    outer loop
      vertex 60.7222 13.7778 2.4
      vertex 60.7222 12.2222 2.4
      vertex 61.079 11.9837 2.4
    endloop
  endfacet
  facet normal -0 0 1
    outer loop
      vertex 60.4837 13.421 2.4
      vertex 60.7222 12.2222 2.4
      vertex 60.7222 13.7778 2.4
    endloop
  endfacet
  facet normal 0 0 1
    outer loop
      vertex 60.4837 13.421 2.4
      vertex 60.4837 12.579 2.4
      vertex 60.7222 12.2222 2.4
    endloop
  endfacet
  facet normal 0 -0 1
    outer loop
      vertex 60.4837 12.579 2.4
      vertex 60.4837 13.421 2.4
      vertex 60.4 13 2.4
    endloop
  endfacet
  facet normal 0 0 1
    outer loop
      vertex 62.5163 83.421 2.4
      vertex 62.5163 82.579 2.4
      vertex 62.6 83 2.4
    endloop
  endfacet
  facet normal 0 0 1
    outer loop
      vertex 62.2778 83.7778 2.4
      vertex 62.5163 82.579 2.4
      vertex 62.5163 83.421 2.4
    endloop
  endfacet
  facet normal 0 0 1
    outer loop
      vertex 62.2778 83.7778 2.4
      vertex 62.2778 82.2222 2.4
      vertex 62.5163 82.579 2.4
    endloop
  endfacet
  facet normal 0 0 1
    outer loop
      vertex 61.921 84.0163 2.4
      vertex 62.2778 82.2222 2.4
      vertex 62.2778 83.7778 2.4
    endloop
  endfacet
  facet normal 0 0 1
    outer loop
      vertex 61.921 84.0163 2.4
      vertex 61.921 81.9837 2.4
      vertex 62.2778 82.2222 2.4
    endloop
  endfacet
  facet normal 0 0 1
    outer loop
      vertex 61.5 84.1 2.4
      vertex 61.921 81.9837 2.4
      vertex 61.921 84.0163 2.4
    endloop
  endfacet
  facet normal 0 0 1
    outer loop
      vertex 61.5 84.1 2.4
      vertex 61.5 81.9 2.4
      vertex 61.921 81.9837 2.4
    endloop
  endfacet
  facet normal -0 0 1
    outer loop
      vertex 61.079 84.0163 2.4
      vertex 61.5 81.9 2.4
      vertex 61.5 84.1 2.4
    endloop
  endfacet
  facet normal 0 0 1
    outer loop
      vertex 61.079 84.0163 2.4
      vertex 61.079 81.9837 2.4
      vertex 61.5 81.9 2.4
    endloop
  endfacet
  facet normal -0 0 1
    outer loop
      vertex 60.7222 83.7778 2.4
      vertex 61.079 81.9837 2.4
      vertex 61.079 84.0163 2.4
    endloop
  endfacet
  facet normal 0 0 1
    outer loop
      vertex 60.7222 83.7778 2.4
      vertex 60.7222 82.2222 2.4
      vertex 61.079 81.9837 2.4
    endloop
  endfacet
  facet normal -0 0 1
    outer loop
      vertex 60.4837 83.421 2.4
      vertex 60.7222 82.2222 2.4
      vertex 60.7222 83.7778 2.4
    endloop
  endfacet
  facet normal 0 0 1
    outer loop
      vertex 60.4837 83.421 2.4
      vertex 60.4837 82.579 2.4
      vertex 60.7222 82.2222 2.4
    endloop
  endfacet
  facet normal 0 -0 1
    outer loop
      vertex 60.4837 82.579 2.4
      vertex 60.4837 83.421 2.4
      vertex 60.4 83 2.4
    endloop
  endfacet
  facet normal 0 1 -0
    outer loop
      vertex 166 96 0
      vertex 0 96 2.4
      vertex 166 96 2.4
    endloop
  endfacet
  facet normal 0 1 0
    outer loop
      vertex 0 96 2.4
      vertex 166 96 0
      vertex 0 96 0
    endloop
  endfacet
  facet normal 1 -0 0
    outer loop
      vertex 166 28 2.4
      vertex 166 96 0
      vertex 166 96 2.4
    endloop
  endfacet
  facet normal 1 0 0
    outer loop
      vertex 166 96 0
      vertex 166 28 2.4
      vertex 166 28 0
    endloop
  endfacet
  facet normal 1 -0 0
    outer loop
      vertex 166 0 2.4
      vertex 166 14 0
      vertex 166 14 2.4
    endloop
  endfacet
  facet normal 1 0 0
    outer loop
      vertex 166 14 0
      vertex 166 0 2.4
      vertex 166 0 0
    endloop
  endfacet
  facet normal 0 -1 0
    outer loop
      vertex 152 0 0
      vertex 166 0 2.4
      vertex 152 0 2.4
    endloop
  endfacet
  facet normal 0 -1 -0
    outer loop
      vertex 166 0 2.4
      vertex 152 0 0
      vertex 166 0 0
    endloop
  endfacet
  facet normal 0 -1 0
    outer loop
      vertex 0 0 0
      vertex 90 0 2.4
      vertex 0 0 2.4
    endloop
  endfacet
  facet normal 0 -1 -0
    outer loop
      vertex 90 0 2.4
      vertex 0 0 0
      vertex 90 0 0
    endloop
  endfacet
  facet normal 0 0 -1
    outer loop
      vertex 163.3 2.7 -3
      vertex 160.9 5.09999 -3
      vertex 163.3 93.3 -3
    endloop
  endfacet
  facet normal 0 0 -1
    outer loop
      vertex 163.3 2.7 -3
      vertex 5.09999 5.09999 -3
      vertex 160.9 5.09999 -3
    endloop
  endfacet
  facet normal -0 0 -1
    outer loop
      vertex 5.09999 5.09999 -3
      vertex 2.7 2.7 -3
      vertex 5.09999 90.9 -3
    endloop
  endfacet
  facet normal 0 0 -1
    outer loop
      vertex 2.7 2.7 -3
      vertex 5.09999 5.09999 -3
      vertex 163.3 2.7 -3
    endloop
  endfacet
  facet normal 0 0 -1
    outer loop
      vertex 160.9 90.9 -3
      vertex 163.3 93.3 -3
      vertex 160.9 5.09999 -3
    endloop
  endfacet
  facet normal 0 0 -1
    outer loop
      vertex 5.09999 90.9 -3
      vertex 163.3 93.3 -3
      vertex 160.9 90.9 -3
    endloop
  endfacet
  facet normal 0 0 -1
    outer loop
      vertex 5.09999 90.9 -3
      vertex 2.7 93.3 -3
      vertex 163.3 93.3 -3
    endloop
  endfacet
  facet normal 0 0 -1
    outer loop
      vertex 2.7 93.3 -3
      vertex 5.09999 90.9 -3
      vertex 2.7 2.7 -3
    endloop
  endfacet
  facet normal 0 1 -0
    outer loop
      vertex 163.3 93.3 -3
      vertex 2.7 93.3 0
      vertex 163.3 93.3 0
    endloop
  endfacet
  facet normal 0 1 0
    outer loop
      vertex 2.7 93.3 0
      vertex 163.3 93.3 -3
      vertex 2.7 93.3 -3
    endloop
  endfacet
  facet normal -1 0 0
    outer loop
      vertex 2.7 2.7 -3
      vertex 2.7 93.3 0
      vertex 2.7 93.3 -3
    endloop
  endfacet
  facet normal -1 -0 0
    outer loop
      vertex 2.7 93.3 0
      vertex 2.7 2.7 -3
      vertex 2.7 2.7 0
    endloop
  endfacet
  facet normal 0 -1 0
    outer loop
      vertex 2.7 2.7 0
      vertex 90 2.7 -1
      vertex 90 2.7 0
    endloop
  endfacet
  facet normal 0 -1 0
    outer loop
      vertex 163.3 2.7 -3
      vertex 90 2.7 -1
      vertex 2.7 2.7 -3
    endloop
  endfacet
  facet normal 0 -1 0
    outer loop
      vertex 2.7 2.7 -3
      vertex 90 2.7 -1
      vertex 2.7 2.7 0
    endloop
  endfacet
  facet normal 0 -1 0
    outer loop
      vertex 152 2.7 -1
      vertex 163.3 2.7 0
      vertex 152 2.7 0
    endloop
  endfacet
  facet normal 0 -1 0
    outer loop
      vertex 152 2.7 -1
      vertex 163.3 2.7 -3
      vertex 163.3 2.7 0
    endloop
  endfacet
  facet normal 0 -1 0
    outer loop
      vertex 90 2.7 -1
      vertex 163.3 2.7 -3
      vertex 152 2.7 -1
    endloop
  endfacet
  facet normal 1 0 0
    outer loop
      vertex 163.3 14 0
      vertex 163.3 2.7 0
      vertex 163.3 14 -1
    endloop
  endfacet
  facet normal 1 0 0
    outer loop
      vertex 163.3 28 -1
      vertex 163.3 93.3 0
      vertex 163.3 28 0
    endloop
  endfacet
  facet normal 1 0 0
    outer loop
      vertex 163.3 93.3 0
      vertex 163.3 28 -1
      vertex 163.3 93.3 -3
    endloop
  endfacet
  facet normal 1 0 0
    outer loop
      vertex 163.3 2.7 -3
      vertex 163.3 28 -1
      vertex 163.3 14 -1
    endloop
  endfacet
  facet normal 1 0 0
    outer loop
      vertex 163.3 28 -1
      vertex 163.3 2.7 -3
      vertex 163.3 93.3 -3
    endloop
  endfacet
  facet normal 1 0 0
    outer loop
      vertex 163.3 2.7 -3
      vertex 163.3 14 -1
      vertex 163.3 2.7 0
    endloop
  endfacet
  facet normal 1 0 0
    outer loop
      vertex 5.09999 88.9395 0
      vertex 5.09999 7.0605 0
      vertex 5.09999 88.9395 -1
    endloop
  endfacet
  facet normal 1 -0 0
    outer loop
      vertex 5.09999 88.9395 -1
      vertex 5.09999 90.9 -3
      vertex 5.09999 90.9 -1
    endloop
  endfacet
  facet normal 1 0 0
    outer loop
      vertex 5.09999 7.0605 -1
      vertex 5.09999 88.9395 -1
      vertex 5.09999 7.0605 0
    endloop
  endfacet
  facet normal 1 0 0
    outer loop
      vertex 5.09999 88.9395 -1
      vertex 5.09999 7.0605 -1
      vertex 5.09999 90.9 -3
    endloop
  endfacet
  facet normal 1 0 0
    outer loop
      vertex 5.09999 5.09999 -3
      vertex 5.09999 7.0605 -1
      vertex 5.09999 5.09999 -1
    endloop
  endfacet
  facet normal 1 0 0
    outer loop
      vertex 5.09999 7.0605 -1
      vertex 5.09999 5.09999 -3
      vertex 5.09999 90.9 -3
    endloop
  endfacet
  facet normal 0 -1 0
    outer loop
      vertex 5.09999 90.9 -3
      vertex 7.0605 90.9 -1
      vertex 5.09999 90.9 -1
    endloop
  endfacet
  facet normal 0 -1 -0
    outer loop
      vertex 7.0605 90.9 -1
      vertex 5.09999 90.9 -3
      vertex 158.939 90.9 -1
    endloop
  endfacet
  facet normal 0 -1 0
    outer loop
      vertex 160.9 90.9 -3
      vertex 158.939 90.9 -1
      vertex 5.09999 90.9 -3
    endloop
  endfacet
  facet normal 0 -1 0
    outer loop
      vertex 158.939 90.9 -1
      vertex 160.9 90.9 -3
      vertex 160.9 90.9 -1
    endloop
  endfacet
  facet normal 0 -1 0
    outer loop
      vertex 7.0605 90.9 -1
      vertex 158.939 90.9 0
      vertex 7.0605 90.9 0
    endloop
  endfacet
  facet normal 0 -1 -0
    outer loop
      vertex 158.939 90.9 0
      vertex 7.0605 90.9 -1
      vertex 158.939 90.9 -1
    endloop
  endfacet
  facet normal -1 0 0
    outer loop
      vertex 160.9 90.9 -3
      vertex 160.9 88.9395 -1
      vertex 160.9 90.9 -1
    endloop
  endfacet
  facet normal -1 0 0
    outer loop
      vertex 160.9 88.9395 -1
      vertex 160.9 28 -1
      vertex 160.9 88.9395 0
    endloop
  endfacet
  facet normal -1 0 0
    outer loop
      vertex 160.9 90.9 -3
      vertex 160.9 28 -1
      vertex 160.9 88.9395 -1
    endloop
  endfacet
  facet normal -1 0 0
    outer loop
      vertex 160.9 5.09999 -3
      vertex 160.9 28 -1
      vertex 160.9 90.9 -3
    endloop
  endfacet
  facet normal -1 0 0
    outer loop
      vertex 160.9 14 -1
      vertex 160.9 7.0605 -1
      vertex 160.9 14 0
    endloop
  endfacet
  facet normal -1 -0 0
    outer loop
      vertex 160.9 28 -1
      vertex 160.9 5.09999 -3
      vertex 160.9 14 -1
    endloop
  endfacet
  facet normal -1 -0 0
    outer loop
      vertex 160.9 14 -1
      vertex 160.9 5.09999 -3
      vertex 160.9 7.0605 -1
    endloop
  endfacet
  facet normal -1 -0 0
    outer loop
      vertex 160.9 7.0605 -1
      vertex 160.9 5.09999 -3
      vertex 160.9 5.09999 -1
    endloop
  endfacet
  facet normal -1 -0 0
    outer loop
      vertex 160.9 88.9395 0
      vertex 160.9 28 -1
      vertex 160.9 28 0
    endloop
  endfacet
  facet normal -1 -0 0
    outer loop
      vertex 160.9 14 0
      vertex 160.9 7.0605 -1
      vertex 160.9 7.0605 0
    endloop
  endfacet
  facet normal 0 1 -0
    outer loop
      vertex 160.9 5.09999 -3
      vertex 158.939 5.09999 -1
      vertex 160.9 5.09999 -1
    endloop
  endfacet
  facet normal 0 1 0
    outer loop
      vertex 158.939 5.09999 -1
      vertex 160.9 5.09999 -3
      vertex 152 5.09999 -1
    endloop
  endfacet
  facet normal 0 1 0
    outer loop
      vertex 152 5.09999 -1
      vertex 160.9 5.09999 -3
      vertex 90 5.09999 -1
    endloop
  endfacet
  facet normal 0 1 0
    outer loop
      vertex 5.09999 5.09999 -3
      vertex 90 5.09999 -1
      vertex 160.9 5.09999 -3
    endloop
  endfacet
  facet normal 0 1 0
    outer loop
      vertex 90 5.09999 -1
      vertex 5.09999 5.09999 -3
      vertex 7.0605 5.09999 -1
    endloop
  endfacet
  facet normal 0 1 0
    outer loop
      vertex 7.0605 5.09999 -1
      vertex 5.09999 5.09999 -3
      vertex 5.09999 5.09999 -1
    endloop
  endfacet
  facet normal 0 1 -0
    outer loop
      vertex 158.939 5.09999 -1
      vertex 152 5.09999 0
      vertex 158.939 5.09999 0
    endloop
  endfacet
  facet normal 0 1 0
    outer loop
      vertex 152 5.09999 0
      vertex 158.939 5.09999 -1
      vertex 152 5.09999 -1
    endloop
  endfacet
  facet normal 0 1 -0
    outer loop
      vertex 90 5.09999 -1
      vertex 7.0605 5.09999 0
      vertex 90 5.09999 0
    endloop
  endfacet
  facet normal 0 1 0
    outer loop
      vertex 7.0605 5.09999 0
      vertex 90 5.09999 -1
      vertex 7.0605 5.09999 -1
    endloop
  endfacet
  facet normal -0.608761 0.793354 0
    outer loop
      vertex 6.60208 4.19792 -1
      vertex 6.25 3.92776 2.4
      vertex 6.60208 4.19792 2.4
    endloop
  endfacet
  facet normal -0.608761 0.793354 0
    outer loop
      vertex 6.25 3.92776 2.4
      vertex 6.60208 4.19792 -1
      vertex 6.25 3.92776 -1
    endloop
  endfacet
  facet normal 0.793354 -0.608761 0
    outer loop
      vertex 3.92776 6.25 2.4
      vertex 4.19792 6.60208 -1
      vertex 4.19792 6.60208 2.4
    endloop
  endfacet
  facet normal 0.793354 -0.608761 0
    outer loop
      vertex 4.19792 6.60208 -1
      vertex 3.92776 6.25 2.4
      vertex 3.92776 6.25 -1
    endloop
  endfacet
  facet normal -0.923881 -0.38268 0
    outer loop
      vertex 7.04207 5.83999 0
      vertex 6.87224 6.25 2.4
      vertex 6.87224 6.25 0
    endloop
  endfacet
  facet normal -0.923881 -0.38268 0
    outer loop
      vertex 6.87224 6.25 2.4
      vertex 7.04207 5.83999 0
      vertex 7.04207 5.83999 2.4
    endloop
  endfacet
  facet normal -0.991444 -0.130536 0
    outer loop
      vertex 7.1 5.4 0
      vertex 7.04207 5.83999 2.4
      vertex 7.04207 5.83999 0
    endloop
  endfacet
  facet normal -0.991444 -0.130536 0
    outer loop
      vertex 7.04207 5.83999 2.4
      vertex 7.1 5.4 0
      vertex 7.1 5.4 2.4
    endloop
  endfacet
  facet normal 0.991444 0.130536 0
    outer loop
      vertex 3.75793 4.96001 2.4
      vertex 3.7 5.4 -1
      vertex 3.7 5.4 2.4
    endloop
  endfacet
  facet normal 0.991444 0.130536 0
    outer loop
      vertex 3.7 5.4 -1
      vertex 3.75793 4.96001 2.4
      vertex 3.75793 4.96001 -1
    endloop
  endfacet
  facet normal -0.38268 0.923881 0
    outer loop
      vertex 6.25 3.92776 -1
      vertex 5.83999 3.75793 2.4
      vertex 6.25 3.92776 2.4
    endloop
  endfacet
  facet normal -0.38268 0.923881 0
    outer loop
      vertex 5.83999 3.75793 2.4
      vertex 6.25 3.92776 -1
      vertex 5.83999 3.75793 -1
    endloop
  endfacet
  facet normal 0.923881 -0.38268 0
    outer loop
      vertex 3.75793 5.83999 2.4
      vertex 3.92776 6.25 -1
      vertex 3.92776 6.25 2.4
    endloop
  endfacet
  facet normal 0.923881 -0.38268 0
    outer loop
      vertex 3.92776 6.25 -1
      vertex 3.75793 5.83999 2.4
      vertex 3.75793 5.83999 -1
    endloop
  endfacet
  facet normal -0.793354 0.608761 0
    outer loop
      vertex 6.60208 4.19792 -1
      vertex 6.87224 4.55 2.4
      vertex 6.87224 4.55 -1
    endloop
  endfacet
  facet normal -0.793354 0.608761 0
    outer loop
      vertex 6.87224 4.55 2.4
      vertex 6.60208 4.19792 -1
      vertex 6.60208 4.19792 2.4
    endloop
  endfacet
  facet normal -0.991444 0.130535 0
    outer loop
      vertex 7.0605 5.09999 -1
      vertex 7.04207 4.96001 -1
      vertex 7.0605 5.09999 0
    endloop
  endfacet
  facet normal -0.991444 0.130536 0
    outer loop
      vertex 7.0605 5.09999 0
      vertex 7.1 5.4 2.4
      vertex 7.1 5.4 0
    endloop
  endfacet
  facet normal -0.991444 0.130535 0
    outer loop
      vertex 7.04207 4.96001 2.4
      vertex 7.0605 5.09999 0
      vertex 7.04207 4.96001 -1
    endloop
  endfacet
  facet normal -0.991444 0.130536 2.41294e-08
    outer loop
      vertex 7.0605 5.09999 0
      vertex 7.04207 4.96001 2.4
      vertex 7.1 5.4 2.4
    endloop
  endfacet
  facet normal 0.38268 0.923881 -0
    outer loop
      vertex 4.96001 3.75793 -1
      vertex 4.55 3.92776 2.4
      vertex 4.96001 3.75793 2.4
    endloop
  endfacet
  facet normal 0.38268 0.923881 0
    outer loop
      vertex 4.55 3.92776 2.4
      vertex 4.96001 3.75793 -1
      vertex 4.55 3.92776 -1
    endloop
  endfacet
  facet normal 0.130536 0.991444 -0
    outer loop
      vertex 5.4 3.7 -1
      vertex 4.96001 3.75793 2.4
      vertex 5.4 3.7 2.4
    endloop
  endfacet
  facet normal 0.130536 0.991444 0
    outer loop
      vertex 4.96001 3.75793 2.4
      vertex 5.4 3.7 -1
      vertex 4.96001 3.75793 -1
    endloop
  endfacet
  facet normal 0.130536 -0.991444 2.41294e-08
    outer loop
      vertex 4.96001 7.04207 2.4
      vertex 5.09999 7.0605 0
      vertex 5.4 7.1 2.4
    endloop
  endfacet
  facet normal 0.130535 -0.991444 0
    outer loop
      vertex 4.96001 7.04207 -1
      vertex 5.09999 7.0605 0
      vertex 4.96001 7.04207 2.4
    endloop
  endfacet
  facet normal 0.130535 -0.991444 0
    outer loop
      vertex 5.09999 7.0605 0
      vertex 4.96001 7.04207 -1
      vertex 5.09999 7.0605 -1
    endloop
  endfacet
  facet normal 0.130536 -0.991444 0
    outer loop
      vertex 5.4 7.1 2.4
      vertex 5.09999 7.0605 0
      vertex 5.4 7.1 0
    endloop
  endfacet
  facet normal 0.608761 -0.793354 0
    outer loop
      vertex 4.19792 6.60208 -1
      vertex 4.55 6.87224 2.4
      vertex 4.19792 6.60208 2.4
    endloop
  endfacet
  facet normal 0.608761 -0.793354 0
    outer loop
      vertex 4.55 6.87224 2.4
      vertex 4.19792 6.60208 -1
      vertex 4.55 6.87224 -1
    endloop
  endfacet
  facet normal -0.38268 -0.923881 0
    outer loop
      vertex 5.83999 7.04207 0
      vertex 6.25 6.87224 2.4
      vertex 5.83999 7.04207 2.4
    endloop
  endfacet
  facet normal -0.38268 -0.923881 -0
    outer loop
      vertex 6.25 6.87224 2.4
      vertex 5.83999 7.04207 0
      vertex 6.25 6.87224 0
    endloop
  endfacet
  facet normal 0.38268 -0.923881 0
    outer loop
      vertex 4.55 6.87224 -1
      vertex 4.96001 7.04207 2.4
      vertex 4.55 6.87224 2.4
    endloop
  endfacet
  facet normal 0.38268 -0.923881 0
    outer loop
      vertex 4.96001 7.04207 2.4
      vertex 4.55 6.87224 -1
      vertex 4.96001 7.04207 -1
    endloop
  endfacet
  facet normal -0.923881 0.38268 0
    outer loop
      vertex 6.87224 4.55 -1
      vertex 7.04207 4.96001 2.4
      vertex 7.04207 4.96001 -1
    endloop
  endfacet
  facet normal -0.923881 0.38268 0
    outer loop
      vertex 7.04207 4.96001 2.4
      vertex 6.87224 4.55 -1
      vertex 6.87224 4.55 2.4
    endloop
  endfacet
  facet normal -0.130536 0.991444 0
    outer loop
      vertex 5.83999 3.75793 -1
      vertex 5.4 3.7 2.4
      vertex 5.83999 3.75793 2.4
    endloop
  endfacet
  facet normal -0.130536 0.991444 0
    outer loop
      vertex 5.4 3.7 2.4
      vertex 5.83999 3.75793 -1
      vertex 5.4 3.7 -1
    endloop
  endfacet
  facet normal -0.793354 -0.608761 0
    outer loop
      vertex 6.87224 6.25 0
      vertex 6.60208 6.60208 2.4
      vertex 6.60208 6.60208 0
    endloop
  endfacet
  facet normal -0.793354 -0.608761 0
    outer loop
      vertex 6.60208 6.60208 2.4
      vertex 6.87224 6.25 0
      vertex 6.87224 6.25 2.4
    endloop
  endfacet
  facet normal 0.923881 0.38268 0
    outer loop
      vertex 3.92776 4.55 2.4
      vertex 3.75793 4.96001 -1
      vertex 3.75793 4.96001 2.4
    endloop
  endfacet
  facet normal 0.923881 0.38268 0
    outer loop
      vertex 3.75793 4.96001 -1
      vertex 3.92776 4.55 2.4
      vertex 3.92776 4.55 -1
    endloop
  endfacet
  facet normal -0.608761 -0.793354 0
    outer loop
      vertex 6.25 6.87224 0
      vertex 6.60208 6.60208 2.4
      vertex 6.25 6.87224 2.4
    endloop
  endfacet
  facet normal -0.608761 -0.793354 -0
    outer loop
      vertex 6.60208 6.60208 2.4
      vertex 6.25 6.87224 0
      vertex 6.60208 6.60208 0
    endloop
  endfacet
  facet normal -0.130536 -0.991444 0
    outer loop
      vertex 5.4 7.1 0
      vertex 5.83999 7.04207 2.4
      vertex 5.4 7.1 2.4
    endloop
  endfacet
  facet normal -0.130536 -0.991444 -0
    outer loop
      vertex 5.83999 7.04207 2.4
      vertex 5.4 7.1 0
      vertex 5.83999 7.04207 0
    endloop
  endfacet
  facet normal 0.608761 0.793354 -0
    outer loop
      vertex 4.55 3.92776 -1
      vertex 4.19792 4.19792 2.4
      vertex 4.55 3.92776 2.4
    endloop
  endfacet
  facet normal 0.608761 0.793354 0
    outer loop
      vertex 4.19792 4.19792 2.4
      vertex 4.55 3.92776 -1
      vertex 4.19792 4.19792 -1
    endloop
  endfacet
  facet normal 0.793354 0.608761 0
    outer loop
      vertex 4.19792 4.19792 2.4
      vertex 3.92776 4.55 -1
      vertex 3.92776 4.55 2.4
    endloop
  endfacet
  facet normal 0.793354 0.608761 0
    outer loop
      vertex 3.92776 4.55 -1
      vertex 4.19792 4.19792 2.4
      vertex 4.19792 4.19792 -1
    endloop
  endfacet
  facet normal 0.991444 -0.130536 0
    outer loop
      vertex 3.7 5.4 2.4
      vertex 3.75793 5.83999 -1
      vertex 3.75793 5.83999 2.4
    endloop
  endfacet
  facet normal 0.991444 -0.130536 0
    outer loop
      vertex 3.75793 5.83999 -1
      vertex 3.7 5.4 2.4
      vertex 3.7 5.4 -1
    endloop
  endfacet
  facet normal 0 0 1
    outer loop
      vertex 5.09999 7.0605 -1
      vertex 4.96001 7.04207 -1
      vertex 5.09999 5.09999 -1
    endloop
  endfacet
  facet normal -0 0 1
    outer loop
      vertex 5.09999 5.09999 -1
      vertex 7.04207 4.96001 -1
      vertex 7.0605 5.09999 -1
    endloop
  endfacet
  facet normal 0 0 1
    outer loop
      vertex 7.04207 4.96001 -1
      vertex 5.09999 5.09999 -1
      vertex 6.87224 4.55 -1
    endloop
  endfacet
  facet normal 0 0 1
    outer loop
      vertex 6.87224 4.55 -1
      vertex 5.09999 5.09999 -1
      vertex 6.60208 4.19792 -1
    endloop
  endfacet
  facet normal 0 0 1
    outer loop
      vertex 6.60208 4.19792 -1
      vertex 5.09999 5.09999 -1
      vertex 6.25 3.92776 -1
    endloop
  endfacet
  facet normal 0 0 1
    outer loop
      vertex 6.25 3.92776 -1
      vertex 5.09999 5.09999 -1
      vertex 5.83999 3.75793 -1
    endloop
  endfacet
  facet normal 0 0 1
    outer loop
      vertex 5.83999 3.75793 -1
      vertex 5.09999 5.09999 -1
      vertex 5.4 3.7 -1
    endloop
  endfacet
  facet normal 0 0 1
    outer loop
      vertex 5.09999 5.09999 -1
      vertex 4.96001 3.75793 -1
      vertex 5.4 3.7 -1
    endloop
  endfacet
  facet normal -0 0 1
    outer loop
      vertex 4.55 6.87224 -1
      vertex 5.09999 5.09999 -1
      vertex 4.96001 7.04207 -1
    endloop
  endfacet
  facet normal -0 0 1
    outer loop
      vertex 4.19792 6.60208 -1
      vertex 5.09999 5.09999 -1
      vertex 4.55 6.87224 -1
    endloop
  endfacet
  facet normal 0 0 1
    outer loop
      vertex 5.09999 5.09999 -1
      vertex 4.55 3.92776 -1
      vertex 4.96001 3.75793 -1
    endloop
  endfacet
  facet normal -0 0 1
    outer loop
      vertex 3.92776 6.25 -1
      vertex 5.09999 5.09999 -1
      vertex 4.19792 6.60208 -1
    endloop
  endfacet
  facet normal 0 0 1
    outer loop
      vertex 5.09999 5.09999 -1
      vertex 4.19792 4.19792 -1
      vertex 4.55 3.92776 -1
    endloop
  endfacet
  facet normal -0 0 1
    outer loop
      vertex 3.75793 5.83999 -1
      vertex 5.09999 5.09999 -1
      vertex 3.92776 6.25 -1
    endloop
  endfacet
  facet normal 0 0 1
    outer loop
      vertex 5.09999 5.09999 -1
      vertex 3.92776 4.55 -1
      vertex 4.19792 4.19792 -1
    endloop
  endfacet
  facet normal -0 0 1
    outer loop
      vertex 3.7 5.4 -1
      vertex 5.09999 5.09999 -1
      vertex 3.75793 5.83999 -1
    endloop
  endfacet
  facet normal 0 0 1
    outer loop
      vertex 5.09999 5.09999 -1
      vertex 3.75793 4.96001 -1
      vertex 3.92776 4.55 -1
    endloop
  endfacet
  facet normal 0 0 1
    outer loop
      vertex 5.09999 5.09999 -1
      vertex 3.7 5.4 -1
      vertex 3.75793 4.96001 -1
    endloop
  endfacet
  facet normal -0.130533 0.991444 0
    outer loop
      vertex 161.04 3.75793 -1
      vertex 160.6 3.7 2.4
      vertex 161.04 3.75793 2.4
    endloop
  endfacet
  facet normal -0.130533 0.991444 0
    outer loop
      vertex 160.6 3.7 2.4
      vertex 161.04 3.75793 -1
      vertex 160.6 3.7 -1
    endloop
  endfacet
  facet normal -0.923745 -0.383007 0
    outer loop
      vertex 162.242 5.83999 -1
      vertex 162.072 6.25 2.4
      vertex 162.072 6.25 -1
    endloop
  endfacet
  facet normal -0.923745 -0.383007 0
    outer loop
      vertex 162.072 6.25 2.4
      vertex 162.242 5.83999 -1
      vertex 162.242 5.83999 2.4
    endloop
  endfacet
  facet normal -0.991423 -0.130691 0
    outer loop
      vertex 162.3 5.4 -1
      vertex 162.242 5.83999 2.4
      vertex 162.242 5.83999 -1
    endloop
  endfacet
  facet normal -0.991423 -0.130691 0
    outer loop
      vertex 162.242 5.83999 2.4
      vertex 162.3 5.4 -1
      vertex 162.3 5.4 2.4
    endloop
  endfacet
  facet normal 0.793528 0.608534 0
    outer loop
      vertex 159.398 4.19792 2.4
      vertex 159.128 4.55 -1
      vertex 159.128 4.55 2.4
    endloop
  endfacet
  facet normal 0.793528 0.608534 0
    outer loop
      vertex 159.128 4.55 -1
      vertex 159.398 4.19792 2.4
      vertex 159.398 4.19792 -1
    endloop
  endfacet
  facet normal 0.130533 -0.991444 0
    outer loop
      vertex 160.16 7.04207 0
      vertex 160.6 7.1 2.4
      vertex 160.16 7.04207 2.4
    endloop
  endfacet
  facet normal 0.130533 -0.991444 0
    outer loop
      vertex 160.6 7.1 2.4
      vertex 160.16 7.04207 0
      vertex 160.6 7.1 0
    endloop
  endfacet
  facet normal 0.793528 -0.608534 0
    outer loop
      vertex 159.128 6.25 2.4
      vertex 159.398 6.60208 0
      vertex 159.398 6.60208 2.4
    endloop
  endfacet
  facet normal 0.793528 -0.608534 0
    outer loop
      vertex 159.398 6.60208 0
      vertex 159.128 6.25 2.4
      vertex 159.128 6.25 0
    endloop
  endfacet
  facet normal -0.793528 -0.608534 0
    outer loop
      vertex 162.072 6.25 -1
      vertex 161.802 6.60208 2.4
      vertex 161.802 6.60208 -1
    endloop
  endfacet
  facet normal -0.793528 -0.608534 0
    outer loop
      vertex 161.802 6.60208 2.4
      vertex 162.072 6.25 -1
      vertex 162.072 6.25 2.4
    endloop
  endfacet
  facet normal -0.923745 0.383007 0
    outer loop
      vertex 162.072 4.55 -1
      vertex 162.242 4.96001 2.4
      vertex 162.242 4.96001 -1
    endloop
  endfacet
  facet normal -0.923745 0.383007 0
    outer loop
      vertex 162.242 4.96001 2.4
      vertex 162.072 4.55 -1
      vertex 162.072 4.55 2.4
    endloop
  endfacet
  facet normal -0.608848 0.793287 0
    outer loop
      vertex 161.802 4.19792 -1
      vertex 161.45 3.92776 2.4
      vertex 161.802 4.19792 2.4
    endloop
  endfacet
  facet normal -0.608848 0.793287 0
    outer loop
      vertex 161.45 3.92776 2.4
      vertex 161.802 4.19792 -1
      vertex 161.45 3.92776 -1
    endloop
  endfacet
  facet normal 0.382688 -0.923878 0
    outer loop
      vertex 159.75 6.87224 0
      vertex 160.16 7.04207 2.4
      vertex 159.75 6.87224 2.4
    endloop
  endfacet
  facet normal 0.382688 -0.923878 0
    outer loop
      vertex 160.16 7.04207 2.4
      vertex 159.75 6.87224 0
      vertex 160.16 7.04207 0
    endloop
  endfacet
  facet normal -0.382688 -0.923878 0
    outer loop
      vertex 161.04 7.04207 -1
      vertex 161.45 6.87224 2.4
      vertex 161.04 7.04207 2.4
    endloop
  endfacet
  facet normal -0.382688 -0.923878 -0
    outer loop
      vertex 161.45 6.87224 2.4
      vertex 161.04 7.04207 -1
      vertex 161.45 6.87224 -1
    endloop
  endfacet
  facet normal -0.382688 0.923878 0
    outer loop
      vertex 161.45 3.92776 -1
      vertex 161.04 3.75793 2.4
      vertex 161.45 3.92776 2.4
    endloop
  endfacet
  facet normal -0.382688 0.923878 0
    outer loop
      vertex 161.04 3.75793 2.4
      vertex 161.45 3.92776 -1
      vertex 161.04 3.75793 -1
    endloop
  endfacet
  facet normal -0.991423 0.130691 0
    outer loop
      vertex 162.242 4.96001 -1
      vertex 162.3 5.4 2.4
      vertex 162.3 5.4 -1
    endloop
  endfacet
  facet normal -0.991423 0.130691 0
    outer loop
      vertex 162.3 5.4 2.4
      vertex 162.242 4.96001 -1
      vertex 162.242 4.96001 2.4
    endloop
  endfacet
  facet normal 0.991423 -0.130691 0
    outer loop
      vertex 158.9 5.4 2.4
      vertex 158.958 5.83999 0
      vertex 158.958 5.83999 2.4
    endloop
  endfacet
  facet normal 0.991423 -0.130691 0
    outer loop
      vertex 158.958 5.83999 0
      vertex 158.9 5.4 2.4
      vertex 158.9 5.4 0
    endloop
  endfacet
  facet normal 0 0 1
    outer loop
      vertex 160.9 5.09999 -1
      vertex 162.3 5.4 -1
      vertex 162.242 5.83999 -1
    endloop
  endfacet
  facet normal 0 0 1
    outer loop
      vertex 160.9 5.09999 -1
      vertex 162.242 5.83999 -1
      vertex 162.072 6.25 -1
    endloop
  endfacet
  facet normal 0 0 1
    outer loop
      vertex 162.3 5.4 -1
      vertex 160.9 5.09999 -1
      vertex 162.242 4.96001 -1
    endloop
  endfacet
  facet normal 0 0 1
    outer loop
      vertex 160.9 5.09999 -1
      vertex 162.072 6.25 -1
      vertex 161.802 6.60208 -1
    endloop
  endfacet
  facet normal 0 0 1
    outer loop
      vertex 162.242 4.96001 -1
      vertex 160.9 5.09999 -1
      vertex 162.072 4.55 -1
    endloop
  endfacet
  facet normal 0 0 1
    outer loop
      vertex 160.9 5.09999 -1
      vertex 161.802 6.60208 -1
      vertex 161.45 6.87224 -1
    endloop
  endfacet
  facet normal 0 0 1
    outer loop
      vertex 162.072 4.55 -1
      vertex 160.9 5.09999 -1
      vertex 161.802 4.19792 -1
    endloop
  endfacet
  facet normal 0 0 1
    outer loop
      vertex 160.9 5.09999 -1
      vertex 161.45 6.87224 -1
      vertex 161.04 7.04207 -1
    endloop
  endfacet
  facet normal 0 0 1
    outer loop
      vertex 161.802 4.19792 -1
      vertex 160.9 5.09999 -1
      vertex 161.45 3.92776 -1
    endloop
  endfacet
  facet normal 0 0 1
    outer loop
      vertex 160.9 5.09999 -1
      vertex 161.04 7.04207 -1
      vertex 160.9 7.0605 -1
    endloop
  endfacet
  facet normal 0 0 1
    outer loop
      vertex 161.45 3.92776 -1
      vertex 160.9 5.09999 -1
      vertex 161.04 3.75793 -1
    endloop
  endfacet
  facet normal 0 0 1
    outer loop
      vertex 160.9 5.09999 -1
      vertex 160.6 3.7 -1
      vertex 161.04 3.75793 -1
    endloop
  endfacet
  facet normal 0 0 1
    outer loop
      vertex 160.9 5.09999 -1
      vertex 160.16 3.75793 -1
      vertex 160.6 3.7 -1
    endloop
  endfacet
  facet normal 0 0 1
    outer loop
      vertex 160.9 5.09999 -1
      vertex 159.75 3.92776 -1
      vertex 160.16 3.75793 -1
    endloop
  endfacet
  facet normal 0 0 1
    outer loop
      vertex 160.9 5.09999 -1
      vertex 159.398 4.19792 -1
      vertex 159.75 3.92776 -1
    endloop
  endfacet
  facet normal 0 0 1
    outer loop
      vertex 160.9 5.09999 -1
      vertex 159.128 4.55 -1
      vertex 159.398 4.19792 -1
    endloop
  endfacet
  facet normal 0 0 1
    outer loop
      vertex 160.9 5.09999 -1
      vertex 158.958 4.96001 -1
      vertex 159.128 4.55 -1
    endloop
  endfacet
  facet normal 0 -0 1
    outer loop
      vertex 158.958 4.96001 -1
      vertex 160.9 5.09999 -1
      vertex 158.939 5.09999 -1
    endloop
  endfacet
  facet normal 0.923745 0.383007 0
    outer loop
      vertex 159.128 4.55 2.4
      vertex 158.958 4.96001 -1
      vertex 158.958 4.96001 2.4
    endloop
  endfacet
  facet normal 0.923745 0.383007 0
    outer loop
      vertex 158.958 4.96001 -1
      vertex 159.128 4.55 2.4
      vertex 159.128 4.55 -1
    endloop
  endfacet
  facet normal 0.923745 -0.383007 0
    outer loop
      vertex 158.958 5.83999 2.4
      vertex 159.128 6.25 0
      vertex 159.128 6.25 2.4
    endloop
  endfacet
  facet normal 0.923745 -0.383007 0
    outer loop
      vertex 159.128 6.25 0
      vertex 158.958 5.83999 2.4
      vertex 158.958 5.83999 0
    endloop
  endfacet
  facet normal -0.793528 0.608534 0
    outer loop
      vertex 161.802 4.19792 -1
      vertex 162.072 4.55 2.4
      vertex 162.072 4.55 -1
    endloop
  endfacet
  facet normal -0.793528 0.608534 0
    outer loop
      vertex 162.072 4.55 2.4
      vertex 161.802 4.19792 -1
      vertex 161.802 4.19792 2.4
    endloop
  endfacet
  facet normal 0.608848 0.793287 -0
    outer loop
      vertex 159.75 3.92776 -1
      vertex 159.398 4.19792 2.4
      vertex 159.75 3.92776 2.4
    endloop
  endfacet
  facet normal 0.608848 0.793287 0
    outer loop
      vertex 159.398 4.19792 2.4
      vertex 159.75 3.92776 -1
      vertex 159.398 4.19792 -1
    endloop
  endfacet
  facet normal 0.991656 0.128911 0
    outer loop
      vertex 158.9 5.4 2.4
      vertex 158.939 5.09999 0
      vertex 158.9 5.4 0
    endloop
  endfacet
  facet normal 0.991423 0.130691 -0.000226239
    outer loop
      vertex 158.958 4.96001 2.4
      vertex 158.939 5.09999 0
      vertex 158.9 5.4 2.4
    endloop
  endfacet
  facet normal 0.990914 0.1345 -0
    outer loop
      vertex 158.958 4.96001 -1
      vertex 158.939 5.09999 0
      vertex 158.958 4.96001 2.4
    endloop
  endfacet
  facet normal 0.990914 0.1345 0
    outer loop
      vertex 158.939 5.09999 0
      vertex 158.958 4.96001 -1
      vertex 158.939 5.09999 -1
    endloop
  endfacet
  facet normal 0.382688 0.923878 -0
    outer loop
      vertex 160.16 3.75793 -1
      vertex 159.75 3.92776 2.4
      vertex 160.16 3.75793 2.4
    endloop
  endfacet
  facet normal 0.382688 0.923878 0
    outer loop
      vertex 159.75 3.92776 2.4
      vertex 160.16 3.75793 -1
      vertex 159.75 3.92776 -1
    endloop
  endfacet
  facet normal 0.608848 -0.793287 0
    outer loop
      vertex 159.398 6.60208 0
      vertex 159.75 6.87224 2.4
      vertex 159.398 6.60208 2.4
    endloop
  endfacet
  facet normal 0.608848 -0.793287 0
    outer loop
      vertex 159.75 6.87224 2.4
      vertex 159.398 6.60208 0
      vertex 159.75 6.87224 0
    endloop
  endfacet
  facet normal -0.608848 -0.793287 0
    outer loop
      vertex 161.45 6.87224 -1
      vertex 161.802 6.60208 2.4
      vertex 161.45 6.87224 2.4
    endloop
  endfacet
  facet normal -0.608848 -0.793287 -0
    outer loop
      vertex 161.802 6.60208 2.4
      vertex 161.45 6.87224 -1
      vertex 161.802 6.60208 -1
    endloop
  endfacet
  facet normal -0.13054 -0.991443 0
    outer loop
      vertex 160.9 7.0605 0
      vertex 160.6 7.1 2.4
      vertex 160.6 7.1 0
    endloop
  endfacet
  facet normal -0.130533 -0.991444 9.38867e-07
    outer loop
      vertex 160.6 7.1 2.4
      vertex 160.9 7.0605 0
      vertex 161.04 7.04207 2.4
    endloop
  endfacet
  facet normal -0.130517 -0.991446 0
    outer loop
      vertex 161.04 7.04207 -1
      vertex 160.9 7.0605 0
      vertex 160.9 7.0605 -1
    endloop
  endfacet
  facet normal -0.130517 -0.991446 0
    outer loop
      vertex 160.9 7.0605 0
      vertex 161.04 7.04207 -1
      vertex 161.04 7.04207 2.4
    endloop
  endfacet
  facet normal 0.130533 0.991444 -0
    outer loop
      vertex 160.6 3.7 -1
      vertex 160.16 3.75793 2.4
      vertex 160.6 3.7 2.4
    endloop
  endfacet
  facet normal 0.130533 0.991444 0
    outer loop
      vertex 160.16 3.75793 2.4
      vertex 160.6 3.7 -1
      vertex 160.16 3.75793 -1
    endloop
  endfacet
  facet normal 0.382815 0.923825 -0
    outer loop
      vertex 4.96001 88.9579 -1
      vertex 4.55 89.1278 2.4
      vertex 4.96001 88.9579 2.4
    endloop
  endfacet
  facet normal 0.382815 0.923825 0
    outer loop
      vertex 4.55 89.1278 2.4
      vertex 4.96001 88.9579 -1
      vertex 4.55 89.1278 -1
    endloop
  endfacet
  facet normal -0.923878 -0.382688 0
    outer loop
      vertex 7.04207 91.04 -1
      vertex 6.87224 91.45 2.4
      vertex 6.87224 91.45 -1
    endloop
  endfacet
  facet normal -0.923878 -0.382688 0
    outer loop
      vertex 6.87224 91.45 2.4
      vertex 7.04207 91.04 -1
      vertex 7.04207 91.04 2.4
    endloop
  endfacet
  facet normal -0.991446 -0.130517 -0
    outer loop
      vertex 7.0605 90.9 0
      vertex 7.04207 91.04 -1
      vertex 7.0605 90.9 -1
    endloop
  endfacet
  facet normal -0.991446 -0.130517 0
    outer loop
      vertex 7.04207 91.04 -1
      vertex 7.0605 90.9 0
      vertex 7.04207 91.04 2.4
    endloop
  endfacet
  facet normal -0.991443 -0.13054 -0
    outer loop
      vertex 7.1 90.6 2.4
      vertex 7.0605 90.9 0
      vertex 7.1 90.6 0
    endloop
  endfacet
  facet normal -0.991444 -0.130533 9.38867e-07
    outer loop
      vertex 7.0605 90.9 0
      vertex 7.1 90.6 2.4
      vertex 7.04207 91.04 2.4
    endloop
  endfacet
  facet normal -0.923878 0.382688 0
    outer loop
      vertex 6.87224 89.75 0
      vertex 7.04207 90.16 2.4
      vertex 7.04207 90.16 0
    endloop
  endfacet
  facet normal -0.923878 0.382688 0
    outer loop
      vertex 7.04207 90.16 2.4
      vertex 6.87224 89.75 0
      vertex 6.87224 89.75 2.4
    endloop
  endfacet
  facet normal 0.608676 0.793419 -0
    outer loop
      vertex 4.55 89.1278 -1
      vertex 4.19792 89.3979 2.4
      vertex 4.55 89.1278 2.4
    endloop
  endfacet
  facet normal 0.608676 0.793419 0
    outer loop
      vertex 4.19792 89.3979 2.4
      vertex 4.55 89.1278 -1
      vertex 4.19792 89.3979 -1
    endloop
  endfacet
  facet normal -0.608676 -0.793419 0
    outer loop
      vertex 6.25 92.0722 -1
      vertex 6.60208 91.8021 2.4
      vertex 6.25 92.0722 2.4
    endloop
  endfacet
  facet normal -0.608676 -0.793419 -0
    outer loop
      vertex 6.60208 91.8021 2.4
      vertex 6.25 92.0722 -1
      vertex 6.60208 91.8021 -1
    endloop
  endfacet
  facet normal -0.382815 0.923825 0
    outer loop
      vertex 6.25 89.1278 0
      vertex 5.83999 88.9579 2.4
      vertex 6.25 89.1278 2.4
    endloop
  endfacet
  facet normal -0.382815 0.923825 0
    outer loop
      vertex 5.83999 88.9579 2.4
      vertex 6.25 89.1278 0
      vertex 5.83999 88.9579 0
    endloop
  endfacet
  facet normal -0.793371 0.608739 0
    outer loop
      vertex 6.60208 89.3979 0
      vertex 6.87224 89.75 2.4
      vertex 6.87224 89.75 0
    endloop
  endfacet
  facet normal -0.793371 0.608739 0
    outer loop
      vertex 6.87224 89.75 2.4
      vertex 6.60208 89.3979 0
      vertex 6.60208 89.3979 2.4
    endloop
  endfacet
  facet normal 0.130469 -0.991452 0
    outer loop
      vertex 4.96001 92.2421 -1
      vertex 5.4 92.3 2.4
      vertex 4.96001 92.2421 2.4
    endloop
  endfacet
  facet normal 0.130469 -0.991452 0
    outer loop
      vertex 5.4 92.3 2.4
      vertex 4.96001 92.2421 -1
      vertex 5.4 92.3 -1
    endloop
  endfacet
  facet normal -0.793371 -0.608739 0
    outer loop
      vertex 6.87224 91.45 -1
      vertex 6.60208 91.8021 2.4
      vertex 6.60208 91.8021 -1
    endloop
  endfacet
  facet normal -0.793371 -0.608739 0
    outer loop
      vertex 6.60208 91.8021 2.4
      vertex 6.87224 91.45 -1
      vertex 6.87224 91.45 2.4
    endloop
  endfacet
  facet normal -0.382815 -0.923825 0
    outer loop
      vertex 5.83999 92.2421 -1
      vertex 6.25 92.0722 2.4
      vertex 5.83999 92.2421 2.4
    endloop
  endfacet
  facet normal -0.382815 -0.923825 -0
    outer loop
      vertex 6.25 92.0722 2.4
      vertex 5.83999 92.2421 -1
      vertex 6.25 92.0722 -1
    endloop
  endfacet
  facet normal -0.608676 0.793419 0
    outer loop
      vertex 6.60208 89.3979 0
      vertex 6.25 89.1278 2.4
      vertex 6.60208 89.3979 2.4
    endloop
  endfacet
  facet normal -0.608676 0.793419 0
    outer loop
      vertex 6.25 89.1278 2.4
      vertex 6.60208 89.3979 0
      vertex 6.25 89.1278 0
    endloop
  endfacet
  facet normal 0.608676 -0.793419 0
    outer loop
      vertex 4.19792 91.8021 -1
      vertex 4.55 92.0722 2.4
      vertex 4.19792 91.8021 2.4
    endloop
  endfacet
  facet normal 0.608676 -0.793419 0
    outer loop
      vertex 4.55 92.0722 2.4
      vertex 4.19792 91.8021 -1
      vertex 4.55 92.0722 -1
    endloop
  endfacet
  facet normal 0.793371 0.608739 0
    outer loop
      vertex 4.19792 89.3979 2.4
      vertex 3.92776 89.75 -1
      vertex 3.92776 89.75 2.4
    endloop
  endfacet
  facet normal 0.793371 0.608739 0
    outer loop
      vertex 3.92776 89.75 -1
      vertex 4.19792 89.3979 2.4
      vertex 4.19792 89.3979 -1
    endloop
  endfacet
  facet normal 0.923878 -0.382688 0
    outer loop
      vertex 3.75793 91.04 2.4
      vertex 3.92776 91.45 -1
      vertex 3.92776 91.45 2.4
    endloop
  endfacet
  facet normal 0.923878 -0.382688 0
    outer loop
      vertex 3.92776 91.45 -1
      vertex 3.75793 91.04 2.4
      vertex 3.75793 91.04 -1
    endloop
  endfacet
  facet normal 0.382815 -0.923825 0
    outer loop
      vertex 4.55 92.0722 -1
      vertex 4.96001 92.2421 2.4
      vertex 4.55 92.0722 2.4
    endloop
  endfacet
  facet normal 0.382815 -0.923825 0
    outer loop
      vertex 4.96001 92.2421 2.4
      vertex 4.55 92.0722 -1
      vertex 4.96001 92.2421 -1
    endloop
  endfacet
  facet normal -0.991444 0.130533 0
    outer loop
      vertex 7.04207 90.16 0
      vertex 7.1 90.6 2.4
      vertex 7.1 90.6 0
    endloop
  endfacet
  facet normal -0.991444 0.130533 0
    outer loop
      vertex 7.1 90.6 2.4
      vertex 7.04207 90.16 0
      vertex 7.04207 90.16 2.4
    endloop
  endfacet
  facet normal -0.130469 0.991452 0
    outer loop
      vertex 5.83999 88.9579 0
      vertex 5.4 88.9 2.4
      vertex 5.83999 88.9579 2.4
    endloop
  endfacet
  facet normal -0.130469 0.991452 0
    outer loop
      vertex 5.4 88.9 2.4
      vertex 5.83999 88.9579 0
      vertex 5.4 88.9 0
    endloop
  endfacet
  facet normal 0.991444 -0.130533 0
    outer loop
      vertex 3.7 90.6 2.4
      vertex 3.75793 91.04 -1
      vertex 3.75793 91.04 2.4
    endloop
  endfacet
  facet normal 0.991444 -0.130533 0
    outer loop
      vertex 3.75793 91.04 -1
      vertex 3.7 90.6 2.4
      vertex 3.7 90.6 -1
    endloop
  endfacet
  facet normal 0.130536 0.991444 0
    outer loop
      vertex 5.09999 88.9395 0
      vertex 5.4 88.9 2.4
      vertex 5.4 88.9 0
    endloop
  endfacet
  facet normal 0.130469 0.991452 8.47448e-06
    outer loop
      vertex 5.4 88.9 2.4
      vertex 5.09999 88.9395 0
      vertex 4.96001 88.9579 2.4
    endloop
  endfacet
  facet normal 0.130326 0.991471 0
    outer loop
      vertex 4.96001 88.9579 -1
      vertex 5.09999 88.9395 0
      vertex 5.09999 88.9395 -1
    endloop
  endfacet
  facet normal 0.130326 0.991471 0
    outer loop
      vertex 5.09999 88.9395 0
      vertex 4.96001 88.9579 -1
      vertex 4.96001 88.9579 2.4
    endloop
  endfacet
  facet normal 0.793371 -0.608739 0
    outer loop
      vertex 3.92776 91.45 2.4
      vertex 4.19792 91.8021 -1
      vertex 4.19792 91.8021 2.4
    endloop
  endfacet
  facet normal 0.793371 -0.608739 0
    outer loop
      vertex 4.19792 91.8021 -1
      vertex 3.92776 91.45 2.4
      vertex 3.92776 91.45 -1
    endloop
  endfacet
  facet normal 0.991444 0.130533 0
    outer loop
      vertex 3.75793 90.16 2.4
      vertex 3.7 90.6 -1
      vertex 3.7 90.6 2.4
    endloop
  endfacet
  facet normal 0.991444 0.130533 0
    outer loop
      vertex 3.7 90.6 -1
      vertex 3.75793 90.16 2.4
      vertex 3.75793 90.16 -1
    endloop
  endfacet
  facet normal -0.130469 -0.991452 0
    outer loop
      vertex 5.4 92.3 -1
      vertex 5.83999 92.2421 2.4
      vertex 5.4 92.3 2.4
    endloop
  endfacet
  facet normal -0.130469 -0.991452 -0
    outer loop
      vertex 5.83999 92.2421 2.4
      vertex 5.4 92.3 -1
      vertex 5.83999 92.2421 -1
    endloop
  endfacet
  facet normal 0.923878 0.382688 0
    outer loop
      vertex 3.92776 89.75 2.4
      vertex 3.75793 90.16 -1
      vertex 3.75793 90.16 2.4
    endloop
  endfacet
  facet normal 0.923878 0.382688 0
    outer loop
      vertex 3.75793 90.16 -1
      vertex 3.92776 89.75 2.4
      vertex 3.92776 89.75 -1
    endloop
  endfacet
  facet normal 0 0 1
    outer loop
      vertex 5.09999 90.9 -1
      vertex 7.04207 91.04 -1
      vertex 6.87224 91.45 -1
    endloop
  endfacet
  facet normal 0 0 1
    outer loop
      vertex 5.09999 90.9 -1
      vertex 6.87224 91.45 -1
      vertex 6.60208 91.8021 -1
    endloop
  endfacet
  facet normal 0 0 1
    outer loop
      vertex 5.09999 90.9 -1
      vertex 6.60208 91.8021 -1
      vertex 6.25 92.0722 -1
    endloop
  endfacet
  facet normal 0 0 1
    outer loop
      vertex 5.09999 90.9 -1
      vertex 6.25 92.0722 -1
      vertex 5.83999 92.2421 -1
    endloop
  endfacet
  facet normal 0 0 1
    outer loop
      vertex 5.09999 90.9 -1
      vertex 5.83999 92.2421 -1
      vertex 5.4 92.3 -1
    endloop
  endfacet
  facet normal 0 0 1
    outer loop
      vertex 7.04207 91.04 -1
      vertex 5.09999 90.9 -1
      vertex 7.0605 90.9 -1
    endloop
  endfacet
  facet normal -0 0 1
    outer loop
      vertex 4.96001 92.2421 -1
      vertex 5.09999 90.9 -1
      vertex 5.4 92.3 -1
    endloop
  endfacet
  facet normal -0 0 1
    outer loop
      vertex 4.55 92.0722 -1
      vertex 5.09999 90.9 -1
      vertex 4.96001 92.2421 -1
    endloop
  endfacet
  facet normal -0 0 1
    outer loop
      vertex 4.19792 91.8021 -1
      vertex 5.09999 90.9 -1
      vertex 4.55 92.0722 -1
    endloop
  endfacet
  facet normal -0 0 1
    outer loop
      vertex 3.92776 91.45 -1
      vertex 5.09999 90.9 -1
      vertex 4.19792 91.8021 -1
    endloop
  endfacet
  facet normal 0 0 1
    outer loop
      vertex 5.09999 90.9 -1
      vertex 4.96001 88.9579 -1
      vertex 5.09999 88.9395 -1
    endloop
  endfacet
  facet normal 0 -0 1
    outer loop
      vertex 4.55 89.1278 -1
      vertex 5.09999 90.9 -1
      vertex 4.19792 89.3979 -1
    endloop
  endfacet
  facet normal 0 -0 1
    outer loop
      vertex 4.96001 88.9579 -1
      vertex 5.09999 90.9 -1
      vertex 4.55 89.1278 -1
    endloop
  endfacet
  facet normal -0 0 1
    outer loop
      vertex 3.75793 91.04 -1
      vertex 5.09999 90.9 -1
      vertex 3.92776 91.45 -1
    endloop
  endfacet
  facet normal 0 0 1
    outer loop
      vertex 5.09999 90.9 -1
      vertex 3.92776 89.75 -1
      vertex 4.19792 89.3979 -1
    endloop
  endfacet
  facet normal 0 0 1
    outer loop
      vertex 3.7 90.6 -1
      vertex 5.09999 90.9 -1
      vertex 3.75793 91.04 -1
    endloop
  endfacet
  facet normal 0 0 1
    outer loop
      vertex 5.09999 90.9 -1
      vertex 3.75793 90.16 -1
      vertex 3.92776 89.75 -1
    endloop
  endfacet
  facet normal 0 0 1
    outer loop
      vertex 5.09999 90.9 -1
      vertex 3.7 90.6 -1
      vertex 3.75793 90.16 -1
    endloop
  endfacet
  facet normal -0.923742 -0.383015 0
    outer loop
      vertex 162.242 91.04 -1
      vertex 162.072 91.45 2.4
      vertex 162.072 91.45 -1
    endloop
  endfacet
  facet normal -0.923742 -0.383015 0
    outer loop
      vertex 162.072 91.45 2.4
      vertex 162.242 91.04 -1
      vertex 162.242 91.04 2.4
    endloop
  endfacet
  facet normal -0.991424 -0.130688 0
    outer loop
      vertex 162.3 90.6 -1
      vertex 162.242 91.04 2.4
      vertex 162.242 91.04 -1
    endloop
  endfacet
  facet normal -0.991424 -0.130688 0
    outer loop
      vertex 162.242 91.04 2.4
      vertex 162.3 90.6 -1
      vertex 162.3 90.6 2.4
    endloop
  endfacet
  facet normal 0.793545 -0.608512 0
    outer loop
      vertex 159.128 91.45 2.4
      vertex 159.398 91.8021 -1
      vertex 159.398 91.8021 2.4
    endloop
  endfacet
  facet normal 0.793545 -0.608512 0
    outer loop
      vertex 159.398 91.8021 -1
      vertex 159.128 91.45 2.4
      vertex 159.128 91.45 -1
    endloop
  endfacet
  facet normal -0.793545 0.608512 0
    outer loop
      vertex 161.802 89.3979 -1
      vertex 162.072 89.75 2.4
      vertex 162.072 89.75 -1
    endloop
  endfacet
  facet normal -0.793545 0.608512 0
    outer loop
      vertex 162.072 89.75 2.4
      vertex 161.802 89.3979 -1
      vertex 161.802 89.3979 2.4
    endloop
  endfacet
  facet normal -0.382823 -0.923822 0
    outer loop
      vertex 161.04 92.2421 -1
      vertex 161.45 92.0722 2.4
      vertex 161.04 92.2421 2.4
    endloop
  endfacet
  facet normal -0.382823 -0.923822 -0
    outer loop
      vertex 161.45 92.0722 2.4
      vertex 161.04 92.2421 -1
      vertex 161.45 92.0722 -1
    endloop
  endfacet
  facet normal 0.130466 0.991453 -0
    outer loop
      vertex 160.6 88.9 0
      vertex 160.16 88.9579 2.4
      vertex 160.6 88.9 2.4
    endloop
  endfacet
  facet normal 0.130466 0.991453 0
    outer loop
      vertex 160.16 88.9579 2.4
      vertex 160.6 88.9 0
      vertex 160.16 88.9579 0
    endloop
  endfacet
  facet normal 0.608763 -0.793352 0
    outer loop
      vertex 159.398 91.8021 -1
      vertex 159.75 92.0722 2.4
      vertex 159.398 91.8021 2.4
    endloop
  endfacet
  facet normal 0.608763 -0.793352 0
    outer loop
      vertex 159.75 92.0722 2.4
      vertex 159.398 91.8021 -1
      vertex 159.75 92.0722 -1
    endloop
  endfacet
  facet normal 0.382823 -0.923822 0
    outer loop
      vertex 159.75 92.0722 -1
      vertex 160.16 92.2421 2.4
      vertex 159.75 92.0722 2.4
    endloop
  endfacet
  facet normal 0.382823 -0.923822 0
    outer loop
      vertex 160.16 92.2421 2.4
      vertex 159.75 92.0722 -1
      vertex 160.16 92.2421 -1
    endloop
  endfacet
  facet normal -0.923742 0.383015 0
    outer loop
      vertex 162.072 89.75 -1
      vertex 162.242 90.16 2.4
      vertex 162.242 90.16 -1
    endloop
  endfacet
  facet normal -0.923742 0.383015 0
    outer loop
      vertex 162.242 90.16 2.4
      vertex 162.072 89.75 -1
      vertex 162.072 89.75 2.4
    endloop
  endfacet
  facet normal -0.130466 0.991453 9.38876e-06
    outer loop
      vertex 161.04 88.9579 2.4
      vertex 160.9 88.9395 0
      vertex 160.6 88.9 2.4
    endloop
  endfacet
  facet normal -0.130308 0.991474 0
    outer loop
      vertex 161.04 88.9579 -1
      vertex 160.9 88.9395 0
      vertex 161.04 88.9579 2.4
    endloop
  endfacet
  facet normal -0.130308 0.991474 0
    outer loop
      vertex 160.9 88.9395 0
      vertex 161.04 88.9579 -1
      vertex 160.9 88.9395 -1
    endloop
  endfacet
  facet normal -0.13054 0.991443 0
    outer loop
      vertex 160.6 88.9 2.4
      vertex 160.9 88.9395 0
      vertex 160.6 88.9 0
    endloop
  endfacet
  facet normal -0.991424 0.130688 0
    outer loop
      vertex 162.242 90.16 -1
      vertex 162.3 90.6 2.4
      vertex 162.3 90.6 -1
    endloop
  endfacet
  facet normal -0.991424 0.130688 0
    outer loop
      vertex 162.3 90.6 2.4
      vertex 162.242 90.16 -1
      vertex 162.242 90.16 2.4
    endloop
  endfacet
  facet normal -0.382823 0.923822 0
    outer loop
      vertex 161.45 89.1278 -1
      vertex 161.04 88.9579 2.4
      vertex 161.45 89.1278 2.4
    endloop
  endfacet
  facet normal -0.382823 0.923822 0
    outer loop
      vertex 161.04 88.9579 2.4
      vertex 161.45 89.1278 -1
      vertex 161.04 88.9579 -1
    endloop
  endfacet
  facet normal 0.608763 0.793352 -0
    outer loop
      vertex 159.75 89.1278 0
      vertex 159.398 89.3979 2.4
      vertex 159.75 89.1278 2.4
    endloop
  endfacet
  facet normal 0.608763 0.793352 0
    outer loop
      vertex 159.398 89.3979 2.4
      vertex 159.75 89.1278 0
      vertex 159.398 89.3979 0
    endloop
  endfacet
  facet normal -0.130466 -0.991453 0
    outer loop
      vertex 160.6 92.3 -1
      vertex 161.04 92.2421 2.4
      vertex 160.6 92.3 2.4
    endloop
  endfacet
  facet normal -0.130466 -0.991453 -0
    outer loop
      vertex 161.04 92.2421 2.4
      vertex 160.6 92.3 -1
      vertex 161.04 92.2421 -1
    endloop
  endfacet
  facet normal 0.793545 0.608512 0
    outer loop
      vertex 159.398 89.3979 2.4
      vertex 159.128 89.75 0
      vertex 159.128 89.75 2.4
    endloop
  endfacet
  facet normal 0.793545 0.608512 0
    outer loop
      vertex 159.128 89.75 0
      vertex 159.398 89.3979 2.4
      vertex 159.398 89.3979 0
    endloop
  endfacet
  facet normal 0.991424 0.130688 0
    outer loop
      vertex 158.958 90.16 2.4
      vertex 158.9 90.6 0
      vertex 158.9 90.6 2.4
    endloop
  endfacet
  facet normal 0.991424 0.130688 0
    outer loop
      vertex 158.9 90.6 0
      vertex 158.958 90.16 2.4
      vertex 158.958 90.16 0
    endloop
  endfacet
  facet normal -0.608763 0.793352 0
    outer loop
      vertex 161.802 89.3979 -1
      vertex 161.45 89.1278 2.4
      vertex 161.802 89.3979 2.4
    endloop
  endfacet
  facet normal -0.608763 0.793352 0
    outer loop
      vertex 161.45 89.1278 2.4
      vertex 161.802 89.3979 -1
      vertex 161.45 89.1278 -1
    endloop
  endfacet
  facet normal 0.130466 -0.991453 0
    outer loop
      vertex 160.16 92.2421 -1
      vertex 160.6 92.3 2.4
      vertex 160.16 92.2421 2.4
    endloop
  endfacet
  facet normal 0.130466 -0.991453 0
    outer loop
      vertex 160.6 92.3 2.4
      vertex 160.16 92.2421 -1
      vertex 160.6 92.3 -1
    endloop
  endfacet
  facet normal 0.990916 -0.134481 0
    outer loop
      vertex 158.958 91.04 2.4
      vertex 158.939 90.9 0
      vertex 158.958 91.04 -1
    endloop
  endfacet
  facet normal 0.991424 -0.130688 -0.000225324
    outer loop
      vertex 158.9 90.6 2.4
      vertex 158.939 90.9 0
      vertex 158.958 91.04 2.4
    endloop
  endfacet
  facet normal 0.991656 -0.128915 0
    outer loop
      vertex 158.939 90.9 0
      vertex 158.9 90.6 2.4
      vertex 158.9 90.6 0
    endloop
  endfacet
  facet normal 0.990916 -0.134481 0
    outer loop
      vertex 158.958 91.04 -1
      vertex 158.939 90.9 0
      vertex 158.939 90.9 -1
    endloop
  endfacet
  facet normal -0.608763 -0.793352 0
    outer loop
      vertex 161.45 92.0722 -1
      vertex 161.802 91.8021 2.4
      vertex 161.45 92.0722 2.4
    endloop
  endfacet
  facet normal -0.608763 -0.793352 -0
    outer loop
      vertex 161.802 91.8021 2.4
      vertex 161.45 92.0722 -1
      vertex 161.802 91.8021 -1
    endloop
  endfacet
  facet normal 0.923742 -0.383015 0
    outer loop
      vertex 158.958 91.04 2.4
      vertex 159.128 91.45 -1
      vertex 159.128 91.45 2.4
    endloop
  endfacet
  facet normal 0.923742 -0.383015 0
    outer loop
      vertex 159.128 91.45 -1
      vertex 158.958 91.04 2.4
      vertex 158.958 91.04 -1
    endloop
  endfacet
  facet normal 0.382823 0.923822 -0
    outer loop
      vertex 160.16 88.9579 0
      vertex 159.75 89.1278 2.4
      vertex 160.16 88.9579 2.4
    endloop
  endfacet
  facet normal 0.382823 0.923822 0
    outer loop
      vertex 159.75 89.1278 2.4
      vertex 160.16 88.9579 0
      vertex 159.75 89.1278 0
    endloop
  endfacet
  facet normal -0.793545 -0.608512 0
    outer loop
      vertex 162.072 91.45 -1
      vertex 161.802 91.8021 2.4
      vertex 161.802 91.8021 -1
    endloop
  endfacet
  facet normal -0.793545 -0.608512 0
    outer loop
      vertex 161.802 91.8021 2.4
      vertex 162.072 91.45 -1
      vertex 162.072 91.45 2.4
    endloop
  endfacet
  facet normal 0.923742 0.383015 0
    outer loop
      vertex 159.128 89.75 2.4
      vertex 158.958 90.16 0
      vertex 158.958 90.16 2.4
    endloop
  endfacet
  facet normal 0.923742 0.383015 0
    outer loop
      vertex 158.958 90.16 0
      vertex 159.128 89.75 2.4
      vertex 159.128 89.75 0
    endloop
  endfacet
  facet normal -0 0 1
    outer loop
      vertex 160.9 90.9 -1
      vertex 162.3 90.6 -1
      vertex 162.242 91.04 -1
    endloop
  endfacet
  facet normal 0 0 1
    outer loop
      vertex 160.9 90.9 -1
      vertex 162.242 91.04 -1
      vertex 162.072 91.45 -1
    endloop
  endfacet
  facet normal 0 0 1
    outer loop
      vertex 162.3 90.6 -1
      vertex 160.9 90.9 -1
      vertex 162.242 90.16 -1
    endloop
  endfacet
  facet normal 0 0 1
    outer loop
      vertex 160.9 90.9 -1
      vertex 162.072 91.45 -1
      vertex 161.802 91.8021 -1
    endloop
  endfacet
  facet normal 0 0 1
    outer loop
      vertex 162.242 90.16 -1
      vertex 160.9 90.9 -1
      vertex 162.072 89.75 -1
    endloop
  endfacet
  facet normal 0 0 1
    outer loop
      vertex 160.9 90.9 -1
      vertex 161.802 91.8021 -1
      vertex 161.45 92.0722 -1
    endloop
  endfacet
  facet normal 0 0 1
    outer loop
      vertex 162.072 89.75 -1
      vertex 160.9 90.9 -1
      vertex 161.802 89.3979 -1
    endloop
  endfacet
  facet normal 0 0 1
    outer loop
      vertex 160.9 90.9 -1
      vertex 161.45 92.0722 -1
      vertex 161.04 92.2421 -1
    endloop
  endfacet
  facet normal 0 0 1
    outer loop
      vertex 161.802 89.3979 -1
      vertex 160.9 90.9 -1
      vertex 161.45 89.1278 -1
    endloop
  endfacet
  facet normal 0 0 1
    outer loop
      vertex 161.45 89.1278 -1
      vertex 160.9 90.9 -1
      vertex 161.04 88.9579 -1
    endloop
  endfacet
  facet normal 0 0 1
    outer loop
      vertex 160.6 92.3 -1
      vertex 160.9 90.9 -1
      vertex 161.04 92.2421 -1
    endloop
  endfacet
  facet normal -0 0 1
    outer loop
      vertex 160.16 92.2421 -1
      vertex 160.9 90.9 -1
      vertex 160.6 92.3 -1
    endloop
  endfacet
  facet normal -0 0 1
    outer loop
      vertex 159.75 92.0722 -1
      vertex 160.9 90.9 -1
      vertex 160.16 92.2421 -1
    endloop
  endfacet
  facet normal -0 0 1
    outer loop
      vertex 159.398 91.8021 -1
      vertex 160.9 90.9 -1
      vertex 159.75 92.0722 -1
    endloop
  endfacet
  facet normal -0 0 1
    outer loop
      vertex 159.128 91.45 -1
      vertex 160.9 90.9 -1
      vertex 159.398 91.8021 -1
    endloop
  endfacet
  facet normal -0 0 1
    outer loop
      vertex 158.958 91.04 -1
      vertex 160.9 90.9 -1
      vertex 159.128 91.45 -1
    endloop
  endfacet
  facet normal 0 0 1
    outer loop
      vertex 160.9 90.9 -1
      vertex 158.958 91.04 -1
      vertex 158.939 90.9 -1
    endloop
  endfacet
  facet normal 0 0 1
    outer loop
      vertex 161.04 88.9579 -1
      vertex 160.9 90.9 -1
      vertex 160.9 88.9395 -1
    endloop
  endfacet
  facet normal -0 0 1
    outer loop
      vertex 90 5.09999 -1
      vertex 152 2.7 -1
      vertex 152 5.09999 -1
    endloop
  endfacet
  facet normal 0 0 1
    outer loop
      vertex 152 2.7 -1
      vertex 90 5.09999 -1
      vertex 90 2.7 -1
    endloop
  endfacet
  facet normal -0 0 1
    outer loop
      vertex 160.9 28 -1
      vertex 163.3 14 -1
      vertex 163.3 28 -1
    endloop
  endfacet
  facet normal 0 0 1
    outer loop
      vertex 163.3 14 -1
      vertex 160.9 28 -1
      vertex 160.9 14 -1
    endloop
  endfacet
  facet normal 1 0 0
    outer loop
      vertex 90 18 2.4
      vertex 90 5.09999 0
      vertex 90 18 0
    endloop
  endfacet
  facet normal 1 0 0
    outer loop
      vertex 90 5.09999 0
      vertex 90 2.7 0
      vertex 90 5.09999 -1
    endloop
  endfacet
  facet normal 1 -0 0
    outer loop
      vertex 90 0 2.4
      vertex 90 5.09999 0
      vertex 90 18 2.4
    endloop
  endfacet
  facet normal 1 0 0
    outer loop
      vertex 90 5.09999 0
      vertex 90 0 2.4
      vertex 90 2.7 0
    endloop
  endfacet
  facet normal 1 0 0
    outer loop
      vertex 90 2.7 0
      vertex 90 0 2.4
      vertex 90 0 0
    endloop
  endfacet
  facet normal 1 0 0
    outer loop
      vertex 90 5.09999 -1
      vertex 90 2.7 0
      vertex 90 2.7 -1
    endloop
  endfacet
  facet normal 0 -1 0
    outer loop
      vertex 90 18 0
      vertex 148 18 2.4
      vertex 90 18 2.4
    endloop
  endfacet
  facet normal 0 -1 -0
    outer loop
      vertex 148 18 2.4
      vertex 90 18 0
      vertex 148 18 0
    endloop
  endfacet
  facet normal -1 0 0
    outer loop
      vertex 152 5.09999 -1
      vertex 152 2.7 -1
      vertex 152 5.09999 0
    endloop
  endfacet
  facet normal -1 0 0
    outer loop
      vertex 152 5.09999 0
      vertex 152 14 2.4
      vertex 152 14 0
    endloop
  endfacet
  facet normal -1 0 0
    outer loop
      vertex 152 2.7 0
      vertex 152 5.09999 0
      vertex 152 2.7 -1
    endloop
  endfacet
  facet normal -1 0 0
    outer loop
      vertex 152 0 2.4
      vertex 152 5.09999 0
      vertex 152 2.7 0
    endloop
  endfacet
  facet normal -1 0 0
    outer loop
      vertex 152 0 2.4
      vertex 152 2.7 0
      vertex 152 0 0
    endloop
  endfacet
  facet normal -1 0 0
    outer loop
      vertex 152 5.09999 0
      vertex 152 0 2.4
      vertex 152 14 2.4
    endloop
  endfacet
  facet normal 1 -0 0
    outer loop
      vertex 148 18 2.4
      vertex 148 28 0
      vertex 148 28 2.4
    endloop
  endfacet
  facet normal 1 0 0
    outer loop
      vertex 148 28 0
      vertex 148 18 2.4
      vertex 148 18 0
    endloop
  endfacet
  facet normal 0 -1 0
    outer loop
      vertex 160.9 28 -1
      vertex 163.3 28 0
      vertex 160.9 28 0
    endloop
  endfacet
  facet normal 0 -1 -0
    outer loop
      vertex 163.3 28 0
      vertex 160.9 28 -1
      vertex 163.3 28 -1
    endloop
  endfacet
  facet normal 0 -1 0
    outer loop
      vertex 160.9 28 0
      vertex 148 28 2.4
      vertex 148 28 0
    endloop
  endfacet
  facet normal 0 -1 0
    outer loop
      vertex 148 28 2.4
      vertex 160.9 28 0
      vertex 166 28 2.4
    endloop
  endfacet
  facet normal 0 -1 0
    outer loop
      vertex 163.3 28 0
      vertex 166 28 2.4
      vertex 160.9 28 0
    endloop
  endfacet
  facet normal 0 -1 -0
    outer loop
      vertex 166 28 2.4
      vertex 163.3 28 0
      vertex 166 28 0
    endloop
  endfacet
  facet normal 0 1 -0
    outer loop
      vertex 163.3 14 -1
      vertex 160.9 14 0
      vertex 163.3 14 0
    endloop
  endfacet
  facet normal 0 1 0
    outer loop
      vertex 160.9 14 0
      vertex 163.3 14 -1
      vertex 160.9 14 -1
    endloop
  endfacet
  facet normal 0 1 0
    outer loop
      vertex 163.3 14 0
      vertex 166 14 2.4
      vertex 166 14 0
    endloop
  endfacet
  facet normal 0 1 0
    outer loop
      vertex 160.9 14 0
      vertex 166 14 2.4
      vertex 163.3 14 0
    endloop
  endfacet
  facet normal 0 1 0
    outer loop
      vertex 166 14 2.4
      vertex 160.9 14 0
      vertex 152 14 2.4
    endloop
  endfacet
  facet normal 0 1 0
    outer loop
      vertex 152 14 2.4
      vertex 160.9 14 0
      vertex 152 14 0
    endloop
  endfacet
  facet normal 0.130463 -0.991453 0
    outer loop
      vertex 145.835 79.3467 0
      vertex 147 79.5 2.4
      vertex 145.835 79.3467 2.4
    endloop
  endfacet
  facet normal 0.130463 -0.991453 0
    outer loop
      vertex 147 79.5 2.4
      vertex 145.835 79.3467 0
      vertex 147 79.5 0
    endloop
  endfacet
  facet normal 0.793414 -0.608682 0
    outer loop
      vertex 143.103 77.25 2.4
      vertex 143.818 78.182 0
      vertex 143.818 78.182 2.4
    endloop
  endfacet
  facet normal 0.793414 -0.608682 0
    outer loop
      vertex 143.818 78.182 0
      vertex 143.103 77.25 2.4
      vertex 143.103 77.25 0
    endloop
  endfacet
  facet normal 0.382813 -0.923826 0
    outer loop
      vertex 144.75 78.8971 0
      vertex 145.835 79.3467 2.4
      vertex 144.75 78.8971 2.4
    endloop
  endfacet
  facet normal 0.382813 -0.923826 0
    outer loop
      vertex 145.835 79.3467 2.4
      vertex 144.75 78.8971 0
      vertex 145.835 79.3467 0
    endloop
  endfacet
  facet normal -0.382813 -0.923826 0
    outer loop
      vertex 148.165 79.3467 0
      vertex 149.25 78.8971 2.4
      vertex 148.165 79.3467 2.4
    endloop
  endfacet
  facet normal -0.382813 -0.923826 -0
    outer loop
      vertex 149.25 78.8971 2.4
      vertex 148.165 79.3467 0
      vertex 149.25 78.8971 0
    endloop
  endfacet
  facet normal 0.382813 0.923826 -0
    outer loop
      vertex 145.835 70.6533 0
      vertex 144.75 71.1029 2.4
      vertex 145.835 70.6533 2.4
    endloop
  endfacet
  facet normal 0.382813 0.923826 0
    outer loop
      vertex 144.75 71.1029 2.4
      vertex 145.835 70.6533 0
      vertex 144.75 71.1029 0
    endloop
  endfacet
  facet normal -0.382813 0.923826 0
    outer loop
      vertex 149.25 71.1029 0
      vertex 148.165 70.6533 2.4
      vertex 149.25 71.1029 2.4
    endloop
  endfacet
  facet normal -0.382813 0.923826 0
    outer loop
      vertex 148.165 70.6533 2.4
      vertex 149.25 71.1029 0
      vertex 148.165 70.6533 0
    endloop
  endfacet
  facet normal 0.991482 -0.130245 0
    outer loop
      vertex 142.5 75 2.4
      vertex 142.653 76.1647 0
      vertex 142.653 76.1647 2.4
    endloop
  endfacet
  facet normal 0.991482 -0.130245 0
    outer loop
      vertex 142.653 76.1647 0
      vertex 142.5 75 2.4
      vertex 142.5 75 0
    endloop
  endfacet
  facet normal 0.130463 0.991453 -0
    outer loop
      vertex 147 70.5 0
      vertex 145.835 70.6533 2.4
      vertex 147 70.5 2.4
    endloop
  endfacet
  facet normal 0.130463 0.991453 0
    outer loop
      vertex 145.835 70.6533 2.4
      vertex 147 70.5 0
      vertex 145.835 70.6533 0
    endloop
  endfacet
  facet normal -0.793406 0.608693 0
    outer loop
      vertex 150.182 71.818 0
      vertex 150.5 72.2325 2.4
      vertex 150.5 72.2325 0
    endloop
  endfacet
  facet normal -0.793406 0.608693 0
    outer loop
      vertex 150.5 72.2325 2.4
      vertex 150.182 71.818 0
      vertex 150.182 71.818 2.4
    endloop
  endfacet
  facet normal -0.608735 0.793373 0
    outer loop
      vertex 150.182 71.818 0
      vertex 149.25 71.1029 2.4
      vertex 150.182 71.818 2.4
    endloop
  endfacet
  facet normal -0.608735 0.793373 0
    outer loop
      vertex 149.25 71.1029 2.4
      vertex 150.182 71.818 0
      vertex 149.25 71.1029 0
    endloop
  endfacet
  facet normal -0.130463 0.991453 0
    outer loop
      vertex 148.165 70.6533 0
      vertex 147 70.5 2.4
      vertex 148.165 70.6533 2.4
    endloop
  endfacet
  facet normal -0.130463 0.991453 0
    outer loop
      vertex 147 70.5 2.4
      vertex 148.165 70.6533 0
      vertex 147 70.5 0
    endloop
  endfacet
  facet normal 0.608735 0.793373 -0
    outer loop
      vertex 144.75 71.1029 0
      vertex 143.818 71.818 2.4
      vertex 144.75 71.1029 2.4
    endloop
  endfacet
  facet normal 0.608735 0.793373 0
    outer loop
      vertex 143.818 71.818 2.4
      vertex 144.75 71.1029 0
      vertex 143.818 71.818 0
    endloop
  endfacet
  facet normal 0.991482 0.130245 0
    outer loop
      vertex 142.653 73.8353 2.4
      vertex 142.5 75 0
      vertex 142.5 75 2.4
    endloop
  endfacet
  facet normal 0.991482 0.130245 0
    outer loop
      vertex 142.5 75 0
      vertex 142.653 73.8353 2.4
      vertex 142.653 73.8353 0
    endloop
  endfacet
  facet normal 0.608735 -0.793373 0
    outer loop
      vertex 143.818 78.182 0
      vertex 144.75 78.8971 2.4
      vertex 143.818 78.182 2.4
    endloop
  endfacet
  facet normal 0.608735 -0.793373 0
    outer loop
      vertex 144.75 78.8971 2.4
      vertex 143.818 78.182 0
      vertex 144.75 78.8971 0
    endloop
  endfacet
  facet normal -0.608735 -0.793373 0
    outer loop
      vertex 149.25 78.8971 0
      vertex 150.182 78.182 2.4
      vertex 149.25 78.8971 2.4
    endloop
  endfacet
  facet normal -0.608735 -0.793373 -0
    outer loop
      vertex 150.182 78.182 2.4
      vertex 149.25 78.8971 0
      vertex 150.182 78.182 0
    endloop
  endfacet
  facet normal -0.130463 -0.991453 0
    outer loop
      vertex 147 79.5 0
      vertex 148.165 79.3467 2.4
      vertex 147 79.5 2.4
    endloop
  endfacet
  facet normal -0.130463 -0.991453 -0
    outer loop
      vertex 148.165 79.3467 2.4
      vertex 147 79.5 0
      vertex 148.165 79.3467 0
    endloop
  endfacet
  facet normal -0.793406 -0.608693 0
    outer loop
      vertex 150.5 77.7675 0
      vertex 150.182 78.182 2.4
      vertex 150.182 78.182 0
    endloop
  endfacet
  facet normal -0.793406 -0.608693 0
    outer loop
      vertex 150.182 78.182 2.4
      vertex 150.5 77.7675 0
      vertex 150.5 77.7675 2.4
    endloop
  endfacet
  facet normal 0.923743 0.383013 0
    outer loop
      vertex 143.103 72.75 2.4
      vertex 142.653 73.8353 0
      vertex 142.653 73.8353 2.4
    endloop
  endfacet
  facet normal 0.923743 0.383013 0
    outer loop
      vertex 142.653 73.8353 0
      vertex 143.103 72.75 2.4
      vertex 143.103 72.75 0
    endloop
  endfacet
  facet normal 0.923743 -0.383013 0
    outer loop
      vertex 142.653 76.1647 2.4
      vertex 143.103 77.25 0
      vertex 143.103 77.25 2.4
    endloop
  endfacet
  facet normal 0.923743 -0.383013 0
    outer loop
      vertex 143.103 77.25 0
      vertex 142.653 76.1647 2.4
      vertex 142.653 76.1647 0
    endloop
  endfacet
  facet normal 0.793414 0.608682 0
    outer loop
      vertex 143.818 71.818 2.4
      vertex 143.103 72.75 0
      vertex 143.103 72.75 2.4
    endloop
  endfacet
  facet normal 0.793414 0.608682 0
    outer loop
      vertex 143.103 72.75 0
      vertex 143.818 71.818 2.4
      vertex 143.818 71.818 0
    endloop
  endfacet
  facet normal -0.923743 -0.383013 0
    outer loop
      vertex 158.347 76.1647 0
      vertex 157.897 77.25 2.4
      vertex 157.897 77.25 0
    endloop
  endfacet
  facet normal -0.923743 -0.383013 0
    outer loop
      vertex 157.897 77.25 2.4
      vertex 158.347 76.1647 0
      vertex 158.347 76.1647 2.4
    endloop
  endfacet
  facet normal -0.991482 -0.130245 0
    outer loop
      vertex 158.5 75 0
      vertex 158.347 76.1647 2.4
      vertex 158.347 76.1647 0
    endloop
  endfacet
  facet normal -0.991482 -0.130245 0
    outer loop
      vertex 158.347 76.1647 2.4
      vertex 158.5 75 0
      vertex 158.5 75 2.4
    endloop
  endfacet
  facet normal 0.130463 -0.991453 0
    outer loop
      vertex 152.835 79.3467 0
      vertex 154 79.5 2.4
      vertex 152.835 79.3467 2.4
    endloop
  endfacet
  facet normal 0.130463 -0.991453 0
    outer loop
      vertex 154 79.5 2.4
      vertex 152.835 79.3467 0
      vertex 154 79.5 0
    endloop
  endfacet
  facet normal 0.793406 -0.608693 0
    outer loop
      vertex 150.5 77.7675 2.4
      vertex 150.818 78.182 0
      vertex 150.818 78.182 2.4
    endloop
  endfacet
  facet normal 0.793406 -0.608693 0
    outer loop
      vertex 150.818 78.182 0
      vertex 150.5 77.7675 2.4
      vertex 150.5 77.7675 0
    endloop
  endfacet
  facet normal -0.923743 0.383013 0
    outer loop
      vertex 157.897 72.75 0
      vertex 158.347 73.8353 2.4
      vertex 158.347 73.8353 0
    endloop
  endfacet
  facet normal -0.923743 0.383013 0
    outer loop
      vertex 158.347 73.8353 2.4
      vertex 157.897 72.75 0
      vertex 157.897 72.75 2.4
    endloop
  endfacet
  facet normal 0.382813 -0.923826 0
    outer loop
      vertex 151.75 78.8971 0
      vertex 152.835 79.3467 2.4
      vertex 151.75 78.8971 2.4
    endloop
  endfacet
  facet normal 0.382813 -0.923826 0
    outer loop
      vertex 152.835 79.3467 2.4
      vertex 151.75 78.8971 0
      vertex 152.835 79.3467 0
    endloop
  endfacet
  facet normal -0.382813 -0.923826 0
    outer loop
      vertex 155.165 79.3467 0
      vertex 156.25 78.8971 2.4
      vertex 155.165 79.3467 2.4
    endloop
  endfacet
  facet normal -0.382813 -0.923826 -0
    outer loop
      vertex 156.25 78.8971 2.4
      vertex 155.165 79.3467 0
      vertex 156.25 78.8971 0
    endloop
  endfacet
  facet normal 0.382813 0.923826 -0
    outer loop
      vertex 152.835 70.6533 0
      vertex 151.75 71.1029 2.4
      vertex 152.835 70.6533 2.4
    endloop
  endfacet
  facet normal 0.382813 0.923826 0
    outer loop
      vertex 151.75 71.1029 2.4
      vertex 152.835 70.6533 0
      vertex 151.75 71.1029 0
    endloop
  endfacet
  facet normal -0.382813 0.923826 0
    outer loop
      vertex 156.25 71.1029 0
      vertex 155.165 70.6533 2.4
      vertex 156.25 71.1029 2.4
    endloop
  endfacet
  facet normal -0.382813 0.923826 0
    outer loop
      vertex 155.165 70.6533 2.4
      vertex 156.25 71.1029 0
      vertex 155.165 70.6533 0
    endloop
  endfacet
  facet normal -0.991482 0.130245 0
    outer loop
      vertex 158.347 73.8353 0
      vertex 158.5 75 2.4
      vertex 158.5 75 0
    endloop
  endfacet
  facet normal -0.991482 0.130245 0
    outer loop
      vertex 158.5 75 2.4
      vertex 158.347 73.8353 0
      vertex 158.347 73.8353 2.4
    endloop
  endfacet
  facet normal 0.130463 0.991453 -0
    outer loop
      vertex 154 70.5 0
      vertex 152.835 70.6533 2.4
      vertex 154 70.5 2.4
    endloop
  endfacet
  facet normal 0.130463 0.991453 0
    outer loop
      vertex 152.835 70.6533 2.4
      vertex 154 70.5 0
      vertex 152.835 70.6533 0
    endloop
  endfacet
  facet normal -0.793414 0.608682 0
    outer loop
      vertex 157.182 71.818 0
      vertex 157.897 72.75 2.4
      vertex 157.897 72.75 0
    endloop
  endfacet
  facet normal -0.793414 0.608682 0
    outer loop
      vertex 157.897 72.75 2.4
      vertex 157.182 71.818 0
      vertex 157.182 71.818 2.4
    endloop
  endfacet
  facet normal -0.608735 0.793373 0
    outer loop
      vertex 157.182 71.818 0
      vertex 156.25 71.1029 2.4
      vertex 157.182 71.818 2.4
    endloop
  endfacet
  facet normal -0.608735 0.793373 0
    outer loop
      vertex 156.25 71.1029 2.4
      vertex 157.182 71.818 0
      vertex 156.25 71.1029 0
    endloop
  endfacet
  facet normal -0.130463 0.991453 0
    outer loop
      vertex 155.165 70.6533 0
      vertex 154 70.5 2.4
      vertex 155.165 70.6533 2.4
    endloop
  endfacet
  facet normal -0.130463 0.991453 0
    outer loop
      vertex 154 70.5 2.4
      vertex 155.165 70.6533 0
      vertex 154 70.5 0
    endloop
  endfacet
  facet normal 0.608735 0.793373 -0
    outer loop
      vertex 151.75 71.1029 0
      vertex 150.818 71.818 2.4
      vertex 151.75 71.1029 2.4
    endloop
  endfacet
  facet normal 0.608735 0.793373 0
    outer loop
      vertex 150.818 71.818 2.4
      vertex 151.75 71.1029 0
      vertex 150.818 71.818 0
    endloop
  endfacet
  facet normal 0.608735 -0.793373 0
    outer loop
      vertex 150.818 78.182 0
      vertex 151.75 78.8971 2.4
      vertex 150.818 78.182 2.4
    endloop
  endfacet
  facet normal 0.608735 -0.793373 0
    outer loop
      vertex 151.75 78.8971 2.4
      vertex 150.818 78.182 0
      vertex 151.75 78.8971 0
    endloop
  endfacet
  facet normal -0.608735 -0.793373 0
    outer loop
      vertex 156.25 78.8971 0
      vertex 157.182 78.182 2.4
      vertex 156.25 78.8971 2.4
    endloop
  endfacet
  facet normal -0.608735 -0.793373 -0
    outer loop
      vertex 157.182 78.182 2.4
      vertex 156.25 78.8971 0
      vertex 157.182 78.182 0
    endloop
  endfacet
  facet normal -0.130463 -0.991453 0
    outer loop
      vertex 154 79.5 0
      vertex 155.165 79.3467 2.4
      vertex 154 79.5 2.4
    endloop
  endfacet
  facet normal -0.130463 -0.991453 -0
    outer loop
      vertex 155.165 79.3467 2.4
      vertex 154 79.5 0
      vertex 155.165 79.3467 0
    endloop
  endfacet
  facet normal -0.793414 -0.608682 0
    outer loop
      vertex 157.897 77.25 0
      vertex 157.182 78.182 2.4
      vertex 157.182 78.182 0
    endloop
  endfacet
  facet normal -0.793414 -0.608682 0
    outer loop
      vertex 157.182 78.182 2.4
      vertex 157.897 77.25 0
      vertex 157.897 77.25 2.4
    endloop
  endfacet
  facet normal 0.793406 0.608693 0
    outer loop
      vertex 150.818 71.818 2.4
      vertex 150.5 72.2325 0
      vertex 150.5 72.2325 2.4
    endloop
  endfacet
  facet normal 0.793406 0.608693 0
    outer loop
      vertex 150.5 72.2325 0
      vertex 150.818 71.818 2.4
      vertex 150.818 71.818 0
    endloop
  endfacet
  facet normal 0.19513 0.980777 -0
    outer loop
      vertex 102.5 29 0
      vertex 101.926 29.1142 2.4
      vertex 102.5 29 2.4
    endloop
  endfacet
  facet normal 0.19513 0.980777 0
    outer loop
      vertex 101.926 29.1142 2.4
      vertex 102.5 29 0
      vertex 101.926 29.1142 0
    endloop
  endfacet
  facet normal -0.831629 0.555331 0
    outer loop
      vertex 103.561 29.4393 0
      vertex 103.886 29.926 2.4
      vertex 103.886 29.926 0
    endloop
  endfacet
  facet normal -0.831629 0.555331 0
    outer loop
      vertex 103.886 29.926 2.4
      vertex 103.561 29.4393 0
      vertex 103.561 29.4393 2.4
    endloop
  endfacet
  facet normal -0.831629 -0.555331 0
    outer loop
      vertex 103.886 31.074 0
      vertex 103.561 31.5607 2.4
      vertex 103.561 31.5607 0
    endloop
  endfacet
  facet normal -0.831629 -0.555331 0
    outer loop
      vertex 103.561 31.5607 2.4
      vertex 103.886 31.074 0
      vertex 103.886 31.074 2.4
    endloop
  endfacet
  facet normal -0.980843 -0.194802 0
    outer loop
      vertex 104 30.5 0
      vertex 103.886 31.074 2.4
      vertex 103.886 31.074 0
    endloop
  endfacet
  facet normal -0.980843 -0.194802 0
    outer loop
      vertex 103.886 31.074 2.4
      vertex 104 30.5 0
      vertex 104 30.5 2.4
    endloop
  endfacet
  facet normal -0.555212 -0.831709 0
    outer loop
      vertex 103.074 31.8858 0
      vertex 103.561 31.5607 2.4
      vertex 103.074 31.8858 2.4
    endloop
  endfacet
  facet normal -0.555212 -0.831709 -0
    outer loop
      vertex 103.561 31.5607 2.4
      vertex 103.074 31.8858 0
      vertex 103.561 31.5607 0
    endloop
  endfacet
  facet normal -0.19513 -0.980777 0
    outer loop
      vertex 102.5 32 0
      vertex 103.074 31.8858 2.4
      vertex 102.5 32 2.4
    endloop
  endfacet
  facet normal -0.19513 -0.980777 -0
    outer loop
      vertex 103.074 31.8858 2.4
      vertex 102.5 32 0
      vertex 103.074 31.8858 0
    endloop
  endfacet
  facet normal 0.980843 0.194802 0
    outer loop
      vertex 101.114 29.926 2.4
      vertex 101 30.5 0
      vertex 101 30.5 2.4
    endloop
  endfacet
  facet normal 0.980843 0.194802 0
    outer loop
      vertex 101 30.5 0
      vertex 101.114 29.926 2.4
      vertex 101.114 29.926 0
    endloop
  endfacet
  facet normal -0.555212 0.831709 0
    outer loop
      vertex 103.561 29.4393 0
      vertex 103.074 29.1142 2.4
      vertex 103.561 29.4393 2.4
    endloop
  endfacet
  facet normal -0.555212 0.831709 0
    outer loop
      vertex 103.074 29.1142 2.4
      vertex 103.561 29.4393 0
      vertex 103.074 29.1142 0
    endloop
  endfacet
  facet normal 0.831629 -0.555331 0
    outer loop
      vertex 101.114 31.074 2.4
      vertex 101.439 31.5607 0
      vertex 101.439 31.5607 2.4
    endloop
  endfacet
  facet normal 0.831629 -0.555331 0
    outer loop
      vertex 101.439 31.5607 0
      vertex 101.114 31.074 2.4
      vertex 101.114 31.074 0
    endloop
  endfacet
  facet normal 0.19513 -0.980777 0
    outer loop
      vertex 101.926 31.8858 0
      vertex 102.5 32 2.4
      vertex 101.926 31.8858 2.4
    endloop
  endfacet
  facet normal 0.19513 -0.980777 0
    outer loop
      vertex 102.5 32 2.4
      vertex 101.926 31.8858 0
      vertex 102.5 32 0
    endloop
  endfacet
  facet normal 0.555212 -0.831709 0
    outer loop
      vertex 101.439 31.5607 0
      vertex 101.926 31.8858 2.4
      vertex 101.439 31.5607 2.4
    endloop
  endfacet
  facet normal 0.555212 -0.831709 0
    outer loop
      vertex 101.926 31.8858 2.4
      vertex 101.439 31.5607 0
      vertex 101.926 31.8858 0
    endloop
  endfacet
  facet normal -0.980843 0.194802 0
    outer loop
      vertex 103.886 29.926 0
      vertex 104 30.5 2.4
      vertex 104 30.5 0
    endloop
  endfacet
  facet normal -0.980843 0.194802 0
    outer loop
      vertex 104 30.5 2.4
      vertex 103.886 29.926 0
      vertex 103.886 29.926 2.4
    endloop
  endfacet
  facet normal 0.980843 -0.194802 0
    outer loop
      vertex 101 30.5 2.4
      vertex 101.114 31.074 0
      vertex 101.114 31.074 2.4
    endloop
  endfacet
  facet normal 0.980843 -0.194802 0
    outer loop
      vertex 101.114 31.074 0
      vertex 101 30.5 2.4
      vertex 101 30.5 0
    endloop
  endfacet
  facet normal 0.831629 0.555331 0
    outer loop
      vertex 101.439 29.4393 2.4
      vertex 101.114 29.926 0
      vertex 101.114 29.926 2.4
    endloop
  endfacet
  facet normal 0.831629 0.555331 0
    outer loop
      vertex 101.114 29.926 0
      vertex 101.439 29.4393 2.4
      vertex 101.439 29.4393 0
    endloop
  endfacet
  facet normal -0.19513 0.980777 0
    outer loop
      vertex 103.074 29.1142 0
      vertex 102.5 29 2.4
      vertex 103.074 29.1142 2.4
    endloop
  endfacet
  facet normal -0.19513 0.980777 0
    outer loop
      vertex 102.5 29 2.4
      vertex 103.074 29.1142 0
      vertex 102.5 29 0
    endloop
  endfacet
  facet normal 0.555212 0.831709 -0
    outer loop
      vertex 101.926 29.1142 0
      vertex 101.439 29.4393 2.4
      vertex 101.926 29.1142 2.4
    endloop
  endfacet
  facet normal 0.555212 0.831709 0
    outer loop
      vertex 101.439 29.4393 2.4
      vertex 101.926 29.1142 0
      vertex 101.439 29.4393 0
    endloop
  endfacet
  facet normal 0.19513 0.980777 -0
    outer loop
      vertex 102.5 36 0
      vertex 101.926 36.1142 2.4
      vertex 102.5 36 2.4
    endloop
  endfacet
  facet normal 0.19513 0.980777 0
    outer loop
      vertex 101.926 36.1142 2.4
      vertex 102.5 36 0
      vertex 101.926 36.1142 0
    endloop
  endfacet
  facet normal -0.831629 0.555331 0
    outer loop
      vertex 103.561 36.4393 0
      vertex 103.886 36.926 2.4
      vertex 103.886 36.926 0
    endloop
  endfacet
  facet normal -0.831629 0.555331 0
    outer loop
      vertex 103.886 36.926 2.4
      vertex 103.561 36.4393 0
      vertex 103.561 36.4393 2.4
    endloop
  endfacet
  facet normal -0.831629 -0.555331 0
    outer loop
      vertex 103.886 38.074 0
      vertex 103.561 38.5607 2.4
      vertex 103.561 38.5607 0
    endloop
  endfacet
  facet normal -0.831629 -0.555331 0
    outer loop
      vertex 103.561 38.5607 2.4
      vertex 103.886 38.074 0
      vertex 103.886 38.074 2.4
    endloop
  endfacet
  facet normal -0.980843 -0.194802 0
    outer loop
      vertex 104 37.5 0
      vertex 103.886 38.074 2.4
      vertex 103.886 38.074 0
    endloop
  endfacet
  facet normal -0.980843 -0.194802 0
    outer loop
      vertex 103.886 38.074 2.4
      vertex 104 37.5 0
      vertex 104 37.5 2.4
    endloop
  endfacet
  facet normal -0.555212 -0.831709 0
    outer loop
      vertex 103.074 38.8858 0
      vertex 103.561 38.5607 2.4
      vertex 103.074 38.8858 2.4
    endloop
  endfacet
  facet normal -0.555212 -0.831709 -0
    outer loop
      vertex 103.561 38.5607 2.4
      vertex 103.074 38.8858 0
      vertex 103.561 38.5607 0
    endloop
  endfacet
  facet normal -0.19513 -0.980777 0
    outer loop
      vertex 102.5 39 0
      vertex 103.074 38.8858 2.4
      vertex 102.5 39 2.4
    endloop
  endfacet
  facet normal -0.19513 -0.980777 -0
    outer loop
      vertex 103.074 38.8858 2.4
      vertex 102.5 39 0
      vertex 103.074 38.8858 0
    endloop
  endfacet
  facet normal 0.980843 0.194802 0
    outer loop
      vertex 101.114 36.926 2.4
      vertex 101 37.5 0
      vertex 101 37.5 2.4
    endloop
  endfacet
  facet normal 0.980843 0.194802 0
    outer loop
      vertex 101 37.5 0
      vertex 101.114 36.926 2.4
      vertex 101.114 36.926 0
    endloop
  endfacet
  facet normal -0.555212 0.831709 0
    outer loop
      vertex 103.561 36.4393 0
      vertex 103.074 36.1142 2.4
      vertex 103.561 36.4393 2.4
    endloop
  endfacet
  facet normal -0.555212 0.831709 0
    outer loop
      vertex 103.074 36.1142 2.4
      vertex 103.561 36.4393 0
      vertex 103.074 36.1142 0
    endloop
  endfacet
  facet normal 0.831629 -0.555331 0
    outer loop
      vertex 101.114 38.074 2.4
      vertex 101.439 38.5607 0
      vertex 101.439 38.5607 2.4
    endloop
  endfacet
  facet normal 0.831629 -0.555331 0
    outer loop
      vertex 101.439 38.5607 0
      vertex 101.114 38.074 2.4
      vertex 101.114 38.074 0
    endloop
  endfacet
  facet normal 0.19513 -0.980777 0
    outer loop
      vertex 101.926 38.8858 0
      vertex 102.5 39 2.4
      vertex 101.926 38.8858 2.4
    endloop
  endfacet
  facet normal 0.19513 -0.980777 0
    outer loop
      vertex 102.5 39 2.4
      vertex 101.926 38.8858 0
      vertex 102.5 39 0
    endloop
  endfacet
  facet normal 0.555212 -0.831709 0
    outer loop
      vertex 101.439 38.5607 0
      vertex 101.926 38.8858 2.4
      vertex 101.439 38.5607 2.4
    endloop
  endfacet
  facet normal 0.555212 -0.831709 0
    outer loop
      vertex 101.926 38.8858 2.4
      vertex 101.439 38.5607 0
      vertex 101.926 38.8858 0
    endloop
  endfacet
  facet normal -0.980843 0.194802 0
    outer loop
      vertex 103.886 36.926 0
      vertex 104 37.5 2.4
      vertex 104 37.5 0
    endloop
  endfacet
  facet normal -0.980843 0.194802 0
    outer loop
      vertex 104 37.5 2.4
      vertex 103.886 36.926 0
      vertex 103.886 36.926 2.4
    endloop
  endfacet
  facet normal 0.980843 -0.194802 0
    outer loop
      vertex 101 37.5 2.4
      vertex 101.114 38.074 0
      vertex 101.114 38.074 2.4
    endloop
  endfacet
  facet normal 0.980843 -0.194802 0
    outer loop
      vertex 101.114 38.074 0
      vertex 101 37.5 2.4
      vertex 101 37.5 0
    endloop
  endfacet
  facet normal 0.831629 0.555331 0
    outer loop
      vertex 101.439 36.4393 2.4
      vertex 101.114 36.926 0
      vertex 101.114 36.926 2.4
    endloop
  endfacet
  facet normal 0.831629 0.555331 0
    outer loop
      vertex 101.114 36.926 0
      vertex 101.439 36.4393 2.4
      vertex 101.439 36.4393 0
    endloop
  endfacet
  facet normal -0.19513 0.980777 0
    outer loop
      vertex 103.074 36.1142 0
      vertex 102.5 36 2.4
      vertex 103.074 36.1142 2.4
    endloop
  endfacet
  facet normal -0.19513 0.980777 0
    outer loop
      vertex 102.5 36 2.4
      vertex 103.074 36.1142 0
      vertex 102.5 36 0
    endloop
  endfacet
  facet normal 0.555212 0.831709 -0
    outer loop
      vertex 101.926 36.1142 0
      vertex 101.439 36.4393 2.4
      vertex 101.926 36.1142 2.4
    endloop
  endfacet
  facet normal 0.555212 0.831709 0
    outer loop
      vertex 101.439 36.4393 2.4
      vertex 101.926 36.1142 0
      vertex 101.439 36.4393 0
    endloop
  endfacet
  facet normal 0.19513 0.980777 -0
    outer loop
      vertex 102.5 43 0
      vertex 101.926 43.1142 2.4
      vertex 102.5 43 2.4
    endloop
  endfacet
  facet normal 0.19513 0.980777 0
    outer loop
      vertex 101.926 43.1142 2.4
      vertex 102.5 43 0
      vertex 101.926 43.1142 0
    endloop
  endfacet
  facet normal -0.831629 0.555331 0
    outer loop
      vertex 103.561 43.4393 0
      vertex 103.886 43.926 2.4
      vertex 103.886 43.926 0
    endloop
  endfacet
  facet normal -0.831629 0.555331 0
    outer loop
      vertex 103.886 43.926 2.4
      vertex 103.561 43.4393 0
      vertex 103.561 43.4393 2.4
    endloop
  endfacet
  facet normal -0.831629 -0.555331 0
    outer loop
      vertex 103.886 45.074 0
      vertex 103.561 45.5607 2.4
      vertex 103.561 45.5607 0
    endloop
  endfacet
  facet normal -0.831629 -0.555331 0
    outer loop
      vertex 103.561 45.5607 2.4
      vertex 103.886 45.074 0
      vertex 103.886 45.074 2.4
    endloop
  endfacet
  facet normal -0.980843 -0.194802 0
    outer loop
      vertex 104 44.5 0
      vertex 103.886 45.074 2.4
      vertex 103.886 45.074 0
    endloop
  endfacet
  facet normal -0.980843 -0.194802 0
    outer loop
      vertex 103.886 45.074 2.4
      vertex 104 44.5 0
      vertex 104 44.5 2.4
    endloop
  endfacet
  facet normal -0.555212 -0.831709 0
    outer loop
      vertex 103.074 45.8858 0
      vertex 103.561 45.5607 2.4
      vertex 103.074 45.8858 2.4
    endloop
  endfacet
  facet normal -0.555212 -0.831709 -0
    outer loop
      vertex 103.561 45.5607 2.4
      vertex 103.074 45.8858 0
      vertex 103.561 45.5607 0
    endloop
  endfacet
  facet normal -0.19513 -0.980777 0
    outer loop
      vertex 102.5 46 0
      vertex 103.074 45.8858 2.4
      vertex 102.5 46 2.4
    endloop
  endfacet
  facet normal -0.19513 -0.980777 -0
    outer loop
      vertex 103.074 45.8858 2.4
      vertex 102.5 46 0
      vertex 103.074 45.8858 0
    endloop
  endfacet
  facet normal 0.980843 0.194802 0
    outer loop
      vertex 101.114 43.926 2.4
      vertex 101 44.5 0
      vertex 101 44.5 2.4
    endloop
  endfacet
  facet normal 0.980843 0.194802 0
    outer loop
      vertex 101 44.5 0
      vertex 101.114 43.926 2.4
      vertex 101.114 43.926 0
    endloop
  endfacet
  facet normal -0.555212 0.831709 0
    outer loop
      vertex 103.561 43.4393 0
      vertex 103.074 43.1142 2.4
      vertex 103.561 43.4393 2.4
    endloop
  endfacet
  facet normal -0.555212 0.831709 0
    outer loop
      vertex 103.074 43.1142 2.4
      vertex 103.561 43.4393 0
      vertex 103.074 43.1142 0
    endloop
  endfacet
  facet normal 0.831629 -0.555331 0
    outer loop
      vertex 101.114 45.074 2.4
      vertex 101.439 45.5607 0
      vertex 101.439 45.5607 2.4
    endloop
  endfacet
  facet normal 0.831629 -0.555331 0
    outer loop
      vertex 101.439 45.5607 0
      vertex 101.114 45.074 2.4
      vertex 101.114 45.074 0
    endloop
  endfacet
  facet normal 0.19513 -0.980777 0
    outer loop
      vertex 101.926 45.8858 0
      vertex 102.5 46 2.4
      vertex 101.926 45.8858 2.4
    endloop
  endfacet
  facet normal 0.19513 -0.980777 0
    outer loop
      vertex 102.5 46 2.4
      vertex 101.926 45.8858 0
      vertex 102.5 46 0
    endloop
  endfacet
  facet normal 0.555212 -0.831709 0
    outer loop
      vertex 101.439 45.5607 0
      vertex 101.926 45.8858 2.4
      vertex 101.439 45.5607 2.4
    endloop
  endfacet
  facet normal 0.555212 -0.831709 0
    outer loop
      vertex 101.926 45.8858 2.4
      vertex 101.439 45.5607 0
      vertex 101.926 45.8858 0
    endloop
  endfacet
  facet normal -0.980843 0.194802 0
    outer loop
      vertex 103.886 43.926 0
      vertex 104 44.5 2.4
      vertex 104 44.5 0
    endloop
  endfacet
  facet normal -0.980843 0.194802 0
    outer loop
      vertex 104 44.5 2.4
      vertex 103.886 43.926 0
      vertex 103.886 43.926 2.4
    endloop
  endfacet
  facet normal 0.980843 -0.194802 0
    outer loop
      vertex 101 44.5 2.4
      vertex 101.114 45.074 0
      vertex 101.114 45.074 2.4
    endloop
  endfacet
  facet normal 0.980843 -0.194802 0
    outer loop
      vertex 101.114 45.074 0
      vertex 101 44.5 2.4
      vertex 101 44.5 0
    endloop
  endfacet
  facet normal 0.831629 0.555331 0
    outer loop
      vertex 101.439 43.4393 2.4
      vertex 101.114 43.926 0
      vertex 101.114 43.926 2.4
    endloop
  endfacet
  facet normal 0.831629 0.555331 0
    outer loop
      vertex 101.114 43.926 0
      vertex 101.439 43.4393 2.4
      vertex 101.439 43.4393 0
    endloop
  endfacet
  facet normal -0.19513 0.980777 0
    outer loop
      vertex 103.074 43.1142 0
      vertex 102.5 43 2.4
      vertex 103.074 43.1142 2.4
    endloop
  endfacet
  facet normal -0.19513 0.980777 0
    outer loop
      vertex 102.5 43 2.4
      vertex 103.074 43.1142 0
      vertex 102.5 43 0
    endloop
  endfacet
  facet normal 0.555212 0.831709 -0
    outer loop
      vertex 101.926 43.1142 0
      vertex 101.439 43.4393 2.4
      vertex 101.926 43.1142 2.4
    endloop
  endfacet
  facet normal 0.555212 0.831709 0
    outer loop
      vertex 101.439 43.4393 2.4
      vertex 101.926 43.1142 0
      vertex 101.439 43.4393 0
    endloop
  endfacet
  facet normal 0.19513 0.980777 -0
    outer loop
      vertex 102.5 50 0
      vertex 101.926 50.1142 2.4
      vertex 102.5 50 2.4
    endloop
  endfacet
  facet normal 0.19513 0.980777 0
    outer loop
      vertex 101.926 50.1142 2.4
      vertex 102.5 50 0
      vertex 101.926 50.1142 0
    endloop
  endfacet
  facet normal -0.831629 0.555331 0
    outer loop
      vertex 103.561 50.4393 0
      vertex 103.886 50.926 2.4
      vertex 103.886 50.926 0
    endloop
  endfacet
  facet normal -0.831629 0.555331 0
    outer loop
      vertex 103.886 50.926 2.4
      vertex 103.561 50.4393 0
      vertex 103.561 50.4393 2.4
    endloop
  endfacet
  facet normal -0.831629 -0.555331 0
    outer loop
      vertex 103.886 52.074 0
      vertex 103.561 52.5607 2.4
      vertex 103.561 52.5607 0
    endloop
  endfacet
  facet normal -0.831629 -0.555331 0
    outer loop
      vertex 103.561 52.5607 2.4
      vertex 103.886 52.074 0
      vertex 103.886 52.074 2.4
    endloop
  endfacet
  facet normal -0.980843 -0.194802 0
    outer loop
      vertex 104 51.5 0
      vertex 103.886 52.074 2.4
      vertex 103.886 52.074 0
    endloop
  endfacet
  facet normal -0.980843 -0.194802 0
    outer loop
      vertex 103.886 52.074 2.4
      vertex 104 51.5 0
      vertex 104 51.5 2.4
    endloop
  endfacet
  facet normal -0.555212 -0.831709 0
    outer loop
      vertex 103.074 52.8858 0
      vertex 103.561 52.5607 2.4
      vertex 103.074 52.8858 2.4
    endloop
  endfacet
  facet normal -0.555212 -0.831709 -0
    outer loop
      vertex 103.561 52.5607 2.4
      vertex 103.074 52.8858 0
      vertex 103.561 52.5607 0
    endloop
  endfacet
  facet normal -0.19513 -0.980777 0
    outer loop
      vertex 102.5 53 0
      vertex 103.074 52.8858 2.4
      vertex 102.5 53 2.4
    endloop
  endfacet
  facet normal -0.19513 -0.980777 -0
    outer loop
      vertex 103.074 52.8858 2.4
      vertex 102.5 53 0
      vertex 103.074 52.8858 0
    endloop
  endfacet
  facet normal 0.980843 0.194802 0
    outer loop
      vertex 101.114 50.926 2.4
      vertex 101 51.5 0
      vertex 101 51.5 2.4
    endloop
  endfacet
  facet normal 0.980843 0.194802 0
    outer loop
      vertex 101 51.5 0
      vertex 101.114 50.926 2.4
      vertex 101.114 50.926 0
    endloop
  endfacet
  facet normal -0.555212 0.831709 0
    outer loop
      vertex 103.561 50.4393 0
      vertex 103.074 50.1142 2.4
      vertex 103.561 50.4393 2.4
    endloop
  endfacet
  facet normal -0.555212 0.831709 0
    outer loop
      vertex 103.074 50.1142 2.4
      vertex 103.561 50.4393 0
      vertex 103.074 50.1142 0
    endloop
  endfacet
  facet normal 0.831629 -0.555331 0
    outer loop
      vertex 101.114 52.074 2.4
      vertex 101.439 52.5607 0
      vertex 101.439 52.5607 2.4
    endloop
  endfacet
  facet normal 0.831629 -0.555331 0
    outer loop
      vertex 101.439 52.5607 0
      vertex 101.114 52.074 2.4
      vertex 101.114 52.074 0
    endloop
  endfacet
  facet normal 0.19513 -0.980777 0
    outer loop
      vertex 101.926 52.8858 0
      vertex 102.5 53 2.4
      vertex 101.926 52.8858 2.4
    endloop
  endfacet
  facet normal 0.19513 -0.980777 0
    outer loop
      vertex 102.5 53 2.4
      vertex 101.926 52.8858 0
      vertex 102.5 53 0
    endloop
  endfacet
  facet normal 0.555212 -0.831709 0
    outer loop
      vertex 101.439 52.5607 0
      vertex 101.926 52.8858 2.4
      vertex 101.439 52.5607 2.4
    endloop
  endfacet
  facet normal 0.555212 -0.831709 0
    outer loop
      vertex 101.926 52.8858 2.4
      vertex 101.439 52.5607 0
      vertex 101.926 52.8858 0
    endloop
  endfacet
  facet normal -0.980843 0.194802 0
    outer loop
      vertex 103.886 50.926 0
      vertex 104 51.5 2.4
      vertex 104 51.5 0
    endloop
  endfacet
  facet normal -0.980843 0.194802 0
    outer loop
      vertex 104 51.5 2.4
      vertex 103.886 50.926 0
      vertex 103.886 50.926 2.4
    endloop
  endfacet
  facet normal 0.980843 -0.194802 0
    outer loop
      vertex 101 51.5 2.4
      vertex 101.114 52.074 0
      vertex 101.114 52.074 2.4
    endloop
  endfacet
  facet normal 0.980843 -0.194802 0
    outer loop
      vertex 101.114 52.074 0
      vertex 101 51.5 2.4
      vertex 101 51.5 0
    endloop
  endfacet
  facet normal 0.831629 0.555331 0
    outer loop
      vertex 101.439 50.4393 2.4
      vertex 101.114 50.926 0
      vertex 101.114 50.926 2.4
    endloop
  endfacet
  facet normal 0.831629 0.555331 0
    outer loop
      vertex 101.114 50.926 0
      vertex 101.439 50.4393 2.4
      vertex 101.439 50.4393 0
    endloop
  endfacet
  facet normal -0.19513 0.980777 0
    outer loop
      vertex 103.074 50.1142 0
      vertex 102.5 50 2.4
      vertex 103.074 50.1142 2.4
    endloop
  endfacet
  facet normal -0.19513 0.980777 0
    outer loop
      vertex 102.5 50 2.4
      vertex 103.074 50.1142 0
      vertex 102.5 50 0
    endloop
  endfacet
  facet normal 0.555212 0.831709 -0
    outer loop
      vertex 101.926 50.1142 0
      vertex 101.439 50.4393 2.4
      vertex 101.926 50.1142 2.4
    endloop
  endfacet
  facet normal 0.555212 0.831709 0
    outer loop
      vertex 101.439 50.4393 2.4
      vertex 101.926 50.1142 0
      vertex 101.439 50.4393 0
    endloop
  endfacet
  facet normal 0.19513 0.980777 -0
    outer loop
      vertex 102.5 57 0
      vertex 101.926 57.1142 2.4
      vertex 102.5 57 2.4
    endloop
  endfacet
  facet normal 0.19513 0.980777 0
    outer loop
      vertex 101.926 57.1142 2.4
      vertex 102.5 57 0
      vertex 101.926 57.1142 0
    endloop
  endfacet
  facet normal -0.831629 0.555331 0
    outer loop
      vertex 103.561 57.4393 0
      vertex 103.886 57.926 2.4
      vertex 103.886 57.926 0
    endloop
  endfacet
  facet normal -0.831629 0.555331 0
    outer loop
      vertex 103.886 57.926 2.4
      vertex 103.561 57.4393 0
      vertex 103.561 57.4393 2.4
    endloop
  endfacet
  facet normal -0.831629 -0.555331 0
    outer loop
      vertex 103.886 59.074 0
      vertex 103.561 59.5607 2.4
      vertex 103.561 59.5607 0
    endloop
  endfacet
  facet normal -0.831629 -0.555331 0
    outer loop
      vertex 103.561 59.5607 2.4
      vertex 103.886 59.074 0
      vertex 103.886 59.074 2.4
    endloop
  endfacet
  facet normal -0.980843 -0.194802 0
    outer loop
      vertex 104 58.5 0
      vertex 103.886 59.074 2.4
      vertex 103.886 59.074 0
    endloop
  endfacet
  facet normal -0.980843 -0.194802 0
    outer loop
      vertex 103.886 59.074 2.4
      vertex 104 58.5 0
      vertex 104 58.5 2.4
    endloop
  endfacet
  facet normal -0.555212 -0.831709 0
    outer loop
      vertex 103.074 59.8858 0
      vertex 103.561 59.5607 2.4
      vertex 103.074 59.8858 2.4
    endloop
  endfacet
  facet normal -0.555212 -0.831709 -0
    outer loop
      vertex 103.561 59.5607 2.4
      vertex 103.074 59.8858 0
      vertex 103.561 59.5607 0
    endloop
  endfacet
  facet normal -0.19513 -0.980777 0
    outer loop
      vertex 102.5 60 0
      vertex 103.074 59.8858 2.4
      vertex 102.5 60 2.4
    endloop
  endfacet
  facet normal -0.19513 -0.980777 -0
    outer loop
      vertex 103.074 59.8858 2.4
      vertex 102.5 60 0
      vertex 103.074 59.8858 0
    endloop
  endfacet
  facet normal 0.980843 0.194802 0
    outer loop
      vertex 101.114 57.926 2.4
      vertex 101 58.5 0
      vertex 101 58.5 2.4
    endloop
  endfacet
  facet normal 0.980843 0.194802 0
    outer loop
      vertex 101 58.5 0
      vertex 101.114 57.926 2.4
      vertex 101.114 57.926 0
    endloop
  endfacet
  facet normal -0.555212 0.831709 0
    outer loop
      vertex 103.561 57.4393 0
      vertex 103.074 57.1142 2.4
      vertex 103.561 57.4393 2.4
    endloop
  endfacet
  facet normal -0.555212 0.831709 0
    outer loop
      vertex 103.074 57.1142 2.4
      vertex 103.561 57.4393 0
      vertex 103.074 57.1142 0
    endloop
  endfacet
  facet normal 0.831629 -0.555331 0
    outer loop
      vertex 101.114 59.074 2.4
      vertex 101.439 59.5607 0
      vertex 101.439 59.5607 2.4
    endloop
  endfacet
  facet normal 0.831629 -0.555331 0
    outer loop
      vertex 101.439 59.5607 0
      vertex 101.114 59.074 2.4
      vertex 101.114 59.074 0
    endloop
  endfacet
  facet normal 0.19513 -0.980777 0
    outer loop
      vertex 101.926 59.8858 0
      vertex 102.5 60 2.4
      vertex 101.926 59.8858 2.4
    endloop
  endfacet
  facet normal 0.19513 -0.980777 0
    outer loop
      vertex 102.5 60 2.4
      vertex 101.926 59.8858 0
      vertex 102.5 60 0
    endloop
  endfacet
  facet normal 0.555212 -0.831709 0
    outer loop
      vertex 101.439 59.5607 0
      vertex 101.926 59.8858 2.4
      vertex 101.439 59.5607 2.4
    endloop
  endfacet
  facet normal 0.555212 -0.831709 0
    outer loop
      vertex 101.926 59.8858 2.4
      vertex 101.439 59.5607 0
      vertex 101.926 59.8858 0
    endloop
  endfacet
  facet normal -0.980843 0.194802 0
    outer loop
      vertex 103.886 57.926 0
      vertex 104 58.5 2.4
      vertex 104 58.5 0
    endloop
  endfacet
  facet normal -0.980843 0.194802 0
    outer loop
      vertex 104 58.5 2.4
      vertex 103.886 57.926 0
      vertex 103.886 57.926 2.4
    endloop
  endfacet
  facet normal 0.980843 -0.194802 0
    outer loop
      vertex 101 58.5 2.4
      vertex 101.114 59.074 0
      vertex 101.114 59.074 2.4
    endloop
  endfacet
  facet normal 0.980843 -0.194802 0
    outer loop
      vertex 101.114 59.074 0
      vertex 101 58.5 2.4
      vertex 101 58.5 0
    endloop
  endfacet
  facet normal 0.831629 0.555331 0
    outer loop
      vertex 101.439 57.4393 2.4
      vertex 101.114 57.926 0
      vertex 101.114 57.926 2.4
    endloop
  endfacet
  facet normal 0.831629 0.555331 0
    outer loop
      vertex 101.114 57.926 0
      vertex 101.439 57.4393 2.4
      vertex 101.439 57.4393 0
    endloop
  endfacet
  facet normal -0.19513 0.980777 0
    outer loop
      vertex 103.074 57.1142 0
      vertex 102.5 57 2.4
      vertex 103.074 57.1142 2.4
    endloop
  endfacet
  facet normal -0.19513 0.980777 0
    outer loop
      vertex 102.5 57 2.4
      vertex 103.074 57.1142 0
      vertex 102.5 57 0
    endloop
  endfacet
  facet normal 0.555212 0.831709 -0
    outer loop
      vertex 101.926 57.1142 0
      vertex 101.439 57.4393 2.4
      vertex 101.926 57.1142 2.4
    endloop
  endfacet
  facet normal 0.555212 0.831709 0
    outer loop
      vertex 101.439 57.4393 2.4
      vertex 101.926 57.1142 0
      vertex 101.439 57.4393 0
    endloop
  endfacet
  facet normal 0.19513 0.980777 -0
    outer loop
      vertex 102.5 64 0
      vertex 101.926 64.1142 2.4
      vertex 102.5 64 2.4
    endloop
  endfacet
  facet normal 0.19513 0.980777 0
    outer loop
      vertex 101.926 64.1142 2.4
      vertex 102.5 64 0
      vertex 101.926 64.1142 0
    endloop
  endfacet
  facet normal -0.831629 0.555331 0
    outer loop
      vertex 103.561 64.4393 0
      vertex 103.886 64.926 2.4
      vertex 103.886 64.926 0
    endloop
  endfacet
  facet normal -0.831629 0.555331 0
    outer loop
      vertex 103.886 64.926 2.4
      vertex 103.561 64.4393 0
      vertex 103.561 64.4393 2.4
    endloop
  endfacet
  facet normal -0.831629 -0.555331 0
    outer loop
      vertex 103.886 66.074 0
      vertex 103.561 66.5607 2.4
      vertex 103.561 66.5607 0
    endloop
  endfacet
  facet normal -0.831629 -0.555331 0
    outer loop
      vertex 103.561 66.5607 2.4
      vertex 103.886 66.074 0
      vertex 103.886 66.074 2.4
    endloop
  endfacet
  facet normal -0.980843 -0.194802 0
    outer loop
      vertex 104 65.5 0
      vertex 103.886 66.074 2.4
      vertex 103.886 66.074 0
    endloop
  endfacet
  facet normal -0.980843 -0.194802 0
    outer loop
      vertex 103.886 66.074 2.4
      vertex 104 65.5 0
      vertex 104 65.5 2.4
    endloop
  endfacet
  facet normal -0.555212 -0.831709 0
    outer loop
      vertex 103.074 66.8858 0
      vertex 103.561 66.5607 2.4
      vertex 103.074 66.8858 2.4
    endloop
  endfacet
  facet normal -0.555212 -0.831709 -0
    outer loop
      vertex 103.561 66.5607 2.4
      vertex 103.074 66.8858 0
      vertex 103.561 66.5607 0
    endloop
  endfacet
  facet normal -0.19513 -0.980777 0
    outer loop
      vertex 102.5 67 0
      vertex 103.074 66.8858 2.4
      vertex 102.5 67 2.4
    endloop
  endfacet
  facet normal -0.19513 -0.980777 -0
    outer loop
      vertex 103.074 66.8858 2.4
      vertex 102.5 67 0
      vertex 103.074 66.8858 0
    endloop
  endfacet
  facet normal 0.980843 0.194802 0
    outer loop
      vertex 101.114 64.926 2.4
      vertex 101 65.5 0
      vertex 101 65.5 2.4
    endloop
  endfacet
  facet normal 0.980843 0.194802 0
    outer loop
      vertex 101 65.5 0
      vertex 101.114 64.926 2.4
      vertex 101.114 64.926 0
    endloop
  endfacet
  facet normal -0.555212 0.831709 0
    outer loop
      vertex 103.561 64.4393 0
      vertex 103.074 64.1142 2.4
      vertex 103.561 64.4393 2.4
    endloop
  endfacet
  facet normal -0.555212 0.831709 0
    outer loop
      vertex 103.074 64.1142 2.4
      vertex 103.561 64.4393 0
      vertex 103.074 64.1142 0
    endloop
  endfacet
  facet normal 0.831629 -0.555331 0
    outer loop
      vertex 101.114 66.074 2.4
      vertex 101.439 66.5607 0
      vertex 101.439 66.5607 2.4
    endloop
  endfacet
  facet normal 0.831629 -0.555331 0
    outer loop
      vertex 101.439 66.5607 0
      vertex 101.114 66.074 2.4
      vertex 101.114 66.074 0
    endloop
  endfacet
  facet normal 0.19513 -0.980777 0
    outer loop
      vertex 101.926 66.8858 0
      vertex 102.5 67 2.4
      vertex 101.926 66.8858 2.4
    endloop
  endfacet
  facet normal 0.19513 -0.980777 0
    outer loop
      vertex 102.5 67 2.4
      vertex 101.926 66.8858 0
      vertex 102.5 67 0
    endloop
  endfacet
  facet normal 0.555212 -0.831709 0
    outer loop
      vertex 101.439 66.5607 0
      vertex 101.926 66.8858 2.4
      vertex 101.439 66.5607 2.4
    endloop
  endfacet
  facet normal 0.555212 -0.831709 0
    outer loop
      vertex 101.926 66.8858 2.4
      vertex 101.439 66.5607 0
      vertex 101.926 66.8858 0
    endloop
  endfacet
  facet normal -0.980843 0.194802 0
    outer loop
      vertex 103.886 64.926 0
      vertex 104 65.5 2.4
      vertex 104 65.5 0
    endloop
  endfacet
  facet normal -0.980843 0.194802 0
    outer loop
      vertex 104 65.5 2.4
      vertex 103.886 64.926 0
      vertex 103.886 64.926 2.4
    endloop
  endfacet
  facet normal 0.980843 -0.194802 0
    outer loop
      vertex 101 65.5 2.4
      vertex 101.114 66.074 0
      vertex 101.114 66.074 2.4
    endloop
  endfacet
  facet normal 0.980843 -0.194802 0
    outer loop
      vertex 101.114 66.074 0
      vertex 101 65.5 2.4
      vertex 101 65.5 0
    endloop
  endfacet
  facet normal 0.831629 0.555331 0
    outer loop
      vertex 101.439 64.4393 2.4
      vertex 101.114 64.926 0
      vertex 101.114 64.926 2.4
    endloop
  endfacet
  facet normal 0.831629 0.555331 0
    outer loop
      vertex 101.114 64.926 0
      vertex 101.439 64.4393 2.4
      vertex 101.439 64.4393 0
    endloop
  endfacet
  facet normal -0.19513 0.980777 0
    outer loop
      vertex 103.074 64.1142 0
      vertex 102.5 64 2.4
      vertex 103.074 64.1142 2.4
    endloop
  endfacet
  facet normal -0.19513 0.980777 0
    outer loop
      vertex 102.5 64 2.4
      vertex 103.074 64.1142 0
      vertex 102.5 64 0
    endloop
  endfacet
  facet normal 0.555212 0.831709 -0
    outer loop
      vertex 101.926 64.1142 0
      vertex 101.439 64.4393 2.4
      vertex 101.926 64.1142 2.4
    endloop
  endfacet
  facet normal 0.555212 0.831709 0
    outer loop
      vertex 101.439 64.4393 2.4
      vertex 101.926 64.1142 0
      vertex 101.439 64.4393 0
    endloop
  endfacet
  facet normal 0.19513 0.980777 -0
    outer loop
      vertex 109.5 29 0
      vertex 108.926 29.1142 2.4
      vertex 109.5 29 2.4
    endloop
  endfacet
  facet normal 0.19513 0.980777 0
    outer loop
      vertex 108.926 29.1142 2.4
      vertex 109.5 29 0
      vertex 108.926 29.1142 0
    endloop
  endfacet
  facet normal -0.831629 0.555331 0
    outer loop
      vertex 110.561 29.4393 0
      vertex 110.886 29.926 2.4
      vertex 110.886 29.926 0
    endloop
  endfacet
  facet normal -0.831629 0.555331 0
    outer loop
      vertex 110.886 29.926 2.4
      vertex 110.561 29.4393 0
      vertex 110.561 29.4393 2.4
    endloop
  endfacet
  facet normal -0.831629 -0.555331 0
    outer loop
      vertex 110.886 31.074 0
      vertex 110.561 31.5607 2.4
      vertex 110.561 31.5607 0
    endloop
  endfacet
  facet normal -0.831629 -0.555331 0
    outer loop
      vertex 110.561 31.5607 2.4
      vertex 110.886 31.074 0
      vertex 110.886 31.074 2.4
    endloop
  endfacet
  facet normal -0.980843 -0.194802 0
    outer loop
      vertex 111 30.5 0
      vertex 110.886 31.074 2.4
      vertex 110.886 31.074 0
    endloop
  endfacet
  facet normal -0.980843 -0.194802 0
    outer loop
      vertex 110.886 31.074 2.4
      vertex 111 30.5 0
      vertex 111 30.5 2.4
    endloop
  endfacet
  facet normal -0.555212 -0.831709 0
    outer loop
      vertex 110.074 31.8858 0
      vertex 110.561 31.5607 2.4
      vertex 110.074 31.8858 2.4
    endloop
  endfacet
  facet normal -0.555212 -0.831709 -0
    outer loop
      vertex 110.561 31.5607 2.4
      vertex 110.074 31.8858 0
      vertex 110.561 31.5607 0
    endloop
  endfacet
  facet normal -0.19513 -0.980777 0
    outer loop
      vertex 109.5 32 0
      vertex 110.074 31.8858 2.4
      vertex 109.5 32 2.4
    endloop
  endfacet
  facet normal -0.19513 -0.980777 -0
    outer loop
      vertex 110.074 31.8858 2.4
      vertex 109.5 32 0
      vertex 110.074 31.8858 0
    endloop
  endfacet
  facet normal 0.980843 0.194802 0
    outer loop
      vertex 108.114 29.926 2.4
      vertex 108 30.5 0
      vertex 108 30.5 2.4
    endloop
  endfacet
  facet normal 0.980843 0.194802 0
    outer loop
      vertex 108 30.5 0
      vertex 108.114 29.926 2.4
      vertex 108.114 29.926 0
    endloop
  endfacet
  facet normal -0.555212 0.831709 0
    outer loop
      vertex 110.561 29.4393 0
      vertex 110.074 29.1142 2.4
      vertex 110.561 29.4393 2.4
    endloop
  endfacet
  facet normal -0.555212 0.831709 0
    outer loop
      vertex 110.074 29.1142 2.4
      vertex 110.561 29.4393 0
      vertex 110.074 29.1142 0
    endloop
  endfacet
  facet normal 0.831629 -0.555331 0
    outer loop
      vertex 108.114 31.074 2.4
      vertex 108.439 31.5607 0
      vertex 108.439 31.5607 2.4
    endloop
  endfacet
  facet normal 0.831629 -0.555331 0
    outer loop
      vertex 108.439 31.5607 0
      vertex 108.114 31.074 2.4
      vertex 108.114 31.074 0
    endloop
  endfacet
  facet normal -0.19513 0.980777 0
    outer loop
      vertex 110.074 29.1142 0
      vertex 109.5 29 2.4
      vertex 110.074 29.1142 2.4
    endloop
  endfacet
  facet normal -0.19513 0.980777 0
    outer loop
      vertex 109.5 29 2.4
      vertex 110.074 29.1142 0
      vertex 109.5 29 0
    endloop
  endfacet
  facet normal 0.19513 -0.980777 0
    outer loop
      vertex 108.926 31.8858 0
      vertex 109.5 32 2.4
      vertex 108.926 31.8858 2.4
    endloop
  endfacet
  facet normal 0.19513 -0.980777 0
    outer loop
      vertex 109.5 32 2.4
      vertex 108.926 31.8858 0
      vertex 109.5 32 0
    endloop
  endfacet
  facet normal 0.555212 -0.831709 0
    outer loop
      vertex 108.439 31.5607 0
      vertex 108.926 31.8858 2.4
      vertex 108.439 31.5607 2.4
    endloop
  endfacet
  facet normal 0.555212 -0.831709 0
    outer loop
      vertex 108.926 31.8858 2.4
      vertex 108.439 31.5607 0
      vertex 108.926 31.8858 0
    endloop
  endfacet
  facet normal -0.980843 0.194802 0
    outer loop
      vertex 110.886 29.926 0
      vertex 111 30.5 2.4
      vertex 111 30.5 0
    endloop
  endfacet
  facet normal -0.980843 0.194802 0
    outer loop
      vertex 111 30.5 2.4
      vertex 110.886 29.926 0
      vertex 110.886 29.926 2.4
    endloop
  endfacet
  facet normal 0.980843 -0.194802 0
    outer loop
      vertex 108 30.5 2.4
      vertex 108.114 31.074 0
      vertex 108.114 31.074 2.4
    endloop
  endfacet
  facet normal 0.980843 -0.194802 0
    outer loop
      vertex 108.114 31.074 0
      vertex 108 30.5 2.4
      vertex 108 30.5 0
    endloop
  endfacet
  facet normal 0.831629 0.555331 0
    outer loop
      vertex 108.439 29.4393 2.4
      vertex 108.114 29.926 0
      vertex 108.114 29.926 2.4
    endloop
  endfacet
  facet normal 0.831629 0.555331 0
    outer loop
      vertex 108.114 29.926 0
      vertex 108.439 29.4393 2.4
      vertex 108.439 29.4393 0
    endloop
  endfacet
  facet normal 0.555212 0.831709 -0
    outer loop
      vertex 108.926 29.1142 0
      vertex 108.439 29.4393 2.4
      vertex 108.926 29.1142 2.4
    endloop
  endfacet
  facet normal 0.555212 0.831709 0
    outer loop
      vertex 108.439 29.4393 2.4
      vertex 108.926 29.1142 0
      vertex 108.439 29.4393 0
    endloop
  endfacet
  facet normal 0.19513 0.980777 -0
    outer loop
      vertex 109.5 36 0
      vertex 108.926 36.1142 2.4
      vertex 109.5 36 2.4
    endloop
  endfacet
  facet normal 0.19513 0.980777 0
    outer loop
      vertex 108.926 36.1142 2.4
      vertex 109.5 36 0
      vertex 108.926 36.1142 0
    endloop
  endfacet
  facet normal -0.831629 0.555331 0
    outer loop
      vertex 110.561 36.4393 0
      vertex 110.886 36.926 2.4
      vertex 110.886 36.926 0
    endloop
  endfacet
  facet normal -0.831629 0.555331 0
    outer loop
      vertex 110.886 36.926 2.4
      vertex 110.561 36.4393 0
      vertex 110.561 36.4393 2.4
    endloop
  endfacet
  facet normal -0.831629 -0.555331 0
    outer loop
      vertex 110.886 38.074 0
      vertex 110.561 38.5607 2.4
      vertex 110.561 38.5607 0
    endloop
  endfacet
  facet normal -0.831629 -0.555331 0
    outer loop
      vertex 110.561 38.5607 2.4
      vertex 110.886 38.074 0
      vertex 110.886 38.074 2.4
    endloop
  endfacet
  facet normal -0.980843 -0.194802 0
    outer loop
      vertex 111 37.5 0
      vertex 110.886 38.074 2.4
      vertex 110.886 38.074 0
    endloop
  endfacet
  facet normal -0.980843 -0.194802 0
    outer loop
      vertex 110.886 38.074 2.4
      vertex 111 37.5 0
      vertex 111 37.5 2.4
    endloop
  endfacet
  facet normal -0.555212 -0.831709 0
    outer loop
      vertex 110.074 38.8858 0
      vertex 110.561 38.5607 2.4
      vertex 110.074 38.8858 2.4
    endloop
  endfacet
  facet normal -0.555212 -0.831709 -0
    outer loop
      vertex 110.561 38.5607 2.4
      vertex 110.074 38.8858 0
      vertex 110.561 38.5607 0
    endloop
  endfacet
  facet normal 0.980843 0.194802 0
    outer loop
      vertex 108.114 36.926 2.4
      vertex 108 37.5 0
      vertex 108 37.5 2.4
    endloop
  endfacet
  facet normal 0.980843 0.194802 0
    outer loop
      vertex 108 37.5 0
      vertex 108.114 36.926 2.4
      vertex 108.114 36.926 0
    endloop
  endfacet
  facet normal -0.555212 0.831709 0
    outer loop
      vertex 110.561 36.4393 0
      vertex 110.074 36.1142 2.4
      vertex 110.561 36.4393 2.4
    endloop
  endfacet
  facet normal -0.555212 0.831709 0
    outer loop
      vertex 110.074 36.1142 2.4
      vertex 110.561 36.4393 0
      vertex 110.074 36.1142 0
    endloop
  endfacet
  facet normal 0.831629 -0.555331 0
    outer loop
      vertex 108.114 38.074 2.4
      vertex 108.439 38.5607 0
      vertex 108.439 38.5607 2.4
    endloop
  endfacet
  facet normal 0.831629 -0.555331 0
    outer loop
      vertex 108.439 38.5607 0
      vertex 108.114 38.074 2.4
      vertex 108.114 38.074 0
    endloop
  endfacet
  facet normal 0.19513 -0.980777 0
    outer loop
      vertex 108.926 38.8858 0
      vertex 109.5 39 2.4
      vertex 108.926 38.8858 2.4
    endloop
  endfacet
  facet normal 0.19513 -0.980777 0
    outer loop
      vertex 109.5 39 2.4
      vertex 108.926 38.8858 0
      vertex 109.5 39 0
    endloop
  endfacet
  facet normal 0.555212 -0.831709 0
    outer loop
      vertex 108.439 38.5607 0
      vertex 108.926 38.8858 2.4
      vertex 108.439 38.5607 2.4
    endloop
  endfacet
  facet normal 0.555212 -0.831709 0
    outer loop
      vertex 108.926 38.8858 2.4
      vertex 108.439 38.5607 0
      vertex 108.926 38.8858 0
    endloop
  endfacet
  facet normal -0.980843 0.194802 0
    outer loop
      vertex 110.886 36.926 0
      vertex 111 37.5 2.4
      vertex 111 37.5 0
    endloop
  endfacet
  facet normal -0.980843 0.194802 0
    outer loop
      vertex 111 37.5 2.4
      vertex 110.886 36.926 0
      vertex 110.886 36.926 2.4
    endloop
  endfacet
  facet normal 0.980843 -0.194802 0
    outer loop
      vertex 108 37.5 2.4
      vertex 108.114 38.074 0
      vertex 108.114 38.074 2.4
    endloop
  endfacet
  facet normal 0.980843 -0.194802 0
    outer loop
      vertex 108.114 38.074 0
      vertex 108 37.5 2.4
      vertex 108 37.5 0
    endloop
  endfacet
  facet normal 0.831629 0.555331 0
    outer loop
      vertex 108.439 36.4393 2.4
      vertex 108.114 36.926 0
      vertex 108.114 36.926 2.4
    endloop
  endfacet
  facet normal 0.831629 0.555331 0
    outer loop
      vertex 108.114 36.926 0
      vertex 108.439 36.4393 2.4
      vertex 108.439 36.4393 0
    endloop
  endfacet
  facet normal -0.19513 -0.980777 0
    outer loop
      vertex 109.5 39 0
      vertex 110.074 38.8858 2.4
      vertex 109.5 39 2.4
    endloop
  endfacet
  facet normal -0.19513 -0.980777 -0
    outer loop
      vertex 110.074 38.8858 2.4
      vertex 109.5 39 0
      vertex 110.074 38.8858 0
    endloop
  endfacet
  facet normal -0.19513 0.980777 0
    outer loop
      vertex 110.074 36.1142 0
      vertex 109.5 36 2.4
      vertex 110.074 36.1142 2.4
    endloop
  endfacet
  facet normal -0.19513 0.980777 0
    outer loop
      vertex 109.5 36 2.4
      vertex 110.074 36.1142 0
      vertex 109.5 36 0
    endloop
  endfacet
  facet normal 0.555212 0.831709 -0
    outer loop
      vertex 108.926 36.1142 0
      vertex 108.439 36.4393 2.4
      vertex 108.926 36.1142 2.4
    endloop
  endfacet
  facet normal 0.555212 0.831709 0
    outer loop
      vertex 108.439 36.4393 2.4
      vertex 108.926 36.1142 0
      vertex 108.439 36.4393 0
    endloop
  endfacet
  facet normal 0.19513 0.980777 -0
    outer loop
      vertex 109.5 43 0
      vertex 108.926 43.1142 2.4
      vertex 109.5 43 2.4
    endloop
  endfacet
  facet normal 0.19513 0.980777 0
    outer loop
      vertex 108.926 43.1142 2.4
      vertex 109.5 43 0
      vertex 108.926 43.1142 0
    endloop
  endfacet
  facet normal -0.831629 0.555331 0
    outer loop
      vertex 110.561 43.4393 0
      vertex 110.886 43.926 2.4
      vertex 110.886 43.926 0
    endloop
  endfacet
  facet normal -0.831629 0.555331 0
    outer loop
      vertex 110.886 43.926 2.4
      vertex 110.561 43.4393 0
      vertex 110.561 43.4393 2.4
    endloop
  endfacet
  facet normal -0.831629 -0.555331 0
    outer loop
      vertex 110.886 45.074 0
      vertex 110.561 45.5607 2.4
      vertex 110.561 45.5607 0
    endloop
  endfacet
  facet normal -0.831629 -0.555331 0
    outer loop
      vertex 110.561 45.5607 2.4
      vertex 110.886 45.074 0
      vertex 110.886 45.074 2.4
    endloop
  endfacet
  facet normal -0.980843 -0.194802 0
    outer loop
      vertex 111 44.5 0
      vertex 110.886 45.074 2.4
      vertex 110.886 45.074 0
    endloop
  endfacet
  facet normal -0.980843 -0.194802 0
    outer loop
      vertex 110.886 45.074 2.4
      vertex 111 44.5 0
      vertex 111 44.5 2.4
    endloop
  endfacet
  facet normal -0.555212 -0.831709 0
    outer loop
      vertex 110.074 45.8858 0
      vertex 110.561 45.5607 2.4
      vertex 110.074 45.8858 2.4
    endloop
  endfacet
  facet normal -0.555212 -0.831709 -0
    outer loop
      vertex 110.561 45.5607 2.4
      vertex 110.074 45.8858 0
      vertex 110.561 45.5607 0
    endloop
  endfacet
  facet normal -0.19513 -0.980777 0
    outer loop
      vertex 109.5 46 0
      vertex 110.074 45.8858 2.4
      vertex 109.5 46 2.4
    endloop
  endfacet
  facet normal -0.19513 -0.980777 -0
    outer loop
      vertex 110.074 45.8858 2.4
      vertex 109.5 46 0
      vertex 110.074 45.8858 0
    endloop
  endfacet
  facet normal 0.980843 0.194802 0
    outer loop
      vertex 108.114 43.926 2.4
      vertex 108 44.5 0
      vertex 108 44.5 2.4
    endloop
  endfacet
  facet normal 0.980843 0.194802 0
    outer loop
      vertex 108 44.5 0
      vertex 108.114 43.926 2.4
      vertex 108.114 43.926 0
    endloop
  endfacet
  facet normal -0.555212 0.831709 0
    outer loop
      vertex 110.561 43.4393 0
      vertex 110.074 43.1142 2.4
      vertex 110.561 43.4393 2.4
    endloop
  endfacet
  facet normal -0.555212 0.831709 0
    outer loop
      vertex 110.074 43.1142 2.4
      vertex 110.561 43.4393 0
      vertex 110.074 43.1142 0
    endloop
  endfacet
  facet normal 0.831629 -0.555331 0
    outer loop
      vertex 108.114 45.074 2.4
      vertex 108.439 45.5607 0
      vertex 108.439 45.5607 2.4
    endloop
  endfacet
  facet normal 0.831629 -0.555331 0
    outer loop
      vertex 108.439 45.5607 0
      vertex 108.114 45.074 2.4
      vertex 108.114 45.074 0
    endloop
  endfacet
  facet normal 0.19513 -0.980777 0
    outer loop
      vertex 108.926 45.8858 0
      vertex 109.5 46 2.4
      vertex 108.926 45.8858 2.4
    endloop
  endfacet
  facet normal 0.19513 -0.980777 0
    outer loop
      vertex 109.5 46 2.4
      vertex 108.926 45.8858 0
      vertex 109.5 46 0
    endloop
  endfacet
  facet normal 0.555212 -0.831709 0
    outer loop
      vertex 108.439 45.5607 0
      vertex 108.926 45.8858 2.4
      vertex 108.439 45.5607 2.4
    endloop
  endfacet
  facet normal 0.555212 -0.831709 0
    outer loop
      vertex 108.926 45.8858 2.4
      vertex 108.439 45.5607 0
      vertex 108.926 45.8858 0
    endloop
  endfacet
  facet normal -0.980843 0.194802 0
    outer loop
      vertex 110.886 43.926 0
      vertex 111 44.5 2.4
      vertex 111 44.5 0
    endloop
  endfacet
  facet normal -0.980843 0.194802 0
    outer loop
      vertex 111 44.5 2.4
      vertex 110.886 43.926 0
      vertex 110.886 43.926 2.4
    endloop
  endfacet
  facet normal 0.980843 -0.194802 0
    outer loop
      vertex 108 44.5 2.4
      vertex 108.114 45.074 0
      vertex 108.114 45.074 2.4
    endloop
  endfacet
  facet normal 0.980843 -0.194802 0
    outer loop
      vertex 108.114 45.074 0
      vertex 108 44.5 2.4
      vertex 108 44.5 0
    endloop
  endfacet
  facet normal 0.831629 0.555331 0
    outer loop
      vertex 108.439 43.4393 2.4
      vertex 108.114 43.926 0
      vertex 108.114 43.926 2.4
    endloop
  endfacet
  facet normal 0.831629 0.555331 0
    outer loop
      vertex 108.114 43.926 0
      vertex 108.439 43.4393 2.4
      vertex 108.439 43.4393 0
    endloop
  endfacet
  facet normal -0.19513 0.980777 0
    outer loop
      vertex 110.074 43.1142 0
      vertex 109.5 43 2.4
      vertex 110.074 43.1142 2.4
    endloop
  endfacet
  facet normal -0.19513 0.980777 0
    outer loop
      vertex 109.5 43 2.4
      vertex 110.074 43.1142 0
      vertex 109.5 43 0
    endloop
  endfacet
  facet normal 0.555212 0.831709 -0
    outer loop
      vertex 108.926 43.1142 0
      vertex 108.439 43.4393 2.4
      vertex 108.926 43.1142 2.4
    endloop
  endfacet
  facet normal 0.555212 0.831709 0
    outer loop
      vertex 108.439 43.4393 2.4
      vertex 108.926 43.1142 0
      vertex 108.439 43.4393 0
    endloop
  endfacet
  facet normal 0.19513 0.980777 -0
    outer loop
      vertex 109.5 50 0
      vertex 108.926 50.1142 2.4
      vertex 109.5 50 2.4
    endloop
  endfacet
  facet normal 0.19513 0.980777 0
    outer loop
      vertex 108.926 50.1142 2.4
      vertex 109.5 50 0
      vertex 108.926 50.1142 0
    endloop
  endfacet
  facet normal -0.831629 0.555331 0
    outer loop
      vertex 110.561 50.4393 0
      vertex 110.886 50.926 2.4
      vertex 110.886 50.926 0
    endloop
  endfacet
  facet normal -0.831629 0.555331 0
    outer loop
      vertex 110.886 50.926 2.4
      vertex 110.561 50.4393 0
      vertex 110.561 50.4393 2.4
    endloop
  endfacet
  facet normal -0.831629 -0.555331 0
    outer loop
      vertex 110.886 52.074 0
      vertex 110.561 52.5607 2.4
      vertex 110.561 52.5607 0
    endloop
  endfacet
  facet normal -0.831629 -0.555331 0
    outer loop
      vertex 110.561 52.5607 2.4
      vertex 110.886 52.074 0
      vertex 110.886 52.074 2.4
    endloop
  endfacet
  facet normal -0.980843 -0.194802 0
    outer loop
      vertex 111 51.5 0
      vertex 110.886 52.074 2.4
      vertex 110.886 52.074 0
    endloop
  endfacet
  facet normal -0.980843 -0.194802 0
    outer loop
      vertex 110.886 52.074 2.4
      vertex 111 51.5 0
      vertex 111 51.5 2.4
    endloop
  endfacet
  facet normal -0.555212 -0.831709 0
    outer loop
      vertex 110.074 52.8858 0
      vertex 110.561 52.5607 2.4
      vertex 110.074 52.8858 2.4
    endloop
  endfacet
  facet normal -0.555212 -0.831709 -0
    outer loop
      vertex 110.561 52.5607 2.4
      vertex 110.074 52.8858 0
      vertex 110.561 52.5607 0
    endloop
  endfacet
  facet normal -0.19513 -0.980777 0
    outer loop
      vertex 109.5 53 0
      vertex 110.074 52.8858 2.4
      vertex 109.5 53 2.4
    endloop
  endfacet
  facet normal -0.19513 -0.980777 -0
    outer loop
      vertex 110.074 52.8858 2.4
      vertex 109.5 53 0
      vertex 110.074 52.8858 0
    endloop
  endfacet
  facet normal 0.980843 0.194802 0
    outer loop
      vertex 108.114 50.926 2.4
      vertex 108 51.5 0
      vertex 108 51.5 2.4
    endloop
  endfacet
  facet normal 0.980843 0.194802 0
    outer loop
      vertex 108 51.5 0
      vertex 108.114 50.926 2.4
      vertex 108.114 50.926 0
    endloop
  endfacet
  facet normal -0.555212 0.831709 0
    outer loop
      vertex 110.561 50.4393 0
      vertex 110.074 50.1142 2.4
      vertex 110.561 50.4393 2.4
    endloop
  endfacet
  facet normal -0.555212 0.831709 0
    outer loop
      vertex 110.074 50.1142 2.4
      vertex 110.561 50.4393 0
      vertex 110.074 50.1142 0
    endloop
  endfacet
  facet normal 0.831629 -0.555331 0
    outer loop
      vertex 108.114 52.074 2.4
      vertex 108.439 52.5607 0
      vertex 108.439 52.5607 2.4
    endloop
  endfacet
  facet normal 0.831629 -0.555331 0
    outer loop
      vertex 108.439 52.5607 0
      vertex 108.114 52.074 2.4
      vertex 108.114 52.074 0
    endloop
  endfacet
  facet normal 0.19513 -0.980777 0
    outer loop
      vertex 108.926 52.8858 0
      vertex 109.5 53 2.4
      vertex 108.926 52.8858 2.4
    endloop
  endfacet
  facet normal 0.19513 -0.980777 0
    outer loop
      vertex 109.5 53 2.4
      vertex 108.926 52.8858 0
      vertex 109.5 53 0
    endloop
  endfacet
  facet normal 0.555212 -0.831709 0
    outer loop
      vertex 108.439 52.5607 0
      vertex 108.926 52.8858 2.4
      vertex 108.439 52.5607 2.4
    endloop
  endfacet
  facet normal 0.555212 -0.831709 0
    outer loop
      vertex 108.926 52.8858 2.4
      vertex 108.439 52.5607 0
      vertex 108.926 52.8858 0
    endloop
  endfacet
  facet normal -0.980843 0.194802 0
    outer loop
      vertex 110.886 50.926 0
      vertex 111 51.5 2.4
      vertex 111 51.5 0
    endloop
  endfacet
  facet normal -0.980843 0.194802 0
    outer loop
      vertex 111 51.5 2.4
      vertex 110.886 50.926 0
      vertex 110.886 50.926 2.4
    endloop
  endfacet
  facet normal 0.980843 -0.194802 0
    outer loop
      vertex 108 51.5 2.4
      vertex 108.114 52.074 0
      vertex 108.114 52.074 2.4
    endloop
  endfacet
  facet normal 0.980843 -0.194802 0
    outer loop
      vertex 108.114 52.074 0
      vertex 108 51.5 2.4
      vertex 108 51.5 0
    endloop
  endfacet
  facet normal 0.831629 0.555331 0
    outer loop
      vertex 108.439 50.4393 2.4
      vertex 108.114 50.926 0
      vertex 108.114 50.926 2.4
    endloop
  endfacet
  facet normal 0.831629 0.555331 0
    outer loop
      vertex 108.114 50.926 0
      vertex 108.439 50.4393 2.4
      vertex 108.439 50.4393 0
    endloop
  endfacet
  facet normal -0.19513 0.980777 0
    outer loop
      vertex 110.074 50.1142 0
      vertex 109.5 50 2.4
      vertex 110.074 50.1142 2.4
    endloop
  endfacet
  facet normal -0.19513 0.980777 0
    outer loop
      vertex 109.5 50 2.4
      vertex 110.074 50.1142 0
      vertex 109.5 50 0
    endloop
  endfacet
  facet normal 0.555212 0.831709 -0
    outer loop
      vertex 108.926 50.1142 0
      vertex 108.439 50.4393 2.4
      vertex 108.926 50.1142 2.4
    endloop
  endfacet
  facet normal 0.555212 0.831709 0
    outer loop
      vertex 108.439 50.4393 2.4
      vertex 108.926 50.1142 0
      vertex 108.439 50.4393 0
    endloop
  endfacet
  facet normal 0.19513 0.980777 -0
    outer loop
      vertex 109.5 57 0
      vertex 108.926 57.1142 2.4
      vertex 109.5 57 2.4
    endloop
  endfacet
  facet normal 0.19513 0.980777 0
    outer loop
      vertex 108.926 57.1142 2.4
      vertex 109.5 57 0
      vertex 108.926 57.1142 0
    endloop
  endfacet
  facet normal -0.831629 0.555331 0
    outer loop
      vertex 110.561 57.4393 0
      vertex 110.886 57.926 2.4
      vertex 110.886 57.926 0
    endloop
  endfacet
  facet normal -0.831629 0.555331 0
    outer loop
      vertex 110.886 57.926 2.4
      vertex 110.561 57.4393 0
      vertex 110.561 57.4393 2.4
    endloop
  endfacet
  facet normal -0.831629 -0.555331 0
    outer loop
      vertex 110.886 59.074 0
      vertex 110.561 59.5607 2.4
      vertex 110.561 59.5607 0
    endloop
  endfacet
  facet normal -0.831629 -0.555331 0
    outer loop
      vertex 110.561 59.5607 2.4
      vertex 110.886 59.074 0
      vertex 110.886 59.074 2.4
    endloop
  endfacet
  facet normal -0.980843 -0.194802 0
    outer loop
      vertex 111 58.5 0
      vertex 110.886 59.074 2.4
      vertex 110.886 59.074 0
    endloop
  endfacet
  facet normal -0.980843 -0.194802 0
    outer loop
      vertex 110.886 59.074 2.4
      vertex 111 58.5 0
      vertex 111 58.5 2.4
    endloop
  endfacet
  facet normal -0.555212 -0.831709 0
    outer loop
      vertex 110.074 59.8858 0
      vertex 110.561 59.5607 2.4
      vertex 110.074 59.8858 2.4
    endloop
  endfacet
  facet normal -0.555212 -0.831709 -0
    outer loop
      vertex 110.561 59.5607 2.4
      vertex 110.074 59.8858 0
      vertex 110.561 59.5607 0
    endloop
  endfacet
  facet normal -0.19513 -0.980777 0
    outer loop
      vertex 109.5 60 0
      vertex 110.074 59.8858 2.4
      vertex 109.5 60 2.4
    endloop
  endfacet
  facet normal -0.19513 -0.980777 -0
    outer loop
      vertex 110.074 59.8858 2.4
      vertex 109.5 60 0
      vertex 110.074 59.8858 0
    endloop
  endfacet
  facet normal 0.980843 0.194802 0
    outer loop
      vertex 108.114 57.926 2.4
      vertex 108 58.5 0
      vertex 108 58.5 2.4
    endloop
  endfacet
  facet normal 0.980843 0.194802 0
    outer loop
      vertex 108 58.5 0
      vertex 108.114 57.926 2.4
      vertex 108.114 57.926 0
    endloop
  endfacet
  facet normal -0.555212 0.831709 0
    outer loop
      vertex 110.561 57.4393 0
      vertex 110.074 57.1142 2.4
      vertex 110.561 57.4393 2.4
    endloop
  endfacet
  facet normal -0.555212 0.831709 0
    outer loop
      vertex 110.074 57.1142 2.4
      vertex 110.561 57.4393 0
      vertex 110.074 57.1142 0
    endloop
  endfacet
  facet normal 0.831629 -0.555331 0
    outer loop
      vertex 108.114 59.074 2.4
      vertex 108.439 59.5607 0
      vertex 108.439 59.5607 2.4
    endloop
  endfacet
  facet normal 0.831629 -0.555331 0
    outer loop
      vertex 108.439 59.5607 0
      vertex 108.114 59.074 2.4
      vertex 108.114 59.074 0
    endloop
  endfacet
  facet normal 0.19513 -0.980777 0
    outer loop
      vertex 108.926 59.8858 0
      vertex 109.5 60 2.4
      vertex 108.926 59.8858 2.4
    endloop
  endfacet
  facet normal 0.19513 -0.980777 0
    outer loop
      vertex 109.5 60 2.4
      vertex 108.926 59.8858 0
      vertex 109.5 60 0
    endloop
  endfacet
  facet normal 0.555212 -0.831709 0
    outer loop
      vertex 108.439 59.5607 0
      vertex 108.926 59.8858 2.4
      vertex 108.439 59.5607 2.4
    endloop
  endfacet
  facet normal 0.555212 -0.831709 0
    outer loop
      vertex 108.926 59.8858 2.4
      vertex 108.439 59.5607 0
      vertex 108.926 59.8858 0
    endloop
  endfacet
  facet normal -0.980843 0.194802 0
    outer loop
      vertex 110.886 57.926 0
      vertex 111 58.5 2.4
      vertex 111 58.5 0
    endloop
  endfacet
  facet normal -0.980843 0.194802 0
    outer loop
      vertex 111 58.5 2.4
      vertex 110.886 57.926 0
      vertex 110.886 57.926 2.4
    endloop
  endfacet
  facet normal 0.980843 -0.194802 0
    outer loop
      vertex 108 58.5 2.4
      vertex 108.114 59.074 0
      vertex 108.114 59.074 2.4
    endloop
  endfacet
  facet normal 0.980843 -0.194802 0
    outer loop
      vertex 108.114 59.074 0
      vertex 108 58.5 2.4
      vertex 108 58.5 0
    endloop
  endfacet
  facet normal 0.831629 0.555331 0
    outer loop
      vertex 108.439 57.4393 2.4
      vertex 108.114 57.926 0
      vertex 108.114 57.926 2.4
    endloop
  endfacet
  facet normal 0.831629 0.555331 0
    outer loop
      vertex 108.114 57.926 0
      vertex 108.439 57.4393 2.4
      vertex 108.439 57.4393 0
    endloop
  endfacet
  facet normal -0.19513 0.980777 0
    outer loop
      vertex 110.074 57.1142 0
      vertex 109.5 57 2.4
      vertex 110.074 57.1142 2.4
    endloop
  endfacet
  facet normal -0.19513 0.980777 0
    outer loop
      vertex 109.5 57 2.4
      vertex 110.074 57.1142 0
      vertex 109.5 57 0
    endloop
  endfacet
  facet normal 0.555212 0.831709 -0
    outer loop
      vertex 108.926 57.1142 0
      vertex 108.439 57.4393 2.4
      vertex 108.926 57.1142 2.4
    endloop
  endfacet
  facet normal 0.555212 0.831709 0
    outer loop
      vertex 108.439 57.4393 2.4
      vertex 108.926 57.1142 0
      vertex 108.439 57.4393 0
    endloop
  endfacet
  facet normal 0.19513 0.980777 -0
    outer loop
      vertex 109.5 64 0
      vertex 108.926 64.1142 2.4
      vertex 109.5 64 2.4
    endloop
  endfacet
  facet normal 0.19513 0.980777 0
    outer loop
      vertex 108.926 64.1142 2.4
      vertex 109.5 64 0
      vertex 108.926 64.1142 0
    endloop
  endfacet
  facet normal -0.831629 0.555331 0
    outer loop
      vertex 110.561 64.4393 0
      vertex 110.886 64.926 2.4
      vertex 110.886 64.926 0
    endloop
  endfacet
  facet normal -0.831629 0.555331 0
    outer loop
      vertex 110.886 64.926 2.4
      vertex 110.561 64.4393 0
      vertex 110.561 64.4393 2.4
    endloop
  endfacet
  facet normal -0.831629 -0.555331 0
    outer loop
      vertex 110.886 66.074 0
      vertex 110.561 66.5607 2.4
      vertex 110.561 66.5607 0
    endloop
  endfacet
  facet normal -0.831629 -0.555331 0
    outer loop
      vertex 110.561 66.5607 2.4
      vertex 110.886 66.074 0
      vertex 110.886 66.074 2.4
    endloop
  endfacet
  facet normal -0.980843 -0.194802 0
    outer loop
      vertex 111 65.5 0
      vertex 110.886 66.074 2.4
      vertex 110.886 66.074 0
    endloop
  endfacet
  facet normal -0.980843 -0.194802 0
    outer loop
      vertex 110.886 66.074 2.4
      vertex 111 65.5 0
      vertex 111 65.5 2.4
    endloop
  endfacet
  facet normal -0.555212 -0.831709 0
    outer loop
      vertex 110.074 66.8858 0
      vertex 110.561 66.5607 2.4
      vertex 110.074 66.8858 2.4
    endloop
  endfacet
  facet normal -0.555212 -0.831709 -0
    outer loop
      vertex 110.561 66.5607 2.4
      vertex 110.074 66.8858 0
      vertex 110.561 66.5607 0
    endloop
  endfacet
  facet normal -0.19513 -0.980777 0
    outer loop
      vertex 109.5 67 0
      vertex 110.074 66.8858 2.4
      vertex 109.5 67 2.4
    endloop
  endfacet
  facet normal -0.19513 -0.980777 -0
    outer loop
      vertex 110.074 66.8858 2.4
      vertex 109.5 67 0
      vertex 110.074 66.8858 0
    endloop
  endfacet
  facet normal 0.980843 0.194802 0
    outer loop
      vertex 108.114 64.926 2.4
      vertex 108 65.5 0
      vertex 108 65.5 2.4
    endloop
  endfacet
  facet normal 0.980843 0.194802 0
    outer loop
      vertex 108 65.5 0
      vertex 108.114 64.926 2.4
      vertex 108.114 64.926 0
    endloop
  endfacet
  facet normal -0.555212 0.831709 0
    outer loop
      vertex 110.561 64.4393 0
      vertex 110.074 64.1142 2.4
      vertex 110.561 64.4393 2.4
    endloop
  endfacet
  facet normal -0.555212 0.831709 0
    outer loop
      vertex 110.074 64.1142 2.4
      vertex 110.561 64.4393 0
      vertex 110.074 64.1142 0
    endloop
  endfacet
  facet normal 0.831629 -0.555331 0
    outer loop
      vertex 108.114 66.074 2.4
      vertex 108.439 66.5607 0
      vertex 108.439 66.5607 2.4
    endloop
  endfacet
  facet normal 0.831629 -0.555331 0
    outer loop
      vertex 108.439 66.5607 0
      vertex 108.114 66.074 2.4
      vertex 108.114 66.074 0
    endloop
  endfacet
  facet normal 0.19513 -0.980777 0
    outer loop
      vertex 108.926 66.8858 0
      vertex 109.5 67 2.4
      vertex 108.926 66.8858 2.4
    endloop
  endfacet
  facet normal 0.19513 -0.980777 0
    outer loop
      vertex 109.5 67 2.4
      vertex 108.926 66.8858 0
      vertex 109.5 67 0
    endloop
  endfacet
  facet normal 0.555212 -0.831709 0
    outer loop
      vertex 108.439 66.5607 0
      vertex 108.926 66.8858 2.4
      vertex 108.439 66.5607 2.4
    endloop
  endfacet
  facet normal 0.555212 -0.831709 0
    outer loop
      vertex 108.926 66.8858 2.4
      vertex 108.439 66.5607 0
      vertex 108.926 66.8858 0
    endloop
  endfacet
  facet normal -0.980843 0.194802 0
    outer loop
      vertex 110.886 64.926 0
      vertex 111 65.5 2.4
      vertex 111 65.5 0
    endloop
  endfacet
  facet normal -0.980843 0.194802 0
    outer loop
      vertex 111 65.5 2.4
      vertex 110.886 64.926 0
      vertex 110.886 64.926 2.4
    endloop
  endfacet
  facet normal 0.980843 -0.194802 0
    outer loop
      vertex 108 65.5 2.4
      vertex 108.114 66.074 0
      vertex 108.114 66.074 2.4
    endloop
  endfacet
  facet normal 0.980843 -0.194802 0
    outer loop
      vertex 108.114 66.074 0
      vertex 108 65.5 2.4
      vertex 108 65.5 0
    endloop
  endfacet
  facet normal 0.831629 0.555331 0
    outer loop
      vertex 108.439 64.4393 2.4
      vertex 108.114 64.926 0
      vertex 108.114 64.926 2.4
    endloop
  endfacet
  facet normal 0.831629 0.555331 0
    outer loop
      vertex 108.114 64.926 0
      vertex 108.439 64.4393 2.4
      vertex 108.439 64.4393 0
    endloop
  endfacet
  facet normal -0.19513 0.980777 0
    outer loop
      vertex 110.074 64.1142 0
      vertex 109.5 64 2.4
      vertex 110.074 64.1142 2.4
    endloop
  endfacet
  facet normal -0.19513 0.980777 0
    outer loop
      vertex 109.5 64 2.4
      vertex 110.074 64.1142 0
      vertex 109.5 64 0
    endloop
  endfacet
  facet normal 0.555212 0.831709 -0
    outer loop
      vertex 108.926 64.1142 0
      vertex 108.439 64.4393 2.4
      vertex 108.926 64.1142 2.4
    endloop
  endfacet
  facet normal 0.555212 0.831709 0
    outer loop
      vertex 108.439 64.4393 2.4
      vertex 108.926 64.1142 0
      vertex 108.439 64.4393 0
    endloop
  endfacet
  facet normal 0.19513 0.980777 -0
    outer loop
      vertex 116.5 29 0
      vertex 115.926 29.1142 2.4
      vertex 116.5 29 2.4
    endloop
  endfacet
  facet normal 0.19513 0.980777 0
    outer loop
      vertex 115.926 29.1142 2.4
      vertex 116.5 29 0
      vertex 115.926 29.1142 0
    endloop
  endfacet
  facet normal -0.831629 0.555331 0
    outer loop
      vertex 117.561 29.4393 0
      vertex 117.886 29.926 2.4
      vertex 117.886 29.926 0
    endloop
  endfacet
  facet normal -0.831629 0.555331 0
    outer loop
      vertex 117.886 29.926 2.4
      vertex 117.561 29.4393 0
      vertex 117.561 29.4393 2.4
    endloop
  endfacet
  facet normal -0.831629 -0.555331 0
    outer loop
      vertex 117.886 31.074 0
      vertex 117.561 31.5607 2.4
      vertex 117.561 31.5607 0
    endloop
  endfacet
  facet normal -0.831629 -0.555331 0
    outer loop
      vertex 117.561 31.5607 2.4
      vertex 117.886 31.074 0
      vertex 117.886 31.074 2.4
    endloop
  endfacet
  facet normal -0.980843 -0.194802 0
    outer loop
      vertex 118 30.5 0
      vertex 117.886 31.074 2.4
      vertex 117.886 31.074 0
    endloop
  endfacet
  facet normal -0.980843 -0.194802 0
    outer loop
      vertex 117.886 31.074 2.4
      vertex 118 30.5 0
      vertex 118 30.5 2.4
    endloop
  endfacet
  facet normal -0.555212 -0.831709 0
    outer loop
      vertex 117.074 31.8858 0
      vertex 117.561 31.5607 2.4
      vertex 117.074 31.8858 2.4
    endloop
  endfacet
  facet normal -0.555212 -0.831709 -0
    outer loop
      vertex 117.561 31.5607 2.4
      vertex 117.074 31.8858 0
      vertex 117.561 31.5607 0
    endloop
  endfacet
  facet normal -0.19513 -0.980777 0
    outer loop
      vertex 116.5 32 0
      vertex 117.074 31.8858 2.4
      vertex 116.5 32 2.4
    endloop
  endfacet
  facet normal -0.19513 -0.980777 -0
    outer loop
      vertex 117.074 31.8858 2.4
      vertex 116.5 32 0
      vertex 117.074 31.8858 0
    endloop
  endfacet
  facet normal 0.980843 0.194802 0
    outer loop
      vertex 115.114 29.926 2.4
      vertex 115 30.5 0
      vertex 115 30.5 2.4
    endloop
  endfacet
  facet normal 0.980843 0.194802 0
    outer loop
      vertex 115 30.5 0
      vertex 115.114 29.926 2.4
      vertex 115.114 29.926 0
    endloop
  endfacet
  facet normal -0.555212 0.831709 0
    outer loop
      vertex 117.561 29.4393 0
      vertex 117.074 29.1142 2.4
      vertex 117.561 29.4393 2.4
    endloop
  endfacet
  facet normal -0.555212 0.831709 0
    outer loop
      vertex 117.074 29.1142 2.4
      vertex 117.561 29.4393 0
      vertex 117.074 29.1142 0
    endloop
  endfacet
  facet normal 0.831629 -0.555331 0
    outer loop
      vertex 115.114 31.074 2.4
      vertex 115.439 31.5607 0
      vertex 115.439 31.5607 2.4
    endloop
  endfacet
  facet normal 0.831629 -0.555331 0
    outer loop
      vertex 115.439 31.5607 0
      vertex 115.114 31.074 2.4
      vertex 115.114 31.074 0
    endloop
  endfacet
  facet normal 0.19513 -0.980777 0
    outer loop
      vertex 115.926 31.8858 0
      vertex 116.5 32 2.4
      vertex 115.926 31.8858 2.4
    endloop
  endfacet
  facet normal 0.19513 -0.980777 0
    outer loop
      vertex 116.5 32 2.4
      vertex 115.926 31.8858 0
      vertex 116.5 32 0
    endloop
  endfacet
  facet normal 0.555212 -0.831709 0
    outer loop
      vertex 115.439 31.5607 0
      vertex 115.926 31.8858 2.4
      vertex 115.439 31.5607 2.4
    endloop
  endfacet
  facet normal 0.555212 -0.831709 0
    outer loop
      vertex 115.926 31.8858 2.4
      vertex 115.439 31.5607 0
      vertex 115.926 31.8858 0
    endloop
  endfacet
  facet normal -0.980843 0.194802 0
    outer loop
      vertex 117.886 29.926 0
      vertex 118 30.5 2.4
      vertex 118 30.5 0
    endloop
  endfacet
  facet normal -0.980843 0.194802 0
    outer loop
      vertex 118 30.5 2.4
      vertex 117.886 29.926 0
      vertex 117.886 29.926 2.4
    endloop
  endfacet
  facet normal 0.980843 -0.194802 0
    outer loop
      vertex 115 30.5 2.4
      vertex 115.114 31.074 0
      vertex 115.114 31.074 2.4
    endloop
  endfacet
  facet normal 0.980843 -0.194802 0
    outer loop
      vertex 115.114 31.074 0
      vertex 115 30.5 2.4
      vertex 115 30.5 0
    endloop
  endfacet
  facet normal 0.831629 0.555331 0
    outer loop
      vertex 115.439 29.4393 2.4
      vertex 115.114 29.926 0
      vertex 115.114 29.926 2.4
    endloop
  endfacet
  facet normal 0.831629 0.555331 0
    outer loop
      vertex 115.114 29.926 0
      vertex 115.439 29.4393 2.4
      vertex 115.439 29.4393 0
    endloop
  endfacet
  facet normal -0.19513 0.980777 0
    outer loop
      vertex 117.074 29.1142 0
      vertex 116.5 29 2.4
      vertex 117.074 29.1142 2.4
    endloop
  endfacet
  facet normal -0.19513 0.980777 0
    outer loop
      vertex 116.5 29 2.4
      vertex 117.074 29.1142 0
      vertex 116.5 29 0
    endloop
  endfacet
  facet normal 0.555212 0.831709 -0
    outer loop
      vertex 115.926 29.1142 0
      vertex 115.439 29.4393 2.4
      vertex 115.926 29.1142 2.4
    endloop
  endfacet
  facet normal 0.555212 0.831709 0
    outer loop
      vertex 115.439 29.4393 2.4
      vertex 115.926 29.1142 0
      vertex 115.439 29.4393 0
    endloop
  endfacet
  facet normal 0.19513 0.980777 -0
    outer loop
      vertex 116.5 36 0
      vertex 115.926 36.1142 2.4
      vertex 116.5 36 2.4
    endloop
  endfacet
  facet normal 0.19513 0.980777 0
    outer loop
      vertex 115.926 36.1142 2.4
      vertex 116.5 36 0
      vertex 115.926 36.1142 0
    endloop
  endfacet
  facet normal -0.831629 0.555331 0
    outer loop
      vertex 117.561 36.4393 0
      vertex 117.886 36.926 2.4
      vertex 117.886 36.926 0
    endloop
  endfacet
  facet normal -0.831629 0.555331 0
    outer loop
      vertex 117.886 36.926 2.4
      vertex 117.561 36.4393 0
      vertex 117.561 36.4393 2.4
    endloop
  endfacet
  facet normal -0.831629 -0.555331 0
    outer loop
      vertex 117.886 38.074 0
      vertex 117.561 38.5607 2.4
      vertex 117.561 38.5607 0
    endloop
  endfacet
  facet normal -0.831629 -0.555331 0
    outer loop
      vertex 117.561 38.5607 2.4
      vertex 117.886 38.074 0
      vertex 117.886 38.074 2.4
    endloop
  endfacet
  facet normal -0.980843 -0.194802 0
    outer loop
      vertex 118 37.5 0
      vertex 117.886 38.074 2.4
      vertex 117.886 38.074 0
    endloop
  endfacet
  facet normal -0.980843 -0.194802 0
    outer loop
      vertex 117.886 38.074 2.4
      vertex 118 37.5 0
      vertex 118 37.5 2.4
    endloop
  endfacet
  facet normal -0.555212 -0.831709 0
    outer loop
      vertex 117.074 38.8858 0
      vertex 117.561 38.5607 2.4
      vertex 117.074 38.8858 2.4
    endloop
  endfacet
  facet normal -0.555212 -0.831709 -0
    outer loop
      vertex 117.561 38.5607 2.4
      vertex 117.074 38.8858 0
      vertex 117.561 38.5607 0
    endloop
  endfacet
  facet normal 0.980843 0.194802 0
    outer loop
      vertex 115.114 36.926 2.4
      vertex 115 37.5 0
      vertex 115 37.5 2.4
    endloop
  endfacet
  facet normal 0.980843 0.194802 0
    outer loop
      vertex 115 37.5 0
      vertex 115.114 36.926 2.4
      vertex 115.114 36.926 0
    endloop
  endfacet
  facet normal -0.555212 0.831709 0
    outer loop
      vertex 117.561 36.4393 0
      vertex 117.074 36.1142 2.4
      vertex 117.561 36.4393 2.4
    endloop
  endfacet
  facet normal -0.555212 0.831709 0
    outer loop
      vertex 117.074 36.1142 2.4
      vertex 117.561 36.4393 0
      vertex 117.074 36.1142 0
    endloop
  endfacet
  facet normal 0.831629 -0.555331 0
    outer loop
      vertex 115.114 38.074 2.4
      vertex 115.439 38.5607 0
      vertex 115.439 38.5607 2.4
    endloop
  endfacet
  facet normal 0.831629 -0.555331 0
    outer loop
      vertex 115.439 38.5607 0
      vertex 115.114 38.074 2.4
      vertex 115.114 38.074 0
    endloop
  endfacet
  facet normal 0.19513 -0.980777 0
    outer loop
      vertex 115.926 38.8858 0
      vertex 116.5 39 2.4
      vertex 115.926 38.8858 2.4
    endloop
  endfacet
  facet normal 0.19513 -0.980777 0
    outer loop
      vertex 116.5 39 2.4
      vertex 115.926 38.8858 0
      vertex 116.5 39 0
    endloop
  endfacet
  facet normal 0.555212 -0.831709 0
    outer loop
      vertex 115.439 38.5607 0
      vertex 115.926 38.8858 2.4
      vertex 115.439 38.5607 2.4
    endloop
  endfacet
  facet normal 0.555212 -0.831709 0
    outer loop
      vertex 115.926 38.8858 2.4
      vertex 115.439 38.5607 0
      vertex 115.926 38.8858 0
    endloop
  endfacet
  facet normal -0.980843 0.194802 0
    outer loop
      vertex 117.886 36.926 0
      vertex 118 37.5 2.4
      vertex 118 37.5 0
    endloop
  endfacet
  facet normal -0.980843 0.194802 0
    outer loop
      vertex 118 37.5 2.4
      vertex 117.886 36.926 0
      vertex 117.886 36.926 2.4
    endloop
  endfacet
  facet normal 0.980843 -0.194802 0
    outer loop
      vertex 115 37.5 2.4
      vertex 115.114 38.074 0
      vertex 115.114 38.074 2.4
    endloop
  endfacet
  facet normal 0.980843 -0.194802 0
    outer loop
      vertex 115.114 38.074 0
      vertex 115 37.5 2.4
      vertex 115 37.5 0
    endloop
  endfacet
  facet normal 0.831629 0.555331 0
    outer loop
      vertex 115.439 36.4393 2.4
      vertex 115.114 36.926 0
      vertex 115.114 36.926 2.4
    endloop
  endfacet
  facet normal 0.831629 0.555331 0
    outer loop
      vertex 115.114 36.926 0
      vertex 115.439 36.4393 2.4
      vertex 115.439 36.4393 0
    endloop
  endfacet
  facet normal -0.19513 -0.980777 0
    outer loop
      vertex 116.5 39 0
      vertex 117.074 38.8858 2.4
      vertex 116.5 39 2.4
    endloop
  endfacet
  facet normal -0.19513 -0.980777 -0
    outer loop
      vertex 117.074 38.8858 2.4
      vertex 116.5 39 0
      vertex 117.074 38.8858 0
    endloop
  endfacet
  facet normal -0.19513 0.980777 0
    outer loop
      vertex 117.074 36.1142 0
      vertex 116.5 36 2.4
      vertex 117.074 36.1142 2.4
    endloop
  endfacet
  facet normal -0.19513 0.980777 0
    outer loop
      vertex 116.5 36 2.4
      vertex 117.074 36.1142 0
      vertex 116.5 36 0
    endloop
  endfacet
  facet normal 0.555212 0.831709 -0
    outer loop
      vertex 115.926 36.1142 0
      vertex 115.439 36.4393 2.4
      vertex 115.926 36.1142 2.4
    endloop
  endfacet
  facet normal 0.555212 0.831709 0
    outer loop
      vertex 115.439 36.4393 2.4
      vertex 115.926 36.1142 0
      vertex 115.439 36.4393 0
    endloop
  endfacet
  facet normal 0.19513 0.980777 -0
    outer loop
      vertex 116.5 43 0
      vertex 115.926 43.1142 2.4
      vertex 116.5 43 2.4
    endloop
  endfacet
  facet normal 0.19513 0.980777 0
    outer loop
      vertex 115.926 43.1142 2.4
      vertex 116.5 43 0
      vertex 115.926 43.1142 0
    endloop
  endfacet
  facet normal -0.831629 0.555331 0
    outer loop
      vertex 117.561 43.4393 0
      vertex 117.886 43.926 2.4
      vertex 117.886 43.926 0
    endloop
  endfacet
  facet normal -0.831629 0.555331 0
    outer loop
      vertex 117.886 43.926 2.4
      vertex 117.561 43.4393 0
      vertex 117.561 43.4393 2.4
    endloop
  endfacet
  facet normal -0.831629 -0.555331 0
    outer loop
      vertex 117.886 45.074 0
      vertex 117.561 45.5607 2.4
      vertex 117.561 45.5607 0
    endloop
  endfacet
  facet normal -0.831629 -0.555331 0
    outer loop
      vertex 117.561 45.5607 2.4
      vertex 117.886 45.074 0
      vertex 117.886 45.074 2.4
    endloop
  endfacet
  facet normal -0.980843 -0.194802 0
    outer loop
      vertex 118 44.5 0
      vertex 117.886 45.074 2.4
      vertex 117.886 45.074 0
    endloop
  endfacet
  facet normal -0.980843 -0.194802 0
    outer loop
      vertex 117.886 45.074 2.4
      vertex 118 44.5 0
      vertex 118 44.5 2.4
    endloop
  endfacet
  facet normal -0.555212 -0.831709 0
    outer loop
      vertex 117.074 45.8858 0
      vertex 117.561 45.5607 2.4
      vertex 117.074 45.8858 2.4
    endloop
  endfacet
  facet normal -0.555212 -0.831709 -0
    outer loop
      vertex 117.561 45.5607 2.4
      vertex 117.074 45.8858 0
      vertex 117.561 45.5607 0
    endloop
  endfacet
  facet normal 0.980843 0.194802 0
    outer loop
      vertex 115.114 43.926 2.4
      vertex 115 44.5 0
      vertex 115 44.5 2.4
    endloop
  endfacet
  facet normal 0.980843 0.194802 0
    outer loop
      vertex 115 44.5 0
      vertex 115.114 43.926 2.4
      vertex 115.114 43.926 0
    endloop
  endfacet
  facet normal -0.555212 0.831709 0
    outer loop
      vertex 117.561 43.4393 0
      vertex 117.074 43.1142 2.4
      vertex 117.561 43.4393 2.4
    endloop
  endfacet
  facet normal -0.555212 0.831709 0
    outer loop
      vertex 117.074 43.1142 2.4
      vertex 117.561 43.4393 0
      vertex 117.074 43.1142 0
    endloop
  endfacet
  facet normal 0.831629 -0.555331 0
    outer loop
      vertex 115.114 45.074 2.4
      vertex 115.439 45.5607 0
      vertex 115.439 45.5607 2.4
    endloop
  endfacet
  facet normal 0.831629 -0.555331 0
    outer loop
      vertex 115.439 45.5607 0
      vertex 115.114 45.074 2.4
      vertex 115.114 45.074 0
    endloop
  endfacet
  facet normal 0.19513 -0.980777 0
    outer loop
      vertex 115.926 45.8858 0
      vertex 116.5 46 2.4
      vertex 115.926 45.8858 2.4
    endloop
  endfacet
  facet normal 0.19513 -0.980777 0
    outer loop
      vertex 116.5 46 2.4
      vertex 115.926 45.8858 0
      vertex 116.5 46 0
    endloop
  endfacet
  facet normal 0.555212 -0.831709 0
    outer loop
      vertex 115.439 45.5607 0
      vertex 115.926 45.8858 2.4
      vertex 115.439 45.5607 2.4
    endloop
  endfacet
  facet normal 0.555212 -0.831709 0
    outer loop
      vertex 115.926 45.8858 2.4
      vertex 115.439 45.5607 0
      vertex 115.926 45.8858 0
    endloop
  endfacet
  facet normal -0.980843 0.194802 0
    outer loop
      vertex 117.886 43.926 0
      vertex 118 44.5 2.4
      vertex 118 44.5 0
    endloop
  endfacet
  facet normal -0.980843 0.194802 0
    outer loop
      vertex 118 44.5 2.4
      vertex 117.886 43.926 0
      vertex 117.886 43.926 2.4
    endloop
  endfacet
  facet normal 0.980843 -0.194802 0
    outer loop
      vertex 115 44.5 2.4
      vertex 115.114 45.074 0
      vertex 115.114 45.074 2.4
    endloop
  endfacet
  facet normal 0.980843 -0.194802 0
    outer loop
      vertex 115.114 45.074 0
      vertex 115 44.5 2.4
      vertex 115 44.5 0
    endloop
  endfacet
  facet normal 0.831629 0.555331 0
    outer loop
      vertex 115.439 43.4393 2.4
      vertex 115.114 43.926 0
      vertex 115.114 43.926 2.4
    endloop
  endfacet
  facet normal 0.831629 0.555331 0
    outer loop
      vertex 115.114 43.926 0
      vertex 115.439 43.4393 2.4
      vertex 115.439 43.4393 0
    endloop
  endfacet
  facet normal -0.19513 -0.980777 0
    outer loop
      vertex 116.5 46 0
      vertex 117.074 45.8858 2.4
      vertex 116.5 46 2.4
    endloop
  endfacet
  facet normal -0.19513 -0.980777 -0
    outer loop
      vertex 117.074 45.8858 2.4
      vertex 116.5 46 0
      vertex 117.074 45.8858 0
    endloop
  endfacet
  facet normal -0.19513 0.980777 0
    outer loop
      vertex 117.074 43.1142 0
      vertex 116.5 43 2.4
      vertex 117.074 43.1142 2.4
    endloop
  endfacet
  facet normal -0.19513 0.980777 0
    outer loop
      vertex 116.5 43 2.4
      vertex 117.074 43.1142 0
      vertex 116.5 43 0
    endloop
  endfacet
  facet normal 0.555212 0.831709 -0
    outer loop
      vertex 115.926 43.1142 0
      vertex 115.439 43.4393 2.4
      vertex 115.926 43.1142 2.4
    endloop
  endfacet
  facet normal 0.555212 0.831709 0
    outer loop
      vertex 115.439 43.4393 2.4
      vertex 115.926 43.1142 0
      vertex 115.439 43.4393 0
    endloop
  endfacet
  facet normal 0.19513 0.980777 -0
    outer loop
      vertex 116.5 50 0
      vertex 115.926 50.1142 2.4
      vertex 116.5 50 2.4
    endloop
  endfacet
  facet normal 0.19513 0.980777 0
    outer loop
      vertex 115.926 50.1142 2.4
      vertex 116.5 50 0
      vertex 115.926 50.1142 0
    endloop
  endfacet
  facet normal -0.831629 0.555331 0
    outer loop
      vertex 117.561 50.4393 0
      vertex 117.886 50.926 2.4
      vertex 117.886 50.926 0
    endloop
  endfacet
  facet normal -0.831629 0.555331 0
    outer loop
      vertex 117.886 50.926 2.4
      vertex 117.561 50.4393 0
      vertex 117.561 50.4393 2.4
    endloop
  endfacet
  facet normal -0.831629 -0.555331 0
    outer loop
      vertex 117.886 52.074 0
      vertex 117.561 52.5607 2.4
      vertex 117.561 52.5607 0
    endloop
  endfacet
  facet normal -0.831629 -0.555331 0
    outer loop
      vertex 117.561 52.5607 2.4
      vertex 117.886 52.074 0
      vertex 117.886 52.074 2.4
    endloop
  endfacet
  facet normal -0.980843 -0.194802 0
    outer loop
      vertex 118 51.5 0
      vertex 117.886 52.074 2.4
      vertex 117.886 52.074 0
    endloop
  endfacet
  facet normal -0.980843 -0.194802 0
    outer loop
      vertex 117.886 52.074 2.4
      vertex 118 51.5 0
      vertex 118 51.5 2.4
    endloop
  endfacet
  facet normal -0.555212 -0.831709 0
    outer loop
      vertex 117.074 52.8858 0
      vertex 117.561 52.5607 2.4
      vertex 117.074 52.8858 2.4
    endloop
  endfacet
  facet normal -0.555212 -0.831709 -0
    outer loop
      vertex 117.561 52.5607 2.4
      vertex 117.074 52.8858 0
      vertex 117.561 52.5607 0
    endloop
  endfacet
  facet normal -0.19513 -0.980777 0
    outer loop
      vertex 116.5 53 0
      vertex 117.074 52.8858 2.4
      vertex 116.5 53 2.4
    endloop
  endfacet
  facet normal -0.19513 -0.980777 -0
    outer loop
      vertex 117.074 52.8858 2.4
      vertex 116.5 53 0
      vertex 117.074 52.8858 0
    endloop
  endfacet
  facet normal 0.980843 0.194802 0
    outer loop
      vertex 115.114 50.926 2.4
      vertex 115 51.5 0
      vertex 115 51.5 2.4
    endloop
  endfacet
  facet normal 0.980843 0.194802 0
    outer loop
      vertex 115 51.5 0
      vertex 115.114 50.926 2.4
      vertex 115.114 50.926 0
    endloop
  endfacet
  facet normal -0.555212 0.831709 0
    outer loop
      vertex 117.561 50.4393 0
      vertex 117.074 50.1142 2.4
      vertex 117.561 50.4393 2.4
    endloop
  endfacet
  facet normal -0.555212 0.831709 0
    outer loop
      vertex 117.074 50.1142 2.4
      vertex 117.561 50.4393 0
      vertex 117.074 50.1142 0
    endloop
  endfacet
  facet normal 0.831629 -0.555331 0
    outer loop
      vertex 115.114 52.074 2.4
      vertex 115.439 52.5607 0
      vertex 115.439 52.5607 2.4
    endloop
  endfacet
  facet normal 0.831629 -0.555331 0
    outer loop
      vertex 115.439 52.5607 0
      vertex 115.114 52.074 2.4
      vertex 115.114 52.074 0
    endloop
  endfacet
  facet normal 0.19513 -0.980777 0
    outer loop
      vertex 115.926 52.8858 0
      vertex 116.5 53 2.4
      vertex 115.926 52.8858 2.4
    endloop
  endfacet
  facet normal 0.19513 -0.980777 0
    outer loop
      vertex 116.5 53 2.4
      vertex 115.926 52.8858 0
      vertex 116.5 53 0
    endloop
  endfacet
  facet normal 0.555212 -0.831709 0
    outer loop
      vertex 115.439 52.5607 0
      vertex 115.926 52.8858 2.4
      vertex 115.439 52.5607 2.4
    endloop
  endfacet
  facet normal 0.555212 -0.831709 0
    outer loop
      vertex 115.926 52.8858 2.4
      vertex 115.439 52.5607 0
      vertex 115.926 52.8858 0
    endloop
  endfacet
  facet normal -0.980843 0.194802 0
    outer loop
      vertex 117.886 50.926 0
      vertex 118 51.5 2.4
      vertex 118 51.5 0
    endloop
  endfacet
  facet normal -0.980843 0.194802 0
    outer loop
      vertex 118 51.5 2.4
      vertex 117.886 50.926 0
      vertex 117.886 50.926 2.4
    endloop
  endfacet
  facet normal 0.980843 -0.194802 0
    outer loop
      vertex 115 51.5 2.4
      vertex 115.114 52.074 0
      vertex 115.114 52.074 2.4
    endloop
  endfacet
  facet normal 0.980843 -0.194802 0
    outer loop
      vertex 115.114 52.074 0
      vertex 115 51.5 2.4
      vertex 115 51.5 0
    endloop
  endfacet
  facet normal 0.831629 0.555331 0
    outer loop
      vertex 115.439 50.4393 2.4
      vertex 115.114 50.926 0
      vertex 115.114 50.926 2.4
    endloop
  endfacet
  facet normal 0.831629 0.555331 0
    outer loop
      vertex 115.114 50.926 0
      vertex 115.439 50.4393 2.4
      vertex 115.439 50.4393 0
    endloop
  endfacet
  facet normal -0.19513 0.980777 0
    outer loop
      vertex 117.074 50.1142 0
      vertex 116.5 50 2.4
      vertex 117.074 50.1142 2.4
    endloop
  endfacet
  facet normal -0.19513 0.980777 0
    outer loop
      vertex 116.5 50 2.4
      vertex 117.074 50.1142 0
      vertex 116.5 50 0
    endloop
  endfacet
  facet normal 0.555212 0.831709 -0
    outer loop
      vertex 115.926 50.1142 0
      vertex 115.439 50.4393 2.4
      vertex 115.926 50.1142 2.4
    endloop
  endfacet
  facet normal 0.555212 0.831709 0
    outer loop
      vertex 115.439 50.4393 2.4
      vertex 115.926 50.1142 0
      vertex 115.439 50.4393 0
    endloop
  endfacet
  facet normal 0.19513 0.980777 -0
    outer loop
      vertex 116.5 57 0
      vertex 115.926 57.1142 2.4
      vertex 116.5 57 2.4
    endloop
  endfacet
  facet normal 0.19513 0.980777 0
    outer loop
      vertex 115.926 57.1142 2.4
      vertex 116.5 57 0
      vertex 115.926 57.1142 0
    endloop
  endfacet
  facet normal -0.831629 0.555331 0
    outer loop
      vertex 117.561 57.4393 0
      vertex 117.886 57.926 2.4
      vertex 117.886 57.926 0
    endloop
  endfacet
  facet normal -0.831629 0.555331 0
    outer loop
      vertex 117.886 57.926 2.4
      vertex 117.561 57.4393 0
      vertex 117.561 57.4393 2.4
    endloop
  endfacet
  facet normal -0.831629 -0.555331 0
    outer loop
      vertex 117.886 59.074 0
      vertex 117.561 59.5607 2.4
      vertex 117.561 59.5607 0
    endloop
  endfacet
  facet normal -0.831629 -0.555331 0
    outer loop
      vertex 117.561 59.5607 2.4
      vertex 117.886 59.074 0
      vertex 117.886 59.074 2.4
    endloop
  endfacet
  facet normal -0.980843 -0.194802 0
    outer loop
      vertex 118 58.5 0
      vertex 117.886 59.074 2.4
      vertex 117.886 59.074 0
    endloop
  endfacet
  facet normal -0.980843 -0.194802 0
    outer loop
      vertex 117.886 59.074 2.4
      vertex 118 58.5 0
      vertex 118 58.5 2.4
    endloop
  endfacet
  facet normal -0.555212 -0.831709 0
    outer loop
      vertex 117.074 59.8858 0
      vertex 117.561 59.5607 2.4
      vertex 117.074 59.8858 2.4
    endloop
  endfacet
  facet normal -0.555212 -0.831709 -0
    outer loop
      vertex 117.561 59.5607 2.4
      vertex 117.074 59.8858 0
      vertex 117.561 59.5607 0
    endloop
  endfacet
  facet normal -0.19513 -0.980777 0
    outer loop
      vertex 116.5 60 0
      vertex 117.074 59.8858 2.4
      vertex 116.5 60 2.4
    endloop
  endfacet
  facet normal -0.19513 -0.980777 -0
    outer loop
      vertex 117.074 59.8858 2.4
      vertex 116.5 60 0
      vertex 117.074 59.8858 0
    endloop
  endfacet
  facet normal 0.980843 0.194802 0
    outer loop
      vertex 115.114 57.926 2.4
      vertex 115 58.5 0
      vertex 115 58.5 2.4
    endloop
  endfacet
  facet normal 0.980843 0.194802 0
    outer loop
      vertex 115 58.5 0
      vertex 115.114 57.926 2.4
      vertex 115.114 57.926 0
    endloop
  endfacet
  facet normal -0.555212 0.831709 0
    outer loop
      vertex 117.561 57.4393 0
      vertex 117.074 57.1142 2.4
      vertex 117.561 57.4393 2.4
    endloop
  endfacet
  facet normal -0.555212 0.831709 0
    outer loop
      vertex 117.074 57.1142 2.4
      vertex 117.561 57.4393 0
      vertex 117.074 57.1142 0
    endloop
  endfacet
  facet normal 0.831629 -0.555331 0
    outer loop
      vertex 115.114 59.074 2.4
      vertex 115.439 59.5607 0
      vertex 115.439 59.5607 2.4
    endloop
  endfacet
  facet normal 0.831629 -0.555331 0
    outer loop
      vertex 115.439 59.5607 0
      vertex 115.114 59.074 2.4
      vertex 115.114 59.074 0
    endloop
  endfacet
  facet normal 0.19513 -0.980777 0
    outer loop
      vertex 115.926 59.8858 0
      vertex 116.5 60 2.4
      vertex 115.926 59.8858 2.4
    endloop
  endfacet
  facet normal 0.19513 -0.980777 0
    outer loop
      vertex 116.5 60 2.4
      vertex 115.926 59.8858 0
      vertex 116.5 60 0
    endloop
  endfacet
  facet normal 0.555212 -0.831709 0
    outer loop
      vertex 115.439 59.5607 0
      vertex 115.926 59.8858 2.4
      vertex 115.439 59.5607 2.4
    endloop
  endfacet
  facet normal 0.555212 -0.831709 0
    outer loop
      vertex 115.926 59.8858 2.4
      vertex 115.439 59.5607 0
      vertex 115.926 59.8858 0
    endloop
  endfacet
  facet normal -0.980843 0.194802 0
    outer loop
      vertex 117.886 57.926 0
      vertex 118 58.5 2.4
      vertex 118 58.5 0
    endloop
  endfacet
  facet normal -0.980843 0.194802 0
    outer loop
      vertex 118 58.5 2.4
      vertex 117.886 57.926 0
      vertex 117.886 57.926 2.4
    endloop
  endfacet
  facet normal 0.980843 -0.194802 0
    outer loop
      vertex 115 58.5 2.4
      vertex 115.114 59.074 0
      vertex 115.114 59.074 2.4
    endloop
  endfacet
  facet normal 0.980843 -0.194802 0
    outer loop
      vertex 115.114 59.074 0
      vertex 115 58.5 2.4
      vertex 115 58.5 0
    endloop
  endfacet
  facet normal 0.831629 0.555331 0
    outer loop
      vertex 115.439 57.4393 2.4
      vertex 115.114 57.926 0
      vertex 115.114 57.926 2.4
    endloop
  endfacet
  facet normal 0.831629 0.555331 0
    outer loop
      vertex 115.114 57.926 0
      vertex 115.439 57.4393 2.4
      vertex 115.439 57.4393 0
    endloop
  endfacet
  facet normal -0.19513 0.980777 0
    outer loop
      vertex 117.074 57.1142 0
      vertex 116.5 57 2.4
      vertex 117.074 57.1142 2.4
    endloop
  endfacet
  facet normal -0.19513 0.980777 0
    outer loop
      vertex 116.5 57 2.4
      vertex 117.074 57.1142 0
      vertex 116.5 57 0
    endloop
  endfacet
  facet normal 0.555212 0.831709 -0
    outer loop
      vertex 115.926 57.1142 0
      vertex 115.439 57.4393 2.4
      vertex 115.926 57.1142 2.4
    endloop
  endfacet
  facet normal 0.555212 0.831709 0
    outer loop
      vertex 115.439 57.4393 2.4
      vertex 115.926 57.1142 0
      vertex 115.439 57.4393 0
    endloop
  endfacet
  facet normal 0.19513 0.980777 -0
    outer loop
      vertex 116.5 64 0
      vertex 115.926 64.1142 2.4
      vertex 116.5 64 2.4
    endloop
  endfacet
  facet normal 0.19513 0.980777 0
    outer loop
      vertex 115.926 64.1142 2.4
      vertex 116.5 64 0
      vertex 115.926 64.1142 0
    endloop
  endfacet
  facet normal -0.831629 0.555331 0
    outer loop
      vertex 117.561 64.4393 0
      vertex 117.886 64.926 2.4
      vertex 117.886 64.926 0
    endloop
  endfacet
  facet normal -0.831629 0.555331 0
    outer loop
      vertex 117.886 64.926 2.4
      vertex 117.561 64.4393 0
      vertex 117.561 64.4393 2.4
    endloop
  endfacet
  facet normal -0.831629 -0.555331 0
    outer loop
      vertex 117.886 66.074 0
      vertex 117.561 66.5607 2.4
      vertex 117.561 66.5607 0
    endloop
  endfacet
  facet normal -0.831629 -0.555331 0
    outer loop
      vertex 117.561 66.5607 2.4
      vertex 117.886 66.074 0
      vertex 117.886 66.074 2.4
    endloop
  endfacet
  facet normal -0.980843 -0.194802 0
    outer loop
      vertex 118 65.5 0
      vertex 117.886 66.074 2.4
      vertex 117.886 66.074 0
    endloop
  endfacet
  facet normal -0.980843 -0.194802 0
    outer loop
      vertex 117.886 66.074 2.4
      vertex 118 65.5 0
      vertex 118 65.5 2.4
    endloop
  endfacet
  facet normal -0.555212 -0.831709 0
    outer loop
      vertex 117.074 66.8858 0
      vertex 117.561 66.5607 2.4
      vertex 117.074 66.8858 2.4
    endloop
  endfacet
  facet normal -0.555212 -0.831709 -0
    outer loop
      vertex 117.561 66.5607 2.4
      vertex 117.074 66.8858 0
      vertex 117.561 66.5607 0
    endloop
  endfacet
  facet normal -0.19513 -0.980777 0
    outer loop
      vertex 116.5 67 0
      vertex 117.074 66.8858 2.4
      vertex 116.5 67 2.4
    endloop
  endfacet
  facet normal -0.19513 -0.980777 -0
    outer loop
      vertex 117.074 66.8858 2.4
      vertex 116.5 67 0
      vertex 117.074 66.8858 0
    endloop
  endfacet
  facet normal 0.980843 0.194802 0
    outer loop
      vertex 115.114 64.926 2.4
      vertex 115 65.5 0
      vertex 115 65.5 2.4
    endloop
  endfacet
  facet normal 0.980843 0.194802 0
    outer loop
      vertex 115 65.5 0
      vertex 115.114 64.926 2.4
      vertex 115.114 64.926 0
    endloop
  endfacet
  facet normal -0.555212 0.831709 0
    outer loop
      vertex 117.561 64.4393 0
      vertex 117.074 64.1142 2.4
      vertex 117.561 64.4393 2.4
    endloop
  endfacet
  facet normal -0.555212 0.831709 0
    outer loop
      vertex 117.074 64.1142 2.4
      vertex 117.561 64.4393 0
      vertex 117.074 64.1142 0
    endloop
  endfacet
  facet normal 0.831629 -0.555331 0
    outer loop
      vertex 115.114 66.074 2.4
      vertex 115.439 66.5607 0
      vertex 115.439 66.5607 2.4
    endloop
  endfacet
  facet normal 0.831629 -0.555331 0
    outer loop
      vertex 115.439 66.5607 0
      vertex 115.114 66.074 2.4
      vertex 115.114 66.074 0
    endloop
  endfacet
  facet normal 0.19513 -0.980777 0
    outer loop
      vertex 115.926 66.8858 0
      vertex 116.5 67 2.4
      vertex 115.926 66.8858 2.4
    endloop
  endfacet
  facet normal 0.19513 -0.980777 0
    outer loop
      vertex 116.5 67 2.4
      vertex 115.926 66.8858 0
      vertex 116.5 67 0
    endloop
  endfacet
  facet normal 0.555212 -0.831709 0
    outer loop
      vertex 115.439 66.5607 0
      vertex 115.926 66.8858 2.4
      vertex 115.439 66.5607 2.4
    endloop
  endfacet
  facet normal 0.555212 -0.831709 0
    outer loop
      vertex 115.926 66.8858 2.4
      vertex 115.439 66.5607 0
      vertex 115.926 66.8858 0
    endloop
  endfacet
  facet normal -0.980843 0.194802 0
    outer loop
      vertex 117.886 64.926 0
      vertex 118 65.5 2.4
      vertex 118 65.5 0
    endloop
  endfacet
  facet normal -0.980843 0.194802 0
    outer loop
      vertex 118 65.5 2.4
      vertex 117.886 64.926 0
      vertex 117.886 64.926 2.4
    endloop
  endfacet
  facet normal 0.980843 -0.194802 0
    outer loop
      vertex 115 65.5 2.4
      vertex 115.114 66.074 0
      vertex 115.114 66.074 2.4
    endloop
  endfacet
  facet normal 0.980843 -0.194802 0
    outer loop
      vertex 115.114 66.074 0
      vertex 115 65.5 2.4
      vertex 115 65.5 0
    endloop
  endfacet
  facet normal 0.831629 0.555331 0
    outer loop
      vertex 115.439 64.4393 2.4
      vertex 115.114 64.926 0
      vertex 115.114 64.926 2.4
    endloop
  endfacet
  facet normal 0.831629 0.555331 0
    outer loop
      vertex 115.114 64.926 0
      vertex 115.439 64.4393 2.4
      vertex 115.439 64.4393 0
    endloop
  endfacet
  facet normal -0.19513 0.980777 0
    outer loop
      vertex 117.074 64.1142 0
      vertex 116.5 64 2.4
      vertex 117.074 64.1142 2.4
    endloop
  endfacet
  facet normal -0.19513 0.980777 0
    outer loop
      vertex 116.5 64 2.4
      vertex 117.074 64.1142 0
      vertex 116.5 64 0
    endloop
  endfacet
  facet normal 0.555212 0.831709 -0
    outer loop
      vertex 115.926 64.1142 0
      vertex 115.439 64.4393 2.4
      vertex 115.926 64.1142 2.4
    endloop
  endfacet
  facet normal 0.555212 0.831709 0
    outer loop
      vertex 115.439 64.4393 2.4
      vertex 115.926 64.1142 0
      vertex 115.439 64.4393 0
    endloop
  endfacet
  facet normal 0.19513 0.980777 -0
    outer loop
      vertex 123.5 29 0
      vertex 122.926 29.1142 2.4
      vertex 123.5 29 2.4
    endloop
  endfacet
  facet normal 0.19513 0.980777 0
    outer loop
      vertex 122.926 29.1142 2.4
      vertex 123.5 29 0
      vertex 122.926 29.1142 0
    endloop
  endfacet
  facet normal -0.831629 0.555331 0
    outer loop
      vertex 124.561 29.4393 0
      vertex 124.886 29.926 2.4
      vertex 124.886 29.926 0
    endloop
  endfacet
  facet normal -0.831629 0.555331 0
    outer loop
      vertex 124.886 29.926 2.4
      vertex 124.561 29.4393 0
      vertex 124.561 29.4393 2.4
    endloop
  endfacet
  facet normal -0.831629 -0.555331 0
    outer loop
      vertex 124.886 31.074 0
      vertex 124.561 31.5607 2.4
      vertex 124.561 31.5607 0
    endloop
  endfacet
  facet normal -0.831629 -0.555331 0
    outer loop
      vertex 124.561 31.5607 2.4
      vertex 124.886 31.074 0
      vertex 124.886 31.074 2.4
    endloop
  endfacet
  facet normal -0.980843 -0.194802 0
    outer loop
      vertex 125 30.5 0
      vertex 124.886 31.074 2.4
      vertex 124.886 31.074 0
    endloop
  endfacet
  facet normal -0.980843 -0.194802 0
    outer loop
      vertex 124.886 31.074 2.4
      vertex 125 30.5 0
      vertex 125 30.5 2.4
    endloop
  endfacet
  facet normal -0.555212 -0.831709 0
    outer loop
      vertex 124.074 31.8858 0
      vertex 124.561 31.5607 2.4
      vertex 124.074 31.8858 2.4
    endloop
  endfacet
  facet normal -0.555212 -0.831709 -0
    outer loop
      vertex 124.561 31.5607 2.4
      vertex 124.074 31.8858 0
      vertex 124.561 31.5607 0
    endloop
  endfacet
  facet normal -0.19513 -0.980777 0
    outer loop
      vertex 123.5 32 0
      vertex 124.074 31.8858 2.4
      vertex 123.5 32 2.4
    endloop
  endfacet
  facet normal -0.19513 -0.980777 -0
    outer loop
      vertex 124.074 31.8858 2.4
      vertex 123.5 32 0
      vertex 124.074 31.8858 0
    endloop
  endfacet
  facet normal 0.980843 0.194802 0
    outer loop
      vertex 122.114 29.926 2.4
      vertex 122 30.5 0
      vertex 122 30.5 2.4
    endloop
  endfacet
  facet normal 0.980843 0.194802 0
    outer loop
      vertex 122 30.5 0
      vertex 122.114 29.926 2.4
      vertex 122.114 29.926 0
    endloop
  endfacet
  facet normal -0.555212 0.831709 0
    outer loop
      vertex 124.561 29.4393 0
      vertex 124.074 29.1142 2.4
      vertex 124.561 29.4393 2.4
    endloop
  endfacet
  facet normal -0.555212 0.831709 0
    outer loop
      vertex 124.074 29.1142 2.4
      vertex 124.561 29.4393 0
      vertex 124.074 29.1142 0
    endloop
  endfacet
  facet normal 0.831629 -0.555331 0
    outer loop
      vertex 122.114 31.074 2.4
      vertex 122.439 31.5607 0
      vertex 122.439 31.5607 2.4
    endloop
  endfacet
  facet normal 0.831629 -0.555331 0
    outer loop
      vertex 122.439 31.5607 0
      vertex 122.114 31.074 2.4
      vertex 122.114 31.074 0
    endloop
  endfacet
  facet normal 0.19513 -0.980777 0
    outer loop
      vertex 122.926 31.8858 0
      vertex 123.5 32 2.4
      vertex 122.926 31.8858 2.4
    endloop
  endfacet
  facet normal 0.19513 -0.980777 0
    outer loop
      vertex 123.5 32 2.4
      vertex 122.926 31.8858 0
      vertex 123.5 32 0
    endloop
  endfacet
  facet normal 0.555212 -0.831709 0
    outer loop
      vertex 122.439 31.5607 0
      vertex 122.926 31.8858 2.4
      vertex 122.439 31.5607 2.4
    endloop
  endfacet
  facet normal 0.555212 -0.831709 0
    outer loop
      vertex 122.926 31.8858 2.4
      vertex 122.439 31.5607 0
      vertex 122.926 31.8858 0
    endloop
  endfacet
  facet normal -0.980843 0.194802 0
    outer loop
      vertex 124.886 29.926 0
      vertex 125 30.5 2.4
      vertex 125 30.5 0
    endloop
  endfacet
  facet normal -0.980843 0.194802 0
    outer loop
      vertex 125 30.5 2.4
      vertex 124.886 29.926 0
      vertex 124.886 29.926 2.4
    endloop
  endfacet
  facet normal 0.980843 -0.194802 0
    outer loop
      vertex 122 30.5 2.4
      vertex 122.114 31.074 0
      vertex 122.114 31.074 2.4
    endloop
  endfacet
  facet normal 0.980843 -0.194802 0
    outer loop
      vertex 122.114 31.074 0
      vertex 122 30.5 2.4
      vertex 122 30.5 0
    endloop
  endfacet
  facet normal 0.831629 0.555331 0
    outer loop
      vertex 122.439 29.4393 2.4
      vertex 122.114 29.926 0
      vertex 122.114 29.926 2.4
    endloop
  endfacet
  facet normal 0.831629 0.555331 0
    outer loop
      vertex 122.114 29.926 0
      vertex 122.439 29.4393 2.4
      vertex 122.439 29.4393 0
    endloop
  endfacet
  facet normal -0.19513 0.980777 0
    outer loop
      vertex 124.074 29.1142 0
      vertex 123.5 29 2.4
      vertex 124.074 29.1142 2.4
    endloop
  endfacet
  facet normal -0.19513 0.980777 0
    outer loop
      vertex 123.5 29 2.4
      vertex 124.074 29.1142 0
      vertex 123.5 29 0
    endloop
  endfacet
  facet normal 0.555212 0.831709 -0
    outer loop
      vertex 122.926 29.1142 0
      vertex 122.439 29.4393 2.4
      vertex 122.926 29.1142 2.4
    endloop
  endfacet
  facet normal 0.555212 0.831709 0
    outer loop
      vertex 122.439 29.4393 2.4
      vertex 122.926 29.1142 0
      vertex 122.439 29.4393 0
    endloop
  endfacet
  facet normal 0.19513 0.980777 -0
    outer loop
      vertex 123.5 36 0
      vertex 122.926 36.1142 2.4
      vertex 123.5 36 2.4
    endloop
  endfacet
  facet normal 0.19513 0.980777 0
    outer loop
      vertex 122.926 36.1142 2.4
      vertex 123.5 36 0
      vertex 122.926 36.1142 0
    endloop
  endfacet
  facet normal -0.831629 0.555331 0
    outer loop
      vertex 124.561 36.4393 0
      vertex 124.886 36.926 2.4
      vertex 124.886 36.926 0
    endloop
  endfacet
  facet normal -0.831629 0.555331 0
    outer loop
      vertex 124.886 36.926 2.4
      vertex 124.561 36.4393 0
      vertex 124.561 36.4393 2.4
    endloop
  endfacet
  facet normal -0.831629 -0.555331 0
    outer loop
      vertex 124.886 38.074 0
      vertex 124.561 38.5607 2.4
      vertex 124.561 38.5607 0
    endloop
  endfacet
  facet normal -0.831629 -0.555331 0
    outer loop
      vertex 124.561 38.5607 2.4
      vertex 124.886 38.074 0
      vertex 124.886 38.074 2.4
    endloop
  endfacet
  facet normal -0.980843 -0.194802 0
    outer loop
      vertex 125 37.5 0
      vertex 124.886 38.074 2.4
      vertex 124.886 38.074 0
    endloop
  endfacet
  facet normal -0.980843 -0.194802 0
    outer loop
      vertex 124.886 38.074 2.4
      vertex 125 37.5 0
      vertex 125 37.5 2.4
    endloop
  endfacet
  facet normal -0.555212 -0.831709 0
    outer loop
      vertex 124.074 38.8858 0
      vertex 124.561 38.5607 2.4
      vertex 124.074 38.8858 2.4
    endloop
  endfacet
  facet normal -0.555212 -0.831709 -0
    outer loop
      vertex 124.561 38.5607 2.4
      vertex 124.074 38.8858 0
      vertex 124.561 38.5607 0
    endloop
  endfacet
  facet normal 0.980843 0.194802 0
    outer loop
      vertex 122.114 36.926 2.4
      vertex 122 37.5 0
      vertex 122 37.5 2.4
    endloop
  endfacet
  facet normal 0.980843 0.194802 0
    outer loop
      vertex 122 37.5 0
      vertex 122.114 36.926 2.4
      vertex 122.114 36.926 0
    endloop
  endfacet
  facet normal -0.555212 0.831709 0
    outer loop
      vertex 124.561 36.4393 0
      vertex 124.074 36.1142 2.4
      vertex 124.561 36.4393 2.4
    endloop
  endfacet
  facet normal -0.555212 0.831709 0
    outer loop
      vertex 124.074 36.1142 2.4
      vertex 124.561 36.4393 0
      vertex 124.074 36.1142 0
    endloop
  endfacet
  facet normal 0.831629 -0.555331 0
    outer loop
      vertex 122.114 38.074 2.4
      vertex 122.439 38.5607 0
      vertex 122.439 38.5607 2.4
    endloop
  endfacet
  facet normal 0.831629 -0.555331 0
    outer loop
      vertex 122.439 38.5607 0
      vertex 122.114 38.074 2.4
      vertex 122.114 38.074 0
    endloop
  endfacet
  facet normal -0.19513 0.980777 0
    outer loop
      vertex 124.074 36.1142 0
      vertex 123.5 36 2.4
      vertex 124.074 36.1142 2.4
    endloop
  endfacet
  facet normal -0.19513 0.980777 0
    outer loop
      vertex 123.5 36 2.4
      vertex 124.074 36.1142 0
      vertex 123.5 36 0
    endloop
  endfacet
  facet normal 0.19513 -0.980777 0
    outer loop
      vertex 122.926 38.8858 0
      vertex 123.5 39 2.4
      vertex 122.926 38.8858 2.4
    endloop
  endfacet
  facet normal 0.19513 -0.980777 0
    outer loop
      vertex 123.5 39 2.4
      vertex 122.926 38.8858 0
      vertex 123.5 39 0
    endloop
  endfacet
  facet normal 0.555212 -0.831709 0
    outer loop
      vertex 122.439 38.5607 0
      vertex 122.926 38.8858 2.4
      vertex 122.439 38.5607 2.4
    endloop
  endfacet
  facet normal 0.555212 -0.831709 0
    outer loop
      vertex 122.926 38.8858 2.4
      vertex 122.439 38.5607 0
      vertex 122.926 38.8858 0
    endloop
  endfacet
  facet normal -0.980843 0.194802 0
    outer loop
      vertex 124.886 36.926 0
      vertex 125 37.5 2.4
      vertex 125 37.5 0
    endloop
  endfacet
  facet normal -0.980843 0.194802 0
    outer loop
      vertex 125 37.5 2.4
      vertex 124.886 36.926 0
      vertex 124.886 36.926 2.4
    endloop
  endfacet
  facet normal 0.980843 -0.194802 0
    outer loop
      vertex 122 37.5 2.4
      vertex 122.114 38.074 0
      vertex 122.114 38.074 2.4
    endloop
  endfacet
  facet normal 0.980843 -0.194802 0
    outer loop
      vertex 122.114 38.074 0
      vertex 122 37.5 2.4
      vertex 122 37.5 0
    endloop
  endfacet
  facet normal 0.831629 0.555331 0
    outer loop
      vertex 122.439 36.4393 2.4
      vertex 122.114 36.926 0
      vertex 122.114 36.926 2.4
    endloop
  endfacet
  facet normal 0.831629 0.555331 0
    outer loop
      vertex 122.114 36.926 0
      vertex 122.439 36.4393 2.4
      vertex 122.439 36.4393 0
    endloop
  endfacet
  facet normal -0.19513 -0.980777 0
    outer loop
      vertex 123.5 39 0
      vertex 124.074 38.8858 2.4
      vertex 123.5 39 2.4
    endloop
  endfacet
  facet normal -0.19513 -0.980777 -0
    outer loop
      vertex 124.074 38.8858 2.4
      vertex 123.5 39 0
      vertex 124.074 38.8858 0
    endloop
  endfacet
  facet normal 0.555212 0.831709 -0
    outer loop
      vertex 122.926 36.1142 0
      vertex 122.439 36.4393 2.4
      vertex 122.926 36.1142 2.4
    endloop
  endfacet
  facet normal 0.555212 0.831709 0
    outer loop
      vertex 122.439 36.4393 2.4
      vertex 122.926 36.1142 0
      vertex 122.439 36.4393 0
    endloop
  endfacet
  facet normal 0.19513 0.980777 -0
    outer loop
      vertex 123.5 43 0
      vertex 122.926 43.1142 2.4
      vertex 123.5 43 2.4
    endloop
  endfacet
  facet normal 0.19513 0.980777 0
    outer loop
      vertex 122.926 43.1142 2.4
      vertex 123.5 43 0
      vertex 122.926 43.1142 0
    endloop
  endfacet
  facet normal -0.831629 0.555331 0
    outer loop
      vertex 124.561 43.4393 0
      vertex 124.886 43.926 2.4
      vertex 124.886 43.926 0
    endloop
  endfacet
  facet normal -0.831629 0.555331 0
    outer loop
      vertex 124.886 43.926 2.4
      vertex 124.561 43.4393 0
      vertex 124.561 43.4393 2.4
    endloop
  endfacet
  facet normal -0.831629 -0.555331 0
    outer loop
      vertex 124.886 45.074 0
      vertex 124.561 45.5607 2.4
      vertex 124.561 45.5607 0
    endloop
  endfacet
  facet normal -0.831629 -0.555331 0
    outer loop
      vertex 124.561 45.5607 2.4
      vertex 124.886 45.074 0
      vertex 124.886 45.074 2.4
    endloop
  endfacet
  facet normal -0.980843 -0.194802 0
    outer loop
      vertex 125 44.5 0
      vertex 124.886 45.074 2.4
      vertex 124.886 45.074 0
    endloop
  endfacet
  facet normal -0.980843 -0.194802 0
    outer loop
      vertex 124.886 45.074 2.4
      vertex 125 44.5 0
      vertex 125 44.5 2.4
    endloop
  endfacet
  facet normal -0.555212 -0.831709 0
    outer loop
      vertex 124.074 45.8858 0
      vertex 124.561 45.5607 2.4
      vertex 124.074 45.8858 2.4
    endloop
  endfacet
  facet normal -0.555212 -0.831709 -0
    outer loop
      vertex 124.561 45.5607 2.4
      vertex 124.074 45.8858 0
      vertex 124.561 45.5607 0
    endloop
  endfacet
  facet normal -0.19513 -0.980777 0
    outer loop
      vertex 123.5 46 0
      vertex 124.074 45.8858 2.4
      vertex 123.5 46 2.4
    endloop
  endfacet
  facet normal -0.19513 -0.980777 -0
    outer loop
      vertex 124.074 45.8858 2.4
      vertex 123.5 46 0
      vertex 124.074 45.8858 0
    endloop
  endfacet
  facet normal 0.980843 0.194802 0
    outer loop
      vertex 122.114 43.926 2.4
      vertex 122 44.5 0
      vertex 122 44.5 2.4
    endloop
  endfacet
  facet normal 0.980843 0.194802 0
    outer loop
      vertex 122 44.5 0
      vertex 122.114 43.926 2.4
      vertex 122.114 43.926 0
    endloop
  endfacet
  facet normal -0.555212 0.831709 0
    outer loop
      vertex 124.561 43.4393 0
      vertex 124.074 43.1142 2.4
      vertex 124.561 43.4393 2.4
    endloop
  endfacet
  facet normal -0.555212 0.831709 0
    outer loop
      vertex 124.074 43.1142 2.4
      vertex 124.561 43.4393 0
      vertex 124.074 43.1142 0
    endloop
  endfacet
  facet normal 0.831629 -0.555331 0
    outer loop
      vertex 122.114 45.074 2.4
      vertex 122.439 45.5607 0
      vertex 122.439 45.5607 2.4
    endloop
  endfacet
  facet normal 0.831629 -0.555331 0
    outer loop
      vertex 122.439 45.5607 0
      vertex 122.114 45.074 2.4
      vertex 122.114 45.074 0
    endloop
  endfacet
  facet normal 0.19513 -0.980777 0
    outer loop
      vertex 122.926 45.8858 0
      vertex 123.5 46 2.4
      vertex 122.926 45.8858 2.4
    endloop
  endfacet
  facet normal 0.19513 -0.980777 0
    outer loop
      vertex 123.5 46 2.4
      vertex 122.926 45.8858 0
      vertex 123.5 46 0
    endloop
  endfacet
  facet normal 0.555212 -0.831709 0
    outer loop
      vertex 122.439 45.5607 0
      vertex 122.926 45.8858 2.4
      vertex 122.439 45.5607 2.4
    endloop
  endfacet
  facet normal 0.555212 -0.831709 0
    outer loop
      vertex 122.926 45.8858 2.4
      vertex 122.439 45.5607 0
      vertex 122.926 45.8858 0
    endloop
  endfacet
  facet normal -0.980843 0.194802 0
    outer loop
      vertex 124.886 43.926 0
      vertex 125 44.5 2.4
      vertex 125 44.5 0
    endloop
  endfacet
  facet normal -0.980843 0.194802 0
    outer loop
      vertex 125 44.5 2.4
      vertex 124.886 43.926 0
      vertex 124.886 43.926 2.4
    endloop
  endfacet
  facet normal 0.980843 -0.194802 0
    outer loop
      vertex 122 44.5 2.4
      vertex 122.114 45.074 0
      vertex 122.114 45.074 2.4
    endloop
  endfacet
  facet normal 0.980843 -0.194802 0
    outer loop
      vertex 122.114 45.074 0
      vertex 122 44.5 2.4
      vertex 122 44.5 0
    endloop
  endfacet
  facet normal 0.831629 0.555331 0
    outer loop
      vertex 122.439 43.4393 2.4
      vertex 122.114 43.926 0
      vertex 122.114 43.926 2.4
    endloop
  endfacet
  facet normal 0.831629 0.555331 0
    outer loop
      vertex 122.114 43.926 0
      vertex 122.439 43.4393 2.4
      vertex 122.439 43.4393 0
    endloop
  endfacet
  facet normal -0.19513 0.980777 0
    outer loop
      vertex 124.074 43.1142 0
      vertex 123.5 43 2.4
      vertex 124.074 43.1142 2.4
    endloop
  endfacet
  facet normal -0.19513 0.980777 0
    outer loop
      vertex 123.5 43 2.4
      vertex 124.074 43.1142 0
      vertex 123.5 43 0
    endloop
  endfacet
  facet normal 0.555212 0.831709 -0
    outer loop
      vertex 122.926 43.1142 0
      vertex 122.439 43.4393 2.4
      vertex 122.926 43.1142 2.4
    endloop
  endfacet
  facet normal 0.555212 0.831709 0
    outer loop
      vertex 122.439 43.4393 2.4
      vertex 122.926 43.1142 0
      vertex 122.439 43.4393 0
    endloop
  endfacet
  facet normal 0.19513 0.980777 -0
    outer loop
      vertex 123.5 50 0
      vertex 122.926 50.1142 2.4
      vertex 123.5 50 2.4
    endloop
  endfacet
  facet normal 0.19513 0.980777 0
    outer loop
      vertex 122.926 50.1142 2.4
      vertex 123.5 50 0
      vertex 122.926 50.1142 0
    endloop
  endfacet
  facet normal -0.831629 0.555331 0
    outer loop
      vertex 124.561 50.4393 0
      vertex 124.886 50.926 2.4
      vertex 124.886 50.926 0
    endloop
  endfacet
  facet normal -0.831629 0.555331 0
    outer loop
      vertex 124.886 50.926 2.4
      vertex 124.561 50.4393 0
      vertex 124.561 50.4393 2.4
    endloop
  endfacet
  facet normal -0.831629 -0.555331 0
    outer loop
      vertex 124.886 52.074 0
      vertex 124.561 52.5607 2.4
      vertex 124.561 52.5607 0
    endloop
  endfacet
  facet normal -0.831629 -0.555331 0
    outer loop
      vertex 124.561 52.5607 2.4
      vertex 124.886 52.074 0
      vertex 124.886 52.074 2.4
    endloop
  endfacet
  facet normal -0.980843 -0.194802 0
    outer loop
      vertex 125 51.5 0
      vertex 124.886 52.074 2.4
      vertex 124.886 52.074 0
    endloop
  endfacet
  facet normal -0.980843 -0.194802 0
    outer loop
      vertex 124.886 52.074 2.4
      vertex 125 51.5 0
      vertex 125 51.5 2.4
    endloop
  endfacet
  facet normal -0.555212 -0.831709 0
    outer loop
      vertex 124.074 52.8858 0
      vertex 124.561 52.5607 2.4
      vertex 124.074 52.8858 2.4
    endloop
  endfacet
  facet normal -0.555212 -0.831709 -0
    outer loop
      vertex 124.561 52.5607 2.4
      vertex 124.074 52.8858 0
      vertex 124.561 52.5607 0
    endloop
  endfacet
  facet normal -0.19513 -0.980777 0
    outer loop
      vertex 123.5 53 0
      vertex 124.074 52.8858 2.4
      vertex 123.5 53 2.4
    endloop
  endfacet
  facet normal -0.19513 -0.980777 -0
    outer loop
      vertex 124.074 52.8858 2.4
      vertex 123.5 53 0
      vertex 124.074 52.8858 0
    endloop
  endfacet
  facet normal 0.980843 0.194802 0
    outer loop
      vertex 122.114 50.926 2.4
      vertex 122 51.5 0
      vertex 122 51.5 2.4
    endloop
  endfacet
  facet normal 0.980843 0.194802 0
    outer loop
      vertex 122 51.5 0
      vertex 122.114 50.926 2.4
      vertex 122.114 50.926 0
    endloop
  endfacet
  facet normal -0.555212 0.831709 0
    outer loop
      vertex 124.561 50.4393 0
      vertex 124.074 50.1142 2.4
      vertex 124.561 50.4393 2.4
    endloop
  endfacet
  facet normal -0.555212 0.831709 0
    outer loop
      vertex 124.074 50.1142 2.4
      vertex 124.561 50.4393 0
      vertex 124.074 50.1142 0
    endloop
  endfacet
  facet normal 0.831629 -0.555331 0
    outer loop
      vertex 122.114 52.074 2.4
      vertex 122.439 52.5607 0
      vertex 122.439 52.5607 2.4
    endloop
  endfacet
  facet normal 0.831629 -0.555331 0
    outer loop
      vertex 122.439 52.5607 0
      vertex 122.114 52.074 2.4
      vertex 122.114 52.074 0
    endloop
  endfacet
  facet normal 0.19513 -0.980777 0
    outer loop
      vertex 122.926 52.8858 0
      vertex 123.5 53 2.4
      vertex 122.926 52.8858 2.4
    endloop
  endfacet
  facet normal 0.19513 -0.980777 0
    outer loop
      vertex 123.5 53 2.4
      vertex 122.926 52.8858 0
      vertex 123.5 53 0
    endloop
  endfacet
  facet normal 0.555212 -0.831709 0
    outer loop
      vertex 122.439 52.5607 0
      vertex 122.926 52.8858 2.4
      vertex 122.439 52.5607 2.4
    endloop
  endfacet
  facet normal 0.555212 -0.831709 0
    outer loop
      vertex 122.926 52.8858 2.4
      vertex 122.439 52.5607 0
      vertex 122.926 52.8858 0
    endloop
  endfacet
  facet normal -0.980843 0.194802 0
    outer loop
      vertex 124.886 50.926 0
      vertex 125 51.5 2.4
      vertex 125 51.5 0
    endloop
  endfacet
  facet normal -0.980843 0.194802 0
    outer loop
      vertex 125 51.5 2.4
      vertex 124.886 50.926 0
      vertex 124.886 50.926 2.4
    endloop
  endfacet
  facet normal 0.980843 -0.194802 0
    outer loop
      vertex 122 51.5 2.4
      vertex 122.114 52.074 0
      vertex 122.114 52.074 2.4
    endloop
  endfacet
  facet normal 0.980843 -0.194802 0
    outer loop
      vertex 122.114 52.074 0
      vertex 122 51.5 2.4
      vertex 122 51.5 0
    endloop
  endfacet
  facet normal 0.831629 0.555331 0
    outer loop
      vertex 122.439 50.4393 2.4
      vertex 122.114 50.926 0
      vertex 122.114 50.926 2.4
    endloop
  endfacet
  facet normal 0.831629 0.555331 0
    outer loop
      vertex 122.114 50.926 0
      vertex 122.439 50.4393 2.4
      vertex 122.439 50.4393 0
    endloop
  endfacet
  facet normal -0.19513 0.980777 0
    outer loop
      vertex 124.074 50.1142 0
      vertex 123.5 50 2.4
      vertex 124.074 50.1142 2.4
    endloop
  endfacet
  facet normal -0.19513 0.980777 0
    outer loop
      vertex 123.5 50 2.4
      vertex 124.074 50.1142 0
      vertex 123.5 50 0
    endloop
  endfacet
  facet normal 0.555212 0.831709 -0
    outer loop
      vertex 122.926 50.1142 0
      vertex 122.439 50.4393 2.4
      vertex 122.926 50.1142 2.4
    endloop
  endfacet
  facet normal 0.555212 0.831709 0
    outer loop
      vertex 122.439 50.4393 2.4
      vertex 122.926 50.1142 0
      vertex 122.439 50.4393 0
    endloop
  endfacet
  facet normal 0.19513 0.980777 -0
    outer loop
      vertex 123.5 57 0
      vertex 122.926 57.1142 2.4
      vertex 123.5 57 2.4
    endloop
  endfacet
  facet normal 0.19513 0.980777 0
    outer loop
      vertex 122.926 57.1142 2.4
      vertex 123.5 57 0
      vertex 122.926 57.1142 0
    endloop
  endfacet
  facet normal -0.831629 0.555331 0
    outer loop
      vertex 124.561 57.4393 0
      vertex 124.886 57.926 2.4
      vertex 124.886 57.926 0
    endloop
  endfacet
  facet normal -0.831629 0.555331 0
    outer loop
      vertex 124.886 57.926 2.4
      vertex 124.561 57.4393 0
      vertex 124.561 57.4393 2.4
    endloop
  endfacet
  facet normal -0.831629 -0.555331 0
    outer loop
      vertex 124.886 59.074 0
      vertex 124.561 59.5607 2.4
      vertex 124.561 59.5607 0
    endloop
  endfacet
  facet normal -0.831629 -0.555331 0
    outer loop
      vertex 124.561 59.5607 2.4
      vertex 124.886 59.074 0
      vertex 124.886 59.074 2.4
    endloop
  endfacet
  facet normal -0.980843 -0.194802 0
    outer loop
      vertex 125 58.5 0
      vertex 124.886 59.074 2.4
      vertex 124.886 59.074 0
    endloop
  endfacet
  facet normal -0.980843 -0.194802 0
    outer loop
      vertex 124.886 59.074 2.4
      vertex 125 58.5 0
      vertex 125 58.5 2.4
    endloop
  endfacet
  facet normal -0.555212 -0.831709 0
    outer loop
      vertex 124.074 59.8858 0
      vertex 124.561 59.5607 2.4
      vertex 124.074 59.8858 2.4
    endloop
  endfacet
  facet normal -0.555212 -0.831709 -0
    outer loop
      vertex 124.561 59.5607 2.4
      vertex 124.074 59.8858 0
      vertex 124.561 59.5607 0
    endloop
  endfacet
  facet normal -0.19513 -0.980777 0
    outer loop
      vertex 123.5 60 0
      vertex 124.074 59.8858 2.4
      vertex 123.5 60 2.4
    endloop
  endfacet
  facet normal -0.19513 -0.980777 -0
    outer loop
      vertex 124.074 59.8858 2.4
      vertex 123.5 60 0
      vertex 124.074 59.8858 0
    endloop
  endfacet
  facet normal 0.980843 0.194802 0
    outer loop
      vertex 122.114 57.926 2.4
      vertex 122 58.5 0
      vertex 122 58.5 2.4
    endloop
  endfacet
  facet normal 0.980843 0.194802 0
    outer loop
      vertex 122 58.5 0
      vertex 122.114 57.926 2.4
      vertex 122.114 57.926 0
    endloop
  endfacet
  facet normal -0.555212 0.831709 0
    outer loop
      vertex 124.561 57.4393 0
      vertex 124.074 57.1142 2.4
      vertex 124.561 57.4393 2.4
    endloop
  endfacet
  facet normal -0.555212 0.831709 0
    outer loop
      vertex 124.074 57.1142 2.4
      vertex 124.561 57.4393 0
      vertex 124.074 57.1142 0
    endloop
  endfacet
  facet normal 0.831629 -0.555331 0
    outer loop
      vertex 122.114 59.074 2.4
      vertex 122.439 59.5607 0
      vertex 122.439 59.5607 2.4
    endloop
  endfacet
  facet normal 0.831629 -0.555331 0
    outer loop
      vertex 122.439 59.5607 0
      vertex 122.114 59.074 2.4
      vertex 122.114 59.074 0
    endloop
  endfacet
  facet normal 0.19513 -0.980777 0
    outer loop
      vertex 122.926 59.8858 0
      vertex 123.5 60 2.4
      vertex 122.926 59.8858 2.4
    endloop
  endfacet
  facet normal 0.19513 -0.980777 0
    outer loop
      vertex 123.5 60 2.4
      vertex 122.926 59.8858 0
      vertex 123.5 60 0
    endloop
  endfacet
  facet normal 0.555212 -0.831709 0
    outer loop
      vertex 122.439 59.5607 0
      vertex 122.926 59.8858 2.4
      vertex 122.439 59.5607 2.4
    endloop
  endfacet
  facet normal 0.555212 -0.831709 0
    outer loop
      vertex 122.926 59.8858 2.4
      vertex 122.439 59.5607 0
      vertex 122.926 59.8858 0
    endloop
  endfacet
  facet normal -0.980843 0.194802 0
    outer loop
      vertex 124.886 57.926 0
      vertex 125 58.5 2.4
      vertex 125 58.5 0
    endloop
  endfacet
  facet normal -0.980843 0.194802 0
    outer loop
      vertex 125 58.5 2.4
      vertex 124.886 57.926 0
      vertex 124.886 57.926 2.4
    endloop
  endfacet
  facet normal 0.980843 -0.194802 0
    outer loop
      vertex 122 58.5 2.4
      vertex 122.114 59.074 0
      vertex 122.114 59.074 2.4
    endloop
  endfacet
  facet normal 0.980843 -0.194802 0
    outer loop
      vertex 122.114 59.074 0
      vertex 122 58.5 2.4
      vertex 122 58.5 0
    endloop
  endfacet
  facet normal 0.831629 0.555331 0
    outer loop
      vertex 122.439 57.4393 2.4
      vertex 122.114 57.926 0
      vertex 122.114 57.926 2.4
    endloop
  endfacet
  facet normal 0.831629 0.555331 0
    outer loop
      vertex 122.114 57.926 0
      vertex 122.439 57.4393 2.4
      vertex 122.439 57.4393 0
    endloop
  endfacet
  facet normal -0.19513 0.980777 0
    outer loop
      vertex 124.074 57.1142 0
      vertex 123.5 57 2.4
      vertex 124.074 57.1142 2.4
    endloop
  endfacet
  facet normal -0.19513 0.980777 0
    outer loop
      vertex 123.5 57 2.4
      vertex 124.074 57.1142 0
      vertex 123.5 57 0
    endloop
  endfacet
  facet normal 0.555212 0.831709 -0
    outer loop
      vertex 122.926 57.1142 0
      vertex 122.439 57.4393 2.4
      vertex 122.926 57.1142 2.4
    endloop
  endfacet
  facet normal 0.555212 0.831709 0
    outer loop
      vertex 122.439 57.4393 2.4
      vertex 122.926 57.1142 0
      vertex 122.439 57.4393 0
    endloop
  endfacet
  facet normal 0.19513 0.980777 -0
    outer loop
      vertex 123.5 64 0
      vertex 122.926 64.1142 2.4
      vertex 123.5 64 2.4
    endloop
  endfacet
  facet normal 0.19513 0.980777 0
    outer loop
      vertex 122.926 64.1142 2.4
      vertex 123.5 64 0
      vertex 122.926 64.1142 0
    endloop
  endfacet
  facet normal -0.831629 0.555331 0
    outer loop
      vertex 124.561 64.4393 0
      vertex 124.886 64.926 2.4
      vertex 124.886 64.926 0
    endloop
  endfacet
  facet normal -0.831629 0.555331 0
    outer loop
      vertex 124.886 64.926 2.4
      vertex 124.561 64.4393 0
      vertex 124.561 64.4393 2.4
    endloop
  endfacet
  facet normal -0.831629 -0.555331 0
    outer loop
      vertex 124.886 66.074 0
      vertex 124.561 66.5607 2.4
      vertex 124.561 66.5607 0
    endloop
  endfacet
  facet normal -0.831629 -0.555331 0
    outer loop
      vertex 124.561 66.5607 2.4
      vertex 124.886 66.074 0
      vertex 124.886 66.074 2.4
    endloop
  endfacet
  facet normal -0.980843 -0.194802 0
    outer loop
      vertex 125 65.5 0
      vertex 124.886 66.074 2.4
      vertex 124.886 66.074 0
    endloop
  endfacet
  facet normal -0.980843 -0.194802 0
    outer loop
      vertex 124.886 66.074 2.4
      vertex 125 65.5 0
      vertex 125 65.5 2.4
    endloop
  endfacet
  facet normal -0.555212 -0.831709 0
    outer loop
      vertex 124.074 66.8858 0
      vertex 124.561 66.5607 2.4
      vertex 124.074 66.8858 2.4
    endloop
  endfacet
  facet normal -0.555212 -0.831709 -0
    outer loop
      vertex 124.561 66.5607 2.4
      vertex 124.074 66.8858 0
      vertex 124.561 66.5607 0
    endloop
  endfacet
  facet normal -0.19513 -0.980777 0
    outer loop
      vertex 123.5 67 0
      vertex 124.074 66.8858 2.4
      vertex 123.5 67 2.4
    endloop
  endfacet
  facet normal -0.19513 -0.980777 -0
    outer loop
      vertex 124.074 66.8858 2.4
      vertex 123.5 67 0
      vertex 124.074 66.8858 0
    endloop
  endfacet
  facet normal 0.980843 0.194802 0
    outer loop
      vertex 122.114 64.926 2.4
      vertex 122 65.5 0
      vertex 122 65.5 2.4
    endloop
  endfacet
  facet normal 0.980843 0.194802 0
    outer loop
      vertex 122 65.5 0
      vertex 122.114 64.926 2.4
      vertex 122.114 64.926 0
    endloop
  endfacet
  facet normal -0.555212 0.831709 0
    outer loop
      vertex 124.561 64.4393 0
      vertex 124.074 64.1142 2.4
      vertex 124.561 64.4393 2.4
    endloop
  endfacet
  facet normal -0.555212 0.831709 0
    outer loop
      vertex 124.074 64.1142 2.4
      vertex 124.561 64.4393 0
      vertex 124.074 64.1142 0
    endloop
  endfacet
  facet normal 0.831629 -0.555331 0
    outer loop
      vertex 122.114 66.074 2.4
      vertex 122.439 66.5607 0
      vertex 122.439 66.5607 2.4
    endloop
  endfacet
  facet normal 0.831629 -0.555331 0
    outer loop
      vertex 122.439 66.5607 0
      vertex 122.114 66.074 2.4
      vertex 122.114 66.074 0
    endloop
  endfacet
  facet normal 0.19513 -0.980777 0
    outer loop
      vertex 122.926 66.8858 0
      vertex 123.5 67 2.4
      vertex 122.926 66.8858 2.4
    endloop
  endfacet
  facet normal 0.19513 -0.980777 0
    outer loop
      vertex 123.5 67 2.4
      vertex 122.926 66.8858 0
      vertex 123.5 67 0
    endloop
  endfacet
  facet normal 0.555212 -0.831709 0
    outer loop
      vertex 122.439 66.5607 0
      vertex 122.926 66.8858 2.4
      vertex 122.439 66.5607 2.4
    endloop
  endfacet
  facet normal 0.555212 -0.831709 0
    outer loop
      vertex 122.926 66.8858 2.4
      vertex 122.439 66.5607 0
      vertex 122.926 66.8858 0
    endloop
  endfacet
  facet normal -0.980843 0.194802 0
    outer loop
      vertex 124.886 64.926 0
      vertex 125 65.5 2.4
      vertex 125 65.5 0
    endloop
  endfacet
  facet normal -0.980843 0.194802 0
    outer loop
      vertex 125 65.5 2.4
      vertex 124.886 64.926 0
      vertex 124.886 64.926 2.4
    endloop
  endfacet
  facet normal 0.980843 -0.194802 0
    outer loop
      vertex 122 65.5 2.4
      vertex 122.114 66.074 0
      vertex 122.114 66.074 2.4
    endloop
  endfacet
  facet normal 0.980843 -0.194802 0
    outer loop
      vertex 122.114 66.074 0
      vertex 122 65.5 2.4
      vertex 122 65.5 0
    endloop
  endfacet
  facet normal 0.831629 0.555331 0
    outer loop
      vertex 122.439 64.4393 2.4
      vertex 122.114 64.926 0
      vertex 122.114 64.926 2.4
    endloop
  endfacet
  facet normal 0.831629 0.555331 0
    outer loop
      vertex 122.114 64.926 0
      vertex 122.439 64.4393 2.4
      vertex 122.439 64.4393 0
    endloop
  endfacet
  facet normal -0.19513 0.980777 0
    outer loop
      vertex 124.074 64.1142 0
      vertex 123.5 64 2.4
      vertex 124.074 64.1142 2.4
    endloop
  endfacet
  facet normal -0.19513 0.980777 0
    outer loop
      vertex 123.5 64 2.4
      vertex 124.074 64.1142 0
      vertex 123.5 64 0
    endloop
  endfacet
  facet normal 0.555212 0.831709 -0
    outer loop
      vertex 122.926 64.1142 0
      vertex 122.439 64.4393 2.4
      vertex 122.926 64.1142 2.4
    endloop
  endfacet
  facet normal 0.555212 0.831709 0
    outer loop
      vertex 122.439 64.4393 2.4
      vertex 122.926 64.1142 0
      vertex 122.439 64.4393 0
    endloop
  endfacet
  facet normal 0.19513 0.980777 -0
    outer loop
      vertex 130.5 29 0
      vertex 129.926 29.1142 2.4
      vertex 130.5 29 2.4
    endloop
  endfacet
  facet normal 0.19513 0.980777 0
    outer loop
      vertex 129.926 29.1142 2.4
      vertex 130.5 29 0
      vertex 129.926 29.1142 0
    endloop
  endfacet
  facet normal -0.831629 0.555331 0
    outer loop
      vertex 131.561 29.4393 0
      vertex 131.886 29.926 2.4
      vertex 131.886 29.926 0
    endloop
  endfacet
  facet normal -0.831629 0.555331 0
    outer loop
      vertex 131.886 29.926 2.4
      vertex 131.561 29.4393 0
      vertex 131.561 29.4393 2.4
    endloop
  endfacet
  facet normal -0.831629 -0.555331 0
    outer loop
      vertex 131.886 31.074 0
      vertex 131.561 31.5607 2.4
      vertex 131.561 31.5607 0
    endloop
  endfacet
  facet normal -0.831629 -0.555331 0
    outer loop
      vertex 131.561 31.5607 2.4
      vertex 131.886 31.074 0
      vertex 131.886 31.074 2.4
    endloop
  endfacet
  facet normal -0.980843 -0.194802 0
    outer loop
      vertex 132 30.5 0
      vertex 131.886 31.074 2.4
      vertex 131.886 31.074 0
    endloop
  endfacet
  facet normal -0.980843 -0.194802 0
    outer loop
      vertex 131.886 31.074 2.4
      vertex 132 30.5 0
      vertex 132 30.5 2.4
    endloop
  endfacet
  facet normal -0.555212 -0.831709 0
    outer loop
      vertex 131.074 31.8858 0
      vertex 131.561 31.5607 2.4
      vertex 131.074 31.8858 2.4
    endloop
  endfacet
  facet normal -0.555212 -0.831709 -0
    outer loop
      vertex 131.561 31.5607 2.4
      vertex 131.074 31.8858 0
      vertex 131.561 31.5607 0
    endloop
  endfacet
  facet normal 0.980843 0.194802 0
    outer loop
      vertex 129.114 29.926 2.4
      vertex 129 30.5 0
      vertex 129 30.5 2.4
    endloop
  endfacet
  facet normal 0.980843 0.194802 0
    outer loop
      vertex 129 30.5 0
      vertex 129.114 29.926 2.4
      vertex 129.114 29.926 0
    endloop
  endfacet
  facet normal -0.555212 0.831709 0
    outer loop
      vertex 131.561 29.4393 0
      vertex 131.074 29.1142 2.4
      vertex 131.561 29.4393 2.4
    endloop
  endfacet
  facet normal -0.555212 0.831709 0
    outer loop
      vertex 131.074 29.1142 2.4
      vertex 131.561 29.4393 0
      vertex 131.074 29.1142 0
    endloop
  endfacet
  facet normal 0.831629 -0.555331 0
    outer loop
      vertex 129.114 31.074 2.4
      vertex 129.439 31.5607 0
      vertex 129.439 31.5607 2.4
    endloop
  endfacet
  facet normal 0.831629 -0.555331 0
    outer loop
      vertex 129.439 31.5607 0
      vertex 129.114 31.074 2.4
      vertex 129.114 31.074 0
    endloop
  endfacet
  facet normal -0.19513 0.980777 0
    outer loop
      vertex 131.074 29.1142 0
      vertex 130.5 29 2.4
      vertex 131.074 29.1142 2.4
    endloop
  endfacet
  facet normal -0.19513 0.980777 0
    outer loop
      vertex 130.5 29 2.4
      vertex 131.074 29.1142 0
      vertex 130.5 29 0
    endloop
  endfacet
  facet normal 0.19513 -0.980777 0
    outer loop
      vertex 129.926 31.8858 0
      vertex 130.5 32 2.4
      vertex 129.926 31.8858 2.4
    endloop
  endfacet
  facet normal 0.19513 -0.980777 0
    outer loop
      vertex 130.5 32 2.4
      vertex 129.926 31.8858 0
      vertex 130.5 32 0
    endloop
  endfacet
  facet normal 0.555212 -0.831709 0
    outer loop
      vertex 129.439 31.5607 0
      vertex 129.926 31.8858 2.4
      vertex 129.439 31.5607 2.4
    endloop
  endfacet
  facet normal 0.555212 -0.831709 0
    outer loop
      vertex 129.926 31.8858 2.4
      vertex 129.439 31.5607 0
      vertex 129.926 31.8858 0
    endloop
  endfacet
  facet normal -0.980843 0.194802 0
    outer loop
      vertex 131.886 29.926 0
      vertex 132 30.5 2.4
      vertex 132 30.5 0
    endloop
  endfacet
  facet normal -0.980843 0.194802 0
    outer loop
      vertex 132 30.5 2.4
      vertex 131.886 29.926 0
      vertex 131.886 29.926 2.4
    endloop
  endfacet
  facet normal 0.980843 -0.194802 0
    outer loop
      vertex 129 30.5 2.4
      vertex 129.114 31.074 0
      vertex 129.114 31.074 2.4
    endloop
  endfacet
  facet normal 0.980843 -0.194802 0
    outer loop
      vertex 129.114 31.074 0
      vertex 129 30.5 2.4
      vertex 129 30.5 0
    endloop
  endfacet
  facet normal 0.831629 0.555331 0
    outer loop
      vertex 129.439 29.4393 2.4
      vertex 129.114 29.926 0
      vertex 129.114 29.926 2.4
    endloop
  endfacet
  facet normal 0.831629 0.555331 0
    outer loop
      vertex 129.114 29.926 0
      vertex 129.439 29.4393 2.4
      vertex 129.439 29.4393 0
    endloop
  endfacet
  facet normal -0.19513 -0.980777 0
    outer loop
      vertex 130.5 32 0
      vertex 131.074 31.8858 2.4
      vertex 130.5 32 2.4
    endloop
  endfacet
  facet normal -0.19513 -0.980777 -0
    outer loop
      vertex 131.074 31.8858 2.4
      vertex 130.5 32 0
      vertex 131.074 31.8858 0
    endloop
  endfacet
  facet normal 0.555212 0.831709 -0
    outer loop
      vertex 129.926 29.1142 0
      vertex 129.439 29.4393 2.4
      vertex 129.926 29.1142 2.4
    endloop
  endfacet
  facet normal 0.555212 0.831709 0
    outer loop
      vertex 129.439 29.4393 2.4
      vertex 129.926 29.1142 0
      vertex 129.439 29.4393 0
    endloop
  endfacet
  facet normal 0.19513 0.980777 -0
    outer loop
      vertex 130.5 36 0
      vertex 129.926 36.1142 2.4
      vertex 130.5 36 2.4
    endloop
  endfacet
  facet normal 0.19513 0.980777 0
    outer loop
      vertex 129.926 36.1142 2.4
      vertex 130.5 36 0
      vertex 129.926 36.1142 0
    endloop
  endfacet
  facet normal -0.831629 0.555331 0
    outer loop
      vertex 131.561 36.4393 0
      vertex 131.886 36.926 2.4
      vertex 131.886 36.926 0
    endloop
  endfacet
  facet normal -0.831629 0.555331 0
    outer loop
      vertex 131.886 36.926 2.4
      vertex 131.561 36.4393 0
      vertex 131.561 36.4393 2.4
    endloop
  endfacet
  facet normal -0.831629 -0.555331 0
    outer loop
      vertex 131.886 38.074 0
      vertex 131.561 38.5607 2.4
      vertex 131.561 38.5607 0
    endloop
  endfacet
  facet normal -0.831629 -0.555331 0
    outer loop
      vertex 131.561 38.5607 2.4
      vertex 131.886 38.074 0
      vertex 131.886 38.074 2.4
    endloop
  endfacet
  facet normal -0.980843 -0.194802 0
    outer loop
      vertex 132 37.5 0
      vertex 131.886 38.074 2.4
      vertex 131.886 38.074 0
    endloop
  endfacet
  facet normal -0.980843 -0.194802 0
    outer loop
      vertex 131.886 38.074 2.4
      vertex 132 37.5 0
      vertex 132 37.5 2.4
    endloop
  endfacet
  facet normal -0.555212 -0.831709 0
    outer loop
      vertex 131.074 38.8858 0
      vertex 131.561 38.5607 2.4
      vertex 131.074 38.8858 2.4
    endloop
  endfacet
  facet normal -0.555212 -0.831709 -0
    outer loop
      vertex 131.561 38.5607 2.4
      vertex 131.074 38.8858 0
      vertex 131.561 38.5607 0
    endloop
  endfacet
  facet normal 0.980843 0.194802 0
    outer loop
      vertex 129.114 36.926 2.4
      vertex 129 37.5 0
      vertex 129 37.5 2.4
    endloop
  endfacet
  facet normal 0.980843 0.194802 0
    outer loop
      vertex 129 37.5 0
      vertex 129.114 36.926 2.4
      vertex 129.114 36.926 0
    endloop
  endfacet
  facet normal -0.555212 0.831709 0
    outer loop
      vertex 131.561 36.4393 0
      vertex 131.074 36.1142 2.4
      vertex 131.561 36.4393 2.4
    endloop
  endfacet
  facet normal -0.555212 0.831709 0
    outer loop
      vertex 131.074 36.1142 2.4
      vertex 131.561 36.4393 0
      vertex 131.074 36.1142 0
    endloop
  endfacet
  facet normal 0.831629 -0.555331 0
    outer loop
      vertex 129.114 38.074 2.4
      vertex 129.439 38.5607 0
      vertex 129.439 38.5607 2.4
    endloop
  endfacet
  facet normal 0.831629 -0.555331 0
    outer loop
      vertex 129.439 38.5607 0
      vertex 129.114 38.074 2.4
      vertex 129.114 38.074 0
    endloop
  endfacet
  facet normal -0.19513 0.980777 0
    outer loop
      vertex 131.074 36.1142 0
      vertex 130.5 36 2.4
      vertex 131.074 36.1142 2.4
    endloop
  endfacet
  facet normal -0.19513 0.980777 0
    outer loop
      vertex 130.5 36 2.4
      vertex 131.074 36.1142 0
      vertex 130.5 36 0
    endloop
  endfacet
  facet normal 0.19513 -0.980777 0
    outer loop
      vertex 129.926 38.8858 0
      vertex 130.5 39 2.4
      vertex 129.926 38.8858 2.4
    endloop
  endfacet
  facet normal 0.19513 -0.980777 0
    outer loop
      vertex 130.5 39 2.4
      vertex 129.926 38.8858 0
      vertex 130.5 39 0
    endloop
  endfacet
  facet normal 0.555212 -0.831709 0
    outer loop
      vertex 129.439 38.5607 0
      vertex 129.926 38.8858 2.4
      vertex 129.439 38.5607 2.4
    endloop
  endfacet
  facet normal 0.555212 -0.831709 0
    outer loop
      vertex 129.926 38.8858 2.4
      vertex 129.439 38.5607 0
      vertex 129.926 38.8858 0
    endloop
  endfacet
  facet normal -0.980843 0.194802 0
    outer loop
      vertex 131.886 36.926 0
      vertex 132 37.5 2.4
      vertex 132 37.5 0
    endloop
  endfacet
  facet normal -0.980843 0.194802 0
    outer loop
      vertex 132 37.5 2.4
      vertex 131.886 36.926 0
      vertex 131.886 36.926 2.4
    endloop
  endfacet
  facet normal 0.980843 -0.194802 0
    outer loop
      vertex 129 37.5 2.4
      vertex 129.114 38.074 0
      vertex 129.114 38.074 2.4
    endloop
  endfacet
  facet normal 0.980843 -0.194802 0
    outer loop
      vertex 129.114 38.074 0
      vertex 129 37.5 2.4
      vertex 129 37.5 0
    endloop
  endfacet
  facet normal 0.831629 0.555331 0
    outer loop
      vertex 129.439 36.4393 2.4
      vertex 129.114 36.926 0
      vertex 129.114 36.926 2.4
    endloop
  endfacet
  facet normal 0.831629 0.555331 0
    outer loop
      vertex 129.114 36.926 0
      vertex 129.439 36.4393 2.4
      vertex 129.439 36.4393 0
    endloop
  endfacet
  facet normal -0.19513 -0.980777 0
    outer loop
      vertex 130.5 39 0
      vertex 131.074 38.8858 2.4
      vertex 130.5 39 2.4
    endloop
  endfacet
  facet normal -0.19513 -0.980777 -0
    outer loop
      vertex 131.074 38.8858 2.4
      vertex 130.5 39 0
      vertex 131.074 38.8858 0
    endloop
  endfacet
  facet normal 0.555212 0.831709 -0
    outer loop
      vertex 129.926 36.1142 0
      vertex 129.439 36.4393 2.4
      vertex 129.926 36.1142 2.4
    endloop
  endfacet
  facet normal 0.555212 0.831709 0
    outer loop
      vertex 129.439 36.4393 2.4
      vertex 129.926 36.1142 0
      vertex 129.439 36.4393 0
    endloop
  endfacet
  facet normal 0.19513 0.980777 -0
    outer loop
      vertex 130.5 43 0
      vertex 129.926 43.1142 2.4
      vertex 130.5 43 2.4
    endloop
  endfacet
  facet normal 0.19513 0.980777 0
    outer loop
      vertex 129.926 43.1142 2.4
      vertex 130.5 43 0
      vertex 129.926 43.1142 0
    endloop
  endfacet
  facet normal -0.831629 0.555331 0
    outer loop
      vertex 131.561 43.4393 0
      vertex 131.886 43.926 2.4
      vertex 131.886 43.926 0
    endloop
  endfacet
  facet normal -0.831629 0.555331 0
    outer loop
      vertex 131.886 43.926 2.4
      vertex 131.561 43.4393 0
      vertex 131.561 43.4393 2.4
    endloop
  endfacet
  facet normal -0.831629 -0.555331 0
    outer loop
      vertex 131.886 45.074 0
      vertex 131.561 45.5607 2.4
      vertex 131.561 45.5607 0
    endloop
  endfacet
  facet normal -0.831629 -0.555331 0
    outer loop
      vertex 131.561 45.5607 2.4
      vertex 131.886 45.074 0
      vertex 131.886 45.074 2.4
    endloop
  endfacet
  facet normal -0.980843 -0.194802 0
    outer loop
      vertex 132 44.5 0
      vertex 131.886 45.074 2.4
      vertex 131.886 45.074 0
    endloop
  endfacet
  facet normal -0.980843 -0.194802 0
    outer loop
      vertex 131.886 45.074 2.4
      vertex 132 44.5 0
      vertex 132 44.5 2.4
    endloop
  endfacet
  facet normal -0.555212 -0.831709 0
    outer loop
      vertex 131.074 45.8858 0
      vertex 131.561 45.5607 2.4
      vertex 131.074 45.8858 2.4
    endloop
  endfacet
  facet normal -0.555212 -0.831709 -0
    outer loop
      vertex 131.561 45.5607 2.4
      vertex 131.074 45.8858 0
      vertex 131.561 45.5607 0
    endloop
  endfacet
  facet normal -0.19513 -0.980777 0
    outer loop
      vertex 130.5 46 0
      vertex 131.074 45.8858 2.4
      vertex 130.5 46 2.4
    endloop
  endfacet
  facet normal -0.19513 -0.980777 -0
    outer loop
      vertex 131.074 45.8858 2.4
      vertex 130.5 46 0
      vertex 131.074 45.8858 0
    endloop
  endfacet
  facet normal 0.980843 0.194802 0
    outer loop
      vertex 129.114 43.926 2.4
      vertex 129 44.5 0
      vertex 129 44.5 2.4
    endloop
  endfacet
  facet normal 0.980843 0.194802 0
    outer loop
      vertex 129 44.5 0
      vertex 129.114 43.926 2.4
      vertex 129.114 43.926 0
    endloop
  endfacet
  facet normal -0.555212 0.831709 0
    outer loop
      vertex 131.561 43.4393 0
      vertex 131.074 43.1142 2.4
      vertex 131.561 43.4393 2.4
    endloop
  endfacet
  facet normal -0.555212 0.831709 0
    outer loop
      vertex 131.074 43.1142 2.4
      vertex 131.561 43.4393 0
      vertex 131.074 43.1142 0
    endloop
  endfacet
  facet normal 0.831629 -0.555331 0
    outer loop
      vertex 129.114 45.074 2.4
      vertex 129.439 45.5607 0
      vertex 129.439 45.5607 2.4
    endloop
  endfacet
  facet normal 0.831629 -0.555331 0
    outer loop
      vertex 129.439 45.5607 0
      vertex 129.114 45.074 2.4
      vertex 129.114 45.074 0
    endloop
  endfacet
  facet normal -0.19513 0.980777 0
    outer loop
      vertex 131.074 43.1142 0
      vertex 130.5 43 2.4
      vertex 131.074 43.1142 2.4
    endloop
  endfacet
  facet normal -0.19513 0.980777 0
    outer loop
      vertex 130.5 43 2.4
      vertex 131.074 43.1142 0
      vertex 130.5 43 0
    endloop
  endfacet
  facet normal 0.19513 -0.980777 0
    outer loop
      vertex 129.926 45.8858 0
      vertex 130.5 46 2.4
      vertex 129.926 45.8858 2.4
    endloop
  endfacet
  facet normal 0.19513 -0.980777 0
    outer loop
      vertex 130.5 46 2.4
      vertex 129.926 45.8858 0
      vertex 130.5 46 0
    endloop
  endfacet
  facet normal 0.555212 -0.831709 0
    outer loop
      vertex 129.439 45.5607 0
      vertex 129.926 45.8858 2.4
      vertex 129.439 45.5607 2.4
    endloop
  endfacet
  facet normal 0.555212 -0.831709 0
    outer loop
      vertex 129.926 45.8858 2.4
      vertex 129.439 45.5607 0
      vertex 129.926 45.8858 0
    endloop
  endfacet
  facet normal -0.980843 0.194802 0
    outer loop
      vertex 131.886 43.926 0
      vertex 132 44.5 2.4
      vertex 132 44.5 0
    endloop
  endfacet
  facet normal -0.980843 0.194802 0
    outer loop
      vertex 132 44.5 2.4
      vertex 131.886 43.926 0
      vertex 131.886 43.926 2.4
    endloop
  endfacet
  facet normal 0.980843 -0.194802 0
    outer loop
      vertex 129 44.5 2.4
      vertex 129.114 45.074 0
      vertex 129.114 45.074 2.4
    endloop
  endfacet
  facet normal 0.980843 -0.194802 0
    outer loop
      vertex 129.114 45.074 0
      vertex 129 44.5 2.4
      vertex 129 44.5 0
    endloop
  endfacet
  facet normal 0.831629 0.555331 0
    outer loop
      vertex 129.439 43.4393 2.4
      vertex 129.114 43.926 0
      vertex 129.114 43.926 2.4
    endloop
  endfacet
  facet normal 0.831629 0.555331 0
    outer loop
      vertex 129.114 43.926 0
      vertex 129.439 43.4393 2.4
      vertex 129.439 43.4393 0
    endloop
  endfacet
  facet normal 0.555212 0.831709 -0
    outer loop
      vertex 129.926 43.1142 0
      vertex 129.439 43.4393 2.4
      vertex 129.926 43.1142 2.4
    endloop
  endfacet
  facet normal 0.555212 0.831709 0
    outer loop
      vertex 129.439 43.4393 2.4
      vertex 129.926 43.1142 0
      vertex 129.439 43.4393 0
    endloop
  endfacet
  facet normal 0.19513 0.980777 -0
    outer loop
      vertex 130.5 50 0
      vertex 129.926 50.1142 2.4
      vertex 130.5 50 2.4
    endloop
  endfacet
  facet normal 0.19513 0.980777 0
    outer loop
      vertex 129.926 50.1142 2.4
      vertex 130.5 50 0
      vertex 129.926 50.1142 0
    endloop
  endfacet
  facet normal -0.831629 0.555331 0
    outer loop
      vertex 131.561 50.4393 0
      vertex 131.886 50.926 2.4
      vertex 131.886 50.926 0
    endloop
  endfacet
  facet normal -0.831629 0.555331 0
    outer loop
      vertex 131.886 50.926 2.4
      vertex 131.561 50.4393 0
      vertex 131.561 50.4393 2.4
    endloop
  endfacet
  facet normal -0.831629 -0.555331 0
    outer loop
      vertex 131.886 52.074 0
      vertex 131.561 52.5607 2.4
      vertex 131.561 52.5607 0
    endloop
  endfacet
  facet normal -0.831629 -0.555331 0
    outer loop
      vertex 131.561 52.5607 2.4
      vertex 131.886 52.074 0
      vertex 131.886 52.074 2.4
    endloop
  endfacet
  facet normal -0.980843 -0.194802 0
    outer loop
      vertex 132 51.5 0
      vertex 131.886 52.074 2.4
      vertex 131.886 52.074 0
    endloop
  endfacet
  facet normal -0.980843 -0.194802 0
    outer loop
      vertex 131.886 52.074 2.4
      vertex 132 51.5 0
      vertex 132 51.5 2.4
    endloop
  endfacet
  facet normal -0.555212 -0.831709 0
    outer loop
      vertex 131.074 52.8858 0
      vertex 131.561 52.5607 2.4
      vertex 131.074 52.8858 2.4
    endloop
  endfacet
  facet normal -0.555212 -0.831709 -0
    outer loop
      vertex 131.561 52.5607 2.4
      vertex 131.074 52.8858 0
      vertex 131.561 52.5607 0
    endloop
  endfacet
  facet normal -0.19513 -0.980777 0
    outer loop
      vertex 130.5 53 0
      vertex 131.074 52.8858 2.4
      vertex 130.5 53 2.4
    endloop
  endfacet
  facet normal -0.19513 -0.980777 -0
    outer loop
      vertex 131.074 52.8858 2.4
      vertex 130.5 53 0
      vertex 131.074 52.8858 0
    endloop
  endfacet
  facet normal 0.980843 0.194802 0
    outer loop
      vertex 129.114 50.926 2.4
      vertex 129 51.5 0
      vertex 129 51.5 2.4
    endloop
  endfacet
  facet normal 0.980843 0.194802 0
    outer loop
      vertex 129 51.5 0
      vertex 129.114 50.926 2.4
      vertex 129.114 50.926 0
    endloop
  endfacet
  facet normal -0.555212 0.831709 0
    outer loop
      vertex 131.561 50.4393 0
      vertex 131.074 50.1142 2.4
      vertex 131.561 50.4393 2.4
    endloop
  endfacet
  facet normal -0.555212 0.831709 0
    outer loop
      vertex 131.074 50.1142 2.4
      vertex 131.561 50.4393 0
      vertex 131.074 50.1142 0
    endloop
  endfacet
  facet normal 0.831629 -0.555331 0
    outer loop
      vertex 129.114 52.074 2.4
      vertex 129.439 52.5607 0
      vertex 129.439 52.5607 2.4
    endloop
  endfacet
  facet normal 0.831629 -0.555331 0
    outer loop
      vertex 129.439 52.5607 0
      vertex 129.114 52.074 2.4
      vertex 129.114 52.074 0
    endloop
  endfacet
  facet normal 0.19513 -0.980777 0
    outer loop
      vertex 129.926 52.8858 0
      vertex 130.5 53 2.4
      vertex 129.926 52.8858 2.4
    endloop
  endfacet
  facet normal 0.19513 -0.980777 0
    outer loop
      vertex 130.5 53 2.4
      vertex 129.926 52.8858 0
      vertex 130.5 53 0
    endloop
  endfacet
  facet normal 0.555212 -0.831709 0
    outer loop
      vertex 129.439 52.5607 0
      vertex 129.926 52.8858 2.4
      vertex 129.439 52.5607 2.4
    endloop
  endfacet
  facet normal 0.555212 -0.831709 0
    outer loop
      vertex 129.926 52.8858 2.4
      vertex 129.439 52.5607 0
      vertex 129.926 52.8858 0
    endloop
  endfacet
  facet normal -0.980843 0.194802 0
    outer loop
      vertex 131.886 50.926 0
      vertex 132 51.5 2.4
      vertex 132 51.5 0
    endloop
  endfacet
  facet normal -0.980843 0.194802 0
    outer loop
      vertex 132 51.5 2.4
      vertex 131.886 50.926 0
      vertex 131.886 50.926 2.4
    endloop
  endfacet
  facet normal 0.980843 -0.194802 0
    outer loop
      vertex 129 51.5 2.4
      vertex 129.114 52.074 0
      vertex 129.114 52.074 2.4
    endloop
  endfacet
  facet normal 0.980843 -0.194802 0
    outer loop
      vertex 129.114 52.074 0
      vertex 129 51.5 2.4
      vertex 129 51.5 0
    endloop
  endfacet
  facet normal 0.831629 0.555331 0
    outer loop
      vertex 129.439 50.4393 2.4
      vertex 129.114 50.926 0
      vertex 129.114 50.926 2.4
    endloop
  endfacet
  facet normal 0.831629 0.555331 0
    outer loop
      vertex 129.114 50.926 0
      vertex 129.439 50.4393 2.4
      vertex 129.439 50.4393 0
    endloop
  endfacet
  facet normal -0.19513 0.980777 0
    outer loop
      vertex 131.074 50.1142 0
      vertex 130.5 50 2.4
      vertex 131.074 50.1142 2.4
    endloop
  endfacet
  facet normal -0.19513 0.980777 0
    outer loop
      vertex 130.5 50 2.4
      vertex 131.074 50.1142 0
      vertex 130.5 50 0
    endloop
  endfacet
  facet normal 0.555212 0.831709 -0
    outer loop
      vertex 129.926 50.1142 0
      vertex 129.439 50.4393 2.4
      vertex 129.926 50.1142 2.4
    endloop
  endfacet
  facet normal 0.555212 0.831709 0
    outer loop
      vertex 129.439 50.4393 2.4
      vertex 129.926 50.1142 0
      vertex 129.439 50.4393 0
    endloop
  endfacet
  facet normal 0.19513 0.980777 -0
    outer loop
      vertex 130.5 57 0
      vertex 129.926 57.1142 2.4
      vertex 130.5 57 2.4
    endloop
  endfacet
  facet normal 0.19513 0.980777 0
    outer loop
      vertex 129.926 57.1142 2.4
      vertex 130.5 57 0
      vertex 129.926 57.1142 0
    endloop
  endfacet
  facet normal -0.831629 0.555331 0
    outer loop
      vertex 131.561 57.4393 0
      vertex 131.886 57.926 2.4
      vertex 131.886 57.926 0
    endloop
  endfacet
  facet normal -0.831629 0.555331 0
    outer loop
      vertex 131.886 57.926 2.4
      vertex 131.561 57.4393 0
      vertex 131.561 57.4393 2.4
    endloop
  endfacet
  facet normal -0.831629 -0.555331 0
    outer loop
      vertex 131.886 59.074 0
      vertex 131.561 59.5607 2.4
      vertex 131.561 59.5607 0
    endloop
  endfacet
  facet normal -0.831629 -0.555331 0
    outer loop
      vertex 131.561 59.5607 2.4
      vertex 131.886 59.074 0
      vertex 131.886 59.074 2.4
    endloop
  endfacet
  facet normal -0.980843 -0.194802 0
    outer loop
      vertex 132 58.5 0
      vertex 131.886 59.074 2.4
      vertex 131.886 59.074 0
    endloop
  endfacet
  facet normal -0.980843 -0.194802 0
    outer loop
      vertex 131.886 59.074 2.4
      vertex 132 58.5 0
      vertex 132 58.5 2.4
    endloop
  endfacet
  facet normal -0.555212 -0.831709 0
    outer loop
      vertex 131.074 59.8858 0
      vertex 131.561 59.5607 2.4
      vertex 131.074 59.8858 2.4
    endloop
  endfacet
  facet normal -0.555212 -0.831709 -0
    outer loop
      vertex 131.561 59.5607 2.4
      vertex 131.074 59.8858 0
      vertex 131.561 59.5607 0
    endloop
  endfacet
  facet normal 0.980843 0.194802 0
    outer loop
      vertex 129.114 57.926 2.4
      vertex 129 58.5 0
      vertex 129 58.5 2.4
    endloop
  endfacet
  facet normal 0.980843 0.194802 0
    outer loop
      vertex 129 58.5 0
      vertex 129.114 57.926 2.4
      vertex 129.114 57.926 0
    endloop
  endfacet
  facet normal -0.555212 0.831709 0
    outer loop
      vertex 131.561 57.4393 0
      vertex 131.074 57.1142 2.4
      vertex 131.561 57.4393 2.4
    endloop
  endfacet
  facet normal -0.555212 0.831709 0
    outer loop
      vertex 131.074 57.1142 2.4
      vertex 131.561 57.4393 0
      vertex 131.074 57.1142 0
    endloop
  endfacet
  facet normal 0.831629 -0.555331 0
    outer loop
      vertex 129.114 59.074 2.4
      vertex 129.439 59.5607 0
      vertex 129.439 59.5607 2.4
    endloop
  endfacet
  facet normal 0.831629 -0.555331 0
    outer loop
      vertex 129.439 59.5607 0
      vertex 129.114 59.074 2.4
      vertex 129.114 59.074 0
    endloop
  endfacet
  facet normal 0.19513 -0.980777 0
    outer loop
      vertex 129.926 59.8858 0
      vertex 130.5 60 2.4
      vertex 129.926 59.8858 2.4
    endloop
  endfacet
  facet normal 0.19513 -0.980777 0
    outer loop
      vertex 130.5 60 2.4
      vertex 129.926 59.8858 0
      vertex 130.5 60 0
    endloop
  endfacet
  facet normal 0.555212 -0.831709 0
    outer loop
      vertex 129.439 59.5607 0
      vertex 129.926 59.8858 2.4
      vertex 129.439 59.5607 2.4
    endloop
  endfacet
  facet normal 0.555212 -0.831709 0
    outer loop
      vertex 129.926 59.8858 2.4
      vertex 129.439 59.5607 0
      vertex 129.926 59.8858 0
    endloop
  endfacet
  facet normal -0.980843 0.194802 0
    outer loop
      vertex 131.886 57.926 0
      vertex 132 58.5 2.4
      vertex 132 58.5 0
    endloop
  endfacet
  facet normal -0.980843 0.194802 0
    outer loop
      vertex 132 58.5 2.4
      vertex 131.886 57.926 0
      vertex 131.886 57.926 2.4
    endloop
  endfacet
  facet normal 0.980843 -0.194802 0
    outer loop
      vertex 129 58.5 2.4
      vertex 129.114 59.074 0
      vertex 129.114 59.074 2.4
    endloop
  endfacet
  facet normal 0.980843 -0.194802 0
    outer loop
      vertex 129.114 59.074 0
      vertex 129 58.5 2.4
      vertex 129 58.5 0
    endloop
  endfacet
  facet normal 0.831629 0.555331 0
    outer loop
      vertex 129.439 57.4393 2.4
      vertex 129.114 57.926 0
      vertex 129.114 57.926 2.4
    endloop
  endfacet
  facet normal 0.831629 0.555331 0
    outer loop
      vertex 129.114 57.926 0
      vertex 129.439 57.4393 2.4
      vertex 129.439 57.4393 0
    endloop
  endfacet
  facet normal -0.19513 -0.980777 0
    outer loop
      vertex 130.5 60 0
      vertex 131.074 59.8858 2.4
      vertex 130.5 60 2.4
    endloop
  endfacet
  facet normal -0.19513 -0.980777 -0
    outer loop
      vertex 131.074 59.8858 2.4
      vertex 130.5 60 0
      vertex 131.074 59.8858 0
    endloop
  endfacet
  facet normal -0.19513 0.980777 0
    outer loop
      vertex 131.074 57.1142 0
      vertex 130.5 57 2.4
      vertex 131.074 57.1142 2.4
    endloop
  endfacet
  facet normal -0.19513 0.980777 0
    outer loop
      vertex 130.5 57 2.4
      vertex 131.074 57.1142 0
      vertex 130.5 57 0
    endloop
  endfacet
  facet normal 0.555212 0.831709 -0
    outer loop
      vertex 129.926 57.1142 0
      vertex 129.439 57.4393 2.4
      vertex 129.926 57.1142 2.4
    endloop
  endfacet
  facet normal 0.555212 0.831709 0
    outer loop
      vertex 129.439 57.4393 2.4
      vertex 129.926 57.1142 0
      vertex 129.439 57.4393 0
    endloop
  endfacet
  facet normal 0.19513 0.980777 -0
    outer loop
      vertex 130.5 64 0
      vertex 129.926 64.1142 2.4
      vertex 130.5 64 2.4
    endloop
  endfacet
  facet normal 0.19513 0.980777 0
    outer loop
      vertex 129.926 64.1142 2.4
      vertex 130.5 64 0
      vertex 129.926 64.1142 0
    endloop
  endfacet
  facet normal -0.831629 0.555331 0
    outer loop
      vertex 131.561 64.4393 0
      vertex 131.886 64.926 2.4
      vertex 131.886 64.926 0
    endloop
  endfacet
  facet normal -0.831629 0.555331 0
    outer loop
      vertex 131.886 64.926 2.4
      vertex 131.561 64.4393 0
      vertex 131.561 64.4393 2.4
    endloop
  endfacet
  facet normal -0.831629 -0.555331 0
    outer loop
      vertex 131.886 66.074 0
      vertex 131.561 66.5607 2.4
      vertex 131.561 66.5607 0
    endloop
  endfacet
  facet normal -0.831629 -0.555331 0
    outer loop
      vertex 131.561 66.5607 2.4
      vertex 131.886 66.074 0
      vertex 131.886 66.074 2.4
    endloop
  endfacet
  facet normal -0.980843 -0.194802 0
    outer loop
      vertex 132 65.5 0
      vertex 131.886 66.074 2.4
      vertex 131.886 66.074 0
    endloop
  endfacet
  facet normal -0.980843 -0.194802 0
    outer loop
      vertex 131.886 66.074 2.4
      vertex 132 65.5 0
      vertex 132 65.5 2.4
    endloop
  endfacet
  facet normal -0.555212 -0.831709 0
    outer loop
      vertex 131.074 66.8858 0
      vertex 131.561 66.5607 2.4
      vertex 131.074 66.8858 2.4
    endloop
  endfacet
  facet normal -0.555212 -0.831709 -0
    outer loop
      vertex 131.561 66.5607 2.4
      vertex 131.074 66.8858 0
      vertex 131.561 66.5607 0
    endloop
  endfacet
  facet normal -0.19513 -0.980777 0
    outer loop
      vertex 130.5 67 0
      vertex 131.074 66.8858 2.4
      vertex 130.5 67 2.4
    endloop
  endfacet
  facet normal -0.19513 -0.980777 -0
    outer loop
      vertex 131.074 66.8858 2.4
      vertex 130.5 67 0
      vertex 131.074 66.8858 0
    endloop
  endfacet
  facet normal 0.980843 0.194802 0
    outer loop
      vertex 129.114 64.926 2.4
      vertex 129 65.5 0
      vertex 129 65.5 2.4
    endloop
  endfacet
  facet normal 0.980843 0.194802 0
    outer loop
      vertex 129 65.5 0
      vertex 129.114 64.926 2.4
      vertex 129.114 64.926 0
    endloop
  endfacet
  facet normal -0.555212 0.831709 0
    outer loop
      vertex 131.561 64.4393 0
      vertex 131.074 64.1142 2.4
      vertex 131.561 64.4393 2.4
    endloop
  endfacet
  facet normal -0.555212 0.831709 0
    outer loop
      vertex 131.074 64.1142 2.4
      vertex 131.561 64.4393 0
      vertex 131.074 64.1142 0
    endloop
  endfacet
  facet normal 0.831629 -0.555331 0
    outer loop
      vertex 129.114 66.074 2.4
      vertex 129.439 66.5607 0
      vertex 129.439 66.5607 2.4
    endloop
  endfacet
  facet normal 0.831629 -0.555331 0
    outer loop
      vertex 129.439 66.5607 0
      vertex 129.114 66.074 2.4
      vertex 129.114 66.074 0
    endloop
  endfacet
  facet normal 0.19513 -0.980777 0
    outer loop
      vertex 129.926 66.8858 0
      vertex 130.5 67 2.4
      vertex 129.926 66.8858 2.4
    endloop
  endfacet
  facet normal 0.19513 -0.980777 0
    outer loop
      vertex 130.5 67 2.4
      vertex 129.926 66.8858 0
      vertex 130.5 67 0
    endloop
  endfacet
  facet normal 0.555212 -0.831709 0
    outer loop
      vertex 129.439 66.5607 0
      vertex 129.926 66.8858 2.4
      vertex 129.439 66.5607 2.4
    endloop
  endfacet
  facet normal 0.555212 -0.831709 0
    outer loop
      vertex 129.926 66.8858 2.4
      vertex 129.439 66.5607 0
      vertex 129.926 66.8858 0
    endloop
  endfacet
  facet normal -0.980843 0.194802 0
    outer loop
      vertex 131.886 64.926 0
      vertex 132 65.5 2.4
      vertex 132 65.5 0
    endloop
  endfacet
  facet normal -0.980843 0.194802 0
    outer loop
      vertex 132 65.5 2.4
      vertex 131.886 64.926 0
      vertex 131.886 64.926 2.4
    endloop
  endfacet
  facet normal 0.980843 -0.194802 0
    outer loop
      vertex 129 65.5 2.4
      vertex 129.114 66.074 0
      vertex 129.114 66.074 2.4
    endloop
  endfacet
  facet normal 0.980843 -0.194802 0
    outer loop
      vertex 129.114 66.074 0
      vertex 129 65.5 2.4
      vertex 129 65.5 0
    endloop
  endfacet
  facet normal 0.831629 0.555331 0
    outer loop
      vertex 129.439 64.4393 2.4
      vertex 129.114 64.926 0
      vertex 129.114 64.926 2.4
    endloop
  endfacet
  facet normal 0.831629 0.555331 0
    outer loop
      vertex 129.114 64.926 0
      vertex 129.439 64.4393 2.4
      vertex 129.439 64.4393 0
    endloop
  endfacet
  facet normal -0.19513 0.980777 0
    outer loop
      vertex 131.074 64.1142 0
      vertex 130.5 64 2.4
      vertex 131.074 64.1142 2.4
    endloop
  endfacet
  facet normal -0.19513 0.980777 0
    outer loop
      vertex 130.5 64 2.4
      vertex 131.074 64.1142 0
      vertex 130.5 64 0
    endloop
  endfacet
  facet normal 0.555212 0.831709 -0
    outer loop
      vertex 129.926 64.1142 0
      vertex 129.439 64.4393 2.4
      vertex 129.926 64.1142 2.4
    endloop
  endfacet
  facet normal 0.555212 0.831709 0
    outer loop
      vertex 129.439 64.4393 2.4
      vertex 129.926 64.1142 0
      vertex 129.439 64.4393 0
    endloop
  endfacet
  facet normal 0.19513 0.980777 -0
    outer loop
      vertex 137.5 29 0
      vertex 136.926 29.1142 2.4
      vertex 137.5 29 2.4
    endloop
  endfacet
  facet normal 0.19513 0.980777 0
    outer loop
      vertex 136.926 29.1142 2.4
      vertex 137.5 29 0
      vertex 136.926 29.1142 0
    endloop
  endfacet
  facet normal -0.831629 0.555331 0
    outer loop
      vertex 138.561 29.4393 0
      vertex 138.886 29.926 2.4
      vertex 138.886 29.926 0
    endloop
  endfacet
  facet normal -0.831629 0.555331 0
    outer loop
      vertex 138.886 29.926 2.4
      vertex 138.561 29.4393 0
      vertex 138.561 29.4393 2.4
    endloop
  endfacet
  facet normal -0.831629 -0.555331 0
    outer loop
      vertex 138.886 31.074 0
      vertex 138.561 31.5607 2.4
      vertex 138.561 31.5607 0
    endloop
  endfacet
  facet normal -0.831629 -0.555331 0
    outer loop
      vertex 138.561 31.5607 2.4
      vertex 138.886 31.074 0
      vertex 138.886 31.074 2.4
    endloop
  endfacet
  facet normal -0.980843 -0.194802 0
    outer loop
      vertex 139 30.5 0
      vertex 138.886 31.074 2.4
      vertex 138.886 31.074 0
    endloop
  endfacet
  facet normal -0.980843 -0.194802 0
    outer loop
      vertex 138.886 31.074 2.4
      vertex 139 30.5 0
      vertex 139 30.5 2.4
    endloop
  endfacet
  facet normal -0.555212 -0.831709 0
    outer loop
      vertex 138.074 31.8858 0
      vertex 138.561 31.5607 2.4
      vertex 138.074 31.8858 2.4
    endloop
  endfacet
  facet normal -0.555212 -0.831709 -0
    outer loop
      vertex 138.561 31.5607 2.4
      vertex 138.074 31.8858 0
      vertex 138.561 31.5607 0
    endloop
  endfacet
  facet normal -0.19513 -0.980777 0
    outer loop
      vertex 137.5 32 0
      vertex 138.074 31.8858 2.4
      vertex 137.5 32 2.4
    endloop
  endfacet
  facet normal -0.19513 -0.980777 -0
    outer loop
      vertex 138.074 31.8858 2.4
      vertex 137.5 32 0
      vertex 138.074 31.8858 0
    endloop
  endfacet
  facet normal 0.980843 0.194802 0
    outer loop
      vertex 136.114 29.926 2.4
      vertex 136 30.5 0
      vertex 136 30.5 2.4
    endloop
  endfacet
  facet normal 0.980843 0.194802 0
    outer loop
      vertex 136 30.5 0
      vertex 136.114 29.926 2.4
      vertex 136.114 29.926 0
    endloop
  endfacet
  facet normal -0.555212 0.831709 0
    outer loop
      vertex 138.561 29.4393 0
      vertex 138.074 29.1142 2.4
      vertex 138.561 29.4393 2.4
    endloop
  endfacet
  facet normal -0.555212 0.831709 0
    outer loop
      vertex 138.074 29.1142 2.4
      vertex 138.561 29.4393 0
      vertex 138.074 29.1142 0
    endloop
  endfacet
  facet normal 0.831629 -0.555331 0
    outer loop
      vertex 136.114 31.074 2.4
      vertex 136.439 31.5607 0
      vertex 136.439 31.5607 2.4
    endloop
  endfacet
  facet normal 0.831629 -0.555331 0
    outer loop
      vertex 136.439 31.5607 0
      vertex 136.114 31.074 2.4
      vertex 136.114 31.074 0
    endloop
  endfacet
  facet normal -0.19513 0.980777 0
    outer loop
      vertex 138.074 29.1142 0
      vertex 137.5 29 2.4
      vertex 138.074 29.1142 2.4
    endloop
  endfacet
  facet normal -0.19513 0.980777 0
    outer loop
      vertex 137.5 29 2.4
      vertex 138.074 29.1142 0
      vertex 137.5 29 0
    endloop
  endfacet
  facet normal 0.19513 -0.980777 0
    outer loop
      vertex 136.926 31.8858 0
      vertex 137.5 32 2.4
      vertex 136.926 31.8858 2.4
    endloop
  endfacet
  facet normal 0.19513 -0.980777 0
    outer loop
      vertex 137.5 32 2.4
      vertex 136.926 31.8858 0
      vertex 137.5 32 0
    endloop
  endfacet
  facet normal 0.555212 -0.831709 0
    outer loop
      vertex 136.439 31.5607 0
      vertex 136.926 31.8858 2.4
      vertex 136.439 31.5607 2.4
    endloop
  endfacet
  facet normal 0.555212 -0.831709 0
    outer loop
      vertex 136.926 31.8858 2.4
      vertex 136.439 31.5607 0
      vertex 136.926 31.8858 0
    endloop
  endfacet
  facet normal -0.980843 0.194802 0
    outer loop
      vertex 138.886 29.926 0
      vertex 139 30.5 2.4
      vertex 139 30.5 0
    endloop
  endfacet
  facet normal -0.980843 0.194802 0
    outer loop
      vertex 139 30.5 2.4
      vertex 138.886 29.926 0
      vertex 138.886 29.926 2.4
    endloop
  endfacet
  facet normal 0.980843 -0.194802 0
    outer loop
      vertex 136 30.5 2.4
      vertex 136.114 31.074 0
      vertex 136.114 31.074 2.4
    endloop
  endfacet
  facet normal 0.980843 -0.194802 0
    outer loop
      vertex 136.114 31.074 0
      vertex 136 30.5 2.4
      vertex 136 30.5 0
    endloop
  endfacet
  facet normal 0.831629 0.555331 0
    outer loop
      vertex 136.439 29.4393 2.4
      vertex 136.114 29.926 0
      vertex 136.114 29.926 2.4
    endloop
  endfacet
  facet normal 0.831629 0.555331 0
    outer loop
      vertex 136.114 29.926 0
      vertex 136.439 29.4393 2.4
      vertex 136.439 29.4393 0
    endloop
  endfacet
  facet normal 0.555212 0.831709 -0
    outer loop
      vertex 136.926 29.1142 0
      vertex 136.439 29.4393 2.4
      vertex 136.926 29.1142 2.4
    endloop
  endfacet
  facet normal 0.555212 0.831709 0
    outer loop
      vertex 136.439 29.4393 2.4
      vertex 136.926 29.1142 0
      vertex 136.439 29.4393 0
    endloop
  endfacet
  facet normal 0.19513 0.980777 -0
    outer loop
      vertex 137.5 36 0
      vertex 136.926 36.1142 2.4
      vertex 137.5 36 2.4
    endloop
  endfacet
  facet normal 0.19513 0.980777 0
    outer loop
      vertex 136.926 36.1142 2.4
      vertex 137.5 36 0
      vertex 136.926 36.1142 0
    endloop
  endfacet
  facet normal -0.831629 0.555331 0
    outer loop
      vertex 138.561 36.4393 0
      vertex 138.886 36.926 2.4
      vertex 138.886 36.926 0
    endloop
  endfacet
  facet normal -0.831629 0.555331 0
    outer loop
      vertex 138.886 36.926 2.4
      vertex 138.561 36.4393 0
      vertex 138.561 36.4393 2.4
    endloop
  endfacet
  facet normal -0.831629 -0.555331 0
    outer loop
      vertex 138.886 38.074 0
      vertex 138.561 38.5607 2.4
      vertex 138.561 38.5607 0
    endloop
  endfacet
  facet normal -0.831629 -0.555331 0
    outer loop
      vertex 138.561 38.5607 2.4
      vertex 138.886 38.074 0
      vertex 138.886 38.074 2.4
    endloop
  endfacet
  facet normal -0.980843 -0.194802 0
    outer loop
      vertex 139 37.5 0
      vertex 138.886 38.074 2.4
      vertex 138.886 38.074 0
    endloop
  endfacet
  facet normal -0.980843 -0.194802 0
    outer loop
      vertex 138.886 38.074 2.4
      vertex 139 37.5 0
      vertex 139 37.5 2.4
    endloop
  endfacet
  facet normal -0.555212 -0.831709 0
    outer loop
      vertex 138.074 38.8858 0
      vertex 138.561 38.5607 2.4
      vertex 138.074 38.8858 2.4
    endloop
  endfacet
  facet normal -0.555212 -0.831709 -0
    outer loop
      vertex 138.561 38.5607 2.4
      vertex 138.074 38.8858 0
      vertex 138.561 38.5607 0
    endloop
  endfacet
  facet normal -0.19513 -0.980777 0
    outer loop
      vertex 137.5 39 0
      vertex 138.074 38.8858 2.4
      vertex 137.5 39 2.4
    endloop
  endfacet
  facet normal -0.19513 -0.980777 -0
    outer loop
      vertex 138.074 38.8858 2.4
      vertex 137.5 39 0
      vertex 138.074 38.8858 0
    endloop
  endfacet
  facet normal 0.980843 0.194802 0
    outer loop
      vertex 136.114 36.926 2.4
      vertex 136 37.5 0
      vertex 136 37.5 2.4
    endloop
  endfacet
  facet normal 0.980843 0.194802 0
    outer loop
      vertex 136 37.5 0
      vertex 136.114 36.926 2.4
      vertex 136.114 36.926 0
    endloop
  endfacet
  facet normal -0.555212 0.831709 0
    outer loop
      vertex 138.561 36.4393 0
      vertex 138.074 36.1142 2.4
      vertex 138.561 36.4393 2.4
    endloop
  endfacet
  facet normal -0.555212 0.831709 0
    outer loop
      vertex 138.074 36.1142 2.4
      vertex 138.561 36.4393 0
      vertex 138.074 36.1142 0
    endloop
  endfacet
  facet normal 0.831629 -0.555331 0
    outer loop
      vertex 136.114 38.074 2.4
      vertex 136.439 38.5607 0
      vertex 136.439 38.5607 2.4
    endloop
  endfacet
  facet normal 0.831629 -0.555331 0
    outer loop
      vertex 136.439 38.5607 0
      vertex 136.114 38.074 2.4
      vertex 136.114 38.074 0
    endloop
  endfacet
  facet normal 0.19513 -0.980777 0
    outer loop
      vertex 136.926 38.8858 0
      vertex 137.5 39 2.4
      vertex 136.926 38.8858 2.4
    endloop
  endfacet
  facet normal 0.19513 -0.980777 0
    outer loop
      vertex 137.5 39 2.4
      vertex 136.926 38.8858 0
      vertex 137.5 39 0
    endloop
  endfacet
  facet normal 0.555212 -0.831709 0
    outer loop
      vertex 136.439 38.5607 0
      vertex 136.926 38.8858 2.4
      vertex 136.439 38.5607 2.4
    endloop
  endfacet
  facet normal 0.555212 -0.831709 0
    outer loop
      vertex 136.926 38.8858 2.4
      vertex 136.439 38.5607 0
      vertex 136.926 38.8858 0
    endloop
  endfacet
  facet normal -0.980843 0.194802 0
    outer loop
      vertex 138.886 36.926 0
      vertex 139 37.5 2.4
      vertex 139 37.5 0
    endloop
  endfacet
  facet normal -0.980843 0.194802 0
    outer loop
      vertex 139 37.5 2.4
      vertex 138.886 36.926 0
      vertex 138.886 36.926 2.4
    endloop
  endfacet
  facet normal 0.980843 -0.194802 0
    outer loop
      vertex 136 37.5 2.4
      vertex 136.114 38.074 0
      vertex 136.114 38.074 2.4
    endloop
  endfacet
  facet normal 0.980843 -0.194802 0
    outer loop
      vertex 136.114 38.074 0
      vertex 136 37.5 2.4
      vertex 136 37.5 0
    endloop
  endfacet
  facet normal 0.831629 0.555331 0
    outer loop
      vertex 136.439 36.4393 2.4
      vertex 136.114 36.926 0
      vertex 136.114 36.926 2.4
    endloop
  endfacet
  facet normal 0.831629 0.555331 0
    outer loop
      vertex 136.114 36.926 0
      vertex 136.439 36.4393 2.4
      vertex 136.439 36.4393 0
    endloop
  endfacet
  facet normal -0.19513 0.980777 0
    outer loop
      vertex 138.074 36.1142 0
      vertex 137.5 36 2.4
      vertex 138.074 36.1142 2.4
    endloop
  endfacet
  facet normal -0.19513 0.980777 0
    outer loop
      vertex 137.5 36 2.4
      vertex 138.074 36.1142 0
      vertex 137.5 36 0
    endloop
  endfacet
  facet normal 0.555212 0.831709 -0
    outer loop
      vertex 136.926 36.1142 0
      vertex 136.439 36.4393 2.4
      vertex 136.926 36.1142 2.4
    endloop
  endfacet
  facet normal 0.555212 0.831709 0
    outer loop
      vertex 136.439 36.4393 2.4
      vertex 136.926 36.1142 0
      vertex 136.439 36.4393 0
    endloop
  endfacet
  facet normal 0.19513 0.980777 -0
    outer loop
      vertex 137.5 43 0
      vertex 136.926 43.1142 2.4
      vertex 137.5 43 2.4
    endloop
  endfacet
  facet normal 0.19513 0.980777 0
    outer loop
      vertex 136.926 43.1142 2.4
      vertex 137.5 43 0
      vertex 136.926 43.1142 0
    endloop
  endfacet
  facet normal -0.831629 0.555331 0
    outer loop
      vertex 138.561 43.4393 0
      vertex 138.886 43.926 2.4
      vertex 138.886 43.926 0
    endloop
  endfacet
  facet normal -0.831629 0.555331 0
    outer loop
      vertex 138.886 43.926 2.4
      vertex 138.561 43.4393 0
      vertex 138.561 43.4393 2.4
    endloop
  endfacet
  facet normal -0.831629 -0.555331 0
    outer loop
      vertex 138.886 45.074 0
      vertex 138.561 45.5607 2.4
      vertex 138.561 45.5607 0
    endloop
  endfacet
  facet normal -0.831629 -0.555331 0
    outer loop
      vertex 138.561 45.5607 2.4
      vertex 138.886 45.074 0
      vertex 138.886 45.074 2.4
    endloop
  endfacet
  facet normal -0.980843 -0.194802 0
    outer loop
      vertex 139 44.5 0
      vertex 138.886 45.074 2.4
      vertex 138.886 45.074 0
    endloop
  endfacet
  facet normal -0.980843 -0.194802 0
    outer loop
      vertex 138.886 45.074 2.4
      vertex 139 44.5 0
      vertex 139 44.5 2.4
    endloop
  endfacet
  facet normal -0.555212 -0.831709 0
    outer loop
      vertex 138.074 45.8858 0
      vertex 138.561 45.5607 2.4
      vertex 138.074 45.8858 2.4
    endloop
  endfacet
  facet normal -0.555212 -0.831709 -0
    outer loop
      vertex 138.561 45.5607 2.4
      vertex 138.074 45.8858 0
      vertex 138.561 45.5607 0
    endloop
  endfacet
  facet normal -0.19513 -0.980777 0
    outer loop
      vertex 137.5 46 0
      vertex 138.074 45.8858 2.4
      vertex 137.5 46 2.4
    endloop
  endfacet
  facet normal -0.19513 -0.980777 -0
    outer loop
      vertex 138.074 45.8858 2.4
      vertex 137.5 46 0
      vertex 138.074 45.8858 0
    endloop
  endfacet
  facet normal 0.980843 0.194802 0
    outer loop
      vertex 136.114 43.926 2.4
      vertex 136 44.5 0
      vertex 136 44.5 2.4
    endloop
  endfacet
  facet normal 0.980843 0.194802 0
    outer loop
      vertex 136 44.5 0
      vertex 136.114 43.926 2.4
      vertex 136.114 43.926 0
    endloop
  endfacet
  facet normal -0.555212 0.831709 0
    outer loop
      vertex 138.561 43.4393 0
      vertex 138.074 43.1142 2.4
      vertex 138.561 43.4393 2.4
    endloop
  endfacet
  facet normal -0.555212 0.831709 0
    outer loop
      vertex 138.074 43.1142 2.4
      vertex 138.561 43.4393 0
      vertex 138.074 43.1142 0
    endloop
  endfacet
  facet normal 0.831629 -0.555331 0
    outer loop
      vertex 136.114 45.074 2.4
      vertex 136.439 45.5607 0
      vertex 136.439 45.5607 2.4
    endloop
  endfacet
  facet normal 0.831629 -0.555331 0
    outer loop
      vertex 136.439 45.5607 0
      vertex 136.114 45.074 2.4
      vertex 136.114 45.074 0
    endloop
  endfacet
  facet normal 0.19513 -0.980777 0
    outer loop
      vertex 136.926 45.8858 0
      vertex 137.5 46 2.4
      vertex 136.926 45.8858 2.4
    endloop
  endfacet
  facet normal 0.19513 -0.980777 0
    outer loop
      vertex 137.5 46 2.4
      vertex 136.926 45.8858 0
      vertex 137.5 46 0
    endloop
  endfacet
  facet normal 0.555212 -0.831709 0
    outer loop
      vertex 136.439 45.5607 0
      vertex 136.926 45.8858 2.4
      vertex 136.439 45.5607 2.4
    endloop
  endfacet
  facet normal 0.555212 -0.831709 0
    outer loop
      vertex 136.926 45.8858 2.4
      vertex 136.439 45.5607 0
      vertex 136.926 45.8858 0
    endloop
  endfacet
  facet normal -0.980843 0.194802 0
    outer loop
      vertex 138.886 43.926 0
      vertex 139 44.5 2.4
      vertex 139 44.5 0
    endloop
  endfacet
  facet normal -0.980843 0.194802 0
    outer loop
      vertex 139 44.5 2.4
      vertex 138.886 43.926 0
      vertex 138.886 43.926 2.4
    endloop
  endfacet
  facet normal 0.980843 -0.194802 0
    outer loop
      vertex 136 44.5 2.4
      vertex 136.114 45.074 0
      vertex 136.114 45.074 2.4
    endloop
  endfacet
  facet normal 0.980843 -0.194802 0
    outer loop
      vertex 136.114 45.074 0
      vertex 136 44.5 2.4
      vertex 136 44.5 0
    endloop
  endfacet
  facet normal 0.831629 0.555331 0
    outer loop
      vertex 136.439 43.4393 2.4
      vertex 136.114 43.926 0
      vertex 136.114 43.926 2.4
    endloop
  endfacet
  facet normal 0.831629 0.555331 0
    outer loop
      vertex 136.114 43.926 0
      vertex 136.439 43.4393 2.4
      vertex 136.439 43.4393 0
    endloop
  endfacet
  facet normal -0.19513 0.980777 0
    outer loop
      vertex 138.074 43.1142 0
      vertex 137.5 43 2.4
      vertex 138.074 43.1142 2.4
    endloop
  endfacet
  facet normal -0.19513 0.980777 0
    outer loop
      vertex 137.5 43 2.4
      vertex 138.074 43.1142 0
      vertex 137.5 43 0
    endloop
  endfacet
  facet normal 0.555212 0.831709 -0
    outer loop
      vertex 136.926 43.1142 0
      vertex 136.439 43.4393 2.4
      vertex 136.926 43.1142 2.4
    endloop
  endfacet
  facet normal 0.555212 0.831709 0
    outer loop
      vertex 136.439 43.4393 2.4
      vertex 136.926 43.1142 0
      vertex 136.439 43.4393 0
    endloop
  endfacet
  facet normal 0.19513 0.980777 -0
    outer loop
      vertex 137.5 50 0
      vertex 136.926 50.1142 2.4
      vertex 137.5 50 2.4
    endloop
  endfacet
  facet normal 0.19513 0.980777 0
    outer loop
      vertex 136.926 50.1142 2.4
      vertex 137.5 50 0
      vertex 136.926 50.1142 0
    endloop
  endfacet
  facet normal -0.831629 0.555331 0
    outer loop
      vertex 138.561 50.4393 0
      vertex 138.886 50.926 2.4
      vertex 138.886 50.926 0
    endloop
  endfacet
  facet normal -0.831629 0.555331 0
    outer loop
      vertex 138.886 50.926 2.4
      vertex 138.561 50.4393 0
      vertex 138.561 50.4393 2.4
    endloop
  endfacet
  facet normal -0.831629 -0.555331 0
    outer loop
      vertex 138.886 52.074 0
      vertex 138.561 52.5607 2.4
      vertex 138.561 52.5607 0
    endloop
  endfacet
  facet normal -0.831629 -0.555331 0
    outer loop
      vertex 138.561 52.5607 2.4
      vertex 138.886 52.074 0
      vertex 138.886 52.074 2.4
    endloop
  endfacet
  facet normal -0.980843 -0.194802 0
    outer loop
      vertex 139 51.5 0
      vertex 138.886 52.074 2.4
      vertex 138.886 52.074 0
    endloop
  endfacet
  facet normal -0.980843 -0.194802 0
    outer loop
      vertex 138.886 52.074 2.4
      vertex 139 51.5 0
      vertex 139 51.5 2.4
    endloop
  endfacet
  facet normal -0.555212 -0.831709 0
    outer loop
      vertex 138.074 52.8858 0
      vertex 138.561 52.5607 2.4
      vertex 138.074 52.8858 2.4
    endloop
  endfacet
  facet normal -0.555212 -0.831709 -0
    outer loop
      vertex 138.561 52.5607 2.4
      vertex 138.074 52.8858 0
      vertex 138.561 52.5607 0
    endloop
  endfacet
  facet normal -0.19513 -0.980777 0
    outer loop
      vertex 137.5 53 0
      vertex 138.074 52.8858 2.4
      vertex 137.5 53 2.4
    endloop
  endfacet
  facet normal -0.19513 -0.980777 -0
    outer loop
      vertex 138.074 52.8858 2.4
      vertex 137.5 53 0
      vertex 138.074 52.8858 0
    endloop
  endfacet
  facet normal 0.980843 0.194802 0
    outer loop
      vertex 136.114 50.926 2.4
      vertex 136 51.5 0
      vertex 136 51.5 2.4
    endloop
  endfacet
  facet normal 0.980843 0.194802 0
    outer loop
      vertex 136 51.5 0
      vertex 136.114 50.926 2.4
      vertex 136.114 50.926 0
    endloop
  endfacet
  facet normal -0.555212 0.831709 0
    outer loop
      vertex 138.561 50.4393 0
      vertex 138.074 50.1142 2.4
      vertex 138.561 50.4393 2.4
    endloop
  endfacet
  facet normal -0.555212 0.831709 0
    outer loop
      vertex 138.074 50.1142 2.4
      vertex 138.561 50.4393 0
      vertex 138.074 50.1142 0
    endloop
  endfacet
  facet normal 0.831629 -0.555331 0
    outer loop
      vertex 136.114 52.074 2.4
      vertex 136.439 52.5607 0
      vertex 136.439 52.5607 2.4
    endloop
  endfacet
  facet normal 0.831629 -0.555331 0
    outer loop
      vertex 136.439 52.5607 0
      vertex 136.114 52.074 2.4
      vertex 136.114 52.074 0
    endloop
  endfacet
  facet normal 0.19513 -0.980777 0
    outer loop
      vertex 136.926 52.8858 0
      vertex 137.5 53 2.4
      vertex 136.926 52.8858 2.4
    endloop
  endfacet
  facet normal 0.19513 -0.980777 0
    outer loop
      vertex 137.5 53 2.4
      vertex 136.926 52.8858 0
      vertex 137.5 53 0
    endloop
  endfacet
  facet normal 0.555212 -0.831709 0
    outer loop
      vertex 136.439 52.5607 0
      vertex 136.926 52.8858 2.4
      vertex 136.439 52.5607 2.4
    endloop
  endfacet
  facet normal 0.555212 -0.831709 0
    outer loop
      vertex 136.926 52.8858 2.4
      vertex 136.439 52.5607 0
      vertex 136.926 52.8858 0
    endloop
  endfacet
  facet normal -0.980843 0.194802 0
    outer loop
      vertex 138.886 50.926 0
      vertex 139 51.5 2.4
      vertex 139 51.5 0
    endloop
  endfacet
  facet normal -0.980843 0.194802 0
    outer loop
      vertex 139 51.5 2.4
      vertex 138.886 50.926 0
      vertex 138.886 50.926 2.4
    endloop
  endfacet
  facet normal 0.980843 -0.194802 0
    outer loop
      vertex 136 51.5 2.4
      vertex 136.114 52.074 0
      vertex 136.114 52.074 2.4
    endloop
  endfacet
  facet normal 0.980843 -0.194802 0
    outer loop
      vertex 136.114 52.074 0
      vertex 136 51.5 2.4
      vertex 136 51.5 0
    endloop
  endfacet
  facet normal 0.831629 0.555331 0
    outer loop
      vertex 136.439 50.4393 2.4
      vertex 136.114 50.926 0
      vertex 136.114 50.926 2.4
    endloop
  endfacet
  facet normal 0.831629 0.555331 0
    outer loop
      vertex 136.114 50.926 0
      vertex 136.439 50.4393 2.4
      vertex 136.439 50.4393 0
    endloop
  endfacet
  facet normal -0.19513 0.980777 0
    outer loop
      vertex 138.074 50.1142 0
      vertex 137.5 50 2.4
      vertex 138.074 50.1142 2.4
    endloop
  endfacet
  facet normal -0.19513 0.980777 0
    outer loop
      vertex 137.5 50 2.4
      vertex 138.074 50.1142 0
      vertex 137.5 50 0
    endloop
  endfacet
  facet normal 0.555212 0.831709 -0
    outer loop
      vertex 136.926 50.1142 0
      vertex 136.439 50.4393 2.4
      vertex 136.926 50.1142 2.4
    endloop
  endfacet
  facet normal 0.555212 0.831709 0
    outer loop
      vertex 136.439 50.4393 2.4
      vertex 136.926 50.1142 0
      vertex 136.439 50.4393 0
    endloop
  endfacet
  facet normal 0.19513 0.980777 -0
    outer loop
      vertex 137.5 57 0
      vertex 136.926 57.1142 2.4
      vertex 137.5 57 2.4
    endloop
  endfacet
  facet normal 0.19513 0.980777 0
    outer loop
      vertex 136.926 57.1142 2.4
      vertex 137.5 57 0
      vertex 136.926 57.1142 0
    endloop
  endfacet
  facet normal -0.831629 0.555331 0
    outer loop
      vertex 138.561 57.4393 0
      vertex 138.886 57.926 2.4
      vertex 138.886 57.926 0
    endloop
  endfacet
  facet normal -0.831629 0.555331 0
    outer loop
      vertex 138.886 57.926 2.4
      vertex 138.561 57.4393 0
      vertex 138.561 57.4393 2.4
    endloop
  endfacet
  facet normal -0.831629 -0.555331 0
    outer loop
      vertex 138.886 59.074 0
      vertex 138.561 59.5607 2.4
      vertex 138.561 59.5607 0
    endloop
  endfacet
  facet normal -0.831629 -0.555331 0
    outer loop
      vertex 138.561 59.5607 2.4
      vertex 138.886 59.074 0
      vertex 138.886 59.074 2.4
    endloop
  endfacet
  facet normal -0.980843 -0.194802 0
    outer loop
      vertex 139 58.5 0
      vertex 138.886 59.074 2.4
      vertex 138.886 59.074 0
    endloop
  endfacet
  facet normal -0.980843 -0.194802 0
    outer loop
      vertex 138.886 59.074 2.4
      vertex 139 58.5 0
      vertex 139 58.5 2.4
    endloop
  endfacet
  facet normal -0.555212 -0.831709 0
    outer loop
      vertex 138.074 59.8858 0
      vertex 138.561 59.5607 2.4
      vertex 138.074 59.8858 2.4
    endloop
  endfacet
  facet normal -0.555212 -0.831709 -0
    outer loop
      vertex 138.561 59.5607 2.4
      vertex 138.074 59.8858 0
      vertex 138.561 59.5607 0
    endloop
  endfacet
  facet normal -0.19513 -0.980777 0
    outer loop
      vertex 137.5 60 0
      vertex 138.074 59.8858 2.4
      vertex 137.5 60 2.4
    endloop
  endfacet
  facet normal -0.19513 -0.980777 -0
    outer loop
      vertex 138.074 59.8858 2.4
      vertex 137.5 60 0
      vertex 138.074 59.8858 0
    endloop
  endfacet
  facet normal 0.980843 0.194802 0
    outer loop
      vertex 136.114 57.926 2.4
      vertex 136 58.5 0
      vertex 136 58.5 2.4
    endloop
  endfacet
  facet normal 0.980843 0.194802 0
    outer loop
      vertex 136 58.5 0
      vertex 136.114 57.926 2.4
      vertex 136.114 57.926 0
    endloop
  endfacet
  facet normal -0.555212 0.831709 0
    outer loop
      vertex 138.561 57.4393 0
      vertex 138.074 57.1142 2.4
      vertex 138.561 57.4393 2.4
    endloop
  endfacet
  facet normal -0.555212 0.831709 0
    outer loop
      vertex 138.074 57.1142 2.4
      vertex 138.561 57.4393 0
      vertex 138.074 57.1142 0
    endloop
  endfacet
  facet normal 0.831629 -0.555331 0
    outer loop
      vertex 136.114 59.074 2.4
      vertex 136.439 59.5607 0
      vertex 136.439 59.5607 2.4
    endloop
  endfacet
  facet normal 0.831629 -0.555331 0
    outer loop
      vertex 136.439 59.5607 0
      vertex 136.114 59.074 2.4
      vertex 136.114 59.074 0
    endloop
  endfacet
  facet normal 0.19513 -0.980777 0
    outer loop
      vertex 136.926 59.8858 0
      vertex 137.5 60 2.4
      vertex 136.926 59.8858 2.4
    endloop
  endfacet
  facet normal 0.19513 -0.980777 0
    outer loop
      vertex 137.5 60 2.4
      vertex 136.926 59.8858 0
      vertex 137.5 60 0
    endloop
  endfacet
  facet normal 0.555212 -0.831709 0
    outer loop
      vertex 136.439 59.5607 0
      vertex 136.926 59.8858 2.4
      vertex 136.439 59.5607 2.4
    endloop
  endfacet
  facet normal 0.555212 -0.831709 0
    outer loop
      vertex 136.926 59.8858 2.4
      vertex 136.439 59.5607 0
      vertex 136.926 59.8858 0
    endloop
  endfacet
  facet normal -0.980843 0.194802 0
    outer loop
      vertex 138.886 57.926 0
      vertex 139 58.5 2.4
      vertex 139 58.5 0
    endloop
  endfacet
  facet normal -0.980843 0.194802 0
    outer loop
      vertex 139 58.5 2.4
      vertex 138.886 57.926 0
      vertex 138.886 57.926 2.4
    endloop
  endfacet
  facet normal 0.980843 -0.194802 0
    outer loop
      vertex 136 58.5 2.4
      vertex 136.114 59.074 0
      vertex 136.114 59.074 2.4
    endloop
  endfacet
  facet normal 0.980843 -0.194802 0
    outer loop
      vertex 136.114 59.074 0
      vertex 136 58.5 2.4
      vertex 136 58.5 0
    endloop
  endfacet
  facet normal 0.831629 0.555331 0
    outer loop
      vertex 136.439 57.4393 2.4
      vertex 136.114 57.926 0
      vertex 136.114 57.926 2.4
    endloop
  endfacet
  facet normal 0.831629 0.555331 0
    outer loop
      vertex 136.114 57.926 0
      vertex 136.439 57.4393 2.4
      vertex 136.439 57.4393 0
    endloop
  endfacet
  facet normal -0.19513 0.980777 0
    outer loop
      vertex 138.074 57.1142 0
      vertex 137.5 57 2.4
      vertex 138.074 57.1142 2.4
    endloop
  endfacet
  facet normal -0.19513 0.980777 0
    outer loop
      vertex 137.5 57 2.4
      vertex 138.074 57.1142 0
      vertex 137.5 57 0
    endloop
  endfacet
  facet normal 0.555212 0.831709 -0
    outer loop
      vertex 136.926 57.1142 0
      vertex 136.439 57.4393 2.4
      vertex 136.926 57.1142 2.4
    endloop
  endfacet
  facet normal 0.555212 0.831709 0
    outer loop
      vertex 136.439 57.4393 2.4
      vertex 136.926 57.1142 0
      vertex 136.439 57.4393 0
    endloop
  endfacet
  facet normal 0.19513 0.980777 -0
    outer loop
      vertex 137.5 64 0
      vertex 136.926 64.1142 2.4
      vertex 137.5 64 2.4
    endloop
  endfacet
  facet normal 0.19513 0.980777 0
    outer loop
      vertex 136.926 64.1142 2.4
      vertex 137.5 64 0
      vertex 136.926 64.1142 0
    endloop
  endfacet
  facet normal -0.831629 0.555331 0
    outer loop
      vertex 138.561 64.4393 0
      vertex 138.886 64.926 2.4
      vertex 138.886 64.926 0
    endloop
  endfacet
  facet normal -0.831629 0.555331 0
    outer loop
      vertex 138.886 64.926 2.4
      vertex 138.561 64.4393 0
      vertex 138.561 64.4393 2.4
    endloop
  endfacet
  facet normal -0.831629 -0.555331 0
    outer loop
      vertex 138.886 66.074 0
      vertex 138.561 66.5607 2.4
      vertex 138.561 66.5607 0
    endloop
  endfacet
  facet normal -0.831629 -0.555331 0
    outer loop
      vertex 138.561 66.5607 2.4
      vertex 138.886 66.074 0
      vertex 138.886 66.074 2.4
    endloop
  endfacet
  facet normal -0.980843 -0.194802 0
    outer loop
      vertex 139 65.5 0
      vertex 138.886 66.074 2.4
      vertex 138.886 66.074 0
    endloop
  endfacet
  facet normal -0.980843 -0.194802 0
    outer loop
      vertex 138.886 66.074 2.4
      vertex 139 65.5 0
      vertex 139 65.5 2.4
    endloop
  endfacet
  facet normal -0.555212 -0.831709 0
    outer loop
      vertex 138.074 66.8858 0
      vertex 138.561 66.5607 2.4
      vertex 138.074 66.8858 2.4
    endloop
  endfacet
  facet normal -0.555212 -0.831709 -0
    outer loop
      vertex 138.561 66.5607 2.4
      vertex 138.074 66.8858 0
      vertex 138.561 66.5607 0
    endloop
  endfacet
  facet normal -0.19513 -0.980777 0
    outer loop
      vertex 137.5 67 0
      vertex 138.074 66.8858 2.4
      vertex 137.5 67 2.4
    endloop
  endfacet
  facet normal -0.19513 -0.980777 -0
    outer loop
      vertex 138.074 66.8858 2.4
      vertex 137.5 67 0
      vertex 138.074 66.8858 0
    endloop
  endfacet
  facet normal 0.980843 0.194802 0
    outer loop
      vertex 136.114 64.926 2.4
      vertex 136 65.5 0
      vertex 136 65.5 2.4
    endloop
  endfacet
  facet normal 0.980843 0.194802 0
    outer loop
      vertex 136 65.5 0
      vertex 136.114 64.926 2.4
      vertex 136.114 64.926 0
    endloop
  endfacet
  facet normal -0.555212 0.831709 0
    outer loop
      vertex 138.561 64.4393 0
      vertex 138.074 64.1142 2.4
      vertex 138.561 64.4393 2.4
    endloop
  endfacet
  facet normal -0.555212 0.831709 0
    outer loop
      vertex 138.074 64.1142 2.4
      vertex 138.561 64.4393 0
      vertex 138.074 64.1142 0
    endloop
  endfacet
  facet normal 0.831629 -0.555331 0
    outer loop
      vertex 136.114 66.074 2.4
      vertex 136.439 66.5607 0
      vertex 136.439 66.5607 2.4
    endloop
  endfacet
  facet normal 0.831629 -0.555331 0
    outer loop
      vertex 136.439 66.5607 0
      vertex 136.114 66.074 2.4
      vertex 136.114 66.074 0
    endloop
  endfacet
  facet normal 0.19513 -0.980777 0
    outer loop
      vertex 136.926 66.8858 0
      vertex 137.5 67 2.4
      vertex 136.926 66.8858 2.4
    endloop
  endfacet
  facet normal 0.19513 -0.980777 0
    outer loop
      vertex 137.5 67 2.4
      vertex 136.926 66.8858 0
      vertex 137.5 67 0
    endloop
  endfacet
  facet normal 0.555212 -0.831709 0
    outer loop
      vertex 136.439 66.5607 0
      vertex 136.926 66.8858 2.4
      vertex 136.439 66.5607 2.4
    endloop
  endfacet
  facet normal 0.555212 -0.831709 0
    outer loop
      vertex 136.926 66.8858 2.4
      vertex 136.439 66.5607 0
      vertex 136.926 66.8858 0
    endloop
  endfacet
  facet normal -0.980843 0.194802 0
    outer loop
      vertex 138.886 64.926 0
      vertex 139 65.5 2.4
      vertex 139 65.5 0
    endloop
  endfacet
  facet normal -0.980843 0.194802 0
    outer loop
      vertex 139 65.5 2.4
      vertex 138.886 64.926 0
      vertex 138.886 64.926 2.4
    endloop
  endfacet
  facet normal 0.980843 -0.194802 0
    outer loop
      vertex 136 65.5 2.4
      vertex 136.114 66.074 0
      vertex 136.114 66.074 2.4
    endloop
  endfacet
  facet normal 0.980843 -0.194802 0
    outer loop
      vertex 136.114 66.074 0
      vertex 136 65.5 2.4
      vertex 136 65.5 0
    endloop
  endfacet
  facet normal 0.831629 0.555331 0
    outer loop
      vertex 136.439 64.4393 2.4
      vertex 136.114 64.926 0
      vertex 136.114 64.926 2.4
    endloop
  endfacet
  facet normal 0.831629 0.555331 0
    outer loop
      vertex 136.114 64.926 0
      vertex 136.439 64.4393 2.4
      vertex 136.439 64.4393 0
    endloop
  endfacet
  facet normal -0.19513 0.980777 0
    outer loop
      vertex 138.074 64.1142 0
      vertex 137.5 64 2.4
      vertex 138.074 64.1142 2.4
    endloop
  endfacet
  facet normal -0.19513 0.980777 0
    outer loop
      vertex 137.5 64 2.4
      vertex 138.074 64.1142 0
      vertex 137.5 64 0
    endloop
  endfacet
  facet normal 0.555212 0.831709 -0
    outer loop
      vertex 136.926 64.1142 0
      vertex 136.439 64.4393 2.4
      vertex 136.926 64.1142 2.4
    endloop
  endfacet
  facet normal 0.555212 0.831709 0
    outer loop
      vertex 136.439 64.4393 2.4
      vertex 136.926 64.1142 0
      vertex 136.439 64.4393 0
    endloop
  endfacet
  facet normal 0.60874 0.79337 -0
    outer loop
      vertex 71.75 50.8349 0
      vertex 71.2322 51.2322 2.4
      vertex 71.75 50.8349 2.4
    endloop
  endfacet
  facet normal 0.60874 0.79337 0
    outer loop
      vertex 71.2322 51.2322 2.4
      vertex 71.75 50.8349 0
      vertex 71.2322 51.2322 0
    endloop
  endfacet
  facet normal -0.923918 -0.382591 0
    outer loop
      vertex 75.4148 53.647 0
      vertex 75.1651 54.25 2.4
      vertex 75.1651 54.25 0
    endloop
  endfacet
  facet normal -0.923918 -0.382591 0
    outer loop
      vertex 75.1651 54.25 2.4
      vertex 75.4148 53.647 0
      vertex 75.4148 53.647 2.4
    endloop
  endfacet
  facet normal -0.991441 -0.130558 0
    outer loop
      vertex 75.5 53 0
      vertex 75.4148 53.647 2.4
      vertex 75.4148 53.647 0
    endloop
  endfacet
  facet normal -0.991441 -0.130558 0
    outer loop
      vertex 75.4148 53.647 2.4
      vertex 75.5 53 0
      vertex 75.5 53 2.4
    endloop
  endfacet
  facet normal -0.79337 -0.60874 0
    outer loop
      vertex 75.1651 54.25 0
      vertex 74.7678 54.7678 2.4
      vertex 74.7678 54.7678 0
    endloop
  endfacet
  facet normal -0.79337 -0.60874 0
    outer loop
      vertex 74.7678 54.7678 2.4
      vertex 75.1651 54.25 0
      vertex 75.1651 54.25 2.4
    endloop
  endfacet
  facet normal -0.60874 -0.79337 0
    outer loop
      vertex 74.25 55.1651 0
      vertex 74.7678 54.7678 2.4
      vertex 74.25 55.1651 2.4
    endloop
  endfacet
  facet normal -0.60874 -0.79337 -0
    outer loop
      vertex 74.7678 54.7678 2.4
      vertex 74.25 55.1651 0
      vertex 74.7678 54.7678 0
    endloop
  endfacet
  facet normal 0.130558 -0.991441 0
    outer loop
      vertex 72.353 55.4148 0
      vertex 73 55.5 2.4
      vertex 72.353 55.4148 2.4
    endloop
  endfacet
  facet normal 0.130558 -0.991441 0
    outer loop
      vertex 73 55.5 2.4
      vertex 72.353 55.4148 0
      vertex 73 55.5 0
    endloop
  endfacet
  facet normal -0.382591 -0.923918 0
    outer loop
      vertex 73.647 55.4148 0
      vertex 74.25 55.1651 2.4
      vertex 73.647 55.4148 2.4
    endloop
  endfacet
  facet normal -0.382591 -0.923918 -0
    outer loop
      vertex 74.25 55.1651 2.4
      vertex 73.647 55.4148 0
      vertex 74.25 55.1651 0
    endloop
  endfacet
  facet normal -0.79337 0.60874 0
    outer loop
      vertex 74.7678 51.2322 0
      vertex 75.1651 51.75 2.4
      vertex 75.1651 51.75 0
    endloop
  endfacet
  facet normal -0.79337 0.60874 0
    outer loop
      vertex 75.1651 51.75 2.4
      vertex 74.7678 51.2322 0
      vertex 74.7678 51.2322 2.4
    endloop
  endfacet
  facet normal 0.79337 -0.60874 0
    outer loop
      vertex 70.8349 54.25 2.4
      vertex 71.2322 54.7678 0
      vertex 71.2322 54.7678 2.4
    endloop
  endfacet
  facet normal 0.79337 -0.60874 0
    outer loop
      vertex 71.2322 54.7678 0
      vertex 70.8349 54.25 2.4
      vertex 70.8349 54.25 0
    endloop
  endfacet
  facet normal -0.130558 -0.991441 0
    outer loop
      vertex 73 55.5 0
      vertex 73.647 55.4148 2.4
      vertex 73 55.5 2.4
    endloop
  endfacet
  facet normal -0.130558 -0.991441 -0
    outer loop
      vertex 73.647 55.4148 2.4
      vertex 73 55.5 0
      vertex 73.647 55.4148 0
    endloop
  endfacet
  facet normal 0.991441 -0.130558 0
    outer loop
      vertex 70.5 53 2.4
      vertex 70.5852 53.647 0
      vertex 70.5852 53.647 2.4
    endloop
  endfacet
  facet normal 0.991441 -0.130558 0
    outer loop
      vertex 70.5852 53.647 0
      vertex 70.5 53 2.4
      vertex 70.5 53 0
    endloop
  endfacet
  facet normal -0.991441 0.130558 0
    outer loop
      vertex 75.4148 52.353 0
      vertex 75.5 53 2.4
      vertex 75.5 53 0
    endloop
  endfacet
  facet normal -0.991441 0.130558 0
    outer loop
      vertex 75.5 53 2.4
      vertex 75.4148 52.353 0
      vertex 75.4148 52.353 2.4
    endloop
  endfacet
  facet normal 0.60874 -0.79337 0
    outer loop
      vertex 71.2322 54.7678 0
      vertex 71.75 55.1651 2.4
      vertex 71.2322 54.7678 2.4
    endloop
  endfacet
  facet normal 0.60874 -0.79337 0
    outer loop
      vertex 71.75 55.1651 2.4
      vertex 71.2322 54.7678 0
      vertex 71.75 55.1651 0
    endloop
  endfacet
  facet normal 0.130558 0.991441 -0
    outer loop
      vertex 73 50.5 0
      vertex 72.353 50.5852 2.4
      vertex 73 50.5 2.4
    endloop
  endfacet
  facet normal 0.130558 0.991441 0
    outer loop
      vertex 72.353 50.5852 2.4
      vertex 73 50.5 0
      vertex 72.353 50.5852 0
    endloop
  endfacet
  facet normal -0.130558 0.991441 0
    outer loop
      vertex 73.647 50.5852 0
      vertex 73 50.5 2.4
      vertex 73.647 50.5852 2.4
    endloop
  endfacet
  facet normal -0.130558 0.991441 0
    outer loop
      vertex 73 50.5 2.4
      vertex 73.647 50.5852 0
      vertex 73 50.5 0
    endloop
  endfacet
  facet normal -0.382591 0.923918 0
    outer loop
      vertex 74.25 50.8349 0
      vertex 73.647 50.5852 2.4
      vertex 74.25 50.8349 2.4
    endloop
  endfacet
  facet normal -0.382591 0.923918 0
    outer loop
      vertex 73.647 50.5852 2.4
      vertex 74.25 50.8349 0
      vertex 73.647 50.5852 0
    endloop
  endfacet
  facet normal 0.79337 0.60874 0
    outer loop
      vertex 71.2322 51.2322 2.4
      vertex 70.8349 51.75 0
      vertex 70.8349 51.75 2.4
    endloop
  endfacet
  facet normal 0.79337 0.60874 0
    outer loop
      vertex 70.8349 51.75 0
      vertex 71.2322 51.2322 2.4
      vertex 71.2322 51.2322 0
    endloop
  endfacet
  facet normal -0.60874 0.79337 0
    outer loop
      vertex 74.7678 51.2322 0
      vertex 74.25 50.8349 2.4
      vertex 74.7678 51.2322 2.4
    endloop
  endfacet
  facet normal -0.60874 0.79337 0
    outer loop
      vertex 74.25 50.8349 2.4
      vertex 74.7678 51.2322 0
      vertex 74.25 50.8349 0
    endloop
  endfacet
  facet normal 0.991441 0.130558 0
    outer loop
      vertex 70.5852 52.353 2.4
      vertex 70.5 53 0
      vertex 70.5 53 2.4
    endloop
  endfacet
  facet normal 0.991441 0.130558 0
    outer loop
      vertex 70.5 53 0
      vertex 70.5852 52.353 2.4
      vertex 70.5852 52.353 0
    endloop
  endfacet
  facet normal 0.923918 -0.382591 0
    outer loop
      vertex 70.5852 53.647 2.4
      vertex 70.8349 54.25 0
      vertex 70.8349 54.25 2.4
    endloop
  endfacet
  facet normal 0.923918 -0.382591 0
    outer loop
      vertex 70.8349 54.25 0
      vertex 70.5852 53.647 2.4
      vertex 70.5852 53.647 0
    endloop
  endfacet
  facet normal 0.382591 0.923918 -0
    outer loop
      vertex 72.353 50.5852 0
      vertex 71.75 50.8349 2.4
      vertex 72.353 50.5852 2.4
    endloop
  endfacet
  facet normal 0.382591 0.923918 0
    outer loop
      vertex 71.75 50.8349 2.4
      vertex 72.353 50.5852 0
      vertex 71.75 50.8349 0
    endloop
  endfacet
  facet normal 0.923918 0.382591 0
    outer loop
      vertex 70.8349 51.75 2.4
      vertex 70.5852 52.353 0
      vertex 70.5852 52.353 2.4
    endloop
  endfacet
  facet normal 0.923918 0.382591 0
    outer loop
      vertex 70.5852 52.353 0
      vertex 70.8349 51.75 2.4
      vertex 70.8349 51.75 0
    endloop
  endfacet
  facet normal 0.382591 -0.923918 0
    outer loop
      vertex 71.75 55.1651 0
      vertex 72.353 55.4148 2.4
      vertex 71.75 55.1651 2.4
    endloop
  endfacet
  facet normal 0.382591 -0.923918 0
    outer loop
      vertex 72.353 55.4148 2.4
      vertex 71.75 55.1651 0
      vertex 72.353 55.4148 0
    endloop
  endfacet
  facet normal -0.923918 0.382591 0
    outer loop
      vertex 75.1651 51.75 0
      vertex 75.4148 52.353 2.4
      vertex 75.4148 52.353 0
    endloop
  endfacet
  facet normal -0.923918 0.382591 0
    outer loop
      vertex 75.4148 52.353 2.4
      vertex 75.1651 51.75 0
      vertex 75.1651 51.75 2.4
    endloop
  endfacet
  facet normal -1 0 0
    outer loop
      vertex 60 19 0
      vertex 60 77 2.4
      vertex 60 77 0
    endloop
  endfacet
  facet normal -1 -0 0
    outer loop
      vertex 60 77 2.4
      vertex 60 19 0
      vertex 60 19 2.4
    endloop
  endfacet
  facet normal 1 -0 0
    outer loop
      vertex 16 19 2.4
      vertex 16 77 0
      vertex 16 77 2.4
    endloop
  endfacet
  facet normal 1 0 0
    outer loop
      vertex 16 77 0
      vertex 16 19 2.4
      vertex 16 19 0
    endloop
  endfacet
  facet normal 0 -1 0
    outer loop
      vertex 16 77 0
      vertex 60 77 2.4
      vertex 16 77 2.4
    endloop
  endfacet
  facet normal 0 -1 -0
    outer loop
      vertex 60 77 2.4
      vertex 16 77 0
      vertex 60 77 0
    endloop
  endfacet
  facet normal 0 1 -0
    outer loop
      vertex 60 19 0
      vertex 16 19 2.4
      vertex 60 19 2.4
    endloop
  endfacet
  facet normal 0 1 0
    outer loop
      vertex 16 19 2.4
      vertex 60 19 0
      vertex 16 19 0
    endloop
  endfacet
  facet normal 0.923872 0.382701 0
    outer loop
      vertex 17.3978 13.7765 6.4
      vertex 17.0981 14.5 2.4
      vertex 17.0981 14.5 6.4
    endloop
  endfacet
  facet normal 0.923872 0.382701 0
    outer loop
      vertex 17.0981 14.5 2.4
      vertex 17.3978 13.7765 6.4
      vertex 17.3978 13.7765 2.4
    endloop
  endfacet
  facet normal 0.99145 0.130491 0
    outer loop
      vertex 17.5 13 6.4
      vertex 17.3978 13.7765 2.4
      vertex 17.3978 13.7765 6.4
    endloop
  endfacet
  facet normal 0.99145 0.130491 0
    outer loop
      vertex 17.3978 13.7765 2.4
      vertex 17.5 13 6.4
      vertex 17.5 13 2.4
    endloop
  endfacet
  facet normal -0.608809 0.793316 0
    outer loop
      vertex 13 15.5981 2.4
      vertex 12.3787 15.1213 6.4
      vertex 13 15.5981 6.4
    endloop
  endfacet
  facet normal -0.608809 0.793316 0
    outer loop
      vertex 12.3787 15.1213 6.4
      vertex 13 15.5981 2.4
      vertex 12.3787 15.1213 2.4
    endloop
  endfacet
  facet normal -0.382701 0.923872 0
    outer loop
      vertex 13.7235 15.8978 2.4
      vertex 13 15.5981 6.4
      vertex 13.7235 15.8978 6.4
    endloop
  endfacet
  facet normal -0.382701 0.923872 0
    outer loop
      vertex 13 15.5981 6.4
      vertex 13.7235 15.8978 2.4
      vertex 13 15.5981 2.4
    endloop
  endfacet
  facet normal 0.608809 -0.793316 0
    outer loop
      vertex 16 10.4019 2.4
      vertex 16.6213 10.8787 6.4
      vertex 16 10.4019 6.4
    endloop
  endfacet
  facet normal 0.608809 -0.793316 0
    outer loop
      vertex 16.6213 10.8787 6.4
      vertex 16 10.4019 2.4
      vertex 16.6213 10.8787 2.4
    endloop
  endfacet
  facet normal 0.608809 0.793316 -0
    outer loop
      vertex 16.6213 15.1213 2.4
      vertex 16 15.5981 6.4
      vertex 16.6213 15.1213 6.4
    endloop
  endfacet
  facet normal 0.608809 0.793316 0
    outer loop
      vertex 16 15.5981 6.4
      vertex 16.6213 15.1213 2.4
      vertex 16 15.5981 2.4
    endloop
  endfacet
  facet normal -0.99145 0.130491 0
    outer loop
      vertex 11.5 13 2.4
      vertex 11.6022 13.7765 6.4
      vertex 11.6022 13.7765 2.4
    endloop
  endfacet
  facet normal -0.99145 0.130491 0
    outer loop
      vertex 11.6022 13.7765 6.4
      vertex 11.5 13 2.4
      vertex 11.5 13 6.4
    endloop
  endfacet
  facet normal -0.130491 -0.99145 0
    outer loop
      vertex 13.7235 10.1022 2.4
      vertex 14.5 10 6.4
      vertex 13.7235 10.1022 6.4
    endloop
  endfacet
  facet normal -0.130491 -0.99145 -0
    outer loop
      vertex 14.5 10 6.4
      vertex 13.7235 10.1022 2.4
      vertex 14.5 10 2.4
    endloop
  endfacet
  facet normal 0.130491 0.99145 -0
    outer loop
      vertex 15.2765 15.8978 2.4
      vertex 14.5 16 6.4
      vertex 15.2765 15.8978 6.4
    endloop
  endfacet
  facet normal 0.130491 0.99145 0
    outer loop
      vertex 14.5 16 6.4
      vertex 15.2765 15.8978 2.4
      vertex 14.5 16 2.4
    endloop
  endfacet
  facet normal 0.382701 0.923872 -0
    outer loop
      vertex 16 15.5981 2.4
      vertex 15.2765 15.8978 6.4
      vertex 16 15.5981 6.4
    endloop
  endfacet
  facet normal 0.382701 0.923872 0
    outer loop
      vertex 15.2765 15.8978 6.4
      vertex 16 15.5981 2.4
      vertex 15.2765 15.8978 2.4
    endloop
  endfacet
  facet normal -0.608809 -0.793316 0
    outer loop
      vertex 12.3787 10.8787 2.4
      vertex 13 10.4019 6.4
      vertex 12.3787 10.8787 6.4
    endloop
  endfacet
  facet normal -0.608809 -0.793316 -0
    outer loop
      vertex 13 10.4019 6.4
      vertex 12.3787 10.8787 2.4
      vertex 13 10.4019 2.4
    endloop
  endfacet
  facet normal 0.793316 0.608809 0
    outer loop
      vertex 17.0981 14.5 6.4
      vertex 16.6213 15.1213 2.4
      vertex 16.6213 15.1213 6.4
    endloop
  endfacet
  facet normal 0.793316 0.608809 0
    outer loop
      vertex 16.6213 15.1213 2.4
      vertex 17.0981 14.5 6.4
      vertex 17.0981 14.5 2.4
    endloop
  endfacet
  facet normal 0.130491 -0.99145 0
    outer loop
      vertex 14.5 10 2.4
      vertex 15.2765 10.1022 6.4
      vertex 14.5 10 6.4
    endloop
  endfacet
  facet normal 0.130491 -0.99145 0
    outer loop
      vertex 15.2765 10.1022 6.4
      vertex 14.5 10 2.4
      vertex 15.2765 10.1022 2.4
    endloop
  endfacet
  facet normal 0.793316 -0.608809 0
    outer loop
      vertex 16.6213 10.8787 6.4
      vertex 17.0981 11.5 2.4
      vertex 17.0981 11.5 6.4
    endloop
  endfacet
  facet normal 0.793316 -0.608809 0
    outer loop
      vertex 17.0981 11.5 2.4
      vertex 16.6213 10.8787 6.4
      vertex 16.6213 10.8787 2.4
    endloop
  endfacet
  facet normal 0.382701 -0.923872 0
    outer loop
      vertex 15.2765 10.1022 2.4
      vertex 16 10.4019 6.4
      vertex 15.2765 10.1022 6.4
    endloop
  endfacet
  facet normal 0.382701 -0.923872 0
    outer loop
      vertex 16 10.4019 6.4
      vertex 15.2765 10.1022 2.4
      vertex 16 10.4019 2.4
    endloop
  endfacet
  facet normal -0.793316 0.608809 0
    outer loop
      vertex 11.9019 14.5 2.4
      vertex 12.3787 15.1213 6.4
      vertex 12.3787 15.1213 2.4
    endloop
  endfacet
  facet normal -0.793316 0.608809 0
    outer loop
      vertex 12.3787 15.1213 6.4
      vertex 11.9019 14.5 2.4
      vertex 11.9019 14.5 6.4
    endloop
  endfacet
  facet normal -0.793316 -0.608809 0
    outer loop
      vertex 12.3787 10.8787 2.4
      vertex 11.9019 11.5 6.4
      vertex 11.9019 11.5 2.4
    endloop
  endfacet
  facet normal -0.793316 -0.608809 0
    outer loop
      vertex 11.9019 11.5 6.4
      vertex 12.3787 10.8787 2.4
      vertex 12.3787 10.8787 6.4
    endloop
  endfacet
  facet normal 0.99145 -0.130491 0
    outer loop
      vertex 17.3978 12.2235 6.4
      vertex 17.5 13 2.4
      vertex 17.5 13 6.4
    endloop
  endfacet
  facet normal 0.99145 -0.130491 0
    outer loop
      vertex 17.5 13 2.4
      vertex 17.3978 12.2235 6.4
      vertex 17.3978 12.2235 2.4
    endloop
  endfacet
  facet normal -0.130491 0.99145 0
    outer loop
      vertex 14.5 16 2.4
      vertex 13.7235 15.8978 6.4
      vertex 14.5 16 6.4
    endloop
  endfacet
  facet normal -0.130491 0.99145 0
    outer loop
      vertex 13.7235 15.8978 6.4
      vertex 14.5 16 2.4
      vertex 13.7235 15.8978 2.4
    endloop
  endfacet
  facet normal -0.923872 -0.382701 0
    outer loop
      vertex 11.9019 11.5 2.4
      vertex 11.6022 12.2235 6.4
      vertex 11.6022 12.2235 2.4
    endloop
  endfacet
  facet normal -0.923872 -0.382701 0
    outer loop
      vertex 11.6022 12.2235 6.4
      vertex 11.9019 11.5 2.4
      vertex 11.9019 11.5 6.4
    endloop
  endfacet
  facet normal -0.99145 -0.130491 0
    outer loop
      vertex 11.6022 12.2235 2.4
      vertex 11.5 13 6.4
      vertex 11.5 13 2.4
    endloop
  endfacet
  facet normal -0.99145 -0.130491 0
    outer loop
      vertex 11.5 13 6.4
      vertex 11.6022 12.2235 2.4
      vertex 11.6022 12.2235 6.4
    endloop
  endfacet
  facet normal 0.923872 -0.382701 0
    outer loop
      vertex 17.0981 11.5 6.4
      vertex 17.3978 12.2235 2.4
      vertex 17.3978 12.2235 6.4
    endloop
  endfacet
  facet normal 0.923872 -0.382701 0
    outer loop
      vertex 17.3978 12.2235 2.4
      vertex 17.0981 11.5 6.4
      vertex 17.0981 11.5 2.4
    endloop
  endfacet
  facet normal -0.382701 -0.923872 0
    outer loop
      vertex 13 10.4019 2.4
      vertex 13.7235 10.1022 6.4
      vertex 13 10.4019 6.4
    endloop
  endfacet
  facet normal -0.382701 -0.923872 -0
    outer loop
      vertex 13.7235 10.1022 6.4
      vertex 13 10.4019 2.4
      vertex 13.7235 10.1022 2.4
    endloop
  endfacet
  facet normal 0 0 1
    outer loop
      vertex 15.6 13 6.4
      vertex 17.5 13 6.4
      vertex 17.3978 13.7765 6.4
    endloop
  endfacet
  facet normal 0 0 1
    outer loop
      vertex 15.5163 13.421 6.4
      vertex 17.3978 13.7765 6.4
      vertex 17.0981 14.5 6.4
    endloop
  endfacet
  facet normal 0 0 1
    outer loop
      vertex 17.5 13 6.4
      vertex 15.6 13 6.4
      vertex 17.3978 12.2235 6.4
    endloop
  endfacet
  facet normal 0 0 1
    outer loop
      vertex 15.2778 13.7778 6.4
      vertex 17.0981 14.5 6.4
      vertex 16.6213 15.1213 6.4
    endloop
  endfacet
  facet normal -0 0 1
    outer loop
      vertex 15.5163 12.579 6.4
      vertex 17.3978 12.2235 6.4
      vertex 15.6 13 6.4
    endloop
  endfacet
  facet normal 0 0 1
    outer loop
      vertex 15.2778 13.7778 6.4
      vertex 16.6213 15.1213 6.4
      vertex 16 15.5981 6.4
    endloop
  endfacet
  facet normal 0 0 1
    outer loop
      vertex 17.3978 12.2235 6.4
      vertex 15.5163 12.579 6.4
      vertex 17.0981 11.5 6.4
    endloop
  endfacet
  facet normal -0 0 1
    outer loop
      vertex 15.2778 12.2222 6.4
      vertex 17.0981 11.5 6.4
      vertex 15.5163 12.579 6.4
    endloop
  endfacet
  facet normal 0 0 1
    outer loop
      vertex 17.3978 13.7765 6.4
      vertex 15.5163 13.421 6.4
      vertex 15.6 13 6.4
    endloop
  endfacet
  facet normal 0 0 1
    outer loop
      vertex 17.0981 14.5 6.4
      vertex 15.2778 13.7778 6.4
      vertex 15.5163 13.421 6.4
    endloop
  endfacet
  facet normal 0 0 1
    outer loop
      vertex 14.921 14.0163 6.4
      vertex 16 15.5981 6.4
      vertex 15.2765 15.8978 6.4
    endloop
  endfacet
  facet normal 0 0 1
    outer loop
      vertex 16 15.5981 6.4
      vertex 14.921 14.0163 6.4
      vertex 15.2778 13.7778 6.4
    endloop
  endfacet
  facet normal 0 0 1
    outer loop
      vertex 14.5 14.1 6.4
      vertex 15.2765 15.8978 6.4
      vertex 14.5 16 6.4
    endloop
  endfacet
  facet normal 0 0 1
    outer loop
      vertex 15.2765 15.8978 6.4
      vertex 14.5 14.1 6.4
      vertex 14.921 14.0163 6.4
    endloop
  endfacet
  facet normal -0 0 1
    outer loop
      vertex 13.7235 15.8978 6.4
      vertex 14.5 14.1 6.4
      vertex 14.5 16 6.4
    endloop
  endfacet
  facet normal 0 0 1
    outer loop
      vertex 14.5 14.1 6.4
      vertex 13.7235 15.8978 6.4
      vertex 14.079 14.0163 6.4
    endloop
  endfacet
  facet normal -0 0 1
    outer loop
      vertex 13 15.5981 6.4
      vertex 14.079 14.0163 6.4
      vertex 13.7235 15.8978 6.4
    endloop
  endfacet
  facet normal 0 0 1
    outer loop
      vertex 14.079 14.0163 6.4
      vertex 13 15.5981 6.4
      vertex 13.7222 13.7778 6.4
    endloop
  endfacet
  facet normal -0 0 1
    outer loop
      vertex 12.3787 15.1213 6.4
      vertex 13.7222 13.7778 6.4
      vertex 13 15.5981 6.4
    endloop
  endfacet
  facet normal -0 0 1
    outer loop
      vertex 11.9019 14.5 6.4
      vertex 13.7222 13.7778 6.4
      vertex 12.3787 15.1213 6.4
    endloop
  endfacet
  facet normal 0 0 1
    outer loop
      vertex 17.0981 11.5 6.4
      vertex 15.2778 12.2222 6.4
      vertex 16.6213 10.8787 6.4
    endloop
  endfacet
  facet normal 0 0 1
    outer loop
      vertex 16.6213 10.8787 6.4
      vertex 15.2778 12.2222 6.4
      vertex 16 10.4019 6.4
    endloop
  endfacet
  facet normal -0 0 1
    outer loop
      vertex 14.921 11.9837 6.4
      vertex 16 10.4019 6.4
      vertex 15.2778 12.2222 6.4
    endloop
  endfacet
  facet normal 0 0 1
    outer loop
      vertex 16 10.4019 6.4
      vertex 14.921 11.9837 6.4
      vertex 15.2765 10.1022 6.4
    endloop
  endfacet
  facet normal -0 0 1
    outer loop
      vertex 14.5 11.9 6.4
      vertex 15.2765 10.1022 6.4
      vertex 14.921 11.9837 6.4
    endloop
  endfacet
  facet normal 0 0 1
    outer loop
      vertex 14.5 11.9 6.4
      vertex 14.5 10 6.4
      vertex 15.2765 10.1022 6.4
    endloop
  endfacet
  facet normal 0 0 1
    outer loop
      vertex 13.7235 10.1022 6.4
      vertex 14.5 11.9 6.4
      vertex 14.079 11.9837 6.4
    endloop
  endfacet
  facet normal 0 0 1
    outer loop
      vertex 14.5 11.9 6.4
      vertex 13.7235 10.1022 6.4
      vertex 14.5 10 6.4
    endloop
  endfacet
  facet normal 0 0 1
    outer loop
      vertex 13 10.4019 6.4
      vertex 14.079 11.9837 6.4
      vertex 13.7222 12.2222 6.4
    endloop
  endfacet
  facet normal 0 0 1
    outer loop
      vertex 11.9019 11.5 6.4
      vertex 13.7222 12.2222 6.4
      vertex 13.4837 12.579 6.4
    endloop
  endfacet
  facet normal 0 0 1
    outer loop
      vertex 11.6022 12.2235 6.4
      vertex 13.4837 12.579 6.4
      vertex 13.4 13 6.4
    endloop
  endfacet
  facet normal 0 0 1
    outer loop
      vertex 13.7222 13.7778 6.4
      vertex 11.9019 14.5 6.4
      vertex 13.4837 13.421 6.4
    endloop
  endfacet
  facet normal 0 0 1
    outer loop
      vertex 14.079 11.9837 6.4
      vertex 13 10.4019 6.4
      vertex 13.7235 10.1022 6.4
    endloop
  endfacet
  facet normal -0 0 1
    outer loop
      vertex 11.6022 13.7765 6.4
      vertex 13.4837 13.421 6.4
      vertex 11.9019 14.5 6.4
    endloop
  endfacet
  facet normal 0 0 1
    outer loop
      vertex 13.7222 12.2222 6.4
      vertex 12.3787 10.8787 6.4
      vertex 13 10.4019 6.4
    endloop
  endfacet
  facet normal 0 0 1
    outer loop
      vertex 13.4837 13.421 6.4
      vertex 11.6022 13.7765 6.4
      vertex 13.4 13 6.4
    endloop
  endfacet
  facet normal 0 0 1
    outer loop
      vertex 13.7222 12.2222 6.4
      vertex 11.9019 11.5 6.4
      vertex 12.3787 10.8787 6.4
    endloop
  endfacet
  facet normal 0 0 1
    outer loop
      vertex 11.5 13 6.4
      vertex 13.4 13 6.4
      vertex 11.6022 13.7765 6.4
    endloop
  endfacet
  facet normal 0 0 1
    outer loop
      vertex 13.4837 12.579 6.4
      vertex 11.6022 12.2235 6.4
      vertex 11.9019 11.5 6.4
    endloop
  endfacet
  facet normal 0 0 1
    outer loop
      vertex 13.4 13 6.4
      vertex 11.5 13 6.4
      vertex 11.6022 12.2235 6.4
    endloop
  endfacet
  facet normal -0.923872 0.382701 0
    outer loop
      vertex 11.6022 13.7765 2.4
      vertex 11.9019 14.5 6.4
      vertex 11.9019 14.5 2.4
    endloop
  endfacet
  facet normal -0.923872 0.382701 0
    outer loop
      vertex 11.9019 14.5 6.4
      vertex 11.6022 13.7765 2.4
      vertex 11.6022 13.7765 6.4
    endloop
  endfacet
  facet normal 0.555721 -0.831369 0
    outer loop
      vertex 13.7222 13.7778 2.4
      vertex 14.079 14.0163 6.4
      vertex 13.7222 13.7778 6.4
    endloop
  endfacet
  facet normal 0.555721 -0.831369 0
    outer loop
      vertex 14.079 14.0163 6.4
      vertex 13.7222 13.7778 2.4
      vertex 14.079 14.0163 2.4
    endloop
  endfacet
  facet normal -0.831369 -0.555721 0
    outer loop
      vertex 15.5163 13.421 2.4
      vertex 15.2778 13.7778 6.4
      vertex 15.2778 13.7778 2.4
    endloop
  endfacet
  facet normal -0.831369 -0.555721 0
    outer loop
      vertex 15.2778 13.7778 6.4
      vertex 15.5163 13.421 2.4
      vertex 15.5163 13.421 6.4
    endloop
  endfacet
  facet normal -0.980804 -0.194996 0
    outer loop
      vertex 15.6 13 2.4
      vertex 15.5163 13.421 6.4
      vertex 15.5163 13.421 2.4
    endloop
  endfacet
  facet normal -0.980804 -0.194996 0
    outer loop
      vertex 15.5163 13.421 6.4
      vertex 15.6 13 2.4
      vertex 15.6 13 6.4
    endloop
  endfacet
  facet normal 0.831369 -0.555721 0
    outer loop
      vertex 13.4837 13.421 6.4
      vertex 13.7222 13.7778 2.4
      vertex 13.7222 13.7778 6.4
    endloop
  endfacet
  facet normal 0.831369 -0.555721 0
    outer loop
      vertex 13.7222 13.7778 2.4
      vertex 13.4837 13.421 6.4
      vertex 13.4837 13.421 2.4
    endloop
  endfacet
  facet normal 0.194996 0.980804 -0
    outer loop
      vertex 14.5 11.9 2.4
      vertex 14.079 11.9837 6.4
      vertex 14.5 11.9 6.4
    endloop
  endfacet
  facet normal 0.194996 0.980804 0
    outer loop
      vertex 14.079 11.9837 6.4
      vertex 14.5 11.9 2.4
      vertex 14.079 11.9837 2.4
    endloop
  endfacet
  facet normal -0.194996 0.980804 0
    outer loop
      vertex 14.921 11.9837 2.4
      vertex 14.5 11.9 6.4
      vertex 14.921 11.9837 6.4
    endloop
  endfacet
  facet normal -0.194996 0.980804 0
    outer loop
      vertex 14.5 11.9 6.4
      vertex 14.921 11.9837 2.4
      vertex 14.5 11.9 2.4
    endloop
  endfacet
  facet normal -0.555721 0.831369 0
    outer loop
      vertex 15.2778 12.2222 2.4
      vertex 14.921 11.9837 6.4
      vertex 15.2778 12.2222 6.4
    endloop
  endfacet
  facet normal -0.555721 0.831369 0
    outer loop
      vertex 14.921 11.9837 6.4
      vertex 15.2778 12.2222 2.4
      vertex 14.921 11.9837 2.4
    endloop
  endfacet
  facet normal -0.831369 0.555721 0
    outer loop
      vertex 15.2778 12.2222 2.4
      vertex 15.5163 12.579 6.4
      vertex 15.5163 12.579 2.4
    endloop
  endfacet
  facet normal -0.831369 0.555721 0
    outer loop
      vertex 15.5163 12.579 6.4
      vertex 15.2778 12.2222 2.4
      vertex 15.2778 12.2222 6.4
    endloop
  endfacet
  facet normal 0.980804 -0.194996 0
    outer loop
      vertex 13.4 13 6.4
      vertex 13.4837 13.421 2.4
      vertex 13.4837 13.421 6.4
    endloop
  endfacet
  facet normal 0.980804 -0.194996 0
    outer loop
      vertex 13.4837 13.421 2.4
      vertex 13.4 13 6.4
      vertex 13.4 13 2.4
    endloop
  endfacet
  facet normal -0.980804 0.194996 0
    outer loop
      vertex 15.5163 12.579 2.4
      vertex 15.6 13 6.4
      vertex 15.6 13 2.4
    endloop
  endfacet
  facet normal -0.980804 0.194996 0
    outer loop
      vertex 15.6 13 6.4
      vertex 15.5163 12.579 2.4
      vertex 15.5163 12.579 6.4
    endloop
  endfacet
  facet normal 0.194996 -0.980804 0
    outer loop
      vertex 14.079 14.0163 2.4
      vertex 14.5 14.1 6.4
      vertex 14.079 14.0163 6.4
    endloop
  endfacet
  facet normal 0.194996 -0.980804 0
    outer loop
      vertex 14.5 14.1 6.4
      vertex 14.079 14.0163 2.4
      vertex 14.5 14.1 2.4
    endloop
  endfacet
  facet normal -0.194996 -0.980804 0
    outer loop
      vertex 14.5 14.1 2.4
      vertex 14.921 14.0163 6.4
      vertex 14.5 14.1 6.4
    endloop
  endfacet
  facet normal -0.194996 -0.980804 -0
    outer loop
      vertex 14.921 14.0163 6.4
      vertex 14.5 14.1 2.4
      vertex 14.921 14.0163 2.4
    endloop
  endfacet
  facet normal 0.831369 0.555721 0
    outer loop
      vertex 13.7222 12.2222 6.4
      vertex 13.4837 12.579 2.4
      vertex 13.4837 12.579 6.4
    endloop
  endfacet
  facet normal 0.831369 0.555721 0
    outer loop
      vertex 13.4837 12.579 2.4
      vertex 13.7222 12.2222 6.4
      vertex 13.7222 12.2222 2.4
    endloop
  endfacet
  facet normal -0.555721 -0.831369 0
    outer loop
      vertex 14.921 14.0163 2.4
      vertex 15.2778 13.7778 6.4
      vertex 14.921 14.0163 6.4
    endloop
  endfacet
  facet normal -0.555721 -0.831369 -0
    outer loop
      vertex 15.2778 13.7778 6.4
      vertex 14.921 14.0163 2.4
      vertex 15.2778 13.7778 2.4
    endloop
  endfacet
  facet normal 0.980804 0.194996 0
    outer loop
      vertex 13.4837 12.579 6.4
      vertex 13.4 13 2.4
      vertex 13.4 13 6.4
    endloop
  endfacet
  facet normal 0.980804 0.194996 0
    outer loop
      vertex 13.4 13 2.4
      vertex 13.4837 12.579 6.4
      vertex 13.4837 12.579 2.4
    endloop
  endfacet
  facet normal 0.555721 0.831369 -0
    outer loop
      vertex 14.079 11.9837 2.4
      vertex 13.7222 12.2222 6.4
      vertex 14.079 11.9837 6.4
    endloop
  endfacet
  facet normal 0.555721 0.831369 0
    outer loop
      vertex 13.7222 12.2222 6.4
      vertex 14.079 11.9837 2.4
      vertex 13.7222 12.2222 2.4
    endloop
  endfacet
  facet normal 0.923872 0.382701 0
    outer loop
      vertex 64.3978 13.7765 6.4
      vertex 64.0981 14.5 2.4
      vertex 64.0981 14.5 6.4
    endloop
  endfacet
  facet normal 0.923872 0.382701 0
    outer loop
      vertex 64.0981 14.5 2.4
      vertex 64.3978 13.7765 6.4
      vertex 64.3978 13.7765 2.4
    endloop
  endfacet
  facet normal 0.99145 0.130491 0
    outer loop
      vertex 64.5 13 6.4
      vertex 64.3978 13.7765 2.4
      vertex 64.3978 13.7765 6.4
    endloop
  endfacet
  facet normal 0.99145 0.130491 0
    outer loop
      vertex 64.3978 13.7765 2.4
      vertex 64.5 13 6.4
      vertex 64.5 13 2.4
    endloop
  endfacet
  facet normal -0.608809 0.793316 0
    outer loop
      vertex 60 15.5981 2.4
      vertex 59.3787 15.1213 6.4
      vertex 60 15.5981 6.4
    endloop
  endfacet
  facet normal -0.608809 0.793316 0
    outer loop
      vertex 59.3787 15.1213 6.4
      vertex 60 15.5981 2.4
      vertex 59.3787 15.1213 2.4
    endloop
  endfacet
  facet normal -0.382701 0.923872 0
    outer loop
      vertex 60.7235 15.8978 2.4
      vertex 60 15.5981 6.4
      vertex 60.7235 15.8978 6.4
    endloop
  endfacet
  facet normal -0.382701 0.923872 0
    outer loop
      vertex 60 15.5981 6.4
      vertex 60.7235 15.8978 2.4
      vertex 60 15.5981 2.4
    endloop
  endfacet
  facet normal 0.608809 -0.793316 0
    outer loop
      vertex 63 10.4019 2.4
      vertex 63.6213 10.8787 6.4
      vertex 63 10.4019 6.4
    endloop
  endfacet
  facet normal 0.608809 -0.793316 0
    outer loop
      vertex 63.6213 10.8787 6.4
      vertex 63 10.4019 2.4
      vertex 63.6213 10.8787 2.4
    endloop
  endfacet
  facet normal 0.608809 0.793316 -0
    outer loop
      vertex 63.6213 15.1213 2.4
      vertex 63 15.5981 6.4
      vertex 63.6213 15.1213 6.4
    endloop
  endfacet
  facet normal 0.608809 0.793316 0
    outer loop
      vertex 63 15.5981 6.4
      vertex 63.6213 15.1213 2.4
      vertex 63 15.5981 2.4
    endloop
  endfacet
  facet normal -0.99145 0.130491 0
    outer loop
      vertex 58.5 13 2.4
      vertex 58.6022 13.7765 6.4
      vertex 58.6022 13.7765 2.4
    endloop
  endfacet
  facet normal -0.99145 0.130491 0
    outer loop
      vertex 58.6022 13.7765 6.4
      vertex 58.5 13 2.4
      vertex 58.5 13 6.4
    endloop
  endfacet
  facet normal -0.130491 -0.99145 0
    outer loop
      vertex 60.7235 10.1022 2.4
      vertex 61.5 10 6.4
      vertex 60.7235 10.1022 6.4
    endloop
  endfacet
  facet normal -0.130491 -0.99145 -0
    outer loop
      vertex 61.5 10 6.4
      vertex 60.7235 10.1022 2.4
      vertex 61.5 10 2.4
    endloop
  endfacet
  facet normal 0.130491 0.99145 -0
    outer loop
      vertex 62.2765 15.8978 2.4
      vertex 61.5 16 6.4
      vertex 62.2765 15.8978 6.4
    endloop
  endfacet
  facet normal 0.130491 0.99145 0
    outer loop
      vertex 61.5 16 6.4
      vertex 62.2765 15.8978 2.4
      vertex 61.5 16 2.4
    endloop
  endfacet
  facet normal 0.382701 0.923872 -0
    outer loop
      vertex 63 15.5981 2.4
      vertex 62.2765 15.8978 6.4
      vertex 63 15.5981 6.4
    endloop
  endfacet
  facet normal 0.382701 0.923872 0
    outer loop
      vertex 62.2765 15.8978 6.4
      vertex 63 15.5981 2.4
      vertex 62.2765 15.8978 2.4
    endloop
  endfacet
  facet normal -0.608809 -0.793316 0
    outer loop
      vertex 59.3787 10.8787 2.4
      vertex 60 10.4019 6.4
      vertex 59.3787 10.8787 6.4
    endloop
  endfacet
  facet normal -0.608809 -0.793316 -0
    outer loop
      vertex 60 10.4019 6.4
      vertex 59.3787 10.8787 2.4
      vertex 60 10.4019 2.4
    endloop
  endfacet
  facet normal 0.793316 0.608809 0
    outer loop
      vertex 64.0981 14.5 6.4
      vertex 63.6213 15.1213 2.4
      vertex 63.6213 15.1213 6.4
    endloop
  endfacet
  facet normal 0.793316 0.608809 0
    outer loop
      vertex 63.6213 15.1213 2.4
      vertex 64.0981 14.5 6.4
      vertex 64.0981 14.5 2.4
    endloop
  endfacet
  facet normal 0.130491 -0.99145 0
    outer loop
      vertex 61.5 10 2.4
      vertex 62.2765 10.1022 6.4
      vertex 61.5 10 6.4
    endloop
  endfacet
  facet normal 0.130491 -0.99145 0
    outer loop
      vertex 62.2765 10.1022 6.4
      vertex 61.5 10 2.4
      vertex 62.2765 10.1022 2.4
    endloop
  endfacet
  facet normal 0.793316 -0.608809 0
    outer loop
      vertex 63.6213 10.8787 6.4
      vertex 64.0981 11.5 2.4
      vertex 64.0981 11.5 6.4
    endloop
  endfacet
  facet normal 0.793316 -0.608809 0
    outer loop
      vertex 64.0981 11.5 2.4
      vertex 63.6213 10.8787 6.4
      vertex 63.6213 10.8787 2.4
    endloop
  endfacet
  facet normal 0.382701 -0.923872 0
    outer loop
      vertex 62.2765 10.1022 2.4
      vertex 63 10.4019 6.4
      vertex 62.2765 10.1022 6.4
    endloop
  endfacet
  facet normal 0.382701 -0.923872 0
    outer loop
      vertex 63 10.4019 6.4
      vertex 62.2765 10.1022 2.4
      vertex 63 10.4019 2.4
    endloop
  endfacet
  facet normal -0.793316 0.608809 0
    outer loop
      vertex 58.9019 14.5 2.4
      vertex 59.3787 15.1213 6.4
      vertex 59.3787 15.1213 2.4
    endloop
  endfacet
  facet normal -0.793316 0.608809 0
    outer loop
      vertex 59.3787 15.1213 6.4
      vertex 58.9019 14.5 2.4
      vertex 58.9019 14.5 6.4
    endloop
  endfacet
  facet normal -0.793316 -0.608809 0
    outer loop
      vertex 59.3787 10.8787 2.4
      vertex 58.9019 11.5 6.4
      vertex 58.9019 11.5 2.4
    endloop
  endfacet
  facet normal -0.793316 -0.608809 0
    outer loop
      vertex 58.9019 11.5 6.4
      vertex 59.3787 10.8787 2.4
      vertex 59.3787 10.8787 6.4
    endloop
  endfacet
  facet normal 0.99145 -0.130491 0
    outer loop
      vertex 64.3978 12.2235 6.4
      vertex 64.5 13 2.4
      vertex 64.5 13 6.4
    endloop
  endfacet
  facet normal 0.99145 -0.130491 0
    outer loop
      vertex 64.5 13 2.4
      vertex 64.3978 12.2235 6.4
      vertex 64.3978 12.2235 2.4
    endloop
  endfacet
  facet normal -0.130491 0.99145 0
    outer loop
      vertex 61.5 16 2.4
      vertex 60.7235 15.8978 6.4
      vertex 61.5 16 6.4
    endloop
  endfacet
  facet normal -0.130491 0.99145 0
    outer loop
      vertex 60.7235 15.8978 6.4
      vertex 61.5 16 2.4
      vertex 60.7235 15.8978 2.4
    endloop
  endfacet
  facet normal -0.923872 -0.382701 0
    outer loop
      vertex 58.9019 11.5 2.4
      vertex 58.6022 12.2235 6.4
      vertex 58.6022 12.2235 2.4
    endloop
  endfacet
  facet normal -0.923872 -0.382701 0
    outer loop
      vertex 58.6022 12.2235 6.4
      vertex 58.9019 11.5 2.4
      vertex 58.9019 11.5 6.4
    endloop
  endfacet
  facet normal -0.99145 -0.130491 0
    outer loop
      vertex 58.6022 12.2235 2.4
      vertex 58.5 13 6.4
      vertex 58.5 13 2.4
    endloop
  endfacet
  facet normal -0.99145 -0.130491 0
    outer loop
      vertex 58.5 13 6.4
      vertex 58.6022 12.2235 2.4
      vertex 58.6022 12.2235 6.4
    endloop
  endfacet
  facet normal 0.923872 -0.382701 0
    outer loop
      vertex 64.0981 11.5 6.4
      vertex 64.3978 12.2235 2.4
      vertex 64.3978 12.2235 6.4
    endloop
  endfacet
  facet normal 0.923872 -0.382701 0
    outer loop
      vertex 64.3978 12.2235 2.4
      vertex 64.0981 11.5 6.4
      vertex 64.0981 11.5 2.4
    endloop
  endfacet
  facet normal -0.382701 -0.923872 0
    outer loop
      vertex 60 10.4019 2.4
      vertex 60.7235 10.1022 6.4
      vertex 60 10.4019 6.4
    endloop
  endfacet
  facet normal -0.382701 -0.923872 -0
    outer loop
      vertex 60.7235 10.1022 6.4
      vertex 60 10.4019 2.4
      vertex 60.7235 10.1022 2.4
    endloop
  endfacet
  facet normal 0 0 1
    outer loop
      vertex 62.6 13 6.4
      vertex 64.5 13 6.4
      vertex 64.3978 13.7765 6.4
    endloop
  endfacet
  facet normal 0 0 1
    outer loop
      vertex 62.5163 13.421 6.4
      vertex 64.3978 13.7765 6.4
      vertex 64.0981 14.5 6.4
    endloop
  endfacet
  facet normal 0 0 1
    outer loop
      vertex 64.5 13 6.4
      vertex 62.6 13 6.4
      vertex 64.3978 12.2235 6.4
    endloop
  endfacet
  facet normal 0 0 1
    outer loop
      vertex 62.2778 13.7778 6.4
      vertex 64.0981 14.5 6.4
      vertex 63.6213 15.1213 6.4
    endloop
  endfacet
  facet normal -0 0 1
    outer loop
      vertex 62.5163 12.579 6.4
      vertex 64.3978 12.2235 6.4
      vertex 62.6 13 6.4
    endloop
  endfacet
  facet normal 0 0 1
    outer loop
      vertex 62.2778 13.7778 6.4
      vertex 63.6213 15.1213 6.4
      vertex 63 15.5981 6.4
    endloop
  endfacet
  facet normal 0 0 1
    outer loop
      vertex 64.3978 12.2235 6.4
      vertex 62.5163 12.579 6.4
      vertex 64.0981 11.5 6.4
    endloop
  endfacet
  facet normal -0 0 1
    outer loop
      vertex 62.2778 12.2222 6.4
      vertex 64.0981 11.5 6.4
      vertex 62.5163 12.579 6.4
    endloop
  endfacet
  facet normal 0 0 1
    outer loop
      vertex 64.3978 13.7765 6.4
      vertex 62.5163 13.421 6.4
      vertex 62.6 13 6.4
    endloop
  endfacet
  facet normal 0 0 1
    outer loop
      vertex 64.0981 14.5 6.4
      vertex 62.2778 13.7778 6.4
      vertex 62.5163 13.421 6.4
    endloop
  endfacet
  facet normal 0 0 1
    outer loop
      vertex 61.921 14.0163 6.4
      vertex 63 15.5981 6.4
      vertex 62.2765 15.8978 6.4
    endloop
  endfacet
  facet normal 0 0 1
    outer loop
      vertex 63 15.5981 6.4
      vertex 61.921 14.0163 6.4
      vertex 62.2778 13.7778 6.4
    endloop
  endfacet
  facet normal 0 0 1
    outer loop
      vertex 61.5 14.1 6.4
      vertex 62.2765 15.8978 6.4
      vertex 61.5 16 6.4
    endloop
  endfacet
  facet normal 0 0 1
    outer loop
      vertex 62.2765 15.8978 6.4
      vertex 61.5 14.1 6.4
      vertex 61.921 14.0163 6.4
    endloop
  endfacet
  facet normal -0 0 1
    outer loop
      vertex 60.7235 15.8978 6.4
      vertex 61.5 14.1 6.4
      vertex 61.5 16 6.4
    endloop
  endfacet
  facet normal 0 0 1
    outer loop
      vertex 61.5 14.1 6.4
      vertex 60.7235 15.8978 6.4
      vertex 61.079 14.0163 6.4
    endloop
  endfacet
  facet normal -0 0 1
    outer loop
      vertex 60 15.5981 6.4
      vertex 61.079 14.0163 6.4
      vertex 60.7235 15.8978 6.4
    endloop
  endfacet
  facet normal 0 0 1
    outer loop
      vertex 61.079 14.0163 6.4
      vertex 60 15.5981 6.4
      vertex 60.7222 13.7778 6.4
    endloop
  endfacet
  facet normal -0 0 1
    outer loop
      vertex 59.3787 15.1213 6.4
      vertex 60.7222 13.7778 6.4
      vertex 60 15.5981 6.4
    endloop
  endfacet
  facet normal -0 0 1
    outer loop
      vertex 58.9019 14.5 6.4
      vertex 60.7222 13.7778 6.4
      vertex 59.3787 15.1213 6.4
    endloop
  endfacet
  facet normal 0 0 1
    outer loop
      vertex 64.0981 11.5 6.4
      vertex 62.2778 12.2222 6.4
      vertex 63.6213 10.8787 6.4
    endloop
  endfacet
  facet normal 0 0 1
    outer loop
      vertex 63.6213 10.8787 6.4
      vertex 62.2778 12.2222 6.4
      vertex 63 10.4019 6.4
    endloop
  endfacet
  facet normal -0 0 1
    outer loop
      vertex 61.921 11.9837 6.4
      vertex 63 10.4019 6.4
      vertex 62.2778 12.2222 6.4
    endloop
  endfacet
  facet normal 0 0 1
    outer loop
      vertex 63 10.4019 6.4
      vertex 61.921 11.9837 6.4
      vertex 62.2765 10.1022 6.4
    endloop
  endfacet
  facet normal -0 0 1
    outer loop
      vertex 61.5 11.9 6.4
      vertex 62.2765 10.1022 6.4
      vertex 61.921 11.9837 6.4
    endloop
  endfacet
  facet normal 0 0 1
    outer loop
      vertex 61.5 11.9 6.4
      vertex 61.5 10 6.4
      vertex 62.2765 10.1022 6.4
    endloop
  endfacet
  facet normal 0 0 1
    outer loop
      vertex 60.7235 10.1022 6.4
      vertex 61.5 11.9 6.4
      vertex 61.079 11.9837 6.4
    endloop
  endfacet
  facet normal 0 0 1
    outer loop
      vertex 61.5 11.9 6.4
      vertex 60.7235 10.1022 6.4
      vertex 61.5 10 6.4
    endloop
  endfacet
  facet normal 0 0 1
    outer loop
      vertex 60 10.4019 6.4
      vertex 61.079 11.9837 6.4
      vertex 60.7222 12.2222 6.4
    endloop
  endfacet
  facet normal 0 0 1
    outer loop
      vertex 58.9019 11.5 6.4
      vertex 60.7222 12.2222 6.4
      vertex 60.4837 12.579 6.4
    endloop
  endfacet
  facet normal 0 0 1
    outer loop
      vertex 58.6022 12.2235 6.4
      vertex 60.4837 12.579 6.4
      vertex 60.4 13 6.4
    endloop
  endfacet
  facet normal 0 0 1
    outer loop
      vertex 60.7222 13.7778 6.4
      vertex 58.9019 14.5 6.4
      vertex 60.4837 13.421 6.4
    endloop
  endfacet
  facet normal 0 0 1
    outer loop
      vertex 61.079 11.9837 6.4
      vertex 60 10.4019 6.4
      vertex 60.7235 10.1022 6.4
    endloop
  endfacet
  facet normal -0 0 1
    outer loop
      vertex 58.6022 13.7765 6.4
      vertex 60.4837 13.421 6.4
      vertex 58.9019 14.5 6.4
    endloop
  endfacet
  facet normal 0 0 1
    outer loop
      vertex 60.7222 12.2222 6.4
      vertex 59.3787 10.8787 6.4
      vertex 60 10.4019 6.4
    endloop
  endfacet
  facet normal 0 0 1
    outer loop
      vertex 60.4837 13.421 6.4
      vertex 58.6022 13.7765 6.4
      vertex 60.4 13 6.4
    endloop
  endfacet
  facet normal 0 0 1
    outer loop
      vertex 60.7222 12.2222 6.4
      vertex 58.9019 11.5 6.4
      vertex 59.3787 10.8787 6.4
    endloop
  endfacet
  facet normal 0 0 1
    outer loop
      vertex 58.5 13 6.4
      vertex 60.4 13 6.4
      vertex 58.6022 13.7765 6.4
    endloop
  endfacet
  facet normal 0 0 1
    outer loop
      vertex 60.4837 12.579 6.4
      vertex 58.6022 12.2235 6.4
      vertex 58.9019 11.5 6.4
    endloop
  endfacet
  facet normal 0 0 1
    outer loop
      vertex 60.4 13 6.4
      vertex 58.5 13 6.4
      vertex 58.6022 12.2235 6.4
    endloop
  endfacet
  facet normal -0.923872 0.382701 0
    outer loop
      vertex 58.6022 13.7765 2.4
      vertex 58.9019 14.5 6.4
      vertex 58.9019 14.5 2.4
    endloop
  endfacet
  facet normal -0.923872 0.382701 0
    outer loop
      vertex 58.9019 14.5 6.4
      vertex 58.6022 13.7765 2.4
      vertex 58.6022 13.7765 6.4
    endloop
  endfacet
  facet normal 0.555721 -0.831369 0
    outer loop
      vertex 60.7222 13.7778 2.4
      vertex 61.079 14.0163 6.4
      vertex 60.7222 13.7778 6.4
    endloop
  endfacet
  facet normal 0.555721 -0.831369 0
    outer loop
      vertex 61.079 14.0163 6.4
      vertex 60.7222 13.7778 2.4
      vertex 61.079 14.0163 2.4
    endloop
  endfacet
  facet normal -0.831369 -0.555721 0
    outer loop
      vertex 62.5163 13.421 2.4
      vertex 62.2778 13.7778 6.4
      vertex 62.2778 13.7778 2.4
    endloop
  endfacet
  facet normal -0.831369 -0.555721 0
    outer loop
      vertex 62.2778 13.7778 6.4
      vertex 62.5163 13.421 2.4
      vertex 62.5163 13.421 6.4
    endloop
  endfacet
  facet normal -0.980804 -0.194996 0
    outer loop
      vertex 62.6 13 2.4
      vertex 62.5163 13.421 6.4
      vertex 62.5163 13.421 2.4
    endloop
  endfacet
  facet normal -0.980804 -0.194996 0
    outer loop
      vertex 62.5163 13.421 6.4
      vertex 62.6 13 2.4
      vertex 62.6 13 6.4
    endloop
  endfacet
  facet normal 0.831369 -0.555721 0
    outer loop
      vertex 60.4837 13.421 6.4
      vertex 60.7222 13.7778 2.4
      vertex 60.7222 13.7778 6.4
    endloop
  endfacet
  facet normal 0.831369 -0.555721 0
    outer loop
      vertex 60.7222 13.7778 2.4
      vertex 60.4837 13.421 6.4
      vertex 60.4837 13.421 2.4
    endloop
  endfacet
  facet normal 0.194996 0.980804 -0
    outer loop
      vertex 61.5 11.9 2.4
      vertex 61.079 11.9837 6.4
      vertex 61.5 11.9 6.4
    endloop
  endfacet
  facet normal 0.194996 0.980804 0
    outer loop
      vertex 61.079 11.9837 6.4
      vertex 61.5 11.9 2.4
      vertex 61.079 11.9837 2.4
    endloop
  endfacet
  facet normal -0.194996 0.980804 0
    outer loop
      vertex 61.921 11.9837 2.4
      vertex 61.5 11.9 6.4
      vertex 61.921 11.9837 6.4
    endloop
  endfacet
  facet normal -0.194996 0.980804 0
    outer loop
      vertex 61.5 11.9 6.4
      vertex 61.921 11.9837 2.4
      vertex 61.5 11.9 2.4
    endloop
  endfacet
  facet normal -0.555721 0.831369 0
    outer loop
      vertex 62.2778 12.2222 2.4
      vertex 61.921 11.9837 6.4
      vertex 62.2778 12.2222 6.4
    endloop
  endfacet
  facet normal -0.555721 0.831369 0
    outer loop
      vertex 61.921 11.9837 6.4
      vertex 62.2778 12.2222 2.4
      vertex 61.921 11.9837 2.4
    endloop
  endfacet
  facet normal -0.831369 0.555721 0
    outer loop
      vertex 62.2778 12.2222 2.4
      vertex 62.5163 12.579 6.4
      vertex 62.5163 12.579 2.4
    endloop
  endfacet
  facet normal -0.831369 0.555721 0
    outer loop
      vertex 62.5163 12.579 6.4
      vertex 62.2778 12.2222 2.4
      vertex 62.2778 12.2222 6.4
    endloop
  endfacet
  facet normal 0.980804 -0.194996 0
    outer loop
      vertex 60.4 13 6.4
      vertex 60.4837 13.421 2.4
      vertex 60.4837 13.421 6.4
    endloop
  endfacet
  facet normal 0.980804 -0.194996 0
    outer loop
      vertex 60.4837 13.421 2.4
      vertex 60.4 13 6.4
      vertex 60.4 13 2.4
    endloop
  endfacet
  facet normal -0.980804 0.194996 0
    outer loop
      vertex 62.5163 12.579 2.4
      vertex 62.6 13 6.4
      vertex 62.6 13 2.4
    endloop
  endfacet
  facet normal -0.980804 0.194996 0
    outer loop
      vertex 62.6 13 6.4
      vertex 62.5163 12.579 2.4
      vertex 62.5163 12.579 6.4
    endloop
  endfacet
  facet normal 0.194996 -0.980804 0
    outer loop
      vertex 61.079 14.0163 2.4
      vertex 61.5 14.1 6.4
      vertex 61.079 14.0163 6.4
    endloop
  endfacet
  facet normal 0.194996 -0.980804 0
    outer loop
      vertex 61.5 14.1 6.4
      vertex 61.079 14.0163 2.4
      vertex 61.5 14.1 2.4
    endloop
  endfacet
  facet normal -0.194996 -0.980804 0
    outer loop
      vertex 61.5 14.1 2.4
      vertex 61.921 14.0163 6.4
      vertex 61.5 14.1 6.4
    endloop
  endfacet
  facet normal -0.194996 -0.980804 -0
    outer loop
      vertex 61.921 14.0163 6.4
      vertex 61.5 14.1 2.4
      vertex 61.921 14.0163 2.4
    endloop
  endfacet
  facet normal 0.831369 0.555721 0
    outer loop
      vertex 60.7222 12.2222 6.4
      vertex 60.4837 12.579 2.4
      vertex 60.4837 12.579 6.4
    endloop
  endfacet
  facet normal 0.831369 0.555721 0
    outer loop
      vertex 60.4837 12.579 2.4
      vertex 60.7222 12.2222 6.4
      vertex 60.7222 12.2222 2.4
    endloop
  endfacet
  facet normal -0.555721 -0.831369 0
    outer loop
      vertex 61.921 14.0163 2.4
      vertex 62.2778 13.7778 6.4
      vertex 61.921 14.0163 6.4
    endloop
  endfacet
  facet normal -0.555721 -0.831369 -0
    outer loop
      vertex 62.2778 13.7778 6.4
      vertex 61.921 14.0163 2.4
      vertex 62.2778 13.7778 2.4
    endloop
  endfacet
  facet normal 0.980804 0.194996 0
    outer loop
      vertex 60.4837 12.579 6.4
      vertex 60.4 13 2.4
      vertex 60.4 13 6.4
    endloop
  endfacet
  facet normal 0.980804 0.194996 0
    outer loop
      vertex 60.4 13 2.4
      vertex 60.4837 12.579 6.4
      vertex 60.4837 12.579 2.4
    endloop
  endfacet
  facet normal 0.555721 0.831369 -0
    outer loop
      vertex 61.079 11.9837 2.4
      vertex 60.7222 12.2222 6.4
      vertex 61.079 11.9837 6.4
    endloop
  endfacet
  facet normal 0.555721 0.831369 0
    outer loop
      vertex 60.7222 12.2222 6.4
      vertex 61.079 11.9837 2.4
      vertex 60.7222 12.2222 2.4
    endloop
  endfacet
  facet normal 0.923872 0.382701 0
    outer loop
      vertex 17.3978 83.7765 6.4
      vertex 17.0981 84.5 2.4
      vertex 17.0981 84.5 6.4
    endloop
  endfacet
  facet normal 0.923872 0.382701 0
    outer loop
      vertex 17.0981 84.5 2.4
      vertex 17.3978 83.7765 6.4
      vertex 17.3978 83.7765 2.4
    endloop
  endfacet
  facet normal 0.99145 0.130491 0
    outer loop
      vertex 17.5 83 6.4
      vertex 17.3978 83.7765 2.4
      vertex 17.3978 83.7765 6.4
    endloop
  endfacet
  facet normal 0.99145 0.130491 0
    outer loop
      vertex 17.3978 83.7765 2.4
      vertex 17.5 83 6.4
      vertex 17.5 83 2.4
    endloop
  endfacet
  facet normal -0.608809 0.793316 0
    outer loop
      vertex 13 85.5981 2.4
      vertex 12.3787 85.1213 6.4
      vertex 13 85.5981 6.4
    endloop
  endfacet
  facet normal -0.608809 0.793316 0
    outer loop
      vertex 12.3787 85.1213 6.4
      vertex 13 85.5981 2.4
      vertex 12.3787 85.1213 2.4
    endloop
  endfacet
  facet normal -0.382701 0.923872 0
    outer loop
      vertex 13.7235 85.8978 2.4
      vertex 13 85.5981 6.4
      vertex 13.7235 85.8978 6.4
    endloop
  endfacet
  facet normal -0.382701 0.923872 0
    outer loop
      vertex 13 85.5981 6.4
      vertex 13.7235 85.8978 2.4
      vertex 13 85.5981 2.4
    endloop
  endfacet
  facet normal 0.608809 -0.793316 0
    outer loop
      vertex 16 80.4019 2.4
      vertex 16.6213 80.8787 6.4
      vertex 16 80.4019 6.4
    endloop
  endfacet
  facet normal 0.608809 -0.793316 0
    outer loop
      vertex 16.6213 80.8787 6.4
      vertex 16 80.4019 2.4
      vertex 16.6213 80.8787 2.4
    endloop
  endfacet
  facet normal 0.608809 0.793316 -0
    outer loop
      vertex 16.6213 85.1213 2.4
      vertex 16 85.5981 6.4
      vertex 16.6213 85.1213 6.4
    endloop
  endfacet
  facet normal 0.608809 0.793316 0
    outer loop
      vertex 16 85.5981 6.4
      vertex 16.6213 85.1213 2.4
      vertex 16 85.5981 2.4
    endloop
  endfacet
  facet normal -0.99145 0.130491 0
    outer loop
      vertex 11.5 83 2.4
      vertex 11.6022 83.7765 6.4
      vertex 11.6022 83.7765 2.4
    endloop
  endfacet
  facet normal -0.99145 0.130491 0
    outer loop
      vertex 11.6022 83.7765 6.4
      vertex 11.5 83 2.4
      vertex 11.5 83 6.4
    endloop
  endfacet
  facet normal -0.130491 -0.99145 0
    outer loop
      vertex 13.7235 80.1022 2.4
      vertex 14.5 80 6.4
      vertex 13.7235 80.1022 6.4
    endloop
  endfacet
  facet normal -0.130491 -0.99145 -0
    outer loop
      vertex 14.5 80 6.4
      vertex 13.7235 80.1022 2.4
      vertex 14.5 80 2.4
    endloop
  endfacet
  facet normal 0.130491 0.99145 -0
    outer loop
      vertex 15.2765 85.8978 2.4
      vertex 14.5 86 6.4
      vertex 15.2765 85.8978 6.4
    endloop
  endfacet
  facet normal 0.130491 0.99145 0
    outer loop
      vertex 14.5 86 6.4
      vertex 15.2765 85.8978 2.4
      vertex 14.5 86 2.4
    endloop
  endfacet
  facet normal 0.382701 0.923872 -0
    outer loop
      vertex 16 85.5981 2.4
      vertex 15.2765 85.8978 6.4
      vertex 16 85.5981 6.4
    endloop
  endfacet
  facet normal 0.382701 0.923872 0
    outer loop
      vertex 15.2765 85.8978 6.4
      vertex 16 85.5981 2.4
      vertex 15.2765 85.8978 2.4
    endloop
  endfacet
  facet normal -0.608809 -0.793316 0
    outer loop
      vertex 12.3787 80.8787 2.4
      vertex 13 80.4019 6.4
      vertex 12.3787 80.8787 6.4
    endloop
  endfacet
  facet normal -0.608809 -0.793316 -0
    outer loop
      vertex 13 80.4019 6.4
      vertex 12.3787 80.8787 2.4
      vertex 13 80.4019 2.4
    endloop
  endfacet
  facet normal 0.793316 0.608809 0
    outer loop
      vertex 17.0981 84.5 6.4
      vertex 16.6213 85.1213 2.4
      vertex 16.6213 85.1213 6.4
    endloop
  endfacet
  facet normal 0.793316 0.608809 0
    outer loop
      vertex 16.6213 85.1213 2.4
      vertex 17.0981 84.5 6.4
      vertex 17.0981 84.5 2.4
    endloop
  endfacet
  facet normal 0.130491 -0.99145 0
    outer loop
      vertex 14.5 80 2.4
      vertex 15.2765 80.1022 6.4
      vertex 14.5 80 6.4
    endloop
  endfacet
  facet normal 0.130491 -0.99145 0
    outer loop
      vertex 15.2765 80.1022 6.4
      vertex 14.5 80 2.4
      vertex 15.2765 80.1022 2.4
    endloop
  endfacet
  facet normal 0.793316 -0.608809 0
    outer loop
      vertex 16.6213 80.8787 6.4
      vertex 17.0981 81.5 2.4
      vertex 17.0981 81.5 6.4
    endloop
  endfacet
  facet normal 0.793316 -0.608809 0
    outer loop
      vertex 17.0981 81.5 2.4
      vertex 16.6213 80.8787 6.4
      vertex 16.6213 80.8787 2.4
    endloop
  endfacet
  facet normal 0.382701 -0.923872 0
    outer loop
      vertex 15.2765 80.1022 2.4
      vertex 16 80.4019 6.4
      vertex 15.2765 80.1022 6.4
    endloop
  endfacet
  facet normal 0.382701 -0.923872 0
    outer loop
      vertex 16 80.4019 6.4
      vertex 15.2765 80.1022 2.4
      vertex 16 80.4019 2.4
    endloop
  endfacet
  facet normal -0.793316 0.608809 0
    outer loop
      vertex 11.9019 84.5 2.4
      vertex 12.3787 85.1213 6.4
      vertex 12.3787 85.1213 2.4
    endloop
  endfacet
  facet normal -0.793316 0.608809 0
    outer loop
      vertex 12.3787 85.1213 6.4
      vertex 11.9019 84.5 2.4
      vertex 11.9019 84.5 6.4
    endloop
  endfacet
  facet normal -0.793316 -0.608809 0
    outer loop
      vertex 12.3787 80.8787 2.4
      vertex 11.9019 81.5 6.4
      vertex 11.9019 81.5 2.4
    endloop
  endfacet
  facet normal -0.793316 -0.608809 0
    outer loop
      vertex 11.9019 81.5 6.4
      vertex 12.3787 80.8787 2.4
      vertex 12.3787 80.8787 6.4
    endloop
  endfacet
  facet normal 0.99145 -0.130491 0
    outer loop
      vertex 17.3978 82.2235 6.4
      vertex 17.5 83 2.4
      vertex 17.5 83 6.4
    endloop
  endfacet
  facet normal 0.99145 -0.130491 0
    outer loop
      vertex 17.5 83 2.4
      vertex 17.3978 82.2235 6.4
      vertex 17.3978 82.2235 2.4
    endloop
  endfacet
  facet normal -0.130491 0.99145 0
    outer loop
      vertex 14.5 86 2.4
      vertex 13.7235 85.8978 6.4
      vertex 14.5 86 6.4
    endloop
  endfacet
  facet normal -0.130491 0.99145 0
    outer loop
      vertex 13.7235 85.8978 6.4
      vertex 14.5 86 2.4
      vertex 13.7235 85.8978 2.4
    endloop
  endfacet
  facet normal -0.923872 -0.382701 0
    outer loop
      vertex 11.9019 81.5 2.4
      vertex 11.6022 82.2235 6.4
      vertex 11.6022 82.2235 2.4
    endloop
  endfacet
  facet normal -0.923872 -0.382701 0
    outer loop
      vertex 11.6022 82.2235 6.4
      vertex 11.9019 81.5 2.4
      vertex 11.9019 81.5 6.4
    endloop
  endfacet
  facet normal -0.99145 -0.130491 0
    outer loop
      vertex 11.6022 82.2235 2.4
      vertex 11.5 83 6.4
      vertex 11.5 83 2.4
    endloop
  endfacet
  facet normal -0.99145 -0.130491 0
    outer loop
      vertex 11.5 83 6.4
      vertex 11.6022 82.2235 2.4
      vertex 11.6022 82.2235 6.4
    endloop
  endfacet
  facet normal 0.923872 -0.382701 0
    outer loop
      vertex 17.0981 81.5 6.4
      vertex 17.3978 82.2235 2.4
      vertex 17.3978 82.2235 6.4
    endloop
  endfacet
  facet normal 0.923872 -0.382701 0
    outer loop
      vertex 17.3978 82.2235 2.4
      vertex 17.0981 81.5 6.4
      vertex 17.0981 81.5 2.4
    endloop
  endfacet
  facet normal -0.382701 -0.923872 0
    outer loop
      vertex 13 80.4019 2.4
      vertex 13.7235 80.1022 6.4
      vertex 13 80.4019 6.4
    endloop
  endfacet
  facet normal -0.382701 -0.923872 -0
    outer loop
      vertex 13.7235 80.1022 6.4
      vertex 13 80.4019 2.4
      vertex 13.7235 80.1022 2.4
    endloop
  endfacet
  facet normal 0 0 1
    outer loop
      vertex 15.6 83 6.4
      vertex 17.5 83 6.4
      vertex 17.3978 83.7765 6.4
    endloop
  endfacet
  facet normal 0 0 1
    outer loop
      vertex 15.5163 83.421 6.4
      vertex 17.3978 83.7765 6.4
      vertex 17.0981 84.5 6.4
    endloop
  endfacet
  facet normal 0 0 1
    outer loop
      vertex 17.5 83 6.4
      vertex 15.6 83 6.4
      vertex 17.3978 82.2235 6.4
    endloop
  endfacet
  facet normal 0 0 1
    outer loop
      vertex 15.2778 83.7778 6.4
      vertex 17.0981 84.5 6.4
      vertex 16.6213 85.1213 6.4
    endloop
  endfacet
  facet normal -0 0 1
    outer loop
      vertex 15.5163 82.579 6.4
      vertex 17.3978 82.2235 6.4
      vertex 15.6 83 6.4
    endloop
  endfacet
  facet normal 0 0 1
    outer loop
      vertex 15.2778 83.7778 6.4
      vertex 16.6213 85.1213 6.4
      vertex 16 85.5981 6.4
    endloop
  endfacet
  facet normal 0 0 1
    outer loop
      vertex 17.3978 82.2235 6.4
      vertex 15.5163 82.579 6.4
      vertex 17.0981 81.5 6.4
    endloop
  endfacet
  facet normal -0 0 1
    outer loop
      vertex 15.2778 82.2222 6.4
      vertex 17.0981 81.5 6.4
      vertex 15.5163 82.579 6.4
    endloop
  endfacet
  facet normal 0 0 1
    outer loop
      vertex 17.3978 83.7765 6.4
      vertex 15.5163 83.421 6.4
      vertex 15.6 83 6.4
    endloop
  endfacet
  facet normal 0 0 1
    outer loop
      vertex 17.0981 84.5 6.4
      vertex 15.2778 83.7778 6.4
      vertex 15.5163 83.421 6.4
    endloop
  endfacet
  facet normal 0 0 1
    outer loop
      vertex 14.921 84.0163 6.4
      vertex 16 85.5981 6.4
      vertex 15.2765 85.8978 6.4
    endloop
  endfacet
  facet normal 0 0 1
    outer loop
      vertex 16 85.5981 6.4
      vertex 14.921 84.0163 6.4
      vertex 15.2778 83.7778 6.4
    endloop
  endfacet
  facet normal 0 0 1
    outer loop
      vertex 14.5 84.1 6.4
      vertex 15.2765 85.8978 6.4
      vertex 14.5 86 6.4
    endloop
  endfacet
  facet normal 0 0 1
    outer loop
      vertex 15.2765 85.8978 6.4
      vertex 14.5 84.1 6.4
      vertex 14.921 84.0163 6.4
    endloop
  endfacet
  facet normal -0 0 1
    outer loop
      vertex 13.7235 85.8978 6.4
      vertex 14.5 84.1 6.4
      vertex 14.5 86 6.4
    endloop
  endfacet
  facet normal 0 0 1
    outer loop
      vertex 14.5 84.1 6.4
      vertex 13.7235 85.8978 6.4
      vertex 14.079 84.0163 6.4
    endloop
  endfacet
  facet normal -0 0 1
    outer loop
      vertex 13 85.5981 6.4
      vertex 14.079 84.0163 6.4
      vertex 13.7235 85.8978 6.4
    endloop
  endfacet
  facet normal 0 0 1
    outer loop
      vertex 14.079 84.0163 6.4
      vertex 13 85.5981 6.4
      vertex 13.7222 83.7778 6.4
    endloop
  endfacet
  facet normal -0 0 1
    outer loop
      vertex 12.3787 85.1213 6.4
      vertex 13.7222 83.7778 6.4
      vertex 13 85.5981 6.4
    endloop
  endfacet
  facet normal -0 0 1
    outer loop
      vertex 11.9019 84.5 6.4
      vertex 13.7222 83.7778 6.4
      vertex 12.3787 85.1213 6.4
    endloop
  endfacet
  facet normal 0 0 1
    outer loop
      vertex 17.0981 81.5 6.4
      vertex 15.2778 82.2222 6.4
      vertex 16.6213 80.8787 6.4
    endloop
  endfacet
  facet normal 0 0 1
    outer loop
      vertex 16.6213 80.8787 6.4
      vertex 15.2778 82.2222 6.4
      vertex 16 80.4019 6.4
    endloop
  endfacet
  facet normal -0 0 1
    outer loop
      vertex 14.921 81.9837 6.4
      vertex 16 80.4019 6.4
      vertex 15.2778 82.2222 6.4
    endloop
  endfacet
  facet normal 0 0 1
    outer loop
      vertex 16 80.4019 6.4
      vertex 14.921 81.9837 6.4
      vertex 15.2765 80.1022 6.4
    endloop
  endfacet
  facet normal -0 0 1
    outer loop
      vertex 14.5 81.9 6.4
      vertex 15.2765 80.1022 6.4
      vertex 14.921 81.9837 6.4
    endloop
  endfacet
  facet normal 0 0 1
    outer loop
      vertex 14.5 81.9 6.4
      vertex 14.5 80 6.4
      vertex 15.2765 80.1022 6.4
    endloop
  endfacet
  facet normal 0 0 1
    outer loop
      vertex 13.7235 80.1022 6.4
      vertex 14.5 81.9 6.4
      vertex 14.079 81.9837 6.4
    endloop
  endfacet
  facet normal 0 0 1
    outer loop
      vertex 14.5 81.9 6.4
      vertex 13.7235 80.1022 6.4
      vertex 14.5 80 6.4
    endloop
  endfacet
  facet normal 0 0 1
    outer loop
      vertex 13 80.4019 6.4
      vertex 14.079 81.9837 6.4
      vertex 13.7222 82.2222 6.4
    endloop
  endfacet
  facet normal 0 0 1
    outer loop
      vertex 11.9019 81.5 6.4
      vertex 13.7222 82.2222 6.4
      vertex 13.4837 82.579 6.4
    endloop
  endfacet
  facet normal 0 0 1
    outer loop
      vertex 11.6022 82.2235 6.4
      vertex 13.4837 82.579 6.4
      vertex 13.4 83 6.4
    endloop
  endfacet
  facet normal 0 0 1
    outer loop
      vertex 13.7222 83.7778 6.4
      vertex 11.9019 84.5 6.4
      vertex 13.4837 83.421 6.4
    endloop
  endfacet
  facet normal 0 0 1
    outer loop
      vertex 14.079 81.9837 6.4
      vertex 13 80.4019 6.4
      vertex 13.7235 80.1022 6.4
    endloop
  endfacet
  facet normal -0 0 1
    outer loop
      vertex 11.6022 83.7765 6.4
      vertex 13.4837 83.421 6.4
      vertex 11.9019 84.5 6.4
    endloop
  endfacet
  facet normal 0 0 1
    outer loop
      vertex 13.7222 82.2222 6.4
      vertex 12.3787 80.8787 6.4
      vertex 13 80.4019 6.4
    endloop
  endfacet
  facet normal 0 0 1
    outer loop
      vertex 13.4837 83.421 6.4
      vertex 11.6022 83.7765 6.4
      vertex 13.4 83 6.4
    endloop
  endfacet
  facet normal 0 0 1
    outer loop
      vertex 13.7222 82.2222 6.4
      vertex 11.9019 81.5 6.4
      vertex 12.3787 80.8787 6.4
    endloop
  endfacet
  facet normal 0 0 1
    outer loop
      vertex 11.5 83 6.4
      vertex 13.4 83 6.4
      vertex 11.6022 83.7765 6.4
    endloop
  endfacet
  facet normal 0 0 1
    outer loop
      vertex 13.4837 82.579 6.4
      vertex 11.6022 82.2235 6.4
      vertex 11.9019 81.5 6.4
    endloop
  endfacet
  facet normal 0 0 1
    outer loop
      vertex 13.4 83 6.4
      vertex 11.5 83 6.4
      vertex 11.6022 82.2235 6.4
    endloop
  endfacet
  facet normal -0.923872 0.382701 0
    outer loop
      vertex 11.6022 83.7765 2.4
      vertex 11.9019 84.5 6.4
      vertex 11.9019 84.5 2.4
    endloop
  endfacet
  facet normal -0.923872 0.382701 0
    outer loop
      vertex 11.9019 84.5 6.4
      vertex 11.6022 83.7765 2.4
      vertex 11.6022 83.7765 6.4
    endloop
  endfacet
  facet normal 0.555721 -0.831369 0
    outer loop
      vertex 13.7222 83.7778 2.4
      vertex 14.079 84.0163 6.4
      vertex 13.7222 83.7778 6.4
    endloop
  endfacet
  facet normal 0.555721 -0.831369 0
    outer loop
      vertex 14.079 84.0163 6.4
      vertex 13.7222 83.7778 2.4
      vertex 14.079 84.0163 2.4
    endloop
  endfacet
  facet normal -0.831369 -0.555721 0
    outer loop
      vertex 15.5163 83.421 2.4
      vertex 15.2778 83.7778 6.4
      vertex 15.2778 83.7778 2.4
    endloop
  endfacet
  facet normal -0.831369 -0.555721 0
    outer loop
      vertex 15.2778 83.7778 6.4
      vertex 15.5163 83.421 2.4
      vertex 15.5163 83.421 6.4
    endloop
  endfacet
  facet normal -0.980804 -0.194996 0
    outer loop
      vertex 15.6 83 2.4
      vertex 15.5163 83.421 6.4
      vertex 15.5163 83.421 2.4
    endloop
  endfacet
  facet normal -0.980804 -0.194996 0
    outer loop
      vertex 15.5163 83.421 6.4
      vertex 15.6 83 2.4
      vertex 15.6 83 6.4
    endloop
  endfacet
  facet normal 0.831369 -0.555721 0
    outer loop
      vertex 13.4837 83.421 6.4
      vertex 13.7222 83.7778 2.4
      vertex 13.7222 83.7778 6.4
    endloop
  endfacet
  facet normal 0.831369 -0.555721 0
    outer loop
      vertex 13.7222 83.7778 2.4
      vertex 13.4837 83.421 6.4
      vertex 13.4837 83.421 2.4
    endloop
  endfacet
  facet normal 0.194996 0.980804 -0
    outer loop
      vertex 14.5 81.9 2.4
      vertex 14.079 81.9837 6.4
      vertex 14.5 81.9 6.4
    endloop
  endfacet
  facet normal 0.194996 0.980804 0
    outer loop
      vertex 14.079 81.9837 6.4
      vertex 14.5 81.9 2.4
      vertex 14.079 81.9837 2.4
    endloop
  endfacet
  facet normal -0.194996 0.980804 0
    outer loop
      vertex 14.921 81.9837 2.4
      vertex 14.5 81.9 6.4
      vertex 14.921 81.9837 6.4
    endloop
  endfacet
  facet normal -0.194996 0.980804 0
    outer loop
      vertex 14.5 81.9 6.4
      vertex 14.921 81.9837 2.4
      vertex 14.5 81.9 2.4
    endloop
  endfacet
  facet normal -0.555721 0.831369 0
    outer loop
      vertex 15.2778 82.2222 2.4
      vertex 14.921 81.9837 6.4
      vertex 15.2778 82.2222 6.4
    endloop
  endfacet
  facet normal -0.555721 0.831369 0
    outer loop
      vertex 14.921 81.9837 6.4
      vertex 15.2778 82.2222 2.4
      vertex 14.921 81.9837 2.4
    endloop
  endfacet
  facet normal -0.831369 0.555721 0
    outer loop
      vertex 15.2778 82.2222 2.4
      vertex 15.5163 82.579 6.4
      vertex 15.5163 82.579 2.4
    endloop
  endfacet
  facet normal -0.831369 0.555721 0
    outer loop
      vertex 15.5163 82.579 6.4
      vertex 15.2778 82.2222 2.4
      vertex 15.2778 82.2222 6.4
    endloop
  endfacet
  facet normal 0.980804 -0.194996 0
    outer loop
      vertex 13.4 83 6.4
      vertex 13.4837 83.421 2.4
      vertex 13.4837 83.421 6.4
    endloop
  endfacet
  facet normal 0.980804 -0.194996 0
    outer loop
      vertex 13.4837 83.421 2.4
      vertex 13.4 83 6.4
      vertex 13.4 83 2.4
    endloop
  endfacet
  facet normal -0.980804 0.194996 0
    outer loop
      vertex 15.5163 82.579 2.4
      vertex 15.6 83 6.4
      vertex 15.6 83 2.4
    endloop
  endfacet
  facet normal -0.980804 0.194996 0
    outer loop
      vertex 15.6 83 6.4
      vertex 15.5163 82.579 2.4
      vertex 15.5163 82.579 6.4
    endloop
  endfacet
  facet normal 0.194996 -0.980804 0
    outer loop
      vertex 14.079 84.0163 2.4
      vertex 14.5 84.1 6.4
      vertex 14.079 84.0163 6.4
    endloop
  endfacet
  facet normal 0.194996 -0.980804 0
    outer loop
      vertex 14.5 84.1 6.4
      vertex 14.079 84.0163 2.4
      vertex 14.5 84.1 2.4
    endloop
  endfacet
  facet normal -0.194996 -0.980804 0
    outer loop
      vertex 14.5 84.1 2.4
      vertex 14.921 84.0163 6.4
      vertex 14.5 84.1 6.4
    endloop
  endfacet
  facet normal -0.194996 -0.980804 -0
    outer loop
      vertex 14.921 84.0163 6.4
      vertex 14.5 84.1 2.4
      vertex 14.921 84.0163 2.4
    endloop
  endfacet
  facet normal 0.831369 0.555721 0
    outer loop
      vertex 13.7222 82.2222 6.4
      vertex 13.4837 82.579 2.4
      vertex 13.4837 82.579 6.4
    endloop
  endfacet
  facet normal 0.831369 0.555721 0
    outer loop
      vertex 13.4837 82.579 2.4
      vertex 13.7222 82.2222 6.4
      vertex 13.7222 82.2222 2.4
    endloop
  endfacet
  facet normal -0.555721 -0.831369 0
    outer loop
      vertex 14.921 84.0163 2.4
      vertex 15.2778 83.7778 6.4
      vertex 14.921 84.0163 6.4
    endloop
  endfacet
  facet normal -0.555721 -0.831369 -0
    outer loop
      vertex 15.2778 83.7778 6.4
      vertex 14.921 84.0163 2.4
      vertex 15.2778 83.7778 2.4
    endloop
  endfacet
  facet normal 0.980804 0.194996 0
    outer loop
      vertex 13.4837 82.579 6.4
      vertex 13.4 83 2.4
      vertex 13.4 83 6.4
    endloop
  endfacet
  facet normal 0.980804 0.194996 0
    outer loop
      vertex 13.4 83 2.4
      vertex 13.4837 82.579 6.4
      vertex 13.4837 82.579 2.4
    endloop
  endfacet
  facet normal 0.555721 0.831369 -0
    outer loop
      vertex 14.079 81.9837 2.4
      vertex 13.7222 82.2222 6.4
      vertex 14.079 81.9837 6.4
    endloop
  endfacet
  facet normal 0.555721 0.831369 0
    outer loop
      vertex 13.7222 82.2222 6.4
      vertex 14.079 81.9837 2.4
      vertex 13.7222 82.2222 2.4
    endloop
  endfacet
  facet normal 0.923872 0.382701 0
    outer loop
      vertex 64.3978 83.7765 6.4
      vertex 64.0981 84.5 2.4
      vertex 64.0981 84.5 6.4
    endloop
  endfacet
  facet normal 0.923872 0.382701 0
    outer loop
      vertex 64.0981 84.5 2.4
      vertex 64.3978 83.7765 6.4
      vertex 64.3978 83.7765 2.4
    endloop
  endfacet
  facet normal 0.99145 0.130491 0
    outer loop
      vertex 64.5 83 6.4
      vertex 64.3978 83.7765 2.4
      vertex 64.3978 83.7765 6.4
    endloop
  endfacet
  facet normal 0.99145 0.130491 0
    outer loop
      vertex 64.3978 83.7765 2.4
      vertex 64.5 83 6.4
      vertex 64.5 83 2.4
    endloop
  endfacet
  facet normal -0.608809 0.793316 0
    outer loop
      vertex 60 85.5981 2.4
      vertex 59.3787 85.1213 6.4
      vertex 60 85.5981 6.4
    endloop
  endfacet
  facet normal -0.608809 0.793316 0
    outer loop
      vertex 59.3787 85.1213 6.4
      vertex 60 85.5981 2.4
      vertex 59.3787 85.1213 2.4
    endloop
  endfacet
  facet normal -0.382701 0.923872 0
    outer loop
      vertex 60.7235 85.8978 2.4
      vertex 60 85.5981 6.4
      vertex 60.7235 85.8978 6.4
    endloop
  endfacet
  facet normal -0.382701 0.923872 0
    outer loop
      vertex 60 85.5981 6.4
      vertex 60.7235 85.8978 2.4
      vertex 60 85.5981 2.4
    endloop
  endfacet
  facet normal 0.608809 -0.793316 0
    outer loop
      vertex 63 80.4019 2.4
      vertex 63.6213 80.8787 6.4
      vertex 63 80.4019 6.4
    endloop
  endfacet
  facet normal 0.608809 -0.793316 0
    outer loop
      vertex 63.6213 80.8787 6.4
      vertex 63 80.4019 2.4
      vertex 63.6213 80.8787 2.4
    endloop
  endfacet
  facet normal 0.608809 0.793316 -0
    outer loop
      vertex 63.6213 85.1213 2.4
      vertex 63 85.5981 6.4
      vertex 63.6213 85.1213 6.4
    endloop
  endfacet
  facet normal 0.608809 0.793316 0
    outer loop
      vertex 63 85.5981 6.4
      vertex 63.6213 85.1213 2.4
      vertex 63 85.5981 2.4
    endloop
  endfacet
  facet normal -0.99145 0.130491 0
    outer loop
      vertex 58.5 83 2.4
      vertex 58.6022 83.7765 6.4
      vertex 58.6022 83.7765 2.4
    endloop
  endfacet
  facet normal -0.99145 0.130491 0
    outer loop
      vertex 58.6022 83.7765 6.4
      vertex 58.5 83 2.4
      vertex 58.5 83 6.4
    endloop
  endfacet
  facet normal -0.130491 -0.99145 0
    outer loop
      vertex 60.7235 80.1022 2.4
      vertex 61.5 80 6.4
      vertex 60.7235 80.1022 6.4
    endloop
  endfacet
  facet normal -0.130491 -0.99145 -0
    outer loop
      vertex 61.5 80 6.4
      vertex 60.7235 80.1022 2.4
      vertex 61.5 80 2.4
    endloop
  endfacet
  facet normal 0.130491 0.99145 -0
    outer loop
      vertex 62.2765 85.8978 2.4
      vertex 61.5 86 6.4
      vertex 62.2765 85.8978 6.4
    endloop
  endfacet
  facet normal 0.130491 0.99145 0
    outer loop
      vertex 61.5 86 6.4
      vertex 62.2765 85.8978 2.4
      vertex 61.5 86 2.4
    endloop
  endfacet
  facet normal 0.382701 0.923872 -0
    outer loop
      vertex 63 85.5981 2.4
      vertex 62.2765 85.8978 6.4
      vertex 63 85.5981 6.4
    endloop
  endfacet
  facet normal 0.382701 0.923872 0
    outer loop
      vertex 62.2765 85.8978 6.4
      vertex 63 85.5981 2.4
      vertex 62.2765 85.8978 2.4
    endloop
  endfacet
  facet normal -0.608809 -0.793316 0
    outer loop
      vertex 59.3787 80.8787 2.4
      vertex 60 80.4019 6.4
      vertex 59.3787 80.8787 6.4
    endloop
  endfacet
  facet normal -0.608809 -0.793316 -0
    outer loop
      vertex 60 80.4019 6.4
      vertex 59.3787 80.8787 2.4
      vertex 60 80.4019 2.4
    endloop
  endfacet
  facet normal 0.793316 0.608809 0
    outer loop
      vertex 64.0981 84.5 6.4
      vertex 63.6213 85.1213 2.4
      vertex 63.6213 85.1213 6.4
    endloop
  endfacet
  facet normal 0.793316 0.608809 0
    outer loop
      vertex 63.6213 85.1213 2.4
      vertex 64.0981 84.5 6.4
      vertex 64.0981 84.5 2.4
    endloop
  endfacet
  facet normal 0.130491 -0.99145 0
    outer loop
      vertex 61.5 80 2.4
      vertex 62.2765 80.1022 6.4
      vertex 61.5 80 6.4
    endloop
  endfacet
  facet normal 0.130491 -0.99145 0
    outer loop
      vertex 62.2765 80.1022 6.4
      vertex 61.5 80 2.4
      vertex 62.2765 80.1022 2.4
    endloop
  endfacet
  facet normal 0.793316 -0.608809 0
    outer loop
      vertex 63.6213 80.8787 6.4
      vertex 64.0981 81.5 2.4
      vertex 64.0981 81.5 6.4
    endloop
  endfacet
  facet normal 0.793316 -0.608809 0
    outer loop
      vertex 64.0981 81.5 2.4
      vertex 63.6213 80.8787 6.4
      vertex 63.6213 80.8787 2.4
    endloop
  endfacet
  facet normal 0.382701 -0.923872 0
    outer loop
      vertex 62.2765 80.1022 2.4
      vertex 63 80.4019 6.4
      vertex 62.2765 80.1022 6.4
    endloop
  endfacet
  facet normal 0.382701 -0.923872 0
    outer loop
      vertex 63 80.4019 6.4
      vertex 62.2765 80.1022 2.4
      vertex 63 80.4019 2.4
    endloop
  endfacet
  facet normal -0.793316 0.608809 0
    outer loop
      vertex 58.9019 84.5 2.4
      vertex 59.3787 85.1213 6.4
      vertex 59.3787 85.1213 2.4
    endloop
  endfacet
  facet normal -0.793316 0.608809 0
    outer loop
      vertex 59.3787 85.1213 6.4
      vertex 58.9019 84.5 2.4
      vertex 58.9019 84.5 6.4
    endloop
  endfacet
  facet normal -0.793316 -0.608809 0
    outer loop
      vertex 59.3787 80.8787 2.4
      vertex 58.9019 81.5 6.4
      vertex 58.9019 81.5 2.4
    endloop
  endfacet
  facet normal -0.793316 -0.608809 0
    outer loop
      vertex 58.9019 81.5 6.4
      vertex 59.3787 80.8787 2.4
      vertex 59.3787 80.8787 6.4
    endloop
  endfacet
  facet normal 0.99145 -0.130491 0
    outer loop
      vertex 64.3978 82.2235 6.4
      vertex 64.5 83 2.4
      vertex 64.5 83 6.4
    endloop
  endfacet
  facet normal 0.99145 -0.130491 0
    outer loop
      vertex 64.5 83 2.4
      vertex 64.3978 82.2235 6.4
      vertex 64.3978 82.2235 2.4
    endloop
  endfacet
  facet normal -0.130491 0.99145 0
    outer loop
      vertex 61.5 86 2.4
      vertex 60.7235 85.8978 6.4
      vertex 61.5 86 6.4
    endloop
  endfacet
  facet normal -0.130491 0.99145 0
    outer loop
      vertex 60.7235 85.8978 6.4
      vertex 61.5 86 2.4
      vertex 60.7235 85.8978 2.4
    endloop
  endfacet
  facet normal -0.923872 -0.382701 0
    outer loop
      vertex 58.9019 81.5 2.4
      vertex 58.6022 82.2235 6.4
      vertex 58.6022 82.2235 2.4
    endloop
  endfacet
  facet normal -0.923872 -0.382701 0
    outer loop
      vertex 58.6022 82.2235 6.4
      vertex 58.9019 81.5 2.4
      vertex 58.9019 81.5 6.4
    endloop
  endfacet
  facet normal -0.99145 -0.130491 0
    outer loop
      vertex 58.6022 82.2235 2.4
      vertex 58.5 83 6.4
      vertex 58.5 83 2.4
    endloop
  endfacet
  facet normal -0.99145 -0.130491 0
    outer loop
      vertex 58.5 83 6.4
      vertex 58.6022 82.2235 2.4
      vertex 58.6022 82.2235 6.4
    endloop
  endfacet
  facet normal 0.923872 -0.382701 0
    outer loop
      vertex 64.0981 81.5 6.4
      vertex 64.3978 82.2235 2.4
      vertex 64.3978 82.2235 6.4
    endloop
  endfacet
  facet normal 0.923872 -0.382701 0
    outer loop
      vertex 64.3978 82.2235 2.4
      vertex 64.0981 81.5 6.4
      vertex 64.0981 81.5 2.4
    endloop
  endfacet
  facet normal -0.382701 -0.923872 0
    outer loop
      vertex 60 80.4019 2.4
      vertex 60.7235 80.1022 6.4
      vertex 60 80.4019 6.4
    endloop
  endfacet
  facet normal -0.382701 -0.923872 -0
    outer loop
      vertex 60.7235 80.1022 6.4
      vertex 60 80.4019 2.4
      vertex 60.7235 80.1022 2.4
    endloop
  endfacet
  facet normal 0 0 1
    outer loop
      vertex 62.6 83 6.4
      vertex 64.5 83 6.4
      vertex 64.3978 83.7765 6.4
    endloop
  endfacet
  facet normal 0 0 1
    outer loop
      vertex 62.5163 83.421 6.4
      vertex 64.3978 83.7765 6.4
      vertex 64.0981 84.5 6.4
    endloop
  endfacet
  facet normal 0 0 1
    outer loop
      vertex 64.5 83 6.4
      vertex 62.6 83 6.4
      vertex 64.3978 82.2235 6.4
    endloop
  endfacet
  facet normal 0 0 1
    outer loop
      vertex 62.2778 83.7778 6.4
      vertex 64.0981 84.5 6.4
      vertex 63.6213 85.1213 6.4
    endloop
  endfacet
  facet normal -0 0 1
    outer loop
      vertex 62.5163 82.579 6.4
      vertex 64.3978 82.2235 6.4
      vertex 62.6 83 6.4
    endloop
  endfacet
  facet normal 0 0 1
    outer loop
      vertex 62.2778 83.7778 6.4
      vertex 63.6213 85.1213 6.4
      vertex 63 85.5981 6.4
    endloop
  endfacet
  facet normal 0 0 1
    outer loop
      vertex 64.3978 82.2235 6.4
      vertex 62.5163 82.579 6.4
      vertex 64.0981 81.5 6.4
    endloop
  endfacet
  facet normal -0 0 1
    outer loop
      vertex 62.2778 82.2222 6.4
      vertex 64.0981 81.5 6.4
      vertex 62.5163 82.579 6.4
    endloop
  endfacet
  facet normal 0 0 1
    outer loop
      vertex 64.3978 83.7765 6.4
      vertex 62.5163 83.421 6.4
      vertex 62.6 83 6.4
    endloop
  endfacet
  facet normal 0 0 1
    outer loop
      vertex 64.0981 84.5 6.4
      vertex 62.2778 83.7778 6.4
      vertex 62.5163 83.421 6.4
    endloop
  endfacet
  facet normal 0 0 1
    outer loop
      vertex 61.921 84.0163 6.4
      vertex 63 85.5981 6.4
      vertex 62.2765 85.8978 6.4
    endloop
  endfacet
  facet normal 0 0 1
    outer loop
      vertex 63 85.5981 6.4
      vertex 61.921 84.0163 6.4
      vertex 62.2778 83.7778 6.4
    endloop
  endfacet
  facet normal 0 0 1
    outer loop
      vertex 61.5 84.1 6.4
      vertex 62.2765 85.8978 6.4
      vertex 61.5 86 6.4
    endloop
  endfacet
  facet normal 0 0 1
    outer loop
      vertex 62.2765 85.8978 6.4
      vertex 61.5 84.1 6.4
      vertex 61.921 84.0163 6.4
    endloop
  endfacet
  facet normal -0 0 1
    outer loop
      vertex 60.7235 85.8978 6.4
      vertex 61.5 84.1 6.4
      vertex 61.5 86 6.4
    endloop
  endfacet
  facet normal 0 0 1
    outer loop
      vertex 61.5 84.1 6.4
      vertex 60.7235 85.8978 6.4
      vertex 61.079 84.0163 6.4
    endloop
  endfacet
  facet normal -0 0 1
    outer loop
      vertex 60 85.5981 6.4
      vertex 61.079 84.0163 6.4
      vertex 60.7235 85.8978 6.4
    endloop
  endfacet
  facet normal 0 0 1
    outer loop
      vertex 61.079 84.0163 6.4
      vertex 60 85.5981 6.4
      vertex 60.7222 83.7778 6.4
    endloop
  endfacet
  facet normal -0 0 1
    outer loop
      vertex 59.3787 85.1213 6.4
      vertex 60.7222 83.7778 6.4
      vertex 60 85.5981 6.4
    endloop
  endfacet
  facet normal -0 0 1
    outer loop
      vertex 58.9019 84.5 6.4
      vertex 60.7222 83.7778 6.4
      vertex 59.3787 85.1213 6.4
    endloop
  endfacet
  facet normal 0 0 1
    outer loop
      vertex 64.0981 81.5 6.4
      vertex 62.2778 82.2222 6.4
      vertex 63.6213 80.8787 6.4
    endloop
  endfacet
  facet normal 0 0 1
    outer loop
      vertex 63.6213 80.8787 6.4
      vertex 62.2778 82.2222 6.4
      vertex 63 80.4019 6.4
    endloop
  endfacet
  facet normal -0 0 1
    outer loop
      vertex 61.921 81.9837 6.4
      vertex 63 80.4019 6.4
      vertex 62.2778 82.2222 6.4
    endloop
  endfacet
  facet normal 0 0 1
    outer loop
      vertex 63 80.4019 6.4
      vertex 61.921 81.9837 6.4
      vertex 62.2765 80.1022 6.4
    endloop
  endfacet
  facet normal -0 0 1
    outer loop
      vertex 61.5 81.9 6.4
      vertex 62.2765 80.1022 6.4
      vertex 61.921 81.9837 6.4
    endloop
  endfacet
  facet normal 0 0 1
    outer loop
      vertex 61.5 81.9 6.4
      vertex 61.5 80 6.4
      vertex 62.2765 80.1022 6.4
    endloop
  endfacet
  facet normal 0 0 1
    outer loop
      vertex 60.7235 80.1022 6.4
      vertex 61.5 81.9 6.4
      vertex 61.079 81.9837 6.4
    endloop
  endfacet
  facet normal 0 0 1
    outer loop
      vertex 61.5 81.9 6.4
      vertex 60.7235 80.1022 6.4
      vertex 61.5 80 6.4
    endloop
  endfacet
  facet normal 0 0 1
    outer loop
      vertex 60 80.4019 6.4
      vertex 61.079 81.9837 6.4
      vertex 60.7222 82.2222 6.4
    endloop
  endfacet
  facet normal 0 0 1
    outer loop
      vertex 58.9019 81.5 6.4
      vertex 60.7222 82.2222 6.4
      vertex 60.4837 82.579 6.4
    endloop
  endfacet
  facet normal 0 0 1
    outer loop
      vertex 58.6022 82.2235 6.4
      vertex 60.4837 82.579 6.4
      vertex 60.4 83 6.4
    endloop
  endfacet
  facet normal 0 0 1
    outer loop
      vertex 60.7222 83.7778 6.4
      vertex 58.9019 84.5 6.4
      vertex 60.4837 83.421 6.4
    endloop
  endfacet
  facet normal 0 0 1
    outer loop
      vertex 61.079 81.9837 6.4
      vertex 60 80.4019 6.4
      vertex 60.7235 80.1022 6.4
    endloop
  endfacet
  facet normal -0 0 1
    outer loop
      vertex 58.6022 83.7765 6.4
      vertex 60.4837 83.421 6.4
      vertex 58.9019 84.5 6.4
    endloop
  endfacet
  facet normal 0 0 1
    outer loop
      vertex 60.7222 82.2222 6.4
      vertex 59.3787 80.8787 6.4
      vertex 60 80.4019 6.4
    endloop
  endfacet
  facet normal 0 0 1
    outer loop
      vertex 60.4837 83.421 6.4
      vertex 58.6022 83.7765 6.4
      vertex 60.4 83 6.4
    endloop
  endfacet
  facet normal 0 0 1
    outer loop
      vertex 60.7222 82.2222 6.4
      vertex 58.9019 81.5 6.4
      vertex 59.3787 80.8787 6.4
    endloop
  endfacet
  facet normal 0 0 1
    outer loop
      vertex 58.5 83 6.4
      vertex 60.4 83 6.4
      vertex 58.6022 83.7765 6.4
    endloop
  endfacet
  facet normal 0 0 1
    outer loop
      vertex 60.4837 82.579 6.4
      vertex 58.6022 82.2235 6.4
      vertex 58.9019 81.5 6.4
    endloop
  endfacet
  facet normal 0 0 1
    outer loop
      vertex 60.4 83 6.4
      vertex 58.5 83 6.4
      vertex 58.6022 82.2235 6.4
    endloop
  endfacet
  facet normal -0.923872 0.382701 0
    outer loop
      vertex 58.6022 83.7765 2.4
      vertex 58.9019 84.5 6.4
      vertex 58.9019 84.5 2.4
    endloop
  endfacet
  facet normal -0.923872 0.382701 0
    outer loop
      vertex 58.9019 84.5 6.4
      vertex 58.6022 83.7765 2.4
      vertex 58.6022 83.7765 6.4
    endloop
  endfacet
  facet normal 0.555721 -0.831369 0
    outer loop
      vertex 60.7222 83.7778 2.4
      vertex 61.079 84.0163 6.4
      vertex 60.7222 83.7778 6.4
    endloop
  endfacet
  facet normal 0.555721 -0.831369 0
    outer loop
      vertex 61.079 84.0163 6.4
      vertex 60.7222 83.7778 2.4
      vertex 61.079 84.0163 2.4
    endloop
  endfacet
  facet normal -0.831369 -0.555721 0
    outer loop
      vertex 62.5163 83.421 2.4
      vertex 62.2778 83.7778 6.4
      vertex 62.2778 83.7778 2.4
    endloop
  endfacet
  facet normal -0.831369 -0.555721 0
    outer loop
      vertex 62.2778 83.7778 6.4
      vertex 62.5163 83.421 2.4
      vertex 62.5163 83.421 6.4
    endloop
  endfacet
  facet normal -0.980804 -0.194996 0
    outer loop
      vertex 62.6 83 2.4
      vertex 62.5163 83.421 6.4
      vertex 62.5163 83.421 2.4
    endloop
  endfacet
  facet normal -0.980804 -0.194996 0
    outer loop
      vertex 62.5163 83.421 6.4
      vertex 62.6 83 2.4
      vertex 62.6 83 6.4
    endloop
  endfacet
  facet normal 0.831369 -0.555721 0
    outer loop
      vertex 60.4837 83.421 6.4
      vertex 60.7222 83.7778 2.4
      vertex 60.7222 83.7778 6.4
    endloop
  endfacet
  facet normal 0.831369 -0.555721 0
    outer loop
      vertex 60.7222 83.7778 2.4
      vertex 60.4837 83.421 6.4
      vertex 60.4837 83.421 2.4
    endloop
  endfacet
  facet normal 0.194996 0.980804 -0
    outer loop
      vertex 61.5 81.9 2.4
      vertex 61.079 81.9837 6.4
      vertex 61.5 81.9 6.4
    endloop
  endfacet
  facet normal 0.194996 0.980804 0
    outer loop
      vertex 61.079 81.9837 6.4
      vertex 61.5 81.9 2.4
      vertex 61.079 81.9837 2.4
    endloop
  endfacet
  facet normal -0.194996 0.980804 0
    outer loop
      vertex 61.921 81.9837 2.4
      vertex 61.5 81.9 6.4
      vertex 61.921 81.9837 6.4
    endloop
  endfacet
  facet normal -0.194996 0.980804 0
    outer loop
      vertex 61.5 81.9 6.4
      vertex 61.921 81.9837 2.4
      vertex 61.5 81.9 2.4
    endloop
  endfacet
  facet normal -0.555721 0.831369 0
    outer loop
      vertex 62.2778 82.2222 2.4
      vertex 61.921 81.9837 6.4
      vertex 62.2778 82.2222 6.4
    endloop
  endfacet
  facet normal -0.555721 0.831369 0
    outer loop
      vertex 61.921 81.9837 6.4
      vertex 62.2778 82.2222 2.4
      vertex 61.921 81.9837 2.4
    endloop
  endfacet
  facet normal -0.831369 0.555721 0
    outer loop
      vertex 62.2778 82.2222 2.4
      vertex 62.5163 82.579 6.4
      vertex 62.5163 82.579 2.4
    endloop
  endfacet
  facet normal -0.831369 0.555721 0
    outer loop
      vertex 62.5163 82.579 6.4
      vertex 62.2778 82.2222 2.4
      vertex 62.2778 82.2222 6.4
    endloop
  endfacet
  facet normal 0.980804 -0.194996 0
    outer loop
      vertex 60.4 83 6.4
      vertex 60.4837 83.421 2.4
      vertex 60.4837 83.421 6.4
    endloop
  endfacet
  facet normal 0.980804 -0.194996 0
    outer loop
      vertex 60.4837 83.421 2.4
      vertex 60.4 83 6.4
      vertex 60.4 83 2.4
    endloop
  endfacet
  facet normal -0.980804 0.194996 0
    outer loop
      vertex 62.5163 82.579 2.4
      vertex 62.6 83 6.4
      vertex 62.6 83 2.4
    endloop
  endfacet
  facet normal -0.980804 0.194996 0
    outer loop
      vertex 62.6 83 6.4
      vertex 62.5163 82.579 2.4
      vertex 62.5163 82.579 6.4
    endloop
  endfacet
  facet normal 0.194996 -0.980804 0
    outer loop
      vertex 61.079 84.0163 2.4
      vertex 61.5 84.1 6.4
      vertex 61.079 84.0163 6.4
    endloop
  endfacet
  facet normal 0.194996 -0.980804 0
    outer loop
      vertex 61.5 84.1 6.4
      vertex 61.079 84.0163 2.4
      vertex 61.5 84.1 2.4
    endloop
  endfacet
  facet normal -0.194996 -0.980804 0
    outer loop
      vertex 61.5 84.1 2.4
      vertex 61.921 84.0163 6.4
      vertex 61.5 84.1 6.4
    endloop
  endfacet
  facet normal -0.194996 -0.980804 -0
    outer loop
      vertex 61.921 84.0163 6.4
      vertex 61.5 84.1 2.4
      vertex 61.921 84.0163 2.4
    endloop
  endfacet
  facet normal 0.831369 0.555721 0
    outer loop
      vertex 60.7222 82.2222 6.4
      vertex 60.4837 82.579 2.4
      vertex 60.4837 82.579 6.4
    endloop
  endfacet
  facet normal 0.831369 0.555721 0
    outer loop
      vertex 60.4837 82.579 2.4
      vertex 60.7222 82.2222 6.4
      vertex 60.7222 82.2222 2.4
    endloop
  endfacet
  facet normal -0.555721 -0.831369 0
    outer loop
      vertex 61.921 84.0163 2.4
      vertex 62.2778 83.7778 6.4
      vertex 61.921 84.0163 6.4
    endloop
  endfacet
  facet normal -0.555721 -0.831369 -0
    outer loop
      vertex 62.2778 83.7778 6.4
      vertex 61.921 84.0163 2.4
      vertex 62.2778 83.7778 2.4
    endloop
  endfacet
  facet normal 0.980804 0.194996 0
    outer loop
      vertex 60.4837 82.579 6.4
      vertex 60.4 83 2.4
      vertex 60.4 83 6.4
    endloop
  endfacet
  facet normal 0.980804 0.194996 0
    outer loop
      vertex 60.4 83 2.4
      vertex 60.4837 82.579 6.4
      vertex 60.4837 82.579 2.4
    endloop
  endfacet
  facet normal 0.555721 0.831369 -0
    outer loop
      vertex 61.079 81.9837 2.4
      vertex 60.7222 82.2222 6.4
      vertex 61.079 81.9837 6.4
    endloop
  endfacet
  facet normal 0.555721 0.831369 0
    outer loop
      vertex 60.7222 82.2222 6.4
      vertex 61.079 81.9837 2.4
      vertex 60.7222 82.2222 2.4
    endloop
  endfacet
endsolid OpenSCAD_Model
