solid OpenSCAD_Model
  facet normal 0 0 -1
    outer loop
      vertex 0 0 0
      vertex 167.2 97.2 0
      vertex 167.2 0 0
    endloop
  endfacet
  facet normal -0 0 -1
    outer loop
      vertex 167.2 97.2 0
      vertex 0 0 0
      vertex 0 97.2 0
    endloop
  endfacet
  facet normal 1 0 0
    outer loop
      vertex 167.2 21.3092 30.8913
      vertex 167.2 17.98 20.8263
      vertex 167.2 18.1 20.6468
    endloop
  endfacet
  facet normal 1 0 0
    outer loop
      vertex 167.2 20.3908 30.8913
      vertex 167.2 17.7213 21.1213
      vertex 167.2 17.98 20.8263
    endloop
  endfacet
  facet normal 1 0 0
    outer loop
      vertex 167.2 20.3908 30.8913
      vertex 167.2 17.4263 21.3801
      vertex 167.2 17.7213 21.1213
    endloop
  endfacet
  facet normal 1 0 0
    outer loop
      vertex 167.2 20.3908 30.8913
      vertex 167.2 17.1 21.5981
      vertex 167.2 17.4263 21.3801
    endloop
  endfacet
  facet normal 1 0 0
    outer loop
      vertex 167.2 20.3908 30.8913
      vertex 167.2 16.748 21.7716
      vertex 167.2 17.1 21.5981
    endloop
  endfacet
  facet normal 1 0 0
    outer loop
      vertex 167.2 20.3908 30.8913
      vertex 167.2 16.3764 21.8978
      vertex 167.2 16.748 21.7716
    endloop
  endfacet
  facet normal 1 0 0
    outer loop
      vertex 167.2 20.1875 31
      vertex 167.2 15.9916 21.9743
      vertex 167.2 16.3764 21.8978
    endloop
  endfacet
  facet normal 1 0 0
    outer loop
      vertex 167.2 20.1875 31
      vertex 167.2 15.6 22
      vertex 167.2 15.9916 21.9743
    endloop
  endfacet
  facet normal 1 0 0
    outer loop
      vertex 167.2 20.1875 31
      vertex 167.2 15.2084 21.9743
      vertex 167.2 15.6 22
    endloop
  endfacet
  facet normal 1 0 0
    outer loop
      vertex 167.2 20.1875 31
      vertex 167.2 14.8236 21.8978
      vertex 167.2 15.2084 21.9743
    endloop
  endfacet
  facet normal 1 0 0
    outer loop
      vertex 167.2 20.1875 31
      vertex 167.2 14.452 21.7716
      vertex 167.2 14.8236 21.8978
    endloop
  endfacet
  facet normal 1 -0 0
    outer loop
      vertex 167.2 0 31
      vertex 167.2 14.452 21.7716
      vertex 167.2 20.1875 31
    endloop
  endfacet
  facet normal 1 0 0
    outer loop
      vertex 167.2 14.452 21.7716
      vertex 167.2 0 31
      vertex 167.2 14.1 21.5981
    endloop
  endfacet
  facet normal 1 0 0
    outer loop
      vertex 167.2 14.1 21.5981
      vertex 167.2 0 31
      vertex 167.2 13.7737 21.3801
    endloop
  endfacet
  facet normal 1 0 0
    outer loop
      vertex 167.2 13.7737 21.3801
      vertex 167.2 0 31
      vertex 167.2 13.4787 21.1213
    endloop
  endfacet
  facet normal 1 0 0
    outer loop
      vertex 167.2 12.6257 19.3916
      vertex 167.2 0 31
      vertex 167.2 12.6 19
    endloop
  endfacet
  facet normal 1 0 0
    outer loop
      vertex 167.2 12.7022 19.7764
      vertex 167.2 0 31
      vertex 167.2 12.6257 19.3916
    endloop
  endfacet
  facet normal 1 0 0
    outer loop
      vertex 167.2 12.8284 20.148
      vertex 167.2 0 31
      vertex 167.2 12.7022 19.7764
    endloop
  endfacet
  facet normal 1 0 0
    outer loop
      vertex 167.2 13.0019 20.5
      vertex 167.2 0 31
      vertex 167.2 12.8284 20.148
    endloop
  endfacet
  facet normal 1 0 0
    outer loop
      vertex 167.2 13.2199 20.8263
      vertex 167.2 0 31
      vertex 167.2 13.0019 20.5
    endloop
  endfacet
  facet normal 1 0 0
    outer loop
      vertex 167.2 13.4787 21.1213
      vertex 167.2 0 31
      vertex 167.2 13.2199 20.8263
    endloop
  endfacet
  facet normal 1 -0 0
    outer loop
      vertex 167.2 75.5231 13.7804
      vertex 167.2 97.2 0
      vertex 167.2 97.2 31
    endloop
  endfacet
  facet normal 1 0 0
    outer loop
      vertex 167.2 97.2 0
      vertex 167.2 75.5231 13.7804
      vertex 167.2 75.6 13
    endloop
  endfacet
  facet normal 1 0 0
    outer loop
      vertex 167.2 97.2 31
      vertex 167.2 75.2955 14.5307
      vertex 167.2 75.5231 13.7804
    endloop
  endfacet
  facet normal 1 0 0
    outer loop
      vertex 167.2 97.2 31
      vertex 167.2 74.9259 15.2223
      vertex 167.2 75.2955 14.5307
    endloop
  endfacet
  facet normal 1 0 0
    outer loop
      vertex 167.2 97.2 31
      vertex 167.2 74.4284 15.8284
      vertex 167.2 74.9259 15.2223
    endloop
  endfacet
  facet normal 1 0 0
    outer loop
      vertex 167.2 97.2 31
      vertex 167.2 73.8223 16.3259
      vertex 167.2 74.4284 15.8284
    endloop
  endfacet
  facet normal 1 0 0
    outer loop
      vertex 167.2 97.2 31
      vertex 167.2 73.1307 16.6955
      vertex 167.2 73.8223 16.3259
    endloop
  endfacet
  facet normal 1 0 0
    outer loop
      vertex 167.2 97.2 31
      vertex 167.2 72.3804 16.9231
      vertex 167.2 73.1307 16.6955
    endloop
  endfacet
  facet normal 1 0 0
    outer loop
      vertex 167.2 97.2 31
      vertex 167.2 71.6 17
      vertex 167.2 72.3804 16.9231
    endloop
  endfacet
  facet normal 1 -0 0
    outer loop
      vertex 167.2 47.0125 31
      vertex 167.2 71.6 17
      vertex 167.2 97.2 31
    endloop
  endfacet
  facet normal 1 0 0
    outer loop
      vertex 167.2 71.6 17
      vertex 167.2 47.0125 31
      vertex 167.2 70.8196 16.9231
    endloop
  endfacet
  facet normal 1 0 0
    outer loop
      vertex 167.2 67.6769 13.7804
      vertex 167.2 63.6 13.4
      vertex 167.2 67.6 13
    endloop
  endfacet
  facet normal 1 0 0
    outer loop
      vertex 167.2 67.9045 14.5307
      vertex 167.2 63.6 13.4
      vertex 167.2 67.6769 13.7804
    endloop
  endfacet
  facet normal 1 0 0
    outer loop
      vertex 167.2 68.2741 15.2223
      vertex 167.2 63.6 13.4
      vertex 167.2 67.9045 14.5307
    endloop
  endfacet
  facet normal 1 0 0
    outer loop
      vertex 167.2 68.7716 15.8284
      vertex 167.2 63.6 13.4
      vertex 167.2 68.2741 15.2223
    endloop
  endfacet
  facet normal 1 0 0
    outer loop
      vertex 167.2 69.3777 16.3259
      vertex 167.2 63.6 13.4
      vertex 167.2 68.7716 15.8284
    endloop
  endfacet
  facet normal 1 0 0
    outer loop
      vertex 167.2 47.0125 31
      vertex 167.2 69.3777 16.3259
      vertex 167.2 70.0693 16.6955
    endloop
  endfacet
  facet normal 1 0 0
    outer loop
      vertex 167.2 70.8196 16.9231
      vertex 167.2 47.0125 31
      vertex 167.2 70.0693 16.6955
    endloop
  endfacet
  facet normal 1 0 0
    outer loop
      vertex 167.2 69.3777 16.3259
      vertex 167.2 47.0125 31
      vertex 167.2 63.6 13.4
    endloop
  endfacet
  facet normal 1 -0 0
    outer loop
      vertex 167.2 46.8092 30.8913
      vertex 167.2 48.6 13.4
      vertex 167.2 47.0125 31
    endloop
  endfacet
  facet normal 1 0 0
    outer loop
      vertex 167.2 63.6 13.4
      vertex 167.2 47.0125 31
      vertex 167.2 48.6 13.4
    endloop
  endfacet
  facet normal 1 -0 0
    outer loop
      vertex 167.2 75.5231 12.2196
      vertex 167.2 97.2 0
      vertex 167.2 75.6 13
    endloop
  endfacet
  facet normal 1 -0 0
    outer loop
      vertex 167.2 75.2955 11.4693
      vertex 167.2 97.2 0
      vertex 167.2 75.5231 12.2196
    endloop
  endfacet
  facet normal 1 -0 0
    outer loop
      vertex 167.2 74.9259 10.7777
      vertex 167.2 97.2 0
      vertex 167.2 75.2955 11.4693
    endloop
  endfacet
  facet normal 1 -0 0
    outer loop
      vertex 167.2 74.4284 10.1716
      vertex 167.2 97.2 0
      vertex 167.2 74.9259 10.7777
    endloop
  endfacet
  facet normal 1 -0 0
    outer loop
      vertex 167.2 73.8223 9.67412
      vertex 167.2 97.2 0
      vertex 167.2 74.4284 10.1716
    endloop
  endfacet
  facet normal 1 -0 0
    outer loop
      vertex 167.2 73.1307 9.30448
      vertex 167.2 97.2 0
      vertex 167.2 73.8223 9.67412
    endloop
  endfacet
  facet normal 1 -0 0
    outer loop
      vertex 167.2 72.3804 9.07686
      vertex 167.2 97.2 0
      vertex 167.2 73.1307 9.30448
    endloop
  endfacet
  facet normal 1 0 0
    outer loop
      vertex 167.2 63.6 5.4
      vertex 167.2 72.3804 9.07686
      vertex 167.2 71.6 9
    endloop
  endfacet
  facet normal 1 0 0
    outer loop
      vertex 167.2 63.6 5.4
      vertex 167.2 71.6 9
      vertex 167.2 70.8196 9.07686
    endloop
  endfacet
  facet normal 1 0 0
    outer loop
      vertex 167.2 63.6 5.4
      vertex 167.2 70.8196 9.07686
      vertex 167.2 70.0693 9.30448
    endloop
  endfacet
  facet normal 1 0 0
    outer loop
      vertex 167.2 63.6 13.4
      vertex 167.2 67.6769 12.2196
      vertex 167.2 67.6 13
    endloop
  endfacet
  facet normal 1 0 0
    outer loop
      vertex 167.2 63.6 13.4
      vertex 167.2 67.9045 11.4693
      vertex 167.2 67.6769 12.2196
    endloop
  endfacet
  facet normal 1 0 0
    outer loop
      vertex 167.2 63.6 5.4
      vertex 167.2 67.9045 11.4693
      vertex 167.2 63.6 13.4
    endloop
  endfacet
  facet normal 1 0 0
    outer loop
      vertex 167.2 67.9045 11.4693
      vertex 167.2 63.6 5.4
      vertex 167.2 68.2741 10.7777
    endloop
  endfacet
  facet normal 1 0 0
    outer loop
      vertex 167.2 68.2741 10.7777
      vertex 167.2 63.6 5.4
      vertex 167.2 68.7716 10.1716
    endloop
  endfacet
  facet normal 1 0 0
    outer loop
      vertex 167.2 68.7716 10.1716
      vertex 167.2 63.6 5.4
      vertex 167.2 69.3777 9.67412
    endloop
  endfacet
  facet normal 1 0 0
    outer loop
      vertex 167.2 63.6 5.4
      vertex 167.2 70.0693 9.30448
      vertex 167.2 69.3777 9.67412
    endloop
  endfacet
  facet normal 1 0 0
    outer loop
      vertex 167.2 72.3804 9.07686
      vertex 167.2 63.6 5.4
      vertex 167.2 97.2 0
    endloop
  endfacet
  facet normal 1 -0 0
    outer loop
      vertex 167.2 48.6 5.4
      vertex 167.2 97.2 0
      vertex 167.2 63.6 5.4
    endloop
  endfacet
  facet normal 1 -0 0
    outer loop
      vertex 167.2 46.5841 30.8231
      vertex 167.2 48.6 13.4
      vertex 167.2 46.8092 30.8913
    endloop
  endfacet
  facet normal 1 -0 0
    outer loop
      vertex 167.2 46.35 30.8
      vertex 167.2 48.6 13.4
      vertex 167.2 46.5841 30.8231
    endloop
  endfacet
  facet normal 1 0 0
    outer loop
      vertex 167.2 46.1159 30.8231
      vertex 167.2 48.6 13.4
      vertex 167.2 46.35 30.8
    endloop
  endfacet
  facet normal 1 -0 0
    outer loop
      vertex 167.2 36.9234 28.6766
      vertex 167.2 48.6 13.4
      vertex 167.2 46.1159 30.8231
    endloop
  endfacet
  facet normal 1 0 0
    outer loop
      vertex 167.2 36.9234 28.6766
      vertex 167.2 46.1159 30.8231
      vertex 167.2 45.8908 30.8913
    endloop
  endfacet
  facet normal 1 0 0
    outer loop
      vertex 167.2 37.5079 29.3888
      vertex 167.2 45.8908 30.8913
      vertex 167.2 45.6875 31
    endloop
  endfacet
  facet normal 1 0 0
    outer loop
      vertex 167.2 37.9422 30.2014
      vertex 167.2 45.6875 31
      vertex 167.2 38.1845 31
    endloop
  endfacet
  facet normal 1 0 0
    outer loop
      vertex 167.2 37.5079 29.3888
      vertex 167.2 45.6875 31
      vertex 167.2 37.9422 30.2014
    endloop
  endfacet
  facet normal 1 0 0
    outer loop
      vertex 167.2 45.8908 30.8913
      vertex 167.2 37.5079 29.3888
      vertex 167.2 36.9234 28.6766
    endloop
  endfacet
  facet normal 1 0 0
    outer loop
      vertex 167.2 48.6 13.4
      vertex 167.2 36.9234 28.6766
      vertex 167.2 36.2112 28.0921
    endloop
  endfacet
  facet normal 1 -0 0
    outer loop
      vertex 167.2 35.3986 27.6578
      vertex 167.2 48.6 13.4
      vertex 167.2 36.2112 28.0921
    endloop
  endfacet
  facet normal 1 -0 0
    outer loop
      vertex 167.2 34.5169 27.3903
      vertex 167.2 48.6 13.4
      vertex 167.2 35.3986 27.6578
    endloop
  endfacet
  facet normal 1 -0 0
    outer loop
      vertex 167.2 33.6 27.3
      vertex 167.2 48.6 13.4
      vertex 167.2 34.5169 27.3903
    endloop
  endfacet
  facet normal 1 -0 0
    outer loop
      vertex 167.2 18.1 17.3532
      vertex 167.2 48.6 13.4
      vertex 167.2 33.6 27.3
    endloop
  endfacet
  facet normal 1 0 0
    outer loop
      vertex 167.2 18.1 17.3532
      vertex 167.2 33.6 27.3
      vertex 167.2 32.6831 27.3903
    endloop
  endfacet
  facet normal 1 0 0
    outer loop
      vertex 167.2 18.1 17.3532
      vertex 167.2 32.6831 27.3903
      vertex 167.2 31.8014 27.6578
    endloop
  endfacet
  facet normal 1 0 0
    outer loop
      vertex 167.2 18.1 20.6468
      vertex 167.2 31.8014 27.6578
      vertex 167.2 30.9888 28.0921
    endloop
  endfacet
  facet normal 1 0 0
    outer loop
      vertex 167.2 18.1 20.6468
      vertex 167.2 30.9888 28.0921
      vertex 167.2 30.2766 28.6766
    endloop
  endfacet
  facet normal 1 0 0
    outer loop
      vertex 167.2 21.3092 30.8913
      vertex 167.2 30.2766 28.6766
      vertex 167.2 29.6921 29.3888
    endloop
  endfacet
  facet normal 1 -0 0
    outer loop
      vertex 167.2 21.5125 31
      vertex 167.2 29.2578 30.2014
      vertex 167.2 29.0155 31
    endloop
  endfacet
  facet normal 1 0 0
    outer loop
      vertex 167.2 21.5125 31
      vertex 167.2 29.6921 29.3888
      vertex 167.2 29.2578 30.2014
    endloop
  endfacet
  facet normal 1 -0 0
    outer loop
      vertex 167.2 21.3092 30.8913
      vertex 167.2 29.6921 29.3888
      vertex 167.2 21.5125 31
    endloop
  endfacet
  facet normal 1 0 0
    outer loop
      vertex 167.2 30.2766 28.6766
      vertex 167.2 21.3092 30.8913
      vertex 167.2 18.1 20.6468
    endloop
  endfacet
  facet normal 1 0 0
    outer loop
      vertex 167.2 17.98 20.8263
      vertex 167.2 21.3092 30.8913
      vertex 167.2 21.0841 30.8231
    endloop
  endfacet
  facet normal 1 0 0
    outer loop
      vertex 167.2 17.98 20.8263
      vertex 167.2 21.0841 30.8231
      vertex 167.2 20.85 30.8
    endloop
  endfacet
  facet normal 1 0 0
    outer loop
      vertex 167.2 17.98 20.8263
      vertex 167.2 20.85 30.8
      vertex 167.2 20.6159 30.8231
    endloop
  endfacet
  facet normal 1 0 0
    outer loop
      vertex 167.2 17.98 20.8263
      vertex 167.2 20.6159 30.8231
      vertex 167.2 20.3908 30.8913
    endloop
  endfacet
  facet normal 1 0 0
    outer loop
      vertex 167.2 16.3764 21.8978
      vertex 167.2 20.3908 30.8913
      vertex 167.2 20.1875 31
    endloop
  endfacet
  facet normal 1 0 0
    outer loop
      vertex 167.2 31.8014 27.6578
      vertex 167.2 18.1 20.6468
      vertex 167.2 18.1 17.3532
    endloop
  endfacet
  facet normal 1 0 0
    outer loop
      vertex 167.2 48.6 13.4
      vertex 167.2 18.1 17.3532
      vertex 167.2 48.6 5.4
    endloop
  endfacet
  facet normal 1 -0 0
    outer loop
      vertex 167.2 17.98 17.1737
      vertex 167.2 48.6 5.4
      vertex 167.2 18.1 17.3532
    endloop
  endfacet
  facet normal 1 -0 0
    outer loop
      vertex 167.2 17.7213 16.8787
      vertex 167.2 48.6 5.4
      vertex 167.2 17.98 17.1737
    endloop
  endfacet
  facet normal 1 -0 0
    outer loop
      vertex 167.2 17.4263 16.6199
      vertex 167.2 48.6 5.4
      vertex 167.2 17.7213 16.8787
    endloop
  endfacet
  facet normal 1 -0 0
    outer loop
      vertex 167.2 17.1 16.4019
      vertex 167.2 48.6 5.4
      vertex 167.2 17.4263 16.6199
    endloop
  endfacet
  facet normal 1 -0 0
    outer loop
      vertex 167.2 16.748 16.2284
      vertex 167.2 48.6 5.4
      vertex 167.2 17.1 16.4019
    endloop
  endfacet
  facet normal 1 0 0
    outer loop
      vertex 167.2 0 0
      vertex 167.2 16.748 16.2284
      vertex 167.2 16.3764 16.1022
    endloop
  endfacet
  facet normal 1 0 0
    outer loop
      vertex 167.2 0 0
      vertex 167.2 16.3764 16.1022
      vertex 167.2 15.9916 16.0257
    endloop
  endfacet
  facet normal 1 0 0
    outer loop
      vertex 167.2 0 0
      vertex 167.2 15.9916 16.0257
      vertex 167.2 15.6 16
    endloop
  endfacet
  facet normal 1 0 0
    outer loop
      vertex 167.2 0 0
      vertex 167.2 15.6 16
      vertex 167.2 15.2084 16.0257
    endloop
  endfacet
  facet normal 1 0 0
    outer loop
      vertex 167.2 0 0
      vertex 167.2 15.2084 16.0257
      vertex 167.2 14.8236 16.1022
    endloop
  endfacet
  facet normal 1 0 0
    outer loop
      vertex 167.2 0 31
      vertex 167.2 12.6257 18.6084
      vertex 167.2 12.6 19
    endloop
  endfacet
  facet normal 1 0 0
    outer loop
      vertex 167.2 0 0
      vertex 167.2 12.6257 18.6084
      vertex 167.2 0 31
    endloop
  endfacet
  facet normal 1 0 0
    outer loop
      vertex 167.2 12.6257 18.6084
      vertex 167.2 0 0
      vertex 167.2 12.7022 18.2236
    endloop
  endfacet
  facet normal 1 0 0
    outer loop
      vertex 167.2 12.7022 18.2236
      vertex 167.2 0 0
      vertex 167.2 12.8284 17.852
    endloop
  endfacet
  facet normal 1 0 0
    outer loop
      vertex 167.2 12.8284 17.852
      vertex 167.2 0 0
      vertex 167.2 13.0019 17.5
    endloop
  endfacet
  facet normal 1 0 0
    outer loop
      vertex 167.2 13.0019 17.5
      vertex 167.2 0 0
      vertex 167.2 13.2199 17.1737
    endloop
  endfacet
  facet normal 1 0 0
    outer loop
      vertex 167.2 48.6 5.4
      vertex 167.2 0 0
      vertex 167.2 97.2 0
    endloop
  endfacet
  facet normal 1 0 0
    outer loop
      vertex 167.2 16.748 16.2284
      vertex 167.2 0 0
      vertex 167.2 48.6 5.4
    endloop
  endfacet
  facet normal 1 0 0
    outer loop
      vertex 167.2 14.452 16.2284
      vertex 167.2 0 0
      vertex 167.2 14.8236 16.1022
    endloop
  endfacet
  facet normal 1 0 0
    outer loop
      vertex 167.2 14.1 16.4019
      vertex 167.2 0 0
      vertex 167.2 14.452 16.2284
    endloop
  endfacet
  facet normal 1 0 0
    outer loop
      vertex 167.2 13.7737 16.6199
      vertex 167.2 0 0
      vertex 167.2 14.1 16.4019
    endloop
  endfacet
  facet normal 1 0 0
    outer loop
      vertex 167.2 13.4787 16.8787
      vertex 167.2 0 0
      vertex 167.2 13.7737 16.6199
    endloop
  endfacet
  facet normal 1 0 0
    outer loop
      vertex 167.2 13.2199 17.1737
      vertex 167.2 0 0
      vertex 167.2 13.4787 16.8787
    endloop
  endfacet
  facet normal -1 0 0
    outer loop
      vertex 0 86.6 12.4
      vertex 0 97.2 0
      vertex 0 86.6 5.4
    endloop
  endfacet
  facet normal -1 0 0
    outer loop
      vertex 0 97.2 0
      vertex 0 69.6 5.4
      vertex 0 86.6 5.4
    endloop
  endfacet
  facet normal -1 0 0
    outer loop
      vertex 0 69.6 5.4
      vertex 0 61.6 5.4
      vertex 0 69.6 12.4
    endloop
  endfacet
  facet normal -1 0 0
    outer loop
      vertex 0 97.2 0
      vertex 0 61.6 5.4
      vertex 0 69.6 5.4
    endloop
  endfacet
  facet normal -1 0 0
    outer loop
      vertex 0 97.2 0
      vertex 0 43.6 5.4
      vertex 0 61.6 5.4
    endloop
  endfacet
  facet normal -1 0 0
    outer loop
      vertex 0 41.6 8.4
      vertex 0 43.6 5.4
      vertex 0 41.6 5.4
    endloop
  endfacet
  facet normal -1 0 0
    outer loop
      vertex 0 0 0
      vertex 0 43.6 5.4
      vertex 0 97.2 0
    endloop
  endfacet
  facet normal -1 -0 0
    outer loop
      vertex 0 43.6 5.4
      vertex 0 0 0
      vertex 0 41.6 5.4
    endloop
  endfacet
  facet normal -1 0 0
    outer loop
      vertex 0 24.6 5.4
      vertex 0 22.6 5.4
      vertex 0 24.6 8.4
    endloop
  endfacet
  facet normal -1 -0 0
    outer loop
      vertex 0 41.6 5.4
      vertex 0 0 0
      vertex 0 24.6 5.4
    endloop
  endfacet
  facet normal -1 -0 0
    outer loop
      vertex 0 24.6 5.4
      vertex 0 0 0
      vertex 0 22.6 5.4
    endloop
  endfacet
  facet normal -1 -0 0
    outer loop
      vertex 0 13.6 5.4
      vertex 0 0 0
      vertex 0 13.6 10.4
    endloop
  endfacet
  facet normal -1 -0 0
    outer loop
      vertex 0 22.6 5.4
      vertex 0 0 0
      vertex 0 13.6 5.4
    endloop
  endfacet
  facet normal -1 0 0
    outer loop
      vertex 0 97.2 0
      vertex 0 86.6 12.4
      vertex 0 97.2 31
    endloop
  endfacet
  facet normal -1 0 0
    outer loop
      vertex 0 69.6 12.4
      vertex 0 97.2 31
      vertex 0 86.6 12.4
    endloop
  endfacet
  facet normal -1 0 0
    outer loop
      vertex 0 61.6 12.4
      vertex 0 69.6 12.4
      vertex 0 61.6 5.4
    endloop
  endfacet
  facet normal -1 0 0
    outer loop
      vertex 0 61.6 12.4
      vertex 0 97.2 31
      vertex 0 69.6 12.4
    endloop
  endfacet
  facet normal -1 0 0
    outer loop
      vertex 0 43.6 12.4
      vertex 0 97.2 31
      vertex 0 61.6 12.4
    endloop
  endfacet
  facet normal -1 0 0
    outer loop
      vertex 0 43.6 5.4
      vertex 0 41.6 8.4
      vertex 0 43.6 12.4
    endloop
  endfacet
  facet normal -1 0 0
    outer loop
      vertex 0 24.6 8.4
      vertex 0 43.6 12.4
      vertex 0 41.6 8.4
    endloop
  endfacet
  facet normal -1 0 0
    outer loop
      vertex 0 22.6 10.4
      vertex 0 43.6 12.4
      vertex 0 24.6 8.4
    endloop
  endfacet
  facet normal -1 0 0
    outer loop
      vertex 0 22.6 10.4
      vertex 0 24.6 8.4
      vertex 0 22.6 5.4
    endloop
  endfacet
  facet normal -1 0 0
    outer loop
      vertex 0 0 31
      vertex 0 43.6 12.4
      vertex 0 22.6 10.4
    endloop
  endfacet
  facet normal -1 0 0
    outer loop
      vertex 0 0 31
      vertex 0 22.6 10.4
      vertex 0 13.6 10.4
    endloop
  endfacet
  facet normal -1 0 0
    outer loop
      vertex 0 43.6 12.4
      vertex 0 0 31
      vertex 0 97.2 31
    endloop
  endfacet
  facet normal -1 0 0
    outer loop
      vertex 0 0 31
      vertex 0 13.6 10.4
      vertex 0 0 0
    endloop
  endfacet
  facet normal 0 -1 0
    outer loop
      vertex 53.6 0 5.4
      vertex 55.6 0 20.4
      vertex 53.6 0 23.4
    endloop
  endfacet
  facet normal 0 -1 -0
    outer loop
      vertex 55.6 0 20.4
      vertex 53.6 0 5.4
      vertex 55.6 0 5.4
    endloop
  endfacet
  facet normal 0 -1 0
    outer loop
      vertex 33.6 0 5.4
      vertex 35.6 0 23.4
      vertex 33.6 0 23.4
    endloop
  endfacet
  facet normal 0 -1 -0
    outer loop
      vertex 35.6 0 23.4
      vertex 33.6 0 5.4
      vertex 35.6 0 5.4
    endloop
  endfacet
  facet normal 0 -1 0
    outer loop
      vertex 33.6 0 23.4
      vertex 0 0 31
      vertex 16.6 0 23.4
    endloop
  endfacet
  facet normal 0 -1 0
    outer loop
      vertex 0 0 0
      vertex 16.6 0 23.4
      vertex 0 0 31
    endloop
  endfacet
  facet normal 0 -1 0
    outer loop
      vertex 0 0 0
      vertex 33.6 0 5.4
      vertex 16.6 0 5.4
    endloop
  endfacet
  facet normal 0 -1 -0
    outer loop
      vertex 33.6 0 5.4
      vertex 0 0 0
      vertex 35.6 0 5.4
    endloop
  endfacet
  facet normal 0 -1 -0
    outer loop
      vertex 35.6 0 5.4
      vertex 0 0 0
      vertex 53.6 0 5.4
    endloop
  endfacet
  facet normal 0 -1 -0
    outer loop
      vertex 53.6 0 5.4
      vertex 0 0 0
      vertex 55.6 0 5.4
    endloop
  endfacet
  facet normal 0 -1 -0
    outer loop
      vertex 55.6 0 5.4
      vertex 0 0 0
      vertex 75.6 0 5.4
    endloop
  endfacet
  facet normal 0 -1 -0
    outer loop
      vertex 16.6 0 23.4
      vertex 0 0 0
      vertex 16.6 0 5.4
    endloop
  endfacet
  facet normal 0 -1 0
    outer loop
      vertex 35.6 0 23.4
      vertex 0 0 31
      vertex 33.6 0 23.4
    endloop
  endfacet
  facet normal 0 -1 0
    outer loop
      vertex 53.6 0 23.4
      vertex 0 0 31
      vertex 35.6 0 23.4
    endloop
  endfacet
  facet normal 0 -1 0
    outer loop
      vertex 0 0 31
      vertex 53.6 0 23.4
      vertex 167.2 0 31
    endloop
  endfacet
  facet normal 0 -1 0
    outer loop
      vertex 75.6 0 20.4
      vertex 53.6 0 23.4
      vertex 55.6 0 20.4
    endloop
  endfacet
  facet normal 0 -1 0
    outer loop
      vertex 53.6 0 23.4
      vertex 75.6 0 20.4
      vertex 167.2 0 31
    endloop
  endfacet
  facet normal 0 -1 0
    outer loop
      vertex 167.2 0 0
      vertex 75.6 0 20.4
      vertex 75.6 0 5.4
    endloop
  endfacet
  facet normal 0 -1 0
    outer loop
      vertex 75.6 0 20.4
      vertex 167.2 0 0
      vertex 167.2 0 31
    endloop
  endfacet
  facet normal 0 -1 0
    outer loop
      vertex 167.2 0 0
      vertex 75.6 0 5.4
      vertex 0 0 0
    endloop
  endfacet
  facet normal 0 1 -0
    outer loop
      vertex 167.2 97.2 0
      vertex 0 97.2 31
      vertex 167.2 97.2 31
    endloop
  endfacet
  facet normal 0 1 0
    outer loop
      vertex 0 97.2 31
      vertex 167.2 97.2 0
      vertex 0 97.2 0
    endloop
  endfacet
  facet normal 0 0 1
    outer loop
      vertex 167.2 97.2 31
      vertex 164.8 94.8 31
      vertex 167.2 47.0125 31
    endloop
  endfacet
  facet normal 0 0 1
    outer loop
      vertex 167.2 97.2 31
      vertex 2.4 94.8 31
      vertex 164.8 94.8 31
    endloop
  endfacet
  facet normal 0 0 1
    outer loop
      vertex 2.4 94.8 31
      vertex 0 97.2 31
      vertex 2.4 2.4 31
    endloop
  endfacet
  facet normal -0 0 1
    outer loop
      vertex 0 97.2 31
      vertex 2.4 94.8 31
      vertex 167.2 97.2 31
    endloop
  endfacet
  facet normal 0 0 1
    outer loop
      vertex 167.2 47.0125 31
      vertex 164.8 94.8 31
      vertex 164.8 47.0125 31
    endloop
  endfacet
  facet normal 0 0 1
    outer loop
      vertex 164.8 2.4 31
      vertex 167.2 20.1875 31
      vertex 164.8 20.1875 31
    endloop
  endfacet
  facet normal 0 0 1
    outer loop
      vertex 167.2 20.1875 31
      vertex 164.8 2.4 31
      vertex 167.2 0 31
    endloop
  endfacet
  facet normal -0 0 1
    outer loop
      vertex 2.4 2.4 31
      vertex 167.2 0 31
      vertex 164.8 2.4 31
    endloop
  endfacet
  facet normal 0 0 1
    outer loop
      vertex 2.4 2.4 31
      vertex 0 0 31
      vertex 167.2 0 31
    endloop
  endfacet
  facet normal 0 0 1
    outer loop
      vertex 0 0 31
      vertex 2.4 2.4 31
      vertex 0 97.2 31
    endloop
  endfacet
  facet normal -0 0 1
    outer loop
      vertex 164.8 45.6875 31
      vertex 167.2 38.1845 31
      vertex 167.2 45.6875 31
    endloop
  endfacet
  facet normal 0 0 1
    outer loop
      vertex 167.2 38.1845 31
      vertex 164.8 45.6875 31
      vertex 164.8 38.1845 31
    endloop
  endfacet
  facet normal -0 0 1
    outer loop
      vertex 164.8 29.0155 31
      vertex 167.2 21.5125 31
      vertex 167.2 29.0155 31
    endloop
  endfacet
  facet normal 0 0 1
    outer loop
      vertex 167.2 21.5125 31
      vertex 164.8 29.0155 31
      vertex 164.8 21.5125 31
    endloop
  endfacet
  facet normal 0 0 1
    outer loop
      vertex 81.5213 88.4111 2.4
      vertex 9.47867 88.4111 2.4
      vertex 81.8322 88.0322 2.4
    endloop
  endfacet
  facet normal 0 0 1
    outer loop
      vertex 81.8322 9.16777 2.4
      vertex 9.85196 7.88773 2.4
      vertex 9.9 7.4 2.4
    endloop
  endfacet
  facet normal 0 0 1
    outer loop
      vertex 9.16777 88.0322 2.4
      vertex 81.8322 88.0322 2.4
      vertex 9.47867 88.4111 2.4
    endloop
  endfacet
  facet normal 0 0 1
    outer loop
      vertex 81.8322 9.16777 2.4
      vertex 9.7097 8.35671 2.4
      vertex 9.85196 7.88773 2.4
    endloop
  endfacet
  facet normal 0 0 1
    outer loop
      vertex 81.8322 88.0322 2.4
      vertex 9.16777 88.0322 2.4
      vertex 81.8322 9.16777 2.4
    endloop
  endfacet
  facet normal 0 0 1
    outer loop
      vertex 81.8322 9.16777 2.4
      vertex 9.47867 8.78893 2.4
      vertex 9.7097 8.35671 2.4
    endloop
  endfacet
  facet normal 0 0 1
    outer loop
      vertex 9.16777 9.16777 2.4
      vertex 81.8322 9.16777 2.4
      vertex 9.16777 88.0322 2.4
    endloop
  endfacet
  facet normal 0 0 1
    outer loop
      vertex 81.8322 9.16777 2.4
      vertex 9.16777 9.16777 2.4
      vertex 9.47867 8.78893 2.4
    endloop
  endfacet
  facet normal -0 0 1
    outer loop
      vertex 8.78893 87.7213 2.4
      vertex 9.16777 9.16777 2.4
      vertex 9.16777 88.0322 2.4
    endloop
  endfacet
  facet normal 0 0 1
    outer loop
      vertex 8.78893 87.7213 2.4
      vertex 8.78893 9.47867 2.4
      vertex 9.16777 9.16777 2.4
    endloop
  endfacet
  facet normal -0 0 1
    outer loop
      vertex 8.35671 87.4903 2.4
      vertex 8.78893 9.47867 2.4
      vertex 8.78893 87.7213 2.4
    endloop
  endfacet
  facet normal 0 0 1
    outer loop
      vertex 8.35671 87.4903 2.4
      vertex 8.35671 9.7097 2.4
      vertex 8.78893 9.47867 2.4
    endloop
  endfacet
  facet normal -0 0 1
    outer loop
      vertex 7.88773 87.348 2.4
      vertex 8.35671 9.7097 2.4
      vertex 8.35671 87.4903 2.4
    endloop
  endfacet
  facet normal 0 0 1
    outer loop
      vertex 7.88773 87.348 2.4
      vertex 7.88773 9.85196 2.4
      vertex 8.35671 9.7097 2.4
    endloop
  endfacet
  facet normal -0 0 1
    outer loop
      vertex 7.4 87.3 2.4
      vertex 7.88773 9.85196 2.4
      vertex 7.88773 87.348 2.4
    endloop
  endfacet
  facet normal 0 0 1
    outer loop
      vertex 7.4 87.3 2.4
      vertex 7.4 9.9 2.4
      vertex 7.88773 9.85196 2.4
    endloop
  endfacet
  facet normal 0 0 1
    outer loop
      vertex 6.91227 87.348 2.4
      vertex 7.4 9.9 2.4
      vertex 7.4 87.3 2.4
    endloop
  endfacet
  facet normal 0 0 1
    outer loop
      vertex 6.91227 87.348 2.4
      vertex 6.91227 9.85196 2.4
      vertex 7.4 9.9 2.4
    endloop
  endfacet
  facet normal 0 0 1
    outer loop
      vertex 6.44329 87.4903 2.4
      vertex 6.91227 9.85196 2.4
      vertex 6.91227 87.348 2.4
    endloop
  endfacet
  facet normal 0 0 1
    outer loop
      vertex 6.44329 87.4903 2.4
      vertex 6.44329 9.7097 2.4
      vertex 6.91227 9.85196 2.4
    endloop
  endfacet
  facet normal 0 0 1
    outer loop
      vertex 6.01107 87.7213 2.4
      vertex 6.44329 9.7097 2.4
      vertex 6.44329 87.4903 2.4
    endloop
  endfacet
  facet normal 0 0 1
    outer loop
      vertex 6.01107 87.7213 2.4
      vertex 6.01107 9.47867 2.4
      vertex 6.44329 9.7097 2.4
    endloop
  endfacet
  facet normal 0 0 1
    outer loop
      vertex 5.63223 88.0322 2.4
      vertex 6.01107 9.47867 2.4
      vertex 6.01107 87.7213 2.4
    endloop
  endfacet
  facet normal 0 0 1
    outer loop
      vertex 5.63223 88.0322 2.4
      vertex 5.63223 9.16777 2.4
      vertex 6.01107 9.47867 2.4
    endloop
  endfacet
  facet normal 0 0 1
    outer loop
      vertex 5.32133 88.4111 2.4
      vertex 5.63223 9.16777 2.4
      vertex 5.63223 88.0322 2.4
    endloop
  endfacet
  facet normal 0 0 1
    outer loop
      vertex 5.32133 88.4111 2.4
      vertex 5.32133 8.78893 2.4
      vertex 5.63223 9.16777 2.4
    endloop
  endfacet
  facet normal 0 0 1
    outer loop
      vertex 5.0903 88.8433 2.4
      vertex 5.32133 8.78893 2.4
      vertex 5.32133 88.4111 2.4
    endloop
  endfacet
  facet normal 0 0 1
    outer loop
      vertex 5.0903 88.8433 2.4
      vertex 5.0903 8.35671 2.4
      vertex 5.32133 8.78893 2.4
    endloop
  endfacet
  facet normal 0 0 1
    outer loop
      vertex 2.4 94.8 2.4
      vertex 5.0903 88.8433 2.4
      vertex 4.94804 89.3123 2.4
    endloop
  endfacet
  facet normal 0 0 1
    outer loop
      vertex 5.0903 88.8433 2.4
      vertex 2.4 94.8 2.4
      vertex 5.0903 8.35671 2.4
    endloop
  endfacet
  facet normal 0 0 1
    outer loop
      vertex 2.4 94.8 2.4
      vertex 4.94804 89.3123 2.4
      vertex 4.9 89.8 2.4
    endloop
  endfacet
  facet normal 0 0 1
    outer loop
      vertex 2.4 2.4 2.4
      vertex 5.0903 8.35671 2.4
      vertex 2.4 94.8 2.4
    endloop
  endfacet
  facet normal 0 0 1
    outer loop
      vertex 157.721 88.4111 2.4
      vertex 85.6787 88.4111 2.4
      vertex 158.032 88.0322 2.4
    endloop
  endfacet
  facet normal 0 0 1
    outer loop
      vertex 158.032 9.16777 2.4
      vertex 86.052 7.88773 2.4
      vertex 86.1 7.4 2.4
    endloop
  endfacet
  facet normal 0 0 1
    outer loop
      vertex 85.3678 88.0322 2.4
      vertex 158.032 88.0322 2.4
      vertex 85.6787 88.4111 2.4
    endloop
  endfacet
  facet normal 0 0 1
    outer loop
      vertex 158.032 9.16777 2.4
      vertex 85.9097 8.35671 2.4
      vertex 86.052 7.88773 2.4
    endloop
  endfacet
  facet normal 0 0 1
    outer loop
      vertex 158.032 88.0322 2.4
      vertex 85.3678 88.0322 2.4
      vertex 158.032 9.16777 2.4
    endloop
  endfacet
  facet normal 0 0 1
    outer loop
      vertex 158.032 9.16777 2.4
      vertex 85.6787 8.78893 2.4
      vertex 85.9097 8.35671 2.4
    endloop
  endfacet
  facet normal 0 0 1
    outer loop
      vertex 85.3678 9.16777 2.4
      vertex 158.032 9.16777 2.4
      vertex 85.3678 88.0322 2.4
    endloop
  endfacet
  facet normal 0 0 1
    outer loop
      vertex 158.032 9.16777 2.4
      vertex 85.3678 9.16777 2.4
      vertex 85.6787 8.78893 2.4
    endloop
  endfacet
  facet normal -0 0 1
    outer loop
      vertex 84.9889 87.7213 2.4
      vertex 85.3678 9.16777 2.4
      vertex 85.3678 88.0322 2.4
    endloop
  endfacet
  facet normal 0 0 1
    outer loop
      vertex 84.9889 87.7213 2.4
      vertex 84.9889 9.47867 2.4
      vertex 85.3678 9.16777 2.4
    endloop
  endfacet
  facet normal -0 0 1
    outer loop
      vertex 84.5567 87.4903 2.4
      vertex 84.9889 9.47867 2.4
      vertex 84.9889 87.7213 2.4
    endloop
  endfacet
  facet normal 0 0 1
    outer loop
      vertex 84.5567 87.4903 2.4
      vertex 84.5567 9.7097 2.4
      vertex 84.9889 9.47867 2.4
    endloop
  endfacet
  facet normal -0 0 1
    outer loop
      vertex 84.0877 87.348 2.4
      vertex 84.5567 9.7097 2.4
      vertex 84.5567 87.4903 2.4
    endloop
  endfacet
  facet normal 0 0 1
    outer loop
      vertex 84.0877 87.348 2.4
      vertex 84.0877 9.85196 2.4
      vertex 84.5567 9.7097 2.4
    endloop
  endfacet
  facet normal -0 0 1
    outer loop
      vertex 83.6 87.3 2.4
      vertex 84.0877 9.85196 2.4
      vertex 84.0877 87.348 2.4
    endloop
  endfacet
  facet normal 0 0 1
    outer loop
      vertex 83.6 87.3 2.4
      vertex 83.6 9.9 2.4
      vertex 84.0877 9.85196 2.4
    endloop
  endfacet
  facet normal 0 0 1
    outer loop
      vertex 83.1123 87.348 2.4
      vertex 83.6 9.9 2.4
      vertex 83.6 87.3 2.4
    endloop
  endfacet
  facet normal 0 0 1
    outer loop
      vertex 83.1123 87.348 2.4
      vertex 83.1123 9.85196 2.4
      vertex 83.6 9.9 2.4
    endloop
  endfacet
  facet normal 0 0 1
    outer loop
      vertex 82.6433 87.4903 2.4
      vertex 83.1123 9.85196 2.4
      vertex 83.1123 87.348 2.4
    endloop
  endfacet
  facet normal 0 0 1
    outer loop
      vertex 82.6433 87.4903 2.4
      vertex 82.6433 9.7097 2.4
      vertex 83.1123 9.85196 2.4
    endloop
  endfacet
  facet normal 0 0 1
    outer loop
      vertex 82.2111 87.7213 2.4
      vertex 82.6433 9.7097 2.4
      vertex 82.6433 87.4903 2.4
    endloop
  endfacet
  facet normal 0 0 1
    outer loop
      vertex 82.2111 87.7213 2.4
      vertex 82.2111 9.47867 2.4
      vertex 82.6433 9.7097 2.4
    endloop
  endfacet
  facet normal 0 0 1
    outer loop
      vertex 81.8322 88.0322 2.4
      vertex 82.2111 9.47867 2.4
      vertex 82.2111 87.7213 2.4
    endloop
  endfacet
  facet normal 0 0 1
    outer loop
      vertex 81.8322 88.0322 2.4
      vertex 81.8322 9.16777 2.4
      vertex 82.2111 9.47867 2.4
    endloop
  endfacet
  facet normal 0 0 1
    outer loop
      vertex 9.7097 88.8433 2.4
      vertex 81.2903 88.8433 2.4
      vertex 9.85196 89.3123 2.4
    endloop
  endfacet
  facet normal 0 0 1
    outer loop
      vertex 81.2903 88.8433 2.4
      vertex 9.7097 88.8433 2.4
      vertex 81.5213 88.4111 2.4
    endloop
  endfacet
  facet normal 0 0 1
    outer loop
      vertex 81.148 89.3123 2.4
      vertex 9.85196 89.3123 2.4
      vertex 81.2903 88.8433 2.4
    endloop
  endfacet
  facet normal 0 0 1
    outer loop
      vertex 9.47867 88.4111 2.4
      vertex 81.5213 88.4111 2.4
      vertex 9.7097 88.8433 2.4
    endloop
  endfacet
  facet normal 0 0 1
    outer loop
      vertex 9.85196 89.3123 2.4
      vertex 81.148 89.3123 2.4
      vertex 9.9 89.8 2.4
    endloop
  endfacet
  facet normal 0 0 1
    outer loop
      vertex 81.8322 9.16777 2.4
      vertex 9.9 7.4 2.4
      vertex 81.5213 8.78893 2.4
    endloop
  endfacet
  facet normal -0 0 1
    outer loop
      vertex 9.9 89.8 2.4
      vertex 81.148 89.3123 2.4
      vertex 81.1 89.8 2.4
    endloop
  endfacet
  facet normal 0 0 1
    outer loop
      vertex 81.5213 8.78893 2.4
      vertex 9.9 7.4 2.4
      vertex 81.2903 8.35671 2.4
    endloop
  endfacet
  facet normal 0 0 1
    outer loop
      vertex 164.8 94.8 2.4
      vertex 162.11 88.8433 2.4
      vertex 164.8 2.4 2.4
    endloop
  endfacet
  facet normal 0 0 1
    outer loop
      vertex 164.8 2.4 2.4
      vertex 162.252 7.88773 2.4
      vertex 162.3 7.4 2.4
    endloop
  endfacet
  facet normal -0 0 1
    outer loop
      vertex 162.11 8.35671 2.4
      vertex 164.8 2.4 2.4
      vertex 162.11 88.8433 2.4
    endloop
  endfacet
  facet normal 0 0 1
    outer loop
      vertex 164.8 2.4 2.4
      vertex 162.11 8.35671 2.4
      vertex 162.252 7.88773 2.4
    endloop
  endfacet
  facet normal -0 0 1
    outer loop
      vertex 161.879 88.4111 2.4
      vertex 162.11 8.35671 2.4
      vertex 162.11 88.8433 2.4
    endloop
  endfacet
  facet normal 0 0 1
    outer loop
      vertex 161.879 88.4111 2.4
      vertex 161.879 8.78893 2.4
      vertex 162.11 8.35671 2.4
    endloop
  endfacet
  facet normal -0 0 1
    outer loop
      vertex 161.568 88.0322 2.4
      vertex 161.879 8.78893 2.4
      vertex 161.879 88.4111 2.4
    endloop
  endfacet
  facet normal 0 0 1
    outer loop
      vertex 161.568 88.0322 2.4
      vertex 161.568 9.16777 2.4
      vertex 161.879 8.78893 2.4
    endloop
  endfacet
  facet normal -0 0 1
    outer loop
      vertex 161.189 87.7213 2.4
      vertex 161.568 9.16777 2.4
      vertex 161.568 88.0322 2.4
    endloop
  endfacet
  facet normal 0 0 1
    outer loop
      vertex 161.189 87.7213 2.4
      vertex 161.189 9.47867 2.4
      vertex 161.568 9.16777 2.4
    endloop
  endfacet
  facet normal -0 0 1
    outer loop
      vertex 160.757 87.4903 2.4
      vertex 161.189 9.47867 2.4
      vertex 161.189 87.7213 2.4
    endloop
  endfacet
  facet normal 0 0 1
    outer loop
      vertex 160.757 87.4903 2.4
      vertex 160.757 9.7097 2.4
      vertex 161.189 9.47867 2.4
    endloop
  endfacet
  facet normal -0 0 1
    outer loop
      vertex 160.288 87.348 2.4
      vertex 160.757 9.7097 2.4
      vertex 160.757 87.4903 2.4
    endloop
  endfacet
  facet normal 0 0 1
    outer loop
      vertex 160.288 87.348 2.4
      vertex 160.288 9.85196 2.4
      vertex 160.757 9.7097 2.4
    endloop
  endfacet
  facet normal -0 0 1
    outer loop
      vertex 159.8 87.3 2.4
      vertex 160.288 9.85196 2.4
      vertex 160.288 87.348 2.4
    endloop
  endfacet
  facet normal 0 0 1
    outer loop
      vertex 159.8 87.3 2.4
      vertex 159.8 9.9 2.4
      vertex 160.288 9.85196 2.4
    endloop
  endfacet
  facet normal 0 0 1
    outer loop
      vertex 159.312 87.348 2.4
      vertex 159.8 9.9 2.4
      vertex 159.8 87.3 2.4
    endloop
  endfacet
  facet normal 0 0 1
    outer loop
      vertex 159.312 87.348 2.4
      vertex 159.312 9.85196 2.4
      vertex 159.8 9.9 2.4
    endloop
  endfacet
  facet normal 0 0 1
    outer loop
      vertex 158.843 87.4903 2.4
      vertex 159.312 9.85196 2.4
      vertex 159.312 87.348 2.4
    endloop
  endfacet
  facet normal 0 0 1
    outer loop
      vertex 158.843 87.4903 2.4
      vertex 158.843 9.7097 2.4
      vertex 159.312 9.85196 2.4
    endloop
  endfacet
  facet normal 0 0 1
    outer loop
      vertex 158.411 87.7213 2.4
      vertex 158.843 9.7097 2.4
      vertex 158.843 87.4903 2.4
    endloop
  endfacet
  facet normal 0 0 1
    outer loop
      vertex 158.411 87.7213 2.4
      vertex 158.411 9.47867 2.4
      vertex 158.843 9.7097 2.4
    endloop
  endfacet
  facet normal 0 0 1
    outer loop
      vertex 158.032 88.0322 2.4
      vertex 158.411 9.47867 2.4
      vertex 158.411 87.7213 2.4
    endloop
  endfacet
  facet normal 0 0 1
    outer loop
      vertex 158.032 88.0322 2.4
      vertex 158.032 9.16777 2.4
      vertex 158.411 9.47867 2.4
    endloop
  endfacet
  facet normal 0 0 1
    outer loop
      vertex 85.9097 88.8433 2.4
      vertex 157.49 88.8433 2.4
      vertex 86.052 89.3123 2.4
    endloop
  endfacet
  facet normal 0 0 1
    outer loop
      vertex 157.49 88.8433 2.4
      vertex 85.9097 88.8433 2.4
      vertex 157.721 88.4111 2.4
    endloop
  endfacet
  facet normal 0 0 1
    outer loop
      vertex 157.348 89.3123 2.4
      vertex 86.052 89.3123 2.4
      vertex 157.49 88.8433 2.4
    endloop
  endfacet
  facet normal 0 0 1
    outer loop
      vertex 85.6787 88.4111 2.4
      vertex 157.721 88.4111 2.4
      vertex 85.9097 88.8433 2.4
    endloop
  endfacet
  facet normal 0 0 1
    outer loop
      vertex 86.052 89.3123 2.4
      vertex 157.348 89.3123 2.4
      vertex 86.1 89.8 2.4
    endloop
  endfacet
  facet normal 0 0 1
    outer loop
      vertex 158.032 9.16777 2.4
      vertex 86.1 7.4 2.4
      vertex 157.721 8.78893 2.4
    endloop
  endfacet
  facet normal -0 0 1
    outer loop
      vertex 86.1 89.8 2.4
      vertex 157.348 89.3123 2.4
      vertex 157.3 89.8 2.4
    endloop
  endfacet
  facet normal 0 0 1
    outer loop
      vertex 157.721 8.78893 2.4
      vertex 86.1 7.4 2.4
      vertex 157.49 8.35671 2.4
    endloop
  endfacet
  facet normal 0 0 1
    outer loop
      vertex 162.252 89.3123 2.4
      vertex 164.8 94.8 2.4
      vertex 162.3 89.8 2.4
    endloop
  endfacet
  facet normal 0 0 1
    outer loop
      vertex 164.8 94.8 2.4
      vertex 162.252 90.2877 2.4
      vertex 162.3 89.8 2.4
    endloop
  endfacet
  facet normal 0 0 1
    outer loop
      vertex 164.8 94.8 2.4
      vertex 162.11 90.7567 2.4
      vertex 162.252 90.2877 2.4
    endloop
  endfacet
  facet normal 0 0 1
    outer loop
      vertex 164.8 94.8 2.4
      vertex 161.879 91.1889 2.4
      vertex 162.11 90.7567 2.4
    endloop
  endfacet
  facet normal 0 0 1
    outer loop
      vertex 164.8 94.8 2.4
      vertex 161.568 91.5678 2.4
      vertex 161.879 91.1889 2.4
    endloop
  endfacet
  facet normal 0 0 1
    outer loop
      vertex 164.8 94.8 2.4
      vertex 161.189 91.8787 2.4
      vertex 161.568 91.5678 2.4
    endloop
  endfacet
  facet normal 0 0 1
    outer loop
      vertex 164.8 94.8 2.4
      vertex 160.757 92.1097 2.4
      vertex 161.189 91.8787 2.4
    endloop
  endfacet
  facet normal 0 0 1
    outer loop
      vertex 164.8 94.8 2.4
      vertex 160.288 92.252 2.4
      vertex 160.757 92.1097 2.4
    endloop
  endfacet
  facet normal 0 0 1
    outer loop
      vertex 164.8 94.8 2.4
      vertex 159.8 92.3 2.4
      vertex 160.288 92.252 2.4
    endloop
  endfacet
  facet normal 0 0 1
    outer loop
      vertex 164.8 94.8 2.4
      vertex 159.312 92.252 2.4
      vertex 159.8 92.3 2.4
    endloop
  endfacet
  facet normal 0 0 1
    outer loop
      vertex 164.8 94.8 2.4
      vertex 158.843 92.1097 2.4
      vertex 159.312 92.252 2.4
    endloop
  endfacet
  facet normal 0 0 1
    outer loop
      vertex 157.49 8.35671 2.4
      vertex 86.1 7.4 2.4
      vertex 157.348 7.88773 2.4
    endloop
  endfacet
  facet normal 0 0 1
    outer loop
      vertex 157.348 90.2877 2.4
      vertex 86.1 89.8 2.4
      vertex 157.3 89.8 2.4
    endloop
  endfacet
  facet normal 0 0 1
    outer loop
      vertex 86.052 90.2877 2.4
      vertex 157.348 90.2877 2.4
      vertex 157.49 90.7567 2.4
    endloop
  endfacet
  facet normal 0 0 1
    outer loop
      vertex 85.9097 90.7567 2.4
      vertex 157.49 90.7567 2.4
      vertex 157.721 91.1889 2.4
    endloop
  endfacet
  facet normal 0 0 1
    outer loop
      vertex 85.6787 91.1889 2.4
      vertex 157.721 91.1889 2.4
      vertex 158.032 91.5678 2.4
    endloop
  endfacet
  facet normal 0 0 1
    outer loop
      vertex 85.3678 91.5678 2.4
      vertex 158.032 91.5678 2.4
      vertex 158.411 91.8787 2.4
    endloop
  endfacet
  facet normal 0 0 1
    outer loop
      vertex 84.9889 91.8787 2.4
      vertex 158.411 91.8787 2.4
      vertex 158.843 92.1097 2.4
    endloop
  endfacet
  facet normal 0 0 1
    outer loop
      vertex 84.5567 92.1097 2.4
      vertex 158.843 92.1097 2.4
      vertex 164.8 94.8 2.4
    endloop
  endfacet
  facet normal 0 0 1
    outer loop
      vertex 157.348 90.2877 2.4
      vertex 86.052 90.2877 2.4
      vertex 86.1 89.8 2.4
    endloop
  endfacet
  facet normal 0 0 1
    outer loop
      vertex 157.49 90.7567 2.4
      vertex 85.9097 90.7567 2.4
      vertex 86.052 90.2877 2.4
    endloop
  endfacet
  facet normal 0 0 1
    outer loop
      vertex 157.721 91.1889 2.4
      vertex 85.6787 91.1889 2.4
      vertex 85.9097 90.7567 2.4
    endloop
  endfacet
  facet normal 0 0 1
    outer loop
      vertex 158.032 91.5678 2.4
      vertex 85.3678 91.5678 2.4
      vertex 85.6787 91.1889 2.4
    endloop
  endfacet
  facet normal 0 0 1
    outer loop
      vertex 158.411 91.8787 2.4
      vertex 84.9889 91.8787 2.4
      vertex 85.3678 91.5678 2.4
    endloop
  endfacet
  facet normal 0 0 1
    outer loop
      vertex 158.843 92.1097 2.4
      vertex 84.5567 92.1097 2.4
      vertex 84.9889 91.8787 2.4
    endloop
  endfacet
  facet normal 0 0 1
    outer loop
      vertex 164.8 94.8 2.4
      vertex 84.0877 92.252 2.4
      vertex 84.5567 92.1097 2.4
    endloop
  endfacet
  facet normal 0 0 1
    outer loop
      vertex 164.8 94.8 2.4
      vertex 83.6 92.3 2.4
      vertex 84.0877 92.252 2.4
    endloop
  endfacet
  facet normal 0 0 1
    outer loop
      vertex 81.2903 8.35671 2.4
      vertex 9.9 7.4 2.4
      vertex 81.148 7.88773 2.4
    endloop
  endfacet
  facet normal 0 0 1
    outer loop
      vertex 81.148 90.2877 2.4
      vertex 9.9 89.8 2.4
      vertex 81.1 89.8 2.4
    endloop
  endfacet
  facet normal 0 0 1
    outer loop
      vertex 9.85196 90.2877 2.4
      vertex 81.148 90.2877 2.4
      vertex 81.2903 90.7567 2.4
    endloop
  endfacet
  facet normal 0 0 1
    outer loop
      vertex 9.7097 90.7567 2.4
      vertex 81.2903 90.7567 2.4
      vertex 81.5213 91.1889 2.4
    endloop
  endfacet
  facet normal 0 0 1
    outer loop
      vertex 9.47867 91.1889 2.4
      vertex 81.5213 91.1889 2.4
      vertex 81.8322 91.5678 2.4
    endloop
  endfacet
  facet normal 0 0 1
    outer loop
      vertex 9.16777 91.5678 2.4
      vertex 81.8322 91.5678 2.4
      vertex 82.2111 91.8787 2.4
    endloop
  endfacet
  facet normal 0 0 1
    outer loop
      vertex 8.78893 91.8787 2.4
      vertex 82.2111 91.8787 2.4
      vertex 82.6433 92.1097 2.4
    endloop
  endfacet
  facet normal 0 0 1
    outer loop
      vertex 2.4 94.8 2.4
      vertex 82.6433 92.1097 2.4
      vertex 83.1123 92.252 2.4
    endloop
  endfacet
  facet normal 0 0 1
    outer loop
      vertex 2.4 94.8 2.4
      vertex 83.1123 92.252 2.4
      vertex 83.6 92.3 2.4
    endloop
  endfacet
  facet normal 0 0 1
    outer loop
      vertex 81.148 90.2877 2.4
      vertex 9.85196 90.2877 2.4
      vertex 9.9 89.8 2.4
    endloop
  endfacet
  facet normal -0 0 1
    outer loop
      vertex 2.4 94.8 2.4
      vertex 83.6 92.3 2.4
      vertex 164.8 94.8 2.4
    endloop
  endfacet
  facet normal 0 0 1
    outer loop
      vertex 81.2903 90.7567 2.4
      vertex 9.7097 90.7567 2.4
      vertex 9.85196 90.2877 2.4
    endloop
  endfacet
  facet normal 0 0 1
    outer loop
      vertex 81.5213 91.1889 2.4
      vertex 9.47867 91.1889 2.4
      vertex 9.7097 90.7567 2.4
    endloop
  endfacet
  facet normal 0 0 1
    outer loop
      vertex 81.8322 91.5678 2.4
      vertex 9.16777 91.5678 2.4
      vertex 9.47867 91.1889 2.4
    endloop
  endfacet
  facet normal 0 0 1
    outer loop
      vertex 82.2111 91.8787 2.4
      vertex 8.78893 91.8787 2.4
      vertex 9.16777 91.5678 2.4
    endloop
  endfacet
  facet normal 0 0 1
    outer loop
      vertex 82.6433 92.1097 2.4
      vertex 8.35671 92.1097 2.4
      vertex 8.78893 91.8787 2.4
    endloop
  endfacet
  facet normal 0 0 1
    outer loop
      vertex 82.6433 92.1097 2.4
      vertex 2.4 94.8 2.4
      vertex 8.35671 92.1097 2.4
    endloop
  endfacet
  facet normal 0 0 1
    outer loop
      vertex 8.35671 92.1097 2.4
      vertex 2.4 94.8 2.4
      vertex 7.88773 92.252 2.4
    endloop
  endfacet
  facet normal 0 0 1
    outer loop
      vertex 5.0903 8.35671 2.4
      vertex 2.4 2.4 2.4
      vertex 4.94804 7.88773 2.4
    endloop
  endfacet
  facet normal 0 0 1
    outer loop
      vertex 4.94804 90.2877 2.4
      vertex 2.4 94.8 2.4
      vertex 4.9 89.8 2.4
    endloop
  endfacet
  facet normal 0 0 1
    outer loop
      vertex 5.0903 90.7567 2.4
      vertex 2.4 94.8 2.4
      vertex 4.94804 90.2877 2.4
    endloop
  endfacet
  facet normal 0 0 1
    outer loop
      vertex 5.32133 91.1889 2.4
      vertex 2.4 94.8 2.4
      vertex 5.0903 90.7567 2.4
    endloop
  endfacet
  facet normal 0 0 1
    outer loop
      vertex 5.63223 91.5678 2.4
      vertex 2.4 94.8 2.4
      vertex 5.32133 91.1889 2.4
    endloop
  endfacet
  facet normal 0 0 1
    outer loop
      vertex 6.01107 91.8787 2.4
      vertex 2.4 94.8 2.4
      vertex 5.63223 91.5678 2.4
    endloop
  endfacet
  facet normal 0 0 1
    outer loop
      vertex 6.44329 92.1097 2.4
      vertex 2.4 94.8 2.4
      vertex 6.01107 91.8787 2.4
    endloop
  endfacet
  facet normal 0 0 1
    outer loop
      vertex 6.91227 92.252 2.4
      vertex 2.4 94.8 2.4
      vertex 6.44329 92.1097 2.4
    endloop
  endfacet
  facet normal 0 0 1
    outer loop
      vertex 7.4 92.3 2.4
      vertex 2.4 94.8 2.4
      vertex 6.91227 92.252 2.4
    endloop
  endfacet
  facet normal 0 0 1
    outer loop
      vertex 7.88773 92.252 2.4
      vertex 2.4 94.8 2.4
      vertex 7.4 92.3 2.4
    endloop
  endfacet
  facet normal 0 0 1
    outer loop
      vertex 162.11 88.8433 2.4
      vertex 164.8 94.8 2.4
      vertex 162.252 89.3123 2.4
    endloop
  endfacet
  facet normal -0 0 1
    outer loop
      vertex 162.252 6.91227 2.4
      vertex 164.8 2.4 2.4
      vertex 162.3 7.4 2.4
    endloop
  endfacet
  facet normal -0 0 1
    outer loop
      vertex 162.11 6.44329 2.4
      vertex 164.8 2.4 2.4
      vertex 162.252 6.91227 2.4
    endloop
  endfacet
  facet normal -0 0 1
    outer loop
      vertex 161.879 6.01107 2.4
      vertex 164.8 2.4 2.4
      vertex 162.11 6.44329 2.4
    endloop
  endfacet
  facet normal -0 0 1
    outer loop
      vertex 161.568 5.63223 2.4
      vertex 164.8 2.4 2.4
      vertex 161.879 6.01107 2.4
    endloop
  endfacet
  facet normal -0 0 1
    outer loop
      vertex 161.189 5.32133 2.4
      vertex 164.8 2.4 2.4
      vertex 161.568 5.63223 2.4
    endloop
  endfacet
  facet normal -0 0 1
    outer loop
      vertex 160.757 5.0903 2.4
      vertex 164.8 2.4 2.4
      vertex 161.189 5.32133 2.4
    endloop
  endfacet
  facet normal -0 0 1
    outer loop
      vertex 160.288 4.94804 2.4
      vertex 164.8 2.4 2.4
      vertex 160.757 5.0903 2.4
    endloop
  endfacet
  facet normal -0 0 1
    outer loop
      vertex 159.8 4.9 2.4
      vertex 164.8 2.4 2.4
      vertex 160.288 4.94804 2.4
    endloop
  endfacet
  facet normal 0 0 1
    outer loop
      vertex 159.312 4.94804 2.4
      vertex 164.8 2.4 2.4
      vertex 159.8 4.9 2.4
    endloop
  endfacet
  facet normal 0 0 1
    outer loop
      vertex 158.843 5.0903 2.4
      vertex 164.8 2.4 2.4
      vertex 159.312 4.94804 2.4
    endloop
  endfacet
  facet normal 0 0 1
    outer loop
      vertex 157.348 7.88773 2.4
      vertex 86.1 7.4 2.4
      vertex 157.3 7.4 2.4
    endloop
  endfacet
  facet normal 0 0 1
    outer loop
      vertex 157.3 7.4 2.4
      vertex 86.1 7.4 2.4
      vertex 157.348 6.91227 2.4
    endloop
  endfacet
  facet normal 0 0 1
    outer loop
      vertex 86.052 6.91227 2.4
      vertex 157.348 6.91227 2.4
      vertex 86.1 7.4 2.4
    endloop
  endfacet
  facet normal 0 0 1
    outer loop
      vertex 157.348 6.91227 2.4
      vertex 86.052 6.91227 2.4
      vertex 157.49 6.44329 2.4
    endloop
  endfacet
  facet normal 0 0 1
    outer loop
      vertex 85.9097 6.44329 2.4
      vertex 157.49 6.44329 2.4
      vertex 86.052 6.91227 2.4
    endloop
  endfacet
  facet normal 0 0 1
    outer loop
      vertex 157.49 6.44329 2.4
      vertex 85.9097 6.44329 2.4
      vertex 157.721 6.01107 2.4
    endloop
  endfacet
  facet normal 0 0 1
    outer loop
      vertex 85.6787 6.01107 2.4
      vertex 157.721 6.01107 2.4
      vertex 85.9097 6.44329 2.4
    endloop
  endfacet
  facet normal 0 0 1
    outer loop
      vertex 157.721 6.01107 2.4
      vertex 85.6787 6.01107 2.4
      vertex 158.032 5.63223 2.4
    endloop
  endfacet
  facet normal 0 0 1
    outer loop
      vertex 85.3678 5.63223 2.4
      vertex 158.032 5.63223 2.4
      vertex 85.6787 6.01107 2.4
    endloop
  endfacet
  facet normal 0 0 1
    outer loop
      vertex 158.032 5.63223 2.4
      vertex 85.3678 5.63223 2.4
      vertex 158.411 5.32133 2.4
    endloop
  endfacet
  facet normal 0 0 1
    outer loop
      vertex 84.9889 5.32133 2.4
      vertex 158.411 5.32133 2.4
      vertex 85.3678 5.63223 2.4
    endloop
  endfacet
  facet normal 0 0 1
    outer loop
      vertex 158.411 5.32133 2.4
      vertex 84.9889 5.32133 2.4
      vertex 158.843 5.0903 2.4
    endloop
  endfacet
  facet normal 0 0 1
    outer loop
      vertex 84.5567 5.0903 2.4
      vertex 158.843 5.0903 2.4
      vertex 84.9889 5.32133 2.4
    endloop
  endfacet
  facet normal 0 0 1
    outer loop
      vertex 158.843 5.0903 2.4
      vertex 84.5567 5.0903 2.4
      vertex 164.8 2.4 2.4
    endloop
  endfacet
  facet normal -0 0 1
    outer loop
      vertex 84.0877 4.94804 2.4
      vertex 164.8 2.4 2.4
      vertex 84.5567 5.0903 2.4
    endloop
  endfacet
  facet normal -0 0 1
    outer loop
      vertex 83.6 4.9 2.4
      vertex 164.8 2.4 2.4
      vertex 84.0877 4.94804 2.4
    endloop
  endfacet
  facet normal 0 0 1
    outer loop
      vertex 81.148 7.88773 2.4
      vertex 9.9 7.4 2.4
      vertex 81.1 7.4 2.4
    endloop
  endfacet
  facet normal 0 0 1
    outer loop
      vertex 81.1 7.4 2.4
      vertex 9.9 7.4 2.4
      vertex 81.148 6.91227 2.4
    endloop
  endfacet
  facet normal 0 0 1
    outer loop
      vertex 9.85196 6.91227 2.4
      vertex 81.148 6.91227 2.4
      vertex 9.9 7.4 2.4
    endloop
  endfacet
  facet normal 0 0 1
    outer loop
      vertex 81.148 6.91227 2.4
      vertex 9.85196 6.91227 2.4
      vertex 81.2903 6.44329 2.4
    endloop
  endfacet
  facet normal 0 0 1
    outer loop
      vertex 9.7097 6.44329 2.4
      vertex 81.2903 6.44329 2.4
      vertex 9.85196 6.91227 2.4
    endloop
  endfacet
  facet normal 0 0 1
    outer loop
      vertex 81.2903 6.44329 2.4
      vertex 9.7097 6.44329 2.4
      vertex 81.5213 6.01107 2.4
    endloop
  endfacet
  facet normal 0 0 1
    outer loop
      vertex 9.47867 6.01107 2.4
      vertex 81.5213 6.01107 2.4
      vertex 9.7097 6.44329 2.4
    endloop
  endfacet
  facet normal 0 0 1
    outer loop
      vertex 81.5213 6.01107 2.4
      vertex 9.47867 6.01107 2.4
      vertex 81.8322 5.63223 2.4
    endloop
  endfacet
  facet normal 0 0 1
    outer loop
      vertex 9.16777 5.63223 2.4
      vertex 81.8322 5.63223 2.4
      vertex 9.47867 6.01107 2.4
    endloop
  endfacet
  facet normal 0 0 1
    outer loop
      vertex 81.8322 5.63223 2.4
      vertex 9.16777 5.63223 2.4
      vertex 82.2111 5.32133 2.4
    endloop
  endfacet
  facet normal 0 0 1
    outer loop
      vertex 8.78893 5.32133 2.4
      vertex 82.2111 5.32133 2.4
      vertex 9.16777 5.63223 2.4
    endloop
  endfacet
  facet normal 0 0 1
    outer loop
      vertex 82.2111 5.32133 2.4
      vertex 8.78893 5.32133 2.4
      vertex 82.6433 5.0903 2.4
    endloop
  endfacet
  facet normal 0 0 1
    outer loop
      vertex 8.35671 5.0903 2.4
      vertex 82.6433 5.0903 2.4
      vertex 8.78893 5.32133 2.4
    endloop
  endfacet
  facet normal 0 0 1
    outer loop
      vertex 2.4 2.4 2.4
      vertex 82.6433 5.0903 2.4
      vertex 8.35671 5.0903 2.4
    endloop
  endfacet
  facet normal 0 0 1
    outer loop
      vertex 82.6433 5.0903 2.4
      vertex 2.4 2.4 2.4
      vertex 83.1123 4.94804 2.4
    endloop
  endfacet
  facet normal 0 0 1
    outer loop
      vertex 83.1123 4.94804 2.4
      vertex 2.4 2.4 2.4
      vertex 83.6 4.9 2.4
    endloop
  endfacet
  facet normal 0 0 1
    outer loop
      vertex 2.4 2.4 2.4
      vertex 8.35671 5.0903 2.4
      vertex 7.88773 4.94804 2.4
    endloop
  endfacet
  facet normal 0 0 1
    outer loop
      vertex 2.4 2.4 2.4
      vertex 7.88773 4.94804 2.4
      vertex 7.4 4.9 2.4
    endloop
  endfacet
  facet normal 0 0 1
    outer loop
      vertex 83.6 4.9 2.4
      vertex 2.4 2.4 2.4
      vertex 164.8 2.4 2.4
    endloop
  endfacet
  facet normal 0 0 1
    outer loop
      vertex 6.91227 4.94804 2.4
      vertex 2.4 2.4 2.4
      vertex 7.4 4.9 2.4
    endloop
  endfacet
  facet normal 0 0 1
    outer loop
      vertex 6.44329 5.0903 2.4
      vertex 2.4 2.4 2.4
      vertex 6.91227 4.94804 2.4
    endloop
  endfacet
  facet normal 0 0 1
    outer loop
      vertex 6.01107 5.32133 2.4
      vertex 2.4 2.4 2.4
      vertex 6.44329 5.0903 2.4
    endloop
  endfacet
  facet normal 0 0 1
    outer loop
      vertex 5.63223 5.63223 2.4
      vertex 2.4 2.4 2.4
      vertex 6.01107 5.32133 2.4
    endloop
  endfacet
  facet normal 0 0 1
    outer loop
      vertex 5.32133 6.01107 2.4
      vertex 2.4 2.4 2.4
      vertex 5.63223 5.63223 2.4
    endloop
  endfacet
  facet normal 0 0 1
    outer loop
      vertex 5.0903 6.44329 2.4
      vertex 2.4 2.4 2.4
      vertex 5.32133 6.01107 2.4
    endloop
  endfacet
  facet normal 0 0 1
    outer loop
      vertex 4.94804 6.91227 2.4
      vertex 2.4 2.4 2.4
      vertex 5.0903 6.44329 2.4
    endloop
  endfacet
  facet normal 0 0 1
    outer loop
      vertex 4.9 7.4 2.4
      vertex 2.4 2.4 2.4
      vertex 4.94804 6.91227 2.4
    endloop
  endfacet
  facet normal 0 0 1
    outer loop
      vertex 4.94804 7.88773 2.4
      vertex 2.4 2.4 2.4
      vertex 4.9 7.4 2.4
    endloop
  endfacet
  facet normal 0 0 1
    outer loop
      vertex 8.6557 7.73646 2.4
      vertex 8.6557 7.06354 2.4
      vertex 8.7 7.4 2.4
    endloop
  endfacet
  facet normal 0 0 1
    outer loop
      vertex 8.52583 8.05 2.4
      vertex 8.6557 7.06354 2.4
      vertex 8.6557 7.73646 2.4
    endloop
  endfacet
  facet normal 0 0 1
    outer loop
      vertex 8.52583 8.05 2.4
      vertex 8.52583 6.75 2.4
      vertex 8.6557 7.06354 2.4
    endloop
  endfacet
  facet normal 0 0 1
    outer loop
      vertex 8.31924 8.31924 2.4
      vertex 8.52583 6.75 2.4
      vertex 8.52583 8.05 2.4
    endloop
  endfacet
  facet normal 0 0 1
    outer loop
      vertex 8.31924 8.31924 2.4
      vertex 8.31924 6.48076 2.4
      vertex 8.52583 6.75 2.4
    endloop
  endfacet
  facet normal 0 0 1
    outer loop
      vertex 8.05 8.52583 2.4
      vertex 8.31924 6.48076 2.4
      vertex 8.31924 8.31924 2.4
    endloop
  endfacet
  facet normal 0 0 1
    outer loop
      vertex 8.05 8.52583 2.4
      vertex 8.05 6.27417 2.4
      vertex 8.31924 6.48076 2.4
    endloop
  endfacet
  facet normal 0 0 1
    outer loop
      vertex 7.73646 8.6557 2.4
      vertex 8.05 6.27417 2.4
      vertex 8.05 8.52583 2.4
    endloop
  endfacet
  facet normal 0 0 1
    outer loop
      vertex 7.73646 8.6557 2.4
      vertex 7.73646 6.1443 2.4
      vertex 8.05 6.27417 2.4
    endloop
  endfacet
  facet normal 0 0 1
    outer loop
      vertex 7.4 8.7 2.4
      vertex 7.73646 6.1443 2.4
      vertex 7.73646 8.6557 2.4
    endloop
  endfacet
  facet normal 0 0 1
    outer loop
      vertex 7.4 8.7 2.4
      vertex 7.4 6.1 2.4
      vertex 7.73646 6.1443 2.4
    endloop
  endfacet
  facet normal -0 0 1
    outer loop
      vertex 7.06354 8.6557 2.4
      vertex 7.4 6.1 2.4
      vertex 7.4 8.7 2.4
    endloop
  endfacet
  facet normal 0 0 1
    outer loop
      vertex 7.06354 8.6557 2.4
      vertex 7.06354 6.1443 2.4
      vertex 7.4 6.1 2.4
    endloop
  endfacet
  facet normal -0 0 1
    outer loop
      vertex 6.75 8.52583 2.4
      vertex 7.06354 6.1443 2.4
      vertex 7.06354 8.6557 2.4
    endloop
  endfacet
  facet normal 0 0 1
    outer loop
      vertex 6.75 8.52583 2.4
      vertex 6.75 6.27417 2.4
      vertex 7.06354 6.1443 2.4
    endloop
  endfacet
  facet normal -0 0 1
    outer loop
      vertex 6.48076 8.31924 2.4
      vertex 6.75 6.27417 2.4
      vertex 6.75 8.52583 2.4
    endloop
  endfacet
  facet normal 0 0 1
    outer loop
      vertex 6.48076 8.31924 2.4
      vertex 6.48076 6.48076 2.4
      vertex 6.75 6.27417 2.4
    endloop
  endfacet
  facet normal -0 0 1
    outer loop
      vertex 6.27417 8.05 2.4
      vertex 6.48076 6.48076 2.4
      vertex 6.48076 8.31924 2.4
    endloop
  endfacet
  facet normal 0 0 1
    outer loop
      vertex 6.27417 8.05 2.4
      vertex 6.27417 6.75 2.4
      vertex 6.48076 6.48076 2.4
    endloop
  endfacet
  facet normal -0 0 1
    outer loop
      vertex 6.1443 7.73646 2.4
      vertex 6.27417 6.75 2.4
      vertex 6.27417 8.05 2.4
    endloop
  endfacet
  facet normal 0 0 1
    outer loop
      vertex 6.1443 7.73646 2.4
      vertex 6.1443 7.06354 2.4
      vertex 6.27417 6.75 2.4
    endloop
  endfacet
  facet normal 0 -0 1
    outer loop
      vertex 6.1443 7.06354 2.4
      vertex 6.1443 7.73646 2.4
      vertex 6.1 7.4 2.4
    endloop
  endfacet
  facet normal 0 0 1
    outer loop
      vertex 8.6557 90.1365 2.4
      vertex 8.6557 89.4635 2.4
      vertex 8.7 89.8 2.4
    endloop
  endfacet
  facet normal 0 0 1
    outer loop
      vertex 8.52583 90.45 2.4
      vertex 8.6557 89.4635 2.4
      vertex 8.6557 90.1365 2.4
    endloop
  endfacet
  facet normal 0 0 1
    outer loop
      vertex 8.52583 90.45 2.4
      vertex 8.52583 89.15 2.4
      vertex 8.6557 89.4635 2.4
    endloop
  endfacet
  facet normal 0 0 1
    outer loop
      vertex 8.31924 90.7192 2.4
      vertex 8.52583 89.15 2.4
      vertex 8.52583 90.45 2.4
    endloop
  endfacet
  facet normal 0 0 1
    outer loop
      vertex 8.31924 90.7192 2.4
      vertex 8.31924 88.8808 2.4
      vertex 8.52583 89.15 2.4
    endloop
  endfacet
  facet normal 0 0 1
    outer loop
      vertex 8.05 90.9258 2.4
      vertex 8.31924 88.8808 2.4
      vertex 8.31924 90.7192 2.4
    endloop
  endfacet
  facet normal 0 0 1
    outer loop
      vertex 8.05 90.9258 2.4
      vertex 8.05 88.6742 2.4
      vertex 8.31924 88.8808 2.4
    endloop
  endfacet
  facet normal 0 0 1
    outer loop
      vertex 7.73646 91.0557 2.4
      vertex 8.05 88.6742 2.4
      vertex 8.05 90.9258 2.4
    endloop
  endfacet
  facet normal 0 0 1
    outer loop
      vertex 7.73646 91.0557 2.4
      vertex 7.73646 88.5443 2.4
      vertex 8.05 88.6742 2.4
    endloop
  endfacet
  facet normal 0 0 1
    outer loop
      vertex 7.4 91.1 2.4
      vertex 7.73646 88.5443 2.4
      vertex 7.73646 91.0557 2.4
    endloop
  endfacet
  facet normal 0 0 1
    outer loop
      vertex 7.4 91.1 2.4
      vertex 7.4 88.5 2.4
      vertex 7.73646 88.5443 2.4
    endloop
  endfacet
  facet normal -0 0 1
    outer loop
      vertex 7.06354 91.0557 2.4
      vertex 7.4 88.5 2.4
      vertex 7.4 91.1 2.4
    endloop
  endfacet
  facet normal 0 0 1
    outer loop
      vertex 7.06354 91.0557 2.4
      vertex 7.06354 88.5443 2.4
      vertex 7.4 88.5 2.4
    endloop
  endfacet
  facet normal -0 0 1
    outer loop
      vertex 6.75 90.9258 2.4
      vertex 7.06354 88.5443 2.4
      vertex 7.06354 91.0557 2.4
    endloop
  endfacet
  facet normal 0 0 1
    outer loop
      vertex 6.75 90.9258 2.4
      vertex 6.75 88.6742 2.4
      vertex 7.06354 88.5443 2.4
    endloop
  endfacet
  facet normal -0 0 1
    outer loop
      vertex 6.48076 90.7192 2.4
      vertex 6.75 88.6742 2.4
      vertex 6.75 90.9258 2.4
    endloop
  endfacet
  facet normal 0 0 1
    outer loop
      vertex 6.48076 90.7192 2.4
      vertex 6.48076 88.8808 2.4
      vertex 6.75 88.6742 2.4
    endloop
  endfacet
  facet normal -0 0 1
    outer loop
      vertex 6.27417 90.45 2.4
      vertex 6.48076 88.8808 2.4
      vertex 6.48076 90.7192 2.4
    endloop
  endfacet
  facet normal 0 0 1
    outer loop
      vertex 6.27417 90.45 2.4
      vertex 6.27417 89.15 2.4
      vertex 6.48076 88.8808 2.4
    endloop
  endfacet
  facet normal -0 0 1
    outer loop
      vertex 6.1443 90.1365 2.4
      vertex 6.27417 89.15 2.4
      vertex 6.27417 90.45 2.4
    endloop
  endfacet
  facet normal 0 0 1
    outer loop
      vertex 6.1443 90.1365 2.4
      vertex 6.1443 89.4635 2.4
      vertex 6.27417 89.15 2.4
    endloop
  endfacet
  facet normal 0 -0 1
    outer loop
      vertex 6.1443 89.4635 2.4
      vertex 6.1443 90.1365 2.4
      vertex 6.1 89.8 2.4
    endloop
  endfacet
  facet normal 0 0 1
    outer loop
      vertex 84.8557 90.1365 2.4
      vertex 84.8557 89.4635 2.4
      vertex 84.9 89.8 2.4
    endloop
  endfacet
  facet normal 0 0 1
    outer loop
      vertex 84.7258 90.45 2.4
      vertex 84.8557 89.4635 2.4
      vertex 84.8557 90.1365 2.4
    endloop
  endfacet
  facet normal 0 0 1
    outer loop
      vertex 84.7258 90.45 2.4
      vertex 84.7258 89.15 2.4
      vertex 84.8557 89.4635 2.4
    endloop
  endfacet
  facet normal 0 0 1
    outer loop
      vertex 84.5192 90.7192 2.4
      vertex 84.7258 89.15 2.4
      vertex 84.7258 90.45 2.4
    endloop
  endfacet
  facet normal 0 0 1
    outer loop
      vertex 84.5192 90.7192 2.4
      vertex 84.5192 88.8808 2.4
      vertex 84.7258 89.15 2.4
    endloop
  endfacet
  facet normal 0 0 1
    outer loop
      vertex 84.25 90.9258 2.4
      vertex 84.5192 88.8808 2.4
      vertex 84.5192 90.7192 2.4
    endloop
  endfacet
  facet normal 0 0 1
    outer loop
      vertex 84.25 90.9258 2.4
      vertex 84.25 88.6742 2.4
      vertex 84.5192 88.8808 2.4
    endloop
  endfacet
  facet normal 0 0 1
    outer loop
      vertex 83.9365 91.0557 2.4
      vertex 84.25 88.6742 2.4
      vertex 84.25 90.9258 2.4
    endloop
  endfacet
  facet normal 0 0 1
    outer loop
      vertex 83.9365 91.0557 2.4
      vertex 83.9365 88.5443 2.4
      vertex 84.25 88.6742 2.4
    endloop
  endfacet
  facet normal 0 0 1
    outer loop
      vertex 83.6 91.1 2.4
      vertex 83.9365 88.5443 2.4
      vertex 83.9365 91.0557 2.4
    endloop
  endfacet
  facet normal 0 0 1
    outer loop
      vertex 83.6 91.1 2.4
      vertex 83.6 88.5 2.4
      vertex 83.9365 88.5443 2.4
    endloop
  endfacet
  facet normal -0 0 1
    outer loop
      vertex 83.2635 91.0557 2.4
      vertex 83.6 88.5 2.4
      vertex 83.6 91.1 2.4
    endloop
  endfacet
  facet normal 0 0 1
    outer loop
      vertex 83.2635 91.0557 2.4
      vertex 83.2635 88.5443 2.4
      vertex 83.6 88.5 2.4
    endloop
  endfacet
  facet normal -0 0 1
    outer loop
      vertex 82.95 90.9258 2.4
      vertex 83.2635 88.5443 2.4
      vertex 83.2635 91.0557 2.4
    endloop
  endfacet
  facet normal 0 0 1
    outer loop
      vertex 82.95 90.9258 2.4
      vertex 82.95 88.6742 2.4
      vertex 83.2635 88.5443 2.4
    endloop
  endfacet
  facet normal -0 0 1
    outer loop
      vertex 82.6808 90.7192 2.4
      vertex 82.95 88.6742 2.4
      vertex 82.95 90.9258 2.4
    endloop
  endfacet
  facet normal 0 0 1
    outer loop
      vertex 82.6808 90.7192 2.4
      vertex 82.6808 88.8808 2.4
      vertex 82.95 88.6742 2.4
    endloop
  endfacet
  facet normal -0 0 1
    outer loop
      vertex 82.4742 90.45 2.4
      vertex 82.6808 88.8808 2.4
      vertex 82.6808 90.7192 2.4
    endloop
  endfacet
  facet normal 0 0 1
    outer loop
      vertex 82.4742 90.45 2.4
      vertex 82.4742 89.15 2.4
      vertex 82.6808 88.8808 2.4
    endloop
  endfacet
  facet normal -0 0 1
    outer loop
      vertex 82.3443 90.1365 2.4
      vertex 82.4742 89.15 2.4
      vertex 82.4742 90.45 2.4
    endloop
  endfacet
  facet normal 0 0 1
    outer loop
      vertex 82.3443 90.1365 2.4
      vertex 82.3443 89.4635 2.4
      vertex 82.4742 89.15 2.4
    endloop
  endfacet
  facet normal 0 -0 1
    outer loop
      vertex 82.3443 89.4635 2.4
      vertex 82.3443 90.1365 2.4
      vertex 82.3 89.8 2.4
    endloop
  endfacet
  facet normal 0 0 1
    outer loop
      vertex 84.8557 7.73646 2.4
      vertex 84.8557 7.06354 2.4
      vertex 84.9 7.4 2.4
    endloop
  endfacet
  facet normal 0 0 1
    outer loop
      vertex 84.7258 8.05 2.4
      vertex 84.8557 7.06354 2.4
      vertex 84.8557 7.73646 2.4
    endloop
  endfacet
  facet normal 0 0 1
    outer loop
      vertex 84.7258 8.05 2.4
      vertex 84.7258 6.75 2.4
      vertex 84.8557 7.06354 2.4
    endloop
  endfacet
  facet normal 0 0 1
    outer loop
      vertex 84.5192 8.31924 2.4
      vertex 84.7258 6.75 2.4
      vertex 84.7258 8.05 2.4
    endloop
  endfacet
  facet normal 0 0 1
    outer loop
      vertex 84.5192 8.31924 2.4
      vertex 84.5192 6.48076 2.4
      vertex 84.7258 6.75 2.4
    endloop
  endfacet
  facet normal 0 0 1
    outer loop
      vertex 84.25 8.52583 2.4
      vertex 84.5192 6.48076 2.4
      vertex 84.5192 8.31924 2.4
    endloop
  endfacet
  facet normal 0 0 1
    outer loop
      vertex 84.25 8.52583 2.4
      vertex 84.25 6.27417 2.4
      vertex 84.5192 6.48076 2.4
    endloop
  endfacet
  facet normal 0 0 1
    outer loop
      vertex 83.9365 8.6557 2.4
      vertex 84.25 6.27417 2.4
      vertex 84.25 8.52583 2.4
    endloop
  endfacet
  facet normal 0 0 1
    outer loop
      vertex 83.9365 8.6557 2.4
      vertex 83.9365 6.1443 2.4
      vertex 84.25 6.27417 2.4
    endloop
  endfacet
  facet normal 0 0 1
    outer loop
      vertex 83.6 8.7 2.4
      vertex 83.9365 6.1443 2.4
      vertex 83.9365 8.6557 2.4
    endloop
  endfacet
  facet normal 0 0 1
    outer loop
      vertex 83.6 8.7 2.4
      vertex 83.6 6.1 2.4
      vertex 83.9365 6.1443 2.4
    endloop
  endfacet
  facet normal -0 0 1
    outer loop
      vertex 83.2635 8.6557 2.4
      vertex 83.6 6.1 2.4
      vertex 83.6 8.7 2.4
    endloop
  endfacet
  facet normal 0 0 1
    outer loop
      vertex 83.2635 8.6557 2.4
      vertex 83.2635 6.1443 2.4
      vertex 83.6 6.1 2.4
    endloop
  endfacet
  facet normal -0 0 1
    outer loop
      vertex 82.95 8.52583 2.4
      vertex 83.2635 6.1443 2.4
      vertex 83.2635 8.6557 2.4
    endloop
  endfacet
  facet normal 0 0 1
    outer loop
      vertex 82.95 8.52583 2.4
      vertex 82.95 6.27417 2.4
      vertex 83.2635 6.1443 2.4
    endloop
  endfacet
  facet normal -0 0 1
    outer loop
      vertex 82.6808 8.31924 2.4
      vertex 82.95 6.27417 2.4
      vertex 82.95 8.52583 2.4
    endloop
  endfacet
  facet normal 0 0 1
    outer loop
      vertex 82.6808 8.31924 2.4
      vertex 82.6808 6.48076 2.4
      vertex 82.95 6.27417 2.4
    endloop
  endfacet
  facet normal -0 0 1
    outer loop
      vertex 82.4742 8.05 2.4
      vertex 82.6808 6.48076 2.4
      vertex 82.6808 8.31924 2.4
    endloop
  endfacet
  facet normal 0 0 1
    outer loop
      vertex 82.4742 8.05 2.4
      vertex 82.4742 6.75 2.4
      vertex 82.6808 6.48076 2.4
    endloop
  endfacet
  facet normal -0 0 1
    outer loop
      vertex 82.3443 7.73646 2.4
      vertex 82.4742 6.75 2.4
      vertex 82.4742 8.05 2.4
    endloop
  endfacet
  facet normal 0 0 1
    outer loop
      vertex 82.3443 7.73646 2.4
      vertex 82.3443 7.06354 2.4
      vertex 82.4742 6.75 2.4
    endloop
  endfacet
  facet normal 0 -0 1
    outer loop
      vertex 82.3443 7.06354 2.4
      vertex 82.3443 7.73646 2.4
      vertex 82.3 7.4 2.4
    endloop
  endfacet
  facet normal 0 0 1
    outer loop
      vertex 161.056 7.73646 2.4
      vertex 161.056 7.06354 2.4
      vertex 161.1 7.4 2.4
    endloop
  endfacet
  facet normal 0 0 1
    outer loop
      vertex 160.926 8.05 2.4
      vertex 161.056 7.06354 2.4
      vertex 161.056 7.73646 2.4
    endloop
  endfacet
  facet normal 0 0 1
    outer loop
      vertex 160.926 8.05 2.4
      vertex 160.926 6.75 2.4
      vertex 161.056 7.06354 2.4
    endloop
  endfacet
  facet normal 0 0 1
    outer loop
      vertex 160.719 8.31924 2.4
      vertex 160.926 6.75 2.4
      vertex 160.926 8.05 2.4
    endloop
  endfacet
  facet normal 0 0 1
    outer loop
      vertex 160.719 8.31924 2.4
      vertex 160.719 6.48076 2.4
      vertex 160.926 6.75 2.4
    endloop
  endfacet
  facet normal 0 0 1
    outer loop
      vertex 160.45 8.52583 2.4
      vertex 160.719 6.48076 2.4
      vertex 160.719 8.31924 2.4
    endloop
  endfacet
  facet normal 0 0 1
    outer loop
      vertex 160.45 8.52583 2.4
      vertex 160.45 6.27417 2.4
      vertex 160.719 6.48076 2.4
    endloop
  endfacet
  facet normal 0 0 1
    outer loop
      vertex 160.136 8.6557 2.4
      vertex 160.45 6.27417 2.4
      vertex 160.45 8.52583 2.4
    endloop
  endfacet
  facet normal 0 0 1
    outer loop
      vertex 160.136 8.6557 2.4
      vertex 160.136 6.1443 2.4
      vertex 160.45 6.27417 2.4
    endloop
  endfacet
  facet normal 0 0 1
    outer loop
      vertex 159.8 8.7 2.4
      vertex 160.136 6.1443 2.4
      vertex 160.136 8.6557 2.4
    endloop
  endfacet
  facet normal 0 0 1
    outer loop
      vertex 159.8 8.7 2.4
      vertex 159.8 6.1 2.4
      vertex 160.136 6.1443 2.4
    endloop
  endfacet
  facet normal -0 0 1
    outer loop
      vertex 159.464 8.6557 2.4
      vertex 159.8 6.1 2.4
      vertex 159.8 8.7 2.4
    endloop
  endfacet
  facet normal 0 0 1
    outer loop
      vertex 159.464 8.6557 2.4
      vertex 159.464 6.1443 2.4
      vertex 159.8 6.1 2.4
    endloop
  endfacet
  facet normal -0 0 1
    outer loop
      vertex 159.15 8.52583 2.4
      vertex 159.464 6.1443 2.4
      vertex 159.464 8.6557 2.4
    endloop
  endfacet
  facet normal 0 0 1
    outer loop
      vertex 159.15 8.52583 2.4
      vertex 159.15 6.27417 2.4
      vertex 159.464 6.1443 2.4
    endloop
  endfacet
  facet normal -0 0 1
    outer loop
      vertex 158.881 8.31924 2.4
      vertex 159.15 6.27417 2.4
      vertex 159.15 8.52583 2.4
    endloop
  endfacet
  facet normal 0 0 1
    outer loop
      vertex 158.881 8.31924 2.4
      vertex 158.881 6.48076 2.4
      vertex 159.15 6.27417 2.4
    endloop
  endfacet
  facet normal -0 0 1
    outer loop
      vertex 158.674 8.05 2.4
      vertex 158.881 6.48076 2.4
      vertex 158.881 8.31924 2.4
    endloop
  endfacet
  facet normal 0 0 1
    outer loop
      vertex 158.674 8.05 2.4
      vertex 158.674 6.75 2.4
      vertex 158.881 6.48076 2.4
    endloop
  endfacet
  facet normal -0 0 1
    outer loop
      vertex 158.544 7.73646 2.4
      vertex 158.674 6.75 2.4
      vertex 158.674 8.05 2.4
    endloop
  endfacet
  facet normal 0 0 1
    outer loop
      vertex 158.544 7.73646 2.4
      vertex 158.544 7.06354 2.4
      vertex 158.674 6.75 2.4
    endloop
  endfacet
  facet normal 0 -0 1
    outer loop
      vertex 158.544 7.06354 2.4
      vertex 158.544 7.73646 2.4
      vertex 158.5 7.4 2.4
    endloop
  endfacet
  facet normal 0 0 1
    outer loop
      vertex 161.056 90.1365 2.4
      vertex 161.056 89.4635 2.4
      vertex 161.1 89.8 2.4
    endloop
  endfacet
  facet normal 0 0 1
    outer loop
      vertex 160.926 90.45 2.4
      vertex 161.056 89.4635 2.4
      vertex 161.056 90.1365 2.4
    endloop
  endfacet
  facet normal 0 0 1
    outer loop
      vertex 160.926 90.45 2.4
      vertex 160.926 89.15 2.4
      vertex 161.056 89.4635 2.4
    endloop
  endfacet
  facet normal 0 0 1
    outer loop
      vertex 160.719 90.7192 2.4
      vertex 160.926 89.15 2.4
      vertex 160.926 90.45 2.4
    endloop
  endfacet
  facet normal 0 0 1
    outer loop
      vertex 160.719 90.7192 2.4
      vertex 160.719 88.8808 2.4
      vertex 160.926 89.15 2.4
    endloop
  endfacet
  facet normal 0 0 1
    outer loop
      vertex 160.45 90.9258 2.4
      vertex 160.719 88.8808 2.4
      vertex 160.719 90.7192 2.4
    endloop
  endfacet
  facet normal 0 0 1
    outer loop
      vertex 160.45 90.9258 2.4
      vertex 160.45 88.6742 2.4
      vertex 160.719 88.8808 2.4
    endloop
  endfacet
  facet normal 0 0 1
    outer loop
      vertex 160.136 91.0557 2.4
      vertex 160.45 88.6742 2.4
      vertex 160.45 90.9258 2.4
    endloop
  endfacet
  facet normal 0 0 1
    outer loop
      vertex 160.136 91.0557 2.4
      vertex 160.136 88.5443 2.4
      vertex 160.45 88.6742 2.4
    endloop
  endfacet
  facet normal 0 0 1
    outer loop
      vertex 159.8 91.1 2.4
      vertex 160.136 88.5443 2.4
      vertex 160.136 91.0557 2.4
    endloop
  endfacet
  facet normal 0 0 1
    outer loop
      vertex 159.8 91.1 2.4
      vertex 159.8 88.5 2.4
      vertex 160.136 88.5443 2.4
    endloop
  endfacet
  facet normal -0 0 1
    outer loop
      vertex 159.464 91.0557 2.4
      vertex 159.8 88.5 2.4
      vertex 159.8 91.1 2.4
    endloop
  endfacet
  facet normal 0 0 1
    outer loop
      vertex 159.464 91.0557 2.4
      vertex 159.464 88.5443 2.4
      vertex 159.8 88.5 2.4
    endloop
  endfacet
  facet normal -0 0 1
    outer loop
      vertex 159.15 90.9258 2.4
      vertex 159.464 88.5443 2.4
      vertex 159.464 91.0557 2.4
    endloop
  endfacet
  facet normal 0 0 1
    outer loop
      vertex 159.15 90.9258 2.4
      vertex 159.15 88.6742 2.4
      vertex 159.464 88.5443 2.4
    endloop
  endfacet
  facet normal -0 0 1
    outer loop
      vertex 158.881 90.7192 2.4
      vertex 159.15 88.6742 2.4
      vertex 159.15 90.9258 2.4
    endloop
  endfacet
  facet normal 0 0 1
    outer loop
      vertex 158.881 90.7192 2.4
      vertex 158.881 88.8808 2.4
      vertex 159.15 88.6742 2.4
    endloop
  endfacet
  facet normal -0 0 1
    outer loop
      vertex 158.674 90.45 2.4
      vertex 158.881 88.8808 2.4
      vertex 158.881 90.7192 2.4
    endloop
  endfacet
  facet normal 0 0 1
    outer loop
      vertex 158.674 90.45 2.4
      vertex 158.674 89.15 2.4
      vertex 158.881 88.8808 2.4
    endloop
  endfacet
  facet normal -0 0 1
    outer loop
      vertex 158.544 90.1365 2.4
      vertex 158.674 89.15 2.4
      vertex 158.674 90.45 2.4
    endloop
  endfacet
  facet normal 0 0 1
    outer loop
      vertex 158.544 90.1365 2.4
      vertex 158.544 89.4635 2.4
      vertex 158.674 89.15 2.4
    endloop
  endfacet
  facet normal 0 -0 1
    outer loop
      vertex 158.544 89.4635 2.4
      vertex 158.544 90.1365 2.4
      vertex 158.5 89.8 2.4
    endloop
  endfacet
  facet normal -1 0 0
    outer loop
      vertex 164.8 2.4 2.4
      vertex 164.8 94.8 3.4
      vertex 164.8 94.8 2.4
    endloop
  endfacet
  facet normal -1 -0 0
    outer loop
      vertex 164.8 94.8 3.4
      vertex 164.8 2.4 2.4
      vertex 164.8 2.4 3.4
    endloop
  endfacet
  facet normal -1 0 0
    outer loop
      vertex 164.8 29.2578 30.2014
      vertex 164.8 21.5125 31
      vertex 164.8 29.0155 31
    endloop
  endfacet
  facet normal -1 0 0
    outer loop
      vertex 164.8 29.4723 29.8
      vertex 164.8 21.5125 31
      vertex 164.8 29.2578 30.2014
    endloop
  endfacet
  facet normal -1 0 0
    outer loop
      vertex 164.8 29.4723 29.8
      vertex 164.8 21.3092 30.8913
      vertex 164.8 21.5125 31
    endloop
  endfacet
  facet normal -1 0 0
    outer loop
      vertex 164.8 29.4723 29.8
      vertex 164.8 21.0841 30.8231
      vertex 164.8 21.3092 30.8913
    endloop
  endfacet
  facet normal -1 0 0
    outer loop
      vertex 164.8 29.4723 29.8
      vertex 164.8 20.85 30.8
      vertex 164.8 21.0841 30.8231
    endloop
  endfacet
  facet normal -1 0 0
    outer loop
      vertex 164.8 2.4 29.8
      vertex 164.8 20.85 30.8
      vertex 164.8 29.4723 29.8
    endloop
  endfacet
  facet normal -1 -0 0
    outer loop
      vertex 164.8 20.85 30.8
      vertex 164.8 2.4 29.8
      vertex 164.8 20.6159 30.8231
    endloop
  endfacet
  facet normal -1 0 0
    outer loop
      vertex 164.8 2.4 29.8
      vertex 164.8 20.3908 30.8913
      vertex 164.8 20.6159 30.8231
    endloop
  endfacet
  facet normal -1 0 0
    outer loop
      vertex 164.8 2.4 29.8
      vertex 164.8 20.1875 31
      vertex 164.8 20.3908 30.8913
    endloop
  endfacet
  facet normal -1 -0 0
    outer loop
      vertex 164.8 20.1875 31
      vertex 164.8 2.4 29.8
      vertex 164.8 2.4 31
    endloop
  endfacet
  facet normal -1 0 0
    outer loop
      vertex 164.8 94.8 29.8
      vertex 164.8 47.0125 31
      vertex 164.8 94.8 31
    endloop
  endfacet
  facet normal -1 0 0
    outer loop
      vertex 164.8 94.8 29.8
      vertex 164.8 46.8092 30.8913
      vertex 164.8 47.0125 31
    endloop
  endfacet
  facet normal -1 0 0
    outer loop
      vertex 164.8 94.8 29.8
      vertex 164.8 46.5841 30.8231
      vertex 164.8 46.8092 30.8913
    endloop
  endfacet
  facet normal -1 0 0
    outer loop
      vertex 164.8 94.8 29.8
      vertex 164.8 46.35 30.8
      vertex 164.8 46.5841 30.8231
    endloop
  endfacet
  facet normal -1 0 0
    outer loop
      vertex 164.8 37.7277 29.8
      vertex 164.8 45.6875 31
      vertex 164.8 45.8908 30.8913
    endloop
  endfacet
  facet normal -1 0 0
    outer loop
      vertex 164.8 37.7277 29.8
      vertex 164.8 45.8908 30.8913
      vertex 164.8 46.1159 30.8231
    endloop
  endfacet
  facet normal -1 0 0
    outer loop
      vertex 164.8 37.7277 29.8
      vertex 164.8 46.1159 30.8231
      vertex 164.8 46.35 30.8
    endloop
  endfacet
  facet normal -1 -0 0
    outer loop
      vertex 164.8 45.6875 31
      vertex 164.8 37.9422 30.2014
      vertex 164.8 38.1845 31
    endloop
  endfacet
  facet normal -1 0 0
    outer loop
      vertex 164.8 37.7277 29.8
      vertex 164.8 46.35 30.8
      vertex 164.8 94.8 29.8
    endloop
  endfacet
  facet normal -1 0 0
    outer loop
      vertex 164.8 45.6875 31
      vertex 164.8 37.7277 29.8
      vertex 164.8 37.9422 30.2014
    endloop
  endfacet
  facet normal -1 0 0
    outer loop
      vertex 164.8 18.1 17.3532
      vertex 164.8 48.6 13.4
      vertex 164.8 48.6 5.4
    endloop
  endfacet
  facet normal -1 0 0
    outer loop
      vertex 164.8 48.6 13.4
      vertex 164.8 36.2112 28.0921
      vertex 164.8 36.8301 28.6
    endloop
  endfacet
  facet normal -1 0 0
    outer loop
      vertex 164.8 48.6 13.4
      vertex 164.8 35.3986 27.6578
      vertex 164.8 36.2112 28.0921
    endloop
  endfacet
  facet normal -1 0 0
    outer loop
      vertex 164.8 48.6 13.4
      vertex 164.8 34.5169 27.3903
      vertex 164.8 35.3986 27.6578
    endloop
  endfacet
  facet normal -1 0 0
    outer loop
      vertex 164.8 48.6 13.4
      vertex 164.8 33.6 27.3
      vertex 164.8 34.5169 27.3903
    endloop
  endfacet
  facet normal -1 0 0
    outer loop
      vertex 164.8 48.6 13.4
      vertex 164.8 18.1 17.3532
      vertex 164.8 33.6 27.3
    endloop
  endfacet
  facet normal -1 -0 0
    outer loop
      vertex 164.8 33.6 27.3
      vertex 164.8 18.1 17.3532
      vertex 164.8 32.6831 27.3903
    endloop
  endfacet
  facet normal -1 -0 0
    outer loop
      vertex 164.8 32.6831 27.3903
      vertex 164.8 18.1 17.3532
      vertex 164.8 31.8014 27.6578
    endloop
  endfacet
  facet normal -1 0 0
    outer loop
      vertex 164.8 18.1 20.6468
      vertex 164.8 31.8014 27.6578
      vertex 164.8 18.1 17.3532
    endloop
  endfacet
  facet normal -1 -0 0
    outer loop
      vertex 164.8 31.8014 27.6578
      vertex 164.8 18.1 20.6468
      vertex 164.8 30.9888 28.0921
    endloop
  endfacet
  facet normal -1 0 0
    outer loop
      vertex 164.8 48.6 5.4
      vertex 164.8 17.98 17.1737
      vertex 164.8 18.1 17.3532
    endloop
  endfacet
  facet normal -1 0 0
    outer loop
      vertex 164.8 48.6 5.4
      vertex 164.8 17.7213 16.8787
      vertex 164.8 17.98 17.1737
    endloop
  endfacet
  facet normal -1 0 0
    outer loop
      vertex 164.8 48.6 5.4
      vertex 164.8 17.4263 16.6199
      vertex 164.8 17.7213 16.8787
    endloop
  endfacet
  facet normal -1 0 0
    outer loop
      vertex 164.8 48.6 5.4
      vertex 164.8 17.1 16.4019
      vertex 164.8 17.4263 16.6199
    endloop
  endfacet
  facet normal -1 0 0
    outer loop
      vertex 164.8 48.6 5.4
      vertex 164.8 16.748 16.2284
      vertex 164.8 17.1 16.4019
    endloop
  endfacet
  facet normal -1 0 0
    outer loop
      vertex 164.8 48.6 5.4
      vertex 164.8 16.3764 16.1022
      vertex 164.8 16.748 16.2284
    endloop
  endfacet
  facet normal -1 0 0
    outer loop
      vertex 164.8 2.4 5.4
      vertex 164.8 16.3764 16.1022
      vertex 164.8 48.6 5.4
    endloop
  endfacet
  facet normal -1 0 0
    outer loop
      vertex 164.8 16.3764 16.1022
      vertex 164.8 2.4 5.4
      vertex 164.8 15.9916 16.0257
    endloop
  endfacet
  facet normal -1 0 0
    outer loop
      vertex 164.8 15.9916 16.0257
      vertex 164.8 2.4 5.4
      vertex 164.8 15.6 16
    endloop
  endfacet
  facet normal -1 -0 0
    outer loop
      vertex 164.8 15.6 16
      vertex 164.8 2.4 5.4
      vertex 164.8 15.2084 16.0257
    endloop
  endfacet
  facet normal -1 0 0
    outer loop
      vertex 164.8 2.4 28.6
      vertex 164.8 12.6257 18.6084
      vertex 164.8 2.4 5.4
    endloop
  endfacet
  facet normal -1 -0 0
    outer loop
      vertex 164.8 12.7022 18.2236
      vertex 164.8 2.4 5.4
      vertex 164.8 12.6257 18.6084
    endloop
  endfacet
  facet normal -1 -0 0
    outer loop
      vertex 164.8 12.8284 17.852
      vertex 164.8 2.4 5.4
      vertex 164.8 12.7022 18.2236
    endloop
  endfacet
  facet normal -1 -0 0
    outer loop
      vertex 164.8 13.0019 17.5
      vertex 164.8 2.4 5.4
      vertex 164.8 12.8284 17.852
    endloop
  endfacet
  facet normal -1 -0 0
    outer loop
      vertex 164.8 13.2199 17.1737
      vertex 164.8 2.4 5.4
      vertex 164.8 13.0019 17.5
    endloop
  endfacet
  facet normal -1 -0 0
    outer loop
      vertex 164.8 13.4787 16.8787
      vertex 164.8 2.4 5.4
      vertex 164.8 13.2199 17.1737
    endloop
  endfacet
  facet normal -1 -0 0
    outer loop
      vertex 164.8 13.7737 16.6199
      vertex 164.8 2.4 5.4
      vertex 164.8 13.4787 16.8787
    endloop
  endfacet
  facet normal -1 -0 0
    outer loop
      vertex 164.8 14.1 16.4019
      vertex 164.8 2.4 5.4
      vertex 164.8 13.7737 16.6199
    endloop
  endfacet
  facet normal -1 -0 0
    outer loop
      vertex 164.8 14.452 16.2284
      vertex 164.8 2.4 5.4
      vertex 164.8 14.1 16.4019
    endloop
  endfacet
  facet normal -1 -0 0
    outer loop
      vertex 164.8 14.8236 16.1022
      vertex 164.8 2.4 5.4
      vertex 164.8 14.452 16.2284
    endloop
  endfacet
  facet normal -1 -0 0
    outer loop
      vertex 164.8 15.2084 16.0257
      vertex 164.8 2.4 5.4
      vertex 164.8 14.8236 16.1022
    endloop
  endfacet
  facet normal -1 -0 0
    outer loop
      vertex 164.8 30.9888 28.0921
      vertex 164.8 18.1 20.6468
      vertex 164.8 30.3699 28.6
    endloop
  endfacet
  facet normal -1 0 0
    outer loop
      vertex 164.8 17.98 20.8263
      vertex 164.8 30.3699 28.6
      vertex 164.8 18.1 20.6468
    endloop
  endfacet
  facet normal -1 0 0
    outer loop
      vertex 164.8 17.7213 21.1213
      vertex 164.8 30.3699 28.6
      vertex 164.8 17.98 20.8263
    endloop
  endfacet
  facet normal -1 0 0
    outer loop
      vertex 164.8 17.4263 21.3801
      vertex 164.8 30.3699 28.6
      vertex 164.8 17.7213 21.1213
    endloop
  endfacet
  facet normal -1 0 0
    outer loop
      vertex 164.8 17.1 21.5981
      vertex 164.8 30.3699 28.6
      vertex 164.8 17.4263 21.3801
    endloop
  endfacet
  facet normal -1 0 0
    outer loop
      vertex 164.8 16.748 21.7716
      vertex 164.8 30.3699 28.6
      vertex 164.8 17.1 21.5981
    endloop
  endfacet
  facet normal -1 0 0
    outer loop
      vertex 164.8 16.3764 21.8978
      vertex 164.8 30.3699 28.6
      vertex 164.8 16.748 21.7716
    endloop
  endfacet
  facet normal -1 0 0
    outer loop
      vertex 164.8 15.9916 21.9743
      vertex 164.8 30.3699 28.6
      vertex 164.8 16.3764 21.8978
    endloop
  endfacet
  facet normal -1 0 0
    outer loop
      vertex 164.8 15.6 22
      vertex 164.8 30.3699 28.6
      vertex 164.8 15.9916 21.9743
    endloop
  endfacet
  facet normal -1 0 0
    outer loop
      vertex 164.8 2.4 28.6
      vertex 164.8 15.6 22
      vertex 164.8 15.2084 21.9743
    endloop
  endfacet
  facet normal -1 0 0
    outer loop
      vertex 164.8 2.4 28.6
      vertex 164.8 15.2084 21.9743
      vertex 164.8 14.8236 21.8978
    endloop
  endfacet
  facet normal -1 0 0
    outer loop
      vertex 164.8 2.4 28.6
      vertex 164.8 14.8236 21.8978
      vertex 164.8 14.452 21.7716
    endloop
  endfacet
  facet normal -1 0 0
    outer loop
      vertex 164.8 12.6257 18.6084
      vertex 164.8 2.4 28.6
      vertex 164.8 12.6 19
    endloop
  endfacet
  facet normal -1 0 0
    outer loop
      vertex 164.8 12.6 19
      vertex 164.8 2.4 28.6
      vertex 164.8 12.6257 19.3916
    endloop
  endfacet
  facet normal -1 0 0
    outer loop
      vertex 164.8 12.6257 19.3916
      vertex 164.8 2.4 28.6
      vertex 164.8 12.7022 19.7764
    endloop
  endfacet
  facet normal -1 0 0
    outer loop
      vertex 164.8 12.7022 19.7764
      vertex 164.8 2.4 28.6
      vertex 164.8 12.8284 20.148
    endloop
  endfacet
  facet normal -1 0 0
    outer loop
      vertex 164.8 12.8284 20.148
      vertex 164.8 2.4 28.6
      vertex 164.8 13.0019 20.5
    endloop
  endfacet
  facet normal -1 0 0
    outer loop
      vertex 164.8 15.6 22
      vertex 164.8 2.4 28.6
      vertex 164.8 30.3699 28.6
    endloop
  endfacet
  facet normal -1 0 0
    outer loop
      vertex 164.8 14.1 21.5981
      vertex 164.8 2.4 28.6
      vertex 164.8 14.452 21.7716
    endloop
  endfacet
  facet normal -1 0 0
    outer loop
      vertex 164.8 13.7737 21.3801
      vertex 164.8 2.4 28.6
      vertex 164.8 14.1 21.5981
    endloop
  endfacet
  facet normal -1 0 0
    outer loop
      vertex 164.8 13.4787 21.1213
      vertex 164.8 2.4 28.6
      vertex 164.8 13.7737 21.3801
    endloop
  endfacet
  facet normal -1 0 0
    outer loop
      vertex 164.8 13.2199 20.8263
      vertex 164.8 2.4 28.6
      vertex 164.8 13.4787 21.1213
    endloop
  endfacet
  facet normal -1 0 0
    outer loop
      vertex 164.8 13.0019 20.5
      vertex 164.8 2.4 28.6
      vertex 164.8 13.2199 20.8263
    endloop
  endfacet
  facet normal -1 0 0
    outer loop
      vertex 164.8 75.5231 13.7804
      vertex 164.8 94.8 5.4
      vertex 164.8 75.6 13
    endloop
  endfacet
  facet normal -1 0 0
    outer loop
      vertex 164.8 94.8 5.4
      vertex 164.8 75.5231 12.2196
      vertex 164.8 75.6 13
    endloop
  endfacet
  facet normal -1 0 0
    outer loop
      vertex 164.8 94.8 5.4
      vertex 164.8 75.2955 11.4693
      vertex 164.8 75.5231 12.2196
    endloop
  endfacet
  facet normal -1 0 0
    outer loop
      vertex 164.8 94.8 5.4
      vertex 164.8 74.9259 10.7777
      vertex 164.8 75.2955 11.4693
    endloop
  endfacet
  facet normal -1 0 0
    outer loop
      vertex 164.8 94.8 5.4
      vertex 164.8 74.4284 10.1716
      vertex 164.8 74.9259 10.7777
    endloop
  endfacet
  facet normal -1 0 0
    outer loop
      vertex 164.8 94.8 5.4
      vertex 164.8 73.8223 9.67412
      vertex 164.8 74.4284 10.1716
    endloop
  endfacet
  facet normal -1 0 0
    outer loop
      vertex 164.8 94.8 5.4
      vertex 164.8 73.1307 9.30448
      vertex 164.8 73.8223 9.67412
    endloop
  endfacet
  facet normal -1 0 0
    outer loop
      vertex 164.8 94.8 5.4
      vertex 164.8 72.3804 9.07686
      vertex 164.8 73.1307 9.30448
    endloop
  endfacet
  facet normal -1 0 0
    outer loop
      vertex 164.8 63.6 5.4
      vertex 164.8 72.3804 9.07686
      vertex 164.8 94.8 5.4
    endloop
  endfacet
  facet normal -1 0 0
    outer loop
      vertex 164.8 72.3804 9.07686
      vertex 164.8 63.6 5.4
      vertex 164.8 71.6 9
    endloop
  endfacet
  facet normal -1 0 0
    outer loop
      vertex 164.8 67.9045 11.4693
      vertex 164.8 63.6 13.4
      vertex 164.8 67.6769 12.2196
    endloop
  endfacet
  facet normal -1 0 0
    outer loop
      vertex 164.8 63.6 13.4
      vertex 164.8 67.9045 11.4693
      vertex 164.8 63.6 5.4
    endloop
  endfacet
  facet normal -1 -0 0
    outer loop
      vertex 164.8 68.2741 10.7777
      vertex 164.8 63.6 5.4
      vertex 164.8 67.9045 11.4693
    endloop
  endfacet
  facet normal -1 -0 0
    outer loop
      vertex 164.8 68.7716 10.1716
      vertex 164.8 63.6 5.4
      vertex 164.8 68.2741 10.7777
    endloop
  endfacet
  facet normal -1 -0 0
    outer loop
      vertex 164.8 69.3777 9.67412
      vertex 164.8 63.6 5.4
      vertex 164.8 68.7716 10.1716
    endloop
  endfacet
  facet normal -1 -0 0
    outer loop
      vertex 164.8 70.0693 9.30448
      vertex 164.8 63.6 5.4
      vertex 164.8 69.3777 9.67412
    endloop
  endfacet
  facet normal -1 -0 0
    outer loop
      vertex 164.8 70.8196 9.07686
      vertex 164.8 63.6 5.4
      vertex 164.8 70.0693 9.30448
    endloop
  endfacet
  facet normal -1 -0 0
    outer loop
      vertex 164.8 71.6 9
      vertex 164.8 63.6 5.4
      vertex 164.8 70.8196 9.07686
    endloop
  endfacet
  facet normal -1 0 0
    outer loop
      vertex 164.8 94.8 5.4
      vertex 164.8 75.5231 13.7804
      vertex 164.8 94.8 28.6
    endloop
  endfacet
  facet normal -1 0 0
    outer loop
      vertex 164.8 75.2955 14.5307
      vertex 164.8 94.8 28.6
      vertex 164.8 75.5231 13.7804
    endloop
  endfacet
  facet normal -1 0 0
    outer loop
      vertex 164.8 74.9259 15.2223
      vertex 164.8 94.8 28.6
      vertex 164.8 75.2955 14.5307
    endloop
  endfacet
  facet normal -1 0 0
    outer loop
      vertex 164.8 74.4284 15.8284
      vertex 164.8 94.8 28.6
      vertex 164.8 74.9259 15.2223
    endloop
  endfacet
  facet normal -1 0 0
    outer loop
      vertex 164.8 73.8223 16.3259
      vertex 164.8 94.8 28.6
      vertex 164.8 74.4284 15.8284
    endloop
  endfacet
  facet normal -1 0 0
    outer loop
      vertex 164.8 73.1307 16.6955
      vertex 164.8 94.8 28.6
      vertex 164.8 73.8223 16.3259
    endloop
  endfacet
  facet normal -1 0 0
    outer loop
      vertex 164.8 72.3804 16.9231
      vertex 164.8 94.8 28.6
      vertex 164.8 73.1307 16.6955
    endloop
  endfacet
  facet normal -1 0 0
    outer loop
      vertex 164.8 71.6 17
      vertex 164.8 94.8 28.6
      vertex 164.8 72.3804 16.9231
    endloop
  endfacet
  facet normal -1 0 0
    outer loop
      vertex 164.8 70.8196 16.9231
      vertex 164.8 94.8 28.6
      vertex 164.8 71.6 17
    endloop
  endfacet
  facet normal -1 0 0
    outer loop
      vertex 164.8 36.8301 28.6
      vertex 164.8 70.8196 16.9231
      vertex 164.8 70.0693 16.6955
    endloop
  endfacet
  facet normal -1 0 0
    outer loop
      vertex 164.8 67.6769 12.2196
      vertex 164.8 63.6 13.4
      vertex 164.8 67.6 13
    endloop
  endfacet
  facet normal -1 0 0
    outer loop
      vertex 164.8 67.6 13
      vertex 164.8 63.6 13.4
      vertex 164.8 67.6769 13.7804
    endloop
  endfacet
  facet normal -1 -0 0
    outer loop
      vertex 164.8 67.6769 13.7804
      vertex 164.8 63.6 13.4
      vertex 164.8 67.9045 14.5307
    endloop
  endfacet
  facet normal -1 0 0
    outer loop
      vertex 164.8 63.6 13.4
      vertex 164.8 68.2741 15.2223
      vertex 164.8 67.9045 14.5307
    endloop
  endfacet
  facet normal -1 0 0
    outer loop
      vertex 164.8 63.6 13.4
      vertex 164.8 68.7716 15.8284
      vertex 164.8 68.2741 15.2223
    endloop
  endfacet
  facet normal -1 0 0
    outer loop
      vertex 164.8 63.6 13.4
      vertex 164.8 69.3777 16.3259
      vertex 164.8 68.7716 15.8284
    endloop
  endfacet
  facet normal -1 0 0
    outer loop
      vertex 164.8 36.8301 28.6
      vertex 164.8 69.3777 16.3259
      vertex 164.8 63.6 13.4
    endloop
  endfacet
  facet normal -1 0 0
    outer loop
      vertex 164.8 36.8301 28.6
      vertex 164.8 63.6 13.4
      vertex 164.8 48.6 13.4
    endloop
  endfacet
  facet normal -1 0 0
    outer loop
      vertex 164.8 69.3777 16.3259
      vertex 164.8 36.8301 28.6
      vertex 164.8 70.0693 16.6955
    endloop
  endfacet
  facet normal -1 0 0
    outer loop
      vertex 164.8 70.8196 16.9231
      vertex 164.8 36.8301 28.6
      vertex 164.8 94.8 28.6
    endloop
  endfacet
  facet normal 1 -0 0
    outer loop
      vertex 2.4 2.4 3.4
      vertex 2.4 94.8 2.4
      vertex 2.4 94.8 3.4
    endloop
  endfacet
  facet normal 1 0 0
    outer loop
      vertex 2.4 94.8 2.4
      vertex 2.4 2.4 3.4
      vertex 2.4 2.4 2.4
    endloop
  endfacet
  facet normal 1 -0 0
    outer loop
      vertex 2.4 2.4 31
      vertex 2.4 94.8 29.8
      vertex 2.4 94.8 31
    endloop
  endfacet
  facet normal 1 0 0
    outer loop
      vertex 2.4 94.8 29.8
      vertex 2.4 2.4 31
      vertex 2.4 2.4 29.8
    endloop
  endfacet
  facet normal 1 0 0
    outer loop
      vertex 2.4 94.8 28.6
      vertex 2.4 86.6 12.4
      vertex 2.4 94.8 5.4
    endloop
  endfacet
  facet normal 1 0 0
    outer loop
      vertex 2.4 94.8 28.6
      vertex 2.4 69.6 12.4
      vertex 2.4 86.6 12.4
    endloop
  endfacet
  facet normal 1 0 0
    outer loop
      vertex 2.4 69.6 12.4
      vertex 2.4 61.6 12.4
      vertex 2.4 69.6 5.4
    endloop
  endfacet
  facet normal 1 0 0
    outer loop
      vertex 2.4 94.8 28.6
      vertex 2.4 61.6 12.4
      vertex 2.4 69.6 12.4
    endloop
  endfacet
  facet normal 1 0 0
    outer loop
      vertex 2.4 94.8 28.6
      vertex 2.4 43.6 12.4
      vertex 2.4 61.6 12.4
    endloop
  endfacet
  facet normal 1 0 0
    outer loop
      vertex 2.4 43.6 12.4
      vertex 2.4 41.6 8.4
      vertex 2.4 43.6 5.4
    endloop
  endfacet
  facet normal 1 0 0
    outer loop
      vertex 2.4 43.6 12.4
      vertex 2.4 24.6 8.4
      vertex 2.4 41.6 8.4
    endloop
  endfacet
  facet normal 1 -0 0
    outer loop
      vertex 2.4 2.4 28.6
      vertex 2.4 43.6 12.4
      vertex 2.4 94.8 28.6
    endloop
  endfacet
  facet normal 1 0 0
    outer loop
      vertex 2.4 22.6 5.4
      vertex 2.4 24.6 8.4
      vertex 2.4 22.6 10.4
    endloop
  endfacet
  facet normal 1 0 0
    outer loop
      vertex 2.4 43.6 12.4
      vertex 2.4 22.6 10.4
      vertex 2.4 24.6 8.4
    endloop
  endfacet
  facet normal 1 0 0
    outer loop
      vertex 2.4 43.6 12.4
      vertex 2.4 2.4 28.6
      vertex 2.4 22.6 10.4
    endloop
  endfacet
  facet normal 1 0 0
    outer loop
      vertex 2.4 22.6 10.4
      vertex 2.4 2.4 28.6
      vertex 2.4 13.6 10.4
    endloop
  endfacet
  facet normal 1 0 0
    outer loop
      vertex 2.4 2.4 5.4
      vertex 2.4 13.6 10.4
      vertex 2.4 2.4 28.6
    endloop
  endfacet
  facet normal 1 0 0
    outer loop
      vertex 2.4 13.6 10.4
      vertex 2.4 2.4 5.4
      vertex 2.4 13.6 5.4
    endloop
  endfacet
  facet normal 1 0 0
    outer loop
      vertex 2.4 94.8 5.4
      vertex 2.4 86.6 12.4
      vertex 2.4 86.6 5.4
    endloop
  endfacet
  facet normal 1 0 0
    outer loop
      vertex 2.4 69.6 5.4
      vertex 2.4 61.6 12.4
      vertex 2.4 61.6 5.4
    endloop
  endfacet
  facet normal 1 0 0
    outer loop
      vertex 2.4 43.6 5.4
      vertex 2.4 41.6 8.4
      vertex 2.4 41.6 5.4
    endloop
  endfacet
  facet normal 1 0 0
    outer loop
      vertex 2.4 24.6 8.4
      vertex 2.4 22.6 5.4
      vertex 2.4 24.6 5.4
    endloop
  endfacet
  facet normal 0 1 -0
    outer loop
      vertex 164.8 2.4 2.4
      vertex 2.4 2.4 3.4
      vertex 164.8 2.4 3.4
    endloop
  endfacet
  facet normal 0 1 0
    outer loop
      vertex 2.4 2.4 3.4
      vertex 164.8 2.4 2.4
      vertex 2.4 2.4 2.4
    endloop
  endfacet
  facet normal 0 1 -0
    outer loop
      vertex 164.8 2.4 29.8
      vertex 2.4 2.4 31
      vertex 164.8 2.4 31
    endloop
  endfacet
  facet normal 0 1 0
    outer loop
      vertex 2.4 2.4 31
      vertex 164.8 2.4 29.8
      vertex 2.4 2.4 29.8
    endloop
  endfacet
  facet normal 0 1 -0
    outer loop
      vertex 35.6 2.4 5.4
      vertex 33.6 2.4 23.4
      vertex 35.6 2.4 23.4
    endloop
  endfacet
  facet normal 0 1 0
    outer loop
      vertex 33.6 2.4 23.4
      vertex 35.6 2.4 5.4
      vertex 33.6 2.4 5.4
    endloop
  endfacet
  facet normal 0 1 0
    outer loop
      vertex 164.8 2.4 28.6
      vertex 53.6 2.4 23.4
      vertex 2.4 2.4 28.6
    endloop
  endfacet
  facet normal 0 1 0
    outer loop
      vertex 164.8 2.4 28.6
      vertex 75.6 2.4 20.4
      vertex 53.6 2.4 23.4
    endloop
  endfacet
  facet normal 0 1 -0
    outer loop
      vertex 164.8 2.4 5.4
      vertex 75.6 2.4 20.4
      vertex 164.8 2.4 28.6
    endloop
  endfacet
  facet normal 0 1 0
    outer loop
      vertex 75.6 2.4 20.4
      vertex 164.8 2.4 5.4
      vertex 75.6 2.4 5.4
    endloop
  endfacet
  facet normal 0 1 -0
    outer loop
      vertex 35.6 2.4 23.4
      vertex 2.4 2.4 28.6
      vertex 53.6 2.4 23.4
    endloop
  endfacet
  facet normal 0 1 -0
    outer loop
      vertex 33.6 2.4 23.4
      vertex 2.4 2.4 28.6
      vertex 35.6 2.4 23.4
    endloop
  endfacet
  facet normal 0 1 -0
    outer loop
      vertex 16.6 2.4 23.4
      vertex 2.4 2.4 28.6
      vertex 33.6 2.4 23.4
    endloop
  endfacet
  facet normal 0 1 0
    outer loop
      vertex 2.4 2.4 5.4
      vertex 16.6 2.4 23.4
      vertex 16.6 2.4 5.4
    endloop
  endfacet
  facet normal 0 1 0
    outer loop
      vertex 16.6 2.4 23.4
      vertex 2.4 2.4 5.4
      vertex 2.4 2.4 28.6
    endloop
  endfacet
  facet normal 0 1 -0
    outer loop
      vertex 55.6 2.4 20.4
      vertex 53.6 2.4 23.4
      vertex 75.6 2.4 20.4
    endloop
  endfacet
  facet normal 0 1 0
    outer loop
      vertex 53.6 2.4 5.4
      vertex 55.6 2.4 20.4
      vertex 55.6 2.4 5.4
    endloop
  endfacet
  facet normal 0 1 0
    outer loop
      vertex 55.6 2.4 20.4
      vertex 53.6 2.4 5.4
      vertex 53.6 2.4 23.4
    endloop
  endfacet
  facet normal 0 -1 0
    outer loop
      vertex 2.4 94.8 2.4
      vertex 164.8 94.8 3.4
      vertex 2.4 94.8 3.4
    endloop
  endfacet
  facet normal 0 -1 -0
    outer loop
      vertex 164.8 94.8 3.4
      vertex 2.4 94.8 2.4
      vertex 164.8 94.8 2.4
    endloop
  endfacet
  facet normal 0 -1 0
    outer loop
      vertex 2.4 94.8 29.8
      vertex 164.8 94.8 31
      vertex 2.4 94.8 31
    endloop
  endfacet
  facet normal 0 -1 -0
    outer loop
      vertex 164.8 94.8 31
      vertex 2.4 94.8 29.8
      vertex 164.8 94.8 29.8
    endloop
  endfacet
  facet normal 0 -1 0
    outer loop
      vertex 2.4 94.8 5.4
      vertex 164.8 94.8 28.6
      vertex 2.4 94.8 28.6
    endloop
  endfacet
  facet normal 0 -1 -0
    outer loop
      vertex 164.8 94.8 28.6
      vertex 2.4 94.8 5.4
      vertex 164.8 94.8 5.4
    endloop
  endfacet
  facet normal 0 0 1
    outer loop
      vertex 165.4 95.4 28.6
      vertex 164.8 94.8 28.6
      vertex 165.4 36.8301 28.6
    endloop
  endfacet
  facet normal 0 0 1
    outer loop
      vertex 165.4 95.4 28.6
      vertex 2.4 94.8 28.6
      vertex 164.8 94.8 28.6
    endloop
  endfacet
  facet normal 0 0 1
    outer loop
      vertex 2.4 94.8 28.6
      vertex 1.8 95.4 28.6
      vertex 2.4 2.4 28.6
    endloop
  endfacet
  facet normal -0 0 1
    outer loop
      vertex 1.8 95.4 28.6
      vertex 2.4 94.8 28.6
      vertex 165.4 95.4 28.6
    endloop
  endfacet
  facet normal 0 0 1
    outer loop
      vertex 165.4 36.8301 28.6
      vertex 164.8 94.8 28.6
      vertex 164.8 36.8301 28.6
    endloop
  endfacet
  facet normal 0 0 1
    outer loop
      vertex 164.8 2.4 28.6
      vertex 165.4 30.3699 28.6
      vertex 164.8 30.3699 28.6
    endloop
  endfacet
  facet normal 0 0 1
    outer loop
      vertex 165.4 30.3699 28.6
      vertex 164.8 2.4 28.6
      vertex 165.4 1.8 28.6
    endloop
  endfacet
  facet normal -0 0 1
    outer loop
      vertex 2.4 2.4 28.6
      vertex 165.4 1.8 28.6
      vertex 164.8 2.4 28.6
    endloop
  endfacet
  facet normal 0 0 1
    outer loop
      vertex 2.4 2.4 28.6
      vertex 1.8 1.8 28.6
      vertex 165.4 1.8 28.6
    endloop
  endfacet
  facet normal 0 0 1
    outer loop
      vertex 1.8 1.8 28.6
      vertex 2.4 2.4 28.6
      vertex 1.8 95.4 28.6
    endloop
  endfacet
  facet normal -1 0 0
    outer loop
      vertex 165.4 1.8 28.6
      vertex 165.4 30.2766 28.6766
      vertex 165.4 30.3699 28.6
    endloop
  endfacet
  facet normal -1 0 0
    outer loop
      vertex 165.4 1.8 28.6
      vertex 165.4 29.6921 29.3888
      vertex 165.4 30.2766 28.6766
    endloop
  endfacet
  facet normal -1 0 0
    outer loop
      vertex 165.4 1.8 28.6
      vertex 165.4 29.4723 29.8
      vertex 165.4 29.6921 29.3888
    endloop
  endfacet
  facet normal -1 -0 0
    outer loop
      vertex 165.4 29.4723 29.8
      vertex 165.4 1.8 28.6
      vertex 165.4 1.8 29.8
    endloop
  endfacet
  facet normal -1 0 0
    outer loop
      vertex 165.4 95.4 28.6
      vertex 165.4 37.7277 29.8
      vertex 165.4 95.4 29.8
    endloop
  endfacet
  facet normal -1 0 0
    outer loop
      vertex 165.4 95.4 28.6
      vertex 165.4 37.5079 29.3888
      vertex 165.4 37.7277 29.8
    endloop
  endfacet
  facet normal -1 0 0
    outer loop
      vertex 165.4 95.4 28.6
      vertex 165.4 36.9234 28.6766
      vertex 165.4 37.5079 29.3888
    endloop
  endfacet
  facet normal -1 0 -0
    outer loop
      vertex 165.4 36.9234 28.6766
      vertex 165.4 95.4 28.6
      vertex 165.4 36.8301 28.6
    endloop
  endfacet
  facet normal 1 -0 0
    outer loop
      vertex 1.8 1.8 29.8
      vertex 1.8 95.4 28.6
      vertex 1.8 95.4 29.8
    endloop
  endfacet
  facet normal 1 0 0
    outer loop
      vertex 1.8 95.4 28.6
      vertex 1.8 1.8 29.8
      vertex 1.8 1.8 28.6
    endloop
  endfacet
  facet normal 0 1 -0
    outer loop
      vertex 165.4 1.8 28.6
      vertex 1.8 1.8 29.8
      vertex 165.4 1.8 29.8
    endloop
  endfacet
  facet normal 0 1 0
    outer loop
      vertex 1.8 1.8 29.8
      vertex 165.4 1.8 28.6
      vertex 1.8 1.8 28.6
    endloop
  endfacet
  facet normal 0 -1 0
    outer loop
      vertex 1.8 95.4 28.6
      vertex 165.4 95.4 29.8
      vertex 1.8 95.4 29.8
    endloop
  endfacet
  facet normal 0 -1 -0
    outer loop
      vertex 165.4 95.4 29.8
      vertex 1.8 95.4 28.6
      vertex 165.4 95.4 28.6
    endloop
  endfacet
  facet normal 0 0 -1
    outer loop
      vertex 165.4 1.8 29.8
      vertex 164.8 2.4 29.8
      vertex 165.4 29.4723 29.8
    endloop
  endfacet
  facet normal 0 0 -1
    outer loop
      vertex 165.4 1.8 29.8
      vertex 2.4 2.4 29.8
      vertex 164.8 2.4 29.8
    endloop
  endfacet
  facet normal -0 0 -1
    outer loop
      vertex 2.4 2.4 29.8
      vertex 1.8 1.8 29.8
      vertex 2.4 94.8 29.8
    endloop
  endfacet
  facet normal 0 0 -1
    outer loop
      vertex 1.8 1.8 29.8
      vertex 2.4 2.4 29.8
      vertex 165.4 1.8 29.8
    endloop
  endfacet
  facet normal -0 0 -1
    outer loop
      vertex 165.4 29.4723 29.8
      vertex 164.8 2.4 29.8
      vertex 164.8 29.4723 29.8
    endloop
  endfacet
  facet normal 0 0 -1
    outer loop
      vertex 164.8 94.8 29.8
      vertex 165.4 37.7277 29.8
      vertex 164.8 37.7277 29.8
    endloop
  endfacet
  facet normal 0 0 -1
    outer loop
      vertex 165.4 37.7277 29.8
      vertex 164.8 94.8 29.8
      vertex 165.4 95.4 29.8
    endloop
  endfacet
  facet normal 0 0 -1
    outer loop
      vertex 2.4 94.8 29.8
      vertex 165.4 95.4 29.8
      vertex 164.8 94.8 29.8
    endloop
  endfacet
  facet normal 0 0 -1
    outer loop
      vertex 2.4 94.8 29.8
      vertex 1.8 95.4 29.8
      vertex 165.4 95.4 29.8
    endloop
  endfacet
  facet normal 0 0 -1
    outer loop
      vertex 1.8 95.4 29.8
      vertex 2.4 94.8 29.8
      vertex 1.8 1.8 29.8
    endloop
  endfacet
  facet normal 0 0 -1
    outer loop
      vertex 0 69.6 12.4
      vertex 2.4 86.6 12.4
      vertex 2.4 69.6 12.4
    endloop
  endfacet
  facet normal -0 0 -1
    outer loop
      vertex 2.4 86.6 12.4
      vertex 0 69.6 12.4
      vertex 0 86.6 12.4
    endloop
  endfacet
  facet normal 0 -1 0
    outer loop
      vertex 0 86.6 5.4
      vertex 2.4 86.6 12.4
      vertex 0 86.6 12.4
    endloop
  endfacet
  facet normal 0 -1 -0
    outer loop
      vertex 2.4 86.6 12.4
      vertex 0 86.6 5.4
      vertex 2.4 86.6 5.4
    endloop
  endfacet
  facet normal 0 1 -0
    outer loop
      vertex 2.4 69.6 5.4
      vertex 0 69.6 12.4
      vertex 2.4 69.6 12.4
    endloop
  endfacet
  facet normal 0 1 0
    outer loop
      vertex 0 69.6 12.4
      vertex 2.4 69.6 5.4
      vertex 0 69.6 5.4
    endloop
  endfacet
  facet normal 0 0 -1
    outer loop
      vertex 0 43.6 12.4
      vertex 2.4 61.6 12.4
      vertex 2.4 43.6 12.4
    endloop
  endfacet
  facet normal -0 0 -1
    outer loop
      vertex 2.4 61.6 12.4
      vertex 0 43.6 12.4
      vertex 0 61.6 12.4
    endloop
  endfacet
  facet normal 0 -1 0
    outer loop
      vertex 0 61.6 5.4
      vertex 2.4 61.6 12.4
      vertex 0 61.6 12.4
    endloop
  endfacet
  facet normal 0 -1 -0
    outer loop
      vertex 2.4 61.6 12.4
      vertex 0 61.6 5.4
      vertex 2.4 61.6 5.4
    endloop
  endfacet
  facet normal 0 1 -0
    outer loop
      vertex 2.4 43.6 5.4
      vertex 0 43.6 12.4
      vertex 2.4 43.6 12.4
    endloop
  endfacet
  facet normal 0 1 0
    outer loop
      vertex 0 43.6 12.4
      vertex 2.4 43.6 5.4
      vertex 0 43.6 5.4
    endloop
  endfacet
  facet normal 0 0 -1
    outer loop
      vertex 0 24.6 8.4
      vertex 2.4 41.6 8.4
      vertex 2.4 24.6 8.4
    endloop
  endfacet
  facet normal -0 0 -1
    outer loop
      vertex 2.4 41.6 8.4
      vertex 0 24.6 8.4
      vertex 0 41.6 8.4
    endloop
  endfacet
  facet normal 0 -1 0
    outer loop
      vertex 0 41.6 5.4
      vertex 2.4 41.6 8.4
      vertex 0 41.6 8.4
    endloop
  endfacet
  facet normal 0 -1 -0
    outer loop
      vertex 2.4 41.6 8.4
      vertex 0 41.6 5.4
      vertex 2.4 41.6 5.4
    endloop
  endfacet
  facet normal 0 1 -0
    outer loop
      vertex 2.4 24.6 5.4
      vertex 0 24.6 8.4
      vertex 2.4 24.6 8.4
    endloop
  endfacet
  facet normal 0 1 0
    outer loop
      vertex 0 24.6 8.4
      vertex 2.4 24.6 5.4
      vertex 0 24.6 5.4
    endloop
  endfacet
  facet normal 0 0 -1
    outer loop
      vertex 0 13.6 10.4
      vertex 2.4 22.6 10.4
      vertex 2.4 13.6 10.4
    endloop
  endfacet
  facet normal -0 0 -1
    outer loop
      vertex 2.4 22.6 10.4
      vertex 0 13.6 10.4
      vertex 0 22.6 10.4
    endloop
  endfacet
  facet normal 0 -1 0
    outer loop
      vertex 0 22.6 5.4
      vertex 2.4 22.6 10.4
      vertex 0 22.6 10.4
    endloop
  endfacet
  facet normal 0 -1 -0
    outer loop
      vertex 2.4 22.6 10.4
      vertex 0 22.6 5.4
      vertex 2.4 22.6 5.4
    endloop
  endfacet
  facet normal 0 1 -0
    outer loop
      vertex 2.4 13.6 5.4
      vertex 0 13.6 10.4
      vertex 2.4 13.6 10.4
    endloop
  endfacet
  facet normal 0 1 0
    outer loop
      vertex 0 13.6 10.4
      vertex 2.4 13.6 5.4
      vertex 0 13.6 5.4
    endloop
  endfacet
  facet normal 1 -0 0
    outer loop
      vertex 16.6 0 23.4
      vertex 16.6 2.4 5.4
      vertex 16.6 2.4 23.4
    endloop
  endfacet
  facet normal 1 0 0
    outer loop
      vertex 16.6 2.4 5.4
      vertex 16.6 0 23.4
      vertex 16.6 0 5.4
    endloop
  endfacet
  facet normal 0 0 -1
    outer loop
      vertex 16.6 0 23.4
      vertex 33.6 2.4 23.4
      vertex 33.6 0 23.4
    endloop
  endfacet
  facet normal -0 0 -1
    outer loop
      vertex 33.6 2.4 23.4
      vertex 16.6 0 23.4
      vertex 16.6 2.4 23.4
    endloop
  endfacet
  facet normal -1 0 0
    outer loop
      vertex 33.6 0 5.4
      vertex 33.6 2.4 23.4
      vertex 33.6 2.4 5.4
    endloop
  endfacet
  facet normal -1 -0 0
    outer loop
      vertex 33.6 2.4 23.4
      vertex 33.6 0 5.4
      vertex 33.6 0 23.4
    endloop
  endfacet
  facet normal 1 -0 0
    outer loop
      vertex 35.6 0 23.4
      vertex 35.6 2.4 5.4
      vertex 35.6 2.4 23.4
    endloop
  endfacet
  facet normal 1 0 0
    outer loop
      vertex 35.6 2.4 5.4
      vertex 35.6 0 23.4
      vertex 35.6 0 5.4
    endloop
  endfacet
  facet normal 0 0 -1
    outer loop
      vertex 35.6 0 23.4
      vertex 53.6 2.4 23.4
      vertex 53.6 0 23.4
    endloop
  endfacet
  facet normal -0 0 -1
    outer loop
      vertex 53.6 2.4 23.4
      vertex 35.6 0 23.4
      vertex 35.6 2.4 23.4
    endloop
  endfacet
  facet normal -1 0 0
    outer loop
      vertex 53.6 0 5.4
      vertex 53.6 2.4 23.4
      vertex 53.6 2.4 5.4
    endloop
  endfacet
  facet normal -1 -0 0
    outer loop
      vertex 53.6 2.4 23.4
      vertex 53.6 0 5.4
      vertex 53.6 0 23.4
    endloop
  endfacet
  facet normal 1 -0 0
    outer loop
      vertex 55.6 0 20.4
      vertex 55.6 2.4 5.4
      vertex 55.6 2.4 20.4
    endloop
  endfacet
  facet normal 1 0 0
    outer loop
      vertex 55.6 2.4 5.4
      vertex 55.6 0 20.4
      vertex 55.6 0 5.4
    endloop
  endfacet
  facet normal 0 0 -1
    outer loop
      vertex 55.6 0 20.4
      vertex 75.6 2.4 20.4
      vertex 75.6 0 20.4
    endloop
  endfacet
  facet normal -0 0 -1
    outer loop
      vertex 75.6 2.4 20.4
      vertex 55.6 0 20.4
      vertex 55.6 2.4 20.4
    endloop
  endfacet
  facet normal -1 0 0
    outer loop
      vertex 75.6 0 5.4
      vertex 75.6 2.4 20.4
      vertex 75.6 2.4 5.4
    endloop
  endfacet
  facet normal -1 -0 0
    outer loop
      vertex 75.6 2.4 20.4
      vertex 75.6 0 5.4
      vertex 75.6 0 20.4
    endloop
  endfacet
  facet normal 0 -0.634545 0.772886
    outer loop
      vertex 165.4 36.8301 28.6
      vertex 167.2 36.9234 28.6766
      vertex 165.4 36.9234 28.6766
    endloop
  endfacet
  facet normal -1.24637e-05 -0.634401 0.773004
    outer loop
      vertex 167.2 36.9234 28.6766
      vertex 165.4 36.8301 28.6
      vertex 167.2 36.2112 28.0921
    endloop
  endfacet
  facet normal 0 -0.63438 0.773022
    outer loop
      vertex 164.8 36.2112 28.0921
      vertex 165.4 36.8301 28.6
      vertex 164.8 36.8301 28.6
    endloop
  endfacet
  facet normal 0 -0.63438 0.773022
    outer loop
      vertex 165.4 36.8301 28.6
      vertex 164.8 36.2112 28.0921
      vertex 167.2 36.2112 28.0921
    endloop
  endfacet
  facet normal 0 -0.956925 0.290337
    outer loop
      vertex 164.8 37.9422 30.2014
      vertex 167.2 38.1845 31
      vertex 164.8 38.1845 31
    endloop
  endfacet
  facet normal 0 -0.956925 0.290337
    outer loop
      vertex 167.2 38.1845 31
      vertex 164.8 37.9422 30.2014
      vertex 167.2 37.9422 30.2014
    endloop
  endfacet
  facet normal -0 0.0980099 0.995185
    outer loop
      vertex 164.8 33.6 27.3
      vertex 167.2 32.6831 27.3903
      vertex 167.2 33.6 27.3
    endloop
  endfacet
  facet normal 0 0.0980099 0.995185
    outer loop
      vertex 167.2 32.6831 27.3903
      vertex 164.8 33.6 27.3
      vertex 164.8 32.6831 27.3903
    endloop
  endfacet
  facet normal 0 0.956925 0.290337
    outer loop
      vertex 167.2 29.2578 30.2014
      vertex 164.8 29.0155 31
      vertex 167.2 29.0155 31
    endloop
  endfacet
  facet normal 0 0.956925 0.290337
    outer loop
      vertex 164.8 29.0155 31
      vertex 167.2 29.2578 30.2014
      vertex 164.8 29.2578 30.2014
    endloop
  endfacet
  facet normal 0 -0.290324 0.956929
    outer loop
      vertex 164.8 35.3986 27.6578
      vertex 167.2 34.5169 27.3903
      vertex 167.2 35.3986 27.6578
    endloop
  endfacet
  facet normal 0 -0.290324 0.956929
    outer loop
      vertex 167.2 34.5169 27.3903
      vertex 164.8 35.3986 27.6578
      vertex 164.8 34.5169 27.3903
    endloop
  endfacet
  facet normal 0 -0.47136 0.881941
    outer loop
      vertex 164.8 36.2112 28.0921
      vertex 167.2 35.3986 27.6578
      vertex 167.2 36.2112 28.0921
    endloop
  endfacet
  facet normal 0 -0.47136 0.881941
    outer loop
      vertex 167.2 35.3986 27.6578
      vertex 164.8 36.2112 28.0921
      vertex 164.8 35.3986 27.6578
    endloop
  endfacet
  facet normal 0 -0.881969 0.471307
    outer loop
      vertex 165.4 37.7277 29.8
      vertex 164.8 37.9422 30.2014
      vertex 164.8 37.7277 29.8
    endloop
  endfacet
  facet normal 0 -0.881969 0.471307
    outer loop
      vertex 164.8 37.9422 30.2014
      vertex 165.4 37.7277 29.8
      vertex 167.2 37.9422 30.2014
    endloop
  endfacet
  facet normal 0 -0.881913 0.471412
    outer loop
      vertex 167.2 37.5079 29.3888
      vertex 165.4 37.7277 29.8
      vertex 165.4 37.5079 29.3888
    endloop
  endfacet
  facet normal -1.5267e-05 -0.881941 0.47136
    outer loop
      vertex 165.4 37.7277 29.8
      vertex 167.2 37.5079 29.3888
      vertex 167.2 37.9422 30.2014
    endloop
  endfacet
  facet normal 0 -0.0980099 0.995185
    outer loop
      vertex 164.8 34.5169 27.3903
      vertex 167.2 33.6 27.3
      vertex 167.2 34.5169 27.3903
    endloop
  endfacet
  facet normal 0 -0.0980099 0.995185
    outer loop
      vertex 167.2 33.6 27.3
      vertex 164.8 34.5169 27.3903
      vertex 164.8 33.6 27.3
    endloop
  endfacet
  facet normal -0 0.290324 0.956929
    outer loop
      vertex 164.8 32.6831 27.3903
      vertex 167.2 31.8014 27.6578
      vertex 167.2 32.6831 27.3903
    endloop
  endfacet
  facet normal 0 0.290324 0.956929
    outer loop
      vertex 167.2 31.8014 27.6578
      vertex 164.8 32.6831 27.3903
      vertex 164.8 31.8014 27.6578
    endloop
  endfacet
  facet normal 0 0.773004 0.634401
    outer loop
      vertex 167.2 30.2766 28.6766
      vertex 165.4 29.6921 29.3888
      vertex 167.2 29.6921 29.3888
    endloop
  endfacet
  facet normal 0 0.773004 0.634401
    outer loop
      vertex 165.4 29.6921 29.3888
      vertex 167.2 30.2766 28.6766
      vertex 165.4 30.2766 28.6766
    endloop
  endfacet
  facet normal 0 -0.773004 0.634401
    outer loop
      vertex 165.4 36.9234 28.6766
      vertex 167.2 37.5079 29.3888
      vertex 165.4 37.5079 29.3888
    endloop
  endfacet
  facet normal 0 -0.773004 0.634401
    outer loop
      vertex 167.2 37.5079 29.3888
      vertex 165.4 36.9234 28.6766
      vertex 167.2 36.9234 28.6766
    endloop
  endfacet
  facet normal -0 0.47136 0.881941
    outer loop
      vertex 164.8 31.8014 27.6578
      vertex 167.2 30.9888 28.0921
      vertex 167.2 31.8014 27.6578
    endloop
  endfacet
  facet normal 0 0.47136 0.881941
    outer loop
      vertex 167.2 30.9888 28.0921
      vertex 164.8 31.8014 27.6578
      vertex 164.8 30.9888 28.0921
    endloop
  endfacet
  facet normal 0 0.881969 0.471307
    outer loop
      vertex 167.2 29.2578 30.2014
      vertex 165.4 29.4723 29.8
      vertex 164.8 29.2578 30.2014
    endloop
  endfacet
  facet normal -1.5267e-05 0.881941 0.47136
    outer loop
      vertex 167.2 29.6921 29.3888
      vertex 165.4 29.4723 29.8
      vertex 167.2 29.2578 30.2014
    endloop
  endfacet
  facet normal 0 0.881913 0.471412
    outer loop
      vertex 165.4 29.4723 29.8
      vertex 167.2 29.6921 29.3888
      vertex 165.4 29.6921 29.3888
    endloop
  endfacet
  facet normal 0 0.881969 0.471307
    outer loop
      vertex 164.8 29.2578 30.2014
      vertex 165.4 29.4723 29.8
      vertex 164.8 29.4723 29.8
    endloop
  endfacet
  facet normal -1.24637e-05 0.634401 0.773004
    outer loop
      vertex 167.2 30.9888 28.0921
      vertex 165.4 30.3699 28.6
      vertex 167.2 30.2766 28.6766
    endloop
  endfacet
  facet normal -0 0.63438 0.773022
    outer loop
      vertex 164.8 30.9888 28.0921
      vertex 165.4 30.3699 28.6
      vertex 167.2 30.9888 28.0921
    endloop
  endfacet
  facet normal 0 0.63438 0.773022
    outer loop
      vertex 165.4 30.3699 28.6
      vertex 164.8 30.9888 28.0921
      vertex 164.8 30.3699 28.6
    endloop
  endfacet
  facet normal 0 0.634545 0.772886
    outer loop
      vertex 167.2 30.2766 28.6766
      vertex 165.4 30.3699 28.6
      vertex 165.4 30.2766 28.6766
    endloop
  endfacet
  facet normal 0 -0.471511 0.88186
    outer loop
      vertex 164.8 21.5125 31
      vertex 167.2 21.3092 30.8913
      vertex 167.2 21.5125 31
    endloop
  endfacet
  facet normal 0 -0.471511 0.88186
    outer loop
      vertex 167.2 21.3092 30.8913
      vertex 164.8 21.5125 31
      vertex 164.8 21.3092 30.8913
    endloop
  endfacet
  facet normal 0 -0.28996 0.957039
    outer loop
      vertex 164.8 21.3092 30.8913
      vertex 167.2 21.0841 30.8231
      vertex 167.2 21.3092 30.8913
    endloop
  endfacet
  facet normal 0 -0.28996 0.957039
    outer loop
      vertex 167.2 21.0841 30.8231
      vertex 164.8 21.3092 30.8913
      vertex 164.8 21.0841 30.8231
    endloop
  endfacet
  facet normal 0 -0.0981989 0.995167
    outer loop
      vertex 164.8 21.0841 30.8231
      vertex 167.2 20.85 30.8
      vertex 167.2 21.0841 30.8231
    endloop
  endfacet
  facet normal 0 -0.0981989 0.995167
    outer loop
      vertex 167.2 20.85 30.8
      vertex 164.8 21.0841 30.8231
      vertex 164.8 20.85 30.8
    endloop
  endfacet
  facet normal -0 0.28996 0.957039
    outer loop
      vertex 164.8 20.6159 30.8231
      vertex 167.2 20.3908 30.8913
      vertex 167.2 20.6159 30.8231
    endloop
  endfacet
  facet normal 0 0.28996 0.957039
    outer loop
      vertex 167.2 20.3908 30.8913
      vertex 164.8 20.6159 30.8231
      vertex 164.8 20.3908 30.8913
    endloop
  endfacet
  facet normal -0 0.471511 0.88186
    outer loop
      vertex 164.8 20.3908 30.8913
      vertex 167.2 20.1875 31
      vertex 167.2 20.3908 30.8913
    endloop
  endfacet
  facet normal 0 0.471511 0.88186
    outer loop
      vertex 167.2 20.1875 31
      vertex 164.8 20.3908 30.8913
      vertex 164.8 20.1875 31
    endloop
  endfacet
  facet normal -0 0.0981989 0.995167
    outer loop
      vertex 164.8 20.85 30.8
      vertex 167.2 20.6159 30.8231
      vertex 167.2 20.85 30.8
    endloop
  endfacet
  facet normal 0 0.0981989 0.995167
    outer loop
      vertex 167.2 20.6159 30.8231
      vertex 164.8 20.85 30.8
      vertex 164.8 20.6159 30.8231
    endloop
  endfacet
  facet normal 0 -0.471511 0.88186
    outer loop
      vertex 164.8 47.0125 31
      vertex 167.2 46.8092 30.8913
      vertex 167.2 47.0125 31
    endloop
  endfacet
  facet normal 0 -0.471511 0.88186
    outer loop
      vertex 167.2 46.8092 30.8913
      vertex 164.8 47.0125 31
      vertex 164.8 46.8092 30.8913
    endloop
  endfacet
  facet normal 0 -0.28996 0.957039
    outer loop
      vertex 164.8 46.8092 30.8913
      vertex 167.2 46.5841 30.8231
      vertex 167.2 46.8092 30.8913
    endloop
  endfacet
  facet normal 0 -0.28996 0.957039
    outer loop
      vertex 167.2 46.5841 30.8231
      vertex 164.8 46.8092 30.8913
      vertex 164.8 46.5841 30.8231
    endloop
  endfacet
  facet normal 0 -0.0981989 0.995167
    outer loop
      vertex 164.8 46.5841 30.8231
      vertex 167.2 46.35 30.8
      vertex 167.2 46.5841 30.8231
    endloop
  endfacet
  facet normal 0 -0.0981989 0.995167
    outer loop
      vertex 167.2 46.35 30.8
      vertex 164.8 46.5841 30.8231
      vertex 164.8 46.35 30.8
    endloop
  endfacet
  facet normal -0 0.28996 0.957039
    outer loop
      vertex 164.8 46.1159 30.8231
      vertex 167.2 45.8908 30.8913
      vertex 167.2 46.1159 30.8231
    endloop
  endfacet
  facet normal 0 0.28996 0.957039
    outer loop
      vertex 167.2 45.8908 30.8913
      vertex 164.8 46.1159 30.8231
      vertex 164.8 45.8908 30.8913
    endloop
  endfacet
  facet normal -0 0.471511 0.88186
    outer loop
      vertex 164.8 45.8908 30.8913
      vertex 167.2 45.6875 31
      vertex 167.2 45.8908 30.8913
    endloop
  endfacet
  facet normal 0 0.471511 0.88186
    outer loop
      vertex 167.2 45.6875 31
      vertex 164.8 45.8908 30.8913
      vertex 164.8 45.6875 31
    endloop
  endfacet
  facet normal -0 0.0981989 0.995167
    outer loop
      vertex 164.8 46.35 30.8
      vertex 167.2 46.1159 30.8231
      vertex 167.2 46.35 30.8
    endloop
  endfacet
  facet normal 0 0.0981989 0.995167
    outer loop
      vertex 167.2 46.1159 30.8231
      vertex 164.8 46.35 30.8
      vertex 164.8 46.1159 30.8231
    endloop
  endfacet
  facet normal 0 0 -1
    outer loop
      vertex 164.8 48.6 13.4
      vertex 167.2 63.6 13.4
      vertex 167.2 48.6 13.4
    endloop
  endfacet
  facet normal -0 0 -1
    outer loop
      vertex 167.2 63.6 13.4
      vertex 164.8 48.6 13.4
      vertex 164.8 63.6 13.4
    endloop
  endfacet
  facet normal 0 1 -0
    outer loop
      vertex 167.2 48.6 5.4
      vertex 164.8 48.6 13.4
      vertex 167.2 48.6 13.4
    endloop
  endfacet
  facet normal 0 1 0
    outer loop
      vertex 164.8 48.6 13.4
      vertex 167.2 48.6 5.4
      vertex 164.8 48.6 5.4
    endloop
  endfacet
  facet normal 0 -1 0
    outer loop
      vertex 164.8 63.6 5.4
      vertex 167.2 63.6 13.4
      vertex 164.8 63.6 13.4
    endloop
  endfacet
  facet normal 0 -1 -0
    outer loop
      vertex 167.2 63.6 13.4
      vertex 164.8 63.6 5.4
      vertex 167.2 63.6 5.4
    endloop
  endfacet
  facet normal 0 -0.634444 0.772969
    outer loop
      vertex 164.8 74.4284 10.1716
      vertex 167.2 73.8223 9.67412
      vertex 167.2 74.4284 10.1716
    endloop
  endfacet
  facet normal 0 -0.634444 0.772969
    outer loop
      vertex 167.2 73.8223 9.67412
      vertex 164.8 74.4284 10.1716
      vertex 164.8 73.8223 9.67412
    endloop
  endfacet
  facet normal 0 -0.99518 0.0980643
    outer loop
      vertex 164.8 75.5231 12.2196
      vertex 167.2 75.6 13
      vertex 164.8 75.6 13
    endloop
  endfacet
  facet normal 0 -0.99518 0.0980643
    outer loop
      vertex 167.2 75.6 13
      vertex 164.8 75.5231 12.2196
      vertex 167.2 75.5231 12.2196
    endloop
  endfacet
  facet normal 0 -0.956941 0.290283
    outer loop
      vertex 164.8 75.2955 11.4693
      vertex 167.2 75.5231 12.2196
      vertex 164.8 75.5231 12.2196
    endloop
  endfacet
  facet normal 0 -0.956941 0.290283
    outer loop
      vertex 167.2 75.5231 12.2196
      vertex 164.8 75.2955 11.4693
      vertex 167.2 75.2955 11.4693
    endloop
  endfacet
  facet normal 0 -0.881957 -0.471329
    outer loop
      vertex 164.8 75.2955 14.5307
      vertex 167.2 74.9259 15.2223
      vertex 164.8 74.9259 15.2223
    endloop
  endfacet
  facet normal 0 -0.881957 -0.471329
    outer loop
      vertex 167.2 74.9259 15.2223
      vertex 164.8 75.2955 14.5307
      vertex 167.2 75.2955 14.5307
    endloop
  endfacet
  facet normal -0 0.0980137 0.995185
    outer loop
      vertex 164.8 71.6 9
      vertex 167.2 70.8196 9.07686
      vertex 167.2 71.6 9
    endloop
  endfacet
  facet normal 0 0.0980137 0.995185
    outer loop
      vertex 167.2 70.8196 9.07686
      vertex 164.8 71.6 9
      vertex 164.8 70.8196 9.07686
    endloop
  endfacet
  facet normal 0 0.956941 0.290283
    outer loop
      vertex 167.2 67.9045 11.4693
      vertex 164.8 67.6769 12.2196
      vertex 167.2 67.6769 12.2196
    endloop
  endfacet
  facet normal 0 0.956941 0.290283
    outer loop
      vertex 164.8 67.6769 12.2196
      vertex 167.2 67.9045 11.4693
      vertex 164.8 67.9045 11.4693
    endloop
  endfacet
  facet normal 0 -0.290307 0.956934
    outer loop
      vertex 164.8 73.1307 9.30448
      vertex 167.2 72.3804 9.07686
      vertex 167.2 73.1307 9.30448
    endloop
  endfacet
  facet normal 0 -0.290307 0.956934
    outer loop
      vertex 167.2 72.3804 9.07686
      vertex 164.8 73.1307 9.30448
      vertex 164.8 72.3804 9.07686
    endloop
  endfacet
  facet normal 0 -0.471369 0.881936
    outer loop
      vertex 164.8 73.8223 9.67412
      vertex 167.2 73.1307 9.30448
      vertex 167.2 73.8223 9.67412
    endloop
  endfacet
  facet normal 0 -0.471369 0.881936
    outer loop
      vertex 167.2 73.1307 9.30448
      vertex 164.8 73.8223 9.67412
      vertex 164.8 73.1307 9.30448
    endloop
  endfacet
  facet normal 0 -0.99518 -0.0980643
    outer loop
      vertex 164.8 75.6 13
      vertex 167.2 75.5231 13.7804
      vertex 164.8 75.5231 13.7804
    endloop
  endfacet
  facet normal 0 -0.99518 -0.0980643
    outer loop
      vertex 167.2 75.5231 13.7804
      vertex 164.8 75.6 13
      vertex 167.2 75.6 13
    endloop
  endfacet
  facet normal 0 -0.881957 0.471329
    outer loop
      vertex 164.8 74.9259 10.7777
      vertex 167.2 75.2955 11.4693
      vertex 164.8 75.2955 11.4693
    endloop
  endfacet
  facet normal 0 -0.881957 0.471329
    outer loop
      vertex 167.2 75.2955 11.4693
      vertex 164.8 74.9259 10.7777
      vertex 167.2 74.9259 10.7777
    endloop
  endfacet
  facet normal 0 -0.0980643 -0.99518
    outer loop
      vertex 164.8 71.6 17
      vertex 167.2 72.3804 16.9231
      vertex 167.2 71.6 17
    endloop
  endfacet
  facet normal -0 -0.0980643 -0.99518
    outer loop
      vertex 167.2 72.3804 16.9231
      vertex 164.8 71.6 17
      vertex 164.8 72.3804 16.9231
    endloop
  endfacet
  facet normal 0 -0.471329 -0.881957
    outer loop
      vertex 164.8 73.1307 16.6955
      vertex 167.2 73.8223 16.3259
      vertex 167.2 73.1307 16.6955
    endloop
  endfacet
  facet normal -0 -0.471329 -0.881957
    outer loop
      vertex 167.2 73.8223 16.3259
      vertex 164.8 73.1307 16.6955
      vertex 164.8 73.8223 16.3259
    endloop
  endfacet
  facet normal 0 -0.772956 -0.634459
    outer loop
      vertex 164.8 74.9259 15.2223
      vertex 167.2 74.4284 15.8284
      vertex 164.8 74.4284 15.8284
    endloop
  endfacet
  facet normal 0 -0.772956 -0.634459
    outer loop
      vertex 167.2 74.4284 15.8284
      vertex 164.8 74.9259 15.2223
      vertex 167.2 74.9259 15.2223
    endloop
  endfacet
  facet normal 0 -0.956941 -0.290283
    outer loop
      vertex 164.8 75.5231 13.7804
      vertex 167.2 75.2955 14.5307
      vertex 164.8 75.2955 14.5307
    endloop
  endfacet
  facet normal 0 -0.956941 -0.290283
    outer loop
      vertex 167.2 75.2955 14.5307
      vertex 164.8 75.5231 13.7804
      vertex 167.2 75.5231 13.7804
    endloop
  endfacet
  facet normal 0 -0.634459 -0.772956
    outer loop
      vertex 164.8 73.8223 16.3259
      vertex 167.2 74.4284 15.8284
      vertex 167.2 73.8223 16.3259
    endloop
  endfacet
  facet normal -0 -0.634459 -0.772956
    outer loop
      vertex 167.2 74.4284 15.8284
      vertex 164.8 73.8223 16.3259
      vertex 164.8 74.4284 15.8284
    endloop
  endfacet
  facet normal 0 -0.0980137 0.995185
    outer loop
      vertex 164.8 72.3804 9.07686
      vertex 167.2 71.6 9
      vertex 167.2 72.3804 9.07686
    endloop
  endfacet
  facet normal 0 -0.0980137 0.995185
    outer loop
      vertex 167.2 71.6 9
      vertex 164.8 72.3804 9.07686
      vertex 164.8 71.6 9
    endloop
  endfacet
  facet normal 0 0.772956 0.634459
    outer loop
      vertex 167.2 68.7716 10.1716
      vertex 164.8 68.2741 10.7777
      vertex 167.2 68.2741 10.7777
    endloop
  endfacet
  facet normal 0 0.772956 0.634459
    outer loop
      vertex 164.8 68.2741 10.7777
      vertex 167.2 68.7716 10.1716
      vertex 164.8 68.7716 10.1716
    endloop
  endfacet
  facet normal -0 0.290307 0.956934
    outer loop
      vertex 164.8 70.8196 9.07686
      vertex 167.2 70.0693 9.30448
      vertex 167.2 70.8196 9.07686
    endloop
  endfacet
  facet normal 0 0.290307 0.956934
    outer loop
      vertex 167.2 70.0693 9.30448
      vertex 164.8 70.8196 9.07686
      vertex 164.8 70.0693 9.30448
    endloop
  endfacet
  facet normal 0 0.772956 -0.634459
    outer loop
      vertex 167.2 68.2741 15.2223
      vertex 164.8 68.7716 15.8284
      vertex 167.2 68.7716 15.8284
    endloop
  endfacet
  facet normal 0 0.772956 -0.634459
    outer loop
      vertex 164.8 68.7716 15.8284
      vertex 167.2 68.2741 15.2223
      vertex 164.8 68.2741 15.2223
    endloop
  endfacet
  facet normal 0 -0.772956 0.634459
    outer loop
      vertex 164.8 74.4284 10.1716
      vertex 167.2 74.9259 10.7777
      vertex 164.8 74.9259 10.7777
    endloop
  endfacet
  facet normal 0 -0.772956 0.634459
    outer loop
      vertex 167.2 74.9259 10.7777
      vertex 164.8 74.4284 10.1716
      vertex 167.2 74.4284 10.1716
    endloop
  endfacet
  facet normal 0 -0.290283 -0.956941
    outer loop
      vertex 164.8 72.3804 16.9231
      vertex 167.2 73.1307 16.6955
      vertex 167.2 72.3804 16.9231
    endloop
  endfacet
  facet normal -0 -0.290283 -0.956941
    outer loop
      vertex 167.2 73.1307 16.6955
      vertex 164.8 72.3804 16.9231
      vertex 164.8 73.1307 16.6955
    endloop
  endfacet
  facet normal -0 0.471369 0.881936
    outer loop
      vertex 164.8 70.0693 9.30448
      vertex 167.2 69.3777 9.67412
      vertex 167.2 70.0693 9.30448
    endloop
  endfacet
  facet normal 0 0.471369 0.881936
    outer loop
      vertex 167.2 69.3777 9.67412
      vertex 164.8 70.0693 9.30448
      vertex 164.8 69.3777 9.67412
    endloop
  endfacet
  facet normal 0 0.0980643 -0.99518
    outer loop
      vertex 164.8 70.8196 16.9231
      vertex 167.2 71.6 17
      vertex 167.2 70.8196 16.9231
    endloop
  endfacet
  facet normal 0 0.0980643 -0.99518
    outer loop
      vertex 167.2 71.6 17
      vertex 164.8 70.8196 16.9231
      vertex 164.8 71.6 17
    endloop
  endfacet
  facet normal 0 0.634459 -0.772956
    outer loop
      vertex 164.8 68.7716 15.8284
      vertex 167.2 69.3777 16.3259
      vertex 167.2 68.7716 15.8284
    endloop
  endfacet
  facet normal 0 0.634459 -0.772956
    outer loop
      vertex 167.2 69.3777 16.3259
      vertex 164.8 68.7716 15.8284
      vertex 164.8 69.3777 16.3259
    endloop
  endfacet
  facet normal 0 0.881957 0.471329
    outer loop
      vertex 167.2 68.2741 10.7777
      vertex 164.8 67.9045 11.4693
      vertex 167.2 67.9045 11.4693
    endloop
  endfacet
  facet normal 0 0.881957 0.471329
    outer loop
      vertex 164.8 67.9045 11.4693
      vertex 167.2 68.2741 10.7777
      vertex 164.8 68.2741 10.7777
    endloop
  endfacet
  facet normal -0 0.634444 0.772969
    outer loop
      vertex 164.8 69.3777 9.67412
      vertex 167.2 68.7716 10.1716
      vertex 167.2 69.3777 9.67412
    endloop
  endfacet
  facet normal 0 0.634444 0.772969
    outer loop
      vertex 167.2 68.7716 10.1716
      vertex 164.8 69.3777 9.67412
      vertex 164.8 68.7716 10.1716
    endloop
  endfacet
  facet normal 0 0.881957 -0.471329
    outer loop
      vertex 167.2 67.9045 14.5307
      vertex 164.8 68.2741 15.2223
      vertex 167.2 68.2741 15.2223
    endloop
  endfacet
  facet normal 0 0.881957 -0.471329
    outer loop
      vertex 164.8 68.2741 15.2223
      vertex 167.2 67.9045 14.5307
      vertex 164.8 67.9045 14.5307
    endloop
  endfacet
  facet normal 0 0.99518 0.0980643
    outer loop
      vertex 167.2 67.6769 12.2196
      vertex 164.8 67.6 13
      vertex 167.2 67.6 13
    endloop
  endfacet
  facet normal 0 0.99518 0.0980643
    outer loop
      vertex 164.8 67.6 13
      vertex 167.2 67.6769 12.2196
      vertex 164.8 67.6769 12.2196
    endloop
  endfacet
  facet normal 0 0.99518 -0.0980643
    outer loop
      vertex 167.2 67.6 13
      vertex 164.8 67.6769 13.7804
      vertex 167.2 67.6769 13.7804
    endloop
  endfacet
  facet normal 0 0.99518 -0.0980643
    outer loop
      vertex 164.8 67.6769 13.7804
      vertex 167.2 67.6 13
      vertex 164.8 67.6 13
    endloop
  endfacet
  facet normal 0 0.290283 -0.956941
    outer loop
      vertex 164.8 70.0693 16.6955
      vertex 167.2 70.8196 16.9231
      vertex 167.2 70.0693 16.6955
    endloop
  endfacet
  facet normal 0 0.290283 -0.956941
    outer loop
      vertex 167.2 70.8196 16.9231
      vertex 164.8 70.0693 16.6955
      vertex 164.8 70.8196 16.9231
    endloop
  endfacet
  facet normal 0 0.471329 -0.881957
    outer loop
      vertex 164.8 69.3777 16.3259
      vertex 167.2 70.0693 16.6955
      vertex 167.2 69.3777 16.3259
    endloop
  endfacet
  facet normal 0 0.471329 -0.881957
    outer loop
      vertex 167.2 70.0693 16.6955
      vertex 164.8 69.3777 16.3259
      vertex 164.8 70.0693 16.6955
    endloop
  endfacet
  facet normal 0 0.956941 -0.290283
    outer loop
      vertex 167.2 67.6769 13.7804
      vertex 164.8 67.9045 14.5307
      vertex 167.2 67.9045 14.5307
    endloop
  endfacet
  facet normal 0 0.956941 -0.290283
    outer loop
      vertex 164.8 67.9045 14.5307
      vertex 167.2 67.6769 13.7804
      vertex 164.8 67.6769 13.7804
    endloop
  endfacet
  facet normal 0 0.896961 0.44211
    outer loop
      vertex 167.2 13.0019 17.5
      vertex 164.8 12.8284 17.852
      vertex 167.2 12.8284 17.852
    endloop
  endfacet
  facet normal 0 0.896961 0.44211
    outer loop
      vertex 164.8 12.8284 17.852
      vertex 167.2 13.0019 17.5
      vertex 164.8 13.0019 17.5
    endloop
  endfacet
  facet normal 0 -0.555523 -0.831501
    outer loop
      vertex 164.8 17.1 21.5981
      vertex 167.2 17.4263 21.3801
      vertex 167.2 17.1 21.5981
    endloop
  endfacet
  facet normal -0 -0.555523 -0.831501
    outer loop
      vertex 167.2 17.4263 21.3801
      vertex 164.8 17.1 21.5981
      vertex 164.8 17.4263 21.3801
    endloop
  endfacet
  facet normal 0 0.831501 0.555523
    outer loop
      vertex 167.2 13.2199 17.1737
      vertex 164.8 13.0019 17.5
      vertex 167.2 13.0019 17.5
    endloop
  endfacet
  facet normal 0 0.831501 0.555523
    outer loop
      vertex 164.8 13.0019 17.5
      vertex 167.2 13.2199 17.1737
      vertex 164.8 13.2199 17.1737
    endloop
  endfacet
  facet normal -0 0.0654873 0.997853
    outer loop
      vertex 164.8 15.6 16
      vertex 167.2 15.2084 16.0257
      vertex 167.2 15.6 16
    endloop
  endfacet
  facet normal 0 0.0654873 0.997853
    outer loop
      vertex 167.2 15.2084 16.0257
      vertex 164.8 15.6 16
      vertex 164.8 15.2084 16.0257
    endloop
  endfacet
  facet normal 0 0.751724 0.659478
    outer loop
      vertex 167.2 13.4787 16.8787
      vertex 164.8 13.2199 17.1737
      vertex 167.2 13.2199 17.1737
    endloop
  endfacet
  facet normal 0 0.751724 0.659478
    outer loop
      vertex 164.8 13.2199 17.1737
      vertex 167.2 13.4787 16.8787
      vertex 164.8 13.4787 16.8787
    endloop
  endfacet
  facet normal 0 -1 0
    outer loop
      vertex 164.8 18.1 17.3532
      vertex 167.2 18.1 20.6468
      vertex 164.8 18.1 20.6468
    endloop
  endfacet
  facet normal 0 -1 -0
    outer loop
      vertex 167.2 18.1 20.6468
      vertex 164.8 18.1 17.3532
      vertex 167.2 18.1 17.3532
    endloop
  endfacet
  facet normal -0 0.194989 0.980806
    outer loop
      vertex 164.8 15.2084 16.0257
      vertex 167.2 14.8236 16.1022
      vertex 167.2 15.2084 16.0257
    endloop
  endfacet
  facet normal 0 0.194989 0.980806
    outer loop
      vertex 167.2 14.8236 16.1022
      vertex 164.8 15.2084 16.0257
      vertex 164.8 14.8236 16.1022
    endloop
  endfacet
  facet normal 0 0.980806 0.194989
    outer loop
      vertex 167.2 12.7022 18.2236
      vertex 164.8 12.6257 18.6084
      vertex 167.2 12.6257 18.6084
    endloop
  endfacet
  facet normal 0 0.980806 0.194989
    outer loop
      vertex 164.8 12.6257 18.6084
      vertex 167.2 12.7022 18.2236
      vertex 164.8 12.7022 18.2236
    endloop
  endfacet
  facet normal 0 -0.0654873 -0.997853
    outer loop
      vertex 164.8 15.6 22
      vertex 167.2 15.9916 21.9743
      vertex 167.2 15.6 22
    endloop
  endfacet
  facet normal -0 -0.0654873 -0.997853
    outer loop
      vertex 167.2 15.9916 21.9743
      vertex 164.8 15.6 22
      vertex 164.8 15.9916 21.9743
    endloop
  endfacet
  facet normal 0 -0.555523 0.831501
    outer loop
      vertex 164.8 17.4263 16.6199
      vertex 167.2 17.1 16.4019
      vertex 167.2 17.4263 16.6199
    endloop
  endfacet
  facet normal 0 -0.555523 0.831501
    outer loop
      vertex 167.2 17.1 16.4019
      vertex 164.8 17.4263 16.6199
      vertex 164.8 17.1 16.4019
    endloop
  endfacet
  facet normal 0 -0.0654873 0.997853
    outer loop
      vertex 164.8 15.9916 16.0257
      vertex 167.2 15.6 16
      vertex 167.2 15.9916 16.0257
    endloop
  endfacet
  facet normal 0 -0.0654873 0.997853
    outer loop
      vertex 167.2 15.6 16
      vertex 164.8 15.9916 16.0257
      vertex 164.8 15.6 16
    endloop
  endfacet
  facet normal -0 0.321574 0.946885
    outer loop
      vertex 164.8 14.8236 16.1022
      vertex 167.2 14.452 16.2284
      vertex 167.2 14.8236 16.1022
    endloop
  endfacet
  facet normal 0 0.321574 0.946885
    outer loop
      vertex 167.2 14.452 16.2284
      vertex 164.8 14.8236 16.1022
      vertex 164.8 14.452 16.2284
    endloop
  endfacet
  facet normal 0 0.946885 0.321574
    outer loop
      vertex 167.2 12.8284 17.852
      vertex 164.8 12.7022 18.2236
      vertex 167.2 12.7022 18.2236
    endloop
  endfacet
  facet normal 0 0.946885 0.321574
    outer loop
      vertex 164.8 12.7022 18.2236
      vertex 167.2 12.8284 17.852
      vertex 164.8 12.8284 17.852
    endloop
  endfacet
  facet normal 0 0.997853 0.0654873
    outer loop
      vertex 167.2 12.6257 18.6084
      vertex 164.8 12.6 19
      vertex 167.2 12.6 19
    endloop
  endfacet
  facet normal 0 0.997853 0.0654873
    outer loop
      vertex 164.8 12.6 19
      vertex 167.2 12.6257 18.6084
      vertex 164.8 12.6257 18.6084
    endloop
  endfacet
  facet normal 0 -0.44211 -0.896961
    outer loop
      vertex 164.8 16.748 21.7716
      vertex 167.2 17.1 21.5981
      vertex 167.2 16.748 21.7716
    endloop
  endfacet
  facet normal -0 -0.44211 -0.896961
    outer loop
      vertex 167.2 17.1 21.5981
      vertex 164.8 16.748 21.7716
      vertex 164.8 17.1 21.5981
    endloop
  endfacet
  facet normal 0 -0.75185 -0.659334
    outer loop
      vertex 164.8 17.98 20.8263
      vertex 167.2 17.7213 21.1213
      vertex 164.8 17.7213 21.1213
    endloop
  endfacet
  facet normal 0 -0.75185 -0.659334
    outer loop
      vertex 167.2 17.7213 21.1213
      vertex 164.8 17.98 20.8263
      vertex 167.2 17.98 20.8263
    endloop
  endfacet
  facet normal 0 0.321574 -0.946885
    outer loop
      vertex 164.8 14.452 21.7716
      vertex 167.2 14.8236 21.8978
      vertex 167.2 14.452 21.7716
    endloop
  endfacet
  facet normal 0 0.321574 -0.946885
    outer loop
      vertex 167.2 14.8236 21.8978
      vertex 164.8 14.452 21.7716
      vertex 164.8 14.8236 21.8978
    endloop
  endfacet
  facet normal 0 -0.194989 0.980806
    outer loop
      vertex 164.8 16.3764 16.1022
      vertex 167.2 15.9916 16.0257
      vertex 167.2 16.3764 16.1022
    endloop
  endfacet
  facet normal 0 -0.194989 0.980806
    outer loop
      vertex 167.2 15.9916 16.0257
      vertex 164.8 16.3764 16.1022
      vertex 164.8 15.9916 16.0257
    endloop
  endfacet
  facet normal 0 -0.321574 0.946885
    outer loop
      vertex 164.8 16.748 16.2284
      vertex 167.2 16.3764 16.1022
      vertex 167.2 16.748 16.2284
    endloop
  endfacet
  facet normal 0 -0.321574 0.946885
    outer loop
      vertex 167.2 16.3764 16.1022
      vertex 164.8 16.748 16.2284
      vertex 164.8 16.3764 16.1022
    endloop
  endfacet
  facet normal 0 -0.75185 0.659334
    outer loop
      vertex 164.8 17.7213 16.8787
      vertex 167.2 17.98 17.1737
      vertex 164.8 17.98 17.1737
    endloop
  endfacet
  facet normal 0 -0.75185 0.659334
    outer loop
      vertex 167.2 17.98 17.1737
      vertex 164.8 17.7213 16.8787
      vertex 167.2 17.7213 16.8787
    endloop
  endfacet
  facet normal -0 0.659478 0.751724
    outer loop
      vertex 164.8 13.7737 16.6199
      vertex 167.2 13.4787 16.8787
      vertex 167.2 13.7737 16.6199
    endloop
  endfacet
  facet normal 0 0.659478 0.751724
    outer loop
      vertex 167.2 13.4787 16.8787
      vertex 164.8 13.7737 16.6199
      vertex 164.8 13.4787 16.8787
    endloop
  endfacet
  facet normal 0 0.997853 -0.0654873
    outer loop
      vertex 167.2 12.6 19
      vertex 164.8 12.6257 19.3916
      vertex 167.2 12.6257 19.3916
    endloop
  endfacet
  facet normal 0 0.997853 -0.0654873
    outer loop
      vertex 164.8 12.6257 19.3916
      vertex 167.2 12.6 19
      vertex 164.8 12.6 19
    endloop
  endfacet
  facet normal 0 0.659478 -0.751724
    outer loop
      vertex 164.8 13.4787 21.1213
      vertex 167.2 13.7737 21.3801
      vertex 167.2 13.4787 21.1213
    endloop
  endfacet
  facet normal 0 0.659478 -0.751724
    outer loop
      vertex 167.2 13.7737 21.3801
      vertex 164.8 13.4787 21.1213
      vertex 164.8 13.7737 21.3801
    endloop
  endfacet
  facet normal 0 0.896961 -0.44211
    outer loop
      vertex 167.2 12.8284 20.148
      vertex 164.8 13.0019 20.5
      vertex 167.2 13.0019 20.5
    endloop
  endfacet
  facet normal 0 0.896961 -0.44211
    outer loop
      vertex 164.8 13.0019 20.5
      vertex 167.2 12.8284 20.148
      vertex 164.8 12.8284 20.148
    endloop
  endfacet
  facet normal 0 -0.659478 -0.751724
    outer loop
      vertex 164.8 17.4263 21.3801
      vertex 167.2 17.7213 21.1213
      vertex 167.2 17.4263 21.3801
    endloop
  endfacet
  facet normal -0 -0.659478 -0.751724
    outer loop
      vertex 167.2 17.7213 21.1213
      vertex 164.8 17.4263 21.3801
      vertex 164.8 17.7213 21.1213
    endloop
  endfacet
  facet normal 0 -0.831337 -0.555769
    outer loop
      vertex 164.8 18.1 20.6468
      vertex 167.2 17.98 20.8263
      vertex 164.8 17.98 20.8263
    endloop
  endfacet
  facet normal 0 -0.831337 -0.555769
    outer loop
      vertex 167.2 17.98 20.8263
      vertex 164.8 18.1 20.6468
      vertex 167.2 18.1 20.6468
    endloop
  endfacet
  facet normal 0 0.194989 -0.980806
    outer loop
      vertex 164.8 14.8236 21.8978
      vertex 167.2 15.2084 21.9743
      vertex 167.2 14.8236 21.8978
    endloop
  endfacet
  facet normal 0 0.194989 -0.980806
    outer loop
      vertex 167.2 15.2084 21.9743
      vertex 164.8 14.8236 21.8978
      vertex 164.8 15.2084 21.9743
    endloop
  endfacet
  facet normal 0 -0.44211 0.896961
    outer loop
      vertex 164.8 17.1 16.4019
      vertex 167.2 16.748 16.2284
      vertex 167.2 17.1 16.4019
    endloop
  endfacet
  facet normal 0 -0.44211 0.896961
    outer loop
      vertex 167.2 16.748 16.2284
      vertex 164.8 17.1 16.4019
      vertex 164.8 16.748 16.2284
    endloop
  endfacet
  facet normal 0 -0.659478 0.751724
    outer loop
      vertex 164.8 17.7213 16.8787
      vertex 167.2 17.4263 16.6199
      vertex 167.2 17.7213 16.8787
    endloop
  endfacet
  facet normal 0 -0.659478 0.751724
    outer loop
      vertex 167.2 17.4263 16.6199
      vertex 164.8 17.7213 16.8787
      vertex 164.8 17.4263 16.6199
    endloop
  endfacet
  facet normal 0 -0.831337 0.555769
    outer loop
      vertex 164.8 17.98 17.1737
      vertex 167.2 18.1 17.3532
      vertex 164.8 18.1 17.3532
    endloop
  endfacet
  facet normal 0 -0.831337 0.555769
    outer loop
      vertex 167.2 18.1 17.3532
      vertex 164.8 17.98 17.1737
      vertex 167.2 17.98 17.1737
    endloop
  endfacet
  facet normal -0 0.44211 0.896961
    outer loop
      vertex 164.8 14.452 16.2284
      vertex 167.2 14.1 16.4019
      vertex 167.2 14.452 16.2284
    endloop
  endfacet
  facet normal 0 0.44211 0.896961
    outer loop
      vertex 167.2 14.1 16.4019
      vertex 164.8 14.452 16.2284
      vertex 164.8 14.1 16.4019
    endloop
  endfacet
  facet normal -0 0.555523 0.831501
    outer loop
      vertex 164.8 14.1 16.4019
      vertex 167.2 13.7737 16.6199
      vertex 167.2 14.1 16.4019
    endloop
  endfacet
  facet normal 0 0.555523 0.831501
    outer loop
      vertex 167.2 13.7737 16.6199
      vertex 164.8 14.1 16.4019
      vertex 164.8 13.7737 16.6199
    endloop
  endfacet
  facet normal 0 0.980806 -0.194989
    outer loop
      vertex 167.2 12.6257 19.3916
      vertex 164.8 12.7022 19.7764
      vertex 167.2 12.7022 19.7764
    endloop
  endfacet
  facet normal 0 0.980806 -0.194989
    outer loop
      vertex 164.8 12.7022 19.7764
      vertex 167.2 12.6257 19.3916
      vertex 164.8 12.6257 19.3916
    endloop
  endfacet
  facet normal 0 0.946885 -0.321574
    outer loop
      vertex 167.2 12.7022 19.7764
      vertex 164.8 12.8284 20.148
      vertex 167.2 12.8284 20.148
    endloop
  endfacet
  facet normal 0 0.946885 -0.321574
    outer loop
      vertex 164.8 12.8284 20.148
      vertex 167.2 12.7022 19.7764
      vertex 164.8 12.7022 19.7764
    endloop
  endfacet
  facet normal 0 0.831501 -0.555523
    outer loop
      vertex 167.2 13.0019 20.5
      vertex 164.8 13.2199 20.8263
      vertex 167.2 13.2199 20.8263
    endloop
  endfacet
  facet normal 0 0.831501 -0.555523
    outer loop
      vertex 164.8 13.2199 20.8263
      vertex 167.2 13.0019 20.5
      vertex 164.8 13.0019 20.5
    endloop
  endfacet
  facet normal 0 -0.194989 -0.980806
    outer loop
      vertex 164.8 15.9916 21.9743
      vertex 167.2 16.3764 21.8978
      vertex 167.2 15.9916 21.9743
    endloop
  endfacet
  facet normal -0 -0.194989 -0.980806
    outer loop
      vertex 167.2 16.3764 21.8978
      vertex 164.8 15.9916 21.9743
      vertex 164.8 16.3764 21.8978
    endloop
  endfacet
  facet normal 0 -0.321574 -0.946885
    outer loop
      vertex 164.8 16.3764 21.8978
      vertex 167.2 16.748 21.7716
      vertex 167.2 16.3764 21.8978
    endloop
  endfacet
  facet normal -0 -0.321574 -0.946885
    outer loop
      vertex 167.2 16.748 21.7716
      vertex 164.8 16.3764 21.8978
      vertex 164.8 16.748 21.7716
    endloop
  endfacet
  facet normal 0 0.751724 -0.659478
    outer loop
      vertex 167.2 13.2199 20.8263
      vertex 164.8 13.4787 21.1213
      vertex 167.2 13.4787 21.1213
    endloop
  endfacet
  facet normal 0 0.751724 -0.659478
    outer loop
      vertex 164.8 13.4787 21.1213
      vertex 167.2 13.2199 20.8263
      vertex 164.8 13.2199 20.8263
    endloop
  endfacet
  facet normal 0 0.555523 -0.831501
    outer loop
      vertex 164.8 13.7737 21.3801
      vertex 167.2 14.1 21.5981
      vertex 167.2 13.7737 21.3801
    endloop
  endfacet
  facet normal 0 0.555523 -0.831501
    outer loop
      vertex 167.2 14.1 21.5981
      vertex 164.8 13.7737 21.3801
      vertex 164.8 14.1 21.5981
    endloop
  endfacet
  facet normal 0 0.44211 -0.896961
    outer loop
      vertex 164.8 14.1 21.5981
      vertex 167.2 14.452 21.7716
      vertex 167.2 14.1 21.5981
    endloop
  endfacet
  facet normal 0 0.44211 -0.896961
    outer loop
      vertex 167.2 14.452 21.7716
      vertex 164.8 14.1 21.5981
      vertex 164.8 14.452 21.7716
    endloop
  endfacet
  facet normal 0 0.0654873 -0.997853
    outer loop
      vertex 164.8 15.2084 21.9743
      vertex 167.2 15.6 22
      vertex 167.2 15.2084 21.9743
    endloop
  endfacet
  facet normal 0 0.0654873 -0.997853
    outer loop
      vertex 167.2 15.6 22
      vertex 164.8 15.2084 21.9743
      vertex 164.8 15.6 22
    endloop
  endfacet
  facet normal -0 0 -1
    outer loop
      vertex 5.4 91.2848 3.4
      vertex 5.32133 91.1889 3.4
      vertex 5.4 91.8 3.4
    endloop
  endfacet
  facet normal 0 0 -1
    outer loop
      vertex 164.8 2.4 3.4
      vertex 162.11 8.35671 3.4
      vertex 164.8 94.8 3.4
    endloop
  endfacet
  facet normal 0 0 -1
    outer loop
      vertex 164.8 94.8 3.4
      vertex 162.252 89.3123 3.4
      vertex 162.3 89.8 3.4
    endloop
  endfacet
  facet normal 0 0 -1
    outer loop
      vertex 162.11 88.8433 3.4
      vertex 164.8 94.8 3.4
      vertex 162.11 8.35671 3.4
    endloop
  endfacet
  facet normal 0 0 -1
    outer loop
      vertex 164.8 94.8 3.4
      vertex 162.11 88.8433 3.4
      vertex 162.252 89.3123 3.4
    endloop
  endfacet
  facet normal 0 0 -1
    outer loop
      vertex 161.879 8.78893 3.4
      vertex 162.11 88.8433 3.4
      vertex 162.11 8.35671 3.4
    endloop
  endfacet
  facet normal 0 0 -1
    outer loop
      vertex 161.879 8.78893 3.4
      vertex 161.879 88.4111 3.4
      vertex 162.11 88.8433 3.4
    endloop
  endfacet
  facet normal 0 0 -1
    outer loop
      vertex 161.8 8.88479 3.4
      vertex 161.879 88.4111 3.4
      vertex 161.879 8.78893 3.4
    endloop
  endfacet
  facet normal 0 0 -1
    outer loop
      vertex 161.879 88.4111 3.4
      vertex 161.8 8.88479 3.4
      vertex 161.8 88.3152 3.4
    endloop
  endfacet
  facet normal 0 0 -1
    outer loop
      vertex 162.252 7.88773 3.4
      vertex 164.8 2.4 3.4
      vertex 162.3 7.4 3.4
    endloop
  endfacet
  facet normal 0 0 -1
    outer loop
      vertex 164.8 2.4 3.4
      vertex 162.252 6.91227 3.4
      vertex 162.3 7.4 3.4
    endloop
  endfacet
  facet normal 0 0 -1
    outer loop
      vertex 164.8 2.4 3.4
      vertex 162.11 6.44329 3.4
      vertex 162.252 6.91227 3.4
    endloop
  endfacet
  facet normal 0 0 -1
    outer loop
      vertex 161.8 5.4 3.4
      vertex 162.11 6.44329 3.4
      vertex 164.8 2.4 3.4
    endloop
  endfacet
  facet normal 0 0 -1
    outer loop
      vertex 162.11 6.44329 3.4
      vertex 161.8 5.4 3.4
      vertex 161.879 6.01107 3.4
    endloop
  endfacet
  facet normal 0 0 -1
    outer loop
      vertex 160.757 5.0903 3.4
      vertex 161.8 5.4 3.4
      vertex 164.8 2.4 3.4
    endloop
  endfacet
  facet normal -0 0 -1
    outer loop
      vertex 161.8 5.4 3.4
      vertex 161.189 5.32133 3.4
      vertex 161.285 5.4 3.4
    endloop
  endfacet
  facet normal 0 0 -1
    outer loop
      vertex 161.8 5.4 3.4
      vertex 160.757 5.0903 3.4
      vertex 161.189 5.32133 3.4
    endloop
  endfacet
  facet normal 0 0 -1
    outer loop
      vertex 164.8 2.4 3.4
      vertex 160.288 4.94804 3.4
      vertex 160.757 5.0903 3.4
    endloop
  endfacet
  facet normal 0 0 -1
    outer loop
      vertex 164.8 2.4 3.4
      vertex 159.8 4.9 3.4
      vertex 160.288 4.94804 3.4
    endloop
  endfacet
  facet normal 0 0 -1
    outer loop
      vertex 164.8 2.4 3.4
      vertex 159.312 4.94804 3.4
      vertex 159.8 4.9 3.4
    endloop
  endfacet
  facet normal 0 0 -1
    outer loop
      vertex 164.8 2.4 3.4
      vertex 158.843 5.0903 3.4
      vertex 159.312 4.94804 3.4
    endloop
  endfacet
  facet normal 0 0 -1
    outer loop
      vertex 158.411 5.32133 3.4
      vertex 85.0848 5.4 3.4
      vertex 158.315 5.4 3.4
    endloop
  endfacet
  facet normal 0 0 -1
    outer loop
      vertex 84.9889 5.32133 3.4
      vertex 158.411 5.32133 3.4
      vertex 158.843 5.0903 3.4
    endloop
  endfacet
  facet normal 0 0 -1
    outer loop
      vertex 84.5567 5.0903 3.4
      vertex 158.843 5.0903 3.4
      vertex 164.8 2.4 3.4
    endloop
  endfacet
  facet normal 0 0 -1
    outer loop
      vertex 158.411 5.32133 3.4
      vertex 84.9889 5.32133 3.4
      vertex 85.0848 5.4 3.4
    endloop
  endfacet
  facet normal 0 0 -1
    outer loop
      vertex 158.843 5.0903 3.4
      vertex 84.5567 5.0903 3.4
      vertex 84.9889 5.32133 3.4
    endloop
  endfacet
  facet normal 0 0 -1
    outer loop
      vertex 164.8 2.4 3.4
      vertex 84.0877 4.94804 3.4
      vertex 84.5567 5.0903 3.4
    endloop
  endfacet
  facet normal 0 0 -1
    outer loop
      vertex 164.8 2.4 3.4
      vertex 83.6 4.9 3.4
      vertex 84.0877 4.94804 3.4
    endloop
  endfacet
  facet normal 0 0 -1
    outer loop
      vertex 82.2111 5.32133 3.4
      vertex 8.88479 5.4 3.4
      vertex 82.1152 5.4 3.4
    endloop
  endfacet
  facet normal 0 0 -1
    outer loop
      vertex 8.78893 5.32133 3.4
      vertex 82.2111 5.32133 3.4
      vertex 82.6433 5.0903 3.4
    endloop
  endfacet
  facet normal 0 0 -1
    outer loop
      vertex 2.4 2.4 3.4
      vertex 82.6433 5.0903 3.4
      vertex 83.1123 4.94804 3.4
    endloop
  endfacet
  facet normal 0 0 -1
    outer loop
      vertex 2.4 2.4 3.4
      vertex 83.1123 4.94804 3.4
      vertex 83.6 4.9 3.4
    endloop
  endfacet
  facet normal 0 0 -1
    outer loop
      vertex 2.4 2.4 3.4
      vertex 83.6 4.9 3.4
      vertex 164.8 2.4 3.4
    endloop
  endfacet
  facet normal 0 0 -1
    outer loop
      vertex 82.2111 5.32133 3.4
      vertex 8.78893 5.32133 3.4
      vertex 8.88479 5.4 3.4
    endloop
  endfacet
  facet normal 0 0 -1
    outer loop
      vertex 82.6433 5.0903 3.4
      vertex 8.35671 5.0903 3.4
      vertex 8.78893 5.32133 3.4
    endloop
  endfacet
  facet normal -0 0 -1
    outer loop
      vertex 82.6433 5.0903 3.4
      vertex 2.4 2.4 3.4
      vertex 8.35671 5.0903 3.4
    endloop
  endfacet
  facet normal 0 0 -1
    outer loop
      vertex 8.35671 5.0903 3.4
      vertex 2.4 2.4 3.4
      vertex 7.88773 4.94804 3.4
    endloop
  endfacet
  facet normal 0 0 -1
    outer loop
      vertex 6.01107 5.32133 3.4
      vertex 5.4 5.4 3.4
      vertex 5.91521 5.4 3.4
    endloop
  endfacet
  facet normal 0 0 -1
    outer loop
      vertex 6.44329 5.0903 3.4
      vertex 5.4 5.4 3.4
      vertex 6.01107 5.32133 3.4
    endloop
  endfacet
  facet normal 0 0 -1
    outer loop
      vertex 2.4 2.4 3.4
      vertex 6.44329 5.0903 3.4
      vertex 6.91227 4.94804 3.4
    endloop
  endfacet
  facet normal 0 0 -1
    outer loop
      vertex 5.4 5.4 3.4
      vertex 5.32133 6.01107 3.4
      vertex 5.4 5.91521 3.4
    endloop
  endfacet
  facet normal 0 0 -1
    outer loop
      vertex 5.4 5.4 3.4
      vertex 5.0903 6.44329 3.4
      vertex 5.32133 6.01107 3.4
    endloop
  endfacet
  facet normal 0 0 -1
    outer loop
      vertex 2.4 2.4 3.4
      vertex 5.0903 6.44329 3.4
      vertex 5.4 5.4 3.4
    endloop
  endfacet
  facet normal 0 0 -1
    outer loop
      vertex 5.0903 88.8433 3.4
      vertex 2.4 94.8 3.4
      vertex 4.94804 89.3123 3.4
    endloop
  endfacet
  facet normal -0 0 -1
    outer loop
      vertex 4.94804 6.91227 3.4
      vertex 2.4 2.4 3.4
      vertex 4.9 7.4 3.4
    endloop
  endfacet
  facet normal -0 0 -1
    outer loop
      vertex 5.0903 6.44329 3.4
      vertex 2.4 2.4 3.4
      vertex 4.94804 6.91227 3.4
    endloop
  endfacet
  facet normal -0 0 -1
    outer loop
      vertex 6.44329 5.0903 3.4
      vertex 2.4 2.4 3.4
      vertex 5.4 5.4 3.4
    endloop
  endfacet
  facet normal -0 0 -1
    outer loop
      vertex 7.4 4.9 3.4
      vertex 2.4 2.4 3.4
      vertex 6.91227 4.94804 3.4
    endloop
  endfacet
  facet normal 0 0 -1
    outer loop
      vertex 7.88773 4.94804 3.4
      vertex 2.4 2.4 3.4
      vertex 7.4 4.9 3.4
    endloop
  endfacet
  facet normal 0 0 -1
    outer loop
      vertex 162.11 8.35671 3.4
      vertex 164.8 2.4 3.4
      vertex 162.252 7.88773 3.4
    endloop
  endfacet
  facet normal 0 0 -1
    outer loop
      vertex 162.252 90.2877 3.4
      vertex 164.8 94.8 3.4
      vertex 162.3 89.8 3.4
    endloop
  endfacet
  facet normal 0 0 -1
    outer loop
      vertex 162.11 90.7567 3.4
      vertex 164.8 94.8 3.4
      vertex 162.252 90.2877 3.4
    endloop
  endfacet
  facet normal 0 0 -1
    outer loop
      vertex 161.8 91.8 3.4
      vertex 162.11 90.7567 3.4
      vertex 161.879 91.1889 3.4
    endloop
  endfacet
  facet normal 0 0 -1
    outer loop
      vertex 161.8 91.8 3.4
      vertex 161.879 91.1889 3.4
      vertex 161.8 91.2848 3.4
    endloop
  endfacet
  facet normal 0 0 -1
    outer loop
      vertex 162.11 90.7567 3.4
      vertex 161.8 91.8 3.4
      vertex 164.8 94.8 3.4
    endloop
  endfacet
  facet normal 0 0 -1
    outer loop
      vertex 161.189 91.8787 3.4
      vertex 161.8 91.8 3.4
      vertex 161.285 91.8 3.4
    endloop
  endfacet
  facet normal 0 0 -1
    outer loop
      vertex 160.757 92.1097 3.4
      vertex 161.8 91.8 3.4
      vertex 161.189 91.8787 3.4
    endloop
  endfacet
  facet normal 0 0 -1
    outer loop
      vertex 161.8 91.8 3.4
      vertex 160.757 92.1097 3.4
      vertex 164.8 94.8 3.4
    endloop
  endfacet
  facet normal 0 0 -1
    outer loop
      vertex 160.288 92.252 3.4
      vertex 164.8 94.8 3.4
      vertex 160.757 92.1097 3.4
    endloop
  endfacet
  facet normal 0 0 -1
    outer loop
      vertex 159.8 92.3 3.4
      vertex 164.8 94.8 3.4
      vertex 160.288 92.252 3.4
    endloop
  endfacet
  facet normal 0 0 -1
    outer loop
      vertex 159.312 92.252 3.4
      vertex 164.8 94.8 3.4
      vertex 159.8 92.3 3.4
    endloop
  endfacet
  facet normal 0 0 -1
    outer loop
      vertex 158.843 92.1097 3.4
      vertex 164.8 94.8 3.4
      vertex 159.312 92.252 3.4
    endloop
  endfacet
  facet normal 0 0 -1
    outer loop
      vertex 85.0848 91.8 3.4
      vertex 158.411 91.8787 3.4
      vertex 158.315 91.8 3.4
    endloop
  endfacet
  facet normal 0 0 -1
    outer loop
      vertex 84.9889 91.8787 3.4
      vertex 158.411 91.8787 3.4
      vertex 85.0848 91.8 3.4
    endloop
  endfacet
  facet normal 0 0 -1
    outer loop
      vertex 158.411 91.8787 3.4
      vertex 84.9889 91.8787 3.4
      vertex 158.843 92.1097 3.4
    endloop
  endfacet
  facet normal 0 0 -1
    outer loop
      vertex 84.5567 92.1097 3.4
      vertex 158.843 92.1097 3.4
      vertex 84.9889 91.8787 3.4
    endloop
  endfacet
  facet normal 0 0 -1
    outer loop
      vertex 158.843 92.1097 3.4
      vertex 84.5567 92.1097 3.4
      vertex 164.8 94.8 3.4
    endloop
  endfacet
  facet normal 0 0 -1
    outer loop
      vertex 84.0877 92.252 3.4
      vertex 164.8 94.8 3.4
      vertex 84.5567 92.1097 3.4
    endloop
  endfacet
  facet normal 0 0 -1
    outer loop
      vertex 83.6 92.3 3.4
      vertex 164.8 94.8 3.4
      vertex 84.0877 92.252 3.4
    endloop
  endfacet
  facet normal 0 0 -1
    outer loop
      vertex 8.88479 91.8 3.4
      vertex 82.2111 91.8787 3.4
      vertex 82.1152 91.8 3.4
    endloop
  endfacet
  facet normal 0 0 -1
    outer loop
      vertex 8.78893 91.8787 3.4
      vertex 82.2111 91.8787 3.4
      vertex 8.88479 91.8 3.4
    endloop
  endfacet
  facet normal 0 0 -1
    outer loop
      vertex 82.2111 91.8787 3.4
      vertex 8.78893 91.8787 3.4
      vertex 82.6433 92.1097 3.4
    endloop
  endfacet
  facet normal 0 0 -1
    outer loop
      vertex 8.35671 92.1097 3.4
      vertex 82.6433 92.1097 3.4
      vertex 8.78893 91.8787 3.4
    endloop
  endfacet
  facet normal 0 0 -1
    outer loop
      vertex 2.4 94.8 3.4
      vertex 82.6433 92.1097 3.4
      vertex 8.35671 92.1097 3.4
    endloop
  endfacet
  facet normal 0 0 -1
    outer loop
      vertex 82.6433 92.1097 3.4
      vertex 2.4 94.8 3.4
      vertex 83.1123 92.252 3.4
    endloop
  endfacet
  facet normal 0 0 -1
    outer loop
      vertex 83.1123 92.252 3.4
      vertex 2.4 94.8 3.4
      vertex 83.6 92.3 3.4
    endloop
  endfacet
  facet normal 0 0 -1
    outer loop
      vertex 2.4 94.8 3.4
      vertex 8.35671 92.1097 3.4
      vertex 7.88773 92.252 3.4
    endloop
  endfacet
  facet normal 0 0 -1
    outer loop
      vertex 2.4 94.8 3.4
      vertex 7.88773 92.252 3.4
      vertex 7.4 92.3 3.4
    endloop
  endfacet
  facet normal 0 0 -1
    outer loop
      vertex 5.4 91.8 3.4
      vertex 6.01107 91.8787 3.4
      vertex 5.91521 91.8 3.4
    endloop
  endfacet
  facet normal 0 0 -1
    outer loop
      vertex 5.4 91.8 3.4
      vertex 6.44329 92.1097 3.4
      vertex 6.01107 91.8787 3.4
    endloop
  endfacet
  facet normal 0 0 -1
    outer loop
      vertex 2.4 94.8 3.4
      vertex 6.44329 92.1097 3.4
      vertex 5.4 91.8 3.4
    endloop
  endfacet
  facet normal 0 0 -1
    outer loop
      vertex 5.0903 90.7567 3.4
      vertex 5.4 91.8 3.4
      vertex 5.32133 91.1889 3.4
    endloop
  endfacet
  facet normal 0 0 -1
    outer loop
      vertex 2.4 94.8 3.4
      vertex 5.0903 90.7567 3.4
      vertex 4.94804 90.2877 3.4
    endloop
  endfacet
  facet normal 0 0 -1
    outer loop
      vertex 83.6 92.3 3.4
      vertex 2.4 94.8 3.4
      vertex 164.8 94.8 3.4
    endloop
  endfacet
  facet normal 0 0 -1
    outer loop
      vertex 6.91227 92.252 3.4
      vertex 2.4 94.8 3.4
      vertex 7.4 92.3 3.4
    endloop
  endfacet
  facet normal 0 0 -1
    outer loop
      vertex 6.44329 92.1097 3.4
      vertex 2.4 94.8 3.4
      vertex 6.91227 92.252 3.4
    endloop
  endfacet
  facet normal 0 0 -1
    outer loop
      vertex 5.0903 90.7567 3.4
      vertex 2.4 94.8 3.4
      vertex 5.4 91.8 3.4
    endloop
  endfacet
  facet normal 0 0 -1
    outer loop
      vertex 4.9 89.8 3.4
      vertex 2.4 94.8 3.4
      vertex 4.94804 90.2877 3.4
    endloop
  endfacet
  facet normal 0 0 -1
    outer loop
      vertex 4.94804 89.3123 3.4
      vertex 2.4 94.8 3.4
      vertex 4.9 89.8 3.4
    endloop
  endfacet
  facet normal 0 0 -1
    outer loop
      vertex 161.879 6.01107 3.4
      vertex 161.8 5.4 3.4
      vertex 161.8 5.91521 3.4
    endloop
  endfacet
  facet normal 0 0 -1
    outer loop
      vertex 5.32133 8.78893 3.4
      vertex 5.4 88.3152 3.4
      vertex 5.4 8.88479 3.4
    endloop
  endfacet
  facet normal 0 0 -1
    outer loop
      vertex 5.32133 8.78893 3.4
      vertex 5.32133 88.4111 3.4
      vertex 5.4 88.3152 3.4
    endloop
  endfacet
  facet normal 0 0 -1
    outer loop
      vertex 5.0903 8.35671 3.4
      vertex 5.32133 88.4111 3.4
      vertex 5.32133 8.78893 3.4
    endloop
  endfacet
  facet normal 0 0 -1
    outer loop
      vertex 5.0903 8.35671 3.4
      vertex 5.0903 88.8433 3.4
      vertex 5.32133 88.4111 3.4
    endloop
  endfacet
  facet normal 0 0 -1
    outer loop
      vertex 2.4 2.4 3.4
      vertex 5.0903 8.35671 3.4
      vertex 4.94804 7.88773 3.4
    endloop
  endfacet
  facet normal -0 0 -1
    outer loop
      vertex 5.0903 8.35671 3.4
      vertex 2.4 2.4 3.4
      vertex 5.0903 88.8433 3.4
    endloop
  endfacet
  facet normal 0 0 -1
    outer loop
      vertex 2.4 2.4 3.4
      vertex 4.94804 7.88773 3.4
      vertex 4.9 7.4 3.4
    endloop
  endfacet
  facet normal 0 0 -1
    outer loop
      vertex 2.4 94.8 3.4
      vertex 5.0903 88.8433 3.4
      vertex 2.4 2.4 3.4
    endloop
  endfacet
  facet normal -0 0 1
    outer loop
      vertex 0 22.6 5.4
      vertex 2.4 13.6 5.4
      vertex 2.4 22.6 5.4
    endloop
  endfacet
  facet normal 0 0 1
    outer loop
      vertex 2.4 13.6 5.4
      vertex 0 22.6 5.4
      vertex 0 13.6 5.4
    endloop
  endfacet
  facet normal -0 0 1
    outer loop
      vertex 0 41.6 5.4
      vertex 2.4 24.6 5.4
      vertex 2.4 41.6 5.4
    endloop
  endfacet
  facet normal 0 0 1
    outer loop
      vertex 2.4 24.6 5.4
      vertex 0 41.6 5.4
      vertex 0 24.6 5.4
    endloop
  endfacet
  facet normal -0 0 1
    outer loop
      vertex 0 61.6 5.4
      vertex 2.4 43.6 5.4
      vertex 2.4 61.6 5.4
    endloop
  endfacet
  facet normal 0 0 1
    outer loop
      vertex 2.4 43.6 5.4
      vertex 0 61.6 5.4
      vertex 0 43.6 5.4
    endloop
  endfacet
  facet normal -0 0 1
    outer loop
      vertex 0 86.6 5.4
      vertex 2.4 69.6 5.4
      vertex 2.4 86.6 5.4
    endloop
  endfacet
  facet normal 0 0 1
    outer loop
      vertex 2.4 69.6 5.4
      vertex 0 86.6 5.4
      vertex 0 69.6 5.4
    endloop
  endfacet
  facet normal -0 0 1
    outer loop
      vertex 161.8 91.8 5.4
      vertex 164.8 63.6 5.4
      vertex 164.8 94.8 5.4
    endloop
  endfacet
  facet normal 0 0 1
    outer loop
      vertex 164.8 63.6 5.4
      vertex 161.8 91.8 5.4
      vertex 164.8 48.6 5.4
    endloop
  endfacet
  facet normal 0 0 1
    outer loop
      vertex 161.8 5.4 5.4
      vertex 164.8 48.6 5.4
      vertex 161.8 91.8 5.4
    endloop
  endfacet
  facet normal 0 0 1
    outer loop
      vertex 164.8 94.8 5.4
      vertex 5.4 91.8 5.4
      vertex 161.8 91.8 5.4
    endloop
  endfacet
  facet normal 0 0 1
    outer loop
      vertex 2.4 86.6 5.4
      vertex 5.4 91.8 5.4
      vertex 2.4 94.8 5.4
    endloop
  endfacet
  facet normal -0 0 1
    outer loop
      vertex 2.4 94.8 5.4
      vertex 5.4 91.8 5.4
      vertex 164.8 94.8 5.4
    endloop
  endfacet
  facet normal -0 0 1
    outer loop
      vertex 164.8 63.6 5.4
      vertex 167.2 48.6 5.4
      vertex 167.2 63.6 5.4
    endloop
  endfacet
  facet normal 0 0 1
    outer loop
      vertex 167.2 48.6 5.4
      vertex 164.8 63.6 5.4
      vertex 164.8 48.6 5.4
    endloop
  endfacet
  facet normal 0 0 1
    outer loop
      vertex 164.8 48.6 5.4
      vertex 161.8 5.4 5.4
      vertex 164.8 2.4 5.4
    endloop
  endfacet
  facet normal 0 0 1
    outer loop
      vertex 161.8 5.4 5.4
      vertex 75.6 2.4 5.4
      vertex 164.8 2.4 5.4
    endloop
  endfacet
  facet normal 0 0 1
    outer loop
      vertex 75.6 2.4 5.4
      vertex 55.6 2.4 5.4
      vertex 75.6 0 5.4
    endloop
  endfacet
  facet normal -0 0 1
    outer loop
      vertex 5.4 5.4 5.4
      vertex 75.6 2.4 5.4
      vertex 161.8 5.4 5.4
    endloop
  endfacet
  facet normal 0 0 1
    outer loop
      vertex 75.6 2.4 5.4
      vertex 5.4 5.4 5.4
      vertex 55.6 2.4 5.4
    endloop
  endfacet
  facet normal 0 0 1
    outer loop
      vertex 53.6 2.4 5.4
      vertex 35.6 2.4 5.4
      vertex 53.6 0 5.4
    endloop
  endfacet
  facet normal 0 0 1
    outer loop
      vertex 55.6 2.4 5.4
      vertex 5.4 5.4 5.4
      vertex 53.6 2.4 5.4
    endloop
  endfacet
  facet normal 0 0 1
    outer loop
      vertex 53.6 2.4 5.4
      vertex 5.4 5.4 5.4
      vertex 35.6 2.4 5.4
    endloop
  endfacet
  facet normal 0 0 1
    outer loop
      vertex 33.6 2.4 5.4
      vertex 16.6 2.4 5.4
      vertex 33.6 0 5.4
    endloop
  endfacet
  facet normal 0 0 1
    outer loop
      vertex 35.6 2.4 5.4
      vertex 5.4 5.4 5.4
      vertex 33.6 2.4 5.4
    endloop
  endfacet
  facet normal 0 0 1
    outer loop
      vertex 33.6 2.4 5.4
      vertex 5.4 5.4 5.4
      vertex 16.6 2.4 5.4
    endloop
  endfacet
  facet normal 0 0 1
    outer loop
      vertex 2.4 69.6 5.4
      vertex 5.4 91.8 5.4
      vertex 2.4 86.6 5.4
    endloop
  endfacet
  facet normal 0 0 1
    outer loop
      vertex 2.4 61.6 5.4
      vertex 5.4 91.8 5.4
      vertex 2.4 69.6 5.4
    endloop
  endfacet
  facet normal 0 0 1
    outer loop
      vertex 2.4 43.6 5.4
      vertex 5.4 91.8 5.4
      vertex 2.4 61.6 5.4
    endloop
  endfacet
  facet normal 0 0 1
    outer loop
      vertex 5.4 91.8 5.4
      vertex 2.4 43.6 5.4
      vertex 5.4 5.4 5.4
    endloop
  endfacet
  facet normal -0 0 1
    outer loop
      vertex 2.4 41.6 5.4
      vertex 5.4 5.4 5.4
      vertex 2.4 43.6 5.4
    endloop
  endfacet
  facet normal -0 0 1
    outer loop
      vertex 2.4 24.6 5.4
      vertex 5.4 5.4 5.4
      vertex 2.4 41.6 5.4
    endloop
  endfacet
  facet normal -0 0 1
    outer loop
      vertex 2.4 22.6 5.4
      vertex 5.4 5.4 5.4
      vertex 2.4 24.6 5.4
    endloop
  endfacet
  facet normal -0 0 1
    outer loop
      vertex 2.4 13.6 5.4
      vertex 5.4 5.4 5.4
      vertex 2.4 22.6 5.4
    endloop
  endfacet
  facet normal 0 0 1
    outer loop
      vertex 5.4 5.4 5.4
      vertex 2.4 2.4 5.4
      vertex 16.6 2.4 5.4
    endloop
  endfacet
  facet normal 0 0 1
    outer loop
      vertex 2.4 2.4 5.4
      vertex 5.4 5.4 5.4
      vertex 2.4 13.6 5.4
    endloop
  endfacet
  facet normal 0 0 1
    outer loop
      vertex 75.6 0 5.4
      vertex 55.6 2.4 5.4
      vertex 55.6 0 5.4
    endloop
  endfacet
  facet normal 0 0 1
    outer loop
      vertex 53.6 0 5.4
      vertex 35.6 2.4 5.4
      vertex 35.6 0 5.4
    endloop
  endfacet
  facet normal 0 0 1
    outer loop
      vertex 33.6 0 5.4
      vertex 16.6 2.4 5.4
      vertex 16.6 0 5.4
    endloop
  endfacet
  facet normal -1 0 0
    outer loop
      vertex 161.8 5.91521 3.4
      vertex 161.8 5.4 3.4
      vertex 161.8 5.91521 5.4
    endloop
  endfacet
  facet normal -1 0 0
    outer loop
      vertex 161.8 88.3152 3.4
      vertex 161.8 8.88479 3.4
      vertex 161.8 88.3152 5.4
    endloop
  endfacet
  facet normal -1 0 0
    outer loop
      vertex 161.8 91.2848 3.4
      vertex 161.8 91.8 5.4
      vertex 161.8 91.8 3.4
    endloop
  endfacet
  facet normal -1 0 0
    outer loop
      vertex 161.8 91.2848 5.4
      vertex 161.8 91.8 5.4
      vertex 161.8 91.2848 3.4
    endloop
  endfacet
  facet normal 0 0 0
    outer loop
      vertex 161.8 88.3152 5.4
      vertex 161.8 91.8 5.4
      vertex 161.8 91.2848 5.4
    endloop
  endfacet
  facet normal -1 0 0
    outer loop
      vertex 161.8 8.88479 5.4
      vertex 161.8 88.3152 5.4
      vertex 161.8 8.88479 3.4
    endloop
  endfacet
  facet normal 0 0 0
    outer loop
      vertex 161.8 8.88479 5.4
      vertex 161.8 91.8 5.4
      vertex 161.8 88.3152 5.4
    endloop
  endfacet
  facet normal 0 0 0
    outer loop
      vertex 161.8 5.91521 5.4
      vertex 161.8 91.8 5.4
      vertex 161.8 8.88479 5.4
    endloop
  endfacet
  facet normal -0 0 0
    outer loop
      vertex 161.8 5.91521 5.4
      vertex 161.8 5.4 5.4
      vertex 161.8 91.8 5.4
    endloop
  endfacet
  facet normal -1 0 0
    outer loop
      vertex 161.8 5.4 5.4
      vertex 161.8 5.91521 5.4
      vertex 161.8 5.4 3.4
    endloop
  endfacet
  facet normal 1 0 0
    outer loop
      vertex 5.4 91.8 5.4
      vertex 5.4 91.2848 5.4
      vertex 5.4 91.8 3.4
    endloop
  endfacet
  facet normal 0 0 0
    outer loop
      vertex 5.4 91.8 5.4
      vertex 5.4 88.3152 5.4
      vertex 5.4 91.2848 5.4
    endloop
  endfacet
  facet normal 1 0 0
    outer loop
      vertex 5.4 88.3152 5.4
      vertex 5.4 8.88479 5.4
      vertex 5.4 88.3152 3.4
    endloop
  endfacet
  facet normal 0 0 0
    outer loop
      vertex 5.4 91.8 5.4
      vertex 5.4 8.88479 5.4
      vertex 5.4 88.3152 5.4
    endloop
  endfacet
  facet normal 0 0 0
    outer loop
      vertex 5.4 91.8 5.4
      vertex 5.4 5.91521 5.4
      vertex 5.4 8.88479 5.4
    endloop
  endfacet
  facet normal 0 0 0
    outer loop
      vertex 5.4 5.4 5.4
      vertex 5.4 5.91521 5.4
      vertex 5.4 91.8 5.4
    endloop
  endfacet
  facet normal 1 -0 0
    outer loop
      vertex 5.4 5.4 5.4
      vertex 5.4 5.91521 3.4
      vertex 5.4 5.91521 5.4
    endloop
  endfacet
  facet normal 1 0 0
    outer loop
      vertex 5.4 5.91521 3.4
      vertex 5.4 5.4 5.4
      vertex 5.4 5.4 3.4
    endloop
  endfacet
  facet normal 1 0 0
    outer loop
      vertex 5.4 91.8 3.4
      vertex 5.4 91.2848 5.4
      vertex 5.4 91.2848 3.4
    endloop
  endfacet
  facet normal 1 0 0
    outer loop
      vertex 5.4 88.3152 3.4
      vertex 5.4 8.88479 5.4
      vertex 5.4 8.88479 3.4
    endloop
  endfacet
  facet normal 0 1 -0
    outer loop
      vertex 82.1152 5.4 3.4
      vertex 8.88479 5.4 5.4
      vertex 82.1152 5.4 5.4
    endloop
  endfacet
  facet normal 0 1 0
    outer loop
      vertex 8.88479 5.4 5.4
      vertex 82.1152 5.4 3.4
      vertex 8.88479 5.4 3.4
    endloop
  endfacet
  facet normal 0 1 -0
    outer loop
      vertex 158.315 5.4 3.4
      vertex 85.0848 5.4 5.4
      vertex 158.315 5.4 5.4
    endloop
  endfacet
  facet normal 0 1 0
    outer loop
      vertex 85.0848 5.4 5.4
      vertex 158.315 5.4 3.4
      vertex 85.0848 5.4 3.4
    endloop
  endfacet
  facet normal 0 0 0
    outer loop
      vertex 161.8 5.4 5.4
      vertex 161.285 5.4 5.4
      vertex 5.4 5.4 5.4
    endloop
  endfacet
  facet normal 0 1 -0
    outer loop
      vertex 161.8 5.4 3.4
      vertex 161.285 5.4 5.4
      vertex 161.8 5.4 5.4
    endloop
  endfacet
  facet normal 0 1 0
    outer loop
      vertex 161.285 5.4 5.4
      vertex 161.8 5.4 3.4
      vertex 161.285 5.4 3.4
    endloop
  endfacet
  facet normal 0 0 -0
    outer loop
      vertex 158.315 5.4 5.4
      vertex 5.4 5.4 5.4
      vertex 161.285 5.4 5.4
    endloop
  endfacet
  facet normal 0 0 -0
    outer loop
      vertex 85.0848 5.4 5.4
      vertex 5.4 5.4 5.4
      vertex 158.315 5.4 5.4
    endloop
  endfacet
  facet normal 0 0 -0
    outer loop
      vertex 82.1152 5.4 5.4
      vertex 5.4 5.4 5.4
      vertex 85.0848 5.4 5.4
    endloop
  endfacet
  facet normal 0 0 -0
    outer loop
      vertex 8.88479 5.4 5.4
      vertex 5.4 5.4 5.4
      vertex 82.1152 5.4 5.4
    endloop
  endfacet
  facet normal 0 0 -0
    outer loop
      vertex 5.91521 5.4 5.4
      vertex 5.4 5.4 5.4
      vertex 8.88479 5.4 5.4
    endloop
  endfacet
  facet normal 0 1 -0
    outer loop
      vertex 5.91521 5.4 3.4
      vertex 5.4 5.4 5.4
      vertex 5.91521 5.4 5.4
    endloop
  endfacet
  facet normal 0 1 0
    outer loop
      vertex 5.4 5.4 5.4
      vertex 5.91521 5.4 3.4
      vertex 5.4 5.4 3.4
    endloop
  endfacet
  facet normal 0 -1 0
    outer loop
      vertex 85.0848 91.8 3.4
      vertex 158.315 91.8 5.4
      vertex 85.0848 91.8 5.4
    endloop
  endfacet
  facet normal 0 -1 -0
    outer loop
      vertex 158.315 91.8 5.4
      vertex 85.0848 91.8 3.4
      vertex 158.315 91.8 3.4
    endloop
  endfacet
  facet normal 0 -1 0
    outer loop
      vertex 8.88479 91.8 3.4
      vertex 82.1152 91.8 5.4
      vertex 8.88479 91.8 5.4
    endloop
  endfacet
  facet normal 0 -1 -0
    outer loop
      vertex 82.1152 91.8 5.4
      vertex 8.88479 91.8 3.4
      vertex 82.1152 91.8 3.4
    endloop
  endfacet
  facet normal 0 0 0
    outer loop
      vertex 5.4 91.8 5.4
      vertex 5.91521 91.8 5.4
      vertex 161.8 91.8 5.4
    endloop
  endfacet
  facet normal 0 -1 0
    outer loop
      vertex 5.4 91.8 3.4
      vertex 5.91521 91.8 5.4
      vertex 5.4 91.8 5.4
    endloop
  endfacet
  facet normal 0 -1 -0
    outer loop
      vertex 5.91521 91.8 5.4
      vertex 5.4 91.8 3.4
      vertex 5.91521 91.8 3.4
    endloop
  endfacet
  facet normal 0 -0 0
    outer loop
      vertex 8.88479 91.8 5.4
      vertex 161.8 91.8 5.4
      vertex 5.91521 91.8 5.4
    endloop
  endfacet
  facet normal 0 -0 0
    outer loop
      vertex 82.1152 91.8 5.4
      vertex 161.8 91.8 5.4
      vertex 8.88479 91.8 5.4
    endloop
  endfacet
  facet normal 0 -0 0
    outer loop
      vertex 85.0848 91.8 5.4
      vertex 161.8 91.8 5.4
      vertex 82.1152 91.8 5.4
    endloop
  endfacet
  facet normal 0 -0 0
    outer loop
      vertex 158.315 91.8 5.4
      vertex 161.8 91.8 5.4
      vertex 85.0848 91.8 5.4
    endloop
  endfacet
  facet normal 0 -0 0
    outer loop
      vertex 161.285 91.8 5.4
      vertex 161.8 91.8 5.4
      vertex 158.315 91.8 5.4
    endloop
  endfacet
  facet normal 0 -1 0
    outer loop
      vertex 161.285 91.8 3.4
      vertex 161.8 91.8 5.4
      vertex 161.285 91.8 5.4
    endloop
  endfacet
  facet normal 0 -1 -0
    outer loop
      vertex 161.8 91.8 5.4
      vertex 161.285 91.8 3.4
      vertex 161.8 91.8 3.4
    endloop
  endfacet
  facet normal 0.995184 0.0980287 0
    outer loop
      vertex 9.9 89.8 5.4
      vertex 9.85196 90.2877 2.4
      vertex 9.85196 90.2877 5.4
    endloop
  endfacet
  facet normal 0.995184 0.0980287 0
    outer loop
      vertex 9.85196 90.2877 2.4
      vertex 9.9 89.8 5.4
      vertex 9.9 89.8 2.4
    endloop
  endfacet
  facet normal -0.995184 0.0980287 0
    outer loop
      vertex 4.9 89.8 2.4
      vertex 4.94804 90.2877 3.4
      vertex 4.94804 90.2877 2.4
    endloop
  endfacet
  facet normal -0.995184 0.0980287 0
    outer loop
      vertex 4.94804 90.2877 3.4
      vertex 4.9 89.8 2.4
      vertex 4.9 89.8 3.4
    endloop
  endfacet
  facet normal 0.0979419 0.995192 -0
    outer loop
      vertex 7.88773 92.252 2.4
      vertex 7.4 92.3 3.4
      vertex 7.88773 92.252 3.4
    endloop
  endfacet
  facet normal 0.0979419 0.995192 0
    outer loop
      vertex 7.4 92.3 3.4
      vertex 7.88773 92.252 2.4
      vertex 7.4 92.3 2.4
    endloop
  endfacet
  facet normal 0.773066 0.634326 0
    outer loop
      vertex 9.47867 91.1889 5.4
      vertex 9.16777 91.5678 2.4
      vertex 9.16777 91.5678 5.4
    endloop
  endfacet
  facet normal 0.773066 0.634326 0
    outer loop
      vertex 9.16777 91.5678 2.4
      vertex 9.47867 91.1889 5.4
      vertex 9.47867 91.1889 2.4
    endloop
  endfacet
  facet normal -0.634537 0.772893 0
    outer loop
      vertex 6.01107 91.8787 3.4
      vertex 6.01107 91.8787 2.4
      vertex 5.91521 91.8 3.4
    endloop
  endfacet
  facet normal -0.634335 0.773058 0
    outer loop
      vertex 5.91521 91.8 3.4
      vertex 5.63223 91.5678 5.4
      vertex 5.91521 91.8 5.4
    endloop
  endfacet
  facet normal -0.634386 0.773016 2.41471e-05
    outer loop
      vertex 5.63223 91.5678 2.4
      vertex 5.91521 91.8 3.4
      vertex 6.01107 91.8787 2.4
    endloop
  endfacet
  facet normal -0.634335 0.773058 0
    outer loop
      vertex 5.91521 91.8 3.4
      vertex 5.63223 91.5678 2.4
      vertex 5.63223 91.5678 5.4
    endloop
  endfacet
  facet normal -0.290353 0.95692 0
    outer loop
      vertex 6.91227 92.252 2.4
      vertex 6.44329 92.1097 3.4
      vertex 6.91227 92.252 3.4
    endloop
  endfacet
  facet normal -0.290353 0.95692 0
    outer loop
      vertex 6.44329 92.1097 3.4
      vertex 6.91227 92.252 2.4
      vertex 6.44329 92.1097 2.4
    endloop
  endfacet
  facet normal -0.773141 -0.634234 0
    outer loop
      vertex 5.32133 88.4111 2.4
      vertex 5.4 88.3152 3.4
      vertex 5.32133 88.4111 3.4
    endloop
  endfacet
  facet normal -0.773066 -0.634326 -1.4786e-05
    outer loop
      vertex 5.63223 88.0322 2.4
      vertex 5.4 88.3152 3.4
      vertex 5.32133 88.4111 2.4
    endloop
  endfacet
  facet normal -0.77304 -0.634357 -0
    outer loop
      vertex 5.63223 88.0322 5.4
      vertex 5.4 88.3152 3.4
      vertex 5.63223 88.0322 2.4
    endloop
  endfacet
  facet normal -0.77304 -0.634357 0
    outer loop
      vertex 5.4 88.3152 3.4
      vertex 5.63223 88.0322 5.4
      vertex 5.4 88.3152 5.4
    endloop
  endfacet
  facet normal 0.881909 0.471419 0
    outer loop
      vertex 9.7097 90.7567 5.4
      vertex 9.47867 91.1889 2.4
      vertex 9.47867 91.1889 5.4
    endloop
  endfacet
  facet normal 0.881909 0.471419 0
    outer loop
      vertex 9.47867 91.1889 2.4
      vertex 9.7097 90.7567 5.4
      vertex 9.7097 90.7567 2.4
    endloop
  endfacet
  facet normal 0.956946 0.290267 0
    outer loop
      vertex 9.85196 90.2877 5.4
      vertex 9.7097 90.7567 2.4
      vertex 9.7097 90.7567 5.4
    endloop
  endfacet
  facet normal 0.956946 0.290267 0
    outer loop
      vertex 9.7097 90.7567 2.4
      vertex 9.85196 90.2877 5.4
      vertex 9.85196 90.2877 2.4
    endloop
  endfacet
  facet normal 0.471355 0.881944 -0
    outer loop
      vertex 8.78893 91.8787 2.4
      vertex 8.35671 92.1097 3.4
      vertex 8.78893 91.8787 3.4
    endloop
  endfacet
  facet normal 0.471355 0.881944 0
    outer loop
      vertex 8.35671 92.1097 3.4
      vertex 8.78893 91.8787 2.4
      vertex 8.35671 92.1097 2.4
    endloop
  endfacet
  facet normal 0.290353 0.95692 -0
    outer loop
      vertex 8.35671 92.1097 2.4
      vertex 7.88773 92.252 3.4
      vertex 8.35671 92.1097 3.4
    endloop
  endfacet
  facet normal 0.290353 0.95692 0
    outer loop
      vertex 7.88773 92.252 3.4
      vertex 8.35671 92.1097 2.4
      vertex 7.88773 92.252 2.4
    endloop
  endfacet
  facet normal 0.634335 0.773058 0
    outer loop
      vertex 9.16777 91.5678 5.4
      vertex 8.88479 91.8 3.4
      vertex 8.88479 91.8 5.4
    endloop
  endfacet
  facet normal 0.634335 0.773058 -0
    outer loop
      vertex 9.16777 91.5678 2.4
      vertex 8.88479 91.8 3.4
      vertex 9.16777 91.5678 5.4
    endloop
  endfacet
  facet normal 0.634386 0.773016 2.41471e-05
    outer loop
      vertex 8.78893 91.8787 2.4
      vertex 8.88479 91.8 3.4
      vertex 9.16777 91.5678 2.4
    endloop
  endfacet
  facet normal 0.634537 0.772893 0
    outer loop
      vertex 8.88479 91.8 3.4
      vertex 8.78893 91.8787 2.4
      vertex 8.78893 91.8787 3.4
    endloop
  endfacet
  facet normal -0.881909 0.471419 0
    outer loop
      vertex 5.0903 90.7567 2.4
      vertex 5.32133 91.1889 3.4
      vertex 5.32133 91.1889 2.4
    endloop
  endfacet
  facet normal -0.881909 0.471419 0
    outer loop
      vertex 5.32133 91.1889 3.4
      vertex 5.0903 90.7567 2.4
      vertex 5.0903 90.7567 3.4
    endloop
  endfacet
  facet normal -0.77304 0.634357 0
    outer loop
      vertex 5.63223 91.5678 2.4
      vertex 5.4 91.2848 3.4
      vertex 5.63223 91.5678 5.4
    endloop
  endfacet
  facet normal -0.773066 0.634326 -1.4786e-05
    outer loop
      vertex 5.32133 91.1889 2.4
      vertex 5.4 91.2848 3.4
      vertex 5.63223 91.5678 2.4
    endloop
  endfacet
  facet normal -0.773141 0.634234 0
    outer loop
      vertex 5.4 91.2848 3.4
      vertex 5.32133 91.1889 2.4
      vertex 5.32133 91.1889 3.4
    endloop
  endfacet
  facet normal -0.77304 0.634357 0
    outer loop
      vertex 5.63223 91.5678 5.4
      vertex 5.4 91.2848 3.4
      vertex 5.4 91.2848 5.4
    endloop
  endfacet
  facet normal -0.956946 0.290267 0
    outer loop
      vertex 4.94804 90.2877 2.4
      vertex 5.0903 90.7567 3.4
      vertex 5.0903 90.7567 2.4
    endloop
  endfacet
  facet normal -0.956946 0.290267 0
    outer loop
      vertex 5.0903 90.7567 3.4
      vertex 4.94804 90.2877 2.4
      vertex 4.94804 90.2877 3.4
    endloop
  endfacet
  facet normal 0 0 1
    outer loop
      vertex 8.7 89.8 5.4
      vertex 9.9 89.8 5.4
      vertex 9.85196 90.2877 5.4
    endloop
  endfacet
  facet normal 0 0 1
    outer loop
      vertex 8.6557 90.1365 5.4
      vertex 9.85196 90.2877 5.4
      vertex 9.7097 90.7567 5.4
    endloop
  endfacet
  facet normal 0 0 1
    outer loop
      vertex 9.9 89.8 5.4
      vertex 8.7 89.8 5.4
      vertex 9.85196 89.3123 5.4
    endloop
  endfacet
  facet normal 0 0 1
    outer loop
      vertex 8.52583 90.45 5.4
      vertex 9.7097 90.7567 5.4
      vertex 9.47867 91.1889 5.4
    endloop
  endfacet
  facet normal -0 0 1
    outer loop
      vertex 8.6557 89.4635 5.4
      vertex 9.85196 89.3123 5.4
      vertex 8.7 89.8 5.4
    endloop
  endfacet
  facet normal 0 0 1
    outer loop
      vertex 8.31924 90.7192 5.4
      vertex 9.47867 91.1889 5.4
      vertex 9.16777 91.5678 5.4
    endloop
  endfacet
  facet normal 0 0 1
    outer loop
      vertex 9.85196 89.3123 5.4
      vertex 8.6557 89.4635 5.4
      vertex 9.7097 88.8433 5.4
    endloop
  endfacet
  facet normal 0 0 1
    outer loop
      vertex 8.31924 90.7192 5.4
      vertex 9.16777 91.5678 5.4
      vertex 8.88479 91.8 5.4
    endloop
  endfacet
  facet normal -0 0 1
    outer loop
      vertex 8.52583 89.15 5.4
      vertex 9.7097 88.8433 5.4
      vertex 8.6557 89.4635 5.4
    endloop
  endfacet
  facet normal 0 0 1
    outer loop
      vertex 9.7097 88.8433 5.4
      vertex 8.52583 89.15 5.4
      vertex 9.47867 88.4111 5.4
    endloop
  endfacet
  facet normal 0 0 1
    outer loop
      vertex 9.85196 90.2877 5.4
      vertex 8.6557 90.1365 5.4
      vertex 8.7 89.8 5.4
    endloop
  endfacet
  facet normal 0 0 1
    outer loop
      vertex 9.7097 90.7567 5.4
      vertex 8.52583 90.45 5.4
      vertex 8.6557 90.1365 5.4
    endloop
  endfacet
  facet normal 0 0 1
    outer loop
      vertex 9.47867 91.1889 5.4
      vertex 8.31924 90.7192 5.4
      vertex 8.52583 90.45 5.4
    endloop
  endfacet
  facet normal 0 0 1
    outer loop
      vertex 8.88479 91.8 5.4
      vertex 8.05 90.9258 5.4
      vertex 8.31924 90.7192 5.4
    endloop
  endfacet
  facet normal 0 0 1
    outer loop
      vertex 8.88479 91.8 5.4
      vertex 7.73646 91.0557 5.4
      vertex 8.05 90.9258 5.4
    endloop
  endfacet
  facet normal 0 0 1
    outer loop
      vertex 8.88479 91.8 5.4
      vertex 7.4 91.1 5.4
      vertex 7.73646 91.0557 5.4
    endloop
  endfacet
  facet normal -0 0 1
    outer loop
      vertex 5.91521 91.8 5.4
      vertex 7.4 91.1 5.4
      vertex 8.88479 91.8 5.4
    endloop
  endfacet
  facet normal 0 0 1
    outer loop
      vertex 7.4 91.1 5.4
      vertex 5.91521 91.8 5.4
      vertex 7.06354 91.0557 5.4
    endloop
  endfacet
  facet normal 0 0 1
    outer loop
      vertex 5.91521 91.8 5.4
      vertex 6.75 90.9258 5.4
      vertex 7.06354 91.0557 5.4
    endloop
  endfacet
  facet normal 0 0 1
    outer loop
      vertex 5.91521 91.8 5.4
      vertex 6.48076 90.7192 5.4
      vertex 6.75 90.9258 5.4
    endloop
  endfacet
  facet normal -0 0 1
    outer loop
      vertex 5.63223 91.5678 5.4
      vertex 6.48076 90.7192 5.4
      vertex 5.91521 91.8 5.4
    endloop
  endfacet
  facet normal -0 0 1
    outer loop
      vertex 5.4 91.2848 5.4
      vertex 6.48076 90.7192 5.4
      vertex 5.63223 91.5678 5.4
    endloop
  endfacet
  facet normal 0 0 1
    outer loop
      vertex 6.48076 90.7192 5.4
      vertex 5.4 91.2848 5.4
      vertex 6.27417 90.45 5.4
    endloop
  endfacet
  facet normal 0 0 1
    outer loop
      vertex 6.27417 90.45 5.4
      vertex 5.4 91.2848 5.4
      vertex 6.1443 90.1365 5.4
    endloop
  endfacet
  facet normal 0 0 1
    outer loop
      vertex 6.1443 90.1365 5.4
      vertex 5.4 91.2848 5.4
      vertex 6.1 89.8 5.4
    endloop
  endfacet
  facet normal 0 0 1
    outer loop
      vertex 5.4 88.3152 5.4
      vertex 6.1 89.8 5.4
      vertex 5.4 91.2848 5.4
    endloop
  endfacet
  facet normal 0 -0 1
    outer loop
      vertex 5.63223 88.0322 5.4
      vertex 6.1 89.8 5.4
      vertex 5.4 88.3152 5.4
    endloop
  endfacet
  facet normal 0 0 1
    outer loop
      vertex 6.1 89.8 5.4
      vertex 5.63223 88.0322 5.4
      vertex 6.01107 87.7213 5.4
    endloop
  endfacet
  facet normal -0 0 1
    outer loop
      vertex 8.31924 88.8808 5.4
      vertex 9.47867 88.4111 5.4
      vertex 8.52583 89.15 5.4
    endloop
  endfacet
  facet normal 0 0 1
    outer loop
      vertex 9.47867 88.4111 5.4
      vertex 8.31924 88.8808 5.4
      vertex 9.16777 88.0322 5.4
    endloop
  endfacet
  facet normal 0 0 1
    outer loop
      vertex 9.16777 88.0322 5.4
      vertex 8.31924 88.8808 5.4
      vertex 8.78893 87.7213 5.4
    endloop
  endfacet
  facet normal -0 0 1
    outer loop
      vertex 8.05 88.6742 5.4
      vertex 8.78893 87.7213 5.4
      vertex 8.31924 88.8808 5.4
    endloop
  endfacet
  facet normal 0 0 1
    outer loop
      vertex 8.78893 87.7213 5.4
      vertex 8.05 88.6742 5.4
      vertex 8.35671 87.4903 5.4
    endloop
  endfacet
  facet normal -0 0 1
    outer loop
      vertex 7.73646 88.5443 5.4
      vertex 8.35671 87.4903 5.4
      vertex 8.05 88.6742 5.4
    endloop
  endfacet
  facet normal 0 0 1
    outer loop
      vertex 8.35671 87.4903 5.4
      vertex 7.73646 88.5443 5.4
      vertex 7.88773 87.348 5.4
    endloop
  endfacet
  facet normal -0 0 1
    outer loop
      vertex 7.4 88.5 5.4
      vertex 7.88773 87.348 5.4
      vertex 7.73646 88.5443 5.4
    endloop
  endfacet
  facet normal 0 0 1
    outer loop
      vertex 7.4 88.5 5.4
      vertex 7.4 87.3 5.4
      vertex 7.88773 87.348 5.4
    endloop
  endfacet
  facet normal 0 0 1
    outer loop
      vertex 6.91227 87.348 5.4
      vertex 7.4 88.5 5.4
      vertex 7.06354 88.5443 5.4
    endloop
  endfacet
  facet normal 0 0 1
    outer loop
      vertex 7.4 88.5 5.4
      vertex 6.91227 87.348 5.4
      vertex 7.4 87.3 5.4
    endloop
  endfacet
  facet normal 0 0 1
    outer loop
      vertex 6.44329 87.4903 5.4
      vertex 7.06354 88.5443 5.4
      vertex 6.75 88.6742 5.4
    endloop
  endfacet
  facet normal 0 0 1
    outer loop
      vertex 6.01107 87.7213 5.4
      vertex 6.75 88.6742 5.4
      vertex 6.48076 88.8808 5.4
    endloop
  endfacet
  facet normal 0 0 1
    outer loop
      vertex 7.06354 88.5443 5.4
      vertex 6.44329 87.4903 5.4
      vertex 6.91227 87.348 5.4
    endloop
  endfacet
  facet normal 0 0 1
    outer loop
      vertex 6.01107 87.7213 5.4
      vertex 6.48076 88.8808 5.4
      vertex 6.27417 89.15 5.4
    endloop
  endfacet
  facet normal 0 0 1
    outer loop
      vertex 6.01107 87.7213 5.4
      vertex 6.27417 89.15 5.4
      vertex 6.1443 89.4635 5.4
    endloop
  endfacet
  facet normal 0 0 1
    outer loop
      vertex 6.75 88.6742 5.4
      vertex 6.01107 87.7213 5.4
      vertex 6.44329 87.4903 5.4
    endloop
  endfacet
  facet normal 0 0 1
    outer loop
      vertex 6.01107 87.7213 5.4
      vertex 6.1443 89.4635 5.4
      vertex 6.1 89.8 5.4
    endloop
  endfacet
  facet normal -0.471355 0.881944 0
    outer loop
      vertex 6.44329 92.1097 2.4
      vertex 6.01107 91.8787 3.4
      vertex 6.44329 92.1097 3.4
    endloop
  endfacet
  facet normal -0.471355 0.881944 0
    outer loop
      vertex 6.01107 91.8787 3.4
      vertex 6.44329 92.1097 2.4
      vertex 6.01107 91.8787 2.4
    endloop
  endfacet
  facet normal -0.0979419 0.995192 0
    outer loop
      vertex 7.4 92.3 2.4
      vertex 6.91227 92.252 3.4
      vertex 7.4 92.3 3.4
    endloop
  endfacet
  facet normal -0.0979419 0.995192 0
    outer loop
      vertex 6.91227 92.252 3.4
      vertex 7.4 92.3 2.4
      vertex 6.91227 92.252 2.4
    endloop
  endfacet
  facet normal 0.0979419 -0.995192 0
    outer loop
      vertex 7.4 87.3 2.4
      vertex 7.88773 87.348 5.4
      vertex 7.4 87.3 5.4
    endloop
  endfacet
  facet normal 0.0979419 -0.995192 0
    outer loop
      vertex 7.88773 87.348 5.4
      vertex 7.4 87.3 2.4
      vertex 7.88773 87.348 2.4
    endloop
  endfacet
  facet normal 0.471355 -0.881944 0
    outer loop
      vertex 8.35671 87.4903 2.4
      vertex 8.78893 87.7213 5.4
      vertex 8.35671 87.4903 5.4
    endloop
  endfacet
  facet normal 0.471355 -0.881944 0
    outer loop
      vertex 8.78893 87.7213 5.4
      vertex 8.35671 87.4903 2.4
      vertex 8.78893 87.7213 2.4
    endloop
  endfacet
  facet normal -0.634386 -0.773016 0
    outer loop
      vertex 5.63223 88.0322 2.4
      vertex 6.01107 87.7213 5.4
      vertex 5.63223 88.0322 5.4
    endloop
  endfacet
  facet normal -0.634386 -0.773016 -0
    outer loop
      vertex 6.01107 87.7213 5.4
      vertex 5.63223 88.0322 2.4
      vertex 6.01107 87.7213 2.4
    endloop
  endfacet
  facet normal -0.290353 -0.95692 0
    outer loop
      vertex 6.44329 87.4903 2.4
      vertex 6.91227 87.348 5.4
      vertex 6.44329 87.4903 5.4
    endloop
  endfacet
  facet normal -0.290353 -0.95692 -0
    outer loop
      vertex 6.91227 87.348 5.4
      vertex 6.44329 87.4903 2.4
      vertex 6.91227 87.348 2.4
    endloop
  endfacet
  facet normal -0.995184 -0.0980287 0
    outer loop
      vertex 4.94804 89.3123 2.4
      vertex 4.9 89.8 3.4
      vertex 4.9 89.8 2.4
    endloop
  endfacet
  facet normal -0.995184 -0.0980287 0
    outer loop
      vertex 4.9 89.8 3.4
      vertex 4.94804 89.3123 2.4
      vertex 4.94804 89.3123 3.4
    endloop
  endfacet
  facet normal -0.881909 -0.471419 0
    outer loop
      vertex 5.32133 88.4111 2.4
      vertex 5.0903 88.8433 3.4
      vertex 5.0903 88.8433 2.4
    endloop
  endfacet
  facet normal -0.881909 -0.471419 0
    outer loop
      vertex 5.0903 88.8433 3.4
      vertex 5.32133 88.4111 2.4
      vertex 5.32133 88.4111 3.4
    endloop
  endfacet
  facet normal -0.956946 -0.290267 0
    outer loop
      vertex 5.0903 88.8433 2.4
      vertex 4.94804 89.3123 3.4
      vertex 4.94804 89.3123 2.4
    endloop
  endfacet
  facet normal -0.956946 -0.290267 0
    outer loop
      vertex 4.94804 89.3123 3.4
      vertex 5.0903 88.8433 2.4
      vertex 5.0903 88.8433 3.4
    endloop
  endfacet
  facet normal 0.290353 -0.95692 0
    outer loop
      vertex 7.88773 87.348 2.4
      vertex 8.35671 87.4903 5.4
      vertex 7.88773 87.348 5.4
    endloop
  endfacet
  facet normal 0.290353 -0.95692 0
    outer loop
      vertex 8.35671 87.4903 5.4
      vertex 7.88773 87.348 2.4
      vertex 8.35671 87.4903 2.4
    endloop
  endfacet
  facet normal 0.634386 -0.773016 0
    outer loop
      vertex 8.78893 87.7213 2.4
      vertex 9.16777 88.0322 5.4
      vertex 8.78893 87.7213 5.4
    endloop
  endfacet
  facet normal 0.634386 -0.773016 0
    outer loop
      vertex 9.16777 88.0322 5.4
      vertex 8.78893 87.7213 2.4
      vertex 9.16777 88.0322 2.4
    endloop
  endfacet
  facet normal 0.773066 -0.634326 0
    outer loop
      vertex 9.16777 88.0322 5.4
      vertex 9.47867 88.4111 2.4
      vertex 9.47867 88.4111 5.4
    endloop
  endfacet
  facet normal 0.773066 -0.634326 0
    outer loop
      vertex 9.47867 88.4111 2.4
      vertex 9.16777 88.0322 5.4
      vertex 9.16777 88.0322 2.4
    endloop
  endfacet
  facet normal -0.471355 -0.881944 0
    outer loop
      vertex 6.01107 87.7213 2.4
      vertex 6.44329 87.4903 5.4
      vertex 6.01107 87.7213 5.4
    endloop
  endfacet
  facet normal -0.471355 -0.881944 -0
    outer loop
      vertex 6.44329 87.4903 5.4
      vertex 6.01107 87.7213 2.4
      vertex 6.44329 87.4903 2.4
    endloop
  endfacet
  facet normal -0.0979419 -0.995192 0
    outer loop
      vertex 6.91227 87.348 2.4
      vertex 7.4 87.3 5.4
      vertex 6.91227 87.348 5.4
    endloop
  endfacet
  facet normal -0.0979419 -0.995192 -0
    outer loop
      vertex 7.4 87.3 5.4
      vertex 6.91227 87.348 2.4
      vertex 7.4 87.3 2.4
    endloop
  endfacet
  facet normal 0.956946 -0.290267 0
    outer loop
      vertex 9.7097 88.8433 5.4
      vertex 9.85196 89.3123 2.4
      vertex 9.85196 89.3123 5.4
    endloop
  endfacet
  facet normal 0.956946 -0.290267 0
    outer loop
      vertex 9.85196 89.3123 2.4
      vertex 9.7097 88.8433 5.4
      vertex 9.7097 88.8433 2.4
    endloop
  endfacet
  facet normal 0.881909 -0.471419 0
    outer loop
      vertex 9.47867 88.4111 5.4
      vertex 9.7097 88.8433 2.4
      vertex 9.7097 88.8433 5.4
    endloop
  endfacet
  facet normal 0.881909 -0.471419 0
    outer loop
      vertex 9.7097 88.8433 2.4
      vertex 9.47867 88.4111 5.4
      vertex 9.47867 88.4111 2.4
    endloop
  endfacet
  facet normal 0.995184 -0.0980287 0
    outer loop
      vertex 9.85196 89.3123 5.4
      vertex 9.9 89.8 2.4
      vertex 9.9 89.8 5.4
    endloop
  endfacet
  facet normal 0.995184 -0.0980287 0
    outer loop
      vertex 9.9 89.8 2.4
      vertex 9.85196 89.3123 5.4
      vertex 9.85196 89.3123 2.4
    endloop
  endfacet
  facet normal -0.991445 -0.130523 0
    outer loop
      vertex 8.7 89.8 2.4
      vertex 8.6557 90.1365 5.4
      vertex 8.6557 90.1365 2.4
    endloop
  endfacet
  facet normal -0.991445 -0.130523 0
    outer loop
      vertex 8.6557 90.1365 5.4
      vertex 8.7 89.8 2.4
      vertex 8.7 89.8 5.4
    endloop
  endfacet
  facet normal 0.991445 -0.130523 0
    outer loop
      vertex 6.1 89.8 5.4
      vertex 6.1443 90.1365 2.4
      vertex 6.1443 90.1365 5.4
    endloop
  endfacet
  facet normal 0.991445 -0.130523 0
    outer loop
      vertex 6.1443 90.1365 2.4
      vertex 6.1 89.8 5.4
      vertex 6.1 89.8 2.4
    endloop
  endfacet
  facet normal -0.130538 -0.991443 0
    outer loop
      vertex 7.4 91.1 2.4
      vertex 7.73646 91.0557 5.4
      vertex 7.4 91.1 5.4
    endloop
  endfacet
  facet normal -0.130538 -0.991443 -0
    outer loop
      vertex 7.73646 91.0557 5.4
      vertex 7.4 91.1 2.4
      vertex 7.73646 91.0557 2.4
    endloop
  endfacet
  facet normal -0.60877 -0.793346 0
    outer loop
      vertex 8.05 90.9258 2.4
      vertex 8.31924 90.7192 5.4
      vertex 8.05 90.9258 5.4
    endloop
  endfacet
  facet normal -0.60877 -0.793346 -0
    outer loop
      vertex 8.31924 90.7192 5.4
      vertex 8.05 90.9258 2.4
      vertex 8.31924 90.7192 2.4
    endloop
  endfacet
  facet normal -0.923865 -0.382719 0
    outer loop
      vertex 8.6557 90.1365 2.4
      vertex 8.52583 90.45 5.4
      vertex 8.52583 90.45 2.4
    endloop
  endfacet
  facet normal -0.923865 -0.382719 0
    outer loop
      vertex 8.52583 90.45 5.4
      vertex 8.6557 90.1365 2.4
      vertex 8.6557 90.1365 5.4
    endloop
  endfacet
  facet normal -0.382753 -0.923851 0
    outer loop
      vertex 7.73646 91.0557 2.4
      vertex 8.05 90.9258 5.4
      vertex 7.73646 91.0557 5.4
    endloop
  endfacet
  facet normal -0.382753 -0.923851 -0
    outer loop
      vertex 8.05 90.9258 5.4
      vertex 7.73646 91.0557 2.4
      vertex 8.05 90.9258 2.4
    endloop
  endfacet
  facet normal 0.60877 -0.793346 0
    outer loop
      vertex 6.48076 90.7192 2.4
      vertex 6.75 90.9258 5.4
      vertex 6.48076 90.7192 5.4
    endloop
  endfacet
  facet normal 0.60877 -0.793346 0
    outer loop
      vertex 6.75 90.9258 5.4
      vertex 6.48076 90.7192 2.4
      vertex 6.75 90.9258 2.4
    endloop
  endfacet
  facet normal 0.793317 -0.608809 0
    outer loop
      vertex 6.27417 90.45 5.4
      vertex 6.48076 90.7192 2.4
      vertex 6.48076 90.7192 5.4
    endloop
  endfacet
  facet normal 0.793317 -0.608809 0
    outer loop
      vertex 6.48076 90.7192 2.4
      vertex 6.27417 90.45 5.4
      vertex 6.27417 90.45 2.4
    endloop
  endfacet
  facet normal 0.382753 -0.923851 0
    outer loop
      vertex 6.75 90.9258 2.4
      vertex 7.06354 91.0557 5.4
      vertex 6.75 90.9258 5.4
    endloop
  endfacet
  facet normal 0.382753 -0.923851 0
    outer loop
      vertex 7.06354 91.0557 5.4
      vertex 6.75 90.9258 2.4
      vertex 7.06354 91.0557 2.4
    endloop
  endfacet
  facet normal -0.923865 0.382719 0
    outer loop
      vertex 8.52583 89.15 2.4
      vertex 8.6557 89.4635 5.4
      vertex 8.6557 89.4635 2.4
    endloop
  endfacet
  facet normal -0.923865 0.382719 0
    outer loop
      vertex 8.6557 89.4635 5.4
      vertex 8.52583 89.15 2.4
      vertex 8.52583 89.15 5.4
    endloop
  endfacet
  facet normal 0.60877 0.793346 -0
    outer loop
      vertex 6.75 88.6742 2.4
      vertex 6.48076 88.8808 5.4
      vertex 6.75 88.6742 5.4
    endloop
  endfacet
  facet normal 0.60877 0.793346 0
    outer loop
      vertex 6.48076 88.8808 5.4
      vertex 6.75 88.6742 2.4
      vertex 6.48076 88.8808 2.4
    endloop
  endfacet
  facet normal -0.793317 -0.608809 0
    outer loop
      vertex 8.52583 90.45 2.4
      vertex 8.31924 90.7192 5.4
      vertex 8.31924 90.7192 2.4
    endloop
  endfacet
  facet normal -0.793317 -0.608809 0
    outer loop
      vertex 8.31924 90.7192 5.4
      vertex 8.52583 90.45 2.4
      vertex 8.52583 90.45 5.4
    endloop
  endfacet
  facet normal 0.923865 -0.382719 0
    outer loop
      vertex 6.1443 90.1365 5.4
      vertex 6.27417 90.45 2.4
      vertex 6.27417 90.45 5.4
    endloop
  endfacet
  facet normal 0.923865 -0.382719 0
    outer loop
      vertex 6.27417 90.45 2.4
      vertex 6.1443 90.1365 5.4
      vertex 6.1443 90.1365 2.4
    endloop
  endfacet
  facet normal 0.130538 -0.991443 0
    outer loop
      vertex 7.06354 91.0557 2.4
      vertex 7.4 91.1 5.4
      vertex 7.06354 91.0557 5.4
    endloop
  endfacet
  facet normal 0.130538 -0.991443 0
    outer loop
      vertex 7.4 91.1 5.4
      vertex 7.06354 91.0557 2.4
      vertex 7.4 91.1 2.4
    endloop
  endfacet
  facet normal -0.991445 0.130523 0
    outer loop
      vertex 8.6557 89.4635 2.4
      vertex 8.7 89.8 5.4
      vertex 8.7 89.8 2.4
    endloop
  endfacet
  facet normal -0.991445 0.130523 0
    outer loop
      vertex 8.7 89.8 5.4
      vertex 8.6557 89.4635 2.4
      vertex 8.6557 89.4635 5.4
    endloop
  endfacet
  facet normal -0.130538 0.991443 0
    outer loop
      vertex 7.73646 88.5443 2.4
      vertex 7.4 88.5 5.4
      vertex 7.73646 88.5443 5.4
    endloop
  endfacet
  facet normal -0.130538 0.991443 0
    outer loop
      vertex 7.4 88.5 5.4
      vertex 7.73646 88.5443 2.4
      vertex 7.4 88.5 2.4
    endloop
  endfacet
  facet normal -0.60877 0.793346 0
    outer loop
      vertex 8.31924 88.8808 2.4
      vertex 8.05 88.6742 5.4
      vertex 8.31924 88.8808 5.4
    endloop
  endfacet
  facet normal -0.60877 0.793346 0
    outer loop
      vertex 8.05 88.6742 5.4
      vertex 8.31924 88.8808 2.4
      vertex 8.05 88.6742 2.4
    endloop
  endfacet
  facet normal 0.382753 0.923851 -0
    outer loop
      vertex 7.06354 88.5443 2.4
      vertex 6.75 88.6742 5.4
      vertex 7.06354 88.5443 5.4
    endloop
  endfacet
  facet normal 0.382753 0.923851 0
    outer loop
      vertex 6.75 88.6742 5.4
      vertex 7.06354 88.5443 2.4
      vertex 6.75 88.6742 2.4
    endloop
  endfacet
  facet normal 0.793317 0.608809 0
    outer loop
      vertex 6.48076 88.8808 5.4
      vertex 6.27417 89.15 2.4
      vertex 6.27417 89.15 5.4
    endloop
  endfacet
  facet normal 0.793317 0.608809 0
    outer loop
      vertex 6.27417 89.15 2.4
      vertex 6.48076 88.8808 5.4
      vertex 6.48076 88.8808 2.4
    endloop
  endfacet
  facet normal 0.991445 0.130523 0
    outer loop
      vertex 6.1443 89.4635 5.4
      vertex 6.1 89.8 2.4
      vertex 6.1 89.8 5.4
    endloop
  endfacet
  facet normal 0.991445 0.130523 0
    outer loop
      vertex 6.1 89.8 2.4
      vertex 6.1443 89.4635 5.4
      vertex 6.1443 89.4635 2.4
    endloop
  endfacet
  facet normal -0.382753 0.923851 0
    outer loop
      vertex 8.05 88.6742 2.4
      vertex 7.73646 88.5443 5.4
      vertex 8.05 88.6742 5.4
    endloop
  endfacet
  facet normal -0.382753 0.923851 0
    outer loop
      vertex 7.73646 88.5443 5.4
      vertex 8.05 88.6742 2.4
      vertex 7.73646 88.5443 2.4
    endloop
  endfacet
  facet normal -0.793317 0.608809 0
    outer loop
      vertex 8.31924 88.8808 2.4
      vertex 8.52583 89.15 5.4
      vertex 8.52583 89.15 2.4
    endloop
  endfacet
  facet normal -0.793317 0.608809 0
    outer loop
      vertex 8.52583 89.15 5.4
      vertex 8.31924 88.8808 2.4
      vertex 8.31924 88.8808 5.4
    endloop
  endfacet
  facet normal 0.130538 0.991443 -0
    outer loop
      vertex 7.4 88.5 2.4
      vertex 7.06354 88.5443 5.4
      vertex 7.4 88.5 5.4
    endloop
  endfacet
  facet normal 0.130538 0.991443 0
    outer loop
      vertex 7.06354 88.5443 5.4
      vertex 7.4 88.5 2.4
      vertex 7.06354 88.5443 2.4
    endloop
  endfacet
  facet normal 0.923865 0.382719 0
    outer loop
      vertex 6.27417 89.15 5.4
      vertex 6.1443 89.4635 2.4
      vertex 6.1443 89.4635 5.4
    endloop
  endfacet
  facet normal 0.923865 0.382719 0
    outer loop
      vertex 6.1443 89.4635 2.4
      vertex 6.27417 89.15 5.4
      vertex 6.27417 89.15 2.4
    endloop
  endfacet
  facet normal 0.995192 0.0979479 0
    outer loop
      vertex 86.1 89.8 5.4
      vertex 86.052 90.2877 2.4
      vertex 86.052 90.2877 5.4
    endloop
  endfacet
  facet normal 0.995192 0.0979479 0
    outer loop
      vertex 86.052 90.2877 2.4
      vertex 86.1 89.8 5.4
      vertex 86.1 89.8 2.4
    endloop
  endfacet
  facet normal -0.995192 0.0979479 0
    outer loop
      vertex 81.1 89.8 2.4
      vertex 81.148 90.2877 5.4
      vertex 81.148 90.2877 2.4
    endloop
  endfacet
  facet normal -0.995192 0.0979479 0
    outer loop
      vertex 81.148 90.2877 5.4
      vertex 81.1 89.8 2.4
      vertex 81.1 89.8 5.4
    endloop
  endfacet
  facet normal 0.0979479 0.995192 -0
    outer loop
      vertex 84.0877 92.252 2.4
      vertex 83.6 92.3 3.4
      vertex 84.0877 92.252 3.4
    endloop
  endfacet
  facet normal 0.0979479 0.995192 0
    outer loop
      vertex 83.6 92.3 3.4
      vertex 84.0877 92.252 2.4
      vertex 83.6 92.3 2.4
    endloop
  endfacet
  facet normal 0.773066 0.634326 0
    outer loop
      vertex 85.6787 91.1889 5.4
      vertex 85.3678 91.5678 2.4
      vertex 85.3678 91.5678 5.4
    endloop
  endfacet
  facet normal 0.773066 0.634326 0
    outer loop
      vertex 85.3678 91.5678 2.4
      vertex 85.6787 91.1889 5.4
      vertex 85.6787 91.1889 2.4
    endloop
  endfacet
  facet normal -0.634378 0.773023 0
    outer loop
      vertex 82.2111 91.8787 3.4
      vertex 82.2111 91.8787 2.4
      vertex 82.1152 91.8 3.4
    endloop
  endfacet
  facet normal -0.634308 0.77308 0
    outer loop
      vertex 82.1152 91.8 3.4
      vertex 81.8322 91.5678 5.4
      vertex 82.1152 91.8 5.4
    endloop
  endfacet
  facet normal -0.634326 0.773066 8.40599e-06
    outer loop
      vertex 81.8322 91.5678 2.4
      vertex 82.1152 91.8 3.4
      vertex 82.2111 91.8787 2.4
    endloop
  endfacet
  facet normal -0.634308 0.77308 0
    outer loop
      vertex 82.1152 91.8 3.4
      vertex 81.8322 91.5678 2.4
      vertex 81.8322 91.5678 5.4
    endloop
  endfacet
  facet normal -0.290341 0.956923 0
    outer loop
      vertex 83.1123 92.252 2.4
      vertex 82.6433 92.1097 3.4
      vertex 83.1123 92.252 3.4
    endloop
  endfacet
  facet normal -0.290341 0.956923 0
    outer loop
      vertex 82.6433 92.1097 3.4
      vertex 83.1123 92.252 2.4
      vertex 82.6433 92.1097 2.4
    endloop
  endfacet
  facet normal -0.773066 -0.634326 0
    outer loop
      vertex 81.8322 88.0322 2.4
      vertex 81.5213 88.4111 5.4
      vertex 81.5213 88.4111 2.4
    endloop
  endfacet
  facet normal -0.773066 -0.634326 0
    outer loop
      vertex 81.5213 88.4111 5.4
      vertex 81.8322 88.0322 2.4
      vertex 81.8322 88.0322 5.4
    endloop
  endfacet
  facet normal 0.881935 0.471372 0
    outer loop
      vertex 85.9097 90.7567 5.4
      vertex 85.6787 91.1889 2.4
      vertex 85.6787 91.1889 5.4
    endloop
  endfacet
  facet normal 0.881935 0.471372 0
    outer loop
      vertex 85.6787 91.1889 2.4
      vertex 85.9097 90.7567 5.4
      vertex 85.9097 90.7567 2.4
    endloop
  endfacet
  facet normal 0.956923 0.290341 0
    outer loop
      vertex 86.052 90.2877 5.4
      vertex 85.9097 90.7567 2.4
      vertex 85.9097 90.7567 5.4
    endloop
  endfacet
  facet normal 0.956923 0.290341 0
    outer loop
      vertex 85.9097 90.7567 2.4
      vertex 86.052 90.2877 5.4
      vertex 86.052 90.2877 2.4
    endloop
  endfacet
  facet normal 0.471372 0.881935 -0
    outer loop
      vertex 84.9889 91.8787 2.4
      vertex 84.5567 92.1097 3.4
      vertex 84.9889 91.8787 3.4
    endloop
  endfacet
  facet normal 0.471372 0.881935 0
    outer loop
      vertex 84.5567 92.1097 3.4
      vertex 84.9889 91.8787 2.4
      vertex 84.5567 92.1097 2.4
    endloop
  endfacet
  facet normal 0.290341 0.956923 -0
    outer loop
      vertex 84.5567 92.1097 2.4
      vertex 84.0877 92.252 3.4
      vertex 84.5567 92.1097 3.4
    endloop
  endfacet
  facet normal 0.290341 0.956923 0
    outer loop
      vertex 84.0877 92.252 3.4
      vertex 84.5567 92.1097 2.4
      vertex 84.0877 92.252 2.4
    endloop
  endfacet
  facet normal 0.634308 0.77308 0
    outer loop
      vertex 85.3678 91.5678 5.4
      vertex 85.0848 91.8 3.4
      vertex 85.0848 91.8 5.4
    endloop
  endfacet
  facet normal 0.634308 0.77308 -0
    outer loop
      vertex 85.3678 91.5678 2.4
      vertex 85.0848 91.8 3.4
      vertex 85.3678 91.5678 5.4
    endloop
  endfacet
  facet normal 0.634326 0.773066 8.40599e-06
    outer loop
      vertex 84.9889 91.8787 2.4
      vertex 85.0848 91.8 3.4
      vertex 85.3678 91.5678 2.4
    endloop
  endfacet
  facet normal 0.634378 0.773023 0
    outer loop
      vertex 85.0848 91.8 3.4
      vertex 84.9889 91.8787 2.4
      vertex 84.9889 91.8787 3.4
    endloop
  endfacet
  facet normal -0.881935 0.471372 0
    outer loop
      vertex 81.2903 90.7567 2.4
      vertex 81.5213 91.1889 5.4
      vertex 81.5213 91.1889 2.4
    endloop
  endfacet
  facet normal -0.881935 0.471372 0
    outer loop
      vertex 81.5213 91.1889 5.4
      vertex 81.2903 90.7567 2.4
      vertex 81.2903 90.7567 5.4
    endloop
  endfacet
  facet normal -0.773066 0.634326 0
    outer loop
      vertex 81.5213 91.1889 2.4
      vertex 81.8322 91.5678 5.4
      vertex 81.8322 91.5678 2.4
    endloop
  endfacet
  facet normal -0.773066 0.634326 0
    outer loop
      vertex 81.8322 91.5678 5.4
      vertex 81.5213 91.1889 2.4
      vertex 81.5213 91.1889 5.4
    endloop
  endfacet
  facet normal -0.956923 0.290341 0
    outer loop
      vertex 81.148 90.2877 2.4
      vertex 81.2903 90.7567 5.4
      vertex 81.2903 90.7567 2.4
    endloop
  endfacet
  facet normal -0.956923 0.290341 0
    outer loop
      vertex 81.2903 90.7567 5.4
      vertex 81.148 90.2877 2.4
      vertex 81.148 90.2877 5.4
    endloop
  endfacet
  facet normal 0 0 1
    outer loop
      vertex 84.9 89.8 5.4
      vertex 86.1 89.8 5.4
      vertex 86.052 90.2877 5.4
    endloop
  endfacet
  facet normal 0 0 1
    outer loop
      vertex 84.8557 90.1365 5.4
      vertex 86.052 90.2877 5.4
      vertex 85.9097 90.7567 5.4
    endloop
  endfacet
  facet normal 0 0 1
    outer loop
      vertex 86.1 89.8 5.4
      vertex 84.9 89.8 5.4
      vertex 86.052 89.3123 5.4
    endloop
  endfacet
  facet normal 0 0 1
    outer loop
      vertex 84.7258 90.45 5.4
      vertex 85.9097 90.7567 5.4
      vertex 85.6787 91.1889 5.4
    endloop
  endfacet
  facet normal -0 0 1
    outer loop
      vertex 84.8557 89.4635 5.4
      vertex 86.052 89.3123 5.4
      vertex 84.9 89.8 5.4
    endloop
  endfacet
  facet normal 0 0 1
    outer loop
      vertex 84.5192 90.7192 5.4
      vertex 85.6787 91.1889 5.4
      vertex 85.3678 91.5678 5.4
    endloop
  endfacet
  facet normal 0 0 1
    outer loop
      vertex 86.052 89.3123 5.4
      vertex 84.8557 89.4635 5.4
      vertex 85.9097 88.8433 5.4
    endloop
  endfacet
  facet normal 0 0 1
    outer loop
      vertex 84.5192 90.7192 5.4
      vertex 85.3678 91.5678 5.4
      vertex 85.0848 91.8 5.4
    endloop
  endfacet
  facet normal -0 0 1
    outer loop
      vertex 84.7258 89.15 5.4
      vertex 85.9097 88.8433 5.4
      vertex 84.8557 89.4635 5.4
    endloop
  endfacet
  facet normal 0 0 1
    outer loop
      vertex 85.9097 88.8433 5.4
      vertex 84.7258 89.15 5.4
      vertex 85.6787 88.4111 5.4
    endloop
  endfacet
  facet normal 0 0 1
    outer loop
      vertex 86.052 90.2877 5.4
      vertex 84.8557 90.1365 5.4
      vertex 84.9 89.8 5.4
    endloop
  endfacet
  facet normal 0 0 1
    outer loop
      vertex 85.9097 90.7567 5.4
      vertex 84.7258 90.45 5.4
      vertex 84.8557 90.1365 5.4
    endloop
  endfacet
  facet normal 0 0 1
    outer loop
      vertex 85.6787 91.1889 5.4
      vertex 84.5192 90.7192 5.4
      vertex 84.7258 90.45 5.4
    endloop
  endfacet
  facet normal 0 0 1
    outer loop
      vertex 85.0848 91.8 5.4
      vertex 84.25 90.9258 5.4
      vertex 84.5192 90.7192 5.4
    endloop
  endfacet
  facet normal 0 0 1
    outer loop
      vertex 85.0848 91.8 5.4
      vertex 83.9365 91.0557 5.4
      vertex 84.25 90.9258 5.4
    endloop
  endfacet
  facet normal 0 0 1
    outer loop
      vertex 85.0848 91.8 5.4
      vertex 83.6 91.1 5.4
      vertex 83.9365 91.0557 5.4
    endloop
  endfacet
  facet normal -0 0 1
    outer loop
      vertex 82.1152 91.8 5.4
      vertex 83.6 91.1 5.4
      vertex 85.0848 91.8 5.4
    endloop
  endfacet
  facet normal 0 0 1
    outer loop
      vertex 83.6 91.1 5.4
      vertex 82.1152 91.8 5.4
      vertex 83.2635 91.0557 5.4
    endloop
  endfacet
  facet normal 0 0 1
    outer loop
      vertex 82.1152 91.8 5.4
      vertex 82.95 90.9258 5.4
      vertex 83.2635 91.0557 5.4
    endloop
  endfacet
  facet normal 0 0 1
    outer loop
      vertex 82.1152 91.8 5.4
      vertex 82.6808 90.7192 5.4
      vertex 82.95 90.9258 5.4
    endloop
  endfacet
  facet normal -0 0 1
    outer loop
      vertex 81.8322 91.5678 5.4
      vertex 82.6808 90.7192 5.4
      vertex 82.1152 91.8 5.4
    endloop
  endfacet
  facet normal -0 0 1
    outer loop
      vertex 81.5213 91.1889 5.4
      vertex 82.6808 90.7192 5.4
      vertex 81.8322 91.5678 5.4
    endloop
  endfacet
  facet normal 0 0 1
    outer loop
      vertex 82.6808 90.7192 5.4
      vertex 81.5213 91.1889 5.4
      vertex 82.4742 90.45 5.4
    endloop
  endfacet
  facet normal -0 0 1
    outer loop
      vertex 81.2903 90.7567 5.4
      vertex 82.4742 90.45 5.4
      vertex 81.5213 91.1889 5.4
    endloop
  endfacet
  facet normal 0 0 1
    outer loop
      vertex 82.4742 90.45 5.4
      vertex 81.2903 90.7567 5.4
      vertex 82.3443 90.1365 5.4
    endloop
  endfacet
  facet normal 0 0 1
    outer loop
      vertex 82.3 89.8 5.4
      vertex 81.8322 88.0322 5.4
      vertex 82.2111 87.7213 5.4
    endloop
  endfacet
  facet normal -0 0 1
    outer loop
      vertex 81.148 90.2877 5.4
      vertex 82.3443 90.1365 5.4
      vertex 81.2903 90.7567 5.4
    endloop
  endfacet
  facet normal 0 0 1
    outer loop
      vertex 82.3 89.8 5.4
      vertex 81.5213 88.4111 5.4
      vertex 81.8322 88.0322 5.4
    endloop
  endfacet
  facet normal 0 0 1
    outer loop
      vertex 82.3443 90.1365 5.4
      vertex 81.148 90.2877 5.4
      vertex 82.3 89.8 5.4
    endloop
  endfacet
  facet normal 0 0 1
    outer loop
      vertex 82.3 89.8 5.4
      vertex 81.2903 88.8433 5.4
      vertex 81.5213 88.4111 5.4
    endloop
  endfacet
  facet normal 0 0 1
    outer loop
      vertex 81.1 89.8 5.4
      vertex 82.3 89.8 5.4
      vertex 81.148 90.2877 5.4
    endloop
  endfacet
  facet normal 0 0 1
    outer loop
      vertex 82.3 89.8 5.4
      vertex 81.148 89.3123 5.4
      vertex 81.2903 88.8433 5.4
    endloop
  endfacet
  facet normal 0 0 1
    outer loop
      vertex 82.3 89.8 5.4
      vertex 81.1 89.8 5.4
      vertex 81.148 89.3123 5.4
    endloop
  endfacet
  facet normal -0 0 1
    outer loop
      vertex 84.5192 88.8808 5.4
      vertex 85.6787 88.4111 5.4
      vertex 84.7258 89.15 5.4
    endloop
  endfacet
  facet normal 0 0 1
    outer loop
      vertex 85.6787 88.4111 5.4
      vertex 84.5192 88.8808 5.4
      vertex 85.3678 88.0322 5.4
    endloop
  endfacet
  facet normal 0 0 1
    outer loop
      vertex 85.3678 88.0322 5.4
      vertex 84.5192 88.8808 5.4
      vertex 84.9889 87.7213 5.4
    endloop
  endfacet
  facet normal -0 0 1
    outer loop
      vertex 84.25 88.6742 5.4
      vertex 84.9889 87.7213 5.4
      vertex 84.5192 88.8808 5.4
    endloop
  endfacet
  facet normal 0 0 1
    outer loop
      vertex 84.9889 87.7213 5.4
      vertex 84.25 88.6742 5.4
      vertex 84.5567 87.4903 5.4
    endloop
  endfacet
  facet normal -0 0 1
    outer loop
      vertex 83.9365 88.5443 5.4
      vertex 84.5567 87.4903 5.4
      vertex 84.25 88.6742 5.4
    endloop
  endfacet
  facet normal 0 0 1
    outer loop
      vertex 84.5567 87.4903 5.4
      vertex 83.9365 88.5443 5.4
      vertex 84.0877 87.348 5.4
    endloop
  endfacet
  facet normal -0 0 1
    outer loop
      vertex 83.6 88.5 5.4
      vertex 84.0877 87.348 5.4
      vertex 83.9365 88.5443 5.4
    endloop
  endfacet
  facet normal 0 0 1
    outer loop
      vertex 83.6 88.5 5.4
      vertex 83.6 87.3 5.4
      vertex 84.0877 87.348 5.4
    endloop
  endfacet
  facet normal 0 0 1
    outer loop
      vertex 83.1123 87.348 5.4
      vertex 83.6 88.5 5.4
      vertex 83.2635 88.5443 5.4
    endloop
  endfacet
  facet normal 0 0 1
    outer loop
      vertex 83.6 88.5 5.4
      vertex 83.1123 87.348 5.4
      vertex 83.6 87.3 5.4
    endloop
  endfacet
  facet normal 0 0 1
    outer loop
      vertex 82.6433 87.4903 5.4
      vertex 83.2635 88.5443 5.4
      vertex 82.95 88.6742 5.4
    endloop
  endfacet
  facet normal 0 0 1
    outer loop
      vertex 82.2111 87.7213 5.4
      vertex 82.95 88.6742 5.4
      vertex 82.6808 88.8808 5.4
    endloop
  endfacet
  facet normal 0 0 1
    outer loop
      vertex 83.2635 88.5443 5.4
      vertex 82.6433 87.4903 5.4
      vertex 83.1123 87.348 5.4
    endloop
  endfacet
  facet normal 0 0 1
    outer loop
      vertex 82.2111 87.7213 5.4
      vertex 82.6808 88.8808 5.4
      vertex 82.4742 89.15 5.4
    endloop
  endfacet
  facet normal 0 0 1
    outer loop
      vertex 82.2111 87.7213 5.4
      vertex 82.4742 89.15 5.4
      vertex 82.3443 89.4635 5.4
    endloop
  endfacet
  facet normal 0 0 1
    outer loop
      vertex 82.95 88.6742 5.4
      vertex 82.2111 87.7213 5.4
      vertex 82.6433 87.4903 5.4
    endloop
  endfacet
  facet normal 0 0 1
    outer loop
      vertex 82.2111 87.7213 5.4
      vertex 82.3443 89.4635 5.4
      vertex 82.3 89.8 5.4
    endloop
  endfacet
  facet normal -0.471372 0.881935 0
    outer loop
      vertex 82.6433 92.1097 2.4
      vertex 82.2111 91.8787 3.4
      vertex 82.6433 92.1097 3.4
    endloop
  endfacet
  facet normal -0.471372 0.881935 0
    outer loop
      vertex 82.2111 91.8787 3.4
      vertex 82.6433 92.1097 2.4
      vertex 82.2111 91.8787 2.4
    endloop
  endfacet
  facet normal -0.0979479 0.995192 0
    outer loop
      vertex 83.6 92.3 2.4
      vertex 83.1123 92.252 3.4
      vertex 83.6 92.3 3.4
    endloop
  endfacet
  facet normal -0.0979479 0.995192 0
    outer loop
      vertex 83.1123 92.252 3.4
      vertex 83.6 92.3 2.4
      vertex 83.1123 92.252 2.4
    endloop
  endfacet
  facet normal 0.0979479 -0.995192 0
    outer loop
      vertex 83.6 87.3 2.4
      vertex 84.0877 87.348 5.4
      vertex 83.6 87.3 5.4
    endloop
  endfacet
  facet normal 0.0979479 -0.995192 0
    outer loop
      vertex 84.0877 87.348 5.4
      vertex 83.6 87.3 2.4
      vertex 84.0877 87.348 2.4
    endloop
  endfacet
  facet normal 0.471372 -0.881935 0
    outer loop
      vertex 84.5567 87.4903 2.4
      vertex 84.9889 87.7213 5.4
      vertex 84.5567 87.4903 5.4
    endloop
  endfacet
  facet normal 0.471372 -0.881935 0
    outer loop
      vertex 84.9889 87.7213 5.4
      vertex 84.5567 87.4903 2.4
      vertex 84.9889 87.7213 2.4
    endloop
  endfacet
  facet normal -0.634326 -0.773066 0
    outer loop
      vertex 81.8322 88.0322 2.4
      vertex 82.2111 87.7213 5.4
      vertex 81.8322 88.0322 5.4
    endloop
  endfacet
  facet normal -0.634326 -0.773066 -0
    outer loop
      vertex 82.2111 87.7213 5.4
      vertex 81.8322 88.0322 2.4
      vertex 82.2111 87.7213 2.4
    endloop
  endfacet
  facet normal -0.290341 -0.956923 0
    outer loop
      vertex 82.6433 87.4903 2.4
      vertex 83.1123 87.348 5.4
      vertex 82.6433 87.4903 5.4
    endloop
  endfacet
  facet normal -0.290341 -0.956923 -0
    outer loop
      vertex 83.1123 87.348 5.4
      vertex 82.6433 87.4903 2.4
      vertex 83.1123 87.348 2.4
    endloop
  endfacet
  facet normal -0.995192 -0.0979479 0
    outer loop
      vertex 81.148 89.3123 2.4
      vertex 81.1 89.8 5.4
      vertex 81.1 89.8 2.4
    endloop
  endfacet
  facet normal -0.995192 -0.0979479 0
    outer loop
      vertex 81.1 89.8 5.4
      vertex 81.148 89.3123 2.4
      vertex 81.148 89.3123 5.4
    endloop
  endfacet
  facet normal -0.881935 -0.471372 0
    outer loop
      vertex 81.5213 88.4111 2.4
      vertex 81.2903 88.8433 5.4
      vertex 81.2903 88.8433 2.4
    endloop
  endfacet
  facet normal -0.881935 -0.471372 0
    outer loop
      vertex 81.2903 88.8433 5.4
      vertex 81.5213 88.4111 2.4
      vertex 81.5213 88.4111 5.4
    endloop
  endfacet
  facet normal -0.956923 -0.290341 0
    outer loop
      vertex 81.2903 88.8433 2.4
      vertex 81.148 89.3123 5.4
      vertex 81.148 89.3123 2.4
    endloop
  endfacet
  facet normal -0.956923 -0.290341 0
    outer loop
      vertex 81.148 89.3123 5.4
      vertex 81.2903 88.8433 2.4
      vertex 81.2903 88.8433 5.4
    endloop
  endfacet
  facet normal 0.290341 -0.956923 0
    outer loop
      vertex 84.0877 87.348 2.4
      vertex 84.5567 87.4903 5.4
      vertex 84.0877 87.348 5.4
    endloop
  endfacet
  facet normal 0.290341 -0.956923 0
    outer loop
      vertex 84.5567 87.4903 5.4
      vertex 84.0877 87.348 2.4
      vertex 84.5567 87.4903 2.4
    endloop
  endfacet
  facet normal 0.634326 -0.773066 0
    outer loop
      vertex 84.9889 87.7213 2.4
      vertex 85.3678 88.0322 5.4
      vertex 84.9889 87.7213 5.4
    endloop
  endfacet
  facet normal 0.634326 -0.773066 0
    outer loop
      vertex 85.3678 88.0322 5.4
      vertex 84.9889 87.7213 2.4
      vertex 85.3678 88.0322 2.4
    endloop
  endfacet
  facet normal 0.773066 -0.634326 0
    outer loop
      vertex 85.3678 88.0322 5.4
      vertex 85.6787 88.4111 2.4
      vertex 85.6787 88.4111 5.4
    endloop
  endfacet
  facet normal 0.773066 -0.634326 0
    outer loop
      vertex 85.6787 88.4111 2.4
      vertex 85.3678 88.0322 5.4
      vertex 85.3678 88.0322 2.4
    endloop
  endfacet
  facet normal -0.471372 -0.881935 0
    outer loop
      vertex 82.2111 87.7213 2.4
      vertex 82.6433 87.4903 5.4
      vertex 82.2111 87.7213 5.4
    endloop
  endfacet
  facet normal -0.471372 -0.881935 -0
    outer loop
      vertex 82.6433 87.4903 5.4
      vertex 82.2111 87.7213 2.4
      vertex 82.6433 87.4903 2.4
    endloop
  endfacet
  facet normal -0.0979479 -0.995192 0
    outer loop
      vertex 83.1123 87.348 2.4
      vertex 83.6 87.3 5.4
      vertex 83.1123 87.348 5.4
    endloop
  endfacet
  facet normal -0.0979479 -0.995192 -0
    outer loop
      vertex 83.6 87.3 5.4
      vertex 83.1123 87.348 2.4
      vertex 83.6 87.3 2.4
    endloop
  endfacet
  facet normal 0.956923 -0.290341 0
    outer loop
      vertex 85.9097 88.8433 5.4
      vertex 86.052 89.3123 2.4
      vertex 86.052 89.3123 5.4
    endloop
  endfacet
  facet normal 0.956923 -0.290341 0
    outer loop
      vertex 86.052 89.3123 2.4
      vertex 85.9097 88.8433 5.4
      vertex 85.9097 88.8433 2.4
    endloop
  endfacet
  facet normal 0.881935 -0.471372 0
    outer loop
      vertex 85.6787 88.4111 5.4
      vertex 85.9097 88.8433 2.4
      vertex 85.9097 88.8433 5.4
    endloop
  endfacet
  facet normal 0.881935 -0.471372 0
    outer loop
      vertex 85.9097 88.8433 2.4
      vertex 85.6787 88.4111 5.4
      vertex 85.6787 88.4111 2.4
    endloop
  endfacet
  facet normal 0.995192 -0.0979479 0
    outer loop
      vertex 86.052 89.3123 5.4
      vertex 86.1 89.8 2.4
      vertex 86.1 89.8 5.4
    endloop
  endfacet
  facet normal 0.995192 -0.0979479 0
    outer loop
      vertex 86.1 89.8 2.4
      vertex 86.052 89.3123 5.4
      vertex 86.052 89.3123 2.4
    endloop
  endfacet
  facet normal -0.991445 -0.130523 0
    outer loop
      vertex 84.9 89.8 2.4
      vertex 84.8557 90.1365 5.4
      vertex 84.8557 90.1365 2.4
    endloop
  endfacet
  facet normal -0.991445 -0.130523 0
    outer loop
      vertex 84.8557 90.1365 5.4
      vertex 84.9 89.8 2.4
      vertex 84.9 89.8 5.4
    endloop
  endfacet
  facet normal 0.991445 -0.130523 0
    outer loop
      vertex 82.3 89.8 5.4
      vertex 82.3443 90.1365 2.4
      vertex 82.3443 90.1365 5.4
    endloop
  endfacet
  facet normal 0.991445 -0.130523 0
    outer loop
      vertex 82.3443 90.1365 2.4
      vertex 82.3 89.8 5.4
      vertex 82.3 89.8 2.4
    endloop
  endfacet
  facet normal -0.130523 -0.991445 0
    outer loop
      vertex 83.6 91.1 2.4
      vertex 83.9365 91.0557 5.4
      vertex 83.6 91.1 5.4
    endloop
  endfacet
  facet normal -0.130523 -0.991445 -0
    outer loop
      vertex 83.9365 91.0557 5.4
      vertex 83.6 91.1 2.4
      vertex 83.9365 91.0557 2.4
    endloop
  endfacet
  facet normal -0.608827 -0.793303 0
    outer loop
      vertex 84.25 90.9258 2.4
      vertex 84.5192 90.7192 5.4
      vertex 84.25 90.9258 5.4
    endloop
  endfacet
  facet normal -0.608827 -0.793303 -0
    outer loop
      vertex 84.5192 90.7192 5.4
      vertex 84.25 90.9258 2.4
      vertex 84.5192 90.7192 2.4
    endloop
  endfacet
  facet normal -0.923834 -0.382794 0
    outer loop
      vertex 84.8557 90.1365 2.4
      vertex 84.7258 90.45 5.4
      vertex 84.7258 90.45 2.4
    endloop
  endfacet
  facet normal -0.923834 -0.382794 0
    outer loop
      vertex 84.7258 90.45 5.4
      vertex 84.8557 90.1365 2.4
      vertex 84.8557 90.1365 5.4
    endloop
  endfacet
  facet normal -0.382794 -0.923834 0
    outer loop
      vertex 83.9365 91.0557 2.4
      vertex 84.25 90.9258 5.4
      vertex 83.9365 91.0557 5.4
    endloop
  endfacet
  facet normal -0.382794 -0.923834 -0
    outer loop
      vertex 84.25 90.9258 5.4
      vertex 83.9365 91.0557 2.4
      vertex 84.25 90.9258 2.4
    endloop
  endfacet
  facet normal 0.608827 -0.793303 0
    outer loop
      vertex 82.6808 90.7192 2.4
      vertex 82.95 90.9258 5.4
      vertex 82.6808 90.7192 5.4
    endloop
  endfacet
  facet normal 0.608827 -0.793303 0
    outer loop
      vertex 82.95 90.9258 5.4
      vertex 82.6808 90.7192 2.4
      vertex 82.95 90.9258 2.4
    endloop
  endfacet
  facet normal 0.793303 -0.608827 0
    outer loop
      vertex 82.4742 90.45 5.4
      vertex 82.6808 90.7192 2.4
      vertex 82.6808 90.7192 5.4
    endloop
  endfacet
  facet normal 0.793303 -0.608827 0
    outer loop
      vertex 82.6808 90.7192 2.4
      vertex 82.4742 90.45 5.4
      vertex 82.4742 90.45 2.4
    endloop
  endfacet
  facet normal 0.382794 -0.923834 0
    outer loop
      vertex 82.95 90.9258 2.4
      vertex 83.2635 91.0557 5.4
      vertex 82.95 90.9258 5.4
    endloop
  endfacet
  facet normal 0.382794 -0.923834 0
    outer loop
      vertex 83.2635 91.0557 5.4
      vertex 82.95 90.9258 2.4
      vertex 83.2635 91.0557 2.4
    endloop
  endfacet
  facet normal -0.923834 0.382794 0
    outer loop
      vertex 84.7258 89.15 2.4
      vertex 84.8557 89.4635 5.4
      vertex 84.8557 89.4635 2.4
    endloop
  endfacet
  facet normal -0.923834 0.382794 0
    outer loop
      vertex 84.8557 89.4635 5.4
      vertex 84.7258 89.15 2.4
      vertex 84.7258 89.15 5.4
    endloop
  endfacet
  facet normal 0.608827 0.793303 -0
    outer loop
      vertex 82.95 88.6742 2.4
      vertex 82.6808 88.8808 5.4
      vertex 82.95 88.6742 5.4
    endloop
  endfacet
  facet normal 0.608827 0.793303 0
    outer loop
      vertex 82.6808 88.8808 5.4
      vertex 82.95 88.6742 2.4
      vertex 82.6808 88.8808 2.4
    endloop
  endfacet
  facet normal -0.793303 -0.608827 0
    outer loop
      vertex 84.7258 90.45 2.4
      vertex 84.5192 90.7192 5.4
      vertex 84.5192 90.7192 2.4
    endloop
  endfacet
  facet normal -0.793303 -0.608827 0
    outer loop
      vertex 84.5192 90.7192 5.4
      vertex 84.7258 90.45 2.4
      vertex 84.7258 90.45 5.4
    endloop
  endfacet
  facet normal 0.923834 -0.382794 0
    outer loop
      vertex 82.3443 90.1365 5.4
      vertex 82.4742 90.45 2.4
      vertex 82.4742 90.45 5.4
    endloop
  endfacet
  facet normal 0.923834 -0.382794 0
    outer loop
      vertex 82.4742 90.45 2.4
      vertex 82.3443 90.1365 5.4
      vertex 82.3443 90.1365 2.4
    endloop
  endfacet
  facet normal 0.130523 -0.991445 0
    outer loop
      vertex 83.2635 91.0557 2.4
      vertex 83.6 91.1 5.4
      vertex 83.2635 91.0557 5.4
    endloop
  endfacet
  facet normal 0.130523 -0.991445 0
    outer loop
      vertex 83.6 91.1 5.4
      vertex 83.2635 91.0557 2.4
      vertex 83.6 91.1 2.4
    endloop
  endfacet
  facet normal -0.991445 0.130523 0
    outer loop
      vertex 84.8557 89.4635 2.4
      vertex 84.9 89.8 5.4
      vertex 84.9 89.8 2.4
    endloop
  endfacet
  facet normal -0.991445 0.130523 0
    outer loop
      vertex 84.9 89.8 5.4
      vertex 84.8557 89.4635 2.4
      vertex 84.8557 89.4635 5.4
    endloop
  endfacet
  facet normal -0.130523 0.991445 0
    outer loop
      vertex 83.9365 88.5443 2.4
      vertex 83.6 88.5 5.4
      vertex 83.9365 88.5443 5.4
    endloop
  endfacet
  facet normal -0.130523 0.991445 0
    outer loop
      vertex 83.6 88.5 5.4
      vertex 83.9365 88.5443 2.4
      vertex 83.6 88.5 2.4
    endloop
  endfacet
  facet normal -0.608827 0.793303 0
    outer loop
      vertex 84.5192 88.8808 2.4
      vertex 84.25 88.6742 5.4
      vertex 84.5192 88.8808 5.4
    endloop
  endfacet
  facet normal -0.608827 0.793303 0
    outer loop
      vertex 84.25 88.6742 5.4
      vertex 84.5192 88.8808 2.4
      vertex 84.25 88.6742 2.4
    endloop
  endfacet
  facet normal 0.382794 0.923834 -0
    outer loop
      vertex 83.2635 88.5443 2.4
      vertex 82.95 88.6742 5.4
      vertex 83.2635 88.5443 5.4
    endloop
  endfacet
  facet normal 0.382794 0.923834 0
    outer loop
      vertex 82.95 88.6742 5.4
      vertex 83.2635 88.5443 2.4
      vertex 82.95 88.6742 2.4
    endloop
  endfacet
  facet normal 0.793303 0.608827 0
    outer loop
      vertex 82.6808 88.8808 5.4
      vertex 82.4742 89.15 2.4
      vertex 82.4742 89.15 5.4
    endloop
  endfacet
  facet normal 0.793303 0.608827 0
    outer loop
      vertex 82.4742 89.15 2.4
      vertex 82.6808 88.8808 5.4
      vertex 82.6808 88.8808 2.4
    endloop
  endfacet
  facet normal 0.991445 0.130523 0
    outer loop
      vertex 82.3443 89.4635 5.4
      vertex 82.3 89.8 2.4
      vertex 82.3 89.8 5.4
    endloop
  endfacet
  facet normal 0.991445 0.130523 0
    outer loop
      vertex 82.3 89.8 2.4
      vertex 82.3443 89.4635 5.4
      vertex 82.3443 89.4635 2.4
    endloop
  endfacet
  facet normal -0.382794 0.923834 0
    outer loop
      vertex 84.25 88.6742 2.4
      vertex 83.9365 88.5443 5.4
      vertex 84.25 88.6742 5.4
    endloop
  endfacet
  facet normal -0.382794 0.923834 0
    outer loop
      vertex 83.9365 88.5443 5.4
      vertex 84.25 88.6742 2.4
      vertex 83.9365 88.5443 2.4
    endloop
  endfacet
  facet normal -0.793303 0.608827 0
    outer loop
      vertex 84.5192 88.8808 2.4
      vertex 84.7258 89.15 5.4
      vertex 84.7258 89.15 2.4
    endloop
  endfacet
  facet normal -0.793303 0.608827 0
    outer loop
      vertex 84.7258 89.15 5.4
      vertex 84.5192 88.8808 2.4
      vertex 84.5192 88.8808 5.4
    endloop
  endfacet
  facet normal 0.130523 0.991445 -0
    outer loop
      vertex 83.6 88.5 2.4
      vertex 83.2635 88.5443 5.4
      vertex 83.6 88.5 5.4
    endloop
  endfacet
  facet normal 0.130523 0.991445 0
    outer loop
      vertex 83.2635 88.5443 5.4
      vertex 83.6 88.5 2.4
      vertex 83.2635 88.5443 2.4
    endloop
  endfacet
  facet normal 0.923834 0.382794 0
    outer loop
      vertex 82.4742 89.15 5.4
      vertex 82.3443 89.4635 2.4
      vertex 82.3443 89.4635 5.4
    endloop
  endfacet
  facet normal 0.923834 0.382794 0
    outer loop
      vertex 82.3443 89.4635 2.4
      vertex 82.4742 89.15 5.4
      vertex 82.4742 89.15 2.4
    endloop
  endfacet
  facet normal 0.995192 0.0979479 0
    outer loop
      vertex 162.3 89.8 3.4
      vertex 162.252 90.2877 2.4
      vertex 162.252 90.2877 3.4
    endloop
  endfacet
  facet normal 0.995192 0.0979479 0
    outer loop
      vertex 162.252 90.2877 2.4
      vertex 162.3 89.8 3.4
      vertex 162.3 89.8 2.4
    endloop
  endfacet
  facet normal -0.995192 0.0979479 0
    outer loop
      vertex 157.3 89.8 2.4
      vertex 157.348 90.2877 5.4
      vertex 157.348 90.2877 2.4
    endloop
  endfacet
  facet normal -0.995192 0.0979479 0
    outer loop
      vertex 157.348 90.2877 5.4
      vertex 157.3 89.8 2.4
      vertex 157.3 89.8 5.4
    endloop
  endfacet
  facet normal 0.0978883 0.995197 -0
    outer loop
      vertex 160.288 92.252 2.4
      vertex 159.8 92.3 3.4
      vertex 160.288 92.252 3.4
    endloop
  endfacet
  facet normal 0.0978883 0.995197 0
    outer loop
      vertex 159.8 92.3 3.4
      vertex 160.288 92.252 2.4
      vertex 159.8 92.3 2.4
    endloop
  endfacet
  facet normal 0.773348 0.633982 -0
    outer loop
      vertex 161.8 91.2848 3.4
      vertex 161.568 91.5678 5.4
      vertex 161.8 91.2848 5.4
    endloop
  endfacet
  facet normal 0.773348 0.633982 0
    outer loop
      vertex 161.568 91.5678 5.4
      vertex 161.8 91.2848 3.4
      vertex 161.568 91.5678 2.4
    endloop
  endfacet
  facet normal 0.771837 0.63582 -0
    outer loop
      vertex 161.879 91.1889 2.4
      vertex 161.8 91.2848 3.4
      vertex 161.879 91.1889 3.4
    endloop
  endfacet
  facet normal 0.772966 0.634448 0.000220731
    outer loop
      vertex 161.8 91.2848 3.4
      vertex 161.879 91.1889 2.4
      vertex 161.568 91.5678 2.4
    endloop
  endfacet
  facet normal -0.633983 0.773347 0
    outer loop
      vertex 158.411 91.8787 3.4
      vertex 158.411 91.8787 2.4
      vertex 158.315 91.8 3.4
    endloop
  endfacet
  facet normal -0.634308 0.77308 0
    outer loop
      vertex 158.315 91.8 3.4
      vertex 158.032 91.5678 5.4
      vertex 158.315 91.8 5.4
    endloop
  endfacet
  facet normal -0.634226 0.773148 -3.89634e-05
    outer loop
      vertex 158.032 91.5678 2.4
      vertex 158.315 91.8 3.4
      vertex 158.411 91.8787 2.4
    endloop
  endfacet
  facet normal -0.634308 0.77308 0
    outer loop
      vertex 158.315 91.8 3.4
      vertex 158.032 91.5678 2.4
      vertex 158.032 91.5678 5.4
    endloop
  endfacet
  facet normal -0.290341 0.956923 0
    outer loop
      vertex 159.312 92.252 2.4
      vertex 158.843 92.1097 3.4
      vertex 159.312 92.252 3.4
    endloop
  endfacet
  facet normal -0.290341 0.956923 0
    outer loop
      vertex 158.843 92.1097 3.4
      vertex 159.312 92.252 2.4
      vertex 158.843 92.1097 2.4
    endloop
  endfacet
  facet normal -0.772966 -0.634448 0
    outer loop
      vertex 158.032 88.0322 2.4
      vertex 157.721 88.4111 5.4
      vertex 157.721 88.4111 2.4
    endloop
  endfacet
  facet normal -0.772966 -0.634448 0
    outer loop
      vertex 157.721 88.4111 5.4
      vertex 158.032 88.0322 2.4
      vertex 158.032 88.0322 5.4
    endloop
  endfacet
  facet normal 0.881935 0.471372 0
    outer loop
      vertex 162.11 90.7567 3.4
      vertex 161.879 91.1889 2.4
      vertex 161.879 91.1889 3.4
    endloop
  endfacet
  facet normal 0.881935 0.471372 0
    outer loop
      vertex 161.879 91.1889 2.4
      vertex 162.11 90.7567 3.4
      vertex 162.11 90.7567 2.4
    endloop
  endfacet
  facet normal 0.957093 0.289781 0
    outer loop
      vertex 162.252 90.2877 3.4
      vertex 162.11 90.7567 2.4
      vertex 162.11 90.7567 3.4
    endloop
  endfacet
  facet normal 0.957093 0.289781 0
    outer loop
      vertex 162.11 90.7567 2.4
      vertex 162.252 90.2877 3.4
      vertex 162.252 90.2877 2.4
    endloop
  endfacet
  facet normal 0.471542 0.881844 -0
    outer loop
      vertex 161.189 91.8787 2.4
      vertex 160.757 92.1097 3.4
      vertex 161.189 91.8787 3.4
    endloop
  endfacet
  facet normal 0.471542 0.881844 0
    outer loop
      vertex 160.757 92.1097 3.4
      vertex 161.189 91.8787 2.4
      vertex 160.757 92.1097 2.4
    endloop
  endfacet
  facet normal 0.290341 0.956923 -0
    outer loop
      vertex 160.757 92.1097 2.4
      vertex 160.288 92.252 3.4
      vertex 160.757 92.1097 3.4
    endloop
  endfacet
  facet normal 0.290341 0.956923 0
    outer loop
      vertex 160.288 92.252 3.4
      vertex 160.757 92.1097 2.4
      vertex 160.288 92.252 2.4
    endloop
  endfacet
  facet normal 0.634308 0.77308 0
    outer loop
      vertex 161.568 91.5678 5.4
      vertex 161.285 91.8 3.4
      vertex 161.285 91.8 5.4
    endloop
  endfacet
  facet normal 0.634308 0.77308 -0
    outer loop
      vertex 161.568 91.5678 2.4
      vertex 161.285 91.8 3.4
      vertex 161.568 91.5678 5.4
    endloop
  endfacet
  facet normal 0.634226 0.773148 -3.89634e-05
    outer loop
      vertex 161.189 91.8787 2.4
      vertex 161.285 91.8 3.4
      vertex 161.568 91.5678 2.4
    endloop
  endfacet
  facet normal 0.633983 0.773347 0
    outer loop
      vertex 161.285 91.8 3.4
      vertex 161.189 91.8787 2.4
      vertex 161.189 91.8787 3.4
    endloop
  endfacet
  facet normal -0.881935 0.471372 0
    outer loop
      vertex 157.49 90.7567 2.4
      vertex 157.721 91.1889 5.4
      vertex 157.721 91.1889 2.4
    endloop
  endfacet
  facet normal -0.881935 0.471372 0
    outer loop
      vertex 157.721 91.1889 5.4
      vertex 157.49 90.7567 2.4
      vertex 157.49 90.7567 5.4
    endloop
  endfacet
  facet normal -0.772966 0.634448 0
    outer loop
      vertex 157.721 91.1889 2.4
      vertex 158.032 91.5678 5.4
      vertex 158.032 91.5678 2.4
    endloop
  endfacet
  facet normal -0.772966 0.634448 0
    outer loop
      vertex 158.032 91.5678 5.4
      vertex 157.721 91.1889 2.4
      vertex 157.721 91.1889 5.4
    endloop
  endfacet
  facet normal -0.957093 0.289781 0
    outer loop
      vertex 157.348 90.2877 2.4
      vertex 157.49 90.7567 5.4
      vertex 157.49 90.7567 2.4
    endloop
  endfacet
  facet normal -0.957093 0.289781 0
    outer loop
      vertex 157.49 90.7567 5.4
      vertex 157.348 90.2877 2.4
      vertex 157.348 90.2877 5.4
    endloop
  endfacet
  facet normal 0 0 1
    outer loop
      vertex 160.719 90.7192 5.4
      vertex 161.8 91.2848 5.4
      vertex 161.568 91.5678 5.4
    endloop
  endfacet
  facet normal 0 0 1
    outer loop
      vertex 161.8 91.2848 5.4
      vertex 161.1 89.8 5.4
      vertex 161.8 88.3152 5.4
    endloop
  endfacet
  facet normal 0 0 1
    outer loop
      vertex 160.719 90.7192 5.4
      vertex 161.568 91.5678 5.4
      vertex 161.285 91.8 5.4
    endloop
  endfacet
  facet normal -0 0 1
    outer loop
      vertex 161.056 89.4635 5.4
      vertex 161.8 88.3152 5.4
      vertex 161.1 89.8 5.4
    endloop
  endfacet
  facet normal -0 0 1
    outer loop
      vertex 160.926 89.15 5.4
      vertex 161.8 88.3152 5.4
      vertex 161.056 89.4635 5.4
    endloop
  endfacet
  facet normal 0 0 1
    outer loop
      vertex 161.8 91.2848 5.4
      vertex 161.056 90.1365 5.4
      vertex 161.1 89.8 5.4
    endloop
  endfacet
  facet normal 0 0 1
    outer loop
      vertex 161.8 91.2848 5.4
      vertex 160.926 90.45 5.4
      vertex 161.056 90.1365 5.4
    endloop
  endfacet
  facet normal 0 0 1
    outer loop
      vertex 161.8 91.2848 5.4
      vertex 160.719 90.7192 5.4
      vertex 160.926 90.45 5.4
    endloop
  endfacet
  facet normal 0 0 1
    outer loop
      vertex 161.285 91.8 5.4
      vertex 160.45 90.9258 5.4
      vertex 160.719 90.7192 5.4
    endloop
  endfacet
  facet normal 0 0 1
    outer loop
      vertex 161.285 91.8 5.4
      vertex 160.136 91.0557 5.4
      vertex 160.45 90.9258 5.4
    endloop
  endfacet
  facet normal 0 0 1
    outer loop
      vertex 161.285 91.8 5.4
      vertex 159.8 91.1 5.4
      vertex 160.136 91.0557 5.4
    endloop
  endfacet
  facet normal -0 0 1
    outer loop
      vertex 158.315 91.8 5.4
      vertex 159.8 91.1 5.4
      vertex 161.285 91.8 5.4
    endloop
  endfacet
  facet normal 0 0 1
    outer loop
      vertex 159.8 91.1 5.4
      vertex 158.315 91.8 5.4
      vertex 159.464 91.0557 5.4
    endloop
  endfacet
  facet normal 0 0 1
    outer loop
      vertex 158.315 91.8 5.4
      vertex 159.15 90.9258 5.4
      vertex 159.464 91.0557 5.4
    endloop
  endfacet
  facet normal 0 0 1
    outer loop
      vertex 158.315 91.8 5.4
      vertex 158.881 90.7192 5.4
      vertex 159.15 90.9258 5.4
    endloop
  endfacet
  facet normal -0 0 1
    outer loop
      vertex 158.032 91.5678 5.4
      vertex 158.881 90.7192 5.4
      vertex 158.315 91.8 5.4
    endloop
  endfacet
  facet normal -0 0 1
    outer loop
      vertex 157.721 91.1889 5.4
      vertex 158.881 90.7192 5.4
      vertex 158.032 91.5678 5.4
    endloop
  endfacet
  facet normal 0 0 1
    outer loop
      vertex 158.881 90.7192 5.4
      vertex 157.721 91.1889 5.4
      vertex 158.674 90.45 5.4
    endloop
  endfacet
  facet normal -0 0 1
    outer loop
      vertex 157.49 90.7567 5.4
      vertex 158.674 90.45 5.4
      vertex 157.721 91.1889 5.4
    endloop
  endfacet
  facet normal 0 0 1
    outer loop
      vertex 158.674 90.45 5.4
      vertex 157.49 90.7567 5.4
      vertex 158.544 90.1365 5.4
    endloop
  endfacet
  facet normal 0 0 1
    outer loop
      vertex 158.5 89.8 5.4
      vertex 158.032 88.0322 5.4
      vertex 158.411 87.7213 5.4
    endloop
  endfacet
  facet normal -0 0 1
    outer loop
      vertex 157.348 90.2877 5.4
      vertex 158.544 90.1365 5.4
      vertex 157.49 90.7567 5.4
    endloop
  endfacet
  facet normal 0 0 1
    outer loop
      vertex 158.5 89.8 5.4
      vertex 157.721 88.4111 5.4
      vertex 158.032 88.0322 5.4
    endloop
  endfacet
  facet normal 0 0 1
    outer loop
      vertex 158.544 90.1365 5.4
      vertex 157.348 90.2877 5.4
      vertex 158.5 89.8 5.4
    endloop
  endfacet
  facet normal 0 0 1
    outer loop
      vertex 158.5 89.8 5.4
      vertex 157.49 88.8433 5.4
      vertex 157.721 88.4111 5.4
    endloop
  endfacet
  facet normal 0 0 1
    outer loop
      vertex 157.3 89.8 5.4
      vertex 158.5 89.8 5.4
      vertex 157.348 90.2877 5.4
    endloop
  endfacet
  facet normal 0 0 1
    outer loop
      vertex 158.5 89.8 5.4
      vertex 157.348 89.3123 5.4
      vertex 157.49 88.8433 5.4
    endloop
  endfacet
  facet normal 0 0 1
    outer loop
      vertex 158.5 89.8 5.4
      vertex 157.3 89.8 5.4
      vertex 157.348 89.3123 5.4
    endloop
  endfacet
  facet normal -0 0 1
    outer loop
      vertex 160.719 88.8808 5.4
      vertex 161.8 88.3152 5.4
      vertex 160.926 89.15 5.4
    endloop
  endfacet
  facet normal 0 0 1
    outer loop
      vertex 161.8 88.3152 5.4
      vertex 160.719 88.8808 5.4
      vertex 161.568 88.0322 5.4
    endloop
  endfacet
  facet normal 0 0 1
    outer loop
      vertex 161.568 88.0322 5.4
      vertex 160.719 88.8808 5.4
      vertex 161.189 87.7213 5.4
    endloop
  endfacet
  facet normal -0 0 1
    outer loop
      vertex 160.45 88.6742 5.4
      vertex 161.189 87.7213 5.4
      vertex 160.719 88.8808 5.4
    endloop
  endfacet
  facet normal 0 0 1
    outer loop
      vertex 161.189 87.7213 5.4
      vertex 160.45 88.6742 5.4
      vertex 160.757 87.4903 5.4
    endloop
  endfacet
  facet normal -0 0 1
    outer loop
      vertex 160.136 88.5443 5.4
      vertex 160.757 87.4903 5.4
      vertex 160.45 88.6742 5.4
    endloop
  endfacet
  facet normal 0 0 1
    outer loop
      vertex 160.757 87.4903 5.4
      vertex 160.136 88.5443 5.4
      vertex 160.288 87.348 5.4
    endloop
  endfacet
  facet normal -0 0 1
    outer loop
      vertex 159.8 88.5 5.4
      vertex 160.288 87.348 5.4
      vertex 160.136 88.5443 5.4
    endloop
  endfacet
  facet normal 0 0 1
    outer loop
      vertex 159.8 88.5 5.4
      vertex 159.8 87.3 5.4
      vertex 160.288 87.348 5.4
    endloop
  endfacet
  facet normal 0 0 1
    outer loop
      vertex 159.312 87.348 5.4
      vertex 159.8 88.5 5.4
      vertex 159.464 88.5443 5.4
    endloop
  endfacet
  facet normal 0 0 1
    outer loop
      vertex 159.8 88.5 5.4
      vertex 159.312 87.348 5.4
      vertex 159.8 87.3 5.4
    endloop
  endfacet
  facet normal 0 0 1
    outer loop
      vertex 158.843 87.4903 5.4
      vertex 159.464 88.5443 5.4
      vertex 159.15 88.6742 5.4
    endloop
  endfacet
  facet normal 0 0 1
    outer loop
      vertex 158.411 87.7213 5.4
      vertex 159.15 88.6742 5.4
      vertex 158.881 88.8808 5.4
    endloop
  endfacet
  facet normal 0 0 1
    outer loop
      vertex 159.464 88.5443 5.4
      vertex 158.843 87.4903 5.4
      vertex 159.312 87.348 5.4
    endloop
  endfacet
  facet normal 0 0 1
    outer loop
      vertex 158.411 87.7213 5.4
      vertex 158.881 88.8808 5.4
      vertex 158.674 89.15 5.4
    endloop
  endfacet
  facet normal 0 0 1
    outer loop
      vertex 158.411 87.7213 5.4
      vertex 158.674 89.15 5.4
      vertex 158.544 89.4635 5.4
    endloop
  endfacet
  facet normal 0 0 1
    outer loop
      vertex 159.15 88.6742 5.4
      vertex 158.411 87.7213 5.4
      vertex 158.843 87.4903 5.4
    endloop
  endfacet
  facet normal 0 0 1
    outer loop
      vertex 158.411 87.7213 5.4
      vertex 158.544 89.4635 5.4
      vertex 158.5 89.8 5.4
    endloop
  endfacet
  facet normal -0.471542 0.881844 0
    outer loop
      vertex 158.843 92.1097 2.4
      vertex 158.411 91.8787 3.4
      vertex 158.843 92.1097 3.4
    endloop
  endfacet
  facet normal -0.471542 0.881844 0
    outer loop
      vertex 158.411 91.8787 3.4
      vertex 158.843 92.1097 2.4
      vertex 158.411 91.8787 2.4
    endloop
  endfacet
  facet normal -0.0978883 0.995197 0
    outer loop
      vertex 159.8 92.3 2.4
      vertex 159.312 92.252 3.4
      vertex 159.8 92.3 3.4
    endloop
  endfacet
  facet normal -0.0978883 0.995197 0
    outer loop
      vertex 159.312 92.252 3.4
      vertex 159.8 92.3 2.4
      vertex 159.312 92.252 2.4
    endloop
  endfacet
  facet normal 0.0978883 -0.995197 0
    outer loop
      vertex 159.8 87.3 2.4
      vertex 160.288 87.348 5.4
      vertex 159.8 87.3 5.4
    endloop
  endfacet
  facet normal 0.0978883 -0.995197 0
    outer loop
      vertex 160.288 87.348 5.4
      vertex 159.8 87.3 2.4
      vertex 160.288 87.348 2.4
    endloop
  endfacet
  facet normal 0.471542 -0.881844 0
    outer loop
      vertex 160.757 87.4903 2.4
      vertex 161.189 87.7213 5.4
      vertex 160.757 87.4903 5.4
    endloop
  endfacet
  facet normal 0.471542 -0.881844 0
    outer loop
      vertex 161.189 87.7213 5.4
      vertex 160.757 87.4903 2.4
      vertex 161.189 87.7213 2.4
    endloop
  endfacet
  facet normal -0.634226 -0.773148 0
    outer loop
      vertex 158.032 88.0322 2.4
      vertex 158.411 87.7213 5.4
      vertex 158.032 88.0322 5.4
    endloop
  endfacet
  facet normal -0.634226 -0.773148 -0
    outer loop
      vertex 158.411 87.7213 5.4
      vertex 158.032 88.0322 2.4
      vertex 158.411 87.7213 2.4
    endloop
  endfacet
  facet normal -0.290341 -0.956923 0
    outer loop
      vertex 158.843 87.4903 2.4
      vertex 159.312 87.348 5.4
      vertex 158.843 87.4903 5.4
    endloop
  endfacet
  facet normal -0.290341 -0.956923 -0
    outer loop
      vertex 159.312 87.348 5.4
      vertex 158.843 87.4903 2.4
      vertex 159.312 87.348 2.4
    endloop
  endfacet
  facet normal -0.995192 -0.0979479 0
    outer loop
      vertex 157.348 89.3123 2.4
      vertex 157.3 89.8 5.4
      vertex 157.3 89.8 2.4
    endloop
  endfacet
  facet normal -0.995192 -0.0979479 0
    outer loop
      vertex 157.3 89.8 5.4
      vertex 157.348 89.3123 2.4
      vertex 157.348 89.3123 5.4
    endloop
  endfacet
  facet normal -0.881935 -0.471372 0
    outer loop
      vertex 157.721 88.4111 2.4
      vertex 157.49 88.8433 5.4
      vertex 157.49 88.8433 2.4
    endloop
  endfacet
  facet normal -0.881935 -0.471372 0
    outer loop
      vertex 157.49 88.8433 5.4
      vertex 157.721 88.4111 2.4
      vertex 157.721 88.4111 5.4
    endloop
  endfacet
  facet normal -0.957093 -0.289781 0
    outer loop
      vertex 157.49 88.8433 2.4
      vertex 157.348 89.3123 5.4
      vertex 157.348 89.3123 2.4
    endloop
  endfacet
  facet normal -0.957093 -0.289781 0
    outer loop
      vertex 157.348 89.3123 5.4
      vertex 157.49 88.8433 2.4
      vertex 157.49 88.8433 5.4
    endloop
  endfacet
  facet normal 0.290341 -0.956923 0
    outer loop
      vertex 160.288 87.348 2.4
      vertex 160.757 87.4903 5.4
      vertex 160.288 87.348 5.4
    endloop
  endfacet
  facet normal 0.290341 -0.956923 0
    outer loop
      vertex 160.757 87.4903 5.4
      vertex 160.288 87.348 2.4
      vertex 160.757 87.4903 2.4
    endloop
  endfacet
  facet normal 0.634226 -0.773148 0
    outer loop
      vertex 161.189 87.7213 2.4
      vertex 161.568 88.0322 5.4
      vertex 161.189 87.7213 5.4
    endloop
  endfacet
  facet normal 0.634226 -0.773148 0
    outer loop
      vertex 161.568 88.0322 5.4
      vertex 161.189 87.7213 2.4
      vertex 161.568 88.0322 2.4
    endloop
  endfacet
  facet normal 0.773348 -0.633982 0
    outer loop
      vertex 161.8 88.3152 5.4
      vertex 161.568 88.0322 5.4
      vertex 161.8 88.3152 3.4
    endloop
  endfacet
  facet normal 0.771837 -0.63582 0
    outer loop
      vertex 161.8 88.3152 3.4
      vertex 161.879 88.4111 2.4
      vertex 161.879 88.4111 3.4
    endloop
  endfacet
  facet normal 0.773348 -0.633982 0
    outer loop
      vertex 161.568 88.0322 2.4
      vertex 161.8 88.3152 3.4
      vertex 161.568 88.0322 5.4
    endloop
  endfacet
  facet normal 0.772966 -0.634448 0.000220731
    outer loop
      vertex 161.8 88.3152 3.4
      vertex 161.568 88.0322 2.4
      vertex 161.879 88.4111 2.4
    endloop
  endfacet
  facet normal -0.471542 -0.881844 0
    outer loop
      vertex 158.411 87.7213 2.4
      vertex 158.843 87.4903 5.4
      vertex 158.411 87.7213 5.4
    endloop
  endfacet
  facet normal -0.471542 -0.881844 -0
    outer loop
      vertex 158.843 87.4903 5.4
      vertex 158.411 87.7213 2.4
      vertex 158.843 87.4903 2.4
    endloop
  endfacet
  facet normal -0.0978883 -0.995197 0
    outer loop
      vertex 159.312 87.348 2.4
      vertex 159.8 87.3 5.4
      vertex 159.312 87.348 5.4
    endloop
  endfacet
  facet normal -0.0978883 -0.995197 -0
    outer loop
      vertex 159.8 87.3 5.4
      vertex 159.312 87.348 2.4
      vertex 159.8 87.3 2.4
    endloop
  endfacet
  facet normal 0.957093 -0.289781 0
    outer loop
      vertex 162.11 88.8433 3.4
      vertex 162.252 89.3123 2.4
      vertex 162.252 89.3123 3.4
    endloop
  endfacet
  facet normal 0.957093 -0.289781 0
    outer loop
      vertex 162.252 89.3123 2.4
      vertex 162.11 88.8433 3.4
      vertex 162.11 88.8433 2.4
    endloop
  endfacet
  facet normal 0.881935 -0.471372 0
    outer loop
      vertex 161.879 88.4111 3.4
      vertex 162.11 88.8433 2.4
      vertex 162.11 88.8433 3.4
    endloop
  endfacet
  facet normal 0.881935 -0.471372 0
    outer loop
      vertex 162.11 88.8433 2.4
      vertex 161.879 88.4111 3.4
      vertex 161.879 88.4111 2.4
    endloop
  endfacet
  facet normal 0.995192 -0.0979479 0
    outer loop
      vertex 162.252 89.3123 3.4
      vertex 162.3 89.8 2.4
      vertex 162.3 89.8 3.4
    endloop
  endfacet
  facet normal 0.995192 -0.0979479 0
    outer loop
      vertex 162.3 89.8 2.4
      vertex 162.252 89.3123 3.4
      vertex 162.252 89.3123 2.4
    endloop
  endfacet
  facet normal -0.991559 -0.129654 0
    outer loop
      vertex 161.1 89.8 2.4
      vertex 161.056 90.1365 5.4
      vertex 161.056 90.1365 2.4
    endloop
  endfacet
  facet normal -0.991559 -0.129654 0
    outer loop
      vertex 161.056 90.1365 5.4
      vertex 161.1 89.8 2.4
      vertex 161.1 89.8 5.4
    endloop
  endfacet
  facet normal 0.991559 -0.129654 0
    outer loop
      vertex 158.5 89.8 5.4
      vertex 158.544 90.1365 2.4
      vertex 158.544 90.1365 5.4
    endloop
  endfacet
  facet normal 0.991559 -0.129654 0
    outer loop
      vertex 158.544 90.1365 2.4
      vertex 158.5 89.8 5.4
      vertex 158.5 89.8 2.4
    endloop
  endfacet
  facet normal -0.130714 -0.99142 0
    outer loop
      vertex 159.8 91.1 2.4
      vertex 160.136 91.0557 5.4
      vertex 159.8 91.1 5.4
    endloop
  endfacet
  facet normal -0.130714 -0.99142 -0
    outer loop
      vertex 160.136 91.0557 5.4
      vertex 159.8 91.1 2.4
      vertex 160.136 91.0557 2.4
    endloop
  endfacet
  facet normal -0.609112 -0.793084 0
    outer loop
      vertex 160.45 90.9258 2.4
      vertex 160.719 90.7192 5.4
      vertex 160.45 90.9258 5.4
    endloop
  endfacet
  facet normal -0.609112 -0.793084 -0
    outer loop
      vertex 160.719 90.7192 5.4
      vertex 160.45 90.9258 2.4
      vertex 160.719 90.7192 2.4
    endloop
  endfacet
  facet normal -0.923729 -0.383046 0
    outer loop
      vertex 161.056 90.1365 2.4
      vertex 160.926 90.45 5.4
      vertex 160.926 90.45 2.4
    endloop
  endfacet
  facet normal -0.923729 -0.383046 0
    outer loop
      vertex 160.926 90.45 5.4
      vertex 161.056 90.1365 2.4
      vertex 161.056 90.1365 5.4
    endloop
  endfacet
  facet normal -0.382274 -0.924049 0
    outer loop
      vertex 160.136 91.0557 2.4
      vertex 160.45 90.9258 5.4
      vertex 160.136 91.0557 5.4
    endloop
  endfacet
  facet normal -0.382274 -0.924049 -0
    outer loop
      vertex 160.45 90.9258 5.4
      vertex 160.136 91.0557 2.4
      vertex 160.45 90.9258 2.4
    endloop
  endfacet
  facet normal 0.609112 -0.793084 0
    outer loop
      vertex 158.881 90.7192 2.4
      vertex 159.15 90.9258 5.4
      vertex 158.881 90.7192 5.4
    endloop
  endfacet
  facet normal 0.609112 -0.793084 0
    outer loop
      vertex 159.15 90.9258 5.4
      vertex 158.881 90.7192 2.4
      vertex 159.15 90.9258 2.4
    endloop
  endfacet
  facet normal 0.792733 -0.609568 0
    outer loop
      vertex 158.674 90.45 5.4
      vertex 158.881 90.7192 2.4
      vertex 158.881 90.7192 5.4
    endloop
  endfacet
  facet normal 0.792733 -0.609568 0
    outer loop
      vertex 158.881 90.7192 2.4
      vertex 158.674 90.45 5.4
      vertex 158.674 90.45 2.4
    endloop
  endfacet
  facet normal 0.382274 -0.924049 0
    outer loop
      vertex 159.15 90.9258 2.4
      vertex 159.464 91.0557 5.4
      vertex 159.15 90.9258 5.4
    endloop
  endfacet
  facet normal 0.382274 -0.924049 0
    outer loop
      vertex 159.464 91.0557 5.4
      vertex 159.15 90.9258 2.4
      vertex 159.464 91.0557 2.4
    endloop
  endfacet
  facet normal -0.923729 0.383046 0
    outer loop
      vertex 160.926 89.15 2.4
      vertex 161.056 89.4635 5.4
      vertex 161.056 89.4635 2.4
    endloop
  endfacet
  facet normal -0.923729 0.383046 0
    outer loop
      vertex 161.056 89.4635 5.4
      vertex 160.926 89.15 2.4
      vertex 160.926 89.15 5.4
    endloop
  endfacet
  facet normal 0.609112 0.793084 -0
    outer loop
      vertex 159.15 88.6742 2.4
      vertex 158.881 88.8808 5.4
      vertex 159.15 88.6742 5.4
    endloop
  endfacet
  facet normal 0.609112 0.793084 0
    outer loop
      vertex 158.881 88.8808 5.4
      vertex 159.15 88.6742 2.4
      vertex 158.881 88.8808 2.4
    endloop
  endfacet
  facet normal -0.792733 -0.609568 0
    outer loop
      vertex 160.926 90.45 2.4
      vertex 160.719 90.7192 5.4
      vertex 160.719 90.7192 2.4
    endloop
  endfacet
  facet normal -0.792733 -0.609568 0
    outer loop
      vertex 160.719 90.7192 5.4
      vertex 160.926 90.45 2.4
      vertex 160.926 90.45 5.4
    endloop
  endfacet
  facet normal 0.923729 -0.383046 0
    outer loop
      vertex 158.544 90.1365 5.4
      vertex 158.674 90.45 2.4
      vertex 158.674 90.45 5.4
    endloop
  endfacet
  facet normal 0.923729 -0.383046 0
    outer loop
      vertex 158.674 90.45 2.4
      vertex 158.544 90.1365 5.4
      vertex 158.544 90.1365 2.4
    endloop
  endfacet
  facet normal 0.130714 -0.99142 0
    outer loop
      vertex 159.464 91.0557 2.4
      vertex 159.8 91.1 5.4
      vertex 159.464 91.0557 5.4
    endloop
  endfacet
  facet normal 0.130714 -0.99142 0
    outer loop
      vertex 159.8 91.1 5.4
      vertex 159.464 91.0557 2.4
      vertex 159.8 91.1 2.4
    endloop
  endfacet
  facet normal -0.991559 0.129654 0
    outer loop
      vertex 161.056 89.4635 2.4
      vertex 161.1 89.8 5.4
      vertex 161.1 89.8 2.4
    endloop
  endfacet
  facet normal -0.991559 0.129654 0
    outer loop
      vertex 161.1 89.8 5.4
      vertex 161.056 89.4635 2.4
      vertex 161.056 89.4635 5.4
    endloop
  endfacet
  facet normal -0.130714 0.99142 0
    outer loop
      vertex 160.136 88.5443 2.4
      vertex 159.8 88.5 5.4
      vertex 160.136 88.5443 5.4
    endloop
  endfacet
  facet normal -0.130714 0.99142 0
    outer loop
      vertex 159.8 88.5 5.4
      vertex 160.136 88.5443 2.4
      vertex 159.8 88.5 2.4
    endloop
  endfacet
  facet normal -0.609112 0.793084 0
    outer loop
      vertex 160.719 88.8808 2.4
      vertex 160.45 88.6742 5.4
      vertex 160.719 88.8808 5.4
    endloop
  endfacet
  facet normal -0.609112 0.793084 0
    outer loop
      vertex 160.45 88.6742 5.4
      vertex 160.719 88.8808 2.4
      vertex 160.45 88.6742 2.4
    endloop
  endfacet
  facet normal 0.382274 0.924049 -0
    outer loop
      vertex 159.464 88.5443 2.4
      vertex 159.15 88.6742 5.4
      vertex 159.464 88.5443 5.4
    endloop
  endfacet
  facet normal 0.382274 0.924049 0
    outer loop
      vertex 159.15 88.6742 5.4
      vertex 159.464 88.5443 2.4
      vertex 159.15 88.6742 2.4
    endloop
  endfacet
  facet normal 0.792733 0.609568 0
    outer loop
      vertex 158.881 88.8808 5.4
      vertex 158.674 89.15 2.4
      vertex 158.674 89.15 5.4
    endloop
  endfacet
  facet normal 0.792733 0.609568 0
    outer loop
      vertex 158.674 89.15 2.4
      vertex 158.881 88.8808 5.4
      vertex 158.881 88.8808 2.4
    endloop
  endfacet
  facet normal 0.991559 0.129654 0
    outer loop
      vertex 158.544 89.4635 5.4
      vertex 158.5 89.8 2.4
      vertex 158.5 89.8 5.4
    endloop
  endfacet
  facet normal 0.991559 0.129654 0
    outer loop
      vertex 158.5 89.8 2.4
      vertex 158.544 89.4635 5.4
      vertex 158.544 89.4635 2.4
    endloop
  endfacet
  facet normal -0.382274 0.924049 0
    outer loop
      vertex 160.45 88.6742 2.4
      vertex 160.136 88.5443 5.4
      vertex 160.45 88.6742 5.4
    endloop
  endfacet
  facet normal -0.382274 0.924049 0
    outer loop
      vertex 160.136 88.5443 5.4
      vertex 160.45 88.6742 2.4
      vertex 160.136 88.5443 2.4
    endloop
  endfacet
  facet normal -0.792733 0.609568 0
    outer loop
      vertex 160.719 88.8808 2.4
      vertex 160.926 89.15 5.4
      vertex 160.926 89.15 2.4
    endloop
  endfacet
  facet normal -0.792733 0.609568 0
    outer loop
      vertex 160.926 89.15 5.4
      vertex 160.719 88.8808 2.4
      vertex 160.719 88.8808 5.4
    endloop
  endfacet
  facet normal 0.130714 0.99142 -0
    outer loop
      vertex 159.8 88.5 2.4
      vertex 159.464 88.5443 5.4
      vertex 159.8 88.5 5.4
    endloop
  endfacet
  facet normal 0.130714 0.99142 0
    outer loop
      vertex 159.464 88.5443 5.4
      vertex 159.8 88.5 2.4
      vertex 159.464 88.5443 2.4
    endloop
  endfacet
  facet normal 0.923729 0.383046 0
    outer loop
      vertex 158.674 89.15 5.4
      vertex 158.544 89.4635 2.4
      vertex 158.544 89.4635 5.4
    endloop
  endfacet
  facet normal 0.923729 0.383046 0
    outer loop
      vertex 158.544 89.4635 2.4
      vertex 158.674 89.15 5.4
      vertex 158.674 89.15 2.4
    endloop
  endfacet
  facet normal 0.995184 0.0980228 0
    outer loop
      vertex 9.9 7.4 5.4
      vertex 9.85196 7.88773 2.4
      vertex 9.85196 7.88773 5.4
    endloop
  endfacet
  facet normal 0.995184 0.0980228 0
    outer loop
      vertex 9.85196 7.88773 2.4
      vertex 9.9 7.4 5.4
      vertex 9.9 7.4 2.4
    endloop
  endfacet
  facet normal -0.995184 0.0980228 0
    outer loop
      vertex 4.9 7.4 2.4
      vertex 4.94804 7.88773 3.4
      vertex 4.94804 7.88773 2.4
    endloop
  endfacet
  facet normal -0.995184 0.0980228 0
    outer loop
      vertex 4.94804 7.88773 3.4
      vertex 4.9 7.4 2.4
      vertex 4.9 7.4 3.4
    endloop
  endfacet
  facet normal 0.0980228 0.995184 -0
    outer loop
      vertex 7.88773 9.85196 2.4
      vertex 7.4 9.9 5.4
      vertex 7.88773 9.85196 5.4
    endloop
  endfacet
  facet normal 0.0980228 0.995184 0
    outer loop
      vertex 7.4 9.9 5.4
      vertex 7.88773 9.85196 2.4
      vertex 7.4 9.9 2.4
    endloop
  endfacet
  facet normal 0.773016 0.634386 0
    outer loop
      vertex 9.47867 8.78893 5.4
      vertex 9.16777 9.16777 2.4
      vertex 9.16777 9.16777 5.4
    endloop
  endfacet
  facet normal 0.773016 0.634386 0
    outer loop
      vertex 9.16777 9.16777 2.4
      vertex 9.47867 8.78893 5.4
      vertex 9.47867 8.78893 2.4
    endloop
  endfacet
  facet normal -0.634386 0.773016 0
    outer loop
      vertex 6.01107 9.47867 2.4
      vertex 5.63223 9.16777 5.4
      vertex 6.01107 9.47867 5.4
    endloop
  endfacet
  facet normal -0.634386 0.773016 0
    outer loop
      vertex 5.63223 9.16777 5.4
      vertex 6.01107 9.47867 2.4
      vertex 5.63223 9.16777 2.4
    endloop
  endfacet
  facet normal -0.290278 0.956942 0
    outer loop
      vertex 6.91227 9.85196 2.4
      vertex 6.44329 9.7097 5.4
      vertex 6.91227 9.85196 5.4
    endloop
  endfacet
  facet normal -0.290278 0.956942 0
    outer loop
      vertex 6.44329 9.7097 5.4
      vertex 6.91227 9.85196 2.4
      vertex 6.44329 9.7097 2.4
    endloop
  endfacet
  facet normal -0.773012 -0.634392 0
    outer loop
      vertex 5.32133 6.01107 2.4
      vertex 5.4 5.91521 3.4
      vertex 5.32133 6.01107 3.4
    endloop
  endfacet
  facet normal -0.773016 -0.634386 9.56578e-07
    outer loop
      vertex 5.63223 5.63223 2.4
      vertex 5.4 5.91521 3.4
      vertex 5.32133 6.01107 2.4
    endloop
  endfacet
  facet normal -0.773018 -0.634384 -0
    outer loop
      vertex 5.63223 5.63223 5.4
      vertex 5.4 5.91521 3.4
      vertex 5.63223 5.63223 2.4
    endloop
  endfacet
  facet normal -0.773018 -0.634384 0
    outer loop
      vertex 5.4 5.91521 3.4
      vertex 5.63223 5.63223 5.4
      vertex 5.4 5.91521 5.4
    endloop
  endfacet
  facet normal 0.881918 0.471402 0
    outer loop
      vertex 9.7097 8.35671 5.4
      vertex 9.47867 8.78893 2.4
      vertex 9.47867 8.78893 5.4
    endloop
  endfacet
  facet normal 0.881918 0.471402 0
    outer loop
      vertex 9.47867 8.78893 2.4
      vertex 9.7097 8.35671 5.4
      vertex 9.7097 8.35671 2.4
    endloop
  endfacet
  facet normal 0.956942 0.290278 0
    outer loop
      vertex 9.85196 7.88773 5.4
      vertex 9.7097 8.35671 2.4
      vertex 9.7097 8.35671 5.4
    endloop
  endfacet
  facet normal 0.956942 0.290278 0
    outer loop
      vertex 9.7097 8.35671 2.4
      vertex 9.85196 7.88773 5.4
      vertex 9.85196 7.88773 2.4
    endloop
  endfacet
  facet normal 0.471402 0.881918 -0
    outer loop
      vertex 8.78893 9.47867 2.4
      vertex 8.35671 9.7097 5.4
      vertex 8.78893 9.47867 5.4
    endloop
  endfacet
  facet normal 0.471402 0.881918 0
    outer loop
      vertex 8.35671 9.7097 5.4
      vertex 8.78893 9.47867 2.4
      vertex 8.35671 9.7097 2.4
    endloop
  endfacet
  facet normal 0.290278 0.956942 -0
    outer loop
      vertex 8.35671 9.7097 2.4
      vertex 7.88773 9.85196 5.4
      vertex 8.35671 9.7097 5.4
    endloop
  endfacet
  facet normal 0.290278 0.956942 0
    outer loop
      vertex 7.88773 9.85196 5.4
      vertex 8.35671 9.7097 2.4
      vertex 7.88773 9.85196 2.4
    endloop
  endfacet
  facet normal 0.634386 0.773016 -0
    outer loop
      vertex 9.16777 9.16777 2.4
      vertex 8.78893 9.47867 5.4
      vertex 9.16777 9.16777 5.4
    endloop
  endfacet
  facet normal 0.634386 0.773016 0
    outer loop
      vertex 8.78893 9.47867 5.4
      vertex 9.16777 9.16777 2.4
      vertex 8.78893 9.47867 2.4
    endloop
  endfacet
  facet normal -0.881918 0.471402 0
    outer loop
      vertex 5.0903 8.35671 2.4
      vertex 5.32133 8.78893 3.4
      vertex 5.32133 8.78893 2.4
    endloop
  endfacet
  facet normal -0.881918 0.471402 0
    outer loop
      vertex 5.32133 8.78893 3.4
      vertex 5.0903 8.35671 2.4
      vertex 5.0903 8.35671 3.4
    endloop
  endfacet
  facet normal -0.773018 0.634384 0
    outer loop
      vertex 5.63223 9.16777 2.4
      vertex 5.4 8.88479 3.4
      vertex 5.63223 9.16777 5.4
    endloop
  endfacet
  facet normal -0.773016 0.634386 9.56578e-07
    outer loop
      vertex 5.32133 8.78893 2.4
      vertex 5.4 8.88479 3.4
      vertex 5.63223 9.16777 2.4
    endloop
  endfacet
  facet normal -0.773012 0.634392 0
    outer loop
      vertex 5.4 8.88479 3.4
      vertex 5.32133 8.78893 2.4
      vertex 5.32133 8.78893 3.4
    endloop
  endfacet
  facet normal -0.773018 0.634384 0
    outer loop
      vertex 5.63223 9.16777 5.4
      vertex 5.4 8.88479 3.4
      vertex 5.4 8.88479 5.4
    endloop
  endfacet
  facet normal -0.956942 0.290278 0
    outer loop
      vertex 4.94804 7.88773 2.4
      vertex 5.0903 8.35671 3.4
      vertex 5.0903 8.35671 2.4
    endloop
  endfacet
  facet normal -0.956942 0.290278 0
    outer loop
      vertex 5.0903 8.35671 3.4
      vertex 4.94804 7.88773 2.4
      vertex 4.94804 7.88773 3.4
    endloop
  endfacet
  facet normal 0 0 1
    outer loop
      vertex 9.85196 7.88773 5.4
      vertex 8.6557 7.73646 5.4
      vertex 8.7 7.4 5.4
    endloop
  endfacet
  facet normal 0 0 1
    outer loop
      vertex 9.16777 9.16777 5.4
      vertex 8.52583 8.05 5.4
      vertex 8.6557 7.73646 5.4
    endloop
  endfacet
  facet normal 0 0 1
    outer loop
      vertex 8.05 8.52583 5.4
      vertex 8.78893 9.47867 5.4
      vertex 8.35671 9.7097 5.4
    endloop
  endfacet
  facet normal 0 0 1
    outer loop
      vertex 9.16777 9.16777 5.4
      vertex 8.31924 8.31924 5.4
      vertex 8.52583 8.05 5.4
    endloop
  endfacet
  facet normal 0 0 1
    outer loop
      vertex 8.78893 9.47867 5.4
      vertex 8.05 8.52583 5.4
      vertex 8.31924 8.31924 5.4
    endloop
  endfacet
  facet normal 0 0 1
    outer loop
      vertex 7.73646 8.6557 5.4
      vertex 8.35671 9.7097 5.4
      vertex 7.88773 9.85196 5.4
    endloop
  endfacet
  facet normal 0 0 1
    outer loop
      vertex 8.35671 9.7097 5.4
      vertex 7.73646 8.6557 5.4
      vertex 8.05 8.52583 5.4
    endloop
  endfacet
  facet normal 0 0 1
    outer loop
      vertex 7.4 8.7 5.4
      vertex 7.88773 9.85196 5.4
      vertex 7.4 9.9 5.4
    endloop
  endfacet
  facet normal 0 0 1
    outer loop
      vertex 7.88773 9.85196 5.4
      vertex 7.4 8.7 5.4
      vertex 7.73646 8.6557 5.4
    endloop
  endfacet
  facet normal -0 0 1
    outer loop
      vertex 6.91227 9.85196 5.4
      vertex 7.4 8.7 5.4
      vertex 7.4 9.9 5.4
    endloop
  endfacet
  facet normal 0 0 1
    outer loop
      vertex 7.4 8.7 5.4
      vertex 6.91227 9.85196 5.4
      vertex 7.06354 8.6557 5.4
    endloop
  endfacet
  facet normal -0 0 1
    outer loop
      vertex 6.44329 9.7097 5.4
      vertex 7.06354 8.6557 5.4
      vertex 6.91227 9.85196 5.4
    endloop
  endfacet
  facet normal 0 0 1
    outer loop
      vertex 7.06354 8.6557 5.4
      vertex 6.44329 9.7097 5.4
      vertex 6.75 8.52583 5.4
    endloop
  endfacet
  facet normal -0 0 1
    outer loop
      vertex 6.01107 9.47867 5.4
      vertex 6.75 8.52583 5.4
      vertex 6.44329 9.7097 5.4
    endloop
  endfacet
  facet normal 0 0 1
    outer loop
      vertex 6.75 8.52583 5.4
      vertex 6.01107 9.47867 5.4
      vertex 6.48076 8.31924 5.4
    endloop
  endfacet
  facet normal -0 0 1
    outer loop
      vertex 5.63223 9.16777 5.4
      vertex 6.48076 8.31924 5.4
      vertex 6.01107 9.47867 5.4
    endloop
  endfacet
  facet normal 0 0 1
    outer loop
      vertex 6.48076 8.31924 5.4
      vertex 5.4 8.88479 5.4
      vertex 6.27417 8.05 5.4
    endloop
  endfacet
  facet normal -0 0 1
    outer loop
      vertex 5.4 8.88479 5.4
      vertex 6.48076 8.31924 5.4
      vertex 5.63223 9.16777 5.4
    endloop
  endfacet
  facet normal 0 0 1
    outer loop
      vertex 8.7 7.4 5.4
      vertex 9.9 7.4 5.4
      vertex 9.85196 7.88773 5.4
    endloop
  endfacet
  facet normal 0 0 1
    outer loop
      vertex 8.6557 7.73646 5.4
      vertex 9.85196 7.88773 5.4
      vertex 9.7097 8.35671 5.4
    endloop
  endfacet
  facet normal 0 0 1
    outer loop
      vertex 9.9 7.4 5.4
      vertex 8.7 7.4 5.4
      vertex 9.85196 6.91227 5.4
    endloop
  endfacet
  facet normal 0 0 1
    outer loop
      vertex 8.6557 7.73646 5.4
      vertex 9.7097 8.35671 5.4
      vertex 9.47867 8.78893 5.4
    endloop
  endfacet
  facet normal -0 0 1
    outer loop
      vertex 8.6557 7.06354 5.4
      vertex 9.85196 6.91227 5.4
      vertex 8.7 7.4 5.4
    endloop
  endfacet
  facet normal 0 0 1
    outer loop
      vertex 8.6557 7.73646 5.4
      vertex 9.47867 8.78893 5.4
      vertex 9.16777 9.16777 5.4
    endloop
  endfacet
  facet normal 0 0 1
    outer loop
      vertex 9.85196 6.91227 5.4
      vertex 8.6557 7.06354 5.4
      vertex 9.7097 6.44329 5.4
    endloop
  endfacet
  facet normal -0 0 1
    outer loop
      vertex 8.52583 6.75 5.4
      vertex 9.7097 6.44329 5.4
      vertex 8.6557 7.06354 5.4
    endloop
  endfacet
  facet normal 0 0 1
    outer loop
      vertex 8.31924 8.31924 5.4
      vertex 9.16777 9.16777 5.4
      vertex 8.78893 9.47867 5.4
    endloop
  endfacet
  facet normal 0 0 1
    outer loop
      vertex 9.7097 6.44329 5.4
      vertex 8.52583 6.75 5.4
      vertex 9.47867 6.01107 5.4
    endloop
  endfacet
  facet normal -0 0 1
    outer loop
      vertex 8.31924 6.48076 5.4
      vertex 9.47867 6.01107 5.4
      vertex 8.52583 6.75 5.4
    endloop
  endfacet
  facet normal 0 0 1
    outer loop
      vertex 9.47867 6.01107 5.4
      vertex 8.31924 6.48076 5.4
      vertex 9.16777 5.63223 5.4
    endloop
  endfacet
  facet normal 0 0 1
    outer loop
      vertex 9.16777 5.63223 5.4
      vertex 8.31924 6.48076 5.4
      vertex 8.88479 5.4 5.4
    endloop
  endfacet
  facet normal -0 0 1
    outer loop
      vertex 8.05 6.27417 5.4
      vertex 8.88479 5.4 5.4
      vertex 8.31924 6.48076 5.4
    endloop
  endfacet
  facet normal -0 0 1
    outer loop
      vertex 7.73646 6.1443 5.4
      vertex 8.88479 5.4 5.4
      vertex 8.05 6.27417 5.4
    endloop
  endfacet
  facet normal -0 0 1
    outer loop
      vertex 7.4 6.1 5.4
      vertex 8.88479 5.4 5.4
      vertex 7.73646 6.1443 5.4
    endloop
  endfacet
  facet normal 0 0 1
    outer loop
      vertex 5.91521 5.4 5.4
      vertex 7.4 6.1 5.4
      vertex 7.06354 6.1443 5.4
    endloop
  endfacet
  facet normal 0 0 1
    outer loop
      vertex 7.4 6.1 5.4
      vertex 5.91521 5.4 5.4
      vertex 8.88479 5.4 5.4
    endloop
  endfacet
  facet normal 0 0 1
    outer loop
      vertex 6.75 6.27417 5.4
      vertex 5.91521 5.4 5.4
      vertex 7.06354 6.1443 5.4
    endloop
  endfacet
  facet normal 0 0 1
    outer loop
      vertex 6.48076 6.48076 5.4
      vertex 5.91521 5.4 5.4
      vertex 6.75 6.27417 5.4
    endloop
  endfacet
  facet normal 0 0 1
    outer loop
      vertex 5.4 5.91521 5.4
      vertex 6.48076 6.48076 5.4
      vertex 6.27417 6.75 5.4
    endloop
  endfacet
  facet normal 0 0 1
    outer loop
      vertex 5.4 5.91521 5.4
      vertex 6.27417 6.75 5.4
      vertex 6.1443 7.06354 5.4
    endloop
  endfacet
  facet normal 0 0 1
    outer loop
      vertex 5.4 5.91521 5.4
      vertex 6.1443 7.06354 5.4
      vertex 6.1 7.4 5.4
    endloop
  endfacet
  facet normal 0 0 1
    outer loop
      vertex 6.27417 8.05 5.4
      vertex 5.4 8.88479 5.4
      vertex 6.1443 7.73646 5.4
    endloop
  endfacet
  facet normal 0 0 1
    outer loop
      vertex 6.1443 7.73646 5.4
      vertex 5.4 8.88479 5.4
      vertex 6.1 7.4 5.4
    endloop
  endfacet
  facet normal 0 0 1
    outer loop
      vertex 5.4 5.91521 5.4
      vertex 6.1 7.4 5.4
      vertex 5.4 8.88479 5.4
    endloop
  endfacet
  facet normal 0 0 1
    outer loop
      vertex 6.48076 6.48076 5.4
      vertex 5.4 5.91521 5.4
      vertex 5.63223 5.63223 5.4
    endloop
  endfacet
  facet normal 0 0 1
    outer loop
      vertex 6.48076 6.48076 5.4
      vertex 5.63223 5.63223 5.4
      vertex 5.91521 5.4 5.4
    endloop
  endfacet
  facet normal -0.471402 0.881918 0
    outer loop
      vertex 6.44329 9.7097 2.4
      vertex 6.01107 9.47867 5.4
      vertex 6.44329 9.7097 5.4
    endloop
  endfacet
  facet normal -0.471402 0.881918 0
    outer loop
      vertex 6.01107 9.47867 5.4
      vertex 6.44329 9.7097 2.4
      vertex 6.01107 9.47867 2.4
    endloop
  endfacet
  facet normal -0.0980228 0.995184 0
    outer loop
      vertex 7.4 9.9 2.4
      vertex 6.91227 9.85196 5.4
      vertex 7.4 9.9 5.4
    endloop
  endfacet
  facet normal -0.0980228 0.995184 0
    outer loop
      vertex 6.91227 9.85196 5.4
      vertex 7.4 9.9 2.4
      vertex 6.91227 9.85196 2.4
    endloop
  endfacet
  facet normal 0.0980228 -0.995184 0
    outer loop
      vertex 7.4 4.9 2.4
      vertex 7.88773 4.94804 3.4
      vertex 7.4 4.9 3.4
    endloop
  endfacet
  facet normal 0.0980228 -0.995184 0
    outer loop
      vertex 7.88773 4.94804 3.4
      vertex 7.4 4.9 2.4
      vertex 7.88773 4.94804 2.4
    endloop
  endfacet
  facet normal 0.471402 -0.881918 0
    outer loop
      vertex 8.35671 5.0903 2.4
      vertex 8.78893 5.32133 3.4
      vertex 8.35671 5.0903 3.4
    endloop
  endfacet
  facet normal 0.471402 -0.881918 0
    outer loop
      vertex 8.78893 5.32133 3.4
      vertex 8.35671 5.0903 2.4
      vertex 8.78893 5.32133 2.4
    endloop
  endfacet
  facet normal -0.634384 -0.773018 0
    outer loop
      vertex 5.63223 5.63223 5.4
      vertex 5.91521 5.4 3.4
      vertex 5.91521 5.4 5.4
    endloop
  endfacet
  facet normal -0.634384 -0.773018 0
    outer loop
      vertex 5.63223 5.63223 2.4
      vertex 5.91521 5.4 3.4
      vertex 5.63223 5.63223 5.4
    endloop
  endfacet
  facet normal -0.634386 -0.773016 9.56578e-07
    outer loop
      vertex 6.01107 5.32133 2.4
      vertex 5.91521 5.4 3.4
      vertex 5.63223 5.63223 2.4
    endloop
  endfacet
  facet normal -0.634392 -0.773012 0
    outer loop
      vertex 5.91521 5.4 3.4
      vertex 6.01107 5.32133 2.4
      vertex 6.01107 5.32133 3.4
    endloop
  endfacet
  facet normal -0.290278 -0.956942 0
    outer loop
      vertex 6.44329 5.0903 2.4
      vertex 6.91227 4.94804 3.4
      vertex 6.44329 5.0903 3.4
    endloop
  endfacet
  facet normal -0.290278 -0.956942 -0
    outer loop
      vertex 6.91227 4.94804 3.4
      vertex 6.44329 5.0903 2.4
      vertex 6.91227 4.94804 2.4
    endloop
  endfacet
  facet normal -0.995184 -0.0980228 0
    outer loop
      vertex 4.94804 6.91227 2.4
      vertex 4.9 7.4 3.4
      vertex 4.9 7.4 2.4
    endloop
  endfacet
  facet normal -0.995184 -0.0980228 0
    outer loop
      vertex 4.9 7.4 3.4
      vertex 4.94804 6.91227 2.4
      vertex 4.94804 6.91227 3.4
    endloop
  endfacet
  facet normal -0.881918 -0.471402 0
    outer loop
      vertex 5.32133 6.01107 2.4
      vertex 5.0903 6.44329 3.4
      vertex 5.0903 6.44329 2.4
    endloop
  endfacet
  facet normal -0.881918 -0.471402 0
    outer loop
      vertex 5.0903 6.44329 3.4
      vertex 5.32133 6.01107 2.4
      vertex 5.32133 6.01107 3.4
    endloop
  endfacet
  facet normal -0.956942 -0.290278 0
    outer loop
      vertex 5.0903 6.44329 2.4
      vertex 4.94804 6.91227 3.4
      vertex 4.94804 6.91227 2.4
    endloop
  endfacet
  facet normal -0.956942 -0.290278 0
    outer loop
      vertex 4.94804 6.91227 3.4
      vertex 5.0903 6.44329 2.4
      vertex 5.0903 6.44329 3.4
    endloop
  endfacet
  facet normal 0.290278 -0.956942 0
    outer loop
      vertex 7.88773 4.94804 2.4
      vertex 8.35671 5.0903 3.4
      vertex 7.88773 4.94804 3.4
    endloop
  endfacet
  facet normal 0.290278 -0.956942 0
    outer loop
      vertex 8.35671 5.0903 3.4
      vertex 7.88773 4.94804 2.4
      vertex 8.35671 5.0903 2.4
    endloop
  endfacet
  facet normal 0.634392 -0.773012 0
    outer loop
      vertex 8.78893 5.32133 3.4
      vertex 8.78893 5.32133 2.4
      vertex 8.88479 5.4 3.4
    endloop
  endfacet
  facet normal 0.634384 -0.773018 0
    outer loop
      vertex 8.88479 5.4 3.4
      vertex 9.16777 5.63223 5.4
      vertex 8.88479 5.4 5.4
    endloop
  endfacet
  facet normal 0.634386 -0.773016 9.56578e-07
    outer loop
      vertex 9.16777 5.63223 2.4
      vertex 8.88479 5.4 3.4
      vertex 8.78893 5.32133 2.4
    endloop
  endfacet
  facet normal 0.634384 -0.773018 0
    outer loop
      vertex 8.88479 5.4 3.4
      vertex 9.16777 5.63223 2.4
      vertex 9.16777 5.63223 5.4
    endloop
  endfacet
  facet normal 0.773016 -0.634386 0
    outer loop
      vertex 9.16777 5.63223 5.4
      vertex 9.47867 6.01107 2.4
      vertex 9.47867 6.01107 5.4
    endloop
  endfacet
  facet normal 0.773016 -0.634386 0
    outer loop
      vertex 9.47867 6.01107 2.4
      vertex 9.16777 5.63223 5.4
      vertex 9.16777 5.63223 2.4
    endloop
  endfacet
  facet normal -0.471402 -0.881918 0
    outer loop
      vertex 6.01107 5.32133 2.4
      vertex 6.44329 5.0903 3.4
      vertex 6.01107 5.32133 3.4
    endloop
  endfacet
  facet normal -0.471402 -0.881918 -0
    outer loop
      vertex 6.44329 5.0903 3.4
      vertex 6.01107 5.32133 2.4
      vertex 6.44329 5.0903 2.4
    endloop
  endfacet
  facet normal -0.0980228 -0.995184 0
    outer loop
      vertex 6.91227 4.94804 2.4
      vertex 7.4 4.9 3.4
      vertex 6.91227 4.94804 3.4
    endloop
  endfacet
  facet normal -0.0980228 -0.995184 -0
    outer loop
      vertex 7.4 4.9 3.4
      vertex 6.91227 4.94804 2.4
      vertex 7.4 4.9 2.4
    endloop
  endfacet
  facet normal 0.956942 -0.290278 0
    outer loop
      vertex 9.7097 6.44329 5.4
      vertex 9.85196 6.91227 2.4
      vertex 9.85196 6.91227 5.4
    endloop
  endfacet
  facet normal 0.956942 -0.290278 0
    outer loop
      vertex 9.85196 6.91227 2.4
      vertex 9.7097 6.44329 5.4
      vertex 9.7097 6.44329 2.4
    endloop
  endfacet
  facet normal 0.881918 -0.471402 0
    outer loop
      vertex 9.47867 6.01107 5.4
      vertex 9.7097 6.44329 2.4
      vertex 9.7097 6.44329 5.4
    endloop
  endfacet
  facet normal 0.881918 -0.471402 0
    outer loop
      vertex 9.7097 6.44329 2.4
      vertex 9.47867 6.01107 5.4
      vertex 9.47867 6.01107 2.4
    endloop
  endfacet
  facet normal 0.995184 -0.0980228 0
    outer loop
      vertex 9.85196 6.91227 5.4
      vertex 9.9 7.4 2.4
      vertex 9.9 7.4 5.4
    endloop
  endfacet
  facet normal 0.995184 -0.0980228 0
    outer loop
      vertex 9.9 7.4 2.4
      vertex 9.85196 6.91227 5.4
      vertex 9.85196 6.91227 2.4
    endloop
  endfacet
  facet normal -0.991443 -0.130538 0
    outer loop
      vertex 8.7 7.4 2.4
      vertex 8.6557 7.73646 5.4
      vertex 8.6557 7.73646 2.4
    endloop
  endfacet
  facet normal -0.991443 -0.130538 0
    outer loop
      vertex 8.6557 7.73646 5.4
      vertex 8.7 7.4 2.4
      vertex 8.7 7.4 5.4
    endloop
  endfacet
  facet normal 0.991443 -0.130538 0
    outer loop
      vertex 6.1 7.4 5.4
      vertex 6.1443 7.73646 2.4
      vertex 6.1443 7.73646 5.4
    endloop
  endfacet
  facet normal 0.991443 -0.130538 0
    outer loop
      vertex 6.1443 7.73646 2.4
      vertex 6.1 7.4 5.4
      vertex 6.1 7.4 2.4
    endloop
  endfacet
  facet normal -0.130538 -0.991443 0
    outer loop
      vertex 7.4 8.7 2.4
      vertex 7.73646 8.6557 5.4
      vertex 7.4 8.7 5.4
    endloop
  endfacet
  facet normal -0.130538 -0.991443 -0
    outer loop
      vertex 7.73646 8.6557 5.4
      vertex 7.4 8.7 2.4
      vertex 7.73646 8.6557 2.4
    endloop
  endfacet
  facet normal -0.608752 -0.793361 0
    outer loop
      vertex 8.05 8.52583 2.4
      vertex 8.31924 8.31924 5.4
      vertex 8.05 8.52583 5.4
    endloop
  endfacet
  facet normal -0.608752 -0.793361 -0
    outer loop
      vertex 8.31924 8.31924 5.4
      vertex 8.05 8.52583 2.4
      vertex 8.31924 8.31924 2.4
    endloop
  endfacet
  facet normal -0.923882 -0.382677 0
    outer loop
      vertex 8.6557 7.73646 2.4
      vertex 8.52583 8.05 5.4
      vertex 8.52583 8.05 2.4
    endloop
  endfacet
  facet normal -0.923882 -0.382677 0
    outer loop
      vertex 8.52583 8.05 5.4
      vertex 8.6557 7.73646 2.4
      vertex 8.6557 7.73646 5.4
    endloop
  endfacet
  facet normal -0.382677 -0.923882 0
    outer loop
      vertex 7.73646 8.6557 2.4
      vertex 8.05 8.52583 5.4
      vertex 7.73646 8.6557 5.4
    endloop
  endfacet
  facet normal -0.382677 -0.923882 -0
    outer loop
      vertex 8.05 8.52583 5.4
      vertex 7.73646 8.6557 2.4
      vertex 8.05 8.52583 2.4
    endloop
  endfacet
  facet normal 0.608752 -0.793361 0
    outer loop
      vertex 6.48076 8.31924 2.4
      vertex 6.75 8.52583 5.4
      vertex 6.48076 8.31924 5.4
    endloop
  endfacet
  facet normal 0.608752 -0.793361 0
    outer loop
      vertex 6.75 8.52583 5.4
      vertex 6.48076 8.31924 2.4
      vertex 6.75 8.52583 2.4
    endloop
  endfacet
  facet normal 0.793361 -0.608752 0
    outer loop
      vertex 6.27417 8.05 5.4
      vertex 6.48076 8.31924 2.4
      vertex 6.48076 8.31924 5.4
    endloop
  endfacet
  facet normal 0.793361 -0.608752 0
    outer loop
      vertex 6.48076 8.31924 2.4
      vertex 6.27417 8.05 5.4
      vertex 6.27417 8.05 2.4
    endloop
  endfacet
  facet normal 0.382677 -0.923882 0
    outer loop
      vertex 6.75 8.52583 2.4
      vertex 7.06354 8.6557 5.4
      vertex 6.75 8.52583 5.4
    endloop
  endfacet
  facet normal 0.382677 -0.923882 0
    outer loop
      vertex 7.06354 8.6557 5.4
      vertex 6.75 8.52583 2.4
      vertex 7.06354 8.6557 2.4
    endloop
  endfacet
  facet normal -0.923882 0.382677 0
    outer loop
      vertex 8.52583 6.75 2.4
      vertex 8.6557 7.06354 5.4
      vertex 8.6557 7.06354 2.4
    endloop
  endfacet
  facet normal -0.923882 0.382677 0
    outer loop
      vertex 8.6557 7.06354 5.4
      vertex 8.52583 6.75 2.4
      vertex 8.52583 6.75 5.4
    endloop
  endfacet
  facet normal 0.608752 0.793361 -0
    outer loop
      vertex 6.75 6.27417 2.4
      vertex 6.48076 6.48076 5.4
      vertex 6.75 6.27417 5.4
    endloop
  endfacet
  facet normal 0.608752 0.793361 0
    outer loop
      vertex 6.48076 6.48076 5.4
      vertex 6.75 6.27417 2.4
      vertex 6.48076 6.48076 2.4
    endloop
  endfacet
  facet normal -0.793361 -0.608752 0
    outer loop
      vertex 8.52583 8.05 2.4
      vertex 8.31924 8.31924 5.4
      vertex 8.31924 8.31924 2.4
    endloop
  endfacet
  facet normal -0.793361 -0.608752 0
    outer loop
      vertex 8.31924 8.31924 5.4
      vertex 8.52583 8.05 2.4
      vertex 8.52583 8.05 5.4
    endloop
  endfacet
  facet normal 0.923882 -0.382677 0
    outer loop
      vertex 6.1443 7.73646 5.4
      vertex 6.27417 8.05 2.4
      vertex 6.27417 8.05 5.4
    endloop
  endfacet
  facet normal 0.923882 -0.382677 0
    outer loop
      vertex 6.27417 8.05 2.4
      vertex 6.1443 7.73646 5.4
      vertex 6.1443 7.73646 2.4
    endloop
  endfacet
  facet normal 0.130538 -0.991443 0
    outer loop
      vertex 7.06354 8.6557 2.4
      vertex 7.4 8.7 5.4
      vertex 7.06354 8.6557 5.4
    endloop
  endfacet
  facet normal 0.130538 -0.991443 0
    outer loop
      vertex 7.4 8.7 5.4
      vertex 7.06354 8.6557 2.4
      vertex 7.4 8.7 2.4
    endloop
  endfacet
  facet normal -0.991443 0.130538 0
    outer loop
      vertex 8.6557 7.06354 2.4
      vertex 8.7 7.4 5.4
      vertex 8.7 7.4 2.4
    endloop
  endfacet
  facet normal -0.991443 0.130538 0
    outer loop
      vertex 8.7 7.4 5.4
      vertex 8.6557 7.06354 2.4
      vertex 8.6557 7.06354 5.4
    endloop
  endfacet
  facet normal -0.130538 0.991443 0
    outer loop
      vertex 7.73646 6.1443 2.4
      vertex 7.4 6.1 5.4
      vertex 7.73646 6.1443 5.4
    endloop
  endfacet
  facet normal -0.130538 0.991443 0
    outer loop
      vertex 7.4 6.1 5.4
      vertex 7.73646 6.1443 2.4
      vertex 7.4 6.1 2.4
    endloop
  endfacet
  facet normal -0.608752 0.793361 0
    outer loop
      vertex 8.31924 6.48076 2.4
      vertex 8.05 6.27417 5.4
      vertex 8.31924 6.48076 5.4
    endloop
  endfacet
  facet normal -0.608752 0.793361 0
    outer loop
      vertex 8.05 6.27417 5.4
      vertex 8.31924 6.48076 2.4
      vertex 8.05 6.27417 2.4
    endloop
  endfacet
  facet normal 0.382677 0.923882 -0
    outer loop
      vertex 7.06354 6.1443 2.4
      vertex 6.75 6.27417 5.4
      vertex 7.06354 6.1443 5.4
    endloop
  endfacet
  facet normal 0.382677 0.923882 0
    outer loop
      vertex 6.75 6.27417 5.4
      vertex 7.06354 6.1443 2.4
      vertex 6.75 6.27417 2.4
    endloop
  endfacet
  facet normal 0.793361 0.608752 0
    outer loop
      vertex 6.48076 6.48076 5.4
      vertex 6.27417 6.75 2.4
      vertex 6.27417 6.75 5.4
    endloop
  endfacet
  facet normal 0.793361 0.608752 0
    outer loop
      vertex 6.27417 6.75 2.4
      vertex 6.48076 6.48076 5.4
      vertex 6.48076 6.48076 2.4
    endloop
  endfacet
  facet normal 0.991443 0.130538 0
    outer loop
      vertex 6.1443 7.06354 5.4
      vertex 6.1 7.4 2.4
      vertex 6.1 7.4 5.4
    endloop
  endfacet
  facet normal 0.991443 0.130538 0
    outer loop
      vertex 6.1 7.4 2.4
      vertex 6.1443 7.06354 5.4
      vertex 6.1443 7.06354 2.4
    endloop
  endfacet
  facet normal -0.382677 0.923882 0
    outer loop
      vertex 8.05 6.27417 2.4
      vertex 7.73646 6.1443 5.4
      vertex 8.05 6.27417 5.4
    endloop
  endfacet
  facet normal -0.382677 0.923882 0
    outer loop
      vertex 7.73646 6.1443 5.4
      vertex 8.05 6.27417 2.4
      vertex 7.73646 6.1443 2.4
    endloop
  endfacet
  facet normal -0.793361 0.608752 0
    outer loop
      vertex 8.31924 6.48076 2.4
      vertex 8.52583 6.75 5.4
      vertex 8.52583 6.75 2.4
    endloop
  endfacet
  facet normal -0.793361 0.608752 0
    outer loop
      vertex 8.52583 6.75 5.4
      vertex 8.31924 6.48076 2.4
      vertex 8.31924 6.48076 5.4
    endloop
  endfacet
  facet normal 0.130538 0.991443 -0
    outer loop
      vertex 7.4 6.1 2.4
      vertex 7.06354 6.1443 5.4
      vertex 7.4 6.1 5.4
    endloop
  endfacet
  facet normal 0.130538 0.991443 0
    outer loop
      vertex 7.06354 6.1443 5.4
      vertex 7.4 6.1 2.4
      vertex 7.06354 6.1443 2.4
    endloop
  endfacet
  facet normal 0.923882 0.382677 0
    outer loop
      vertex 6.27417 6.75 5.4
      vertex 6.1443 7.06354 2.4
      vertex 6.1443 7.06354 5.4
    endloop
  endfacet
  facet normal 0.923882 0.382677 0
    outer loop
      vertex 6.1443 7.06354 2.4
      vertex 6.27417 6.75 5.4
      vertex 6.27417 6.75 2.4
    endloop
  endfacet
  facet normal 0.995192 0.0979419 0
    outer loop
      vertex 86.1 7.4 5.4
      vertex 86.052 7.88773 2.4
      vertex 86.052 7.88773 5.4
    endloop
  endfacet
  facet normal 0.995192 0.0979419 0
    outer loop
      vertex 86.052 7.88773 2.4
      vertex 86.1 7.4 5.4
      vertex 86.1 7.4 2.4
    endloop
  endfacet
  facet normal -0.995192 0.0979419 0
    outer loop
      vertex 81.1 7.4 2.4
      vertex 81.148 7.88773 5.4
      vertex 81.148 7.88773 2.4
    endloop
  endfacet
  facet normal -0.995192 0.0979419 0
    outer loop
      vertex 81.148 7.88773 5.4
      vertex 81.1 7.4 2.4
      vertex 81.1 7.4 5.4
    endloop
  endfacet
  facet normal 0.0980287 0.995184 -0
    outer loop
      vertex 84.0877 9.85196 2.4
      vertex 83.6 9.9 5.4
      vertex 84.0877 9.85196 5.4
    endloop
  endfacet
  facet normal 0.0980287 0.995184 0
    outer loop
      vertex 83.6 9.9 5.4
      vertex 84.0877 9.85196 2.4
      vertex 83.6 9.9 2.4
    endloop
  endfacet
  facet normal 0.773016 0.634386 0
    outer loop
      vertex 85.6787 8.78893 5.4
      vertex 85.3678 9.16777 2.4
      vertex 85.3678 9.16777 5.4
    endloop
  endfacet
  facet normal 0.773016 0.634386 0
    outer loop
      vertex 85.3678 9.16777 2.4
      vertex 85.6787 8.78893 5.4
      vertex 85.6787 8.78893 2.4
    endloop
  endfacet
  facet normal -0.634326 0.773066 0
    outer loop
      vertex 82.2111 9.47867 2.4
      vertex 81.8322 9.16777 5.4
      vertex 82.2111 9.47867 5.4
    endloop
  endfacet
  facet normal -0.634326 0.773066 0
    outer loop
      vertex 81.8322 9.16777 5.4
      vertex 82.2111 9.47867 2.4
      vertex 81.8322 9.16777 2.4
    endloop
  endfacet
  facet normal -0.290267 0.956946 0
    outer loop
      vertex 83.1123 9.85196 2.4
      vertex 82.6433 9.7097 5.4
      vertex 83.1123 9.85196 5.4
    endloop
  endfacet
  facet normal -0.290267 0.956946 0
    outer loop
      vertex 82.6433 9.7097 5.4
      vertex 83.1123 9.85196 2.4
      vertex 82.6433 9.7097 2.4
    endloop
  endfacet
  facet normal -0.773016 -0.634386 0
    outer loop
      vertex 81.8322 5.63223 2.4
      vertex 81.5213 6.01107 5.4
      vertex 81.5213 6.01107 2.4
    endloop
  endfacet
  facet normal -0.773016 -0.634386 0
    outer loop
      vertex 81.5213 6.01107 5.4
      vertex 81.8322 5.63223 2.4
      vertex 81.8322 5.63223 5.4
    endloop
  endfacet
  facet normal 0.881944 0.471355 0
    outer loop
      vertex 85.9097 8.35671 5.4
      vertex 85.6787 8.78893 2.4
      vertex 85.6787 8.78893 5.4
    endloop
  endfacet
  facet normal 0.881944 0.471355 0
    outer loop
      vertex 85.6787 8.78893 2.4
      vertex 85.9097 8.35671 5.4
      vertex 85.9097 8.35671 2.4
    endloop
  endfacet
  facet normal 0.95692 0.290353 0
    outer loop
      vertex 86.052 7.88773 5.4
      vertex 85.9097 8.35671 2.4
      vertex 85.9097 8.35671 5.4
    endloop
  endfacet
  facet normal 0.95692 0.290353 0
    outer loop
      vertex 85.9097 8.35671 2.4
      vertex 86.052 7.88773 5.4
      vertex 86.052 7.88773 2.4
    endloop
  endfacet
  facet normal 0.471419 0.881909 -0
    outer loop
      vertex 84.9889 9.47867 2.4
      vertex 84.5567 9.7097 5.4
      vertex 84.9889 9.47867 5.4
    endloop
  endfacet
  facet normal 0.471419 0.881909 0
    outer loop
      vertex 84.5567 9.7097 5.4
      vertex 84.9889 9.47867 2.4
      vertex 84.5567 9.7097 2.4
    endloop
  endfacet
  facet normal 0.290267 0.956946 -0
    outer loop
      vertex 84.5567 9.7097 2.4
      vertex 84.0877 9.85196 5.4
      vertex 84.5567 9.7097 5.4
    endloop
  endfacet
  facet normal 0.290267 0.956946 0
    outer loop
      vertex 84.0877 9.85196 5.4
      vertex 84.5567 9.7097 2.4
      vertex 84.0877 9.85196 2.4
    endloop
  endfacet
  facet normal 0.634326 0.773066 -0
    outer loop
      vertex 85.3678 9.16777 2.4
      vertex 84.9889 9.47867 5.4
      vertex 85.3678 9.16777 5.4
    endloop
  endfacet
  facet normal 0.634326 0.773066 0
    outer loop
      vertex 84.9889 9.47867 5.4
      vertex 85.3678 9.16777 2.4
      vertex 84.9889 9.47867 2.4
    endloop
  endfacet
  facet normal -0.881944 0.471355 0
    outer loop
      vertex 81.2903 8.35671 2.4
      vertex 81.5213 8.78893 5.4
      vertex 81.5213 8.78893 2.4
    endloop
  endfacet
  facet normal -0.881944 0.471355 0
    outer loop
      vertex 81.5213 8.78893 5.4
      vertex 81.2903 8.35671 2.4
      vertex 81.2903 8.35671 5.4
    endloop
  endfacet
  facet normal -0.773016 0.634386 0
    outer loop
      vertex 81.5213 8.78893 2.4
      vertex 81.8322 9.16777 5.4
      vertex 81.8322 9.16777 2.4
    endloop
  endfacet
  facet normal -0.773016 0.634386 0
    outer loop
      vertex 81.8322 9.16777 5.4
      vertex 81.5213 8.78893 2.4
      vertex 81.5213 8.78893 5.4
    endloop
  endfacet
  facet normal -0.95692 0.290353 0
    outer loop
      vertex 81.148 7.88773 2.4
      vertex 81.2903 8.35671 5.4
      vertex 81.2903 8.35671 2.4
    endloop
  endfacet
  facet normal -0.95692 0.290353 0
    outer loop
      vertex 81.2903 8.35671 5.4
      vertex 81.148 7.88773 2.4
      vertex 81.148 7.88773 5.4
    endloop
  endfacet
  facet normal 0 0 1
    outer loop
      vertex 86.052 7.88773 5.4
      vertex 84.8557 7.73646 5.4
      vertex 84.9 7.4 5.4
    endloop
  endfacet
  facet normal 0 0 1
    outer loop
      vertex 85.3678 9.16777 5.4
      vertex 84.7258 8.05 5.4
      vertex 84.8557 7.73646 5.4
    endloop
  endfacet
  facet normal 0 0 1
    outer loop
      vertex 84.25 8.52583 5.4
      vertex 84.9889 9.47867 5.4
      vertex 84.5567 9.7097 5.4
    endloop
  endfacet
  facet normal 0 0 1
    outer loop
      vertex 85.3678 9.16777 5.4
      vertex 84.5192 8.31924 5.4
      vertex 84.7258 8.05 5.4
    endloop
  endfacet
  facet normal 0 0 1
    outer loop
      vertex 84.9889 9.47867 5.4
      vertex 84.25 8.52583 5.4
      vertex 84.5192 8.31924 5.4
    endloop
  endfacet
  facet normal 0 0 1
    outer loop
      vertex 83.9365 8.6557 5.4
      vertex 84.5567 9.7097 5.4
      vertex 84.0877 9.85196 5.4
    endloop
  endfacet
  facet normal 0 0 1
    outer loop
      vertex 84.5567 9.7097 5.4
      vertex 83.9365 8.6557 5.4
      vertex 84.25 8.52583 5.4
    endloop
  endfacet
  facet normal 0 0 1
    outer loop
      vertex 83.6 8.7 5.4
      vertex 84.0877 9.85196 5.4
      vertex 83.6 9.9 5.4
    endloop
  endfacet
  facet normal 0 0 1
    outer loop
      vertex 84.0877 9.85196 5.4
      vertex 83.6 8.7 5.4
      vertex 83.9365 8.6557 5.4
    endloop
  endfacet
  facet normal -0 0 1
    outer loop
      vertex 83.1123 9.85196 5.4
      vertex 83.6 8.7 5.4
      vertex 83.6 9.9 5.4
    endloop
  endfacet
  facet normal 0 0 1
    outer loop
      vertex 83.6 8.7 5.4
      vertex 83.1123 9.85196 5.4
      vertex 83.2635 8.6557 5.4
    endloop
  endfacet
  facet normal -0 0 1
    outer loop
      vertex 82.6433 9.7097 5.4
      vertex 83.2635 8.6557 5.4
      vertex 83.1123 9.85196 5.4
    endloop
  endfacet
  facet normal 0 0 1
    outer loop
      vertex 83.2635 8.6557 5.4
      vertex 82.6433 9.7097 5.4
      vertex 82.95 8.52583 5.4
    endloop
  endfacet
  facet normal -0 0 1
    outer loop
      vertex 82.2111 9.47867 5.4
      vertex 82.95 8.52583 5.4
      vertex 82.6433 9.7097 5.4
    endloop
  endfacet
  facet normal 0 0 1
    outer loop
      vertex 82.95 8.52583 5.4
      vertex 82.2111 9.47867 5.4
      vertex 82.6808 8.31924 5.4
    endloop
  endfacet
  facet normal -0 0 1
    outer loop
      vertex 81.8322 9.16777 5.4
      vertex 82.6808 8.31924 5.4
      vertex 82.2111 9.47867 5.4
    endloop
  endfacet
  facet normal 0 0 1
    outer loop
      vertex 82.6808 8.31924 5.4
      vertex 81.5213 8.78893 5.4
      vertex 82.4742 8.05 5.4
    endloop
  endfacet
  facet normal -0 0 1
    outer loop
      vertex 81.5213 8.78893 5.4
      vertex 82.6808 8.31924 5.4
      vertex 81.8322 9.16777 5.4
    endloop
  endfacet
  facet normal 0 0 1
    outer loop
      vertex 84.9 7.4 5.4
      vertex 86.1 7.4 5.4
      vertex 86.052 7.88773 5.4
    endloop
  endfacet
  facet normal 0 0 1
    outer loop
      vertex 84.8557 7.73646 5.4
      vertex 86.052 7.88773 5.4
      vertex 85.9097 8.35671 5.4
    endloop
  endfacet
  facet normal 0 0 1
    outer loop
      vertex 86.1 7.4 5.4
      vertex 84.9 7.4 5.4
      vertex 86.052 6.91227 5.4
    endloop
  endfacet
  facet normal 0 0 1
    outer loop
      vertex 84.8557 7.73646 5.4
      vertex 85.9097 8.35671 5.4
      vertex 85.6787 8.78893 5.4
    endloop
  endfacet
  facet normal -0 0 1
    outer loop
      vertex 84.8557 7.06354 5.4
      vertex 86.052 6.91227 5.4
      vertex 84.9 7.4 5.4
    endloop
  endfacet
  facet normal 0 0 1
    outer loop
      vertex 84.8557 7.73646 5.4
      vertex 85.6787 8.78893 5.4
      vertex 85.3678 9.16777 5.4
    endloop
  endfacet
  facet normal 0 0 1
    outer loop
      vertex 86.052 6.91227 5.4
      vertex 84.8557 7.06354 5.4
      vertex 85.9097 6.44329 5.4
    endloop
  endfacet
  facet normal -0 0 1
    outer loop
      vertex 84.7258 6.75 5.4
      vertex 85.9097 6.44329 5.4
      vertex 84.8557 7.06354 5.4
    endloop
  endfacet
  facet normal 0 0 1
    outer loop
      vertex 84.5192 8.31924 5.4
      vertex 85.3678 9.16777 5.4
      vertex 84.9889 9.47867 5.4
    endloop
  endfacet
  facet normal 0 0 1
    outer loop
      vertex 85.9097 6.44329 5.4
      vertex 84.7258 6.75 5.4
      vertex 85.6787 6.01107 5.4
    endloop
  endfacet
  facet normal -0 0 1
    outer loop
      vertex 84.5192 6.48076 5.4
      vertex 85.6787 6.01107 5.4
      vertex 84.7258 6.75 5.4
    endloop
  endfacet
  facet normal 0 0 1
    outer loop
      vertex 85.6787 6.01107 5.4
      vertex 84.5192 6.48076 5.4
      vertex 85.3678 5.63223 5.4
    endloop
  endfacet
  facet normal 0 0 1
    outer loop
      vertex 85.3678 5.63223 5.4
      vertex 84.5192 6.48076 5.4
      vertex 85.0848 5.4 5.4
    endloop
  endfacet
  facet normal -0 0 1
    outer loop
      vertex 84.25 6.27417 5.4
      vertex 85.0848 5.4 5.4
      vertex 84.5192 6.48076 5.4
    endloop
  endfacet
  facet normal -0 0 1
    outer loop
      vertex 83.9365 6.1443 5.4
      vertex 85.0848 5.4 5.4
      vertex 84.25 6.27417 5.4
    endloop
  endfacet
  facet normal -0 0 1
    outer loop
      vertex 83.6 6.1 5.4
      vertex 85.0848 5.4 5.4
      vertex 83.9365 6.1443 5.4
    endloop
  endfacet
  facet normal 0 0 1
    outer loop
      vertex 82.1152 5.4 5.4
      vertex 83.6 6.1 5.4
      vertex 83.2635 6.1443 5.4
    endloop
  endfacet
  facet normal 0 0 1
    outer loop
      vertex 83.6 6.1 5.4
      vertex 82.1152 5.4 5.4
      vertex 85.0848 5.4 5.4
    endloop
  endfacet
  facet normal 0 0 1
    outer loop
      vertex 82.95 6.27417 5.4
      vertex 82.1152 5.4 5.4
      vertex 83.2635 6.1443 5.4
    endloop
  endfacet
  facet normal 0 0 1
    outer loop
      vertex 82.6808 6.48076 5.4
      vertex 82.1152 5.4 5.4
      vertex 82.95 6.27417 5.4
    endloop
  endfacet
  facet normal 0 0 1
    outer loop
      vertex 81.5213 6.01107 5.4
      vertex 82.6808 6.48076 5.4
      vertex 82.4742 6.75 5.4
    endloop
  endfacet
  facet normal 0 0 1
    outer loop
      vertex 81.2903 6.44329 5.4
      vertex 82.4742 6.75 5.4
      vertex 82.3443 7.06354 5.4
    endloop
  endfacet
  facet normal 0 0 1
    outer loop
      vertex 81.148 6.91227 5.4
      vertex 82.3443 7.06354 5.4
      vertex 82.3 7.4 5.4
    endloop
  endfacet
  facet normal -0 0 1
    outer loop
      vertex 81.2903 8.35671 5.4
      vertex 82.4742 8.05 5.4
      vertex 81.5213 8.78893 5.4
    endloop
  endfacet
  facet normal 0 0 1
    outer loop
      vertex 82.4742 8.05 5.4
      vertex 81.2903 8.35671 5.4
      vertex 82.3443 7.73646 5.4
    endloop
  endfacet
  facet normal -0 0 1
    outer loop
      vertex 81.148 7.88773 5.4
      vertex 82.3443 7.73646 5.4
      vertex 81.2903 8.35671 5.4
    endloop
  endfacet
  facet normal 0 0 1
    outer loop
      vertex 82.6808 6.48076 5.4
      vertex 81.5213 6.01107 5.4
      vertex 81.8322 5.63223 5.4
    endloop
  endfacet
  facet normal 0 0 1
    outer loop
      vertex 82.6808 6.48076 5.4
      vertex 81.8322 5.63223 5.4
      vertex 82.1152 5.4 5.4
    endloop
  endfacet
  facet normal 0 0 1
    outer loop
      vertex 82.3443 7.73646 5.4
      vertex 81.148 7.88773 5.4
      vertex 82.3 7.4 5.4
    endloop
  endfacet
  facet normal 0 0 1
    outer loop
      vertex 82.4742 6.75 5.4
      vertex 81.2903 6.44329 5.4
      vertex 81.5213 6.01107 5.4
    endloop
  endfacet
  facet normal 0 0 1
    outer loop
      vertex 81.1 7.4 5.4
      vertex 82.3 7.4 5.4
      vertex 81.148 7.88773 5.4
    endloop
  endfacet
  facet normal 0 0 1
    outer loop
      vertex 82.3443 7.06354 5.4
      vertex 81.148 6.91227 5.4
      vertex 81.2903 6.44329 5.4
    endloop
  endfacet
  facet normal 0 0 1
    outer loop
      vertex 82.3 7.4 5.4
      vertex 81.1 7.4 5.4
      vertex 81.148 6.91227 5.4
    endloop
  endfacet
  facet normal -0.471419 0.881909 0
    outer loop
      vertex 82.6433 9.7097 2.4
      vertex 82.2111 9.47867 5.4
      vertex 82.6433 9.7097 5.4
    endloop
  endfacet
  facet normal -0.471419 0.881909 0
    outer loop
      vertex 82.2111 9.47867 5.4
      vertex 82.6433 9.7097 2.4
      vertex 82.2111 9.47867 2.4
    endloop
  endfacet
  facet normal -0.0980287 0.995184 0
    outer loop
      vertex 83.6 9.9 2.4
      vertex 83.1123 9.85196 5.4
      vertex 83.6 9.9 5.4
    endloop
  endfacet
  facet normal -0.0980287 0.995184 0
    outer loop
      vertex 83.1123 9.85196 5.4
      vertex 83.6 9.9 2.4
      vertex 83.1123 9.85196 2.4
    endloop
  endfacet
  facet normal 0.0980287 -0.995184 0
    outer loop
      vertex 83.6 4.9 2.4
      vertex 84.0877 4.94804 3.4
      vertex 83.6 4.9 3.4
    endloop
  endfacet
  facet normal 0.0980287 -0.995184 0
    outer loop
      vertex 84.0877 4.94804 3.4
      vertex 83.6 4.9 2.4
      vertex 84.0877 4.94804 2.4
    endloop
  endfacet
  facet normal 0.471419 -0.881909 0
    outer loop
      vertex 84.5567 5.0903 2.4
      vertex 84.9889 5.32133 3.4
      vertex 84.5567 5.0903 3.4
    endloop
  endfacet
  facet normal 0.471419 -0.881909 0
    outer loop
      vertex 84.9889 5.32133 3.4
      vertex 84.5567 5.0903 2.4
      vertex 84.9889 5.32133 2.4
    endloop
  endfacet
  facet normal -0.634357 -0.77304 0
    outer loop
      vertex 81.8322 5.63223 5.4
      vertex 82.1152 5.4 3.4
      vertex 82.1152 5.4 5.4
    endloop
  endfacet
  facet normal -0.634357 -0.77304 0
    outer loop
      vertex 81.8322 5.63223 2.4
      vertex 82.1152 5.4 3.4
      vertex 81.8322 5.63223 5.4
    endloop
  endfacet
  facet normal -0.634326 -0.773066 -1.4786e-05
    outer loop
      vertex 82.2111 5.32133 2.4
      vertex 82.1152 5.4 3.4
      vertex 81.8322 5.63223 2.4
    endloop
  endfacet
  facet normal -0.634234 -0.773141 0
    outer loop
      vertex 82.1152 5.4 3.4
      vertex 82.2111 5.32133 2.4
      vertex 82.2111 5.32133 3.4
    endloop
  endfacet
  facet normal -0.290267 -0.956946 0
    outer loop
      vertex 82.6433 5.0903 2.4
      vertex 83.1123 4.94804 3.4
      vertex 82.6433 5.0903 3.4
    endloop
  endfacet
  facet normal -0.290267 -0.956946 -0
    outer loop
      vertex 83.1123 4.94804 3.4
      vertex 82.6433 5.0903 2.4
      vertex 83.1123 4.94804 2.4
    endloop
  endfacet
  facet normal -0.995192 -0.0979419 0
    outer loop
      vertex 81.148 6.91227 2.4
      vertex 81.1 7.4 5.4
      vertex 81.1 7.4 2.4
    endloop
  endfacet
  facet normal -0.995192 -0.0979419 0
    outer loop
      vertex 81.1 7.4 5.4
      vertex 81.148 6.91227 2.4
      vertex 81.148 6.91227 5.4
    endloop
  endfacet
  facet normal -0.881944 -0.471355 0
    outer loop
      vertex 81.5213 6.01107 2.4
      vertex 81.2903 6.44329 5.4
      vertex 81.2903 6.44329 2.4
    endloop
  endfacet
  facet normal -0.881944 -0.471355 0
    outer loop
      vertex 81.2903 6.44329 5.4
      vertex 81.5213 6.01107 2.4
      vertex 81.5213 6.01107 5.4
    endloop
  endfacet
  facet normal -0.95692 -0.290353 0
    outer loop
      vertex 81.2903 6.44329 2.4
      vertex 81.148 6.91227 5.4
      vertex 81.148 6.91227 2.4
    endloop
  endfacet
  facet normal -0.95692 -0.290353 0
    outer loop
      vertex 81.148 6.91227 5.4
      vertex 81.2903 6.44329 2.4
      vertex 81.2903 6.44329 5.4
    endloop
  endfacet
  facet normal 0.290267 -0.956946 0
    outer loop
      vertex 84.0877 4.94804 2.4
      vertex 84.5567 5.0903 3.4
      vertex 84.0877 4.94804 3.4
    endloop
  endfacet
  facet normal 0.290267 -0.956946 0
    outer loop
      vertex 84.5567 5.0903 3.4
      vertex 84.0877 4.94804 2.4
      vertex 84.5567 5.0903 2.4
    endloop
  endfacet
  facet normal 0.634234 -0.773141 0
    outer loop
      vertex 84.9889 5.32133 3.4
      vertex 84.9889 5.32133 2.4
      vertex 85.0848 5.4 3.4
    endloop
  endfacet
  facet normal 0.634357 -0.77304 0
    outer loop
      vertex 85.0848 5.4 3.4
      vertex 85.3678 5.63223 5.4
      vertex 85.0848 5.4 5.4
    endloop
  endfacet
  facet normal 0.634326 -0.773066 -1.4786e-05
    outer loop
      vertex 85.3678 5.63223 2.4
      vertex 85.0848 5.4 3.4
      vertex 84.9889 5.32133 2.4
    endloop
  endfacet
  facet normal 0.634357 -0.77304 0
    outer loop
      vertex 85.0848 5.4 3.4
      vertex 85.3678 5.63223 2.4
      vertex 85.3678 5.63223 5.4
    endloop
  endfacet
  facet normal 0.773016 -0.634386 0
    outer loop
      vertex 85.3678 5.63223 5.4
      vertex 85.6787 6.01107 2.4
      vertex 85.6787 6.01107 5.4
    endloop
  endfacet
  facet normal 0.773016 -0.634386 0
    outer loop
      vertex 85.6787 6.01107 2.4
      vertex 85.3678 5.63223 5.4
      vertex 85.3678 5.63223 2.4
    endloop
  endfacet
  facet normal -0.471419 -0.881909 0
    outer loop
      vertex 82.2111 5.32133 2.4
      vertex 82.6433 5.0903 3.4
      vertex 82.2111 5.32133 3.4
    endloop
  endfacet
  facet normal -0.471419 -0.881909 -0
    outer loop
      vertex 82.6433 5.0903 3.4
      vertex 82.2111 5.32133 2.4
      vertex 82.6433 5.0903 2.4
    endloop
  endfacet
  facet normal -0.0980287 -0.995184 0
    outer loop
      vertex 83.1123 4.94804 2.4
      vertex 83.6 4.9 3.4
      vertex 83.1123 4.94804 3.4
    endloop
  endfacet
  facet normal -0.0980287 -0.995184 -0
    outer loop
      vertex 83.6 4.9 3.4
      vertex 83.1123 4.94804 2.4
      vertex 83.6 4.9 2.4
    endloop
  endfacet
  facet normal 0.95692 -0.290353 0
    outer loop
      vertex 85.9097 6.44329 5.4
      vertex 86.052 6.91227 2.4
      vertex 86.052 6.91227 5.4
    endloop
  endfacet
  facet normal 0.95692 -0.290353 0
    outer loop
      vertex 86.052 6.91227 2.4
      vertex 85.9097 6.44329 5.4
      vertex 85.9097 6.44329 2.4
    endloop
  endfacet
  facet normal 0.881944 -0.471355 0
    outer loop
      vertex 85.6787 6.01107 5.4
      vertex 85.9097 6.44329 2.4
      vertex 85.9097 6.44329 5.4
    endloop
  endfacet
  facet normal 0.881944 -0.471355 0
    outer loop
      vertex 85.9097 6.44329 2.4
      vertex 85.6787 6.01107 5.4
      vertex 85.6787 6.01107 2.4
    endloop
  endfacet
  facet normal 0.995192 -0.0979419 0
    outer loop
      vertex 86.052 6.91227 5.4
      vertex 86.1 7.4 2.4
      vertex 86.1 7.4 5.4
    endloop
  endfacet
  facet normal 0.995192 -0.0979419 0
    outer loop
      vertex 86.1 7.4 2.4
      vertex 86.052 6.91227 5.4
      vertex 86.052 6.91227 2.4
    endloop
  endfacet
  facet normal -0.991443 -0.130538 0
    outer loop
      vertex 84.9 7.4 2.4
      vertex 84.8557 7.73646 5.4
      vertex 84.8557 7.73646 2.4
    endloop
  endfacet
  facet normal -0.991443 -0.130538 0
    outer loop
      vertex 84.8557 7.73646 5.4
      vertex 84.9 7.4 2.4
      vertex 84.9 7.4 5.4
    endloop
  endfacet
  facet normal 0.991443 -0.130538 0
    outer loop
      vertex 82.3 7.4 5.4
      vertex 82.3443 7.73646 2.4
      vertex 82.3443 7.73646 5.4
    endloop
  endfacet
  facet normal 0.991443 -0.130538 0
    outer loop
      vertex 82.3443 7.73646 2.4
      vertex 82.3 7.4 5.4
      vertex 82.3 7.4 2.4
    endloop
  endfacet
  facet normal -0.130523 -0.991445 0
    outer loop
      vertex 83.6 8.7 2.4
      vertex 83.9365 8.6557 5.4
      vertex 83.6 8.7 5.4
    endloop
  endfacet
  facet normal -0.130523 -0.991445 -0
    outer loop
      vertex 83.9365 8.6557 5.4
      vertex 83.6 8.7 2.4
      vertex 83.9365 8.6557 2.4
    endloop
  endfacet
  facet normal -0.608809 -0.793317 0
    outer loop
      vertex 84.25 8.52583 2.4
      vertex 84.5192 8.31924 5.4
      vertex 84.25 8.52583 5.4
    endloop
  endfacet
  facet normal -0.608809 -0.793317 -0
    outer loop
      vertex 84.5192 8.31924 5.4
      vertex 84.25 8.52583 2.4
      vertex 84.5192 8.31924 2.4
    endloop
  endfacet
  facet normal -0.923851 -0.382753 0
    outer loop
      vertex 84.8557 7.73646 2.4
      vertex 84.7258 8.05 5.4
      vertex 84.7258 8.05 2.4
    endloop
  endfacet
  facet normal -0.923851 -0.382753 0
    outer loop
      vertex 84.7258 8.05 5.4
      vertex 84.8557 7.73646 2.4
      vertex 84.8557 7.73646 5.4
    endloop
  endfacet
  facet normal -0.382719 -0.923865 0
    outer loop
      vertex 83.9365 8.6557 2.4
      vertex 84.25 8.52583 5.4
      vertex 83.9365 8.6557 5.4
    endloop
  endfacet
  facet normal -0.382719 -0.923865 -0
    outer loop
      vertex 84.25 8.52583 5.4
      vertex 83.9365 8.6557 2.4
      vertex 84.25 8.52583 2.4
    endloop
  endfacet
  facet normal 0.608809 -0.793317 0
    outer loop
      vertex 82.6808 8.31924 2.4
      vertex 82.95 8.52583 5.4
      vertex 82.6808 8.31924 5.4
    endloop
  endfacet
  facet normal 0.608809 -0.793317 0
    outer loop
      vertex 82.95 8.52583 5.4
      vertex 82.6808 8.31924 2.4
      vertex 82.95 8.52583 2.4
    endloop
  endfacet
  facet normal 0.793346 -0.60877 0
    outer loop
      vertex 82.4742 8.05 5.4
      vertex 82.6808 8.31924 2.4
      vertex 82.6808 8.31924 5.4
    endloop
  endfacet
  facet normal 0.793346 -0.60877 0
    outer loop
      vertex 82.6808 8.31924 2.4
      vertex 82.4742 8.05 5.4
      vertex 82.4742 8.05 2.4
    endloop
  endfacet
  facet normal 0.382719 -0.923865 0
    outer loop
      vertex 82.95 8.52583 2.4
      vertex 83.2635 8.6557 5.4
      vertex 82.95 8.52583 5.4
    endloop
  endfacet
  facet normal 0.382719 -0.923865 0
    outer loop
      vertex 83.2635 8.6557 5.4
      vertex 82.95 8.52583 2.4
      vertex 83.2635 8.6557 2.4
    endloop
  endfacet
  facet normal -0.923851 0.382753 0
    outer loop
      vertex 84.7258 6.75 2.4
      vertex 84.8557 7.06354 5.4
      vertex 84.8557 7.06354 2.4
    endloop
  endfacet
  facet normal -0.923851 0.382753 0
    outer loop
      vertex 84.8557 7.06354 5.4
      vertex 84.7258 6.75 2.4
      vertex 84.7258 6.75 5.4
    endloop
  endfacet
  facet normal 0.608809 0.793317 -0
    outer loop
      vertex 82.95 6.27417 2.4
      vertex 82.6808 6.48076 5.4
      vertex 82.95 6.27417 5.4
    endloop
  endfacet
  facet normal 0.608809 0.793317 0
    outer loop
      vertex 82.6808 6.48076 5.4
      vertex 82.95 6.27417 2.4
      vertex 82.6808 6.48076 2.4
    endloop
  endfacet
  facet normal -0.793346 -0.60877 0
    outer loop
      vertex 84.7258 8.05 2.4
      vertex 84.5192 8.31924 5.4
      vertex 84.5192 8.31924 2.4
    endloop
  endfacet
  facet normal -0.793346 -0.60877 0
    outer loop
      vertex 84.5192 8.31924 5.4
      vertex 84.7258 8.05 2.4
      vertex 84.7258 8.05 5.4
    endloop
  endfacet
  facet normal 0.923851 -0.382753 0
    outer loop
      vertex 82.3443 7.73646 5.4
      vertex 82.4742 8.05 2.4
      vertex 82.4742 8.05 5.4
    endloop
  endfacet
  facet normal 0.923851 -0.382753 0
    outer loop
      vertex 82.4742 8.05 2.4
      vertex 82.3443 7.73646 5.4
      vertex 82.3443 7.73646 2.4
    endloop
  endfacet
  facet normal 0.130523 -0.991445 0
    outer loop
      vertex 83.2635 8.6557 2.4
      vertex 83.6 8.7 5.4
      vertex 83.2635 8.6557 5.4
    endloop
  endfacet
  facet normal 0.130523 -0.991445 0
    outer loop
      vertex 83.6 8.7 5.4
      vertex 83.2635 8.6557 2.4
      vertex 83.6 8.7 2.4
    endloop
  endfacet
  facet normal -0.991443 0.130538 0
    outer loop
      vertex 84.8557 7.06354 2.4
      vertex 84.9 7.4 5.4
      vertex 84.9 7.4 2.4
    endloop
  endfacet
  facet normal -0.991443 0.130538 0
    outer loop
      vertex 84.9 7.4 5.4
      vertex 84.8557 7.06354 2.4
      vertex 84.8557 7.06354 5.4
    endloop
  endfacet
  facet normal -0.130523 0.991445 0
    outer loop
      vertex 83.9365 6.1443 2.4
      vertex 83.6 6.1 5.4
      vertex 83.9365 6.1443 5.4
    endloop
  endfacet
  facet normal -0.130523 0.991445 0
    outer loop
      vertex 83.6 6.1 5.4
      vertex 83.9365 6.1443 2.4
      vertex 83.6 6.1 2.4
    endloop
  endfacet
  facet normal -0.608809 0.793317 0
    outer loop
      vertex 84.5192 6.48076 2.4
      vertex 84.25 6.27417 5.4
      vertex 84.5192 6.48076 5.4
    endloop
  endfacet
  facet normal -0.608809 0.793317 0
    outer loop
      vertex 84.25 6.27417 5.4
      vertex 84.5192 6.48076 2.4
      vertex 84.25 6.27417 2.4
    endloop
  endfacet
  facet normal 0.382719 0.923865 -0
    outer loop
      vertex 83.2635 6.1443 2.4
      vertex 82.95 6.27417 5.4
      vertex 83.2635 6.1443 5.4
    endloop
  endfacet
  facet normal 0.382719 0.923865 0
    outer loop
      vertex 82.95 6.27417 5.4
      vertex 83.2635 6.1443 2.4
      vertex 82.95 6.27417 2.4
    endloop
  endfacet
  facet normal 0.793346 0.60877 0
    outer loop
      vertex 82.6808 6.48076 5.4
      vertex 82.4742 6.75 2.4
      vertex 82.4742 6.75 5.4
    endloop
  endfacet
  facet normal 0.793346 0.60877 0
    outer loop
      vertex 82.4742 6.75 2.4
      vertex 82.6808 6.48076 5.4
      vertex 82.6808 6.48076 2.4
    endloop
  endfacet
  facet normal 0.991443 0.130538 0
    outer loop
      vertex 82.3443 7.06354 5.4
      vertex 82.3 7.4 2.4
      vertex 82.3 7.4 5.4
    endloop
  endfacet
  facet normal 0.991443 0.130538 0
    outer loop
      vertex 82.3 7.4 2.4
      vertex 82.3443 7.06354 5.4
      vertex 82.3443 7.06354 2.4
    endloop
  endfacet
  facet normal -0.382719 0.923865 0
    outer loop
      vertex 84.25 6.27417 2.4
      vertex 83.9365 6.1443 5.4
      vertex 84.25 6.27417 5.4
    endloop
  endfacet
  facet normal -0.382719 0.923865 0
    outer loop
      vertex 83.9365 6.1443 5.4
      vertex 84.25 6.27417 2.4
      vertex 83.9365 6.1443 2.4
    endloop
  endfacet
  facet normal -0.793346 0.60877 0
    outer loop
      vertex 84.5192 6.48076 2.4
      vertex 84.7258 6.75 5.4
      vertex 84.7258 6.75 2.4
    endloop
  endfacet
  facet normal -0.793346 0.60877 0
    outer loop
      vertex 84.7258 6.75 5.4
      vertex 84.5192 6.48076 2.4
      vertex 84.5192 6.48076 5.4
    endloop
  endfacet
  facet normal 0.130523 0.991445 -0
    outer loop
      vertex 83.6 6.1 2.4
      vertex 83.2635 6.1443 5.4
      vertex 83.6 6.1 5.4
    endloop
  endfacet
  facet normal 0.130523 0.991445 0
    outer loop
      vertex 83.2635 6.1443 5.4
      vertex 83.6 6.1 2.4
      vertex 83.2635 6.1443 2.4
    endloop
  endfacet
  facet normal 0.923851 0.382753 0
    outer loop
      vertex 82.4742 6.75 5.4
      vertex 82.3443 7.06354 2.4
      vertex 82.3443 7.06354 5.4
    endloop
  endfacet
  facet normal 0.923851 0.382753 0
    outer loop
      vertex 82.3443 7.06354 2.4
      vertex 82.4742 6.75 5.4
      vertex 82.4742 6.75 2.4
    endloop
  endfacet
  facet normal 0.995192 0.0979419 0
    outer loop
      vertex 162.3 7.4 3.4
      vertex 162.252 7.88773 2.4
      vertex 162.252 7.88773 3.4
    endloop
  endfacet
  facet normal 0.995192 0.0979419 0
    outer loop
      vertex 162.252 7.88773 2.4
      vertex 162.3 7.4 3.4
      vertex 162.3 7.4 2.4
    endloop
  endfacet
  facet normal -0.995192 0.0979419 0
    outer loop
      vertex 157.3 7.4 2.4
      vertex 157.348 7.88773 5.4
      vertex 157.348 7.88773 2.4
    endloop
  endfacet
  facet normal -0.995192 0.0979419 0
    outer loop
      vertex 157.348 7.88773 5.4
      vertex 157.3 7.4 2.4
      vertex 157.3 7.4 5.4
    endloop
  endfacet
  facet normal 0.0979691 0.995189 -0
    outer loop
      vertex 160.288 9.85196 2.4
      vertex 159.8 9.9 5.4
      vertex 160.288 9.85196 5.4
    endloop
  endfacet
  facet normal 0.0979691 0.995189 0
    outer loop
      vertex 159.8 9.9 5.4
      vertex 160.288 9.85196 2.4
      vertex 159.8 9.9 2.4
    endloop
  endfacet
  facet normal 0.773326 0.634008 -0
    outer loop
      vertex 161.8 8.88479 3.4
      vertex 161.568 9.16777 5.4
      vertex 161.8 8.88479 5.4
    endloop
  endfacet
  facet normal 0.773326 0.634008 0
    outer loop
      vertex 161.568 9.16777 5.4
      vertex 161.8 8.88479 3.4
      vertex 161.568 9.16777 2.4
    endloop
  endfacet
  facet normal 0.771707 0.635978 -0
    outer loop
      vertex 161.879 8.78893 2.4
      vertex 161.8 8.88479 3.4
      vertex 161.879 8.78893 3.4
    endloop
  endfacet
  facet normal 0.772916 0.634508 0.000236461
    outer loop
      vertex 161.8 8.88479 3.4
      vertex 161.879 8.78893 2.4
      vertex 161.568 9.16777 2.4
    endloop
  endfacet
  facet normal -0.634226 0.773148 0
    outer loop
      vertex 158.411 9.47867 2.4
      vertex 158.032 9.16777 5.4
      vertex 158.411 9.47867 5.4
    endloop
  endfacet
  facet normal -0.634226 0.773148 0
    outer loop
      vertex 158.032 9.16777 5.4
      vertex 158.411 9.47867 2.4
      vertex 158.032 9.16777 2.4
    endloop
  endfacet
  facet normal -0.290267 0.956946 0
    outer loop
      vertex 159.312 9.85196 2.4
      vertex 158.843 9.7097 5.4
      vertex 159.312 9.85196 5.4
    endloop
  endfacet
  facet normal -0.290267 0.956946 0
    outer loop
      vertex 158.843 9.7097 5.4
      vertex 159.312 9.85196 2.4
      vertex 158.843 9.7097 2.4
    endloop
  endfacet
  facet normal -0.772916 -0.634508 0
    outer loop
      vertex 158.032 5.63223 2.4
      vertex 157.721 6.01107 5.4
      vertex 157.721 6.01107 2.4
    endloop
  endfacet
  facet normal -0.772916 -0.634508 0
    outer loop
      vertex 157.721 6.01107 5.4
      vertex 158.032 5.63223 2.4
      vertex 158.032 5.63223 5.4
    endloop
  endfacet
  facet normal 0.881944 0.471355 0
    outer loop
      vertex 162.11 8.35671 3.4
      vertex 161.879 8.78893 2.4
      vertex 161.879 8.78893 3.4
    endloop
  endfacet
  facet normal 0.881944 0.471355 0
    outer loop
      vertex 161.879 8.78893 2.4
      vertex 162.11 8.35671 3.4
      vertex 162.11 8.35671 2.4
    endloop
  endfacet
  facet normal 0.95709 0.289792 0
    outer loop
      vertex 162.252 7.88773 3.4
      vertex 162.11 8.35671 2.4
      vertex 162.11 8.35671 3.4
    endloop
  endfacet
  facet normal 0.95709 0.289792 0
    outer loop
      vertex 162.11 8.35671 2.4
      vertex 162.252 7.88773 3.4
      vertex 162.252 7.88773 2.4
    endloop
  endfacet
  facet normal 0.471589 0.881818 -0
    outer loop
      vertex 161.189 9.47867 2.4
      vertex 160.757 9.7097 5.4
      vertex 161.189 9.47867 5.4
    endloop
  endfacet
  facet normal 0.471589 0.881818 0
    outer loop
      vertex 160.757 9.7097 5.4
      vertex 161.189 9.47867 2.4
      vertex 160.757 9.7097 2.4
    endloop
  endfacet
  facet normal 0.290267 0.956946 -0
    outer loop
      vertex 160.757 9.7097 2.4
      vertex 160.288 9.85196 5.4
      vertex 160.757 9.7097 5.4
    endloop
  endfacet
  facet normal 0.290267 0.956946 0
    outer loop
      vertex 160.288 9.85196 5.4
      vertex 160.757 9.7097 2.4
      vertex 160.288 9.85196 2.4
    endloop
  endfacet
  facet normal 0.634226 0.773148 -0
    outer loop
      vertex 161.568 9.16777 2.4
      vertex 161.189 9.47867 5.4
      vertex 161.568 9.16777 5.4
    endloop
  endfacet
  facet normal 0.634226 0.773148 0
    outer loop
      vertex 161.189 9.47867 5.4
      vertex 161.568 9.16777 2.4
      vertex 161.189 9.47867 2.4
    endloop
  endfacet
  facet normal -0.881944 0.471355 0
    outer loop
      vertex 157.49 8.35671 2.4
      vertex 157.721 8.78893 5.4
      vertex 157.721 8.78893 2.4
    endloop
  endfacet
  facet normal -0.881944 0.471355 0
    outer loop
      vertex 157.721 8.78893 5.4
      vertex 157.49 8.35671 2.4
      vertex 157.49 8.35671 5.4
    endloop
  endfacet
  facet normal -0.772916 0.634508 0
    outer loop
      vertex 157.721 8.78893 2.4
      vertex 158.032 9.16777 5.4
      vertex 158.032 9.16777 2.4
    endloop
  endfacet
  facet normal -0.772916 0.634508 0
    outer loop
      vertex 158.032 9.16777 5.4
      vertex 157.721 8.78893 2.4
      vertex 157.721 8.78893 5.4
    endloop
  endfacet
  facet normal -0.95709 0.289792 0
    outer loop
      vertex 157.348 7.88773 2.4
      vertex 157.49 8.35671 5.4
      vertex 157.49 8.35671 2.4
    endloop
  endfacet
  facet normal -0.95709 0.289792 0
    outer loop
      vertex 157.49 8.35671 5.4
      vertex 157.348 7.88773 2.4
      vertex 157.348 7.88773 5.4
    endloop
  endfacet
  facet normal 0 0 1
    outer loop
      vertex 161.8 8.88479 5.4
      vertex 161.056 7.73646 5.4
      vertex 161.1 7.4 5.4
    endloop
  endfacet
  facet normal 0 0 1
    outer loop
      vertex 161.568 9.16777 5.4
      vertex 160.926 8.05 5.4
      vertex 161.056 7.73646 5.4
    endloop
  endfacet
  facet normal 0 0 1
    outer loop
      vertex 160.45 8.52583 5.4
      vertex 161.189 9.47867 5.4
      vertex 160.757 9.7097 5.4
    endloop
  endfacet
  facet normal 0 0 1
    outer loop
      vertex 161.568 9.16777 5.4
      vertex 160.719 8.31924 5.4
      vertex 160.926 8.05 5.4
    endloop
  endfacet
  facet normal 0 0 1
    outer loop
      vertex 161.189 9.47867 5.4
      vertex 160.45 8.52583 5.4
      vertex 160.719 8.31924 5.4
    endloop
  endfacet
  facet normal 0 0 1
    outer loop
      vertex 160.136 8.6557 5.4
      vertex 160.757 9.7097 5.4
      vertex 160.288 9.85196 5.4
    endloop
  endfacet
  facet normal 0 0 1
    outer loop
      vertex 160.757 9.7097 5.4
      vertex 160.136 8.6557 5.4
      vertex 160.45 8.52583 5.4
    endloop
  endfacet
  facet normal 0 0 1
    outer loop
      vertex 159.8 8.7 5.4
      vertex 160.288 9.85196 5.4
      vertex 159.8 9.9 5.4
    endloop
  endfacet
  facet normal 0 0 1
    outer loop
      vertex 160.288 9.85196 5.4
      vertex 159.8 8.7 5.4
      vertex 160.136 8.6557 5.4
    endloop
  endfacet
  facet normal -0 0 1
    outer loop
      vertex 159.312 9.85196 5.4
      vertex 159.8 8.7 5.4
      vertex 159.8 9.9 5.4
    endloop
  endfacet
  facet normal 0 0 1
    outer loop
      vertex 159.8 8.7 5.4
      vertex 159.312 9.85196 5.4
      vertex 159.464 8.6557 5.4
    endloop
  endfacet
  facet normal -0 0 1
    outer loop
      vertex 158.843 9.7097 5.4
      vertex 159.464 8.6557 5.4
      vertex 159.312 9.85196 5.4
    endloop
  endfacet
  facet normal 0 0 1
    outer loop
      vertex 159.464 8.6557 5.4
      vertex 158.843 9.7097 5.4
      vertex 159.15 8.52583 5.4
    endloop
  endfacet
  facet normal -0 0 1
    outer loop
      vertex 158.411 9.47867 5.4
      vertex 159.15 8.52583 5.4
      vertex 158.843 9.7097 5.4
    endloop
  endfacet
  facet normal 0 0 1
    outer loop
      vertex 159.15 8.52583 5.4
      vertex 158.411 9.47867 5.4
      vertex 158.881 8.31924 5.4
    endloop
  endfacet
  facet normal -0 0 1
    outer loop
      vertex 158.032 9.16777 5.4
      vertex 158.881 8.31924 5.4
      vertex 158.411 9.47867 5.4
    endloop
  endfacet
  facet normal 0 0 1
    outer loop
      vertex 158.881 8.31924 5.4
      vertex 157.721 8.78893 5.4
      vertex 158.674 8.05 5.4
    endloop
  endfacet
  facet normal -0 0 1
    outer loop
      vertex 157.721 8.78893 5.4
      vertex 158.881 8.31924 5.4
      vertex 158.032 9.16777 5.4
    endloop
  endfacet
  facet normal 0 0 1
    outer loop
      vertex 161.056 7.73646 5.4
      vertex 161.8 8.88479 5.4
      vertex 161.568 9.16777 5.4
    endloop
  endfacet
  facet normal 0 0 1
    outer loop
      vertex 161.8 8.88479 5.4
      vertex 161.1 7.4 5.4
      vertex 161.8 5.91521 5.4
    endloop
  endfacet
  facet normal -0 0 1
    outer loop
      vertex 161.056 7.06354 5.4
      vertex 161.8 5.91521 5.4
      vertex 161.1 7.4 5.4
    endloop
  endfacet
  facet normal 0 0 1
    outer loop
      vertex 160.719 8.31924 5.4
      vertex 161.568 9.16777 5.4
      vertex 161.189 9.47867 5.4
    endloop
  endfacet
  facet normal -0 0 1
    outer loop
      vertex 160.926 6.75 5.4
      vertex 161.8 5.91521 5.4
      vertex 161.056 7.06354 5.4
    endloop
  endfacet
  facet normal -0 0 1
    outer loop
      vertex 160.719 6.48076 5.4
      vertex 161.8 5.91521 5.4
      vertex 160.926 6.75 5.4
    endloop
  endfacet
  facet normal 0 0 1
    outer loop
      vertex 161.8 5.91521 5.4
      vertex 160.719 6.48076 5.4
      vertex 161.568 5.63223 5.4
    endloop
  endfacet
  facet normal 0 0 1
    outer loop
      vertex 161.568 5.63223 5.4
      vertex 160.719 6.48076 5.4
      vertex 161.285 5.4 5.4
    endloop
  endfacet
  facet normal -0 0 1
    outer loop
      vertex 160.45 6.27417 5.4
      vertex 161.285 5.4 5.4
      vertex 160.719 6.48076 5.4
    endloop
  endfacet
  facet normal -0 0 1
    outer loop
      vertex 160.136 6.1443 5.4
      vertex 161.285 5.4 5.4
      vertex 160.45 6.27417 5.4
    endloop
  endfacet
  facet normal -0 0 1
    outer loop
      vertex 159.8 6.1 5.4
      vertex 161.285 5.4 5.4
      vertex 160.136 6.1443 5.4
    endloop
  endfacet
  facet normal 0 0 1
    outer loop
      vertex 158.315 5.4 5.4
      vertex 159.8 6.1 5.4
      vertex 159.464 6.1443 5.4
    endloop
  endfacet
  facet normal 0 0 1
    outer loop
      vertex 159.8 6.1 5.4
      vertex 158.315 5.4 5.4
      vertex 161.285 5.4 5.4
    endloop
  endfacet
  facet normal 0 0 1
    outer loop
      vertex 159.15 6.27417 5.4
      vertex 158.315 5.4 5.4
      vertex 159.464 6.1443 5.4
    endloop
  endfacet
  facet normal 0 0 1
    outer loop
      vertex 158.881 6.48076 5.4
      vertex 158.315 5.4 5.4
      vertex 159.15 6.27417 5.4
    endloop
  endfacet
  facet normal 0 0 1
    outer loop
      vertex 157.721 6.01107 5.4
      vertex 158.881 6.48076 5.4
      vertex 158.674 6.75 5.4
    endloop
  endfacet
  facet normal 0 0 1
    outer loop
      vertex 157.49 6.44329 5.4
      vertex 158.674 6.75 5.4
      vertex 158.544 7.06354 5.4
    endloop
  endfacet
  facet normal 0 0 1
    outer loop
      vertex 157.348 6.91227 5.4
      vertex 158.544 7.06354 5.4
      vertex 158.5 7.4 5.4
    endloop
  endfacet
  facet normal -0 0 1
    outer loop
      vertex 157.49 8.35671 5.4
      vertex 158.674 8.05 5.4
      vertex 157.721 8.78893 5.4
    endloop
  endfacet
  facet normal 0 0 1
    outer loop
      vertex 158.674 8.05 5.4
      vertex 157.49 8.35671 5.4
      vertex 158.544 7.73646 5.4
    endloop
  endfacet
  facet normal -0 0 1
    outer loop
      vertex 157.348 7.88773 5.4
      vertex 158.544 7.73646 5.4
      vertex 157.49 8.35671 5.4
    endloop
  endfacet
  facet normal 0 0 1
    outer loop
      vertex 158.881 6.48076 5.4
      vertex 157.721 6.01107 5.4
      vertex 158.032 5.63223 5.4
    endloop
  endfacet
  facet normal 0 0 1
    outer loop
      vertex 158.881 6.48076 5.4
      vertex 158.032 5.63223 5.4
      vertex 158.315 5.4 5.4
    endloop
  endfacet
  facet normal 0 0 1
    outer loop
      vertex 158.544 7.73646 5.4
      vertex 157.348 7.88773 5.4
      vertex 158.5 7.4 5.4
    endloop
  endfacet
  facet normal 0 0 1
    outer loop
      vertex 158.674 6.75 5.4
      vertex 157.49 6.44329 5.4
      vertex 157.721 6.01107 5.4
    endloop
  endfacet
  facet normal 0 0 1
    outer loop
      vertex 157.3 7.4 5.4
      vertex 158.5 7.4 5.4
      vertex 157.348 7.88773 5.4
    endloop
  endfacet
  facet normal 0 0 1
    outer loop
      vertex 158.544 7.06354 5.4
      vertex 157.348 6.91227 5.4
      vertex 157.49 6.44329 5.4
    endloop
  endfacet
  facet normal 0 0 1
    outer loop
      vertex 158.5 7.4 5.4
      vertex 157.3 7.4 5.4
      vertex 157.348 6.91227 5.4
    endloop
  endfacet
  facet normal -0.471589 0.881818 0
    outer loop
      vertex 158.843 9.7097 2.4
      vertex 158.411 9.47867 5.4
      vertex 158.843 9.7097 5.4
    endloop
  endfacet
  facet normal -0.471589 0.881818 0
    outer loop
      vertex 158.411 9.47867 5.4
      vertex 158.843 9.7097 2.4
      vertex 158.411 9.47867 2.4
    endloop
  endfacet
  facet normal -0.0979691 0.995189 0
    outer loop
      vertex 159.8 9.9 2.4
      vertex 159.312 9.85196 5.4
      vertex 159.8 9.9 5.4
    endloop
  endfacet
  facet normal -0.0979691 0.995189 0
    outer loop
      vertex 159.312 9.85196 5.4
      vertex 159.8 9.9 2.4
      vertex 159.312 9.85196 2.4
    endloop
  endfacet
  facet normal 0.0979691 -0.995189 0
    outer loop
      vertex 159.8 4.9 2.4
      vertex 160.288 4.94804 3.4
      vertex 159.8 4.9 3.4
    endloop
  endfacet
  facet normal 0.0979691 -0.995189 0
    outer loop
      vertex 160.288 4.94804 3.4
      vertex 159.8 4.9 2.4
      vertex 160.288 4.94804 2.4
    endloop
  endfacet
  facet normal 0.471589 -0.881818 0
    outer loop
      vertex 160.757 5.0903 2.4
      vertex 161.189 5.32133 3.4
      vertex 160.757 5.0903 3.4
    endloop
  endfacet
  facet normal 0.471589 -0.881818 0
    outer loop
      vertex 161.189 5.32133 3.4
      vertex 160.757 5.0903 2.4
      vertex 161.189 5.32133 2.4
    endloop
  endfacet
  facet normal -0.634357 -0.77304 0
    outer loop
      vertex 158.032 5.63223 5.4
      vertex 158.315 5.4 3.4
      vertex 158.315 5.4 5.4
    endloop
  endfacet
  facet normal -0.634357 -0.77304 0
    outer loop
      vertex 158.032 5.63223 2.4
      vertex 158.315 5.4 3.4
      vertex 158.032 5.63223 5.4
    endloop
  endfacet
  facet normal -0.634226 -0.773148 -6.21578e-05
    outer loop
      vertex 158.411 5.32133 2.4
      vertex 158.315 5.4 3.4
      vertex 158.032 5.63223 2.4
    endloop
  endfacet
  facet normal -0.633839 -0.773465 0
    outer loop
      vertex 158.315 5.4 3.4
      vertex 158.411 5.32133 2.4
      vertex 158.411 5.32133 3.4
    endloop
  endfacet
  facet normal -0.290267 -0.956946 0
    outer loop
      vertex 158.843 5.0903 2.4
      vertex 159.312 4.94804 3.4
      vertex 158.843 5.0903 3.4
    endloop
  endfacet
  facet normal -0.290267 -0.956946 -0
    outer loop
      vertex 159.312 4.94804 3.4
      vertex 158.843 5.0903 2.4
      vertex 159.312 4.94804 2.4
    endloop
  endfacet
  facet normal -0.995192 -0.0979419 0
    outer loop
      vertex 157.348 6.91227 2.4
      vertex 157.3 7.4 5.4
      vertex 157.3 7.4 2.4
    endloop
  endfacet
  facet normal -0.995192 -0.0979419 0
    outer loop
      vertex 157.3 7.4 5.4
      vertex 157.348 6.91227 2.4
      vertex 157.348 6.91227 5.4
    endloop
  endfacet
  facet normal -0.881944 -0.471355 0
    outer loop
      vertex 157.721 6.01107 2.4
      vertex 157.49 6.44329 5.4
      vertex 157.49 6.44329 2.4
    endloop
  endfacet
  facet normal -0.881944 -0.471355 0
    outer loop
      vertex 157.49 6.44329 5.4
      vertex 157.721 6.01107 2.4
      vertex 157.721 6.01107 5.4
    endloop
  endfacet
  facet normal -0.95709 -0.289792 0
    outer loop
      vertex 157.49 6.44329 2.4
      vertex 157.348 6.91227 5.4
      vertex 157.348 6.91227 2.4
    endloop
  endfacet
  facet normal -0.95709 -0.289792 0
    outer loop
      vertex 157.348 6.91227 5.4
      vertex 157.49 6.44329 2.4
      vertex 157.49 6.44329 5.4
    endloop
  endfacet
  facet normal 0.290267 -0.956946 0
    outer loop
      vertex 160.288 4.94804 2.4
      vertex 160.757 5.0903 3.4
      vertex 160.288 4.94804 3.4
    endloop
  endfacet
  facet normal 0.290267 -0.956946 0
    outer loop
      vertex 160.757 5.0903 3.4
      vertex 160.288 4.94804 2.4
      vertex 160.757 5.0903 2.4
    endloop
  endfacet
  facet normal 0.633839 -0.773465 0
    outer loop
      vertex 161.189 5.32133 3.4
      vertex 161.189 5.32133 2.4
      vertex 161.285 5.4 3.4
    endloop
  endfacet
  facet normal 0.634357 -0.77304 0
    outer loop
      vertex 161.285 5.4 3.4
      vertex 161.568 5.63223 5.4
      vertex 161.285 5.4 5.4
    endloop
  endfacet
  facet normal 0.634226 -0.773148 -6.21578e-05
    outer loop
      vertex 161.568 5.63223 2.4
      vertex 161.285 5.4 3.4
      vertex 161.189 5.32133 2.4
    endloop
  endfacet
  facet normal 0.634357 -0.77304 0
    outer loop
      vertex 161.285 5.4 3.4
      vertex 161.568 5.63223 2.4
      vertex 161.568 5.63223 5.4
    endloop
  endfacet
  facet normal 0.773326 -0.634008 0
    outer loop
      vertex 161.8 5.91521 5.4
      vertex 161.568 5.63223 5.4
      vertex 161.8 5.91521 3.4
    endloop
  endfacet
  facet normal 0.771707 -0.635978 0
    outer loop
      vertex 161.8 5.91521 3.4
      vertex 161.879 6.01107 2.4
      vertex 161.879 6.01107 3.4
    endloop
  endfacet
  facet normal 0.773326 -0.634008 0
    outer loop
      vertex 161.568 5.63223 2.4
      vertex 161.8 5.91521 3.4
      vertex 161.568 5.63223 5.4
    endloop
  endfacet
  facet normal 0.772916 -0.634508 0.000236461
    outer loop
      vertex 161.8 5.91521 3.4
      vertex 161.568 5.63223 2.4
      vertex 161.879 6.01107 2.4
    endloop
  endfacet
  facet normal -0.471589 -0.881818 0
    outer loop
      vertex 158.411 5.32133 2.4
      vertex 158.843 5.0903 3.4
      vertex 158.411 5.32133 3.4
    endloop
  endfacet
  facet normal -0.471589 -0.881818 -0
    outer loop
      vertex 158.843 5.0903 3.4
      vertex 158.411 5.32133 2.4
      vertex 158.843 5.0903 2.4
    endloop
  endfacet
  facet normal -0.0979691 -0.995189 0
    outer loop
      vertex 159.312 4.94804 2.4
      vertex 159.8 4.9 3.4
      vertex 159.312 4.94804 3.4
    endloop
  endfacet
  facet normal -0.0979691 -0.995189 -0
    outer loop
      vertex 159.8 4.9 3.4
      vertex 159.312 4.94804 2.4
      vertex 159.8 4.9 2.4
    endloop
  endfacet
  facet normal 0.95709 -0.289792 0
    outer loop
      vertex 162.11 6.44329 3.4
      vertex 162.252 6.91227 2.4
      vertex 162.252 6.91227 3.4
    endloop
  endfacet
  facet normal 0.95709 -0.289792 0
    outer loop
      vertex 162.252 6.91227 2.4
      vertex 162.11 6.44329 3.4
      vertex 162.11 6.44329 2.4
    endloop
  endfacet
  facet normal 0.881944 -0.471355 0
    outer loop
      vertex 161.879 6.01107 3.4
      vertex 162.11 6.44329 2.4
      vertex 162.11 6.44329 3.4
    endloop
  endfacet
  facet normal 0.881944 -0.471355 0
    outer loop
      vertex 162.11 6.44329 2.4
      vertex 161.879 6.01107 3.4
      vertex 161.879 6.01107 2.4
    endloop
  endfacet
  facet normal 0.995192 -0.0979419 0
    outer loop
      vertex 162.252 6.91227 3.4
      vertex 162.3 7.4 2.4
      vertex 162.3 7.4 3.4
    endloop
  endfacet
  facet normal 0.995192 -0.0979419 0
    outer loop
      vertex 162.3 7.4 2.4
      vertex 162.252 6.91227 3.4
      vertex 162.252 6.91227 2.4
    endloop
  endfacet
  facet normal -0.991557 -0.129669 0
    outer loop
      vertex 161.1 7.4 2.4
      vertex 161.056 7.73646 5.4
      vertex 161.056 7.73646 2.4
    endloop
  endfacet
  facet normal -0.991557 -0.129669 0
    outer loop
      vertex 161.056 7.73646 5.4
      vertex 161.1 7.4 2.4
      vertex 161.1 7.4 5.4
    endloop
  endfacet
  facet normal 0.991557 -0.129669 0
    outer loop
      vertex 158.5 7.4 5.4
      vertex 158.544 7.73646 2.4
      vertex 158.544 7.73646 5.4
    endloop
  endfacet
  facet normal 0.991557 -0.129669 0
    outer loop
      vertex 158.544 7.73646 2.4
      vertex 158.5 7.4 5.4
      vertex 158.5 7.4 2.4
    endloop
  endfacet
  facet normal -0.130714 -0.99142 0
    outer loop
      vertex 159.8 8.7 2.4
      vertex 160.136 8.6557 5.4
      vertex 159.8 8.7 5.4
    endloop
  endfacet
  facet normal -0.130714 -0.99142 -0
    outer loop
      vertex 160.136 8.6557 5.4
      vertex 159.8 8.7 2.4
      vertex 160.136 8.6557 2.4
    endloop
  endfacet
  facet normal -0.609094 -0.793098 0
    outer loop
      vertex 160.45 8.52583 2.4
      vertex 160.719 8.31924 5.4
      vertex 160.45 8.52583 5.4
    endloop
  endfacet
  facet normal -0.609094 -0.793098 -0
    outer loop
      vertex 160.719 8.31924 5.4
      vertex 160.45 8.52583 2.4
      vertex 160.719 8.31924 2.4
    endloop
  endfacet
  facet normal -0.923747 -0.383004 0
    outer loop
      vertex 161.056 7.73646 2.4
      vertex 160.926 8.05 5.4
      vertex 160.926 8.05 2.4
    endloop
  endfacet
  facet normal -0.923747 -0.383004 0
    outer loop
      vertex 160.926 8.05 5.4
      vertex 161.056 7.73646 2.4
      vertex 161.056 7.73646 5.4
    endloop
  endfacet
  facet normal -0.382198 -0.92408 0
    outer loop
      vertex 160.136 8.6557 2.4
      vertex 160.45 8.52583 5.4
      vertex 160.136 8.6557 5.4
    endloop
  endfacet
  facet normal -0.382198 -0.92408 -0
    outer loop
      vertex 160.45 8.52583 5.4
      vertex 160.136 8.6557 2.4
      vertex 160.45 8.52583 2.4
    endloop
  endfacet
  facet normal 0.609094 -0.793098 0
    outer loop
      vertex 158.881 8.31924 2.4
      vertex 159.15 8.52583 5.4
      vertex 158.881 8.31924 5.4
    endloop
  endfacet
  facet normal 0.609094 -0.793098 0
    outer loop
      vertex 159.15 8.52583 5.4
      vertex 158.881 8.31924 2.4
      vertex 159.15 8.52583 2.4
    endloop
  endfacet
  facet normal 0.792777 -0.609512 0
    outer loop
      vertex 158.674 8.05 5.4
      vertex 158.881 8.31924 2.4
      vertex 158.881 8.31924 5.4
    endloop
  endfacet
  facet normal 0.792777 -0.609512 0
    outer loop
      vertex 158.881 8.31924 2.4
      vertex 158.674 8.05 5.4
      vertex 158.674 8.05 2.4
    endloop
  endfacet
  facet normal 0.382198 -0.92408 0
    outer loop
      vertex 159.15 8.52583 2.4
      vertex 159.464 8.6557 5.4
      vertex 159.15 8.52583 5.4
    endloop
  endfacet
  facet normal 0.382198 -0.92408 0
    outer loop
      vertex 159.464 8.6557 5.4
      vertex 159.15 8.52583 2.4
      vertex 159.464 8.6557 2.4
    endloop
  endfacet
  facet normal -0.923747 0.383004 0
    outer loop
      vertex 160.926 6.75 2.4
      vertex 161.056 7.06354 5.4
      vertex 161.056 7.06354 2.4
    endloop
  endfacet
  facet normal -0.923747 0.383004 0
    outer loop
      vertex 161.056 7.06354 5.4
      vertex 160.926 6.75 2.4
      vertex 160.926 6.75 5.4
    endloop
  endfacet
  facet normal 0.609094 0.793098 -0
    outer loop
      vertex 159.15 6.27417 2.4
      vertex 158.881 6.48076 5.4
      vertex 159.15 6.27417 5.4
    endloop
  endfacet
  facet normal 0.609094 0.793098 0
    outer loop
      vertex 158.881 6.48076 5.4
      vertex 159.15 6.27417 2.4
      vertex 158.881 6.48076 2.4
    endloop
  endfacet
  facet normal -0.792777 -0.609512 0
    outer loop
      vertex 160.926 8.05 2.4
      vertex 160.719 8.31924 5.4
      vertex 160.719 8.31924 2.4
    endloop
  endfacet
  facet normal -0.792777 -0.609512 0
    outer loop
      vertex 160.719 8.31924 5.4
      vertex 160.926 8.05 2.4
      vertex 160.926 8.05 5.4
    endloop
  endfacet
  facet normal 0.923747 -0.383004 0
    outer loop
      vertex 158.544 7.73646 5.4
      vertex 158.674 8.05 2.4
      vertex 158.674 8.05 5.4
    endloop
  endfacet
  facet normal 0.923747 -0.383004 0
    outer loop
      vertex 158.674 8.05 2.4
      vertex 158.544 7.73646 5.4
      vertex 158.544 7.73646 2.4
    endloop
  endfacet
  facet normal 0.130714 -0.99142 0
    outer loop
      vertex 159.464 8.6557 2.4
      vertex 159.8 8.7 5.4
      vertex 159.464 8.6557 5.4
    endloop
  endfacet
  facet normal 0.130714 -0.99142 0
    outer loop
      vertex 159.8 8.7 5.4
      vertex 159.464 8.6557 2.4
      vertex 159.8 8.7 2.4
    endloop
  endfacet
  facet normal -0.991557 0.129669 0
    outer loop
      vertex 161.056 7.06354 2.4
      vertex 161.1 7.4 5.4
      vertex 161.1 7.4 2.4
    endloop
  endfacet
  facet normal -0.991557 0.129669 0
    outer loop
      vertex 161.1 7.4 5.4
      vertex 161.056 7.06354 2.4
      vertex 161.056 7.06354 5.4
    endloop
  endfacet
  facet normal -0.130714 0.99142 0
    outer loop
      vertex 160.136 6.1443 2.4
      vertex 159.8 6.1 5.4
      vertex 160.136 6.1443 5.4
    endloop
  endfacet
  facet normal -0.130714 0.99142 0
    outer loop
      vertex 159.8 6.1 5.4
      vertex 160.136 6.1443 2.4
      vertex 159.8 6.1 2.4
    endloop
  endfacet
  facet normal -0.609094 0.793098 0
    outer loop
      vertex 160.719 6.48076 2.4
      vertex 160.45 6.27417 5.4
      vertex 160.719 6.48076 5.4
    endloop
  endfacet
  facet normal -0.609094 0.793098 0
    outer loop
      vertex 160.45 6.27417 5.4
      vertex 160.719 6.48076 2.4
      vertex 160.45 6.27417 2.4
    endloop
  endfacet
  facet normal 0.382198 0.92408 -0
    outer loop
      vertex 159.464 6.1443 2.4
      vertex 159.15 6.27417 5.4
      vertex 159.464 6.1443 5.4
    endloop
  endfacet
  facet normal 0.382198 0.92408 0
    outer loop
      vertex 159.15 6.27417 5.4
      vertex 159.464 6.1443 2.4
      vertex 159.15 6.27417 2.4
    endloop
  endfacet
  facet normal 0.792777 0.609512 0
    outer loop
      vertex 158.881 6.48076 5.4
      vertex 158.674 6.75 2.4
      vertex 158.674 6.75 5.4
    endloop
  endfacet
  facet normal 0.792777 0.609512 0
    outer loop
      vertex 158.674 6.75 2.4
      vertex 158.881 6.48076 5.4
      vertex 158.881 6.48076 2.4
    endloop
  endfacet
  facet normal 0.991557 0.129669 0
    outer loop
      vertex 158.544 7.06354 5.4
      vertex 158.5 7.4 2.4
      vertex 158.5 7.4 5.4
    endloop
  endfacet
  facet normal 0.991557 0.129669 0
    outer loop
      vertex 158.5 7.4 2.4
      vertex 158.544 7.06354 5.4
      vertex 158.544 7.06354 2.4
    endloop
  endfacet
  facet normal -0.382198 0.92408 0
    outer loop
      vertex 160.45 6.27417 2.4
      vertex 160.136 6.1443 5.4
      vertex 160.45 6.27417 5.4
    endloop
  endfacet
  facet normal -0.382198 0.92408 0
    outer loop
      vertex 160.136 6.1443 5.4
      vertex 160.45 6.27417 2.4
      vertex 160.136 6.1443 2.4
    endloop
  endfacet
  facet normal -0.792777 0.609512 0
    outer loop
      vertex 160.719 6.48076 2.4
      vertex 160.926 6.75 5.4
      vertex 160.926 6.75 2.4
    endloop
  endfacet
  facet normal -0.792777 0.609512 0
    outer loop
      vertex 160.926 6.75 5.4
      vertex 160.719 6.48076 2.4
      vertex 160.719 6.48076 5.4
    endloop
  endfacet
  facet normal 0.130714 0.99142 -0
    outer loop
      vertex 159.8 6.1 2.4
      vertex 159.464 6.1443 5.4
      vertex 159.8 6.1 5.4
    endloop
  endfacet
  facet normal 0.130714 0.99142 0
    outer loop
      vertex 159.464 6.1443 5.4
      vertex 159.8 6.1 2.4
      vertex 159.464 6.1443 2.4
    endloop
  endfacet
  facet normal 0.923747 0.383004 0
    outer loop
      vertex 158.674 6.75 5.4
      vertex 158.544 7.06354 2.4
      vertex 158.544 7.06354 5.4
    endloop
  endfacet
  facet normal 0.923747 0.383004 0
    outer loop
      vertex 158.544 7.06354 2.4
      vertex 158.674 6.75 5.4
      vertex 158.674 6.75 2.4
    endloop
  endfacet
endsolid OpenSCAD_Model
