solid OpenSCAD_Model
  facet normal 0 0 -1
    outer loop
      vertex 8.31924 17.3192 0
      vertex 82.6808 17.3192 0
      vertex 8.52583 17.05 0
    endloop
  endfacet
  facet normal 0 0 -1
    outer loop
      vertex 82.6808 97.8808 0
      vertex 8.6557 98.4635 0
      vertex 8.7 98.8 0
    endloop
  endfacet
  facet normal 0 0 -1
    outer loop
      vertex 82.6808 17.3192 0
      vertex 8.31924 17.3192 0
      vertex 82.6808 97.8808 0
    endloop
  endfacet
  facet normal 0 0 -1
    outer loop
      vertex 82.6808 97.8808 0
      vertex 8.52583 98.15 0
      vertex 8.6557 98.4635 0
    endloop
  endfacet
  facet normal 0 0 -1
    outer loop
      vertex 8.31924 97.8808 0
      vertex 82.6808 97.8808 0
      vertex 8.31924 17.3192 0
    endloop
  endfacet
  facet normal 0 0 -1
    outer loop
      vertex 82.6808 97.8808 0
      vertex 8.31924 97.8808 0
      vertex 8.52583 98.15 0
    endloop
  endfacet
  facet normal 0 0 -1
    outer loop
      vertex 8.05 17.5258 0
      vertex 8.31924 97.8808 0
      vertex 8.31924 17.3192 0
    endloop
  endfacet
  facet normal 0 0 -1
    outer loop
      vertex 8.05 17.5258 0
      vertex 8.05 97.6742 0
      vertex 8.31924 97.8808 0
    endloop
  endfacet
  facet normal 0 0 -1
    outer loop
      vertex 7.73646 17.6557 0
      vertex 8.05 97.6742 0
      vertex 8.05 17.5258 0
    endloop
  endfacet
  facet normal 0 0 -1
    outer loop
      vertex 7.73646 17.6557 0
      vertex 7.73646 97.5443 0
      vertex 8.05 97.6742 0
    endloop
  endfacet
  facet normal 0 0 -1
    outer loop
      vertex 7.4 17.7 0
      vertex 7.73646 97.5443 0
      vertex 7.73646 17.6557 0
    endloop
  endfacet
  facet normal 0 0 -1
    outer loop
      vertex 7.4 17.7 0
      vertex 7.4 97.5 0
      vertex 7.73646 97.5443 0
    endloop
  endfacet
  facet normal 0 0 -1
    outer loop
      vertex 7.06353 17.6557 0
      vertex 7.4 97.5 0
      vertex 7.4 17.7 0
    endloop
  endfacet
  facet normal 0 0 -1
    outer loop
      vertex 7.06353 17.6557 0
      vertex 7.06353 97.5443 0
      vertex 7.4 97.5 0
    endloop
  endfacet
  facet normal 0 0 -1
    outer loop
      vertex 6.75 17.5258 0
      vertex 7.06353 97.5443 0
      vertex 7.06353 17.6557 0
    endloop
  endfacet
  facet normal 0 0 -1
    outer loop
      vertex 6.75 17.5258 0
      vertex 6.75 97.6742 0
      vertex 7.06353 97.5443 0
    endloop
  endfacet
  facet normal 0 0 -1
    outer loop
      vertex 6.48076 17.3192 0
      vertex 6.75 97.6742 0
      vertex 6.75 17.5258 0
    endloop
  endfacet
  facet normal 0 0 -1
    outer loop
      vertex 6.48076 17.3192 0
      vertex 6.48076 97.8808 0
      vertex 6.75 97.6742 0
    endloop
  endfacet
  facet normal 0 0 -1
    outer loop
      vertex 6.27417 17.05 0
      vertex 6.48076 97.8808 0
      vertex 6.48076 17.3192 0
    endloop
  endfacet
  facet normal 0 0 -1
    outer loop
      vertex 6.27417 17.05 0
      vertex 6.27417 98.15 0
      vertex 6.48076 97.8808 0
    endloop
  endfacet
  facet normal 0 0 -1
    outer loop
      vertex 6.1443 16.7365 0
      vertex 6.27417 98.15 0
      vertex 6.27417 17.05 0
    endloop
  endfacet
  facet normal 0 0 -1
    outer loop
      vertex 6.1443 16.7365 0
      vertex 6.1443 98.4635 0
      vertex 6.27417 98.15 0
    endloop
  endfacet
  facet normal 0 0 -1
    outer loop
      vertex -2.5 -2.5 0
      vertex 6.1443 16.7365 0
      vertex 6.1 16.4 0
    endloop
  endfacet
  facet normal -0 0 -1
    outer loop
      vertex 6.1443 16.7365 0
      vertex -2.5 -2.5 0
      vertex 6.1443 98.4635 0
    endloop
  endfacet
  facet normal 0 0 -1
    outer loop
      vertex 84.5192 17.3192 0
      vertex 158.881 17.3192 0
      vertex 84.7258 17.05 0
    endloop
  endfacet
  facet normal 0 0 -1
    outer loop
      vertex 158.881 97.8808 0
      vertex 84.8557 98.4635 0
      vertex 84.9 98.8 0
    endloop
  endfacet
  facet normal 0 0 -1
    outer loop
      vertex 158.881 17.3192 0
      vertex 84.5192 17.3192 0
      vertex 158.881 97.8808 0
    endloop
  endfacet
  facet normal 0 0 -1
    outer loop
      vertex 158.881 97.8808 0
      vertex 84.7258 98.15 0
      vertex 84.8557 98.4635 0
    endloop
  endfacet
  facet normal 0 0 -1
    outer loop
      vertex 84.5192 97.8808 0
      vertex 158.881 97.8808 0
      vertex 84.5192 17.3192 0
    endloop
  endfacet
  facet normal 0 0 -1
    outer loop
      vertex 158.881 97.8808 0
      vertex 84.5192 97.8808 0
      vertex 84.7258 98.15 0
    endloop
  endfacet
  facet normal 0 0 -1
    outer loop
      vertex 84.25 17.5258 0
      vertex 84.5192 97.8808 0
      vertex 84.5192 17.3192 0
    endloop
  endfacet
  facet normal 0 0 -1
    outer loop
      vertex 84.25 17.5258 0
      vertex 84.25 97.6742 0
      vertex 84.5192 97.8808 0
    endloop
  endfacet
  facet normal 0 0 -1
    outer loop
      vertex 83.9365 17.6557 0
      vertex 84.25 97.6742 0
      vertex 84.25 17.5258 0
    endloop
  endfacet
  facet normal 0 0 -1
    outer loop
      vertex 83.9365 17.6557 0
      vertex 83.9365 97.5443 0
      vertex 84.25 97.6742 0
    endloop
  endfacet
  facet normal 0 0 -1
    outer loop
      vertex 83.6 17.7 0
      vertex 83.9365 97.5443 0
      vertex 83.9365 17.6557 0
    endloop
  endfacet
  facet normal 0 0 -1
    outer loop
      vertex 83.6 17.7 0
      vertex 83.6 97.5 0
      vertex 83.9365 97.5443 0
    endloop
  endfacet
  facet normal 0 0 -1
    outer loop
      vertex 83.2635 17.6557 0
      vertex 83.6 97.5 0
      vertex 83.6 17.7 0
    endloop
  endfacet
  facet normal 0 0 -1
    outer loop
      vertex 83.2635 17.6557 0
      vertex 83.2635 97.5443 0
      vertex 83.6 97.5 0
    endloop
  endfacet
  facet normal 0 0 -1
    outer loop
      vertex 82.95 17.5258 0
      vertex 83.2635 97.5443 0
      vertex 83.2635 17.6557 0
    endloop
  endfacet
  facet normal 0 0 -1
    outer loop
      vertex 82.95 17.5258 0
      vertex 82.95 97.6742 0
      vertex 83.2635 97.5443 0
    endloop
  endfacet
  facet normal 0 0 -1
    outer loop
      vertex 82.6808 17.3192 0
      vertex 82.95 97.6742 0
      vertex 82.95 17.5258 0
    endloop
  endfacet
  facet normal 0 0 -1
    outer loop
      vertex 82.6808 17.3192 0
      vertex 82.6808 97.8808 0
      vertex 82.95 97.6742 0
    endloop
  endfacet
  facet normal 0 0 -1
    outer loop
      vertex 82.3443 16.7365 0
      vertex 8.6557 16.7365 0
      vertex 82.4742 17.05 0
    endloop
  endfacet
  facet normal 0 0 -1
    outer loop
      vertex 8.52583 17.05 0
      vertex 82.4742 17.05 0
      vertex 8.6557 16.7365 0
    endloop
  endfacet
  facet normal 0 0 -1
    outer loop
      vertex 8.6557 16.7365 0
      vertex 82.3443 16.7365 0
      vertex 8.7 16.4 0
    endloop
  endfacet
  facet normal 0 0 -1
    outer loop
      vertex 82.4742 17.05 0
      vertex 8.52583 17.05 0
      vertex 82.6808 17.3192 0
    endloop
  endfacet
  facet normal 0 0 -1
    outer loop
      vertex 8.7 16.4 0
      vertex 82.3443 16.7365 0
      vertex 82.3 16.4 0
    endloop
  endfacet
  facet normal 0 0 -1
    outer loop
      vertex 82.6808 97.8808 0
      vertex 8.7 98.8 0
      vertex 82.4742 98.15 0
    endloop
  endfacet
  facet normal 0 0 -1
    outer loop
      vertex 161.056 98.4635 0
      vertex 169.7 117.7 0
      vertex 161.056 16.7365 0
    endloop
  endfacet
  facet normal 0 0 -1
    outer loop
      vertex 169.7 117.7 0
      vertex 161.056 98.4635 0
      vertex 161.1 98.8 0
    endloop
  endfacet
  facet normal 0 0 -1
    outer loop
      vertex 160.926 17.05 0
      vertex 161.056 98.4635 0
      vertex 161.056 16.7365 0
    endloop
  endfacet
  facet normal 0 0 -1
    outer loop
      vertex 160.926 17.05 0
      vertex 160.926 98.15 0
      vertex 161.056 98.4635 0
    endloop
  endfacet
  facet normal 0 0 -1
    outer loop
      vertex 160.719 17.3192 0
      vertex 160.926 98.15 0
      vertex 160.926 17.05 0
    endloop
  endfacet
  facet normal 0 0 -1
    outer loop
      vertex 160.719 17.3192 0
      vertex 160.719 97.8808 0
      vertex 160.926 98.15 0
    endloop
  endfacet
  facet normal 0 0 -1
    outer loop
      vertex 160.45 17.5258 0
      vertex 160.719 97.8808 0
      vertex 160.719 17.3192 0
    endloop
  endfacet
  facet normal 0 0 -1
    outer loop
      vertex 160.45 17.5258 0
      vertex 160.45 97.6742 0
      vertex 160.719 97.8808 0
    endloop
  endfacet
  facet normal 0 0 -1
    outer loop
      vertex 160.136 17.6557 0
      vertex 160.45 97.6742 0
      vertex 160.45 17.5258 0
    endloop
  endfacet
  facet normal 0 0 -1
    outer loop
      vertex 160.136 17.6557 0
      vertex 160.136 97.5443 0
      vertex 160.45 97.6742 0
    endloop
  endfacet
  facet normal 0 0 -1
    outer loop
      vertex 159.8 17.7 0
      vertex 160.136 97.5443 0
      vertex 160.136 17.6557 0
    endloop
  endfacet
  facet normal 0 0 -1
    outer loop
      vertex 159.8 17.7 0
      vertex 159.8 97.5 0
      vertex 160.136 97.5443 0
    endloop
  endfacet
  facet normal 0 0 -1
    outer loop
      vertex 159.464 17.6557 0
      vertex 159.8 97.5 0
      vertex 159.8 17.7 0
    endloop
  endfacet
  facet normal 0 0 -1
    outer loop
      vertex 159.464 17.6557 0
      vertex 159.464 97.5443 0
      vertex 159.8 97.5 0
    endloop
  endfacet
  facet normal 0 0 -1
    outer loop
      vertex 159.15 17.5258 0
      vertex 159.464 97.5443 0
      vertex 159.464 17.6557 0
    endloop
  endfacet
  facet normal 0 0 -1
    outer loop
      vertex 159.15 17.5258 0
      vertex 159.15 97.6742 0
      vertex 159.464 97.5443 0
    endloop
  endfacet
  facet normal 0 0 -1
    outer loop
      vertex 158.881 17.3192 0
      vertex 159.15 97.6742 0
      vertex 159.15 17.5258 0
    endloop
  endfacet
  facet normal 0 0 -1
    outer loop
      vertex 158.881 17.3192 0
      vertex 158.881 97.8808 0
      vertex 159.15 97.6742 0
    endloop
  endfacet
  facet normal 0 0 -1
    outer loop
      vertex 158.544 16.7365 0
      vertex 84.8557 16.7365 0
      vertex 158.674 17.05 0
    endloop
  endfacet
  facet normal 0 0 -1
    outer loop
      vertex 84.7258 17.05 0
      vertex 158.674 17.05 0
      vertex 84.8557 16.7365 0
    endloop
  endfacet
  facet normal 0 0 -1
    outer loop
      vertex 84.8557 16.7365 0
      vertex 158.544 16.7365 0
      vertex 84.9 16.4 0
    endloop
  endfacet
  facet normal 0 0 -1
    outer loop
      vertex 158.674 17.05 0
      vertex 84.7258 17.05 0
      vertex 158.881 17.3192 0
    endloop
  endfacet
  facet normal 0 0 -1
    outer loop
      vertex 84.9 16.4 0
      vertex 158.544 16.7365 0
      vertex 158.5 16.4 0
    endloop
  endfacet
  facet normal 0 0 -1
    outer loop
      vertex 158.881 97.8808 0
      vertex 84.9 98.8 0
      vertex 158.674 98.15 0
    endloop
  endfacet
  facet normal 0 0 -1
    outer loop
      vertex 161.056 16.7365 0
      vertex 169.7 -2.5 0
      vertex 161.1 16.4 0
    endloop
  endfacet
  facet normal 0 0 -1
    outer loop
      vertex 169.7 -2.5 0
      vertex 161.056 16.0635 0
      vertex 161.1 16.4 0
    endloop
  endfacet
  facet normal 0 0 -1
    outer loop
      vertex 169.7 -2.5 0
      vertex 160.926 15.75 0
      vertex 161.056 16.0635 0
    endloop
  endfacet
  facet normal 0 0 -1
    outer loop
      vertex 169.7 -2.5 0
      vertex 160.719 15.4808 0
      vertex 160.926 15.75 0
    endloop
  endfacet
  facet normal 0 0 -1
    outer loop
      vertex 169.7 -2.5 0
      vertex 160.45 15.2742 0
      vertex 160.719 15.4808 0
    endloop
  endfacet
  facet normal 0 0 -1
    outer loop
      vertex 169.7 -2.5 0
      vertex 160.136 15.1443 0
      vertex 160.45 15.2742 0
    endloop
  endfacet
  facet normal 0 0 -1
    outer loop
      vertex 169.7 -2.5 0
      vertex 159.8 15.1 0
      vertex 160.136 15.1443 0
    endloop
  endfacet
  facet normal 0 0 -1
    outer loop
      vertex 169.7 -2.5 0
      vertex 159.464 15.1443 0
      vertex 159.8 15.1 0
    endloop
  endfacet
  facet normal 0 0 -1
    outer loop
      vertex 169.7 -2.5 0
      vertex 159.15 15.2742 0
      vertex 159.464 15.1443 0
    endloop
  endfacet
  facet normal 0 0 -1
    outer loop
      vertex 169.7 -2.5 0
      vertex 158.881 15.4808 0
      vertex 159.15 15.2742 0
    endloop
  endfacet
  facet normal 0 0 -1
    outer loop
      vertex 84.5192 15.4808 0
      vertex 158.881 15.4808 0
      vertex 169.7 -2.5 0
    endloop
  endfacet
  facet normal 0 0 -1
    outer loop
      vertex 158.674 98.15 0
      vertex 84.9 98.8 0
      vertex 158.544 98.4635 0
    endloop
  endfacet
  facet normal 0 0 -1
    outer loop
      vertex 158.544 16.0635 0
      vertex 84.9 16.4 0
      vertex 158.5 16.4 0
    endloop
  endfacet
  facet normal 0 0 -1
    outer loop
      vertex 84.8557 16.0635 0
      vertex 158.544 16.0635 0
      vertex 158.674 15.75 0
    endloop
  endfacet
  facet normal 0 0 -1
    outer loop
      vertex 158.881 15.4808 0
      vertex 84.5192 15.4808 0
      vertex 158.674 15.75 0
    endloop
  endfacet
  facet normal 0 0 -1
    outer loop
      vertex 158.544 16.0635 0
      vertex 84.8557 16.0635 0
      vertex 84.9 16.4 0
    endloop
  endfacet
  facet normal 0 0 -1
    outer loop
      vertex 158.674 15.75 0
      vertex 84.7258 15.75 0
      vertex 84.8557 16.0635 0
    endloop
  endfacet
  facet normal -0 0 -1
    outer loop
      vertex 158.674 15.75 0
      vertex 84.5192 15.4808 0
      vertex 84.7258 15.75 0
    endloop
  endfacet
  facet normal 0 0 -1
    outer loop
      vertex 169.7 -2.5 0
      vertex 84.25 15.2742 0
      vertex 84.5192 15.4808 0
    endloop
  endfacet
  facet normal 0 0 -1
    outer loop
      vertex 169.7 -2.5 0
      vertex 83.9365 15.1443 0
      vertex 84.25 15.2742 0
    endloop
  endfacet
  facet normal 0 0 -1
    outer loop
      vertex 169.7 -2.5 0
      vertex 83.6 15.1 0
      vertex 83.9365 15.1443 0
    endloop
  endfacet
  facet normal 0 0 -1
    outer loop
      vertex -2.5 -2.5 0
      vertex 83.6 15.1 0
      vertex 169.7 -2.5 0
    endloop
  endfacet
  facet normal 0 0 -1
    outer loop
      vertex 82.4742 98.15 0
      vertex 8.7 98.8 0
      vertex 82.3443 98.4635 0
    endloop
  endfacet
  facet normal 0 0 -1
    outer loop
      vertex 82.3443 16.0635 0
      vertex 8.7 16.4 0
      vertex 82.3 16.4 0
    endloop
  endfacet
  facet normal 0 0 -1
    outer loop
      vertex 8.6557 16.0635 0
      vertex 82.3443 16.0635 0
      vertex 82.4742 15.75 0
    endloop
  endfacet
  facet normal 0 0 -1
    outer loop
      vertex 8.52583 15.75 0
      vertex 82.4742 15.75 0
      vertex 82.6808 15.4808 0
    endloop
  endfacet
  facet normal 0 0 -1
    outer loop
      vertex -2.5 -2.5 0
      vertex 82.6808 15.4808 0
      vertex 82.95 15.2742 0
    endloop
  endfacet
  facet normal 0 0 -1
    outer loop
      vertex -2.5 -2.5 0
      vertex 82.95 15.2742 0
      vertex 83.2635 15.1443 0
    endloop
  endfacet
  facet normal -0 0 -1
    outer loop
      vertex 83.6 15.1 0
      vertex -2.5 -2.5 0
      vertex 83.2635 15.1443 0
    endloop
  endfacet
  facet normal 0 0 -1
    outer loop
      vertex 82.3443 16.0635 0
      vertex 8.6557 16.0635 0
      vertex 8.7 16.4 0
    endloop
  endfacet
  facet normal 0 0 -1
    outer loop
      vertex 82.4742 15.75 0
      vertex 8.52583 15.75 0
      vertex 8.6557 16.0635 0
    endloop
  endfacet
  facet normal 0 0 -1
    outer loop
      vertex 82.6808 15.4808 0
      vertex 8.31924 15.4808 0
      vertex 8.52583 15.75 0
    endloop
  endfacet
  facet normal -0 0 -1
    outer loop
      vertex 82.6808 15.4808 0
      vertex -2.5 -2.5 0
      vertex 8.31924 15.4808 0
    endloop
  endfacet
  facet normal 0 0 -1
    outer loop
      vertex 8.31924 15.4808 0
      vertex -2.5 -2.5 0
      vertex 8.05 15.2742 0
    endloop
  endfacet
  facet normal 0 0 -1
    outer loop
      vertex 8.05 15.2742 0
      vertex -2.5 -2.5 0
      vertex 7.73646 15.1443 0
    endloop
  endfacet
  facet normal 0 0 -1
    outer loop
      vertex -2.5 117.7 0
      vertex 6.1443 98.4635 0
      vertex -2.5 -2.5 0
    endloop
  endfacet
  facet normal -0 0 -1
    outer loop
      vertex 6.1443 16.0635 0
      vertex -2.5 -2.5 0
      vertex 6.1 16.4 0
    endloop
  endfacet
  facet normal -0 0 -1
    outer loop
      vertex 6.27417 15.75 0
      vertex -2.5 -2.5 0
      vertex 6.1443 16.0635 0
    endloop
  endfacet
  facet normal -0 0 -1
    outer loop
      vertex 6.48076 15.4808 0
      vertex -2.5 -2.5 0
      vertex 6.27417 15.75 0
    endloop
  endfacet
  facet normal -0 0 -1
    outer loop
      vertex 6.75 15.2742 0
      vertex -2.5 -2.5 0
      vertex 6.48076 15.4808 0
    endloop
  endfacet
  facet normal -0 0 -1
    outer loop
      vertex 7.06353 15.1443 0
      vertex -2.5 -2.5 0
      vertex 6.75 15.2742 0
    endloop
  endfacet
  facet normal -0 0 -1
    outer loop
      vertex 7.4 15.1 0
      vertex -2.5 -2.5 0
      vertex 7.06353 15.1443 0
    endloop
  endfacet
  facet normal 0 0 -1
    outer loop
      vertex 7.73646 15.1443 0
      vertex -2.5 -2.5 0
      vertex 7.4 15.1 0
    endloop
  endfacet
  facet normal 0 0 -1
    outer loop
      vertex 169.7 -2.5 0
      vertex 161.056 16.7365 0
      vertex 169.7 117.7 0
    endloop
  endfacet
  facet normal 0 0 -1
    outer loop
      vertex 161.056 99.1365 0
      vertex 169.7 117.7 0
      vertex 161.1 98.8 0
    endloop
  endfacet
  facet normal 0 0 -1
    outer loop
      vertex 160.926 99.45 0
      vertex 169.7 117.7 0
      vertex 161.056 99.1365 0
    endloop
  endfacet
  facet normal 0 0 -1
    outer loop
      vertex 160.719 99.7192 0
      vertex 169.7 117.7 0
      vertex 160.926 99.45 0
    endloop
  endfacet
  facet normal 0 0 -1
    outer loop
      vertex 160.45 99.9258 0
      vertex 169.7 117.7 0
      vertex 160.719 99.7192 0
    endloop
  endfacet
  facet normal 0 0 -1
    outer loop
      vertex 160.136 100.056 0
      vertex 169.7 117.7 0
      vertex 160.45 99.9258 0
    endloop
  endfacet
  facet normal 0 0 -1
    outer loop
      vertex 159.8 100.1 0
      vertex 169.7 117.7 0
      vertex 160.136 100.056 0
    endloop
  endfacet
  facet normal 0 0 -1
    outer loop
      vertex 159.464 100.056 0
      vertex 169.7 117.7 0
      vertex 159.8 100.1 0
    endloop
  endfacet
  facet normal 0 0 -1
    outer loop
      vertex 159.15 99.9258 0
      vertex 169.7 117.7 0
      vertex 159.464 100.056 0
    endloop
  endfacet
  facet normal 0 0 -1
    outer loop
      vertex 158.881 99.7192 0
      vertex 169.7 117.7 0
      vertex 159.15 99.9258 0
    endloop
  endfacet
  facet normal 0 0 -1
    outer loop
      vertex 84.5192 99.7192 0
      vertex 158.881 99.7192 0
      vertex 158.674 99.45 0
    endloop
  endfacet
  facet normal 0 0 -1
    outer loop
      vertex 158.544 98.4635 0
      vertex 84.9 98.8 0
      vertex 158.5 98.8 0
    endloop
  endfacet
  facet normal 0 0 -1
    outer loop
      vertex 158.5 98.8 0
      vertex 84.9 98.8 0
      vertex 158.544 99.1365 0
    endloop
  endfacet
  facet normal 0 0 -1
    outer loop
      vertex 84.8557 99.1365 0
      vertex 158.544 99.1365 0
      vertex 84.9 98.8 0
    endloop
  endfacet
  facet normal 0 0 -1
    outer loop
      vertex 158.544 99.1365 0
      vertex 84.8557 99.1365 0
      vertex 158.674 99.45 0
    endloop
  endfacet
  facet normal 0 0 -1
    outer loop
      vertex 84.7258 99.45 0
      vertex 158.674 99.45 0
      vertex 84.8557 99.1365 0
    endloop
  endfacet
  facet normal 0 0 -1
    outer loop
      vertex 84.5192 99.7192 0
      vertex 158.674 99.45 0
      vertex 84.7258 99.45 0
    endloop
  endfacet
  facet normal 0 0 -1
    outer loop
      vertex 158.881 99.7192 0
      vertex 84.5192 99.7192 0
      vertex 169.7 117.7 0
    endloop
  endfacet
  facet normal 0 0 -1
    outer loop
      vertex 84.25 99.9258 0
      vertex 169.7 117.7 0
      vertex 84.5192 99.7192 0
    endloop
  endfacet
  facet normal 0 0 -1
    outer loop
      vertex 83.9365 100.056 0
      vertex 169.7 117.7 0
      vertex 84.25 99.9258 0
    endloop
  endfacet
  facet normal 0 0 -1
    outer loop
      vertex 83.6 100.1 0
      vertex 169.7 117.7 0
      vertex 83.9365 100.056 0
    endloop
  endfacet
  facet normal 0 0 -1
    outer loop
      vertex -2.5 117.7 0
      vertex 83.6 100.1 0
      vertex 83.2635 100.056 0
    endloop
  endfacet
  facet normal 0 0 -1
    outer loop
      vertex 82.3443 98.4635 0
      vertex 8.7 98.8 0
      vertex 82.3 98.8 0
    endloop
  endfacet
  facet normal 0 0 -1
    outer loop
      vertex 82.3 98.8 0
      vertex 8.7 98.8 0
      vertex 82.3443 99.1365 0
    endloop
  endfacet
  facet normal 0 0 -1
    outer loop
      vertex 8.6557 99.1365 0
      vertex 82.3443 99.1365 0
      vertex 8.7 98.8 0
    endloop
  endfacet
  facet normal 0 0 -1
    outer loop
      vertex 82.3443 99.1365 0
      vertex 8.6557 99.1365 0
      vertex 82.4742 99.45 0
    endloop
  endfacet
  facet normal 0 0 -1
    outer loop
      vertex 8.52583 99.45 0
      vertex 82.4742 99.45 0
      vertex 8.6557 99.1365 0
    endloop
  endfacet
  facet normal 0 0 -1
    outer loop
      vertex 82.4742 99.45 0
      vertex 8.52583 99.45 0
      vertex 82.6808 99.7192 0
    endloop
  endfacet
  facet normal 0 0 -1
    outer loop
      vertex 8.31924 99.7192 0
      vertex 82.6808 99.7192 0
      vertex 8.52583 99.45 0
    endloop
  endfacet
  facet normal 0 0 -1
    outer loop
      vertex -2.5 117.7 0
      vertex 82.6808 99.7192 0
      vertex 8.31924 99.7192 0
    endloop
  endfacet
  facet normal 0 0 -1
    outer loop
      vertex 82.6808 99.7192 0
      vertex -2.5 117.7 0
      vertex 82.95 99.9258 0
    endloop
  endfacet
  facet normal 0 0 -1
    outer loop
      vertex 82.95 99.9258 0
      vertex -2.5 117.7 0
      vertex 83.2635 100.056 0
    endloop
  endfacet
  facet normal 0 0 -1
    outer loop
      vertex -2.5 117.7 0
      vertex 8.31924 99.7192 0
      vertex 8.05 99.9258 0
    endloop
  endfacet
  facet normal 0 0 -1
    outer loop
      vertex -2.5 117.7 0
      vertex 8.05 99.9258 0
      vertex 7.73646 100.056 0
    endloop
  endfacet
  facet normal 0 0 -1
    outer loop
      vertex -2.5 117.7 0
      vertex 7.73646 100.056 0
      vertex 7.4 100.1 0
    endloop
  endfacet
  facet normal 0 0 -1
    outer loop
      vertex 83.6 100.1 0
      vertex -2.5 117.7 0
      vertex 169.7 117.7 0
    endloop
  endfacet
  facet normal 0 0 -1
    outer loop
      vertex 7.06353 100.056 0
      vertex -2.5 117.7 0
      vertex 7.4 100.1 0
    endloop
  endfacet
  facet normal 0 0 -1
    outer loop
      vertex 6.75 99.9258 0
      vertex -2.5 117.7 0
      vertex 7.06353 100.056 0
    endloop
  endfacet
  facet normal 0 0 -1
    outer loop
      vertex 6.48076 99.7192 0
      vertex -2.5 117.7 0
      vertex 6.75 99.9258 0
    endloop
  endfacet
  facet normal 0 0 -1
    outer loop
      vertex 6.27417 99.45 0
      vertex -2.5 117.7 0
      vertex 6.48076 99.7192 0
    endloop
  endfacet
  facet normal 0 0 -1
    outer loop
      vertex 6.1443 99.1365 0
      vertex -2.5 117.7 0
      vertex 6.27417 99.45 0
    endloop
  endfacet
  facet normal 0 0 -1
    outer loop
      vertex 6.1 98.8 0
      vertex -2.5 117.7 0
      vertex 6.1443 99.1365 0
    endloop
  endfacet
  facet normal 0 0 -1
    outer loop
      vertex 6.1443 98.4635 0
      vertex -2.5 117.7 0
      vertex 6.1 98.8 0
    endloop
  endfacet
  facet normal 1 -0 0
    outer loop
      vertex 167.2 0 51.4
      vertex 167.2 17.7 32
      vertex 167.2 17.7 51.4
    endloop
  endfacet
  facet normal 1 0 0
    outer loop
      vertex 167.2 17.7 32
      vertex 167.2 0 51.4
      vertex 167.2 0 32
    endloop
  endfacet
  facet normal 1 -0 0
    outer loop
      vertex 167.2 97.5 51.4
      vertex 167.2 115.2 32
      vertex 167.2 115.2 51.4
    endloop
  endfacet
  facet normal 1 0 0
    outer loop
      vertex 167.2 115.2 32
      vertex 167.2 97.5 51.4
      vertex 167.2 97.5 32
    endloop
  endfacet
  facet normal 1 -0 0
    outer loop
      vertex 167.2 0 25.5
      vertex 167.2 17.7 8.01
      vertex 167.2 17.7 25.5
    endloop
  endfacet
  facet normal 1 0 0
    outer loop
      vertex 167.2 17.7 8.01
      vertex 167.2 0 25.5
      vertex 167.2 0 8.01
    endloop
  endfacet
  facet normal 1 -0 0
    outer loop
      vertex 167.2 97.5 25.5
      vertex 167.2 115.2 8.01
      vertex 167.2 115.2 25.5
    endloop
  endfacet
  facet normal 1 0 0
    outer loop
      vertex 167.2 115.2 8.01
      vertex 167.2 97.5 25.5
      vertex 167.2 97.5 8.01
    endloop
  endfacet
  facet normal 1 -0 0
    outer loop
      vertex 167.2 20.7 51.4
      vertex 167.2 36.9 32
      vertex 167.2 36.9 51.4
    endloop
  endfacet
  facet normal 1 0 0
    outer loop
      vertex 167.2 36.9 32
      vertex 167.2 20.7 51.4
      vertex 167.2 20.7 32
    endloop
  endfacet
  facet normal 1 -0 0
    outer loop
      vertex 167.2 78.3 51.4
      vertex 167.2 94.5 32
      vertex 167.2 94.5 51.4
    endloop
  endfacet
  facet normal 1 0 0
    outer loop
      vertex 167.2 94.5 32
      vertex 167.2 78.3 51.4
      vertex 167.2 78.3 32
    endloop
  endfacet
  facet normal 1 0 0
    outer loop
      vertex 167.2 94.5 25.5
      vertex 167.2 87.6 15.9
      vertex 167.2 94.5 8.01
    endloop
  endfacet
  facet normal 1 0 0
    outer loop
      vertex 167.2 94.5 25.5
      vertex 167.2 87.5401 16.8137
      vertex 167.2 87.6 15.9
    endloop
  endfacet
  facet normal 1 0 0
    outer loop
      vertex 167.2 94.5 25.5
      vertex 167.2 87.3615 17.7117
      vertex 167.2 87.5401 16.8137
    endloop
  endfacet
  facet normal 1 0 0
    outer loop
      vertex 167.2 94.5 25.5
      vertex 167.2 87.0672 18.5788
      vertex 167.2 87.3615 17.7117
    endloop
  endfacet
  facet normal 1 0 0
    outer loop
      vertex 167.2 94.5 25.5
      vertex 167.2 86.6622 19.4
      vertex 167.2 87.0672 18.5788
    endloop
  endfacet
  facet normal 1 0 0
    outer loop
      vertex 167.2 94.5 25.5
      vertex 167.2 86.1535 20.1613
      vertex 167.2 86.6622 19.4
    endloop
  endfacet
  facet normal 1 0 0
    outer loop
      vertex 167.2 94.5 25.5
      vertex 167.2 85.5497 20.8497
      vertex 167.2 86.1535 20.1613
    endloop
  endfacet
  facet normal 1 0 0
    outer loop
      vertex 167.2 94.5 25.5
      vertex 167.2 84.8613 21.4535
      vertex 167.2 85.5497 20.8497
    endloop
  endfacet
  facet normal 1 0 0
    outer loop
      vertex 167.2 94.5 25.5
      vertex 167.2 84.1 21.9622
      vertex 167.2 84.8613 21.4535
    endloop
  endfacet
  facet normal 1 0 0
    outer loop
      vertex 167.2 94.5 25.5
      vertex 167.2 83.2788 22.3672
      vertex 167.2 84.1 21.9622
    endloop
  endfacet
  facet normal 1 0 0
    outer loop
      vertex 167.2 94.5 25.5
      vertex 167.2 82.4117 22.6615
      vertex 167.2 83.2788 22.3672
    endloop
  endfacet
  facet normal 1 0 0
    outer loop
      vertex 167.2 94.5 25.5
      vertex 167.2 81.5137 22.8401
      vertex 167.2 82.4117 22.6615
    endloop
  endfacet
  facet normal 1 0 0
    outer loop
      vertex 167.2 94.5 25.5
      vertex 167.2 80.6 22.9
      vertex 167.2 81.5137 22.8401
    endloop
  endfacet
  facet normal 1 0 0
    outer loop
      vertex 167.2 94.5 25.5
      vertex 167.2 79.6863 22.8401
      vertex 167.2 80.6 22.9
    endloop
  endfacet
  facet normal 1 0 0
    outer loop
      vertex 167.2 73.6599 16.8137
      vertex 167.2 72.1 17.4
      vertex 167.2 73.6 15.9
    endloop
  endfacet
  facet normal 1 0 0
    outer loop
      vertex 167.2 73.8385 17.7117
      vertex 167.2 72.1 17.4
      vertex 167.2 73.6599 16.8137
    endloop
  endfacet
  facet normal 1 0 0
    outer loop
      vertex 167.2 74.1328 18.5788
      vertex 167.2 72.1 17.4
      vertex 167.2 73.8385 17.7117
    endloop
  endfacet
  facet normal 1 0 0
    outer loop
      vertex 167.2 74.5378 19.4
      vertex 167.2 72.1 17.4
      vertex 167.2 74.1328 18.5788
    endloop
  endfacet
  facet normal 1 0 0
    outer loop
      vertex 167.2 75.0465 20.1613
      vertex 167.2 72.1 17.4
      vertex 167.2 74.5378 19.4
    endloop
  endfacet
  facet normal 1 0 0
    outer loop
      vertex 167.2 58.1 17.4
      vertex 167.2 75.0465 20.1613
      vertex 167.2 75.6503 20.8497
    endloop
  endfacet
  facet normal 1 0 0
    outer loop
      vertex 167.2 75.0465 20.1613
      vertex 167.2 58.1 17.4
      vertex 167.2 72.1 17.4
    endloop
  endfacet
  facet normal 1 0 0
    outer loop
      vertex 167.2 76.3387 21.4535
      vertex 167.2 58.1 17.4
      vertex 167.2 75.6503 20.8497
    endloop
  endfacet
  facet normal 1 0 0
    outer loop
      vertex 167.2 77.1 21.9622
      vertex 167.2 58.1 17.4
      vertex 167.2 76.3387 21.4535
    endloop
  endfacet
  facet normal 1 0 0
    outer loop
      vertex 167.2 41.225 24.2146
      vertex 167.2 77.1 21.9622
      vertex 167.2 77.9212 22.3672
    endloop
  endfacet
  facet normal 1 0 0
    outer loop
      vertex 167.2 40.8437 24.4026
      vertex 167.2 77.9212 22.3672
      vertex 167.2 78.7883 22.6615
    endloop
  endfacet
  facet normal 1 -0 0
    outer loop
      vertex 167.2 42.7 20.4432
      vertex 167.2 58.1 17.4
      vertex 167.2 42.7 22.3568
    endloop
  endfacet
  facet normal 1 0 0
    outer loop
      vertex 167.2 77.1 21.9622
      vertex 167.2 41.5785 23.9784
      vertex 167.2 58.1 17.4
    endloop
  endfacet
  facet normal 1 0 0
    outer loop
      vertex 167.2 40.4412 24.5393
      vertex 167.2 78.7883 22.6615
      vertex 167.2 79.6863 22.8401
    endloop
  endfacet
  facet normal 1 -0 0
    outer loop
      vertex 167.2 40.4412 24.5393
      vertex 167.2 79.6863 22.8401
      vertex 167.2 94.5 25.5
    endloop
  endfacet
  facet normal 1 0 0
    outer loop
      vertex 167.2 58.1 17.4
      vertex 167.2 42.6026 22.6437
      vertex 167.2 42.7 22.3568
    endloop
  endfacet
  facet normal 1 0 0
    outer loop
      vertex 167.2 58.1 17.4
      vertex 167.2 42.4146 23.025
      vertex 167.2 42.6026 22.6437
    endloop
  endfacet
  facet normal 1 0 0
    outer loop
      vertex 167.2 58.1 17.4
      vertex 167.2 42.1784 23.3785
      vertex 167.2 42.4146 23.025
    endloop
  endfacet
  facet normal 1 0 0
    outer loop
      vertex 167.2 58.1 17.4
      vertex 167.2 41.8981 23.6981
      vertex 167.2 42.1784 23.3785
    endloop
  endfacet
  facet normal 1 0 0
    outer loop
      vertex 167.2 58.1 17.4
      vertex 167.2 41.5785 23.9784
      vertex 167.2 41.8981 23.6981
    endloop
  endfacet
  facet normal 1 0 0
    outer loop
      vertex 167.2 77.1 21.9622
      vertex 167.2 41.225 24.2146
      vertex 167.2 41.5785 23.9784
    endloop
  endfacet
  facet normal 1 0 0
    outer loop
      vertex 167.2 77.9212 22.3672
      vertex 167.2 40.8437 24.4026
      vertex 167.2 41.225 24.2146
    endloop
  endfacet
  facet normal 1 0 0
    outer loop
      vertex 167.2 78.7883 22.6615
      vertex 167.2 40.4412 24.5393
      vertex 167.2 40.8437 24.4026
    endloop
  endfacet
  facet normal 1 0 0
    outer loop
      vertex 167.2 94.5 25.5
      vertex 167.2 40.0242 24.6222
      vertex 167.2 40.4412 24.5393
    endloop
  endfacet
  facet normal 1 0 0
    outer loop
      vertex 167.2 94.5 25.5
      vertex 167.2 39.6 24.65
      vertex 167.2 40.0242 24.6222
    endloop
  endfacet
  facet normal 1 0 0
    outer loop
      vertex 167.2 36.3778 21.8242
      vertex 167.2 20.7 25.5
      vertex 167.2 36.35 21.4
    endloop
  endfacet
  facet normal 1 0 0
    outer loop
      vertex 167.2 36.4607 22.2412
      vertex 167.2 20.7 25.5
      vertex 167.2 36.3778 21.8242
    endloop
  endfacet
  facet normal 1 0 0
    outer loop
      vertex 167.2 36.5974 22.6437
      vertex 167.2 20.7 25.5
      vertex 167.2 36.4607 22.2412
    endloop
  endfacet
  facet normal 1 0 0
    outer loop
      vertex 167.2 36.7854 23.025
      vertex 167.2 20.7 25.5
      vertex 167.2 36.5974 22.6437
    endloop
  endfacet
  facet normal 1 0 0
    outer loop
      vertex 167.2 37.0216 23.3785
      vertex 167.2 20.7 25.5
      vertex 167.2 36.7854 23.025
    endloop
  endfacet
  facet normal 1 0 0
    outer loop
      vertex 167.2 37.3019 23.6981
      vertex 167.2 20.7 25.5
      vertex 167.2 37.0216 23.3785
    endloop
  endfacet
  facet normal 1 0 0
    outer loop
      vertex 167.2 37.6215 23.9784
      vertex 167.2 20.7 25.5
      vertex 167.2 37.3019 23.6981
    endloop
  endfacet
  facet normal 1 0 0
    outer loop
      vertex 167.2 37.975 24.2146
      vertex 167.2 20.7 25.5
      vertex 167.2 37.6215 23.9784
    endloop
  endfacet
  facet normal 1 0 0
    outer loop
      vertex 167.2 38.3563 24.4026
      vertex 167.2 20.7 25.5
      vertex 167.2 37.975 24.2146
    endloop
  endfacet
  facet normal 1 0 0
    outer loop
      vertex 167.2 38.7588 24.5393
      vertex 167.2 20.7 25.5
      vertex 167.2 38.3563 24.4026
    endloop
  endfacet
  facet normal 1 0 0
    outer loop
      vertex 167.2 39.1758 24.6222
      vertex 167.2 20.7 25.5
      vertex 167.2 38.7588 24.5393
    endloop
  endfacet
  facet normal 1 0 0
    outer loop
      vertex 167.2 39.6 24.65
      vertex 167.2 20.7 25.5
      vertex 167.2 39.1758 24.6222
    endloop
  endfacet
  facet normal 1 -0 0
    outer loop
      vertex 167.2 20.7 25.5
      vertex 167.2 39.6 24.65
      vertex 167.2 94.5 25.5
    endloop
  endfacet
  facet normal 1 -0 0
    outer loop
      vertex 167.2 87.5401 14.9863
      vertex 167.2 94.5 8.01
      vertex 167.2 87.6 15.9
    endloop
  endfacet
  facet normal 1 -0 0
    outer loop
      vertex 167.2 87.3615 14.0883
      vertex 167.2 94.5 8.01
      vertex 167.2 87.5401 14.9863
    endloop
  endfacet
  facet normal 1 -0 0
    outer loop
      vertex 167.2 87.0672 13.2212
      vertex 167.2 94.5 8.01
      vertex 167.2 87.3615 14.0883
    endloop
  endfacet
  facet normal 1 -0 0
    outer loop
      vertex 167.2 86.6622 12.4
      vertex 167.2 94.5 8.01
      vertex 167.2 87.0672 13.2212
    endloop
  endfacet
  facet normal 1 -0 0
    outer loop
      vertex 167.2 86.1535 11.6387
      vertex 167.2 94.5 8.01
      vertex 167.2 86.6622 12.4
    endloop
  endfacet
  facet normal 1 -0 0
    outer loop
      vertex 167.2 85.5497 10.9503
      vertex 167.2 94.5 8.01
      vertex 167.2 86.1535 11.6387
    endloop
  endfacet
  facet normal 1 -0 0
    outer loop
      vertex 167.2 84.8613 10.3465
      vertex 167.2 94.5 8.01
      vertex 167.2 85.5497 10.9503
    endloop
  endfacet
  facet normal 1 -0 0
    outer loop
      vertex 167.2 84.1 9.83782
      vertex 167.2 94.5 8.01
      vertex 167.2 84.8613 10.3465
    endloop
  endfacet
  facet normal 1 -0 0
    outer loop
      vertex 167.2 83.2788 9.43284
      vertex 167.2 94.5 8.01
      vertex 167.2 84.1 9.83782
    endloop
  endfacet
  facet normal 1 -0 0
    outer loop
      vertex 167.2 82.4117 9.13852
      vertex 167.2 94.5 8.01
      vertex 167.2 83.2788 9.43284
    endloop
  endfacet
  facet normal 1 -0 0
    outer loop
      vertex 167.2 81.5137 8.95989
      vertex 167.2 94.5 8.01
      vertex 167.2 82.4117 9.13852
    endloop
  endfacet
  facet normal 1 -0 0
    outer loop
      vertex 167.2 80.6 8.9
      vertex 167.2 94.5 8.01
      vertex 167.2 81.5137 8.95989
    endloop
  endfacet
  facet normal 1 0 0
    outer loop
      vertex 167.2 72.1 17.4
      vertex 167.2 73.6599 14.9863
      vertex 167.2 73.6 15.9
    endloop
  endfacet
  facet normal 1 0 0
    outer loop
      vertex 167.2 72.1 17.4
      vertex 167.2 73.8385 14.0883
      vertex 167.2 73.6599 14.9863
    endloop
  endfacet
  facet normal 1 0 0
    outer loop
      vertex 167.2 72.1 9.4
      vertex 167.2 73.8385 14.0883
      vertex 167.2 72.1 17.4
    endloop
  endfacet
  facet normal 1 0 0
    outer loop
      vertex 167.2 73.8385 14.0883
      vertex 167.2 72.1 9.4
      vertex 167.2 74.1328 13.2212
    endloop
  endfacet
  facet normal 1 0 0
    outer loop
      vertex 167.2 72.1 9.4
      vertex 167.2 74.5378 12.4
      vertex 167.2 74.1328 13.2212
    endloop
  endfacet
  facet normal 1 0 0
    outer loop
      vertex 167.2 72.1 9.4
      vertex 167.2 75.0465 11.6387
      vertex 167.2 74.5378 12.4
    endloop
  endfacet
  facet normal 1 0 0
    outer loop
      vertex 167.2 72.1 9.4
      vertex 167.2 75.6503 10.9503
      vertex 167.2 75.0465 11.6387
    endloop
  endfacet
  facet normal 1 0 0
    outer loop
      vertex 167.2 72.1 9.4
      vertex 167.2 76.3387 10.3465
      vertex 167.2 75.6503 10.9503
    endloop
  endfacet
  facet normal 1 0 0
    outer loop
      vertex 167.2 72.1 9.4
      vertex 167.2 77.1 9.83782
      vertex 167.2 76.3387 10.3465
    endloop
  endfacet
  facet normal 1 0 0
    outer loop
      vertex 167.2 72.1 9.4
      vertex 167.2 77.9212 9.43284
      vertex 167.2 77.1 9.83782
    endloop
  endfacet
  facet normal 1 -0 0
    outer loop
      vertex 167.2 72.1 9.4
      vertex 167.2 78.7883 9.13852
      vertex 167.2 77.9212 9.43284
    endloop
  endfacet
  facet normal 1 0 0
    outer loop
      vertex 167.2 72.1 9.4
      vertex 167.2 79.6863 8.95989
      vertex 167.2 78.7883 9.13852
    endloop
  endfacet
  facet normal 1 -0 0
    outer loop
      vertex 167.2 58.1 9.4
      vertex 167.2 79.6863 8.95989
      vertex 167.2 72.1 9.4
    endloop
  endfacet
  facet normal 1 0 0
    outer loop
      vertex 167.2 79.6863 8.95989
      vertex 167.2 58.1 9.4
      vertex 167.2 80.6 8.9
    endloop
  endfacet
  facet normal 1 0 0
    outer loop
      vertex 167.2 80.6 8.9
      vertex 167.2 58.1 9.4
      vertex 167.2 94.5 8.01
    endloop
  endfacet
  facet normal 1 -0 0
    outer loop
      vertex 167.2 42.6026 20.1563
      vertex 167.2 58.1 17.4
      vertex 167.2 42.7 20.4432
    endloop
  endfacet
  facet normal 1 -0 0
    outer loop
      vertex 167.2 42.4146 19.775
      vertex 167.2 58.1 17.4
      vertex 167.2 42.6026 20.1563
    endloop
  endfacet
  facet normal 1 -0 0
    outer loop
      vertex 167.2 42.1784 19.4215
      vertex 167.2 58.1 17.4
      vertex 167.2 42.4146 19.775
    endloop
  endfacet
  facet normal 1 0 0
    outer loop
      vertex 167.2 58.1 17.4
      vertex 167.2 42.1784 19.4215
      vertex 167.2 58.1 9.4
    endloop
  endfacet
  facet normal 1 -0 0
    outer loop
      vertex 167.2 41.8981 19.1019
      vertex 167.2 58.1 9.4
      vertex 167.2 42.1784 19.4215
    endloop
  endfacet
  facet normal 1 -0 0
    outer loop
      vertex 167.2 41.5785 18.8216
      vertex 167.2 58.1 9.4
      vertex 167.2 41.8981 19.1019
    endloop
  endfacet
  facet normal 1 -0 0
    outer loop
      vertex 167.2 41.225 18.5854
      vertex 167.2 58.1 9.4
      vertex 167.2 41.5785 18.8216
    endloop
  endfacet
  facet normal 1 -0 0
    outer loop
      vertex 167.2 40.8437 18.3974
      vertex 167.2 58.1 9.4
      vertex 167.2 41.225 18.5854
    endloop
  endfacet
  facet normal 1 -0 0
    outer loop
      vertex 167.2 40.4412 18.2607
      vertex 167.2 58.1 9.4
      vertex 167.2 40.8437 18.3974
    endloop
  endfacet
  facet normal 1 -0 0
    outer loop
      vertex 167.2 40.0242 18.1778
      vertex 167.2 58.1 9.4
      vertex 167.2 40.4412 18.2607
    endloop
  endfacet
  facet normal 1 -0 0
    outer loop
      vertex 167.2 39.6 18.15
      vertex 167.2 58.1 9.4
      vertex 167.2 40.0242 18.1778
    endloop
  endfacet
  facet normal 1 0 0
    outer loop
      vertex 167.2 20.7 8.01
      vertex 167.2 39.6 18.15
      vertex 167.2 39.1758 18.1778
    endloop
  endfacet
  facet normal 1 0 0
    outer loop
      vertex 167.2 20.7 8.01
      vertex 167.2 39.1758 18.1778
      vertex 167.2 38.7588 18.2607
    endloop
  endfacet
  facet normal 1 0 0
    outer loop
      vertex 167.2 20.7 8.01
      vertex 167.2 38.7588 18.2607
      vertex 167.2 38.3563 18.3974
    endloop
  endfacet
  facet normal 1 0 0
    outer loop
      vertex 167.2 20.7 25.5
      vertex 167.2 36.3778 20.9758
      vertex 167.2 36.35 21.4
    endloop
  endfacet
  facet normal 1 0 0
    outer loop
      vertex 167.2 20.7 25.5
      vertex 167.2 36.4607 20.5588
      vertex 167.2 36.3778 20.9758
    endloop
  endfacet
  facet normal 1 0 0
    outer loop
      vertex 167.2 20.7 25.5
      vertex 167.2 36.5974 20.1563
      vertex 167.2 36.4607 20.5588
    endloop
  endfacet
  facet normal 1 0 0
    outer loop
      vertex 167.2 20.7 8.01
      vertex 167.2 36.5974 20.1563
      vertex 167.2 20.7 25.5
    endloop
  endfacet
  facet normal 1 0 0
    outer loop
      vertex 167.2 36.5974 20.1563
      vertex 167.2 20.7 8.01
      vertex 167.2 36.7854 19.775
    endloop
  endfacet
  facet normal 1 0 0
    outer loop
      vertex 167.2 36.7854 19.775
      vertex 167.2 20.7 8.01
      vertex 167.2 37.0216 19.4215
    endloop
  endfacet
  facet normal 1 0 0
    outer loop
      vertex 167.2 37.0216 19.4215
      vertex 167.2 20.7 8.01
      vertex 167.2 37.3019 19.1019
    endloop
  endfacet
  facet normal 1 0 0
    outer loop
      vertex 167.2 37.3019 19.1019
      vertex 167.2 20.7 8.01
      vertex 167.2 37.6215 18.8216
    endloop
  endfacet
  facet normal 1 0 0
    outer loop
      vertex 167.2 37.6215 18.8216
      vertex 167.2 20.7 8.01
      vertex 167.2 37.975 18.5854
    endloop
  endfacet
  facet normal 1 0 0
    outer loop
      vertex 167.2 37.975 18.5854
      vertex 167.2 20.7 8.01
      vertex 167.2 38.3563 18.3974
    endloop
  endfacet
  facet normal 1 0 0
    outer loop
      vertex 167.2 58.1 9.4
      vertex 167.2 20.7 8.01
      vertex 167.2 94.5 8.01
    endloop
  endfacet
  facet normal 1 0 0
    outer loop
      vertex 167.2 39.6 18.15
      vertex 167.2 20.7 8.01
      vertex 167.2 58.1 9.4
    endloop
  endfacet
  facet normal 1 -0 0
    outer loop
      vertex 167.2 39.9 51.4
      vertex 167.2 56.1 32
      vertex 167.2 56.1 51.4
    endloop
  endfacet
  facet normal 1 0 0
    outer loop
      vertex 167.2 56.1 32
      vertex 167.2 39.9 51.4
      vertex 167.2 39.9 32
    endloop
  endfacet
  facet normal 1 -0 0
    outer loop
      vertex 167.2 59.1 51.4
      vertex 167.2 75.3 32
      vertex 167.2 75.3 51.4
    endloop
  endfacet
  facet normal 1 0 0
    outer loop
      vertex 167.2 75.3 32
      vertex 167.2 59.1 51.4
      vertex 167.2 59.1 32
    endloop
  endfacet
  facet normal -1 0 0
    outer loop
      vertex 0 0 32
      vertex 0 17.7 51.4
      vertex 0 17.7 32
    endloop
  endfacet
  facet normal -1 -0 0
    outer loop
      vertex 0 17.7 51.4
      vertex 0 0 32
      vertex 0 0 51.4
    endloop
  endfacet
  facet normal -1 0 0
    outer loop
      vertex 0 97.5 32
      vertex 0 115.2 51.4
      vertex 0 115.2 32
    endloop
  endfacet
  facet normal -1 -0 0
    outer loop
      vertex 0 115.2 51.4
      vertex 0 97.5 32
      vertex 0 97.5 51.4
    endloop
  endfacet
  facet normal -1 0 0
    outer loop
      vertex 0 19 8.01
      vertex 0 0 8.01
      vertex 0 19 18.4
    endloop
  endfacet
  facet normal -1 0 0
    outer loop
      vertex 0 95.1 16.4
      vertex 0 115.2 8.01
      vertex 0 95.1 9.4
    endloop
  endfacet
  facet normal -1 0 0
    outer loop
      vertex 0 115.2 8.01
      vertex 0 79.1 9.4
      vertex 0 95.1 9.4
    endloop
  endfacet
  facet normal -1 0 0
    outer loop
      vertex 0 79.1 9.4
      vertex 0 70.1 9.4
      vertex 0 79.1 16.4
    endloop
  endfacet
  facet normal -1 0 0
    outer loop
      vertex 0 115.2 8.01
      vertex 0 70.1 9.4
      vertex 0 79.1 9.4
    endloop
  endfacet
  facet normal -1 0 0
    outer loop
      vertex 0 31 8.01
      vertex 0 70.1 9.4
      vertex 0 115.2 8.01
    endloop
  endfacet
  facet normal -1 0 0
    outer loop
      vertex 0 50.1 12.4
      vertex 0 53.1 9.4
      vertex 0 50.1 9.4
    endloop
  endfacet
  facet normal -1 -0 0
    outer loop
      vertex 0 70.1 9.4
      vertex 0 31 8.01
      vertex 0 53.1 9.4
    endloop
  endfacet
  facet normal -1 -0 0
    outer loop
      vertex 0 53.1 9.4
      vertex 0 31 8.01
      vertex 0 50.1 9.4
    endloop
  endfacet
  facet normal -1 -0 0
    outer loop
      vertex 0 34.1 9.4
      vertex 0 31 8.01
      vertex 0 34.1 12.4
    endloop
  endfacet
  facet normal -1 -0 0
    outer loop
      vertex 0 50.1 9.4
      vertex 0 31 8.01
      vertex 0 34.1 9.4
    endloop
  endfacet
  facet normal -1 0 0
    outer loop
      vertex 0 115.2 8.01
      vertex 0 95.1 16.4
      vertex 0 115.2 25.5
    endloop
  endfacet
  facet normal -1 0 0
    outer loop
      vertex 0 79.1 16.4
      vertex 0 115.2 25.5
      vertex 0 95.1 16.4
    endloop
  endfacet
  facet normal -1 0 0
    outer loop
      vertex 0 70.1 16.4
      vertex 0 79.1 16.4
      vertex 0 70.1 9.4
    endloop
  endfacet
  facet normal -1 0 0
    outer loop
      vertex 0 70.1 16.4
      vertex 0 115.2 25.5
      vertex 0 79.1 16.4
    endloop
  endfacet
  facet normal -1 0 0
    outer loop
      vertex 0 53.1 16.4
      vertex 0 115.2 25.5
      vertex 0 70.1 16.4
    endloop
  endfacet
  facet normal -1 0 0
    outer loop
      vertex 0 53.1 9.4
      vertex 0 50.1 12.4
      vertex 0 53.1 16.4
    endloop
  endfacet
  facet normal -1 0 0
    outer loop
      vertex 0 31 18.4
      vertex 0 50.1 12.4
      vertex 0 34.1 12.4
    endloop
  endfacet
  facet normal -1 0 0
    outer loop
      vertex 0 31 18.4
      vertex 0 34.1 12.4
      vertex 0 31 8.01
    endloop
  endfacet
  facet normal -1 0 0
    outer loop
      vertex 0 50.1 12.4
      vertex 0 31 18.4
      vertex 0 53.1 16.4
    endloop
  endfacet
  facet normal -1 0 0
    outer loop
      vertex 0 31 18.4
      vertex 0 115.2 25.5
      vertex 0 53.1 16.4
    endloop
  endfacet
  facet normal -1 0 0
    outer loop
      vertex 0 0 25.5
      vertex 0 31 18.4
      vertex 0 19 18.4
    endloop
  endfacet
  facet normal -1 0 0
    outer loop
      vertex 0 31 18.4
      vertex 0 0 25.5
      vertex 0 115.2 25.5
    endloop
  endfacet
  facet normal -1 0 0
    outer loop
      vertex 0 0 25.5
      vertex 0 19 18.4
      vertex 0 0 8.01
    endloop
  endfacet
  facet normal -1 0 0
    outer loop
      vertex 0 59.1 32
      vertex 0 75.3 51.4
      vertex 0 75.3 32
    endloop
  endfacet
  facet normal -1 -0 0
    outer loop
      vertex 0 75.3 51.4
      vertex 0 59.1 32
      vertex 0 59.1 51.4
    endloop
  endfacet
  facet normal -1 0 0
    outer loop
      vertex 0 39.9 32
      vertex 0 56.1 51.4
      vertex 0 56.1 32
    endloop
  endfacet
  facet normal -1 -0 0
    outer loop
      vertex 0 56.1 51.4
      vertex 0 39.9 32
      vertex 0 39.9 51.4
    endloop
  endfacet
  facet normal -1 0 0
    outer loop
      vertex 0 20.7 32
      vertex 0 36.9 51.4
      vertex 0 36.9 32
    endloop
  endfacet
  facet normal -1 -0 0
    outer loop
      vertex 0 36.9 51.4
      vertex 0 20.7 32
      vertex 0 20.7 51.4
    endloop
  endfacet
  facet normal -1 0 0
    outer loop
      vertex 0 78.3 32
      vertex 0 94.5 51.4
      vertex 0 94.5 32
    endloop
  endfacet
  facet normal -1 -0 0
    outer loop
      vertex 0 94.5 51.4
      vertex 0 78.3 32
      vertex 0 78.3 51.4
    endloop
  endfacet
  facet normal 0 -1 0
    outer loop
      vertex 147.8 0 32
      vertex 167.2 0 51.4
      vertex 147.8 0 51.4
    endloop
  endfacet
  facet normal 0 -1 -0
    outer loop
      vertex 167.2 0 51.4
      vertex 147.8 0 32
      vertex 167.2 0 32
    endloop
  endfacet
  facet normal 0 -1 0
    outer loop
      vertex 0 0 32
      vertex 19.4 0 51.4
      vertex 0 0 51.4
    endloop
  endfacet
  facet normal 0 -1 -0
    outer loop
      vertex 19.4 0 51.4
      vertex 0 0 32
      vertex 19.4 0 32
    endloop
  endfacet
  facet normal 0 -1 0
    outer loop
      vertex 0 0 25.5
      vertex 17.1 0 18.4
      vertex 36.1 0 25.5
    endloop
  endfacet
  facet normal 0 -1 0
    outer loop
      vertex 0 0 8.01
      vertex 17.1 0 18.4
      vertex 0 0 25.5
    endloop
  endfacet
  facet normal 0 -1 0
    outer loop
      vertex 0 0 8.01
      vertex 33.1 0 9.4
      vertex 17.1 0 9.4
    endloop
  endfacet
  facet normal 0 -1 -0
    outer loop
      vertex 33.1 0 9.4
      vertex 0 0 8.01
      vertex 36.1 0 9.4
    endloop
  endfacet
  facet normal 0 -1 -0
    outer loop
      vertex 36.1 0 9.4
      vertex 0 0 8.01
      vertex 53.1 0 9.4
    endloop
  endfacet
  facet normal 0 -1 0
    outer loop
      vertex 82.1 0 8.01
      vertex 53.1 0 9.4
      vertex 0 0 8.01
    endloop
  endfacet
  facet normal 0 -1 0
    outer loop
      vertex 53.1 0 9.4
      vertex 82.1 0 8.01
      vertex 56.1 0 9.4
    endloop
  endfacet
  facet normal 0 -1 -0
    outer loop
      vertex 17.1 0 18.4
      vertex 0 0 8.01
      vertex 17.1 0 9.4
    endloop
  endfacet
  facet normal 0 -1 0
    outer loop
      vertex 33.1 0 18.4
      vertex 36.1 0 25.5
      vertex 17.1 0 18.4
    endloop
  endfacet
  facet normal 0 -1 0
    outer loop
      vertex 36.1 0 9.4
      vertex 33.1 0 18.4
      vertex 33.1 0 9.4
    endloop
  endfacet
  facet normal 0 -1 0
    outer loop
      vertex 33.1 0 18.4
      vertex 36.1 0 9.4
      vertex 36.1 0 25.5
    endloop
  endfacet
  facet normal 0 -1 0
    outer loop
      vertex 75.1 0 24.4
      vertex 53.1 0 25.5
      vertex 56.1 0 24.4
    endloop
  endfacet
  facet normal 0 -1 0
    outer loop
      vertex 53.1 0 9.4
      vertex 56.1 0 24.4
      vertex 53.1 0 25.5
    endloop
  endfacet
  facet normal 0 -1 -0
    outer loop
      vertex 56.1 0 24.4
      vertex 53.1 0 9.4
      vertex 56.1 0 9.4
    endloop
  endfacet
  facet normal 0 -1 0
    outer loop
      vertex 53.1 0 25.5
      vertex 75.1 0 24.4
      vertex 82.1 0 25.5
    endloop
  endfacet
  facet normal 0 -1 0
    outer loop
      vertex 75.1 0 9.4
      vertex 82.1 0 25.5
      vertex 75.1 0 24.4
    endloop
  endfacet
  facet normal 0 -1 0
    outer loop
      vertex 75.1 0 9.4
      vertex 82.1 0 8.01
      vertex 82.1 0 25.5
    endloop
  endfacet
  facet normal 0 -1 0
    outer loop
      vertex 56.1 0 9.4
      vertex 82.1 0 8.01
      vertex 75.1 0 9.4
    endloop
  endfacet
  facet normal 0 -1 0
    outer loop
      vertex 147.8 0 8.01
      vertex 167.2 0 25.5
      vertex 147.8 0 25.5
    endloop
  endfacet
  facet normal 0 -1 -0
    outer loop
      vertex 167.2 0 25.5
      vertex 147.8 0 8.01
      vertex 167.2 0 8.01
    endloop
  endfacet
  facet normal 0 -1 0
    outer loop
      vertex 64.2 0 32
      vertex 82.1 0 51.4
      vertex 64.2 0 51.4
    endloop
  endfacet
  facet normal 0 -1 -0
    outer loop
      vertex 82.1 0 51.4
      vertex 64.2 0 32
      vertex 82.1 0 32
    endloop
  endfacet
  facet normal 0 -1 0
    outer loop
      vertex 85.1 0 32
      vertex 103 0 51.4
      vertex 85.1 0 51.4
    endloop
  endfacet
  facet normal 0 -1 -0
    outer loop
      vertex 103 0 51.4
      vertex 85.1 0 32
      vertex 103 0 32
    endloop
  endfacet
  facet normal 0 -1 0
    outer loop
      vertex 106 0 32
      vertex 123.9 0 51.4
      vertex 106 0 51.4
    endloop
  endfacet
  facet normal 0 -1 -0
    outer loop
      vertex 123.9 0 51.4
      vertex 106 0 32
      vertex 123.9 0 32
    endloop
  endfacet
  facet normal 0 -1 0
    outer loop
      vertex 126.9 0 32
      vertex 144.8 0 51.4
      vertex 126.9 0 51.4
    endloop
  endfacet
  facet normal 0 -1 -0
    outer loop
      vertex 144.8 0 51.4
      vertex 126.9 0 32
      vertex 144.8 0 32
    endloop
  endfacet
  facet normal 0 -1 0
    outer loop
      vertex 85.1 0 8.01
      vertex 103 0 25.5
      vertex 85.1 0 25.5
    endloop
  endfacet
  facet normal 0 -1 -0
    outer loop
      vertex 103 0 25.5
      vertex 85.1 0 8.01
      vertex 103 0 8.01
    endloop
  endfacet
  facet normal 0 -1 0
    outer loop
      vertex 106 0 8.01
      vertex 123.9 0 25.5
      vertex 106 0 25.5
    endloop
  endfacet
  facet normal 0 -1 -0
    outer loop
      vertex 123.9 0 25.5
      vertex 106 0 8.01
      vertex 123.9 0 8.01
    endloop
  endfacet
  facet normal 0 -1 0
    outer loop
      vertex 126.9 0 8.01
      vertex 144.8 0 25.5
      vertex 126.9 0 25.5
    endloop
  endfacet
  facet normal 0 -1 -0
    outer loop
      vertex 144.8 0 25.5
      vertex 126.9 0 8.01
      vertex 144.8 0 8.01
    endloop
  endfacet
  facet normal 0 -1 0
    outer loop
      vertex 22.4 0 32
      vertex 40.3 0 51.4
      vertex 22.4 0 51.4
    endloop
  endfacet
  facet normal 0 -1 -0
    outer loop
      vertex 40.3 0 51.4
      vertex 22.4 0 32
      vertex 40.3 0 32
    endloop
  endfacet
  facet normal 0 -1 0
    outer loop
      vertex 43.3 0 32
      vertex 61.2 0 51.4
      vertex 43.3 0 51.4
    endloop
  endfacet
  facet normal 0 -1 -0
    outer loop
      vertex 61.2 0 51.4
      vertex 43.3 0 32
      vertex 61.2 0 32
    endloop
  endfacet
  facet normal 0 1 -0
    outer loop
      vertex 167.2 115.2 32
      vertex 147.8 115.2 51.4
      vertex 167.2 115.2 51.4
    endloop
  endfacet
  facet normal 0 1 0
    outer loop
      vertex 147.8 115.2 51.4
      vertex 167.2 115.2 32
      vertex 147.8 115.2 32
    endloop
  endfacet
  facet normal 0 1 -0
    outer loop
      vertex 19.4 115.2 32
      vertex 0 115.2 51.4
      vertex 19.4 115.2 51.4
    endloop
  endfacet
  facet normal 0 1 0
    outer loop
      vertex 0 115.2 51.4
      vertex 19.4 115.2 32
      vertex 0 115.2 32
    endloop
  endfacet
  facet normal 0 1 -0
    outer loop
      vertex 167.2 115.2 8.01
      vertex 147.8 115.2 25.5
      vertex 167.2 115.2 25.5
    endloop
  endfacet
  facet normal 0 1 0
    outer loop
      vertex 147.8 115.2 25.5
      vertex 167.2 115.2 8.01
      vertex 147.8 115.2 8.01
    endloop
  endfacet
  facet normal 0 1 -0
    outer loop
      vertex 19.4 115.2 8.01
      vertex 0 115.2 25.5
      vertex 19.4 115.2 25.5
    endloop
  endfacet
  facet normal 0 1 0
    outer loop
      vertex 0 115.2 25.5
      vertex 19.4 115.2 8.01
      vertex 0 115.2 8.01
    endloop
  endfacet
  facet normal 0 1 -0
    outer loop
      vertex 40.3 115.2 8.01
      vertex 22.4 115.2 25.5
      vertex 40.3 115.2 25.5
    endloop
  endfacet
  facet normal 0 1 0
    outer loop
      vertex 22.4 115.2 25.5
      vertex 40.3 115.2 8.01
      vertex 22.4 115.2 8.01
    endloop
  endfacet
  facet normal 0 1 -0
    outer loop
      vertex 61.2 115.2 8.01
      vertex 43.3 115.2 25.5
      vertex 61.2 115.2 25.5
    endloop
  endfacet
  facet normal 0 1 0
    outer loop
      vertex 43.3 115.2 25.5
      vertex 61.2 115.2 8.01
      vertex 43.3 115.2 8.01
    endloop
  endfacet
  facet normal 0 1 -0
    outer loop
      vertex 82.1 115.2 8.01
      vertex 64.2 115.2 25.5
      vertex 82.1 115.2 25.5
    endloop
  endfacet
  facet normal 0 1 0
    outer loop
      vertex 64.2 115.2 25.5
      vertex 82.1 115.2 8.01
      vertex 64.2 115.2 8.01
    endloop
  endfacet
  facet normal 0 1 -0
    outer loop
      vertex 103 115.2 8.01
      vertex 85.1 115.2 25.5
      vertex 103 115.2 25.5
    endloop
  endfacet
  facet normal 0 1 0
    outer loop
      vertex 85.1 115.2 25.5
      vertex 103 115.2 8.01
      vertex 85.1 115.2 8.01
    endloop
  endfacet
  facet normal 0 1 -0
    outer loop
      vertex 123.9 115.2 8.01
      vertex 106 115.2 25.5
      vertex 123.9 115.2 25.5
    endloop
  endfacet
  facet normal 0 1 0
    outer loop
      vertex 106 115.2 25.5
      vertex 123.9 115.2 8.01
      vertex 106 115.2 8.01
    endloop
  endfacet
  facet normal 0 1 -0
    outer loop
      vertex 144.8 115.2 8.01
      vertex 126.9 115.2 25.5
      vertex 144.8 115.2 25.5
    endloop
  endfacet
  facet normal 0 1 0
    outer loop
      vertex 126.9 115.2 25.5
      vertex 144.8 115.2 8.01
      vertex 126.9 115.2 8.01
    endloop
  endfacet
  facet normal 0 1 0
    outer loop
      vertex 32.6831 115.2 40.0097
      vertex 40.3 115.2 51.4
      vertex 33.6 115.2 40.1
    endloop
  endfacet
  facet normal 0 1 0
    outer loop
      vertex 40.3 115.2 51.4
      vertex 34.5169 115.2 40.0097
      vertex 33.6 115.2 40.1
    endloop
  endfacet
  facet normal 0 1 0
    outer loop
      vertex 40.3 115.2 51.4
      vertex 35.3986 115.2 39.7422
      vertex 34.5169 115.2 40.0097
    endloop
  endfacet
  facet normal 0 1 0
    outer loop
      vertex 40.3 115.2 51.4
      vertex 36.2112 115.2 39.3079
      vertex 35.3986 115.2 39.7422
    endloop
  endfacet
  facet normal 0 1 0
    outer loop
      vertex 40.3 115.2 51.4
      vertex 36.9234 115.2 38.7234
      vertex 36.2112 115.2 39.3079
    endloop
  endfacet
  facet normal 0 1 0
    outer loop
      vertex 40.3 115.2 51.4
      vertex 37.5079 115.2 38.0112
      vertex 36.9234 115.2 38.7234
    endloop
  endfacet
  facet normal 0 1 0
    outer loop
      vertex 40.3 115.2 51.4
      vertex 37.9422 115.2 37.1986
      vertex 37.5079 115.2 38.0112
    endloop
  endfacet
  facet normal 0 1 0
    outer loop
      vertex 40.3 115.2 51.4
      vertex 38.2097 115.2 36.3169
      vertex 37.9422 115.2 37.1986
    endloop
  endfacet
  facet normal 0 1 -0
    outer loop
      vertex 40.3 115.2 32
      vertex 38.2097 115.2 36.3169
      vertex 40.3 115.2 51.4
    endloop
  endfacet
  facet normal 0 1 0
    outer loop
      vertex 38.2097 115.2 36.3169
      vertex 40.3 115.2 32
      vertex 38.3 115.2 35.4
    endloop
  endfacet
  facet normal 0 1 0
    outer loop
      vertex 38.3 115.2 35.4
      vertex 40.3 115.2 32
      vertex 38.2097 115.2 34.4831
    endloop
  endfacet
  facet normal 0 1 0
    outer loop
      vertex 40.3 115.2 32
      vertex 37.9422 115.2 33.6014
      vertex 38.2097 115.2 34.4831
    endloop
  endfacet
  facet normal 0 1 0
    outer loop
      vertex 40.3 115.2 32
      vertex 37.5079 115.2 32.7888
      vertex 37.9422 115.2 33.6014
    endloop
  endfacet
  facet normal 0 1 0
    outer loop
      vertex 40.3 115.2 32
      vertex 36.9234 115.2 32.0766
      vertex 37.5079 115.2 32.7888
    endloop
  endfacet
  facet normal 0 1 0
    outer loop
      vertex 36.9234 115.2 32.0766
      vertex 40.3 115.2 32
      vertex 36.8301 115.2 32
    endloop
  endfacet
  facet normal 0 1 0
    outer loop
      vertex 40.3 115.2 51.4
      vertex 32.6831 115.2 40.0097
      vertex 22.4 115.2 51.4
    endloop
  endfacet
  facet normal 0 1 -0
    outer loop
      vertex 31.8014 115.2 39.7422
      vertex 22.4 115.2 51.4
      vertex 32.6831 115.2 40.0097
    endloop
  endfacet
  facet normal 0 1 -0
    outer loop
      vertex 30.9888 115.2 39.3079
      vertex 22.4 115.2 51.4
      vertex 31.8014 115.2 39.7422
    endloop
  endfacet
  facet normal 0 1 -0
    outer loop
      vertex 30.2766 115.2 38.7234
      vertex 22.4 115.2 51.4
      vertex 30.9888 115.2 39.3079
    endloop
  endfacet
  facet normal 0 1 -0
    outer loop
      vertex 29.6921 115.2 38.0112
      vertex 22.4 115.2 51.4
      vertex 30.2766 115.2 38.7234
    endloop
  endfacet
  facet normal 0 1 -0
    outer loop
      vertex 29.2578 115.2 37.1986
      vertex 22.4 115.2 51.4
      vertex 29.6921 115.2 38.0112
    endloop
  endfacet
  facet normal 0 1 0
    outer loop
      vertex 22.4 115.2 32
      vertex 29.2578 115.2 37.1986
      vertex 28.9903 115.2 36.3169
    endloop
  endfacet
  facet normal 0 1 0
    outer loop
      vertex 22.4 115.2 32
      vertex 28.9903 115.2 36.3169
      vertex 28.9 115.2 35.4
    endloop
  endfacet
  facet normal 0 1 0
    outer loop
      vertex 22.4 115.2 32
      vertex 28.9 115.2 35.4
      vertex 28.9903 115.2 34.4831
    endloop
  endfacet
  facet normal 0 1 0
    outer loop
      vertex 22.4 115.2 32
      vertex 28.9903 115.2 34.4831
      vertex 29.2578 115.2 33.6014
    endloop
  endfacet
  facet normal 0 1 0
    outer loop
      vertex 29.2578 115.2 37.1986
      vertex 22.4 115.2 32
      vertex 22.4 115.2 51.4
    endloop
  endfacet
  facet normal 0 1 0
    outer loop
      vertex 29.6921 115.2 32.7888
      vertex 22.4 115.2 32
      vertex 29.2578 115.2 33.6014
    endloop
  endfacet
  facet normal 0 1 0
    outer loop
      vertex 30.2766 115.2 32.0766
      vertex 22.4 115.2 32
      vertex 29.6921 115.2 32.7888
    endloop
  endfacet
  facet normal 0 1 0
    outer loop
      vertex 22.4 115.2 32
      vertex 30.2766 115.2 32.0766
      vertex 30.3699 115.2 32
    endloop
  endfacet
  facet normal 0 1 -0
    outer loop
      vertex 61.2 115.2 32
      vertex 43.3 115.2 51.4
      vertex 61.2 115.2 51.4
    endloop
  endfacet
  facet normal 0 1 0
    outer loop
      vertex 43.3 115.2 51.4
      vertex 61.2 115.2 32
      vertex 43.3 115.2 32
    endloop
  endfacet
  facet normal 0 1 -0
    outer loop
      vertex 82.1 115.2 32
      vertex 64.2 115.2 51.4
      vertex 82.1 115.2 51.4
    endloop
  endfacet
  facet normal 0 1 0
    outer loop
      vertex 64.2 115.2 51.4
      vertex 82.1 115.2 32
      vertex 64.2 115.2 32
    endloop
  endfacet
  facet normal 0 1 -0
    outer loop
      vertex 103 115.2 32
      vertex 85.1 115.2 51.4
      vertex 103 115.2 51.4
    endloop
  endfacet
  facet normal 0 1 0
    outer loop
      vertex 85.1 115.2 51.4
      vertex 103 115.2 32
      vertex 85.1 115.2 32
    endloop
  endfacet
  facet normal 0 1 -0
    outer loop
      vertex 123.9 115.2 32
      vertex 106 115.2 51.4
      vertex 123.9 115.2 51.4
    endloop
  endfacet
  facet normal 0 1 0
    outer loop
      vertex 106 115.2 51.4
      vertex 123.9 115.2 32
      vertex 106 115.2 32
    endloop
  endfacet
  facet normal 0 1 -0
    outer loop
      vertex 144.8 115.2 32
      vertex 126.9 115.2 51.4
      vertex 144.8 115.2 51.4
    endloop
  endfacet
  facet normal 0 1 0
    outer loop
      vertex 126.9 115.2 51.4
      vertex 144.8 115.2 32
      vertex 126.9 115.2 32
    endloop
  endfacet
  facet normal 0 0 1
    outer loop
      vertex 169.7 117.7 63.4
      vertex 164.8 112.8 63.4
      vertex 169.7 -2.5 63.4
    endloop
  endfacet
  facet normal 0 0 1
    outer loop
      vertex 169.7 117.7 63.4
      vertex 2.4 112.8 63.4
      vertex 164.8 112.8 63.4
    endloop
  endfacet
  facet normal 0 0 1
    outer loop
      vertex 2.4 112.8 63.4
      vertex -2.5 117.7 63.4
      vertex 2.4 2.4 63.4
    endloop
  endfacet
  facet normal -0 0 1
    outer loop
      vertex -2.5 117.7 63.4
      vertex 2.4 112.8 63.4
      vertex 169.7 117.7 63.4
    endloop
  endfacet
  facet normal -0 0 1
    outer loop
      vertex 164.8 2.4 63.4
      vertex 169.7 -2.5 63.4
      vertex 164.8 112.8 63.4
    endloop
  endfacet
  facet normal -0 0 1
    outer loop
      vertex 2.4 2.4 63.4
      vertex 169.7 -2.5 63.4
      vertex 164.8 2.4 63.4
    endloop
  endfacet
  facet normal 0 0 1
    outer loop
      vertex 2.4 2.4 63.4
      vertex -2.5 -2.5 63.4
      vertex 169.7 -2.5 63.4
    endloop
  endfacet
  facet normal 0 0 1
    outer loop
      vertex -2.5 -2.5 63.4
      vertex 2.4 2.4 63.4
      vertex -2.5 117.7 63.4
    endloop
  endfacet
  facet normal 0 0 1
    outer loop
      vertex 5.63223 14.6322 2.4
      vertex 5.4 14.4 2.4
      vertex 5.91521 14.4 2.4
    endloop
  endfacet
  facet normal 0 0 1
    outer loop
      vertex 5.4 14.4 2.4
      vertex 5.63223 14.6322 2.4
      vertex 5.4 14.9152 2.4
    endloop
  endfacet
  facet normal -0 0 1
    outer loop
      vertex 5.4 100.8 2.4
      vertex 5.63223 100.568 2.4
      vertex 5.91521 100.8 2.4
    endloop
  endfacet
  facet normal 0 0 1
    outer loop
      vertex 5.63223 100.568 2.4
      vertex 5.4 100.8 2.4
      vertex 5.4 100.285 2.4
    endloop
  endfacet
  facet normal 0 0 1
    outer loop
      vertex 81.5213 97.4111 2.4
      vertex 9.47867 97.4111 2.4
      vertex 81.8322 97.0322 2.4
    endloop
  endfacet
  facet normal 0 0 1
    outer loop
      vertex 81.8322 18.1678 2.4
      vertex 9.85196 16.8877 2.4
      vertex 9.9 16.4 2.4
    endloop
  endfacet
  facet normal 0 0 1
    outer loop
      vertex 9.16777 97.0322 2.4
      vertex 81.8322 97.0322 2.4
      vertex 9.47867 97.4111 2.4
    endloop
  endfacet
  facet normal 0 0 1
    outer loop
      vertex 81.8322 18.1678 2.4
      vertex 9.7097 17.3567 2.4
      vertex 9.85196 16.8877 2.4
    endloop
  endfacet
  facet normal 0 0 1
    outer loop
      vertex 81.8322 97.0322 2.4
      vertex 9.16777 97.0322 2.4
      vertex 81.8322 18.1678 2.4
    endloop
  endfacet
  facet normal 0 0 1
    outer loop
      vertex 81.8322 18.1678 2.4
      vertex 9.47867 17.7889 2.4
      vertex 9.7097 17.3567 2.4
    endloop
  endfacet
  facet normal 0 0 1
    outer loop
      vertex 9.16777 18.1678 2.4
      vertex 81.8322 18.1678 2.4
      vertex 9.16777 97.0322 2.4
    endloop
  endfacet
  facet normal 0 0 1
    outer loop
      vertex 81.8322 18.1678 2.4
      vertex 9.16777 18.1678 2.4
      vertex 9.47867 17.7889 2.4
    endloop
  endfacet
  facet normal -0 0 1
    outer loop
      vertex 8.78893 96.7213 2.4
      vertex 9.16777 18.1678 2.4
      vertex 9.16777 97.0322 2.4
    endloop
  endfacet
  facet normal 0 0 1
    outer loop
      vertex 8.78893 96.7213 2.4
      vertex 8.78893 18.4787 2.4
      vertex 9.16777 18.1678 2.4
    endloop
  endfacet
  facet normal -0 0 1
    outer loop
      vertex 8.35671 96.4903 2.4
      vertex 8.78893 18.4787 2.4
      vertex 8.78893 96.7213 2.4
    endloop
  endfacet
  facet normal 0 0 1
    outer loop
      vertex 8.35671 96.4903 2.4
      vertex 8.35671 18.7097 2.4
      vertex 8.78893 18.4787 2.4
    endloop
  endfacet
  facet normal -0 0 1
    outer loop
      vertex 7.88773 96.348 2.4
      vertex 8.35671 18.7097 2.4
      vertex 8.35671 96.4903 2.4
    endloop
  endfacet
  facet normal 0 0 1
    outer loop
      vertex 7.88773 96.348 2.4
      vertex 7.88773 18.852 2.4
      vertex 8.35671 18.7097 2.4
    endloop
  endfacet
  facet normal -0 0 1
    outer loop
      vertex 7.4 96.3 2.4
      vertex 7.88773 18.852 2.4
      vertex 7.88773 96.348 2.4
    endloop
  endfacet
  facet normal 0 0 1
    outer loop
      vertex 7.4 96.3 2.4
      vertex 7.4 18.9 2.4
      vertex 7.88773 18.852 2.4
    endloop
  endfacet
  facet normal 0 0 1
    outer loop
      vertex 6.91227 96.348 2.4
      vertex 7.4 18.9 2.4
      vertex 7.4 96.3 2.4
    endloop
  endfacet
  facet normal 0 0 1
    outer loop
      vertex 6.91227 96.348 2.4
      vertex 6.91227 18.852 2.4
      vertex 7.4 18.9 2.4
    endloop
  endfacet
  facet normal 0 0 1
    outer loop
      vertex 6.44329 96.4903 2.4
      vertex 6.91227 18.852 2.4
      vertex 6.91227 96.348 2.4
    endloop
  endfacet
  facet normal 0 0 1
    outer loop
      vertex 6.44329 96.4903 2.4
      vertex 6.44329 18.7097 2.4
      vertex 6.91227 18.852 2.4
    endloop
  endfacet
  facet normal 0 0 1
    outer loop
      vertex 6.01107 96.7213 2.4
      vertex 6.44329 18.7097 2.4
      vertex 6.44329 96.4903 2.4
    endloop
  endfacet
  facet normal 0 0 1
    outer loop
      vertex 6.01107 96.7213 2.4
      vertex 6.01107 18.4787 2.4
      vertex 6.44329 18.7097 2.4
    endloop
  endfacet
  facet normal 0 0 1
    outer loop
      vertex 5.63223 97.0322 2.4
      vertex 6.01107 18.4787 2.4
      vertex 6.01107 96.7213 2.4
    endloop
  endfacet
  facet normal 0 0 1
    outer loop
      vertex 5.63223 97.0322 2.4
      vertex 5.63223 18.1678 2.4
      vertex 6.01107 18.4787 2.4
    endloop
  endfacet
  facet normal 0 0 1
    outer loop
      vertex 5.4 97.3152 2.4
      vertex 5.63223 18.1678 2.4
      vertex 5.63223 97.0322 2.4
    endloop
  endfacet
  facet normal 0 0 1
    outer loop
      vertex 5.63223 18.1678 2.4
      vertex 5.4 97.3152 2.4
      vertex 5.4 17.8848 2.4
    endloop
  endfacet
  facet normal 0 0 1
    outer loop
      vertex 81.2903 17.3567 2.4
      vertex 9.9 16.4 2.4
      vertex 81.148 16.8877 2.4
    endloop
  endfacet
  facet normal 0 0 1
    outer loop
      vertex 81.148 99.2877 2.4
      vertex 9.9 98.8 2.4
      vertex 81.1 98.8 2.4
    endloop
  endfacet
  facet normal 0 0 1
    outer loop
      vertex 9.85196 99.2877 2.4
      vertex 81.148 99.2877 2.4
      vertex 81.2903 99.7567 2.4
    endloop
  endfacet
  facet normal 0 0 1
    outer loop
      vertex 9.7097 99.7567 2.4
      vertex 81.2903 99.7567 2.4
      vertex 81.5213 100.189 2.4
    endloop
  endfacet
  facet normal 0 0 1
    outer loop
      vertex 9.47867 100.189 2.4
      vertex 81.5213 100.189 2.4
      vertex 81.8322 100.568 2.4
    endloop
  endfacet
  facet normal 0 0 1
    outer loop
      vertex 9.16777 100.568 2.4
      vertex 81.8322 100.568 2.4
      vertex 82.1152 100.8 2.4
    endloop
  endfacet
  facet normal 0 0 1
    outer loop
      vertex 81.148 99.2877 2.4
      vertex 9.85196 99.2877 2.4
      vertex 9.9 98.8 2.4
    endloop
  endfacet
  facet normal 0 0 1
    outer loop
      vertex 81.2903 99.7567 2.4
      vertex 9.7097 99.7567 2.4
      vertex 9.85196 99.2877 2.4
    endloop
  endfacet
  facet normal 0 0 1
    outer loop
      vertex 81.5213 100.189 2.4
      vertex 9.47867 100.189 2.4
      vertex 9.7097 99.7567 2.4
    endloop
  endfacet
  facet normal 0 0 1
    outer loop
      vertex 81.8322 100.568 2.4
      vertex 9.16777 100.568 2.4
      vertex 9.47867 100.189 2.4
    endloop
  endfacet
  facet normal 0 -0 1
    outer loop
      vertex 9.16777 100.568 2.4
      vertex 82.1152 100.8 2.4
      vertex 8.88479 100.8 2.4
    endloop
  endfacet
  facet normal 0 0 1
    outer loop
      vertex 157.721 97.4111 2.4
      vertex 85.6787 97.4111 2.4
      vertex 158.032 97.0322 2.4
    endloop
  endfacet
  facet normal 0 0 1
    outer loop
      vertex 158.032 18.1678 2.4
      vertex 86.052 16.8877 2.4
      vertex 86.1 16.4 2.4
    endloop
  endfacet
  facet normal 0 0 1
    outer loop
      vertex 85.3678 97.0322 2.4
      vertex 158.032 97.0322 2.4
      vertex 85.6787 97.4111 2.4
    endloop
  endfacet
  facet normal 0 0 1
    outer loop
      vertex 158.032 18.1678 2.4
      vertex 85.9097 17.3567 2.4
      vertex 86.052 16.8877 2.4
    endloop
  endfacet
  facet normal 0 0 1
    outer loop
      vertex 158.032 97.0322 2.4
      vertex 85.3678 97.0322 2.4
      vertex 158.032 18.1678 2.4
    endloop
  endfacet
  facet normal 0 0 1
    outer loop
      vertex 158.032 18.1678 2.4
      vertex 85.6787 17.7889 2.4
      vertex 85.9097 17.3567 2.4
    endloop
  endfacet
  facet normal 0 0 1
    outer loop
      vertex 85.3678 18.1678 2.4
      vertex 158.032 18.1678 2.4
      vertex 85.3678 97.0322 2.4
    endloop
  endfacet
  facet normal 0 0 1
    outer loop
      vertex 158.032 18.1678 2.4
      vertex 85.3678 18.1678 2.4
      vertex 85.6787 17.7889 2.4
    endloop
  endfacet
  facet normal -0 0 1
    outer loop
      vertex 84.9889 96.7213 2.4
      vertex 85.3678 18.1678 2.4
      vertex 85.3678 97.0322 2.4
    endloop
  endfacet
  facet normal 0 0 1
    outer loop
      vertex 84.9889 96.7213 2.4
      vertex 84.9889 18.4787 2.4
      vertex 85.3678 18.1678 2.4
    endloop
  endfacet
  facet normal -0 0 1
    outer loop
      vertex 84.5567 96.4903 2.4
      vertex 84.9889 18.4787 2.4
      vertex 84.9889 96.7213 2.4
    endloop
  endfacet
  facet normal 0 0 1
    outer loop
      vertex 84.5567 96.4903 2.4
      vertex 84.5567 18.7097 2.4
      vertex 84.9889 18.4787 2.4
    endloop
  endfacet
  facet normal -0 0 1
    outer loop
      vertex 84.0877 96.348 2.4
      vertex 84.5567 18.7097 2.4
      vertex 84.5567 96.4903 2.4
    endloop
  endfacet
  facet normal 0 0 1
    outer loop
      vertex 84.0877 96.348 2.4
      vertex 84.0877 18.852 2.4
      vertex 84.5567 18.7097 2.4
    endloop
  endfacet
  facet normal -0 0 1
    outer loop
      vertex 83.6 96.3 2.4
      vertex 84.0877 18.852 2.4
      vertex 84.0877 96.348 2.4
    endloop
  endfacet
  facet normal 0 0 1
    outer loop
      vertex 83.6 96.3 2.4
      vertex 83.6 18.9 2.4
      vertex 84.0877 18.852 2.4
    endloop
  endfacet
  facet normal 0 0 1
    outer loop
      vertex 83.1123 96.348 2.4
      vertex 83.6 18.9 2.4
      vertex 83.6 96.3 2.4
    endloop
  endfacet
  facet normal 0 0 1
    outer loop
      vertex 83.1123 96.348 2.4
      vertex 83.1123 18.852 2.4
      vertex 83.6 18.9 2.4
    endloop
  endfacet
  facet normal 0 0 1
    outer loop
      vertex 82.6433 96.4903 2.4
      vertex 83.1123 18.852 2.4
      vertex 83.1123 96.348 2.4
    endloop
  endfacet
  facet normal 0 0 1
    outer loop
      vertex 82.6433 96.4903 2.4
      vertex 82.6433 18.7097 2.4
      vertex 83.1123 18.852 2.4
    endloop
  endfacet
  facet normal 0 0 1
    outer loop
      vertex 82.2111 96.7213 2.4
      vertex 82.6433 18.7097 2.4
      vertex 82.6433 96.4903 2.4
    endloop
  endfacet
  facet normal 0 0 1
    outer loop
      vertex 82.2111 96.7213 2.4
      vertex 82.2111 18.4787 2.4
      vertex 82.6433 18.7097 2.4
    endloop
  endfacet
  facet normal 0 0 1
    outer loop
      vertex 81.8322 97.0322 2.4
      vertex 82.2111 18.4787 2.4
      vertex 82.2111 96.7213 2.4
    endloop
  endfacet
  facet normal 0 0 1
    outer loop
      vertex 81.8322 97.0322 2.4
      vertex 81.8322 18.1678 2.4
      vertex 82.2111 18.4787 2.4
    endloop
  endfacet
  facet normal 0 0 1
    outer loop
      vertex 9.7097 97.8433 2.4
      vertex 81.2903 97.8433 2.4
      vertex 9.85196 98.3123 2.4
    endloop
  endfacet
  facet normal 0 0 1
    outer loop
      vertex 81.2903 97.8433 2.4
      vertex 9.7097 97.8433 2.4
      vertex 81.5213 97.4111 2.4
    endloop
  endfacet
  facet normal 0 0 1
    outer loop
      vertex 81.148 98.3123 2.4
      vertex 9.85196 98.3123 2.4
      vertex 81.2903 97.8433 2.4
    endloop
  endfacet
  facet normal 0 0 1
    outer loop
      vertex 9.47867 97.4111 2.4
      vertex 81.5213 97.4111 2.4
      vertex 9.7097 97.8433 2.4
    endloop
  endfacet
  facet normal 0 0 1
    outer loop
      vertex 9.85196 98.3123 2.4
      vertex 81.148 98.3123 2.4
      vertex 9.9 98.8 2.4
    endloop
  endfacet
  facet normal 0 0 1
    outer loop
      vertex 81.8322 18.1678 2.4
      vertex 9.9 16.4 2.4
      vertex 81.5213 17.7889 2.4
    endloop
  endfacet
  facet normal -0 0 1
    outer loop
      vertex 9.9 98.8 2.4
      vertex 81.148 98.3123 2.4
      vertex 81.1 98.8 2.4
    endloop
  endfacet
  facet normal 0 0 1
    outer loop
      vertex 81.5213 17.7889 2.4
      vertex 9.9 16.4 2.4
      vertex 81.2903 17.3567 2.4
    endloop
  endfacet
  facet normal 0 0 1
    outer loop
      vertex 157.49 17.3567 2.4
      vertex 86.1 16.4 2.4
      vertex 157.348 16.8877 2.4
    endloop
  endfacet
  facet normal 0 0 1
    outer loop
      vertex 157.348 99.2877 2.4
      vertex 86.1 98.8 2.4
      vertex 157.3 98.8 2.4
    endloop
  endfacet
  facet normal 0 0 1
    outer loop
      vertex 86.052 99.2877 2.4
      vertex 157.348 99.2877 2.4
      vertex 157.49 99.7567 2.4
    endloop
  endfacet
  facet normal 0 0 1
    outer loop
      vertex 85.9097 99.7567 2.4
      vertex 157.49 99.7567 2.4
      vertex 157.721 100.189 2.4
    endloop
  endfacet
  facet normal 0 0 1
    outer loop
      vertex 85.6787 100.189 2.4
      vertex 157.721 100.189 2.4
      vertex 158.032 100.568 2.4
    endloop
  endfacet
  facet normal 0 0 1
    outer loop
      vertex 85.3678 100.568 2.4
      vertex 158.032 100.568 2.4
      vertex 158.315 100.8 2.4
    endloop
  endfacet
  facet normal 0 0 1
    outer loop
      vertex 157.348 99.2877 2.4
      vertex 86.052 99.2877 2.4
      vertex 86.1 98.8 2.4
    endloop
  endfacet
  facet normal 0 0 1
    outer loop
      vertex 157.49 99.7567 2.4
      vertex 85.9097 99.7567 2.4
      vertex 86.052 99.2877 2.4
    endloop
  endfacet
  facet normal 0 0 1
    outer loop
      vertex 157.721 100.189 2.4
      vertex 85.6787 100.189 2.4
      vertex 85.9097 99.7567 2.4
    endloop
  endfacet
  facet normal 0 0 1
    outer loop
      vertex 158.032 100.568 2.4
      vertex 85.3678 100.568 2.4
      vertex 85.6787 100.189 2.4
    endloop
  endfacet
  facet normal 0 -0 1
    outer loop
      vertex 85.3678 100.568 2.4
      vertex 158.315 100.8 2.4
      vertex 85.0848 100.8 2.4
    endloop
  endfacet
  facet normal -0 0 1
    outer loop
      vertex 161.568 97.0322 2.4
      vertex 161.8 17.8848 2.4
      vertex 161.8 97.3152 2.4
    endloop
  endfacet
  facet normal 0 0 1
    outer loop
      vertex 161.568 97.0322 2.4
      vertex 161.568 18.1678 2.4
      vertex 161.8 17.8848 2.4
    endloop
  endfacet
  facet normal -0 0 1
    outer loop
      vertex 161.189 96.7213 2.4
      vertex 161.568 18.1678 2.4
      vertex 161.568 97.0322 2.4
    endloop
  endfacet
  facet normal 0 0 1
    outer loop
      vertex 161.189 96.7213 2.4
      vertex 161.189 18.4787 2.4
      vertex 161.568 18.1678 2.4
    endloop
  endfacet
  facet normal -0 0 1
    outer loop
      vertex 160.757 96.4903 2.4
      vertex 161.189 18.4787 2.4
      vertex 161.189 96.7213 2.4
    endloop
  endfacet
  facet normal 0 0 1
    outer loop
      vertex 160.757 96.4903 2.4
      vertex 160.757 18.7097 2.4
      vertex 161.189 18.4787 2.4
    endloop
  endfacet
  facet normal -0 0 1
    outer loop
      vertex 160.288 96.348 2.4
      vertex 160.757 18.7097 2.4
      vertex 160.757 96.4903 2.4
    endloop
  endfacet
  facet normal 0 0 1
    outer loop
      vertex 160.288 96.348 2.4
      vertex 160.288 18.852 2.4
      vertex 160.757 18.7097 2.4
    endloop
  endfacet
  facet normal -0 0 1
    outer loop
      vertex 159.8 96.3 2.4
      vertex 160.288 18.852 2.4
      vertex 160.288 96.348 2.4
    endloop
  endfacet
  facet normal 0 0 1
    outer loop
      vertex 159.8 96.3 2.4
      vertex 159.8 18.9 2.4
      vertex 160.288 18.852 2.4
    endloop
  endfacet
  facet normal 0 0 1
    outer loop
      vertex 159.312 96.348 2.4
      vertex 159.8 18.9 2.4
      vertex 159.8 96.3 2.4
    endloop
  endfacet
  facet normal 0 0 1
    outer loop
      vertex 159.312 96.348 2.4
      vertex 159.312 18.852 2.4
      vertex 159.8 18.9 2.4
    endloop
  endfacet
  facet normal 0 0 1
    outer loop
      vertex 158.843 96.4903 2.4
      vertex 159.312 18.852 2.4
      vertex 159.312 96.348 2.4
    endloop
  endfacet
  facet normal 0 0 1
    outer loop
      vertex 158.843 96.4903 2.4
      vertex 158.843 18.7097 2.4
      vertex 159.312 18.852 2.4
    endloop
  endfacet
  facet normal 0 0 1
    outer loop
      vertex 158.411 96.7213 2.4
      vertex 158.843 18.7097 2.4
      vertex 158.843 96.4903 2.4
    endloop
  endfacet
  facet normal 0 0 1
    outer loop
      vertex 158.411 96.7213 2.4
      vertex 158.411 18.4787 2.4
      vertex 158.843 18.7097 2.4
    endloop
  endfacet
  facet normal 0 0 1
    outer loop
      vertex 158.032 97.0322 2.4
      vertex 158.411 18.4787 2.4
      vertex 158.411 96.7213 2.4
    endloop
  endfacet
  facet normal 0 0 1
    outer loop
      vertex 158.032 97.0322 2.4
      vertex 158.032 18.1678 2.4
      vertex 158.411 18.4787 2.4
    endloop
  endfacet
  facet normal 0 0 1
    outer loop
      vertex 85.9097 97.8433 2.4
      vertex 157.49 97.8433 2.4
      vertex 86.052 98.3123 2.4
    endloop
  endfacet
  facet normal 0 0 1
    outer loop
      vertex 157.49 97.8433 2.4
      vertex 85.9097 97.8433 2.4
      vertex 157.721 97.4111 2.4
    endloop
  endfacet
  facet normal 0 0 1
    outer loop
      vertex 157.348 98.3123 2.4
      vertex 86.052 98.3123 2.4
      vertex 157.49 97.8433 2.4
    endloop
  endfacet
  facet normal 0 0 1
    outer loop
      vertex 85.6787 97.4111 2.4
      vertex 157.721 97.4111 2.4
      vertex 85.9097 97.8433 2.4
    endloop
  endfacet
  facet normal 0 0 1
    outer loop
      vertex 86.052 98.3123 2.4
      vertex 157.348 98.3123 2.4
      vertex 86.1 98.8 2.4
    endloop
  endfacet
  facet normal 0 0 1
    outer loop
      vertex 158.032 18.1678 2.4
      vertex 86.1 16.4 2.4
      vertex 157.721 17.7889 2.4
    endloop
  endfacet
  facet normal -0 0 1
    outer loop
      vertex 86.1 98.8 2.4
      vertex 157.348 98.3123 2.4
      vertex 157.3 98.8 2.4
    endloop
  endfacet
  facet normal 0 0 1
    outer loop
      vertex 157.721 17.7889 2.4
      vertex 86.1 16.4 2.4
      vertex 157.49 17.3567 2.4
    endloop
  endfacet
  facet normal 0 0 1
    outer loop
      vertex 157.348 16.8877 2.4
      vertex 86.1 16.4 2.4
      vertex 157.3 16.4 2.4
    endloop
  endfacet
  facet normal 0 0 1
    outer loop
      vertex 157.3 16.4 2.4
      vertex 86.1 16.4 2.4
      vertex 157.348 15.9123 2.4
    endloop
  endfacet
  facet normal 0 0 1
    outer loop
      vertex 86.052 15.9123 2.4
      vertex 157.348 15.9123 2.4
      vertex 86.1 16.4 2.4
    endloop
  endfacet
  facet normal 0 0 1
    outer loop
      vertex 157.348 15.9123 2.4
      vertex 86.052 15.9123 2.4
      vertex 157.49 15.4433 2.4
    endloop
  endfacet
  facet normal 0 0 1
    outer loop
      vertex 85.9097 15.4433 2.4
      vertex 157.49 15.4433 2.4
      vertex 86.052 15.9123 2.4
    endloop
  endfacet
  facet normal 0 0 1
    outer loop
      vertex 157.49 15.4433 2.4
      vertex 85.9097 15.4433 2.4
      vertex 157.721 15.0111 2.4
    endloop
  endfacet
  facet normal 0 0 1
    outer loop
      vertex 85.6787 15.0111 2.4
      vertex 157.721 15.0111 2.4
      vertex 85.9097 15.4433 2.4
    endloop
  endfacet
  facet normal 0 0 1
    outer loop
      vertex 157.721 15.0111 2.4
      vertex 85.6787 15.0111 2.4
      vertex 158.032 14.6322 2.4
    endloop
  endfacet
  facet normal 0 0 1
    outer loop
      vertex 85.3678 14.6322 2.4
      vertex 158.032 14.6322 2.4
      vertex 85.6787 15.0111 2.4
    endloop
  endfacet
  facet normal 0 0 1
    outer loop
      vertex 158.032 14.6322 2.4
      vertex 85.3678 14.6322 2.4
      vertex 158.315 14.4 2.4
    endloop
  endfacet
  facet normal 0 0 1
    outer loop
      vertex 158.315 14.4 2.4
      vertex 85.3678 14.6322 2.4
      vertex 85.0848 14.4 2.4
    endloop
  endfacet
  facet normal 0 0 1
    outer loop
      vertex 81.148 16.8877 2.4
      vertex 9.9 16.4 2.4
      vertex 81.1 16.4 2.4
    endloop
  endfacet
  facet normal 0 0 1
    outer loop
      vertex 81.1 16.4 2.4
      vertex 9.9 16.4 2.4
      vertex 81.148 15.9123 2.4
    endloop
  endfacet
  facet normal 0 0 1
    outer loop
      vertex 9.85196 15.9123 2.4
      vertex 81.148 15.9123 2.4
      vertex 9.9 16.4 2.4
    endloop
  endfacet
  facet normal 0 0 1
    outer loop
      vertex 81.148 15.9123 2.4
      vertex 9.85196 15.9123 2.4
      vertex 81.2903 15.4433 2.4
    endloop
  endfacet
  facet normal 0 0 1
    outer loop
      vertex 9.7097 15.4433 2.4
      vertex 81.2903 15.4433 2.4
      vertex 9.85196 15.9123 2.4
    endloop
  endfacet
  facet normal 0 0 1
    outer loop
      vertex 81.2903 15.4433 2.4
      vertex 9.7097 15.4433 2.4
      vertex 81.5213 15.0111 2.4
    endloop
  endfacet
  facet normal 0 0 1
    outer loop
      vertex 9.47867 15.0111 2.4
      vertex 81.5213 15.0111 2.4
      vertex 9.7097 15.4433 2.4
    endloop
  endfacet
  facet normal 0 0 1
    outer loop
      vertex 81.5213 15.0111 2.4
      vertex 9.47867 15.0111 2.4
      vertex 81.8322 14.6322 2.4
    endloop
  endfacet
  facet normal 0 0 1
    outer loop
      vertex 9.16777 14.6322 2.4
      vertex 81.8322 14.6322 2.4
      vertex 9.47867 15.0111 2.4
    endloop
  endfacet
  facet normal 0 0 1
    outer loop
      vertex 81.8322 14.6322 2.4
      vertex 9.16777 14.6322 2.4
      vertex 82.1152 14.4 2.4
    endloop
  endfacet
  facet normal 0 0 1
    outer loop
      vertex 82.1152 14.4 2.4
      vertex 9.16777 14.6322 2.4
      vertex 8.88479 14.4 2.4
    endloop
  endfacet
  facet normal -0 0 1
    outer loop
      vertex 161.568 14.6322 2.4
      vertex 161.8 14.4 2.4
      vertex 161.8 14.9152 2.4
    endloop
  endfacet
  facet normal 0 0 1
    outer loop
      vertex 161.8 14.4 2.4
      vertex 161.568 14.6322 2.4
      vertex 161.285 14.4 2.4
    endloop
  endfacet
  facet normal 0 0 1
    outer loop
      vertex 161.8 100.8 2.4
      vertex 161.568 100.568 2.4
      vertex 161.8 100.285 2.4
    endloop
  endfacet
  facet normal 0 -0 1
    outer loop
      vertex 161.568 100.568 2.4
      vertex 161.8 100.8 2.4
      vertex 161.285 100.8 2.4
    endloop
  endfacet
  facet normal -1 0 0
    outer loop
      vertex 164.8 2.4 62.2
      vertex 164.8 112.8 63.4
      vertex 164.8 112.8 62.2
    endloop
  endfacet
  facet normal -1 -0 0
    outer loop
      vertex 164.8 112.8 63.4
      vertex 164.8 2.4 62.2
      vertex 164.8 2.4 63.4
    endloop
  endfacet
  facet normal -1 0 0
    outer loop
      vertex 164.8 87.5401 16.8137
      vertex 164.8 107.6 7.4
      vertex 164.8 87.6 15.9
    endloop
  endfacet
  facet normal -1 0 0
    outer loop
      vertex 164.8 107.6 7.4
      vertex 164.8 87.5401 14.9863
      vertex 164.8 87.6 15.9
    endloop
  endfacet
  facet normal -1 0 0
    outer loop
      vertex 164.8 107.6 7.4
      vertex 164.8 87.3615 14.0883
      vertex 164.8 87.5401 14.9863
    endloop
  endfacet
  facet normal -1 0 0
    outer loop
      vertex 164.8 107.6 7.4
      vertex 164.8 87.0672 13.2212
      vertex 164.8 87.3615 14.0883
    endloop
  endfacet
  facet normal -1 0 0
    outer loop
      vertex 164.8 107.6 7.4
      vertex 164.8 86.6622 12.4
      vertex 164.8 87.0672 13.2212
    endloop
  endfacet
  facet normal -1 0 0
    outer loop
      vertex 164.8 107.6 7.4
      vertex 164.8 86.1535 11.6387
      vertex 164.8 86.6622 12.4
    endloop
  endfacet
  facet normal -1 0 0
    outer loop
      vertex 164.8 107.6 7.4
      vertex 164.8 85.5497 10.9503
      vertex 164.8 86.1535 11.6387
    endloop
  endfacet
  facet normal -1 0 0
    outer loop
      vertex 164.8 107.6 7.4
      vertex 164.8 84.8613 10.3465
      vertex 164.8 85.5497 10.9503
    endloop
  endfacet
  facet normal -1 0 0
    outer loop
      vertex 164.8 107.6 7.4
      vertex 164.8 84.1 9.83782
      vertex 164.8 84.8613 10.3465
    endloop
  endfacet
  facet normal -1 0 0
    outer loop
      vertex 164.8 107.6 7.4
      vertex 164.8 83.2788 9.43284
      vertex 164.8 84.1 9.83782
    endloop
  endfacet
  facet normal -1 0 0
    outer loop
      vertex 164.8 107.6 7.4
      vertex 164.8 82.4117 9.13852
      vertex 164.8 83.2788 9.43284
    endloop
  endfacet
  facet normal -1 0 0
    outer loop
      vertex 164.8 107.6 7.4
      vertex 164.8 81.5137 8.95989
      vertex 164.8 82.4117 9.13852
    endloop
  endfacet
  facet normal -1 0 0
    outer loop
      vertex 164.8 107.6 7.4
      vertex 164.8 80.6 8.9
      vertex 164.8 81.5137 8.95989
    endloop
  endfacet
  facet normal -1 0 0
    outer loop
      vertex 164.8 73.8385 14.0883
      vertex 164.8 72.1 17.4
      vertex 164.8 73.6599 14.9863
    endloop
  endfacet
  facet normal -1 0 0
    outer loop
      vertex 164.8 72.1 17.4
      vertex 164.8 73.8385 14.0883
      vertex 164.8 72.1 9.4
    endloop
  endfacet
  facet normal -1 -0 0
    outer loop
      vertex 164.8 74.1328 13.2212
      vertex 164.8 72.1 9.4
      vertex 164.8 73.8385 14.0883
    endloop
  endfacet
  facet normal -1 -0 0
    outer loop
      vertex 164.8 74.5378 12.4
      vertex 164.8 72.1 9.4
      vertex 164.8 74.1328 13.2212
    endloop
  endfacet
  facet normal -1 -0 0
    outer loop
      vertex 164.8 75.0465 11.6387
      vertex 164.8 72.1 9.4
      vertex 164.8 74.5378 12.4
    endloop
  endfacet
  facet normal -1 -0 0
    outer loop
      vertex 164.8 75.6503 10.9503
      vertex 164.8 72.1 9.4
      vertex 164.8 75.0465 11.6387
    endloop
  endfacet
  facet normal -1 -0 0
    outer loop
      vertex 164.8 76.3387 10.3465
      vertex 164.8 72.1 9.4
      vertex 164.8 75.6503 10.9503
    endloop
  endfacet
  facet normal -1 -0 0
    outer loop
      vertex 164.8 77.1 9.83782
      vertex 164.8 72.1 9.4
      vertex 164.8 76.3387 10.3465
    endloop
  endfacet
  facet normal -1 -0 0
    outer loop
      vertex 164.8 77.9212 9.43284
      vertex 164.8 72.1 9.4
      vertex 164.8 77.1 9.83782
    endloop
  endfacet
  facet normal -1 0 0
    outer loop
      vertex 164.8 78.7883 9.13852
      vertex 164.8 72.1 9.4
      vertex 164.8 77.9212 9.43284
    endloop
  endfacet
  facet normal -1 0 0
    outer loop
      vertex 164.8 79.6863 8.95989
      vertex 164.8 72.1 9.4
      vertex 164.8 78.7883 9.13852
    endloop
  endfacet
  facet normal -1 0 0
    outer loop
      vertex 164.8 58.1 9.4
      vertex 164.8 79.6863 8.95989
      vertex 164.8 80.6 8.9
    endloop
  endfacet
  facet normal -1 0 0
    outer loop
      vertex 164.8 79.6863 8.95989
      vertex 164.8 58.1 9.4
      vertex 164.8 72.1 9.4
    endloop
  endfacet
  facet normal -1 0 0
    outer loop
      vertex 164.8 107.6 7.4
      vertex 164.8 58.1 9.4
      vertex 164.8 80.6 8.9
    endloop
  endfacet
  facet normal -1 0 0
    outer loop
      vertex 164.8 42.1784 19.4215
      vertex 164.8 58.1 17.4
      vertex 164.8 58.1 9.4
    endloop
  endfacet
  facet normal -1 0 0
    outer loop
      vertex 164.8 58.1 17.4
      vertex 164.8 42.6026 20.1563
      vertex 164.8 42.7 20.4432
    endloop
  endfacet
  facet normal -1 0 0
    outer loop
      vertex 164.8 58.1 17.4
      vertex 164.8 42.4146 19.775
      vertex 164.8 42.6026 20.1563
    endloop
  endfacet
  facet normal -1 0 0
    outer loop
      vertex 164.8 58.1 17.4
      vertex 164.8 42.1784 19.4215
      vertex 164.8 42.4146 19.775
    endloop
  endfacet
  facet normal -1 0 0
    outer loop
      vertex 164.8 58.1 9.4
      vertex 164.8 41.8981 19.1019
      vertex 164.8 42.1784 19.4215
    endloop
  endfacet
  facet normal -1 0 0
    outer loop
      vertex 164.8 58.1 9.4
      vertex 164.8 41.5785 18.8216
      vertex 164.8 41.8981 19.1019
    endloop
  endfacet
  facet normal -1 0 0
    outer loop
      vertex 164.8 58.1 9.4
      vertex 164.8 41.225 18.5854
      vertex 164.8 41.5785 18.8216
    endloop
  endfacet
  facet normal -1 0 0
    outer loop
      vertex 164.8 58.1 9.4
      vertex 164.8 40.8437 18.3974
      vertex 164.8 41.225 18.5854
    endloop
  endfacet
  facet normal -1 0 0
    outer loop
      vertex 164.8 58.1 9.4
      vertex 164.8 40.4412 18.2607
      vertex 164.8 40.8437 18.3974
    endloop
  endfacet
  facet normal -1 0 0
    outer loop
      vertex 164.8 58.1 9.4
      vertex 164.8 40.0242 18.1778
      vertex 164.8 40.4412 18.2607
    endloop
  endfacet
  facet normal -1 0 0
    outer loop
      vertex 164.8 58.1 9.4
      vertex 164.8 39.6 18.15
      vertex 164.8 40.0242 18.1778
    endloop
  endfacet
  facet normal -1 0 0
    outer loop
      vertex 164.8 58.1 9.4
      vertex 164.8 39.1758 18.1778
      vertex 164.8 39.6 18.15
    endloop
  endfacet
  facet normal -1 0 0
    outer loop
      vertex 164.8 7.6 7.4
      vertex 164.8 39.1758 18.1778
      vertex 164.8 58.1 9.4
    endloop
  endfacet
  facet normal -1 -0 0
    outer loop
      vertex 164.8 39.1758 18.1778
      vertex 164.8 7.6 7.4
      vertex 164.8 38.7588 18.2607
    endloop
  endfacet
  facet normal -1 -0 0
    outer loop
      vertex 164.8 36.3778 20.9758
      vertex 164.8 7.6 7.4
      vertex 164.8 36.35 21.4
    endloop
  endfacet
  facet normal -1 -0 0
    outer loop
      vertex 164.8 36.4607 20.5588
      vertex 164.8 7.6 7.4
      vertex 164.8 36.3778 20.9758
    endloop
  endfacet
  facet normal -1 -0 0
    outer loop
      vertex 164.8 36.5974 20.1563
      vertex 164.8 7.6 7.4
      vertex 164.8 36.4607 20.5588
    endloop
  endfacet
  facet normal -1 -0 0
    outer loop
      vertex 164.8 36.7854 19.775
      vertex 164.8 7.6 7.4
      vertex 164.8 36.5974 20.1563
    endloop
  endfacet
  facet normal -1 -0 0
    outer loop
      vertex 164.8 37.0216 19.4215
      vertex 164.8 7.6 7.4
      vertex 164.8 36.7854 19.775
    endloop
  endfacet
  facet normal -1 -0 0
    outer loop
      vertex 164.8 37.3019 19.1019
      vertex 164.8 7.6 7.4
      vertex 164.8 37.0216 19.4215
    endloop
  endfacet
  facet normal -1 -0 0
    outer loop
      vertex 164.8 37.6215 18.8216
      vertex 164.8 7.6 7.4
      vertex 164.8 37.3019 19.1019
    endloop
  endfacet
  facet normal -1 -0 0
    outer loop
      vertex 164.8 37.975 18.5854
      vertex 164.8 7.6 7.4
      vertex 164.8 37.6215 18.8216
    endloop
  endfacet
  facet normal -1 -0 0
    outer loop
      vertex 164.8 38.3563 18.3974
      vertex 164.8 7.6 7.4
      vertex 164.8 37.975 18.5854
    endloop
  endfacet
  facet normal -1 -0 0
    outer loop
      vertex 164.8 38.7588 18.2607
      vertex 164.8 7.6 7.4
      vertex 164.8 38.3563 18.3974
    endloop
  endfacet
  facet normal -1 0 0
    outer loop
      vertex 164.8 7.6 7.4
      vertex 164.8 58.1 9.4
      vertex 164.8 107.6 7.4
    endloop
  endfacet
  facet normal -1 0 0
    outer loop
      vertex 164.8 107.6 51.4
      vertex 164.8 112.8 61
      vertex 164.8 112.8 51.4
    endloop
  endfacet
  facet normal -1 0 0
    outer loop
      vertex 164.8 87.3615 17.7117
      vertex 164.8 107.6 7.4
      vertex 164.8 87.5401 16.8137
    endloop
  endfacet
  facet normal -1 0 0
    outer loop
      vertex 164.8 87.0672 18.5788
      vertex 164.8 107.6 7.4
      vertex 164.8 87.3615 17.7117
    endloop
  endfacet
  facet normal -1 0 0
    outer loop
      vertex 164.8 86.6622 19.4
      vertex 164.8 107.6 7.4
      vertex 164.8 87.0672 18.5788
    endloop
  endfacet
  facet normal -1 0 0
    outer loop
      vertex 164.8 107.6 7.4
      vertex 164.8 86.6622 19.4
      vertex 164.8 107.6 51.4
    endloop
  endfacet
  facet normal -1 0 0
    outer loop
      vertex 164.8 86.1535 20.1613
      vertex 164.8 107.6 51.4
      vertex 164.8 86.6622 19.4
    endloop
  endfacet
  facet normal -1 0 0
    outer loop
      vertex 164.8 85.5497 20.8497
      vertex 164.8 107.6 51.4
      vertex 164.8 86.1535 20.1613
    endloop
  endfacet
  facet normal -1 0 0
    outer loop
      vertex 164.8 84.8613 21.4535
      vertex 164.8 107.6 51.4
      vertex 164.8 85.5497 20.8497
    endloop
  endfacet
  facet normal -1 0 0
    outer loop
      vertex 164.8 84.1 21.9622
      vertex 164.8 107.6 51.4
      vertex 164.8 84.8613 21.4535
    endloop
  endfacet
  facet normal -1 0 0
    outer loop
      vertex 164.8 83.2788 22.3672
      vertex 164.8 107.6 51.4
      vertex 164.8 84.1 21.9622
    endloop
  endfacet
  facet normal -1 0 0
    outer loop
      vertex 164.8 82.4117 22.6615
      vertex 164.8 107.6 51.4
      vertex 164.8 83.2788 22.3672
    endloop
  endfacet
  facet normal -1 0 0
    outer loop
      vertex 164.8 81.5137 22.8401
      vertex 164.8 107.6 51.4
      vertex 164.8 82.4117 22.6615
    endloop
  endfacet
  facet normal -1 0 0
    outer loop
      vertex 164.8 80.6 22.9
      vertex 164.8 107.6 51.4
      vertex 164.8 81.5137 22.8401
    endloop
  endfacet
  facet normal -1 0 0
    outer loop
      vertex 164.8 79.6863 22.8401
      vertex 164.8 107.6 51.4
      vertex 164.8 80.6 22.9
    endloop
  endfacet
  facet normal -1 0 0
    outer loop
      vertex 164.8 78.7883 22.6615
      vertex 164.8 107.6 51.4
      vertex 164.8 79.6863 22.8401
    endloop
  endfacet
  facet normal -1 0 0
    outer loop
      vertex 164.8 77.9212 22.3672
      vertex 164.8 107.6 51.4
      vertex 164.8 78.7883 22.6615
    endloop
  endfacet
  facet normal -1 0 0
    outer loop
      vertex 164.8 40.8437 24.4026
      vertex 164.8 107.6 51.4
      vertex 164.8 77.9212 22.3672
    endloop
  endfacet
  facet normal -1 0 0
    outer loop
      vertex 164.8 41.225 24.2146
      vertex 164.8 77.9212 22.3672
      vertex 164.8 77.1 21.9622
    endloop
  endfacet
  facet normal -1 0 0
    outer loop
      vertex 164.8 58.1 17.4
      vertex 164.8 77.1 21.9622
      vertex 164.8 76.3387 21.4535
    endloop
  endfacet
  facet normal -1 0 0
    outer loop
      vertex 164.8 58.1 17.4
      vertex 164.8 76.3387 21.4535
      vertex 164.8 75.6503 20.8497
    endloop
  endfacet
  facet normal -1 0 0
    outer loop
      vertex 164.8 73.6599 14.9863
      vertex 164.8 72.1 17.4
      vertex 164.8 73.6 15.9
    endloop
  endfacet
  facet normal -1 0 0
    outer loop
      vertex 164.8 73.6 15.9
      vertex 164.8 72.1 17.4
      vertex 164.8 73.6599 16.8137
    endloop
  endfacet
  facet normal -1 0 0
    outer loop
      vertex 164.8 73.6599 16.8137
      vertex 164.8 72.1 17.4
      vertex 164.8 73.8385 17.7117
    endloop
  endfacet
  facet normal -1 0 0
    outer loop
      vertex 164.8 72.1 17.4
      vertex 164.8 74.1328 18.5788
      vertex 164.8 73.8385 17.7117
    endloop
  endfacet
  facet normal -1 0 0
    outer loop
      vertex 164.8 72.1 17.4
      vertex 164.8 74.5378 19.4
      vertex 164.8 74.1328 18.5788
    endloop
  endfacet
  facet normal -1 0 0
    outer loop
      vertex 164.8 72.1 17.4
      vertex 164.8 75.0465 20.1613
      vertex 164.8 74.5378 19.4
    endloop
  endfacet
  facet normal -1 0 0
    outer loop
      vertex 164.8 58.1 17.4
      vertex 164.8 75.0465 20.1613
      vertex 164.8 72.1 17.4
    endloop
  endfacet
  facet normal -1 -0 0
    outer loop
      vertex 164.8 75.0465 20.1613
      vertex 164.8 58.1 17.4
      vertex 164.8 75.6503 20.8497
    endloop
  endfacet
  facet normal -1 -0 0
    outer loop
      vertex 164.8 77.1 21.9622
      vertex 164.8 58.1 17.4
      vertex 164.8 41.5785 23.9784
    endloop
  endfacet
  facet normal -1 0 0
    outer loop
      vertex 164.8 42.7 22.3568
      vertex 164.8 58.1 17.4
      vertex 164.8 42.7 20.4432
    endloop
  endfacet
  facet normal -1 0 0
    outer loop
      vertex 164.8 42.6026 22.6437
      vertex 164.8 58.1 17.4
      vertex 164.8 42.7 22.3568
    endloop
  endfacet
  facet normal -1 0 0
    outer loop
      vertex 164.8 42.4146 23.025
      vertex 164.8 58.1 17.4
      vertex 164.8 42.6026 22.6437
    endloop
  endfacet
  facet normal -1 0 0
    outer loop
      vertex 164.8 42.1784 23.3785
      vertex 164.8 58.1 17.4
      vertex 164.8 42.4146 23.025
    endloop
  endfacet
  facet normal -1 0 0
    outer loop
      vertex 164.8 41.8981 23.6981
      vertex 164.8 58.1 17.4
      vertex 164.8 42.1784 23.3785
    endloop
  endfacet
  facet normal -1 0 0
    outer loop
      vertex 164.8 41.5785 23.9784
      vertex 164.8 58.1 17.4
      vertex 164.8 41.8981 23.6981
    endloop
  endfacet
  facet normal -1 0 0
    outer loop
      vertex 164.8 77.1 21.9622
      vertex 164.8 41.5785 23.9784
      vertex 164.8 41.225 24.2146
    endloop
  endfacet
  facet normal -1 0 0
    outer loop
      vertex 164.8 77.9212 22.3672
      vertex 164.8 41.225 24.2146
      vertex 164.8 40.8437 24.4026
    endloop
  endfacet
  facet normal -1 0 0
    outer loop
      vertex 164.8 40.4412 24.5393
      vertex 164.8 107.6 51.4
      vertex 164.8 40.8437 24.4026
    endloop
  endfacet
  facet normal -1 0 0
    outer loop
      vertex 164.8 7.6 51.4
      vertex 164.8 107.6 51.4
      vertex 164.8 40.4412 24.5393
    endloop
  endfacet
  facet normal -1 0 0
    outer loop
      vertex 164.8 7.6 51.4
      vertex 164.8 40.4412 24.5393
      vertex 164.8 40.0242 24.6222
    endloop
  endfacet
  facet normal -1 0 0
    outer loop
      vertex 164.8 7.6 51.4
      vertex 164.8 40.0242 24.6222
      vertex 164.8 39.6 24.65
    endloop
  endfacet
  facet normal -1 0 0
    outer loop
      vertex 164.8 7.6 51.4
      vertex 164.8 39.6 24.65
      vertex 164.8 39.1758 24.6222
    endloop
  endfacet
  facet normal -1 0 0
    outer loop
      vertex 164.8 7.6 51.4
      vertex 164.8 39.1758 24.6222
      vertex 164.8 38.7588 24.5393
    endloop
  endfacet
  facet normal -1 0 0
    outer loop
      vertex 164.8 7.6 51.4
      vertex 164.8 38.7588 24.5393
      vertex 164.8 38.3563 24.4026
    endloop
  endfacet
  facet normal -1 0 0
    outer loop
      vertex 164.8 7.6 7.4
      vertex 164.8 36.3778 21.8242
      vertex 164.8 36.35 21.4
    endloop
  endfacet
  facet normal -1 0 0
    outer loop
      vertex 164.8 7.6 7.4
      vertex 164.8 36.4607 22.2412
      vertex 164.8 36.3778 21.8242
    endloop
  endfacet
  facet normal -1 0 0
    outer loop
      vertex 164.8 7.6 51.4
      vertex 164.8 36.4607 22.2412
      vertex 164.8 7.6 7.4
    endloop
  endfacet
  facet normal -1 0 0
    outer loop
      vertex 164.8 36.4607 22.2412
      vertex 164.8 7.6 51.4
      vertex 164.8 36.5974 22.6437
    endloop
  endfacet
  facet normal -1 0 0
    outer loop
      vertex 164.8 36.5974 22.6437
      vertex 164.8 7.6 51.4
      vertex 164.8 36.7854 23.025
    endloop
  endfacet
  facet normal -1 0 0
    outer loop
      vertex 164.8 36.7854 23.025
      vertex 164.8 7.6 51.4
      vertex 164.8 37.0216 23.3785
    endloop
  endfacet
  facet normal -1 0 0
    outer loop
      vertex 164.8 37.0216 23.3785
      vertex 164.8 7.6 51.4
      vertex 164.8 37.3019 23.6981
    endloop
  endfacet
  facet normal -1 0 0
    outer loop
      vertex 164.8 37.3019 23.6981
      vertex 164.8 7.6 51.4
      vertex 164.8 37.6215 23.9784
    endloop
  endfacet
  facet normal -1 0 0
    outer loop
      vertex 164.8 37.6215 23.9784
      vertex 164.8 7.6 51.4
      vertex 164.8 37.975 24.2146
    endloop
  endfacet
  facet normal -1 0 0
    outer loop
      vertex 164.8 7.6 51.4
      vertex 164.8 38.3563 24.4026
      vertex 164.8 37.975 24.2146
    endloop
  endfacet
  facet normal -1 0 0
    outer loop
      vertex 164.8 107.6 51.4
      vertex 164.8 7.6 51.4
      vertex 164.8 112.8 61
    endloop
  endfacet
  facet normal -1 0 0
    outer loop
      vertex 164.8 2.4 61
      vertex 164.8 7.6 51.4
      vertex 164.8 2.4 51.4
    endloop
  endfacet
  facet normal -1 0 0
    outer loop
      vertex 164.8 7.6 51.4
      vertex 164.8 2.4 61
      vertex 164.8 112.8 61
    endloop
  endfacet
  facet normal 1 -0 0
    outer loop
      vertex 2.4 2.4 63.4
      vertex 2.4 112.8 62.2
      vertex 2.4 112.8 63.4
    endloop
  endfacet
  facet normal 1 0 0
    outer loop
      vertex 2.4 112.8 62.2
      vertex 2.4 2.4 63.4
      vertex 2.4 2.4 62.2
    endloop
  endfacet
  facet normal 1 0 0
    outer loop
      vertex 2.4 112.8 61
      vertex 2.4 107.6 51.4
      vertex 2.4 112.8 51.4
    endloop
  endfacet
  facet normal 1 0 0
    outer loop
      vertex 2.4 107.6 51.4
      vertex 2.4 95.1 16.4
      vertex 2.4 107.6 7.4
    endloop
  endfacet
  facet normal 1 0 0
    outer loop
      vertex 2.4 107.6 51.4
      vertex 2.4 79.1 16.4
      vertex 2.4 95.1 16.4
    endloop
  endfacet
  facet normal 1 0 0
    outer loop
      vertex 2.4 7.6 51.4
      vertex 2.4 107.6 51.4
      vertex 2.4 112.8 61
    endloop
  endfacet
  facet normal 1 0 0
    outer loop
      vertex 2.4 79.1 16.4
      vertex 2.4 70.1 16.4
      vertex 2.4 79.1 9.4
    endloop
  endfacet
  facet normal 1 0 0
    outer loop
      vertex 2.4 107.6 51.4
      vertex 2.4 70.1 16.4
      vertex 2.4 79.1 16.4
    endloop
  endfacet
  facet normal 1 0 0
    outer loop
      vertex 2.4 107.6 51.4
      vertex 2.4 53.1 16.4
      vertex 2.4 70.1 16.4
    endloop
  endfacet
  facet normal 1 0 0
    outer loop
      vertex 2.4 53.1 16.4
      vertex 2.4 50.1 12.4
      vertex 2.4 53.1 9.4
    endloop
  endfacet
  facet normal 1 0 0
    outer loop
      vertex 2.4 31 18.4
      vertex 2.4 50.1 12.4
      vertex 2.4 53.1 16.4
    endloop
  endfacet
  facet normal 1 0 0
    outer loop
      vertex 2.4 107.6 51.4
      vertex 2.4 7.6 51.4
      vertex 2.4 53.1 16.4
    endloop
  endfacet
  facet normal 1 0 0
    outer loop
      vertex 2.4 31 7.4
      vertex 2.4 34.1 12.4
      vertex 2.4 31 18.4
    endloop
  endfacet
  facet normal 1 0 0
    outer loop
      vertex 2.4 50.1 12.4
      vertex 2.4 31 18.4
      vertex 2.4 34.1 12.4
    endloop
  endfacet
  facet normal 1 0 0
    outer loop
      vertex 2.4 53.1 16.4
      vertex 2.4 7.6 51.4
      vertex 2.4 31 18.4
    endloop
  endfacet
  facet normal 1 0 0
    outer loop
      vertex 2.4 7.6 7.4
      vertex 2.4 19 18.4
      vertex 2.4 7.6 51.4
    endloop
  endfacet
  facet normal 1 0 0
    outer loop
      vertex 2.4 31 18.4
      vertex 2.4 7.6 51.4
      vertex 2.4 19 18.4
    endloop
  endfacet
  facet normal 1 -0 0
    outer loop
      vertex 2.4 2.4 61
      vertex 2.4 7.6 51.4
      vertex 2.4 112.8 61
    endloop
  endfacet
  facet normal 1 0 0
    outer loop
      vertex 2.4 7.6 51.4
      vertex 2.4 2.4 61
      vertex 2.4 2.4 51.4
    endloop
  endfacet
  facet normal 1 -0 0
    outer loop
      vertex 2.4 95.1 9.4
      vertex 2.4 107.6 7.4
      vertex 2.4 95.1 16.4
    endloop
  endfacet
  facet normal 1 -0 0
    outer loop
      vertex 2.4 79.1 9.4
      vertex 2.4 107.6 7.4
      vertex 2.4 95.1 9.4
    endloop
  endfacet
  facet normal 1 0 0
    outer loop
      vertex 2.4 70.1 9.4
      vertex 2.4 79.1 9.4
      vertex 2.4 70.1 16.4
    endloop
  endfacet
  facet normal 1 -0 0
    outer loop
      vertex 2.4 70.1 9.4
      vertex 2.4 107.6 7.4
      vertex 2.4 79.1 9.4
    endloop
  endfacet
  facet normal 1 0 0
    outer loop
      vertex 2.4 31 7.4
      vertex 2.4 70.1 9.4
      vertex 2.4 53.1 9.4
    endloop
  endfacet
  facet normal 1 0 0
    outer loop
      vertex 2.4 50.1 9.4
      vertex 2.4 53.1 9.4
      vertex 2.4 50.1 12.4
    endloop
  endfacet
  facet normal 1 0 0
    outer loop
      vertex 2.4 31 7.4
      vertex 2.4 53.1 9.4
      vertex 2.4 50.1 9.4
    endloop
  endfacet
  facet normal 1 0 0
    outer loop
      vertex 2.4 31 7.4
      vertex 2.4 50.1 9.4
      vertex 2.4 34.1 9.4
    endloop
  endfacet
  facet normal 1 0 0
    outer loop
      vertex 2.4 70.1 9.4
      vertex 2.4 31 7.4
      vertex 2.4 107.6 7.4
    endloop
  endfacet
  facet normal 1 0 0
    outer loop
      vertex 2.4 34.1 12.4
      vertex 2.4 31 7.4
      vertex 2.4 34.1 9.4
    endloop
  endfacet
  facet normal 1 0 0
    outer loop
      vertex 2.4 19 18.4
      vertex 2.4 7.6 7.4
      vertex 2.4 19 7.4
    endloop
  endfacet
  facet normal 0 1 -0
    outer loop
      vertex 164.8 2.4 62.2
      vertex 2.4 2.4 63.4
      vertex 164.8 2.4 63.4
    endloop
  endfacet
  facet normal 0 1 0
    outer loop
      vertex 2.4 2.4 63.4
      vertex 164.8 2.4 62.2
      vertex 2.4 2.4 62.2
    endloop
  endfacet
  facet normal 0 1 -0
    outer loop
      vertex 36.1 2.4 9.4
      vertex 33.1 2.4 18.4
      vertex 36.1 2.4 27.4
    endloop
  endfacet
  facet normal 0 1 0
    outer loop
      vertex 33.1 2.4 18.4
      vertex 36.1 2.4 9.4
      vertex 33.1 2.4 9.4
    endloop
  endfacet
  facet normal 0 1 0
    outer loop
      vertex 2.4 2.4 61
      vertex 53.1 2.4 27.4
      vertex 7.6 2.4 51.4
    endloop
  endfacet
  facet normal 0 1 0
    outer loop
      vertex 164.8 2.4 61
      vertex 75.1 2.4 24.4
      vertex 53.1 2.4 27.4
    endloop
  endfacet
  facet normal 0 1 -0
    outer loop
      vertex 159.6 2.4 7.4
      vertex 75.1 2.4 24.4
      vertex 159.6 2.4 51.4
    endloop
  endfacet
  facet normal 0 1 0
    outer loop
      vertex 7.6 2.4 7.4
      vertex 56.1 2.4 9.4
      vertex 75.1 2.4 9.4
    endloop
  endfacet
  facet normal 0 1 0
    outer loop
      vertex 56.1 2.4 9.4
      vertex 7.6 2.4 7.4
      vertex 53.1 2.4 9.4
    endloop
  endfacet
  facet normal 0 1 0
    outer loop
      vertex 53.1 2.4 9.4
      vertex 7.6 2.4 7.4
      vertex 36.1 2.4 9.4
    endloop
  endfacet
  facet normal 0 1 0
    outer loop
      vertex 36.1 2.4 9.4
      vertex 7.6 2.4 7.4
      vertex 33.1 2.4 9.4
    endloop
  endfacet
  facet normal 0 1 0
    outer loop
      vertex 7.6 2.4 7.4
      vertex 75.1 2.4 9.4
      vertex 159.6 2.4 7.4
    endloop
  endfacet
  facet normal 0 1 0
    outer loop
      vertex 75.1 2.4 24.4
      vertex 159.6 2.4 7.4
      vertex 75.1 2.4 9.4
    endloop
  endfacet
  facet normal 0 1 0
    outer loop
      vertex 159.6 2.4 51.4
      vertex 164.8 2.4 61
      vertex 164.8 2.4 51.4
    endloop
  endfacet
  facet normal 0 1 0
    outer loop
      vertex 75.1 2.4 24.4
      vertex 164.8 2.4 61
      vertex 159.6 2.4 51.4
    endloop
  endfacet
  facet normal 0 1 0
    outer loop
      vertex 164.8 2.4 61
      vertex 53.1 2.4 27.4
      vertex 2.4 2.4 61
    endloop
  endfacet
  facet normal 0 1 0
    outer loop
      vertex 2.4 2.4 61
      vertex 7.6 2.4 51.4
      vertex 2.4 2.4 51.4
    endloop
  endfacet
  facet normal 0 1 -0
    outer loop
      vertex 36.1 2.4 27.4
      vertex 7.6 2.4 51.4
      vertex 53.1 2.4 27.4
    endloop
  endfacet
  facet normal 0 1 0
    outer loop
      vertex 17.1 2.4 18.4
      vertex 36.1 2.4 27.4
      vertex 33.1 2.4 18.4
    endloop
  endfacet
  facet normal 0 1 0
    outer loop
      vertex 36.1 2.4 27.4
      vertex 17.1 2.4 18.4
      vertex 7.6 2.4 51.4
    endloop
  endfacet
  facet normal 0 1 0
    outer loop
      vertex 7.6 2.4 7.4
      vertex 17.1 2.4 18.4
      vertex 17.1 2.4 9.4
    endloop
  endfacet
  facet normal 0 1 0
    outer loop
      vertex 17.1 2.4 18.4
      vertex 7.6 2.4 7.4
      vertex 7.6 2.4 51.4
    endloop
  endfacet
  facet normal 0 1 0
    outer loop
      vertex 33.1 2.4 9.4
      vertex 7.6 2.4 7.4
      vertex 17.1 2.4 9.4
    endloop
  endfacet
  facet normal 0 1 -0
    outer loop
      vertex 56.1 2.4 24.4
      vertex 53.1 2.4 27.4
      vertex 75.1 2.4 24.4
    endloop
  endfacet
  facet normal 0 1 0
    outer loop
      vertex 53.1 2.4 9.4
      vertex 56.1 2.4 24.4
      vertex 56.1 2.4 9.4
    endloop
  endfacet
  facet normal 0 1 0
    outer loop
      vertex 56.1 2.4 24.4
      vertex 53.1 2.4 9.4
      vertex 53.1 2.4 27.4
    endloop
  endfacet
  facet normal 0 -1 0
    outer loop
      vertex 2.4 112.8 62.2
      vertex 164.8 112.8 63.4
      vertex 2.4 112.8 63.4
    endloop
  endfacet
  facet normal 0 -1 -0
    outer loop
      vertex 164.8 112.8 63.4
      vertex 2.4 112.8 62.2
      vertex 164.8 112.8 62.2
    endloop
  endfacet
  facet normal 0 -1 0
    outer loop
      vertex 105.368 112.8 45.6322
      vertex 105.368 112.8 26.1678
      vertex 105.765 112.8 46.15
    endloop
  endfacet
  facet normal 0 -1 0
    outer loop
      vertex 137.435 112.8 46.15
      vertex 138.953 112.8 26.8148
      vertex 139.6 112.8 26.9
    endloop
  endfacet
  facet normal 0 -1 0
    outer loop
      vertex 105.765 112.8 25.65
      vertex 105.765 112.8 46.15
      vertex 105.368 112.8 26.1678
    endloop
  endfacet
  facet normal 0 -1 0
    outer loop
      vertex 137.435 112.8 46.15
      vertex 138.35 112.8 26.5651
      vertex 138.953 112.8 26.8148
    endloop
  endfacet
  facet normal 0 -1 0
    outer loop
      vertex 105.765 112.8 46.15
      vertex 105.765 112.8 25.65
      vertex 137.435 112.8 46.15
    endloop
  endfacet
  facet normal 0 -1 0
    outer loop
      vertex 137.435 112.8 46.15
      vertex 137.832 112.8 26.1678
      vertex 138.35 112.8 26.5651
    endloop
  endfacet
  facet normal 0 -1 0
    outer loop
      vertex 137.435 112.8 25.65
      vertex 137.435 112.8 46.15
      vertex 105.765 112.8 25.65
    endloop
  endfacet
  facet normal 0 -1 0
    outer loop
      vertex 137.435 112.8 46.15
      vertex 137.435 112.8 25.65
      vertex 137.832 112.8 26.1678
    endloop
  endfacet
  facet normal 0 -1 0
    outer loop
      vertex 106.015 112.8 25.047
      vertex 137.435 112.8 25.65
      vertex 105.765 112.8 25.65
    endloop
  endfacet
  facet normal 0 -1 0
    outer loop
      vertex 106.015 112.8 25.047
      vertex 137.185 112.8 25.047
      vertex 137.435 112.8 25.65
    endloop
  endfacet
  facet normal 0 -1 0
    outer loop
      vertex 106.1 112.8 24.4
      vertex 137.185 112.8 25.047
      vertex 106.015 112.8 25.047
    endloop
  endfacet
  facet normal 0 -1 0
    outer loop
      vertex 106.1 112.8 24.4
      vertex 137.1 112.8 24.4
      vertex 137.185 112.8 25.047
    endloop
  endfacet
  facet normal 0 -1 0
    outer loop
      vertex 106.015 112.8 23.753
      vertex 137.1 112.8 24.4
      vertex 106.1 112.8 24.4
    endloop
  endfacet
  facet normal 0 -1 0
    outer loop
      vertex 106.015 112.8 23.753
      vertex 137.185 112.8 23.753
      vertex 137.1 112.8 24.4
    endloop
  endfacet
  facet normal 0 -1 0
    outer loop
      vertex 105.765 112.8 23.15
      vertex 137.185 112.8 23.753
      vertex 106.015 112.8 23.753
    endloop
  endfacet
  facet normal 0 -1 0
    outer loop
      vertex 105.765 112.8 23.15
      vertex 137.435 112.8 23.15
      vertex 137.185 112.8 23.753
    endloop
  endfacet
  facet normal 0 -1 0
    outer loop
      vertex 105.368 112.8 22.6322
      vertex 137.435 112.8 23.15
      vertex 105.765 112.8 23.15
    endloop
  endfacet
  facet normal 0 -1 0
    outer loop
      vertex 105.368 112.8 22.6322
      vertex 137.832 112.8 22.6322
      vertex 137.435 112.8 23.15
    endloop
  endfacet
  facet normal 0 -1 0
    outer loop
      vertex 104.85 112.8 22.2349
      vertex 137.832 112.8 22.6322
      vertex 105.368 112.8 22.6322
    endloop
  endfacet
  facet normal 0 -1 0
    outer loop
      vertex 104.85 112.8 22.2349
      vertex 138.35 112.8 22.2349
      vertex 137.832 112.8 22.6322
    endloop
  endfacet
  facet normal 0 -1 0
    outer loop
      vertex 104.247 112.8 21.9852
      vertex 138.35 112.8 22.2349
      vertex 104.85 112.8 22.2349
    endloop
  endfacet
  facet normal 0 -1 0
    outer loop
      vertex 104.247 112.8 21.9852
      vertex 138.953 112.8 21.9852
      vertex 138.35 112.8 22.2349
    endloop
  endfacet
  facet normal 0 -1 0
    outer loop
      vertex 159.6 112.8 7.4
      vertex 104.247 112.8 21.9852
      vertex 103.6 112.8 21.9
    endloop
  endfacet
  facet normal 0 -1 0
    outer loop
      vertex 104.247 112.8 21.9852
      vertex 159.6 112.8 7.4
      vertex 138.953 112.8 21.9852
    endloop
  endfacet
  facet normal 0 -1 0
    outer loop
      vertex 102.953 112.8 44.9852
      vertex 102.953 112.8 26.8148
      vertex 103.6 112.8 26.9
    endloop
  endfacet
  facet normal 0 -1 0
    outer loop
      vertex 101.1 112.8 24.4
      vertex 42.95 112.8 28.75
      vertex 42.95 112.8 26.75
    endloop
  endfacet
  facet normal 0 -1 0
    outer loop
      vertex 101.435 112.8 46.15
      vertex 102.35 112.8 26.5651
      vertex 102.953 112.8 26.8148
    endloop
  endfacet
  facet normal 0 -1 0
    outer loop
      vertex 32.6831 112.8 40.0097
      vertex 29.25 112.8 44.05
      vertex 29.25 112.8 42.05
    endloop
  endfacet
  facet normal 0 -1 0
    outer loop
      vertex 29.25 112.8 44.05
      vertex 33.6 112.8 40.1
      vertex 37.95 112.8 44.05
    endloop
  endfacet
  facet normal 0 -1 0
    outer loop
      vertex 138.953 112.8 49.8148
      vertex 164.8 112.8 61
      vertex 104.247 112.8 49.8148
    endloop
  endfacet
  facet normal 0 -1 0
    outer loop
      vertex 164.8 112.8 61
      vertex 138.953 112.8 49.8148
      vertex 139.6 112.8 49.9
    endloop
  endfacet
  facet normal 0 -1 0
    outer loop
      vertex 104.85 112.8 49.5651
      vertex 138.953 112.8 49.8148
      vertex 104.247 112.8 49.8148
    endloop
  endfacet
  facet normal 0 -1 0
    outer loop
      vertex 104.85 112.8 49.5651
      vertex 138.35 112.8 49.5651
      vertex 138.953 112.8 49.8148
    endloop
  endfacet
  facet normal 0 -1 0
    outer loop
      vertex 105.368 112.8 49.1678
      vertex 138.35 112.8 49.5651
      vertex 104.85 112.8 49.5651
    endloop
  endfacet
  facet normal 0 -1 0
    outer loop
      vertex 105.368 112.8 49.1678
      vertex 137.832 112.8 49.1678
      vertex 138.35 112.8 49.5651
    endloop
  endfacet
  facet normal 0 -1 0
    outer loop
      vertex 105.765 112.8 48.65
      vertex 137.832 112.8 49.1678
      vertex 105.368 112.8 49.1678
    endloop
  endfacet
  facet normal 0 -1 0
    outer loop
      vertex 105.765 112.8 48.65
      vertex 137.435 112.8 48.65
      vertex 137.832 112.8 49.1678
    endloop
  endfacet
  facet normal 0 -1 0
    outer loop
      vertex 106.015 112.8 48.047
      vertex 137.435 112.8 48.65
      vertex 105.765 112.8 48.65
    endloop
  endfacet
  facet normal 0 -1 0
    outer loop
      vertex 106.015 112.8 48.047
      vertex 137.185 112.8 48.047
      vertex 137.435 112.8 48.65
    endloop
  endfacet
  facet normal 0 -1 0
    outer loop
      vertex 106.1 112.8 47.4
      vertex 137.185 112.8 48.047
      vertex 106.015 112.8 48.047
    endloop
  endfacet
  facet normal 0 -1 0
    outer loop
      vertex 106.1 112.8 47.4
      vertex 137.1 112.8 47.4
      vertex 137.185 112.8 48.047
    endloop
  endfacet
  facet normal 0 -1 0
    outer loop
      vertex 106.015 112.8 46.753
      vertex 137.1 112.8 47.4
      vertex 106.1 112.8 47.4
    endloop
  endfacet
  facet normal 0 -1 0
    outer loop
      vertex 106.015 112.8 46.753
      vertex 137.185 112.8 46.753
      vertex 137.1 112.8 47.4
    endloop
  endfacet
  facet normal 0 -1 0
    outer loop
      vertex 105.765 112.8 46.15
      vertex 137.185 112.8 46.753
      vertex 106.015 112.8 46.753
    endloop
  endfacet
  facet normal 0 -1 0
    outer loop
      vertex 105.765 112.8 46.15
      vertex 137.435 112.8 46.15
      vertex 137.185 112.8 46.753
    endloop
  endfacet
  facet normal 0 -1 0
    outer loop
      vertex 104.85 112.8 26.5651
      vertex 104.85 112.8 45.2349
      vertex 104.247 112.8 26.8148
    endloop
  endfacet
  facet normal 0 -1 0
    outer loop
      vertex 104.85 112.8 45.2349
      vertex 104.85 112.8 26.5651
      vertex 105.368 112.8 45.6322
    endloop
  endfacet
  facet normal 0 -1 0
    outer loop
      vertex 104.247 112.8 44.9852
      vertex 104.247 112.8 26.8148
      vertex 104.85 112.8 45.2349
    endloop
  endfacet
  facet normal 0 -1 0
    outer loop
      vertex 105.368 112.8 26.1678
      vertex 105.368 112.8 45.6322
      vertex 104.85 112.8 26.5651
    endloop
  endfacet
  facet normal 0 -1 0
    outer loop
      vertex 104.247 112.8 26.8148
      vertex 104.247 112.8 44.9852
      vertex 103.6 112.8 26.9
    endloop
  endfacet
  facet normal 0 -1 0
    outer loop
      vertex 137.435 112.8 46.15
      vertex 139.6 112.8 26.9
      vertex 137.832 112.8 45.6322
    endloop
  endfacet
  facet normal 0 -1 0
    outer loop
      vertex 103.6 112.8 26.9
      vertex 104.247 112.8 44.9852
      vertex 103.6 112.8 44.9
    endloop
  endfacet
  facet normal 0 -1 0
    outer loop
      vertex 137.832 112.8 45.6322
      vertex 139.6 112.8 26.9
      vertex 138.35 112.8 45.2349
    endloop
  endfacet
  facet normal 0 -1 0
    outer loop
      vertex 104.247 112.8 49.8148
      vertex 164.8 112.8 61
      vertex 103.6 112.8 49.9
    endloop
  endfacet
  facet normal 0 -1 0
    outer loop
      vertex 2.4 112.8 61
      vertex 102.953 112.8 49.8148
      vertex 103.6 112.8 49.9
    endloop
  endfacet
  facet normal 0 -1 0
    outer loop
      vertex 2.4 112.8 61
      vertex 42.95 112.8 44.05
      vertex 102.953 112.8 49.8148
    endloop
  endfacet
  facet normal 0 -1 0
    outer loop
      vertex 102.953 112.8 49.8148
      vertex 42.95 112.8 44.05
      vertex 102.35 112.8 49.5651
    endloop
  endfacet
  facet normal 0 -1 0
    outer loop
      vertex 102.35 112.8 49.5651
      vertex 42.95 112.8 44.05
      vertex 101.832 112.8 49.1678
    endloop
  endfacet
  facet normal 0 -1 0
    outer loop
      vertex 101.832 112.8 49.1678
      vertex 42.95 112.8 44.05
      vertex 101.435 112.8 48.65
    endloop
  endfacet
  facet normal 0 -1 0
    outer loop
      vertex 101.435 112.8 48.65
      vertex 42.95 112.8 44.05
      vertex 101.185 112.8 48.047
    endloop
  endfacet
  facet normal 0 -1 0
    outer loop
      vertex 101.185 112.8 48.047
      vertex 42.95 112.8 44.05
      vertex 101.1 112.8 47.4
    endloop
  endfacet
  facet normal 0 -1 -0
    outer loop
      vertex 101.1 112.8 47.4
      vertex 42.95 112.8 44.05
      vertex 101.185 112.8 46.753
    endloop
  endfacet
  facet normal 0 -1 0
    outer loop
      vertex 42.95 112.8 42.05
      vertex 101.185 112.8 46.753
      vertex 42.95 112.8 44.05
    endloop
  endfacet
  facet normal 0 -1 0
    outer loop
      vertex 101.185 112.8 25.047
      vertex 42.95 112.8 42.05
      vertex 42.95 112.8 28.75
    endloop
  endfacet
  facet normal 0 -1 0
    outer loop
      vertex 42.95 112.8 42.05
      vertex 101.185 112.8 25.047
      vertex 101.185 112.8 46.753
    endloop
  endfacet
  facet normal 0 -1 0
    outer loop
      vertex 101.185 112.8 46.753
      vertex 101.185 112.8 25.047
      vertex 101.435 112.8 46.15
    endloop
  endfacet
  facet normal 0 -1 0
    outer loop
      vertex 2.4 112.8 61
      vertex 29.25 112.8 44.05
      vertex 37.95 112.8 44.05
    endloop
  endfacet
  facet normal 0 -1 0
    outer loop
      vertex 2.4 112.8 61
      vertex 24.25 112.8 44.05
      vertex 29.25 112.8 44.05
    endloop
  endfacet
  facet normal 0 -1 0
    outer loop
      vertex 7.6 112.8 51.4
      vertex 24.25 112.8 42.05
      vertex 24.25 112.8 44.05
    endloop
  endfacet
  facet normal 0 -1 0
    outer loop
      vertex 29.6921 112.8 38.0112
      vertex 29.25 112.8 42.05
      vertex 24.25 112.8 42.05
    endloop
  endfacet
  facet normal 0 -1 0
    outer loop
      vertex 29.25 112.8 44.05
      vertex 32.6831 112.8 40.0097
      vertex 33.6 112.8 40.1
    endloop
  endfacet
  facet normal 0 -1 -0
    outer loop
      vertex 37.95 112.8 44.05
      vertex 34.5169 112.8 40.0097
      vertex 37.95 112.8 42.05
    endloop
  endfacet
  facet normal 0 -1 0
    outer loop
      vertex 34.5169 112.8 40.0097
      vertex 37.95 112.8 44.05
      vertex 33.6 112.8 40.1
    endloop
  endfacet
  facet normal 0 -1 0
    outer loop
      vertex 29.25 112.8 42.05
      vertex 31.8014 112.8 39.7422
      vertex 32.6831 112.8 40.0097
    endloop
  endfacet
  facet normal 0 -1 0
    outer loop
      vertex 29.25 112.8 42.05
      vertex 30.9888 112.8 39.3079
      vertex 31.8014 112.8 39.7422
    endloop
  endfacet
  facet normal 0 -1 0
    outer loop
      vertex 29.25 112.8 42.05
      vertex 30.2766 112.8 38.7234
      vertex 30.9888 112.8 39.3079
    endloop
  endfacet
  facet normal 0 -1 0
    outer loop
      vertex 29.25 112.8 42.05
      vertex 29.6921 112.8 38.0112
      vertex 30.2766 112.8 38.7234
    endloop
  endfacet
  facet normal 0 -1 0
    outer loop
      vertex 24.25 112.8 28.75
      vertex 24.25 112.8 42.05
      vertex 7.6 112.8 51.4
    endloop
  endfacet
  facet normal 0 -1 0
    outer loop
      vertex 24.25 112.8 42.05
      vertex 29.2578 112.8 37.1986
      vertex 29.6921 112.8 38.0112
    endloop
  endfacet
  facet normal 0 -1 0
    outer loop
      vertex 24.25 112.8 42.05
      vertex 28.9903 112.8 36.3169
      vertex 29.2578 112.8 37.1986
    endloop
  endfacet
  facet normal -0 -1 0
    outer loop
      vertex 28.9 112.8 35.4
      vertex 24.25 112.8 42.05
      vertex 24.25 112.8 28.75
    endloop
  endfacet
  facet normal 0 -1 0
    outer loop
      vertex 24.25 112.8 42.05
      vertex 28.9 112.8 35.4
      vertex 28.9903 112.8 36.3169
    endloop
  endfacet
  facet normal 0 -1 -0
    outer loop
      vertex 28.9 112.8 35.4
      vertex 24.25 112.8 28.75
      vertex 28.9903 112.8 34.4831
    endloop
  endfacet
  facet normal 0 -1 -0
    outer loop
      vertex 28.9903 112.8 34.4831
      vertex 24.25 112.8 28.75
      vertex 29.2578 112.8 33.6014
    endloop
  endfacet
  facet normal 0 -1 -0
    outer loop
      vertex 29.2578 112.8 33.6014
      vertex 24.25 112.8 28.75
      vertex 29.6921 112.8 32.7888
    endloop
  endfacet
  facet normal 0 -1 -0
    outer loop
      vertex 32.6831 112.8 30.7903
      vertex 24.25 112.8 28.75
      vertex 33.6 112.8 30.7
    endloop
  endfacet
  facet normal 0 -1 -0
    outer loop
      vertex 31.8014 112.8 31.0578
      vertex 24.25 112.8 28.75
      vertex 32.6831 112.8 30.7903
    endloop
  endfacet
  facet normal 0 -1 -0
    outer loop
      vertex 30.9888 112.8 31.4921
      vertex 24.25 112.8 28.75
      vertex 31.8014 112.8 31.0578
    endloop
  endfacet
  facet normal 0 -1 -0
    outer loop
      vertex 30.2766 112.8 32.0766
      vertex 24.25 112.8 28.75
      vertex 30.9888 112.8 31.4921
    endloop
  endfacet
  facet normal 0 -1 -0
    outer loop
      vertex 29.6921 112.8 32.7888
      vertex 24.25 112.8 28.75
      vertex 30.2766 112.8 32.0766
    endloop
  endfacet
  facet normal 0 -1 0
    outer loop
      vertex 7.6 112.8 7.4
      vertex 24.25 112.8 28.75
      vertex 7.6 112.8 51.4
    endloop
  endfacet
  facet normal 0 -1 0
    outer loop
      vertex 7.6 112.8 7.4
      vertex 42.95 112.8 26.75
      vertex 24.25 112.8 26.75
    endloop
  endfacet
  facet normal 0 -1 0
    outer loop
      vertex 101.435 112.8 46.15
      vertex 101.832 112.8 26.1678
      vertex 102.35 112.8 26.5651
    endloop
  endfacet
  facet normal 0 -1 0
    outer loop
      vertex 101.435 112.8 46.15
      vertex 101.435 112.8 25.65
      vertex 101.832 112.8 26.1678
    endloop
  endfacet
  facet normal 0 -1 -0
    outer loop
      vertex 101.435 112.8 46.15
      vertex 101.185 112.8 25.047
      vertex 101.435 112.8 25.65
    endloop
  endfacet
  facet normal 0 -1 0
    outer loop
      vertex 42.95 112.8 28.75
      vertex 101.1 112.8 24.4
      vertex 101.185 112.8 25.047
    endloop
  endfacet
  facet normal 0 -1 0
    outer loop
      vertex 42.95 112.8 26.75
      vertex 101.185 112.8 23.753
      vertex 101.1 112.8 24.4
    endloop
  endfacet
  facet normal 0 -1 0
    outer loop
      vertex 42.95 112.8 26.75
      vertex 101.435 112.8 23.15
      vertex 101.185 112.8 23.753
    endloop
  endfacet
  facet normal 0 -1 0
    outer loop
      vertex 42.95 112.8 26.75
      vertex 101.832 112.8 22.6322
      vertex 101.435 112.8 23.15
    endloop
  endfacet
  facet normal -0 -1 0
    outer loop
      vertex 102.35 112.8 22.2349
      vertex 42.95 112.8 26.75
      vertex 7.6 112.8 7.4
    endloop
  endfacet
  facet normal 0 -1 0
    outer loop
      vertex 42.95 112.8 26.75
      vertex 102.35 112.8 22.2349
      vertex 101.832 112.8 22.6322
    endloop
  endfacet
  facet normal 0 -1 -0
    outer loop
      vertex 102.35 112.8 22.2349
      vertex 7.6 112.8 7.4
      vertex 102.953 112.8 21.9852
    endloop
  endfacet
  facet normal 0 -1 0
    outer loop
      vertex 159.6 112.8 7.4
      vertex 103.6 112.8 21.9
      vertex 7.6 112.8 7.4
    endloop
  endfacet
  facet normal 0 -1 -0
    outer loop
      vertex 102.953 112.8 21.9852
      vertex 7.6 112.8 7.4
      vertex 103.6 112.8 21.9
    endloop
  endfacet
  facet normal 0 -1 -0
    outer loop
      vertex 24.25 112.8 28.75
      vertex 7.6 112.8 7.4
      vertex 24.25 112.8 26.75
    endloop
  endfacet
  facet normal 0 -1 0
    outer loop
      vertex 7.6 112.8 51.4
      vertex 2.4 112.8 61
      vertex 2.4 112.8 51.4
    endloop
  endfacet
  facet normal 0 -1 0
    outer loop
      vertex 24.25 112.8 44.05
      vertex 2.4 112.8 61
      vertex 7.6 112.8 51.4
    endloop
  endfacet
  facet normal 0 -1 0
    outer loop
      vertex 2.4 112.8 61
      vertex 103.6 112.8 49.9
      vertex 164.8 112.8 61
    endloop
  endfacet
  facet normal 0 -1 -0
    outer loop
      vertex 164.8 112.8 61
      vertex 159.6 112.8 51.4
      vertex 164.8 112.8 51.4
    endloop
  endfacet
  facet normal 0 -1 0
    outer loop
      vertex 140.247 112.8 49.8148
      vertex 164.8 112.8 61
      vertex 139.6 112.8 49.9
    endloop
  endfacet
  facet normal 0 -1 0
    outer loop
      vertex 140.85 112.8 49.5651
      vertex 164.8 112.8 61
      vertex 140.247 112.8 49.8148
    endloop
  endfacet
  facet normal 0 -1 0
    outer loop
      vertex 164.8 112.8 61
      vertex 140.85 112.8 49.5651
      vertex 159.6 112.8 51.4
    endloop
  endfacet
  facet normal 0 -1 0
    outer loop
      vertex 141.368 112.8 49.1678
      vertex 159.6 112.8 51.4
      vertex 140.85 112.8 49.5651
    endloop
  endfacet
  facet normal 0 -1 0
    outer loop
      vertex 141.765 112.8 48.65
      vertex 159.6 112.8 51.4
      vertex 141.368 112.8 49.1678
    endloop
  endfacet
  facet normal 0 -1 0
    outer loop
      vertex 142.015 112.8 48.047
      vertex 159.6 112.8 51.4
      vertex 141.765 112.8 48.65
    endloop
  endfacet
  facet normal 0 -1 0
    outer loop
      vertex 142.1 112.8 47.4
      vertex 159.6 112.8 51.4
      vertex 142.015 112.8 48.047
    endloop
  endfacet
  facet normal 0 -1 0
    outer loop
      vertex 142.015 112.8 46.753
      vertex 159.6 112.8 51.4
      vertex 142.1 112.8 47.4
    endloop
  endfacet
  facet normal 0 -1 0
    outer loop
      vertex 141.765 112.8 46.15
      vertex 159.6 112.8 51.4
      vertex 142.015 112.8 46.753
    endloop
  endfacet
  facet normal 0 -1 0
    outer loop
      vertex 141.368 112.8 45.6322
      vertex 159.6 112.8 51.4
      vertex 141.765 112.8 46.15
    endloop
  endfacet
  facet normal 0 -1 0
    outer loop
      vertex 141.368 112.8 26.1678
      vertex 141.368 112.8 45.6322
      vertex 140.85 112.8 45.2349
    endloop
  endfacet
  facet normal 0 -1 0
    outer loop
      vertex 140.85 112.8 26.5651
      vertex 140.85 112.8 45.2349
      vertex 140.247 112.8 44.9852
    endloop
  endfacet
  facet normal 0 -1 0
    outer loop
      vertex 2.4 112.8 61
      vertex 37.95 112.8 44.05
      vertex 42.95 112.8 44.05
    endloop
  endfacet
  facet normal 0 -1 0
    outer loop
      vertex 102.953 112.8 26.8148
      vertex 101.832 112.8 45.6322
      vertex 101.435 112.8 46.15
    endloop
  endfacet
  facet normal 0 -1 0
    outer loop
      vertex 102.953 112.8 26.8148
      vertex 102.35 112.8 45.2349
      vertex 101.832 112.8 45.6322
    endloop
  endfacet
  facet normal 0 -1 0
    outer loop
      vertex 102.953 112.8 44.9852
      vertex 103.6 112.8 26.9
      vertex 103.6 112.8 44.9
    endloop
  endfacet
  facet normal 0 -1 0
    outer loop
      vertex 35.3986 112.8 39.7422
      vertex 37.95 112.8 42.05
      vertex 34.5169 112.8 40.0097
    endloop
  endfacet
  facet normal 0 -1 0
    outer loop
      vertex 36.2112 112.8 39.3079
      vertex 37.95 112.8 42.05
      vertex 35.3986 112.8 39.7422
    endloop
  endfacet
  facet normal 0 -1 0
    outer loop
      vertex 36.9234 112.8 38.7234
      vertex 37.95 112.8 42.05
      vertex 36.2112 112.8 39.3079
    endloop
  endfacet
  facet normal 0 -1 0
    outer loop
      vertex 37.5079 112.8 38.0112
      vertex 37.95 112.8 42.05
      vertex 36.9234 112.8 38.7234
    endloop
  endfacet
  facet normal 0 -1 -0
    outer loop
      vertex 37.95 112.8 42.05
      vertex 37.5079 112.8 38.0112
      vertex 42.95 112.8 42.05
    endloop
  endfacet
  facet normal 0 -1 0
    outer loop
      vertex 37.9422 112.8 37.1986
      vertex 42.95 112.8 42.05
      vertex 37.5079 112.8 38.0112
    endloop
  endfacet
  facet normal 0 -1 0
    outer loop
      vertex 38.2097 112.8 36.3169
      vertex 42.95 112.8 42.05
      vertex 37.9422 112.8 37.1986
    endloop
  endfacet
  facet normal 0 -1 0
    outer loop
      vertex 38.3 112.8 35.4
      vertex 42.95 112.8 42.05
      vertex 38.2097 112.8 36.3169
    endloop
  endfacet
  facet normal 0 -1 -0
    outer loop
      vertex 42.95 112.8 42.05
      vertex 38.3 112.8 35.4
      vertex 42.95 112.8 28.75
    endloop
  endfacet
  facet normal 0 -1 0
    outer loop
      vertex 42.95 112.8 28.75
      vertex 38.3 112.8 35.4
      vertex 38.2097 112.8 34.4831
    endloop
  endfacet
  facet normal 0 -1 0
    outer loop
      vertex 42.95 112.8 28.75
      vertex 38.2097 112.8 34.4831
      vertex 37.9422 112.8 33.6014
    endloop
  endfacet
  facet normal 0 -1 0
    outer loop
      vertex 42.95 112.8 28.75
      vertex 37.9422 112.8 33.6014
      vertex 37.5079 112.8 32.7888
    endloop
  endfacet
  facet normal 0 -1 0
    outer loop
      vertex 42.95 112.8 28.75
      vertex 37.5079 112.8 32.7888
      vertex 36.9234 112.8 32.0766
    endloop
  endfacet
  facet normal 0 -1 0
    outer loop
      vertex 42.95 112.8 28.75
      vertex 36.9234 112.8 32.0766
      vertex 36.2112 112.8 31.4921
    endloop
  endfacet
  facet normal 0 -1 0
    outer loop
      vertex 42.95 112.8 28.75
      vertex 36.2112 112.8 31.4921
      vertex 35.3986 112.8 31.0578
    endloop
  endfacet
  facet normal 0 -1 0
    outer loop
      vertex 102.953 112.8 26.8148
      vertex 102.953 112.8 44.9852
      vertex 102.35 112.8 45.2349
    endloop
  endfacet
  facet normal 0 -1 0
    outer loop
      vertex 42.95 112.8 28.75
      vertex 35.3986 112.8 31.0578
      vertex 34.5169 112.8 30.7903
    endloop
  endfacet
  facet normal 0 -1 0
    outer loop
      vertex 42.95 112.8 28.75
      vertex 33.6 112.8 30.7
      vertex 24.25 112.8 28.75
    endloop
  endfacet
  facet normal 0 -1 0
    outer loop
      vertex 33.6 112.8 30.7
      vertex 42.95 112.8 28.75
      vertex 34.5169 112.8 30.7903
    endloop
  endfacet
  facet normal 0 -1 0
    outer loop
      vertex 138.35 112.8 45.2349
      vertex 139.6 112.8 26.9
      vertex 138.953 112.8 44.9852
    endloop
  endfacet
  facet normal 0 -1 0
    outer loop
      vertex 138.953 112.8 44.9852
      vertex 139.6 112.8 26.9
      vertex 139.6 112.8 44.9
    endloop
  endfacet
  facet normal 0 -1 0
    outer loop
      vertex 139.6 112.8 44.9
      vertex 139.6 112.8 26.9
      vertex 140.247 112.8 44.9852
    endloop
  endfacet
  facet normal 0 -1 0
    outer loop
      vertex 140.247 112.8 26.8148
      vertex 140.247 112.8 44.9852
      vertex 139.6 112.8 26.9
    endloop
  endfacet
  facet normal 0 -1 0
    outer loop
      vertex 140.85 112.8 26.5651
      vertex 140.247 112.8 44.9852
      vertex 140.247 112.8 26.8148
    endloop
  endfacet
  facet normal 0 -1 0
    outer loop
      vertex 140.85 112.8 45.2349
      vertex 140.85 112.8 26.5651
      vertex 141.368 112.8 26.1678
    endloop
  endfacet
  facet normal 0 -1 0
    outer loop
      vertex 141.368 112.8 45.6322
      vertex 141.368 112.8 26.1678
      vertex 159.6 112.8 51.4
    endloop
  endfacet
  facet normal 0 -1 0
    outer loop
      vertex 141.765 112.8 25.65
      vertex 159.6 112.8 51.4
      vertex 141.368 112.8 26.1678
    endloop
  endfacet
  facet normal 0 -1 0
    outer loop
      vertex 142.015 112.8 25.047
      vertex 159.6 112.8 51.4
      vertex 141.765 112.8 25.65
    endloop
  endfacet
  facet normal 0 -1 0
    outer loop
      vertex 159.6 112.8 7.4
      vertex 142.015 112.8 25.047
      vertex 142.1 112.8 24.4
    endloop
  endfacet
  facet normal 0 -1 0
    outer loop
      vertex 159.6 112.8 7.4
      vertex 142.1 112.8 24.4
      vertex 142.015 112.8 23.753
    endloop
  endfacet
  facet normal 0 -1 0
    outer loop
      vertex 159.6 112.8 7.4
      vertex 142.015 112.8 23.753
      vertex 141.765 112.8 23.15
    endloop
  endfacet
  facet normal 0 -1 0
    outer loop
      vertex 142.015 112.8 25.047
      vertex 159.6 112.8 7.4
      vertex 159.6 112.8 51.4
    endloop
  endfacet
  facet normal 0 -1 0
    outer loop
      vertex 141.368 112.8 22.6322
      vertex 159.6 112.8 7.4
      vertex 141.765 112.8 23.15
    endloop
  endfacet
  facet normal 0 -1 0
    outer loop
      vertex 140.85 112.8 22.2349
      vertex 159.6 112.8 7.4
      vertex 141.368 112.8 22.6322
    endloop
  endfacet
  facet normal 0 -1 0
    outer loop
      vertex 140.247 112.8 21.9852
      vertex 159.6 112.8 7.4
      vertex 140.85 112.8 22.2349
    endloop
  endfacet
  facet normal 0 -1 0
    outer loop
      vertex 139.6 112.8 21.9
      vertex 159.6 112.8 7.4
      vertex 140.247 112.8 21.9852
    endloop
  endfacet
  facet normal 0 -1 0
    outer loop
      vertex 138.953 112.8 21.9852
      vertex 159.6 112.8 7.4
      vertex 139.6 112.8 21.9
    endloop
  endfacet
  facet normal 0 -1 0
    outer loop
      vertex 103.141 112.8 25.5087
      vertex 104.059 112.8 25.5087
      vertex 103.6 112.8 25.6
    endloop
  endfacet
  facet normal 0 -1 0
    outer loop
      vertex 102.751 112.8 25.2485
      vertex 104.059 112.8 25.5087
      vertex 103.141 112.8 25.5087
    endloop
  endfacet
  facet normal 0 -1 0
    outer loop
      vertex 102.751 112.8 25.2485
      vertex 104.449 112.8 25.2485
      vertex 104.059 112.8 25.5087
    endloop
  endfacet
  facet normal 0 -1 0
    outer loop
      vertex 102.491 112.8 24.8592
      vertex 104.449 112.8 25.2485
      vertex 102.751 112.8 25.2485
    endloop
  endfacet
  facet normal 0 -1 0
    outer loop
      vertex 102.491 112.8 24.8592
      vertex 104.709 112.8 24.8592
      vertex 104.449 112.8 25.2485
    endloop
  endfacet
  facet normal 0 -1 0
    outer loop
      vertex 102.4 112.8 24.4
      vertex 104.709 112.8 24.8592
      vertex 102.491 112.8 24.8592
    endloop
  endfacet
  facet normal 0 -1 0
    outer loop
      vertex 102.4 112.8 24.4
      vertex 104.8 112.8 24.4
      vertex 104.709 112.8 24.8592
    endloop
  endfacet
  facet normal 0 -1 0
    outer loop
      vertex 102.491 112.8 23.9408
      vertex 104.8 112.8 24.4
      vertex 102.4 112.8 24.4
    endloop
  endfacet
  facet normal 0 -1 0
    outer loop
      vertex 102.491 112.8 23.9408
      vertex 104.709 112.8 23.9408
      vertex 104.8 112.8 24.4
    endloop
  endfacet
  facet normal 0 -1 0
    outer loop
      vertex 102.751 112.8 23.5515
      vertex 104.709 112.8 23.9408
      vertex 102.491 112.8 23.9408
    endloop
  endfacet
  facet normal 0 -1 0
    outer loop
      vertex 102.751 112.8 23.5515
      vertex 104.449 112.8 23.5515
      vertex 104.709 112.8 23.9408
    endloop
  endfacet
  facet normal 0 -1 0
    outer loop
      vertex 103.141 112.8 23.2913
      vertex 104.449 112.8 23.5515
      vertex 102.751 112.8 23.5515
    endloop
  endfacet
  facet normal 0 -1 0
    outer loop
      vertex 103.141 112.8 23.2913
      vertex 104.059 112.8 23.2913
      vertex 104.449 112.8 23.5515
    endloop
  endfacet
  facet normal -0 -1 0
    outer loop
      vertex 104.059 112.8 23.2913
      vertex 103.141 112.8 23.2913
      vertex 103.6 112.8 23.2
    endloop
  endfacet
  facet normal 0 -1 0
    outer loop
      vertex 139.141 112.8 25.5087
      vertex 140.059 112.8 25.5087
      vertex 139.6 112.8 25.6
    endloop
  endfacet
  facet normal 0 -1 0
    outer loop
      vertex 138.751 112.8 25.2485
      vertex 140.059 112.8 25.5087
      vertex 139.141 112.8 25.5087
    endloop
  endfacet
  facet normal 0 -1 0
    outer loop
      vertex 138.751 112.8 25.2485
      vertex 140.449 112.8 25.2485
      vertex 140.059 112.8 25.5087
    endloop
  endfacet
  facet normal 0 -1 0
    outer loop
      vertex 138.491 112.8 24.8592
      vertex 140.449 112.8 25.2485
      vertex 138.751 112.8 25.2485
    endloop
  endfacet
  facet normal 0 -1 0
    outer loop
      vertex 138.491 112.8 24.8592
      vertex 140.709 112.8 24.8592
      vertex 140.449 112.8 25.2485
    endloop
  endfacet
  facet normal 0 -1 0
    outer loop
      vertex 138.4 112.8 24.4
      vertex 140.709 112.8 24.8592
      vertex 138.491 112.8 24.8592
    endloop
  endfacet
  facet normal 0 -1 0
    outer loop
      vertex 138.4 112.8 24.4
      vertex 140.8 112.8 24.4
      vertex 140.709 112.8 24.8592
    endloop
  endfacet
  facet normal 0 -1 0
    outer loop
      vertex 138.491 112.8 23.9408
      vertex 140.8 112.8 24.4
      vertex 138.4 112.8 24.4
    endloop
  endfacet
  facet normal 0 -1 0
    outer loop
      vertex 138.491 112.8 23.9408
      vertex 140.709 112.8 23.9408
      vertex 140.8 112.8 24.4
    endloop
  endfacet
  facet normal 0 -1 0
    outer loop
      vertex 138.751 112.8 23.5515
      vertex 140.709 112.8 23.9408
      vertex 138.491 112.8 23.9408
    endloop
  endfacet
  facet normal 0 -1 0
    outer loop
      vertex 138.751 112.8 23.5515
      vertex 140.449 112.8 23.5515
      vertex 140.709 112.8 23.9408
    endloop
  endfacet
  facet normal 0 -1 0
    outer loop
      vertex 139.141 112.8 23.2913
      vertex 140.449 112.8 23.5515
      vertex 138.751 112.8 23.5515
    endloop
  endfacet
  facet normal 0 -1 0
    outer loop
      vertex 139.141 112.8 23.2913
      vertex 140.059 112.8 23.2913
      vertex 140.449 112.8 23.5515
    endloop
  endfacet
  facet normal -0 -1 0
    outer loop
      vertex 140.059 112.8 23.2913
      vertex 139.141 112.8 23.2913
      vertex 139.6 112.8 23.2
    endloop
  endfacet
  facet normal 0 -1 0
    outer loop
      vertex 103.141 112.8 48.5087
      vertex 104.059 112.8 48.5087
      vertex 103.6 112.8 48.6
    endloop
  endfacet
  facet normal 0 -1 0
    outer loop
      vertex 102.751 112.8 48.2485
      vertex 104.059 112.8 48.5087
      vertex 103.141 112.8 48.5087
    endloop
  endfacet
  facet normal 0 -1 0
    outer loop
      vertex 102.751 112.8 48.2485
      vertex 104.449 112.8 48.2485
      vertex 104.059 112.8 48.5087
    endloop
  endfacet
  facet normal 0 -1 0
    outer loop
      vertex 102.491 112.8 47.8592
      vertex 104.449 112.8 48.2485
      vertex 102.751 112.8 48.2485
    endloop
  endfacet
  facet normal 0 -1 0
    outer loop
      vertex 102.491 112.8 47.8592
      vertex 104.709 112.8 47.8592
      vertex 104.449 112.8 48.2485
    endloop
  endfacet
  facet normal 0 -1 0
    outer loop
      vertex 102.4 112.8 47.4
      vertex 104.709 112.8 47.8592
      vertex 102.491 112.8 47.8592
    endloop
  endfacet
  facet normal 0 -1 0
    outer loop
      vertex 102.4 112.8 47.4
      vertex 104.8 112.8 47.4
      vertex 104.709 112.8 47.8592
    endloop
  endfacet
  facet normal 0 -1 0
    outer loop
      vertex 102.491 112.8 46.9408
      vertex 104.8 112.8 47.4
      vertex 102.4 112.8 47.4
    endloop
  endfacet
  facet normal 0 -1 0
    outer loop
      vertex 102.491 112.8 46.9408
      vertex 104.709 112.8 46.9408
      vertex 104.8 112.8 47.4
    endloop
  endfacet
  facet normal 0 -1 0
    outer loop
      vertex 102.751 112.8 46.5515
      vertex 104.709 112.8 46.9408
      vertex 102.491 112.8 46.9408
    endloop
  endfacet
  facet normal 0 -1 0
    outer loop
      vertex 102.751 112.8 46.5515
      vertex 104.449 112.8 46.5515
      vertex 104.709 112.8 46.9408
    endloop
  endfacet
  facet normal 0 -1 0
    outer loop
      vertex 103.141 112.8 46.2913
      vertex 104.449 112.8 46.5515
      vertex 102.751 112.8 46.5515
    endloop
  endfacet
  facet normal 0 -1 0
    outer loop
      vertex 103.141 112.8 46.2913
      vertex 104.059 112.8 46.2913
      vertex 104.449 112.8 46.5515
    endloop
  endfacet
  facet normal -0 -1 0
    outer loop
      vertex 104.059 112.8 46.2913
      vertex 103.141 112.8 46.2913
      vertex 103.6 112.8 46.2
    endloop
  endfacet
  facet normal 0 -1 0
    outer loop
      vertex 139.141 112.8 48.5087
      vertex 140.059 112.8 48.5087
      vertex 139.6 112.8 48.6
    endloop
  endfacet
  facet normal 0 -1 0
    outer loop
      vertex 138.751 112.8 48.2485
      vertex 140.059 112.8 48.5087
      vertex 139.141 112.8 48.5087
    endloop
  endfacet
  facet normal 0 -1 0
    outer loop
      vertex 138.751 112.8 48.2485
      vertex 140.449 112.8 48.2485
      vertex 140.059 112.8 48.5087
    endloop
  endfacet
  facet normal 0 -1 0
    outer loop
      vertex 138.491 112.8 47.8592
      vertex 140.449 112.8 48.2485
      vertex 138.751 112.8 48.2485
    endloop
  endfacet
  facet normal 0 -1 0
    outer loop
      vertex 138.491 112.8 47.8592
      vertex 140.709 112.8 47.8592
      vertex 140.449 112.8 48.2485
    endloop
  endfacet
  facet normal 0 -1 0
    outer loop
      vertex 138.4 112.8 47.4
      vertex 140.709 112.8 47.8592
      vertex 138.491 112.8 47.8592
    endloop
  endfacet
  facet normal 0 -1 0
    outer loop
      vertex 138.4 112.8 47.4
      vertex 140.8 112.8 47.4
      vertex 140.709 112.8 47.8592
    endloop
  endfacet
  facet normal 0 -1 0
    outer loop
      vertex 138.491 112.8 46.9408
      vertex 140.8 112.8 47.4
      vertex 138.4 112.8 47.4
    endloop
  endfacet
  facet normal 0 -1 0
    outer loop
      vertex 138.491 112.8 46.9408
      vertex 140.709 112.8 46.9408
      vertex 140.8 112.8 47.4
    endloop
  endfacet
  facet normal 0 -1 0
    outer loop
      vertex 138.751 112.8 46.5515
      vertex 140.709 112.8 46.9408
      vertex 138.491 112.8 46.9408
    endloop
  endfacet
  facet normal 0 -1 0
    outer loop
      vertex 138.751 112.8 46.5515
      vertex 140.449 112.8 46.5515
      vertex 140.709 112.8 46.9408
    endloop
  endfacet
  facet normal 0 -1 0
    outer loop
      vertex 139.141 112.8 46.2913
      vertex 140.449 112.8 46.5515
      vertex 138.751 112.8 46.5515
    endloop
  endfacet
  facet normal 0 -1 0
    outer loop
      vertex 139.141 112.8 46.2913
      vertex 140.059 112.8 46.2913
      vertex 140.449 112.8 46.5515
    endloop
  endfacet
  facet normal -0 -1 0
    outer loop
      vertex 140.059 112.8 46.2913
      vertex 139.141 112.8 46.2913
      vertex 139.6 112.8 46.2
    endloop
  endfacet
  facet normal 0.707107 0 -0.707107
    outer loop
      vertex 169.7 97.5 53.9
      vertex 167.2 115.2 51.4
      vertex 169.7 117.7 53.9
    endloop
  endfacet
  facet normal 0.707107 0 -0.707107
    outer loop
      vertex 167.2 115.2 51.4
      vertex 169.7 97.5 53.9
      vertex 167.2 97.5 51.4
    endloop
  endfacet
  facet normal 0.707107 0 -0.707107
    outer loop
      vertex 169.7 17.7 53.9
      vertex 167.2 0 51.4
      vertex 167.2 17.7 51.4
    endloop
  endfacet
  facet normal 0.707107 0 -0.707107
    outer loop
      vertex 167.2 0 51.4
      vertex 169.7 17.7 53.9
      vertex 169.7 -2.5 53.9
    endloop
  endfacet
  facet normal 0.707107 0 -0.707107
    outer loop
      vertex 169.7 78.3 53.9
      vertex 167.2 94.5 51.4
      vertex 169.7 94.5 53.9
    endloop
  endfacet
  facet normal 0.707107 0 -0.707107
    outer loop
      vertex 167.2 94.5 51.4
      vertex 169.7 78.3 53.9
      vertex 167.2 78.3 51.4
    endloop
  endfacet
  facet normal 0.707107 0 -0.707107
    outer loop
      vertex 169.7 20.7 53.9
      vertex 167.2 36.9 51.4
      vertex 169.7 36.9 53.9
    endloop
  endfacet
  facet normal 0.707107 0 -0.707107
    outer loop
      vertex 167.2 36.9 51.4
      vertex 169.7 20.7 53.9
      vertex 167.2 20.7 51.4
    endloop
  endfacet
  facet normal 0.707107 0 -0.707107
    outer loop
      vertex 169.7 39.9 53.9
      vertex 167.2 56.1 51.4
      vertex 169.7 56.1 53.9
    endloop
  endfacet
  facet normal 0.707107 0 -0.707107
    outer loop
      vertex 167.2 56.1 51.4
      vertex 169.7 39.9 53.9
      vertex 167.2 39.9 51.4
    endloop
  endfacet
  facet normal 0.707107 0 -0.707107
    outer loop
      vertex 169.7 59.1 53.9
      vertex 167.2 75.3 51.4
      vertex 169.7 75.3 53.9
    endloop
  endfacet
  facet normal 0.707107 0 -0.707107
    outer loop
      vertex 167.2 75.3 51.4
      vertex 169.7 59.1 53.9
      vertex 167.2 59.1 51.4
    endloop
  endfacet
  facet normal 0 -1 0
    outer loop
      vertex -2.5 -2.5 0
      vertex 82.1 -2.5 0.00999928
      vertex -2.5 -2.5 0.00999928
    endloop
  endfacet
  facet normal 0 -1 -0
    outer loop
      vertex 82.1 -2.5 0.00999928
      vertex -2.5 -2.5 0
      vertex 85.1 -2.5 0.00999928
    endloop
  endfacet
  facet normal 0 -1 -0
    outer loop
      vertex 85.1 -2.5 0.00999928
      vertex -2.5 -2.5 0
      vertex 103 -2.5 0.00999928
    endloop
  endfacet
  facet normal 0 -1 -0
    outer loop
      vertex 103 -2.5 0.00999928
      vertex -2.5 -2.5 0
      vertex 106 -2.5 0.00999928
    endloop
  endfacet
  facet normal 0 -1 -0
    outer loop
      vertex 106 -2.5 0.00999928
      vertex -2.5 -2.5 0
      vertex 123.9 -2.5 0.00999928
    endloop
  endfacet
  facet normal 0 -1 -0
    outer loop
      vertex 123.9 -2.5 0.00999928
      vertex -2.5 -2.5 0
      vertex 126.9 -2.5 0.00999928
    endloop
  endfacet
  facet normal 0 -1 -0
    outer loop
      vertex 126.9 -2.5 0.00999928
      vertex -2.5 -2.5 0
      vertex 144.8 -2.5 0.00999928
    endloop
  endfacet
  facet normal 0 -1 -0
    outer loop
      vertex 144.8 -2.5 0.00999928
      vertex -2.5 -2.5 0
      vertex 147.8 -2.5 0.00999928
    endloop
  endfacet
  facet normal 0 -1 0
    outer loop
      vertex 169.7 -2.5 0
      vertex 147.8 -2.5 0.00999928
      vertex -2.5 -2.5 0
    endloop
  endfacet
  facet normal 0 -1 0
    outer loop
      vertex 147.8 -2.5 0.00999928
      vertex 169.7 -2.5 0
      vertex 169.7 -2.5 0.00999928
    endloop
  endfacet
  facet normal 0 -1 0
    outer loop
      vertex 144.8 -2.5 0.00999928
      vertex 147.8 -2.5 28
      vertex 144.8 -2.5 28
    endloop
  endfacet
  facet normal 0 -1 -0
    outer loop
      vertex 147.8 -2.5 28
      vertex 144.8 -2.5 0.00999928
      vertex 147.8 -2.5 0.00999928
    endloop
  endfacet
  facet normal 0 -1 0
    outer loop
      vertex 123.9 -2.5 0.00999928
      vertex 126.9 -2.5 28
      vertex 123.9 -2.5 28
    endloop
  endfacet
  facet normal 0 -1 -0
    outer loop
      vertex 126.9 -2.5 28
      vertex 123.9 -2.5 0.00999928
      vertex 126.9 -2.5 0.00999928
    endloop
  endfacet
  facet normal 0 -1 0
    outer loop
      vertex 103 -2.5 0.00999928
      vertex 106 -2.5 28
      vertex 103 -2.5 28
    endloop
  endfacet
  facet normal 0 -1 -0
    outer loop
      vertex 106 -2.5 28
      vertex 103 -2.5 0.00999928
      vertex 106 -2.5 0.00999928
    endloop
  endfacet
  facet normal 0 -1 0
    outer loop
      vertex 82.1 -2.5 0.00999928
      vertex 85.1 -2.5 28
      vertex 82.1 -2.5 28
    endloop
  endfacet
  facet normal 0 -1 -0
    outer loop
      vertex 85.1 -2.5 28
      vertex 82.1 -2.5 0.00999928
      vertex 85.1 -2.5 0.00999928
    endloop
  endfacet
  facet normal 0 -1 0
    outer loop
      vertex -2.5 -2.5 28
      vertex 19.4 -2.5 32
      vertex -2.5 -2.5 32
    endloop
  endfacet
  facet normal 0 -1 -0
    outer loop
      vertex 19.4 -2.5 32
      vertex -2.5 -2.5 28
      vertex 22.4 -2.5 32
    endloop
  endfacet
  facet normal 0 -1 -0
    outer loop
      vertex 22.4 -2.5 32
      vertex -2.5 -2.5 28
      vertex 40.3 -2.5 32
    endloop
  endfacet
  facet normal 0 -1 -0
    outer loop
      vertex 40.3 -2.5 32
      vertex -2.5 -2.5 28
      vertex 43.3 -2.5 32
    endloop
  endfacet
  facet normal 0 -1 0
    outer loop
      vertex 82.1 -2.5 28
      vertex 43.3 -2.5 32
      vertex -2.5 -2.5 28
    endloop
  endfacet
  facet normal 0 -1 0
    outer loop
      vertex 43.3 -2.5 32
      vertex 82.1 -2.5 28
      vertex 61.2 -2.5 32
    endloop
  endfacet
  facet normal 0 -1 0
    outer loop
      vertex 64.2 -2.5 32
      vertex 82.1 -2.5 28
      vertex 82.1 -2.5 32
    endloop
  endfacet
  facet normal 0 -1 0
    outer loop
      vertex 82.1 -2.5 32
      vertex 82.1 -2.5 28
      vertex 85.1 -2.5 32
    endloop
  endfacet
  facet normal 0 -1 0
    outer loop
      vertex 85.1 -2.5 28
      vertex 85.1 -2.5 32
      vertex 82.1 -2.5 28
    endloop
  endfacet
  facet normal 0 -1 0
    outer loop
      vertex 85.1 -2.5 32
      vertex 85.1 -2.5 28
      vertex 103 -2.5 32
    endloop
  endfacet
  facet normal 0 -1 0
    outer loop
      vertex 103 -2.5 28
      vertex 103 -2.5 32
      vertex 85.1 -2.5 28
    endloop
  endfacet
  facet normal 0 -1 0
    outer loop
      vertex 103 -2.5 32
      vertex 103 -2.5 28
      vertex 106 -2.5 32
    endloop
  endfacet
  facet normal 0 -1 0
    outer loop
      vertex 106 -2.5 28
      vertex 106 -2.5 32
      vertex 103 -2.5 28
    endloop
  endfacet
  facet normal 0 -1 0
    outer loop
      vertex 106 -2.5 32
      vertex 106 -2.5 28
      vertex 123.9 -2.5 32
    endloop
  endfacet
  facet normal 0 -1 0
    outer loop
      vertex 61.2 -2.5 32
      vertex 82.1 -2.5 28
      vertex 64.2 -2.5 32
    endloop
  endfacet
  facet normal 0 -1 0
    outer loop
      vertex 123.9 -2.5 28
      vertex 123.9 -2.5 32
      vertex 106 -2.5 28
    endloop
  endfacet
  facet normal 0 -1 0
    outer loop
      vertex 123.9 -2.5 32
      vertex 123.9 -2.5 28
      vertex 126.9 -2.5 32
    endloop
  endfacet
  facet normal 0 -1 0
    outer loop
      vertex 126.9 -2.5 28
      vertex 126.9 -2.5 32
      vertex 123.9 -2.5 28
    endloop
  endfacet
  facet normal 0 -1 0
    outer loop
      vertex 126.9 -2.5 32
      vertex 126.9 -2.5 28
      vertex 144.8 -2.5 32
    endloop
  endfacet
  facet normal 0 -1 0
    outer loop
      vertex 144.8 -2.5 28
      vertex 144.8 -2.5 32
      vertex 126.9 -2.5 28
    endloop
  endfacet
  facet normal 0 -1 0
    outer loop
      vertex 144.8 -2.5 32
      vertex 144.8 -2.5 28
      vertex 147.8 -2.5 32
    endloop
  endfacet
  facet normal 0 -1 0
    outer loop
      vertex 147.8 -2.5 28
      vertex 147.8 -2.5 32
      vertex 144.8 -2.5 28
    endloop
  endfacet
  facet normal 0 -1 0
    outer loop
      vertex 147.8 -2.5 32
      vertex 147.8 -2.5 28
      vertex 169.7 -2.5 32
    endloop
  endfacet
  facet normal 0 -1 -0
    outer loop
      vertex 169.7 -2.5 32
      vertex 147.8 -2.5 28
      vertex 169.7 -2.5 28
    endloop
  endfacet
  facet normal 0 -1 0
    outer loop
      vertex 144.8 -2.5 32
      vertex 147.8 -2.5 53.9
      vertex 144.8 -2.5 53.9
    endloop
  endfacet
  facet normal 0 -1 -0
    outer loop
      vertex 147.8 -2.5 53.9
      vertex 144.8 -2.5 32
      vertex 147.8 -2.5 32
    endloop
  endfacet
  facet normal 0 -1 0
    outer loop
      vertex 123.9 -2.5 32
      vertex 126.9 -2.5 53.9
      vertex 123.9 -2.5 53.9
    endloop
  endfacet
  facet normal 0 -1 -0
    outer loop
      vertex 126.9 -2.5 53.9
      vertex 123.9 -2.5 32
      vertex 126.9 -2.5 32
    endloop
  endfacet
  facet normal 0 -1 0
    outer loop
      vertex 103 -2.5 32
      vertex 106 -2.5 53.9
      vertex 103 -2.5 53.9
    endloop
  endfacet
  facet normal 0 -1 -0
    outer loop
      vertex 106 -2.5 53.9
      vertex 103 -2.5 32
      vertex 106 -2.5 32
    endloop
  endfacet
  facet normal 0 -1 0
    outer loop
      vertex 82.1 -2.5 32
      vertex 85.1 -2.5 53.9
      vertex 82.1 -2.5 53.9
    endloop
  endfacet
  facet normal 0 -1 -0
    outer loop
      vertex 85.1 -2.5 53.9
      vertex 82.1 -2.5 32
      vertex 85.1 -2.5 32
    endloop
  endfacet
  facet normal 0 -1 0
    outer loop
      vertex 61.2 -2.5 32
      vertex 64.2 -2.5 53.9
      vertex 61.2 -2.5 53.9
    endloop
  endfacet
  facet normal 0 -1 -0
    outer loop
      vertex 64.2 -2.5 53.9
      vertex 61.2 -2.5 32
      vertex 64.2 -2.5 32
    endloop
  endfacet
  facet normal 0 -1 0
    outer loop
      vertex 40.3 -2.5 32
      vertex 43.3 -2.5 53.9
      vertex 40.3 -2.5 53.9
    endloop
  endfacet
  facet normal 0 -1 -0
    outer loop
      vertex 43.3 -2.5 53.9
      vertex 40.3 -2.5 32
      vertex 43.3 -2.5 32
    endloop
  endfacet
  facet normal 0 -1 0
    outer loop
      vertex 19.4 -2.5 32
      vertex 22.4 -2.5 53.9
      vertex 19.4 -2.5 53.9
    endloop
  endfacet
  facet normal 0 -1 -0
    outer loop
      vertex 22.4 -2.5 53.9
      vertex 19.4 -2.5 32
      vertex 22.4 -2.5 32
    endloop
  endfacet
  facet normal 0 -1 0
    outer loop
      vertex 19.4 -2.5 53.9
      vertex -2.5 -2.5 63.4
      vertex -2.5 -2.5 53.9
    endloop
  endfacet
  facet normal 0 -1 0
    outer loop
      vertex 22.4 -2.5 53.9
      vertex -2.5 -2.5 63.4
      vertex 19.4 -2.5 53.9
    endloop
  endfacet
  facet normal 0 -1 0
    outer loop
      vertex 40.3 -2.5 53.9
      vertex -2.5 -2.5 63.4
      vertex 22.4 -2.5 53.9
    endloop
  endfacet
  facet normal 0 -1 0
    outer loop
      vertex 43.3 -2.5 53.9
      vertex -2.5 -2.5 63.4
      vertex 40.3 -2.5 53.9
    endloop
  endfacet
  facet normal 0 -1 0
    outer loop
      vertex 61.2 -2.5 53.9
      vertex -2.5 -2.5 63.4
      vertex 43.3 -2.5 53.9
    endloop
  endfacet
  facet normal 0 -1 0
    outer loop
      vertex 64.2 -2.5 53.9
      vertex -2.5 -2.5 63.4
      vertex 61.2 -2.5 53.9
    endloop
  endfacet
  facet normal 0 -1 0
    outer loop
      vertex 82.1 -2.5 53.9
      vertex -2.5 -2.5 63.4
      vertex 64.2 -2.5 53.9
    endloop
  endfacet
  facet normal 0 -1 0
    outer loop
      vertex -2.5 -2.5 63.4
      vertex 82.1 -2.5 53.9
      vertex 169.7 -2.5 63.4
    endloop
  endfacet
  facet normal 0 -1 0
    outer loop
      vertex 85.1 -2.5 53.9
      vertex 169.7 -2.5 63.4
      vertex 82.1 -2.5 53.9
    endloop
  endfacet
  facet normal 0 -1 0
    outer loop
      vertex 103 -2.5 53.9
      vertex 169.7 -2.5 63.4
      vertex 85.1 -2.5 53.9
    endloop
  endfacet
  facet normal 0 -1 0
    outer loop
      vertex 106 -2.5 53.9
      vertex 169.7 -2.5 63.4
      vertex 103 -2.5 53.9
    endloop
  endfacet
  facet normal 0 -1 0
    outer loop
      vertex 123.9 -2.5 53.9
      vertex 169.7 -2.5 63.4
      vertex 106 -2.5 53.9
    endloop
  endfacet
  facet normal 0 -1 0
    outer loop
      vertex 126.9 -2.5 53.9
      vertex 169.7 -2.5 63.4
      vertex 123.9 -2.5 53.9
    endloop
  endfacet
  facet normal 0 -1 0
    outer loop
      vertex 144.8 -2.5 53.9
      vertex 169.7 -2.5 63.4
      vertex 126.9 -2.5 53.9
    endloop
  endfacet
  facet normal 0 -1 0
    outer loop
      vertex 147.8 -2.5 53.9
      vertex 169.7 -2.5 63.4
      vertex 144.8 -2.5 53.9
    endloop
  endfacet
  facet normal 0 -1 -0
    outer loop
      vertex 169.7 -2.5 63.4
      vertex 147.8 -2.5 53.9
      vertex 169.7 -2.5 53.9
    endloop
  endfacet
  facet normal 0 -0.707107 -0.707107
    outer loop
      vertex 0 0 51.4
      vertex 19.4 -2.5 53.9
      vertex -2.5 -2.5 53.9
    endloop
  endfacet
  facet normal 0 -0.707107 -0.707107
    outer loop
      vertex 19.4 -2.5 53.9
      vertex 0 0 51.4
      vertex 19.4 0 51.4
    endloop
  endfacet
  facet normal -0 -0.707107 -0.707107
    outer loop
      vertex 167.2 0 51.4
      vertex 147.8 -2.5 53.9
      vertex 147.8 0 51.4
    endloop
  endfacet
  facet normal 0 -0.707107 -0.707107
    outer loop
      vertex 147.8 -2.5 53.9
      vertex 167.2 0 51.4
      vertex 169.7 -2.5 53.9
    endloop
  endfacet
  facet normal 0 -0.707107 -0.707107
    outer loop
      vertex 64.2 0 51.4
      vertex 82.1 -2.5 53.9
      vertex 64.2 -2.5 53.9
    endloop
  endfacet
  facet normal 0 -0.707107 -0.707107
    outer loop
      vertex 82.1 -2.5 53.9
      vertex 64.2 0 51.4
      vertex 82.1 0 51.4
    endloop
  endfacet
  facet normal 0 -0.707107 -0.707107
    outer loop
      vertex 85.1 0 51.4
      vertex 103 -2.5 53.9
      vertex 85.1 -2.5 53.9
    endloop
  endfacet
  facet normal 0 -0.707107 -0.707107
    outer loop
      vertex 103 -2.5 53.9
      vertex 85.1 0 51.4
      vertex 103 0 51.4
    endloop
  endfacet
  facet normal 0 -0.707107 -0.707107
    outer loop
      vertex 106 0 51.4
      vertex 123.9 -2.5 53.9
      vertex 106 -2.5 53.9
    endloop
  endfacet
  facet normal 0 -0.707107 -0.707107
    outer loop
      vertex 123.9 -2.5 53.9
      vertex 106 0 51.4
      vertex 123.9 0 51.4
    endloop
  endfacet
  facet normal 0 -0.707107 -0.707107
    outer loop
      vertex 126.9 0 51.4
      vertex 144.8 -2.5 53.9
      vertex 126.9 -2.5 53.9
    endloop
  endfacet
  facet normal 0 -0.707107 -0.707107
    outer loop
      vertex 144.8 -2.5 53.9
      vertex 126.9 0 51.4
      vertex 144.8 0 51.4
    endloop
  endfacet
  facet normal 0 -0.707107 -0.707107
    outer loop
      vertex 22.4 0 51.4
      vertex 40.3 -2.5 53.9
      vertex 22.4 -2.5 53.9
    endloop
  endfacet
  facet normal 0 -0.707107 -0.707107
    outer loop
      vertex 40.3 -2.5 53.9
      vertex 22.4 0 51.4
      vertex 40.3 0 51.4
    endloop
  endfacet
  facet normal 0 -0.707107 -0.707107
    outer loop
      vertex 43.3 0 51.4
      vertex 61.2 -2.5 53.9
      vertex 43.3 -2.5 53.9
    endloop
  endfacet
  facet normal 0 -0.707107 -0.707107
    outer loop
      vertex 61.2 -2.5 53.9
      vertex 43.3 0 51.4
      vertex 61.2 0 51.4
    endloop
  endfacet
  facet normal 1 -0 0
    outer loop
      vertex 169.7 -2.5 32
      vertex 169.7 17.7 28
      vertex 169.7 17.7 32
    endloop
  endfacet
  facet normal 1 0 0
    outer loop
      vertex 169.7 17.7 28
      vertex 169.7 -2.5 32
      vertex 169.7 -2.5 28
    endloop
  endfacet
  facet normal 1 -0 0
    outer loop
      vertex 169.7 78.3 32
      vertex 169.7 94.5 28
      vertex 169.7 94.5 32
    endloop
  endfacet
  facet normal 1 0 0
    outer loop
      vertex 169.7 75.3 32
      vertex 169.7 78.3 32
      vertex 169.7 75.3 53.9
    endloop
  endfacet
  facet normal 1 -0 0
    outer loop
      vertex 169.7 75.3 32
      vertex 169.7 94.5 28
      vertex 169.7 78.3 32
    endloop
  endfacet
  facet normal 1 -0 0
    outer loop
      vertex 169.7 59.1 32
      vertex 169.7 94.5 28
      vertex 169.7 75.3 32
    endloop
  endfacet
  facet normal 1 0 0
    outer loop
      vertex 169.7 56.1 32
      vertex 169.7 59.1 32
      vertex 169.7 56.1 53.9
    endloop
  endfacet
  facet normal 1 -0 0
    outer loop
      vertex 169.7 56.1 32
      vertex 169.7 94.5 28
      vertex 169.7 59.1 32
    endloop
  endfacet
  facet normal 1 0 0
    outer loop
      vertex 169.7 20.7 28
      vertex 169.7 56.1 32
      vertex 169.7 39.9 32
    endloop
  endfacet
  facet normal 1 0 0
    outer loop
      vertex 169.7 36.9 32
      vertex 169.7 39.9 32
      vertex 169.7 36.9 53.9
    endloop
  endfacet
  facet normal 1 0 0
    outer loop
      vertex 169.7 20.7 28
      vertex 169.7 39.9 32
      vertex 169.7 36.9 32
    endloop
  endfacet
  facet normal 1 0 0
    outer loop
      vertex 169.7 20.7 28
      vertex 169.7 36.9 32
      vertex 169.7 20.7 32
    endloop
  endfacet
  facet normal 1 0 0
    outer loop
      vertex 169.7 56.1 32
      vertex 169.7 20.7 28
      vertex 169.7 94.5 28
    endloop
  endfacet
  facet normal 1 0 0
    outer loop
      vertex 169.7 117.7 63.4
      vertex 169.7 97.5 53.9
      vertex 169.7 117.7 53.9
    endloop
  endfacet
  facet normal 1 0 0
    outer loop
      vertex 169.7 94.5 32
      vertex 169.7 97.5 32
      vertex 169.7 97.5 53.9
    endloop
  endfacet
  facet normal 1 0 0
    outer loop
      vertex 169.7 97.5 32
      vertex 169.7 94.5 32
      vertex 169.7 97.5 28
    endloop
  endfacet
  facet normal 1 0 0
    outer loop
      vertex 169.7 94.5 32
      vertex 169.7 97.5 53.9
      vertex 169.7 94.5 53.9
    endloop
  endfacet
  facet normal 1 0 0
    outer loop
      vertex 169.7 117.7 63.4
      vertex 169.7 94.5 53.9
      vertex 169.7 97.5 53.9
    endloop
  endfacet
  facet normal 1 0 0
    outer loop
      vertex 169.7 117.7 63.4
      vertex 169.7 78.3 53.9
      vertex 169.7 94.5 53.9
    endloop
  endfacet
  facet normal 1 0 0
    outer loop
      vertex 169.7 78.3 53.9
      vertex 169.7 75.3 53.9
      vertex 169.7 78.3 32
    endloop
  endfacet
  facet normal 1 0 0
    outer loop
      vertex 169.7 117.7 63.4
      vertex 169.7 75.3 53.9
      vertex 169.7 78.3 53.9
    endloop
  endfacet
  facet normal 1 0 0
    outer loop
      vertex 169.7 117.7 63.4
      vertex 169.7 59.1 53.9
      vertex 169.7 75.3 53.9
    endloop
  endfacet
  facet normal 1 0 0
    outer loop
      vertex 169.7 59.1 53.9
      vertex 169.7 56.1 53.9
      vertex 169.7 59.1 32
    endloop
  endfacet
  facet normal 1 0 0
    outer loop
      vertex 169.7 117.7 63.4
      vertex 169.7 56.1 53.9
      vertex 169.7 59.1 53.9
    endloop
  endfacet
  facet normal 1 -0 0
    outer loop
      vertex 169.7 -2.5 63.4
      vertex 169.7 56.1 53.9
      vertex 169.7 117.7 63.4
    endloop
  endfacet
  facet normal 1 0 0
    outer loop
      vertex 169.7 39.9 53.9
      vertex 169.7 36.9 53.9
      vertex 169.7 39.9 32
    endloop
  endfacet
  facet normal 1 0 0
    outer loop
      vertex 169.7 56.1 53.9
      vertex 169.7 -2.5 63.4
      vertex 169.7 39.9 53.9
    endloop
  endfacet
  facet normal 1 0 0
    outer loop
      vertex 169.7 39.9 53.9
      vertex 169.7 -2.5 63.4
      vertex 169.7 36.9 53.9
    endloop
  endfacet
  facet normal 1 0 0
    outer loop
      vertex 169.7 17.7 32
      vertex 169.7 20.7 32
      vertex 169.7 20.7 53.9
    endloop
  endfacet
  facet normal 1 0 0
    outer loop
      vertex 169.7 20.7 32
      vertex 169.7 17.7 32
      vertex 169.7 20.7 28
    endloop
  endfacet
  facet normal 1 0 0
    outer loop
      vertex 169.7 17.7 32
      vertex 169.7 20.7 53.9
      vertex 169.7 17.7 53.9
    endloop
  endfacet
  facet normal 1 0 0
    outer loop
      vertex 169.7 36.9 53.9
      vertex 169.7 -2.5 63.4
      vertex 169.7 20.7 53.9
    endloop
  endfacet
  facet normal 1 0 0
    outer loop
      vertex 169.7 20.7 53.9
      vertex 169.7 -2.5 63.4
      vertex 169.7 17.7 53.9
    endloop
  endfacet
  facet normal 1 0 0
    outer loop
      vertex 169.7 17.7 53.9
      vertex 169.7 -2.5 63.4
      vertex 169.7 -2.5 53.9
    endloop
  endfacet
  facet normal 1 -0 0
    outer loop
      vertex 169.7 97.5 32
      vertex 169.7 117.7 28
      vertex 169.7 117.7 32
    endloop
  endfacet
  facet normal 1 0 0
    outer loop
      vertex 169.7 117.7 28
      vertex 169.7 97.5 32
      vertex 169.7 97.5 28
    endloop
  endfacet
  facet normal 1 -0 0
    outer loop
      vertex 169.7 97.5 0.00999928
      vertex 169.7 117.7 0
      vertex 169.7 117.7 0.00999928
    endloop
  endfacet
  facet normal 1 0 0
    outer loop
      vertex 169.7 97.5 28
      vertex 169.7 94.5 32
      vertex 169.7 94.5 28
    endloop
  endfacet
  facet normal 1 0 0
    outer loop
      vertex 169.7 97.5 28
      vertex 169.7 94.5 28
      vertex 169.7 97.5 0.00999928
    endloop
  endfacet
  facet normal 1 0 0
    outer loop
      vertex 169.7 94.5 0.00999928
      vertex 169.7 97.5 0.00999928
      vertex 169.7 94.5 28
    endloop
  endfacet
  facet normal 1 -0 0
    outer loop
      vertex 169.7 94.5 0.00999928
      vertex 169.7 117.7 0
      vertex 169.7 97.5 0.00999928
    endloop
  endfacet
  facet normal 1 -0 0
    outer loop
      vertex 169.7 20.7 0.00999928
      vertex 169.7 117.7 0
      vertex 169.7 94.5 0.00999928
    endloop
  endfacet
  facet normal 1 0 0
    outer loop
      vertex 169.7 20.7 28
      vertex 169.7 17.7 32
      vertex 169.7 17.7 28
    endloop
  endfacet
  facet normal 1 0 0
    outer loop
      vertex 169.7 20.7 28
      vertex 169.7 17.7 28
      vertex 169.7 20.7 0.00999928
    endloop
  endfacet
  facet normal 1 0 0
    outer loop
      vertex 169.7 17.7 0.00999928
      vertex 169.7 20.7 0.00999928
      vertex 169.7 17.7 28
    endloop
  endfacet
  facet normal 1 -0 0
    outer loop
      vertex 169.7 17.7 0.00999928
      vertex 169.7 117.7 0
      vertex 169.7 20.7 0.00999928
    endloop
  endfacet
  facet normal 1 0 0
    outer loop
      vertex 169.7 -2.5 0
      vertex 169.7 17.7 0.00999928
      vertex 169.7 -2.5 0.00999928
    endloop
  endfacet
  facet normal 1 0 0
    outer loop
      vertex 169.7 17.7 0.00999928
      vertex 169.7 -2.5 0
      vertex 169.7 117.7 0
    endloop
  endfacet
  facet normal -0.707107 0 -0.707107
    outer loop
      vertex 0 0 51.4
      vertex -2.5 17.7 53.9
      vertex 0 17.7 51.4
    endloop
  endfacet
  facet normal -0.707107 -0 -0.707107
    outer loop
      vertex -2.5 17.7 53.9
      vertex 0 0 51.4
      vertex -2.5 -2.5 53.9
    endloop
  endfacet
  facet normal -0.707107 0 -0.707107
    outer loop
      vertex -2.5 97.5 53.9
      vertex 0 115.2 51.4
      vertex 0 97.5 51.4
    endloop
  endfacet
  facet normal -0.707107 0 -0.707107
    outer loop
      vertex 0 115.2 51.4
      vertex -2.5 97.5 53.9
      vertex -2.5 117.7 53.9
    endloop
  endfacet
  facet normal -0.707107 0 -0.707107
    outer loop
      vertex 0 39.9 51.4
      vertex -2.5 56.1 53.9
      vertex 0 56.1 51.4
    endloop
  endfacet
  facet normal -0.707107 -0 -0.707107
    outer loop
      vertex -2.5 56.1 53.9
      vertex 0 39.9 51.4
      vertex -2.5 39.9 53.9
    endloop
  endfacet
  facet normal -0.707107 0 -0.707107
    outer loop
      vertex 0 59.1 51.4
      vertex -2.5 75.3 53.9
      vertex 0 75.3 51.4
    endloop
  endfacet
  facet normal -0.707107 -0 -0.707107
    outer loop
      vertex -2.5 75.3 53.9
      vertex 0 59.1 51.4
      vertex -2.5 59.1 53.9
    endloop
  endfacet
  facet normal -0.707107 0 -0.707107
    outer loop
      vertex 0 20.7 51.4
      vertex -2.5 36.9 53.9
      vertex 0 36.9 51.4
    endloop
  endfacet
  facet normal -0.707107 -0 -0.707107
    outer loop
      vertex -2.5 36.9 53.9
      vertex 0 20.7 51.4
      vertex -2.5 20.7 53.9
    endloop
  endfacet
  facet normal -0.707107 0 -0.707107
    outer loop
      vertex 0 78.3 51.4
      vertex -2.5 94.5 53.9
      vertex 0 94.5 51.4
    endloop
  endfacet
  facet normal -0.707107 -0 -0.707107
    outer loop
      vertex -2.5 94.5 53.9
      vertex 0 78.3 51.4
      vertex -2.5 78.3 53.9
    endloop
  endfacet
  facet normal -1 0 0
    outer loop
      vertex -2.5 117.7 28
      vertex -2.5 97.5 32
      vertex -2.5 117.7 32
    endloop
  endfacet
  facet normal -1 0 0
    outer loop
      vertex -2.5 97.5 32
      vertex -2.5 94.5 32
      vertex -2.5 97.5 53.9
    endloop
  endfacet
  facet normal -1 0 0
    outer loop
      vertex -2.5 117.7 28
      vertex -2.5 94.5 32
      vertex -2.5 97.5 32
    endloop
  endfacet
  facet normal -1 0 0
    outer loop
      vertex -2.5 117.7 28
      vertex -2.5 78.3 32
      vertex -2.5 94.5 32
    endloop
  endfacet
  facet normal -1 0 0
    outer loop
      vertex -2.5 78.3 32
      vertex -2.5 75.3 32
      vertex -2.5 78.3 53.9
    endloop
  endfacet
  facet normal -1 0 0
    outer loop
      vertex -2.5 117.7 28
      vertex -2.5 75.3 32
      vertex -2.5 78.3 32
    endloop
  endfacet
  facet normal -1 0 0
    outer loop
      vertex -2.5 117.7 28
      vertex -2.5 59.1 32
      vertex -2.5 75.3 32
    endloop
  endfacet
  facet normal -1 0 0
    outer loop
      vertex -2.5 59.1 32
      vertex -2.5 56.1 32
      vertex -2.5 59.1 53.9
    endloop
  endfacet
  facet normal -1 0 0
    outer loop
      vertex -2.5 117.7 28
      vertex -2.5 56.1 32
      vertex -2.5 59.1 32
    endloop
  endfacet
  facet normal -1 0 0
    outer loop
      vertex -2.5 -2.5 28
      vertex -2.5 56.1 32
      vertex -2.5 117.7 28
    endloop
  endfacet
  facet normal -1 0 0
    outer loop
      vertex -2.5 39.9 32
      vertex -2.5 36.9 32
      vertex -2.5 39.9 53.9
    endloop
  endfacet
  facet normal -1 -0 0
    outer loop
      vertex -2.5 56.1 32
      vertex -2.5 -2.5 28
      vertex -2.5 39.9 32
    endloop
  endfacet
  facet normal -1 -0 0
    outer loop
      vertex -2.5 39.9 32
      vertex -2.5 -2.5 28
      vertex -2.5 36.9 32
    endloop
  endfacet
  facet normal -1 0 0
    outer loop
      vertex -2.5 20.7 32
      vertex -2.5 17.7 32
      vertex -2.5 20.7 53.9
    endloop
  endfacet
  facet normal -1 -0 0
    outer loop
      vertex -2.5 36.9 32
      vertex -2.5 -2.5 28
      vertex -2.5 20.7 32
    endloop
  endfacet
  facet normal -1 -0 0
    outer loop
      vertex -2.5 20.7 32
      vertex -2.5 -2.5 28
      vertex -2.5 17.7 32
    endloop
  endfacet
  facet normal -1 -0 0
    outer loop
      vertex -2.5 17.7 32
      vertex -2.5 -2.5 28
      vertex -2.5 -2.5 32
    endloop
  endfacet
  facet normal -1 0 0
    outer loop
      vertex -2.5 97.5 53.9
      vertex -2.5 117.7 63.4
      vertex -2.5 117.7 53.9
    endloop
  endfacet
  facet normal -1 0 0
    outer loop
      vertex -2.5 94.5 53.9
      vertex -2.5 97.5 53.9
      vertex -2.5 94.5 32
    endloop
  endfacet
  facet normal -1 0 0
    outer loop
      vertex -2.5 94.5 53.9
      vertex -2.5 117.7 63.4
      vertex -2.5 97.5 53.9
    endloop
  endfacet
  facet normal -1 0 0
    outer loop
      vertex -2.5 78.3 53.9
      vertex -2.5 117.7 63.4
      vertex -2.5 94.5 53.9
    endloop
  endfacet
  facet normal -1 0 0
    outer loop
      vertex -2.5 75.3 53.9
      vertex -2.5 78.3 53.9
      vertex -2.5 75.3 32
    endloop
  endfacet
  facet normal -1 0 0
    outer loop
      vertex -2.5 75.3 53.9
      vertex -2.5 117.7 63.4
      vertex -2.5 78.3 53.9
    endloop
  endfacet
  facet normal -1 0 0
    outer loop
      vertex -2.5 59.1 53.9
      vertex -2.5 117.7 63.4
      vertex -2.5 75.3 53.9
    endloop
  endfacet
  facet normal -1 0 0
    outer loop
      vertex -2.5 56.1 53.9
      vertex -2.5 59.1 53.9
      vertex -2.5 56.1 32
    endloop
  endfacet
  facet normal -1 0 0
    outer loop
      vertex -2.5 56.1 53.9
      vertex -2.5 117.7 63.4
      vertex -2.5 59.1 53.9
    endloop
  endfacet
  facet normal -1 0 0
    outer loop
      vertex -2.5 -2.5 63.4
      vertex -2.5 56.1 53.9
      vertex -2.5 39.9 53.9
    endloop
  endfacet
  facet normal -1 0 0
    outer loop
      vertex -2.5 36.9 53.9
      vertex -2.5 39.9 53.9
      vertex -2.5 36.9 32
    endloop
  endfacet
  facet normal -1 0 0
    outer loop
      vertex -2.5 -2.5 63.4
      vertex -2.5 39.9 53.9
      vertex -2.5 36.9 53.9
    endloop
  endfacet
  facet normal -1 0 0
    outer loop
      vertex -2.5 -2.5 63.4
      vertex -2.5 36.9 53.9
      vertex -2.5 20.7 53.9
    endloop
  endfacet
  facet normal -1 0 0
    outer loop
      vertex -2.5 17.7 53.9
      vertex -2.5 20.7 53.9
      vertex -2.5 17.7 32
    endloop
  endfacet
  facet normal -1 0 0
    outer loop
      vertex -2.5 -2.5 63.4
      vertex -2.5 20.7 53.9
      vertex -2.5 17.7 53.9
    endloop
  endfacet
  facet normal -1 0 0
    outer loop
      vertex -2.5 -2.5 63.4
      vertex -2.5 17.7 53.9
      vertex -2.5 -2.5 53.9
    endloop
  endfacet
  facet normal -1 0 0
    outer loop
      vertex -2.5 56.1 53.9
      vertex -2.5 -2.5 63.4
      vertex -2.5 117.7 63.4
    endloop
  endfacet
  facet normal 0 1 -0
    outer loop
      vertex 169.7 117.7 0
      vertex 147.8 117.7 0.00999928
      vertex 169.7 117.7 0.00999928
    endloop
  endfacet
  facet normal 0 1 0
    outer loop
      vertex 147.8 117.7 0.00999928
      vertex 169.7 117.7 0
      vertex 144.8 117.7 0.00999928
    endloop
  endfacet
  facet normal 0 1 0
    outer loop
      vertex 144.8 117.7 0.00999928
      vertex 169.7 117.7 0
      vertex 126.9 117.7 0.00999928
    endloop
  endfacet
  facet normal 0 1 0
    outer loop
      vertex 126.9 117.7 0.00999928
      vertex 169.7 117.7 0
      vertex 123.9 117.7 0.00999928
    endloop
  endfacet
  facet normal 0 1 0
    outer loop
      vertex 123.9 117.7 0.00999928
      vertex 169.7 117.7 0
      vertex 106 117.7 0.00999928
    endloop
  endfacet
  facet normal 0 1 0
    outer loop
      vertex 106 117.7 0.00999928
      vertex 169.7 117.7 0
      vertex 103 117.7 0.00999928
    endloop
  endfacet
  facet normal 0 1 0
    outer loop
      vertex 103 117.7 0.00999928
      vertex 169.7 117.7 0
      vertex 85.1 117.7 0.00999928
    endloop
  endfacet
  facet normal 0 1 0
    outer loop
      vertex 85.1 117.7 0.00999928
      vertex 169.7 117.7 0
      vertex 82.1 117.7 0.00999928
    endloop
  endfacet
  facet normal 0 1 0
    outer loop
      vertex 82.1 117.7 0.00999928
      vertex 169.7 117.7 0
      vertex 64.2 117.7 0.00999928
    endloop
  endfacet
  facet normal 0 1 0
    outer loop
      vertex 64.2 117.7 0.00999928
      vertex 169.7 117.7 0
      vertex 61.2 117.7 0.00999928
    endloop
  endfacet
  facet normal 0 1 0
    outer loop
      vertex 61.2 117.7 0.00999928
      vertex 169.7 117.7 0
      vertex 43.3 117.7 0.00999928
    endloop
  endfacet
  facet normal 0 1 0
    outer loop
      vertex 43.3 117.7 0.00999928
      vertex 169.7 117.7 0
      vertex 40.3 117.7 0.00999928
    endloop
  endfacet
  facet normal 0 1 0
    outer loop
      vertex 40.3 117.7 0.00999928
      vertex 169.7 117.7 0
      vertex 22.4 117.7 0.00999928
    endloop
  endfacet
  facet normal 0 1 0
    outer loop
      vertex 22.4 117.7 0.00999928
      vertex 169.7 117.7 0
      vertex 19.4 117.7 0.00999928
    endloop
  endfacet
  facet normal 0 1 0
    outer loop
      vertex -2.5 117.7 0
      vertex 19.4 117.7 0.00999928
      vertex 169.7 117.7 0
    endloop
  endfacet
  facet normal 0 1 0
    outer loop
      vertex 19.4 117.7 0.00999928
      vertex -2.5 117.7 0
      vertex -2.5 117.7 0.00999928
    endloop
  endfacet
  facet normal 0 1 -0
    outer loop
      vertex 22.4 117.7 0.00999928
      vertex 19.4 117.7 28
      vertex 22.4 117.7 28
    endloop
  endfacet
  facet normal 0 1 0
    outer loop
      vertex 19.4 117.7 28
      vertex 22.4 117.7 0.00999928
      vertex 19.4 117.7 0.00999928
    endloop
  endfacet
  facet normal 0 1 -0
    outer loop
      vertex 43.3 117.7 0.00999928
      vertex 40.3 117.7 28
      vertex 43.3 117.7 28
    endloop
  endfacet
  facet normal 0 1 0
    outer loop
      vertex 40.3 117.7 28
      vertex 43.3 117.7 0.00999928
      vertex 40.3 117.7 0.00999928
    endloop
  endfacet
  facet normal 0 1 -0
    outer loop
      vertex 64.2 117.7 0.00999928
      vertex 61.2 117.7 28
      vertex 64.2 117.7 28
    endloop
  endfacet
  facet normal 0 1 0
    outer loop
      vertex 61.2 117.7 28
      vertex 64.2 117.7 0.00999928
      vertex 61.2 117.7 0.00999928
    endloop
  endfacet
  facet normal 0 1 -0
    outer loop
      vertex 85.1 117.7 0.00999928
      vertex 82.1 117.7 28
      vertex 85.1 117.7 28
    endloop
  endfacet
  facet normal 0 1 0
    outer loop
      vertex 82.1 117.7 28
      vertex 85.1 117.7 0.00999928
      vertex 82.1 117.7 0.00999928
    endloop
  endfacet
  facet normal 0 1 -0
    outer loop
      vertex 106 117.7 0.00999928
      vertex 103 117.7 28
      vertex 106 117.7 28
    endloop
  endfacet
  facet normal 0 1 0
    outer loop
      vertex 103 117.7 28
      vertex 106 117.7 0.00999928
      vertex 103 117.7 0.00999928
    endloop
  endfacet
  facet normal 0 1 -0
    outer loop
      vertex 126.9 117.7 0.00999928
      vertex 123.9 117.7 28
      vertex 126.9 117.7 28
    endloop
  endfacet
  facet normal 0 1 0
    outer loop
      vertex 123.9 117.7 28
      vertex 126.9 117.7 0.00999928
      vertex 123.9 117.7 0.00999928
    endloop
  endfacet
  facet normal 0 1 -0
    outer loop
      vertex 147.8 117.7 0.00999928
      vertex 144.8 117.7 28
      vertex 147.8 117.7 28
    endloop
  endfacet
  facet normal 0 1 0
    outer loop
      vertex 144.8 117.7 28
      vertex 147.8 117.7 0.00999928
      vertex 144.8 117.7 0.00999928
    endloop
  endfacet
  facet normal 0 1 0
    outer loop
      vertex 147.8 117.7 28
      vertex 147.8 117.7 32
      vertex 169.7 117.7 32
    endloop
  endfacet
  facet normal 0 1 0
    outer loop
      vertex 147.8 117.7 32
      vertex 147.8 117.7 28
      vertex 144.8 117.7 32
    endloop
  endfacet
  facet normal 0 1 0
    outer loop
      vertex 144.8 117.7 28
      vertex 144.8 117.7 32
      vertex 147.8 117.7 28
    endloop
  endfacet
  facet normal 0 1 0
    outer loop
      vertex 126.9 117.7 28
      vertex 126.9 117.7 32
      vertex 144.8 117.7 28
    endloop
  endfacet
  facet normal 0 1 0
    outer loop
      vertex 126.9 117.7 32
      vertex 126.9 117.7 28
      vertex 123.9 117.7 32
    endloop
  endfacet
  facet normal 0 1 0
    outer loop
      vertex 123.9 117.7 32
      vertex 123.9 117.7 28
      vertex 106 117.7 32
    endloop
  endfacet
  facet normal 0 1 0
    outer loop
      vertex 106 117.7 32
      vertex 106 117.7 28
      vertex 103 117.7 32
    endloop
  endfacet
  facet normal 0 1 0
    outer loop
      vertex 103 117.7 28
      vertex 103 117.7 32
      vertex 106 117.7 28
    endloop
  endfacet
  facet normal 0 1 0
    outer loop
      vertex 85.1 117.7 28
      vertex 85.1 117.7 32
      vertex 103 117.7 28
    endloop
  endfacet
  facet normal 0 1 0
    outer loop
      vertex 85.1 117.7 32
      vertex 85.1 117.7 28
      vertex 82.1 117.7 32
    endloop
  endfacet
  facet normal 0 1 0
    outer loop
      vertex 82.1 117.7 32
      vertex 82.1 117.7 28
      vertex 64.2 117.7 32
    endloop
  endfacet
  facet normal 0 1 0
    outer loop
      vertex 64.2 117.7 28
      vertex 64.2 117.7 32
      vertex 82.1 117.7 28
    endloop
  endfacet
  facet normal 0 1 0
    outer loop
      vertex 61.2 117.7 28
      vertex 61.2 117.7 32
      vertex 64.2 117.7 28
    endloop
  endfacet
  facet normal 0 1 0
    outer loop
      vertex 61.2 117.7 32
      vertex 61.2 117.7 28
      vertex 43.3 117.7 32
    endloop
  endfacet
  facet normal 0 1 0
    outer loop
      vertex 147.8 117.7 28
      vertex 169.7 117.7 32
      vertex 169.7 117.7 28
    endloop
  endfacet
  facet normal 0 1 0
    outer loop
      vertex 144.8 117.7 32
      vertex 144.8 117.7 28
      vertex 126.9 117.7 32
    endloop
  endfacet
  facet normal 0 1 0
    outer loop
      vertex 123.9 117.7 28
      vertex 123.9 117.7 32
      vertex 126.9 117.7 28
    endloop
  endfacet
  facet normal 0 1 0
    outer loop
      vertex 106 117.7 28
      vertex 106 117.7 32
      vertex 123.9 117.7 28
    endloop
  endfacet
  facet normal 0 1 0
    outer loop
      vertex 103 117.7 32
      vertex 103 117.7 28
      vertex 85.1 117.7 32
    endloop
  endfacet
  facet normal 0 1 0
    outer loop
      vertex 82.1 117.7 28
      vertex 82.1 117.7 32
      vertex 85.1 117.7 28
    endloop
  endfacet
  facet normal 0 1 0
    outer loop
      vertex 64.2 117.7 32
      vertex 64.2 117.7 28
      vertex 61.2 117.7 32
    endloop
  endfacet
  facet normal 0 1 0
    outer loop
      vertex 43.3 117.7 28
      vertex 43.3 117.7 32
      vertex 61.2 117.7 28
    endloop
  endfacet
  facet normal 0 1 0
    outer loop
      vertex 43.3 117.7 32
      vertex 43.3 117.7 28
      vertex 40.3 117.7 32
    endloop
  endfacet
  facet normal 0 1 0
    outer loop
      vertex 40.3 117.7 28
      vertex 40.3 117.7 32
      vertex 43.3 117.7 28
    endloop
  endfacet
  facet normal 0 1 0
    outer loop
      vertex 40.3 117.7 32
      vertex 40.3 117.7 28
      vertex 22.4 117.7 32
    endloop
  endfacet
  facet normal 0 1 0
    outer loop
      vertex 22.4 117.7 28
      vertex 22.4 117.7 32
      vertex 40.3 117.7 28
    endloop
  endfacet
  facet normal 0 1 0
    outer loop
      vertex 22.4 117.7 32
      vertex 22.4 117.7 28
      vertex 19.4 117.7 32
    endloop
  endfacet
  facet normal 0 1 0
    outer loop
      vertex 19.4 117.7 28
      vertex 19.4 117.7 32
      vertex 22.4 117.7 28
    endloop
  endfacet
  facet normal 0 1 0
    outer loop
      vertex 19.4 117.7 32
      vertex 19.4 117.7 28
      vertex -2.5 117.7 32
    endloop
  endfacet
  facet normal 0 1 0
    outer loop
      vertex -2.5 117.7 32
      vertex 19.4 117.7 28
      vertex -2.5 117.7 28
    endloop
  endfacet
  facet normal 0 1 -0
    outer loop
      vertex 22.4 117.7 32
      vertex 19.4 117.7 53.9
      vertex 22.4 117.7 53.9
    endloop
  endfacet
  facet normal 0 1 0
    outer loop
      vertex 19.4 117.7 53.9
      vertex 22.4 117.7 32
      vertex 19.4 117.7 32
    endloop
  endfacet
  facet normal 0 1 -0
    outer loop
      vertex 43.3 117.7 32
      vertex 40.3 117.7 53.9
      vertex 43.3 117.7 53.9
    endloop
  endfacet
  facet normal 0 1 0
    outer loop
      vertex 40.3 117.7 53.9
      vertex 43.3 117.7 32
      vertex 40.3 117.7 32
    endloop
  endfacet
  facet normal 0 1 -0
    outer loop
      vertex 64.2 117.7 32
      vertex 61.2 117.7 53.9
      vertex 64.2 117.7 53.9
    endloop
  endfacet
  facet normal 0 1 0
    outer loop
      vertex 61.2 117.7 53.9
      vertex 64.2 117.7 32
      vertex 61.2 117.7 32
    endloop
  endfacet
  facet normal 0 1 -0
    outer loop
      vertex 85.1 117.7 32
      vertex 82.1 117.7 53.9
      vertex 85.1 117.7 53.9
    endloop
  endfacet
  facet normal 0 1 0
    outer loop
      vertex 82.1 117.7 53.9
      vertex 85.1 117.7 32
      vertex 82.1 117.7 32
    endloop
  endfacet
  facet normal 0 1 -0
    outer loop
      vertex 106 117.7 32
      vertex 103 117.7 53.9
      vertex 106 117.7 53.9
    endloop
  endfacet
  facet normal 0 1 0
    outer loop
      vertex 103 117.7 53.9
      vertex 106 117.7 32
      vertex 103 117.7 32
    endloop
  endfacet
  facet normal 0 1 -0
    outer loop
      vertex 126.9 117.7 32
      vertex 123.9 117.7 53.9
      vertex 126.9 117.7 53.9
    endloop
  endfacet
  facet normal 0 1 0
    outer loop
      vertex 123.9 117.7 53.9
      vertex 126.9 117.7 32
      vertex 123.9 117.7 32
    endloop
  endfacet
  facet normal 0 1 -0
    outer loop
      vertex 147.8 117.7 32
      vertex 144.8 117.7 53.9
      vertex 147.8 117.7 53.9
    endloop
  endfacet
  facet normal 0 1 0
    outer loop
      vertex 144.8 117.7 53.9
      vertex 147.8 117.7 32
      vertex 144.8 117.7 32
    endloop
  endfacet
  facet normal 0 1 0
    outer loop
      vertex 147.8 117.7 53.9
      vertex 169.7 117.7 63.4
      vertex 169.7 117.7 53.9
    endloop
  endfacet
  facet normal 0 1 0
    outer loop
      vertex 144.8 117.7 53.9
      vertex 169.7 117.7 63.4
      vertex 147.8 117.7 53.9
    endloop
  endfacet
  facet normal 0 1 0
    outer loop
      vertex 126.9 117.7 53.9
      vertex 169.7 117.7 63.4
      vertex 144.8 117.7 53.9
    endloop
  endfacet
  facet normal 0 1 0
    outer loop
      vertex 123.9 117.7 53.9
      vertex 169.7 117.7 63.4
      vertex 126.9 117.7 53.9
    endloop
  endfacet
  facet normal 0 1 0
    outer loop
      vertex 106 117.7 53.9
      vertex 169.7 117.7 63.4
      vertex 123.9 117.7 53.9
    endloop
  endfacet
  facet normal 0 1 0
    outer loop
      vertex 103 117.7 53.9
      vertex 169.7 117.7 63.4
      vertex 106 117.7 53.9
    endloop
  endfacet
  facet normal 0 1 0
    outer loop
      vertex 85.1 117.7 53.9
      vertex 169.7 117.7 63.4
      vertex 103 117.7 53.9
    endloop
  endfacet
  facet normal 0 1 0
    outer loop
      vertex 169.7 117.7 63.4
      vertex 85.1 117.7 53.9
      vertex -2.5 117.7 63.4
    endloop
  endfacet
  facet normal 0 1 -0
    outer loop
      vertex 82.1 117.7 53.9
      vertex -2.5 117.7 63.4
      vertex 85.1 117.7 53.9
    endloop
  endfacet
  facet normal 0 1 -0
    outer loop
      vertex 64.2 117.7 53.9
      vertex -2.5 117.7 63.4
      vertex 82.1 117.7 53.9
    endloop
  endfacet
  facet normal 0 1 -0
    outer loop
      vertex 61.2 117.7 53.9
      vertex -2.5 117.7 63.4
      vertex 64.2 117.7 53.9
    endloop
  endfacet
  facet normal 0 1 -0
    outer loop
      vertex 43.3 117.7 53.9
      vertex -2.5 117.7 63.4
      vertex 61.2 117.7 53.9
    endloop
  endfacet
  facet normal 0 1 -0
    outer loop
      vertex 40.3 117.7 53.9
      vertex -2.5 117.7 63.4
      vertex 43.3 117.7 53.9
    endloop
  endfacet
  facet normal 0 1 -0
    outer loop
      vertex 22.4 117.7 53.9
      vertex -2.5 117.7 63.4
      vertex 40.3 117.7 53.9
    endloop
  endfacet
  facet normal 0 1 -0
    outer loop
      vertex 19.4 117.7 53.9
      vertex -2.5 117.7 63.4
      vertex 22.4 117.7 53.9
    endloop
  endfacet
  facet normal 0 1 0
    outer loop
      vertex -2.5 117.7 63.4
      vertex 19.4 117.7 53.9
      vertex -2.5 117.7 53.9
    endloop
  endfacet
  facet normal 0 0.707107 -0.707107
    outer loop
      vertex 167.2 115.2 51.4
      vertex 147.8 117.7 53.9
      vertex 169.7 117.7 53.9
    endloop
  endfacet
  facet normal 0 0.707107 -0.707107
    outer loop
      vertex 147.8 117.7 53.9
      vertex 167.2 115.2 51.4
      vertex 147.8 115.2 51.4
    endloop
  endfacet
  facet normal 0 0.707107 -0.707107
    outer loop
      vertex 0 115.2 51.4
      vertex 19.4 117.7 53.9
      vertex 19.4 115.2 51.4
    endloop
  endfacet
  facet normal 0 0.707107 -0.707107
    outer loop
      vertex 19.4 117.7 53.9
      vertex 0 115.2 51.4
      vertex -2.5 117.7 53.9
    endloop
  endfacet
  facet normal 0 0.707107 -0.707107
    outer loop
      vertex 40.3 115.2 51.4
      vertex 22.4 117.7 53.9
      vertex 40.3 117.7 53.9
    endloop
  endfacet
  facet normal 0 0.707107 -0.707107
    outer loop
      vertex 22.4 117.7 53.9
      vertex 40.3 115.2 51.4
      vertex 22.4 115.2 51.4
    endloop
  endfacet
  facet normal 0 0.707107 -0.707107
    outer loop
      vertex 61.2 115.2 51.4
      vertex 43.3 117.7 53.9
      vertex 61.2 117.7 53.9
    endloop
  endfacet
  facet normal 0 0.707107 -0.707107
    outer loop
      vertex 43.3 117.7 53.9
      vertex 61.2 115.2 51.4
      vertex 43.3 115.2 51.4
    endloop
  endfacet
  facet normal 0 0.707107 -0.707107
    outer loop
      vertex 82.1 115.2 51.4
      vertex 64.2 117.7 53.9
      vertex 82.1 117.7 53.9
    endloop
  endfacet
  facet normal 0 0.707107 -0.707107
    outer loop
      vertex 64.2 117.7 53.9
      vertex 82.1 115.2 51.4
      vertex 64.2 115.2 51.4
    endloop
  endfacet
  facet normal 0 0.707107 -0.707107
    outer loop
      vertex 103 115.2 51.4
      vertex 85.1 117.7 53.9
      vertex 103 117.7 53.9
    endloop
  endfacet
  facet normal 0 0.707107 -0.707107
    outer loop
      vertex 85.1 117.7 53.9
      vertex 103 115.2 51.4
      vertex 85.1 115.2 51.4
    endloop
  endfacet
  facet normal 0 0.707107 -0.707107
    outer loop
      vertex 123.9 115.2 51.4
      vertex 106 117.7 53.9
      vertex 123.9 117.7 53.9
    endloop
  endfacet
  facet normal 0 0.707107 -0.707107
    outer loop
      vertex 106 117.7 53.9
      vertex 123.9 115.2 51.4
      vertex 106 115.2 51.4
    endloop
  endfacet
  facet normal 0 0.707107 -0.707107
    outer loop
      vertex 144.8 115.2 51.4
      vertex 126.9 117.7 53.9
      vertex 144.8 117.7 53.9
    endloop
  endfacet
  facet normal 0 0.707107 -0.707107
    outer loop
      vertex 126.9 117.7 53.9
      vertex 144.8 115.2 51.4
      vertex 126.9 115.2 51.4
    endloop
  endfacet
  facet normal 0 -0.95448 0.298275
    outer loop
      vertex 82.1 -2.5 0.00999928
      vertex 0 0 8.01
      vertex -2.5 -2.5 0.00999928
    endloop
  endfacet
  facet normal 0 -0.95448 0.298275
    outer loop
      vertex 0 0 8.01
      vertex 82.1 -2.5 0.00999928
      vertex 82.1 0 8.01
    endloop
  endfacet
  facet normal 0 -0.95448 0.298275
    outer loop
      vertex 147.8 -2.5 0.00999928
      vertex 167.2 0 8.01
      vertex 147.8 0 8.01
    endloop
  endfacet
  facet normal 0 -0.95448 0.298275
    outer loop
      vertex 167.2 0 8.01
      vertex 147.8 -2.5 0.00999928
      vertex 169.7 -2.5 0.00999928
    endloop
  endfacet
  facet normal 0 -0.95448 0.298275
    outer loop
      vertex 85.1 -2.5 0.00999928
      vertex 103 0 8.01
      vertex 85.1 0 8.01
    endloop
  endfacet
  facet normal 0 -0.95448 0.298275
    outer loop
      vertex 103 0 8.01
      vertex 85.1 -2.5 0.00999928
      vertex 103 -2.5 0.00999928
    endloop
  endfacet
  facet normal 0 -0.95448 0.298275
    outer loop
      vertex 106 -2.5 0.00999928
      vertex 123.9 0 8.01
      vertex 106 0 8.01
    endloop
  endfacet
  facet normal 0 -0.95448 0.298275
    outer loop
      vertex 123.9 0 8.01
      vertex 106 -2.5 0.00999928
      vertex 123.9 -2.5 0.00999928
    endloop
  endfacet
  facet normal 0 -0.95448 0.298275
    outer loop
      vertex 126.9 -2.5 0.00999928
      vertex 144.8 0 8.01
      vertex 126.9 0 8.01
    endloop
  endfacet
  facet normal 0 -0.95448 0.298275
    outer loop
      vertex 144.8 0 8.01
      vertex 126.9 -2.5 0.00999928
      vertex 144.8 -2.5 0.00999928
    endloop
  endfacet
  facet normal -0.95448 3.5244e-10 0.298275
    outer loop
      vertex -2.5 117.7 0.00999928
      vertex -0.346875 31 6.9
      vertex 0 115.2 8.01
    endloop
  endfacet
  facet normal -0.95448 0 0.298275
    outer loop
      vertex -2.5 -2.5 0.00999928
      vertex -0.346875 31 6.9
      vertex -2.5 117.7 0.00999928
    endloop
  endfacet
  facet normal -0.95448 0 0.298275
    outer loop
      vertex -0.346875 19 6.9
      vertex 0 0 8.01
      vertex 0 19 8.01
    endloop
  endfacet
  facet normal -0.95448 0 0.298275
    outer loop
      vertex -0.346875 31 6.9
      vertex -2.5 -2.5 0.00999928
      vertex -0.346875 19 6.9
    endloop
  endfacet
  facet normal -0.95448 -1.54018e-09 0.298275
    outer loop
      vertex -0.346875 19 6.9
      vertex -2.5 -2.5 0.00999928
      vertex 0 0 8.01
    endloop
  endfacet
  facet normal -0.95448 0 0.298275
    outer loop
      vertex 0 115.2 8.01
      vertex -0.346875 31 6.9
      vertex 0 31 8.01
    endloop
  endfacet
  facet normal 0.95448 -0 0.298275
    outer loop
      vertex 167.2 0 8.01
      vertex 169.7 17.7 0.00999928
      vertex 167.2 17.7 8.01
    endloop
  endfacet
  facet normal 0.95448 0 0.298275
    outer loop
      vertex 169.7 17.7 0.00999928
      vertex 167.2 0 8.01
      vertex 169.7 -2.5 0.00999928
    endloop
  endfacet
  facet normal 0.95448 0 0.298275
    outer loop
      vertex 169.7 97.5 0.00999928
      vertex 167.2 115.2 8.01
      vertex 167.2 97.5 8.01
    endloop
  endfacet
  facet normal 0.95448 0 0.298275
    outer loop
      vertex 167.2 115.2 8.01
      vertex 169.7 97.5 0.00999928
      vertex 169.7 117.7 0.00999928
    endloop
  endfacet
  facet normal 0.95448 -0 0.298275
    outer loop
      vertex 167.2 20.7 8.01
      vertex 169.7 94.5 0.00999928
      vertex 167.2 94.5 8.01
    endloop
  endfacet
  facet normal 0.95448 0 0.298275
    outer loop
      vertex 169.7 94.5 0.00999928
      vertex 167.2 20.7 8.01
      vertex 169.7 20.7 0.00999928
    endloop
  endfacet
  facet normal -1 0 0
    outer loop
      vertex -2.5 -2.5 0
      vertex -2.5 117.7 0.00999928
      vertex -2.5 117.7 0
    endloop
  endfacet
  facet normal -1 -0 0
    outer loop
      vertex -2.5 117.7 0.00999928
      vertex -2.5 -2.5 0
      vertex -2.5 -2.5 0.00999928
    endloop
  endfacet
  facet normal 0 0.95448 0.298275
    outer loop
      vertex 19.4 117.7 0.00999928
      vertex 0 115.2 8.01
      vertex 19.4 115.2 8.01
    endloop
  endfacet
  facet normal 0 0.95448 0.298275
    outer loop
      vertex 0 115.2 8.01
      vertex 19.4 117.7 0.00999928
      vertex -2.5 117.7 0.00999928
    endloop
  endfacet
  facet normal -0 0.95448 0.298275
    outer loop
      vertex 147.8 117.7 0.00999928
      vertex 167.2 115.2 8.01
      vertex 169.7 117.7 0.00999928
    endloop
  endfacet
  facet normal 0 0.95448 0.298275
    outer loop
      vertex 167.2 115.2 8.01
      vertex 147.8 117.7 0.00999928
      vertex 147.8 115.2 8.01
    endloop
  endfacet
  facet normal 0 0.95448 0.298275
    outer loop
      vertex 40.3 117.7 0.00999928
      vertex 22.4 115.2 8.01
      vertex 40.3 115.2 8.01
    endloop
  endfacet
  facet normal 0 0.95448 0.298275
    outer loop
      vertex 22.4 115.2 8.01
      vertex 40.3 117.7 0.00999928
      vertex 22.4 117.7 0.00999928
    endloop
  endfacet
  facet normal 0 0.95448 0.298275
    outer loop
      vertex 61.2 117.7 0.00999928
      vertex 43.3 115.2 8.01
      vertex 61.2 115.2 8.01
    endloop
  endfacet
  facet normal 0 0.95448 0.298275
    outer loop
      vertex 43.3 115.2 8.01
      vertex 61.2 117.7 0.00999928
      vertex 43.3 117.7 0.00999928
    endloop
  endfacet
  facet normal 0 0.95448 0.298275
    outer loop
      vertex 82.1 117.7 0.00999928
      vertex 64.2 115.2 8.01
      vertex 82.1 115.2 8.01
    endloop
  endfacet
  facet normal 0 0.95448 0.298275
    outer loop
      vertex 64.2 115.2 8.01
      vertex 82.1 117.7 0.00999928
      vertex 64.2 117.7 0.00999928
    endloop
  endfacet
  facet normal 0 0.95448 0.298275
    outer loop
      vertex 103 117.7 0.00999928
      vertex 85.1 115.2 8.01
      vertex 103 115.2 8.01
    endloop
  endfacet
  facet normal 0 0.95448 0.298275
    outer loop
      vertex 85.1 115.2 8.01
      vertex 103 117.7 0.00999928
      vertex 85.1 117.7 0.00999928
    endloop
  endfacet
  facet normal 0 0.95448 0.298275
    outer loop
      vertex 123.9 117.7 0.00999928
      vertex 106 115.2 8.01
      vertex 123.9 115.2 8.01
    endloop
  endfacet
  facet normal 0 0.95448 0.298275
    outer loop
      vertex 106 115.2 8.01
      vertex 123.9 117.7 0.00999928
      vertex 106 117.7 0.00999928
    endloop
  endfacet
  facet normal 0 0.95448 0.298275
    outer loop
      vertex 144.8 117.7 0.00999928
      vertex 126.9 115.2 8.01
      vertex 144.8 115.2 8.01
    endloop
  endfacet
  facet normal 0 0.95448 0.298275
    outer loop
      vertex 126.9 115.2 8.01
      vertex 144.8 117.7 0.00999928
      vertex 126.9 117.7 0.00999928
    endloop
  endfacet
  facet normal 0.707107 0.707107 0
    outer loop
      vertex 7.6 2.4 51.4
      vertex 2.4 7.6 7.4
      vertex 2.4 7.6 51.4
    endloop
  endfacet
  facet normal 0.707107 0.707107 0
    outer loop
      vertex 2.4 7.6 7.4
      vertex 7.6 2.4 51.4
      vertex 7.6 2.4 7.4
    endloop
  endfacet
  facet normal 0 0 1
    outer loop
      vertex 2.4 7.6 51.4
      vertex 2.4 2.4 51.4
      vertex 7.6 2.4 51.4
    endloop
  endfacet
  facet normal 0.707107 -0.707107 0
    outer loop
      vertex 2.4 107.6 51.4
      vertex 7.6 112.8 7.4
      vertex 7.6 112.8 51.4
    endloop
  endfacet
  facet normal 0.707107 -0.707107 0
    outer loop
      vertex 7.6 112.8 7.4
      vertex 2.4 107.6 51.4
      vertex 2.4 107.6 7.4
    endloop
  endfacet
  facet normal -0 0 1
    outer loop
      vertex 2.4 112.8 51.4
      vertex 2.4 107.6 51.4
      vertex 7.6 112.8 51.4
    endloop
  endfacet
  facet normal 0 0 1
    outer loop
      vertex 164.8 7.6 51.4
      vertex 159.6 2.4 51.4
      vertex 164.8 2.4 51.4
    endloop
  endfacet
  facet normal -0.707107 0.707107 0
    outer loop
      vertex 159.6 2.4 7.4
      vertex 164.8 7.6 51.4
      vertex 164.8 7.6 7.4
    endloop
  endfacet
  facet normal -0.707107 0.707107 0
    outer loop
      vertex 164.8 7.6 51.4
      vertex 159.6 2.4 7.4
      vertex 159.6 2.4 51.4
    endloop
  endfacet
  facet normal -0.707107 -0.707107 0
    outer loop
      vertex 164.8 107.6 7.4
      vertex 159.6 112.8 51.4
      vertex 159.6 112.8 7.4
    endloop
  endfacet
  facet normal -0.707107 -0.707107 0
    outer loop
      vertex 159.6 112.8 51.4
      vertex 164.8 107.6 7.4
      vertex 164.8 107.6 51.4
    endloop
  endfacet
  facet normal 0 0 1
    outer loop
      vertex 164.8 112.8 51.4
      vertex 159.6 112.8 51.4
      vertex 164.8 107.6 51.4
    endloop
  endfacet
  facet normal -1 0 0
    outer loop
      vertex 82.1 -2.5 28
      vertex 82.1 0 8.01
      vertex 82.1 -2.5 0.00999928
    endloop
  endfacet
  facet normal -1 0 0
    outer loop
      vertex 82.1 0 8.01
      vertex 82.1 -2.5 28
      vertex 82.1 0 25.5
    endloop
  endfacet
  facet normal -1 0 0
    outer loop
      vertex 82.1 -2.5 32
      vertex 82.1 0 51.4
      vertex 82.1 0 32
    endloop
  endfacet
  facet normal -1 -0 0
    outer loop
      vertex 82.1 0 51.4
      vertex 82.1 -2.5 32
      vertex 82.1 -2.5 53.9
    endloop
  endfacet
  facet normal 1 0 0
    outer loop
      vertex 85.1 -2.5 28
      vertex 85.1 0 8.01
      vertex 85.1 0 25.5
    endloop
  endfacet
  facet normal 1 0 0
    outer loop
      vertex 85.1 0 8.01
      vertex 85.1 -2.5 28
      vertex 85.1 -2.5 0.00999928
    endloop
  endfacet
  facet normal 1 0 0
    outer loop
      vertex 85.1 -2.5 32
      vertex 85.1 0 51.4
      vertex 85.1 -2.5 53.9
    endloop
  endfacet
  facet normal 1 0 0
    outer loop
      vertex 85.1 0 51.4
      vertex 85.1 -2.5 32
      vertex 85.1 0 32
    endloop
  endfacet
  facet normal -1 0 0
    outer loop
      vertex 103 -2.5 28
      vertex 103 0 8.01
      vertex 103 -2.5 0.00999928
    endloop
  endfacet
  facet normal -1 0 0
    outer loop
      vertex 103 0 8.01
      vertex 103 -2.5 28
      vertex 103 0 25.5
    endloop
  endfacet
  facet normal -1 0 0
    outer loop
      vertex 103 -2.5 32
      vertex 103 0 51.4
      vertex 103 0 32
    endloop
  endfacet
  facet normal -1 -0 0
    outer loop
      vertex 103 0 51.4
      vertex 103 -2.5 32
      vertex 103 -2.5 53.9
    endloop
  endfacet
  facet normal 1 0 0
    outer loop
      vertex 106 -2.5 28
      vertex 106 0 8.01
      vertex 106 0 25.5
    endloop
  endfacet
  facet normal 1 0 0
    outer loop
      vertex 106 0 8.01
      vertex 106 -2.5 28
      vertex 106 -2.5 0.00999928
    endloop
  endfacet
  facet normal 1 0 0
    outer loop
      vertex 106 -2.5 32
      vertex 106 0 51.4
      vertex 106 -2.5 53.9
    endloop
  endfacet
  facet normal 1 0 0
    outer loop
      vertex 106 0 51.4
      vertex 106 -2.5 32
      vertex 106 0 32
    endloop
  endfacet
  facet normal -1 0 0
    outer loop
      vertex 123.9 -2.5 28
      vertex 123.9 0 8.01
      vertex 123.9 -2.5 0.00999928
    endloop
  endfacet
  facet normal -1 0 0
    outer loop
      vertex 123.9 0 8.01
      vertex 123.9 -2.5 28
      vertex 123.9 0 25.5
    endloop
  endfacet
  facet normal -1 0 0
    outer loop
      vertex 123.9 -2.5 32
      vertex 123.9 0 51.4
      vertex 123.9 0 32
    endloop
  endfacet
  facet normal -1 -0 0
    outer loop
      vertex 123.9 0 51.4
      vertex 123.9 -2.5 32
      vertex 123.9 -2.5 53.9
    endloop
  endfacet
  facet normal 1 0 0
    outer loop
      vertex 126.9 -2.5 28
      vertex 126.9 0 8.01
      vertex 126.9 0 25.5
    endloop
  endfacet
  facet normal 1 0 0
    outer loop
      vertex 126.9 0 8.01
      vertex 126.9 -2.5 28
      vertex 126.9 -2.5 0.00999928
    endloop
  endfacet
  facet normal 1 0 0
    outer loop
      vertex 126.9 -2.5 32
      vertex 126.9 0 51.4
      vertex 126.9 -2.5 53.9
    endloop
  endfacet
  facet normal 1 0 0
    outer loop
      vertex 126.9 0 51.4
      vertex 126.9 -2.5 32
      vertex 126.9 0 32
    endloop
  endfacet
  facet normal -1 0 0
    outer loop
      vertex 144.8 -2.5 28
      vertex 144.8 0 8.01
      vertex 144.8 -2.5 0.00999928
    endloop
  endfacet
  facet normal -1 0 0
    outer loop
      vertex 144.8 0 8.01
      vertex 144.8 -2.5 28
      vertex 144.8 0 25.5
    endloop
  endfacet
  facet normal -1 0 0
    outer loop
      vertex 144.8 -2.5 32
      vertex 144.8 0 51.4
      vertex 144.8 0 32
    endloop
  endfacet
  facet normal -1 -0 0
    outer loop
      vertex 144.8 0 51.4
      vertex 144.8 -2.5 32
      vertex 144.8 -2.5 53.9
    endloop
  endfacet
  facet normal 1 0 0
    outer loop
      vertex 147.8 -2.5 28
      vertex 147.8 0 8.01
      vertex 147.8 0 25.5
    endloop
  endfacet
  facet normal 1 0 0
    outer loop
      vertex 147.8 0 8.01
      vertex 147.8 -2.5 28
      vertex 147.8 -2.5 0.00999928
    endloop
  endfacet
  facet normal 1 0 0
    outer loop
      vertex 147.8 -2.5 32
      vertex 147.8 0 51.4
      vertex 147.8 -2.5 53.9
    endloop
  endfacet
  facet normal 1 0 0
    outer loop
      vertex 147.8 0 51.4
      vertex 147.8 -2.5 32
      vertex 147.8 0 32
    endloop
  endfacet
  facet normal -1 0 0
    outer loop
      vertex 19.4 115.2 8.01
      vertex 19.4 117.7 28
      vertex 19.4 117.7 0.00999928
    endloop
  endfacet
  facet normal -1 0 0
    outer loop
      vertex 19.4 117.7 28
      vertex 19.4 115.2 8.01
      vertex 19.4 115.2 25.5
    endloop
  endfacet
  facet normal -1 0 0
    outer loop
      vertex 19.4 115.2 51.4
      vertex 19.4 117.7 32
      vertex 19.4 115.2 32
    endloop
  endfacet
  facet normal -1 0 0
    outer loop
      vertex 19.4 117.7 32
      vertex 19.4 115.2 51.4
      vertex 19.4 117.7 53.9
    endloop
  endfacet
  facet normal 1 0 0
    outer loop
      vertex 22.4 115.2 8.01
      vertex 22.4 117.7 28
      vertex 22.4 115.2 25.5
    endloop
  endfacet
  facet normal 1 0 0
    outer loop
      vertex 22.4 117.7 28
      vertex 22.4 115.2 8.01
      vertex 22.4 117.7 0.00999928
    endloop
  endfacet
  facet normal 1 -0 0
    outer loop
      vertex 22.4 115.2 51.4
      vertex 22.4 117.7 32
      vertex 22.4 117.7 53.9
    endloop
  endfacet
  facet normal 1 0 0
    outer loop
      vertex 22.4 117.7 32
      vertex 22.4 115.2 51.4
      vertex 22.4 115.2 32
    endloop
  endfacet
  facet normal -1 0 0
    outer loop
      vertex 40.3 115.2 8.01
      vertex 40.3 117.7 28
      vertex 40.3 117.7 0.00999928
    endloop
  endfacet
  facet normal -1 0 0
    outer loop
      vertex 40.3 117.7 28
      vertex 40.3 115.2 8.01
      vertex 40.3 115.2 25.5
    endloop
  endfacet
  facet normal -1 0 0
    outer loop
      vertex 40.3 115.2 51.4
      vertex 40.3 117.7 32
      vertex 40.3 115.2 32
    endloop
  endfacet
  facet normal -1 0 0
    outer loop
      vertex 40.3 117.7 32
      vertex 40.3 115.2 51.4
      vertex 40.3 117.7 53.9
    endloop
  endfacet
  facet normal 1 0 0
    outer loop
      vertex 43.3 115.2 8.01
      vertex 43.3 117.7 28
      vertex 43.3 115.2 25.5
    endloop
  endfacet
  facet normal 1 0 0
    outer loop
      vertex 43.3 117.7 28
      vertex 43.3 115.2 8.01
      vertex 43.3 117.7 0.00999928
    endloop
  endfacet
  facet normal 1 -0 0
    outer loop
      vertex 43.3 115.2 51.4
      vertex 43.3 117.7 32
      vertex 43.3 117.7 53.9
    endloop
  endfacet
  facet normal 1 0 0
    outer loop
      vertex 43.3 117.7 32
      vertex 43.3 115.2 51.4
      vertex 43.3 115.2 32
    endloop
  endfacet
  facet normal -1 0 0
    outer loop
      vertex 61.2 115.2 8.01
      vertex 61.2 117.7 28
      vertex 61.2 117.7 0.00999928
    endloop
  endfacet
  facet normal -1 0 0
    outer loop
      vertex 61.2 117.7 28
      vertex 61.2 115.2 8.01
      vertex 61.2 115.2 25.5
    endloop
  endfacet
  facet normal -1 0 0
    outer loop
      vertex 61.2 115.2 51.4
      vertex 61.2 117.7 32
      vertex 61.2 115.2 32
    endloop
  endfacet
  facet normal -1 0 0
    outer loop
      vertex 61.2 117.7 32
      vertex 61.2 115.2 51.4
      vertex 61.2 117.7 53.9
    endloop
  endfacet
  facet normal 1 0 0
    outer loop
      vertex 64.2 115.2 8.01
      vertex 64.2 117.7 28
      vertex 64.2 115.2 25.5
    endloop
  endfacet
  facet normal 1 0 0
    outer loop
      vertex 64.2 117.7 28
      vertex 64.2 115.2 8.01
      vertex 64.2 117.7 0.00999928
    endloop
  endfacet
  facet normal 1 -0 0
    outer loop
      vertex 64.2 115.2 51.4
      vertex 64.2 117.7 32
      vertex 64.2 117.7 53.9
    endloop
  endfacet
  facet normal 1 0 0
    outer loop
      vertex 64.2 117.7 32
      vertex 64.2 115.2 51.4
      vertex 64.2 115.2 32
    endloop
  endfacet
  facet normal -1 0 0
    outer loop
      vertex 82.1 115.2 8.01
      vertex 82.1 117.7 28
      vertex 82.1 117.7 0.00999928
    endloop
  endfacet
  facet normal -1 0 0
    outer loop
      vertex 82.1 117.7 28
      vertex 82.1 115.2 8.01
      vertex 82.1 115.2 25.5
    endloop
  endfacet
  facet normal -1 0 0
    outer loop
      vertex 82.1 115.2 51.4
      vertex 82.1 117.7 32
      vertex 82.1 115.2 32
    endloop
  endfacet
  facet normal -1 0 0
    outer loop
      vertex 82.1 117.7 32
      vertex 82.1 115.2 51.4
      vertex 82.1 117.7 53.9
    endloop
  endfacet
  facet normal 1 0 0
    outer loop
      vertex 85.1 115.2 8.01
      vertex 85.1 117.7 28
      vertex 85.1 115.2 25.5
    endloop
  endfacet
  facet normal 1 0 0
    outer loop
      vertex 85.1 117.7 28
      vertex 85.1 115.2 8.01
      vertex 85.1 117.7 0.00999928
    endloop
  endfacet
  facet normal 1 -0 0
    outer loop
      vertex 85.1 115.2 51.4
      vertex 85.1 117.7 32
      vertex 85.1 117.7 53.9
    endloop
  endfacet
  facet normal 1 0 0
    outer loop
      vertex 85.1 117.7 32
      vertex 85.1 115.2 51.4
      vertex 85.1 115.2 32
    endloop
  endfacet
  facet normal -1 0 0
    outer loop
      vertex 103 115.2 8.01
      vertex 103 117.7 28
      vertex 103 117.7 0.00999928
    endloop
  endfacet
  facet normal -1 0 0
    outer loop
      vertex 103 117.7 28
      vertex 103 115.2 8.01
      vertex 103 115.2 25.5
    endloop
  endfacet
  facet normal -1 0 0
    outer loop
      vertex 103 115.2 51.4
      vertex 103 117.7 32
      vertex 103 115.2 32
    endloop
  endfacet
  facet normal -1 0 0
    outer loop
      vertex 103 117.7 32
      vertex 103 115.2 51.4
      vertex 103 117.7 53.9
    endloop
  endfacet
  facet normal 1 0 0
    outer loop
      vertex 106 115.2 8.01
      vertex 106 117.7 28
      vertex 106 115.2 25.5
    endloop
  endfacet
  facet normal 1 0 0
    outer loop
      vertex 106 117.7 28
      vertex 106 115.2 8.01
      vertex 106 117.7 0.00999928
    endloop
  endfacet
  facet normal 1 -0 0
    outer loop
      vertex 106 115.2 51.4
      vertex 106 117.7 32
      vertex 106 117.7 53.9
    endloop
  endfacet
  facet normal 1 0 0
    outer loop
      vertex 106 117.7 32
      vertex 106 115.2 51.4
      vertex 106 115.2 32
    endloop
  endfacet
  facet normal -1 0 0
    outer loop
      vertex 123.9 115.2 8.01
      vertex 123.9 117.7 28
      vertex 123.9 117.7 0.00999928
    endloop
  endfacet
  facet normal -1 0 0
    outer loop
      vertex 123.9 117.7 28
      vertex 123.9 115.2 8.01
      vertex 123.9 115.2 25.5
    endloop
  endfacet
  facet normal -1 0 0
    outer loop
      vertex 123.9 115.2 51.4
      vertex 123.9 117.7 32
      vertex 123.9 115.2 32
    endloop
  endfacet
  facet normal -1 0 0
    outer loop
      vertex 123.9 117.7 32
      vertex 123.9 115.2 51.4
      vertex 123.9 117.7 53.9
    endloop
  endfacet
  facet normal 1 0 0
    outer loop
      vertex 126.9 115.2 8.01
      vertex 126.9 117.7 28
      vertex 126.9 115.2 25.5
    endloop
  endfacet
  facet normal 1 0 0
    outer loop
      vertex 126.9 117.7 28
      vertex 126.9 115.2 8.01
      vertex 126.9 117.7 0.00999928
    endloop
  endfacet
  facet normal 1 -0 0
    outer loop
      vertex 126.9 115.2 51.4
      vertex 126.9 117.7 32
      vertex 126.9 117.7 53.9
    endloop
  endfacet
  facet normal 1 0 0
    outer loop
      vertex 126.9 117.7 32
      vertex 126.9 115.2 51.4
      vertex 126.9 115.2 32
    endloop
  endfacet
  facet normal -1 0 0
    outer loop
      vertex 144.8 115.2 8.01
      vertex 144.8 117.7 28
      vertex 144.8 117.7 0.00999928
    endloop
  endfacet
  facet normal -1 0 0
    outer loop
      vertex 144.8 117.7 28
      vertex 144.8 115.2 8.01
      vertex 144.8 115.2 25.5
    endloop
  endfacet
  facet normal -1 0 0
    outer loop
      vertex 144.8 115.2 51.4
      vertex 144.8 117.7 32
      vertex 144.8 115.2 32
    endloop
  endfacet
  facet normal -1 0 0
    outer loop
      vertex 144.8 117.7 32
      vertex 144.8 115.2 51.4
      vertex 144.8 117.7 53.9
    endloop
  endfacet
  facet normal 1 0 0
    outer loop
      vertex 147.8 115.2 8.01
      vertex 147.8 117.7 28
      vertex 147.8 115.2 25.5
    endloop
  endfacet
  facet normal 1 0 0
    outer loop
      vertex 147.8 117.7 28
      vertex 147.8 115.2 8.01
      vertex 147.8 117.7 0.00999928
    endloop
  endfacet
  facet normal 1 -0 0
    outer loop
      vertex 147.8 115.2 51.4
      vertex 147.8 117.7 32
      vertex 147.8 117.7 53.9
    endloop
  endfacet
  facet normal 1 0 0
    outer loop
      vertex 147.8 117.7 32
      vertex 147.8 115.2 51.4
      vertex 147.8 115.2 32
    endloop
  endfacet
  facet normal 0 1 -0
    outer loop
      vertex 169.7 20.7 32
      vertex 167.2 20.7 51.4
      vertex 169.7 20.7 53.9
    endloop
  endfacet
  facet normal 0 1 0
    outer loop
      vertex 167.2 20.7 51.4
      vertex 169.7 20.7 32
      vertex 167.2 20.7 32
    endloop
  endfacet
  facet normal 0 1 0
    outer loop
      vertex 169.7 20.7 28
      vertex 167.2 20.7 8.01
      vertex 167.2 20.7 25.5
    endloop
  endfacet
  facet normal -0 1 0
    outer loop
      vertex 167.2 20.7 8.01
      vertex 169.7 20.7 28
      vertex 169.7 20.7 0.00999928
    endloop
  endfacet
  facet normal 0 -1 0
    outer loop
      vertex 169.7 17.7 32
      vertex 167.2 17.7 51.4
      vertex 167.2 17.7 32
    endloop
  endfacet
  facet normal 0 -1 0
    outer loop
      vertex 167.2 17.7 51.4
      vertex 169.7 17.7 32
      vertex 169.7 17.7 53.9
    endloop
  endfacet
  facet normal 0 -1 0
    outer loop
      vertex 167.2 17.7 8.01
      vertex 169.7 17.7 28
      vertex 167.2 17.7 25.5
    endloop
  endfacet
  facet normal 0 -1 -0
    outer loop
      vertex 169.7 17.7 28
      vertex 167.2 17.7 8.01
      vertex 169.7 17.7 0.00999928
    endloop
  endfacet
  facet normal 0 1 -0
    outer loop
      vertex 169.7 97.5 32
      vertex 167.2 97.5 51.4
      vertex 169.7 97.5 53.9
    endloop
  endfacet
  facet normal 0 1 0
    outer loop
      vertex 167.2 97.5 51.4
      vertex 169.7 97.5 32
      vertex 167.2 97.5 32
    endloop
  endfacet
  facet normal 0 1 0
    outer loop
      vertex 169.7 97.5 28
      vertex 167.2 97.5 8.01
      vertex 167.2 97.5 25.5
    endloop
  endfacet
  facet normal -0 1 0
    outer loop
      vertex 167.2 97.5 8.01
      vertex 169.7 97.5 28
      vertex 169.7 97.5 0.00999928
    endloop
  endfacet
  facet normal 0 -1 0
    outer loop
      vertex 169.7 94.5 32
      vertex 167.2 94.5 51.4
      vertex 167.2 94.5 32
    endloop
  endfacet
  facet normal 0 -1 0
    outer loop
      vertex 167.2 94.5 51.4
      vertex 169.7 94.5 32
      vertex 169.7 94.5 53.9
    endloop
  endfacet
  facet normal 0 -1 0
    outer loop
      vertex 167.2 94.5 8.01
      vertex 169.7 94.5 28
      vertex 167.2 94.5 25.5
    endloop
  endfacet
  facet normal 0 -1 -0
    outer loop
      vertex 169.7 94.5 28
      vertex 167.2 94.5 8.01
      vertex 169.7 94.5 0.00999928
    endloop
  endfacet
  facet normal -1 0 0
    outer loop
      vertex 19.4 -2.5 32
      vertex 19.4 0 51.4
      vertex 19.4 0 32
    endloop
  endfacet
  facet normal -1 -0 0
    outer loop
      vertex 19.4 0 51.4
      vertex 19.4 -2.5 32
      vertex 19.4 -2.5 53.9
    endloop
  endfacet
  facet normal 1 0 0
    outer loop
      vertex 22.4 -2.5 32
      vertex 22.4 0 51.4
      vertex 22.4 -2.5 53.9
    endloop
  endfacet
  facet normal 1 0 0
    outer loop
      vertex 22.4 0 51.4
      vertex 22.4 -2.5 32
      vertex 22.4 0 32
    endloop
  endfacet
  facet normal -0 0 1
    outer loop
      vertex 85.1 117.7 32
      vertex 103 115.2 32
      vertex 103 117.7 32
    endloop
  endfacet
  facet normal 0 0 1
    outer loop
      vertex 103 115.2 32
      vertex 85.1 117.7 32
      vertex 85.1 115.2 32
    endloop
  endfacet
  facet normal -0 0 1
    outer loop
      vertex 106 117.7 32
      vertex 123.9 115.2 32
      vertex 123.9 117.7 32
    endloop
  endfacet
  facet normal 0 0 1
    outer loop
      vertex 123.9 115.2 32
      vertex 106 117.7 32
      vertex 106 115.2 32
    endloop
  endfacet
  facet normal 0 0 1
    outer loop
      vertex 40.3 117.7 32
      vertex 36.8301 116.2 32
      vertex 40.3 115.2 32
    endloop
  endfacet
  facet normal 0 0 1
    outer loop
      vertex 40.3 117.7 32
      vertex 30.3699 116.2 32
      vertex 36.8301 116.2 32
    endloop
  endfacet
  facet normal -0 0 1
    outer loop
      vertex 22.4 117.7 32
      vertex 30.3699 116.2 32
      vertex 40.3 117.7 32
    endloop
  endfacet
  facet normal 0 0 1
    outer loop
      vertex 22.4 115.2 32
      vertex 30.3699 116.2 32
      vertex 22.4 117.7 32
    endloop
  endfacet
  facet normal 0 0 1
    outer loop
      vertex 30.3699 116.2 32
      vertex 22.4 115.2 32
      vertex 30.3699 115.2 32
    endloop
  endfacet
  facet normal 0 0 1
    outer loop
      vertex 40.3 115.2 32
      vertex 36.8301 116.2 32
      vertex 36.8301 115.2 32
    endloop
  endfacet
  facet normal -0 0 1
    outer loop
      vertex 43.3 117.7 32
      vertex 61.2 115.2 32
      vertex 61.2 117.7 32
    endloop
  endfacet
  facet normal 0 0 1
    outer loop
      vertex 61.2 115.2 32
      vertex 43.3 117.7 32
      vertex 43.3 115.2 32
    endloop
  endfacet
  facet normal 0 0 1
    outer loop
      vertex 0 17.7 32
      vertex -2.5 17.7 32
      vertex 0 0 32
    endloop
  endfacet
  facet normal -0 0 1
    outer loop
      vertex 0 0 32
      vertex 19.4 -2.5 32
      vertex 19.4 0 32
    endloop
  endfacet
  facet normal 0 0 1
    outer loop
      vertex 0 0 32
      vertex -2.5 -2.5 32
      vertex 19.4 -2.5 32
    endloop
  endfacet
  facet normal 0 0 1
    outer loop
      vertex -2.5 -2.5 32
      vertex 0 0 32
      vertex -2.5 17.7 32
    endloop
  endfacet
  facet normal -0 0 1
    outer loop
      vertex 22.4 0 32
      vertex 40.3 -2.5 32
      vertex 40.3 0 32
    endloop
  endfacet
  facet normal 0 0 1
    outer loop
      vertex 40.3 -2.5 32
      vertex 22.4 0 32
      vertex 22.4 -2.5 32
    endloop
  endfacet
  facet normal -0 0 1
    outer loop
      vertex 43.3 0 32
      vertex 61.2 -2.5 32
      vertex 61.2 0 32
    endloop
  endfacet
  facet normal 0 0 1
    outer loop
      vertex 61.2 -2.5 32
      vertex 43.3 0 32
      vertex 43.3 -2.5 32
    endloop
  endfacet
  facet normal -0 0 1
    outer loop
      vertex 64.2 0 32
      vertex 82.1 -2.5 32
      vertex 82.1 0 32
    endloop
  endfacet
  facet normal 0 0 1
    outer loop
      vertex 82.1 -2.5 32
      vertex 64.2 0 32
      vertex 64.2 -2.5 32
    endloop
  endfacet
  facet normal -0 0 1
    outer loop
      vertex 85.1 0 32
      vertex 103 -2.5 32
      vertex 103 0 32
    endloop
  endfacet
  facet normal 0 0 1
    outer loop
      vertex 103 -2.5 32
      vertex 85.1 0 32
      vertex 85.1 -2.5 32
    endloop
  endfacet
  facet normal -0 0 1
    outer loop
      vertex 126.9 117.7 32
      vertex 144.8 115.2 32
      vertex 144.8 117.7 32
    endloop
  endfacet
  facet normal 0 0 1
    outer loop
      vertex 144.8 115.2 32
      vertex 126.9 117.7 32
      vertex 126.9 115.2 32
    endloop
  endfacet
  facet normal 0 0 1
    outer loop
      vertex 169.7 117.7 32
      vertex 167.2 115.2 32
      vertex 169.7 97.5 32
    endloop
  endfacet
  facet normal -0 0 1
    outer loop
      vertex 147.8 117.7 32
      vertex 167.2 115.2 32
      vertex 169.7 117.7 32
    endloop
  endfacet
  facet normal 0 0 1
    outer loop
      vertex 167.2 115.2 32
      vertex 147.8 117.7 32
      vertex 147.8 115.2 32
    endloop
  endfacet
  facet normal 0 0 1
    outer loop
      vertex 169.7 97.5 32
      vertex 167.2 115.2 32
      vertex 167.2 97.5 32
    endloop
  endfacet
  facet normal -0 0 1
    outer loop
      vertex 126.9 0 32
      vertex 144.8 -2.5 32
      vertex 144.8 0 32
    endloop
  endfacet
  facet normal 0 0 1
    outer loop
      vertex 144.8 -2.5 32
      vertex 126.9 0 32
      vertex 126.9 -2.5 32
    endloop
  endfacet
  facet normal 0 0 1
    outer loop
      vertex 167.2 0 32
      vertex 169.7 17.7 32
      vertex 167.2 17.7 32
    endloop
  endfacet
  facet normal 0 0 1
    outer loop
      vertex 169.7 17.7 32
      vertex 167.2 0 32
      vertex 169.7 -2.5 32
    endloop
  endfacet
  facet normal 0 0 1
    outer loop
      vertex 147.8 -2.5 32
      vertex 167.2 0 32
      vertex 147.8 0 32
    endloop
  endfacet
  facet normal 0 0 1
    outer loop
      vertex 167.2 0 32
      vertex 147.8 -2.5 32
      vertex 169.7 -2.5 32
    endloop
  endfacet
  facet normal -0 0 1
    outer loop
      vertex 64.2 117.7 32
      vertex 82.1 115.2 32
      vertex 82.1 117.7 32
    endloop
  endfacet
  facet normal 0 0 1
    outer loop
      vertex 82.1 115.2 32
      vertex 64.2 117.7 32
      vertex 64.2 115.2 32
    endloop
  endfacet
  facet normal -0 0 1
    outer loop
      vertex 106 0 32
      vertex 123.9 -2.5 32
      vertex 123.9 0 32
    endloop
  endfacet
  facet normal 0 0 1
    outer loop
      vertex 123.9 -2.5 32
      vertex 106 0 32
      vertex 106 -2.5 32
    endloop
  endfacet
  facet normal 0 0 1
    outer loop
      vertex 19.4 117.7 32
      vertex 0 115.2 32
      vertex 19.4 115.2 32
    endloop
  endfacet
  facet normal -0 0 1
    outer loop
      vertex -2.5 117.7 32
      vertex 0 115.2 32
      vertex 19.4 117.7 32
    endloop
  endfacet
  facet normal 0 0 1
    outer loop
      vertex -2.5 97.5 32
      vertex 0 115.2 32
      vertex -2.5 117.7 32
    endloop
  endfacet
  facet normal 0 0 1
    outer loop
      vertex 0 115.2 32
      vertex -2.5 97.5 32
      vertex 0 97.5 32
    endloop
  endfacet
  facet normal -0 0 1
    outer loop
      vertex 167.2 36.9 32
      vertex 169.7 20.7 32
      vertex 169.7 36.9 32
    endloop
  endfacet
  facet normal 0 0 1
    outer loop
      vertex 169.7 20.7 32
      vertex 167.2 36.9 32
      vertex 167.2 20.7 32
    endloop
  endfacet
  facet normal -0 0 1
    outer loop
      vertex 167.2 94.5 32
      vertex 169.7 78.3 32
      vertex 169.7 94.5 32
    endloop
  endfacet
  facet normal 0 0 1
    outer loop
      vertex 169.7 78.3 32
      vertex 167.2 94.5 32
      vertex 167.2 78.3 32
    endloop
  endfacet
  facet normal -0 0 1
    outer loop
      vertex -2.5 56.1 32
      vertex 0 39.9 32
      vertex 0 56.1 32
    endloop
  endfacet
  facet normal 0 0 1
    outer loop
      vertex 0 39.9 32
      vertex -2.5 56.1 32
      vertex -2.5 39.9 32
    endloop
  endfacet
  facet normal -0 0 1
    outer loop
      vertex -2.5 75.3 32
      vertex 0 59.1 32
      vertex 0 75.3 32
    endloop
  endfacet
  facet normal 0 0 1
    outer loop
      vertex 0 59.1 32
      vertex -2.5 75.3 32
      vertex -2.5 59.1 32
    endloop
  endfacet
  facet normal -0 0 1
    outer loop
      vertex 167.2 56.1 32
      vertex 169.7 39.9 32
      vertex 169.7 56.1 32
    endloop
  endfacet
  facet normal 0 0 1
    outer loop
      vertex 169.7 39.9 32
      vertex 167.2 56.1 32
      vertex 167.2 39.9 32
    endloop
  endfacet
  facet normal -0 0 1
    outer loop
      vertex -2.5 36.9 32
      vertex 0 20.7 32
      vertex 0 36.9 32
    endloop
  endfacet
  facet normal 0 0 1
    outer loop
      vertex 0 20.7 32
      vertex -2.5 36.9 32
      vertex -2.5 20.7 32
    endloop
  endfacet
  facet normal -0 0 1
    outer loop
      vertex -2.5 94.5 32
      vertex 0 78.3 32
      vertex 0 94.5 32
    endloop
  endfacet
  facet normal 0 0 1
    outer loop
      vertex 0 78.3 32
      vertex -2.5 94.5 32
      vertex -2.5 78.3 32
    endloop
  endfacet
  facet normal -0 0 1
    outer loop
      vertex 167.2 75.3 32
      vertex 169.7 59.1 32
      vertex 169.7 75.3 32
    endloop
  endfacet
  facet normal 0 0 1
    outer loop
      vertex 169.7 59.1 32
      vertex 167.2 75.3 32
      vertex 167.2 59.1 32
    endloop
  endfacet
  facet normal -1 0 0
    outer loop
      vertex 40.3 -2.5 32
      vertex 40.3 0 51.4
      vertex 40.3 0 32
    endloop
  endfacet
  facet normal -1 -0 0
    outer loop
      vertex 40.3 0 51.4
      vertex 40.3 -2.5 32
      vertex 40.3 -2.5 53.9
    endloop
  endfacet
  facet normal 1 0 0
    outer loop
      vertex 43.3 -2.5 32
      vertex 43.3 0 51.4
      vertex 43.3 -2.5 53.9
    endloop
  endfacet
  facet normal 1 0 0
    outer loop
      vertex 43.3 0 51.4
      vertex 43.3 -2.5 32
      vertex 43.3 0 32
    endloop
  endfacet
  facet normal -1 0 0
    outer loop
      vertex 61.2 -2.5 32
      vertex 61.2 0 51.4
      vertex 61.2 0 32
    endloop
  endfacet
  facet normal -1 -0 0
    outer loop
      vertex 61.2 0 51.4
      vertex 61.2 -2.5 32
      vertex 61.2 -2.5 53.9
    endloop
  endfacet
  facet normal 1 0 0
    outer loop
      vertex 64.2 -2.5 32
      vertex 64.2 0 51.4
      vertex 64.2 -2.5 53.9
    endloop
  endfacet
  facet normal 1 0 0
    outer loop
      vertex 64.2 0 51.4
      vertex 64.2 -2.5 32
      vertex 64.2 0 32
    endloop
  endfacet
  facet normal 0 -1 0
    outer loop
      vertex -2.5 17.7 32
      vertex 0 17.7 51.4
      vertex -2.5 17.7 53.9
    endloop
  endfacet
  facet normal 0 -1 -0
    outer loop
      vertex 0 17.7 51.4
      vertex -2.5 17.7 32
      vertex 0 17.7 32
    endloop
  endfacet
  facet normal 0 1 0
    outer loop
      vertex -2.5 20.7 32
      vertex 0 20.7 51.4
      vertex 0 20.7 32
    endloop
  endfacet
  facet normal 0 1 0
    outer loop
      vertex 0 20.7 51.4
      vertex -2.5 20.7 32
      vertex -2.5 20.7 53.9
    endloop
  endfacet
  facet normal 0 -1 0
    outer loop
      vertex -2.5 36.9 32
      vertex 0 36.9 51.4
      vertex -2.5 36.9 53.9
    endloop
  endfacet
  facet normal 0 -1 -0
    outer loop
      vertex 0 36.9 51.4
      vertex -2.5 36.9 32
      vertex 0 36.9 32
    endloop
  endfacet
  facet normal 0 1 0
    outer loop
      vertex -2.5 39.9 32
      vertex 0 39.9 51.4
      vertex 0 39.9 32
    endloop
  endfacet
  facet normal 0 1 0
    outer loop
      vertex 0 39.9 51.4
      vertex -2.5 39.9 32
      vertex -2.5 39.9 53.9
    endloop
  endfacet
  facet normal 0 1 -0
    outer loop
      vertex 169.7 39.9 32
      vertex 167.2 39.9 51.4
      vertex 169.7 39.9 53.9
    endloop
  endfacet
  facet normal 0 1 0
    outer loop
      vertex 167.2 39.9 51.4
      vertex 169.7 39.9 32
      vertex 167.2 39.9 32
    endloop
  endfacet
  facet normal 0 -1 0
    outer loop
      vertex 169.7 36.9 32
      vertex 167.2 36.9 51.4
      vertex 167.2 36.9 32
    endloop
  endfacet
  facet normal 0 -1 0
    outer loop
      vertex 167.2 36.9 51.4
      vertex 169.7 36.9 32
      vertex 169.7 36.9 53.9
    endloop
  endfacet
  facet normal 0 -1 0
    outer loop
      vertex -2.5 56.1 32
      vertex 0 56.1 51.4
      vertex -2.5 56.1 53.9
    endloop
  endfacet
  facet normal 0 -1 -0
    outer loop
      vertex 0 56.1 51.4
      vertex -2.5 56.1 32
      vertex 0 56.1 32
    endloop
  endfacet
  facet normal 0 1 0
    outer loop
      vertex -2.5 59.1 32
      vertex 0 59.1 51.4
      vertex 0 59.1 32
    endloop
  endfacet
  facet normal 0 1 0
    outer loop
      vertex 0 59.1 51.4
      vertex -2.5 59.1 32
      vertex -2.5 59.1 53.9
    endloop
  endfacet
  facet normal 0 1 -0
    outer loop
      vertex 169.7 59.1 32
      vertex 167.2 59.1 51.4
      vertex 169.7 59.1 53.9
    endloop
  endfacet
  facet normal 0 1 0
    outer loop
      vertex 167.2 59.1 51.4
      vertex 169.7 59.1 32
      vertex 167.2 59.1 32
    endloop
  endfacet
  facet normal 0 -1 0
    outer loop
      vertex 169.7 56.1 32
      vertex 167.2 56.1 51.4
      vertex 167.2 56.1 32
    endloop
  endfacet
  facet normal 0 -1 0
    outer loop
      vertex 167.2 56.1 51.4
      vertex 169.7 56.1 32
      vertex 169.7 56.1 53.9
    endloop
  endfacet
  facet normal 0 1 0
    outer loop
      vertex -2.5 78.3 32
      vertex 0 78.3 51.4
      vertex 0 78.3 32
    endloop
  endfacet
  facet normal 0 1 0
    outer loop
      vertex 0 78.3 51.4
      vertex -2.5 78.3 32
      vertex -2.5 78.3 53.9
    endloop
  endfacet
  facet normal 0 -1 0
    outer loop
      vertex -2.5 75.3 32
      vertex 0 75.3 51.4
      vertex -2.5 75.3 53.9
    endloop
  endfacet
  facet normal 0 -1 -0
    outer loop
      vertex 0 75.3 51.4
      vertex -2.5 75.3 32
      vertex 0 75.3 32
    endloop
  endfacet
  facet normal 0 1 -0
    outer loop
      vertex 169.7 78.3 32
      vertex 167.2 78.3 51.4
      vertex 169.7 78.3 53.9
    endloop
  endfacet
  facet normal 0 1 0
    outer loop
      vertex 167.2 78.3 51.4
      vertex 169.7 78.3 32
      vertex 167.2 78.3 32
    endloop
  endfacet
  facet normal 0 -1 0
    outer loop
      vertex 169.7 75.3 32
      vertex 167.2 75.3 51.4
      vertex 167.2 75.3 32
    endloop
  endfacet
  facet normal 0 -1 0
    outer loop
      vertex 167.2 75.3 51.4
      vertex 169.7 75.3 32
      vertex 169.7 75.3 53.9
    endloop
  endfacet
  facet normal 0 -1 0
    outer loop
      vertex -2.5 94.5 32
      vertex 0 94.5 51.4
      vertex -2.5 94.5 53.9
    endloop
  endfacet
  facet normal 0 -1 -0
    outer loop
      vertex 0 94.5 51.4
      vertex -2.5 94.5 32
      vertex 0 94.5 32
    endloop
  endfacet
  facet normal 0 1 0
    outer loop
      vertex -2.5 97.5 32
      vertex 0 97.5 51.4
      vertex 0 97.5 32
    endloop
  endfacet
  facet normal 0 1 0
    outer loop
      vertex 0 97.5 51.4
      vertex -2.5 97.5 32
      vertex -2.5 97.5 53.9
    endloop
  endfacet
  facet normal 0.707107 0 -0.707107
    outer loop
      vertex 169.7 97.5 28
      vertex 167.2 115.2 25.5
      vertex 169.7 117.7 28
    endloop
  endfacet
  facet normal 0.707107 0 -0.707107
    outer loop
      vertex 167.2 115.2 25.5
      vertex 169.7 97.5 28
      vertex 167.2 97.5 25.5
    endloop
  endfacet
  facet normal 0.707107 0 -0.707107
    outer loop
      vertex 169.7 17.7 28
      vertex 167.2 0 25.5
      vertex 167.2 17.7 25.5
    endloop
  endfacet
  facet normal 0.707107 0 -0.707107
    outer loop
      vertex 167.2 0 25.5
      vertex 169.7 17.7 28
      vertex 169.7 -2.5 28
    endloop
  endfacet
  facet normal 0.707107 0 -0.707107
    outer loop
      vertex 169.7 20.7 28
      vertex 167.2 94.5 25.5
      vertex 169.7 94.5 28
    endloop
  endfacet
  facet normal 0.707107 0 -0.707107
    outer loop
      vertex 167.2 94.5 25.5
      vertex 169.7 20.7 28
      vertex 167.2 20.7 25.5
    endloop
  endfacet
  facet normal 0 -0.707107 -0.707107
    outer loop
      vertex -2.5 -2.5 28
      vertex 36.1 -1 26.5
      vertex 82.1 -2.5 28
    endloop
  endfacet
  facet normal 0 -0.707107 -0.707107
    outer loop
      vertex 0 0 25.5
      vertex 36.1 -1 26.5
      vertex -2.5 -2.5 28
    endloop
  endfacet
  facet normal 0 -0.707107 -0.707107
    outer loop
      vertex 36.1 -1 26.5
      vertex 0 0 25.5
      vertex 36.1 0 25.5
    endloop
  endfacet
  facet normal -0 -0.707107 -0.707107
    outer loop
      vertex 53.1 -1 26.5
      vertex 82.1 -2.5 28
      vertex 36.1 -1 26.5
    endloop
  endfacet
  facet normal -0 -0.707107 -0.707107
    outer loop
      vertex 82.1 0 25.5
      vertex 53.1 -1 26.5
      vertex 53.1 0 25.5
    endloop
  endfacet
  facet normal 0 -0.707107 -0.707107
    outer loop
      vertex 53.1 -1 26.5
      vertex 82.1 0 25.5
      vertex 82.1 -2.5 28
    endloop
  endfacet
  facet normal -0 -0.707107 -0.707107
    outer loop
      vertex 167.2 0 25.5
      vertex 147.8 -2.5 28
      vertex 147.8 0 25.5
    endloop
  endfacet
  facet normal 0 -0.707107 -0.707107
    outer loop
      vertex 147.8 -2.5 28
      vertex 167.2 0 25.5
      vertex 169.7 -2.5 28
    endloop
  endfacet
  facet normal 0 -0.707107 -0.707107
    outer loop
      vertex 85.1 0 25.5
      vertex 103 -2.5 28
      vertex 85.1 -2.5 28
    endloop
  endfacet
  facet normal 0 -0.707107 -0.707107
    outer loop
      vertex 103 -2.5 28
      vertex 85.1 0 25.5
      vertex 103 0 25.5
    endloop
  endfacet
  facet normal 0 -0.707107 -0.707107
    outer loop
      vertex 106 0 25.5
      vertex 123.9 -2.5 28
      vertex 106 -2.5 28
    endloop
  endfacet
  facet normal 0 -0.707107 -0.707107
    outer loop
      vertex 123.9 -2.5 28
      vertex 106 0 25.5
      vertex 123.9 0 25.5
    endloop
  endfacet
  facet normal 0 -0.707107 -0.707107
    outer loop
      vertex 126.9 0 25.5
      vertex 144.8 -2.5 28
      vertex 126.9 -2.5 28
    endloop
  endfacet
  facet normal 0 -0.707107 -0.707107
    outer loop
      vertex 144.8 -2.5 28
      vertex 126.9 0 25.5
      vertex 144.8 0 25.5
    endloop
  endfacet
  facet normal 0 0.707107 -0.707107
    outer loop
      vertex 167.2 115.2 25.5
      vertex 147.8 117.7 28
      vertex 169.7 117.7 28
    endloop
  endfacet
  facet normal 0 0.707107 -0.707107
    outer loop
      vertex 147.8 117.7 28
      vertex 167.2 115.2 25.5
      vertex 147.8 115.2 25.5
    endloop
  endfacet
  facet normal 0 0.707107 -0.707107
    outer loop
      vertex 0 115.2 25.5
      vertex 19.4 117.7 28
      vertex 19.4 115.2 25.5
    endloop
  endfacet
  facet normal 0 0.707107 -0.707107
    outer loop
      vertex 19.4 117.7 28
      vertex 0 115.2 25.5
      vertex -2.5 117.7 28
    endloop
  endfacet
  facet normal 0 0.707107 -0.707107
    outer loop
      vertex 40.3 115.2 25.5
      vertex 22.4 117.7 28
      vertex 40.3 117.7 28
    endloop
  endfacet
  facet normal 0 0.707107 -0.707107
    outer loop
      vertex 22.4 117.7 28
      vertex 40.3 115.2 25.5
      vertex 22.4 115.2 25.5
    endloop
  endfacet
  facet normal 0 0.707107 -0.707107
    outer loop
      vertex 61.2 115.2 25.5
      vertex 43.3 117.7 28
      vertex 61.2 117.7 28
    endloop
  endfacet
  facet normal 0 0.707107 -0.707107
    outer loop
      vertex 43.3 117.7 28
      vertex 61.2 115.2 25.5
      vertex 43.3 115.2 25.5
    endloop
  endfacet
  facet normal 0 0.707107 -0.707107
    outer loop
      vertex 82.1 115.2 25.5
      vertex 64.2 117.7 28
      vertex 82.1 117.7 28
    endloop
  endfacet
  facet normal 0 0.707107 -0.707107
    outer loop
      vertex 64.2 117.7 28
      vertex 82.1 115.2 25.5
      vertex 64.2 115.2 25.5
    endloop
  endfacet
  facet normal 0 0.707107 -0.707107
    outer loop
      vertex 103 115.2 25.5
      vertex 85.1 117.7 28
      vertex 103 117.7 28
    endloop
  endfacet
  facet normal 0 0.707107 -0.707107
    outer loop
      vertex 85.1 117.7 28
      vertex 103 115.2 25.5
      vertex 85.1 115.2 25.5
    endloop
  endfacet
  facet normal 0 0.707107 -0.707107
    outer loop
      vertex 123.9 115.2 25.5
      vertex 106 117.7 28
      vertex 123.9 117.7 28
    endloop
  endfacet
  facet normal 0 0.707107 -0.707107
    outer loop
      vertex 106 117.7 28
      vertex 123.9 115.2 25.5
      vertex 106 115.2 25.5
    endloop
  endfacet
  facet normal 0 0.707107 -0.707107
    outer loop
      vertex 144.8 115.2 25.5
      vertex 126.9 117.7 28
      vertex 144.8 117.7 28
    endloop
  endfacet
  facet normal 0 0.707107 -0.707107
    outer loop
      vertex 126.9 117.7 28
      vertex 144.8 115.2 25.5
      vertex 126.9 115.2 25.5
    endloop
  endfacet
  facet normal -0.707107 0 -0.707107
    outer loop
      vertex 0 0 25.5
      vertex -2.5 117.7 28
      vertex 0 115.2 25.5
    endloop
  endfacet
  facet normal -0.707107 -0 -0.707107
    outer loop
      vertex -2.5 117.7 28
      vertex 0 0 25.5
      vertex -2.5 -2.5 28
    endloop
  endfacet
  facet normal 0 0 1
    outer loop
      vertex 165.15 113.15 61
      vertex 164.8 112.8 61
      vertex 165.15 2.05 61
    endloop
  endfacet
  facet normal 0 0 1
    outer loop
      vertex 165.15 113.15 61
      vertex 2.4 112.8 61
      vertex 164.8 112.8 61
    endloop
  endfacet
  facet normal 0 0 1
    outer loop
      vertex 2.4 112.8 61
      vertex 2.05 113.15 61
      vertex 2.4 2.4 61
    endloop
  endfacet
  facet normal -0 0 1
    outer loop
      vertex 2.05 113.15 61
      vertex 2.4 112.8 61
      vertex 165.15 113.15 61
    endloop
  endfacet
  facet normal -0 0 1
    outer loop
      vertex 164.8 2.4 61
      vertex 165.15 2.05 61
      vertex 164.8 112.8 61
    endloop
  endfacet
  facet normal -0 0 1
    outer loop
      vertex 2.4 2.4 61
      vertex 165.15 2.05 61
      vertex 164.8 2.4 61
    endloop
  endfacet
  facet normal 0 0 1
    outer loop
      vertex 2.4 2.4 61
      vertex 2.05 2.05 61
      vertex 165.15 2.05 61
    endloop
  endfacet
  facet normal 0 0 1
    outer loop
      vertex 2.05 2.05 61
      vertex 2.4 2.4 61
      vertex 2.05 113.15 61
    endloop
  endfacet
  facet normal -1 0 0
    outer loop
      vertex 165.15 2.05 61
      vertex 165.15 113.15 62.2
      vertex 165.15 113.15 61
    endloop
  endfacet
  facet normal -1 -0 0
    outer loop
      vertex 165.15 113.15 62.2
      vertex 165.15 2.05 61
      vertex 165.15 2.05 62.2
    endloop
  endfacet
  facet normal 1 -0 0
    outer loop
      vertex 2.05 2.05 62.2
      vertex 2.05 113.15 61
      vertex 2.05 113.15 62.2
    endloop
  endfacet
  facet normal 1 0 0
    outer loop
      vertex 2.05 113.15 61
      vertex 2.05 2.05 62.2
      vertex 2.05 2.05 61
    endloop
  endfacet
  facet normal 0 1 -0
    outer loop
      vertex 165.15 2.05 61
      vertex 2.05 2.05 62.2
      vertex 165.15 2.05 62.2
    endloop
  endfacet
  facet normal 0 1 0
    outer loop
      vertex 2.05 2.05 62.2
      vertex 165.15 2.05 61
      vertex 2.05 2.05 61
    endloop
  endfacet
  facet normal 0 -1 0
    outer loop
      vertex 2.05 113.15 61
      vertex 165.15 113.15 62.2
      vertex 2.05 113.15 62.2
    endloop
  endfacet
  facet normal 0 -1 -0
    outer loop
      vertex 165.15 113.15 62.2
      vertex 2.05 113.15 61
      vertex 165.15 113.15 61
    endloop
  endfacet
  facet normal 0 0 -1
    outer loop
      vertex 165.15 2.05 62.2
      vertex 164.8 2.4 62.2
      vertex 165.15 113.15 62.2
    endloop
  endfacet
  facet normal 0 0 -1
    outer loop
      vertex 165.15 2.05 62.2
      vertex 2.4 2.4 62.2
      vertex 164.8 2.4 62.2
    endloop
  endfacet
  facet normal -0 0 -1
    outer loop
      vertex 2.4 2.4 62.2
      vertex 2.05 2.05 62.2
      vertex 2.4 112.8 62.2
    endloop
  endfacet
  facet normal 0 0 -1
    outer loop
      vertex 2.05 2.05 62.2
      vertex 2.4 2.4 62.2
      vertex 165.15 2.05 62.2
    endloop
  endfacet
  facet normal 0 0 -1
    outer loop
      vertex 164.8 112.8 62.2
      vertex 165.15 113.15 62.2
      vertex 164.8 2.4 62.2
    endloop
  endfacet
  facet normal 0 0 -1
    outer loop
      vertex 2.4 112.8 62.2
      vertex 165.15 113.15 62.2
      vertex 164.8 112.8 62.2
    endloop
  endfacet
  facet normal 0 0 -1
    outer loop
      vertex 2.4 112.8 62.2
      vertex 2.05 113.15 62.2
      vertex 165.15 113.15 62.2
    endloop
  endfacet
  facet normal 0 0 -1
    outer loop
      vertex 2.05 113.15 62.2
      vertex 2.4 112.8 62.2
      vertex 2.05 2.05 62.2
    endloop
  endfacet
  facet normal 0 0 -1
    outer loop
      vertex 0 79.1 16.4
      vertex 2.4 95.1 16.4
      vertex 2.4 79.1 16.4
    endloop
  endfacet
  facet normal -0 0 -1
    outer loop
      vertex 2.4 95.1 16.4
      vertex 0 79.1 16.4
      vertex 0 95.1 16.4
    endloop
  endfacet
  facet normal 0 -1 0
    outer loop
      vertex 0 95.1 9.4
      vertex 2.4 95.1 16.4
      vertex 0 95.1 16.4
    endloop
  endfacet
  facet normal 0 -1 -0
    outer loop
      vertex 2.4 95.1 16.4
      vertex 0 95.1 9.4
      vertex 2.4 95.1 9.4
    endloop
  endfacet
  facet normal -0 0 1
    outer loop
      vertex 0 95.1 9.4
      vertex 2.4 79.1 9.4
      vertex 2.4 95.1 9.4
    endloop
  endfacet
  facet normal 0 0 1
    outer loop
      vertex 2.4 79.1 9.4
      vertex 0 95.1 9.4
      vertex 0 79.1 9.4
    endloop
  endfacet
  facet normal 0 1 -0
    outer loop
      vertex 2.4 79.1 9.4
      vertex 0 79.1 16.4
      vertex 2.4 79.1 16.4
    endloop
  endfacet
  facet normal 0 1 0
    outer loop
      vertex 0 79.1 16.4
      vertex 2.4 79.1 9.4
      vertex 0 79.1 9.4
    endloop
  endfacet
  facet normal 0 0 -1
    outer loop
      vertex 0 53.1 16.4
      vertex 2.4 70.1 16.4
      vertex 2.4 53.1 16.4
    endloop
  endfacet
  facet normal -0 0 -1
    outer loop
      vertex 2.4 70.1 16.4
      vertex 0 53.1 16.4
      vertex 0 70.1 16.4
    endloop
  endfacet
  facet normal 0 -1 0
    outer loop
      vertex 0 70.1 9.4
      vertex 2.4 70.1 16.4
      vertex 0 70.1 16.4
    endloop
  endfacet
  facet normal 0 -1 -0
    outer loop
      vertex 2.4 70.1 16.4
      vertex 0 70.1 9.4
      vertex 2.4 70.1 9.4
    endloop
  endfacet
  facet normal -0 0 1
    outer loop
      vertex 0 70.1 9.4
      vertex 2.4 53.1 9.4
      vertex 2.4 70.1 9.4
    endloop
  endfacet
  facet normal 0 0 1
    outer loop
      vertex 2.4 53.1 9.4
      vertex 0 70.1 9.4
      vertex 0 53.1 9.4
    endloop
  endfacet
  facet normal 0 1 -0
    outer loop
      vertex 2.4 53.1 9.4
      vertex 0 53.1 16.4
      vertex 2.4 53.1 16.4
    endloop
  endfacet
  facet normal 0 1 0
    outer loop
      vertex 0 53.1 16.4
      vertex 2.4 53.1 9.4
      vertex 0 53.1 9.4
    endloop
  endfacet
  facet normal 0 0 -1
    outer loop
      vertex 0 34.1 12.4
      vertex 2.4 50.1 12.4
      vertex 2.4 34.1 12.4
    endloop
  endfacet
  facet normal -0 0 -1
    outer loop
      vertex 2.4 50.1 12.4
      vertex 0 34.1 12.4
      vertex 0 50.1 12.4
    endloop
  endfacet
  facet normal -0 0 1
    outer loop
      vertex 0 50.1 9.4
      vertex 2.4 34.1 9.4
      vertex 2.4 50.1 9.4
    endloop
  endfacet
  facet normal 0 0 1
    outer loop
      vertex 2.4 34.1 9.4
      vertex 0 50.1 9.4
      vertex 0 34.1 9.4
    endloop
  endfacet
  facet normal 0 1 -0
    outer loop
      vertex 2.4 34.1 9.4
      vertex 0 34.1 12.4
      vertex 2.4 34.1 12.4
    endloop
  endfacet
  facet normal 0 1 0
    outer loop
      vertex 0 34.1 12.4
      vertex 2.4 34.1 9.4
      vertex 0 34.1 9.4
    endloop
  endfacet
  facet normal 0 -1 0
    outer loop
      vertex 0 50.1 9.4
      vertex 2.4 50.1 12.4
      vertex 0 50.1 12.4
    endloop
  endfacet
  facet normal 0 -1 -0
    outer loop
      vertex 2.4 50.1 12.4
      vertex 0 50.1 9.4
      vertex 2.4 50.1 9.4
    endloop
  endfacet
  facet normal 0 0 -1
    outer loop
      vertex 0 19 18.4
      vertex 2.4 31 18.4
      vertex 2.4 19 18.4
    endloop
  endfacet
  facet normal -0 0 -1
    outer loop
      vertex 2.4 31 18.4
      vertex 0 19 18.4
      vertex 0 31 18.4
    endloop
  endfacet
  facet normal 0 -1 0
    outer loop
      vertex -0.346875 31 6.9
      vertex 0 31 7.4
      vertex 0 31 8.01
    endloop
  endfacet
  facet normal 0 -1 -0
    outer loop
      vertex 0 31 7.4
      vertex -0.346875 31 6.9
      vertex 0 31 6.9
    endloop
  endfacet
  facet normal 0 -1 0
    outer loop
      vertex 0 31 8.01
      vertex 2.4 31 18.4
      vertex 0 31 18.4
    endloop
  endfacet
  facet normal 0 -1 0
    outer loop
      vertex 2.4 31 7.4
      vertex 0 31 8.01
      vertex 0 31 7.4
    endloop
  endfacet
  facet normal 0 -1 0
    outer loop
      vertex 0 31 8.01
      vertex 2.4 31 7.4
      vertex 2.4 31 18.4
    endloop
  endfacet
  facet normal -0 0 1
    outer loop
      vertex -0.346875 31 6.9
      vertex 0 19 6.9
      vertex 0 31 6.9
    endloop
  endfacet
  facet normal 0 0 1
    outer loop
      vertex 0 19 6.9
      vertex -0.346875 31 6.9
      vertex -0.346875 19 6.9
    endloop
  endfacet
  facet normal 0 1 0
    outer loop
      vertex 2.4 19 18.4
      vertex 0 19 8.01
      vertex 0 19 18.4
    endloop
  endfacet
  facet normal 0 1 -0
    outer loop
      vertex 2.4 19 7.4
      vertex 0 19 8.01
      vertex 2.4 19 18.4
    endloop
  endfacet
  facet normal 0 1 0
    outer loop
      vertex 0 19 7.4
      vertex 0 19 8.01
      vertex 2.4 19 7.4
    endloop
  endfacet
  facet normal 0 1 0
    outer loop
      vertex -0.346875 19 6.9
      vertex 0 19 7.4
      vertex 0 19 6.9
    endloop
  endfacet
  facet normal 0 1 -0
    outer loop
      vertex 0 19 7.4
      vertex -0.346875 19 6.9
      vertex 0 19 8.01
    endloop
  endfacet
  facet normal 1 -0 0
    outer loop
      vertex 17.1 0 18.4
      vertex 17.1 2.4 9.4
      vertex 17.1 2.4 18.4
    endloop
  endfacet
  facet normal 1 0 0
    outer loop
      vertex 17.1 2.4 9.4
      vertex 17.1 0 18.4
      vertex 17.1 0 9.4
    endloop
  endfacet
  facet normal 0 0 -1
    outer loop
      vertex 17.1 0 18.4
      vertex 33.1 2.4 18.4
      vertex 33.1 0 18.4
    endloop
  endfacet
  facet normal -0 0 -1
    outer loop
      vertex 33.1 2.4 18.4
      vertex 17.1 0 18.4
      vertex 17.1 2.4 18.4
    endloop
  endfacet
  facet normal -1 0 0
    outer loop
      vertex 33.1 0 9.4
      vertex 33.1 2.4 18.4
      vertex 33.1 2.4 9.4
    endloop
  endfacet
  facet normal -1 -0 0
    outer loop
      vertex 33.1 2.4 18.4
      vertex 33.1 0 9.4
      vertex 33.1 0 18.4
    endloop
  endfacet
  facet normal -0 0 1
    outer loop
      vertex 17.1 2.4 9.4
      vertex 33.1 0 9.4
      vertex 33.1 2.4 9.4
    endloop
  endfacet
  facet normal 0 0 1
    outer loop
      vertex 33.1 0 9.4
      vertex 17.1 2.4 9.4
      vertex 17.1 0 9.4
    endloop
  endfacet
  facet normal 1 0 0
    outer loop
      vertex 36.1 2.4 27.4
      vertex 36.1 0 25.5
      vertex 36.1 2.4 9.4
    endloop
  endfacet
  facet normal 1 -0 0
    outer loop
      vertex 36.1 -1 27.4
      vertex 36.1 0 25.5
      vertex 36.1 2.4 27.4
    endloop
  endfacet
  facet normal 1 0 0
    outer loop
      vertex 36.1 0 25.5
      vertex 36.1 -1 27.4
      vertex 36.1 -1 26.5
    endloop
  endfacet
  facet normal 1 0 0
    outer loop
      vertex 36.1 2.4 9.4
      vertex 36.1 0 25.5
      vertex 36.1 0 9.4
    endloop
  endfacet
  facet normal 0 0 -1
    outer loop
      vertex 36.1 -1 27.4
      vertex 53.1 2.4 27.4
      vertex 53.1 -1 27.4
    endloop
  endfacet
  facet normal -0 0 -1
    outer loop
      vertex 53.1 2.4 27.4
      vertex 36.1 -1 27.4
      vertex 36.1 2.4 27.4
    endloop
  endfacet
  facet normal -1 0 0
    outer loop
      vertex 53.1 0 25.5
      vertex 53.1 2.4 9.4
      vertex 53.1 0 9.4
    endloop
  endfacet
  facet normal -1 0 0
    outer loop
      vertex 53.1 2.4 9.4
      vertex 53.1 0 25.5
      vertex 53.1 2.4 27.4
    endloop
  endfacet
  facet normal -1 0 0
    outer loop
      vertex 53.1 -1 27.4
      vertex 53.1 0 25.5
      vertex 53.1 -1 26.5
    endloop
  endfacet
  facet normal -1 0 0
    outer loop
      vertex 53.1 0 25.5
      vertex 53.1 -1 27.4
      vertex 53.1 2.4 27.4
    endloop
  endfacet
  facet normal -0 0 1
    outer loop
      vertex 36.1 2.4 9.4
      vertex 53.1 0 9.4
      vertex 53.1 2.4 9.4
    endloop
  endfacet
  facet normal 0 0 1
    outer loop
      vertex 53.1 0 9.4
      vertex 36.1 2.4 9.4
      vertex 36.1 0 9.4
    endloop
  endfacet
  facet normal 0 1 -0
    outer loop
      vertex 53.1 -1 26.5
      vertex 36.1 -1 27.4
      vertex 53.1 -1 27.4
    endloop
  endfacet
  facet normal 0 1 0
    outer loop
      vertex 36.1 -1 27.4
      vertex 53.1 -1 26.5
      vertex 36.1 -1 26.5
    endloop
  endfacet
  facet normal 1 -0 0
    outer loop
      vertex 56.1 0 24.4
      vertex 56.1 2.4 9.4
      vertex 56.1 2.4 24.4
    endloop
  endfacet
  facet normal 1 0 0
    outer loop
      vertex 56.1 2.4 9.4
      vertex 56.1 0 24.4
      vertex 56.1 0 9.4
    endloop
  endfacet
  facet normal 0 0 -1
    outer loop
      vertex 56.1 0 24.4
      vertex 75.1 2.4 24.4
      vertex 75.1 0 24.4
    endloop
  endfacet
  facet normal -0 0 -1
    outer loop
      vertex 75.1 2.4 24.4
      vertex 56.1 0 24.4
      vertex 56.1 2.4 24.4
    endloop
  endfacet
  facet normal -1 0 0
    outer loop
      vertex 75.1 0 9.4
      vertex 75.1 2.4 24.4
      vertex 75.1 2.4 9.4
    endloop
  endfacet
  facet normal -1 -0 0
    outer loop
      vertex 75.1 2.4 24.4
      vertex 75.1 0 9.4
      vertex 75.1 0 24.4
    endloop
  endfacet
  facet normal -0 0 1
    outer loop
      vertex 56.1 2.4 9.4
      vertex 75.1 0 9.4
      vertex 75.1 2.4 9.4
    endloop
  endfacet
  facet normal 0 0 1
    outer loop
      vertex 75.1 0 9.4
      vertex 56.1 2.4 9.4
      vertex 56.1 0 9.4
    endloop
  endfacet
  facet normal 0 0 -1
    outer loop
      vertex 164.8 58.1 17.4
      vertex 167.2 72.1 17.4
      vertex 167.2 58.1 17.4
    endloop
  endfacet
  facet normal -0 0 -1
    outer loop
      vertex 167.2 72.1 17.4
      vertex 164.8 58.1 17.4
      vertex 164.8 72.1 17.4
    endloop
  endfacet
  facet normal 0 -1 0
    outer loop
      vertex 164.8 72.1 9.4
      vertex 167.2 72.1 17.4
      vertex 164.8 72.1 17.4
    endloop
  endfacet
  facet normal 0 -1 -0
    outer loop
      vertex 167.2 72.1 17.4
      vertex 164.8 72.1 9.4
      vertex 167.2 72.1 9.4
    endloop
  endfacet
  facet normal -0 0 1
    outer loop
      vertex 164.8 72.1 9.4
      vertex 167.2 58.1 9.4
      vertex 167.2 72.1 9.4
    endloop
  endfacet
  facet normal 0 0 1
    outer loop
      vertex 167.2 58.1 9.4
      vertex 164.8 72.1 9.4
      vertex 164.8 58.1 9.4
    endloop
  endfacet
  facet normal 0 1 -0
    outer loop
      vertex 167.2 58.1 9.4
      vertex 164.8 58.1 17.4
      vertex 167.2 58.1 17.4
    endloop
  endfacet
  facet normal 0 1 0
    outer loop
      vertex 164.8 58.1 17.4
      vertex 167.2 58.1 9.4
      vertex 164.8 58.1 9.4
    endloop
  endfacet
  facet normal 0 -0.555567 0.831472
    outer loop
      vertex 164.8 84.8613 10.3465
      vertex 167.2 84.1 9.83782
      vertex 167.2 84.8613 10.3465
    endloop
  endfacet
  facet normal 0 -0.555567 0.831472
    outer loop
      vertex 167.2 84.1 9.83782
      vertex 164.8 84.8613 10.3465
      vertex 164.8 84.1 9.83782
    endloop
  endfacet
  facet normal 0 -0.946944 0.3214
    outer loop
      vertex 164.8 87.0672 13.2212
      vertex 167.2 87.3615 14.0883
      vertex 164.8 87.3615 14.0883
    endloop
  endfacet
  facet normal 0 -0.946944 0.3214
    outer loop
      vertex 167.2 87.3615 14.0883
      vertex 164.8 87.0672 13.2212
      vertex 167.2 87.0672 13.2212
    endloop
  endfacet
  facet normal 0 -0.946944 -0.3214
    outer loop
      vertex 164.8 87.3615 17.7117
      vertex 167.2 87.0672 18.5788
      vertex 164.8 87.0672 18.5788
    endloop
  endfacet
  facet normal 0 -0.946944 -0.3214
    outer loop
      vertex 167.2 87.0672 18.5788
      vertex 164.8 87.3615 17.7117
      vertex 167.2 87.3615 17.7117
    endloop
  endfacet
  facet normal 0 -0.442314 -0.89686
    outer loop
      vertex 164.8 83.2788 22.3672
      vertex 167.2 84.1 21.9622
      vertex 167.2 83.2788 22.3672
    endloop
  endfacet
  facet normal -0 -0.442314 -0.89686
    outer loop
      vertex 167.2 84.1 21.9622
      vertex 164.8 83.2788 22.3672
      vertex 164.8 84.1 21.9622
    endloop
  endfacet
  facet normal -0 0.195097 0.980784
    outer loop
      vertex 164.8 79.6863 8.95989
      vertex 167.2 78.7883 9.13852
      vertex 167.2 79.6863 8.95989
    endloop
  endfacet
  facet normal 0 0.195097 0.980784
    outer loop
      vertex 167.2 78.7883 9.13852
      vertex 164.8 79.6863 8.95989
      vertex 164.8 78.7883 9.13852
    endloop
  endfacet
  facet normal 0 -0.195097 0.980784
    outer loop
      vertex 164.8 82.4117 9.13852
      vertex 167.2 81.5137 8.95989
      vertex 167.2 82.4117 9.13852
    endloop
  endfacet
  facet normal 0 -0.195097 0.980784
    outer loop
      vertex 167.2 81.5137 8.95989
      vertex 164.8 82.4117 9.13852
      vertex 164.8 81.5137 8.95989
    endloop
  endfacet
  facet normal 0 -0.997858 -0.0654172
    outer loop
      vertex 164.8 87.6 15.9
      vertex 167.2 87.5401 16.8137
      vertex 164.8 87.5401 16.8137
    endloop
  endfacet
  facet normal 0 -0.997858 -0.0654172
    outer loop
      vertex 167.2 87.5401 16.8137
      vertex 164.8 87.6 15.9
      vertex 167.2 87.6 15.9
    endloop
  endfacet
  facet normal 0 -0.831462 0.555582
    outer loop
      vertex 164.8 86.1535 11.6387
      vertex 167.2 86.6622 12.4
      vertex 164.8 86.6622 12.4
    endloop
  endfacet
  facet normal 0 -0.831462 0.555582
    outer loop
      vertex 167.2 86.6622 12.4
      vertex 164.8 86.1535 11.6387
      vertex 167.2 86.1535 11.6387
    endloop
  endfacet
  facet normal 0 -0.0654172 -0.997858
    outer loop
      vertex 164.8 80.6 22.9
      vertex 167.2 81.5137 22.8401
      vertex 167.2 80.6 22.9
    endloop
  endfacet
  facet normal -0 -0.0654172 -0.997858
    outer loop
      vertex 167.2 81.5137 22.8401
      vertex 164.8 80.6 22.9
      vertex 164.8 81.5137 22.8401
    endloop
  endfacet
  facet normal 0 -0.659401 -0.751791
    outer loop
      vertex 164.8 84.8613 21.4535
      vertex 167.2 85.5497 20.8497
      vertex 167.2 84.8613 21.4535
    endloop
  endfacet
  facet normal -0 -0.659401 -0.751791
    outer loop
      vertex 167.2 85.5497 20.8497
      vertex 164.8 84.8613 21.4535
      vertex 164.8 85.5497 20.8497
    endloop
  endfacet
  facet normal 0 -0.89686 -0.442314
    outer loop
      vertex 164.8 87.0672 18.5788
      vertex 167.2 86.6622 19.4
      vertex 164.8 86.6622 19.4
    endloop
  endfacet
  facet normal 0 -0.89686 -0.442314
    outer loop
      vertex 167.2 86.6622 19.4
      vertex 164.8 87.0672 18.5788
      vertex 167.2 87.0672 18.5788
    endloop
  endfacet
  facet normal 0 -0.98079 -0.195066
    outer loop
      vertex 164.8 87.5401 16.8137
      vertex 167.2 87.3615 17.7117
      vertex 164.8 87.3615 17.7117
    endloop
  endfacet
  facet normal 0 -0.98079 -0.195066
    outer loop
      vertex 167.2 87.3615 17.7117
      vertex 164.8 87.5401 16.8137
      vertex 167.2 87.5401 16.8137
    endloop
  endfacet
  facet normal 0 -0.0654063 0.997859
    outer loop
      vertex 164.8 81.5137 8.95989
      vertex 167.2 80.6 8.9
      vertex 167.2 81.5137 8.95989
    endloop
  endfacet
  facet normal 0 -0.0654063 0.997859
    outer loop
      vertex 167.2 80.6 8.9
      vertex 164.8 81.5137 8.95989
      vertex 164.8 80.6 8.9
    endloop
  endfacet
  facet normal 0 0.831462 0.555582
    outer loop
      vertex 167.2 75.0465 11.6387
      vertex 164.8 74.5378 12.4
      vertex 167.2 74.5378 12.4
    endloop
  endfacet
  facet normal 0 0.831462 0.555582
    outer loop
      vertex 164.8 74.5378 12.4
      vertex 167.2 75.0465 11.6387
      vertex 164.8 75.0465 11.6387
    endloop
  endfacet
  facet normal -0 0.321419 0.946937
    outer loop
      vertex 164.8 78.7883 9.13852
      vertex 167.2 77.9212 9.43284
      vertex 167.2 78.7883 9.13852
    endloop
  endfacet
  facet normal 0 0.321419 0.946937
    outer loop
      vertex 167.2 77.9212 9.43284
      vertex 164.8 78.7883 9.13852
      vertex 164.8 77.9212 9.43284
    endloop
  endfacet
  facet normal 0 -0.321419 0.946937
    outer loop
      vertex 164.8 83.2788 9.43284
      vertex 167.2 82.4117 9.13852
      vertex 167.2 83.2788 9.43284
    endloop
  endfacet
  facet normal 0 -0.321419 0.946937
    outer loop
      vertex 167.2 82.4117 9.13852
      vertex 164.8 83.2788 9.43284
      vertex 164.8 82.4117 9.13852
    endloop
  endfacet
  facet normal 0 -0.751791 0.659401
    outer loop
      vertex 164.8 85.5497 10.9503
      vertex 167.2 86.1535 11.6387
      vertex 164.8 86.1535 11.6387
    endloop
  endfacet
  facet normal 0 -0.751791 0.659401
    outer loop
      vertex 167.2 86.1535 11.6387
      vertex 164.8 85.5497 10.9503
      vertex 167.2 85.5497 10.9503
    endloop
  endfacet
  facet normal 0 -0.98079 0.195066
    outer loop
      vertex 164.8 87.3615 14.0883
      vertex 167.2 87.5401 14.9863
      vertex 164.8 87.5401 14.9863
    endloop
  endfacet
  facet normal 0 -0.98079 0.195066
    outer loop
      vertex 167.2 87.5401 14.9863
      vertex 164.8 87.3615 14.0883
      vertex 167.2 87.3615 14.0883
    endloop
  endfacet
  facet normal 0 -0.89686 0.442314
    outer loop
      vertex 164.8 86.6622 12.4
      vertex 167.2 87.0672 13.2212
      vertex 164.8 87.0672 13.2212
    endloop
  endfacet
  facet normal 0 -0.89686 0.442314
    outer loop
      vertex 167.2 87.0672 13.2212
      vertex 164.8 86.6622 12.4
      vertex 167.2 86.6622 12.4
    endloop
  endfacet
  facet normal 0 -0.3214 -0.946944
    outer loop
      vertex 164.8 82.4117 22.6615
      vertex 167.2 83.2788 22.3672
      vertex 167.2 82.4117 22.6615
    endloop
  endfacet
  facet normal -0 -0.3214 -0.946944
    outer loop
      vertex 167.2 83.2788 22.3672
      vertex 164.8 82.4117 22.6615
      vertex 164.8 83.2788 22.3672
    endloop
  endfacet
  facet normal 0 -0.195066 -0.98079
    outer loop
      vertex 164.8 81.5137 22.8401
      vertex 167.2 82.4117 22.6615
      vertex 167.2 81.5137 22.8401
    endloop
  endfacet
  facet normal -0 -0.195066 -0.98079
    outer loop
      vertex 167.2 82.4117 22.6615
      vertex 164.8 81.5137 22.8401
      vertex 164.8 82.4117 22.6615
    endloop
  endfacet
  facet normal 0 -0.555582 -0.831462
    outer loop
      vertex 164.8 84.1 21.9622
      vertex 167.2 84.8613 21.4535
      vertex 167.2 84.1 21.9622
    endloop
  endfacet
  facet normal -0 -0.555582 -0.831462
    outer loop
      vertex 167.2 84.8613 21.4535
      vertex 164.8 84.1 21.9622
      vertex 164.8 84.8613 21.4535
    endloop
  endfacet
  facet normal 0 -0.831462 -0.555582
    outer loop
      vertex 164.8 86.6622 19.4
      vertex 167.2 86.1535 20.1613
      vertex 164.8 86.1535 20.1613
    endloop
  endfacet
  facet normal 0 -0.831462 -0.555582
    outer loop
      vertex 167.2 86.1535 20.1613
      vertex 164.8 86.6622 19.4
      vertex 167.2 86.6622 19.4
    endloop
  endfacet
  facet normal 0 -0.751791 -0.659401
    outer loop
      vertex 164.8 86.1535 20.1613
      vertex 167.2 85.5497 20.8497
      vertex 164.8 85.5497 20.8497
    endloop
  endfacet
  facet normal 0 -0.751791 -0.659401
    outer loop
      vertex 167.2 85.5497 20.8497
      vertex 164.8 86.1535 20.1613
      vertex 167.2 86.1535 20.1613
    endloop
  endfacet
  facet normal -0 0.0654063 0.997859
    outer loop
      vertex 164.8 80.6 8.9
      vertex 167.2 79.6863 8.95989
      vertex 167.2 80.6 8.9
    endloop
  endfacet
  facet normal 0 0.0654063 0.997859
    outer loop
      vertex 167.2 79.6863 8.95989
      vertex 164.8 80.6 8.9
      vertex 164.8 79.6863 8.95989
    endloop
  endfacet
  facet normal 0 0.0654172 -0.997858
    outer loop
      vertex 164.8 79.6863 22.8401
      vertex 167.2 80.6 22.9
      vertex 167.2 79.6863 22.8401
    endloop
  endfacet
  facet normal 0 0.0654172 -0.997858
    outer loop
      vertex 167.2 80.6 22.9
      vertex 164.8 79.6863 22.8401
      vertex 164.8 80.6 22.9
    endloop
  endfacet
  facet normal 0 0.98079 0.195066
    outer loop
      vertex 167.2 73.8385 14.0883
      vertex 164.8 73.6599 14.9863
      vertex 167.2 73.6599 14.9863
    endloop
  endfacet
  facet normal 0 0.98079 0.195066
    outer loop
      vertex 164.8 73.6599 14.9863
      vertex 167.2 73.8385 14.0883
      vertex 164.8 73.8385 14.0883
    endloop
  endfacet
  facet normal 0 0.89686 0.442314
    outer loop
      vertex 167.2 74.5378 12.4
      vertex 164.8 74.1328 13.2212
      vertex 167.2 74.1328 13.2212
    endloop
  endfacet
  facet normal 0 0.89686 0.442314
    outer loop
      vertex 164.8 74.1328 13.2212
      vertex 167.2 74.5378 12.4
      vertex 164.8 74.5378 12.4
    endloop
  endfacet
  facet normal 0 -0.442297 0.896869
    outer loop
      vertex 164.8 84.1 9.83782
      vertex 167.2 83.2788 9.43284
      vertex 167.2 84.1 9.83782
    endloop
  endfacet
  facet normal 0 -0.442297 0.896869
    outer loop
      vertex 167.2 83.2788 9.43284
      vertex 164.8 84.1 9.83782
      vertex 164.8 83.2788 9.43284
    endloop
  endfacet
  facet normal 0 -0.659401 0.751791
    outer loop
      vertex 164.8 85.5497 10.9503
      vertex 167.2 84.8613 10.3465
      vertex 167.2 85.5497 10.9503
    endloop
  endfacet
  facet normal 0 -0.659401 0.751791
    outer loop
      vertex 167.2 84.8613 10.3465
      vertex 164.8 85.5497 10.9503
      vertex 164.8 84.8613 10.3465
    endloop
  endfacet
  facet normal 0 -0.997858 0.0654172
    outer loop
      vertex 164.8 87.5401 14.9863
      vertex 167.2 87.6 15.9
      vertex 164.8 87.6 15.9
    endloop
  endfacet
  facet normal 0 -0.997858 0.0654172
    outer loop
      vertex 167.2 87.6 15.9
      vertex 164.8 87.5401 14.9863
      vertex 167.2 87.5401 14.9863
    endloop
  endfacet
  facet normal -0 0.659401 0.751791
    outer loop
      vertex 164.8 76.3387 10.3465
      vertex 167.2 75.6503 10.9503
      vertex 167.2 76.3387 10.3465
    endloop
  endfacet
  facet normal 0 0.659401 0.751791
    outer loop
      vertex 167.2 75.6503 10.9503
      vertex 164.8 76.3387 10.3465
      vertex 164.8 75.6503 10.9503
    endloop
  endfacet
  facet normal -0 0.442297 0.896869
    outer loop
      vertex 164.8 77.9212 9.43284
      vertex 167.2 77.1 9.83782
      vertex 167.2 77.9212 9.43284
    endloop
  endfacet
  facet normal 0 0.442297 0.896869
    outer loop
      vertex 167.2 77.1 9.83782
      vertex 164.8 77.9212 9.43284
      vertex 164.8 77.1 9.83782
    endloop
  endfacet
  facet normal 0 0.98079 -0.195066
    outer loop
      vertex 167.2 73.6599 16.8137
      vertex 164.8 73.8385 17.7117
      vertex 167.2 73.8385 17.7117
    endloop
  endfacet
  facet normal 0 0.98079 -0.195066
    outer loop
      vertex 164.8 73.8385 17.7117
      vertex 167.2 73.6599 16.8137
      vertex 164.8 73.6599 16.8137
    endloop
  endfacet
  facet normal 0 0.555582 -0.831462
    outer loop
      vertex 164.8 76.3387 21.4535
      vertex 167.2 77.1 21.9622
      vertex 167.2 76.3387 21.4535
    endloop
  endfacet
  facet normal 0 0.555582 -0.831462
    outer loop
      vertex 167.2 77.1 21.9622
      vertex 164.8 76.3387 21.4535
      vertex 164.8 77.1 21.9622
    endloop
  endfacet
  facet normal 0 0.3214 -0.946944
    outer loop
      vertex 164.8 77.9212 22.3672
      vertex 167.2 78.7883 22.6615
      vertex 167.2 77.9212 22.3672
    endloop
  endfacet
  facet normal 0 0.3214 -0.946944
    outer loop
      vertex 167.2 78.7883 22.6615
      vertex 164.8 77.9212 22.3672
      vertex 164.8 78.7883 22.6615
    endloop
  endfacet
  facet normal 0 0.946944 0.3214
    outer loop
      vertex 167.2 74.1328 13.2212
      vertex 164.8 73.8385 14.0883
      vertex 167.2 73.8385 14.0883
    endloop
  endfacet
  facet normal 0 0.946944 0.3214
    outer loop
      vertex 164.8 73.8385 14.0883
      vertex 167.2 74.1328 13.2212
      vertex 164.8 74.1328 13.2212
    endloop
  endfacet
  facet normal 0 0.751791 0.659401
    outer loop
      vertex 167.2 75.6503 10.9503
      vertex 164.8 75.0465 11.6387
      vertex 167.2 75.0465 11.6387
    endloop
  endfacet
  facet normal 0 0.751791 0.659401
    outer loop
      vertex 164.8 75.0465 11.6387
      vertex 167.2 75.6503 10.9503
      vertex 164.8 75.6503 10.9503
    endloop
  endfacet
  facet normal -0 0.555567 0.831472
    outer loop
      vertex 164.8 77.1 9.83782
      vertex 167.2 76.3387 10.3465
      vertex 167.2 77.1 9.83782
    endloop
  endfacet
  facet normal 0 0.555567 0.831472
    outer loop
      vertex 167.2 76.3387 10.3465
      vertex 164.8 77.1 9.83782
      vertex 164.8 76.3387 10.3465
    endloop
  endfacet
  facet normal 0 0.831462 -0.555582
    outer loop
      vertex 167.2 74.5378 19.4
      vertex 164.8 75.0465 20.1613
      vertex 167.2 75.0465 20.1613
    endloop
  endfacet
  facet normal 0 0.831462 -0.555582
    outer loop
      vertex 164.8 75.0465 20.1613
      vertex 167.2 74.5378 19.4
      vertex 164.8 74.5378 19.4
    endloop
  endfacet
  facet normal 0 0.89686 -0.442314
    outer loop
      vertex 167.2 74.1328 18.5788
      vertex 164.8 74.5378 19.4
      vertex 167.2 74.5378 19.4
    endloop
  endfacet
  facet normal 0 0.89686 -0.442314
    outer loop
      vertex 164.8 74.5378 19.4
      vertex 167.2 74.1328 18.5788
      vertex 164.8 74.1328 18.5788
    endloop
  endfacet
  facet normal 0 0.997858 0.0654172
    outer loop
      vertex 167.2 73.6599 14.9863
      vertex 164.8 73.6 15.9
      vertex 167.2 73.6 15.9
    endloop
  endfacet
  facet normal 0 0.997858 0.0654172
    outer loop
      vertex 164.8 73.6 15.9
      vertex 167.2 73.6599 14.9863
      vertex 164.8 73.6599 14.9863
    endloop
  endfacet
  facet normal 0 0.997858 -0.0654172
    outer loop
      vertex 167.2 73.6 15.9
      vertex 164.8 73.6599 16.8137
      vertex 167.2 73.6599 16.8137
    endloop
  endfacet
  facet normal 0 0.997858 -0.0654172
    outer loop
      vertex 164.8 73.6599 16.8137
      vertex 167.2 73.6 15.9
      vertex 164.8 73.6 15.9
    endloop
  endfacet
  facet normal 0 0.659401 -0.751791
    outer loop
      vertex 164.8 75.6503 20.8497
      vertex 167.2 76.3387 21.4535
      vertex 167.2 75.6503 20.8497
    endloop
  endfacet
  facet normal 0 0.659401 -0.751791
    outer loop
      vertex 167.2 76.3387 21.4535
      vertex 164.8 75.6503 20.8497
      vertex 164.8 76.3387 21.4535
    endloop
  endfacet
  facet normal 0 0.195066 -0.98079
    outer loop
      vertex 164.8 78.7883 22.6615
      vertex 167.2 79.6863 22.8401
      vertex 167.2 78.7883 22.6615
    endloop
  endfacet
  facet normal 0 0.195066 -0.98079
    outer loop
      vertex 167.2 79.6863 22.8401
      vertex 164.8 78.7883 22.6615
      vertex 164.8 79.6863 22.8401
    endloop
  endfacet
  facet normal 0 0.442314 -0.89686
    outer loop
      vertex 164.8 77.1 21.9622
      vertex 167.2 77.9212 22.3672
      vertex 167.2 77.1 21.9622
    endloop
  endfacet
  facet normal 0 0.442314 -0.89686
    outer loop
      vertex 167.2 77.9212 22.3672
      vertex 164.8 77.1 21.9622
      vertex 164.8 77.9212 22.3672
    endloop
  endfacet
  facet normal 0 0.946944 -0.3214
    outer loop
      vertex 167.2 73.8385 17.7117
      vertex 164.8 74.1328 18.5788
      vertex 167.2 74.1328 18.5788
    endloop
  endfacet
  facet normal 0 0.946944 -0.3214
    outer loop
      vertex 164.8 74.1328 18.5788
      vertex 167.2 73.8385 17.7117
      vertex 164.8 73.8385 17.7117
    endloop
  endfacet
  facet normal 0 0.751791 -0.659401
    outer loop
      vertex 167.2 75.0465 20.1613
      vertex 164.8 75.6503 20.8497
      vertex 167.2 75.6503 20.8497
    endloop
  endfacet
  facet normal 0 0.751791 -0.659401
    outer loop
      vertex 164.8 75.6503 20.8497
      vertex 167.2 75.0465 20.1613
      vertex 164.8 75.0465 20.1613
    endloop
  endfacet
  facet normal 0 0.94688 0.321586
    outer loop
      vertex 167.2 36.5974 20.1563
      vertex 164.8 36.4607 20.5588
      vertex 167.2 36.4607 20.5588
    endloop
  endfacet
  facet normal 0 0.94688 0.321586
    outer loop
      vertex 164.8 36.4607 20.5588
      vertex 167.2 36.5974 20.1563
      vertex 164.8 36.5974 20.1563
    endloop
  endfacet
  facet normal 0 0.980806 0.194985
    outer loop
      vertex 167.2 36.4607 20.5588
      vertex 164.8 36.3778 20.9758
      vertex 167.2 36.3778 20.9758
    endloop
  endfacet
  facet normal 0 0.980806 0.194985
    outer loop
      vertex 164.8 36.3778 20.9758
      vertex 167.2 36.4607 20.5588
      vertex 164.8 36.4607 20.5588
    endloop
  endfacet
  facet normal 0 -0.94692 0.321471
    outer loop
      vertex 164.8 42.6026 20.1563
      vertex 167.2 42.7 20.4432
      vertex 164.8 42.7 20.4432
    endloop
  endfacet
  facet normal 0 -0.94692 0.321471
    outer loop
      vertex 167.2 42.7 20.4432
      vertex 164.8 42.6026 20.1563
      vertex 167.2 42.6026 20.1563
    endloop
  endfacet
  facet normal 0 -1 0
    outer loop
      vertex 164.8 42.7 20.4432
      vertex 167.2 42.7 22.3568
      vertex 164.8 42.7 22.3568
    endloop
  endfacet
  facet normal 0 -1 -0
    outer loop
      vertex 167.2 42.7 22.3568
      vertex 164.8 42.7 20.4432
      vertex 167.2 42.7 20.4432
    endloop
  endfacet
  facet normal 0 -0.555568 0.831471
    outer loop
      vertex 164.8 41.5785 18.8216
      vertex 167.2 41.225 18.5854
      vertex 167.2 41.5785 18.8216
    endloop
  endfacet
  facet normal 0 -0.555568 0.831471
    outer loop
      vertex 167.2 41.225 18.5854
      vertex 164.8 41.5785 18.8216
      vertex 164.8 41.225 18.5854
    endloop
  endfacet
  facet normal 0 0.831471 -0.555568
    outer loop
      vertex 167.2 36.7854 23.025
      vertex 164.8 37.0216 23.3785
      vertex 167.2 37.0216 23.3785
    endloop
  endfacet
  facet normal 0 0.831471 -0.555568
    outer loop
      vertex 164.8 37.0216 23.3785
      vertex 167.2 36.7854 23.025
      vertex 164.8 36.7854 23.025
    endloop
  endfacet
  facet normal 0 0.831471 0.555568
    outer loop
      vertex 167.2 37.0216 19.4215
      vertex 164.8 36.7854 19.775
      vertex 167.2 36.7854 19.775
    endloop
  endfacet
  facet normal 0 0.831471 0.555568
    outer loop
      vertex 164.8 36.7854 19.775
      vertex 167.2 37.0216 19.4215
      vertex 164.8 37.0216 19.4215
    endloop
  endfacet
  facet normal 0 0.896907 0.44222
    outer loop
      vertex 167.2 36.7854 19.775
      vertex 164.8 36.5974 20.1563
      vertex 167.2 36.5974 20.1563
    endloop
  endfacet
  facet normal 0 0.896907 0.44222
    outer loop
      vertex 164.8 36.5974 20.1563
      vertex 167.2 36.7854 19.775
      vertex 164.8 36.7854 19.775
    endloop
  endfacet
  facet normal 0 0.997859 0.0653948
    outer loop
      vertex 167.2 36.3778 20.9758
      vertex 164.8 36.35 21.4
      vertex 167.2 36.35 21.4
    endloop
  endfacet
  facet normal 0 0.997859 0.0653948
    outer loop
      vertex 164.8 36.35 21.4
      vertex 167.2 36.3778 20.9758
      vertex 164.8 36.3778 20.9758
    endloop
  endfacet
  facet normal 0 -0.0653948 -0.997859
    outer loop
      vertex 164.8 39.6 24.65
      vertex 167.2 40.0242 24.6222
      vertex 167.2 39.6 24.65
    endloop
  endfacet
  facet normal -0 -0.0653948 -0.997859
    outer loop
      vertex 167.2 40.0242 24.6222
      vertex 164.8 39.6 24.65
      vertex 164.8 40.0242 24.6222
    endloop
  endfacet
  facet normal -0 0.65937 0.751818
    outer loop
      vertex 164.8 37.6215 18.8216
      vertex 167.2 37.3019 19.1019
      vertex 167.2 37.6215 18.8216
    endloop
  endfacet
  facet normal 0 0.65937 0.751818
    outer loop
      vertex 167.2 37.3019 19.1019
      vertex 164.8 37.6215 18.8216
      vertex 164.8 37.3019 19.1019
    endloop
  endfacet
  facet normal -0 0.194985 0.980806
    outer loop
      vertex 164.8 39.1758 18.1778
      vertex 167.2 38.7588 18.2607
      vertex 167.2 39.1758 18.1778
    endloop
  endfacet
  facet normal 0 0.194985 0.980806
    outer loop
      vertex 167.2 38.7588 18.2607
      vertex 164.8 39.1758 18.1778
      vertex 164.8 38.7588 18.2607
    endloop
  endfacet
  facet normal -0 0.44222 0.896907
    outer loop
      vertex 164.8 38.3563 18.3974
      vertex 167.2 37.975 18.5854
      vertex 167.2 38.3563 18.3974
    endloop
  endfacet
  facet normal 0 0.44222 0.896907
    outer loop
      vertex 167.2 37.975 18.5854
      vertex 164.8 38.3563 18.3974
      vertex 164.8 37.975 18.5854
    endloop
  endfacet
  facet normal 0 -0.0653948 0.997859
    outer loop
      vertex 164.8 40.0242 18.1778
      vertex 167.2 39.6 18.15
      vertex 167.2 40.0242 18.1778
    endloop
  endfacet
  facet normal 0 -0.0653948 0.997859
    outer loop
      vertex 167.2 39.6 18.15
      vertex 164.8 40.0242 18.1778
      vertex 164.8 39.6 18.15
    endloop
  endfacet
  facet normal 0 0.896907 -0.44222
    outer loop
      vertex 167.2 36.5974 22.6437
      vertex 164.8 36.7854 23.025
      vertex 167.2 36.7854 23.025
    endloop
  endfacet
  facet normal 0 0.896907 -0.44222
    outer loop
      vertex 164.8 36.7854 23.025
      vertex 167.2 36.5974 22.6437
      vertex 164.8 36.5974 22.6437
    endloop
  endfacet
  facet normal 0 0.0653948 -0.997859
    outer loop
      vertex 164.8 39.1758 24.6222
      vertex 167.2 39.6 24.65
      vertex 167.2 39.1758 24.6222
    endloop
  endfacet
  facet normal 0 0.0653948 -0.997859
    outer loop
      vertex 167.2 39.6 24.65
      vertex 164.8 39.1758 24.6222
      vertex 164.8 39.6 24.65
    endloop
  endfacet
  facet normal 0 -0.751818 -0.65937
    outer loop
      vertex 164.8 42.1784 23.3785
      vertex 167.2 41.8981 23.6981
      vertex 164.8 41.8981 23.6981
    endloop
  endfacet
  facet normal 0 -0.751818 -0.65937
    outer loop
      vertex 167.2 41.8981 23.6981
      vertex 164.8 42.1784 23.3785
      vertex 167.2 42.1784 23.3785
    endloop
  endfacet
  facet normal 0 -0.321586 -0.94688
    outer loop
      vertex 164.8 40.4412 24.5393
      vertex 167.2 40.8437 24.4026
      vertex 167.2 40.4412 24.5393
    endloop
  endfacet
  facet normal -0 -0.321586 -0.94688
    outer loop
      vertex 167.2 40.8437 24.4026
      vertex 164.8 40.4412 24.5393
      vertex 164.8 40.8437 24.4026
    endloop
  endfacet
  facet normal 0 -0.831471 -0.555568
    outer loop
      vertex 164.8 42.4146 23.025
      vertex 167.2 42.1784 23.3785
      vertex 164.8 42.1784 23.3785
    endloop
  endfacet
  facet normal 0 -0.831471 -0.555568
    outer loop
      vertex 167.2 42.1784 23.3785
      vertex 164.8 42.4146 23.025
      vertex 167.2 42.4146 23.025
    endloop
  endfacet
  facet normal 0 -0.896907 -0.44222
    outer loop
      vertex 164.8 42.6026 22.6437
      vertex 167.2 42.4146 23.025
      vertex 164.8 42.4146 23.025
    endloop
  endfacet
  facet normal 0 -0.896907 -0.44222
    outer loop
      vertex 167.2 42.4146 23.025
      vertex 164.8 42.6026 22.6437
      vertex 167.2 42.6026 22.6437
    endloop
  endfacet
  facet normal -0 0.555568 0.831471
    outer loop
      vertex 164.8 37.975 18.5854
      vertex 167.2 37.6215 18.8216
      vertex 167.2 37.975 18.5854
    endloop
  endfacet
  facet normal 0 0.555568 0.831471
    outer loop
      vertex 167.2 37.6215 18.8216
      vertex 164.8 37.975 18.5854
      vertex 164.8 37.6215 18.8216
    endloop
  endfacet
  facet normal -0 0.0653948 0.997859
    outer loop
      vertex 164.8 39.6 18.15
      vertex 167.2 39.1758 18.1778
      vertex 167.2 39.6 18.15
    endloop
  endfacet
  facet normal 0 0.0653948 0.997859
    outer loop
      vertex 167.2 39.1758 18.1778
      vertex 164.8 39.6 18.15
      vertex 164.8 39.1758 18.1778
    endloop
  endfacet
  facet normal -0 0.321586 0.94688
    outer loop
      vertex 164.8 38.7588 18.2607
      vertex 167.2 38.3563 18.3974
      vertex 167.2 38.7588 18.2607
    endloop
  endfacet
  facet normal 0 0.321586 0.94688
    outer loop
      vertex 167.2 38.3563 18.3974
      vertex 164.8 38.7588 18.2607
      vertex 164.8 38.3563 18.3974
    endloop
  endfacet
  facet normal 0 -0.751818 0.65937
    outer loop
      vertex 164.8 41.8981 19.1019
      vertex 167.2 42.1784 19.4215
      vertex 164.8 42.1784 19.4215
    endloop
  endfacet
  facet normal 0 -0.751818 0.65937
    outer loop
      vertex 167.2 42.1784 19.4215
      vertex 164.8 41.8981 19.1019
      vertex 167.2 41.8981 19.1019
    endloop
  endfacet
  facet normal 0 -0.65937 0.751818
    outer loop
      vertex 164.8 41.8981 19.1019
      vertex 167.2 41.5785 18.8216
      vertex 167.2 41.8981 19.1019
    endloop
  endfacet
  facet normal 0 -0.65937 0.751818
    outer loop
      vertex 167.2 41.5785 18.8216
      vertex 164.8 41.8981 19.1019
      vertex 164.8 41.5785 18.8216
    endloop
  endfacet
  facet normal 0 -0.831471 0.555568
    outer loop
      vertex 164.8 42.1784 19.4215
      vertex 167.2 42.4146 19.775
      vertex 164.8 42.4146 19.775
    endloop
  endfacet
  facet normal 0 -0.831471 0.555568
    outer loop
      vertex 167.2 42.4146 19.775
      vertex 164.8 42.1784 19.4215
      vertex 167.2 42.1784 19.4215
    endloop
  endfacet
  facet normal 0 0.997859 -0.0653948
    outer loop
      vertex 167.2 36.35 21.4
      vertex 164.8 36.3778 21.8242
      vertex 167.2 36.3778 21.8242
    endloop
  endfacet
  facet normal 0 0.997859 -0.0653948
    outer loop
      vertex 164.8 36.3778 21.8242
      vertex 167.2 36.35 21.4
      vertex 164.8 36.35 21.4
    endloop
  endfacet
  facet normal 0 0.94688 -0.321586
    outer loop
      vertex 167.2 36.4607 22.2412
      vertex 164.8 36.5974 22.6437
      vertex 167.2 36.5974 22.6437
    endloop
  endfacet
  facet normal 0 0.94688 -0.321586
    outer loop
      vertex 164.8 36.5974 22.6437
      vertex 167.2 36.4607 22.2412
      vertex 164.8 36.4607 22.2412
    endloop
  endfacet
  facet normal 0 0.44222 -0.896907
    outer loop
      vertex 164.8 37.975 24.2146
      vertex 167.2 38.3563 24.4026
      vertex 167.2 37.975 24.2146
    endloop
  endfacet
  facet normal 0 0.44222 -0.896907
    outer loop
      vertex 167.2 38.3563 24.4026
      vertex 164.8 37.975 24.2146
      vertex 164.8 38.3563 24.4026
    endloop
  endfacet
  facet normal 0 -0.44222 -0.896907
    outer loop
      vertex 164.8 40.8437 24.4026
      vertex 167.2 41.225 24.2146
      vertex 167.2 40.8437 24.4026
    endloop
  endfacet
  facet normal -0 -0.44222 -0.896907
    outer loop
      vertex 167.2 41.225 24.2146
      vertex 164.8 40.8437 24.4026
      vertex 164.8 41.225 24.2146
    endloop
  endfacet
  facet normal 0 -0.194985 -0.980806
    outer loop
      vertex 164.8 40.0242 24.6222
      vertex 167.2 40.4412 24.5393
      vertex 167.2 40.0242 24.6222
    endloop
  endfacet
  facet normal -0 -0.194985 -0.980806
    outer loop
      vertex 167.2 40.4412 24.5393
      vertex 164.8 40.0242 24.6222
      vertex 164.8 40.4412 24.5393
    endloop
  endfacet
  facet normal 0 -0.94692 -0.321471
    outer loop
      vertex 164.8 42.7 22.3568
      vertex 167.2 42.6026 22.6437
      vertex 164.8 42.6026 22.6437
    endloop
  endfacet
  facet normal 0 -0.94692 -0.321471
    outer loop
      vertex 167.2 42.6026 22.6437
      vertex 164.8 42.7 22.3568
      vertex 167.2 42.7 22.3568
    endloop
  endfacet
  facet normal 0 0.751818 0.65937
    outer loop
      vertex 167.2 37.3019 19.1019
      vertex 164.8 37.0216 19.4215
      vertex 167.2 37.0216 19.4215
    endloop
  endfacet
  facet normal 0 0.751818 0.65937
    outer loop
      vertex 164.8 37.0216 19.4215
      vertex 167.2 37.3019 19.1019
      vertex 164.8 37.3019 19.1019
    endloop
  endfacet
  facet normal 0 -0.321586 0.94688
    outer loop
      vertex 164.8 40.8437 18.3974
      vertex 167.2 40.4412 18.2607
      vertex 167.2 40.8437 18.3974
    endloop
  endfacet
  facet normal 0 -0.321586 0.94688
    outer loop
      vertex 167.2 40.4412 18.2607
      vertex 164.8 40.8437 18.3974
      vertex 164.8 40.4412 18.2607
    endloop
  endfacet
  facet normal 0 -0.194985 0.980806
    outer loop
      vertex 164.8 40.4412 18.2607
      vertex 167.2 40.0242 18.1778
      vertex 167.2 40.4412 18.2607
    endloop
  endfacet
  facet normal 0 -0.194985 0.980806
    outer loop
      vertex 167.2 40.0242 18.1778
      vertex 164.8 40.4412 18.2607
      vertex 164.8 40.0242 18.1778
    endloop
  endfacet
  facet normal 0 -0.896907 0.44222
    outer loop
      vertex 164.8 42.4146 19.775
      vertex 167.2 42.6026 20.1563
      vertex 164.8 42.6026 20.1563
    endloop
  endfacet
  facet normal 0 -0.896907 0.44222
    outer loop
      vertex 167.2 42.6026 20.1563
      vertex 164.8 42.4146 19.775
      vertex 167.2 42.4146 19.775
    endloop
  endfacet
  facet normal 0 0.980806 -0.194985
    outer loop
      vertex 167.2 36.3778 21.8242
      vertex 164.8 36.4607 22.2412
      vertex 167.2 36.4607 22.2412
    endloop
  endfacet
  facet normal 0 0.980806 -0.194985
    outer loop
      vertex 164.8 36.4607 22.2412
      vertex 167.2 36.3778 21.8242
      vertex 164.8 36.3778 21.8242
    endloop
  endfacet
  facet normal 0 0.194985 -0.980806
    outer loop
      vertex 164.8 38.7588 24.5393
      vertex 167.2 39.1758 24.6222
      vertex 167.2 38.7588 24.5393
    endloop
  endfacet
  facet normal 0 0.194985 -0.980806
    outer loop
      vertex 167.2 39.1758 24.6222
      vertex 164.8 38.7588 24.5393
      vertex 164.8 39.1758 24.6222
    endloop
  endfacet
  facet normal 0 0.751818 -0.65937
    outer loop
      vertex 167.2 37.0216 23.3785
      vertex 164.8 37.3019 23.6981
      vertex 167.2 37.3019 23.6981
    endloop
  endfacet
  facet normal 0 0.751818 -0.65937
    outer loop
      vertex 164.8 37.3019 23.6981
      vertex 167.2 37.0216 23.3785
      vertex 164.8 37.0216 23.3785
    endloop
  endfacet
  facet normal 0 0.321586 -0.94688
    outer loop
      vertex 164.8 38.3563 24.4026
      vertex 167.2 38.7588 24.5393
      vertex 167.2 38.3563 24.4026
    endloop
  endfacet
  facet normal 0 0.321586 -0.94688
    outer loop
      vertex 167.2 38.7588 24.5393
      vertex 164.8 38.3563 24.4026
      vertex 164.8 38.7588 24.5393
    endloop
  endfacet
  facet normal 0 -0.44222 0.896907
    outer loop
      vertex 164.8 41.225 18.5854
      vertex 167.2 40.8437 18.3974
      vertex 167.2 41.225 18.5854
    endloop
  endfacet
  facet normal 0 -0.44222 0.896907
    outer loop
      vertex 167.2 40.8437 18.3974
      vertex 164.8 41.225 18.5854
      vertex 164.8 40.8437 18.3974
    endloop
  endfacet
  facet normal 0 0.65937 -0.751818
    outer loop
      vertex 164.8 37.3019 23.6981
      vertex 167.2 37.6215 23.9784
      vertex 167.2 37.3019 23.6981
    endloop
  endfacet
  facet normal 0 0.65937 -0.751818
    outer loop
      vertex 167.2 37.6215 23.9784
      vertex 164.8 37.3019 23.6981
      vertex 164.8 37.6215 23.9784
    endloop
  endfacet
  facet normal 0 0.555568 -0.831471
    outer loop
      vertex 164.8 37.6215 23.9784
      vertex 167.2 37.975 24.2146
      vertex 167.2 37.6215 23.9784
    endloop
  endfacet
  facet normal 0 0.555568 -0.831471
    outer loop
      vertex 167.2 37.975 24.2146
      vertex 164.8 37.6215 23.9784
      vertex 164.8 37.975 24.2146
    endloop
  endfacet
  facet normal 0 -0.555568 -0.831471
    outer loop
      vertex 164.8 41.225 24.2146
      vertex 167.2 41.5785 23.9784
      vertex 167.2 41.225 24.2146
    endloop
  endfacet
  facet normal -0 -0.555568 -0.831471
    outer loop
      vertex 167.2 41.5785 23.9784
      vertex 164.8 41.225 24.2146
      vertex 164.8 41.5785 23.9784
    endloop
  endfacet
  facet normal 0 -0.65937 -0.751818
    outer loop
      vertex 164.8 41.5785 23.9784
      vertex 167.2 41.8981 23.6981
      vertex 167.2 41.5785 23.9784
    endloop
  endfacet
  facet normal -0 -0.65937 -0.751818
    outer loop
      vertex 167.2 41.8981 23.6981
      vertex 164.8 41.5785 23.9784
      vertex 164.8 41.8981 23.6981
    endloop
  endfacet
  facet normal -0.995185 0 0.0980099
    outer loop
      vertex 38.2097 112.8 34.4831
      vertex 38.3 115.2 35.4
      vertex 38.2097 115.2 34.4831
    endloop
  endfacet
  facet normal -0.995185 0 0.0980099
    outer loop
      vertex 38.3 115.2 35.4
      vertex 38.2097 112.8 34.4831
      vertex 38.3 112.8 35.4
    endloop
  endfacet
  facet normal 0.995185 -0 0.0980099
    outer loop
      vertex 28.9 112.8 35.4
      vertex 28.9903 115.2 34.4831
      vertex 28.9 115.2 35.4
    endloop
  endfacet
  facet normal 0.995185 0 0.0980099
    outer loop
      vertex 28.9903 115.2 34.4831
      vertex 28.9 112.8 35.4
      vertex 28.9903 112.8 34.4831
    endloop
  endfacet
  facet normal 0.0980099 0 0.995185
    outer loop
      vertex 32.6831 116.2 30.7903
      vertex 33.6 112.8 30.7
      vertex 33.6 116.2 30.7
    endloop
  endfacet
  facet normal 0.0980099 0 0.995185
    outer loop
      vertex 33.6 112.8 30.7
      vertex 32.6831 116.2 30.7903
      vertex 32.6831 112.8 30.7903
    endloop
  endfacet
  facet normal -0.63438 0 0.773022
    outer loop
      vertex 36.8301 116.2 32
      vertex 36.2112 116.2 31.4921
      vertex 36.8301 115.2 32
    endloop
  endfacet
  facet normal -0.634545 0 0.772886
    outer loop
      vertex 36.8301 115.2 32
      vertex 36.9234 112.8 32.0766
      vertex 36.9234 115.2 32.0766
    endloop
  endfacet
  facet normal -0.63438 0 0.773022
    outer loop
      vertex 36.2112 112.8 31.4921
      vertex 36.8301 115.2 32
      vertex 36.2112 116.2 31.4921
    endloop
  endfacet
  facet normal -0.634401 9.34779e-06 0.773004
    outer loop
      vertex 36.8301 115.2 32
      vertex 36.2112 112.8 31.4921
      vertex 36.9234 112.8 32.0766
    endloop
  endfacet
  facet normal 0.773004 -0 0.634401
    outer loop
      vertex 29.6921 112.8 32.7888
      vertex 30.2766 115.2 32.0766
      vertex 29.6921 115.2 32.7888
    endloop
  endfacet
  facet normal 0.773004 0 0.634401
    outer loop
      vertex 30.2766 115.2 32.0766
      vertex 29.6921 112.8 32.7888
      vertex 30.2766 112.8 32.0766
    endloop
  endfacet
  facet normal 0 -1 0
    outer loop
      vertex 31.8014 116.2 31.0578
      vertex 30.3699 116.2 32
      vertex 30.9888 116.2 31.4921
    endloop
  endfacet
  facet normal 0 -1 0
    outer loop
      vertex 30.3699 116.2 32
      vertex 31.8014 116.2 31.0578
      vertex 36.8301 116.2 32
    endloop
  endfacet
  facet normal 0 -1 0
    outer loop
      vertex 35.3986 116.2 31.0578
      vertex 36.8301 116.2 32
      vertex 31.8014 116.2 31.0578
    endloop
  endfacet
  facet normal 0 -1 0
    outer loop
      vertex 36.8301 116.2 32
      vertex 35.3986 116.2 31.0578
      vertex 36.2112 116.2 31.4921
    endloop
  endfacet
  facet normal 0 -1 0
    outer loop
      vertex 32.6831 116.2 30.7903
      vertex 35.3986 116.2 31.0578
      vertex 31.8014 116.2 31.0578
    endloop
  endfacet
  facet normal 0 -1 0
    outer loop
      vertex 32.6831 116.2 30.7903
      vertex 34.5169 116.2 30.7903
      vertex 35.3986 116.2 31.0578
    endloop
  endfacet
  facet normal -0 -1 0
    outer loop
      vertex 34.5169 116.2 30.7903
      vertex 32.6831 116.2 30.7903
      vertex 33.6 116.2 30.7
    endloop
  endfacet
  facet normal 0.47136 0 0.881941
    outer loop
      vertex 30.9888 116.2 31.4921
      vertex 31.8014 112.8 31.0578
      vertex 31.8014 116.2 31.0578
    endloop
  endfacet
  facet normal 0.47136 0 0.881941
    outer loop
      vertex 31.8014 112.8 31.0578
      vertex 30.9888 116.2 31.4921
      vertex 30.9888 112.8 31.4921
    endloop
  endfacet
  facet normal -0.881941 0 0.47136
    outer loop
      vertex 37.5079 112.8 32.7888
      vertex 37.9422 115.2 33.6014
      vertex 37.5079 115.2 32.7888
    endloop
  endfacet
  facet normal -0.881941 0 0.47136
    outer loop
      vertex 37.9422 115.2 33.6014
      vertex 37.5079 112.8 32.7888
      vertex 37.9422 112.8 33.6014
    endloop
  endfacet
  facet normal -0.956929 0 0.290324
    outer loop
      vertex 37.9422 112.8 33.6014
      vertex 38.2097 115.2 34.4831
      vertex 37.9422 115.2 33.6014
    endloop
  endfacet
  facet normal -0.956929 0 0.290324
    outer loop
      vertex 38.2097 115.2 34.4831
      vertex 37.9422 112.8 33.6014
      vertex 38.2097 112.8 34.4831
    endloop
  endfacet
  facet normal -0.773004 0 0.634401
    outer loop
      vertex 36.9234 112.8 32.0766
      vertex 37.5079 115.2 32.7888
      vertex 36.9234 115.2 32.0766
    endloop
  endfacet
  facet normal -0.773004 0 0.634401
    outer loop
      vertex 37.5079 115.2 32.7888
      vertex 36.9234 112.8 32.0766
      vertex 37.5079 112.8 32.7888
    endloop
  endfacet
  facet normal -0.290324 0 0.956929
    outer loop
      vertex 34.5169 116.2 30.7903
      vertex 35.3986 112.8 31.0578
      vertex 35.3986 116.2 31.0578
    endloop
  endfacet
  facet normal -0.290324 0 0.956929
    outer loop
      vertex 35.3986 112.8 31.0578
      vertex 34.5169 116.2 30.7903
      vertex 34.5169 112.8 30.7903
    endloop
  endfacet
  facet normal -0.0980099 0 0.995185
    outer loop
      vertex 33.6 116.2 30.7
      vertex 34.5169 112.8 30.7903
      vertex 34.5169 116.2 30.7903
    endloop
  endfacet
  facet normal -0.0980099 0 0.995185
    outer loop
      vertex 34.5169 112.8 30.7903
      vertex 33.6 116.2 30.7
      vertex 33.6 112.8 30.7
    endloop
  endfacet
  facet normal -0.47136 0 0.881941
    outer loop
      vertex 35.3986 116.2 31.0578
      vertex 36.2112 112.8 31.4921
      vertex 36.2112 116.2 31.4921
    endloop
  endfacet
  facet normal -0.47136 0 0.881941
    outer loop
      vertex 36.2112 112.8 31.4921
      vertex 35.3986 116.2 31.0578
      vertex 35.3986 112.8 31.0578
    endloop
  endfacet
  facet normal 0.881941 -0 0.47136
    outer loop
      vertex 29.2578 112.8 33.6014
      vertex 29.6921 115.2 32.7888
      vertex 29.2578 115.2 33.6014
    endloop
  endfacet
  facet normal 0.881941 0 0.47136
    outer loop
      vertex 29.6921 115.2 32.7888
      vertex 29.2578 112.8 33.6014
      vertex 29.6921 112.8 32.7888
    endloop
  endfacet
  facet normal 0.956929 -0 0.290324
    outer loop
      vertex 28.9903 112.8 34.4831
      vertex 29.2578 115.2 33.6014
      vertex 28.9903 115.2 34.4831
    endloop
  endfacet
  facet normal 0.956929 0 0.290324
    outer loop
      vertex 29.2578 115.2 33.6014
      vertex 28.9903 112.8 34.4831
      vertex 29.2578 112.8 33.6014
    endloop
  endfacet
  facet normal 0.63438 -0 0.773022
    outer loop
      vertex 30.3699 115.2 32
      vertex 30.9888 116.2 31.4921
      vertex 30.3699 116.2 32
    endloop
  endfacet
  facet normal 0.63438 0 0.773022
    outer loop
      vertex 30.9888 116.2 31.4921
      vertex 30.3699 115.2 32
      vertex 30.9888 112.8 31.4921
    endloop
  endfacet
  facet normal 0.634545 -0 0.772886
    outer loop
      vertex 30.2766 112.8 32.0766
      vertex 30.3699 115.2 32
      vertex 30.2766 115.2 32.0766
    endloop
  endfacet
  facet normal 0.634401 9.34779e-06 0.773004
    outer loop
      vertex 30.3699 115.2 32
      vertex 30.2766 112.8 32.0766
      vertex 30.9888 112.8 31.4921
    endloop
  endfacet
  facet normal 0.290324 0 0.956929
    outer loop
      vertex 31.8014 116.2 31.0578
      vertex 32.6831 112.8 30.7903
      vertex 32.6831 116.2 30.7903
    endloop
  endfacet
  facet normal 0.290324 0 0.956929
    outer loop
      vertex 32.6831 112.8 30.7903
      vertex 31.8014 116.2 31.0578
      vertex 31.8014 112.8 31.0578
    endloop
  endfacet
  facet normal -0.995185 0 -0.0980099
    outer loop
      vertex 38.3 112.8 35.4
      vertex 38.2097 115.2 36.3169
      vertex 38.3 115.2 35.4
    endloop
  endfacet
  facet normal -0.995185 -0 -0.0980099
    outer loop
      vertex 38.2097 115.2 36.3169
      vertex 38.3 112.8 35.4
      vertex 38.2097 112.8 36.3169
    endloop
  endfacet
  facet normal -0.881941 0 -0.47136
    outer loop
      vertex 37.9422 112.8 37.1986
      vertex 37.5079 115.2 38.0112
      vertex 37.9422 115.2 37.1986
    endloop
  endfacet
  facet normal -0.881941 -0 -0.47136
    outer loop
      vertex 37.5079 115.2 38.0112
      vertex 37.9422 112.8 37.1986
      vertex 37.5079 112.8 38.0112
    endloop
  endfacet
  facet normal 0.0980099 0 -0.995185
    outer loop
      vertex 32.6831 112.8 40.0097
      vertex 33.6 115.2 40.1
      vertex 33.6 112.8 40.1
    endloop
  endfacet
  facet normal 0.0980099 0 -0.995185
    outer loop
      vertex 33.6 115.2 40.1
      vertex 32.6831 112.8 40.0097
      vertex 32.6831 115.2 40.0097
    endloop
  endfacet
  facet normal 0.881941 0 -0.47136
    outer loop
      vertex 29.6921 112.8 38.0112
      vertex 29.2578 115.2 37.1986
      vertex 29.6921 115.2 38.0112
    endloop
  endfacet
  facet normal 0.881941 0 -0.47136
    outer loop
      vertex 29.2578 115.2 37.1986
      vertex 29.6921 112.8 38.0112
      vertex 29.2578 112.8 37.1986
    endloop
  endfacet
  facet normal -0.634401 0 -0.773004
    outer loop
      vertex 36.2112 112.8 39.3079
      vertex 36.9234 115.2 38.7234
      vertex 36.9234 112.8 38.7234
    endloop
  endfacet
  facet normal -0.634401 0 -0.773004
    outer loop
      vertex 36.9234 115.2 38.7234
      vertex 36.2112 112.8 39.3079
      vertex 36.2112 115.2 39.3079
    endloop
  endfacet
  facet normal 0.290324 0 -0.956929
    outer loop
      vertex 31.8014 112.8 39.7422
      vertex 32.6831 115.2 40.0097
      vertex 32.6831 112.8 40.0097
    endloop
  endfacet
  facet normal 0.290324 0 -0.956929
    outer loop
      vertex 32.6831 115.2 40.0097
      vertex 31.8014 112.8 39.7422
      vertex 31.8014 115.2 39.7422
    endloop
  endfacet
  facet normal 0.773004 0 -0.634401
    outer loop
      vertex 30.2766 112.8 38.7234
      vertex 29.6921 115.2 38.0112
      vertex 30.2766 115.2 38.7234
    endloop
  endfacet
  facet normal 0.773004 0 -0.634401
    outer loop
      vertex 29.6921 115.2 38.0112
      vertex 30.2766 112.8 38.7234
      vertex 29.6921 112.8 38.0112
    endloop
  endfacet
  facet normal 0.995185 0 -0.0980099
    outer loop
      vertex 28.9903 112.8 36.3169
      vertex 28.9 115.2 35.4
      vertex 28.9903 115.2 36.3169
    endloop
  endfacet
  facet normal 0.995185 0 -0.0980099
    outer loop
      vertex 28.9 115.2 35.4
      vertex 28.9903 112.8 36.3169
      vertex 28.9 112.8 35.4
    endloop
  endfacet
  facet normal 0.956929 0 -0.290324
    outer loop
      vertex 29.2578 112.8 37.1986
      vertex 28.9903 115.2 36.3169
      vertex 29.2578 115.2 37.1986
    endloop
  endfacet
  facet normal 0.956929 0 -0.290324
    outer loop
      vertex 28.9903 115.2 36.3169
      vertex 29.2578 112.8 37.1986
      vertex 28.9903 112.8 36.3169
    endloop
  endfacet
  facet normal -0.290324 0 -0.956929
    outer loop
      vertex 34.5169 112.8 40.0097
      vertex 35.3986 115.2 39.7422
      vertex 35.3986 112.8 39.7422
    endloop
  endfacet
  facet normal -0.290324 0 -0.956929
    outer loop
      vertex 35.3986 115.2 39.7422
      vertex 34.5169 112.8 40.0097
      vertex 34.5169 115.2 40.0097
    endloop
  endfacet
  facet normal -0.773004 0 -0.634401
    outer loop
      vertex 37.5079 112.8 38.0112
      vertex 36.9234 115.2 38.7234
      vertex 37.5079 115.2 38.0112
    endloop
  endfacet
  facet normal -0.773004 -0 -0.634401
    outer loop
      vertex 36.9234 115.2 38.7234
      vertex 37.5079 112.8 38.0112
      vertex 36.9234 112.8 38.7234
    endloop
  endfacet
  facet normal -0.956929 0 -0.290324
    outer loop
      vertex 38.2097 112.8 36.3169
      vertex 37.9422 115.2 37.1986
      vertex 38.2097 115.2 36.3169
    endloop
  endfacet
  facet normal -0.956929 -0 -0.290324
    outer loop
      vertex 37.9422 115.2 37.1986
      vertex 38.2097 112.8 36.3169
      vertex 37.9422 112.8 37.1986
    endloop
  endfacet
  facet normal -0.0980099 0 -0.995185
    outer loop
      vertex 33.6 112.8 40.1
      vertex 34.5169 115.2 40.0097
      vertex 34.5169 112.8 40.0097
    endloop
  endfacet
  facet normal -0.0980099 0 -0.995185
    outer loop
      vertex 34.5169 115.2 40.0097
      vertex 33.6 112.8 40.1
      vertex 33.6 115.2 40.1
    endloop
  endfacet
  facet normal 0.47136 0 -0.881941
    outer loop
      vertex 30.9888 112.8 39.3079
      vertex 31.8014 115.2 39.7422
      vertex 31.8014 112.8 39.7422
    endloop
  endfacet
  facet normal 0.47136 0 -0.881941
    outer loop
      vertex 31.8014 115.2 39.7422
      vertex 30.9888 112.8 39.3079
      vertex 30.9888 115.2 39.3079
    endloop
  endfacet
  facet normal 0.634401 0 -0.773004
    outer loop
      vertex 30.2766 112.8 38.7234
      vertex 30.9888 115.2 39.3079
      vertex 30.9888 112.8 39.3079
    endloop
  endfacet
  facet normal 0.634401 0 -0.773004
    outer loop
      vertex 30.9888 115.2 39.3079
      vertex 30.2766 112.8 38.7234
      vertex 30.2766 115.2 38.7234
    endloop
  endfacet
  facet normal -0.47136 0 -0.881941
    outer loop
      vertex 35.3986 112.8 39.7422
      vertex 36.2112 115.2 39.3079
      vertex 36.2112 112.8 39.3079
    endloop
  endfacet
  facet normal -0.47136 0 -0.881941
    outer loop
      vertex 36.2112 115.2 39.3079
      vertex 35.3986 112.8 39.7422
      vertex 35.3986 115.2 39.7422
    endloop
  endfacet
  facet normal -1 0 0
    outer loop
      vertex 0 19 6.9
      vertex 0 31 7.4
      vertex 0 31 6.9
    endloop
  endfacet
  facet normal -1 -0 0
    outer loop
      vertex 0 31 7.4
      vertex 0 19 6.9
      vertex 0 19 7.4
    endloop
  endfacet
  facet normal -0 0 1
    outer loop
      vertex 0 31 7.4
      vertex 2.4 19 7.4
      vertex 2.4 31 7.4
    endloop
  endfacet
  facet normal 0 0 1
    outer loop
      vertex 2.4 19 7.4
      vertex 0 31 7.4
      vertex 0 19 7.4
    endloop
  endfacet
  facet normal 0 0 1
    outer loop
      vertex 6.1443 16.7365 7.4
      vertex 5.4 17.8848 7.4
      vertex 6.1 16.4 7.4
    endloop
  endfacet
  facet normal 0 0 1
    outer loop
      vertex 5.4 14.9152 7.4
      vertex 6.1 16.4 7.4
      vertex 5.4 17.8848 7.4
    endloop
  endfacet
  facet normal 0 -0 1
    outer loop
      vertex 5.63223 14.6322 7.4
      vertex 6.1 16.4 7.4
      vertex 5.4 14.9152 7.4
    endloop
  endfacet
  facet normal 0 0 1
    outer loop
      vertex 6.1 16.4 7.4
      vertex 5.63223 14.6322 7.4
      vertex 5.91521 14.4 7.4
    endloop
  endfacet
  facet normal 0 0 1
    outer loop
      vertex 6.1443 99.1365 7.4
      vertex 5.4 100.285 7.4
      vertex 6.1 98.8 7.4
    endloop
  endfacet
  facet normal 0 0 1
    outer loop
      vertex 5.4 97.3152 7.4
      vertex 6.1 98.8 7.4
      vertex 5.4 100.285 7.4
    endloop
  endfacet
  facet normal 0 -0 1
    outer loop
      vertex 5.63223 97.0322 7.4
      vertex 6.1 98.8 7.4
      vertex 5.4 97.3152 7.4
    endloop
  endfacet
  facet normal 0 0 1
    outer loop
      vertex 6.1 98.8 7.4
      vertex 5.63223 97.0322 7.4
      vertex 6.01107 96.7213 7.4
    endloop
  endfacet
  facet normal 0 0 1
    outer loop
      vertex 8.7 16.4 7.4
      vertex 9.9 16.4 7.4
      vertex 9.85196 16.8877 7.4
    endloop
  endfacet
  facet normal 0 0 1
    outer loop
      vertex 8.6557 16.7365 7.4
      vertex 9.85196 16.8877 7.4
      vertex 9.7097 17.3567 7.4
    endloop
  endfacet
  facet normal 0 0 1
    outer loop
      vertex 9.9 16.4 7.4
      vertex 8.7 16.4 7.4
      vertex 9.85196 15.9123 7.4
    endloop
  endfacet
  facet normal 0 0 1
    outer loop
      vertex 8.52583 17.05 7.4
      vertex 9.7097 17.3567 7.4
      vertex 9.47867 17.7889 7.4
    endloop
  endfacet
  facet normal -0 0 1
    outer loop
      vertex 8.6557 16.0635 7.4
      vertex 9.85196 15.9123 7.4
      vertex 8.7 16.4 7.4
    endloop
  endfacet
  facet normal 0 0 1
    outer loop
      vertex 8.44319 17.1577 7.4
      vertex 9.47867 17.7889 7.4
      vertex 9.16777 18.1678 7.4
    endloop
  endfacet
  facet normal 0 0 1
    outer loop
      vertex 9.85196 15.9123 7.4
      vertex 8.6557 16.0635 7.4
      vertex 9.7097 15.4433 7.4
    endloop
  endfacet
  facet normal -0 0 1
    outer loop
      vertex 8.52583 15.75 7.4
      vertex 9.7097 15.4433 7.4
      vertex 8.6557 16.0635 7.4
    endloop
  endfacet
  facet normal 0 0 1
    outer loop
      vertex 8.31924 17.3192 7.4
      vertex 9.16777 18.1678 7.4
      vertex 8.78893 18.4787 7.4
    endloop
  endfacet
  facet normal 0 0 1
    outer loop
      vertex 84.9 16.4 7.4
      vertex 86.1 16.4 7.4
      vertex 86.052 16.8877 7.4
    endloop
  endfacet
  facet normal 0 0 1
    outer loop
      vertex 84.8557 16.7365 7.4
      vertex 86.052 16.8877 7.4
      vertex 85.9097 17.3567 7.4
    endloop
  endfacet
  facet normal 0 0 1
    outer loop
      vertex 86.1 16.4 7.4
      vertex 84.9 16.4 7.4
      vertex 86.052 15.9123 7.4
    endloop
  endfacet
  facet normal 0 0 1
    outer loop
      vertex 84.7258 17.05 7.4
      vertex 85.9097 17.3567 7.4
      vertex 85.6787 17.7889 7.4
    endloop
  endfacet
  facet normal -0 0 1
    outer loop
      vertex 84.8557 16.0635 7.4
      vertex 86.052 15.9123 7.4
      vertex 84.9 16.4 7.4
    endloop
  endfacet
  facet normal 0 0 1
    outer loop
      vertex 84.5192 17.3192 7.4
      vertex 85.6787 17.7889 7.4
      vertex 85.3678 18.1678 7.4
    endloop
  endfacet
  facet normal 0 0 1
    outer loop
      vertex 86.052 15.9123 7.4
      vertex 84.8557 16.0635 7.4
      vertex 85.9097 15.4433 7.4
    endloop
  endfacet
  facet normal -0 0 1
    outer loop
      vertex 84.7258 15.75 7.4
      vertex 85.9097 15.4433 7.4
      vertex 84.8557 16.0635 7.4
    endloop
  endfacet
  facet normal 0 0 1
    outer loop
      vertex 84.5192 17.3192 7.4
      vertex 85.3678 18.1678 7.4
      vertex 84.9889 18.4787 7.4
    endloop
  endfacet
  facet normal 0 0 1
    outer loop
      vertex 158.674 17.05 7.4
      vertex 157.49 17.3567 7.4
      vertex 158.544 16.7365 7.4
    endloop
  endfacet
  facet normal -0 0 1
    outer loop
      vertex 157.348 16.8877 7.4
      vertex 158.544 16.7365 7.4
      vertex 157.49 17.3567 7.4
    endloop
  endfacet
  facet normal 0 -0 1
    outer loop
      vertex 158.032 14.6322 7.4
      vertex 158.5 16.4 7.4
      vertex 157.721 15.0111 7.4
    endloop
  endfacet
  facet normal 0 0 1
    outer loop
      vertex 158.5 16.4 7.4
      vertex 158.032 14.6322 7.4
      vertex 158.315 14.4 7.4
    endloop
  endfacet
  facet normal 0 0 1
    outer loop
      vertex 158.544 16.7365 7.4
      vertex 157.348 16.8877 7.4
      vertex 158.5 16.4 7.4
    endloop
  endfacet
  facet normal 0 0 1
    outer loop
      vertex 158.5 16.4 7.4
      vertex 157.49 15.4433 7.4
      vertex 157.721 15.0111 7.4
    endloop
  endfacet
  facet normal 0 0 1
    outer loop
      vertex 157.3 16.4 7.4
      vertex 158.5 16.4 7.4
      vertex 157.348 16.8877 7.4
    endloop
  endfacet
  facet normal 0 0 1
    outer loop
      vertex 158.5 16.4 7.4
      vertex 157.348 15.9123 7.4
      vertex 157.49 15.4433 7.4
    endloop
  endfacet
  facet normal 0 0 1
    outer loop
      vertex 158.5 16.4 7.4
      vertex 157.3 16.4 7.4
      vertex 157.348 15.9123 7.4
    endloop
  endfacet
  facet normal 0 0 1
    outer loop
      vertex 158.674 99.45 7.4
      vertex 157.49 99.7567 7.4
      vertex 158.544 99.1365 7.4
    endloop
  endfacet
  facet normal 0 0 1
    outer loop
      vertex 158.5 98.8 7.4
      vertex 158.032 97.0322 7.4
      vertex 158.411 96.7213 7.4
    endloop
  endfacet
  facet normal -0 0 1
    outer loop
      vertex 157.348 99.2877 7.4
      vertex 158.544 99.1365 7.4
      vertex 157.49 99.7567 7.4
    endloop
  endfacet
  facet normal 0 0 1
    outer loop
      vertex 158.5 98.8 7.4
      vertex 157.721 97.4111 7.4
      vertex 158.032 97.0322 7.4
    endloop
  endfacet
  facet normal 0 0 1
    outer loop
      vertex 158.544 99.1365 7.4
      vertex 157.348 99.2877 7.4
      vertex 158.5 98.8 7.4
    endloop
  endfacet
  facet normal 0 0 1
    outer loop
      vertex 158.5 98.8 7.4
      vertex 157.49 97.8433 7.4
      vertex 157.721 97.4111 7.4
    endloop
  endfacet
  facet normal 0 0 1
    outer loop
      vertex 157.3 98.8 7.4
      vertex 158.5 98.8 7.4
      vertex 157.348 99.2877 7.4
    endloop
  endfacet
  facet normal 0 0 1
    outer loop
      vertex 158.5 98.8 7.4
      vertex 157.348 98.3123 7.4
      vertex 157.49 97.8433 7.4
    endloop
  endfacet
  facet normal 0 0 1
    outer loop
      vertex 158.5 98.8 7.4
      vertex 157.3 98.8 7.4
      vertex 157.348 98.3123 7.4
    endloop
  endfacet
  facet normal 0 0 1
    outer loop
      vertex 84.9 98.8 7.4
      vertex 86.1 98.8 7.4
      vertex 86.052 99.2877 7.4
    endloop
  endfacet
  facet normal 0 0 1
    outer loop
      vertex 84.8557 99.1365 7.4
      vertex 86.052 99.2877 7.4
      vertex 85.9097 99.7567 7.4
    endloop
  endfacet
  facet normal 0 0 1
    outer loop
      vertex 86.1 98.8 7.4
      vertex 84.9 98.8 7.4
      vertex 86.052 98.3123 7.4
    endloop
  endfacet
  facet normal 0 0 1
    outer loop
      vertex 84.7258 99.45 7.4
      vertex 85.9097 99.7567 7.4
      vertex 85.6787 100.189 7.4
    endloop
  endfacet
  facet normal -0 0 1
    outer loop
      vertex 84.8557 98.4635 7.4
      vertex 86.052 98.3123 7.4
      vertex 84.9 98.8 7.4
    endloop
  endfacet
  facet normal 0 0 1
    outer loop
      vertex 84.5192 99.7192 7.4
      vertex 85.6787 100.189 7.4
      vertex 85.3678 100.568 7.4
    endloop
  endfacet
  facet normal 0 0 1
    outer loop
      vertex 86.052 98.3123 7.4
      vertex 84.8557 98.4635 7.4
      vertex 85.9097 97.8433 7.4
    endloop
  endfacet
  facet normal 0 0 1
    outer loop
      vertex 84.5192 99.7192 7.4
      vertex 85.3678 100.568 7.4
      vertex 85.0848 100.8 7.4
    endloop
  endfacet
  facet normal -0 0 1
    outer loop
      vertex 84.7258 98.15 7.4
      vertex 85.9097 97.8433 7.4
      vertex 84.8557 98.4635 7.4
    endloop
  endfacet
  facet normal 0 0 1
    outer loop
      vertex 82.4742 17.05 7.4
      vertex 81.2903 17.3567 7.4
      vertex 82.3443 16.7365 7.4
    endloop
  endfacet
  facet normal -0 0 1
    outer loop
      vertex 81.148 16.8877 7.4
      vertex 82.3443 16.7365 7.4
      vertex 81.2903 17.3567 7.4
    endloop
  endfacet
  facet normal 0 -0 1
    outer loop
      vertex 81.8322 14.6322 7.4
      vertex 82.3 16.4 7.4
      vertex 81.5213 15.0111 7.4
    endloop
  endfacet
  facet normal 0 0 1
    outer loop
      vertex 82.3 16.4 7.4
      vertex 81.8322 14.6322 7.4
      vertex 82.1152 14.4 7.4
    endloop
  endfacet
  facet normal 0 0 1
    outer loop
      vertex 82.3443 16.7365 7.4
      vertex 81.148 16.8877 7.4
      vertex 82.3 16.4 7.4
    endloop
  endfacet
  facet normal 0 0 1
    outer loop
      vertex 82.3 16.4 7.4
      vertex 81.2903 15.4433 7.4
      vertex 81.5213 15.0111 7.4
    endloop
  endfacet
  facet normal 0 0 1
    outer loop
      vertex 81.1 16.4 7.4
      vertex 82.3 16.4 7.4
      vertex 81.148 16.8877 7.4
    endloop
  endfacet
  facet normal 0 0 1
    outer loop
      vertex 82.3 16.4 7.4
      vertex 81.148 15.9123 7.4
      vertex 81.2903 15.4433 7.4
    endloop
  endfacet
  facet normal 0 0 1
    outer loop
      vertex 82.3 16.4 7.4
      vertex 81.1 16.4 7.4
      vertex 81.148 15.9123 7.4
    endloop
  endfacet
  facet normal 0 0 1
    outer loop
      vertex 82.4742 99.45 7.4
      vertex 81.2903 99.7567 7.4
      vertex 82.3443 99.1365 7.4
    endloop
  endfacet
  facet normal 0 0 1
    outer loop
      vertex 82.3 98.8 7.4
      vertex 81.8322 97.0322 7.4
      vertex 82.2111 96.7213 7.4
    endloop
  endfacet
  facet normal -0 0 1
    outer loop
      vertex 81.148 99.2877 7.4
      vertex 82.3443 99.1365 7.4
      vertex 81.2903 99.7567 7.4
    endloop
  endfacet
  facet normal 0 0 1
    outer loop
      vertex 82.3 98.8 7.4
      vertex 81.5213 97.4111 7.4
      vertex 81.8322 97.0322 7.4
    endloop
  endfacet
  facet normal 0 0 1
    outer loop
      vertex 82.3443 99.1365 7.4
      vertex 81.148 99.2877 7.4
      vertex 82.3 98.8 7.4
    endloop
  endfacet
  facet normal 0 0 1
    outer loop
      vertex 82.3 98.8 7.4
      vertex 81.2903 97.8433 7.4
      vertex 81.5213 97.4111 7.4
    endloop
  endfacet
  facet normal 0 0 1
    outer loop
      vertex 81.1 98.8 7.4
      vertex 82.3 98.8 7.4
      vertex 81.148 99.2877 7.4
    endloop
  endfacet
  facet normal 0 0 1
    outer loop
      vertex 82.3 98.8 7.4
      vertex 81.148 98.3123 7.4
      vertex 81.2903 97.8433 7.4
    endloop
  endfacet
  facet normal 0 0 1
    outer loop
      vertex 82.3 98.8 7.4
      vertex 81.1 98.8 7.4
      vertex 81.148 98.3123 7.4
    endloop
  endfacet
  facet normal 0 0 1
    outer loop
      vertex 8.7 98.8 7.4
      vertex 9.9 98.8 7.4
      vertex 9.85196 99.2877 7.4
    endloop
  endfacet
  facet normal 0 0 1
    outer loop
      vertex 8.6557 99.1365 7.4
      vertex 9.85196 99.2877 7.4
      vertex 9.7097 99.7567 7.4
    endloop
  endfacet
  facet normal 0 0 1
    outer loop
      vertex 9.9 98.8 7.4
      vertex 8.7 98.8 7.4
      vertex 9.85196 98.3123 7.4
    endloop
  endfacet
  facet normal 0 0 1
    outer loop
      vertex 8.52583 99.45 7.4
      vertex 9.7097 99.7567 7.4
      vertex 9.47867 100.189 7.4
    endloop
  endfacet
  facet normal -0 0 1
    outer loop
      vertex 8.6557 98.4635 7.4
      vertex 9.85196 98.3123 7.4
      vertex 8.7 98.8 7.4
    endloop
  endfacet
  facet normal 0 0 1
    outer loop
      vertex 8.31924 99.7192 7.4
      vertex 9.47867 100.189 7.4
      vertex 9.16777 100.568 7.4
    endloop
  endfacet
  facet normal 0 0 1
    outer loop
      vertex 9.85196 98.3123 7.4
      vertex 8.6557 98.4635 7.4
      vertex 9.7097 97.8433 7.4
    endloop
  endfacet
  facet normal 0 0 1
    outer loop
      vertex 8.31924 99.7192 7.4
      vertex 9.16777 100.568 7.4
      vertex 8.88479 100.8 7.4
    endloop
  endfacet
  facet normal -0 0 1
    outer loop
      vertex 8.53214 98.1652 7.4
      vertex 9.7097 97.8433 7.4
      vertex 8.6557 98.4635 7.4
    endloop
  endfacet
  facet normal 0 0 1
    outer loop
      vertex 9.85196 16.8877 7.4
      vertex 8.6557 16.7365 7.4
      vertex 8.7 16.4 7.4
    endloop
  endfacet
  facet normal 0 0 1
    outer loop
      vertex 9.7097 17.3567 7.4
      vertex 8.57778 16.9246 7.4
      vertex 8.6557 16.7365 7.4
    endloop
  endfacet
  facet normal 0 0 1
    outer loop
      vertex 9.7097 17.3567 7.4
      vertex 8.52583 17.05 7.4
      vertex 8.57778 16.9246 7.4
    endloop
  endfacet
  facet normal 0 0 1
    outer loop
      vertex 9.47867 17.7889 7.4
      vertex 8.44319 17.1577 7.4
      vertex 8.52583 17.05 7.4
    endloop
  endfacet
  facet normal 0 0 1
    outer loop
      vertex 8.05 17.5258 7.4
      vertex 8.78893 18.4787 7.4
      vertex 8.35671 18.7097 7.4
    endloop
  endfacet
  facet normal 0 0 1
    outer loop
      vertex 9.16777 18.1678 7.4
      vertex 8.31924 17.3192 7.4
      vertex 8.44319 17.1577 7.4
    endloop
  endfacet
  facet normal 0 0 1
    outer loop
      vertex 8.78893 18.4787 7.4
      vertex 8.15769 17.4432 7.4
      vertex 8.31924 17.3192 7.4
    endloop
  endfacet
  facet normal 0 0 1
    outer loop
      vertex 8.78893 18.4787 7.4
      vertex 8.05 17.5258 7.4
      vertex 8.15769 17.4432 7.4
    endloop
  endfacet
  facet normal 0 0 1
    outer loop
      vertex 8.35671 18.7097 7.4
      vertex 7.92459 17.5778 7.4
      vertex 8.05 17.5258 7.4
    endloop
  endfacet
  facet normal 0 0 1
    outer loop
      vertex 7.73646 17.6557 7.4
      vertex 8.35671 18.7097 7.4
      vertex 7.88773 18.852 7.4
    endloop
  endfacet
  facet normal 0 0 1
    outer loop
      vertex 8.35671 18.7097 7.4
      vertex 7.73646 17.6557 7.4
      vertex 7.92459 17.5778 7.4
    endloop
  endfacet
  facet normal 0 0 1
    outer loop
      vertex 7.4 17.7 7.4
      vertex 7.88773 18.852 7.4
      vertex 7.4 18.9 7.4
    endloop
  endfacet
  facet normal 0 0 1
    outer loop
      vertex 7.88773 18.852 7.4
      vertex 7.4 17.7 7.4
      vertex 7.73646 17.6557 7.4
    endloop
  endfacet
  facet normal -0 0 1
    outer loop
      vertex 6.91227 18.852 7.4
      vertex 7.4 17.7 7.4
      vertex 7.4 18.9 7.4
    endloop
  endfacet
  facet normal 0 0 1
    outer loop
      vertex 7.4 17.7 7.4
      vertex 6.91227 18.852 7.4
      vertex 7.06353 17.6557 7.4
    endloop
  endfacet
  facet normal -0 0 1
    outer loop
      vertex 6.44329 18.7097 7.4
      vertex 7.06353 17.6557 7.4
      vertex 6.91227 18.852 7.4
    endloop
  endfacet
  facet normal 0 0 1
    outer loop
      vertex 7.06353 17.6557 7.4
      vertex 6.44329 18.7097 7.4
      vertex 6.75 17.5258 7.4
    endloop
  endfacet
  facet normal -0 0 1
    outer loop
      vertex 6.01107 18.4787 7.4
      vertex 6.75 17.5258 7.4
      vertex 6.44329 18.7097 7.4
    endloop
  endfacet
  facet normal 0 0 1
    outer loop
      vertex 6.75 17.5258 7.4
      vertex 6.01107 18.4787 7.4
      vertex 6.48076 17.3192 7.4
    endloop
  endfacet
  facet normal -0 0 1
    outer loop
      vertex 5.63223 18.1678 7.4
      vertex 6.48076 17.3192 7.4
      vertex 6.01107 18.4787 7.4
    endloop
  endfacet
  facet normal 0 0 1
    outer loop
      vertex 6.48076 17.3192 7.4
      vertex 5.4 17.8848 7.4
      vertex 6.27417 17.05 7.4
    endloop
  endfacet
  facet normal -0 0 1
    outer loop
      vertex 5.4 17.8848 7.4
      vertex 6.48076 17.3192 7.4
      vertex 5.63223 18.1678 7.4
    endloop
  endfacet
  facet normal 0 0 1
    outer loop
      vertex 9.7097 97.8433 7.4
      vertex 8.52583 98.15 7.4
      vertex 9.47867 97.4111 7.4
    endloop
  endfacet
  facet normal -0 0 1
    outer loop
      vertex 8.31924 97.8808 7.4
      vertex 9.47867 97.4111 7.4
      vertex 8.52583 98.15 7.4
    endloop
  endfacet
  facet normal 0 0 1
    outer loop
      vertex 9.47867 97.4111 7.4
      vertex 8.31924 97.8808 7.4
      vertex 9.16777 97.0322 7.4
    endloop
  endfacet
  facet normal 0 0 1
    outer loop
      vertex 9.16777 97.0322 7.4
      vertex 8.31924 97.8808 7.4
      vertex 8.78893 96.7213 7.4
    endloop
  endfacet
  facet normal -0 0 1
    outer loop
      vertex 8.05 97.6742 7.4
      vertex 8.78893 96.7213 7.4
      vertex 8.31924 97.8808 7.4
    endloop
  endfacet
  facet normal 0 0 1
    outer loop
      vertex 8.78893 96.7213 7.4
      vertex 8.05 97.6742 7.4
      vertex 8.35671 96.4903 7.4
    endloop
  endfacet
  facet normal -0 0 1
    outer loop
      vertex 7.73646 97.5443 7.4
      vertex 8.35671 96.4903 7.4
      vertex 8.05 97.6742 7.4
    endloop
  endfacet
  facet normal 0 0 1
    outer loop
      vertex 8.35671 96.4903 7.4
      vertex 7.73646 97.5443 7.4
      vertex 7.88773 96.348 7.4
    endloop
  endfacet
  facet normal -0 0 1
    outer loop
      vertex 7.4 97.5 7.4
      vertex 7.88773 96.348 7.4
      vertex 7.73646 97.5443 7.4
    endloop
  endfacet
  facet normal 0 0 1
    outer loop
      vertex 7.88773 96.348 7.4
      vertex 7.4 97.5 7.4
      vertex 7.4 96.3 7.4
    endloop
  endfacet
  facet normal 0 0 1
    outer loop
      vertex 6.91227 96.348 7.4
      vertex 7.4 97.5 7.4
      vertex 7.06353 97.5443 7.4
    endloop
  endfacet
  facet normal 0 0 1
    outer loop
      vertex 7.4 97.5 7.4
      vertex 6.91227 96.348 7.4
      vertex 7.4 96.3 7.4
    endloop
  endfacet
  facet normal 0 0 1
    outer loop
      vertex 6.44329 96.4903 7.4
      vertex 7.06353 97.5443 7.4
      vertex 6.75 97.6742 7.4
    endloop
  endfacet
  facet normal 0 0 1
    outer loop
      vertex 6.01107 96.7213 7.4
      vertex 6.75 97.6742 7.4
      vertex 6.48076 97.8808 7.4
    endloop
  endfacet
  facet normal 0 0 1
    outer loop
      vertex 7.06353 97.5443 7.4
      vertex 6.44329 96.4903 7.4
      vertex 6.91227 96.348 7.4
    endloop
  endfacet
  facet normal 0 0 1
    outer loop
      vertex 6.01107 96.7213 7.4
      vertex 6.48076 97.8808 7.4
      vertex 6.27417 98.15 7.4
    endloop
  endfacet
  facet normal 0 0 1
    outer loop
      vertex 6.01107 96.7213 7.4
      vertex 6.27417 98.15 7.4
      vertex 6.1443 98.4635 7.4
    endloop
  endfacet
  facet normal 0 0 1
    outer loop
      vertex 6.75 97.6742 7.4
      vertex 6.01107 96.7213 7.4
      vertex 6.44329 96.4903 7.4
    endloop
  endfacet
  facet normal 0 0 1
    outer loop
      vertex 6.01107 96.7213 7.4
      vertex 6.1443 98.4635 7.4
      vertex 6.1 98.8 7.4
    endloop
  endfacet
  facet normal 0 0 1
    outer loop
      vertex 86.052 16.8877 7.4
      vertex 84.8557 16.7365 7.4
      vertex 84.9 16.4 7.4
    endloop
  endfacet
  facet normal 0 0 1
    outer loop
      vertex 85.9097 17.3567 7.4
      vertex 84.7258 17.05 7.4
      vertex 84.8557 16.7365 7.4
    endloop
  endfacet
  facet normal 0 0 1
    outer loop
      vertex 84.25 17.5258 7.4
      vertex 84.9889 18.4787 7.4
      vertex 84.5567 18.7097 7.4
    endloop
  endfacet
  facet normal 0 0 1
    outer loop
      vertex 85.6787 17.7889 7.4
      vertex 84.5192 17.3192 7.4
      vertex 84.7258 17.05 7.4
    endloop
  endfacet
  facet normal 0 0 1
    outer loop
      vertex 84.9889 18.4787 7.4
      vertex 84.2751 17.5066 7.4
      vertex 84.5192 17.3192 7.4
    endloop
  endfacet
  facet normal 0 0 1
    outer loop
      vertex 84.9889 18.4787 7.4
      vertex 84.25 17.5258 7.4
      vertex 84.2751 17.5066 7.4
    endloop
  endfacet
  facet normal 0 0 1
    outer loop
      vertex 84.5567 18.7097 7.4
      vertex 84.1765 17.5563 7.4
      vertex 84.25 17.5258 7.4
    endloop
  endfacet
  facet normal 0 0 1
    outer loop
      vertex 83.9365 17.6557 7.4
      vertex 84.5567 18.7097 7.4
      vertex 84.0877 18.852 7.4
    endloop
  endfacet
  facet normal 0 0 1
    outer loop
      vertex 84.5567 18.7097 7.4
      vertex 83.9365 17.6557 7.4
      vertex 84.1765 17.5563 7.4
    endloop
  endfacet
  facet normal 0 0 1
    outer loop
      vertex 83.6 17.7 7.4
      vertex 84.0877 18.852 7.4
      vertex 83.6 18.9 7.4
    endloop
  endfacet
  facet normal 0 0 1
    outer loop
      vertex 84.0877 18.852 7.4
      vertex 83.6 17.7 7.4
      vertex 83.9365 17.6557 7.4
    endloop
  endfacet
  facet normal -0 0 1
    outer loop
      vertex 83.1123 18.852 7.4
      vertex 83.6 17.7 7.4
      vertex 83.6 18.9 7.4
    endloop
  endfacet
  facet normal 0 0 1
    outer loop
      vertex 83.6 17.7 7.4
      vertex 83.1123 18.852 7.4
      vertex 83.2635 17.6557 7.4
    endloop
  endfacet
  facet normal -0 0 1
    outer loop
      vertex 82.6433 18.7097 7.4
      vertex 83.2635 17.6557 7.4
      vertex 83.1123 18.852 7.4
    endloop
  endfacet
  facet normal 0 0 1
    outer loop
      vertex 83.2635 17.6557 7.4
      vertex 82.6433 18.7097 7.4
      vertex 82.9836 17.5397 7.4
    endloop
  endfacet
  facet normal 0 0 1
    outer loop
      vertex 82.9836 17.5397 7.4
      vertex 82.6433 18.7097 7.4
      vertex 82.95 17.5258 7.4
    endloop
  endfacet
  facet normal -0 0 1
    outer loop
      vertex 82.2111 18.4787 7.4
      vertex 82.95 17.5258 7.4
      vertex 82.6433 18.7097 7.4
    endloop
  endfacet
  facet normal 0 0 1
    outer loop
      vertex 82.95 17.5258 7.4
      vertex 82.2111 18.4787 7.4
      vertex 82.6808 17.3192 7.4
    endloop
  endfacet
  facet normal -0 0 1
    outer loop
      vertex 81.8322 18.1678 7.4
      vertex 82.6808 17.3192 7.4
      vertex 82.2111 18.4787 7.4
    endloop
  endfacet
  facet normal 0 0 1
    outer loop
      vertex 82.6808 17.3192 7.4
      vertex 81.5213 17.7889 7.4
      vertex 82.4742 17.05 7.4
    endloop
  endfacet
  facet normal -0 0 1
    outer loop
      vertex 81.5213 17.7889 7.4
      vertex 82.6808 17.3192 7.4
      vertex 81.8322 18.1678 7.4
    endloop
  endfacet
  facet normal -0 0 1
    outer loop
      vertex 84.5192 97.8808 7.4
      vertex 85.6787 97.4111 7.4
      vertex 84.7258 98.15 7.4
    endloop
  endfacet
  facet normal 0 0 1
    outer loop
      vertex 85.6787 97.4111 7.4
      vertex 84.5192 97.8808 7.4
      vertex 85.3678 97.0322 7.4
    endloop
  endfacet
  facet normal 0 0 1
    outer loop
      vertex 85.3678 97.0322 7.4
      vertex 84.5192 97.8808 7.4
      vertex 84.9889 96.7213 7.4
    endloop
  endfacet
  facet normal -0 0 1
    outer loop
      vertex 84.25 97.6742 7.4
      vertex 84.9889 96.7213 7.4
      vertex 84.5192 97.8808 7.4
    endloop
  endfacet
  facet normal 0 0 1
    outer loop
      vertex 84.9889 96.7213 7.4
      vertex 84.25 97.6742 7.4
      vertex 84.5567 96.4903 7.4
    endloop
  endfacet
  facet normal -0 0 1
    outer loop
      vertex 83.9365 97.5443 7.4
      vertex 84.5567 96.4903 7.4
      vertex 84.25 97.6742 7.4
    endloop
  endfacet
  facet normal 0 0 1
    outer loop
      vertex 84.5567 96.4903 7.4
      vertex 83.9365 97.5443 7.4
      vertex 84.0877 96.348 7.4
    endloop
  endfacet
  facet normal -0 0 1
    outer loop
      vertex 83.6 97.5 7.4
      vertex 84.0877 96.348 7.4
      vertex 83.9365 97.5443 7.4
    endloop
  endfacet
  facet normal 0 0 1
    outer loop
      vertex 83.6 97.5 7.4
      vertex 83.6 96.3 7.4
      vertex 84.0877 96.348 7.4
    endloop
  endfacet
  facet normal 0 0 1
    outer loop
      vertex 83.1123 96.348 7.4
      vertex 83.6 97.5 7.4
      vertex 83.2635 97.5443 7.4
    endloop
  endfacet
  facet normal 0 0 1
    outer loop
      vertex 83.6 97.5 7.4
      vertex 83.1123 96.348 7.4
      vertex 83.6 96.3 7.4
    endloop
  endfacet
  facet normal 0 0 1
    outer loop
      vertex 82.6433 96.4903 7.4
      vertex 83.2635 97.5443 7.4
      vertex 82.95 97.6742 7.4
    endloop
  endfacet
  facet normal 0 0 1
    outer loop
      vertex 82.2111 96.7213 7.4
      vertex 82.95 97.6742 7.4
      vertex 82.6808 97.8808 7.4
    endloop
  endfacet
  facet normal 0 0 1
    outer loop
      vertex 83.2635 97.5443 7.4
      vertex 82.6433 96.4903 7.4
      vertex 83.1123 96.348 7.4
    endloop
  endfacet
  facet normal 0 0 1
    outer loop
      vertex 82.2111 96.7213 7.4
      vertex 82.6808 97.8808 7.4
      vertex 82.4742 98.15 7.4
    endloop
  endfacet
  facet normal 0 0 1
    outer loop
      vertex 82.2111 96.7213 7.4
      vertex 82.4742 98.15 7.4
      vertex 82.3443 98.4635 7.4
    endloop
  endfacet
  facet normal 0 0 1
    outer loop
      vertex 82.95 97.6742 7.4
      vertex 82.2111 96.7213 7.4
      vertex 82.6433 96.4903 7.4
    endloop
  endfacet
  facet normal 0 0 1
    outer loop
      vertex 82.2111 96.7213 7.4
      vertex 82.3443 98.4635 7.4
      vertex 82.3 98.8 7.4
    endloop
  endfacet
  facet normal 0 0 1
    outer loop
      vertex 161.8 17.8848 7.4
      vertex 161.056 16.7365 7.4
      vertex 161.1 16.4 7.4
    endloop
  endfacet
  facet normal 0 0 1
    outer loop
      vertex 161.568 18.1678 7.4
      vertex 160.926 17.05 7.4
      vertex 161.056 16.7365 7.4
    endloop
  endfacet
  facet normal 0 0 1
    outer loop
      vertex 161.568 18.1678 7.4
      vertex 160.897 17.0875 7.4
      vertex 160.926 17.05 7.4
    endloop
  endfacet
  facet normal 0 0 1
    outer loop
      vertex 160.45 17.5258 7.4
      vertex 161.189 18.4787 7.4
      vertex 160.757 18.7097 7.4
    endloop
  endfacet
  facet normal 0 0 1
    outer loop
      vertex 161.568 18.1678 7.4
      vertex 160.719 17.3192 7.4
      vertex 160.897 17.0875 7.4
    endloop
  endfacet
  facet normal 0 0 1
    outer loop
      vertex 161.189 18.4787 7.4
      vertex 160.516 17.4749 7.4
      vertex 160.719 17.3192 7.4
    endloop
  endfacet
  facet normal 0 0 1
    outer loop
      vertex 161.189 18.4787 7.4
      vertex 160.45 17.5258 7.4
      vertex 160.516 17.4749 7.4
    endloop
  endfacet
  facet normal 0 0 1
    outer loop
      vertex 160.757 18.7097 7.4
      vertex 160.351 17.567 7.4
      vertex 160.45 17.5258 7.4
    endloop
  endfacet
  facet normal 0 0 1
    outer loop
      vertex 160.136 17.6557 7.4
      vertex 160.757 18.7097 7.4
      vertex 160.288 18.852 7.4
    endloop
  endfacet
  facet normal 0 0 1
    outer loop
      vertex 160.757 18.7097 7.4
      vertex 160.136 17.6557 7.4
      vertex 160.351 17.567 7.4
    endloop
  endfacet
  facet normal 0 0 1
    outer loop
      vertex 159.8 17.7 7.4
      vertex 160.288 18.852 7.4
      vertex 159.8 18.9 7.4
    endloop
  endfacet
  facet normal 0 0 1
    outer loop
      vertex 160.288 18.852 7.4
      vertex 159.8 17.7 7.4
      vertex 160.136 17.6557 7.4
    endloop
  endfacet
  facet normal -0 0 1
    outer loop
      vertex 159.312 18.852 7.4
      vertex 159.8 17.7 7.4
      vertex 159.8 18.9 7.4
    endloop
  endfacet
  facet normal 0 0 1
    outer loop
      vertex 159.8 17.7 7.4
      vertex 159.312 18.852 7.4
      vertex 159.464 17.6557 7.4
    endloop
  endfacet
  facet normal -0 0 1
    outer loop
      vertex 158.843 18.7097 7.4
      vertex 159.464 17.6557 7.4
      vertex 159.312 18.852 7.4
    endloop
  endfacet
  facet normal 0 0 1
    outer loop
      vertex 159.464 17.6557 7.4
      vertex 158.843 18.7097 7.4
      vertex 159.165 17.5321 7.4
    endloop
  endfacet
  facet normal 0 0 1
    outer loop
      vertex 159.165 17.5321 7.4
      vertex 158.843 18.7097 7.4
      vertex 159.15 17.5258 7.4
    endloop
  endfacet
  facet normal -0 0 1
    outer loop
      vertex 158.411 18.4787 7.4
      vertex 159.15 17.5258 7.4
      vertex 158.843 18.7097 7.4
    endloop
  endfacet
  facet normal 0 0 1
    outer loop
      vertex 159.15 17.5258 7.4
      vertex 158.411 18.4787 7.4
      vertex 158.881 17.3192 7.4
    endloop
  endfacet
  facet normal -0 0 1
    outer loop
      vertex 158.032 18.1678 7.4
      vertex 158.881 17.3192 7.4
      vertex 158.411 18.4787 7.4
    endloop
  endfacet
  facet normal 0 0 1
    outer loop
      vertex 158.881 17.3192 7.4
      vertex 157.721 17.7889 7.4
      vertex 158.674 17.05 7.4
    endloop
  endfacet
  facet normal -0 0 1
    outer loop
      vertex 157.721 17.7889 7.4
      vertex 158.881 17.3192 7.4
      vertex 158.032 18.1678 7.4
    endloop
  endfacet
  facet normal -0 0 1
    outer loop
      vertex 160.719 97.8808 7.4
      vertex 161.8 97.3152 7.4
      vertex 160.926 98.15 7.4
    endloop
  endfacet
  facet normal 0 0 1
    outer loop
      vertex 161.8 97.3152 7.4
      vertex 160.719 97.8808 7.4
      vertex 161.568 97.0322 7.4
    endloop
  endfacet
  facet normal 0 0 1
    outer loop
      vertex 161.568 97.0322 7.4
      vertex 160.719 97.8808 7.4
      vertex 161.189 96.7213 7.4
    endloop
  endfacet
  facet normal -0 0 1
    outer loop
      vertex 160.45 97.6742 7.4
      vertex 161.189 96.7213 7.4
      vertex 160.719 97.8808 7.4
    endloop
  endfacet
  facet normal 0 0 1
    outer loop
      vertex 161.189 96.7213 7.4
      vertex 160.45 97.6742 7.4
      vertex 160.757 96.4903 7.4
    endloop
  endfacet
  facet normal -0 0 1
    outer loop
      vertex 160.136 97.5443 7.4
      vertex 160.757 96.4903 7.4
      vertex 160.45 97.6742 7.4
    endloop
  endfacet
  facet normal 0 0 1
    outer loop
      vertex 160.757 96.4903 7.4
      vertex 160.136 97.5443 7.4
      vertex 160.288 96.348 7.4
    endloop
  endfacet
  facet normal -0 0 1
    outer loop
      vertex 159.8 97.5 7.4
      vertex 160.288 96.348 7.4
      vertex 160.136 97.5443 7.4
    endloop
  endfacet
  facet normal 0 0 1
    outer loop
      vertex 159.8 97.5 7.4
      vertex 159.8 96.3 7.4
      vertex 160.288 96.348 7.4
    endloop
  endfacet
  facet normal 0 0 1
    outer loop
      vertex 159.312 96.348 7.4
      vertex 159.8 97.5 7.4
      vertex 159.464 97.5443 7.4
    endloop
  endfacet
  facet normal 0 0 1
    outer loop
      vertex 159.8 97.5 7.4
      vertex 159.312 96.348 7.4
      vertex 159.8 96.3 7.4
    endloop
  endfacet
  facet normal 0 0 1
    outer loop
      vertex 158.843 96.4903 7.4
      vertex 159.464 97.5443 7.4
      vertex 159.15 97.6742 7.4
    endloop
  endfacet
  facet normal 0 0 1
    outer loop
      vertex 158.411 96.7213 7.4
      vertex 159.15 97.6742 7.4
      vertex 158.881 97.8808 7.4
    endloop
  endfacet
  facet normal 0 0 1
    outer loop
      vertex 159.464 97.5443 7.4
      vertex 158.843 96.4903 7.4
      vertex 159.312 96.348 7.4
    endloop
  endfacet
  facet normal 0 0 1
    outer loop
      vertex 158.411 96.7213 7.4
      vertex 158.881 97.8808 7.4
      vertex 158.674 98.15 7.4
    endloop
  endfacet
  facet normal 0 0 1
    outer loop
      vertex 158.411 96.7213 7.4
      vertex 158.674 98.15 7.4
      vertex 158.544 98.4635 7.4
    endloop
  endfacet
  facet normal 0 0 1
    outer loop
      vertex 159.15 97.6742 7.4
      vertex 158.411 96.7213 7.4
      vertex 158.843 96.4903 7.4
    endloop
  endfacet
  facet normal 0 0 1
    outer loop
      vertex 158.411 96.7213 7.4
      vertex 158.544 98.4635 7.4
      vertex 158.5 98.8 7.4
    endloop
  endfacet
  facet normal 0 0 1
    outer loop
      vertex 161.056 16.7365 7.4
      vertex 161.8 17.8848 7.4
      vertex 161.568 18.1678 7.4
    endloop
  endfacet
  facet normal 0 0 1
    outer loop
      vertex 161.8 17.8848 7.4
      vertex 161.1 16.4 7.4
      vertex 161.8 14.9152 7.4
    endloop
  endfacet
  facet normal -0 0 1
    outer loop
      vertex 161.056 16.0635 7.4
      vertex 161.8 14.9152 7.4
      vertex 161.1 16.4 7.4
    endloop
  endfacet
  facet normal 0 0 1
    outer loop
      vertex 160.719 17.3192 7.4
      vertex 161.568 18.1678 7.4
      vertex 161.189 18.4787 7.4
    endloop
  endfacet
  facet normal 0 0 1
    outer loop
      vertex 160.719 99.7192 7.4
      vertex 161.8 100.285 7.4
      vertex 161.568 100.568 7.4
    endloop
  endfacet
  facet normal 0 0 1
    outer loop
      vertex 161.8 100.285 7.4
      vertex 161.1 98.8 7.4
      vertex 161.8 97.3152 7.4
    endloop
  endfacet
  facet normal 0 0 1
    outer loop
      vertex 160.719 99.7192 7.4
      vertex 161.568 100.568 7.4
      vertex 161.285 100.8 7.4
    endloop
  endfacet
  facet normal -0 0 1
    outer loop
      vertex 161.056 98.4635 7.4
      vertex 161.8 97.3152 7.4
      vertex 161.1 98.8 7.4
    endloop
  endfacet
  facet normal 0 0 1
    outer loop
      vertex 161.8 100.285 7.4
      vertex 164.8 107.6 7.4
      vertex 161.8 100.8 7.4
    endloop
  endfacet
  facet normal 0 0 1
    outer loop
      vertex 164.8 107.6 7.4
      vertex 161.285 100.8 7.4
      vertex 161.8 100.8 7.4
    endloop
  endfacet
  facet normal -0 0 1
    outer loop
      vertex 160.926 98.15 7.4
      vertex 161.8 97.3152 7.4
      vertex 161.056 98.4635 7.4
    endloop
  endfacet
  facet normal 0 0 1
    outer loop
      vertex 161.8 100.285 7.4
      vertex 161.056 99.1365 7.4
      vertex 161.1 98.8 7.4
    endloop
  endfacet
  facet normal 0 0 1
    outer loop
      vertex 161.8 100.285 7.4
      vertex 160.926 99.45 7.4
      vertex 161.056 99.1365 7.4
    endloop
  endfacet
  facet normal 0 0 1
    outer loop
      vertex 161.8 100.285 7.4
      vertex 160.719 99.7192 7.4
      vertex 160.926 99.45 7.4
    endloop
  endfacet
  facet normal 0 0 1
    outer loop
      vertex 158.315 100.8 7.4
      vertex 161.285 100.8 7.4
      vertex 164.8 107.6 7.4
    endloop
  endfacet
  facet normal 0 0 1
    outer loop
      vertex 161.285 100.8 7.4
      vertex 160.45 99.9258 7.4
      vertex 160.719 99.7192 7.4
    endloop
  endfacet
  facet normal 0 0 1
    outer loop
      vertex 161.285 100.8 7.4
      vertex 160.136 100.056 7.4
      vertex 160.45 99.9258 7.4
    endloop
  endfacet
  facet normal 0 -0 1
    outer loop
      vertex 159.8 100.1 7.4
      vertex 161.285 100.8 7.4
      vertex 158.315 100.8 7.4
    endloop
  endfacet
  facet normal 0 0 1
    outer loop
      vertex 158.315 100.8 7.4
      vertex 164.8 107.6 7.4
      vertex 159.6 112.8 7.4
    endloop
  endfacet
  facet normal 0 0 1
    outer loop
      vertex 161.285 100.8 7.4
      vertex 159.8 100.1 7.4
      vertex 160.136 100.056 7.4
    endloop
  endfacet
  facet normal 0 0 1
    outer loop
      vertex 159.8 100.1 7.4
      vertex 158.315 100.8 7.4
      vertex 159.464 100.056 7.4
    endloop
  endfacet
  facet normal 0 0 1
    outer loop
      vertex 159.464 100.056 7.4
      vertex 158.315 100.8 7.4
      vertex 159.15 99.9258 7.4
    endloop
  endfacet
  facet normal 0 0 1
    outer loop
      vertex 159.15 99.9258 7.4
      vertex 158.315 100.8 7.4
      vertex 158.881 99.7192 7.4
    endloop
  endfacet
  facet normal -0 0 1
    outer loop
      vertex 158.032 100.568 7.4
      vertex 158.881 99.7192 7.4
      vertex 158.315 100.8 7.4
    endloop
  endfacet
  facet normal -0 0 1
    outer loop
      vertex 157.721 100.189 7.4
      vertex 158.881 99.7192 7.4
      vertex 158.032 100.568 7.4
    endloop
  endfacet
  facet normal -0 0 1
    outer loop
      vertex 157.49 99.7567 7.4
      vertex 158.674 99.45 7.4
      vertex 157.721 100.189 7.4
    endloop
  endfacet
  facet normal 0 0 1
    outer loop
      vertex 158.881 99.7192 7.4
      vertex 157.721 100.189 7.4
      vertex 158.674 99.45 7.4
    endloop
  endfacet
  facet normal 0 0 1
    outer loop
      vertex 159.6 112.8 7.4
      vertex 85.0848 100.8 7.4
      vertex 158.315 100.8 7.4
    endloop
  endfacet
  facet normal 0 0 1
    outer loop
      vertex 85.9097 97.8433 7.4
      vertex 84.7258 98.15 7.4
      vertex 85.6787 97.4111 7.4
    endloop
  endfacet
  facet normal 0 0 1
    outer loop
      vertex 86.052 99.2877 7.4
      vertex 84.8557 99.1365 7.4
      vertex 84.9 98.8 7.4
    endloop
  endfacet
  facet normal 0 0 1
    outer loop
      vertex 85.9097 99.7567 7.4
      vertex 84.7258 99.45 7.4
      vertex 84.8557 99.1365 7.4
    endloop
  endfacet
  facet normal 0 0 1
    outer loop
      vertex 85.6787 100.189 7.4
      vertex 84.5192 99.7192 7.4
      vertex 84.7258 99.45 7.4
    endloop
  endfacet
  facet normal 0 0 1
    outer loop
      vertex 85.0848 100.8 7.4
      vertex 84.25 99.9258 7.4
      vertex 84.5192 99.7192 7.4
    endloop
  endfacet
  facet normal 0 0 1
    outer loop
      vertex 85.0848 100.8 7.4
      vertex 83.9365 100.056 7.4
      vertex 84.25 99.9258 7.4
    endloop
  endfacet
  facet normal 0 0 1
    outer loop
      vertex 85.0848 100.8 7.4
      vertex 83.6 100.1 7.4
      vertex 83.9365 100.056 7.4
    endloop
  endfacet
  facet normal -0 0 1
    outer loop
      vertex 82.1152 100.8 7.4
      vertex 83.6 100.1 7.4
      vertex 85.0848 100.8 7.4
    endloop
  endfacet
  facet normal -0 0 1
    outer loop
      vertex 81.2903 99.7567 7.4
      vertex 82.4742 99.45 7.4
      vertex 81.5213 100.189 7.4
    endloop
  endfacet
  facet normal 0 0 1
    outer loop
      vertex 82.6808 99.7192 7.4
      vertex 81.5213 100.189 7.4
      vertex 82.4742 99.45 7.4
    endloop
  endfacet
  facet normal -0 0 1
    outer loop
      vertex 81.5213 100.189 7.4
      vertex 82.6808 99.7192 7.4
      vertex 81.8322 100.568 7.4
    endloop
  endfacet
  facet normal -0 0 1
    outer loop
      vertex 81.8322 100.568 7.4
      vertex 82.6808 99.7192 7.4
      vertex 82.1152 100.8 7.4
    endloop
  endfacet
  facet normal 0 0 1
    outer loop
      vertex 82.95 99.9258 7.4
      vertex 82.1152 100.8 7.4
      vertex 82.6808 99.7192 7.4
    endloop
  endfacet
  facet normal 0 0 1
    outer loop
      vertex 83.2635 100.056 7.4
      vertex 82.1152 100.8 7.4
      vertex 82.95 99.9258 7.4
    endloop
  endfacet
  facet normal 0 0 1
    outer loop
      vertex 83.6 100.1 7.4
      vertex 82.1152 100.8 7.4
      vertex 83.2635 100.056 7.4
    endloop
  endfacet
  facet normal 0 0 1
    outer loop
      vertex 159.6 112.8 7.4
      vertex 82.1152 100.8 7.4
      vertex 85.0848 100.8 7.4
    endloop
  endfacet
  facet normal -0 0 1
    outer loop
      vertex 7.6 112.8 7.4
      vertex 82.1152 100.8 7.4
      vertex 159.6 112.8 7.4
    endloop
  endfacet
  facet normal -0 0 1
    outer loop
      vertex 8.52583 98.15 7.4
      vertex 9.7097 97.8433 7.4
      vertex 8.53214 98.1652 7.4
    endloop
  endfacet
  facet normal 0 0 1
    outer loop
      vertex 9.85196 99.2877 7.4
      vertex 8.6557 99.1365 7.4
      vertex 8.7 98.8 7.4
    endloop
  endfacet
  facet normal 0 0 1
    outer loop
      vertex 9.7097 99.7567 7.4
      vertex 8.56702 99.3506 7.4
      vertex 8.6557 99.1365 7.4
    endloop
  endfacet
  facet normal 0 0 1
    outer loop
      vertex 9.7097 99.7567 7.4
      vertex 8.52583 99.45 7.4
      vertex 8.56702 99.3506 7.4
    endloop
  endfacet
  facet normal 0 0 1
    outer loop
      vertex 9.47867 100.189 7.4
      vertex 8.4749 99.5164 7.4
      vertex 8.52583 99.45 7.4
    endloop
  endfacet
  facet normal 0 0 1
    outer loop
      vertex 9.47867 100.189 7.4
      vertex 8.31924 99.7192 7.4
      vertex 8.4749 99.5164 7.4
    endloop
  endfacet
  facet normal 0 0 1
    outer loop
      vertex 8.88479 100.8 7.4
      vertex 8.08752 99.897 7.4
      vertex 8.31924 99.7192 7.4
    endloop
  endfacet
  facet normal 0 0 1
    outer loop
      vertex 8.88479 100.8 7.4
      vertex 8.05 99.9258 7.4
      vertex 8.08752 99.897 7.4
    endloop
  endfacet
  facet normal 0 0 1
    outer loop
      vertex 8.88479 100.8 7.4
      vertex 7.73646 100.056 7.4
      vertex 8.05 99.9258 7.4
    endloop
  endfacet
  facet normal 0 0 1
    outer loop
      vertex 82.1152 100.8 7.4
      vertex 7.6 112.8 7.4
      vertex 8.88479 100.8 7.4
    endloop
  endfacet
  facet normal -0 0 1
    outer loop
      vertex 2.4 107.6 7.4
      vertex 8.88479 100.8 7.4
      vertex 7.6 112.8 7.4
    endloop
  endfacet
  facet normal 0 -0 1
    outer loop
      vertex 7.4 100.1 7.4
      vertex 8.88479 100.8 7.4
      vertex 5.91521 100.8 7.4
    endloop
  endfacet
  facet normal 0 0 1
    outer loop
      vertex 8.88479 100.8 7.4
      vertex 7.4 100.1 7.4
      vertex 7.73646 100.056 7.4
    endloop
  endfacet
  facet normal 0 0 1
    outer loop
      vertex 7.4 100.1 7.4
      vertex 5.91521 100.8 7.4
      vertex 7.06353 100.056 7.4
    endloop
  endfacet
  facet normal 0 0 1
    outer loop
      vertex 7.06353 100.056 7.4
      vertex 5.91521 100.8 7.4
      vertex 6.75 99.9258 7.4
    endloop
  endfacet
  facet normal 0 0 1
    outer loop
      vertex 6.75 99.9258 7.4
      vertex 5.91521 100.8 7.4
      vertex 6.48076 99.7192 7.4
    endloop
  endfacet
  facet normal -0 0 1
    outer loop
      vertex 5.63223 100.568 7.4
      vertex 6.48076 99.7192 7.4
      vertex 5.91521 100.8 7.4
    endloop
  endfacet
  facet normal -0 0 1
    outer loop
      vertex 5.4 100.285 7.4
      vertex 6.48076 99.7192 7.4
      vertex 5.63223 100.568 7.4
    endloop
  endfacet
  facet normal 0 0 1
    outer loop
      vertex 6.27417 99.45 7.4
      vertex 5.4 100.285 7.4
      vertex 6.1443 99.1365 7.4
    endloop
  endfacet
  facet normal 0 0 1
    outer loop
      vertex 6.48076 99.7192 7.4
      vertex 5.4 100.285 7.4
      vertex 6.27417 99.45 7.4
    endloop
  endfacet
  facet normal 0 0 1
    outer loop
      vertex 8.88479 100.8 7.4
      vertex 2.4 107.6 7.4
      vertex 5.91521 100.8 7.4
    endloop
  endfacet
  facet normal 0 0 1
    outer loop
      vertex 2.4 107.6 7.4
      vertex 5.4 100.285 7.4
      vertex 5.4 100.8 7.4
    endloop
  endfacet
  facet normal 0 0 1
    outer loop
      vertex 5.4 100.285 7.4
      vertex 2.4 107.6 7.4
      vertex 5.4 97.3152 7.4
    endloop
  endfacet
  facet normal 0 0 1
    outer loop
      vertex 5.4 97.3152 7.4
      vertex 2.4 31 7.4
      vertex 5.4 17.8848 7.4
    endloop
  endfacet
  facet normal -0 0 1
    outer loop
      vertex 2.4 19 7.4
      vertex 5.4 17.8848 7.4
      vertex 2.4 31 7.4
    endloop
  endfacet
  facet normal 0 0 1
    outer loop
      vertex 5.4 97.3152 7.4
      vertex 2.4 107.6 7.4
      vertex 2.4 31 7.4
    endloop
  endfacet
  facet normal 0 0 1
    outer loop
      vertex 5.91521 100.8 7.4
      vertex 2.4 107.6 7.4
      vertex 5.4 100.8 7.4
    endloop
  endfacet
  facet normal 0 0 1
    outer loop
      vertex 161.8 97.3152 7.4
      vertex 164.8 107.6 7.4
      vertex 161.8 100.285 7.4
    endloop
  endfacet
  facet normal 0 0 1
    outer loop
      vertex 164.8 107.6 7.4
      vertex 161.8 97.3152 7.4
      vertex 164.8 7.6 7.4
    endloop
  endfacet
  facet normal -0 0 1
    outer loop
      vertex 161.8 17.8848 7.4
      vertex 164.8 7.6 7.4
      vertex 161.8 97.3152 7.4
    endloop
  endfacet
  facet normal -0 0 1
    outer loop
      vertex 161.8 14.9152 7.4
      vertex 164.8 7.6 7.4
      vertex 161.8 17.8848 7.4
    endloop
  endfacet
  facet normal -0 0 1
    outer loop
      vertex 161.8 14.4 7.4
      vertex 164.8 7.6 7.4
      vertex 161.8 14.9152 7.4
    endloop
  endfacet
  facet normal -0 0 1
    outer loop
      vertex 161.285 14.4 7.4
      vertex 164.8 7.6 7.4
      vertex 161.8 14.4 7.4
    endloop
  endfacet
  facet normal -0 0 1
    outer loop
      vertex 160.926 15.75 7.4
      vertex 161.8 14.9152 7.4
      vertex 161.056 16.0635 7.4
    endloop
  endfacet
  facet normal -0 0 1
    outer loop
      vertex 160.719 15.4808 7.4
      vertex 161.8 14.9152 7.4
      vertex 160.926 15.75 7.4
    endloop
  endfacet
  facet normal 0 0 1
    outer loop
      vertex 161.8 14.9152 7.4
      vertex 160.719 15.4808 7.4
      vertex 161.568 14.6322 7.4
    endloop
  endfacet
  facet normal 0 0 1
    outer loop
      vertex 161.568 14.6322 7.4
      vertex 160.719 15.4808 7.4
      vertex 161.285 14.4 7.4
    endloop
  endfacet
  facet normal -0 0 1
    outer loop
      vertex 160.45 15.2742 7.4
      vertex 161.285 14.4 7.4
      vertex 160.719 15.4808 7.4
    endloop
  endfacet
  facet normal -0 0 1
    outer loop
      vertex 160.136 15.1443 7.4
      vertex 161.285 14.4 7.4
      vertex 160.45 15.2742 7.4
    endloop
  endfacet
  facet normal -0 0 1
    outer loop
      vertex 159.8 15.1 7.4
      vertex 161.285 14.4 7.4
      vertex 160.136 15.1443 7.4
    endloop
  endfacet
  facet normal 0 0 1
    outer loop
      vertex 161.285 14.4 7.4
      vertex 159.8 15.1 7.4
      vertex 158.315 14.4 7.4
    endloop
  endfacet
  facet normal 0 0 1
    outer loop
      vertex 161.285 14.4 7.4
      vertex 158.315 14.4 7.4
      vertex 164.8 7.6 7.4
    endloop
  endfacet
  facet normal 0 0 1
    outer loop
      vertex 158.315 14.4 7.4
      vertex 159.8 15.1 7.4
      vertex 159.464 15.1443 7.4
    endloop
  endfacet
  facet normal 0 0 1
    outer loop
      vertex 158.315 14.4 7.4
      vertex 159.464 15.1443 7.4
      vertex 159.15 15.2742 7.4
    endloop
  endfacet
  facet normal 0 0 1
    outer loop
      vertex 158.315 14.4 7.4
      vertex 159.15 15.2742 7.4
      vertex 158.881 15.4808 7.4
    endloop
  endfacet
  facet normal 0 0 1
    outer loop
      vertex 158.315 14.4 7.4
      vertex 158.881 15.4808 7.4
      vertex 158.674 15.75 7.4
    endloop
  endfacet
  facet normal 0 0 1
    outer loop
      vertex 158.315 14.4 7.4
      vertex 158.674 15.75 7.4
      vertex 158.544 16.0635 7.4
    endloop
  endfacet
  facet normal 0 0 1
    outer loop
      vertex 158.315 14.4 7.4
      vertex 158.544 16.0635 7.4
      vertex 158.5 16.4 7.4
    endloop
  endfacet
  facet normal -0 0 1
    outer loop
      vertex 157.49 17.3567 7.4
      vertex 158.674 17.05 7.4
      vertex 157.721 17.7889 7.4
    endloop
  endfacet
  facet normal 0 0 1
    outer loop
      vertex 164.8 7.6 7.4
      vertex 158.315 14.4 7.4
      vertex 159.6 2.4 7.4
    endloop
  endfacet
  facet normal -0 0 1
    outer loop
      vertex 85.0848 14.4 7.4
      vertex 159.6 2.4 7.4
      vertex 158.315 14.4 7.4
    endloop
  endfacet
  facet normal 0 0 1
    outer loop
      vertex 85.9097 15.4433 7.4
      vertex 84.7258 15.75 7.4
      vertex 85.6787 15.0111 7.4
    endloop
  endfacet
  facet normal -0 0 1
    outer loop
      vertex 84.5192 15.4808 7.4
      vertex 85.6787 15.0111 7.4
      vertex 84.7258 15.75 7.4
    endloop
  endfacet
  facet normal 0 0 1
    outer loop
      vertex 85.6787 15.0111 7.4
      vertex 84.5192 15.4808 7.4
      vertex 85.3678 14.6322 7.4
    endloop
  endfacet
  facet normal 0 0 1
    outer loop
      vertex 85.3678 14.6322 7.4
      vertex 84.5192 15.4808 7.4
      vertex 85.0848 14.4 7.4
    endloop
  endfacet
  facet normal -0 0 1
    outer loop
      vertex 84.25 15.2742 7.4
      vertex 85.0848 14.4 7.4
      vertex 84.5192 15.4808 7.4
    endloop
  endfacet
  facet normal -0 0 1
    outer loop
      vertex 83.9365 15.1443 7.4
      vertex 85.0848 14.4 7.4
      vertex 84.25 15.2742 7.4
    endloop
  endfacet
  facet normal -0 0 1
    outer loop
      vertex 83.6 15.1 7.4
      vertex 85.0848 14.4 7.4
      vertex 83.9365 15.1443 7.4
    endloop
  endfacet
  facet normal 0 0 1
    outer loop
      vertex 82.1152 14.4 7.4
      vertex 83.6 15.1 7.4
      vertex 83.2635 15.1443 7.4
    endloop
  endfacet
  facet normal -0 0 1
    outer loop
      vertex 81.2903 17.3567 7.4
      vertex 82.4742 17.05 7.4
      vertex 81.5213 17.7889 7.4
    endloop
  endfacet
  facet normal 0 0 1
    outer loop
      vertex 82.1152 14.4 7.4
      vertex 82.3443 16.0635 7.4
      vertex 82.3 16.4 7.4
    endloop
  endfacet
  facet normal 0 0 1
    outer loop
      vertex 82.1152 14.4 7.4
      vertex 82.4742 15.75 7.4
      vertex 82.3443 16.0635 7.4
    endloop
  endfacet
  facet normal 0 0 1
    outer loop
      vertex 82.1152 14.4 7.4
      vertex 82.6808 15.4808 7.4
      vertex 82.4742 15.75 7.4
    endloop
  endfacet
  facet normal 0 0 1
    outer loop
      vertex 82.1152 14.4 7.4
      vertex 82.95 15.2742 7.4
      vertex 82.6808 15.4808 7.4
    endloop
  endfacet
  facet normal 0 0 1
    outer loop
      vertex 82.1152 14.4 7.4
      vertex 83.2635 15.1443 7.4
      vertex 82.95 15.2742 7.4
    endloop
  endfacet
  facet normal 0 0 1
    outer loop
      vertex 83.6 15.1 7.4
      vertex 82.1152 14.4 7.4
      vertex 85.0848 14.4 7.4
    endloop
  endfacet
  facet normal -0 0 1
    outer loop
      vertex 82.1152 14.4 7.4
      vertex 159.6 2.4 7.4
      vertex 85.0848 14.4 7.4
    endloop
  endfacet
  facet normal 0 0 1
    outer loop
      vertex 7.6 2.4 7.4
      vertex 82.1152 14.4 7.4
      vertex 8.88479 14.4 7.4
    endloop
  endfacet
  facet normal 0 0 1
    outer loop
      vertex 9.7097 15.4433 7.4
      vertex 8.52583 15.75 7.4
      vertex 9.47867 15.0111 7.4
    endloop
  endfacet
  facet normal -0 0 1
    outer loop
      vertex 8.31924 15.4808 7.4
      vertex 9.47867 15.0111 7.4
      vertex 8.52583 15.75 7.4
    endloop
  endfacet
  facet normal 0 0 1
    outer loop
      vertex 9.47867 15.0111 7.4
      vertex 8.31924 15.4808 7.4
      vertex 9.16777 14.6322 7.4
    endloop
  endfacet
  facet normal 0 0 1
    outer loop
      vertex 9.16777 14.6322 7.4
      vertex 8.31924 15.4808 7.4
      vertex 8.88479 14.4 7.4
    endloop
  endfacet
  facet normal -0 0 1
    outer loop
      vertex 8.05 15.2742 7.4
      vertex 8.88479 14.4 7.4
      vertex 8.31924 15.4808 7.4
    endloop
  endfacet
  facet normal -0 0 1
    outer loop
      vertex 7.73646 15.1443 7.4
      vertex 8.88479 14.4 7.4
      vertex 8.05 15.2742 7.4
    endloop
  endfacet
  facet normal 0 0 1
    outer loop
      vertex 82.1152 14.4 7.4
      vertex 7.6 2.4 7.4
      vertex 159.6 2.4 7.4
    endloop
  endfacet
  facet normal -0 0 1
    outer loop
      vertex 7.4 15.1 7.4
      vertex 8.88479 14.4 7.4
      vertex 7.73646 15.1443 7.4
    endloop
  endfacet
  facet normal 0 0 1
    outer loop
      vertex 8.88479 14.4 7.4
      vertex 7.4 15.1 7.4
      vertex 5.91521 14.4 7.4
    endloop
  endfacet
  facet normal 0 0 1
    outer loop
      vertex 5.91521 14.4 7.4
      vertex 7.4 15.1 7.4
      vertex 7.06353 15.1443 7.4
    endloop
  endfacet
  facet normal 0 0 1
    outer loop
      vertex 5.91521 14.4 7.4
      vertex 7.06353 15.1443 7.4
      vertex 6.75 15.2742 7.4
    endloop
  endfacet
  facet normal 0 0 1
    outer loop
      vertex 5.91521 14.4 7.4
      vertex 6.75 15.2742 7.4
      vertex 6.48076 15.4808 7.4
    endloop
  endfacet
  facet normal 0 0 1
    outer loop
      vertex 5.91521 14.4 7.4
      vertex 6.48076 15.4808 7.4
      vertex 6.27417 15.75 7.4
    endloop
  endfacet
  facet normal 0 0 1
    outer loop
      vertex 5.91521 14.4 7.4
      vertex 6.27417 15.75 7.4
      vertex 6.1443 16.0635 7.4
    endloop
  endfacet
  facet normal 0 0 1
    outer loop
      vertex 5.91521 14.4 7.4
      vertex 6.1443 16.0635 7.4
      vertex 6.1 16.4 7.4
    endloop
  endfacet
  facet normal 0 0 1
    outer loop
      vertex 6.27417 17.05 7.4
      vertex 5.4 17.8848 7.4
      vertex 6.1443 16.7365 7.4
    endloop
  endfacet
  facet normal 0 0 1
    outer loop
      vertex 2.4 7.6 7.4
      vertex 8.88479 14.4 7.4
      vertex 5.91521 14.4 7.4
    endloop
  endfacet
  facet normal 0 0 1
    outer loop
      vertex 2.4 7.6 7.4
      vertex 5.91521 14.4 7.4
      vertex 5.4 14.4 7.4
    endloop
  endfacet
  facet normal 0 0 1
    outer loop
      vertex 5.4 17.8848 7.4
      vertex 2.4 19 7.4
      vertex 5.4 14.9152 7.4
    endloop
  endfacet
  facet normal 0 0 1
    outer loop
      vertex 5.4 14.9152 7.4
      vertex 2.4 19 7.4
      vertex 5.4 14.4 7.4
    endloop
  endfacet
  facet normal 0 0 1
    outer loop
      vertex 2.4 7.6 7.4
      vertex 5.4 14.4 7.4
      vertex 2.4 19 7.4
    endloop
  endfacet
  facet normal 0 0 1
    outer loop
      vertex 8.88479 14.4 7.4
      vertex 2.4 7.6 7.4
      vertex 7.6 2.4 7.4
    endloop
  endfacet
  facet normal -1 0 0
    outer loop
      vertex 161.8 14.4 2.4
      vertex 161.8 14.9152 7.4
      vertex 161.8 14.9152 2.4
    endloop
  endfacet
  facet normal -1 -0 0
    outer loop
      vertex 161.8 14.9152 7.4
      vertex 161.8 14.4 2.4
      vertex 161.8 14.4 7.4
    endloop
  endfacet
  facet normal -1 0 0
    outer loop
      vertex 161.8 100.285 2.4
      vertex 161.8 100.8 7.4
      vertex 161.8 100.8 2.4
    endloop
  endfacet
  facet normal -1 -0 0
    outer loop
      vertex 161.8 100.8 7.4
      vertex 161.8 100.285 2.4
      vertex 161.8 100.285 7.4
    endloop
  endfacet
  facet normal -1 0 0
    outer loop
      vertex 161.8 17.8848 2.4
      vertex 161.8 97.3152 7.4
      vertex 161.8 97.3152 2.4
    endloop
  endfacet
  facet normal -1 -0 0
    outer loop
      vertex 161.8 97.3152 7.4
      vertex 161.8 17.8848 2.4
      vertex 161.8 17.8848 7.4
    endloop
  endfacet
  facet normal 1 -0 0
    outer loop
      vertex 5.4 14.4 7.4
      vertex 5.4 14.9152 2.4
      vertex 5.4 14.9152 7.4
    endloop
  endfacet
  facet normal 1 0 0
    outer loop
      vertex 5.4 14.9152 2.4
      vertex 5.4 14.4 7.4
      vertex 5.4 14.4 2.4
    endloop
  endfacet
  facet normal 1 -0 0
    outer loop
      vertex 5.4 100.285 7.4
      vertex 5.4 100.8 2.4
      vertex 5.4 100.8 7.4
    endloop
  endfacet
  facet normal 1 0 0
    outer loop
      vertex 5.4 100.8 2.4
      vertex 5.4 100.285 7.4
      vertex 5.4 100.285 2.4
    endloop
  endfacet
  facet normal 1 -0 0
    outer loop
      vertex 5.4 17.8848 7.4
      vertex 5.4 97.3152 2.4
      vertex 5.4 97.3152 7.4
    endloop
  endfacet
  facet normal 1 0 0
    outer loop
      vertex 5.4 97.3152 2.4
      vertex 5.4 17.8848 7.4
      vertex 5.4 17.8848 2.4
    endloop
  endfacet
  facet normal 0 1 -0
    outer loop
      vertex 5.91521 14.4 2.4
      vertex 5.4 14.4 7.4
      vertex 5.91521 14.4 7.4
    endloop
  endfacet
  facet normal 0 1 0
    outer loop
      vertex 5.4 14.4 7.4
      vertex 5.91521 14.4 2.4
      vertex 5.4 14.4 2.4
    endloop
  endfacet
  facet normal 0 1 -0
    outer loop
      vertex 161.8 14.4 2.4
      vertex 161.285 14.4 7.4
      vertex 161.8 14.4 7.4
    endloop
  endfacet
  facet normal 0 1 0
    outer loop
      vertex 161.285 14.4 7.4
      vertex 161.8 14.4 2.4
      vertex 161.285 14.4 2.4
    endloop
  endfacet
  facet normal 0 1 -0
    outer loop
      vertex 82.1152 14.4 2.4
      vertex 8.88479 14.4 7.4
      vertex 82.1152 14.4 7.4
    endloop
  endfacet
  facet normal 0 1 0
    outer loop
      vertex 8.88479 14.4 7.4
      vertex 82.1152 14.4 2.4
      vertex 8.88479 14.4 2.4
    endloop
  endfacet
  facet normal 0 1 -0
    outer loop
      vertex 158.315 14.4 2.4
      vertex 85.0848 14.4 7.4
      vertex 158.315 14.4 7.4
    endloop
  endfacet
  facet normal 0 1 0
    outer loop
      vertex 85.0848 14.4 7.4
      vertex 158.315 14.4 2.4
      vertex 85.0848 14.4 2.4
    endloop
  endfacet
  facet normal 0 -1 0
    outer loop
      vertex 5.4 100.8 2.4
      vertex 5.91521 100.8 7.4
      vertex 5.4 100.8 7.4
    endloop
  endfacet
  facet normal 0 -1 -0
    outer loop
      vertex 5.91521 100.8 7.4
      vertex 5.4 100.8 2.4
      vertex 5.91521 100.8 2.4
    endloop
  endfacet
  facet normal 0 -1 0
    outer loop
      vertex 161.285 100.8 2.4
      vertex 161.8 100.8 7.4
      vertex 161.285 100.8 7.4
    endloop
  endfacet
  facet normal 0 -1 -0
    outer loop
      vertex 161.8 100.8 7.4
      vertex 161.285 100.8 2.4
      vertex 161.8 100.8 2.4
    endloop
  endfacet
  facet normal 0 -1 0
    outer loop
      vertex 8.88479 100.8 2.4
      vertex 82.1152 100.8 7.4
      vertex 8.88479 100.8 7.4
    endloop
  endfacet
  facet normal 0 -1 -0
    outer loop
      vertex 82.1152 100.8 7.4
      vertex 8.88479 100.8 2.4
      vertex 82.1152 100.8 2.4
    endloop
  endfacet
  facet normal 0 -1 0
    outer loop
      vertex 85.0848 100.8 2.4
      vertex 158.315 100.8 7.4
      vertex 85.0848 100.8 7.4
    endloop
  endfacet
  facet normal 0 -1 -0
    outer loop
      vertex 158.315 100.8 7.4
      vertex 85.0848 100.8 2.4
      vertex 158.315 100.8 2.4
    endloop
  endfacet
  facet normal 0.634008 0.773326 -0
    outer loop
      vertex 9.16777 100.568 2.4
      vertex 8.88479 100.8 7.4
      vertex 9.16777 100.568 7.4
    endloop
  endfacet
  facet normal 0.634008 0.773326 0
    outer loop
      vertex 8.88479 100.8 7.4
      vertex 9.16777 100.568 2.4
      vertex 8.88479 100.8 2.4
    endloop
  endfacet
  facet normal 0.995184 -0.0980287 0
    outer loop
      vertex 9.85196 98.3123 7.4
      vertex 9.9 98.8 2.4
      vertex 9.9 98.8 7.4
    endloop
  endfacet
  facet normal 0.995184 -0.0980287 0
    outer loop
      vertex 9.9 98.8 2.4
      vertex 9.85196 98.3123 7.4
      vertex 9.85196 98.3123 2.4
    endloop
  endfacet
  facet normal -0.290353 -0.95692 0
    outer loop
      vertex 6.44329 96.4903 2.4
      vertex 6.91227 96.348 7.4
      vertex 6.44329 96.4903 7.4
    endloop
  endfacet
  facet normal -0.290353 -0.95692 -0
    outer loop
      vertex 6.91227 96.348 7.4
      vertex 6.44329 96.4903 2.4
      vertex 6.91227 96.348 2.4
    endloop
  endfacet
  facet normal 0.773148 0.634226 0
    outer loop
      vertex 9.47867 100.189 7.4
      vertex 9.16777 100.568 2.4
      vertex 9.16777 100.568 7.4
    endloop
  endfacet
  facet normal 0.773148 0.634226 0
    outer loop
      vertex 9.16777 100.568 2.4
      vertex 9.47867 100.189 7.4
      vertex 9.47867 100.189 2.4
    endloop
  endfacet
  facet normal 0.634386 -0.773016 0
    outer loop
      vertex 8.78893 96.7213 2.4
      vertex 9.16777 97.0322 7.4
      vertex 8.78893 96.7213 7.4
    endloop
  endfacet
  facet normal 0.634386 -0.773016 0
    outer loop
      vertex 9.16777 97.0322 7.4
      vertex 8.78893 96.7213 2.4
      vertex 9.16777 97.0322 2.4
    endloop
  endfacet
  facet normal 0.956946 0.290267 0
    outer loop
      vertex 9.85196 99.2877 7.4
      vertex 9.7097 99.7567 2.4
      vertex 9.7097 99.7567 7.4
    endloop
  endfacet
  facet normal 0.956946 0.290267 0
    outer loop
      vertex 9.7097 99.7567 2.4
      vertex 9.85196 99.2877 7.4
      vertex 9.85196 99.2877 2.4
    endloop
  endfacet
  facet normal 0.881954 0.471335 0
    outer loop
      vertex 9.7097 99.7567 7.4
      vertex 9.47867 100.189 2.4
      vertex 9.47867 100.189 7.4
    endloop
  endfacet
  facet normal 0.881954 0.471335 0
    outer loop
      vertex 9.47867 100.189 2.4
      vertex 9.7097 99.7567 7.4
      vertex 9.7097 99.7567 2.4
    endloop
  endfacet
  facet normal -0.77304 0.634357 0
    outer loop
      vertex 5.4 100.285 2.4
      vertex 5.63223 100.568 7.4
      vertex 5.63223 100.568 2.4
    endloop
  endfacet
  facet normal -0.77304 0.634357 0
    outer loop
      vertex 5.63223 100.568 7.4
      vertex 5.4 100.285 2.4
      vertex 5.4 100.285 7.4
    endloop
  endfacet
  facet normal -0.634008 0.773326 0
    outer loop
      vertex 5.91521 100.8 2.4
      vertex 5.63223 100.568 7.4
      vertex 5.91521 100.8 7.4
    endloop
  endfacet
  facet normal -0.634008 0.773326 0
    outer loop
      vertex 5.63223 100.568 7.4
      vertex 5.91521 100.8 2.4
      vertex 5.63223 100.568 2.4
    endloop
  endfacet
  facet normal 0.995184 0.0980287 0
    outer loop
      vertex 9.9 98.8 7.4
      vertex 9.85196 99.2877 2.4
      vertex 9.85196 99.2877 7.4
    endloop
  endfacet
  facet normal 0.995184 0.0980287 0
    outer loop
      vertex 9.85196 99.2877 2.4
      vertex 9.9 98.8 7.4
      vertex 9.9 98.8 2.4
    endloop
  endfacet
  facet normal 0.0979419 -0.995192 0
    outer loop
      vertex 7.4 96.3 2.4
      vertex 7.88773 96.348 7.4
      vertex 7.4 96.3 7.4
    endloop
  endfacet
  facet normal 0.0979419 -0.995192 0
    outer loop
      vertex 7.88773 96.348 7.4
      vertex 7.4 96.3 2.4
      vertex 7.88773 96.348 2.4
    endloop
  endfacet
  facet normal 0.290353 -0.95692 0
    outer loop
      vertex 7.88773 96.348 2.4
      vertex 8.35671 96.4903 7.4
      vertex 7.88773 96.348 7.4
    endloop
  endfacet
  facet normal 0.290353 -0.95692 0
    outer loop
      vertex 8.35671 96.4903 7.4
      vertex 7.88773 96.348 2.4
      vertex 8.35671 96.4903 2.4
    endloop
  endfacet
  facet normal 0.471355 -0.881944 0
    outer loop
      vertex 8.35671 96.4903 2.4
      vertex 8.78893 96.7213 7.4
      vertex 8.35671 96.4903 7.4
    endloop
  endfacet
  facet normal 0.471355 -0.881944 0
    outer loop
      vertex 8.78893 96.7213 7.4
      vertex 8.35671 96.4903 2.4
      vertex 8.78893 96.7213 2.4
    endloop
  endfacet
  facet normal -0.0979419 -0.995192 0
    outer loop
      vertex 6.91227 96.348 2.4
      vertex 7.4 96.3 7.4
      vertex 6.91227 96.348 7.4
    endloop
  endfacet
  facet normal -0.0979419 -0.995192 -0
    outer loop
      vertex 7.4 96.3 7.4
      vertex 6.91227 96.348 2.4
      vertex 7.4 96.3 2.4
    endloop
  endfacet
  facet normal -0.634386 -0.773016 0
    outer loop
      vertex 5.63223 97.0322 2.4
      vertex 6.01107 96.7213 7.4
      vertex 5.63223 97.0322 7.4
    endloop
  endfacet
  facet normal -0.634386 -0.773016 -0
    outer loop
      vertex 6.01107 96.7213 7.4
      vertex 5.63223 97.0322 2.4
      vertex 6.01107 96.7213 2.4
    endloop
  endfacet
  facet normal 0.773066 -0.634326 0
    outer loop
      vertex 9.16777 97.0322 7.4
      vertex 9.47867 97.4111 2.4
      vertex 9.47867 97.4111 7.4
    endloop
  endfacet
  facet normal 0.773066 -0.634326 0
    outer loop
      vertex 9.47867 97.4111 2.4
      vertex 9.16777 97.0322 7.4
      vertex 9.16777 97.0322 2.4
    endloop
  endfacet
  facet normal -0.471355 -0.881944 0
    outer loop
      vertex 6.01107 96.7213 2.4
      vertex 6.44329 96.4903 7.4
      vertex 6.01107 96.7213 7.4
    endloop
  endfacet
  facet normal -0.471355 -0.881944 -0
    outer loop
      vertex 6.44329 96.4903 7.4
      vertex 6.01107 96.7213 2.4
      vertex 6.44329 96.4903 2.4
    endloop
  endfacet
  facet normal -0.77304 -0.634357 0
    outer loop
      vertex 5.63223 97.0322 2.4
      vertex 5.4 97.3152 7.4
      vertex 5.4 97.3152 2.4
    endloop
  endfacet
  facet normal -0.77304 -0.634357 0
    outer loop
      vertex 5.4 97.3152 7.4
      vertex 5.63223 97.0322 2.4
      vertex 5.63223 97.0322 7.4
    endloop
  endfacet
  facet normal 0.956946 -0.290267 0
    outer loop
      vertex 9.7097 97.8433 7.4
      vertex 9.85196 98.3123 2.4
      vertex 9.85196 98.3123 7.4
    endloop
  endfacet
  facet normal 0.956946 -0.290267 0
    outer loop
      vertex 9.85196 98.3123 2.4
      vertex 9.7097 97.8433 7.4
      vertex 9.7097 97.8433 2.4
    endloop
  endfacet
  facet normal 0.881909 -0.471419 0
    outer loop
      vertex 9.47867 97.4111 7.4
      vertex 9.7097 97.8433 2.4
      vertex 9.7097 97.8433 7.4
    endloop
  endfacet
  facet normal 0.881909 -0.471419 0
    outer loop
      vertex 9.7097 97.8433 2.4
      vertex 9.47867 97.4111 7.4
      vertex 9.47867 97.4111 2.4
    endloop
  endfacet
  facet normal -0.923823 -0.38282 0
    outer loop
      vertex 8.56702 99.3506 2.4
      vertex 8.52583 99.45 7.4
      vertex 8.52583 99.45 2.4
    endloop
  endfacet
  facet normal -0.923823 -0.38282 0
    outer loop
      vertex 8.52583 99.45 7.4
      vertex 8.56702 99.3506 2.4
      vertex 8.56702 99.3506 7.4
    endloop
  endfacet
  facet normal -0.923579 0.383407 0
    outer loop
      vertex 8.52583 98.15 2.4
      vertex 8.53214 98.1652 7.4
      vertex 8.53214 98.1652 2.4
    endloop
  endfacet
  facet normal -0.923579 0.383407 0
    outer loop
      vertex 8.53214 98.1652 7.4
      vertex 8.52583 98.15 2.4
      vertex 8.52583 98.15 7.4
    endloop
  endfacet
  facet normal -0.793472 -0.608607 0
    outer loop
      vertex 8.52583 99.45 2.4
      vertex 8.4749 99.5164 7.4
      vertex 8.4749 99.5164 2.4
    endloop
  endfacet
  facet normal -0.793472 -0.608607 0
    outer loop
      vertex 8.4749 99.5164 7.4
      vertex 8.52583 99.45 2.4
      vertex 8.52583 99.45 7.4
    endloop
  endfacet
  facet normal -0.608893 -0.793252 0
    outer loop
      vertex 8.05 99.9258 2.4
      vertex 8.08752 99.897 7.4
      vertex 8.05 99.9258 7.4
    endloop
  endfacet
  facet normal -0.608893 -0.793252 -0
    outer loop
      vertex 8.08752 99.897 7.4
      vertex 8.05 99.9258 2.4
      vertex 8.08752 99.897 2.4
    endloop
  endfacet
  facet normal 0.633982 0.773348 -0
    outer loop
      vertex 85.3678 100.568 2.4
      vertex 85.0848 100.8 7.4
      vertex 85.3678 100.568 7.4
    endloop
  endfacet
  facet normal 0.633982 0.773348 0
    outer loop
      vertex 85.0848 100.8 7.4
      vertex 85.3678 100.568 2.4
      vertex 85.0848 100.8 2.4
    endloop
  endfacet
  facet normal 0.995192 -0.0979479 0
    outer loop
      vertex 86.052 98.3123 7.4
      vertex 86.1 98.8 2.4
      vertex 86.1 98.8 7.4
    endloop
  endfacet
  facet normal 0.995192 -0.0979479 0
    outer loop
      vertex 86.1 98.8 2.4
      vertex 86.052 98.3123 7.4
      vertex 86.052 98.3123 2.4
    endloop
  endfacet
  facet normal -0.290341 -0.956923 0
    outer loop
      vertex 82.6433 96.4903 2.4
      vertex 83.1123 96.348 7.4
      vertex 82.6433 96.4903 7.4
    endloop
  endfacet
  facet normal -0.290341 -0.956923 -0
    outer loop
      vertex 83.1123 96.348 7.4
      vertex 82.6433 96.4903 2.4
      vertex 83.1123 96.348 2.4
    endloop
  endfacet
  facet normal 0.773148 0.634226 0
    outer loop
      vertex 85.6787 100.189 7.4
      vertex 85.3678 100.568 2.4
      vertex 85.3678 100.568 7.4
    endloop
  endfacet
  facet normal 0.773148 0.634226 0
    outer loop
      vertex 85.3678 100.568 2.4
      vertex 85.6787 100.189 7.4
      vertex 85.6787 100.189 2.4
    endloop
  endfacet
  facet normal -0.88198 0.471287 0
    outer loop
      vertex 81.2903 99.7567 2.4
      vertex 81.5213 100.189 7.4
      vertex 81.5213 100.189 2.4
    endloop
  endfacet
  facet normal -0.88198 0.471287 0
    outer loop
      vertex 81.5213 100.189 7.4
      vertex 81.2903 99.7567 2.4
      vertex 81.2903 99.7567 7.4
    endloop
  endfacet
  facet normal 0.634326 -0.773066 0
    outer loop
      vertex 84.9889 96.7213 2.4
      vertex 85.3678 97.0322 7.4
      vertex 84.9889 96.7213 7.4
    endloop
  endfacet
  facet normal 0.634326 -0.773066 0
    outer loop
      vertex 85.3678 97.0322 7.4
      vertex 84.9889 96.7213 2.4
      vertex 85.3678 97.0322 2.4
    endloop
  endfacet
  facet normal -0.881935 -0.471372 0
    outer loop
      vertex 81.5213 97.4111 2.4
      vertex 81.2903 97.8433 7.4
      vertex 81.2903 97.8433 2.4
    endloop
  endfacet
  facet normal -0.881935 -0.471372 0
    outer loop
      vertex 81.2903 97.8433 7.4
      vertex 81.5213 97.4111 2.4
      vertex 81.5213 97.4111 7.4
    endloop
  endfacet
  facet normal 0.956923 0.290341 0
    outer loop
      vertex 86.052 99.2877 7.4
      vertex 85.9097 99.7567 2.4
      vertex 85.9097 99.7567 7.4
    endloop
  endfacet
  facet normal 0.956923 0.290341 0
    outer loop
      vertex 85.9097 99.7567 2.4
      vertex 86.052 99.2877 7.4
      vertex 86.052 99.2877 2.4
    endloop
  endfacet
  facet normal 0.88198 0.471287 0
    outer loop
      vertex 85.9097 99.7567 7.4
      vertex 85.6787 100.189 2.4
      vertex 85.6787 100.189 7.4
    endloop
  endfacet
  facet normal 0.88198 0.471287 0
    outer loop
      vertex 85.6787 100.189 2.4
      vertex 85.9097 99.7567 7.4
      vertex 85.9097 99.7567 2.4
    endloop
  endfacet
  facet normal -0.995192 0.0979479 0
    outer loop
      vertex 81.1 98.8 2.4
      vertex 81.148 99.2877 7.4
      vertex 81.148 99.2877 2.4
    endloop
  endfacet
  facet normal -0.995192 0.0979479 0
    outer loop
      vertex 81.148 99.2877 7.4
      vertex 81.1 98.8 2.4
      vertex 81.1 98.8 7.4
    endloop
  endfacet
  facet normal -0.773148 0.634226 0
    outer loop
      vertex 81.5213 100.189 2.4
      vertex 81.8322 100.568 7.4
      vertex 81.8322 100.568 2.4
    endloop
  endfacet
  facet normal -0.773148 0.634226 0
    outer loop
      vertex 81.8322 100.568 7.4
      vertex 81.5213 100.189 2.4
      vertex 81.5213 100.189 7.4
    endloop
  endfacet
  facet normal -0.633982 0.773348 0
    outer loop
      vertex 82.1152 100.8 2.4
      vertex 81.8322 100.568 7.4
      vertex 82.1152 100.8 7.4
    endloop
  endfacet
  facet normal -0.633982 0.773348 0
    outer loop
      vertex 81.8322 100.568 7.4
      vertex 82.1152 100.8 2.4
      vertex 81.8322 100.568 2.4
    endloop
  endfacet
  facet normal 0.995192 0.0979479 0
    outer loop
      vertex 86.1 98.8 7.4
      vertex 86.052 99.2877 2.4
      vertex 86.052 99.2877 7.4
    endloop
  endfacet
  facet normal 0.995192 0.0979479 0
    outer loop
      vertex 86.052 99.2877 2.4
      vertex 86.1 98.8 7.4
      vertex 86.1 98.8 2.4
    endloop
  endfacet
  facet normal 0.0979479 -0.995192 0
    outer loop
      vertex 83.6 96.3 2.4
      vertex 84.0877 96.348 7.4
      vertex 83.6 96.3 7.4
    endloop
  endfacet
  facet normal 0.0979479 -0.995192 0
    outer loop
      vertex 84.0877 96.348 7.4
      vertex 83.6 96.3 2.4
      vertex 84.0877 96.348 2.4
    endloop
  endfacet
  facet normal 0.290341 -0.956923 0
    outer loop
      vertex 84.0877 96.348 2.4
      vertex 84.5567 96.4903 7.4
      vertex 84.0877 96.348 7.4
    endloop
  endfacet
  facet normal 0.290341 -0.956923 0
    outer loop
      vertex 84.5567 96.4903 7.4
      vertex 84.0877 96.348 2.4
      vertex 84.5567 96.4903 2.4
    endloop
  endfacet
  facet normal 0.471372 -0.881935 0
    outer loop
      vertex 84.5567 96.4903 2.4
      vertex 84.9889 96.7213 7.4
      vertex 84.5567 96.4903 7.4
    endloop
  endfacet
  facet normal 0.471372 -0.881935 0
    outer loop
      vertex 84.9889 96.7213 7.4
      vertex 84.5567 96.4903 2.4
      vertex 84.9889 96.7213 2.4
    endloop
  endfacet
  facet normal -0.0979479 -0.995192 0
    outer loop
      vertex 83.1123 96.348 2.4
      vertex 83.6 96.3 7.4
      vertex 83.1123 96.348 7.4
    endloop
  endfacet
  facet normal -0.0979479 -0.995192 -0
    outer loop
      vertex 83.6 96.3 7.4
      vertex 83.1123 96.348 2.4
      vertex 83.6 96.3 2.4
    endloop
  endfacet
  facet normal -0.634326 -0.773066 0
    outer loop
      vertex 81.8322 97.0322 2.4
      vertex 82.2111 96.7213 7.4
      vertex 81.8322 97.0322 7.4
    endloop
  endfacet
  facet normal -0.634326 -0.773066 -0
    outer loop
      vertex 82.2111 96.7213 7.4
      vertex 81.8322 97.0322 2.4
      vertex 82.2111 96.7213 2.4
    endloop
  endfacet
  facet normal -0.995192 -0.0979479 0
    outer loop
      vertex 81.148 98.3123 2.4
      vertex 81.1 98.8 7.4
      vertex 81.1 98.8 2.4
    endloop
  endfacet
  facet normal -0.995192 -0.0979479 0
    outer loop
      vertex 81.1 98.8 7.4
      vertex 81.148 98.3123 2.4
      vertex 81.148 98.3123 7.4
    endloop
  endfacet
  facet normal -0.956923 0.290341 0
    outer loop
      vertex 81.148 99.2877 2.4
      vertex 81.2903 99.7567 7.4
      vertex 81.2903 99.7567 2.4
    endloop
  endfacet
  facet normal -0.956923 0.290341 0
    outer loop
      vertex 81.2903 99.7567 7.4
      vertex 81.148 99.2877 2.4
      vertex 81.148 99.2877 7.4
    endloop
  endfacet
  facet normal 0.773066 -0.634326 0
    outer loop
      vertex 85.3678 97.0322 7.4
      vertex 85.6787 97.4111 2.4
      vertex 85.6787 97.4111 7.4
    endloop
  endfacet
  facet normal 0.773066 -0.634326 0
    outer loop
      vertex 85.6787 97.4111 2.4
      vertex 85.3678 97.0322 7.4
      vertex 85.3678 97.0322 2.4
    endloop
  endfacet
  facet normal -0.471372 -0.881935 0
    outer loop
      vertex 82.2111 96.7213 2.4
      vertex 82.6433 96.4903 7.4
      vertex 82.2111 96.7213 7.4
    endloop
  endfacet
  facet normal -0.471372 -0.881935 -0
    outer loop
      vertex 82.6433 96.4903 7.4
      vertex 82.2111 96.7213 2.4
      vertex 82.6433 96.4903 2.4
    endloop
  endfacet
  facet normal -0.956923 -0.290341 0
    outer loop
      vertex 81.2903 97.8433 2.4
      vertex 81.148 98.3123 7.4
      vertex 81.148 98.3123 2.4
    endloop
  endfacet
  facet normal -0.956923 -0.290341 0
    outer loop
      vertex 81.148 98.3123 7.4
      vertex 81.2903 97.8433 2.4
      vertex 81.2903 97.8433 7.4
    endloop
  endfacet
  facet normal -0.773066 -0.634326 0
    outer loop
      vertex 81.8322 97.0322 2.4
      vertex 81.5213 97.4111 7.4
      vertex 81.5213 97.4111 2.4
    endloop
  endfacet
  facet normal -0.773066 -0.634326 0
    outer loop
      vertex 81.5213 97.4111 7.4
      vertex 81.8322 97.0322 2.4
      vertex 81.8322 97.0322 7.4
    endloop
  endfacet
  facet normal 0.956923 -0.290341 0
    outer loop
      vertex 85.9097 97.8433 7.4
      vertex 86.052 98.3123 2.4
      vertex 86.052 98.3123 7.4
    endloop
  endfacet
  facet normal 0.956923 -0.290341 0
    outer loop
      vertex 86.052 98.3123 2.4
      vertex 85.9097 97.8433 7.4
      vertex 85.9097 97.8433 2.4
    endloop
  endfacet
  facet normal 0.881935 -0.471372 0
    outer loop
      vertex 85.6787 97.4111 7.4
      vertex 85.9097 97.8433 2.4
      vertex 85.9097 97.8433 7.4
    endloop
  endfacet
  facet normal 0.881935 -0.471372 0
    outer loop
      vertex 85.9097 97.8433 2.4
      vertex 85.6787 97.4111 7.4
      vertex 85.6787 97.4111 2.4
    endloop
  endfacet
  facet normal 0.633982 0.773348 -0
    outer loop
      vertex 161.568 100.568 2.4
      vertex 161.285 100.8 7.4
      vertex 161.568 100.568 7.4
    endloop
  endfacet
  facet normal 0.633982 0.773348 0
    outer loop
      vertex 161.285 100.8 7.4
      vertex 161.568 100.568 2.4
      vertex 161.285 100.8 2.4
    endloop
  endfacet
  facet normal -0.290341 -0.956923 0
    outer loop
      vertex 158.843 96.4903 2.4
      vertex 159.312 96.348 7.4
      vertex 158.843 96.4903 7.4
    endloop
  endfacet
  facet normal -0.290341 -0.956923 -0
    outer loop
      vertex 159.312 96.348 7.4
      vertex 158.843 96.4903 2.4
      vertex 159.312 96.348 2.4
    endloop
  endfacet
  facet normal 0.773348 0.633982 0
    outer loop
      vertex 161.8 100.285 7.4
      vertex 161.568 100.568 2.4
      vertex 161.568 100.568 7.4
    endloop
  endfacet
  facet normal 0.773348 0.633982 0
    outer loop
      vertex 161.568 100.568 2.4
      vertex 161.8 100.285 7.4
      vertex 161.8 100.285 2.4
    endloop
  endfacet
  facet normal -0.88198 0.471287 0
    outer loop
      vertex 157.49 99.7567 2.4
      vertex 157.721 100.189 7.4
      vertex 157.721 100.189 2.4
    endloop
  endfacet
  facet normal -0.88198 0.471287 0
    outer loop
      vertex 157.721 100.189 7.4
      vertex 157.49 99.7567 2.4
      vertex 157.49 99.7567 7.4
    endloop
  endfacet
  facet normal 0.634226 -0.773148 0
    outer loop
      vertex 161.189 96.7213 2.4
      vertex 161.568 97.0322 7.4
      vertex 161.189 96.7213 7.4
    endloop
  endfacet
  facet normal 0.634226 -0.773148 0
    outer loop
      vertex 161.568 97.0322 7.4
      vertex 161.189 96.7213 2.4
      vertex 161.568 97.0322 2.4
    endloop
  endfacet
  facet normal -0.881935 -0.471372 0
    outer loop
      vertex 157.721 97.4111 2.4
      vertex 157.49 97.8433 7.4
      vertex 157.49 97.8433 2.4
    endloop
  endfacet
  facet normal -0.881935 -0.471372 0
    outer loop
      vertex 157.49 97.8433 7.4
      vertex 157.721 97.4111 2.4
      vertex 157.721 97.4111 7.4
    endloop
  endfacet
  facet normal -0.995192 0.0979479 0
    outer loop
      vertex 157.3 98.8 2.4
      vertex 157.348 99.2877 7.4
      vertex 157.348 99.2877 2.4
    endloop
  endfacet
  facet normal -0.995192 0.0979479 0
    outer loop
      vertex 157.348 99.2877 7.4
      vertex 157.3 98.8 2.4
      vertex 157.3 98.8 7.4
    endloop
  endfacet
  facet normal -0.773048 0.634348 0
    outer loop
      vertex 157.721 100.189 2.4
      vertex 158.032 100.568 7.4
      vertex 158.032 100.568 2.4
    endloop
  endfacet
  facet normal -0.773048 0.634348 0
    outer loop
      vertex 158.032 100.568 7.4
      vertex 157.721 100.189 2.4
      vertex 157.721 100.189 7.4
    endloop
  endfacet
  facet normal -0.633982 0.773348 0
    outer loop
      vertex 158.315 100.8 2.4
      vertex 158.032 100.568 7.4
      vertex 158.315 100.8 7.4
    endloop
  endfacet
  facet normal -0.633982 0.773348 0
    outer loop
      vertex 158.032 100.568 7.4
      vertex 158.315 100.8 2.4
      vertex 158.032 100.568 2.4
    endloop
  endfacet
  facet normal 0.0978883 -0.995197 0
    outer loop
      vertex 159.8 96.3 2.4
      vertex 160.288 96.348 7.4
      vertex 159.8 96.3 7.4
    endloop
  endfacet
  facet normal 0.0978883 -0.995197 0
    outer loop
      vertex 160.288 96.348 7.4
      vertex 159.8 96.3 2.4
      vertex 160.288 96.348 2.4
    endloop
  endfacet
  facet normal 0.290341 -0.956923 0
    outer loop
      vertex 160.288 96.348 2.4
      vertex 160.757 96.4903 7.4
      vertex 160.288 96.348 7.4
    endloop
  endfacet
  facet normal 0.290341 -0.956923 0
    outer loop
      vertex 160.757 96.4903 7.4
      vertex 160.288 96.348 2.4
      vertex 160.757 96.4903 2.4
    endloop
  endfacet
  facet normal 0.471542 -0.881844 0
    outer loop
      vertex 160.757 96.4903 2.4
      vertex 161.189 96.7213 7.4
      vertex 160.757 96.4903 7.4
    endloop
  endfacet
  facet normal 0.471542 -0.881844 0
    outer loop
      vertex 161.189 96.7213 7.4
      vertex 160.757 96.4903 2.4
      vertex 161.189 96.7213 2.4
    endloop
  endfacet
  facet normal -0.0978883 -0.995197 0
    outer loop
      vertex 159.312 96.348 2.4
      vertex 159.8 96.3 7.4
      vertex 159.312 96.348 7.4
    endloop
  endfacet
  facet normal -0.0978883 -0.995197 -0
    outer loop
      vertex 159.8 96.3 7.4
      vertex 159.312 96.348 2.4
      vertex 159.8 96.3 2.4
    endloop
  endfacet
  facet normal -0.634226 -0.773148 0
    outer loop
      vertex 158.032 97.0322 2.4
      vertex 158.411 96.7213 7.4
      vertex 158.032 97.0322 7.4
    endloop
  endfacet
  facet normal -0.634226 -0.773148 -0
    outer loop
      vertex 158.411 96.7213 7.4
      vertex 158.032 97.0322 2.4
      vertex 158.411 96.7213 2.4
    endloop
  endfacet
  facet normal -0.995192 -0.0979479 0
    outer loop
      vertex 157.348 98.3123 2.4
      vertex 157.3 98.8 7.4
      vertex 157.3 98.8 2.4
    endloop
  endfacet
  facet normal -0.995192 -0.0979479 0
    outer loop
      vertex 157.3 98.8 7.4
      vertex 157.348 98.3123 2.4
      vertex 157.348 98.3123 7.4
    endloop
  endfacet
  facet normal -0.957093 0.289781 0
    outer loop
      vertex 157.348 99.2877 2.4
      vertex 157.49 99.7567 7.4
      vertex 157.49 99.7567 2.4
    endloop
  endfacet
  facet normal -0.957093 0.289781 0
    outer loop
      vertex 157.49 99.7567 7.4
      vertex 157.348 99.2877 2.4
      vertex 157.348 99.2877 7.4
    endloop
  endfacet
  facet normal 0.773348 -0.633982 0
    outer loop
      vertex 161.568 97.0322 7.4
      vertex 161.8 97.3152 2.4
      vertex 161.8 97.3152 7.4
    endloop
  endfacet
  facet normal 0.773348 -0.633982 0
    outer loop
      vertex 161.8 97.3152 2.4
      vertex 161.568 97.0322 7.4
      vertex 161.568 97.0322 2.4
    endloop
  endfacet
  facet normal -0.471542 -0.881844 0
    outer loop
      vertex 158.411 96.7213 2.4
      vertex 158.843 96.4903 7.4
      vertex 158.411 96.7213 7.4
    endloop
  endfacet
  facet normal -0.471542 -0.881844 -0
    outer loop
      vertex 158.843 96.4903 7.4
      vertex 158.411 96.7213 2.4
      vertex 158.843 96.4903 2.4
    endloop
  endfacet
  facet normal -0.957093 -0.289781 0
    outer loop
      vertex 157.49 97.8433 2.4
      vertex 157.348 98.3123 7.4
      vertex 157.348 98.3123 2.4
    endloop
  endfacet
  facet normal -0.957093 -0.289781 0
    outer loop
      vertex 157.348 98.3123 7.4
      vertex 157.49 97.8433 2.4
      vertex 157.49 97.8433 7.4
    endloop
  endfacet
  facet normal -0.772966 -0.634448 0
    outer loop
      vertex 158.032 97.0322 2.4
      vertex 157.721 97.4111 7.4
      vertex 157.721 97.4111 2.4
    endloop
  endfacet
  facet normal -0.772966 -0.634448 0
    outer loop
      vertex 157.721 97.4111 7.4
      vertex 158.032 97.0322 2.4
      vertex 158.032 97.0322 7.4
    endloop
  endfacet
  facet normal 0.634386 0.773016 -0
    outer loop
      vertex 9.16777 18.1678 2.4
      vertex 8.78893 18.4787 7.4
      vertex 9.16777 18.1678 7.4
    endloop
  endfacet
  facet normal 0.634386 0.773016 0
    outer loop
      vertex 8.78893 18.4787 7.4
      vertex 9.16777 18.1678 2.4
      vertex 8.78893 18.4787 2.4
    endloop
  endfacet
  facet normal 0.995184 -0.0980287 0
    outer loop
      vertex 9.85196 15.9123 7.4
      vertex 9.9 16.4 2.4
      vertex 9.9 16.4 7.4
    endloop
  endfacet
  facet normal 0.995184 -0.0980287 0
    outer loop
      vertex 9.9 16.4 2.4
      vertex 9.85196 15.9123 7.4
      vertex 9.85196 15.9123 2.4
    endloop
  endfacet
  facet normal 0.773066 0.634326 0
    outer loop
      vertex 9.47867 17.7889 7.4
      vertex 9.16777 18.1678 2.4
      vertex 9.16777 18.1678 7.4
    endloop
  endfacet
  facet normal 0.773066 0.634326 0
    outer loop
      vertex 9.16777 18.1678 2.4
      vertex 9.47867 17.7889 7.4
      vertex 9.47867 17.7889 2.4
    endloop
  endfacet
  facet normal -0.290353 0.95692 0
    outer loop
      vertex 6.91227 18.852 2.4
      vertex 6.44329 18.7097 7.4
      vertex 6.91227 18.852 7.4
    endloop
  endfacet
  facet normal -0.290353 0.95692 0
    outer loop
      vertex 6.44329 18.7097 7.4
      vertex 6.91227 18.852 2.4
      vertex 6.44329 18.7097 2.4
    endloop
  endfacet
  facet normal 0.634335 -0.773058 0
    outer loop
      vertex 8.88479 14.4 2.4
      vertex 9.16777 14.6322 7.4
      vertex 8.88479 14.4 7.4
    endloop
  endfacet
  facet normal 0.634335 -0.773058 0
    outer loop
      vertex 9.16777 14.6322 7.4
      vertex 8.88479 14.4 2.4
      vertex 9.16777 14.6322 2.4
    endloop
  endfacet
  facet normal 0.956946 0.290267 0
    outer loop
      vertex 9.85196 16.8877 7.4
      vertex 9.7097 17.3567 2.4
      vertex 9.7097 17.3567 7.4
    endloop
  endfacet
  facet normal 0.956946 0.290267 0
    outer loop
      vertex 9.7097 17.3567 2.4
      vertex 9.85196 16.8877 7.4
      vertex 9.85196 16.8877 2.4
    endloop
  endfacet
  facet normal 0.881909 0.471419 0
    outer loop
      vertex 9.7097 17.3567 7.4
      vertex 9.47867 17.7889 2.4
      vertex 9.47867 17.7889 7.4
    endloop
  endfacet
  facet normal 0.881909 0.471419 0
    outer loop
      vertex 9.47867 17.7889 2.4
      vertex 9.7097 17.3567 7.4
      vertex 9.7097 17.3567 2.4
    endloop
  endfacet
  facet normal 0.471355 0.881944 -0
    outer loop
      vertex 8.78893 18.4787 2.4
      vertex 8.35671 18.7097 7.4
      vertex 8.78893 18.4787 7.4
    endloop
  endfacet
  facet normal 0.471355 0.881944 0
    outer loop
      vertex 8.35671 18.7097 7.4
      vertex 8.78893 18.4787 2.4
      vertex 8.35671 18.7097 2.4
    endloop
  endfacet
  facet normal 0.0979419 0.995192 -0
    outer loop
      vertex 7.88773 18.852 2.4
      vertex 7.4 18.9 7.4
      vertex 7.88773 18.852 7.4
    endloop
  endfacet
  facet normal 0.0979419 0.995192 0
    outer loop
      vertex 7.4 18.9 7.4
      vertex 7.88773 18.852 2.4
      vertex 7.4 18.9 2.4
    endloop
  endfacet
  facet normal 0.290353 0.95692 -0
    outer loop
      vertex 8.35671 18.7097 2.4
      vertex 7.88773 18.852 7.4
      vertex 8.35671 18.7097 7.4
    endloop
  endfacet
  facet normal 0.290353 0.95692 0
    outer loop
      vertex 7.88773 18.852 7.4
      vertex 8.35671 18.7097 2.4
      vertex 7.88773 18.852 2.4
    endloop
  endfacet
  facet normal -0.77304 0.634357 0
    outer loop
      vertex 5.4 17.8848 2.4
      vertex 5.63223 18.1678 7.4
      vertex 5.63223 18.1678 2.4
    endloop
  endfacet
  facet normal -0.77304 0.634357 0
    outer loop
      vertex 5.63223 18.1678 7.4
      vertex 5.4 17.8848 2.4
      vertex 5.4 17.8848 7.4
    endloop
  endfacet
  facet normal -0.471355 0.881944 0
    outer loop
      vertex 6.44329 18.7097 2.4
      vertex 6.01107 18.4787 7.4
      vertex 6.44329 18.7097 7.4
    endloop
  endfacet
  facet normal -0.471355 0.881944 0
    outer loop
      vertex 6.01107 18.4787 7.4
      vertex 6.44329 18.7097 2.4
      vertex 6.01107 18.4787 2.4
    endloop
  endfacet
  facet normal -0.0979419 0.995192 0
    outer loop
      vertex 7.4 18.9 2.4
      vertex 6.91227 18.852 7.4
      vertex 7.4 18.9 7.4
    endloop
  endfacet
  facet normal -0.0979419 0.995192 0
    outer loop
      vertex 6.91227 18.852 7.4
      vertex 7.4 18.9 2.4
      vertex 6.91227 18.852 2.4
    endloop
  endfacet
  facet normal -0.634386 0.773016 0
    outer loop
      vertex 6.01107 18.4787 2.4
      vertex 5.63223 18.1678 7.4
      vertex 6.01107 18.4787 7.4
    endloop
  endfacet
  facet normal -0.634386 0.773016 0
    outer loop
      vertex 5.63223 18.1678 7.4
      vertex 6.01107 18.4787 2.4
      vertex 5.63223 18.1678 2.4
    endloop
  endfacet
  facet normal 0.995184 0.0980287 0
    outer loop
      vertex 9.9 16.4 7.4
      vertex 9.85196 16.8877 2.4
      vertex 9.85196 16.8877 7.4
    endloop
  endfacet
  facet normal 0.995184 0.0980287 0
    outer loop
      vertex 9.85196 16.8877 2.4
      vertex 9.9 16.4 7.4
      vertex 9.9 16.4 2.4
    endloop
  endfacet
  facet normal -0.634335 -0.773058 0
    outer loop
      vertex 5.63223 14.6322 2.4
      vertex 5.91521 14.4 7.4
      vertex 5.63223 14.6322 7.4
    endloop
  endfacet
  facet normal -0.634335 -0.773058 -0
    outer loop
      vertex 5.91521 14.4 7.4
      vertex 5.63223 14.6322 2.4
      vertex 5.91521 14.4 2.4
    endloop
  endfacet
  facet normal 0.773066 -0.634326 0
    outer loop
      vertex 9.16777 14.6322 7.4
      vertex 9.47867 15.0111 2.4
      vertex 9.47867 15.0111 7.4
    endloop
  endfacet
  facet normal 0.773066 -0.634326 0
    outer loop
      vertex 9.47867 15.0111 2.4
      vertex 9.16777 14.6322 7.4
      vertex 9.16777 14.6322 2.4
    endloop
  endfacet
  facet normal -0.77304 -0.634357 0
    outer loop
      vertex 5.63223 14.6322 2.4
      vertex 5.4 14.9152 7.4
      vertex 5.4 14.9152 2.4
    endloop
  endfacet
  facet normal -0.77304 -0.634357 0
    outer loop
      vertex 5.4 14.9152 7.4
      vertex 5.63223 14.6322 2.4
      vertex 5.63223 14.6322 7.4
    endloop
  endfacet
  facet normal 0.956946 -0.290267 0
    outer loop
      vertex 9.7097 15.4433 7.4
      vertex 9.85196 15.9123 2.4
      vertex 9.85196 15.9123 7.4
    endloop
  endfacet
  facet normal 0.956946 -0.290267 0
    outer loop
      vertex 9.85196 15.9123 2.4
      vertex 9.7097 15.4433 7.4
      vertex 9.7097 15.4433 2.4
    endloop
  endfacet
  facet normal 0.881909 -0.471419 0
    outer loop
      vertex 9.47867 15.0111 7.4
      vertex 9.7097 15.4433 2.4
      vertex 9.7097 15.4433 7.4
    endloop
  endfacet
  facet normal 0.881909 -0.471419 0
    outer loop
      vertex 9.7097 15.4433 2.4
      vertex 9.47867 15.0111 7.4
      vertex 9.47867 15.0111 2.4
    endloop
  endfacet
  facet normal -0.38302 -0.92374 0
    outer loop
      vertex 7.92459 17.5778 2.4
      vertex 8.05 17.5258 7.4
      vertex 7.92459 17.5778 7.4
    endloop
  endfacet
  facet normal -0.38302 -0.92374 -0
    outer loop
      vertex 8.05 17.5258 7.4
      vertex 7.92459 17.5778 2.4
      vertex 8.05 17.5258 2.4
    endloop
  endfacet
  facet normal -0.92386 -0.382731 0
    outer loop
      vertex 8.57778 16.9246 2.4
      vertex 8.52583 17.05 7.4
      vertex 8.52583 17.05 2.4
    endloop
  endfacet
  facet normal -0.92386 -0.382731 0
    outer loop
      vertex 8.52583 17.05 7.4
      vertex 8.57778 16.9246 2.4
      vertex 8.57778 16.9246 7.4
    endloop
  endfacet
  facet normal -0.793357 -0.608756 0
    outer loop
      vertex 8.52583 17.05 2.4
      vertex 8.44319 17.1577 7.4
      vertex 8.44319 17.1577 2.4
    endloop
  endfacet
  facet normal -0.793357 -0.608756 0
    outer loop
      vertex 8.44319 17.1577 7.4
      vertex 8.52583 17.05 2.4
      vertex 8.52583 17.05 7.4
    endloop
  endfacet
  facet normal -0.608606 -0.793472 0
    outer loop
      vertex 8.05 17.5258 2.4
      vertex 8.15769 17.4432 7.4
      vertex 8.05 17.5258 7.4
    endloop
  endfacet
  facet normal -0.608606 -0.793472 -0
    outer loop
      vertex 8.15769 17.4432 7.4
      vertex 8.05 17.5258 2.4
      vertex 8.15769 17.4432 2.4
    endloop
  endfacet
  facet normal 0.634326 0.773066 -0
    outer loop
      vertex 85.3678 18.1678 2.4
      vertex 84.9889 18.4787 7.4
      vertex 85.3678 18.1678 7.4
    endloop
  endfacet
  facet normal 0.634326 0.773066 0
    outer loop
      vertex 84.9889 18.4787 7.4
      vertex 85.3678 18.1678 2.4
      vertex 84.9889 18.4787 2.4
    endloop
  endfacet
  facet normal 0.995192 -0.0979479 0
    outer loop
      vertex 86.052 15.9123 7.4
      vertex 86.1 16.4 2.4
      vertex 86.1 16.4 7.4
    endloop
  endfacet
  facet normal 0.995192 -0.0979479 0
    outer loop
      vertex 86.1 16.4 2.4
      vertex 86.052 15.9123 7.4
      vertex 86.052 15.9123 2.4
    endloop
  endfacet
  facet normal 0.773066 0.634326 0
    outer loop
      vertex 85.6787 17.7889 7.4
      vertex 85.3678 18.1678 2.4
      vertex 85.3678 18.1678 7.4
    endloop
  endfacet
  facet normal 0.773066 0.634326 0
    outer loop
      vertex 85.3678 18.1678 2.4
      vertex 85.6787 17.7889 7.4
      vertex 85.6787 17.7889 2.4
    endloop
  endfacet
  facet normal -0.290341 0.956923 0
    outer loop
      vertex 83.1123 18.852 2.4
      vertex 82.6433 18.7097 7.4
      vertex 83.1123 18.852 7.4
    endloop
  endfacet
  facet normal -0.290341 0.956923 0
    outer loop
      vertex 82.6433 18.7097 7.4
      vertex 83.1123 18.852 2.4
      vertex 82.6433 18.7097 2.4
    endloop
  endfacet
  facet normal -0.881935 0.471372 0
    outer loop
      vertex 81.2903 17.3567 2.4
      vertex 81.5213 17.7889 7.4
      vertex 81.5213 17.7889 2.4
    endloop
  endfacet
  facet normal -0.881935 0.471372 0
    outer loop
      vertex 81.5213 17.7889 7.4
      vertex 81.2903 17.3567 2.4
      vertex 81.2903 17.3567 7.4
    endloop
  endfacet
  facet normal 0.634308 -0.77308 0
    outer loop
      vertex 85.0848 14.4 2.4
      vertex 85.3678 14.6322 7.4
      vertex 85.0848 14.4 7.4
    endloop
  endfacet
  facet normal 0.634308 -0.77308 0
    outer loop
      vertex 85.3678 14.6322 7.4
      vertex 85.0848 14.4 2.4
      vertex 85.3678 14.6322 2.4
    endloop
  endfacet
  facet normal -0.881935 -0.471372 0
    outer loop
      vertex 81.5213 15.0111 2.4
      vertex 81.2903 15.4433 7.4
      vertex 81.2903 15.4433 2.4
    endloop
  endfacet
  facet normal -0.881935 -0.471372 0
    outer loop
      vertex 81.2903 15.4433 7.4
      vertex 81.5213 15.0111 2.4
      vertex 81.5213 15.0111 7.4
    endloop
  endfacet
  facet normal 0.956923 0.290341 0
    outer loop
      vertex 86.052 16.8877 7.4
      vertex 85.9097 17.3567 2.4
      vertex 85.9097 17.3567 7.4
    endloop
  endfacet
  facet normal 0.956923 0.290341 0
    outer loop
      vertex 85.9097 17.3567 2.4
      vertex 86.052 16.8877 7.4
      vertex 86.052 16.8877 2.4
    endloop
  endfacet
  facet normal 0.881935 0.471372 0
    outer loop
      vertex 85.9097 17.3567 7.4
      vertex 85.6787 17.7889 2.4
      vertex 85.6787 17.7889 7.4
    endloop
  endfacet
  facet normal 0.881935 0.471372 0
    outer loop
      vertex 85.6787 17.7889 2.4
      vertex 85.9097 17.3567 7.4
      vertex 85.9097 17.3567 2.4
    endloop
  endfacet
  facet normal 0.471372 0.881935 -0
    outer loop
      vertex 84.9889 18.4787 2.4
      vertex 84.5567 18.7097 7.4
      vertex 84.9889 18.4787 7.4
    endloop
  endfacet
  facet normal 0.471372 0.881935 0
    outer loop
      vertex 84.5567 18.7097 7.4
      vertex 84.9889 18.4787 2.4
      vertex 84.5567 18.7097 2.4
    endloop
  endfacet
  facet normal 0.0979479 0.995192 -0
    outer loop
      vertex 84.0877 18.852 2.4
      vertex 83.6 18.9 7.4
      vertex 84.0877 18.852 7.4
    endloop
  endfacet
  facet normal 0.0979479 0.995192 0
    outer loop
      vertex 83.6 18.9 7.4
      vertex 84.0877 18.852 2.4
      vertex 83.6 18.9 2.4
    endloop
  endfacet
  facet normal 0.290341 0.956923 -0
    outer loop
      vertex 84.5567 18.7097 2.4
      vertex 84.0877 18.852 7.4
      vertex 84.5567 18.7097 7.4
    endloop
  endfacet
  facet normal 0.290341 0.956923 0
    outer loop
      vertex 84.0877 18.852 7.4
      vertex 84.5567 18.7097 2.4
      vertex 84.0877 18.852 2.4
    endloop
  endfacet
  facet normal -0.995192 0.0979479 0
    outer loop
      vertex 81.1 16.4 2.4
      vertex 81.148 16.8877 7.4
      vertex 81.148 16.8877 2.4
    endloop
  endfacet
  facet normal -0.995192 0.0979479 0
    outer loop
      vertex 81.148 16.8877 7.4
      vertex 81.1 16.4 2.4
      vertex 81.1 16.4 7.4
    endloop
  endfacet
  facet normal -0.773066 0.634326 0
    outer loop
      vertex 81.5213 17.7889 2.4
      vertex 81.8322 18.1678 7.4
      vertex 81.8322 18.1678 2.4
    endloop
  endfacet
  facet normal -0.773066 0.634326 0
    outer loop
      vertex 81.8322 18.1678 7.4
      vertex 81.5213 17.7889 2.4
      vertex 81.5213 17.7889 7.4
    endloop
  endfacet
  facet normal -0.471372 0.881935 0
    outer loop
      vertex 82.6433 18.7097 2.4
      vertex 82.2111 18.4787 7.4
      vertex 82.6433 18.7097 7.4
    endloop
  endfacet
  facet normal -0.471372 0.881935 0
    outer loop
      vertex 82.2111 18.4787 7.4
      vertex 82.6433 18.7097 2.4
      vertex 82.2111 18.4787 2.4
    endloop
  endfacet
  facet normal -0.0979479 0.995192 0
    outer loop
      vertex 83.6 18.9 2.4
      vertex 83.1123 18.852 7.4
      vertex 83.6 18.9 7.4
    endloop
  endfacet
  facet normal -0.0979479 0.995192 0
    outer loop
      vertex 83.1123 18.852 7.4
      vertex 83.6 18.9 2.4
      vertex 83.1123 18.852 2.4
    endloop
  endfacet
  facet normal -0.634326 0.773066 0
    outer loop
      vertex 82.2111 18.4787 2.4
      vertex 81.8322 18.1678 7.4
      vertex 82.2111 18.4787 7.4
    endloop
  endfacet
  facet normal -0.634326 0.773066 0
    outer loop
      vertex 81.8322 18.1678 7.4
      vertex 82.2111 18.4787 2.4
      vertex 81.8322 18.1678 2.4
    endloop
  endfacet
  facet normal 0.995192 0.0979479 0
    outer loop
      vertex 86.1 16.4 7.4
      vertex 86.052 16.8877 2.4
      vertex 86.052 16.8877 7.4
    endloop
  endfacet
  facet normal 0.995192 0.0979479 0
    outer loop
      vertex 86.052 16.8877 2.4
      vertex 86.1 16.4 7.4
      vertex 86.1 16.4 2.4
    endloop
  endfacet
  facet normal -0.634308 -0.77308 0
    outer loop
      vertex 81.8322 14.6322 2.4
      vertex 82.1152 14.4 7.4
      vertex 81.8322 14.6322 7.4
    endloop
  endfacet
  facet normal -0.634308 -0.77308 -0
    outer loop
      vertex 82.1152 14.4 7.4
      vertex 81.8322 14.6322 2.4
      vertex 82.1152 14.4 2.4
    endloop
  endfacet
  facet normal -0.995192 -0.0979479 0
    outer loop
      vertex 81.148 15.9123 2.4
      vertex 81.1 16.4 7.4
      vertex 81.1 16.4 2.4
    endloop
  endfacet
  facet normal -0.995192 -0.0979479 0
    outer loop
      vertex 81.1 16.4 7.4
      vertex 81.148 15.9123 2.4
      vertex 81.148 15.9123 7.4
    endloop
  endfacet
  facet normal -0.956923 0.290341 0
    outer loop
      vertex 81.148 16.8877 2.4
      vertex 81.2903 17.3567 7.4
      vertex 81.2903 17.3567 2.4
    endloop
  endfacet
  facet normal -0.956923 0.290341 0
    outer loop
      vertex 81.2903 17.3567 7.4
      vertex 81.148 16.8877 2.4
      vertex 81.148 16.8877 7.4
    endloop
  endfacet
  facet normal 0.773066 -0.634326 0
    outer loop
      vertex 85.3678 14.6322 7.4
      vertex 85.6787 15.0111 2.4
      vertex 85.6787 15.0111 7.4
    endloop
  endfacet
  facet normal 0.773066 -0.634326 0
    outer loop
      vertex 85.6787 15.0111 2.4
      vertex 85.3678 14.6322 7.4
      vertex 85.3678 14.6322 2.4
    endloop
  endfacet
  facet normal -0.956923 -0.290341 0
    outer loop
      vertex 81.2903 15.4433 2.4
      vertex 81.148 15.9123 7.4
      vertex 81.148 15.9123 2.4
    endloop
  endfacet
  facet normal -0.956923 -0.290341 0
    outer loop
      vertex 81.148 15.9123 7.4
      vertex 81.2903 15.4433 2.4
      vertex 81.2903 15.4433 7.4
    endloop
  endfacet
  facet normal -0.773066 -0.634326 0
    outer loop
      vertex 81.8322 14.6322 2.4
      vertex 81.5213 15.0111 7.4
      vertex 81.5213 15.0111 2.4
    endloop
  endfacet
  facet normal -0.773066 -0.634326 0
    outer loop
      vertex 81.5213 15.0111 7.4
      vertex 81.8322 14.6322 2.4
      vertex 81.8322 14.6322 7.4
    endloop
  endfacet
  facet normal 0.956923 -0.290341 0
    outer loop
      vertex 85.9097 15.4433 7.4
      vertex 86.052 15.9123 2.4
      vertex 86.052 15.9123 7.4
    endloop
  endfacet
  facet normal 0.956923 -0.290341 0
    outer loop
      vertex 86.052 15.9123 2.4
      vertex 85.9097 15.4433 7.4
      vertex 85.9097 15.4433 2.4
    endloop
  endfacet
  facet normal 0.881935 -0.471372 0
    outer loop
      vertex 85.6787 15.0111 7.4
      vertex 85.9097 15.4433 2.4
      vertex 85.9097 15.4433 7.4
    endloop
  endfacet
  facet normal 0.881935 -0.471372 0
    outer loop
      vertex 85.9097 15.4433 2.4
      vertex 85.6787 15.0111 7.4
      vertex 85.6787 15.0111 2.4
    endloop
  endfacet
  facet normal -0.383277 -0.923634 0
    outer loop
      vertex 84.1765 17.5563 2.4
      vertex 84.25 17.5258 7.4
      vertex 84.1765 17.5563 7.4
    endloop
  endfacet
  facet normal -0.383277 -0.923634 -0
    outer loop
      vertex 84.25 17.5258 7.4
      vertex 84.1765 17.5563 2.4
      vertex 84.25 17.5258 2.4
    endloop
  endfacet
  facet normal 0.382271 -0.92405 0
    outer loop
      vertex 82.95 17.5258 2.4
      vertex 82.9836 17.5397 7.4
      vertex 82.95 17.5258 7.4
    endloop
  endfacet
  facet normal 0.382271 -0.92405 0
    outer loop
      vertex 82.9836 17.5397 7.4
      vertex 82.95 17.5258 2.4
      vertex 82.9836 17.5397 2.4
    endloop
  endfacet
  facet normal -0.607568 -0.794268 0
    outer loop
      vertex 84.25 17.5258 2.4
      vertex 84.2751 17.5066 7.4
      vertex 84.25 17.5258 7.4
    endloop
  endfacet
  facet normal -0.607568 -0.794268 -0
    outer loop
      vertex 84.2751 17.5066 7.4
      vertex 84.25 17.5258 2.4
      vertex 84.2751 17.5066 2.4
    endloop
  endfacet
  facet normal 0.634226 0.773148 -0
    outer loop
      vertex 161.568 18.1678 2.4
      vertex 161.189 18.4787 7.4
      vertex 161.568 18.1678 7.4
    endloop
  endfacet
  facet normal 0.634226 0.773148 0
    outer loop
      vertex 161.189 18.4787 7.4
      vertex 161.568 18.1678 2.4
      vertex 161.189 18.4787 2.4
    endloop
  endfacet
  facet normal 0.773348 0.633982 0
    outer loop
      vertex 161.8 17.8848 7.4
      vertex 161.568 18.1678 2.4
      vertex 161.568 18.1678 7.4
    endloop
  endfacet
  facet normal 0.773348 0.633982 0
    outer loop
      vertex 161.568 18.1678 2.4
      vertex 161.8 17.8848 7.4
      vertex 161.8 17.8848 2.4
    endloop
  endfacet
  facet normal -0.290341 0.956923 0
    outer loop
      vertex 159.312 18.852 2.4
      vertex 158.843 18.7097 7.4
      vertex 159.312 18.852 7.4
    endloop
  endfacet
  facet normal -0.290341 0.956923 0
    outer loop
      vertex 158.843 18.7097 7.4
      vertex 159.312 18.852 2.4
      vertex 158.843 18.7097 2.4
    endloop
  endfacet
  facet normal -0.881935 0.471372 0
    outer loop
      vertex 157.49 17.3567 2.4
      vertex 157.721 17.7889 7.4
      vertex 157.721 17.7889 2.4
    endloop
  endfacet
  facet normal -0.881935 0.471372 0
    outer loop
      vertex 157.721 17.7889 7.4
      vertex 157.49 17.3567 2.4
      vertex 157.49 17.3567 7.4
    endloop
  endfacet
  facet normal 0.634308 -0.77308 0
    outer loop
      vertex 161.285 14.4 2.4
      vertex 161.568 14.6322 7.4
      vertex 161.285 14.4 7.4
    endloop
  endfacet
  facet normal 0.634308 -0.77308 0
    outer loop
      vertex 161.568 14.6322 7.4
      vertex 161.285 14.4 2.4
      vertex 161.568 14.6322 2.4
    endloop
  endfacet
  facet normal -0.881935 -0.471372 0
    outer loop
      vertex 157.721 15.0111 2.4
      vertex 157.49 15.4433 7.4
      vertex 157.49 15.4433 2.4
    endloop
  endfacet
  facet normal -0.881935 -0.471372 0
    outer loop
      vertex 157.49 15.4433 7.4
      vertex 157.721 15.0111 2.4
      vertex 157.721 15.0111 7.4
    endloop
  endfacet
  facet normal 0.471542 0.881844 -0
    outer loop
      vertex 161.189 18.4787 2.4
      vertex 160.757 18.7097 7.4
      vertex 161.189 18.4787 7.4
    endloop
  endfacet
  facet normal 0.471542 0.881844 0
    outer loop
      vertex 160.757 18.7097 7.4
      vertex 161.189 18.4787 2.4
      vertex 160.757 18.7097 2.4
    endloop
  endfacet
  facet normal 0.0978883 0.995197 -0
    outer loop
      vertex 160.288 18.852 2.4
      vertex 159.8 18.9 7.4
      vertex 160.288 18.852 7.4
    endloop
  endfacet
  facet normal 0.0978883 0.995197 0
    outer loop
      vertex 159.8 18.9 7.4
      vertex 160.288 18.852 2.4
      vertex 159.8 18.9 2.4
    endloop
  endfacet
  facet normal 0.290341 0.956923 -0
    outer loop
      vertex 160.757 18.7097 2.4
      vertex 160.288 18.852 7.4
      vertex 160.757 18.7097 7.4
    endloop
  endfacet
  facet normal 0.290341 0.956923 0
    outer loop
      vertex 160.288 18.852 7.4
      vertex 160.757 18.7097 2.4
      vertex 160.288 18.852 2.4
    endloop
  endfacet
  facet normal -0.995192 0.0979479 0
    outer loop
      vertex 157.3 16.4 2.4
      vertex 157.348 16.8877 7.4
      vertex 157.348 16.8877 2.4
    endloop
  endfacet
  facet normal -0.995192 0.0979479 0
    outer loop
      vertex 157.348 16.8877 7.4
      vertex 157.3 16.4 2.4
      vertex 157.3 16.4 7.4
    endloop
  endfacet
  facet normal -0.772966 0.634448 0
    outer loop
      vertex 157.721 17.7889 2.4
      vertex 158.032 18.1678 7.4
      vertex 158.032 18.1678 2.4
    endloop
  endfacet
  facet normal -0.772966 0.634448 0
    outer loop
      vertex 158.032 18.1678 7.4
      vertex 157.721 17.7889 2.4
      vertex 157.721 17.7889 7.4
    endloop
  endfacet
  facet normal -0.471542 0.881844 0
    outer loop
      vertex 158.843 18.7097 2.4
      vertex 158.411 18.4787 7.4
      vertex 158.843 18.7097 7.4
    endloop
  endfacet
  facet normal -0.471542 0.881844 0
    outer loop
      vertex 158.411 18.4787 7.4
      vertex 158.843 18.7097 2.4
      vertex 158.411 18.4787 2.4
    endloop
  endfacet
  facet normal -0.0978883 0.995197 0
    outer loop
      vertex 159.8 18.9 2.4
      vertex 159.312 18.852 7.4
      vertex 159.8 18.9 7.4
    endloop
  endfacet
  facet normal -0.0978883 0.995197 0
    outer loop
      vertex 159.312 18.852 7.4
      vertex 159.8 18.9 2.4
      vertex 159.312 18.852 2.4
    endloop
  endfacet
  facet normal -0.634226 0.773148 0
    outer loop
      vertex 158.411 18.4787 2.4
      vertex 158.032 18.1678 7.4
      vertex 158.411 18.4787 7.4
    endloop
  endfacet
  facet normal -0.634226 0.773148 0
    outer loop
      vertex 158.032 18.1678 7.4
      vertex 158.411 18.4787 2.4
      vertex 158.032 18.1678 2.4
    endloop
  endfacet
  facet normal -0.634308 -0.77308 0
    outer loop
      vertex 158.032 14.6322 2.4
      vertex 158.315 14.4 7.4
      vertex 158.032 14.6322 7.4
    endloop
  endfacet
  facet normal -0.634308 -0.77308 -0
    outer loop
      vertex 158.315 14.4 7.4
      vertex 158.032 14.6322 2.4
      vertex 158.315 14.4 2.4
    endloop
  endfacet
  facet normal -0.995192 -0.0979479 0
    outer loop
      vertex 157.348 15.9123 2.4
      vertex 157.3 16.4 7.4
      vertex 157.3 16.4 2.4
    endloop
  endfacet
  facet normal -0.995192 -0.0979479 0
    outer loop
      vertex 157.3 16.4 7.4
      vertex 157.348 15.9123 2.4
      vertex 157.348 15.9123 7.4
    endloop
  endfacet
  facet normal -0.957093 0.289781 0
    outer loop
      vertex 157.348 16.8877 2.4
      vertex 157.49 17.3567 7.4
      vertex 157.49 17.3567 2.4
    endloop
  endfacet
  facet normal -0.957093 0.289781 0
    outer loop
      vertex 157.49 17.3567 7.4
      vertex 157.348 16.8877 2.4
      vertex 157.348 16.8877 7.4
    endloop
  endfacet
  facet normal 0.773348 -0.633982 0
    outer loop
      vertex 161.568 14.6322 7.4
      vertex 161.8 14.9152 2.4
      vertex 161.8 14.9152 7.4
    endloop
  endfacet
  facet normal 0.773348 -0.633982 0
    outer loop
      vertex 161.8 14.9152 2.4
      vertex 161.568 14.6322 7.4
      vertex 161.568 14.6322 2.4
    endloop
  endfacet
  facet normal -0.957093 -0.289781 0
    outer loop
      vertex 157.49 15.4433 2.4
      vertex 157.348 15.9123 7.4
      vertex 157.348 15.9123 2.4
    endloop
  endfacet
  facet normal -0.957093 -0.289781 0
    outer loop
      vertex 157.348 15.9123 7.4
      vertex 157.49 15.4433 2.4
      vertex 157.49 15.4433 7.4
    endloop
  endfacet
  facet normal -0.772966 -0.634448 0
    outer loop
      vertex 158.032 14.6322 2.4
      vertex 157.721 15.0111 7.4
      vertex 157.721 15.0111 2.4
    endloop
  endfacet
  facet normal -0.772966 -0.634448 0
    outer loop
      vertex 157.721 15.0111 7.4
      vertex 158.032 14.6322 2.4
      vertex 158.032 14.6322 7.4
    endloop
  endfacet
  facet normal -0.384218 -0.923242 0
    outer loop
      vertex 160.351 17.567 2.4
      vertex 160.45 17.5258 7.4
      vertex 160.351 17.567 7.4
    endloop
  endfacet
  facet normal -0.384218 -0.923242 -0
    outer loop
      vertex 160.45 17.5258 7.4
      vertex 160.351 17.567 2.4
      vertex 160.45 17.5258 2.4
    endloop
  endfacet
  facet normal 0.387232 -0.921982 0
    outer loop
      vertex 159.15 17.5258 2.4
      vertex 159.165 17.5321 7.4
      vertex 159.15 17.5258 7.4
    endloop
  endfacet
  facet normal 0.387232 -0.921982 0
    outer loop
      vertex 159.165 17.5321 7.4
      vertex 159.15 17.5258 2.4
      vertex 159.165 17.5321 2.4
    endloop
  endfacet
  facet normal -0.791053 -0.611748 0
    outer loop
      vertex 160.926 17.05 2.4
      vertex 160.897 17.0875 7.4
      vertex 160.897 17.0875 2.4
    endloop
  endfacet
  facet normal -0.791053 -0.611748 0
    outer loop
      vertex 160.897 17.0875 7.4
      vertex 160.926 17.05 2.4
      vertex 160.926 17.05 7.4
    endloop
  endfacet
  facet normal -0.610696 -0.791865 0
    outer loop
      vertex 160.45 17.5258 2.4
      vertex 160.516 17.4749 7.4
      vertex 160.45 17.5258 7.4
    endloop
  endfacet
  facet normal -0.610696 -0.791865 -0
    outer loop
      vertex 160.516 17.4749 7.4
      vertex 160.45 17.5258 2.4
      vertex 160.516 17.4749 2.4
    endloop
  endfacet
  facet normal -1 0 0
    outer loop
      vertex 24.25 112.8 26.75
      vertex 24.25 106.7 28.75
      vertex 24.25 112.8 28.75
    endloop
  endfacet
  facet normal -1 0 0
    outer loop
      vertex 24.25 105.8 26.75
      vertex 24.25 106.7 28.75
      vertex 24.25 112.8 26.75
    endloop
  endfacet
  facet normal -1 0 0
    outer loop
      vertex 24.25 105.8 29.65
      vertex 24.25 106.7 28.75
      vertex 24.25 105.8 26.75
    endloop
  endfacet
  facet normal -1 0 0
    outer loop
      vertex 24.25 106.7 28.75
      vertex 24.25 105.8 29.65
      vertex 24.25 106.7 29.65
    endloop
  endfacet
  facet normal -0 0 1
    outer loop
      vertex 24.25 112.8 28.75
      vertex 42.95 106.7 28.75
      vertex 42.95 112.8 28.75
    endloop
  endfacet
  facet normal 0 0 1
    outer loop
      vertex 42.95 106.7 28.75
      vertex 24.25 112.8 28.75
      vertex 24.25 106.7 28.75
    endloop
  endfacet
  facet normal 1 0 0
    outer loop
      vertex 42.95 106.7 29.65
      vertex 42.95 105.8 29.65
      vertex 42.95 106.7 28.75
    endloop
  endfacet
  facet normal 1 -0 0
    outer loop
      vertex 42.95 106.7 28.75
      vertex 42.95 112.8 26.75
      vertex 42.95 112.8 28.75
    endloop
  endfacet
  facet normal 1 0 0
    outer loop
      vertex 42.95 106.7 28.75
      vertex 42.95 105.8 26.75
      vertex 42.95 112.8 26.75
    endloop
  endfacet
  facet normal 1 0 0
    outer loop
      vertex 42.95 105.8 26.75
      vertex 42.95 106.7 28.75
      vertex 42.95 105.8 29.65
    endloop
  endfacet
  facet normal 0 0 -1
    outer loop
      vertex 24.25 105.8 26.75
      vertex 42.95 112.8 26.75
      vertex 42.95 105.8 26.75
    endloop
  endfacet
  facet normal -0 0 -1
    outer loop
      vertex 42.95 112.8 26.75
      vertex 24.25 105.8 26.75
      vertex 24.25 112.8 26.75
    endloop
  endfacet
  facet normal 0 -1 0
    outer loop
      vertex 24.25 105.8 26.75
      vertex 42.95 105.8 29.65
      vertex 24.25 105.8 29.65
    endloop
  endfacet
  facet normal 0 -1 -0
    outer loop
      vertex 42.95 105.8 29.65
      vertex 24.25 105.8 26.75
      vertex 42.95 105.8 26.75
    endloop
  endfacet
  facet normal -0 0 1
    outer loop
      vertex 24.25 106.7 29.65
      vertex 42.95 105.8 29.65
      vertex 42.95 106.7 29.65
    endloop
  endfacet
  facet normal 0 0 1
    outer loop
      vertex 42.95 105.8 29.65
      vertex 24.25 106.7 29.65
      vertex 24.25 105.8 29.65
    endloop
  endfacet
  facet normal 0 1 -0
    outer loop
      vertex 42.95 106.7 28.75
      vertex 24.25 106.7 29.65
      vertex 42.95 106.7 29.65
    endloop
  endfacet
  facet normal 0 1 0
    outer loop
      vertex 24.25 106.7 29.65
      vertex 42.95 106.7 28.75
      vertex 24.25 106.7 28.75
    endloop
  endfacet
  facet normal -1 0 0
    outer loop
      vertex 24.25 106.7 41.15
      vertex 24.25 105.8 41.15
      vertex 24.25 106.7 42.05
    endloop
  endfacet
  facet normal -1 0 0
    outer loop
      vertex 24.25 106.7 42.05
      vertex 24.25 112.8 44.05
      vertex 24.25 112.8 42.05
    endloop
  endfacet
  facet normal -1 0 0
    outer loop
      vertex 24.25 106.7 42.05
      vertex 24.25 105.8 44.05
      vertex 24.25 112.8 44.05
    endloop
  endfacet
  facet normal -1 0 0
    outer loop
      vertex 24.25 105.8 44.05
      vertex 24.25 106.7 42.05
      vertex 24.25 105.8 41.15
    endloop
  endfacet
  facet normal -0 0 1
    outer loop
      vertex 24.25 112.8 44.05
      vertex 29.25 105.8 44.05
      vertex 29.25 112.8 44.05
    endloop
  endfacet
  facet normal 0 0 1
    outer loop
      vertex 29.25 105.8 44.05
      vertex 24.25 112.8 44.05
      vertex 24.25 105.8 44.05
    endloop
  endfacet
  facet normal 1 0 0
    outer loop
      vertex 29.25 112.8 44.05
      vertex 29.25 106.7 42.05
      vertex 29.25 112.8 42.05
    endloop
  endfacet
  facet normal 1 -0 0
    outer loop
      vertex 29.25 105.8 44.05
      vertex 29.25 106.7 42.05
      vertex 29.25 112.8 44.05
    endloop
  endfacet
  facet normal 1 0 0
    outer loop
      vertex 29.25 105.8 41.15
      vertex 29.25 106.7 42.05
      vertex 29.25 105.8 44.05
    endloop
  endfacet
  facet normal 1 0 0
    outer loop
      vertex 29.25 106.7 42.05
      vertex 29.25 105.8 41.15
      vertex 29.25 106.7 41.15
    endloop
  endfacet
  facet normal 0 0 -1
    outer loop
      vertex 24.25 106.7 42.05
      vertex 29.25 112.8 42.05
      vertex 29.25 106.7 42.05
    endloop
  endfacet
  facet normal -0 0 -1
    outer loop
      vertex 29.25 112.8 42.05
      vertex 24.25 106.7 42.05
      vertex 24.25 112.8 42.05
    endloop
  endfacet
  facet normal 0 -1 0
    outer loop
      vertex 24.25 105.8 41.15
      vertex 29.25 105.8 44.05
      vertex 24.25 105.8 44.05
    endloop
  endfacet
  facet normal 0 -1 -0
    outer loop
      vertex 29.25 105.8 44.05
      vertex 24.25 105.8 41.15
      vertex 29.25 105.8 41.15
    endloop
  endfacet
  facet normal 0 1 -0
    outer loop
      vertex 29.25 106.7 41.15
      vertex 24.25 106.7 42.05
      vertex 29.25 106.7 42.05
    endloop
  endfacet
  facet normal 0 1 0
    outer loop
      vertex 24.25 106.7 42.05
      vertex 29.25 106.7 41.15
      vertex 24.25 106.7 41.15
    endloop
  endfacet
  facet normal 0 0 -1
    outer loop
      vertex 24.25 105.8 41.15
      vertex 29.25 106.7 41.15
      vertex 29.25 105.8 41.15
    endloop
  endfacet
  facet normal -0 0 -1
    outer loop
      vertex 29.25 106.7 41.15
      vertex 24.25 105.8 41.15
      vertex 24.25 106.7 41.15
    endloop
  endfacet
  facet normal -1 0 0
    outer loop
      vertex 37.95 106.7 41.15
      vertex 37.95 105.8 41.15
      vertex 37.95 106.7 42.05
    endloop
  endfacet
  facet normal -1 0 0
    outer loop
      vertex 37.95 106.7 42.05
      vertex 37.95 112.8 44.05
      vertex 37.95 112.8 42.05
    endloop
  endfacet
  facet normal -1 0 0
    outer loop
      vertex 37.95 106.7 42.05
      vertex 37.95 105.8 44.05
      vertex 37.95 112.8 44.05
    endloop
  endfacet
  facet normal -1 0 0
    outer loop
      vertex 37.95 105.8 44.05
      vertex 37.95 106.7 42.05
      vertex 37.95 105.8 41.15
    endloop
  endfacet
  facet normal -0 0 1
    outer loop
      vertex 37.95 112.8 44.05
      vertex 42.95 105.8 44.05
      vertex 42.95 112.8 44.05
    endloop
  endfacet
  facet normal 0 0 1
    outer loop
      vertex 42.95 105.8 44.05
      vertex 37.95 112.8 44.05
      vertex 37.95 105.8 44.05
    endloop
  endfacet
  facet normal 1 0 0
    outer loop
      vertex 42.95 112.8 44.05
      vertex 42.95 106.7 42.05
      vertex 42.95 112.8 42.05
    endloop
  endfacet
  facet normal 1 -0 0
    outer loop
      vertex 42.95 105.8 44.05
      vertex 42.95 106.7 42.05
      vertex 42.95 112.8 44.05
    endloop
  endfacet
  facet normal 1 0 0
    outer loop
      vertex 42.95 105.8 41.15
      vertex 42.95 106.7 42.05
      vertex 42.95 105.8 44.05
    endloop
  endfacet
  facet normal 1 0 0
    outer loop
      vertex 42.95 106.7 42.05
      vertex 42.95 105.8 41.15
      vertex 42.95 106.7 41.15
    endloop
  endfacet
  facet normal 0 0 -1
    outer loop
      vertex 37.95 106.7 42.05
      vertex 42.95 112.8 42.05
      vertex 42.95 106.7 42.05
    endloop
  endfacet
  facet normal -0 0 -1
    outer loop
      vertex 42.95 112.8 42.05
      vertex 37.95 106.7 42.05
      vertex 37.95 112.8 42.05
    endloop
  endfacet
  facet normal 0 -1 0
    outer loop
      vertex 37.95 105.8 41.15
      vertex 42.95 105.8 44.05
      vertex 37.95 105.8 44.05
    endloop
  endfacet
  facet normal 0 -1 -0
    outer loop
      vertex 42.95 105.8 44.05
      vertex 37.95 105.8 41.15
      vertex 42.95 105.8 41.15
    endloop
  endfacet
  facet normal 0 1 -0
    outer loop
      vertex 42.95 106.7 41.15
      vertex 37.95 106.7 42.05
      vertex 42.95 106.7 42.05
    endloop
  endfacet
  facet normal 0 1 0
    outer loop
      vertex 37.95 106.7 42.05
      vertex 42.95 106.7 41.15
      vertex 37.95 106.7 41.15
    endloop
  endfacet
  facet normal 0 0 -1
    outer loop
      vertex 37.95 105.8 41.15
      vertex 42.95 106.7 41.15
      vertex 42.95 105.8 41.15
    endloop
  endfacet
  facet normal -0 0 -1
    outer loop
      vertex 42.95 106.7 41.15
      vertex 37.95 105.8 41.15
      vertex 37.95 106.7 41.15
    endloop
  endfacet
  facet normal 0.608592 0 0.793483
    outer loop
      vertex 104.85 112.8 26.5651
      vertex 105.368 108.8 26.1678
      vertex 105.368 112.8 26.1678
    endloop
  endfacet
  facet normal 0.608592 0 0.793483
    outer loop
      vertex 105.368 108.8 26.1678
      vertex 104.85 112.8 26.5651
      vertex 104.85 108.8 26.5651
    endloop
  endfacet
  facet normal -0.923755 0 0.382983
    outer loop
      vertex 101.185 108.8 25.047
      vertex 101.435 112.8 25.65
      vertex 101.185 112.8 25.047
    endloop
  endfacet
  facet normal -0.923755 0 0.382983
    outer loop
      vertex 101.435 112.8 25.65
      vertex 101.185 108.8 25.047
      vertex 101.435 108.8 25.65
    endloop
  endfacet
  facet normal 0.99148 0 -0.130256
    outer loop
      vertex 106.1 108.8 24.4
      vertex 106.015 112.8 23.753
      vertex 106.1 112.8 24.4
    endloop
  endfacet
  facet normal 0.99148 0 -0.130256
    outer loop
      vertex 106.015 112.8 23.753
      vertex 106.1 108.8 24.4
      vertex 106.015 108.8 23.753
    endloop
  endfacet
  facet normal -0.382591 0 -0.923918
    outer loop
      vertex 102.35 108.8 22.2349
      vertex 102.953 112.8 21.9852
      vertex 102.953 108.8 21.9852
    endloop
  endfacet
  facet normal -0.382591 0 -0.923918
    outer loop
      vertex 102.953 112.8 21.9852
      vertex 102.35 108.8 22.2349
      vertex 102.35 112.8 22.2349
    endloop
  endfacet
  facet normal 0.793592 -0 0.608451
    outer loop
      vertex 105.368 108.8 26.1678
      vertex 105.765 112.8 25.65
      vertex 105.368 112.8 26.1678
    endloop
  endfacet
  facet normal 0.793592 0 0.608451
    outer loop
      vertex 105.765 112.8 25.65
      vertex 105.368 108.8 26.1678
      vertex 105.765 108.8 25.65
    endloop
  endfacet
  facet normal 0.923755 -0 0.382983
    outer loop
      vertex 105.765 108.8 25.65
      vertex 106.015 112.8 25.047
      vertex 105.765 112.8 25.65
    endloop
  endfacet
  facet normal 0.923755 0 0.382983
    outer loop
      vertex 106.015 112.8 25.047
      vertex 105.765 108.8 25.65
      vertex 106.015 108.8 25.047
    endloop
  endfacet
  facet normal -0.382591 0 0.923918
    outer loop
      vertex 102.35 112.8 26.5651
      vertex 102.953 108.8 26.8148
      vertex 102.953 112.8 26.8148
    endloop
  endfacet
  facet normal -0.382591 0 0.923918
    outer loop
      vertex 102.953 108.8 26.8148
      vertex 102.35 112.8 26.5651
      vertex 102.35 108.8 26.5651
    endloop
  endfacet
  facet normal -0.608592 0 0.793483
    outer loop
      vertex 101.832 112.8 26.1678
      vertex 102.35 108.8 26.5651
      vertex 102.35 112.8 26.5651
    endloop
  endfacet
  facet normal -0.608592 0 0.793483
    outer loop
      vertex 102.35 108.8 26.5651
      vertex 101.832 112.8 26.1678
      vertex 101.832 108.8 26.1678
    endloop
  endfacet
  facet normal 0.608592 0 -0.793483
    outer loop
      vertex 104.85 108.8 22.2349
      vertex 105.368 112.8 22.6322
      vertex 105.368 108.8 22.6322
    endloop
  endfacet
  facet normal 0.608592 0 -0.793483
    outer loop
      vertex 105.368 112.8 22.6322
      vertex 104.85 108.8 22.2349
      vertex 104.85 112.8 22.2349
    endloop
  endfacet
  facet normal -0.923755 0 -0.382983
    outer loop
      vertex 101.435 108.8 23.15
      vertex 101.185 112.8 23.753
      vertex 101.435 112.8 23.15
    endloop
  endfacet
  facet normal -0.923755 -0 -0.382983
    outer loop
      vertex 101.185 112.8 23.753
      vertex 101.435 108.8 23.15
      vertex 101.185 108.8 23.753
    endloop
  endfacet
  facet normal -0.608592 0 -0.793483
    outer loop
      vertex 101.832 108.8 22.6322
      vertex 102.35 112.8 22.2349
      vertex 102.35 108.8 22.2349
    endloop
  endfacet
  facet normal -0.608592 0 -0.793483
    outer loop
      vertex 102.35 112.8 22.2349
      vertex 101.832 108.8 22.6322
      vertex 101.832 112.8 22.6322
    endloop
  endfacet
  facet normal -0.793592 0 -0.608451
    outer loop
      vertex 101.832 108.8 22.6322
      vertex 101.435 112.8 23.15
      vertex 101.832 112.8 22.6322
    endloop
  endfacet
  facet normal -0.793592 -0 -0.608451
    outer loop
      vertex 101.435 112.8 23.15
      vertex 101.832 108.8 22.6322
      vertex 101.435 108.8 23.15
    endloop
  endfacet
  facet normal 0.130558 0 0.991441
    outer loop
      vertex 103.6 112.8 26.9
      vertex 104.247 108.8 26.8148
      vertex 104.247 112.8 26.8148
    endloop
  endfacet
  facet normal 0.130558 0 0.991441
    outer loop
      vertex 104.247 108.8 26.8148
      vertex 103.6 112.8 26.9
      vertex 103.6 108.8 26.9
    endloop
  endfacet
  facet normal -0.99148 0 0.130256
    outer loop
      vertex 101.1 108.8 24.4
      vertex 101.185 112.8 25.047
      vertex 101.1 112.8 24.4
    endloop
  endfacet
  facet normal -0.99148 0 0.130256
    outer loop
      vertex 101.185 112.8 25.047
      vertex 101.1 108.8 24.4
      vertex 101.185 108.8 25.047
    endloop
  endfacet
  facet normal -0.793592 0 0.608451
    outer loop
      vertex 101.435 108.8 25.65
      vertex 101.832 112.8 26.1678
      vertex 101.435 112.8 25.65
    endloop
  endfacet
  facet normal -0.793592 0 0.608451
    outer loop
      vertex 101.832 112.8 26.1678
      vertex 101.435 108.8 25.65
      vertex 101.832 108.8 26.1678
    endloop
  endfacet
  facet normal -0.130558 0 0.991441
    outer loop
      vertex 102.953 112.8 26.8148
      vertex 103.6 108.8 26.9
      vertex 103.6 112.8 26.9
    endloop
  endfacet
  facet normal -0.130558 0 0.991441
    outer loop
      vertex 103.6 108.8 26.9
      vertex 102.953 112.8 26.8148
      vertex 102.953 108.8 26.8148
    endloop
  endfacet
  facet normal 0.99148 -0 0.130256
    outer loop
      vertex 106.015 108.8 25.047
      vertex 106.1 112.8 24.4
      vertex 106.015 112.8 25.047
    endloop
  endfacet
  facet normal 0.99148 0 0.130256
    outer loop
      vertex 106.1 112.8 24.4
      vertex 106.015 108.8 25.047
      vertex 106.1 108.8 24.4
    endloop
  endfacet
  facet normal 0.130558 0 -0.991441
    outer loop
      vertex 103.6 108.8 21.9
      vertex 104.247 112.8 21.9852
      vertex 104.247 108.8 21.9852
    endloop
  endfacet
  facet normal 0.130558 0 -0.991441
    outer loop
      vertex 104.247 112.8 21.9852
      vertex 103.6 108.8 21.9
      vertex 103.6 112.8 21.9
    endloop
  endfacet
  facet normal 0.793592 0 -0.608451
    outer loop
      vertex 105.765 108.8 23.15
      vertex 105.368 112.8 22.6322
      vertex 105.765 112.8 23.15
    endloop
  endfacet
  facet normal 0.793592 0 -0.608451
    outer loop
      vertex 105.368 112.8 22.6322
      vertex 105.765 108.8 23.15
      vertex 105.368 108.8 22.6322
    endloop
  endfacet
  facet normal 0.923755 0 -0.382983
    outer loop
      vertex 106.015 108.8 23.753
      vertex 105.765 112.8 23.15
      vertex 106.015 112.8 23.753
    endloop
  endfacet
  facet normal 0.923755 0 -0.382983
    outer loop
      vertex 105.765 112.8 23.15
      vertex 106.015 108.8 23.753
      vertex 105.765 108.8 23.15
    endloop
  endfacet
  facet normal 0.382591 0 -0.923918
    outer loop
      vertex 104.247 108.8 21.9852
      vertex 104.85 112.8 22.2349
      vertex 104.85 108.8 22.2349
    endloop
  endfacet
  facet normal 0.382591 0 -0.923918
    outer loop
      vertex 104.85 112.8 22.2349
      vertex 104.247 108.8 21.9852
      vertex 104.247 112.8 21.9852
    endloop
  endfacet
  facet normal -0.130558 0 -0.991441
    outer loop
      vertex 102.953 108.8 21.9852
      vertex 103.6 112.8 21.9
      vertex 103.6 108.8 21.9
    endloop
  endfacet
  facet normal -0.130558 0 -0.991441
    outer loop
      vertex 103.6 112.8 21.9
      vertex 102.953 108.8 21.9852
      vertex 102.953 112.8 21.9852
    endloop
  endfacet
  facet normal -0.99148 0 -0.130256
    outer loop
      vertex 101.185 108.8 23.753
      vertex 101.1 112.8 24.4
      vertex 101.185 112.8 23.753
    endloop
  endfacet
  facet normal -0.99148 -0 -0.130256
    outer loop
      vertex 101.1 112.8 24.4
      vertex 101.185 108.8 23.753
      vertex 101.1 108.8 24.4
    endloop
  endfacet
  facet normal 0.382591 0 0.923918
    outer loop
      vertex 104.247 112.8 26.8148
      vertex 104.85 108.8 26.5651
      vertex 104.85 112.8 26.5651
    endloop
  endfacet
  facet normal 0.382591 0 0.923918
    outer loop
      vertex 104.85 108.8 26.5651
      vertex 104.247 112.8 26.8148
      vertex 104.247 108.8 26.8148
    endloop
  endfacet
  facet normal 0 -1 0
    outer loop
      vertex 103.6 108.8 25.6
      vertex 103.6 108.8 26.9
      vertex 102.953 108.8 26.8148
    endloop
  endfacet
  facet normal 0 -1 0
    outer loop
      vertex 103.141 108.8 25.5087
      vertex 102.953 108.8 26.8148
      vertex 102.35 108.8 26.5651
    endloop
  endfacet
  facet normal 0 -1 0
    outer loop
      vertex 103.6 108.8 26.9
      vertex 103.6 108.8 25.6
      vertex 104.247 108.8 26.8148
    endloop
  endfacet
  facet normal 0 -1 0
    outer loop
      vertex 102.751 108.8 25.2485
      vertex 102.35 108.8 26.5651
      vertex 101.832 108.8 26.1678
    endloop
  endfacet
  facet normal 0 -1 0
    outer loop
      vertex 104.059 108.8 25.5087
      vertex 104.247 108.8 26.8148
      vertex 103.6 108.8 25.6
    endloop
  endfacet
  facet normal 0 -1 0
    outer loop
      vertex 102.751 108.8 25.2485
      vertex 101.832 108.8 26.1678
      vertex 101.435 108.8 25.65
    endloop
  endfacet
  facet normal 0 -1 -0
    outer loop
      vertex 104.247 108.8 26.8148
      vertex 104.059 108.8 25.5087
      vertex 104.85 108.8 26.5651
    endloop
  endfacet
  facet normal 0 -1 0
    outer loop
      vertex 104.449 108.8 25.2485
      vertex 104.85 108.8 26.5651
      vertex 104.059 108.8 25.5087
    endloop
  endfacet
  facet normal 0 -1 0
    outer loop
      vertex 102.953 108.8 26.8148
      vertex 103.141 108.8 25.5087
      vertex 103.6 108.8 25.6
    endloop
  endfacet
  facet normal 0 -1 0
    outer loop
      vertex 102.35 108.8 26.5651
      vertex 102.751 108.8 25.2485
      vertex 103.141 108.8 25.5087
    endloop
  endfacet
  facet normal 0 -1 0
    outer loop
      vertex 102.491 108.8 24.8592
      vertex 101.435 108.8 25.65
      vertex 101.185 108.8 25.047
    endloop
  endfacet
  facet normal 0 -1 0
    outer loop
      vertex 101.435 108.8 25.65
      vertex 102.491 108.8 24.8592
      vertex 102.751 108.8 25.2485
    endloop
  endfacet
  facet normal 0 -1 0
    outer loop
      vertex 102.4 108.8 24.4
      vertex 101.185 108.8 25.047
      vertex 101.1 108.8 24.4
    endloop
  endfacet
  facet normal 0 -1 0
    outer loop
      vertex 101.185 108.8 25.047
      vertex 102.4 108.8 24.4
      vertex 102.491 108.8 24.8592
    endloop
  endfacet
  facet normal 0 -1 0
    outer loop
      vertex 101.185 108.8 23.753
      vertex 102.4 108.8 24.4
      vertex 101.1 108.8 24.4
    endloop
  endfacet
  facet normal 0 -1 -0
    outer loop
      vertex 102.4 108.8 24.4
      vertex 101.185 108.8 23.753
      vertex 102.491 108.8 23.9408
    endloop
  endfacet
  facet normal 0 -1 0
    outer loop
      vertex 101.435 108.8 23.15
      vertex 102.491 108.8 23.9408
      vertex 101.185 108.8 23.753
    endloop
  endfacet
  facet normal 0 -1 -0
    outer loop
      vertex 102.491 108.8 23.9408
      vertex 101.435 108.8 23.15
      vertex 102.751 108.8 23.5515
    endloop
  endfacet
  facet normal 0 -1 0
    outer loop
      vertex 102.35 108.8 22.2349
      vertex 102.751 108.8 23.5515
      vertex 101.832 108.8 22.6322
    endloop
  endfacet
  facet normal 0 -1 0
    outer loop
      vertex 101.832 108.8 22.6322
      vertex 102.751 108.8 23.5515
      vertex 101.435 108.8 23.15
    endloop
  endfacet
  facet normal 0 -1 -0
    outer loop
      vertex 104.85 108.8 26.5651
      vertex 104.449 108.8 25.2485
      vertex 105.368 108.8 26.1678
    endloop
  endfacet
  facet normal 0 -1 -0
    outer loop
      vertex 105.368 108.8 26.1678
      vertex 104.449 108.8 25.2485
      vertex 105.765 108.8 25.65
    endloop
  endfacet
  facet normal 0 -1 0
    outer loop
      vertex 104.709 108.8 24.8592
      vertex 105.765 108.8 25.65
      vertex 104.449 108.8 25.2485
    endloop
  endfacet
  facet normal 0 -1 -0
    outer loop
      vertex 105.765 108.8 25.65
      vertex 104.709 108.8 24.8592
      vertex 106.015 108.8 25.047
    endloop
  endfacet
  facet normal 0 -1 0
    outer loop
      vertex 104.8 108.8 24.4
      vertex 106.015 108.8 25.047
      vertex 104.709 108.8 24.8592
    endloop
  endfacet
  facet normal 0 -1 0
    outer loop
      vertex 104.8 108.8 24.4
      vertex 106.1 108.8 24.4
      vertex 106.015 108.8 25.047
    endloop
  endfacet
  facet normal 0 -1 0
    outer loop
      vertex 106.015 108.8 23.753
      vertex 104.8 108.8 24.4
      vertex 104.709 108.8 23.9408
    endloop
  endfacet
  facet normal 0 -1 0
    outer loop
      vertex 104.8 108.8 24.4
      vertex 106.015 108.8 23.753
      vertex 106.1 108.8 24.4
    endloop
  endfacet
  facet normal 0 -1 0
    outer loop
      vertex 105.765 108.8 23.15
      vertex 104.709 108.8 23.9408
      vertex 104.449 108.8 23.5515
    endloop
  endfacet
  facet normal 0 -1 0
    outer loop
      vertex 104.85 108.8 22.2349
      vertex 104.449 108.8 23.5515
      vertex 104.059 108.8 23.2913
    endloop
  endfacet
  facet normal 0 -1 0
    outer loop
      vertex 104.709 108.8 23.9408
      vertex 105.765 108.8 23.15
      vertex 106.015 108.8 23.753
    endloop
  endfacet
  facet normal 0 -1 0
    outer loop
      vertex 104.247 108.8 21.9852
      vertex 104.059 108.8 23.2913
      vertex 103.6 108.8 23.2
    endloop
  endfacet
  facet normal 0 -1 -0
    outer loop
      vertex 102.751 108.8 23.5515
      vertex 102.35 108.8 22.2349
      vertex 103.141 108.8 23.2913
    endloop
  endfacet
  facet normal 0 -1 0
    outer loop
      vertex 102.953 108.8 21.9852
      vertex 103.141 108.8 23.2913
      vertex 102.35 108.8 22.2349
    endloop
  endfacet
  facet normal 0 -1 0
    outer loop
      vertex 104.449 108.8 23.5515
      vertex 105.368 108.8 22.6322
      vertex 105.765 108.8 23.15
    endloop
  endfacet
  facet normal 0 -1 -0
    outer loop
      vertex 103.141 108.8 23.2913
      vertex 102.953 108.8 21.9852
      vertex 103.6 108.8 23.2
    endloop
  endfacet
  facet normal 0 -1 0
    outer loop
      vertex 104.449 108.8 23.5515
      vertex 104.85 108.8 22.2349
      vertex 105.368 108.8 22.6322
    endloop
  endfacet
  facet normal 0 -1 0
    outer loop
      vertex 103.6 108.8 21.9
      vertex 103.6 108.8 23.2
      vertex 102.953 108.8 21.9852
    endloop
  endfacet
  facet normal 0 -1 0
    outer loop
      vertex 104.059 108.8 23.2913
      vertex 104.247 108.8 21.9852
      vertex 104.85 108.8 22.2349
    endloop
  endfacet
  facet normal 0 -1 0
    outer loop
      vertex 103.6 108.8 23.2
      vertex 103.6 108.8 21.9
      vertex 104.247 108.8 21.9852
    endloop
  endfacet
  facet normal -0.980924 0 -0.19439
    outer loop
      vertex 104.8 108.8 24.4
      vertex 104.709 112.8 24.8592
      vertex 104.8 112.8 24.4
    endloop
  endfacet
  facet normal -0.980924 -0 -0.19439
    outer loop
      vertex 104.709 112.8 24.8592
      vertex 104.8 108.8 24.4
      vertex 104.709 108.8 24.8592
    endloop
  endfacet
  facet normal 0.980924 0 -0.19439
    outer loop
      vertex 102.491 108.8 24.8592
      vertex 102.4 112.8 24.4
      vertex 102.491 112.8 24.8592
    endloop
  endfacet
  facet normal 0.980924 0 -0.19439
    outer loop
      vertex 102.4 112.8 24.4
      vertex 102.491 108.8 24.8592
      vertex 102.4 108.8 24.4
    endloop
  endfacet
  facet normal -0.195089 0 -0.980786
    outer loop
      vertex 103.6 108.8 25.6
      vertex 104.059 112.8 25.5087
      vertex 104.059 108.8 25.5087
    endloop
  endfacet
  facet normal -0.195089 0 -0.980786
    outer loop
      vertex 104.059 112.8 25.5087
      vertex 103.6 108.8 25.6
      vertex 103.6 112.8 25.6
    endloop
  endfacet
  facet normal -0.83159 0 -0.55539
    outer loop
      vertex 104.709 108.8 24.8592
      vertex 104.449 112.8 25.2485
      vertex 104.709 112.8 24.8592
    endloop
  endfacet
  facet normal -0.83159 -0 -0.55539
    outer loop
      vertex 104.449 112.8 25.2485
      vertex 104.709 108.8 24.8592
      vertex 104.449 108.8 25.2485
    endloop
  endfacet
  facet normal -0.195089 0 0.980786
    outer loop
      vertex 103.6 112.8 23.2
      vertex 104.059 108.8 23.2913
      vertex 104.059 112.8 23.2913
    endloop
  endfacet
  facet normal -0.195089 0 0.980786
    outer loop
      vertex 104.059 108.8 23.2913
      vertex 103.6 112.8 23.2
      vertex 103.6 108.8 23.2
    endloop
  endfacet
  facet normal 0.195089 0 0.980786
    outer loop
      vertex 103.141 112.8 23.2913
      vertex 103.6 108.8 23.2
      vertex 103.6 112.8 23.2
    endloop
  endfacet
  facet normal 0.195089 0 0.980786
    outer loop
      vertex 103.6 108.8 23.2
      vertex 103.141 112.8 23.2913
      vertex 103.141 108.8 23.2913
    endloop
  endfacet
  facet normal 0.195089 0 -0.980786
    outer loop
      vertex 103.141 108.8 25.5087
      vertex 103.6 112.8 25.6
      vertex 103.6 108.8 25.6
    endloop
  endfacet
  facet normal 0.195089 0 -0.980786
    outer loop
      vertex 103.6 112.8 25.6
      vertex 103.141 108.8 25.5087
      vertex 103.141 112.8 25.5087
    endloop
  endfacet
  facet normal 0.554995 0 -0.831853
    outer loop
      vertex 102.751 108.8 25.2485
      vertex 103.141 112.8 25.5087
      vertex 103.141 108.8 25.5087
    endloop
  endfacet
  facet normal 0.554995 0 -0.831853
    outer loop
      vertex 103.141 112.8 25.5087
      vertex 102.751 108.8 25.2485
      vertex 102.751 112.8 25.2485
    endloop
  endfacet
  facet normal 0.980924 -0 0.19439
    outer loop
      vertex 102.4 108.8 24.4
      vertex 102.491 112.8 23.9408
      vertex 102.4 112.8 24.4
    endloop
  endfacet
  facet normal 0.980924 0 0.19439
    outer loop
      vertex 102.491 112.8 23.9408
      vertex 102.4 108.8 24.4
      vertex 102.491 108.8 23.9408
    endloop
  endfacet
  facet normal 0.554995 0 0.831853
    outer loop
      vertex 102.751 112.8 23.5515
      vertex 103.141 108.8 23.2913
      vertex 103.141 112.8 23.2913
    endloop
  endfacet
  facet normal 0.554995 0 0.831853
    outer loop
      vertex 103.141 108.8 23.2913
      vertex 102.751 112.8 23.5515
      vertex 102.751 108.8 23.5515
    endloop
  endfacet
  facet normal 0.83159 -0 0.55539
    outer loop
      vertex 102.491 108.8 23.9408
      vertex 102.751 112.8 23.5515
      vertex 102.491 112.8 23.9408
    endloop
  endfacet
  facet normal 0.83159 0 0.55539
    outer loop
      vertex 102.751 112.8 23.5515
      vertex 102.491 108.8 23.9408
      vertex 102.751 108.8 23.5515
    endloop
  endfacet
  facet normal -0.554995 0 -0.831853
    outer loop
      vertex 104.059 108.8 25.5087
      vertex 104.449 112.8 25.2485
      vertex 104.449 108.8 25.2485
    endloop
  endfacet
  facet normal -0.554995 0 -0.831853
    outer loop
      vertex 104.449 112.8 25.2485
      vertex 104.059 108.8 25.5087
      vertex 104.059 112.8 25.5087
    endloop
  endfacet
  facet normal 0.83159 0 -0.55539
    outer loop
      vertex 102.751 108.8 25.2485
      vertex 102.491 112.8 24.8592
      vertex 102.751 112.8 25.2485
    endloop
  endfacet
  facet normal 0.83159 0 -0.55539
    outer loop
      vertex 102.491 112.8 24.8592
      vertex 102.751 108.8 25.2485
      vertex 102.491 108.8 24.8592
    endloop
  endfacet
  facet normal -0.83159 0 0.55539
    outer loop
      vertex 104.449 108.8 23.5515
      vertex 104.709 112.8 23.9408
      vertex 104.449 112.8 23.5515
    endloop
  endfacet
  facet normal -0.83159 0 0.55539
    outer loop
      vertex 104.709 112.8 23.9408
      vertex 104.449 108.8 23.5515
      vertex 104.709 108.8 23.9408
    endloop
  endfacet
  facet normal -0.554995 0 0.831853
    outer loop
      vertex 104.059 112.8 23.2913
      vertex 104.449 108.8 23.5515
      vertex 104.449 112.8 23.5515
    endloop
  endfacet
  facet normal -0.554995 0 0.831853
    outer loop
      vertex 104.449 108.8 23.5515
      vertex 104.059 112.8 23.2913
      vertex 104.059 108.8 23.2913
    endloop
  endfacet
  facet normal -0.980924 0 0.19439
    outer loop
      vertex 104.709 108.8 23.9408
      vertex 104.8 112.8 24.4
      vertex 104.709 112.8 23.9408
    endloop
  endfacet
  facet normal -0.980924 0 0.19439
    outer loop
      vertex 104.8 112.8 24.4
      vertex 104.709 108.8 23.9408
      vertex 104.8 108.8 24.4
    endloop
  endfacet
  facet normal 0.608592 0 0.793483
    outer loop
      vertex 104.85 112.8 49.5651
      vertex 105.368 108.8 49.1678
      vertex 105.368 112.8 49.1678
    endloop
  endfacet
  facet normal 0.608592 0 0.793483
    outer loop
      vertex 105.368 108.8 49.1678
      vertex 104.85 112.8 49.5651
      vertex 104.85 108.8 49.5651
    endloop
  endfacet
  facet normal -0.923755 0 0.382983
    outer loop
      vertex 101.185 108.8 48.047
      vertex 101.435 112.8 48.65
      vertex 101.185 112.8 48.047
    endloop
  endfacet
  facet normal -0.923755 0 0.382983
    outer loop
      vertex 101.435 112.8 48.65
      vertex 101.185 108.8 48.047
      vertex 101.435 108.8 48.65
    endloop
  endfacet
  facet normal 0.99148 0 -0.130256
    outer loop
      vertex 106.1 108.8 47.4
      vertex 106.015 112.8 46.753
      vertex 106.1 112.8 47.4
    endloop
  endfacet
  facet normal 0.99148 0 -0.130256
    outer loop
      vertex 106.015 112.8 46.753
      vertex 106.1 108.8 47.4
      vertex 106.015 108.8 46.753
    endloop
  endfacet
  facet normal -0.382591 0 -0.923918
    outer loop
      vertex 102.35 108.8 45.2349
      vertex 102.953 112.8 44.9852
      vertex 102.953 108.8 44.9852
    endloop
  endfacet
  facet normal -0.382591 0 -0.923918
    outer loop
      vertex 102.953 112.8 44.9852
      vertex 102.35 108.8 45.2349
      vertex 102.35 112.8 45.2349
    endloop
  endfacet
  facet normal 0.793592 -0 0.608451
    outer loop
      vertex 105.368 108.8 49.1678
      vertex 105.765 112.8 48.65
      vertex 105.368 112.8 49.1678
    endloop
  endfacet
  facet normal 0.793592 0 0.608451
    outer loop
      vertex 105.765 112.8 48.65
      vertex 105.368 108.8 49.1678
      vertex 105.765 108.8 48.65
    endloop
  endfacet
  facet normal 0.923755 -0 0.382983
    outer loop
      vertex 105.765 108.8 48.65
      vertex 106.015 112.8 48.047
      vertex 105.765 112.8 48.65
    endloop
  endfacet
  facet normal 0.923755 0 0.382983
    outer loop
      vertex 106.015 112.8 48.047
      vertex 105.765 108.8 48.65
      vertex 106.015 108.8 48.047
    endloop
  endfacet
  facet normal -0.382591 0 0.923918
    outer loop
      vertex 102.35 112.8 49.5651
      vertex 102.953 108.8 49.8148
      vertex 102.953 112.8 49.8148
    endloop
  endfacet
  facet normal -0.382591 0 0.923918
    outer loop
      vertex 102.953 108.8 49.8148
      vertex 102.35 112.8 49.5651
      vertex 102.35 108.8 49.5651
    endloop
  endfacet
  facet normal -0.608592 0 0.793483
    outer loop
      vertex 101.832 112.8 49.1678
      vertex 102.35 108.8 49.5651
      vertex 102.35 112.8 49.5651
    endloop
  endfacet
  facet normal -0.608592 0 0.793483
    outer loop
      vertex 102.35 108.8 49.5651
      vertex 101.832 112.8 49.1678
      vertex 101.832 108.8 49.1678
    endloop
  endfacet
  facet normal 0.608592 0 -0.793483
    outer loop
      vertex 104.85 108.8 45.2349
      vertex 105.368 112.8 45.6322
      vertex 105.368 108.8 45.6322
    endloop
  endfacet
  facet normal 0.608592 0 -0.793483
    outer loop
      vertex 105.368 112.8 45.6322
      vertex 104.85 108.8 45.2349
      vertex 104.85 112.8 45.2349
    endloop
  endfacet
  facet normal -0.923755 0 -0.382983
    outer loop
      vertex 101.435 108.8 46.15
      vertex 101.185 112.8 46.753
      vertex 101.435 112.8 46.15
    endloop
  endfacet
  facet normal -0.923755 -0 -0.382983
    outer loop
      vertex 101.185 112.8 46.753
      vertex 101.435 108.8 46.15
      vertex 101.185 108.8 46.753
    endloop
  endfacet
  facet normal -0.608592 0 -0.793483
    outer loop
      vertex 101.832 108.8 45.6322
      vertex 102.35 112.8 45.2349
      vertex 102.35 108.8 45.2349
    endloop
  endfacet
  facet normal -0.608592 0 -0.793483
    outer loop
      vertex 102.35 112.8 45.2349
      vertex 101.832 108.8 45.6322
      vertex 101.832 112.8 45.6322
    endloop
  endfacet
  facet normal -0.793592 0 -0.608451
    outer loop
      vertex 101.832 108.8 45.6322
      vertex 101.435 112.8 46.15
      vertex 101.832 112.8 45.6322
    endloop
  endfacet
  facet normal -0.793592 -0 -0.608451
    outer loop
      vertex 101.435 112.8 46.15
      vertex 101.832 108.8 45.6322
      vertex 101.435 108.8 46.15
    endloop
  endfacet
  facet normal 0.130558 0 0.991441
    outer loop
      vertex 103.6 112.8 49.9
      vertex 104.247 108.8 49.8148
      vertex 104.247 112.8 49.8148
    endloop
  endfacet
  facet normal 0.130558 0 0.991441
    outer loop
      vertex 104.247 108.8 49.8148
      vertex 103.6 112.8 49.9
      vertex 103.6 108.8 49.9
    endloop
  endfacet
  facet normal -0.99148 0 0.130256
    outer loop
      vertex 101.1 108.8 47.4
      vertex 101.185 112.8 48.047
      vertex 101.1 112.8 47.4
    endloop
  endfacet
  facet normal -0.99148 0 0.130256
    outer loop
      vertex 101.185 112.8 48.047
      vertex 101.1 108.8 47.4
      vertex 101.185 108.8 48.047
    endloop
  endfacet
  facet normal -0.793592 0 0.608451
    outer loop
      vertex 101.435 108.8 48.65
      vertex 101.832 112.8 49.1678
      vertex 101.435 112.8 48.65
    endloop
  endfacet
  facet normal -0.793592 0 0.608451
    outer loop
      vertex 101.832 112.8 49.1678
      vertex 101.435 108.8 48.65
      vertex 101.832 108.8 49.1678
    endloop
  endfacet
  facet normal -0.130558 0 0.991441
    outer loop
      vertex 102.953 112.8 49.8148
      vertex 103.6 108.8 49.9
      vertex 103.6 112.8 49.9
    endloop
  endfacet
  facet normal -0.130558 0 0.991441
    outer loop
      vertex 103.6 108.8 49.9
      vertex 102.953 112.8 49.8148
      vertex 102.953 108.8 49.8148
    endloop
  endfacet
  facet normal 0.99148 -0 0.130256
    outer loop
      vertex 106.015 108.8 48.047
      vertex 106.1 112.8 47.4
      vertex 106.015 112.8 48.047
    endloop
  endfacet
  facet normal 0.99148 0 0.130256
    outer loop
      vertex 106.1 112.8 47.4
      vertex 106.015 108.8 48.047
      vertex 106.1 108.8 47.4
    endloop
  endfacet
  facet normal 0.130558 0 -0.991441
    outer loop
      vertex 103.6 108.8 44.9
      vertex 104.247 112.8 44.9852
      vertex 104.247 108.8 44.9852
    endloop
  endfacet
  facet normal 0.130558 0 -0.991441
    outer loop
      vertex 104.247 112.8 44.9852
      vertex 103.6 108.8 44.9
      vertex 103.6 112.8 44.9
    endloop
  endfacet
  facet normal 0.793592 0 -0.608451
    outer loop
      vertex 105.765 108.8 46.15
      vertex 105.368 112.8 45.6322
      vertex 105.765 112.8 46.15
    endloop
  endfacet
  facet normal 0.793592 0 -0.608451
    outer loop
      vertex 105.368 112.8 45.6322
      vertex 105.765 108.8 46.15
      vertex 105.368 108.8 45.6322
    endloop
  endfacet
  facet normal 0.923755 0 -0.382983
    outer loop
      vertex 106.015 108.8 46.753
      vertex 105.765 112.8 46.15
      vertex 106.015 112.8 46.753
    endloop
  endfacet
  facet normal 0.923755 0 -0.382983
    outer loop
      vertex 105.765 112.8 46.15
      vertex 106.015 108.8 46.753
      vertex 105.765 108.8 46.15
    endloop
  endfacet
  facet normal 0.382591 0 -0.923918
    outer loop
      vertex 104.247 108.8 44.9852
      vertex 104.85 112.8 45.2349
      vertex 104.85 108.8 45.2349
    endloop
  endfacet
  facet normal 0.382591 0 -0.923918
    outer loop
      vertex 104.85 112.8 45.2349
      vertex 104.247 108.8 44.9852
      vertex 104.247 112.8 44.9852
    endloop
  endfacet
  facet normal -0.130558 0 -0.991441
    outer loop
      vertex 102.953 108.8 44.9852
      vertex 103.6 112.8 44.9
      vertex 103.6 108.8 44.9
    endloop
  endfacet
  facet normal -0.130558 0 -0.991441
    outer loop
      vertex 103.6 112.8 44.9
      vertex 102.953 108.8 44.9852
      vertex 102.953 112.8 44.9852
    endloop
  endfacet
  facet normal -0.99148 0 -0.130256
    outer loop
      vertex 101.185 108.8 46.753
      vertex 101.1 112.8 47.4
      vertex 101.185 112.8 46.753
    endloop
  endfacet
  facet normal -0.99148 -0 -0.130256
    outer loop
      vertex 101.1 112.8 47.4
      vertex 101.185 108.8 46.753
      vertex 101.1 108.8 47.4
    endloop
  endfacet
  facet normal 0.382591 0 0.923918
    outer loop
      vertex 104.247 112.8 49.8148
      vertex 104.85 108.8 49.5651
      vertex 104.85 112.8 49.5651
    endloop
  endfacet
  facet normal 0.382591 0 0.923918
    outer loop
      vertex 104.85 108.8 49.5651
      vertex 104.247 112.8 49.8148
      vertex 104.247 108.8 49.8148
    endloop
  endfacet
  facet normal 0 -1 0
    outer loop
      vertex 103.6 108.8 48.6
      vertex 103.6 108.8 49.9
      vertex 102.953 108.8 49.8148
    endloop
  endfacet
  facet normal 0 -1 0
    outer loop
      vertex 103.141 108.8 48.5087
      vertex 102.953 108.8 49.8148
      vertex 102.35 108.8 49.5651
    endloop
  endfacet
  facet normal 0 -1 0
    outer loop
      vertex 103.6 108.8 49.9
      vertex 103.6 108.8 48.6
      vertex 104.247 108.8 49.8148
    endloop
  endfacet
  facet normal 0 -1 0
    outer loop
      vertex 102.751 108.8 48.2485
      vertex 102.35 108.8 49.5651
      vertex 101.832 108.8 49.1678
    endloop
  endfacet
  facet normal 0 -1 0
    outer loop
      vertex 104.059 108.8 48.5087
      vertex 104.247 108.8 49.8148
      vertex 103.6 108.8 48.6
    endloop
  endfacet
  facet normal 0 -1 0
    outer loop
      vertex 102.751 108.8 48.2485
      vertex 101.832 108.8 49.1678
      vertex 101.435 108.8 48.65
    endloop
  endfacet
  facet normal 0 -1 -0
    outer loop
      vertex 104.247 108.8 49.8148
      vertex 104.059 108.8 48.5087
      vertex 104.85 108.8 49.5651
    endloop
  endfacet
  facet normal 0 -1 0
    outer loop
      vertex 104.449 108.8 48.2485
      vertex 104.85 108.8 49.5651
      vertex 104.059 108.8 48.5087
    endloop
  endfacet
  facet normal 0 -1 0
    outer loop
      vertex 102.953 108.8 49.8148
      vertex 103.141 108.8 48.5087
      vertex 103.6 108.8 48.6
    endloop
  endfacet
  facet normal 0 -1 0
    outer loop
      vertex 102.35 108.8 49.5651
      vertex 102.751 108.8 48.2485
      vertex 103.141 108.8 48.5087
    endloop
  endfacet
  facet normal 0 -1 0
    outer loop
      vertex 102.491 108.8 47.8592
      vertex 101.435 108.8 48.65
      vertex 101.185 108.8 48.047
    endloop
  endfacet
  facet normal 0 -1 0
    outer loop
      vertex 101.435 108.8 48.65
      vertex 102.491 108.8 47.8592
      vertex 102.751 108.8 48.2485
    endloop
  endfacet
  facet normal 0 -1 0
    outer loop
      vertex 102.4 108.8 47.4
      vertex 101.185 108.8 48.047
      vertex 101.1 108.8 47.4
    endloop
  endfacet
  facet normal 0 -1 0
    outer loop
      vertex 101.185 108.8 48.047
      vertex 102.4 108.8 47.4
      vertex 102.491 108.8 47.8592
    endloop
  endfacet
  facet normal 0 -1 0
    outer loop
      vertex 101.185 108.8 46.753
      vertex 102.4 108.8 47.4
      vertex 101.1 108.8 47.4
    endloop
  endfacet
  facet normal 0 -1 -0
    outer loop
      vertex 102.4 108.8 47.4
      vertex 101.185 108.8 46.753
      vertex 102.491 108.8 46.9408
    endloop
  endfacet
  facet normal 0 -1 0
    outer loop
      vertex 101.435 108.8 46.15
      vertex 102.491 108.8 46.9408
      vertex 101.185 108.8 46.753
    endloop
  endfacet
  facet normal 0 -1 -0
    outer loop
      vertex 102.491 108.8 46.9408
      vertex 101.435 108.8 46.15
      vertex 102.751 108.8 46.5515
    endloop
  endfacet
  facet normal 0 -1 0
    outer loop
      vertex 102.35 108.8 45.2349
      vertex 102.751 108.8 46.5515
      vertex 101.832 108.8 45.6322
    endloop
  endfacet
  facet normal 0 -1 0
    outer loop
      vertex 101.832 108.8 45.6322
      vertex 102.751 108.8 46.5515
      vertex 101.435 108.8 46.15
    endloop
  endfacet
  facet normal 0 -1 -0
    outer loop
      vertex 104.85 108.8 49.5651
      vertex 104.449 108.8 48.2485
      vertex 105.368 108.8 49.1678
    endloop
  endfacet
  facet normal 0 -1 -0
    outer loop
      vertex 105.368 108.8 49.1678
      vertex 104.449 108.8 48.2485
      vertex 105.765 108.8 48.65
    endloop
  endfacet
  facet normal 0 -1 0
    outer loop
      vertex 104.709 108.8 47.8592
      vertex 105.765 108.8 48.65
      vertex 104.449 108.8 48.2485
    endloop
  endfacet
  facet normal 0 -1 -0
    outer loop
      vertex 105.765 108.8 48.65
      vertex 104.709 108.8 47.8592
      vertex 106.015 108.8 48.047
    endloop
  endfacet
  facet normal 0 -1 0
    outer loop
      vertex 104.8 108.8 47.4
      vertex 106.015 108.8 48.047
      vertex 104.709 108.8 47.8592
    endloop
  endfacet
  facet normal 0 -1 0
    outer loop
      vertex 104.8 108.8 47.4
      vertex 106.1 108.8 47.4
      vertex 106.015 108.8 48.047
    endloop
  endfacet
  facet normal 0 -1 0
    outer loop
      vertex 106.015 108.8 46.753
      vertex 104.8 108.8 47.4
      vertex 104.709 108.8 46.9408
    endloop
  endfacet
  facet normal 0 -1 0
    outer loop
      vertex 104.8 108.8 47.4
      vertex 106.015 108.8 46.753
      vertex 106.1 108.8 47.4
    endloop
  endfacet
  facet normal 0 -1 0
    outer loop
      vertex 105.765 108.8 46.15
      vertex 104.709 108.8 46.9408
      vertex 104.449 108.8 46.5515
    endloop
  endfacet
  facet normal 0 -1 0
    outer loop
      vertex 104.85 108.8 45.2349
      vertex 104.449 108.8 46.5515
      vertex 104.059 108.8 46.2913
    endloop
  endfacet
  facet normal 0 -1 0
    outer loop
      vertex 104.709 108.8 46.9408
      vertex 105.765 108.8 46.15
      vertex 106.015 108.8 46.753
    endloop
  endfacet
  facet normal 0 -1 0
    outer loop
      vertex 104.247 108.8 44.9852
      vertex 104.059 108.8 46.2913
      vertex 103.6 108.8 46.2
    endloop
  endfacet
  facet normal 0 -1 -0
    outer loop
      vertex 102.751 108.8 46.5515
      vertex 102.35 108.8 45.2349
      vertex 103.141 108.8 46.2913
    endloop
  endfacet
  facet normal 0 -1 0
    outer loop
      vertex 102.953 108.8 44.9852
      vertex 103.141 108.8 46.2913
      vertex 102.35 108.8 45.2349
    endloop
  endfacet
  facet normal 0 -1 0
    outer loop
      vertex 104.449 108.8 46.5515
      vertex 105.368 108.8 45.6322
      vertex 105.765 108.8 46.15
    endloop
  endfacet
  facet normal 0 -1 -0
    outer loop
      vertex 103.141 108.8 46.2913
      vertex 102.953 108.8 44.9852
      vertex 103.6 108.8 46.2
    endloop
  endfacet
  facet normal 0 -1 0
    outer loop
      vertex 104.449 108.8 46.5515
      vertex 104.85 108.8 45.2349
      vertex 105.368 108.8 45.6322
    endloop
  endfacet
  facet normal 0 -1 0
    outer loop
      vertex 103.6 108.8 44.9
      vertex 103.6 108.8 46.2
      vertex 102.953 108.8 44.9852
    endloop
  endfacet
  facet normal 0 -1 0
    outer loop
      vertex 104.059 108.8 46.2913
      vertex 104.247 108.8 44.9852
      vertex 104.85 108.8 45.2349
    endloop
  endfacet
  facet normal 0 -1 0
    outer loop
      vertex 103.6 108.8 46.2
      vertex 103.6 108.8 44.9
      vertex 104.247 108.8 44.9852
    endloop
  endfacet
  facet normal -0.980924 0 -0.19439
    outer loop
      vertex 104.8 108.8 47.4
      vertex 104.709 112.8 47.8592
      vertex 104.8 112.8 47.4
    endloop
  endfacet
  facet normal -0.980924 -0 -0.19439
    outer loop
      vertex 104.709 112.8 47.8592
      vertex 104.8 108.8 47.4
      vertex 104.709 108.8 47.8592
    endloop
  endfacet
  facet normal 0.980924 0 -0.19439
    outer loop
      vertex 102.491 108.8 47.8592
      vertex 102.4 112.8 47.4
      vertex 102.491 112.8 47.8592
    endloop
  endfacet
  facet normal 0.980924 0 -0.19439
    outer loop
      vertex 102.4 112.8 47.4
      vertex 102.491 108.8 47.8592
      vertex 102.4 108.8 47.4
    endloop
  endfacet
  facet normal -0.195089 0 -0.980786
    outer loop
      vertex 103.6 108.8 48.6
      vertex 104.059 112.8 48.5087
      vertex 104.059 108.8 48.5087
    endloop
  endfacet
  facet normal -0.195089 0 -0.980786
    outer loop
      vertex 104.059 112.8 48.5087
      vertex 103.6 108.8 48.6
      vertex 103.6 112.8 48.6
    endloop
  endfacet
  facet normal -0.83159 0 -0.55539
    outer loop
      vertex 104.709 108.8 47.8592
      vertex 104.449 112.8 48.2485
      vertex 104.709 112.8 47.8592
    endloop
  endfacet
  facet normal -0.83159 -0 -0.55539
    outer loop
      vertex 104.449 112.8 48.2485
      vertex 104.709 108.8 47.8592
      vertex 104.449 108.8 48.2485
    endloop
  endfacet
  facet normal -0.195089 0 0.980786
    outer loop
      vertex 103.6 112.8 46.2
      vertex 104.059 108.8 46.2913
      vertex 104.059 112.8 46.2913
    endloop
  endfacet
  facet normal -0.195089 0 0.980786
    outer loop
      vertex 104.059 108.8 46.2913
      vertex 103.6 112.8 46.2
      vertex 103.6 108.8 46.2
    endloop
  endfacet
  facet normal 0.195089 0 0.980786
    outer loop
      vertex 103.141 112.8 46.2913
      vertex 103.6 108.8 46.2
      vertex 103.6 112.8 46.2
    endloop
  endfacet
  facet normal 0.195089 0 0.980786
    outer loop
      vertex 103.6 108.8 46.2
      vertex 103.141 112.8 46.2913
      vertex 103.141 108.8 46.2913
    endloop
  endfacet
  facet normal 0.195089 0 -0.980786
    outer loop
      vertex 103.141 108.8 48.5087
      vertex 103.6 112.8 48.6
      vertex 103.6 108.8 48.6
    endloop
  endfacet
  facet normal 0.195089 0 -0.980786
    outer loop
      vertex 103.6 112.8 48.6
      vertex 103.141 108.8 48.5087
      vertex 103.141 112.8 48.5087
    endloop
  endfacet
  facet normal 0.554995 0 -0.831853
    outer loop
      vertex 102.751 108.8 48.2485
      vertex 103.141 112.8 48.5087
      vertex 103.141 108.8 48.5087
    endloop
  endfacet
  facet normal 0.554995 0 -0.831853
    outer loop
      vertex 103.141 112.8 48.5087
      vertex 102.751 108.8 48.2485
      vertex 102.751 112.8 48.2485
    endloop
  endfacet
  facet normal 0.980924 -0 0.19439
    outer loop
      vertex 102.4 108.8 47.4
      vertex 102.491 112.8 46.9408
      vertex 102.4 112.8 47.4
    endloop
  endfacet
  facet normal 0.980924 0 0.19439
    outer loop
      vertex 102.491 112.8 46.9408
      vertex 102.4 108.8 47.4
      vertex 102.491 108.8 46.9408
    endloop
  endfacet
  facet normal 0.554995 0 0.831853
    outer loop
      vertex 102.751 112.8 46.5515
      vertex 103.141 108.8 46.2913
      vertex 103.141 112.8 46.2913
    endloop
  endfacet
  facet normal 0.554995 0 0.831853
    outer loop
      vertex 103.141 108.8 46.2913
      vertex 102.751 112.8 46.5515
      vertex 102.751 108.8 46.5515
    endloop
  endfacet
  facet normal 0.83159 -0 0.55539
    outer loop
      vertex 102.491 108.8 46.9408
      vertex 102.751 112.8 46.5515
      vertex 102.491 112.8 46.9408
    endloop
  endfacet
  facet normal 0.83159 0 0.55539
    outer loop
      vertex 102.751 112.8 46.5515
      vertex 102.491 108.8 46.9408
      vertex 102.751 108.8 46.5515
    endloop
  endfacet
  facet normal -0.554995 0 -0.831853
    outer loop
      vertex 104.059 108.8 48.5087
      vertex 104.449 112.8 48.2485
      vertex 104.449 108.8 48.2485
    endloop
  endfacet
  facet normal -0.554995 0 -0.831853
    outer loop
      vertex 104.449 112.8 48.2485
      vertex 104.059 108.8 48.5087
      vertex 104.059 112.8 48.5087
    endloop
  endfacet
  facet normal 0.83159 0 -0.55539
    outer loop
      vertex 102.751 108.8 48.2485
      vertex 102.491 112.8 47.8592
      vertex 102.751 112.8 48.2485
    endloop
  endfacet
  facet normal 0.83159 0 -0.55539
    outer loop
      vertex 102.491 112.8 47.8592
      vertex 102.751 108.8 48.2485
      vertex 102.491 108.8 47.8592
    endloop
  endfacet
  facet normal -0.83159 0 0.55539
    outer loop
      vertex 104.449 108.8 46.5515
      vertex 104.709 112.8 46.9408
      vertex 104.449 112.8 46.5515
    endloop
  endfacet
  facet normal -0.83159 0 0.55539
    outer loop
      vertex 104.709 112.8 46.9408
      vertex 104.449 108.8 46.5515
      vertex 104.709 108.8 46.9408
    endloop
  endfacet
  facet normal -0.554995 0 0.831853
    outer loop
      vertex 104.059 112.8 46.2913
      vertex 104.449 108.8 46.5515
      vertex 104.449 112.8 46.5515
    endloop
  endfacet
  facet normal -0.554995 0 0.831853
    outer loop
      vertex 104.449 108.8 46.5515
      vertex 104.059 112.8 46.2913
      vertex 104.059 108.8 46.2913
    endloop
  endfacet
  facet normal -0.980924 0 0.19439
    outer loop
      vertex 104.709 108.8 46.9408
      vertex 104.8 112.8 47.4
      vertex 104.709 112.8 46.9408
    endloop
  endfacet
  facet normal -0.980924 0 0.19439
    outer loop
      vertex 104.8 112.8 47.4
      vertex 104.709 108.8 46.9408
      vertex 104.8 108.8 47.4
    endloop
  endfacet
  facet normal 0.608592 0 0.793483
    outer loop
      vertex 140.85 112.8 26.5651
      vertex 141.368 108.8 26.1678
      vertex 141.368 112.8 26.1678
    endloop
  endfacet
  facet normal 0.608592 0 0.793483
    outer loop
      vertex 141.368 108.8 26.1678
      vertex 140.85 112.8 26.5651
      vertex 140.85 108.8 26.5651
    endloop
  endfacet
  facet normal -0.923755 0 0.382983
    outer loop
      vertex 137.185 108.8 25.047
      vertex 137.435 112.8 25.65
      vertex 137.185 112.8 25.047
    endloop
  endfacet
  facet normal -0.923755 0 0.382983
    outer loop
      vertex 137.435 112.8 25.65
      vertex 137.185 108.8 25.047
      vertex 137.435 108.8 25.65
    endloop
  endfacet
  facet normal 0.99148 0 -0.130256
    outer loop
      vertex 142.1 108.8 24.4
      vertex 142.015 112.8 23.753
      vertex 142.1 112.8 24.4
    endloop
  endfacet
  facet normal 0.99148 0 -0.130256
    outer loop
      vertex 142.015 112.8 23.753
      vertex 142.1 108.8 24.4
      vertex 142.015 108.8 23.753
    endloop
  endfacet
  facet normal -0.382591 0 -0.923918
    outer loop
      vertex 138.35 108.8 22.2349
      vertex 138.953 112.8 21.9852
      vertex 138.953 108.8 21.9852
    endloop
  endfacet
  facet normal -0.382591 0 -0.923918
    outer loop
      vertex 138.953 112.8 21.9852
      vertex 138.35 108.8 22.2349
      vertex 138.35 112.8 22.2349
    endloop
  endfacet
  facet normal 0.793592 -0 0.608451
    outer loop
      vertex 141.368 108.8 26.1678
      vertex 141.765 112.8 25.65
      vertex 141.368 112.8 26.1678
    endloop
  endfacet
  facet normal 0.793592 0 0.608451
    outer loop
      vertex 141.765 112.8 25.65
      vertex 141.368 108.8 26.1678
      vertex 141.765 108.8 25.65
    endloop
  endfacet
  facet normal 0.923755 -0 0.382983
    outer loop
      vertex 141.765 108.8 25.65
      vertex 142.015 112.8 25.047
      vertex 141.765 112.8 25.65
    endloop
  endfacet
  facet normal 0.923755 0 0.382983
    outer loop
      vertex 142.015 112.8 25.047
      vertex 141.765 108.8 25.65
      vertex 142.015 108.8 25.047
    endloop
  endfacet
  facet normal -0.382591 0 0.923918
    outer loop
      vertex 138.35 112.8 26.5651
      vertex 138.953 108.8 26.8148
      vertex 138.953 112.8 26.8148
    endloop
  endfacet
  facet normal -0.382591 0 0.923918
    outer loop
      vertex 138.953 108.8 26.8148
      vertex 138.35 112.8 26.5651
      vertex 138.35 108.8 26.5651
    endloop
  endfacet
  facet normal -0.608592 0 0.793483
    outer loop
      vertex 137.832 112.8 26.1678
      vertex 138.35 108.8 26.5651
      vertex 138.35 112.8 26.5651
    endloop
  endfacet
  facet normal -0.608592 0 0.793483
    outer loop
      vertex 138.35 108.8 26.5651
      vertex 137.832 112.8 26.1678
      vertex 137.832 108.8 26.1678
    endloop
  endfacet
  facet normal 0.608592 0 -0.793483
    outer loop
      vertex 140.85 108.8 22.2349
      vertex 141.368 112.8 22.6322
      vertex 141.368 108.8 22.6322
    endloop
  endfacet
  facet normal 0.608592 0 -0.793483
    outer loop
      vertex 141.368 112.8 22.6322
      vertex 140.85 108.8 22.2349
      vertex 140.85 112.8 22.2349
    endloop
  endfacet
  facet normal -0.923755 0 -0.382983
    outer loop
      vertex 137.435 108.8 23.15
      vertex 137.185 112.8 23.753
      vertex 137.435 112.8 23.15
    endloop
  endfacet
  facet normal -0.923755 -0 -0.382983
    outer loop
      vertex 137.185 112.8 23.753
      vertex 137.435 108.8 23.15
      vertex 137.185 108.8 23.753
    endloop
  endfacet
  facet normal -0.608592 0 -0.793483
    outer loop
      vertex 137.832 108.8 22.6322
      vertex 138.35 112.8 22.2349
      vertex 138.35 108.8 22.2349
    endloop
  endfacet
  facet normal -0.608592 0 -0.793483
    outer loop
      vertex 138.35 112.8 22.2349
      vertex 137.832 108.8 22.6322
      vertex 137.832 112.8 22.6322
    endloop
  endfacet
  facet normal -0.793592 0 -0.608451
    outer loop
      vertex 137.832 108.8 22.6322
      vertex 137.435 112.8 23.15
      vertex 137.832 112.8 22.6322
    endloop
  endfacet
  facet normal -0.793592 -0 -0.608451
    outer loop
      vertex 137.435 112.8 23.15
      vertex 137.832 108.8 22.6322
      vertex 137.435 108.8 23.15
    endloop
  endfacet
  facet normal 0.130558 0 0.991441
    outer loop
      vertex 139.6 112.8 26.9
      vertex 140.247 108.8 26.8148
      vertex 140.247 112.8 26.8148
    endloop
  endfacet
  facet normal 0.130558 0 0.991441
    outer loop
      vertex 140.247 108.8 26.8148
      vertex 139.6 112.8 26.9
      vertex 139.6 108.8 26.9
    endloop
  endfacet
  facet normal -0.99148 0 0.130256
    outer loop
      vertex 137.1 108.8 24.4
      vertex 137.185 112.8 25.047
      vertex 137.1 112.8 24.4
    endloop
  endfacet
  facet normal -0.99148 0 0.130256
    outer loop
      vertex 137.185 112.8 25.047
      vertex 137.1 108.8 24.4
      vertex 137.185 108.8 25.047
    endloop
  endfacet
  facet normal -0.793592 0 0.608451
    outer loop
      vertex 137.435 108.8 25.65
      vertex 137.832 112.8 26.1678
      vertex 137.435 112.8 25.65
    endloop
  endfacet
  facet normal -0.793592 0 0.608451
    outer loop
      vertex 137.832 112.8 26.1678
      vertex 137.435 108.8 25.65
      vertex 137.832 108.8 26.1678
    endloop
  endfacet
  facet normal -0.130558 0 0.991441
    outer loop
      vertex 138.953 112.8 26.8148
      vertex 139.6 108.8 26.9
      vertex 139.6 112.8 26.9
    endloop
  endfacet
  facet normal -0.130558 0 0.991441
    outer loop
      vertex 139.6 108.8 26.9
      vertex 138.953 112.8 26.8148
      vertex 138.953 108.8 26.8148
    endloop
  endfacet
  facet normal 0.99148 -0 0.130256
    outer loop
      vertex 142.015 108.8 25.047
      vertex 142.1 112.8 24.4
      vertex 142.015 112.8 25.047
    endloop
  endfacet
  facet normal 0.99148 0 0.130256
    outer loop
      vertex 142.1 112.8 24.4
      vertex 142.015 108.8 25.047
      vertex 142.1 108.8 24.4
    endloop
  endfacet
  facet normal 0.130558 0 -0.991441
    outer loop
      vertex 139.6 108.8 21.9
      vertex 140.247 112.8 21.9852
      vertex 140.247 108.8 21.9852
    endloop
  endfacet
  facet normal 0.130558 0 -0.991441
    outer loop
      vertex 140.247 112.8 21.9852
      vertex 139.6 108.8 21.9
      vertex 139.6 112.8 21.9
    endloop
  endfacet
  facet normal 0.793592 0 -0.608451
    outer loop
      vertex 141.765 108.8 23.15
      vertex 141.368 112.8 22.6322
      vertex 141.765 112.8 23.15
    endloop
  endfacet
  facet normal 0.793592 0 -0.608451
    outer loop
      vertex 141.368 112.8 22.6322
      vertex 141.765 108.8 23.15
      vertex 141.368 108.8 22.6322
    endloop
  endfacet
  facet normal 0.923755 0 -0.382983
    outer loop
      vertex 142.015 108.8 23.753
      vertex 141.765 112.8 23.15
      vertex 142.015 112.8 23.753
    endloop
  endfacet
  facet normal 0.923755 0 -0.382983
    outer loop
      vertex 141.765 112.8 23.15
      vertex 142.015 108.8 23.753
      vertex 141.765 108.8 23.15
    endloop
  endfacet
  facet normal 0.382591 0 -0.923918
    outer loop
      vertex 140.247 108.8 21.9852
      vertex 140.85 112.8 22.2349
      vertex 140.85 108.8 22.2349
    endloop
  endfacet
  facet normal 0.382591 0 -0.923918
    outer loop
      vertex 140.85 112.8 22.2349
      vertex 140.247 108.8 21.9852
      vertex 140.247 112.8 21.9852
    endloop
  endfacet
  facet normal -0.130558 0 -0.991441
    outer loop
      vertex 138.953 108.8 21.9852
      vertex 139.6 112.8 21.9
      vertex 139.6 108.8 21.9
    endloop
  endfacet
  facet normal -0.130558 0 -0.991441
    outer loop
      vertex 139.6 112.8 21.9
      vertex 138.953 108.8 21.9852
      vertex 138.953 112.8 21.9852
    endloop
  endfacet
  facet normal -0.99148 0 -0.130256
    outer loop
      vertex 137.185 108.8 23.753
      vertex 137.1 112.8 24.4
      vertex 137.185 112.8 23.753
    endloop
  endfacet
  facet normal -0.99148 -0 -0.130256
    outer loop
      vertex 137.1 112.8 24.4
      vertex 137.185 108.8 23.753
      vertex 137.1 108.8 24.4
    endloop
  endfacet
  facet normal 0.382591 0 0.923918
    outer loop
      vertex 140.247 112.8 26.8148
      vertex 140.85 108.8 26.5651
      vertex 140.85 112.8 26.5651
    endloop
  endfacet
  facet normal 0.382591 0 0.923918
    outer loop
      vertex 140.85 108.8 26.5651
      vertex 140.247 112.8 26.8148
      vertex 140.247 108.8 26.8148
    endloop
  endfacet
  facet normal 0 -1 0
    outer loop
      vertex 139.6 108.8 25.6
      vertex 139.6 108.8 26.9
      vertex 138.953 108.8 26.8148
    endloop
  endfacet
  facet normal 0 -1 0
    outer loop
      vertex 139.141 108.8 25.5087
      vertex 138.953 108.8 26.8148
      vertex 138.35 108.8 26.5651
    endloop
  endfacet
  facet normal 0 -1 0
    outer loop
      vertex 139.6 108.8 26.9
      vertex 139.6 108.8 25.6
      vertex 140.247 108.8 26.8148
    endloop
  endfacet
  facet normal 0 -1 0
    outer loop
      vertex 138.751 108.8 25.2485
      vertex 138.35 108.8 26.5651
      vertex 137.832 108.8 26.1678
    endloop
  endfacet
  facet normal 0 -1 0
    outer loop
      vertex 140.059 108.8 25.5087
      vertex 140.247 108.8 26.8148
      vertex 139.6 108.8 25.6
    endloop
  endfacet
  facet normal 0 -1 0
    outer loop
      vertex 138.751 108.8 25.2485
      vertex 137.832 108.8 26.1678
      vertex 137.435 108.8 25.65
    endloop
  endfacet
  facet normal 0 -1 -0
    outer loop
      vertex 140.247 108.8 26.8148
      vertex 140.059 108.8 25.5087
      vertex 140.85 108.8 26.5651
    endloop
  endfacet
  facet normal 0 -1 0
    outer loop
      vertex 140.449 108.8 25.2485
      vertex 140.85 108.8 26.5651
      vertex 140.059 108.8 25.5087
    endloop
  endfacet
  facet normal 0 -1 0
    outer loop
      vertex 138.953 108.8 26.8148
      vertex 139.141 108.8 25.5087
      vertex 139.6 108.8 25.6
    endloop
  endfacet
  facet normal 0 -1 0
    outer loop
      vertex 138.35 108.8 26.5651
      vertex 138.751 108.8 25.2485
      vertex 139.141 108.8 25.5087
    endloop
  endfacet
  facet normal 0 -1 0
    outer loop
      vertex 138.491 108.8 24.8592
      vertex 137.435 108.8 25.65
      vertex 137.185 108.8 25.047
    endloop
  endfacet
  facet normal 0 -1 0
    outer loop
      vertex 137.435 108.8 25.65
      vertex 138.491 108.8 24.8592
      vertex 138.751 108.8 25.2485
    endloop
  endfacet
  facet normal 0 -1 0
    outer loop
      vertex 138.4 108.8 24.4
      vertex 137.185 108.8 25.047
      vertex 137.1 108.8 24.4
    endloop
  endfacet
  facet normal 0 -1 0
    outer loop
      vertex 137.185 108.8 25.047
      vertex 138.4 108.8 24.4
      vertex 138.491 108.8 24.8592
    endloop
  endfacet
  facet normal 0 -1 0
    outer loop
      vertex 137.185 108.8 23.753
      vertex 138.4 108.8 24.4
      vertex 137.1 108.8 24.4
    endloop
  endfacet
  facet normal 0 -1 -0
    outer loop
      vertex 138.4 108.8 24.4
      vertex 137.185 108.8 23.753
      vertex 138.491 108.8 23.9408
    endloop
  endfacet
  facet normal 0 -1 0
    outer loop
      vertex 137.435 108.8 23.15
      vertex 138.491 108.8 23.9408
      vertex 137.185 108.8 23.753
    endloop
  endfacet
  facet normal 0 -1 -0
    outer loop
      vertex 138.491 108.8 23.9408
      vertex 137.435 108.8 23.15
      vertex 138.751 108.8 23.5515
    endloop
  endfacet
  facet normal 0 -1 0
    outer loop
      vertex 138.35 108.8 22.2349
      vertex 138.751 108.8 23.5515
      vertex 137.832 108.8 22.6322
    endloop
  endfacet
  facet normal 0 -1 0
    outer loop
      vertex 137.832 108.8 22.6322
      vertex 138.751 108.8 23.5515
      vertex 137.435 108.8 23.15
    endloop
  endfacet
  facet normal 0 -1 -0
    outer loop
      vertex 140.85 108.8 26.5651
      vertex 140.449 108.8 25.2485
      vertex 141.368 108.8 26.1678
    endloop
  endfacet
  facet normal 0 -1 -0
    outer loop
      vertex 141.368 108.8 26.1678
      vertex 140.449 108.8 25.2485
      vertex 141.765 108.8 25.65
    endloop
  endfacet
  facet normal 0 -1 0
    outer loop
      vertex 140.709 108.8 24.8592
      vertex 141.765 108.8 25.65
      vertex 140.449 108.8 25.2485
    endloop
  endfacet
  facet normal 0 -1 -0
    outer loop
      vertex 141.765 108.8 25.65
      vertex 140.709 108.8 24.8592
      vertex 142.015 108.8 25.047
    endloop
  endfacet
  facet normal 0 -1 0
    outer loop
      vertex 140.8 108.8 24.4
      vertex 142.015 108.8 25.047
      vertex 140.709 108.8 24.8592
    endloop
  endfacet
  facet normal 0 -1 0
    outer loop
      vertex 140.8 108.8 24.4
      vertex 142.1 108.8 24.4
      vertex 142.015 108.8 25.047
    endloop
  endfacet
  facet normal 0 -1 0
    outer loop
      vertex 142.015 108.8 23.753
      vertex 140.8 108.8 24.4
      vertex 140.709 108.8 23.9408
    endloop
  endfacet
  facet normal 0 -1 0
    outer loop
      vertex 140.8 108.8 24.4
      vertex 142.015 108.8 23.753
      vertex 142.1 108.8 24.4
    endloop
  endfacet
  facet normal 0 -1 0
    outer loop
      vertex 141.765 108.8 23.15
      vertex 140.709 108.8 23.9408
      vertex 140.449 108.8 23.5515
    endloop
  endfacet
  facet normal 0 -1 0
    outer loop
      vertex 140.85 108.8 22.2349
      vertex 140.449 108.8 23.5515
      vertex 140.059 108.8 23.2913
    endloop
  endfacet
  facet normal 0 -1 0
    outer loop
      vertex 140.709 108.8 23.9408
      vertex 141.765 108.8 23.15
      vertex 142.015 108.8 23.753
    endloop
  endfacet
  facet normal 0 -1 0
    outer loop
      vertex 140.247 108.8 21.9852
      vertex 140.059 108.8 23.2913
      vertex 139.6 108.8 23.2
    endloop
  endfacet
  facet normal 0 -1 -0
    outer loop
      vertex 138.751 108.8 23.5515
      vertex 138.35 108.8 22.2349
      vertex 139.141 108.8 23.2913
    endloop
  endfacet
  facet normal 0 -1 0
    outer loop
      vertex 138.953 108.8 21.9852
      vertex 139.141 108.8 23.2913
      vertex 138.35 108.8 22.2349
    endloop
  endfacet
  facet normal 0 -1 0
    outer loop
      vertex 140.449 108.8 23.5515
      vertex 141.368 108.8 22.6322
      vertex 141.765 108.8 23.15
    endloop
  endfacet
  facet normal 0 -1 -0
    outer loop
      vertex 139.141 108.8 23.2913
      vertex 138.953 108.8 21.9852
      vertex 139.6 108.8 23.2
    endloop
  endfacet
  facet normal 0 -1 0
    outer loop
      vertex 140.449 108.8 23.5515
      vertex 140.85 108.8 22.2349
      vertex 141.368 108.8 22.6322
    endloop
  endfacet
  facet normal 0 -1 0
    outer loop
      vertex 139.6 108.8 21.9
      vertex 139.6 108.8 23.2
      vertex 138.953 108.8 21.9852
    endloop
  endfacet
  facet normal 0 -1 0
    outer loop
      vertex 140.059 108.8 23.2913
      vertex 140.247 108.8 21.9852
      vertex 140.85 108.8 22.2349
    endloop
  endfacet
  facet normal 0 -1 0
    outer loop
      vertex 139.6 108.8 23.2
      vertex 139.6 108.8 21.9
      vertex 140.247 108.8 21.9852
    endloop
  endfacet
  facet normal -0.980924 0 -0.19439
    outer loop
      vertex 140.8 108.8 24.4
      vertex 140.709 112.8 24.8592
      vertex 140.8 112.8 24.4
    endloop
  endfacet
  facet normal -0.980924 -0 -0.19439
    outer loop
      vertex 140.709 112.8 24.8592
      vertex 140.8 108.8 24.4
      vertex 140.709 108.8 24.8592
    endloop
  endfacet
  facet normal 0.980924 0 -0.19439
    outer loop
      vertex 138.491 108.8 24.8592
      vertex 138.4 112.8 24.4
      vertex 138.491 112.8 24.8592
    endloop
  endfacet
  facet normal 0.980924 0 -0.19439
    outer loop
      vertex 138.4 112.8 24.4
      vertex 138.491 108.8 24.8592
      vertex 138.4 108.8 24.4
    endloop
  endfacet
  facet normal -0.195089 0 -0.980786
    outer loop
      vertex 139.6 108.8 25.6
      vertex 140.059 112.8 25.5087
      vertex 140.059 108.8 25.5087
    endloop
  endfacet
  facet normal -0.195089 0 -0.980786
    outer loop
      vertex 140.059 112.8 25.5087
      vertex 139.6 108.8 25.6
      vertex 139.6 112.8 25.6
    endloop
  endfacet
  facet normal -0.83159 0 -0.55539
    outer loop
      vertex 140.709 108.8 24.8592
      vertex 140.449 112.8 25.2485
      vertex 140.709 112.8 24.8592
    endloop
  endfacet
  facet normal -0.83159 -0 -0.55539
    outer loop
      vertex 140.449 112.8 25.2485
      vertex 140.709 108.8 24.8592
      vertex 140.449 108.8 25.2485
    endloop
  endfacet
  facet normal -0.195089 0 0.980786
    outer loop
      vertex 139.6 112.8 23.2
      vertex 140.059 108.8 23.2913
      vertex 140.059 112.8 23.2913
    endloop
  endfacet
  facet normal -0.195089 0 0.980786
    outer loop
      vertex 140.059 108.8 23.2913
      vertex 139.6 112.8 23.2
      vertex 139.6 108.8 23.2
    endloop
  endfacet
  facet normal 0.195089 0 0.980786
    outer loop
      vertex 139.141 112.8 23.2913
      vertex 139.6 108.8 23.2
      vertex 139.6 112.8 23.2
    endloop
  endfacet
  facet normal 0.195089 0 0.980786
    outer loop
      vertex 139.6 108.8 23.2
      vertex 139.141 112.8 23.2913
      vertex 139.141 108.8 23.2913
    endloop
  endfacet
  facet normal 0.195089 0 -0.980786
    outer loop
      vertex 139.141 108.8 25.5087
      vertex 139.6 112.8 25.6
      vertex 139.6 108.8 25.6
    endloop
  endfacet
  facet normal 0.195089 0 -0.980786
    outer loop
      vertex 139.6 112.8 25.6
      vertex 139.141 108.8 25.5087
      vertex 139.141 112.8 25.5087
    endloop
  endfacet
  facet normal 0.554995 0 -0.831853
    outer loop
      vertex 138.751 108.8 25.2485
      vertex 139.141 112.8 25.5087
      vertex 139.141 108.8 25.5087
    endloop
  endfacet
  facet normal 0.554995 0 -0.831853
    outer loop
      vertex 139.141 112.8 25.5087
      vertex 138.751 108.8 25.2485
      vertex 138.751 112.8 25.2485
    endloop
  endfacet
  facet normal 0.980924 -0 0.19439
    outer loop
      vertex 138.4 108.8 24.4
      vertex 138.491 112.8 23.9408
      vertex 138.4 112.8 24.4
    endloop
  endfacet
  facet normal 0.980924 0 0.19439
    outer loop
      vertex 138.491 112.8 23.9408
      vertex 138.4 108.8 24.4
      vertex 138.491 108.8 23.9408
    endloop
  endfacet
  facet normal 0.554995 0 0.831853
    outer loop
      vertex 138.751 112.8 23.5515
      vertex 139.141 108.8 23.2913
      vertex 139.141 112.8 23.2913
    endloop
  endfacet
  facet normal 0.554995 0 0.831853
    outer loop
      vertex 139.141 108.8 23.2913
      vertex 138.751 112.8 23.5515
      vertex 138.751 108.8 23.5515
    endloop
  endfacet
  facet normal 0.83159 -0 0.55539
    outer loop
      vertex 138.491 108.8 23.9408
      vertex 138.751 112.8 23.5515
      vertex 138.491 112.8 23.9408
    endloop
  endfacet
  facet normal 0.83159 0 0.55539
    outer loop
      vertex 138.751 112.8 23.5515
      vertex 138.491 108.8 23.9408
      vertex 138.751 108.8 23.5515
    endloop
  endfacet
  facet normal -0.554995 0 -0.831853
    outer loop
      vertex 140.059 108.8 25.5087
      vertex 140.449 112.8 25.2485
      vertex 140.449 108.8 25.2485
    endloop
  endfacet
  facet normal -0.554995 0 -0.831853
    outer loop
      vertex 140.449 112.8 25.2485
      vertex 140.059 108.8 25.5087
      vertex 140.059 112.8 25.5087
    endloop
  endfacet
  facet normal 0.83159 0 -0.55539
    outer loop
      vertex 138.751 108.8 25.2485
      vertex 138.491 112.8 24.8592
      vertex 138.751 112.8 25.2485
    endloop
  endfacet
  facet normal 0.83159 0 -0.55539
    outer loop
      vertex 138.491 112.8 24.8592
      vertex 138.751 108.8 25.2485
      vertex 138.491 108.8 24.8592
    endloop
  endfacet
  facet normal -0.83159 0 0.55539
    outer loop
      vertex 140.449 108.8 23.5515
      vertex 140.709 112.8 23.9408
      vertex 140.449 112.8 23.5515
    endloop
  endfacet
  facet normal -0.83159 0 0.55539
    outer loop
      vertex 140.709 112.8 23.9408
      vertex 140.449 108.8 23.5515
      vertex 140.709 108.8 23.9408
    endloop
  endfacet
  facet normal -0.554995 0 0.831853
    outer loop
      vertex 140.059 112.8 23.2913
      vertex 140.449 108.8 23.5515
      vertex 140.449 112.8 23.5515
    endloop
  endfacet
  facet normal -0.554995 0 0.831853
    outer loop
      vertex 140.449 108.8 23.5515
      vertex 140.059 112.8 23.2913
      vertex 140.059 108.8 23.2913
    endloop
  endfacet
  facet normal -0.980924 0 0.19439
    outer loop
      vertex 140.709 108.8 23.9408
      vertex 140.8 112.8 24.4
      vertex 140.709 112.8 23.9408
    endloop
  endfacet
  facet normal -0.980924 0 0.19439
    outer loop
      vertex 140.8 112.8 24.4
      vertex 140.709 108.8 23.9408
      vertex 140.8 108.8 24.4
    endloop
  endfacet
  facet normal 0.608592 0 0.793483
    outer loop
      vertex 140.85 112.8 49.5651
      vertex 141.368 108.8 49.1678
      vertex 141.368 112.8 49.1678
    endloop
  endfacet
  facet normal 0.608592 0 0.793483
    outer loop
      vertex 141.368 108.8 49.1678
      vertex 140.85 112.8 49.5651
      vertex 140.85 108.8 49.5651
    endloop
  endfacet
  facet normal -0.923755 0 0.382983
    outer loop
      vertex 137.185 108.8 48.047
      vertex 137.435 112.8 48.65
      vertex 137.185 112.8 48.047
    endloop
  endfacet
  facet normal -0.923755 0 0.382983
    outer loop
      vertex 137.435 112.8 48.65
      vertex 137.185 108.8 48.047
      vertex 137.435 108.8 48.65
    endloop
  endfacet
  facet normal 0.99148 0 -0.130256
    outer loop
      vertex 142.1 108.8 47.4
      vertex 142.015 112.8 46.753
      vertex 142.1 112.8 47.4
    endloop
  endfacet
  facet normal 0.99148 0 -0.130256
    outer loop
      vertex 142.015 112.8 46.753
      vertex 142.1 108.8 47.4
      vertex 142.015 108.8 46.753
    endloop
  endfacet
  facet normal -0.382591 0 -0.923918
    outer loop
      vertex 138.35 108.8 45.2349
      vertex 138.953 112.8 44.9852
      vertex 138.953 108.8 44.9852
    endloop
  endfacet
  facet normal -0.382591 0 -0.923918
    outer loop
      vertex 138.953 112.8 44.9852
      vertex 138.35 108.8 45.2349
      vertex 138.35 112.8 45.2349
    endloop
  endfacet
  facet normal 0.793592 -0 0.608451
    outer loop
      vertex 141.368 108.8 49.1678
      vertex 141.765 112.8 48.65
      vertex 141.368 112.8 49.1678
    endloop
  endfacet
  facet normal 0.793592 0 0.608451
    outer loop
      vertex 141.765 112.8 48.65
      vertex 141.368 108.8 49.1678
      vertex 141.765 108.8 48.65
    endloop
  endfacet
  facet normal 0.923755 -0 0.382983
    outer loop
      vertex 141.765 108.8 48.65
      vertex 142.015 112.8 48.047
      vertex 141.765 112.8 48.65
    endloop
  endfacet
  facet normal 0.923755 0 0.382983
    outer loop
      vertex 142.015 112.8 48.047
      vertex 141.765 108.8 48.65
      vertex 142.015 108.8 48.047
    endloop
  endfacet
  facet normal -0.382591 0 0.923918
    outer loop
      vertex 138.35 112.8 49.5651
      vertex 138.953 108.8 49.8148
      vertex 138.953 112.8 49.8148
    endloop
  endfacet
  facet normal -0.382591 0 0.923918
    outer loop
      vertex 138.953 108.8 49.8148
      vertex 138.35 112.8 49.5651
      vertex 138.35 108.8 49.5651
    endloop
  endfacet
  facet normal -0.608592 0 0.793483
    outer loop
      vertex 137.832 112.8 49.1678
      vertex 138.35 108.8 49.5651
      vertex 138.35 112.8 49.5651
    endloop
  endfacet
  facet normal -0.608592 0 0.793483
    outer loop
      vertex 138.35 108.8 49.5651
      vertex 137.832 112.8 49.1678
      vertex 137.832 108.8 49.1678
    endloop
  endfacet
  facet normal 0.608592 0 -0.793483
    outer loop
      vertex 140.85 108.8 45.2349
      vertex 141.368 112.8 45.6322
      vertex 141.368 108.8 45.6322
    endloop
  endfacet
  facet normal 0.608592 0 -0.793483
    outer loop
      vertex 141.368 112.8 45.6322
      vertex 140.85 108.8 45.2349
      vertex 140.85 112.8 45.2349
    endloop
  endfacet
  facet normal -0.923755 0 -0.382983
    outer loop
      vertex 137.435 108.8 46.15
      vertex 137.185 112.8 46.753
      vertex 137.435 112.8 46.15
    endloop
  endfacet
  facet normal -0.923755 -0 -0.382983
    outer loop
      vertex 137.185 112.8 46.753
      vertex 137.435 108.8 46.15
      vertex 137.185 108.8 46.753
    endloop
  endfacet
  facet normal -0.608592 0 -0.793483
    outer loop
      vertex 137.832 108.8 45.6322
      vertex 138.35 112.8 45.2349
      vertex 138.35 108.8 45.2349
    endloop
  endfacet
  facet normal -0.608592 0 -0.793483
    outer loop
      vertex 138.35 112.8 45.2349
      vertex 137.832 108.8 45.6322
      vertex 137.832 112.8 45.6322
    endloop
  endfacet
  facet normal -0.793592 0 -0.608451
    outer loop
      vertex 137.832 108.8 45.6322
      vertex 137.435 112.8 46.15
      vertex 137.832 112.8 45.6322
    endloop
  endfacet
  facet normal -0.793592 -0 -0.608451
    outer loop
      vertex 137.435 112.8 46.15
      vertex 137.832 108.8 45.6322
      vertex 137.435 108.8 46.15
    endloop
  endfacet
  facet normal 0.130558 0 0.991441
    outer loop
      vertex 139.6 112.8 49.9
      vertex 140.247 108.8 49.8148
      vertex 140.247 112.8 49.8148
    endloop
  endfacet
  facet normal 0.130558 0 0.991441
    outer loop
      vertex 140.247 108.8 49.8148
      vertex 139.6 112.8 49.9
      vertex 139.6 108.8 49.9
    endloop
  endfacet
  facet normal -0.99148 0 0.130256
    outer loop
      vertex 137.1 108.8 47.4
      vertex 137.185 112.8 48.047
      vertex 137.1 112.8 47.4
    endloop
  endfacet
  facet normal -0.99148 0 0.130256
    outer loop
      vertex 137.185 112.8 48.047
      vertex 137.1 108.8 47.4
      vertex 137.185 108.8 48.047
    endloop
  endfacet
  facet normal -0.793592 0 0.608451
    outer loop
      vertex 137.435 108.8 48.65
      vertex 137.832 112.8 49.1678
      vertex 137.435 112.8 48.65
    endloop
  endfacet
  facet normal -0.793592 0 0.608451
    outer loop
      vertex 137.832 112.8 49.1678
      vertex 137.435 108.8 48.65
      vertex 137.832 108.8 49.1678
    endloop
  endfacet
  facet normal -0.130558 0 0.991441
    outer loop
      vertex 138.953 112.8 49.8148
      vertex 139.6 108.8 49.9
      vertex 139.6 112.8 49.9
    endloop
  endfacet
  facet normal -0.130558 0 0.991441
    outer loop
      vertex 139.6 108.8 49.9
      vertex 138.953 112.8 49.8148
      vertex 138.953 108.8 49.8148
    endloop
  endfacet
  facet normal 0.99148 -0 0.130256
    outer loop
      vertex 142.015 108.8 48.047
      vertex 142.1 112.8 47.4
      vertex 142.015 112.8 48.047
    endloop
  endfacet
  facet normal 0.99148 0 0.130256
    outer loop
      vertex 142.1 112.8 47.4
      vertex 142.015 108.8 48.047
      vertex 142.1 108.8 47.4
    endloop
  endfacet
  facet normal 0.130558 0 -0.991441
    outer loop
      vertex 139.6 108.8 44.9
      vertex 140.247 112.8 44.9852
      vertex 140.247 108.8 44.9852
    endloop
  endfacet
  facet normal 0.130558 0 -0.991441
    outer loop
      vertex 140.247 112.8 44.9852
      vertex 139.6 108.8 44.9
      vertex 139.6 112.8 44.9
    endloop
  endfacet
  facet normal 0.793592 0 -0.608451
    outer loop
      vertex 141.765 108.8 46.15
      vertex 141.368 112.8 45.6322
      vertex 141.765 112.8 46.15
    endloop
  endfacet
  facet normal 0.793592 0 -0.608451
    outer loop
      vertex 141.368 112.8 45.6322
      vertex 141.765 108.8 46.15
      vertex 141.368 108.8 45.6322
    endloop
  endfacet
  facet normal 0.923755 0 -0.382983
    outer loop
      vertex 142.015 108.8 46.753
      vertex 141.765 112.8 46.15
      vertex 142.015 112.8 46.753
    endloop
  endfacet
  facet normal 0.923755 0 -0.382983
    outer loop
      vertex 141.765 112.8 46.15
      vertex 142.015 108.8 46.753
      vertex 141.765 108.8 46.15
    endloop
  endfacet
  facet normal 0.382591 0 -0.923918
    outer loop
      vertex 140.247 108.8 44.9852
      vertex 140.85 112.8 45.2349
      vertex 140.85 108.8 45.2349
    endloop
  endfacet
  facet normal 0.382591 0 -0.923918
    outer loop
      vertex 140.85 112.8 45.2349
      vertex 140.247 108.8 44.9852
      vertex 140.247 112.8 44.9852
    endloop
  endfacet
  facet normal -0.130558 0 -0.991441
    outer loop
      vertex 138.953 108.8 44.9852
      vertex 139.6 112.8 44.9
      vertex 139.6 108.8 44.9
    endloop
  endfacet
  facet normal -0.130558 0 -0.991441
    outer loop
      vertex 139.6 112.8 44.9
      vertex 138.953 108.8 44.9852
      vertex 138.953 112.8 44.9852
    endloop
  endfacet
  facet normal -0.99148 0 -0.130256
    outer loop
      vertex 137.185 108.8 46.753
      vertex 137.1 112.8 47.4
      vertex 137.185 112.8 46.753
    endloop
  endfacet
  facet normal -0.99148 -0 -0.130256
    outer loop
      vertex 137.1 112.8 47.4
      vertex 137.185 108.8 46.753
      vertex 137.1 108.8 47.4
    endloop
  endfacet
  facet normal 0.382591 0 0.923918
    outer loop
      vertex 140.247 112.8 49.8148
      vertex 140.85 108.8 49.5651
      vertex 140.85 112.8 49.5651
    endloop
  endfacet
  facet normal 0.382591 0 0.923918
    outer loop
      vertex 140.85 108.8 49.5651
      vertex 140.247 112.8 49.8148
      vertex 140.247 108.8 49.8148
    endloop
  endfacet
  facet normal 0 -1 0
    outer loop
      vertex 139.6 108.8 48.6
      vertex 139.6 108.8 49.9
      vertex 138.953 108.8 49.8148
    endloop
  endfacet
  facet normal 0 -1 0
    outer loop
      vertex 139.141 108.8 48.5087
      vertex 138.953 108.8 49.8148
      vertex 138.35 108.8 49.5651
    endloop
  endfacet
  facet normal 0 -1 0
    outer loop
      vertex 139.6 108.8 49.9
      vertex 139.6 108.8 48.6
      vertex 140.247 108.8 49.8148
    endloop
  endfacet
  facet normal 0 -1 0
    outer loop
      vertex 138.751 108.8 48.2485
      vertex 138.35 108.8 49.5651
      vertex 137.832 108.8 49.1678
    endloop
  endfacet
  facet normal 0 -1 0
    outer loop
      vertex 140.059 108.8 48.5087
      vertex 140.247 108.8 49.8148
      vertex 139.6 108.8 48.6
    endloop
  endfacet
  facet normal 0 -1 0
    outer loop
      vertex 138.751 108.8 48.2485
      vertex 137.832 108.8 49.1678
      vertex 137.435 108.8 48.65
    endloop
  endfacet
  facet normal 0 -1 -0
    outer loop
      vertex 140.247 108.8 49.8148
      vertex 140.059 108.8 48.5087
      vertex 140.85 108.8 49.5651
    endloop
  endfacet
  facet normal 0 -1 0
    outer loop
      vertex 140.449 108.8 48.2485
      vertex 140.85 108.8 49.5651
      vertex 140.059 108.8 48.5087
    endloop
  endfacet
  facet normal 0 -1 0
    outer loop
      vertex 138.953 108.8 49.8148
      vertex 139.141 108.8 48.5087
      vertex 139.6 108.8 48.6
    endloop
  endfacet
  facet normal 0 -1 0
    outer loop
      vertex 138.35 108.8 49.5651
      vertex 138.751 108.8 48.2485
      vertex 139.141 108.8 48.5087
    endloop
  endfacet
  facet normal 0 -1 0
    outer loop
      vertex 138.491 108.8 47.8592
      vertex 137.435 108.8 48.65
      vertex 137.185 108.8 48.047
    endloop
  endfacet
  facet normal 0 -1 0
    outer loop
      vertex 137.435 108.8 48.65
      vertex 138.491 108.8 47.8592
      vertex 138.751 108.8 48.2485
    endloop
  endfacet
  facet normal 0 -1 0
    outer loop
      vertex 138.4 108.8 47.4
      vertex 137.185 108.8 48.047
      vertex 137.1 108.8 47.4
    endloop
  endfacet
  facet normal 0 -1 0
    outer loop
      vertex 137.185 108.8 48.047
      vertex 138.4 108.8 47.4
      vertex 138.491 108.8 47.8592
    endloop
  endfacet
  facet normal 0 -1 0
    outer loop
      vertex 137.185 108.8 46.753
      vertex 138.4 108.8 47.4
      vertex 137.1 108.8 47.4
    endloop
  endfacet
  facet normal 0 -1 -0
    outer loop
      vertex 138.4 108.8 47.4
      vertex 137.185 108.8 46.753
      vertex 138.491 108.8 46.9408
    endloop
  endfacet
  facet normal 0 -1 0
    outer loop
      vertex 137.435 108.8 46.15
      vertex 138.491 108.8 46.9408
      vertex 137.185 108.8 46.753
    endloop
  endfacet
  facet normal 0 -1 -0
    outer loop
      vertex 138.491 108.8 46.9408
      vertex 137.435 108.8 46.15
      vertex 138.751 108.8 46.5515
    endloop
  endfacet
  facet normal 0 -1 0
    outer loop
      vertex 138.35 108.8 45.2349
      vertex 138.751 108.8 46.5515
      vertex 137.832 108.8 45.6322
    endloop
  endfacet
  facet normal 0 -1 0
    outer loop
      vertex 137.832 108.8 45.6322
      vertex 138.751 108.8 46.5515
      vertex 137.435 108.8 46.15
    endloop
  endfacet
  facet normal 0 -1 -0
    outer loop
      vertex 140.85 108.8 49.5651
      vertex 140.449 108.8 48.2485
      vertex 141.368 108.8 49.1678
    endloop
  endfacet
  facet normal 0 -1 -0
    outer loop
      vertex 141.368 108.8 49.1678
      vertex 140.449 108.8 48.2485
      vertex 141.765 108.8 48.65
    endloop
  endfacet
  facet normal 0 -1 0
    outer loop
      vertex 140.709 108.8 47.8592
      vertex 141.765 108.8 48.65
      vertex 140.449 108.8 48.2485
    endloop
  endfacet
  facet normal 0 -1 -0
    outer loop
      vertex 141.765 108.8 48.65
      vertex 140.709 108.8 47.8592
      vertex 142.015 108.8 48.047
    endloop
  endfacet
  facet normal 0 -1 0
    outer loop
      vertex 140.8 108.8 47.4
      vertex 142.015 108.8 48.047
      vertex 140.709 108.8 47.8592
    endloop
  endfacet
  facet normal 0 -1 0
    outer loop
      vertex 140.8 108.8 47.4
      vertex 142.1 108.8 47.4
      vertex 142.015 108.8 48.047
    endloop
  endfacet
  facet normal 0 -1 0
    outer loop
      vertex 142.015 108.8 46.753
      vertex 140.8 108.8 47.4
      vertex 140.709 108.8 46.9408
    endloop
  endfacet
  facet normal 0 -1 0
    outer loop
      vertex 140.8 108.8 47.4
      vertex 142.015 108.8 46.753
      vertex 142.1 108.8 47.4
    endloop
  endfacet
  facet normal 0 -1 0
    outer loop
      vertex 141.765 108.8 46.15
      vertex 140.709 108.8 46.9408
      vertex 140.449 108.8 46.5515
    endloop
  endfacet
  facet normal 0 -1 0
    outer loop
      vertex 140.85 108.8 45.2349
      vertex 140.449 108.8 46.5515
      vertex 140.059 108.8 46.2913
    endloop
  endfacet
  facet normal 0 -1 0
    outer loop
      vertex 140.709 108.8 46.9408
      vertex 141.765 108.8 46.15
      vertex 142.015 108.8 46.753
    endloop
  endfacet
  facet normal 0 -1 0
    outer loop
      vertex 140.247 108.8 44.9852
      vertex 140.059 108.8 46.2913
      vertex 139.6 108.8 46.2
    endloop
  endfacet
  facet normal 0 -1 -0
    outer loop
      vertex 138.751 108.8 46.5515
      vertex 138.35 108.8 45.2349
      vertex 139.141 108.8 46.2913
    endloop
  endfacet
  facet normal 0 -1 0
    outer loop
      vertex 138.953 108.8 44.9852
      vertex 139.141 108.8 46.2913
      vertex 138.35 108.8 45.2349
    endloop
  endfacet
  facet normal 0 -1 0
    outer loop
      vertex 140.449 108.8 46.5515
      vertex 141.368 108.8 45.6322
      vertex 141.765 108.8 46.15
    endloop
  endfacet
  facet normal 0 -1 -0
    outer loop
      vertex 139.141 108.8 46.2913
      vertex 138.953 108.8 44.9852
      vertex 139.6 108.8 46.2
    endloop
  endfacet
  facet normal 0 -1 0
    outer loop
      vertex 140.449 108.8 46.5515
      vertex 140.85 108.8 45.2349
      vertex 141.368 108.8 45.6322
    endloop
  endfacet
  facet normal 0 -1 0
    outer loop
      vertex 139.6 108.8 44.9
      vertex 139.6 108.8 46.2
      vertex 138.953 108.8 44.9852
    endloop
  endfacet
  facet normal 0 -1 0
    outer loop
      vertex 140.059 108.8 46.2913
      vertex 140.247 108.8 44.9852
      vertex 140.85 108.8 45.2349
    endloop
  endfacet
  facet normal 0 -1 0
    outer loop
      vertex 139.6 108.8 46.2
      vertex 139.6 108.8 44.9
      vertex 140.247 108.8 44.9852
    endloop
  endfacet
  facet normal -0.980924 0 -0.19439
    outer loop
      vertex 140.8 108.8 47.4
      vertex 140.709 112.8 47.8592
      vertex 140.8 112.8 47.4
    endloop
  endfacet
  facet normal -0.980924 -0 -0.19439
    outer loop
      vertex 140.709 112.8 47.8592
      vertex 140.8 108.8 47.4
      vertex 140.709 108.8 47.8592
    endloop
  endfacet
  facet normal 0.980924 0 -0.19439
    outer loop
      vertex 138.491 108.8 47.8592
      vertex 138.4 112.8 47.4
      vertex 138.491 112.8 47.8592
    endloop
  endfacet
  facet normal 0.980924 0 -0.19439
    outer loop
      vertex 138.4 112.8 47.4
      vertex 138.491 108.8 47.8592
      vertex 138.4 108.8 47.4
    endloop
  endfacet
  facet normal -0.195089 0 -0.980786
    outer loop
      vertex 139.6 108.8 48.6
      vertex 140.059 112.8 48.5087
      vertex 140.059 108.8 48.5087
    endloop
  endfacet
  facet normal -0.195089 0 -0.980786
    outer loop
      vertex 140.059 112.8 48.5087
      vertex 139.6 108.8 48.6
      vertex 139.6 112.8 48.6
    endloop
  endfacet
  facet normal -0.83159 0 -0.55539
    outer loop
      vertex 140.709 108.8 47.8592
      vertex 140.449 112.8 48.2485
      vertex 140.709 112.8 47.8592
    endloop
  endfacet
  facet normal -0.83159 -0 -0.55539
    outer loop
      vertex 140.449 112.8 48.2485
      vertex 140.709 108.8 47.8592
      vertex 140.449 108.8 48.2485
    endloop
  endfacet
  facet normal -0.195089 0 0.980786
    outer loop
      vertex 139.6 112.8 46.2
      vertex 140.059 108.8 46.2913
      vertex 140.059 112.8 46.2913
    endloop
  endfacet
  facet normal -0.195089 0 0.980786
    outer loop
      vertex 140.059 108.8 46.2913
      vertex 139.6 112.8 46.2
      vertex 139.6 108.8 46.2
    endloop
  endfacet
  facet normal 0.195089 0 0.980786
    outer loop
      vertex 139.141 112.8 46.2913
      vertex 139.6 108.8 46.2
      vertex 139.6 112.8 46.2
    endloop
  endfacet
  facet normal 0.195089 0 0.980786
    outer loop
      vertex 139.6 108.8 46.2
      vertex 139.141 112.8 46.2913
      vertex 139.141 108.8 46.2913
    endloop
  endfacet
  facet normal 0.195089 0 -0.980786
    outer loop
      vertex 139.141 108.8 48.5087
      vertex 139.6 112.8 48.6
      vertex 139.6 108.8 48.6
    endloop
  endfacet
  facet normal 0.195089 0 -0.980786
    outer loop
      vertex 139.6 112.8 48.6
      vertex 139.141 108.8 48.5087
      vertex 139.141 112.8 48.5087
    endloop
  endfacet
  facet normal 0.554995 0 -0.831853
    outer loop
      vertex 138.751 108.8 48.2485
      vertex 139.141 112.8 48.5087
      vertex 139.141 108.8 48.5087
    endloop
  endfacet
  facet normal 0.554995 0 -0.831853
    outer loop
      vertex 139.141 112.8 48.5087
      vertex 138.751 108.8 48.2485
      vertex 138.751 112.8 48.2485
    endloop
  endfacet
  facet normal 0.980924 -0 0.19439
    outer loop
      vertex 138.4 108.8 47.4
      vertex 138.491 112.8 46.9408
      vertex 138.4 112.8 47.4
    endloop
  endfacet
  facet normal 0.980924 0 0.19439
    outer loop
      vertex 138.491 112.8 46.9408
      vertex 138.4 108.8 47.4
      vertex 138.491 108.8 46.9408
    endloop
  endfacet
  facet normal 0.554995 0 0.831853
    outer loop
      vertex 138.751 112.8 46.5515
      vertex 139.141 108.8 46.2913
      vertex 139.141 112.8 46.2913
    endloop
  endfacet
  facet normal 0.554995 0 0.831853
    outer loop
      vertex 139.141 108.8 46.2913
      vertex 138.751 112.8 46.5515
      vertex 138.751 108.8 46.5515
    endloop
  endfacet
  facet normal 0.83159 -0 0.55539
    outer loop
      vertex 138.491 108.8 46.9408
      vertex 138.751 112.8 46.5515
      vertex 138.491 112.8 46.9408
    endloop
  endfacet
  facet normal 0.83159 0 0.55539
    outer loop
      vertex 138.751 112.8 46.5515
      vertex 138.491 108.8 46.9408
      vertex 138.751 108.8 46.5515
    endloop
  endfacet
  facet normal -0.554995 0 -0.831853
    outer loop
      vertex 140.059 108.8 48.5087
      vertex 140.449 112.8 48.2485
      vertex 140.449 108.8 48.2485
    endloop
  endfacet
  facet normal -0.554995 0 -0.831853
    outer loop
      vertex 140.449 112.8 48.2485
      vertex 140.059 108.8 48.5087
      vertex 140.059 112.8 48.5087
    endloop
  endfacet
  facet normal 0.83159 0 -0.55539
    outer loop
      vertex 138.751 108.8 48.2485
      vertex 138.491 112.8 47.8592
      vertex 138.751 112.8 48.2485
    endloop
  endfacet
  facet normal 0.83159 0 -0.55539
    outer loop
      vertex 138.491 112.8 47.8592
      vertex 138.751 108.8 48.2485
      vertex 138.491 108.8 47.8592
    endloop
  endfacet
  facet normal -0.83159 0 0.55539
    outer loop
      vertex 140.449 108.8 46.5515
      vertex 140.709 112.8 46.9408
      vertex 140.449 112.8 46.5515
    endloop
  endfacet
  facet normal -0.83159 0 0.55539
    outer loop
      vertex 140.709 112.8 46.9408
      vertex 140.449 108.8 46.5515
      vertex 140.709 108.8 46.9408
    endloop
  endfacet
  facet normal -0.554995 0 0.831853
    outer loop
      vertex 140.059 112.8 46.2913
      vertex 140.449 108.8 46.5515
      vertex 140.449 112.8 46.5515
    endloop
  endfacet
  facet normal -0.554995 0 0.831853
    outer loop
      vertex 140.449 108.8 46.5515
      vertex 140.059 112.8 46.2913
      vertex 140.059 108.8 46.2913
    endloop
  endfacet
  facet normal -0.980924 0 0.19439
    outer loop
      vertex 140.709 108.8 46.9408
      vertex 140.8 112.8 47.4
      vertex 140.709 112.8 46.9408
    endloop
  endfacet
  facet normal -0.980924 0 0.19439
    outer loop
      vertex 140.8 112.8 47.4
      vertex 140.709 108.8 46.9408
      vertex 140.8 108.8 47.4
    endloop
  endfacet
  facet normal -0.991445 -0.130523 0
    outer loop
      vertex 8.7 98.8 0
      vertex 8.6557 99.1365 7.4
      vertex 8.6557 99.1365 0
    endloop
  endfacet
  facet normal -0.991445 -0.130523 0
    outer loop
      vertex 8.6557 99.1365 7.4
      vertex 8.7 98.8 0
      vertex 8.7 98.8 7.4
    endloop
  endfacet
  facet normal 0.991445 -0.130523 0
    outer loop
      vertex 6.1 98.8 7.4
      vertex 6.1443 99.1365 0
      vertex 6.1443 99.1365 7.4
    endloop
  endfacet
  facet normal 0.991445 -0.130523 0
    outer loop
      vertex 6.1443 99.1365 0
      vertex 6.1 98.8 7.4
      vertex 6.1 98.8 0
    endloop
  endfacet
  facet normal 0.129665 -0.991558 0
    outer loop
      vertex 7.06353 100.056 0
      vertex 7.4 100.1 7.4
      vertex 7.06353 100.056 7.4
    endloop
  endfacet
  facet normal 0.129665 -0.991558 0
    outer loop
      vertex 7.4 100.1 7.4
      vertex 7.06353 100.056 0
      vertex 7.4 100.1 0
    endloop
  endfacet
  facet normal -0.130538 0.991443 0
    outer loop
      vertex 7.73646 97.5443 0
      vertex 7.4 97.5 7.4
      vertex 7.73646 97.5443 7.4
    endloop
  endfacet
  facet normal -0.130538 0.991443 0
    outer loop
      vertex 7.4 97.5 7.4
      vertex 7.73646 97.5443 0
      vertex 7.4 97.5 0
    endloop
  endfacet
  facet normal -0.608893 -0.793252 -0
    outer loop
      vertex 8.05 99.9258 2.4
      vertex 8.05 99.9258 0
      vertex 8.08752 99.897 2.4
    endloop
  endfacet
  facet normal -0.608751 -0.793362 0
    outer loop
      vertex 8.08752 99.897 2.4
      vertex 8.31924 99.7192 7.4
      vertex 8.08752 99.897 7.4
    endloop
  endfacet
  facet normal -0.60877 -0.793346 -3.04483e-06
    outer loop
      vertex 8.31924 99.7192 0
      vertex 8.08752 99.897 2.4
      vertex 8.05 99.9258 0
    endloop
  endfacet
  facet normal -0.608751 -0.793362 0
    outer loop
      vertex 8.08752 99.897 2.4
      vertex 8.31924 99.7192 0
      vertex 8.31924 99.7192 7.4
    endloop
  endfacet
  facet normal -0 0 0
    outer loop
      vertex 8.05 99.9258 2.4
      vertex 8.05 99.9258 7.4
      vertex 8.05 99.9258 0
    endloop
  endfacet
  facet normal -0.383507 -0.923538 0
    outer loop
      vertex 7.73646 100.056 0
      vertex 8.05 99.9258 7.4
      vertex 7.73646 100.056 7.4
    endloop
  endfacet
  facet normal -0.383507 -0.923538 -0
    outer loop
      vertex 8.05 99.9258 7.4
      vertex 7.73646 100.056 0
      vertex 8.05 99.9258 0
    endloop
  endfacet
  facet normal 0.793317 -0.608809 0
    outer loop
      vertex 6.27417 99.45 7.4
      vertex 6.48076 99.7192 0
      vertex 6.48076 99.7192 7.4
    endloop
  endfacet
  facet normal 0.793317 -0.608809 0
    outer loop
      vertex 6.48076 99.7192 0
      vertex 6.27417 99.45 7.4
      vertex 6.27417 99.45 0
    endloop
  endfacet
  facet normal 0.923865 -0.382719 0
    outer loop
      vertex 6.1443 99.1365 7.4
      vertex 6.27417 99.45 0
      vertex 6.27417 99.45 7.4
    endloop
  endfacet
  facet normal 0.923865 -0.382719 0
    outer loop
      vertex 6.27417 99.45 0
      vertex 6.1443 99.1365 7.4
      vertex 6.1443 99.1365 0
    endloop
  endfacet
  facet normal 0.383517 -0.923534 0
    outer loop
      vertex 6.75 99.9258 0
      vertex 7.06353 100.056 7.4
      vertex 6.75 99.9258 7.4
    endloop
  endfacet
  facet normal 0.383517 -0.923534 0
    outer loop
      vertex 7.06353 100.056 7.4
      vertex 6.75 99.9258 0
      vertex 7.06353 100.056 0
    endloop
  endfacet
  facet normal -0.793266 -0.608875 0
    outer loop
      vertex 8.31924 99.7192 0
      vertex 8.4749 99.5164 2.4
      vertex 8.31924 99.7192 7.4
    endloop
  endfacet
  facet normal -0.793317 -0.608809 8.86539e-06
    outer loop
      vertex 8.52583 99.45 0
      vertex 8.4749 99.5164 2.4
      vertex 8.31924 99.7192 0
    endloop
  endfacet
  facet normal -0.793472 -0.608607 0
    outer loop
      vertex 8.4749 99.5164 2.4
      vertex 8.52583 99.45 0
      vertex 8.52583 99.45 2.4
    endloop
  endfacet
  facet normal -0.793266 -0.608875 0
    outer loop
      vertex 8.31924 99.7192 7.4
      vertex 8.4749 99.5164 2.4
      vertex 8.4749 99.5164 7.4
    endloop
  endfacet
  facet normal -0.923823 -0.38282 0
    outer loop
      vertex 8.52583 99.45 0
      vertex 8.56702 99.3506 2.4
      vertex 8.52583 99.45 2.4
    endloop
  endfacet
  facet normal -0.923865 -0.382719 4.8956e-06
    outer loop
      vertex 8.6557 99.1365 0
      vertex 8.56702 99.3506 2.4
      vertex 8.52583 99.45 0
    endloop
  endfacet
  facet normal -0.923884 -0.382672 -0
    outer loop
      vertex 8.6557 99.1365 7.4
      vertex 8.56702 99.3506 2.4
      vertex 8.6557 99.1365 0
    endloop
  endfacet
  facet normal -0.923884 -0.382672 0
    outer loop
      vertex 8.56702 99.3506 2.4
      vertex 8.6557 99.1365 7.4
      vertex 8.56702 99.3506 7.4
    endloop
  endfacet
  facet normal -0.129669 -0.991557 0
    outer loop
      vertex 7.4 100.1 0
      vertex 7.73646 100.056 7.4
      vertex 7.4 100.1 7.4
    endloop
  endfacet
  facet normal -0.129669 -0.991557 -0
    outer loop
      vertex 7.73646 100.056 7.4
      vertex 7.4 100.1 0
      vertex 7.73646 100.056 0
    endloop
  endfacet
  facet normal 0.60877 -0.793346 0
    outer loop
      vertex 6.48076 99.7192 0
      vertex 6.75 99.9258 7.4
      vertex 6.48076 99.7192 7.4
    endloop
  endfacet
  facet normal 0.60877 -0.793346 0
    outer loop
      vertex 6.75 99.9258 7.4
      vertex 6.48076 99.7192 0
      vertex 6.75 99.9258 0
    endloop
  endfacet
  facet normal -0.793317 0.608809 0
    outer loop
      vertex 8.31924 97.8808 0
      vertex 8.52583 98.15 7.4
      vertex 8.52583 98.15 0
    endloop
  endfacet
  facet normal -0.793317 0.608809 0
    outer loop
      vertex 8.52583 98.15 7.4
      vertex 8.31924 97.8808 0
      vertex 8.31924 97.8808 7.4
    endloop
  endfacet
  facet normal -0.923879 0.382684 0
    outer loop
      vertex 8.6557 98.4635 0
      vertex 8.53214 98.1652 2.4
      vertex 8.6557 98.4635 7.4
    endloop
  endfacet
  facet normal -0.923865 0.382719 5.10925e-06
    outer loop
      vertex 8.52583 98.15 0
      vertex 8.53214 98.1652 2.4
      vertex 8.6557 98.4635 0
    endloop
  endfacet
  facet normal -0.923579 0.383407 0
    outer loop
      vertex 8.53214 98.1652 2.4
      vertex 8.52583 98.15 0
      vertex 8.52583 98.15 2.4
    endloop
  endfacet
  facet normal -0.923879 0.382684 0
    outer loop
      vertex 8.6557 98.4635 7.4
      vertex 8.53214 98.1652 2.4
      vertex 8.53214 98.1652 7.4
    endloop
  endfacet
  facet normal 0 0 0
    outer loop
      vertex 8.52583 98.15 0
      vertex 8.52583 98.15 7.4
      vertex 8.52583 98.15 2.4
    endloop
  endfacet
  facet normal 0.382763 0.923847 -0
    outer loop
      vertex 7.06353 97.5443 0
      vertex 6.75 97.6742 7.4
      vertex 7.06353 97.5443 7.4
    endloop
  endfacet
  facet normal 0.382763 0.923847 0
    outer loop
      vertex 6.75 97.6742 7.4
      vertex 7.06353 97.5443 0
      vertex 6.75 97.6742 0
    endloop
  endfacet
  facet normal 0.793317 0.608809 0
    outer loop
      vertex 6.48076 97.8808 7.4
      vertex 6.27417 98.15 0
      vertex 6.27417 98.15 7.4
    endloop
  endfacet
  facet normal 0.793317 0.608809 0
    outer loop
      vertex 6.27417 98.15 0
      vertex 6.48076 97.8808 7.4
      vertex 6.48076 97.8808 0
    endloop
  endfacet
  facet normal -0.991445 0.130523 0
    outer loop
      vertex 8.6557 98.4635 0
      vertex 8.7 98.8 7.4
      vertex 8.7 98.8 0
    endloop
  endfacet
  facet normal -0.991445 0.130523 0
    outer loop
      vertex 8.7 98.8 7.4
      vertex 8.6557 98.4635 0
      vertex 8.6557 98.4635 7.4
    endloop
  endfacet
  facet normal 0.130535 0.991444 -0
    outer loop
      vertex 7.4 97.5 0
      vertex 7.06353 97.5443 7.4
      vertex 7.4 97.5 7.4
    endloop
  endfacet
  facet normal 0.130535 0.991444 0
    outer loop
      vertex 7.06353 97.5443 7.4
      vertex 7.4 97.5 0
      vertex 7.06353 97.5443 0
    endloop
  endfacet
  facet normal 0.60877 0.793346 -0
    outer loop
      vertex 6.75 97.6742 0
      vertex 6.48076 97.8808 7.4
      vertex 6.75 97.6742 7.4
    endloop
  endfacet
  facet normal 0.60877 0.793346 0
    outer loop
      vertex 6.48076 97.8808 7.4
      vertex 6.75 97.6742 0
      vertex 6.48076 97.8808 0
    endloop
  endfacet
  facet normal 0.923865 0.382719 0
    outer loop
      vertex 6.27417 98.15 7.4
      vertex 6.1443 98.4635 0
      vertex 6.1443 98.4635 7.4
    endloop
  endfacet
  facet normal 0.923865 0.382719 0
    outer loop
      vertex 6.1443 98.4635 0
      vertex 6.27417 98.15 7.4
      vertex 6.27417 98.15 0
    endloop
  endfacet
  facet normal 0.991445 0.130523 0
    outer loop
      vertex 6.1443 98.4635 7.4
      vertex 6.1 98.8 0
      vertex 6.1 98.8 7.4
    endloop
  endfacet
  facet normal 0.991445 0.130523 0
    outer loop
      vertex 6.1 98.8 0
      vertex 6.1443 98.4635 7.4
      vertex 6.1443 98.4635 0
    endloop
  endfacet
  facet normal -0.60877 0.793346 0
    outer loop
      vertex 8.31924 97.8808 0
      vertex 8.05 97.6742 7.4
      vertex 8.31924 97.8808 7.4
    endloop
  endfacet
  facet normal -0.60877 0.793346 0
    outer loop
      vertex 8.05 97.6742 7.4
      vertex 8.31924 97.8808 0
      vertex 8.05 97.6742 0
    endloop
  endfacet
  facet normal -0.382753 0.923851 0
    outer loop
      vertex 8.05 97.6742 0
      vertex 7.73646 97.5443 7.4
      vertex 8.05 97.6742 7.4
    endloop
  endfacet
  facet normal -0.382753 0.923851 0
    outer loop
      vertex 7.73646 97.5443 7.4
      vertex 8.05 97.6742 0
      vertex 7.73646 97.5443 0
    endloop
  endfacet
  facet normal -0.991445 -0.130523 0
    outer loop
      vertex 84.9 98.8 0
      vertex 84.8557 99.1365 7.4
      vertex 84.8557 99.1365 0
    endloop
  endfacet
  facet normal -0.991445 -0.130523 0
    outer loop
      vertex 84.8557 99.1365 7.4
      vertex 84.9 98.8 0
      vertex 84.9 98.8 7.4
    endloop
  endfacet
  facet normal 0.991445 -0.130523 0
    outer loop
      vertex 82.3 98.8 7.4
      vertex 82.3443 99.1365 0
      vertex 82.3443 99.1365 7.4
    endloop
  endfacet
  facet normal 0.991445 -0.130523 0
    outer loop
      vertex 82.3443 99.1365 0
      vertex 82.3 98.8 7.4
      vertex 82.3 98.8 0
    endloop
  endfacet
  facet normal 0.129654 -0.991559 0
    outer loop
      vertex 83.2635 100.056 0
      vertex 83.6 100.1 7.4
      vertex 83.2635 100.056 7.4
    endloop
  endfacet
  facet normal 0.129654 -0.991559 0
    outer loop
      vertex 83.6 100.1 7.4
      vertex 83.2635 100.056 0
      vertex 83.6 100.1 0
    endloop
  endfacet
  facet normal -0.130523 0.991445 0
    outer loop
      vertex 83.9365 97.5443 0
      vertex 83.6 97.5 7.4
      vertex 83.9365 97.5443 7.4
    endloop
  endfacet
  facet normal -0.130523 0.991445 0
    outer loop
      vertex 83.6 97.5 7.4
      vertex 83.9365 97.5443 0
      vertex 83.6 97.5 0
    endloop
  endfacet
  facet normal -0.382794 0.923834 0
    outer loop
      vertex 84.25 97.6742 0
      vertex 83.9365 97.5443 7.4
      vertex 84.25 97.6742 7.4
    endloop
  endfacet
  facet normal -0.382794 0.923834 0
    outer loop
      vertex 83.9365 97.5443 7.4
      vertex 84.25 97.6742 0
      vertex 83.9365 97.5443 0
    endloop
  endfacet
  facet normal -0.608827 -0.793303 0
    outer loop
      vertex 84.25 99.9258 0
      vertex 84.5192 99.7192 7.4
      vertex 84.25 99.9258 7.4
    endloop
  endfacet
  facet normal -0.608827 -0.793303 -0
    outer loop
      vertex 84.5192 99.7192 7.4
      vertex 84.25 99.9258 0
      vertex 84.5192 99.7192 0
    endloop
  endfacet
  facet normal -0.923834 -0.382794 0
    outer loop
      vertex 84.8557 99.1365 0
      vertex 84.7258 99.45 7.4
      vertex 84.7258 99.45 0
    endloop
  endfacet
  facet normal -0.923834 -0.382794 0
    outer loop
      vertex 84.7258 99.45 7.4
      vertex 84.8557 99.1365 0
      vertex 84.8557 99.1365 7.4
    endloop
  endfacet
  facet normal -0.383548 -0.923521 0
    outer loop
      vertex 83.9365 100.056 0
      vertex 84.25 99.9258 7.4
      vertex 83.9365 100.056 7.4
    endloop
  endfacet
  facet normal -0.383548 -0.923521 -0
    outer loop
      vertex 84.25 99.9258 7.4
      vertex 83.9365 100.056 0
      vertex 84.25 99.9258 0
    endloop
  endfacet
  facet normal 0.608827 -0.793303 0
    outer loop
      vertex 82.6808 99.7192 0
      vertex 82.95 99.9258 7.4
      vertex 82.6808 99.7192 7.4
    endloop
  endfacet
  facet normal 0.608827 -0.793303 0
    outer loop
      vertex 82.95 99.9258 7.4
      vertex 82.6808 99.7192 0
      vertex 82.95 99.9258 0
    endloop
  endfacet
  facet normal 0.383548 -0.923521 0
    outer loop
      vertex 82.95 99.9258 0
      vertex 83.2635 100.056 7.4
      vertex 82.95 99.9258 7.4
    endloop
  endfacet
  facet normal 0.383548 -0.923521 0
    outer loop
      vertex 83.2635 100.056 7.4
      vertex 82.95 99.9258 0
      vertex 83.2635 100.056 0
    endloop
  endfacet
  facet normal -0.923834 0.382794 0
    outer loop
      vertex 84.7258 98.15 0
      vertex 84.8557 98.4635 7.4
      vertex 84.8557 98.4635 0
    endloop
  endfacet
  facet normal -0.923834 0.382794 0
    outer loop
      vertex 84.8557 98.4635 7.4
      vertex 84.7258 98.15 0
      vertex 84.7258 98.15 7.4
    endloop
  endfacet
  facet normal -0.793303 -0.608827 0
    outer loop
      vertex 84.7258 99.45 0
      vertex 84.5192 99.7192 7.4
      vertex 84.5192 99.7192 0
    endloop
  endfacet
  facet normal -0.793303 -0.608827 0
    outer loop
      vertex 84.5192 99.7192 7.4
      vertex 84.7258 99.45 0
      vertex 84.7258 99.45 7.4
    endloop
  endfacet
  facet normal -0.129654 -0.991559 0
    outer loop
      vertex 83.6 100.1 0
      vertex 83.9365 100.056 7.4
      vertex 83.6 100.1 7.4
    endloop
  endfacet
  facet normal -0.129654 -0.991559 -0
    outer loop
      vertex 83.9365 100.056 7.4
      vertex 83.6 100.1 0
      vertex 83.9365 100.056 0
    endloop
  endfacet
  facet normal 0.793303 -0.608827 0
    outer loop
      vertex 82.4742 99.45 7.4
      vertex 82.6808 99.7192 0
      vertex 82.6808 99.7192 7.4
    endloop
  endfacet
  facet normal 0.793303 -0.608827 0
    outer loop
      vertex 82.6808 99.7192 0
      vertex 82.4742 99.45 7.4
      vertex 82.4742 99.45 0
    endloop
  endfacet
  facet normal 0.923834 -0.382794 0
    outer loop
      vertex 82.3443 99.1365 7.4
      vertex 82.4742 99.45 0
      vertex 82.4742 99.45 7.4
    endloop
  endfacet
  facet normal 0.923834 -0.382794 0
    outer loop
      vertex 82.4742 99.45 0
      vertex 82.3443 99.1365 7.4
      vertex 82.3443 99.1365 0
    endloop
  endfacet
  facet normal -0.991445 0.130523 0
    outer loop
      vertex 84.8557 98.4635 0
      vertex 84.9 98.8 7.4
      vertex 84.9 98.8 0
    endloop
  endfacet
  facet normal -0.991445 0.130523 0
    outer loop
      vertex 84.9 98.8 7.4
      vertex 84.8557 98.4635 0
      vertex 84.8557 98.4635 7.4
    endloop
  endfacet
  facet normal 0.608827 0.793303 -0
    outer loop
      vertex 82.95 97.6742 0
      vertex 82.6808 97.8808 7.4
      vertex 82.95 97.6742 7.4
    endloop
  endfacet
  facet normal 0.608827 0.793303 0
    outer loop
      vertex 82.6808 97.8808 7.4
      vertex 82.95 97.6742 0
      vertex 82.6808 97.8808 0
    endloop
  endfacet
  facet normal 0.923834 0.382794 0
    outer loop
      vertex 82.4742 98.15 7.4
      vertex 82.3443 98.4635 0
      vertex 82.3443 98.4635 7.4
    endloop
  endfacet
  facet normal 0.923834 0.382794 0
    outer loop
      vertex 82.3443 98.4635 0
      vertex 82.4742 98.15 7.4
      vertex 82.4742 98.15 0
    endloop
  endfacet
  facet normal 0.991445 0.130523 0
    outer loop
      vertex 82.3443 98.4635 7.4
      vertex 82.3 98.8 0
      vertex 82.3 98.8 7.4
    endloop
  endfacet
  facet normal 0.991445 0.130523 0
    outer loop
      vertex 82.3 98.8 0
      vertex 82.3443 98.4635 7.4
      vertex 82.3443 98.4635 0
    endloop
  endfacet
  facet normal 0.793303 0.608827 0
    outer loop
      vertex 82.6808 97.8808 7.4
      vertex 82.4742 98.15 0
      vertex 82.4742 98.15 7.4
    endloop
  endfacet
  facet normal 0.793303 0.608827 0
    outer loop
      vertex 82.4742 98.15 0
      vertex 82.6808 97.8808 7.4
      vertex 82.6808 97.8808 0
    endloop
  endfacet
  facet normal -0.608827 0.793303 0
    outer loop
      vertex 84.5192 97.8808 0
      vertex 84.25 97.6742 7.4
      vertex 84.5192 97.8808 7.4
    endloop
  endfacet
  facet normal -0.608827 0.793303 0
    outer loop
      vertex 84.25 97.6742 7.4
      vertex 84.5192 97.8808 0
      vertex 84.25 97.6742 0
    endloop
  endfacet
  facet normal 0.130523 0.991445 -0
    outer loop
      vertex 83.6 97.5 0
      vertex 83.2635 97.5443 7.4
      vertex 83.6 97.5 7.4
    endloop
  endfacet
  facet normal 0.130523 0.991445 0
    outer loop
      vertex 83.2635 97.5443 7.4
      vertex 83.6 97.5 0
      vertex 83.2635 97.5443 0
    endloop
  endfacet
  facet normal 0.382794 0.923834 -0
    outer loop
      vertex 83.2635 97.5443 0
      vertex 82.95 97.6742 7.4
      vertex 83.2635 97.5443 7.4
    endloop
  endfacet
  facet normal 0.382794 0.923834 0
    outer loop
      vertex 82.95 97.6742 7.4
      vertex 83.2635 97.5443 0
      vertex 82.95 97.6742 0
    endloop
  endfacet
  facet normal -0.793303 0.608827 0
    outer loop
      vertex 84.5192 97.8808 0
      vertex 84.7258 98.15 7.4
      vertex 84.7258 98.15 0
    endloop
  endfacet
  facet normal -0.793303 0.608827 0
    outer loop
      vertex 84.7258 98.15 7.4
      vertex 84.5192 97.8808 0
      vertex 84.5192 97.8808 7.4
    endloop
  endfacet
  facet normal -0.991559 -0.129654 0
    outer loop
      vertex 161.1 98.8 0
      vertex 161.056 99.1365 7.4
      vertex 161.056 99.1365 0
    endloop
  endfacet
  facet normal -0.991559 -0.129654 0
    outer loop
      vertex 161.056 99.1365 7.4
      vertex 161.1 98.8 0
      vertex 161.1 98.8 7.4
    endloop
  endfacet
  facet normal 0.991559 -0.129654 0
    outer loop
      vertex 158.5 98.8 7.4
      vertex 158.544 99.1365 0
      vertex 158.544 99.1365 7.4
    endloop
  endfacet
  facet normal 0.991559 -0.129654 0
    outer loop
      vertex 158.544 99.1365 0
      vertex 158.5 98.8 7.4
      vertex 158.5 98.8 0
    endloop
  endfacet
  facet normal 0.129844 -0.991534 0
    outer loop
      vertex 159.464 100.056 0
      vertex 159.8 100.1 7.4
      vertex 159.464 100.056 7.4
    endloop
  endfacet
  facet normal 0.129844 -0.991534 0
    outer loop
      vertex 159.8 100.1 7.4
      vertex 159.464 100.056 0
      vertex 159.8 100.1 0
    endloop
  endfacet
  facet normal -0.130714 0.99142 0
    outer loop
      vertex 160.136 97.5443 0
      vertex 159.8 97.5 7.4
      vertex 160.136 97.5443 7.4
    endloop
  endfacet
  facet normal -0.130714 0.99142 0
    outer loop
      vertex 159.8 97.5 7.4
      vertex 160.136 97.5443 0
      vertex 159.8 97.5 0
    endloop
  endfacet
  facet normal -0.382274 0.924049 0
    outer loop
      vertex 160.45 97.6742 0
      vertex 160.136 97.5443 7.4
      vertex 160.45 97.6742 7.4
    endloop
  endfacet
  facet normal -0.382274 0.924049 0
    outer loop
      vertex 160.136 97.5443 7.4
      vertex 160.45 97.6742 0
      vertex 160.136 97.5443 0
    endloop
  endfacet
  facet normal -0.609112 -0.793084 0
    outer loop
      vertex 160.45 99.9258 0
      vertex 160.719 99.7192 7.4
      vertex 160.45 99.9258 7.4
    endloop
  endfacet
  facet normal -0.609112 -0.793084 -0
    outer loop
      vertex 160.719 99.7192 7.4
      vertex 160.45 99.9258 0
      vertex 160.719 99.7192 0
    endloop
  endfacet
  facet normal -0.923729 -0.383046 0
    outer loop
      vertex 161.056 99.1365 0
      vertex 160.926 99.45 7.4
      vertex 160.926 99.45 0
    endloop
  endfacet
  facet normal -0.923729 -0.383046 0
    outer loop
      vertex 160.926 99.45 7.4
      vertex 161.056 99.1365 0
      vertex 161.056 99.1365 7.4
    endloop
  endfacet
  facet normal -0.383027 -0.923737 0
    outer loop
      vertex 160.136 100.056 0
      vertex 160.45 99.9258 7.4
      vertex 160.136 100.056 7.4
    endloop
  endfacet
  facet normal -0.383027 -0.923737 -0
    outer loop
      vertex 160.45 99.9258 7.4
      vertex 160.136 100.056 0
      vertex 160.45 99.9258 0
    endloop
  endfacet
  facet normal 0.792733 -0.609568 0
    outer loop
      vertex 158.674 99.45 7.4
      vertex 158.881 99.7192 0
      vertex 158.881 99.7192 7.4
    endloop
  endfacet
  facet normal 0.792733 -0.609568 0
    outer loop
      vertex 158.881 99.7192 0
      vertex 158.674 99.45 7.4
      vertex 158.674 99.45 0
    endloop
  endfacet
  facet normal 0.923729 -0.383046 0
    outer loop
      vertex 158.544 99.1365 7.4
      vertex 158.674 99.45 0
      vertex 158.674 99.45 7.4
    endloop
  endfacet
  facet normal 0.923729 -0.383046 0
    outer loop
      vertex 158.674 99.45 0
      vertex 158.544 99.1365 7.4
      vertex 158.544 99.1365 0
    endloop
  endfacet
  facet normal 0.383027 -0.923737 0
    outer loop
      vertex 159.15 99.9258 0
      vertex 159.464 100.056 7.4
      vertex 159.15 99.9258 7.4
    endloop
  endfacet
  facet normal 0.383027 -0.923737 0
    outer loop
      vertex 159.464 100.056 7.4
      vertex 159.15 99.9258 0
      vertex 159.464 100.056 0
    endloop
  endfacet
  facet normal -0.923729 0.383046 0
    outer loop
      vertex 160.926 98.15 0
      vertex 161.056 98.4635 7.4
      vertex 161.056 98.4635 0
    endloop
  endfacet
  facet normal -0.923729 0.383046 0
    outer loop
      vertex 161.056 98.4635 7.4
      vertex 160.926 98.15 0
      vertex 160.926 98.15 7.4
    endloop
  endfacet
  facet normal -0.792733 -0.609568 0
    outer loop
      vertex 160.926 99.45 0
      vertex 160.719 99.7192 7.4
      vertex 160.719 99.7192 0
    endloop
  endfacet
  facet normal -0.792733 -0.609568 0
    outer loop
      vertex 160.719 99.7192 7.4
      vertex 160.926 99.45 0
      vertex 160.926 99.45 7.4
    endloop
  endfacet
  facet normal -0.129844 -0.991534 0
    outer loop
      vertex 159.8 100.1 0
      vertex 160.136 100.056 7.4
      vertex 159.8 100.1 7.4
    endloop
  endfacet
  facet normal -0.129844 -0.991534 -0
    outer loop
      vertex 160.136 100.056 7.4
      vertex 159.8 100.1 0
      vertex 160.136 100.056 0
    endloop
  endfacet
  facet normal 0.609112 -0.793084 0
    outer loop
      vertex 158.881 99.7192 0
      vertex 159.15 99.9258 7.4
      vertex 158.881 99.7192 7.4
    endloop
  endfacet
  facet normal 0.609112 -0.793084 0
    outer loop
      vertex 159.15 99.9258 7.4
      vertex 158.881 99.7192 0
      vertex 159.15 99.9258 0
    endloop
  endfacet
  facet normal -0.991559 0.129654 0
    outer loop
      vertex 161.056 98.4635 0
      vertex 161.1 98.8 7.4
      vertex 161.1 98.8 0
    endloop
  endfacet
  facet normal -0.991559 0.129654 0
    outer loop
      vertex 161.1 98.8 7.4
      vertex 161.056 98.4635 0
      vertex 161.056 98.4635 7.4
    endloop
  endfacet
  facet normal 0.382274 0.924049 -0
    outer loop
      vertex 159.464 97.5443 0
      vertex 159.15 97.6742 7.4
      vertex 159.464 97.5443 7.4
    endloop
  endfacet
  facet normal 0.382274 0.924049 0
    outer loop
      vertex 159.15 97.6742 7.4
      vertex 159.464 97.5443 0
      vertex 159.15 97.6742 0
    endloop
  endfacet
  facet normal 0.792733 0.609568 0
    outer loop
      vertex 158.881 97.8808 7.4
      vertex 158.674 98.15 0
      vertex 158.674 98.15 7.4
    endloop
  endfacet
  facet normal 0.792733 0.609568 0
    outer loop
      vertex 158.674 98.15 0
      vertex 158.881 97.8808 7.4
      vertex 158.881 97.8808 0
    endloop
  endfacet
  facet normal -0.609112 0.793084 0
    outer loop
      vertex 160.719 97.8808 0
      vertex 160.45 97.6742 7.4
      vertex 160.719 97.8808 7.4
    endloop
  endfacet
  facet normal -0.609112 0.793084 0
    outer loop
      vertex 160.45 97.6742 7.4
      vertex 160.719 97.8808 0
      vertex 160.45 97.6742 0
    endloop
  endfacet
  facet normal 0.130714 0.99142 -0
    outer loop
      vertex 159.8 97.5 0
      vertex 159.464 97.5443 7.4
      vertex 159.8 97.5 7.4
    endloop
  endfacet
  facet normal 0.130714 0.99142 0
    outer loop
      vertex 159.464 97.5443 7.4
      vertex 159.8 97.5 0
      vertex 159.464 97.5443 0
    endloop
  endfacet
  facet normal 0.609112 0.793084 -0
    outer loop
      vertex 159.15 97.6742 0
      vertex 158.881 97.8808 7.4
      vertex 159.15 97.6742 7.4
    endloop
  endfacet
  facet normal 0.609112 0.793084 0
    outer loop
      vertex 158.881 97.8808 7.4
      vertex 159.15 97.6742 0
      vertex 158.881 97.8808 0
    endloop
  endfacet
  facet normal 0.923729 0.383046 0
    outer loop
      vertex 158.674 98.15 7.4
      vertex 158.544 98.4635 0
      vertex 158.544 98.4635 7.4
    endloop
  endfacet
  facet normal 0.923729 0.383046 0
    outer loop
      vertex 158.544 98.4635 0
      vertex 158.674 98.15 7.4
      vertex 158.674 98.15 0
    endloop
  endfacet
  facet normal 0.991559 0.129654 0
    outer loop
      vertex 158.544 98.4635 7.4
      vertex 158.5 98.8 0
      vertex 158.5 98.8 7.4
    endloop
  endfacet
  facet normal 0.991559 0.129654 0
    outer loop
      vertex 158.5 98.8 0
      vertex 158.544 98.4635 7.4
      vertex 158.544 98.4635 0
    endloop
  endfacet
  facet normal -0.792733 0.609568 0
    outer loop
      vertex 160.719 97.8808 0
      vertex 160.926 98.15 7.4
      vertex 160.926 98.15 0
    endloop
  endfacet
  facet normal -0.792733 0.609568 0
    outer loop
      vertex 160.926 98.15 7.4
      vertex 160.719 97.8808 0
      vertex 160.719 97.8808 7.4
    endloop
  endfacet
  facet normal -0.991445 -0.130523 0
    outer loop
      vertex 8.7 16.4 0
      vertex 8.6557 16.7365 7.4
      vertex 8.6557 16.7365 0
    endloop
  endfacet
  facet normal -0.991445 -0.130523 0
    outer loop
      vertex 8.6557 16.7365 7.4
      vertex 8.7 16.4 0
      vertex 8.7 16.4 7.4
    endloop
  endfacet
  facet normal 0.991445 -0.130523 0
    outer loop
      vertex 6.1 16.4 7.4
      vertex 6.1443 16.7365 0
      vertex 6.1443 16.7365 7.4
    endloop
  endfacet
  facet normal 0.991445 -0.130523 0
    outer loop
      vertex 6.1443 16.7365 0
      vertex 6.1 16.4 7.4
      vertex 6.1 16.4 0
    endloop
  endfacet
  facet normal 0.130535 -0.991444 0
    outer loop
      vertex 7.06353 17.6557 0
      vertex 7.4 17.7 7.4
      vertex 7.06353 17.6557 7.4
    endloop
  endfacet
  facet normal 0.130535 -0.991444 0
    outer loop
      vertex 7.4 17.7 7.4
      vertex 7.06353 17.6557 0
      vertex 7.4 17.7 0
    endloop
  endfacet
  facet normal -0.130538 0.991443 0
    outer loop
      vertex 7.73646 15.1443 0
      vertex 7.4 15.1 7.4
      vertex 7.73646 15.1443 7.4
    endloop
  endfacet
  facet normal -0.130538 0.991443 0
    outer loop
      vertex 7.4 15.1 7.4
      vertex 7.73646 15.1443 0
      vertex 7.4 15.1 0
    endloop
  endfacet
  facet normal -0.608606 -0.793472 -0
    outer loop
      vertex 8.05 17.5258 2.4
      vertex 8.05 17.5258 0
      vertex 8.15769 17.4432 2.4
    endloop
  endfacet
  facet normal -0.60888 -0.793262 0
    outer loop
      vertex 8.15769 17.4432 2.4
      vertex 8.31924 17.3192 7.4
      vertex 8.15769 17.4432 7.4
    endloop
  endfacet
  facet normal -0.60888 -0.793262 0
    outer loop
      vertex 8.15769 17.4432 2.4
      vertex 8.31924 17.3192 0
      vertex 8.31924 17.3192 7.4
    endloop
  endfacet
  facet normal -0.60877 -0.793346 1.17005e-05
    outer loop
      vertex 8.31924 17.3192 0
      vertex 8.15769 17.4432 2.4
      vertex 8.05 17.5258 0
    endloop
  endfacet
  facet normal -0.382574 -0.923925 0
    outer loop
      vertex 7.73646 17.6557 7.4
      vertex 7.92459 17.5778 2.4
      vertex 7.92459 17.5778 7.4
    endloop
  endfacet
  facet normal -0.382574 -0.923925 0
    outer loop
      vertex 7.73646 17.6557 0
      vertex 7.92459 17.5778 2.4
      vertex 7.73646 17.6557 7.4
    endloop
  endfacet
  facet normal -0.382753 -0.923851 1.63544e-05
    outer loop
      vertex 8.05 17.5258 0
      vertex 7.92459 17.5778 2.4
      vertex 7.73646 17.6557 0
    endloop
  endfacet
  facet normal -0.38302 -0.92374 0
    outer loop
      vertex 7.92459 17.5778 2.4
      vertex 8.05 17.5258 0
      vertex 8.05 17.5258 2.4
    endloop
  endfacet
  facet normal 0.60877 -0.793346 0
    outer loop
      vertex 6.48076 17.3192 0
      vertex 6.75 17.5258 7.4
      vertex 6.48076 17.3192 7.4
    endloop
  endfacet
  facet normal 0.60877 -0.793346 0
    outer loop
      vertex 6.75 17.5258 7.4
      vertex 6.48076 17.3192 0
      vertex 6.75 17.5258 0
    endloop
  endfacet
  facet normal 0.382763 -0.923847 0
    outer loop
      vertex 6.75 17.5258 0
      vertex 7.06353 17.6557 7.4
      vertex 6.75 17.5258 7.4
    endloop
  endfacet
  facet normal 0.382763 -0.923847 0
    outer loop
      vertex 7.06353 17.6557 7.4
      vertex 6.75 17.5258 0
      vertex 7.06353 17.6557 0
    endloop
  endfacet
  facet normal -0.79329 -0.608844 0
    outer loop
      vertex 8.31924 17.3192 0
      vertex 8.44319 17.1577 2.4
      vertex 8.31924 17.3192 7.4
    endloop
  endfacet
  facet normal -0.793317 -0.608809 3.75121e-06
    outer loop
      vertex 8.52583 17.05 0
      vertex 8.44319 17.1577 2.4
      vertex 8.31924 17.3192 0
    endloop
  endfacet
  facet normal -0.793357 -0.608756 0
    outer loop
      vertex 8.44319 17.1577 2.4
      vertex 8.52583 17.05 0
      vertex 8.52583 17.05 2.4
    endloop
  endfacet
  facet normal -0.79329 -0.608844 0
    outer loop
      vertex 8.31924 17.3192 7.4
      vertex 8.44319 17.1577 2.4
      vertex 8.44319 17.1577 7.4
    endloop
  endfacet
  facet normal -0.92386 -0.382731 0
    outer loop
      vertex 8.52583 17.05 0
      vertex 8.57778 16.9246 2.4
      vertex 8.52583 17.05 2.4
    endloop
  endfacet
  facet normal -0.923865 -0.382719 7.69887e-07
    outer loop
      vertex 8.6557 16.7365 0
      vertex 8.57778 16.9246 2.4
      vertex 8.52583 17.05 0
    endloop
  endfacet
  facet normal -0.923868 -0.38271 -0
    outer loop
      vertex 8.6557 16.7365 7.4
      vertex 8.57778 16.9246 2.4
      vertex 8.6557 16.7365 0
    endloop
  endfacet
  facet normal -0.923868 -0.38271 0
    outer loop
      vertex 8.57778 16.9246 2.4
      vertex 8.6557 16.7365 7.4
      vertex 8.57778 16.9246 7.4
    endloop
  endfacet
  facet normal -0.130538 -0.991443 0
    outer loop
      vertex 7.4 17.7 0
      vertex 7.73646 17.6557 7.4
      vertex 7.4 17.7 7.4
    endloop
  endfacet
  facet normal -0.130538 -0.991443 -0
    outer loop
      vertex 7.73646 17.6557 7.4
      vertex 7.4 17.7 0
      vertex 7.73646 17.6557 0
    endloop
  endfacet
  facet normal 0.793317 -0.608809 0
    outer loop
      vertex 6.27417 17.05 7.4
      vertex 6.48076 17.3192 0
      vertex 6.48076 17.3192 7.4
    endloop
  endfacet
  facet normal 0.793317 -0.608809 0
    outer loop
      vertex 6.48076 17.3192 0
      vertex 6.27417 17.05 7.4
      vertex 6.27417 17.05 0
    endloop
  endfacet
  facet normal 0.923865 -0.382719 0
    outer loop
      vertex 6.1443 16.7365 7.4
      vertex 6.27417 17.05 0
      vertex 6.27417 17.05 7.4
    endloop
  endfacet
  facet normal 0.923865 -0.382719 0
    outer loop
      vertex 6.27417 17.05 0
      vertex 6.1443 16.7365 7.4
      vertex 6.1443 16.7365 0
    endloop
  endfacet
  facet normal -0.793317 0.608809 0
    outer loop
      vertex 8.31924 15.4808 0
      vertex 8.52583 15.75 7.4
      vertex 8.52583 15.75 0
    endloop
  endfacet
  facet normal -0.793317 0.608809 0
    outer loop
      vertex 8.52583 15.75 7.4
      vertex 8.31924 15.4808 0
      vertex 8.31924 15.4808 7.4
    endloop
  endfacet
  facet normal -0.923865 0.382719 0
    outer loop
      vertex 8.52583 15.75 0
      vertex 8.6557 16.0635 7.4
      vertex 8.6557 16.0635 0
    endloop
  endfacet
  facet normal -0.923865 0.382719 0
    outer loop
      vertex 8.6557 16.0635 7.4
      vertex 8.52583 15.75 0
      vertex 8.52583 15.75 7.4
    endloop
  endfacet
  facet normal 0.382763 0.923847 -0
    outer loop
      vertex 7.06353 15.1443 0
      vertex 6.75 15.2742 7.4
      vertex 7.06353 15.1443 7.4
    endloop
  endfacet
  facet normal 0.382763 0.923847 0
    outer loop
      vertex 6.75 15.2742 7.4
      vertex 7.06353 15.1443 0
      vertex 6.75 15.2742 0
    endloop
  endfacet
  facet normal 0.793317 0.608809 0
    outer loop
      vertex 6.48076 15.4808 7.4
      vertex 6.27417 15.75 0
      vertex 6.27417 15.75 7.4
    endloop
  endfacet
  facet normal 0.793317 0.608809 0
    outer loop
      vertex 6.27417 15.75 0
      vertex 6.48076 15.4808 7.4
      vertex 6.48076 15.4808 0
    endloop
  endfacet
  facet normal -0.991445 0.130523 0
    outer loop
      vertex 8.6557 16.0635 0
      vertex 8.7 16.4 7.4
      vertex 8.7 16.4 0
    endloop
  endfacet
  facet normal -0.991445 0.130523 0
    outer loop
      vertex 8.7 16.4 7.4
      vertex 8.6557 16.0635 0
      vertex 8.6557 16.0635 7.4
    endloop
  endfacet
  facet normal 0.130535 0.991444 -0
    outer loop
      vertex 7.4 15.1 0
      vertex 7.06353 15.1443 7.4
      vertex 7.4 15.1 7.4
    endloop
  endfacet
  facet normal 0.130535 0.991444 0
    outer loop
      vertex 7.06353 15.1443 7.4
      vertex 7.4 15.1 0
      vertex 7.06353 15.1443 0
    endloop
  endfacet
  facet normal 0.60877 0.793346 -0
    outer loop
      vertex 6.75 15.2742 0
      vertex 6.48076 15.4808 7.4
      vertex 6.75 15.2742 7.4
    endloop
  endfacet
  facet normal 0.60877 0.793346 0
    outer loop
      vertex 6.48076 15.4808 7.4
      vertex 6.75 15.2742 0
      vertex 6.48076 15.4808 0
    endloop
  endfacet
  facet normal 0.923865 0.382719 0
    outer loop
      vertex 6.27417 15.75 7.4
      vertex 6.1443 16.0635 0
      vertex 6.1443 16.0635 7.4
    endloop
  endfacet
  facet normal 0.923865 0.382719 0
    outer loop
      vertex 6.1443 16.0635 0
      vertex 6.27417 15.75 7.4
      vertex 6.27417 15.75 0
    endloop
  endfacet
  facet normal 0.991445 0.130523 0
    outer loop
      vertex 6.1443 16.0635 7.4
      vertex 6.1 16.4 0
      vertex 6.1 16.4 7.4
    endloop
  endfacet
  facet normal 0.991445 0.130523 0
    outer loop
      vertex 6.1 16.4 0
      vertex 6.1443 16.0635 7.4
      vertex 6.1443 16.0635 0
    endloop
  endfacet
  facet normal -0.60877 0.793346 0
    outer loop
      vertex 8.31924 15.4808 0
      vertex 8.05 15.2742 7.4
      vertex 8.31924 15.4808 7.4
    endloop
  endfacet
  facet normal -0.60877 0.793346 0
    outer loop
      vertex 8.05 15.2742 7.4
      vertex 8.31924 15.4808 0
      vertex 8.05 15.2742 0
    endloop
  endfacet
  facet normal -0.382753 0.923851 0
    outer loop
      vertex 8.05 15.2742 0
      vertex 7.73646 15.1443 7.4
      vertex 8.05 15.2742 7.4
    endloop
  endfacet
  facet normal -0.382753 0.923851 0
    outer loop
      vertex 7.73646 15.1443 7.4
      vertex 8.05 15.2742 0
      vertex 7.73646 15.1443 0
    endloop
  endfacet
  facet normal -0.991445 -0.130523 0
    outer loop
      vertex 84.9 16.4 0
      vertex 84.8557 16.7365 7.4
      vertex 84.8557 16.7365 0
    endloop
  endfacet
  facet normal -0.991445 -0.130523 0
    outer loop
      vertex 84.8557 16.7365 7.4
      vertex 84.9 16.4 0
      vertex 84.9 16.4 7.4
    endloop
  endfacet
  facet normal 0.991445 -0.130523 0
    outer loop
      vertex 82.3 16.4 7.4
      vertex 82.3443 16.7365 0
      vertex 82.3443 16.7365 7.4
    endloop
  endfacet
  facet normal 0.991445 -0.130523 0
    outer loop
      vertex 82.3443 16.7365 0
      vertex 82.3 16.4 7.4
      vertex 82.3 16.4 0
    endloop
  endfacet
  facet normal 0.130523 -0.991445 0
    outer loop
      vertex 83.2635 17.6557 0
      vertex 83.6 17.7 7.4
      vertex 83.2635 17.6557 7.4
    endloop
  endfacet
  facet normal 0.130523 -0.991445 0
    outer loop
      vertex 83.6 17.7 7.4
      vertex 83.2635 17.6557 0
      vertex 83.6 17.7 0
    endloop
  endfacet
  facet normal -0.130523 0.991445 0
    outer loop
      vertex 83.9365 15.1443 0
      vertex 83.6 15.1 7.4
      vertex 83.9365 15.1443 7.4
    endloop
  endfacet
  facet normal -0.130523 0.991445 0
    outer loop
      vertex 83.6 15.1 7.4
      vertex 83.9365 15.1443 0
      vertex 83.6 15.1 0
    endloop
  endfacet
  facet normal -0.382794 0.923834 0
    outer loop
      vertex 84.25 15.2742 0
      vertex 83.9365 15.1443 7.4
      vertex 84.25 15.2742 7.4
    endloop
  endfacet
  facet normal -0.382794 0.923834 0
    outer loop
      vertex 83.9365 15.1443 7.4
      vertex 84.25 15.2742 0
      vertex 83.9365 15.1443 0
    endloop
  endfacet
  facet normal -0.607568 -0.794268 -0
    outer loop
      vertex 84.25 17.5258 2.4
      vertex 84.25 17.5258 0
      vertex 84.2751 17.5066 2.4
    endloop
  endfacet
  facet normal -0.608957 -0.793203 0
    outer loop
      vertex 84.2751 17.5066 2.4
      vertex 84.5192 17.3192 7.4
      vertex 84.2751 17.5066 7.4
    endloop
  endfacet
  facet normal -0.608827 -0.793303 2.08984e-05
    outer loop
      vertex 84.5192 17.3192 0
      vertex 84.2751 17.5066 2.4
      vertex 84.25 17.5258 0
    endloop
  endfacet
  facet normal -0.608957 -0.793203 0
    outer loop
      vertex 84.2751 17.5066 2.4
      vertex 84.5192 17.3192 0
      vertex 84.5192 17.3192 7.4
    endloop
  endfacet
  facet normal -0.382646 -0.923895 0
    outer loop
      vertex 83.9365 17.6557 7.4
      vertex 84.1765 17.5563 2.4
      vertex 84.1765 17.5563 7.4
    endloop
  endfacet
  facet normal -0.382646 -0.923895 0
    outer loop
      vertex 83.9365 17.6557 0
      vertex 84.1765 17.5563 2.4
      vertex 83.9365 17.6557 7.4
    endloop
  endfacet
  facet normal -0.382794 -0.923834 1.73127e-05
    outer loop
      vertex 84.25 17.5258 0
      vertex 84.1765 17.5563 2.4
      vertex 83.9365 17.6557 0
    endloop
  endfacet
  facet normal -0.383277 -0.923634 0
    outer loop
      vertex 84.1765 17.5563 2.4
      vertex 84.25 17.5258 0
      vertex 84.25 17.5258 2.4
    endloop
  endfacet
  facet normal 0.608827 -0.793303 0
    outer loop
      vertex 82.6808 17.3192 0
      vertex 82.95 17.5258 7.4
      vertex 82.6808 17.3192 7.4
    endloop
  endfacet
  facet normal 0.608827 -0.793303 0
    outer loop
      vertex 82.95 17.5258 7.4
      vertex 82.6808 17.3192 0
      vertex 82.95 17.5258 0
    endloop
  endfacet
  facet normal 0.382271 -0.92405 0
    outer loop
      vertex 82.95 17.5258 2.4
      vertex 82.95 17.5258 0
      vertex 82.9836 17.5397 2.4
    endloop
  endfacet
  facet normal 0.382857 -0.923808 0
    outer loop
      vertex 82.9836 17.5397 2.4
      vertex 83.2635 17.6557 7.4
      vertex 82.9836 17.5397 7.4
    endloop
  endfacet
  facet normal 0.382794 -0.923834 -8.58266e-06
    outer loop
      vertex 83.2635 17.6557 0
      vertex 82.9836 17.5397 2.4
      vertex 82.95 17.5258 0
    endloop
  endfacet
  facet normal 0.382857 -0.923808 0
    outer loop
      vertex 82.9836 17.5397 2.4
      vertex 83.2635 17.6557 0
      vertex 83.2635 17.6557 7.4
    endloop
  endfacet
  facet normal -0 0 0
    outer loop
      vertex 82.95 17.5258 2.4
      vertex 82.95 17.5258 7.4
      vertex 82.95 17.5258 0
    endloop
  endfacet
  facet normal -0.923834 0.382794 0
    outer loop
      vertex 84.7258 15.75 0
      vertex 84.8557 16.0635 7.4
      vertex 84.8557 16.0635 0
    endloop
  endfacet
  facet normal -0.923834 0.382794 0
    outer loop
      vertex 84.8557 16.0635 7.4
      vertex 84.7258 15.75 0
      vertex 84.7258 15.75 7.4
    endloop
  endfacet
  facet normal -0.793303 -0.608827 0
    outer loop
      vertex 84.7258 17.05 0
      vertex 84.5192 17.3192 7.4
      vertex 84.5192 17.3192 0
    endloop
  endfacet
  facet normal -0.793303 -0.608827 0
    outer loop
      vertex 84.5192 17.3192 7.4
      vertex 84.7258 17.05 0
      vertex 84.7258 17.05 7.4
    endloop
  endfacet
  facet normal -0.923834 -0.382794 0
    outer loop
      vertex 84.8557 16.7365 0
      vertex 84.7258 17.05 7.4
      vertex 84.7258 17.05 0
    endloop
  endfacet
  facet normal -0.923834 -0.382794 0
    outer loop
      vertex 84.7258 17.05 7.4
      vertex 84.8557 16.7365 0
      vertex 84.8557 16.7365 7.4
    endloop
  endfacet
  facet normal -0.130523 -0.991445 0
    outer loop
      vertex 83.6 17.7 0
      vertex 83.9365 17.6557 7.4
      vertex 83.6 17.7 7.4
    endloop
  endfacet
  facet normal -0.130523 -0.991445 -0
    outer loop
      vertex 83.9365 17.6557 7.4
      vertex 83.6 17.7 0
      vertex 83.9365 17.6557 0
    endloop
  endfacet
  facet normal 0.793303 -0.608827 0
    outer loop
      vertex 82.4742 17.05 7.4
      vertex 82.6808 17.3192 0
      vertex 82.6808 17.3192 7.4
    endloop
  endfacet
  facet normal 0.793303 -0.608827 0
    outer loop
      vertex 82.6808 17.3192 0
      vertex 82.4742 17.05 7.4
      vertex 82.4742 17.05 0
    endloop
  endfacet
  facet normal 0.923834 -0.382794 0
    outer loop
      vertex 82.3443 16.7365 7.4
      vertex 82.4742 17.05 0
      vertex 82.4742 17.05 7.4
    endloop
  endfacet
  facet normal 0.923834 -0.382794 0
    outer loop
      vertex 82.4742 17.05 0
      vertex 82.3443 16.7365 7.4
      vertex 82.3443 16.7365 0
    endloop
  endfacet
  facet normal -0.991445 0.130523 0
    outer loop
      vertex 84.8557 16.0635 0
      vertex 84.9 16.4 7.4
      vertex 84.9 16.4 0
    endloop
  endfacet
  facet normal -0.991445 0.130523 0
    outer loop
      vertex 84.9 16.4 7.4
      vertex 84.8557 16.0635 0
      vertex 84.8557 16.0635 7.4
    endloop
  endfacet
  facet normal 0.608827 0.793303 -0
    outer loop
      vertex 82.95 15.2742 0
      vertex 82.6808 15.4808 7.4
      vertex 82.95 15.2742 7.4
    endloop
  endfacet
  facet normal 0.608827 0.793303 0
    outer loop
      vertex 82.6808 15.4808 7.4
      vertex 82.95 15.2742 0
      vertex 82.6808 15.4808 0
    endloop
  endfacet
  facet normal 0.923834 0.382794 0
    outer loop
      vertex 82.4742 15.75 7.4
      vertex 82.3443 16.0635 0
      vertex 82.3443 16.0635 7.4
    endloop
  endfacet
  facet normal 0.923834 0.382794 0
    outer loop
      vertex 82.3443 16.0635 0
      vertex 82.4742 15.75 7.4
      vertex 82.4742 15.75 0
    endloop
  endfacet
  facet normal 0.991445 0.130523 0
    outer loop
      vertex 82.3443 16.0635 7.4
      vertex 82.3 16.4 0
      vertex 82.3 16.4 7.4
    endloop
  endfacet
  facet normal 0.991445 0.130523 0
    outer loop
      vertex 82.3 16.4 0
      vertex 82.3443 16.0635 7.4
      vertex 82.3443 16.0635 0
    endloop
  endfacet
  facet normal 0.793303 0.608827 0
    outer loop
      vertex 82.6808 15.4808 7.4
      vertex 82.4742 15.75 0
      vertex 82.4742 15.75 7.4
    endloop
  endfacet
  facet normal 0.793303 0.608827 0
    outer loop
      vertex 82.4742 15.75 0
      vertex 82.6808 15.4808 7.4
      vertex 82.6808 15.4808 0
    endloop
  endfacet
  facet normal -0.608827 0.793303 0
    outer loop
      vertex 84.5192 15.4808 0
      vertex 84.25 15.2742 7.4
      vertex 84.5192 15.4808 7.4
    endloop
  endfacet
  facet normal -0.608827 0.793303 0
    outer loop
      vertex 84.25 15.2742 7.4
      vertex 84.5192 15.4808 0
      vertex 84.25 15.2742 0
    endloop
  endfacet
  facet normal 0.130523 0.991445 -0
    outer loop
      vertex 83.6 15.1 0
      vertex 83.2635 15.1443 7.4
      vertex 83.6 15.1 7.4
    endloop
  endfacet
  facet normal 0.130523 0.991445 0
    outer loop
      vertex 83.2635 15.1443 7.4
      vertex 83.6 15.1 0
      vertex 83.2635 15.1443 0
    endloop
  endfacet
  facet normal 0.382794 0.923834 -0
    outer loop
      vertex 83.2635 15.1443 0
      vertex 82.95 15.2742 7.4
      vertex 83.2635 15.1443 7.4
    endloop
  endfacet
  facet normal 0.382794 0.923834 0
    outer loop
      vertex 82.95 15.2742 7.4
      vertex 83.2635 15.1443 0
      vertex 82.95 15.2742 0
    endloop
  endfacet
  facet normal -0.793303 0.608827 0
    outer loop
      vertex 84.5192 15.4808 0
      vertex 84.7258 15.75 7.4
      vertex 84.7258 15.75 0
    endloop
  endfacet
  facet normal -0.793303 0.608827 0
    outer loop
      vertex 84.7258 15.75 7.4
      vertex 84.5192 15.4808 0
      vertex 84.5192 15.4808 7.4
    endloop
  endfacet
  facet normal -0.991559 -0.129654 0
    outer loop
      vertex 161.1 16.4 0
      vertex 161.056 16.7365 7.4
      vertex 161.056 16.7365 0
    endloop
  endfacet
  facet normal -0.991559 -0.129654 0
    outer loop
      vertex 161.056 16.7365 7.4
      vertex 161.1 16.4 0
      vertex 161.1 16.4 7.4
    endloop
  endfacet
  facet normal 0.991559 -0.129654 0
    outer loop
      vertex 158.5 16.4 7.4
      vertex 158.544 16.7365 0
      vertex 158.544 16.7365 7.4
    endloop
  endfacet
  facet normal 0.991559 -0.129654 0
    outer loop
      vertex 158.544 16.7365 0
      vertex 158.5 16.4 7.4
      vertex 158.5 16.4 0
    endloop
  endfacet
  facet normal 0.130714 -0.99142 0
    outer loop
      vertex 159.464 17.6557 0
      vertex 159.8 17.7 7.4
      vertex 159.464 17.6557 7.4
    endloop
  endfacet
  facet normal 0.130714 -0.99142 0
    outer loop
      vertex 159.8 17.7 7.4
      vertex 159.464 17.6557 0
      vertex 159.8 17.7 0
    endloop
  endfacet
  facet normal -0.130714 0.99142 0
    outer loop
      vertex 160.136 15.1443 0
      vertex 159.8 15.1 7.4
      vertex 160.136 15.1443 7.4
    endloop
  endfacet
  facet normal -0.130714 0.99142 0
    outer loop
      vertex 159.8 15.1 7.4
      vertex 160.136 15.1443 0
      vertex 159.8 15.1 0
    endloop
  endfacet
  facet normal -0.382274 0.924049 0
    outer loop
      vertex 160.45 15.2742 0
      vertex 160.136 15.1443 7.4
      vertex 160.45 15.2742 7.4
    endloop
  endfacet
  facet normal -0.382274 0.924049 0
    outer loop
      vertex 160.136 15.1443 7.4
      vertex 160.45 15.2742 0
      vertex 160.136 15.1443 0
    endloop
  endfacet
  facet normal -0.610696 -0.791865 -0
    outer loop
      vertex 160.45 17.5258 2.4
      vertex 160.45 17.5258 0
      vertex 160.516 17.4749 2.4
    endloop
  endfacet
  facet normal -0.608596 -0.793481 0
    outer loop
      vertex 160.516 17.4749 2.4
      vertex 160.719 17.3192 7.4
      vertex 160.516 17.4749 7.4
    endloop
  endfacet
  facet normal -0.609112 -0.793084 -6.94071e-05
    outer loop
      vertex 160.719 17.3192 0
      vertex 160.516 17.4749 2.4
      vertex 160.45 17.5258 0
    endloop
  endfacet
  facet normal -0.608596 -0.793481 0
    outer loop
      vertex 160.516 17.4749 2.4
      vertex 160.719 17.3192 0
      vertex 160.719 17.3192 7.4
    endloop
  endfacet
  facet normal -0.381377 -0.92442 0
    outer loop
      vertex 160.136 17.6557 7.4
      vertex 160.351 17.567 2.4
      vertex 160.351 17.567 7.4
    endloop
  endfacet
  facet normal -0.381377 -0.92442 0
    outer loop
      vertex 160.136 17.6557 0
      vertex 160.351 17.567 2.4
      vertex 160.136 17.6557 7.4
    endloop
  endfacet
  facet normal -0.382274 -0.924049 9.4048e-05
    outer loop
      vertex 160.45 17.5258 0
      vertex 160.351 17.567 2.4
      vertex 160.136 17.6557 0
    endloop
  endfacet
  facet normal -0.384218 -0.923242 0
    outer loop
      vertex 160.351 17.567 2.4
      vertex 160.45 17.5258 0
      vertex 160.45 17.5258 2.4
    endloop
  endfacet
  facet normal 0.609112 -0.793084 0
    outer loop
      vertex 158.881 17.3192 0
      vertex 159.15 17.5258 7.4
      vertex 158.881 17.3192 7.4
    endloop
  endfacet
  facet normal 0.609112 -0.793084 0
    outer loop
      vertex 159.15 17.5258 7.4
      vertex 158.881 17.3192 0
      vertex 159.15 17.5258 0
    endloop
  endfacet
  facet normal 0.792733 -0.609568 0
    outer loop
      vertex 158.674 17.05 7.4
      vertex 158.881 17.3192 0
      vertex 158.881 17.3192 7.4
    endloop
  endfacet
  facet normal 0.792733 -0.609568 0
    outer loop
      vertex 158.881 17.3192 0
      vertex 158.674 17.05 7.4
      vertex 158.674 17.05 0
    endloop
  endfacet
  facet normal 0.387232 -0.921982 0
    outer loop
      vertex 159.15 17.5258 2.4
      vertex 159.15 17.5258 0
      vertex 159.165 17.5321 2.4
    endloop
  endfacet
  facet normal 0.382024 -0.924152 0
    outer loop
      vertex 159.165 17.5321 2.4
      vertex 159.464 17.6557 7.4
      vertex 159.165 17.5321 7.4
    endloop
  endfacet
  facet normal 0.382274 -0.924049 3.64175e-05
    outer loop
      vertex 159.464 17.6557 0
      vertex 159.165 17.5321 2.4
      vertex 159.15 17.5258 0
    endloop
  endfacet
  facet normal 0.382024 -0.924152 0
    outer loop
      vertex 159.165 17.5321 2.4
      vertex 159.464 17.6557 0
      vertex 159.464 17.6557 7.4
    endloop
  endfacet
  facet normal 0 0 0
    outer loop
      vertex 159.15 17.5258 0
      vertex 159.15 17.5258 2.4
      vertex 159.15 17.5258 7.4
    endloop
  endfacet
  facet normal -0.923729 0.383046 0
    outer loop
      vertex 160.926 15.75 0
      vertex 161.056 16.0635 7.4
      vertex 161.056 16.0635 0
    endloop
  endfacet
  facet normal -0.923729 0.383046 0
    outer loop
      vertex 161.056 16.0635 7.4
      vertex 160.926 15.75 0
      vertex 160.926 15.75 7.4
    endloop
  endfacet
  facet normal -0.793006 -0.609214 0
    outer loop
      vertex 160.719 17.3192 0
      vertex 160.897 17.0875 2.4
      vertex 160.719 17.3192 7.4
    endloop
  endfacet
  facet normal -0.792733 -0.609568 -5.43556e-05
    outer loop
      vertex 160.926 17.05 0
      vertex 160.897 17.0875 2.4
      vertex 160.719 17.3192 0
    endloop
  endfacet
  facet normal -0.791053 -0.611748 0
    outer loop
      vertex 160.897 17.0875 2.4
      vertex 160.926 17.05 0
      vertex 160.926 17.05 2.4
    endloop
  endfacet
  facet normal -0.793006 -0.609214 0
    outer loop
      vertex 160.719 17.3192 7.4
      vertex 160.897 17.0875 2.4
      vertex 160.897 17.0875 7.4
    endloop
  endfacet
  facet normal 0 0 0
    outer loop
      vertex 160.926 17.05 7.4
      vertex 160.926 17.05 2.4
      vertex 160.926 17.05 0
    endloop
  endfacet
  facet normal -0.923729 -0.383046 0
    outer loop
      vertex 161.056 16.7365 0
      vertex 160.926 17.05 7.4
      vertex 160.926 17.05 0
    endloop
  endfacet
  facet normal -0.923729 -0.383046 0
    outer loop
      vertex 160.926 17.05 7.4
      vertex 161.056 16.7365 0
      vertex 161.056 16.7365 7.4
    endloop
  endfacet
  facet normal -0.130714 -0.99142 0
    outer loop
      vertex 159.8 17.7 0
      vertex 160.136 17.6557 7.4
      vertex 159.8 17.7 7.4
    endloop
  endfacet
  facet normal -0.130714 -0.99142 -0
    outer loop
      vertex 160.136 17.6557 7.4
      vertex 159.8 17.7 0
      vertex 160.136 17.6557 0
    endloop
  endfacet
  facet normal 0.923729 -0.383046 0
    outer loop
      vertex 158.544 16.7365 7.4
      vertex 158.674 17.05 0
      vertex 158.674 17.05 7.4
    endloop
  endfacet
  facet normal 0.923729 -0.383046 0
    outer loop
      vertex 158.674 17.05 0
      vertex 158.544 16.7365 7.4
      vertex 158.544 16.7365 0
    endloop
  endfacet
  facet normal -0.991559 0.129654 0
    outer loop
      vertex 161.056 16.0635 0
      vertex 161.1 16.4 7.4
      vertex 161.1 16.4 0
    endloop
  endfacet
  facet normal -0.991559 0.129654 0
    outer loop
      vertex 161.1 16.4 7.4
      vertex 161.056 16.0635 0
      vertex 161.056 16.0635 7.4
    endloop
  endfacet
  facet normal 0.382274 0.924049 -0
    outer loop
      vertex 159.464 15.1443 0
      vertex 159.15 15.2742 7.4
      vertex 159.464 15.1443 7.4
    endloop
  endfacet
  facet normal 0.382274 0.924049 0
    outer loop
      vertex 159.15 15.2742 7.4
      vertex 159.464 15.1443 0
      vertex 159.15 15.2742 0
    endloop
  endfacet
  facet normal 0.792733 0.609568 0
    outer loop
      vertex 158.881 15.4808 7.4
      vertex 158.674 15.75 0
      vertex 158.674 15.75 7.4
    endloop
  endfacet
  facet normal 0.792733 0.609568 0
    outer loop
      vertex 158.674 15.75 0
      vertex 158.881 15.4808 7.4
      vertex 158.881 15.4808 0
    endloop
  endfacet
  facet normal -0.609112 0.793084 0
    outer loop
      vertex 160.719 15.4808 0
      vertex 160.45 15.2742 7.4
      vertex 160.719 15.4808 7.4
    endloop
  endfacet
  facet normal -0.609112 0.793084 0
    outer loop
      vertex 160.45 15.2742 7.4
      vertex 160.719 15.4808 0
      vertex 160.45 15.2742 0
    endloop
  endfacet
  facet normal 0.130714 0.99142 -0
    outer loop
      vertex 159.8 15.1 0
      vertex 159.464 15.1443 7.4
      vertex 159.8 15.1 7.4
    endloop
  endfacet
  facet normal 0.130714 0.99142 0
    outer loop
      vertex 159.464 15.1443 7.4
      vertex 159.8 15.1 0
      vertex 159.464 15.1443 0
    endloop
  endfacet
  facet normal 0.609112 0.793084 -0
    outer loop
      vertex 159.15 15.2742 0
      vertex 158.881 15.4808 7.4
      vertex 159.15 15.2742 7.4
    endloop
  endfacet
  facet normal 0.609112 0.793084 0
    outer loop
      vertex 158.881 15.4808 7.4
      vertex 159.15 15.2742 0
      vertex 158.881 15.4808 0
    endloop
  endfacet
  facet normal 0.923729 0.383046 0
    outer loop
      vertex 158.674 15.75 7.4
      vertex 158.544 16.0635 0
      vertex 158.544 16.0635 7.4
    endloop
  endfacet
  facet normal 0.923729 0.383046 0
    outer loop
      vertex 158.544 16.0635 0
      vertex 158.674 15.75 7.4
      vertex 158.674 15.75 0
    endloop
  endfacet
  facet normal 0.991559 0.129654 0
    outer loop
      vertex 158.544 16.0635 7.4
      vertex 158.5 16.4 0
      vertex 158.5 16.4 7.4
    endloop
  endfacet
  facet normal 0.991559 0.129654 0
    outer loop
      vertex 158.5 16.4 0
      vertex 158.544 16.0635 7.4
      vertex 158.544 16.0635 0
    endloop
  endfacet
  facet normal -0.792733 0.609568 0
    outer loop
      vertex 160.719 15.4808 0
      vertex 160.926 15.75 7.4
      vertex 160.926 15.75 0
    endloop
  endfacet
  facet normal -0.792733 0.609568 0
    outer loop
      vertex 160.926 15.75 7.4
      vertex 160.719 15.4808 0
      vertex 160.719 15.4808 7.4
    endloop
  endfacet
endsolid OpenSCAD_Model
