solid OpenSCAD_Model
  facet normal 0 0 -1
    outer loop
      vertex 78 0 0
      vertex 2.7 2.7 0
      vertex 78 2.7 0
    endloop
  endfacet
  facet normal -0 0 -1
    outer loop
      vertex 2.7 2.7 0
      vertex 0 0 0
      vertex 2.7 93.3 0
    endloop
  endfacet
  facet normal 0 0 -1
    outer loop
      vertex 0 0 0
      vertex 2.7 2.7 0
      vertex 78 0 0
    endloop
  endfacet
  facet normal 0 0 -1
    outer loop
      vertex 163.3 93.3 0
      vertex 166 28.5522 0
      vertex 165.167 29.236 0
    endloop
  endfacet
  facet normal 0 0 -1
    outer loop
      vertex 163.3 93.3 0
      vertex 165.167 29.236 0
      vertex 163.87 29.9291 0
    endloop
  endfacet
  facet normal 0 0 -1
    outer loop
      vertex 163.3 93.3 0
      vertex 163.87 29.9291 0
      vertex 163.3 30.102 0
    endloop
  endfacet
  facet normal 0 0 -1
    outer loop
      vertex 166 28.5522 0
      vertex 163.3 93.3 0
      vertex 166 96 0
    endloop
  endfacet
  facet normal 0 0 -1
    outer loop
      vertex 2.7 93.3 0
      vertex 166 96 0
      vertex 163.3 93.3 0
    endloop
  endfacet
  facet normal 0 0 -1
    outer loop
      vertex 2.7 93.3 0
      vertex 0 96 0
      vertex 166 96 0
    endloop
  endfacet
  facet normal 0 0 -1
    outer loop
      vertex 0 96 0
      vertex 2.7 93.3 0
      vertex 0 0 0
    endloop
  endfacet
  facet normal 0 0 -1
    outer loop
      vertex 166 0 0
      vertex 163.3 2.7 0
      vertex 166 6 0
    endloop
  endfacet
  facet normal 0 0 -1
    outer loop
      vertex 166 0 0
      vertex 158 2 0
      vertex 163.3 2.7 0
    endloop
  endfacet
  facet normal 0 0 -1
    outer loop
      vertex 140 0 0
      vertex 158 2 0
      vertex 166 0 0
    endloop
  endfacet
  facet normal -0 0 -1
    outer loop
      vertex 158 2 0
      vertex 140 0 0
      vertex 140 2 0
    endloop
  endfacet
  facet normal -0 0 -1
    outer loop
      vertex 166 6 0
      vertex 163.3 2.7 0
      vertex 163.3 6 0
    endloop
  endfacet
  facet normal -0 0 -1
    outer loop
      vertex 163.3 2.7 0
      vertex 158 2 0
      vertex 158 2.7 0
    endloop
  endfacet
  facet normal 0 0 -1
    outer loop
      vertex 6.60208 6.60208 0
      vertex 16 19 0
      vertex 6.87224 6.25 0
    endloop
  endfacet
  facet normal 0 0 -1
    outer loop
      vertex 16 77 0
      vertex 7.04207 90.16 0
      vertex 7.1 90.6 0
    endloop
  endfacet
  facet normal 0 0 -1
    outer loop
      vertex 6.25 6.87224 0
      vertex 16 19 0
      vertex 6.60208 6.60208 0
    endloop
  endfacet
  facet normal 0 0 -1
    outer loop
      vertex 16 77 0
      vertex 6.87224 89.75 0
      vertex 7.04207 90.16 0
    endloop
  endfacet
  facet normal 0 0 -1
    outer loop
      vertex 5.83999 7.04207 0
      vertex 16 19 0
      vertex 6.25 6.87224 0
    endloop
  endfacet
  facet normal 0 0 -1
    outer loop
      vertex 16 77 0
      vertex 6.60208 89.3979 0
      vertex 6.87224 89.75 0
    endloop
  endfacet
  facet normal 0 0 -1
    outer loop
      vertex 5.4 7.1 0
      vertex 16 19 0
      vertex 5.83999 7.04207 0
    endloop
  endfacet
  facet normal 0 0 -1
    outer loop
      vertex 16 77 0
      vertex 6.25 89.1278 0
      vertex 6.60208 89.3979 0
    endloop
  endfacet
  facet normal 0 0 -1
    outer loop
      vertex 5.09999 7.0605 0
      vertex 16 19 0
      vertex 5.4 7.1 0
    endloop
  endfacet
  facet normal 0 0 -1
    outer loop
      vertex 16 77 0
      vertex 5.83999 88.9579 0
      vertex 6.25 89.1278 0
    endloop
  endfacet
  facet normal -0 0 -1
    outer loop
      vertex 16 19 0
      vertex 5.09999 7.0605 0
      vertex 16 77 0
    endloop
  endfacet
  facet normal 0 0 -1
    outer loop
      vertex 16 77 0
      vertex 5.4 88.9 0
      vertex 5.83999 88.9579 0
    endloop
  endfacet
  facet normal 0 0 -1
    outer loop
      vertex 5.09999 88.9395 0
      vertex 16 77 0
      vertex 5.09999 7.0605 0
    endloop
  endfacet
  facet normal 0 0 -1
    outer loop
      vertex 16 77 0
      vertex 5.09999 88.9395 0
      vertex 5.4 88.9 0
    endloop
  endfacet
  facet normal 0 0 -1
    outer loop
      vertex 60 19 0
      vertex 78 18 0
      vertex 78 5.09999 0
    endloop
  endfacet
  facet normal 0 0 -1
    outer loop
      vertex 78 18 0
      vertex 75.4148 52.353 0
      vertex 75.5 53 0
    endloop
  endfacet
  facet normal 0 0 -1
    outer loop
      vertex 78 18 0
      vertex 75.1651 51.75 0
      vertex 75.4148 52.353 0
    endloop
  endfacet
  facet normal 0 0 -1
    outer loop
      vertex 78 18 0
      vertex 74.7678 51.2322 0
      vertex 75.1651 51.75 0
    endloop
  endfacet
  facet normal 0 0 -1
    outer loop
      vertex 78 18 0
      vertex 74.25 50.8349 0
      vertex 74.7678 51.2322 0
    endloop
  endfacet
  facet normal 0 0 -1
    outer loop
      vertex 78 18 0
      vertex 73.647 50.5852 0
      vertex 74.25 50.8349 0
    endloop
  endfacet
  facet normal 0 -0 -1
    outer loop
      vertex 72.353 50.5852 0
      vertex 78 18 0
      vertex 60 19 0
    endloop
  endfacet
  facet normal 0 0 -1
    outer loop
      vertex 78 18 0
      vertex 73 50.5 0
      vertex 73.647 50.5852 0
    endloop
  endfacet
  facet normal 0 0 -1
    outer loop
      vertex 78 18 0
      vertex 72.353 50.5852 0
      vertex 73 50.5 0
    endloop
  endfacet
  facet normal -0 0 -1
    outer loop
      vertex 72.353 50.5852 0
      vertex 60 19 0
      vertex 71.75 50.8349 0
    endloop
  endfacet
  facet normal -0 0 -1
    outer loop
      vertex 71.75 50.8349 0
      vertex 60 19 0
      vertex 71.2322 51.2322 0
    endloop
  endfacet
  facet normal -0 0 -1
    outer loop
      vertex 71.2322 51.2322 0
      vertex 60 19 0
      vertex 70.8349 51.75 0
    endloop
  endfacet
  facet normal -0 0 -1
    outer loop
      vertex 70.5852 52.353 0
      vertex 60 19 0
      vertex 70.5 53 0
    endloop
  endfacet
  facet normal -0 0 -1
    outer loop
      vertex 70.8349 51.75 0
      vertex 60 19 0
      vertex 70.5852 52.353 0
    endloop
  endfacet
  facet normal 0 0 -1
    outer loop
      vertex 7.0605 5.09999 0
      vertex 60 19 0
      vertex 78 5.09999 0
    endloop
  endfacet
  facet normal 0 0 -1
    outer loop
      vertex 7.04207 5.83999 0
      vertex 16 19 0
      vertex 7.1 5.4 0
    endloop
  endfacet
  facet normal -0 0 -1
    outer loop
      vertex 60 19 0
      vertex 7.0605 5.09999 0
      vertex 16 19 0
    endloop
  endfacet
  facet normal 0 0 -1
    outer loop
      vertex 16 19 0
      vertex 7.0605 5.09999 0
      vertex 7.1 5.4 0
    endloop
  endfacet
  facet normal 0 0 -1
    outer loop
      vertex 140 18 0
      vertex 152 16 0
      vertex 140 16 0
    endloop
  endfacet
  facet normal 0 0 -1
    outer loop
      vertex 160.9 30.4902 0
      vertex 160.6 88.9 0
      vertex 160.9 88.9395 0
    endloop
  endfacet
  facet normal 0 0 -1
    outer loop
      vertex 159.537 30.3559 0
      vertex 160.6 88.9 0
      vertex 160.9 30.4902 0
    endloop
  endfacet
  facet normal -0 0 -1
    outer loop
      vertex 160.6 88.9 0
      vertex 159.537 30.3559 0
      vertex 160.16 88.9579 0
    endloop
  endfacet
  facet normal 0 0 -1
    outer loop
      vertex 122 63.5 0
      vertex 160.16 88.9579 0
      vertex 159.537 30.3559 0
    endloop
  endfacet
  facet normal -0 0 -1
    outer loop
      vertex 160.16 88.9579 0
      vertex 122 63.5 0
      vertex 159.75 89.1278 0
    endloop
  endfacet
  facet normal 0 0 -1
    outer loop
      vertex 122 70.5 0
      vertex 159.75 89.1278 0
      vertex 122 63.5 0
    endloop
  endfacet
  facet normal -0 0 -1
    outer loop
      vertex 159.75 89.1278 0
      vertex 122 70.5 0
      vertex 159.398 89.3979 0
    endloop
  endfacet
  facet normal 0 0 -1
    outer loop
      vertex 121.886 71.074 0
      vertex 159.398 89.3979 0
      vertex 122 70.5 0
    endloop
  endfacet
  facet normal 0 0 -1
    outer loop
      vertex 122 56.5 0
      vertex 159.537 30.3559 0
      vertex 158.13 29.9291 0
    endloop
  endfacet
  facet normal 0 0 -1
    outer loop
      vertex 122 49.5 0
      vertex 158.13 29.9291 0
      vertex 156.833 29.236 0
    endloop
  endfacet
  facet normal 0 0 -1
    outer loop
      vertex 122 42.5 0
      vertex 156.833 29.236 0
      vertex 155.697 28.3033 0
    endloop
  endfacet
  facet normal 0 0 -1
    outer loop
      vertex 152 26 0
      vertex 155.697 28.3033 0
      vertex 154.764 27.1668 0
    endloop
  endfacet
  facet normal 0 0 -1
    outer loop
      vertex 152 26 0
      vertex 154.764 27.1668 0
      vertex 154.14 26 0
    endloop
  endfacet
  facet normal 0 0 -1
    outer loop
      vertex 122 42.5 0
      vertex 155.697 28.3033 0
      vertex 152 26 0
    endloop
  endfacet
  facet normal 0 0 -1
    outer loop
      vertex 152 16 0
      vertex 140 18 0
      vertex 152 26 0
    endloop
  endfacet
  facet normal 0 0 -1
    outer loop
      vertex 122 35.5 0
      vertex 152 26 0
      vertex 140 18 0
    endloop
  endfacet
  facet normal 0 0 -1
    outer loop
      vertex 158.13 29.9291 0
      vertex 122 49.5 0
      vertex 122 56.5 0
    endloop
  endfacet
  facet normal 0 0 -1
    outer loop
      vertex 152 26 0
      vertex 122 35.5 0
      vertex 122 42.5 0
    endloop
  endfacet
  facet normal 0 0 -1
    outer loop
      vertex 156.833 29.236 0
      vertex 122 42.5 0
      vertex 122 49.5 0
    endloop
  endfacet
  facet normal 0 0 -1
    outer loop
      vertex 159.537 30.3559 0
      vertex 122 56.5 0
      vertex 122 63.5 0
    endloop
  endfacet
  facet normal -0 0 -1
    outer loop
      vertex 159.398 89.3979 0
      vertex 121.886 71.074 0
      vertex 159.128 89.75 0
    endloop
  endfacet
  facet normal -0 0 -1
    outer loop
      vertex 159.128 89.75 0
      vertex 121.886 71.074 0
      vertex 158.958 90.16 0
    endloop
  endfacet
  facet normal 0 0 -1
    outer loop
      vertex 121.561 71.5607 0
      vertex 158.958 90.16 0
      vertex 121.886 71.074 0
    endloop
  endfacet
  facet normal -0 0 -1
    outer loop
      vertex 158.958 90.16 0
      vertex 121.561 71.5607 0
      vertex 158.9 90.6 0
    endloop
  endfacet
  facet normal 0 0 -1
    outer loop
      vertex 121.074 71.8858 0
      vertex 158.9 90.6 0
      vertex 121.561 71.5607 0
    endloop
  endfacet
  facet normal -0 0 -1
    outer loop
      vertex 158.9 90.6 0
      vertex 121.074 71.8858 0
      vertex 158.939 90.9 0
    endloop
  endfacet
  facet normal 0 0 -1
    outer loop
      vertex 120.5 72 0
      vertex 158.939 90.9 0
      vertex 121.074 71.8858 0
    endloop
  endfacet
  facet normal 0 0 -1
    outer loop
      vertex 113.5 72 0
      vertex 120.5 72 0
      vertex 119.926 71.8858 0
    endloop
  endfacet
  facet normal 0 -0 -1
    outer loop
      vertex 114.886 55.926 0
      vertex 119.114 55.926 0
      vertex 114.561 55.4393 0
    endloop
  endfacet
  facet normal 0 0 -1
    outer loop
      vertex 119 56.5 0
      vertex 115 56.5 0
      vertex 119.114 57.074 0
    endloop
  endfacet
  facet normal 0 0 -1
    outer loop
      vertex 119.114 57.074 0
      vertex 114.561 57.5607 0
      vertex 119.114 62.926 0
    endloop
  endfacet
  facet normal 0 0 -1
    outer loop
      vertex 114.561 62.4393 0
      vertex 119.114 62.926 0
      vertex 114.561 57.5607 0
    endloop
  endfacet
  facet normal 0 0 -1
    outer loop
      vertex 114.561 64.5607 0
      vertex 119 63.5 0
      vertex 114.886 64.074 0
    endloop
  endfacet
  facet normal 0 0 -1
    outer loop
      vertex 119 63.5 0
      vertex 114.561 64.5607 0
      vertex 119 70.5 0
    endloop
  endfacet
  facet normal 0 0 -1
    outer loop
      vertex 114.886 71.074 0
      vertex 119.114 71.074 0
      vertex 115 70.5 0
    endloop
  endfacet
  facet normal 0 0 -1
    outer loop
      vertex 119.114 71.074 0
      vertex 114.886 71.074 0
      vertex 119.439 71.5607 0
    endloop
  endfacet
  facet normal 0 0 -1
    outer loop
      vertex 114.561 71.5607 0
      vertex 119.439 71.5607 0
      vertex 114.886 71.074 0
    endloop
  endfacet
  facet normal 0 0 -1
    outer loop
      vertex 119.439 71.5607 0
      vertex 114.561 71.5607 0
      vertex 119.926 71.8858 0
    endloop
  endfacet
  facet normal 0 0 -1
    outer loop
      vertex 114.074 71.8858 0
      vertex 119.926 71.8858 0
      vertex 114.561 71.5607 0
    endloop
  endfacet
  facet normal 0 0 -1
    outer loop
      vertex 113.5 72 0
      vertex 119.926 71.8858 0
      vertex 114.074 71.8858 0
    endloop
  endfacet
  facet normal 0 0 -1
    outer loop
      vertex 120.5 72 0
      vertex 113.5 72 0
      vertex 158.939 90.9 0
    endloop
  endfacet
  facet normal 0 0 -1
    outer loop
      vertex 106.5 72 0
      vertex 113.5 72 0
      vertex 112.926 71.8858 0
    endloop
  endfacet
  facet normal 0 -0 -1
    outer loop
      vertex 107.886 55.926 0
      vertex 112.114 55.926 0
      vertex 107.561 55.4393 0
    endloop
  endfacet
  facet normal 0 0 -1
    outer loop
      vertex 112 56.5 0
      vertex 108 56.5 0
      vertex 112.114 57.074 0
    endloop
  endfacet
  facet normal 0 0 -1
    outer loop
      vertex 112.114 57.074 0
      vertex 107.561 57.5607 0
      vertex 112.114 62.926 0
    endloop
  endfacet
  facet normal 0 0 -1
    outer loop
      vertex 107.561 62.4393 0
      vertex 112.114 62.926 0
      vertex 107.561 57.5607 0
    endloop
  endfacet
  facet normal 0 0 -1
    outer loop
      vertex 107.561 64.5607 0
      vertex 112 63.5 0
      vertex 107.886 64.074 0
    endloop
  endfacet
  facet normal 0 0 -1
    outer loop
      vertex 112 63.5 0
      vertex 107.561 64.5607 0
      vertex 112 70.5 0
    endloop
  endfacet
  facet normal 0 0 -1
    outer loop
      vertex 107.886 71.074 0
      vertex 112.114 71.074 0
      vertex 108 70.5 0
    endloop
  endfacet
  facet normal 0 0 -1
    outer loop
      vertex 112.114 71.074 0
      vertex 107.886 71.074 0
      vertex 112.439 71.5607 0
    endloop
  endfacet
  facet normal 0 0 -1
    outer loop
      vertex 107.561 71.5607 0
      vertex 112.439 71.5607 0
      vertex 107.886 71.074 0
    endloop
  endfacet
  facet normal 0 0 -1
    outer loop
      vertex 112.439 71.5607 0
      vertex 107.561 71.5607 0
      vertex 112.926 71.8858 0
    endloop
  endfacet
  facet normal 0 0 -1
    outer loop
      vertex 107.074 71.8858 0
      vertex 112.926 71.8858 0
      vertex 107.561 71.5607 0
    endloop
  endfacet
  facet normal 0 0 -1
    outer loop
      vertex 106.5 72 0
      vertex 112.926 71.8858 0
      vertex 107.074 71.8858 0
    endloop
  endfacet
  facet normal 0 0 -1
    outer loop
      vertex 113.5 72 0
      vertex 106.5 72 0
      vertex 158.939 90.9 0
    endloop
  endfacet
  facet normal 0 0 -1
    outer loop
      vertex 99.5 72 0
      vertex 106.5 72 0
      vertex 105.926 71.8858 0
    endloop
  endfacet
  facet normal 0 -0 -1
    outer loop
      vertex 100.886 55.926 0
      vertex 105.114 55.926 0
      vertex 100.561 55.4393 0
    endloop
  endfacet
  facet normal 0 0 -1
    outer loop
      vertex 105 56.5 0
      vertex 101 56.5 0
      vertex 105.114 57.074 0
    endloop
  endfacet
  facet normal 0 0 -1
    outer loop
      vertex 105.114 57.074 0
      vertex 100.561 57.5607 0
      vertex 105.114 62.926 0
    endloop
  endfacet
  facet normal 0 0 -1
    outer loop
      vertex 100.561 62.4393 0
      vertex 105.114 62.926 0
      vertex 100.561 57.5607 0
    endloop
  endfacet
  facet normal 0 0 -1
    outer loop
      vertex 100.561 64.5607 0
      vertex 105 63.5 0
      vertex 100.886 64.074 0
    endloop
  endfacet
  facet normal 0 0 -1
    outer loop
      vertex 105 63.5 0
      vertex 100.561 64.5607 0
      vertex 105 70.5 0
    endloop
  endfacet
  facet normal 0 0 -1
    outer loop
      vertex 100.886 71.074 0
      vertex 105.114 71.074 0
      vertex 101 70.5 0
    endloop
  endfacet
  facet normal 0 0 -1
    outer loop
      vertex 105.114 71.074 0
      vertex 100.886 71.074 0
      vertex 105.439 71.5607 0
    endloop
  endfacet
  facet normal 0 0 -1
    outer loop
      vertex 100.561 71.5607 0
      vertex 105.439 71.5607 0
      vertex 100.886 71.074 0
    endloop
  endfacet
  facet normal 0 0 -1
    outer loop
      vertex 105.439 71.5607 0
      vertex 100.561 71.5607 0
      vertex 105.926 71.8858 0
    endloop
  endfacet
  facet normal 0 0 -1
    outer loop
      vertex 100.074 71.8858 0
      vertex 105.926 71.8858 0
      vertex 100.561 71.5607 0
    endloop
  endfacet
  facet normal 0 0 -1
    outer loop
      vertex 99.5 72 0
      vertex 105.926 71.8858 0
      vertex 100.074 71.8858 0
    endloop
  endfacet
  facet normal 0 0 -1
    outer loop
      vertex 106.5 72 0
      vertex 99.5 72 0
      vertex 158.939 90.9 0
    endloop
  endfacet
  facet normal 0 0 -1
    outer loop
      vertex 92.5 72 0
      vertex 99.5 72 0
      vertex 98.926 71.8858 0
    endloop
  endfacet
  facet normal 0 -0 -1
    outer loop
      vertex 93.8858 55.926 0
      vertex 98.1142 55.926 0
      vertex 93.5607 55.4393 0
    endloop
  endfacet
  facet normal 0 0 -1
    outer loop
      vertex 98 56.5 0
      vertex 94 56.5 0
      vertex 98.1142 57.074 0
    endloop
  endfacet
  facet normal 0 0 -1
    outer loop
      vertex 98.1142 57.074 0
      vertex 93.5607 57.5607 0
      vertex 98.1142 62.926 0
    endloop
  endfacet
  facet normal 0 0 -1
    outer loop
      vertex 93.5607 62.4393 0
      vertex 98.1142 62.926 0
      vertex 93.5607 57.5607 0
    endloop
  endfacet
  facet normal 0 0 -1
    outer loop
      vertex 93.5607 64.5607 0
      vertex 98 63.5 0
      vertex 93.8858 64.074 0
    endloop
  endfacet
  facet normal 0 0 -1
    outer loop
      vertex 98 63.5 0
      vertex 93.5607 64.5607 0
      vertex 98 70.5 0
    endloop
  endfacet
  facet normal 0 0 -1
    outer loop
      vertex 93.8858 71.074 0
      vertex 98.1142 71.074 0
      vertex 94 70.5 0
    endloop
  endfacet
  facet normal 0 0 -1
    outer loop
      vertex 98.1142 71.074 0
      vertex 93.8858 71.074 0
      vertex 98.4393 71.5607 0
    endloop
  endfacet
  facet normal 0 0 -1
    outer loop
      vertex 93.5607 71.5607 0
      vertex 98.4393 71.5607 0
      vertex 93.8858 71.074 0
    endloop
  endfacet
  facet normal 0 0 -1
    outer loop
      vertex 98.4393 71.5607 0
      vertex 93.5607 71.5607 0
      vertex 98.926 71.8858 0
    endloop
  endfacet
  facet normal 0 0 -1
    outer loop
      vertex 93.074 71.8858 0
      vertex 98.926 71.8858 0
      vertex 93.5607 71.5607 0
    endloop
  endfacet
  facet normal 0 0 -1
    outer loop
      vertex 92.5 72 0
      vertex 98.926 71.8858 0
      vertex 93.074 71.8858 0
    endloop
  endfacet
  facet normal 0 0 -1
    outer loop
      vertex 99.5 72 0
      vertex 92.5 72 0
      vertex 158.939 90.9 0
    endloop
  endfacet
  facet normal 0 0 -1
    outer loop
      vertex 85.5 72 0
      vertex 92.5 72 0
      vertex 91.926 71.8858 0
    endloop
  endfacet
  facet normal 0 -0 -1
    outer loop
      vertex 86.8858 55.926 0
      vertex 91.1142 55.926 0
      vertex 86.5607 55.4393 0
    endloop
  endfacet
  facet normal 0 0 -1
    outer loop
      vertex 91 56.5 0
      vertex 87 56.5 0
      vertex 91.1142 57.074 0
    endloop
  endfacet
  facet normal 0 0 -1
    outer loop
      vertex 91.1142 57.074 0
      vertex 86.5607 57.5607 0
      vertex 91.1142 62.926 0
    endloop
  endfacet
  facet normal 0 0 -1
    outer loop
      vertex 86.5607 62.4393 0
      vertex 91.1142 62.926 0
      vertex 86.5607 57.5607 0
    endloop
  endfacet
  facet normal 0 0 -1
    outer loop
      vertex 86.5607 64.5607 0
      vertex 91 63.5 0
      vertex 86.8858 64.074 0
    endloop
  endfacet
  facet normal 0 0 -1
    outer loop
      vertex 91 63.5 0
      vertex 86.5607 64.5607 0
      vertex 91 70.5 0
    endloop
  endfacet
  facet normal 0 0 -1
    outer loop
      vertex 86.8858 71.074 0
      vertex 91.1142 71.074 0
      vertex 87 70.5 0
    endloop
  endfacet
  facet normal 0 0 -1
    outer loop
      vertex 91.1142 71.074 0
      vertex 86.8858 71.074 0
      vertex 91.4393 71.5607 0
    endloop
  endfacet
  facet normal 0 0 -1
    outer loop
      vertex 86.5607 71.5607 0
      vertex 91.4393 71.5607 0
      vertex 86.8858 71.074 0
    endloop
  endfacet
  facet normal 0 0 -1
    outer loop
      vertex 91.4393 71.5607 0
      vertex 86.5607 71.5607 0
      vertex 91.926 71.8858 0
    endloop
  endfacet
  facet normal 0 0 -1
    outer loop
      vertex 86.074 71.8858 0
      vertex 91.926 71.8858 0
      vertex 86.5607 71.5607 0
    endloop
  endfacet
  facet normal 0 0 -1
    outer loop
      vertex 85.5 72 0
      vertex 91.926 71.8858 0
      vertex 86.074 71.8858 0
    endloop
  endfacet
  facet normal 0 0 -1
    outer loop
      vertex 92.5 72 0
      vertex 85.5 72 0
      vertex 60 77 0
    endloop
  endfacet
  facet normal 0 0 -1
    outer loop
      vertex 60 77 0
      vertex 85.5 72 0
      vertex 84.926 71.8858 0
    endloop
  endfacet
  facet normal 0 0 -1
    outer loop
      vertex 74.25 55.1651 0
      vertex 84.1142 62.926 0
      vertex 74.7678 54.7678 0
    endloop
  endfacet
  facet normal -0 0 -1
    outer loop
      vertex 84.1142 62.926 0
      vertex 74.25 55.1651 0
      vertex 84 63.5 0
    endloop
  endfacet
  facet normal 0 0 -1
    outer loop
      vertex 73.647 55.4148 0
      vertex 84 63.5 0
      vertex 74.25 55.1651 0
    endloop
  endfacet
  facet normal 0 0 -1
    outer loop
      vertex 73 55.5 0
      vertex 84 63.5 0
      vertex 73.647 55.4148 0
    endloop
  endfacet
  facet normal -0 0 -1
    outer loop
      vertex 84 63.5 0
      vertex 73 55.5 0
      vertex 84.1142 64.074 0
    endloop
  endfacet
  facet normal -0 0 -1
    outer loop
      vertex 84.1142 64.074 0
      vertex 73 55.5 0
      vertex 84.1142 69.926 0
    endloop
  endfacet
  facet normal -0 0 -1
    outer loop
      vertex 84.1142 69.926 0
      vertex 73 55.5 0
      vertex 84 70.5 0
    endloop
  endfacet
  facet normal 0 0 -1
    outer loop
      vertex 72.353 55.4148 0
      vertex 84 70.5 0
      vertex 73 55.5 0
    endloop
  endfacet
  facet normal 0 0 -1
    outer loop
      vertex 60 77 0
      vertex 84 70.5 0
      vertex 72.353 55.4148 0
    endloop
  endfacet
  facet normal 0 0 -1
    outer loop
      vertex 84 70.5 0
      vertex 60 77 0
      vertex 84.1142 71.074 0
    endloop
  endfacet
  facet normal 0 0 -1
    outer loop
      vertex 60 77 0
      vertex 72.353 55.4148 0
      vertex 71.75 55.1651 0
    endloop
  endfacet
  facet normal 0 0 -1
    outer loop
      vertex 60 77 0
      vertex 71.75 55.1651 0
      vertex 71.2322 54.7678 0
    endloop
  endfacet
  facet normal 0 0 -1
    outer loop
      vertex 60 77 0
      vertex 70.5 53 0
      vertex 60 19 0
    endloop
  endfacet
  facet normal 0 0 -1
    outer loop
      vertex 70.5 53 0
      vertex 60 77 0
      vertex 70.5852 53.647 0
    endloop
  endfacet
  facet normal 0 0 -1
    outer loop
      vertex 60 77 0
      vertex 70.8349 54.25 0
      vertex 70.5852 53.647 0
    endloop
  endfacet
  facet normal 0 0 -1
    outer loop
      vertex 60 77 0
      vertex 71.2322 54.7678 0
      vertex 70.8349 54.25 0
    endloop
  endfacet
  facet normal 0 0 -1
    outer loop
      vertex 84.1142 71.074 0
      vertex 60 77 0
      vertex 84.4393 71.5607 0
    endloop
  endfacet
  facet normal 0 0 -1
    outer loop
      vertex 60 77 0
      vertex 84.926 71.8858 0
      vertex 84.4393 71.5607 0
    endloop
  endfacet
  facet normal 0 0 -1
    outer loop
      vertex 92.5 72 0
      vertex 60 77 0
      vertex 158.939 90.9 0
    endloop
  endfacet
  facet normal 0 0 -1
    outer loop
      vertex 7.0605 90.9 0
      vertex 60 77 0
      vertex 16 77 0
    endloop
  endfacet
  facet normal 0 0 -1
    outer loop
      vertex 6.87224 6.25 0
      vertex 16 19 0
      vertex 7.04207 5.83999 0
    endloop
  endfacet
  facet normal 0 0 -1
    outer loop
      vertex 7.0605 90.9 0
      vertex 16 77 0
      vertex 7.1 90.6 0
    endloop
  endfacet
  facet normal 0 0 -1
    outer loop
      vertex 60 77 0
      vertex 7.0605 90.9 0
      vertex 158.939 90.9 0
    endloop
  endfacet
  facet normal 0 0 -1
    outer loop
      vertex 86.5607 69.4393 0
      vertex 91 70.5 0
      vertex 86.5607 64.5607 0
    endloop
  endfacet
  facet normal 0 0 -1
    outer loop
      vertex 91 70.5 0
      vertex 87 70.5 0
      vertex 91.1142 71.074 0
    endloop
  endfacet
  facet normal 0 -0 -1
    outer loop
      vertex 86.8858 69.926 0
      vertex 91 70.5 0
      vertex 86.5607 69.4393 0
    endloop
  endfacet
  facet normal 0 -0 -1
    outer loop
      vertex 87 70.5 0
      vertex 91 70.5 0
      vertex 86.8858 69.926 0
    endloop
  endfacet
  facet normal 0 0 -1
    outer loop
      vertex 86.074 64.8858 0
      vertex 86.5607 69.4393 0
      vertex 86.5607 64.5607 0
    endloop
  endfacet
  facet normal 0 0 -1
    outer loop
      vertex 86.074 64.8858 0
      vertex 86.074 69.1142 0
      vertex 86.5607 69.4393 0
    endloop
  endfacet
  facet normal 0 0 -1
    outer loop
      vertex 85.5 65 0
      vertex 86.074 69.1142 0
      vertex 86.074 64.8858 0
    endloop
  endfacet
  facet normal 0 0 -1
    outer loop
      vertex 85.5 65 0
      vertex 85.5 69 0
      vertex 86.074 69.1142 0
    endloop
  endfacet
  facet normal 0 0 -1
    outer loop
      vertex 84.926 64.8858 0
      vertex 85.5 69 0
      vertex 85.5 65 0
    endloop
  endfacet
  facet normal 0 0 -1
    outer loop
      vertex 84.926 64.8858 0
      vertex 84.926 69.1142 0
      vertex 85.5 69 0
    endloop
  endfacet
  facet normal 0 0 -1
    outer loop
      vertex 84.4393 64.5607 0
      vertex 84.926 69.1142 0
      vertex 84.926 64.8858 0
    endloop
  endfacet
  facet normal 0 0 -1
    outer loop
      vertex 84.4393 64.5607 0
      vertex 84.4393 69.4393 0
      vertex 84.926 69.1142 0
    endloop
  endfacet
  facet normal 0 0 -1
    outer loop
      vertex 84.1142 64.074 0
      vertex 84.4393 69.4393 0
      vertex 84.4393 64.5607 0
    endloop
  endfacet
  facet normal 0 0 -1
    outer loop
      vertex 84.1142 64.074 0
      vertex 84.1142 69.926 0
      vertex 84.4393 69.4393 0
    endloop
  endfacet
  facet normal -0 0 -1
    outer loop
      vertex 84 56.5 0
      vertex 74.7678 54.7678 0
      vertex 84.1142 57.074 0
    endloop
  endfacet
  facet normal -0 0 -1
    outer loop
      vertex 84.1142 57.074 0
      vertex 74.7678 54.7678 0
      vertex 84.1142 62.926 0
    endloop
  endfacet
  facet normal 0 -0 -1
    outer loop
      vertex 87 63.5 0
      vertex 91 63.5 0
      vertex 86.8858 62.926 0
    endloop
  endfacet
  facet normal 0 0 -1
    outer loop
      vertex 86.8858 64.074 0
      vertex 91 63.5 0
      vertex 87 63.5 0
    endloop
  endfacet
  facet normal 0 -0 -1
    outer loop
      vertex 86.8858 62.926 0
      vertex 91.1142 62.926 0
      vertex 86.5607 62.4393 0
    endloop
  endfacet
  facet normal 0 0 -1
    outer loop
      vertex 91.1142 62.926 0
      vertex 86.8858 62.926 0
      vertex 91 63.5 0
    endloop
  endfacet
  facet normal 0 0 -1
    outer loop
      vertex 86.074 57.8858 0
      vertex 86.5607 62.4393 0
      vertex 86.5607 57.5607 0
    endloop
  endfacet
  facet normal 0 0 -1
    outer loop
      vertex 86.074 57.8858 0
      vertex 86.074 62.1142 0
      vertex 86.5607 62.4393 0
    endloop
  endfacet
  facet normal 0 0 -1
    outer loop
      vertex 85.5 58 0
      vertex 86.074 62.1142 0
      vertex 86.074 57.8858 0
    endloop
  endfacet
  facet normal 0 0 -1
    outer loop
      vertex 85.5 58 0
      vertex 85.5 62 0
      vertex 86.074 62.1142 0
    endloop
  endfacet
  facet normal 0 0 -1
    outer loop
      vertex 84.926 57.8858 0
      vertex 85.5 62 0
      vertex 85.5 58 0
    endloop
  endfacet
  facet normal 0 0 -1
    outer loop
      vertex 84.926 57.8858 0
      vertex 84.926 62.1142 0
      vertex 85.5 62 0
    endloop
  endfacet
  facet normal 0 0 -1
    outer loop
      vertex 84.4393 57.5607 0
      vertex 84.926 62.1142 0
      vertex 84.926 57.8858 0
    endloop
  endfacet
  facet normal 0 0 -1
    outer loop
      vertex 84.4393 57.5607 0
      vertex 84.4393 62.4393 0
      vertex 84.926 62.1142 0
    endloop
  endfacet
  facet normal 0 0 -1
    outer loop
      vertex 84.1142 57.074 0
      vertex 84.4393 62.4393 0
      vertex 84.4393 57.5607 0
    endloop
  endfacet
  facet normal 0 0 -1
    outer loop
      vertex 84.1142 57.074 0
      vertex 84.1142 62.926 0
      vertex 84.4393 62.4393 0
    endloop
  endfacet
  facet normal -0 0 -1
    outer loop
      vertex 84.1142 55.926 0
      vertex 75.4148 53.647 0
      vertex 84 56.5 0
    endloop
  endfacet
  facet normal 0 0 -1
    outer loop
      vertex 75.1651 54.25 0
      vertex 84 56.5 0
      vertex 75.4148 53.647 0
    endloop
  endfacet
  facet normal 0 0 -1
    outer loop
      vertex 86.8858 57.074 0
      vertex 91.1142 57.074 0
      vertex 87 56.5 0
    endloop
  endfacet
  facet normal 0 0 -1
    outer loop
      vertex 86.5607 57.5607 0
      vertex 91.1142 57.074 0
      vertex 86.8858 57.074 0
    endloop
  endfacet
  facet normal 0 0 -1
    outer loop
      vertex 91.1142 55.926 0
      vertex 86.8858 55.926 0
      vertex 91 56.5 0
    endloop
  endfacet
  facet normal 0 -0 -1
    outer loop
      vertex 87 56.5 0
      vertex 91 56.5 0
      vertex 86.8858 55.926 0
    endloop
  endfacet
  facet normal 0 0 -1
    outer loop
      vertex 86.074 50.8858 0
      vertex 86.5607 55.4393 0
      vertex 86.5607 50.5607 0
    endloop
  endfacet
  facet normal 0 0 -1
    outer loop
      vertex 86.074 50.8858 0
      vertex 86.074 55.1142 0
      vertex 86.5607 55.4393 0
    endloop
  endfacet
  facet normal 0 0 -1
    outer loop
      vertex 85.5 51 0
      vertex 86.074 55.1142 0
      vertex 86.074 50.8858 0
    endloop
  endfacet
  facet normal 0 0 -1
    outer loop
      vertex 85.5 51 0
      vertex 85.5 55 0
      vertex 86.074 55.1142 0
    endloop
  endfacet
  facet normal 0 0 -1
    outer loop
      vertex 84.926 50.8858 0
      vertex 85.5 55 0
      vertex 85.5 51 0
    endloop
  endfacet
  facet normal 0 0 -1
    outer loop
      vertex 84.926 50.8858 0
      vertex 84.926 55.1142 0
      vertex 85.5 55 0
    endloop
  endfacet
  facet normal 0 0 -1
    outer loop
      vertex 84.4393 50.5607 0
      vertex 84.926 55.1142 0
      vertex 84.926 50.8858 0
    endloop
  endfacet
  facet normal 0 0 -1
    outer loop
      vertex 84.4393 50.5607 0
      vertex 84.4393 55.4393 0
      vertex 84.926 55.1142 0
    endloop
  endfacet
  facet normal 0 0 -1
    outer loop
      vertex 84.1142 50.074 0
      vertex 84.4393 55.4393 0
      vertex 84.4393 50.5607 0
    endloop
  endfacet
  facet normal 0 0 -1
    outer loop
      vertex 84.1142 50.074 0
      vertex 84.1142 55.926 0
      vertex 84.4393 55.4393 0
    endloop
  endfacet
  facet normal 0 0 -1
    outer loop
      vertex 75.5 53 0
      vertex 84.1142 50.074 0
      vertex 84 49.5 0
    endloop
  endfacet
  facet normal 0 0 -1
    outer loop
      vertex 84.1142 50.074 0
      vertex 75.5 53 0
      vertex 84.1142 55.926 0
    endloop
  endfacet
  facet normal 0 0 -1
    outer loop
      vertex 86.8858 43.074 0
      vertex 87 49.5 0
      vertex 87 42.5 0
    endloop
  endfacet
  facet normal 0 0 -1
    outer loop
      vertex 86.8858 43.074 0
      vertex 86.8858 48.926 0
      vertex 87 49.5 0
    endloop
  endfacet
  facet normal 0 0 -1
    outer loop
      vertex 86.5607 43.5607 0
      vertex 86.8858 48.926 0
      vertex 86.8858 43.074 0
    endloop
  endfacet
  facet normal 0 0 -1
    outer loop
      vertex 86.5607 43.5607 0
      vertex 86.5607 48.4393 0
      vertex 86.8858 48.926 0
    endloop
  endfacet
  facet normal 0 0 -1
    outer loop
      vertex 86.074 43.8858 0
      vertex 86.5607 48.4393 0
      vertex 86.5607 43.5607 0
    endloop
  endfacet
  facet normal 0 0 -1
    outer loop
      vertex 86.074 43.8858 0
      vertex 86.074 48.1142 0
      vertex 86.5607 48.4393 0
    endloop
  endfacet
  facet normal 0 0 -1
    outer loop
      vertex 85.5 44 0
      vertex 86.074 48.1142 0
      vertex 86.074 43.8858 0
    endloop
  endfacet
  facet normal 0 0 -1
    outer loop
      vertex 85.5 44 0
      vertex 85.5 48 0
      vertex 86.074 48.1142 0
    endloop
  endfacet
  facet normal 0 0 -1
    outer loop
      vertex 84.926 43.8858 0
      vertex 85.5 48 0
      vertex 85.5 44 0
    endloop
  endfacet
  facet normal 0 0 -1
    outer loop
      vertex 84.926 43.8858 0
      vertex 84.926 48.1142 0
      vertex 85.5 48 0
    endloop
  endfacet
  facet normal 0 0 -1
    outer loop
      vertex 84.4393 43.5607 0
      vertex 84.926 48.1142 0
      vertex 84.926 43.8858 0
    endloop
  endfacet
  facet normal 0 0 -1
    outer loop
      vertex 84.4393 43.5607 0
      vertex 84.4393 48.4393 0
      vertex 84.926 48.1142 0
    endloop
  endfacet
  facet normal 0 0 -1
    outer loop
      vertex 84.1142 43.074 0
      vertex 84.4393 48.4393 0
      vertex 84.4393 43.5607 0
    endloop
  endfacet
  facet normal 0 0 -1
    outer loop
      vertex 84.1142 43.074 0
      vertex 84.1142 48.926 0
      vertex 84.4393 48.4393 0
    endloop
  endfacet
  facet normal 0 0 -1
    outer loop
      vertex 75.5 53 0
      vertex 84.1142 43.074 0
      vertex 84 42.5 0
    endloop
  endfacet
  facet normal 0 0 -1
    outer loop
      vertex 84.1142 43.074 0
      vertex 75.5 53 0
      vertex 84.1142 48.926 0
    endloop
  endfacet
  facet normal 0 0 -1
    outer loop
      vertex 86.8858 36.074 0
      vertex 87 42.5 0
      vertex 87 35.5 0
    endloop
  endfacet
  facet normal 0 0 -1
    outer loop
      vertex 86.8858 36.074 0
      vertex 86.8858 41.926 0
      vertex 87 42.5 0
    endloop
  endfacet
  facet normal 0 0 -1
    outer loop
      vertex 86.5607 36.5607 0
      vertex 86.8858 41.926 0
      vertex 86.8858 36.074 0
    endloop
  endfacet
  facet normal 0 0 -1
    outer loop
      vertex 86.5607 36.5607 0
      vertex 86.5607 41.4393 0
      vertex 86.8858 41.926 0
    endloop
  endfacet
  facet normal 0 0 -1
    outer loop
      vertex 86.074 36.8858 0
      vertex 86.5607 41.4393 0
      vertex 86.5607 36.5607 0
    endloop
  endfacet
  facet normal 0 0 -1
    outer loop
      vertex 86.074 36.8858 0
      vertex 86.074 41.1142 0
      vertex 86.5607 41.4393 0
    endloop
  endfacet
  facet normal 0 0 -1
    outer loop
      vertex 85.5 37 0
      vertex 86.074 41.1142 0
      vertex 86.074 36.8858 0
    endloop
  endfacet
  facet normal 0 0 -1
    outer loop
      vertex 85.5 37 0
      vertex 85.5 41 0
      vertex 86.074 41.1142 0
    endloop
  endfacet
  facet normal 0 0 -1
    outer loop
      vertex 84.926 36.8858 0
      vertex 85.5 41 0
      vertex 85.5 37 0
    endloop
  endfacet
  facet normal 0 0 -1
    outer loop
      vertex 84.926 36.8858 0
      vertex 84.926 41.1142 0
      vertex 85.5 41 0
    endloop
  endfacet
  facet normal 0 0 -1
    outer loop
      vertex 84.4393 36.5607 0
      vertex 84.926 41.1142 0
      vertex 84.926 36.8858 0
    endloop
  endfacet
  facet normal 0 0 -1
    outer loop
      vertex 84.4393 36.5607 0
      vertex 84.4393 41.4393 0
      vertex 84.926 41.1142 0
    endloop
  endfacet
  facet normal 0 0 -1
    outer loop
      vertex 84.1142 36.074 0
      vertex 84.4393 41.4393 0
      vertex 84.4393 36.5607 0
    endloop
  endfacet
  facet normal 0 0 -1
    outer loop
      vertex 84.1142 36.074 0
      vertex 84.1142 41.926 0
      vertex 84.4393 41.4393 0
    endloop
  endfacet
  facet normal 0 0 -1
    outer loop
      vertex 75.5 53 0
      vertex 84.1142 36.074 0
      vertex 84 35.5 0
    endloop
  endfacet
  facet normal 0 0 -1
    outer loop
      vertex 84.1142 36.074 0
      vertex 75.5 53 0
      vertex 84.1142 41.926 0
    endloop
  endfacet
  facet normal 0 0 -1
    outer loop
      vertex 93.5607 69.4393 0
      vertex 98 70.5 0
      vertex 93.5607 64.5607 0
    endloop
  endfacet
  facet normal 0 0 -1
    outer loop
      vertex 98 70.5 0
      vertex 94 70.5 0
      vertex 98.1142 71.074 0
    endloop
  endfacet
  facet normal 0 -0 -1
    outer loop
      vertex 93.8858 69.926 0
      vertex 98 70.5 0
      vertex 93.5607 69.4393 0
    endloop
  endfacet
  facet normal 0 -0 -1
    outer loop
      vertex 94 70.5 0
      vertex 98 70.5 0
      vertex 93.8858 69.926 0
    endloop
  endfacet
  facet normal 0 0 -1
    outer loop
      vertex 93.074 64.8858 0
      vertex 93.5607 69.4393 0
      vertex 93.5607 64.5607 0
    endloop
  endfacet
  facet normal 0 0 -1
    outer loop
      vertex 93.074 64.8858 0
      vertex 93.074 69.1142 0
      vertex 93.5607 69.4393 0
    endloop
  endfacet
  facet normal 0 0 -1
    outer loop
      vertex 92.5 65 0
      vertex 93.074 69.1142 0
      vertex 93.074 64.8858 0
    endloop
  endfacet
  facet normal 0 0 -1
    outer loop
      vertex 92.5 65 0
      vertex 92.5 69 0
      vertex 93.074 69.1142 0
    endloop
  endfacet
  facet normal 0 0 -1
    outer loop
      vertex 91.926 64.8858 0
      vertex 92.5 69 0
      vertex 92.5 65 0
    endloop
  endfacet
  facet normal 0 0 -1
    outer loop
      vertex 91.926 64.8858 0
      vertex 91.926 69.1142 0
      vertex 92.5 69 0
    endloop
  endfacet
  facet normal 0 0 -1
    outer loop
      vertex 91.4393 64.5607 0
      vertex 91.926 69.1142 0
      vertex 91.926 64.8858 0
    endloop
  endfacet
  facet normal 0 0 -1
    outer loop
      vertex 91.4393 64.5607 0
      vertex 91.4393 69.4393 0
      vertex 91.926 69.1142 0
    endloop
  endfacet
  facet normal 0 0 -1
    outer loop
      vertex 91.1142 64.074 0
      vertex 91.4393 69.4393 0
      vertex 91.4393 64.5607 0
    endloop
  endfacet
  facet normal 0 0 -1
    outer loop
      vertex 91.1142 64.074 0
      vertex 91.1142 69.926 0
      vertex 91.4393 69.4393 0
    endloop
  endfacet
  facet normal 0 0 -1
    outer loop
      vertex 91 63.5 0
      vertex 91.1142 69.926 0
      vertex 91.1142 64.074 0
    endloop
  endfacet
  facet normal -0 0 -1
    outer loop
      vertex 91.1142 69.926 0
      vertex 91 63.5 0
      vertex 91 70.5 0
    endloop
  endfacet
  facet normal 0 -0 -1
    outer loop
      vertex 94 63.5 0
      vertex 98 63.5 0
      vertex 93.8858 62.926 0
    endloop
  endfacet
  facet normal 0 0 -1
    outer loop
      vertex 93.8858 64.074 0
      vertex 98 63.5 0
      vertex 94 63.5 0
    endloop
  endfacet
  facet normal 0 -0 -1
    outer loop
      vertex 93.8858 62.926 0
      vertex 98.1142 62.926 0
      vertex 93.5607 62.4393 0
    endloop
  endfacet
  facet normal 0 0 -1
    outer loop
      vertex 98.1142 62.926 0
      vertex 93.8858 62.926 0
      vertex 98 63.5 0
    endloop
  endfacet
  facet normal 0 0 -1
    outer loop
      vertex 93.074 57.8858 0
      vertex 93.5607 62.4393 0
      vertex 93.5607 57.5607 0
    endloop
  endfacet
  facet normal 0 0 -1
    outer loop
      vertex 93.074 57.8858 0
      vertex 93.074 62.1142 0
      vertex 93.5607 62.4393 0
    endloop
  endfacet
  facet normal 0 0 -1
    outer loop
      vertex 92.5 58 0
      vertex 93.074 62.1142 0
      vertex 93.074 57.8858 0
    endloop
  endfacet
  facet normal 0 0 -1
    outer loop
      vertex 92.5 58 0
      vertex 92.5 62 0
      vertex 93.074 62.1142 0
    endloop
  endfacet
  facet normal 0 0 -1
    outer loop
      vertex 91.926 57.8858 0
      vertex 92.5 62 0
      vertex 92.5 58 0
    endloop
  endfacet
  facet normal 0 0 -1
    outer loop
      vertex 91.926 57.8858 0
      vertex 91.926 62.1142 0
      vertex 92.5 62 0
    endloop
  endfacet
  facet normal 0 0 -1
    outer loop
      vertex 91.4393 57.5607 0
      vertex 91.926 62.1142 0
      vertex 91.926 57.8858 0
    endloop
  endfacet
  facet normal 0 0 -1
    outer loop
      vertex 91.4393 57.5607 0
      vertex 91.4393 62.4393 0
      vertex 91.926 62.1142 0
    endloop
  endfacet
  facet normal 0 0 -1
    outer loop
      vertex 91.1142 57.074 0
      vertex 91.4393 62.4393 0
      vertex 91.4393 57.5607 0
    endloop
  endfacet
  facet normal 0 0 -1
    outer loop
      vertex 91.1142 57.074 0
      vertex 91.1142 62.926 0
      vertex 91.4393 62.4393 0
    endloop
  endfacet
  facet normal 0 0 -1
    outer loop
      vertex 86.5607 55.4393 0
      vertex 91.4393 55.4393 0
      vertex 86.5607 50.5607 0
    endloop
  endfacet
  facet normal 0 0 -1
    outer loop
      vertex 91.4393 55.4393 0
      vertex 86.5607 55.4393 0
      vertex 91.1142 55.926 0
    endloop
  endfacet
  facet normal 0 0 -1
    outer loop
      vertex 93.8858 57.074 0
      vertex 98.1142 57.074 0
      vertex 94 56.5 0
    endloop
  endfacet
  facet normal 0 0 -1
    outer loop
      vertex 93.5607 57.5607 0
      vertex 98.1142 57.074 0
      vertex 93.8858 57.074 0
    endloop
  endfacet
  facet normal 0 0 -1
    outer loop
      vertex 98.1142 55.926 0
      vertex 93.8858 55.926 0
      vertex 98 56.5 0
    endloop
  endfacet
  facet normal 0 -0 -1
    outer loop
      vertex 94 56.5 0
      vertex 98 56.5 0
      vertex 93.8858 55.926 0
    endloop
  endfacet
  facet normal 0 0 -1
    outer loop
      vertex 93.074 50.8858 0
      vertex 93.5607 55.4393 0
      vertex 93.5607 50.5607 0
    endloop
  endfacet
  facet normal 0 0 -1
    outer loop
      vertex 93.074 50.8858 0
      vertex 93.074 55.1142 0
      vertex 93.5607 55.4393 0
    endloop
  endfacet
  facet normal 0 0 -1
    outer loop
      vertex 92.5 51 0
      vertex 93.074 55.1142 0
      vertex 93.074 50.8858 0
    endloop
  endfacet
  facet normal 0 0 -1
    outer loop
      vertex 92.5 51 0
      vertex 92.5 55 0
      vertex 93.074 55.1142 0
    endloop
  endfacet
  facet normal 0 0 -1
    outer loop
      vertex 91.926 50.8858 0
      vertex 92.5 55 0
      vertex 92.5 51 0
    endloop
  endfacet
  facet normal 0 0 -1
    outer loop
      vertex 91.926 50.8858 0
      vertex 91.926 55.1142 0
      vertex 92.5 55 0
    endloop
  endfacet
  facet normal 0 0 -1
    outer loop
      vertex 91.4393 50.5607 0
      vertex 91.926 55.1142 0
      vertex 91.926 50.8858 0
    endloop
  endfacet
  facet normal 0 0 -1
    outer loop
      vertex 91.4393 50.5607 0
      vertex 91.4393 55.4393 0
      vertex 91.926 55.1142 0
    endloop
  endfacet
  facet normal 0 0 -1
    outer loop
      vertex 86.8858 50.074 0
      vertex 91.1142 50.074 0
      vertex 87 49.5 0
    endloop
  endfacet
  facet normal 0 0 -1
    outer loop
      vertex 91.1142 50.074 0
      vertex 86.8858 50.074 0
      vertex 91.4393 50.5607 0
    endloop
  endfacet
  facet normal 0 0 -1
    outer loop
      vertex 91.1142 48.926 0
      vertex 87 49.5 0
      vertex 91 49.5 0
    endloop
  endfacet
  facet normal 0 0 -1
    outer loop
      vertex 91 49.5 0
      vertex 87 49.5 0
      vertex 91.1142 50.074 0
    endloop
  endfacet
  facet normal 0 0 -1
    outer loop
      vertex 93.8858 43.074 0
      vertex 94 49.5 0
      vertex 94 42.5 0
    endloop
  endfacet
  facet normal 0 0 -1
    outer loop
      vertex 93.8858 43.074 0
      vertex 93.8858 48.926 0
      vertex 94 49.5 0
    endloop
  endfacet
  facet normal 0 0 -1
    outer loop
      vertex 93.5607 43.5607 0
      vertex 93.8858 48.926 0
      vertex 93.8858 43.074 0
    endloop
  endfacet
  facet normal 0 0 -1
    outer loop
      vertex 93.5607 43.5607 0
      vertex 93.5607 48.4393 0
      vertex 93.8858 48.926 0
    endloop
  endfacet
  facet normal 0 0 -1
    outer loop
      vertex 93.074 43.8858 0
      vertex 93.5607 48.4393 0
      vertex 93.5607 43.5607 0
    endloop
  endfacet
  facet normal 0 0 -1
    outer loop
      vertex 93.074 43.8858 0
      vertex 93.074 48.1142 0
      vertex 93.5607 48.4393 0
    endloop
  endfacet
  facet normal 0 0 -1
    outer loop
      vertex 92.5 44 0
      vertex 93.074 48.1142 0
      vertex 93.074 43.8858 0
    endloop
  endfacet
  facet normal 0 0 -1
    outer loop
      vertex 92.5 44 0
      vertex 92.5 48 0
      vertex 93.074 48.1142 0
    endloop
  endfacet
  facet normal 0 0 -1
    outer loop
      vertex 91.926 43.8858 0
      vertex 92.5 48 0
      vertex 92.5 44 0
    endloop
  endfacet
  facet normal 0 0 -1
    outer loop
      vertex 91.926 43.8858 0
      vertex 91.926 48.1142 0
      vertex 92.5 48 0
    endloop
  endfacet
  facet normal 0 0 -1
    outer loop
      vertex 91.4393 43.5607 0
      vertex 91.926 48.1142 0
      vertex 91.926 43.8858 0
    endloop
  endfacet
  facet normal 0 0 -1
    outer loop
      vertex 91.4393 43.5607 0
      vertex 91.4393 48.4393 0
      vertex 91.926 48.1142 0
    endloop
  endfacet
  facet normal 0 0 -1
    outer loop
      vertex 87 42.5 0
      vertex 91.4393 43.5607 0
      vertex 91.1142 43.074 0
    endloop
  endfacet
  facet normal -0 0 -1
    outer loop
      vertex 91.4393 43.5607 0
      vertex 87 42.5 0
      vertex 91.4393 48.4393 0
    endloop
  endfacet
  facet normal 0 0 -1
    outer loop
      vertex 91.1142 41.926 0
      vertex 87 42.5 0
      vertex 91 42.5 0
    endloop
  endfacet
  facet normal 0 0 -1
    outer loop
      vertex 91 42.5 0
      vertex 87 42.5 0
      vertex 91.1142 43.074 0
    endloop
  endfacet
  facet normal 0 0 -1
    outer loop
      vertex 93.8858 36.074 0
      vertex 94 42.5 0
      vertex 94 35.5 0
    endloop
  endfacet
  facet normal 0 0 -1
    outer loop
      vertex 93.8858 36.074 0
      vertex 93.8858 41.926 0
      vertex 94 42.5 0
    endloop
  endfacet
  facet normal 0 0 -1
    outer loop
      vertex 93.5607 36.5607 0
      vertex 93.8858 41.926 0
      vertex 93.8858 36.074 0
    endloop
  endfacet
  facet normal 0 0 -1
    outer loop
      vertex 93.5607 36.5607 0
      vertex 93.5607 41.4393 0
      vertex 93.8858 41.926 0
    endloop
  endfacet
  facet normal 0 0 -1
    outer loop
      vertex 93.074 36.8858 0
      vertex 93.5607 41.4393 0
      vertex 93.5607 36.5607 0
    endloop
  endfacet
  facet normal 0 0 -1
    outer loop
      vertex 93.074 36.8858 0
      vertex 93.074 41.1142 0
      vertex 93.5607 41.4393 0
    endloop
  endfacet
  facet normal 0 0 -1
    outer loop
      vertex 92.5 37 0
      vertex 93.074 41.1142 0
      vertex 93.074 36.8858 0
    endloop
  endfacet
  facet normal 0 0 -1
    outer loop
      vertex 92.5 37 0
      vertex 92.5 41 0
      vertex 93.074 41.1142 0
    endloop
  endfacet
  facet normal 0 0 -1
    outer loop
      vertex 91.926 36.8858 0
      vertex 92.5 41 0
      vertex 92.5 37 0
    endloop
  endfacet
  facet normal 0 0 -1
    outer loop
      vertex 91.926 36.8858 0
      vertex 91.926 41.1142 0
      vertex 92.5 41 0
    endloop
  endfacet
  facet normal 0 0 -1
    outer loop
      vertex 91.4393 36.5607 0
      vertex 91.926 41.1142 0
      vertex 91.926 36.8858 0
    endloop
  endfacet
  facet normal 0 0 -1
    outer loop
      vertex 91.4393 36.5607 0
      vertex 91.4393 41.4393 0
      vertex 91.926 41.1142 0
    endloop
  endfacet
  facet normal 0 0 -1
    outer loop
      vertex 87 35.5 0
      vertex 91.4393 36.5607 0
      vertex 91.1142 36.074 0
    endloop
  endfacet
  facet normal -0 0 -1
    outer loop
      vertex 91.4393 36.5607 0
      vertex 87 35.5 0
      vertex 91.4393 41.4393 0
    endloop
  endfacet
  facet normal 0 0 -1
    outer loop
      vertex 87 35.5 0
      vertex 91.1142 36.074 0
      vertex 91 35.5 0
    endloop
  endfacet
  facet normal 0 0 -1
    outer loop
      vertex 87 42.5 0
      vertex 91.4393 41.4393 0
      vertex 87 35.5 0
    endloop
  endfacet
  facet normal 0 0 -1
    outer loop
      vertex 100.561 69.4393 0
      vertex 105 70.5 0
      vertex 100.561 64.5607 0
    endloop
  endfacet
  facet normal 0 0 -1
    outer loop
      vertex 105 70.5 0
      vertex 101 70.5 0
      vertex 105.114 71.074 0
    endloop
  endfacet
  facet normal 0 -0 -1
    outer loop
      vertex 100.886 69.926 0
      vertex 105 70.5 0
      vertex 100.561 69.4393 0
    endloop
  endfacet
  facet normal 0 -0 -1
    outer loop
      vertex 101 70.5 0
      vertex 105 70.5 0
      vertex 100.886 69.926 0
    endloop
  endfacet
  facet normal 0 0 -1
    outer loop
      vertex 100.074 64.8858 0
      vertex 100.561 69.4393 0
      vertex 100.561 64.5607 0
    endloop
  endfacet
  facet normal 0 0 -1
    outer loop
      vertex 100.074 64.8858 0
      vertex 100.074 69.1142 0
      vertex 100.561 69.4393 0
    endloop
  endfacet
  facet normal 0 0 -1
    outer loop
      vertex 99.5 65 0
      vertex 100.074 69.1142 0
      vertex 100.074 64.8858 0
    endloop
  endfacet
  facet normal 0 0 -1
    outer loop
      vertex 99.5 65 0
      vertex 99.5 69 0
      vertex 100.074 69.1142 0
    endloop
  endfacet
  facet normal 0 0 -1
    outer loop
      vertex 98.926 64.8858 0
      vertex 99.5 69 0
      vertex 99.5 65 0
    endloop
  endfacet
  facet normal 0 0 -1
    outer loop
      vertex 98.926 64.8858 0
      vertex 98.926 69.1142 0
      vertex 99.5 69 0
    endloop
  endfacet
  facet normal 0 0 -1
    outer loop
      vertex 98.4393 64.5607 0
      vertex 98.926 69.1142 0
      vertex 98.926 64.8858 0
    endloop
  endfacet
  facet normal 0 0 -1
    outer loop
      vertex 98.4393 64.5607 0
      vertex 98.4393 69.4393 0
      vertex 98.926 69.1142 0
    endloop
  endfacet
  facet normal 0 0 -1
    outer loop
      vertex 98.1142 64.074 0
      vertex 98.4393 69.4393 0
      vertex 98.4393 64.5607 0
    endloop
  endfacet
  facet normal 0 0 -1
    outer loop
      vertex 98.1142 64.074 0
      vertex 98.1142 69.926 0
      vertex 98.4393 69.4393 0
    endloop
  endfacet
  facet normal 0 0 -1
    outer loop
      vertex 98 63.5 0
      vertex 98.1142 69.926 0
      vertex 98.1142 64.074 0
    endloop
  endfacet
  facet normal -0 0 -1
    outer loop
      vertex 98.1142 69.926 0
      vertex 98 63.5 0
      vertex 98 70.5 0
    endloop
  endfacet
  facet normal 0 -0 -1
    outer loop
      vertex 101 63.5 0
      vertex 105 63.5 0
      vertex 100.886 62.926 0
    endloop
  endfacet
  facet normal 0 0 -1
    outer loop
      vertex 100.886 64.074 0
      vertex 105 63.5 0
      vertex 101 63.5 0
    endloop
  endfacet
  facet normal 0 -0 -1
    outer loop
      vertex 100.886 62.926 0
      vertex 105.114 62.926 0
      vertex 100.561 62.4393 0
    endloop
  endfacet
  facet normal 0 0 -1
    outer loop
      vertex 105.114 62.926 0
      vertex 100.886 62.926 0
      vertex 105 63.5 0
    endloop
  endfacet
  facet normal 0 0 -1
    outer loop
      vertex 100.074 57.8858 0
      vertex 100.561 62.4393 0
      vertex 100.561 57.5607 0
    endloop
  endfacet
  facet normal 0 0 -1
    outer loop
      vertex 100.074 57.8858 0
      vertex 100.074 62.1142 0
      vertex 100.561 62.4393 0
    endloop
  endfacet
  facet normal 0 0 -1
    outer loop
      vertex 99.5 58 0
      vertex 100.074 62.1142 0
      vertex 100.074 57.8858 0
    endloop
  endfacet
  facet normal 0 0 -1
    outer loop
      vertex 99.5 58 0
      vertex 99.5 62 0
      vertex 100.074 62.1142 0
    endloop
  endfacet
  facet normal 0 0 -1
    outer loop
      vertex 98.926 57.8858 0
      vertex 99.5 62 0
      vertex 99.5 58 0
    endloop
  endfacet
  facet normal 0 0 -1
    outer loop
      vertex 98.926 57.8858 0
      vertex 98.926 62.1142 0
      vertex 99.5 62 0
    endloop
  endfacet
  facet normal 0 0 -1
    outer loop
      vertex 98.4393 57.5607 0
      vertex 98.926 62.1142 0
      vertex 98.926 57.8858 0
    endloop
  endfacet
  facet normal 0 0 -1
    outer loop
      vertex 98.4393 57.5607 0
      vertex 98.4393 62.4393 0
      vertex 98.926 62.1142 0
    endloop
  endfacet
  facet normal 0 0 -1
    outer loop
      vertex 98.1142 57.074 0
      vertex 98.4393 62.4393 0
      vertex 98.4393 57.5607 0
    endloop
  endfacet
  facet normal 0 0 -1
    outer loop
      vertex 98.1142 57.074 0
      vertex 98.1142 62.926 0
      vertex 98.4393 62.4393 0
    endloop
  endfacet
  facet normal 0 0 -1
    outer loop
      vertex 93.5607 55.4393 0
      vertex 98.4393 55.4393 0
      vertex 93.5607 50.5607 0
    endloop
  endfacet
  facet normal 0 0 -1
    outer loop
      vertex 98.4393 55.4393 0
      vertex 93.5607 55.4393 0
      vertex 98.1142 55.926 0
    endloop
  endfacet
  facet normal 0 0 -1
    outer loop
      vertex 100.886 57.074 0
      vertex 105.114 57.074 0
      vertex 101 56.5 0
    endloop
  endfacet
  facet normal 0 0 -1
    outer loop
      vertex 100.561 57.5607 0
      vertex 105.114 57.074 0
      vertex 100.886 57.074 0
    endloop
  endfacet
  facet normal 0 0 -1
    outer loop
      vertex 105.114 55.926 0
      vertex 100.886 55.926 0
      vertex 105 56.5 0
    endloop
  endfacet
  facet normal 0 -0 -1
    outer loop
      vertex 101 56.5 0
      vertex 105 56.5 0
      vertex 100.886 55.926 0
    endloop
  endfacet
  facet normal 0 0 -1
    outer loop
      vertex 100.074 50.8858 0
      vertex 100.561 55.4393 0
      vertex 100.561 50.5607 0
    endloop
  endfacet
  facet normal 0 0 -1
    outer loop
      vertex 100.074 50.8858 0
      vertex 100.074 55.1142 0
      vertex 100.561 55.4393 0
    endloop
  endfacet
  facet normal 0 0 -1
    outer loop
      vertex 99.5 51 0
      vertex 100.074 55.1142 0
      vertex 100.074 50.8858 0
    endloop
  endfacet
  facet normal 0 0 -1
    outer loop
      vertex 99.5 51 0
      vertex 99.5 55 0
      vertex 100.074 55.1142 0
    endloop
  endfacet
  facet normal 0 0 -1
    outer loop
      vertex 98.926 50.8858 0
      vertex 99.5 55 0
      vertex 99.5 51 0
    endloop
  endfacet
  facet normal 0 0 -1
    outer loop
      vertex 98.926 50.8858 0
      vertex 98.926 55.1142 0
      vertex 99.5 55 0
    endloop
  endfacet
  facet normal 0 0 -1
    outer loop
      vertex 98.4393 50.5607 0
      vertex 98.926 55.1142 0
      vertex 98.926 50.8858 0
    endloop
  endfacet
  facet normal 0 0 -1
    outer loop
      vertex 98.4393 50.5607 0
      vertex 98.4393 55.4393 0
      vertex 98.926 55.1142 0
    endloop
  endfacet
  facet normal 0 0 -1
    outer loop
      vertex 93.8858 50.074 0
      vertex 98.1142 50.074 0
      vertex 94 49.5 0
    endloop
  endfacet
  facet normal 0 0 -1
    outer loop
      vertex 98.1142 50.074 0
      vertex 93.8858 50.074 0
      vertex 98.4393 50.5607 0
    endloop
  endfacet
  facet normal 0 0 -1
    outer loop
      vertex 98.1142 48.926 0
      vertex 94 49.5 0
      vertex 98 49.5 0
    endloop
  endfacet
  facet normal 0 0 -1
    outer loop
      vertex 98 49.5 0
      vertex 94 49.5 0
      vertex 98.1142 50.074 0
    endloop
  endfacet
  facet normal 0 0 -1
    outer loop
      vertex 100.886 43.074 0
      vertex 101 49.5 0
      vertex 101 42.5 0
    endloop
  endfacet
  facet normal 0 0 -1
    outer loop
      vertex 100.886 43.074 0
      vertex 100.886 48.926 0
      vertex 101 49.5 0
    endloop
  endfacet
  facet normal 0 0 -1
    outer loop
      vertex 100.561 43.5607 0
      vertex 100.886 48.926 0
      vertex 100.886 43.074 0
    endloop
  endfacet
  facet normal 0 0 -1
    outer loop
      vertex 100.561 43.5607 0
      vertex 100.561 48.4393 0
      vertex 100.886 48.926 0
    endloop
  endfacet
  facet normal 0 0 -1
    outer loop
      vertex 100.074 43.8858 0
      vertex 100.561 48.4393 0
      vertex 100.561 43.5607 0
    endloop
  endfacet
  facet normal 0 0 -1
    outer loop
      vertex 100.074 43.8858 0
      vertex 100.074 48.1142 0
      vertex 100.561 48.4393 0
    endloop
  endfacet
  facet normal 0 0 -1
    outer loop
      vertex 99.5 44 0
      vertex 100.074 48.1142 0
      vertex 100.074 43.8858 0
    endloop
  endfacet
  facet normal 0 0 -1
    outer loop
      vertex 99.5 44 0
      vertex 99.5 48 0
      vertex 100.074 48.1142 0
    endloop
  endfacet
  facet normal 0 0 -1
    outer loop
      vertex 98.926 43.8858 0
      vertex 99.5 48 0
      vertex 99.5 44 0
    endloop
  endfacet
  facet normal 0 0 -1
    outer loop
      vertex 98.926 43.8858 0
      vertex 98.926 48.1142 0
      vertex 99.5 48 0
    endloop
  endfacet
  facet normal 0 0 -1
    outer loop
      vertex 98.4393 43.5607 0
      vertex 98.926 48.1142 0
      vertex 98.926 43.8858 0
    endloop
  endfacet
  facet normal 0 0 -1
    outer loop
      vertex 98.4393 43.5607 0
      vertex 98.4393 48.4393 0
      vertex 98.926 48.1142 0
    endloop
  endfacet
  facet normal 0 0 -1
    outer loop
      vertex 94 42.5 0
      vertex 98.4393 43.5607 0
      vertex 98.1142 43.074 0
    endloop
  endfacet
  facet normal -0 0 -1
    outer loop
      vertex 98.4393 43.5607 0
      vertex 94 42.5 0
      vertex 98.4393 48.4393 0
    endloop
  endfacet
  facet normal 0 0 -1
    outer loop
      vertex 98.1142 41.926 0
      vertex 94 42.5 0
      vertex 98 42.5 0
    endloop
  endfacet
  facet normal 0 0 -1
    outer loop
      vertex 98 42.5 0
      vertex 94 42.5 0
      vertex 98.1142 43.074 0
    endloop
  endfacet
  facet normal 0 0 -1
    outer loop
      vertex 100.886 36.074 0
      vertex 101 42.5 0
      vertex 101 35.5 0
    endloop
  endfacet
  facet normal 0 0 -1
    outer loop
      vertex 100.886 36.074 0
      vertex 100.886 41.926 0
      vertex 101 42.5 0
    endloop
  endfacet
  facet normal 0 0 -1
    outer loop
      vertex 100.561 36.5607 0
      vertex 100.886 41.926 0
      vertex 100.886 36.074 0
    endloop
  endfacet
  facet normal 0 0 -1
    outer loop
      vertex 100.561 36.5607 0
      vertex 100.561 41.4393 0
      vertex 100.886 41.926 0
    endloop
  endfacet
  facet normal 0 0 -1
    outer loop
      vertex 100.074 36.8858 0
      vertex 100.561 41.4393 0
      vertex 100.561 36.5607 0
    endloop
  endfacet
  facet normal 0 0 -1
    outer loop
      vertex 100.074 36.8858 0
      vertex 100.074 41.1142 0
      vertex 100.561 41.4393 0
    endloop
  endfacet
  facet normal 0 0 -1
    outer loop
      vertex 99.5 37 0
      vertex 100.074 41.1142 0
      vertex 100.074 36.8858 0
    endloop
  endfacet
  facet normal 0 0 -1
    outer loop
      vertex 99.5 37 0
      vertex 99.5 41 0
      vertex 100.074 41.1142 0
    endloop
  endfacet
  facet normal 0 0 -1
    outer loop
      vertex 98.926 36.8858 0
      vertex 99.5 41 0
      vertex 99.5 37 0
    endloop
  endfacet
  facet normal 0 0 -1
    outer loop
      vertex 98.926 36.8858 0
      vertex 98.926 41.1142 0
      vertex 99.5 41 0
    endloop
  endfacet
  facet normal 0 0 -1
    outer loop
      vertex 98.4393 36.5607 0
      vertex 98.926 41.1142 0
      vertex 98.926 36.8858 0
    endloop
  endfacet
  facet normal 0 0 -1
    outer loop
      vertex 98.4393 36.5607 0
      vertex 98.4393 41.4393 0
      vertex 98.926 41.1142 0
    endloop
  endfacet
  facet normal 0 0 -1
    outer loop
      vertex 94 35.5 0
      vertex 98.4393 36.5607 0
      vertex 98.1142 36.074 0
    endloop
  endfacet
  facet normal -0 0 -1
    outer loop
      vertex 98.4393 36.5607 0
      vertex 94 35.5 0
      vertex 98.4393 41.4393 0
    endloop
  endfacet
  facet normal 0 0 -1
    outer loop
      vertex 94 35.5 0
      vertex 98.1142 36.074 0
      vertex 98 35.5 0
    endloop
  endfacet
  facet normal 0 0 -1
    outer loop
      vertex 94 42.5 0
      vertex 98.4393 41.4393 0
      vertex 94 35.5 0
    endloop
  endfacet
  facet normal 0 0 -1
    outer loop
      vertex 107.561 69.4393 0
      vertex 112 70.5 0
      vertex 107.561 64.5607 0
    endloop
  endfacet
  facet normal 0 0 -1
    outer loop
      vertex 112 70.5 0
      vertex 108 70.5 0
      vertex 112.114 71.074 0
    endloop
  endfacet
  facet normal 0 -0 -1
    outer loop
      vertex 107.886 69.926 0
      vertex 112 70.5 0
      vertex 107.561 69.4393 0
    endloop
  endfacet
  facet normal 0 -0 -1
    outer loop
      vertex 108 70.5 0
      vertex 112 70.5 0
      vertex 107.886 69.926 0
    endloop
  endfacet
  facet normal 0 0 -1
    outer loop
      vertex 107.074 64.8858 0
      vertex 107.561 69.4393 0
      vertex 107.561 64.5607 0
    endloop
  endfacet
  facet normal 0 0 -1
    outer loop
      vertex 107.074 64.8858 0
      vertex 107.074 69.1142 0
      vertex 107.561 69.4393 0
    endloop
  endfacet
  facet normal 0 0 -1
    outer loop
      vertex 106.5 65 0
      vertex 107.074 69.1142 0
      vertex 107.074 64.8858 0
    endloop
  endfacet
  facet normal 0 0 -1
    outer loop
      vertex 106.5 65 0
      vertex 106.5 69 0
      vertex 107.074 69.1142 0
    endloop
  endfacet
  facet normal 0 0 -1
    outer loop
      vertex 105.926 64.8858 0
      vertex 106.5 69 0
      vertex 106.5 65 0
    endloop
  endfacet
  facet normal 0 0 -1
    outer loop
      vertex 105.926 64.8858 0
      vertex 105.926 69.1142 0
      vertex 106.5 69 0
    endloop
  endfacet
  facet normal 0 0 -1
    outer loop
      vertex 105.439 64.5607 0
      vertex 105.926 69.1142 0
      vertex 105.926 64.8858 0
    endloop
  endfacet
  facet normal 0 0 -1
    outer loop
      vertex 105.439 64.5607 0
      vertex 105.439 69.4393 0
      vertex 105.926 69.1142 0
    endloop
  endfacet
  facet normal 0 0 -1
    outer loop
      vertex 105.114 64.074 0
      vertex 105.439 69.4393 0
      vertex 105.439 64.5607 0
    endloop
  endfacet
  facet normal 0 0 -1
    outer loop
      vertex 105.114 64.074 0
      vertex 105.114 69.926 0
      vertex 105.439 69.4393 0
    endloop
  endfacet
  facet normal 0 0 -1
    outer loop
      vertex 105 63.5 0
      vertex 105.114 69.926 0
      vertex 105.114 64.074 0
    endloop
  endfacet
  facet normal -0 0 -1
    outer loop
      vertex 105.114 69.926 0
      vertex 105 63.5 0
      vertex 105 70.5 0
    endloop
  endfacet
  facet normal 0 -0 -1
    outer loop
      vertex 108 63.5 0
      vertex 112 63.5 0
      vertex 107.886 62.926 0
    endloop
  endfacet
  facet normal 0 0 -1
    outer loop
      vertex 107.886 64.074 0
      vertex 112 63.5 0
      vertex 108 63.5 0
    endloop
  endfacet
  facet normal 0 -0 -1
    outer loop
      vertex 107.886 62.926 0
      vertex 112.114 62.926 0
      vertex 107.561 62.4393 0
    endloop
  endfacet
  facet normal 0 0 -1
    outer loop
      vertex 112.114 62.926 0
      vertex 107.886 62.926 0
      vertex 112 63.5 0
    endloop
  endfacet
  facet normal 0 0 -1
    outer loop
      vertex 107.074 57.8858 0
      vertex 107.561 62.4393 0
      vertex 107.561 57.5607 0
    endloop
  endfacet
  facet normal 0 0 -1
    outer loop
      vertex 107.074 57.8858 0
      vertex 107.074 62.1142 0
      vertex 107.561 62.4393 0
    endloop
  endfacet
  facet normal 0 0 -1
    outer loop
      vertex 106.5 58 0
      vertex 107.074 62.1142 0
      vertex 107.074 57.8858 0
    endloop
  endfacet
  facet normal 0 0 -1
    outer loop
      vertex 106.5 58 0
      vertex 106.5 62 0
      vertex 107.074 62.1142 0
    endloop
  endfacet
  facet normal 0 0 -1
    outer loop
      vertex 105.926 57.8858 0
      vertex 106.5 62 0
      vertex 106.5 58 0
    endloop
  endfacet
  facet normal 0 0 -1
    outer loop
      vertex 105.926 57.8858 0
      vertex 105.926 62.1142 0
      vertex 106.5 62 0
    endloop
  endfacet
  facet normal 0 0 -1
    outer loop
      vertex 105.439 57.5607 0
      vertex 105.926 62.1142 0
      vertex 105.926 57.8858 0
    endloop
  endfacet
  facet normal 0 0 -1
    outer loop
      vertex 105.439 57.5607 0
      vertex 105.439 62.4393 0
      vertex 105.926 62.1142 0
    endloop
  endfacet
  facet normal 0 0 -1
    outer loop
      vertex 105.114 57.074 0
      vertex 105.439 62.4393 0
      vertex 105.439 57.5607 0
    endloop
  endfacet
  facet normal 0 0 -1
    outer loop
      vertex 105.114 57.074 0
      vertex 105.114 62.926 0
      vertex 105.439 62.4393 0
    endloop
  endfacet
  facet normal 0 0 -1
    outer loop
      vertex 100.561 55.4393 0
      vertex 105.439 55.4393 0
      vertex 100.561 50.5607 0
    endloop
  endfacet
  facet normal 0 0 -1
    outer loop
      vertex 105.439 55.4393 0
      vertex 100.561 55.4393 0
      vertex 105.114 55.926 0
    endloop
  endfacet
  facet normal 0 0 -1
    outer loop
      vertex 107.886 57.074 0
      vertex 112.114 57.074 0
      vertex 108 56.5 0
    endloop
  endfacet
  facet normal 0 0 -1
    outer loop
      vertex 107.561 57.5607 0
      vertex 112.114 57.074 0
      vertex 107.886 57.074 0
    endloop
  endfacet
  facet normal 0 0 -1
    outer loop
      vertex 112.114 55.926 0
      vertex 107.886 55.926 0
      vertex 112 56.5 0
    endloop
  endfacet
  facet normal 0 -0 -1
    outer loop
      vertex 108 56.5 0
      vertex 112 56.5 0
      vertex 107.886 55.926 0
    endloop
  endfacet
  facet normal 0 0 -1
    outer loop
      vertex 107.074 50.8858 0
      vertex 107.561 55.4393 0
      vertex 107.561 50.5607 0
    endloop
  endfacet
  facet normal 0 0 -1
    outer loop
      vertex 107.074 50.8858 0
      vertex 107.074 55.1142 0
      vertex 107.561 55.4393 0
    endloop
  endfacet
  facet normal 0 0 -1
    outer loop
      vertex 106.5 51 0
      vertex 107.074 55.1142 0
      vertex 107.074 50.8858 0
    endloop
  endfacet
  facet normal 0 0 -1
    outer loop
      vertex 106.5 51 0
      vertex 106.5 55 0
      vertex 107.074 55.1142 0
    endloop
  endfacet
  facet normal 0 0 -1
    outer loop
      vertex 105.926 50.8858 0
      vertex 106.5 55 0
      vertex 106.5 51 0
    endloop
  endfacet
  facet normal 0 0 -1
    outer loop
      vertex 105.926 50.8858 0
      vertex 105.926 55.1142 0
      vertex 106.5 55 0
    endloop
  endfacet
  facet normal 0 0 -1
    outer loop
      vertex 105.439 50.5607 0
      vertex 105.926 55.1142 0
      vertex 105.926 50.8858 0
    endloop
  endfacet
  facet normal 0 0 -1
    outer loop
      vertex 105.439 50.5607 0
      vertex 105.439 55.4393 0
      vertex 105.926 55.1142 0
    endloop
  endfacet
  facet normal 0 0 -1
    outer loop
      vertex 100.886 50.074 0
      vertex 105.114 50.074 0
      vertex 101 49.5 0
    endloop
  endfacet
  facet normal 0 0 -1
    outer loop
      vertex 105.114 50.074 0
      vertex 100.886 50.074 0
      vertex 105.439 50.5607 0
    endloop
  endfacet
  facet normal 0 0 -1
    outer loop
      vertex 105.114 48.926 0
      vertex 101 49.5 0
      vertex 105 49.5 0
    endloop
  endfacet
  facet normal 0 0 -1
    outer loop
      vertex 105 49.5 0
      vertex 101 49.5 0
      vertex 105.114 50.074 0
    endloop
  endfacet
  facet normal 0 0 -1
    outer loop
      vertex 107.886 43.074 0
      vertex 108 49.5 0
      vertex 108 42.5 0
    endloop
  endfacet
  facet normal 0 0 -1
    outer loop
      vertex 107.886 43.074 0
      vertex 107.886 48.926 0
      vertex 108 49.5 0
    endloop
  endfacet
  facet normal 0 0 -1
    outer loop
      vertex 107.561 43.5607 0
      vertex 107.886 48.926 0
      vertex 107.886 43.074 0
    endloop
  endfacet
  facet normal 0 0 -1
    outer loop
      vertex 107.561 43.5607 0
      vertex 107.561 48.4393 0
      vertex 107.886 48.926 0
    endloop
  endfacet
  facet normal 0 0 -1
    outer loop
      vertex 107.074 43.8858 0
      vertex 107.561 48.4393 0
      vertex 107.561 43.5607 0
    endloop
  endfacet
  facet normal 0 0 -1
    outer loop
      vertex 107.074 43.8858 0
      vertex 107.074 48.1142 0
      vertex 107.561 48.4393 0
    endloop
  endfacet
  facet normal 0 0 -1
    outer loop
      vertex 106.5 44 0
      vertex 107.074 48.1142 0
      vertex 107.074 43.8858 0
    endloop
  endfacet
  facet normal 0 0 -1
    outer loop
      vertex 106.5 44 0
      vertex 106.5 48 0
      vertex 107.074 48.1142 0
    endloop
  endfacet
  facet normal 0 0 -1
    outer loop
      vertex 105.926 43.8858 0
      vertex 106.5 48 0
      vertex 106.5 44 0
    endloop
  endfacet
  facet normal 0 0 -1
    outer loop
      vertex 105.926 43.8858 0
      vertex 105.926 48.1142 0
      vertex 106.5 48 0
    endloop
  endfacet
  facet normal 0 0 -1
    outer loop
      vertex 105.439 43.5607 0
      vertex 105.926 48.1142 0
      vertex 105.926 43.8858 0
    endloop
  endfacet
  facet normal 0 0 -1
    outer loop
      vertex 105.439 43.5607 0
      vertex 105.439 48.4393 0
      vertex 105.926 48.1142 0
    endloop
  endfacet
  facet normal 0 0 -1
    outer loop
      vertex 101 42.5 0
      vertex 105.439 43.5607 0
      vertex 105.114 43.074 0
    endloop
  endfacet
  facet normal -0 0 -1
    outer loop
      vertex 105.439 43.5607 0
      vertex 101 42.5 0
      vertex 105.439 48.4393 0
    endloop
  endfacet
  facet normal 0 0 -1
    outer loop
      vertex 105.114 41.926 0
      vertex 101 42.5 0
      vertex 105 42.5 0
    endloop
  endfacet
  facet normal 0 0 -1
    outer loop
      vertex 105 42.5 0
      vertex 101 42.5 0
      vertex 105.114 43.074 0
    endloop
  endfacet
  facet normal 0 0 -1
    outer loop
      vertex 107.886 36.074 0
      vertex 108 42.5 0
      vertex 108 35.5 0
    endloop
  endfacet
  facet normal 0 0 -1
    outer loop
      vertex 107.886 36.074 0
      vertex 107.886 41.926 0
      vertex 108 42.5 0
    endloop
  endfacet
  facet normal 0 0 -1
    outer loop
      vertex 107.561 36.5607 0
      vertex 107.886 41.926 0
      vertex 107.886 36.074 0
    endloop
  endfacet
  facet normal 0 0 -1
    outer loop
      vertex 107.561 36.5607 0
      vertex 107.561 41.4393 0
      vertex 107.886 41.926 0
    endloop
  endfacet
  facet normal 0 0 -1
    outer loop
      vertex 107.074 36.8858 0
      vertex 107.561 41.4393 0
      vertex 107.561 36.5607 0
    endloop
  endfacet
  facet normal 0 0 -1
    outer loop
      vertex 107.074 36.8858 0
      vertex 107.074 41.1142 0
      vertex 107.561 41.4393 0
    endloop
  endfacet
  facet normal 0 0 -1
    outer loop
      vertex 106.5 37 0
      vertex 107.074 41.1142 0
      vertex 107.074 36.8858 0
    endloop
  endfacet
  facet normal 0 0 -1
    outer loop
      vertex 106.5 37 0
      vertex 106.5 41 0
      vertex 107.074 41.1142 0
    endloop
  endfacet
  facet normal 0 0 -1
    outer loop
      vertex 105.926 36.8858 0
      vertex 106.5 41 0
      vertex 106.5 37 0
    endloop
  endfacet
  facet normal 0 0 -1
    outer loop
      vertex 105.926 36.8858 0
      vertex 105.926 41.1142 0
      vertex 106.5 41 0
    endloop
  endfacet
  facet normal 0 0 -1
    outer loop
      vertex 105.439 36.5607 0
      vertex 105.926 41.1142 0
      vertex 105.926 36.8858 0
    endloop
  endfacet
  facet normal 0 0 -1
    outer loop
      vertex 105.439 36.5607 0
      vertex 105.439 41.4393 0
      vertex 105.926 41.1142 0
    endloop
  endfacet
  facet normal 0 0 -1
    outer loop
      vertex 101 35.5 0
      vertex 105.439 36.5607 0
      vertex 105.114 36.074 0
    endloop
  endfacet
  facet normal -0 0 -1
    outer loop
      vertex 105.439 36.5607 0
      vertex 101 35.5 0
      vertex 105.439 41.4393 0
    endloop
  endfacet
  facet normal 0 0 -1
    outer loop
      vertex 101 35.5 0
      vertex 105.114 36.074 0
      vertex 105 35.5 0
    endloop
  endfacet
  facet normal 0 0 -1
    outer loop
      vertex 101 42.5 0
      vertex 105.439 41.4393 0
      vertex 101 35.5 0
    endloop
  endfacet
  facet normal 0 0 -1
    outer loop
      vertex 114.561 69.4393 0
      vertex 119 70.5 0
      vertex 114.561 64.5607 0
    endloop
  endfacet
  facet normal 0 0 -1
    outer loop
      vertex 119 70.5 0
      vertex 115 70.5 0
      vertex 119.114 71.074 0
    endloop
  endfacet
  facet normal 0 -0 -1
    outer loop
      vertex 114.886 69.926 0
      vertex 119 70.5 0
      vertex 114.561 69.4393 0
    endloop
  endfacet
  facet normal 0 -0 -1
    outer loop
      vertex 115 70.5 0
      vertex 119 70.5 0
      vertex 114.886 69.926 0
    endloop
  endfacet
  facet normal 0 0 -1
    outer loop
      vertex 114.074 64.8858 0
      vertex 114.561 69.4393 0
      vertex 114.561 64.5607 0
    endloop
  endfacet
  facet normal 0 0 -1
    outer loop
      vertex 114.074 64.8858 0
      vertex 114.074 69.1142 0
      vertex 114.561 69.4393 0
    endloop
  endfacet
  facet normal 0 0 -1
    outer loop
      vertex 113.5 65 0
      vertex 114.074 69.1142 0
      vertex 114.074 64.8858 0
    endloop
  endfacet
  facet normal 0 0 -1
    outer loop
      vertex 113.5 65 0
      vertex 113.5 69 0
      vertex 114.074 69.1142 0
    endloop
  endfacet
  facet normal 0 0 -1
    outer loop
      vertex 112.926 64.8858 0
      vertex 113.5 69 0
      vertex 113.5 65 0
    endloop
  endfacet
  facet normal 0 0 -1
    outer loop
      vertex 112.926 64.8858 0
      vertex 112.926 69.1142 0
      vertex 113.5 69 0
    endloop
  endfacet
  facet normal 0 0 -1
    outer loop
      vertex 112.439 64.5607 0
      vertex 112.926 69.1142 0
      vertex 112.926 64.8858 0
    endloop
  endfacet
  facet normal 0 0 -1
    outer loop
      vertex 112.439 64.5607 0
      vertex 112.439 69.4393 0
      vertex 112.926 69.1142 0
    endloop
  endfacet
  facet normal 0 0 -1
    outer loop
      vertex 112.114 64.074 0
      vertex 112.439 69.4393 0
      vertex 112.439 64.5607 0
    endloop
  endfacet
  facet normal 0 0 -1
    outer loop
      vertex 112.114 64.074 0
      vertex 112.114 69.926 0
      vertex 112.439 69.4393 0
    endloop
  endfacet
  facet normal 0 0 -1
    outer loop
      vertex 112 63.5 0
      vertex 112.114 69.926 0
      vertex 112.114 64.074 0
    endloop
  endfacet
  facet normal -0 0 -1
    outer loop
      vertex 112.114 69.926 0
      vertex 112 63.5 0
      vertex 112 70.5 0
    endloop
  endfacet
  facet normal 0 -0 -1
    outer loop
      vertex 115 63.5 0
      vertex 119 63.5 0
      vertex 114.886 62.926 0
    endloop
  endfacet
  facet normal 0 0 -1
    outer loop
      vertex 114.886 64.074 0
      vertex 119 63.5 0
      vertex 115 63.5 0
    endloop
  endfacet
  facet normal 0 -0 -1
    outer loop
      vertex 114.886 62.926 0
      vertex 119.114 62.926 0
      vertex 114.561 62.4393 0
    endloop
  endfacet
  facet normal 0 0 -1
    outer loop
      vertex 119.114 62.926 0
      vertex 114.886 62.926 0
      vertex 119 63.5 0
    endloop
  endfacet
  facet normal 0 0 -1
    outer loop
      vertex 114.074 57.8858 0
      vertex 114.561 62.4393 0
      vertex 114.561 57.5607 0
    endloop
  endfacet
  facet normal 0 0 -1
    outer loop
      vertex 114.074 57.8858 0
      vertex 114.074 62.1142 0
      vertex 114.561 62.4393 0
    endloop
  endfacet
  facet normal 0 0 -1
    outer loop
      vertex 113.5 58 0
      vertex 114.074 62.1142 0
      vertex 114.074 57.8858 0
    endloop
  endfacet
  facet normal 0 0 -1
    outer loop
      vertex 113.5 58 0
      vertex 113.5 62 0
      vertex 114.074 62.1142 0
    endloop
  endfacet
  facet normal 0 0 -1
    outer loop
      vertex 112.926 57.8858 0
      vertex 113.5 62 0
      vertex 113.5 58 0
    endloop
  endfacet
  facet normal 0 0 -1
    outer loop
      vertex 112.926 57.8858 0
      vertex 112.926 62.1142 0
      vertex 113.5 62 0
    endloop
  endfacet
  facet normal 0 0 -1
    outer loop
      vertex 112.439 57.5607 0
      vertex 112.926 62.1142 0
      vertex 112.926 57.8858 0
    endloop
  endfacet
  facet normal 0 0 -1
    outer loop
      vertex 112.439 57.5607 0
      vertex 112.439 62.4393 0
      vertex 112.926 62.1142 0
    endloop
  endfacet
  facet normal 0 0 -1
    outer loop
      vertex 112.114 57.074 0
      vertex 112.439 62.4393 0
      vertex 112.439 57.5607 0
    endloop
  endfacet
  facet normal 0 0 -1
    outer loop
      vertex 112.114 57.074 0
      vertex 112.114 62.926 0
      vertex 112.439 62.4393 0
    endloop
  endfacet
  facet normal 0 0 -1
    outer loop
      vertex 107.561 55.4393 0
      vertex 112.439 55.4393 0
      vertex 107.561 50.5607 0
    endloop
  endfacet
  facet normal 0 0 -1
    outer loop
      vertex 112.439 55.4393 0
      vertex 107.561 55.4393 0
      vertex 112.114 55.926 0
    endloop
  endfacet
  facet normal 0 0 -1
    outer loop
      vertex 114.886 57.074 0
      vertex 119.114 57.074 0
      vertex 115 56.5 0
    endloop
  endfacet
  facet normal 0 0 -1
    outer loop
      vertex 114.561 57.5607 0
      vertex 119.114 57.074 0
      vertex 114.886 57.074 0
    endloop
  endfacet
  facet normal 0 0 -1
    outer loop
      vertex 119.114 55.926 0
      vertex 114.886 55.926 0
      vertex 119 56.5 0
    endloop
  endfacet
  facet normal 0 -0 -1
    outer loop
      vertex 115 56.5 0
      vertex 119 56.5 0
      vertex 114.886 55.926 0
    endloop
  endfacet
  facet normal 0 0 -1
    outer loop
      vertex 114.074 50.8858 0
      vertex 114.561 55.4393 0
      vertex 114.561 50.5607 0
    endloop
  endfacet
  facet normal 0 0 -1
    outer loop
      vertex 114.074 50.8858 0
      vertex 114.074 55.1142 0
      vertex 114.561 55.4393 0
    endloop
  endfacet
  facet normal 0 0 -1
    outer loop
      vertex 113.5 51 0
      vertex 114.074 55.1142 0
      vertex 114.074 50.8858 0
    endloop
  endfacet
  facet normal 0 0 -1
    outer loop
      vertex 113.5 51 0
      vertex 113.5 55 0
      vertex 114.074 55.1142 0
    endloop
  endfacet
  facet normal 0 0 -1
    outer loop
      vertex 112.926 50.8858 0
      vertex 113.5 55 0
      vertex 113.5 51 0
    endloop
  endfacet
  facet normal 0 0 -1
    outer loop
      vertex 112.926 50.8858 0
      vertex 112.926 55.1142 0
      vertex 113.5 55 0
    endloop
  endfacet
  facet normal 0 0 -1
    outer loop
      vertex 112.439 50.5607 0
      vertex 112.926 55.1142 0
      vertex 112.926 50.8858 0
    endloop
  endfacet
  facet normal 0 0 -1
    outer loop
      vertex 112.439 50.5607 0
      vertex 112.439 55.4393 0
      vertex 112.926 55.1142 0
    endloop
  endfacet
  facet normal 0 0 -1
    outer loop
      vertex 107.886 50.074 0
      vertex 112.114 50.074 0
      vertex 108 49.5 0
    endloop
  endfacet
  facet normal 0 0 -1
    outer loop
      vertex 112.114 50.074 0
      vertex 107.886 50.074 0
      vertex 112.439 50.5607 0
    endloop
  endfacet
  facet normal 0 0 -1
    outer loop
      vertex 112.114 48.926 0
      vertex 108 49.5 0
      vertex 112 49.5 0
    endloop
  endfacet
  facet normal 0 0 -1
    outer loop
      vertex 112 49.5 0
      vertex 108 49.5 0
      vertex 112.114 50.074 0
    endloop
  endfacet
  facet normal 0 0 -1
    outer loop
      vertex 114.886 43.074 0
      vertex 115 49.5 0
      vertex 115 42.5 0
    endloop
  endfacet
  facet normal 0 0 -1
    outer loop
      vertex 114.886 43.074 0
      vertex 114.886 48.926 0
      vertex 115 49.5 0
    endloop
  endfacet
  facet normal 0 0 -1
    outer loop
      vertex 114.561 43.5607 0
      vertex 114.886 48.926 0
      vertex 114.886 43.074 0
    endloop
  endfacet
  facet normal 0 0 -1
    outer loop
      vertex 114.561 43.5607 0
      vertex 114.561 48.4393 0
      vertex 114.886 48.926 0
    endloop
  endfacet
  facet normal 0 0 -1
    outer loop
      vertex 114.074 43.8858 0
      vertex 114.561 48.4393 0
      vertex 114.561 43.5607 0
    endloop
  endfacet
  facet normal 0 0 -1
    outer loop
      vertex 114.074 43.8858 0
      vertex 114.074 48.1142 0
      vertex 114.561 48.4393 0
    endloop
  endfacet
  facet normal 0 0 -1
    outer loop
      vertex 113.5 44 0
      vertex 114.074 48.1142 0
      vertex 114.074 43.8858 0
    endloop
  endfacet
  facet normal 0 0 -1
    outer loop
      vertex 113.5 44 0
      vertex 113.5 48 0
      vertex 114.074 48.1142 0
    endloop
  endfacet
  facet normal 0 0 -1
    outer loop
      vertex 112.926 43.8858 0
      vertex 113.5 48 0
      vertex 113.5 44 0
    endloop
  endfacet
  facet normal 0 0 -1
    outer loop
      vertex 112.926 43.8858 0
      vertex 112.926 48.1142 0
      vertex 113.5 48 0
    endloop
  endfacet
  facet normal 0 0 -1
    outer loop
      vertex 112.439 43.5607 0
      vertex 112.926 48.1142 0
      vertex 112.926 43.8858 0
    endloop
  endfacet
  facet normal 0 0 -1
    outer loop
      vertex 112.439 43.5607 0
      vertex 112.439 48.4393 0
      vertex 112.926 48.1142 0
    endloop
  endfacet
  facet normal 0 0 -1
    outer loop
      vertex 108 42.5 0
      vertex 112.439 43.5607 0
      vertex 112.114 43.074 0
    endloop
  endfacet
  facet normal -0 0 -1
    outer loop
      vertex 112.439 43.5607 0
      vertex 108 42.5 0
      vertex 112.439 48.4393 0
    endloop
  endfacet
  facet normal 0 0 -1
    outer loop
      vertex 112.114 41.926 0
      vertex 108 42.5 0
      vertex 112 42.5 0
    endloop
  endfacet
  facet normal 0 0 -1
    outer loop
      vertex 112 42.5 0
      vertex 108 42.5 0
      vertex 112.114 43.074 0
    endloop
  endfacet
  facet normal 0 0 -1
    outer loop
      vertex 114.886 36.074 0
      vertex 115 42.5 0
      vertex 115 35.5 0
    endloop
  endfacet
  facet normal 0 0 -1
    outer loop
      vertex 114.886 36.074 0
      vertex 114.886 41.926 0
      vertex 115 42.5 0
    endloop
  endfacet
  facet normal 0 0 -1
    outer loop
      vertex 114.561 36.5607 0
      vertex 114.886 41.926 0
      vertex 114.886 36.074 0
    endloop
  endfacet
  facet normal 0 0 -1
    outer loop
      vertex 114.561 36.5607 0
      vertex 114.561 41.4393 0
      vertex 114.886 41.926 0
    endloop
  endfacet
  facet normal 0 0 -1
    outer loop
      vertex 114.074 36.8858 0
      vertex 114.561 41.4393 0
      vertex 114.561 36.5607 0
    endloop
  endfacet
  facet normal 0 0 -1
    outer loop
      vertex 114.074 36.8858 0
      vertex 114.074 41.1142 0
      vertex 114.561 41.4393 0
    endloop
  endfacet
  facet normal 0 0 -1
    outer loop
      vertex 113.5 37 0
      vertex 114.074 41.1142 0
      vertex 114.074 36.8858 0
    endloop
  endfacet
  facet normal 0 0 -1
    outer loop
      vertex 113.5 37 0
      vertex 113.5 41 0
      vertex 114.074 41.1142 0
    endloop
  endfacet
  facet normal 0 0 -1
    outer loop
      vertex 112.926 36.8858 0
      vertex 113.5 41 0
      vertex 113.5 37 0
    endloop
  endfacet
  facet normal 0 0 -1
    outer loop
      vertex 112.926 36.8858 0
      vertex 112.926 41.1142 0
      vertex 113.5 41 0
    endloop
  endfacet
  facet normal 0 0 -1
    outer loop
      vertex 112.439 36.5607 0
      vertex 112.926 41.1142 0
      vertex 112.926 36.8858 0
    endloop
  endfacet
  facet normal 0 0 -1
    outer loop
      vertex 112.439 36.5607 0
      vertex 112.439 41.4393 0
      vertex 112.926 41.1142 0
    endloop
  endfacet
  facet normal 0 0 -1
    outer loop
      vertex 108 35.5 0
      vertex 112.439 36.5607 0
      vertex 112.114 36.074 0
    endloop
  endfacet
  facet normal -0 0 -1
    outer loop
      vertex 112.439 36.5607 0
      vertex 108 35.5 0
      vertex 112.439 41.4393 0
    endloop
  endfacet
  facet normal 0 0 -1
    outer loop
      vertex 108 35.5 0
      vertex 112.114 36.074 0
      vertex 112 35.5 0
    endloop
  endfacet
  facet normal 0 0 -1
    outer loop
      vertex 108 42.5 0
      vertex 112.439 41.4393 0
      vertex 108 35.5 0
    endloop
  endfacet
  facet normal 0 0 -1
    outer loop
      vertex 121.886 64.074 0
      vertex 122 70.5 0
      vertex 122 63.5 0
    endloop
  endfacet
  facet normal 0 0 -1
    outer loop
      vertex 121.886 64.074 0
      vertex 121.886 69.926 0
      vertex 122 70.5 0
    endloop
  endfacet
  facet normal 0 0 -1
    outer loop
      vertex 121.561 64.5607 0
      vertex 121.886 69.926 0
      vertex 121.886 64.074 0
    endloop
  endfacet
  facet normal 0 0 -1
    outer loop
      vertex 121.561 64.5607 0
      vertex 121.561 69.4393 0
      vertex 121.886 69.926 0
    endloop
  endfacet
  facet normal 0 0 -1
    outer loop
      vertex 121.074 64.8858 0
      vertex 121.561 69.4393 0
      vertex 121.561 64.5607 0
    endloop
  endfacet
  facet normal 0 0 -1
    outer loop
      vertex 121.074 64.8858 0
      vertex 121.074 69.1142 0
      vertex 121.561 69.4393 0
    endloop
  endfacet
  facet normal 0 0 -1
    outer loop
      vertex 120.5 65 0
      vertex 121.074 69.1142 0
      vertex 121.074 64.8858 0
    endloop
  endfacet
  facet normal 0 0 -1
    outer loop
      vertex 120.5 65 0
      vertex 120.5 69 0
      vertex 121.074 69.1142 0
    endloop
  endfacet
  facet normal 0 0 -1
    outer loop
      vertex 119.926 64.8858 0
      vertex 120.5 69 0
      vertex 120.5 65 0
    endloop
  endfacet
  facet normal 0 0 -1
    outer loop
      vertex 119.926 64.8858 0
      vertex 119.926 69.1142 0
      vertex 120.5 69 0
    endloop
  endfacet
  facet normal 0 0 -1
    outer loop
      vertex 119.439 64.5607 0
      vertex 119.926 69.1142 0
      vertex 119.926 64.8858 0
    endloop
  endfacet
  facet normal 0 0 -1
    outer loop
      vertex 119.439 64.5607 0
      vertex 119.439 69.4393 0
      vertex 119.926 69.1142 0
    endloop
  endfacet
  facet normal 0 0 -1
    outer loop
      vertex 119.114 64.074 0
      vertex 119.439 69.4393 0
      vertex 119.439 64.5607 0
    endloop
  endfacet
  facet normal 0 0 -1
    outer loop
      vertex 119.114 64.074 0
      vertex 119.114 69.926 0
      vertex 119.439 69.4393 0
    endloop
  endfacet
  facet normal 0 0 -1
    outer loop
      vertex 119 63.5 0
      vertex 119.114 69.926 0
      vertex 119.114 64.074 0
    endloop
  endfacet
  facet normal -0 0 -1
    outer loop
      vertex 119.114 69.926 0
      vertex 119 63.5 0
      vertex 119 70.5 0
    endloop
  endfacet
  facet normal 0 0 -1
    outer loop
      vertex 121.886 57.074 0
      vertex 122 63.5 0
      vertex 122 56.5 0
    endloop
  endfacet
  facet normal 0 0 -1
    outer loop
      vertex 121.886 57.074 0
      vertex 121.886 62.926 0
      vertex 122 63.5 0
    endloop
  endfacet
  facet normal 0 0 -1
    outer loop
      vertex 121.561 57.5607 0
      vertex 121.886 62.926 0
      vertex 121.886 57.074 0
    endloop
  endfacet
  facet normal 0 0 -1
    outer loop
      vertex 121.561 57.5607 0
      vertex 121.561 62.4393 0
      vertex 121.886 62.926 0
    endloop
  endfacet
  facet normal 0 0 -1
    outer loop
      vertex 121.074 57.8858 0
      vertex 121.561 62.4393 0
      vertex 121.561 57.5607 0
    endloop
  endfacet
  facet normal 0 0 -1
    outer loop
      vertex 121.074 57.8858 0
      vertex 121.074 62.1142 0
      vertex 121.561 62.4393 0
    endloop
  endfacet
  facet normal 0 0 -1
    outer loop
      vertex 120.5 58 0
      vertex 121.074 62.1142 0
      vertex 121.074 57.8858 0
    endloop
  endfacet
  facet normal 0 0 -1
    outer loop
      vertex 120.5 58 0
      vertex 120.5 62 0
      vertex 121.074 62.1142 0
    endloop
  endfacet
  facet normal 0 0 -1
    outer loop
      vertex 119.926 57.8858 0
      vertex 120.5 62 0
      vertex 120.5 58 0
    endloop
  endfacet
  facet normal 0 0 -1
    outer loop
      vertex 119.926 57.8858 0
      vertex 119.926 62.1142 0
      vertex 120.5 62 0
    endloop
  endfacet
  facet normal 0 0 -1
    outer loop
      vertex 119.439 57.5607 0
      vertex 119.926 62.1142 0
      vertex 119.926 57.8858 0
    endloop
  endfacet
  facet normal 0 0 -1
    outer loop
      vertex 119.439 57.5607 0
      vertex 119.439 62.4393 0
      vertex 119.926 62.1142 0
    endloop
  endfacet
  facet normal 0 0 -1
    outer loop
      vertex 119.114 57.074 0
      vertex 119.439 62.4393 0
      vertex 119.439 57.5607 0
    endloop
  endfacet
  facet normal 0 0 -1
    outer loop
      vertex 119.114 57.074 0
      vertex 119.114 62.926 0
      vertex 119.439 62.4393 0
    endloop
  endfacet
  facet normal 0 0 -1
    outer loop
      vertex 114.561 55.4393 0
      vertex 119.439 55.4393 0
      vertex 114.561 50.5607 0
    endloop
  endfacet
  facet normal 0 0 -1
    outer loop
      vertex 119.439 55.4393 0
      vertex 114.561 55.4393 0
      vertex 119.114 55.926 0
    endloop
  endfacet
  facet normal 0 0 -1
    outer loop
      vertex 121.886 50.074 0
      vertex 122 56.5 0
      vertex 122 49.5 0
    endloop
  endfacet
  facet normal 0 0 -1
    outer loop
      vertex 121.886 50.074 0
      vertex 121.886 55.926 0
      vertex 122 56.5 0
    endloop
  endfacet
  facet normal 0 0 -1
    outer loop
      vertex 121.561 50.5607 0
      vertex 121.886 55.926 0
      vertex 121.886 50.074 0
    endloop
  endfacet
  facet normal 0 0 -1
    outer loop
      vertex 121.561 50.5607 0
      vertex 121.561 55.4393 0
      vertex 121.886 55.926 0
    endloop
  endfacet
  facet normal 0 0 -1
    outer loop
      vertex 121.074 50.8858 0
      vertex 121.561 55.4393 0
      vertex 121.561 50.5607 0
    endloop
  endfacet
  facet normal 0 0 -1
    outer loop
      vertex 121.074 50.8858 0
      vertex 121.074 55.1142 0
      vertex 121.561 55.4393 0
    endloop
  endfacet
  facet normal 0 0 -1
    outer loop
      vertex 120.5 51 0
      vertex 121.074 55.1142 0
      vertex 121.074 50.8858 0
    endloop
  endfacet
  facet normal 0 0 -1
    outer loop
      vertex 120.5 51 0
      vertex 120.5 55 0
      vertex 121.074 55.1142 0
    endloop
  endfacet
  facet normal 0 0 -1
    outer loop
      vertex 119.926 50.8858 0
      vertex 120.5 55 0
      vertex 120.5 51 0
    endloop
  endfacet
  facet normal 0 0 -1
    outer loop
      vertex 119.926 50.8858 0
      vertex 119.926 55.1142 0
      vertex 120.5 55 0
    endloop
  endfacet
  facet normal 0 0 -1
    outer loop
      vertex 119.439 50.5607 0
      vertex 119.926 55.1142 0
      vertex 119.926 50.8858 0
    endloop
  endfacet
  facet normal 0 0 -1
    outer loop
      vertex 119.439 50.5607 0
      vertex 119.439 55.4393 0
      vertex 119.926 55.1142 0
    endloop
  endfacet
  facet normal 0 0 -1
    outer loop
      vertex 114.886 50.074 0
      vertex 119.114 50.074 0
      vertex 115 49.5 0
    endloop
  endfacet
  facet normal 0 0 -1
    outer loop
      vertex 119.114 50.074 0
      vertex 114.886 50.074 0
      vertex 119.439 50.5607 0
    endloop
  endfacet
  facet normal 0 0 -1
    outer loop
      vertex 119.114 48.926 0
      vertex 115 49.5 0
      vertex 119 49.5 0
    endloop
  endfacet
  facet normal 0 0 -1
    outer loop
      vertex 119 49.5 0
      vertex 115 49.5 0
      vertex 119.114 50.074 0
    endloop
  endfacet
  facet normal 0 0 -1
    outer loop
      vertex 121.886 43.074 0
      vertex 122 49.5 0
      vertex 122 42.5 0
    endloop
  endfacet
  facet normal 0 0 -1
    outer loop
      vertex 121.886 43.074 0
      vertex 121.886 48.926 0
      vertex 122 49.5 0
    endloop
  endfacet
  facet normal 0 0 -1
    outer loop
      vertex 121.561 43.5607 0
      vertex 121.886 48.926 0
      vertex 121.886 43.074 0
    endloop
  endfacet
  facet normal 0 0 -1
    outer loop
      vertex 121.561 43.5607 0
      vertex 121.561 48.4393 0
      vertex 121.886 48.926 0
    endloop
  endfacet
  facet normal 0 0 -1
    outer loop
      vertex 121.074 43.8858 0
      vertex 121.561 48.4393 0
      vertex 121.561 43.5607 0
    endloop
  endfacet
  facet normal 0 0 -1
    outer loop
      vertex 121.074 43.8858 0
      vertex 121.074 48.1142 0
      vertex 121.561 48.4393 0
    endloop
  endfacet
  facet normal 0 0 -1
    outer loop
      vertex 120.5 44 0
      vertex 121.074 48.1142 0
      vertex 121.074 43.8858 0
    endloop
  endfacet
  facet normal 0 0 -1
    outer loop
      vertex 120.5 44 0
      vertex 120.5 48 0
      vertex 121.074 48.1142 0
    endloop
  endfacet
  facet normal 0 0 -1
    outer loop
      vertex 119.926 43.8858 0
      vertex 120.5 48 0
      vertex 120.5 44 0
    endloop
  endfacet
  facet normal 0 0 -1
    outer loop
      vertex 119.926 43.8858 0
      vertex 119.926 48.1142 0
      vertex 120.5 48 0
    endloop
  endfacet
  facet normal 0 0 -1
    outer loop
      vertex 119.439 43.5607 0
      vertex 119.926 48.1142 0
      vertex 119.926 43.8858 0
    endloop
  endfacet
  facet normal 0 0 -1
    outer loop
      vertex 119.439 43.5607 0
      vertex 119.439 48.4393 0
      vertex 119.926 48.1142 0
    endloop
  endfacet
  facet normal 0 0 -1
    outer loop
      vertex 115 42.5 0
      vertex 119.439 43.5607 0
      vertex 119.114 43.074 0
    endloop
  endfacet
  facet normal -0 0 -1
    outer loop
      vertex 119.439 43.5607 0
      vertex 115 42.5 0
      vertex 119.439 48.4393 0
    endloop
  endfacet
  facet normal 0 0 -1
    outer loop
      vertex 119.114 41.926 0
      vertex 115 42.5 0
      vertex 119 42.5 0
    endloop
  endfacet
  facet normal 0 0 -1
    outer loop
      vertex 119 42.5 0
      vertex 115 42.5 0
      vertex 119.114 43.074 0
    endloop
  endfacet
  facet normal 0 0 -1
    outer loop
      vertex 121.886 36.074 0
      vertex 122 42.5 0
      vertex 122 35.5 0
    endloop
  endfacet
  facet normal 0 0 -1
    outer loop
      vertex 121.886 36.074 0
      vertex 121.886 41.926 0
      vertex 122 42.5 0
    endloop
  endfacet
  facet normal 0 0 -1
    outer loop
      vertex 121.561 36.5607 0
      vertex 121.886 41.926 0
      vertex 121.886 36.074 0
    endloop
  endfacet
  facet normal 0 0 -1
    outer loop
      vertex 121.561 36.5607 0
      vertex 121.561 41.4393 0
      vertex 121.886 41.926 0
    endloop
  endfacet
  facet normal 0 0 -1
    outer loop
      vertex 121.074 36.8858 0
      vertex 121.561 41.4393 0
      vertex 121.561 36.5607 0
    endloop
  endfacet
  facet normal 0 0 -1
    outer loop
      vertex 121.074 36.8858 0
      vertex 121.074 41.1142 0
      vertex 121.561 41.4393 0
    endloop
  endfacet
  facet normal 0 0 -1
    outer loop
      vertex 120.5 37 0
      vertex 121.074 41.1142 0
      vertex 121.074 36.8858 0
    endloop
  endfacet
  facet normal 0 0 -1
    outer loop
      vertex 120.5 37 0
      vertex 120.5 41 0
      vertex 121.074 41.1142 0
    endloop
  endfacet
  facet normal 0 0 -1
    outer loop
      vertex 119.926 36.8858 0
      vertex 120.5 41 0
      vertex 120.5 37 0
    endloop
  endfacet
  facet normal 0 0 -1
    outer loop
      vertex 119.926 36.8858 0
      vertex 119.926 41.1142 0
      vertex 120.5 41 0
    endloop
  endfacet
  facet normal 0 0 -1
    outer loop
      vertex 119.439 36.5607 0
      vertex 119.926 41.1142 0
      vertex 119.926 36.8858 0
    endloop
  endfacet
  facet normal 0 0 -1
    outer loop
      vertex 119.439 36.5607 0
      vertex 119.439 41.4393 0
      vertex 119.926 41.1142 0
    endloop
  endfacet
  facet normal 0 0 -1
    outer loop
      vertex 115 35.5 0
      vertex 119.439 36.5607 0
      vertex 119.114 36.074 0
    endloop
  endfacet
  facet normal -0 0 -1
    outer loop
      vertex 119.439 36.5607 0
      vertex 115 35.5 0
      vertex 119.439 41.4393 0
    endloop
  endfacet
  facet normal 0 0 -1
    outer loop
      vertex 115 35.5 0
      vertex 119.114 36.074 0
      vertex 119 35.5 0
    endloop
  endfacet
  facet normal 0 0 -1
    outer loop
      vertex 115 42.5 0
      vertex 119.439 41.4393 0
      vertex 115 35.5 0
    endloop
  endfacet
  facet normal 0 0 -1
    outer loop
      vertex 140 18 0
      vertex 121.886 34.926 0
      vertex 122 35.5 0
    endloop
  endfacet
  facet normal 0 0 -1
    outer loop
      vertex 140 18 0
      vertex 121.561 34.4393 0
      vertex 121.886 34.926 0
    endloop
  endfacet
  facet normal 0 0 -1
    outer loop
      vertex 140 18 0
      vertex 121.074 34.1142 0
      vertex 121.561 34.4393 0
    endloop
  endfacet
  facet normal 0 0 -1
    outer loop
      vertex 140 18 0
      vertex 120.5 34 0
      vertex 121.074 34.1142 0
    endloop
  endfacet
  facet normal 0 0 -1
    outer loop
      vertex 113.5 34 0
      vertex 120.5 34 0
      vertex 140 18 0
    endloop
  endfacet
  facet normal 0 0 -1
    outer loop
      vertex 120.5 34 0
      vertex 113.5 34 0
      vertex 119.926 34.1142 0
    endloop
  endfacet
  facet normal 0 0 -1
    outer loop
      vertex 119.439 41.4393 0
      vertex 115 42.5 0
      vertex 119.114 41.926 0
    endloop
  endfacet
  facet normal 0 0 -1
    outer loop
      vertex 115 49.5 0
      vertex 119.439 48.4393 0
      vertex 115 42.5 0
    endloop
  endfacet
  facet normal 0 0 -1
    outer loop
      vertex 119.439 48.4393 0
      vertex 115 49.5 0
      vertex 119.114 48.926 0
    endloop
  endfacet
  facet normal 0 0 -1
    outer loop
      vertex 114.561 50.5607 0
      vertex 119.439 50.5607 0
      vertex 114.886 50.074 0
    endloop
  endfacet
  facet normal 0 0 -1
    outer loop
      vertex 119.439 50.5607 0
      vertex 114.561 50.5607 0
      vertex 119.439 55.4393 0
    endloop
  endfacet
  facet normal 0 0 -1
    outer loop
      vertex 119.114 34.926 0
      vertex 115 35.5 0
      vertex 119 35.5 0
    endloop
  endfacet
  facet normal 0 0 -1
    outer loop
      vertex 114.886 34.926 0
      vertex 119.114 34.926 0
      vertex 119.439 34.4393 0
    endloop
  endfacet
  facet normal 0 0 -1
    outer loop
      vertex 119.926 34.1142 0
      vertex 114.074 34.1142 0
      vertex 119.439 34.4393 0
    endloop
  endfacet
  facet normal 0 0 -1
    outer loop
      vertex 119.114 34.926 0
      vertex 114.886 34.926 0
      vertex 115 35.5 0
    endloop
  endfacet
  facet normal 0 0 -1
    outer loop
      vertex 119.439 34.4393 0
      vertex 114.561 34.4393 0
      vertex 114.886 34.926 0
    endloop
  endfacet
  facet normal -0 0 -1
    outer loop
      vertex 119.439 34.4393 0
      vertex 114.074 34.1142 0
      vertex 114.561 34.4393 0
    endloop
  endfacet
  facet normal -0 0 -1
    outer loop
      vertex 119.926 34.1142 0
      vertex 113.5 34 0
      vertex 114.074 34.1142 0
    endloop
  endfacet
  facet normal 0 0 -1
    outer loop
      vertex 106.5 34 0
      vertex 113.5 34 0
      vertex 140 18 0
    endloop
  endfacet
  facet normal 0 0 -1
    outer loop
      vertex 112.439 41.4393 0
      vertex 108 42.5 0
      vertex 112.114 41.926 0
    endloop
  endfacet
  facet normal 0 0 -1
    outer loop
      vertex 108 49.5 0
      vertex 112.439 48.4393 0
      vertex 108 42.5 0
    endloop
  endfacet
  facet normal 0 0 -1
    outer loop
      vertex 112.439 48.4393 0
      vertex 108 49.5 0
      vertex 112.114 48.926 0
    endloop
  endfacet
  facet normal 0 0 -1
    outer loop
      vertex 107.561 50.5607 0
      vertex 112.439 50.5607 0
      vertex 107.886 50.074 0
    endloop
  endfacet
  facet normal 0 0 -1
    outer loop
      vertex 112.439 50.5607 0
      vertex 107.561 50.5607 0
      vertex 112.439 55.4393 0
    endloop
  endfacet
  facet normal 0 0 -1
    outer loop
      vertex 112.114 34.926 0
      vertex 108 35.5 0
      vertex 112 35.5 0
    endloop
  endfacet
  facet normal 0 0 -1
    outer loop
      vertex 107.886 34.926 0
      vertex 112.114 34.926 0
      vertex 112.439 34.4393 0
    endloop
  endfacet
  facet normal 0 0 -1
    outer loop
      vertex 107.561 34.4393 0
      vertex 112.439 34.4393 0
      vertex 112.926 34.1142 0
    endloop
  endfacet
  facet normal 0 0 -1
    outer loop
      vertex 113.5 34 0
      vertex 106.5 34 0
      vertex 112.926 34.1142 0
    endloop
  endfacet
  facet normal 0 0 -1
    outer loop
      vertex 112.114 34.926 0
      vertex 107.886 34.926 0
      vertex 108 35.5 0
    endloop
  endfacet
  facet normal 0 0 -1
    outer loop
      vertex 112.439 34.4393 0
      vertex 107.561 34.4393 0
      vertex 107.886 34.926 0
    endloop
  endfacet
  facet normal 0 0 -1
    outer loop
      vertex 112.926 34.1142 0
      vertex 107.074 34.1142 0
      vertex 107.561 34.4393 0
    endloop
  endfacet
  facet normal -0 0 -1
    outer loop
      vertex 112.926 34.1142 0
      vertex 106.5 34 0
      vertex 107.074 34.1142 0
    endloop
  endfacet
  facet normal 0 0 -1
    outer loop
      vertex 78 18 0
      vertex 106.5 34 0
      vertex 140 18 0
    endloop
  endfacet
  facet normal 0 0 -1
    outer loop
      vertex 105.439 41.4393 0
      vertex 101 42.5 0
      vertex 105.114 41.926 0
    endloop
  endfacet
  facet normal 0 0 -1
    outer loop
      vertex 101 49.5 0
      vertex 105.439 48.4393 0
      vertex 101 42.5 0
    endloop
  endfacet
  facet normal 0 0 -1
    outer loop
      vertex 105.439 48.4393 0
      vertex 101 49.5 0
      vertex 105.114 48.926 0
    endloop
  endfacet
  facet normal 0 0 -1
    outer loop
      vertex 100.561 50.5607 0
      vertex 105.439 50.5607 0
      vertex 100.886 50.074 0
    endloop
  endfacet
  facet normal 0 0 -1
    outer loop
      vertex 105.439 50.5607 0
      vertex 100.561 50.5607 0
      vertex 105.439 55.4393 0
    endloop
  endfacet
  facet normal 0 0 -1
    outer loop
      vertex 105.114 34.926 0
      vertex 101 35.5 0
      vertex 105 35.5 0
    endloop
  endfacet
  facet normal 0 0 -1
    outer loop
      vertex 100.886 34.926 0
      vertex 105.114 34.926 0
      vertex 105.439 34.4393 0
    endloop
  endfacet
  facet normal 0 0 -1
    outer loop
      vertex 100.561 34.4393 0
      vertex 105.439 34.4393 0
      vertex 105.926 34.1142 0
    endloop
  endfacet
  facet normal 0 -0 -1
    outer loop
      vertex 99.5 34 0
      vertex 106.5 34 0
      vertex 78 18 0
    endloop
  endfacet
  facet normal 0 0 -1
    outer loop
      vertex 105.114 34.926 0
      vertex 100.886 34.926 0
      vertex 101 35.5 0
    endloop
  endfacet
  facet normal 0 0 -1
    outer loop
      vertex 105.439 34.4393 0
      vertex 100.561 34.4393 0
      vertex 100.886 34.926 0
    endloop
  endfacet
  facet normal 0 0 -1
    outer loop
      vertex 105.926 34.1142 0
      vertex 100.074 34.1142 0
      vertex 100.561 34.4393 0
    endloop
  endfacet
  facet normal 0 0 -1
    outer loop
      vertex 106.5 34 0
      vertex 99.5 34 0
      vertex 105.926 34.1142 0
    endloop
  endfacet
  facet normal -0 0 -1
    outer loop
      vertex 105.926 34.1142 0
      vertex 99.5 34 0
      vertex 100.074 34.1142 0
    endloop
  endfacet
  facet normal 0 0 -1
    outer loop
      vertex 98.4393 41.4393 0
      vertex 94 42.5 0
      vertex 98.1142 41.926 0
    endloop
  endfacet
  facet normal 0 0 -1
    outer loop
      vertex 94 49.5 0
      vertex 98.4393 48.4393 0
      vertex 94 42.5 0
    endloop
  endfacet
  facet normal 0 0 -1
    outer loop
      vertex 98.4393 48.4393 0
      vertex 94 49.5 0
      vertex 98.1142 48.926 0
    endloop
  endfacet
  facet normal 0 0 -1
    outer loop
      vertex 93.5607 50.5607 0
      vertex 98.4393 50.5607 0
      vertex 93.8858 50.074 0
    endloop
  endfacet
  facet normal 0 0 -1
    outer loop
      vertex 98.4393 50.5607 0
      vertex 93.5607 50.5607 0
      vertex 98.4393 55.4393 0
    endloop
  endfacet
  facet normal 0 0 -1
    outer loop
      vertex 98.1142 34.926 0
      vertex 94 35.5 0
      vertex 98 35.5 0
    endloop
  endfacet
  facet normal 0 0 -1
    outer loop
      vertex 93.8858 34.926 0
      vertex 98.1142 34.926 0
      vertex 98.4393 34.4393 0
    endloop
  endfacet
  facet normal 0 0 -1
    outer loop
      vertex 93.5607 34.4393 0
      vertex 98.4393 34.4393 0
      vertex 98.926 34.1142 0
    endloop
  endfacet
  facet normal 0 -0 -1
    outer loop
      vertex 92.5 34 0
      vertex 99.5 34 0
      vertex 78 18 0
    endloop
  endfacet
  facet normal 0 0 -1
    outer loop
      vertex 98.1142 34.926 0
      vertex 93.8858 34.926 0
      vertex 94 35.5 0
    endloop
  endfacet
  facet normal 0 0 -1
    outer loop
      vertex 98.4393 34.4393 0
      vertex 93.5607 34.4393 0
      vertex 93.8858 34.926 0
    endloop
  endfacet
  facet normal 0 0 -1
    outer loop
      vertex 98.926 34.1142 0
      vertex 93.074 34.1142 0
      vertex 93.5607 34.4393 0
    endloop
  endfacet
  facet normal 0 0 -1
    outer loop
      vertex 99.5 34 0
      vertex 92.5 34 0
      vertex 98.926 34.1142 0
    endloop
  endfacet
  facet normal -0 0 -1
    outer loop
      vertex 98.926 34.1142 0
      vertex 92.5 34 0
      vertex 93.074 34.1142 0
    endloop
  endfacet
  facet normal 0 0 -1
    outer loop
      vertex 91.4393 41.4393 0
      vertex 87 42.5 0
      vertex 91.1142 41.926 0
    endloop
  endfacet
  facet normal 0 0 -1
    outer loop
      vertex 87 49.5 0
      vertex 91.4393 48.4393 0
      vertex 87 42.5 0
    endloop
  endfacet
  facet normal 0 0 -1
    outer loop
      vertex 91.4393 48.4393 0
      vertex 87 49.5 0
      vertex 91.1142 48.926 0
    endloop
  endfacet
  facet normal 0 0 -1
    outer loop
      vertex 86.5607 50.5607 0
      vertex 91.4393 50.5607 0
      vertex 86.8858 50.074 0
    endloop
  endfacet
  facet normal 0 0 -1
    outer loop
      vertex 91.4393 50.5607 0
      vertex 86.5607 50.5607 0
      vertex 91.4393 55.4393 0
    endloop
  endfacet
  facet normal 0 0 -1
    outer loop
      vertex 91.1142 34.926 0
      vertex 87 35.5 0
      vertex 91 35.5 0
    endloop
  endfacet
  facet normal 0 0 -1
    outer loop
      vertex 86.8858 34.926 0
      vertex 91.1142 34.926 0
      vertex 91.4393 34.4393 0
    endloop
  endfacet
  facet normal 0 0 -1
    outer loop
      vertex 86.5607 34.4393 0
      vertex 91.4393 34.4393 0
      vertex 91.926 34.1142 0
    endloop
  endfacet
  facet normal -0 0 -1
    outer loop
      vertex 92.5 34 0
      vertex 78 18 0
      vertex 91.926 34.1142 0
    endloop
  endfacet
  facet normal 0 0 -1
    outer loop
      vertex 91.1142 34.926 0
      vertex 86.8858 34.926 0
      vertex 87 35.5 0
    endloop
  endfacet
  facet normal 0 0 -1
    outer loop
      vertex 91.4393 34.4393 0
      vertex 86.5607 34.4393 0
      vertex 86.8858 34.926 0
    endloop
  endfacet
  facet normal 0 -0 -1
    outer loop
      vertex 86.074 34.1142 0
      vertex 91.926 34.1142 0
      vertex 78 18 0
    endloop
  endfacet
  facet normal 0 0 -1
    outer loop
      vertex 91.926 34.1142 0
      vertex 86.074 34.1142 0
      vertex 86.5607 34.4393 0
    endloop
  endfacet
  facet normal 0 0 -1
    outer loop
      vertex 86.074 34.1142 0
      vertex 78 18 0
      vertex 85.5 34 0
    endloop
  endfacet
  facet normal 0 0 -1
    outer loop
      vertex 75.5 53 0
      vertex 84 35.5 0
      vertex 78 18 0
    endloop
  endfacet
  facet normal 0 0 -1
    outer loop
      vertex 84.1142 41.926 0
      vertex 75.5 53 0
      vertex 84 42.5 0
    endloop
  endfacet
  facet normal 0 0 -1
    outer loop
      vertex 84.1142 48.926 0
      vertex 75.5 53 0
      vertex 84 49.5 0
    endloop
  endfacet
  facet normal 0 0 -1
    outer loop
      vertex 75.4148 53.647 0
      vertex 84.1142 55.926 0
      vertex 75.5 53 0
    endloop
  endfacet
  facet normal 0 0 -1
    outer loop
      vertex 74.7678 54.7678 0
      vertex 84 56.5 0
      vertex 75.1651 54.25 0
    endloop
  endfacet
  facet normal -0 0 -1
    outer loop
      vertex 84.1142 34.926 0
      vertex 78 18 0
      vertex 84 35.5 0
    endloop
  endfacet
  facet normal -0 0 -1
    outer loop
      vertex 84.4393 34.4393 0
      vertex 78 18 0
      vertex 84.1142 34.926 0
    endloop
  endfacet
  facet normal -0 0 -1
    outer loop
      vertex 84.926 34.1142 0
      vertex 78 18 0
      vertex 84.4393 34.4393 0
    endloop
  endfacet
  facet normal -0 0 -1
    outer loop
      vertex 85.5 34 0
      vertex 78 18 0
      vertex 84.926 34.1142 0
    endloop
  endfacet
  facet normal 0 0 -1
    outer loop
      vertex 158.939 5.09999 0
      vertex 158 5.09999 0
      vertex 158.9 5.4 0
    endloop
  endfacet
  facet normal 0 0 -1
    outer loop
      vertex 158 6 0
      vertex 158.9 5.4 0
      vertex 158 5.09999 0
    endloop
  endfacet
  facet normal 0 0 -1
    outer loop
      vertex 158.9 5.4 0
      vertex 158 6 0
      vertex 158.958 5.83999 0
    endloop
  endfacet
  facet normal 0 0 -1
    outer loop
      vertex 158.958 5.83999 0
      vertex 158 6 0
      vertex 159.024 6 0
    endloop
  endfacet
  facet normal -1 0 0
    outer loop
      vertex 0 0 0
      vertex 0 96 2.4
      vertex 0 96 0
    endloop
  endfacet
  facet normal -1 -0 0
    outer loop
      vertex 0 96 2.4
      vertex 0 0 0
      vertex 0 0 2.4
    endloop
  endfacet
  facet normal 0 0 1
    outer loop
      vertex 11.6022 83.7765 2.4
      vertex 5.83999 88.9579 2.4
      vertex 11.5 83 2.4
    endloop
  endfacet
  facet normal 0 0 1
    outer loop
      vertex 11.9019 14.5 2.4
      vertex 7.04207 5.83999 2.4
      vertex 7.1 5.4 2.4
    endloop
  endfacet
  facet normal -0 0 1
    outer loop
      vertex 5.4 88.9 2.4
      vertex 11.5 83 2.4
      vertex 5.83999 88.9579 2.4
    endloop
  endfacet
  facet normal 0 0 1
    outer loop
      vertex 11.9019 14.5 2.4
      vertex 6.87224 6.25 2.4
      vertex 7.04207 5.83999 2.4
    endloop
  endfacet
  facet normal 0 0 1
    outer loop
      vertex 11.5 83 2.4
      vertex 5.4 88.9 2.4
      vertex 11.6022 82.2235 2.4
    endloop
  endfacet
  facet normal 0 0 1
    outer loop
      vertex 11.9019 14.5 2.4
      vertex 6.60208 6.60208 2.4
      vertex 6.87224 6.25 2.4
    endloop
  endfacet
  facet normal 0 0 1
    outer loop
      vertex 4.96001 88.9579 2.4
      vertex 11.6022 82.2235 2.4
      vertex 5.4 88.9 2.4
    endloop
  endfacet
  facet normal 0 0 1
    outer loop
      vertex 11.9019 14.5 2.4
      vertex 6.25 6.87224 2.4
      vertex 6.60208 6.60208 2.4
    endloop
  endfacet
  facet normal 0 0 1
    outer loop
      vertex 4.55 89.1278 2.4
      vertex 11.6022 82.2235 2.4
      vertex 4.96001 88.9579 2.4
    endloop
  endfacet
  facet normal 0 0 1
    outer loop
      vertex 11.9019 14.5 2.4
      vertex 5.83999 7.04207 2.4
      vertex 6.25 6.87224 2.4
    endloop
  endfacet
  facet normal 0 0 1
    outer loop
      vertex 11.6022 82.2235 2.4
      vertex 4.55 89.1278 2.4
      vertex 11.9019 81.5 2.4
    endloop
  endfacet
  facet normal 0 0 1
    outer loop
      vertex 11.9019 14.5 2.4
      vertex 5.4 7.1 2.4
      vertex 5.83999 7.04207 2.4
    endloop
  endfacet
  facet normal 0 0 1
    outer loop
      vertex 4.19792 89.3979 2.4
      vertex 11.9019 81.5 2.4
      vertex 4.55 89.1278 2.4
    endloop
  endfacet
  facet normal 0 0 1
    outer loop
      vertex 11.9019 14.5 2.4
      vertex 4.96001 7.04207 2.4
      vertex 5.4 7.1 2.4
    endloop
  endfacet
  facet normal 0 0 1
    outer loop
      vertex 11.9019 81.5 2.4
      vertex 4.19792 89.3979 2.4
      vertex 11.9019 14.5 2.4
    endloop
  endfacet
  facet normal 0 0 1
    outer loop
      vertex 11.9019 14.5 2.4
      vertex 4.55 6.87224 2.4
      vertex 4.96001 7.04207 2.4
    endloop
  endfacet
  facet normal 0 0 1
    outer loop
      vertex 4.19792 6.60208 2.4
      vertex 11.9019 14.5 2.4
      vertex 4.19792 89.3979 2.4
    endloop
  endfacet
  facet normal 0 0 1
    outer loop
      vertex 11.9019 14.5 2.4
      vertex 4.19792 6.60208 2.4
      vertex 4.55 6.87224 2.4
    endloop
  endfacet
  facet normal 0 0 1
    outer loop
      vertex 3.92776 89.75 2.4
      vertex 4.19792 6.60208 2.4
      vertex 4.19792 89.3979 2.4
    endloop
  endfacet
  facet normal 0 0 1
    outer loop
      vertex 3.92776 89.75 2.4
      vertex 3.92776 6.25 2.4
      vertex 4.19792 6.60208 2.4
    endloop
  endfacet
  facet normal 0 0 1
    outer loop
      vertex 0 96 2.4
      vertex 3.92776 89.75 2.4
      vertex 3.75793 90.16 2.4
    endloop
  endfacet
  facet normal 0 0 1
    outer loop
      vertex 3.92776 89.75 2.4
      vertex 0 96 2.4
      vertex 3.92776 6.25 2.4
    endloop
  endfacet
  facet normal 0 0 1
    outer loop
      vertex 0 96 2.4
      vertex 3.75793 90.16 2.4
      vertex 3.7 90.6 2.4
    endloop
  endfacet
  facet normal 0 0 1
    outer loop
      vertex 0 0 2.4
      vertex 3.92776 6.25 2.4
      vertex 0 96 2.4
    endloop
  endfacet
  facet normal 0 0 1
    outer loop
      vertex 59.3787 80.8787 2.4
      vertex 60 77 2.4
      vertex 60 80.4019 2.4
    endloop
  endfacet
  facet normal 0 0 1
    outer loop
      vertex 58.9019 81.5 2.4
      vertex 60 77 2.4
      vertex 59.3787 80.8787 2.4
    endloop
  endfacet
  facet normal 0 0 1
    outer loop
      vertex 58.6022 82.2235 2.4
      vertex 60 77 2.4
      vertex 58.9019 81.5 2.4
    endloop
  endfacet
  facet normal -0 0 1
    outer loop
      vertex 17.5 83 2.4
      vertex 58.6022 82.2235 2.4
      vertex 58.5 83 2.4
    endloop
  endfacet
  facet normal 0 0 1
    outer loop
      vertex 17.3978 82.2235 2.4
      vertex 58.6022 82.2235 2.4
      vertex 17.5 83 2.4
    endloop
  endfacet
  facet normal 0 0 1
    outer loop
      vertex 58.6022 82.2235 2.4
      vertex 17.3978 82.2235 2.4
      vertex 60 77 2.4
    endloop
  endfacet
  facet normal 0 0 1
    outer loop
      vertex 16 77 2.4
      vertex 17.3978 82.2235 2.4
      vertex 17.0981 81.5 2.4
    endloop
  endfacet
  facet normal 0 0 1
    outer loop
      vertex 16 77 2.4
      vertex 17.0981 81.5 2.4
      vertex 16.6213 80.8787 2.4
    endloop
  endfacet
  facet normal 0 0 1
    outer loop
      vertex 16 77 2.4
      vertex 16.6213 80.8787 2.4
      vertex 16 80.4019 2.4
    endloop
  endfacet
  facet normal 0 0 1
    outer loop
      vertex 17.3978 82.2235 2.4
      vertex 16 77 2.4
      vertex 60 77 2.4
    endloop
  endfacet
  facet normal -0 0 1
    outer loop
      vertex 15.2765 80.1022 2.4
      vertex 16 77 2.4
      vertex 16 80.4019 2.4
    endloop
  endfacet
  facet normal -0 0 1
    outer loop
      vertex 14.5 80 2.4
      vertex 16 77 2.4
      vertex 15.2765 80.1022 2.4
    endloop
  endfacet
  facet normal 0 0 1
    outer loop
      vertex 13.7235 80.1022 2.4
      vertex 16 77 2.4
      vertex 14.5 80 2.4
    endloop
  endfacet
  facet normal 0 0 1
    outer loop
      vertex 16 19 2.4
      vertex 15.2765 15.8978 2.4
      vertex 16 15.5981 2.4
    endloop
  endfacet
  facet normal 0 0 1
    outer loop
      vertex 13 80.4019 2.4
      vertex 16 77 2.4
      vertex 13.7235 80.1022 2.4
    endloop
  endfacet
  facet normal 0 0 1
    outer loop
      vertex 16 19 2.4
      vertex 14.5 16 2.4
      vertex 15.2765 15.8978 2.4
    endloop
  endfacet
  facet normal 0 0 1
    outer loop
      vertex 12.3787 80.8787 2.4
      vertex 16 77 2.4
      vertex 13 80.4019 2.4
    endloop
  endfacet
  facet normal 0 0 1
    outer loop
      vertex 16 19 2.4
      vertex 13.7235 15.8978 2.4
      vertex 14.5 16 2.4
    endloop
  endfacet
  facet normal 0 0 1
    outer loop
      vertex 16 77 2.4
      vertex 12.3787 80.8787 2.4
      vertex 16 19 2.4
    endloop
  endfacet
  facet normal 0 0 1
    outer loop
      vertex 16 19 2.4
      vertex 13 15.5981 2.4
      vertex 13.7235 15.8978 2.4
    endloop
  endfacet
  facet normal 0 0 1
    outer loop
      vertex 12.3787 15.1213 2.4
      vertex 16 19 2.4
      vertex 12.3787 80.8787 2.4
    endloop
  endfacet
  facet normal 0 0 1
    outer loop
      vertex 16 19 2.4
      vertex 12.3787 15.1213 2.4
      vertex 13 15.5981 2.4
    endloop
  endfacet
  facet normal 0 0 1
    outer loop
      vertex 11.9019 81.5 2.4
      vertex 12.3787 15.1213 2.4
      vertex 12.3787 80.8787 2.4
    endloop
  endfacet
  facet normal 0 0 1
    outer loop
      vertex 11.9019 81.5 2.4
      vertex 11.9019 14.5 2.4
      vertex 12.3787 15.1213 2.4
    endloop
  endfacet
  facet normal -0 0 1
    outer loop
      vertex 6.25 89.1278 2.4
      vertex 11.9019 84.5 2.4
      vertex 6.60208 89.3979 2.4
    endloop
  endfacet
  facet normal 0 0 1
    outer loop
      vertex 11.9019 84.5 2.4
      vertex 6.25 89.1278 2.4
      vertex 11.6022 83.7765 2.4
    endloop
  endfacet
  facet normal 0 0 1
    outer loop
      vertex 12.3787 85.1213 2.4
      vertex 6.60208 89.3979 2.4
      vertex 11.9019 84.5 2.4
    endloop
  endfacet
  facet normal -0 0 1
    outer loop
      vertex 5.83999 88.9579 2.4
      vertex 11.6022 83.7765 2.4
      vertex 6.25 89.1278 2.4
    endloop
  endfacet
  facet normal 0 0 1
    outer loop
      vertex 71.2322 54.7678 2.4
      vertex 60 77 2.4
      vertex 70.8349 54.25 2.4
    endloop
  endfacet
  facet normal 0 0 1
    outer loop
      vertex 70.5 53 2.4
      vertex 64.3978 13.7765 2.4
      vertex 64.5 13 2.4
    endloop
  endfacet
  facet normal 0 0 1
    outer loop
      vertex 70.8349 54.25 2.4
      vertex 60 77 2.4
      vertex 70.5852 53.647 2.4
    endloop
  endfacet
  facet normal 0 0 1
    outer loop
      vertex 70.5 53 2.4
      vertex 64.0981 14.5 2.4
      vertex 64.3978 13.7765 2.4
    endloop
  endfacet
  facet normal 0 0 1
    outer loop
      vertex 70.5852 53.647 2.4
      vertex 60 77 2.4
      vertex 70.5 53 2.4
    endloop
  endfacet
  facet normal 0 0 1
    outer loop
      vertex 70.5 53 2.4
      vertex 63.6213 15.1213 2.4
      vertex 64.0981 14.5 2.4
    endloop
  endfacet
  facet normal 0 0 1
    outer loop
      vertex 60 77 2.4
      vertex 63.6213 80.8787 2.4
      vertex 63 80.4019 2.4
    endloop
  endfacet
  facet normal 0 0 1
    outer loop
      vertex 60 19 2.4
      vertex 70.5 53 2.4
      vertex 60 77 2.4
    endloop
  endfacet
  facet normal 0 0 1
    outer loop
      vertex 60 77 2.4
      vertex 63 80.4019 2.4
      vertex 62.2765 80.1022 2.4
    endloop
  endfacet
  facet normal 0 0 1
    outer loop
      vertex 70.5 53 2.4
      vertex 60 19 2.4
      vertex 63.6213 15.1213 2.4
    endloop
  endfacet
  facet normal 0 0 1
    outer loop
      vertex 60 77 2.4
      vertex 62.2765 80.1022 2.4
      vertex 61.5 80 2.4
    endloop
  endfacet
  facet normal 0 0 1
    outer loop
      vertex 63.6213 15.1213 2.4
      vertex 60 19 2.4
      vertex 63 15.5981 2.4
    endloop
  endfacet
  facet normal 0 0 1
    outer loop
      vertex 60 77 2.4
      vertex 61.5 80 2.4
      vertex 60.7235 80.1022 2.4
    endloop
  endfacet
  facet normal 0 0 1
    outer loop
      vertex 63 15.5981 2.4
      vertex 60 19 2.4
      vertex 62.2765 15.8978 2.4
    endloop
  endfacet
  facet normal 0 0 1
    outer loop
      vertex 60 77 2.4
      vertex 60.7235 80.1022 2.4
      vertex 60 80.4019 2.4
    endloop
  endfacet
  facet normal 0 0 1
    outer loop
      vertex 62.2765 15.8978 2.4
      vertex 60 19 2.4
      vertex 61.5 16 2.4
    endloop
  endfacet
  facet normal 0 0 1
    outer loop
      vertex 61.5 16 2.4
      vertex 60 19 2.4
      vertex 60.7235 15.8978 2.4
    endloop
  endfacet
  facet normal 0 0 1
    outer loop
      vertex 60 19 2.4
      vertex 60 15.5981 2.4
      vertex 60.7235 15.8978 2.4
    endloop
  endfacet
  facet normal 0 0 1
    outer loop
      vertex 60 19 2.4
      vertex 59.3787 15.1213 2.4
      vertex 60 15.5981 2.4
    endloop
  endfacet
  facet normal 0 0 1
    outer loop
      vertex 60 19 2.4
      vertex 58.9019 14.5 2.4
      vertex 59.3787 15.1213 2.4
    endloop
  endfacet
  facet normal 0 0 1
    outer loop
      vertex 60 19 2.4
      vertex 58.6022 13.7765 2.4
      vertex 58.9019 14.5 2.4
    endloop
  endfacet
  facet normal 0 0 1
    outer loop
      vertex 58.6022 13.7765 2.4
      vertex 17.5 13 2.4
      vertex 58.5 13 2.4
    endloop
  endfacet
  facet normal 0 0 1
    outer loop
      vertex 17.3978 13.7765 2.4
      vertex 58.6022 13.7765 2.4
      vertex 60 19 2.4
    endloop
  endfacet
  facet normal 0 0 1
    outer loop
      vertex 58.6022 13.7765 2.4
      vertex 17.3978 13.7765 2.4
      vertex 17.5 13 2.4
    endloop
  endfacet
  facet normal -0 0 1
    outer loop
      vertex 16 19 2.4
      vertex 17.3978 13.7765 2.4
      vertex 60 19 2.4
    endloop
  endfacet
  facet normal 0 0 1
    outer loop
      vertex 17.3978 13.7765 2.4
      vertex 16 19 2.4
      vertex 17.0981 14.5 2.4
    endloop
  endfacet
  facet normal 0 0 1
    outer loop
      vertex 17.0981 14.5 2.4
      vertex 16 19 2.4
      vertex 16.6213 15.1213 2.4
    endloop
  endfacet
  facet normal 0 0 1
    outer loop
      vertex 16.6213 15.1213 2.4
      vertex 16 19 2.4
      vertex 16 15.5981 2.4
    endloop
  endfacet
  facet normal 0 0 1
    outer loop
      vertex 91.4393 41.4393 2.4
      vertex 86.5607 41.4393 2.4
      vertex 91.4393 36.5607 2.4
    endloop
  endfacet
  facet normal 0 0 1
    outer loop
      vertex 91.4393 36.5607 2.4
      vertex 86.8858 36.074 2.4
      vertex 87 35.5 2.4
    endloop
  endfacet
  facet normal 0 0 1
    outer loop
      vertex 86.5607 36.5607 2.4
      vertex 91.4393 36.5607 2.4
      vertex 86.5607 41.4393 2.4
    endloop
  endfacet
  facet normal 0 0 1
    outer loop
      vertex 91.4393 36.5607 2.4
      vertex 86.5607 36.5607 2.4
      vertex 86.8858 36.074 2.4
    endloop
  endfacet
  facet normal -0 0 1
    outer loop
      vertex 86.074 41.1142 2.4
      vertex 86.5607 36.5607 2.4
      vertex 86.5607 41.4393 2.4
    endloop
  endfacet
  facet normal 0 0 1
    outer loop
      vertex 86.074 41.1142 2.4
      vertex 86.074 36.8858 2.4
      vertex 86.5607 36.5607 2.4
    endloop
  endfacet
  facet normal -0 0 1
    outer loop
      vertex 85.5 41 2.4
      vertex 86.074 36.8858 2.4
      vertex 86.074 41.1142 2.4
    endloop
  endfacet
  facet normal 0 0 1
    outer loop
      vertex 85.5 41 2.4
      vertex 85.5 37 2.4
      vertex 86.074 36.8858 2.4
    endloop
  endfacet
  facet normal 0 0 1
    outer loop
      vertex 84.926 41.1142 2.4
      vertex 85.5 37 2.4
      vertex 85.5 41 2.4
    endloop
  endfacet
  facet normal 0 0 1
    outer loop
      vertex 84.926 41.1142 2.4
      vertex 84.926 36.8858 2.4
      vertex 85.5 37 2.4
    endloop
  endfacet
  facet normal 0 0 1
    outer loop
      vertex 84.4393 41.4393 2.4
      vertex 84.926 36.8858 2.4
      vertex 84.926 41.1142 2.4
    endloop
  endfacet
  facet normal 0 0 1
    outer loop
      vertex 84.4393 41.4393 2.4
      vertex 84.4393 36.5607 2.4
      vertex 84.926 36.8858 2.4
    endloop
  endfacet
  facet normal 0 0 1
    outer loop
      vertex 84.1142 41.926 2.4
      vertex 84.4393 36.5607 2.4
      vertex 84.4393 41.4393 2.4
    endloop
  endfacet
  facet normal 0 0 1
    outer loop
      vertex 84.1142 41.926 2.4
      vertex 84.1142 36.074 2.4
      vertex 84.4393 36.5607 2.4
    endloop
  endfacet
  facet normal 0 0 1
    outer loop
      vertex 73 50.5 2.4
      vertex 84.1142 41.926 2.4
      vertex 84 42.5 2.4
    endloop
  endfacet
  facet normal 0 0 1
    outer loop
      vertex 84.1142 41.926 2.4
      vertex 73 50.5 2.4
      vertex 84.1142 36.074 2.4
    endloop
  endfacet
  facet normal 0 0 1
    outer loop
      vertex 91.4393 48.4393 2.4
      vertex 86.5607 48.4393 2.4
      vertex 91.4393 43.5607 2.4
    endloop
  endfacet
  facet normal 0 0 1
    outer loop
      vertex 91.4393 43.5607 2.4
      vertex 86.8858 43.074 2.4
      vertex 87 42.5 2.4
    endloop
  endfacet
  facet normal 0 0 1
    outer loop
      vertex 86.5607 43.5607 2.4
      vertex 91.4393 43.5607 2.4
      vertex 86.5607 48.4393 2.4
    endloop
  endfacet
  facet normal 0 0 1
    outer loop
      vertex 91.4393 43.5607 2.4
      vertex 86.5607 43.5607 2.4
      vertex 86.8858 43.074 2.4
    endloop
  endfacet
  facet normal -0 0 1
    outer loop
      vertex 86.074 48.1142 2.4
      vertex 86.5607 43.5607 2.4
      vertex 86.5607 48.4393 2.4
    endloop
  endfacet
  facet normal 0 0 1
    outer loop
      vertex 86.074 48.1142 2.4
      vertex 86.074 43.8858 2.4
      vertex 86.5607 43.5607 2.4
    endloop
  endfacet
  facet normal -0 0 1
    outer loop
      vertex 85.5 48 2.4
      vertex 86.074 43.8858 2.4
      vertex 86.074 48.1142 2.4
    endloop
  endfacet
  facet normal 0 0 1
    outer loop
      vertex 85.5 48 2.4
      vertex 85.5 44 2.4
      vertex 86.074 43.8858 2.4
    endloop
  endfacet
  facet normal 0 0 1
    outer loop
      vertex 84.926 48.1142 2.4
      vertex 85.5 44 2.4
      vertex 85.5 48 2.4
    endloop
  endfacet
  facet normal 0 0 1
    outer loop
      vertex 84.926 48.1142 2.4
      vertex 84.926 43.8858 2.4
      vertex 85.5 44 2.4
    endloop
  endfacet
  facet normal 0 0 1
    outer loop
      vertex 84.4393 48.4393 2.4
      vertex 84.926 43.8858 2.4
      vertex 84.926 48.1142 2.4
    endloop
  endfacet
  facet normal 0 0 1
    outer loop
      vertex 84.4393 48.4393 2.4
      vertex 84.4393 43.5607 2.4
      vertex 84.926 43.8858 2.4
    endloop
  endfacet
  facet normal 0 0 1
    outer loop
      vertex 84.1142 48.926 2.4
      vertex 84.4393 43.5607 2.4
      vertex 84.4393 48.4393 2.4
    endloop
  endfacet
  facet normal 0 0 1
    outer loop
      vertex 84.1142 48.926 2.4
      vertex 84.1142 43.074 2.4
      vertex 84.4393 43.5607 2.4
    endloop
  endfacet
  facet normal 0 0 1
    outer loop
      vertex 74.7678 51.2322 2.4
      vertex 84.1142 48.926 2.4
      vertex 84 49.5 2.4
    endloop
  endfacet
  facet normal 0 0 1
    outer loop
      vertex 84.1142 48.926 2.4
      vertex 74.7678 51.2322 2.4
      vertex 84.1142 43.074 2.4
    endloop
  endfacet
  facet normal 0 0 1
    outer loop
      vertex 91.4393 55.4393 2.4
      vertex 86.5607 55.4393 2.4
      vertex 91.4393 50.5607 2.4
    endloop
  endfacet
  facet normal 0 0 1
    outer loop
      vertex 91.4393 50.5607 2.4
      vertex 86.8858 50.074 2.4
      vertex 87 49.5 2.4
    endloop
  endfacet
  facet normal 0 0 1
    outer loop
      vertex 86.5607 50.5607 2.4
      vertex 91.4393 50.5607 2.4
      vertex 86.5607 55.4393 2.4
    endloop
  endfacet
  facet normal 0 0 1
    outer loop
      vertex 91.4393 50.5607 2.4
      vertex 86.5607 50.5607 2.4
      vertex 86.8858 50.074 2.4
    endloop
  endfacet
  facet normal -0 0 1
    outer loop
      vertex 86.074 55.1142 2.4
      vertex 86.5607 50.5607 2.4
      vertex 86.5607 55.4393 2.4
    endloop
  endfacet
  facet normal 0 0 1
    outer loop
      vertex 86.074 55.1142 2.4
      vertex 86.074 50.8858 2.4
      vertex 86.5607 50.5607 2.4
    endloop
  endfacet
  facet normal -0 0 1
    outer loop
      vertex 85.5 55 2.4
      vertex 86.074 50.8858 2.4
      vertex 86.074 55.1142 2.4
    endloop
  endfacet
  facet normal 0 0 1
    outer loop
      vertex 85.5 55 2.4
      vertex 85.5 51 2.4
      vertex 86.074 50.8858 2.4
    endloop
  endfacet
  facet normal 0 0 1
    outer loop
      vertex 84.926 55.1142 2.4
      vertex 85.5 51 2.4
      vertex 85.5 55 2.4
    endloop
  endfacet
  facet normal 0 0 1
    outer loop
      vertex 84.926 55.1142 2.4
      vertex 84.926 50.8858 2.4
      vertex 85.5 51 2.4
    endloop
  endfacet
  facet normal 0 0 1
    outer loop
      vertex 84.4393 55.4393 2.4
      vertex 84.926 50.8858 2.4
      vertex 84.926 55.1142 2.4
    endloop
  endfacet
  facet normal 0 0 1
    outer loop
      vertex 84.4393 55.4393 2.4
      vertex 84.4393 50.5607 2.4
      vertex 84.926 50.8858 2.4
    endloop
  endfacet
  facet normal 0 0 1
    outer loop
      vertex 84.1142 55.926 2.4
      vertex 84.4393 50.5607 2.4
      vertex 84.4393 55.4393 2.4
    endloop
  endfacet
  facet normal 0 0 1
    outer loop
      vertex 84.1142 55.926 2.4
      vertex 84.1142 50.074 2.4
      vertex 84.4393 50.5607 2.4
    endloop
  endfacet
  facet normal 0 0 1
    outer loop
      vertex 75.4148 53.647 2.4
      vertex 84.1142 55.926 2.4
      vertex 84 56.5 2.4
    endloop
  endfacet
  facet normal 0 0 1
    outer loop
      vertex 84.1142 55.926 2.4
      vertex 75.5 53 2.4
      vertex 84.1142 50.074 2.4
    endloop
  endfacet
  facet normal 0 0 1
    outer loop
      vertex 91.4393 62.4393 2.4
      vertex 86.5607 62.4393 2.4
      vertex 91.4393 57.5607 2.4
    endloop
  endfacet
  facet normal 0 0 1
    outer loop
      vertex 91.4393 57.5607 2.4
      vertex 86.8858 57.074 2.4
      vertex 87 56.5 2.4
    endloop
  endfacet
  facet normal 0 0 1
    outer loop
      vertex 86.5607 57.5607 2.4
      vertex 91.4393 57.5607 2.4
      vertex 86.5607 62.4393 2.4
    endloop
  endfacet
  facet normal 0 0 1
    outer loop
      vertex 91.4393 57.5607 2.4
      vertex 86.5607 57.5607 2.4
      vertex 86.8858 57.074 2.4
    endloop
  endfacet
  facet normal -0 0 1
    outer loop
      vertex 86.074 62.1142 2.4
      vertex 86.5607 57.5607 2.4
      vertex 86.5607 62.4393 2.4
    endloop
  endfacet
  facet normal 0 0 1
    outer loop
      vertex 86.074 62.1142 2.4
      vertex 86.074 57.8858 2.4
      vertex 86.5607 57.5607 2.4
    endloop
  endfacet
  facet normal -0 0 1
    outer loop
      vertex 85.5 62 2.4
      vertex 86.074 57.8858 2.4
      vertex 86.074 62.1142 2.4
    endloop
  endfacet
  facet normal 0 0 1
    outer loop
      vertex 85.5 62 2.4
      vertex 85.5 58 2.4
      vertex 86.074 57.8858 2.4
    endloop
  endfacet
  facet normal 0 0 1
    outer loop
      vertex 84.926 62.1142 2.4
      vertex 85.5 58 2.4
      vertex 85.5 62 2.4
    endloop
  endfacet
  facet normal 0 0 1
    outer loop
      vertex 84.926 62.1142 2.4
      vertex 84.926 57.8858 2.4
      vertex 85.5 58 2.4
    endloop
  endfacet
  facet normal 0 0 1
    outer loop
      vertex 84.4393 62.4393 2.4
      vertex 84.926 57.8858 2.4
      vertex 84.926 62.1142 2.4
    endloop
  endfacet
  facet normal 0 0 1
    outer loop
      vertex 84.4393 62.4393 2.4
      vertex 84.4393 57.5607 2.4
      vertex 84.926 57.8858 2.4
    endloop
  endfacet
  facet normal 0 0 1
    outer loop
      vertex 84.1142 62.926 2.4
      vertex 84.4393 57.5607 2.4
      vertex 84.4393 62.4393 2.4
    endloop
  endfacet
  facet normal 0 0 1
    outer loop
      vertex 84.1142 62.926 2.4
      vertex 84.1142 57.074 2.4
      vertex 84.4393 57.5607 2.4
    endloop
  endfacet
  facet normal 0 0 1
    outer loop
      vertex 74.25 55.1651 2.4
      vertex 84.1142 62.926 2.4
      vertex 84 63.5 2.4
    endloop
  endfacet
  facet normal 0 0 1
    outer loop
      vertex 84.1142 62.926 2.4
      vertex 74.25 55.1651 2.4
      vertex 84.1142 57.074 2.4
    endloop
  endfacet
  facet normal 0 0 1
    outer loop
      vertex 91.4393 69.4393 2.4
      vertex 86.5607 69.4393 2.4
      vertex 91.4393 64.5607 2.4
    endloop
  endfacet
  facet normal 0 0 1
    outer loop
      vertex 91.4393 64.5607 2.4
      vertex 86.8858 64.074 2.4
      vertex 87 63.5 2.4
    endloop
  endfacet
  facet normal 0 0 1
    outer loop
      vertex 86.5607 64.5607 2.4
      vertex 91.4393 64.5607 2.4
      vertex 86.5607 69.4393 2.4
    endloop
  endfacet
  facet normal 0 0 1
    outer loop
      vertex 91.4393 64.5607 2.4
      vertex 86.5607 64.5607 2.4
      vertex 86.8858 64.074 2.4
    endloop
  endfacet
  facet normal -0 0 1
    outer loop
      vertex 86.074 69.1142 2.4
      vertex 86.5607 64.5607 2.4
      vertex 86.5607 69.4393 2.4
    endloop
  endfacet
  facet normal 0 0 1
    outer loop
      vertex 86.074 69.1142 2.4
      vertex 86.074 64.8858 2.4
      vertex 86.5607 64.5607 2.4
    endloop
  endfacet
  facet normal -0 0 1
    outer loop
      vertex 85.5 69 2.4
      vertex 86.074 64.8858 2.4
      vertex 86.074 69.1142 2.4
    endloop
  endfacet
  facet normal 0 0 1
    outer loop
      vertex 85.5 69 2.4
      vertex 85.5 65 2.4
      vertex 86.074 64.8858 2.4
    endloop
  endfacet
  facet normal 0 0 1
    outer loop
      vertex 84.926 69.1142 2.4
      vertex 85.5 65 2.4
      vertex 85.5 69 2.4
    endloop
  endfacet
  facet normal 0 0 1
    outer loop
      vertex 84.926 69.1142 2.4
      vertex 84.926 64.8858 2.4
      vertex 85.5 65 2.4
    endloop
  endfacet
  facet normal 0 0 1
    outer loop
      vertex 84.4393 69.4393 2.4
      vertex 84.926 64.8858 2.4
      vertex 84.926 69.1142 2.4
    endloop
  endfacet
  facet normal 0 0 1
    outer loop
      vertex 84.4393 69.4393 2.4
      vertex 84.4393 64.5607 2.4
      vertex 84.926 64.8858 2.4
    endloop
  endfacet
  facet normal 0 0 1
    outer loop
      vertex 84.1142 69.926 2.4
      vertex 84.4393 64.5607 2.4
      vertex 84.4393 69.4393 2.4
    endloop
  endfacet
  facet normal 0 0 1
    outer loop
      vertex 84.1142 69.926 2.4
      vertex 84.1142 64.074 2.4
      vertex 84.4393 64.5607 2.4
    endloop
  endfacet
  facet normal 0 0 1
    outer loop
      vertex 73 55.5 2.4
      vertex 84.1142 69.926 2.4
      vertex 84 70.5 2.4
    endloop
  endfacet
  facet normal 0 0 1
    outer loop
      vertex 84.1142 69.926 2.4
      vertex 73 55.5 2.4
      vertex 84.1142 64.074 2.4
    endloop
  endfacet
  facet normal 0 0 1
    outer loop
      vertex 98.4393 41.4393 2.4
      vertex 93.5607 41.4393 2.4
      vertex 98.4393 36.5607 2.4
    endloop
  endfacet
  facet normal 0 0 1
    outer loop
      vertex 98.4393 36.5607 2.4
      vertex 93.8858 36.074 2.4
      vertex 94 35.5 2.4
    endloop
  endfacet
  facet normal 0 0 1
    outer loop
      vertex 93.5607 36.5607 2.4
      vertex 98.4393 36.5607 2.4
      vertex 93.5607 41.4393 2.4
    endloop
  endfacet
  facet normal 0 0 1
    outer loop
      vertex 98.4393 36.5607 2.4
      vertex 93.5607 36.5607 2.4
      vertex 93.8858 36.074 2.4
    endloop
  endfacet
  facet normal -0 0 1
    outer loop
      vertex 93.074 41.1142 2.4
      vertex 93.5607 36.5607 2.4
      vertex 93.5607 41.4393 2.4
    endloop
  endfacet
  facet normal 0 0 1
    outer loop
      vertex 93.074 41.1142 2.4
      vertex 93.074 36.8858 2.4
      vertex 93.5607 36.5607 2.4
    endloop
  endfacet
  facet normal -0 0 1
    outer loop
      vertex 92.5 41 2.4
      vertex 93.074 36.8858 2.4
      vertex 93.074 41.1142 2.4
    endloop
  endfacet
  facet normal 0 0 1
    outer loop
      vertex 92.5 41 2.4
      vertex 92.5 37 2.4
      vertex 93.074 36.8858 2.4
    endloop
  endfacet
  facet normal 0 0 1
    outer loop
      vertex 91.926 41.1142 2.4
      vertex 92.5 37 2.4
      vertex 92.5 41 2.4
    endloop
  endfacet
  facet normal 0 0 1
    outer loop
      vertex 91.926 41.1142 2.4
      vertex 91.926 36.8858 2.4
      vertex 92.5 37 2.4
    endloop
  endfacet
  facet normal 0 0 1
    outer loop
      vertex 91.4393 41.4393 2.4
      vertex 91.926 36.8858 2.4
      vertex 91.926 41.1142 2.4
    endloop
  endfacet
  facet normal 0 0 1
    outer loop
      vertex 91.4393 41.4393 2.4
      vertex 91.4393 36.5607 2.4
      vertex 91.926 36.8858 2.4
    endloop
  endfacet
  facet normal 0 0 1
    outer loop
      vertex 86.8858 41.926 2.4
      vertex 91.1142 41.926 2.4
      vertex 87 42.5 2.4
    endloop
  endfacet
  facet normal 0 0 1
    outer loop
      vertex 91.1142 41.926 2.4
      vertex 86.8858 41.926 2.4
      vertex 91.4393 41.4393 2.4
    endloop
  endfacet
  facet normal -0 0 1
    outer loop
      vertex 87 42.5 2.4
      vertex 91.1142 41.926 2.4
      vertex 91 42.5 2.4
    endloop
  endfacet
  facet normal 0 0 1
    outer loop
      vertex 86.5607 41.4393 2.4
      vertex 91.4393 41.4393 2.4
      vertex 86.8858 41.926 2.4
    endloop
  endfacet
  facet normal 0 0 1
    outer loop
      vertex 98.4393 48.4393 2.4
      vertex 93.5607 48.4393 2.4
      vertex 98.4393 43.5607 2.4
    endloop
  endfacet
  facet normal 0 0 1
    outer loop
      vertex 98.4393 43.5607 2.4
      vertex 93.8858 43.074 2.4
      vertex 94 42.5 2.4
    endloop
  endfacet
  facet normal 0 0 1
    outer loop
      vertex 93.5607 43.5607 2.4
      vertex 98.4393 43.5607 2.4
      vertex 93.5607 48.4393 2.4
    endloop
  endfacet
  facet normal 0 0 1
    outer loop
      vertex 98.4393 43.5607 2.4
      vertex 93.5607 43.5607 2.4
      vertex 93.8858 43.074 2.4
    endloop
  endfacet
  facet normal -0 0 1
    outer loop
      vertex 93.074 48.1142 2.4
      vertex 93.5607 43.5607 2.4
      vertex 93.5607 48.4393 2.4
    endloop
  endfacet
  facet normal 0 0 1
    outer loop
      vertex 93.074 48.1142 2.4
      vertex 93.074 43.8858 2.4
      vertex 93.5607 43.5607 2.4
    endloop
  endfacet
  facet normal -0 0 1
    outer loop
      vertex 92.5 48 2.4
      vertex 93.074 43.8858 2.4
      vertex 93.074 48.1142 2.4
    endloop
  endfacet
  facet normal 0 0 1
    outer loop
      vertex 92.5 48 2.4
      vertex 92.5 44 2.4
      vertex 93.074 43.8858 2.4
    endloop
  endfacet
  facet normal 0 0 1
    outer loop
      vertex 91.926 48.1142 2.4
      vertex 92.5 44 2.4
      vertex 92.5 48 2.4
    endloop
  endfacet
  facet normal 0 0 1
    outer loop
      vertex 91.926 48.1142 2.4
      vertex 91.926 43.8858 2.4
      vertex 92.5 44 2.4
    endloop
  endfacet
  facet normal 0 0 1
    outer loop
      vertex 91.4393 48.4393 2.4
      vertex 91.926 43.8858 2.4
      vertex 91.926 48.1142 2.4
    endloop
  endfacet
  facet normal 0 0 1
    outer loop
      vertex 91.4393 48.4393 2.4
      vertex 91.4393 43.5607 2.4
      vertex 91.926 43.8858 2.4
    endloop
  endfacet
  facet normal 0 0 1
    outer loop
      vertex 86.8858 48.926 2.4
      vertex 91.1142 48.926 2.4
      vertex 87 49.5 2.4
    endloop
  endfacet
  facet normal 0 0 1
    outer loop
      vertex 91.1142 48.926 2.4
      vertex 86.8858 48.926 2.4
      vertex 91.4393 48.4393 2.4
    endloop
  endfacet
  facet normal -0 0 1
    outer loop
      vertex 87 49.5 2.4
      vertex 91.1142 48.926 2.4
      vertex 91 49.5 2.4
    endloop
  endfacet
  facet normal 0 0 1
    outer loop
      vertex 86.5607 48.4393 2.4
      vertex 91.4393 48.4393 2.4
      vertex 86.8858 48.926 2.4
    endloop
  endfacet
  facet normal 0 0 1
    outer loop
      vertex 98.4393 55.4393 2.4
      vertex 93.5607 55.4393 2.4
      vertex 98.4393 50.5607 2.4
    endloop
  endfacet
  facet normal 0 0 1
    outer loop
      vertex 98.4393 50.5607 2.4
      vertex 93.8858 50.074 2.4
      vertex 94 49.5 2.4
    endloop
  endfacet
  facet normal 0 0 1
    outer loop
      vertex 93.5607 50.5607 2.4
      vertex 98.4393 50.5607 2.4
      vertex 93.5607 55.4393 2.4
    endloop
  endfacet
  facet normal 0 0 1
    outer loop
      vertex 98.4393 50.5607 2.4
      vertex 93.5607 50.5607 2.4
      vertex 93.8858 50.074 2.4
    endloop
  endfacet
  facet normal -0 0 1
    outer loop
      vertex 93.074 55.1142 2.4
      vertex 93.5607 50.5607 2.4
      vertex 93.5607 55.4393 2.4
    endloop
  endfacet
  facet normal 0 0 1
    outer loop
      vertex 93.074 55.1142 2.4
      vertex 93.074 50.8858 2.4
      vertex 93.5607 50.5607 2.4
    endloop
  endfacet
  facet normal -0 0 1
    outer loop
      vertex 92.5 55 2.4
      vertex 93.074 50.8858 2.4
      vertex 93.074 55.1142 2.4
    endloop
  endfacet
  facet normal 0 0 1
    outer loop
      vertex 92.5 55 2.4
      vertex 92.5 51 2.4
      vertex 93.074 50.8858 2.4
    endloop
  endfacet
  facet normal 0 0 1
    outer loop
      vertex 91.926 55.1142 2.4
      vertex 92.5 51 2.4
      vertex 92.5 55 2.4
    endloop
  endfacet
  facet normal 0 0 1
    outer loop
      vertex 91.926 55.1142 2.4
      vertex 91.926 50.8858 2.4
      vertex 92.5 51 2.4
    endloop
  endfacet
  facet normal 0 0 1
    outer loop
      vertex 91.4393 55.4393 2.4
      vertex 91.926 50.8858 2.4
      vertex 91.926 55.1142 2.4
    endloop
  endfacet
  facet normal 0 0 1
    outer loop
      vertex 91.4393 55.4393 2.4
      vertex 91.4393 50.5607 2.4
      vertex 91.926 50.8858 2.4
    endloop
  endfacet
  facet normal 0 0 1
    outer loop
      vertex 86.8858 55.926 2.4
      vertex 91.1142 55.926 2.4
      vertex 87 56.5 2.4
    endloop
  endfacet
  facet normal 0 0 1
    outer loop
      vertex 91.1142 55.926 2.4
      vertex 86.8858 55.926 2.4
      vertex 91.4393 55.4393 2.4
    endloop
  endfacet
  facet normal -0 0 1
    outer loop
      vertex 87 56.5 2.4
      vertex 91.1142 55.926 2.4
      vertex 91 56.5 2.4
    endloop
  endfacet
  facet normal 0 0 1
    outer loop
      vertex 86.5607 55.4393 2.4
      vertex 91.4393 55.4393 2.4
      vertex 86.8858 55.926 2.4
    endloop
  endfacet
  facet normal 0 0 1
    outer loop
      vertex 98.4393 62.4393 2.4
      vertex 93.5607 62.4393 2.4
      vertex 98.4393 57.5607 2.4
    endloop
  endfacet
  facet normal 0 0 1
    outer loop
      vertex 98.4393 57.5607 2.4
      vertex 93.8858 57.074 2.4
      vertex 94 56.5 2.4
    endloop
  endfacet
  facet normal 0 0 1
    outer loop
      vertex 93.5607 57.5607 2.4
      vertex 98.4393 57.5607 2.4
      vertex 93.5607 62.4393 2.4
    endloop
  endfacet
  facet normal 0 0 1
    outer loop
      vertex 98.4393 57.5607 2.4
      vertex 93.5607 57.5607 2.4
      vertex 93.8858 57.074 2.4
    endloop
  endfacet
  facet normal -0 0 1
    outer loop
      vertex 93.074 62.1142 2.4
      vertex 93.5607 57.5607 2.4
      vertex 93.5607 62.4393 2.4
    endloop
  endfacet
  facet normal 0 0 1
    outer loop
      vertex 93.074 62.1142 2.4
      vertex 93.074 57.8858 2.4
      vertex 93.5607 57.5607 2.4
    endloop
  endfacet
  facet normal -0 0 1
    outer loop
      vertex 92.5 62 2.4
      vertex 93.074 57.8858 2.4
      vertex 93.074 62.1142 2.4
    endloop
  endfacet
  facet normal 0 0 1
    outer loop
      vertex 92.5 62 2.4
      vertex 92.5 58 2.4
      vertex 93.074 57.8858 2.4
    endloop
  endfacet
  facet normal 0 0 1
    outer loop
      vertex 91.926 62.1142 2.4
      vertex 92.5 58 2.4
      vertex 92.5 62 2.4
    endloop
  endfacet
  facet normal 0 0 1
    outer loop
      vertex 91.926 62.1142 2.4
      vertex 91.926 57.8858 2.4
      vertex 92.5 58 2.4
    endloop
  endfacet
  facet normal 0 0 1
    outer loop
      vertex 91.4393 62.4393 2.4
      vertex 91.926 57.8858 2.4
      vertex 91.926 62.1142 2.4
    endloop
  endfacet
  facet normal 0 0 1
    outer loop
      vertex 91.4393 62.4393 2.4
      vertex 91.4393 57.5607 2.4
      vertex 91.926 57.8858 2.4
    endloop
  endfacet
  facet normal 0 0 1
    outer loop
      vertex 86.8858 62.926 2.4
      vertex 91.1142 62.926 2.4
      vertex 87 63.5 2.4
    endloop
  endfacet
  facet normal 0 0 1
    outer loop
      vertex 91.1142 62.926 2.4
      vertex 86.8858 62.926 2.4
      vertex 91.4393 62.4393 2.4
    endloop
  endfacet
  facet normal -0 0 1
    outer loop
      vertex 87 63.5 2.4
      vertex 91.1142 62.926 2.4
      vertex 91 63.5 2.4
    endloop
  endfacet
  facet normal 0 0 1
    outer loop
      vertex 86.5607 62.4393 2.4
      vertex 91.4393 62.4393 2.4
      vertex 86.8858 62.926 2.4
    endloop
  endfacet
  facet normal 0 0 1
    outer loop
      vertex 98.4393 69.4393 2.4
      vertex 93.5607 69.4393 2.4
      vertex 98.4393 64.5607 2.4
    endloop
  endfacet
  facet normal 0 0 1
    outer loop
      vertex 98.4393 64.5607 2.4
      vertex 93.8858 64.074 2.4
      vertex 94 63.5 2.4
    endloop
  endfacet
  facet normal 0 0 1
    outer loop
      vertex 93.5607 64.5607 2.4
      vertex 98.4393 64.5607 2.4
      vertex 93.5607 69.4393 2.4
    endloop
  endfacet
  facet normal 0 0 1
    outer loop
      vertex 98.4393 64.5607 2.4
      vertex 93.5607 64.5607 2.4
      vertex 93.8858 64.074 2.4
    endloop
  endfacet
  facet normal -0 0 1
    outer loop
      vertex 93.074 69.1142 2.4
      vertex 93.5607 64.5607 2.4
      vertex 93.5607 69.4393 2.4
    endloop
  endfacet
  facet normal 0 0 1
    outer loop
      vertex 93.074 69.1142 2.4
      vertex 93.074 64.8858 2.4
      vertex 93.5607 64.5607 2.4
    endloop
  endfacet
  facet normal -0 0 1
    outer loop
      vertex 92.5 69 2.4
      vertex 93.074 64.8858 2.4
      vertex 93.074 69.1142 2.4
    endloop
  endfacet
  facet normal 0 0 1
    outer loop
      vertex 92.5 69 2.4
      vertex 92.5 65 2.4
      vertex 93.074 64.8858 2.4
    endloop
  endfacet
  facet normal 0 0 1
    outer loop
      vertex 91.926 69.1142 2.4
      vertex 92.5 65 2.4
      vertex 92.5 69 2.4
    endloop
  endfacet
  facet normal 0 0 1
    outer loop
      vertex 91.926 69.1142 2.4
      vertex 91.926 64.8858 2.4
      vertex 92.5 65 2.4
    endloop
  endfacet
  facet normal 0 0 1
    outer loop
      vertex 91.4393 69.4393 2.4
      vertex 91.926 64.8858 2.4
      vertex 91.926 69.1142 2.4
    endloop
  endfacet
  facet normal 0 0 1
    outer loop
      vertex 91.4393 69.4393 2.4
      vertex 91.4393 64.5607 2.4
      vertex 91.926 64.8858 2.4
    endloop
  endfacet
  facet normal 0 0 1
    outer loop
      vertex 86.8858 69.926 2.4
      vertex 91.1142 69.926 2.4
      vertex 87 70.5 2.4
    endloop
  endfacet
  facet normal 0 0 1
    outer loop
      vertex 91.1142 69.926 2.4
      vertex 86.8858 69.926 2.4
      vertex 91.4393 69.4393 2.4
    endloop
  endfacet
  facet normal -0 0 1
    outer loop
      vertex 87 70.5 2.4
      vertex 91.1142 69.926 2.4
      vertex 91 70.5 2.4
    endloop
  endfacet
  facet normal 0 0 1
    outer loop
      vertex 86.5607 69.4393 2.4
      vertex 91.4393 69.4393 2.4
      vertex 86.8858 69.926 2.4
    endloop
  endfacet
  facet normal 0 0 1
    outer loop
      vertex 105.439 41.4393 2.4
      vertex 100.561 41.4393 2.4
      vertex 105.439 36.5607 2.4
    endloop
  endfacet
  facet normal 0 0 1
    outer loop
      vertex 105.439 36.5607 2.4
      vertex 100.886 36.074 2.4
      vertex 101 35.5 2.4
    endloop
  endfacet
  facet normal 0 0 1
    outer loop
      vertex 100.561 36.5607 2.4
      vertex 105.439 36.5607 2.4
      vertex 100.561 41.4393 2.4
    endloop
  endfacet
  facet normal 0 0 1
    outer loop
      vertex 105.439 36.5607 2.4
      vertex 100.561 36.5607 2.4
      vertex 100.886 36.074 2.4
    endloop
  endfacet
  facet normal -0 0 1
    outer loop
      vertex 100.074 41.1142 2.4
      vertex 100.561 36.5607 2.4
      vertex 100.561 41.4393 2.4
    endloop
  endfacet
  facet normal 0 0 1
    outer loop
      vertex 100.074 41.1142 2.4
      vertex 100.074 36.8858 2.4
      vertex 100.561 36.5607 2.4
    endloop
  endfacet
  facet normal -0 0 1
    outer loop
      vertex 99.5 41 2.4
      vertex 100.074 36.8858 2.4
      vertex 100.074 41.1142 2.4
    endloop
  endfacet
  facet normal 0 0 1
    outer loop
      vertex 99.5 41 2.4
      vertex 99.5 37 2.4
      vertex 100.074 36.8858 2.4
    endloop
  endfacet
  facet normal 0 0 1
    outer loop
      vertex 98.926 41.1142 2.4
      vertex 99.5 37 2.4
      vertex 99.5 41 2.4
    endloop
  endfacet
  facet normal 0 0 1
    outer loop
      vertex 98.926 41.1142 2.4
      vertex 98.926 36.8858 2.4
      vertex 99.5 37 2.4
    endloop
  endfacet
  facet normal 0 0 1
    outer loop
      vertex 98.4393 41.4393 2.4
      vertex 98.926 36.8858 2.4
      vertex 98.926 41.1142 2.4
    endloop
  endfacet
  facet normal 0 0 1
    outer loop
      vertex 98.4393 41.4393 2.4
      vertex 98.4393 36.5607 2.4
      vertex 98.926 36.8858 2.4
    endloop
  endfacet
  facet normal 0 0 1
    outer loop
      vertex 93.8858 41.926 2.4
      vertex 98.1142 41.926 2.4
      vertex 94 42.5 2.4
    endloop
  endfacet
  facet normal 0 0 1
    outer loop
      vertex 98.1142 41.926 2.4
      vertex 93.8858 41.926 2.4
      vertex 98.4393 41.4393 2.4
    endloop
  endfacet
  facet normal -0 0 1
    outer loop
      vertex 94 42.5 2.4
      vertex 98.1142 41.926 2.4
      vertex 98 42.5 2.4
    endloop
  endfacet
  facet normal 0 0 1
    outer loop
      vertex 93.5607 41.4393 2.4
      vertex 98.4393 41.4393 2.4
      vertex 93.8858 41.926 2.4
    endloop
  endfacet
  facet normal 0 0 1
    outer loop
      vertex 105.439 48.4393 2.4
      vertex 100.561 48.4393 2.4
      vertex 105.439 43.5607 2.4
    endloop
  endfacet
  facet normal 0 0 1
    outer loop
      vertex 105.439 43.5607 2.4
      vertex 100.886 43.074 2.4
      vertex 101 42.5 2.4
    endloop
  endfacet
  facet normal 0 0 1
    outer loop
      vertex 100.561 43.5607 2.4
      vertex 105.439 43.5607 2.4
      vertex 100.561 48.4393 2.4
    endloop
  endfacet
  facet normal 0 0 1
    outer loop
      vertex 105.439 43.5607 2.4
      vertex 100.561 43.5607 2.4
      vertex 100.886 43.074 2.4
    endloop
  endfacet
  facet normal -0 0 1
    outer loop
      vertex 100.074 48.1142 2.4
      vertex 100.561 43.5607 2.4
      vertex 100.561 48.4393 2.4
    endloop
  endfacet
  facet normal 0 0 1
    outer loop
      vertex 100.074 48.1142 2.4
      vertex 100.074 43.8858 2.4
      vertex 100.561 43.5607 2.4
    endloop
  endfacet
  facet normal -0 0 1
    outer loop
      vertex 99.5 48 2.4
      vertex 100.074 43.8858 2.4
      vertex 100.074 48.1142 2.4
    endloop
  endfacet
  facet normal 0 0 1
    outer loop
      vertex 99.5 48 2.4
      vertex 99.5 44 2.4
      vertex 100.074 43.8858 2.4
    endloop
  endfacet
  facet normal 0 0 1
    outer loop
      vertex 98.926 48.1142 2.4
      vertex 99.5 44 2.4
      vertex 99.5 48 2.4
    endloop
  endfacet
  facet normal 0 0 1
    outer loop
      vertex 98.926 48.1142 2.4
      vertex 98.926 43.8858 2.4
      vertex 99.5 44 2.4
    endloop
  endfacet
  facet normal 0 0 1
    outer loop
      vertex 98.4393 48.4393 2.4
      vertex 98.926 43.8858 2.4
      vertex 98.926 48.1142 2.4
    endloop
  endfacet
  facet normal 0 0 1
    outer loop
      vertex 98.4393 48.4393 2.4
      vertex 98.4393 43.5607 2.4
      vertex 98.926 43.8858 2.4
    endloop
  endfacet
  facet normal 0 0 1
    outer loop
      vertex 93.8858 48.926 2.4
      vertex 98.1142 48.926 2.4
      vertex 94 49.5 2.4
    endloop
  endfacet
  facet normal 0 0 1
    outer loop
      vertex 98.1142 48.926 2.4
      vertex 93.8858 48.926 2.4
      vertex 98.4393 48.4393 2.4
    endloop
  endfacet
  facet normal -0 0 1
    outer loop
      vertex 94 49.5 2.4
      vertex 98.1142 48.926 2.4
      vertex 98 49.5 2.4
    endloop
  endfacet
  facet normal 0 0 1
    outer loop
      vertex 93.5607 48.4393 2.4
      vertex 98.4393 48.4393 2.4
      vertex 93.8858 48.926 2.4
    endloop
  endfacet
  facet normal 0 0 1
    outer loop
      vertex 105.439 55.4393 2.4
      vertex 100.561 55.4393 2.4
      vertex 105.439 50.5607 2.4
    endloop
  endfacet
  facet normal 0 0 1
    outer loop
      vertex 105.439 50.5607 2.4
      vertex 100.886 50.074 2.4
      vertex 101 49.5 2.4
    endloop
  endfacet
  facet normal 0 0 1
    outer loop
      vertex 100.561 50.5607 2.4
      vertex 105.439 50.5607 2.4
      vertex 100.561 55.4393 2.4
    endloop
  endfacet
  facet normal 0 0 1
    outer loop
      vertex 105.439 50.5607 2.4
      vertex 100.561 50.5607 2.4
      vertex 100.886 50.074 2.4
    endloop
  endfacet
  facet normal -0 0 1
    outer loop
      vertex 100.074 55.1142 2.4
      vertex 100.561 50.5607 2.4
      vertex 100.561 55.4393 2.4
    endloop
  endfacet
  facet normal 0 0 1
    outer loop
      vertex 100.074 55.1142 2.4
      vertex 100.074 50.8858 2.4
      vertex 100.561 50.5607 2.4
    endloop
  endfacet
  facet normal -0 0 1
    outer loop
      vertex 99.5 55 2.4
      vertex 100.074 50.8858 2.4
      vertex 100.074 55.1142 2.4
    endloop
  endfacet
  facet normal 0 0 1
    outer loop
      vertex 99.5 55 2.4
      vertex 99.5 51 2.4
      vertex 100.074 50.8858 2.4
    endloop
  endfacet
  facet normal 0 0 1
    outer loop
      vertex 98.926 55.1142 2.4
      vertex 99.5 51 2.4
      vertex 99.5 55 2.4
    endloop
  endfacet
  facet normal 0 0 1
    outer loop
      vertex 98.926 55.1142 2.4
      vertex 98.926 50.8858 2.4
      vertex 99.5 51 2.4
    endloop
  endfacet
  facet normal 0 0 1
    outer loop
      vertex 98.4393 55.4393 2.4
      vertex 98.926 50.8858 2.4
      vertex 98.926 55.1142 2.4
    endloop
  endfacet
  facet normal 0 0 1
    outer loop
      vertex 98.4393 55.4393 2.4
      vertex 98.4393 50.5607 2.4
      vertex 98.926 50.8858 2.4
    endloop
  endfacet
  facet normal 0 0 1
    outer loop
      vertex 93.8858 55.926 2.4
      vertex 98.1142 55.926 2.4
      vertex 94 56.5 2.4
    endloop
  endfacet
  facet normal 0 0 1
    outer loop
      vertex 98.1142 55.926 2.4
      vertex 93.8858 55.926 2.4
      vertex 98.4393 55.4393 2.4
    endloop
  endfacet
  facet normal -0 0 1
    outer loop
      vertex 94 56.5 2.4
      vertex 98.1142 55.926 2.4
      vertex 98 56.5 2.4
    endloop
  endfacet
  facet normal 0 0 1
    outer loop
      vertex 93.5607 55.4393 2.4
      vertex 98.4393 55.4393 2.4
      vertex 93.8858 55.926 2.4
    endloop
  endfacet
  facet normal 0 0 1
    outer loop
      vertex 105.439 62.4393 2.4
      vertex 100.561 62.4393 2.4
      vertex 105.439 57.5607 2.4
    endloop
  endfacet
  facet normal 0 0 1
    outer loop
      vertex 105.439 57.5607 2.4
      vertex 100.886 57.074 2.4
      vertex 101 56.5 2.4
    endloop
  endfacet
  facet normal 0 0 1
    outer loop
      vertex 100.561 57.5607 2.4
      vertex 105.439 57.5607 2.4
      vertex 100.561 62.4393 2.4
    endloop
  endfacet
  facet normal 0 0 1
    outer loop
      vertex 105.439 57.5607 2.4
      vertex 100.561 57.5607 2.4
      vertex 100.886 57.074 2.4
    endloop
  endfacet
  facet normal -0 0 1
    outer loop
      vertex 100.074 62.1142 2.4
      vertex 100.561 57.5607 2.4
      vertex 100.561 62.4393 2.4
    endloop
  endfacet
  facet normal 0 0 1
    outer loop
      vertex 100.074 62.1142 2.4
      vertex 100.074 57.8858 2.4
      vertex 100.561 57.5607 2.4
    endloop
  endfacet
  facet normal -0 0 1
    outer loop
      vertex 99.5 62 2.4
      vertex 100.074 57.8858 2.4
      vertex 100.074 62.1142 2.4
    endloop
  endfacet
  facet normal 0 0 1
    outer loop
      vertex 99.5 62 2.4
      vertex 99.5 58 2.4
      vertex 100.074 57.8858 2.4
    endloop
  endfacet
  facet normal 0 0 1
    outer loop
      vertex 98.926 62.1142 2.4
      vertex 99.5 58 2.4
      vertex 99.5 62 2.4
    endloop
  endfacet
  facet normal 0 0 1
    outer loop
      vertex 98.926 62.1142 2.4
      vertex 98.926 57.8858 2.4
      vertex 99.5 58 2.4
    endloop
  endfacet
  facet normal 0 0 1
    outer loop
      vertex 98.4393 62.4393 2.4
      vertex 98.926 57.8858 2.4
      vertex 98.926 62.1142 2.4
    endloop
  endfacet
  facet normal 0 0 1
    outer loop
      vertex 98.4393 62.4393 2.4
      vertex 98.4393 57.5607 2.4
      vertex 98.926 57.8858 2.4
    endloop
  endfacet
  facet normal 0 0 1
    outer loop
      vertex 93.8858 62.926 2.4
      vertex 98.1142 62.926 2.4
      vertex 94 63.5 2.4
    endloop
  endfacet
  facet normal 0 0 1
    outer loop
      vertex 98.1142 62.926 2.4
      vertex 93.8858 62.926 2.4
      vertex 98.4393 62.4393 2.4
    endloop
  endfacet
  facet normal -0 0 1
    outer loop
      vertex 94 63.5 2.4
      vertex 98.1142 62.926 2.4
      vertex 98 63.5 2.4
    endloop
  endfacet
  facet normal 0 0 1
    outer loop
      vertex 93.5607 62.4393 2.4
      vertex 98.4393 62.4393 2.4
      vertex 93.8858 62.926 2.4
    endloop
  endfacet
  facet normal 0 0 1
    outer loop
      vertex 105.439 69.4393 2.4
      vertex 100.561 69.4393 2.4
      vertex 105.439 64.5607 2.4
    endloop
  endfacet
  facet normal 0 0 1
    outer loop
      vertex 105.439 64.5607 2.4
      vertex 100.886 64.074 2.4
      vertex 101 63.5 2.4
    endloop
  endfacet
  facet normal 0 0 1
    outer loop
      vertex 100.561 64.5607 2.4
      vertex 105.439 64.5607 2.4
      vertex 100.561 69.4393 2.4
    endloop
  endfacet
  facet normal 0 0 1
    outer loop
      vertex 105.439 64.5607 2.4
      vertex 100.561 64.5607 2.4
      vertex 100.886 64.074 2.4
    endloop
  endfacet
  facet normal -0 0 1
    outer loop
      vertex 100.074 69.1142 2.4
      vertex 100.561 64.5607 2.4
      vertex 100.561 69.4393 2.4
    endloop
  endfacet
  facet normal 0 0 1
    outer loop
      vertex 100.074 69.1142 2.4
      vertex 100.074 64.8858 2.4
      vertex 100.561 64.5607 2.4
    endloop
  endfacet
  facet normal -0 0 1
    outer loop
      vertex 99.5 69 2.4
      vertex 100.074 64.8858 2.4
      vertex 100.074 69.1142 2.4
    endloop
  endfacet
  facet normal 0 0 1
    outer loop
      vertex 99.5 69 2.4
      vertex 99.5 65 2.4
      vertex 100.074 64.8858 2.4
    endloop
  endfacet
  facet normal 0 0 1
    outer loop
      vertex 98.926 69.1142 2.4
      vertex 99.5 65 2.4
      vertex 99.5 69 2.4
    endloop
  endfacet
  facet normal 0 0 1
    outer loop
      vertex 98.926 69.1142 2.4
      vertex 98.926 64.8858 2.4
      vertex 99.5 65 2.4
    endloop
  endfacet
  facet normal 0 0 1
    outer loop
      vertex 98.4393 69.4393 2.4
      vertex 98.926 64.8858 2.4
      vertex 98.926 69.1142 2.4
    endloop
  endfacet
  facet normal 0 0 1
    outer loop
      vertex 98.4393 69.4393 2.4
      vertex 98.4393 64.5607 2.4
      vertex 98.926 64.8858 2.4
    endloop
  endfacet
  facet normal 0 0 1
    outer loop
      vertex 93.8858 69.926 2.4
      vertex 98.1142 69.926 2.4
      vertex 94 70.5 2.4
    endloop
  endfacet
  facet normal 0 0 1
    outer loop
      vertex 98.1142 69.926 2.4
      vertex 93.8858 69.926 2.4
      vertex 98.4393 69.4393 2.4
    endloop
  endfacet
  facet normal -0 0 1
    outer loop
      vertex 94 70.5 2.4
      vertex 98.1142 69.926 2.4
      vertex 98 70.5 2.4
    endloop
  endfacet
  facet normal 0 0 1
    outer loop
      vertex 93.5607 69.4393 2.4
      vertex 98.4393 69.4393 2.4
      vertex 93.8858 69.926 2.4
    endloop
  endfacet
  facet normal 0 0 1
    outer loop
      vertex 112.439 41.4393 2.4
      vertex 107.561 41.4393 2.4
      vertex 112.439 36.5607 2.4
    endloop
  endfacet
  facet normal 0 0 1
    outer loop
      vertex 112.439 36.5607 2.4
      vertex 107.886 36.074 2.4
      vertex 108 35.5 2.4
    endloop
  endfacet
  facet normal 0 0 1
    outer loop
      vertex 107.561 36.5607 2.4
      vertex 112.439 36.5607 2.4
      vertex 107.561 41.4393 2.4
    endloop
  endfacet
  facet normal 0 0 1
    outer loop
      vertex 112.439 36.5607 2.4
      vertex 107.561 36.5607 2.4
      vertex 107.886 36.074 2.4
    endloop
  endfacet
  facet normal -0 0 1
    outer loop
      vertex 107.074 41.1142 2.4
      vertex 107.561 36.5607 2.4
      vertex 107.561 41.4393 2.4
    endloop
  endfacet
  facet normal 0 0 1
    outer loop
      vertex 107.074 41.1142 2.4
      vertex 107.074 36.8858 2.4
      vertex 107.561 36.5607 2.4
    endloop
  endfacet
  facet normal -0 0 1
    outer loop
      vertex 106.5 41 2.4
      vertex 107.074 36.8858 2.4
      vertex 107.074 41.1142 2.4
    endloop
  endfacet
  facet normal 0 0 1
    outer loop
      vertex 106.5 41 2.4
      vertex 106.5 37 2.4
      vertex 107.074 36.8858 2.4
    endloop
  endfacet
  facet normal 0 0 1
    outer loop
      vertex 105.926 41.1142 2.4
      vertex 106.5 37 2.4
      vertex 106.5 41 2.4
    endloop
  endfacet
  facet normal 0 0 1
    outer loop
      vertex 105.926 41.1142 2.4
      vertex 105.926 36.8858 2.4
      vertex 106.5 37 2.4
    endloop
  endfacet
  facet normal 0 0 1
    outer loop
      vertex 105.439 41.4393 2.4
      vertex 105.926 36.8858 2.4
      vertex 105.926 41.1142 2.4
    endloop
  endfacet
  facet normal 0 0 1
    outer loop
      vertex 105.439 41.4393 2.4
      vertex 105.439 36.5607 2.4
      vertex 105.926 36.8858 2.4
    endloop
  endfacet
  facet normal 0 0 1
    outer loop
      vertex 100.886 41.926 2.4
      vertex 105.114 41.926 2.4
      vertex 101 42.5 2.4
    endloop
  endfacet
  facet normal 0 0 1
    outer loop
      vertex 105.114 41.926 2.4
      vertex 100.886 41.926 2.4
      vertex 105.439 41.4393 2.4
    endloop
  endfacet
  facet normal -0 0 1
    outer loop
      vertex 101 42.5 2.4
      vertex 105.114 41.926 2.4
      vertex 105 42.5 2.4
    endloop
  endfacet
  facet normal 0 0 1
    outer loop
      vertex 100.561 41.4393 2.4
      vertex 105.439 41.4393 2.4
      vertex 100.886 41.926 2.4
    endloop
  endfacet
  facet normal 0 0 1
    outer loop
      vertex 112.439 48.4393 2.4
      vertex 107.561 48.4393 2.4
      vertex 112.439 43.5607 2.4
    endloop
  endfacet
  facet normal 0 0 1
    outer loop
      vertex 112.439 43.5607 2.4
      vertex 107.886 43.074 2.4
      vertex 108 42.5 2.4
    endloop
  endfacet
  facet normal 0 0 1
    outer loop
      vertex 107.561 43.5607 2.4
      vertex 112.439 43.5607 2.4
      vertex 107.561 48.4393 2.4
    endloop
  endfacet
  facet normal 0 0 1
    outer loop
      vertex 112.439 43.5607 2.4
      vertex 107.561 43.5607 2.4
      vertex 107.886 43.074 2.4
    endloop
  endfacet
  facet normal -0 0 1
    outer loop
      vertex 107.074 48.1142 2.4
      vertex 107.561 43.5607 2.4
      vertex 107.561 48.4393 2.4
    endloop
  endfacet
  facet normal 0 0 1
    outer loop
      vertex 107.074 48.1142 2.4
      vertex 107.074 43.8858 2.4
      vertex 107.561 43.5607 2.4
    endloop
  endfacet
  facet normal -0 0 1
    outer loop
      vertex 106.5 48 2.4
      vertex 107.074 43.8858 2.4
      vertex 107.074 48.1142 2.4
    endloop
  endfacet
  facet normal 0 0 1
    outer loop
      vertex 106.5 48 2.4
      vertex 106.5 44 2.4
      vertex 107.074 43.8858 2.4
    endloop
  endfacet
  facet normal 0 0 1
    outer loop
      vertex 105.926 48.1142 2.4
      vertex 106.5 44 2.4
      vertex 106.5 48 2.4
    endloop
  endfacet
  facet normal 0 0 1
    outer loop
      vertex 105.926 48.1142 2.4
      vertex 105.926 43.8858 2.4
      vertex 106.5 44 2.4
    endloop
  endfacet
  facet normal 0 0 1
    outer loop
      vertex 105.439 48.4393 2.4
      vertex 105.926 43.8858 2.4
      vertex 105.926 48.1142 2.4
    endloop
  endfacet
  facet normal 0 0 1
    outer loop
      vertex 105.439 48.4393 2.4
      vertex 105.439 43.5607 2.4
      vertex 105.926 43.8858 2.4
    endloop
  endfacet
  facet normal 0 0 1
    outer loop
      vertex 100.886 48.926 2.4
      vertex 105.114 48.926 2.4
      vertex 101 49.5 2.4
    endloop
  endfacet
  facet normal 0 0 1
    outer loop
      vertex 105.114 48.926 2.4
      vertex 100.886 48.926 2.4
      vertex 105.439 48.4393 2.4
    endloop
  endfacet
  facet normal -0 0 1
    outer loop
      vertex 101 49.5 2.4
      vertex 105.114 48.926 2.4
      vertex 105 49.5 2.4
    endloop
  endfacet
  facet normal 0 0 1
    outer loop
      vertex 100.561 48.4393 2.4
      vertex 105.439 48.4393 2.4
      vertex 100.886 48.926 2.4
    endloop
  endfacet
  facet normal 0 0 1
    outer loop
      vertex 112.439 55.4393 2.4
      vertex 107.561 55.4393 2.4
      vertex 112.439 50.5607 2.4
    endloop
  endfacet
  facet normal 0 0 1
    outer loop
      vertex 112.439 50.5607 2.4
      vertex 107.886 50.074 2.4
      vertex 108 49.5 2.4
    endloop
  endfacet
  facet normal 0 0 1
    outer loop
      vertex 107.561 50.5607 2.4
      vertex 112.439 50.5607 2.4
      vertex 107.561 55.4393 2.4
    endloop
  endfacet
  facet normal 0 0 1
    outer loop
      vertex 112.439 50.5607 2.4
      vertex 107.561 50.5607 2.4
      vertex 107.886 50.074 2.4
    endloop
  endfacet
  facet normal -0 0 1
    outer loop
      vertex 107.074 55.1142 2.4
      vertex 107.561 50.5607 2.4
      vertex 107.561 55.4393 2.4
    endloop
  endfacet
  facet normal 0 0 1
    outer loop
      vertex 107.074 55.1142 2.4
      vertex 107.074 50.8858 2.4
      vertex 107.561 50.5607 2.4
    endloop
  endfacet
  facet normal -0 0 1
    outer loop
      vertex 106.5 55 2.4
      vertex 107.074 50.8858 2.4
      vertex 107.074 55.1142 2.4
    endloop
  endfacet
  facet normal 0 0 1
    outer loop
      vertex 106.5 55 2.4
      vertex 106.5 51 2.4
      vertex 107.074 50.8858 2.4
    endloop
  endfacet
  facet normal 0 0 1
    outer loop
      vertex 105.926 55.1142 2.4
      vertex 106.5 51 2.4
      vertex 106.5 55 2.4
    endloop
  endfacet
  facet normal 0 0 1
    outer loop
      vertex 105.926 55.1142 2.4
      vertex 105.926 50.8858 2.4
      vertex 106.5 51 2.4
    endloop
  endfacet
  facet normal 0 0 1
    outer loop
      vertex 105.439 55.4393 2.4
      vertex 105.926 50.8858 2.4
      vertex 105.926 55.1142 2.4
    endloop
  endfacet
  facet normal 0 0 1
    outer loop
      vertex 105.439 55.4393 2.4
      vertex 105.439 50.5607 2.4
      vertex 105.926 50.8858 2.4
    endloop
  endfacet
  facet normal 0 0 1
    outer loop
      vertex 100.886 55.926 2.4
      vertex 105.114 55.926 2.4
      vertex 101 56.5 2.4
    endloop
  endfacet
  facet normal 0 0 1
    outer loop
      vertex 105.114 55.926 2.4
      vertex 100.886 55.926 2.4
      vertex 105.439 55.4393 2.4
    endloop
  endfacet
  facet normal -0 0 1
    outer loop
      vertex 101 56.5 2.4
      vertex 105.114 55.926 2.4
      vertex 105 56.5 2.4
    endloop
  endfacet
  facet normal 0 0 1
    outer loop
      vertex 100.561 55.4393 2.4
      vertex 105.439 55.4393 2.4
      vertex 100.886 55.926 2.4
    endloop
  endfacet
  facet normal 0 0 1
    outer loop
      vertex 112.439 62.4393 2.4
      vertex 107.561 62.4393 2.4
      vertex 112.439 57.5607 2.4
    endloop
  endfacet
  facet normal 0 0 1
    outer loop
      vertex 112.439 57.5607 2.4
      vertex 107.886 57.074 2.4
      vertex 108 56.5 2.4
    endloop
  endfacet
  facet normal 0 0 1
    outer loop
      vertex 107.561 57.5607 2.4
      vertex 112.439 57.5607 2.4
      vertex 107.561 62.4393 2.4
    endloop
  endfacet
  facet normal 0 0 1
    outer loop
      vertex 112.439 57.5607 2.4
      vertex 107.561 57.5607 2.4
      vertex 107.886 57.074 2.4
    endloop
  endfacet
  facet normal -0 0 1
    outer loop
      vertex 107.074 62.1142 2.4
      vertex 107.561 57.5607 2.4
      vertex 107.561 62.4393 2.4
    endloop
  endfacet
  facet normal 0 0 1
    outer loop
      vertex 107.074 62.1142 2.4
      vertex 107.074 57.8858 2.4
      vertex 107.561 57.5607 2.4
    endloop
  endfacet
  facet normal -0 0 1
    outer loop
      vertex 106.5 62 2.4
      vertex 107.074 57.8858 2.4
      vertex 107.074 62.1142 2.4
    endloop
  endfacet
  facet normal 0 0 1
    outer loop
      vertex 106.5 62 2.4
      vertex 106.5 58 2.4
      vertex 107.074 57.8858 2.4
    endloop
  endfacet
  facet normal 0 0 1
    outer loop
      vertex 105.926 62.1142 2.4
      vertex 106.5 58 2.4
      vertex 106.5 62 2.4
    endloop
  endfacet
  facet normal 0 0 1
    outer loop
      vertex 105.926 62.1142 2.4
      vertex 105.926 57.8858 2.4
      vertex 106.5 58 2.4
    endloop
  endfacet
  facet normal 0 0 1
    outer loop
      vertex 105.439 62.4393 2.4
      vertex 105.926 57.8858 2.4
      vertex 105.926 62.1142 2.4
    endloop
  endfacet
  facet normal 0 0 1
    outer loop
      vertex 105.439 62.4393 2.4
      vertex 105.439 57.5607 2.4
      vertex 105.926 57.8858 2.4
    endloop
  endfacet
  facet normal 0 0 1
    outer loop
      vertex 100.886 62.926 2.4
      vertex 105.114 62.926 2.4
      vertex 101 63.5 2.4
    endloop
  endfacet
  facet normal 0 0 1
    outer loop
      vertex 105.114 62.926 2.4
      vertex 100.886 62.926 2.4
      vertex 105.439 62.4393 2.4
    endloop
  endfacet
  facet normal -0 0 1
    outer loop
      vertex 101 63.5 2.4
      vertex 105.114 62.926 2.4
      vertex 105 63.5 2.4
    endloop
  endfacet
  facet normal 0 0 1
    outer loop
      vertex 100.561 62.4393 2.4
      vertex 105.439 62.4393 2.4
      vertex 100.886 62.926 2.4
    endloop
  endfacet
  facet normal 0 0 1
    outer loop
      vertex 112.439 69.4393 2.4
      vertex 107.561 69.4393 2.4
      vertex 112.439 64.5607 2.4
    endloop
  endfacet
  facet normal 0 0 1
    outer loop
      vertex 112.439 64.5607 2.4
      vertex 107.886 64.074 2.4
      vertex 108 63.5 2.4
    endloop
  endfacet
  facet normal 0 0 1
    outer loop
      vertex 107.561 64.5607 2.4
      vertex 112.439 64.5607 2.4
      vertex 107.561 69.4393 2.4
    endloop
  endfacet
  facet normal 0 0 1
    outer loop
      vertex 112.439 64.5607 2.4
      vertex 107.561 64.5607 2.4
      vertex 107.886 64.074 2.4
    endloop
  endfacet
  facet normal -0 0 1
    outer loop
      vertex 107.074 69.1142 2.4
      vertex 107.561 64.5607 2.4
      vertex 107.561 69.4393 2.4
    endloop
  endfacet
  facet normal 0 0 1
    outer loop
      vertex 107.074 69.1142 2.4
      vertex 107.074 64.8858 2.4
      vertex 107.561 64.5607 2.4
    endloop
  endfacet
  facet normal -0 0 1
    outer loop
      vertex 106.5 69 2.4
      vertex 107.074 64.8858 2.4
      vertex 107.074 69.1142 2.4
    endloop
  endfacet
  facet normal 0 0 1
    outer loop
      vertex 106.5 69 2.4
      vertex 106.5 65 2.4
      vertex 107.074 64.8858 2.4
    endloop
  endfacet
  facet normal 0 0 1
    outer loop
      vertex 105.926 69.1142 2.4
      vertex 106.5 65 2.4
      vertex 106.5 69 2.4
    endloop
  endfacet
  facet normal 0 0 1
    outer loop
      vertex 105.926 69.1142 2.4
      vertex 105.926 64.8858 2.4
      vertex 106.5 65 2.4
    endloop
  endfacet
  facet normal 0 0 1
    outer loop
      vertex 105.439 69.4393 2.4
      vertex 105.926 64.8858 2.4
      vertex 105.926 69.1142 2.4
    endloop
  endfacet
  facet normal 0 0 1
    outer loop
      vertex 105.439 69.4393 2.4
      vertex 105.439 64.5607 2.4
      vertex 105.926 64.8858 2.4
    endloop
  endfacet
  facet normal 0 0 1
    outer loop
      vertex 100.886 69.926 2.4
      vertex 105.114 69.926 2.4
      vertex 101 70.5 2.4
    endloop
  endfacet
  facet normal 0 0 1
    outer loop
      vertex 105.114 69.926 2.4
      vertex 100.886 69.926 2.4
      vertex 105.439 69.4393 2.4
    endloop
  endfacet
  facet normal -0 0 1
    outer loop
      vertex 101 70.5 2.4
      vertex 105.114 69.926 2.4
      vertex 105 70.5 2.4
    endloop
  endfacet
  facet normal 0 0 1
    outer loop
      vertex 100.561 69.4393 2.4
      vertex 105.439 69.4393 2.4
      vertex 100.886 69.926 2.4
    endloop
  endfacet
  facet normal 0 0 1
    outer loop
      vertex 119.439 41.4393 2.4
      vertex 114.561 41.4393 2.4
      vertex 119.439 36.5607 2.4
    endloop
  endfacet
  facet normal 0 0 1
    outer loop
      vertex 119.439 36.5607 2.4
      vertex 114.886 36.074 2.4
      vertex 115 35.5 2.4
    endloop
  endfacet
  facet normal 0 0 1
    outer loop
      vertex 114.561 36.5607 2.4
      vertex 119.439 36.5607 2.4
      vertex 114.561 41.4393 2.4
    endloop
  endfacet
  facet normal 0 0 1
    outer loop
      vertex 119.439 36.5607 2.4
      vertex 114.561 36.5607 2.4
      vertex 114.886 36.074 2.4
    endloop
  endfacet
  facet normal -0 0 1
    outer loop
      vertex 114.074 41.1142 2.4
      vertex 114.561 36.5607 2.4
      vertex 114.561 41.4393 2.4
    endloop
  endfacet
  facet normal 0 0 1
    outer loop
      vertex 114.074 41.1142 2.4
      vertex 114.074 36.8858 2.4
      vertex 114.561 36.5607 2.4
    endloop
  endfacet
  facet normal -0 0 1
    outer loop
      vertex 113.5 41 2.4
      vertex 114.074 36.8858 2.4
      vertex 114.074 41.1142 2.4
    endloop
  endfacet
  facet normal 0 0 1
    outer loop
      vertex 113.5 41 2.4
      vertex 113.5 37 2.4
      vertex 114.074 36.8858 2.4
    endloop
  endfacet
  facet normal 0 0 1
    outer loop
      vertex 112.926 41.1142 2.4
      vertex 113.5 37 2.4
      vertex 113.5 41 2.4
    endloop
  endfacet
  facet normal 0 0 1
    outer loop
      vertex 112.926 41.1142 2.4
      vertex 112.926 36.8858 2.4
      vertex 113.5 37 2.4
    endloop
  endfacet
  facet normal 0 0 1
    outer loop
      vertex 112.439 41.4393 2.4
      vertex 112.926 36.8858 2.4
      vertex 112.926 41.1142 2.4
    endloop
  endfacet
  facet normal 0 0 1
    outer loop
      vertex 112.439 41.4393 2.4
      vertex 112.439 36.5607 2.4
      vertex 112.926 36.8858 2.4
    endloop
  endfacet
  facet normal 0 0 1
    outer loop
      vertex 107.886 41.926 2.4
      vertex 112.114 41.926 2.4
      vertex 108 42.5 2.4
    endloop
  endfacet
  facet normal 0 0 1
    outer loop
      vertex 112.114 41.926 2.4
      vertex 107.886 41.926 2.4
      vertex 112.439 41.4393 2.4
    endloop
  endfacet
  facet normal -0 0 1
    outer loop
      vertex 108 42.5 2.4
      vertex 112.114 41.926 2.4
      vertex 112 42.5 2.4
    endloop
  endfacet
  facet normal 0 0 1
    outer loop
      vertex 107.561 41.4393 2.4
      vertex 112.439 41.4393 2.4
      vertex 107.886 41.926 2.4
    endloop
  endfacet
  facet normal 0 0 1
    outer loop
      vertex 119.439 48.4393 2.4
      vertex 114.561 48.4393 2.4
      vertex 119.439 43.5607 2.4
    endloop
  endfacet
  facet normal 0 0 1
    outer loop
      vertex 119.439 43.5607 2.4
      vertex 114.886 43.074 2.4
      vertex 115 42.5 2.4
    endloop
  endfacet
  facet normal 0 0 1
    outer loop
      vertex 114.561 43.5607 2.4
      vertex 119.439 43.5607 2.4
      vertex 114.561 48.4393 2.4
    endloop
  endfacet
  facet normal 0 0 1
    outer loop
      vertex 119.439 43.5607 2.4
      vertex 114.561 43.5607 2.4
      vertex 114.886 43.074 2.4
    endloop
  endfacet
  facet normal -0 0 1
    outer loop
      vertex 114.074 48.1142 2.4
      vertex 114.561 43.5607 2.4
      vertex 114.561 48.4393 2.4
    endloop
  endfacet
  facet normal 0 0 1
    outer loop
      vertex 114.074 48.1142 2.4
      vertex 114.074 43.8858 2.4
      vertex 114.561 43.5607 2.4
    endloop
  endfacet
  facet normal -0 0 1
    outer loop
      vertex 113.5 48 2.4
      vertex 114.074 43.8858 2.4
      vertex 114.074 48.1142 2.4
    endloop
  endfacet
  facet normal 0 0 1
    outer loop
      vertex 113.5 48 2.4
      vertex 113.5 44 2.4
      vertex 114.074 43.8858 2.4
    endloop
  endfacet
  facet normal 0 0 1
    outer loop
      vertex 112.926 48.1142 2.4
      vertex 113.5 44 2.4
      vertex 113.5 48 2.4
    endloop
  endfacet
  facet normal 0 0 1
    outer loop
      vertex 112.926 48.1142 2.4
      vertex 112.926 43.8858 2.4
      vertex 113.5 44 2.4
    endloop
  endfacet
  facet normal 0 0 1
    outer loop
      vertex 112.439 48.4393 2.4
      vertex 112.926 43.8858 2.4
      vertex 112.926 48.1142 2.4
    endloop
  endfacet
  facet normal 0 0 1
    outer loop
      vertex 112.439 48.4393 2.4
      vertex 112.439 43.5607 2.4
      vertex 112.926 43.8858 2.4
    endloop
  endfacet
  facet normal 0 0 1
    outer loop
      vertex 107.886 48.926 2.4
      vertex 112.114 48.926 2.4
      vertex 108 49.5 2.4
    endloop
  endfacet
  facet normal 0 0 1
    outer loop
      vertex 112.114 48.926 2.4
      vertex 107.886 48.926 2.4
      vertex 112.439 48.4393 2.4
    endloop
  endfacet
  facet normal -0 0 1
    outer loop
      vertex 108 49.5 2.4
      vertex 112.114 48.926 2.4
      vertex 112 49.5 2.4
    endloop
  endfacet
  facet normal 0 0 1
    outer loop
      vertex 107.561 48.4393 2.4
      vertex 112.439 48.4393 2.4
      vertex 107.886 48.926 2.4
    endloop
  endfacet
  facet normal 0 0 1
    outer loop
      vertex 119.439 55.4393 2.4
      vertex 114.561 55.4393 2.4
      vertex 119.439 50.5607 2.4
    endloop
  endfacet
  facet normal 0 0 1
    outer loop
      vertex 119.439 50.5607 2.4
      vertex 114.886 50.074 2.4
      vertex 115 49.5 2.4
    endloop
  endfacet
  facet normal 0 0 1
    outer loop
      vertex 114.561 50.5607 2.4
      vertex 119.439 50.5607 2.4
      vertex 114.561 55.4393 2.4
    endloop
  endfacet
  facet normal 0 0 1
    outer loop
      vertex 119.439 50.5607 2.4
      vertex 114.561 50.5607 2.4
      vertex 114.886 50.074 2.4
    endloop
  endfacet
  facet normal -0 0 1
    outer loop
      vertex 114.074 55.1142 2.4
      vertex 114.561 50.5607 2.4
      vertex 114.561 55.4393 2.4
    endloop
  endfacet
  facet normal 0 0 1
    outer loop
      vertex 114.074 55.1142 2.4
      vertex 114.074 50.8858 2.4
      vertex 114.561 50.5607 2.4
    endloop
  endfacet
  facet normal -0 0 1
    outer loop
      vertex 113.5 55 2.4
      vertex 114.074 50.8858 2.4
      vertex 114.074 55.1142 2.4
    endloop
  endfacet
  facet normal 0 0 1
    outer loop
      vertex 113.5 55 2.4
      vertex 113.5 51 2.4
      vertex 114.074 50.8858 2.4
    endloop
  endfacet
  facet normal 0 0 1
    outer loop
      vertex 112.926 55.1142 2.4
      vertex 113.5 51 2.4
      vertex 113.5 55 2.4
    endloop
  endfacet
  facet normal 0 0 1
    outer loop
      vertex 112.926 55.1142 2.4
      vertex 112.926 50.8858 2.4
      vertex 113.5 51 2.4
    endloop
  endfacet
  facet normal 0 0 1
    outer loop
      vertex 112.439 55.4393 2.4
      vertex 112.926 50.8858 2.4
      vertex 112.926 55.1142 2.4
    endloop
  endfacet
  facet normal 0 0 1
    outer loop
      vertex 112.439 55.4393 2.4
      vertex 112.439 50.5607 2.4
      vertex 112.926 50.8858 2.4
    endloop
  endfacet
  facet normal 0 0 1
    outer loop
      vertex 107.886 55.926 2.4
      vertex 112.114 55.926 2.4
      vertex 108 56.5 2.4
    endloop
  endfacet
  facet normal 0 0 1
    outer loop
      vertex 112.114 55.926 2.4
      vertex 107.886 55.926 2.4
      vertex 112.439 55.4393 2.4
    endloop
  endfacet
  facet normal -0 0 1
    outer loop
      vertex 108 56.5 2.4
      vertex 112.114 55.926 2.4
      vertex 112 56.5 2.4
    endloop
  endfacet
  facet normal 0 0 1
    outer loop
      vertex 107.561 55.4393 2.4
      vertex 112.439 55.4393 2.4
      vertex 107.886 55.926 2.4
    endloop
  endfacet
  facet normal 0 0 1
    outer loop
      vertex 119.439 62.4393 2.4
      vertex 114.561 62.4393 2.4
      vertex 119.439 57.5607 2.4
    endloop
  endfacet
  facet normal 0 0 1
    outer loop
      vertex 119.439 57.5607 2.4
      vertex 114.886 57.074 2.4
      vertex 115 56.5 2.4
    endloop
  endfacet
  facet normal 0 0 1
    outer loop
      vertex 114.561 57.5607 2.4
      vertex 119.439 57.5607 2.4
      vertex 114.561 62.4393 2.4
    endloop
  endfacet
  facet normal 0 0 1
    outer loop
      vertex 119.439 57.5607 2.4
      vertex 114.561 57.5607 2.4
      vertex 114.886 57.074 2.4
    endloop
  endfacet
  facet normal -0 0 1
    outer loop
      vertex 114.074 62.1142 2.4
      vertex 114.561 57.5607 2.4
      vertex 114.561 62.4393 2.4
    endloop
  endfacet
  facet normal 0 0 1
    outer loop
      vertex 114.074 62.1142 2.4
      vertex 114.074 57.8858 2.4
      vertex 114.561 57.5607 2.4
    endloop
  endfacet
  facet normal -0 0 1
    outer loop
      vertex 113.5 62 2.4
      vertex 114.074 57.8858 2.4
      vertex 114.074 62.1142 2.4
    endloop
  endfacet
  facet normal 0 0 1
    outer loop
      vertex 113.5 62 2.4
      vertex 113.5 58 2.4
      vertex 114.074 57.8858 2.4
    endloop
  endfacet
  facet normal 0 0 1
    outer loop
      vertex 112.926 62.1142 2.4
      vertex 113.5 58 2.4
      vertex 113.5 62 2.4
    endloop
  endfacet
  facet normal 0 0 1
    outer loop
      vertex 112.926 62.1142 2.4
      vertex 112.926 57.8858 2.4
      vertex 113.5 58 2.4
    endloop
  endfacet
  facet normal 0 0 1
    outer loop
      vertex 112.439 62.4393 2.4
      vertex 112.926 57.8858 2.4
      vertex 112.926 62.1142 2.4
    endloop
  endfacet
  facet normal 0 0 1
    outer loop
      vertex 112.439 62.4393 2.4
      vertex 112.439 57.5607 2.4
      vertex 112.926 57.8858 2.4
    endloop
  endfacet
  facet normal 0 0 1
    outer loop
      vertex 107.886 62.926 2.4
      vertex 112.114 62.926 2.4
      vertex 108 63.5 2.4
    endloop
  endfacet
  facet normal 0 0 1
    outer loop
      vertex 112.114 62.926 2.4
      vertex 107.886 62.926 2.4
      vertex 112.439 62.4393 2.4
    endloop
  endfacet
  facet normal -0 0 1
    outer loop
      vertex 108 63.5 2.4
      vertex 112.114 62.926 2.4
      vertex 112 63.5 2.4
    endloop
  endfacet
  facet normal 0 0 1
    outer loop
      vertex 107.561 62.4393 2.4
      vertex 112.439 62.4393 2.4
      vertex 107.886 62.926 2.4
    endloop
  endfacet
  facet normal 0 0 1
    outer loop
      vertex 119.439 69.4393 2.4
      vertex 114.561 69.4393 2.4
      vertex 119.439 64.5607 2.4
    endloop
  endfacet
  facet normal 0 0 1
    outer loop
      vertex 119.439 64.5607 2.4
      vertex 114.886 64.074 2.4
      vertex 115 63.5 2.4
    endloop
  endfacet
  facet normal 0 0 1
    outer loop
      vertex 114.561 64.5607 2.4
      vertex 119.439 64.5607 2.4
      vertex 114.561 69.4393 2.4
    endloop
  endfacet
  facet normal 0 0 1
    outer loop
      vertex 119.439 64.5607 2.4
      vertex 114.561 64.5607 2.4
      vertex 114.886 64.074 2.4
    endloop
  endfacet
  facet normal -0 0 1
    outer loop
      vertex 114.074 69.1142 2.4
      vertex 114.561 64.5607 2.4
      vertex 114.561 69.4393 2.4
    endloop
  endfacet
  facet normal 0 0 1
    outer loop
      vertex 114.074 69.1142 2.4
      vertex 114.074 64.8858 2.4
      vertex 114.561 64.5607 2.4
    endloop
  endfacet
  facet normal -0 0 1
    outer loop
      vertex 113.5 69 2.4
      vertex 114.074 64.8858 2.4
      vertex 114.074 69.1142 2.4
    endloop
  endfacet
  facet normal 0 0 1
    outer loop
      vertex 113.5 69 2.4
      vertex 113.5 65 2.4
      vertex 114.074 64.8858 2.4
    endloop
  endfacet
  facet normal 0 0 1
    outer loop
      vertex 112.926 69.1142 2.4
      vertex 113.5 65 2.4
      vertex 113.5 69 2.4
    endloop
  endfacet
  facet normal 0 0 1
    outer loop
      vertex 112.926 69.1142 2.4
      vertex 112.926 64.8858 2.4
      vertex 113.5 65 2.4
    endloop
  endfacet
  facet normal 0 0 1
    outer loop
      vertex 112.439 69.4393 2.4
      vertex 112.926 64.8858 2.4
      vertex 112.926 69.1142 2.4
    endloop
  endfacet
  facet normal 0 0 1
    outer loop
      vertex 112.439 69.4393 2.4
      vertex 112.439 64.5607 2.4
      vertex 112.926 64.8858 2.4
    endloop
  endfacet
  facet normal 0 0 1
    outer loop
      vertex 107.886 69.926 2.4
      vertex 112.114 69.926 2.4
      vertex 108 70.5 2.4
    endloop
  endfacet
  facet normal 0 0 1
    outer loop
      vertex 112.114 69.926 2.4
      vertex 107.886 69.926 2.4
      vertex 112.439 69.4393 2.4
    endloop
  endfacet
  facet normal -0 0 1
    outer loop
      vertex 108 70.5 2.4
      vertex 112.114 69.926 2.4
      vertex 112 70.5 2.4
    endloop
  endfacet
  facet normal 0 0 1
    outer loop
      vertex 107.561 69.4393 2.4
      vertex 112.439 69.4393 2.4
      vertex 107.886 69.926 2.4
    endloop
  endfacet
  facet normal -0 0 1
    outer loop
      vertex 121.886 41.926 2.4
      vertex 122 35.5 2.4
      vertex 122 42.5 2.4
    endloop
  endfacet
  facet normal 0 0 1
    outer loop
      vertex 121.886 41.926 2.4
      vertex 121.886 36.074 2.4
      vertex 122 35.5 2.4
    endloop
  endfacet
  facet normal -0 0 1
    outer loop
      vertex 121.561 41.4393 2.4
      vertex 121.886 36.074 2.4
      vertex 121.886 41.926 2.4
    endloop
  endfacet
  facet normal 0 0 1
    outer loop
      vertex 121.561 41.4393 2.4
      vertex 121.561 36.5607 2.4
      vertex 121.886 36.074 2.4
    endloop
  endfacet
  facet normal -0 0 1
    outer loop
      vertex 121.074 41.1142 2.4
      vertex 121.561 36.5607 2.4
      vertex 121.561 41.4393 2.4
    endloop
  endfacet
  facet normal 0 0 1
    outer loop
      vertex 121.074 41.1142 2.4
      vertex 121.074 36.8858 2.4
      vertex 121.561 36.5607 2.4
    endloop
  endfacet
  facet normal -0 0 1
    outer loop
      vertex 120.5 41 2.4
      vertex 121.074 36.8858 2.4
      vertex 121.074 41.1142 2.4
    endloop
  endfacet
  facet normal 0 0 1
    outer loop
      vertex 120.5 41 2.4
      vertex 120.5 37 2.4
      vertex 121.074 36.8858 2.4
    endloop
  endfacet
  facet normal 0 0 1
    outer loop
      vertex 119.926 41.1142 2.4
      vertex 120.5 37 2.4
      vertex 120.5 41 2.4
    endloop
  endfacet
  facet normal 0 0 1
    outer loop
      vertex 119.926 41.1142 2.4
      vertex 119.926 36.8858 2.4
      vertex 120.5 37 2.4
    endloop
  endfacet
  facet normal 0 0 1
    outer loop
      vertex 119.439 41.4393 2.4
      vertex 119.926 36.8858 2.4
      vertex 119.926 41.1142 2.4
    endloop
  endfacet
  facet normal 0 0 1
    outer loop
      vertex 119.439 41.4393 2.4
      vertex 119.439 36.5607 2.4
      vertex 119.926 36.8858 2.4
    endloop
  endfacet
  facet normal 0 0 1
    outer loop
      vertex 114.886 41.926 2.4
      vertex 119.114 41.926 2.4
      vertex 115 42.5 2.4
    endloop
  endfacet
  facet normal 0 0 1
    outer loop
      vertex 119.114 41.926 2.4
      vertex 114.886 41.926 2.4
      vertex 119.439 41.4393 2.4
    endloop
  endfacet
  facet normal -0 0 1
    outer loop
      vertex 115 42.5 2.4
      vertex 119.114 41.926 2.4
      vertex 119 42.5 2.4
    endloop
  endfacet
  facet normal 0 0 1
    outer loop
      vertex 114.561 41.4393 2.4
      vertex 119.439 41.4393 2.4
      vertex 114.886 41.926 2.4
    endloop
  endfacet
  facet normal -0 0 1
    outer loop
      vertex 121.886 48.926 2.4
      vertex 122 42.5 2.4
      vertex 122 49.5 2.4
    endloop
  endfacet
  facet normal 0 0 1
    outer loop
      vertex 121.886 48.926 2.4
      vertex 121.886 43.074 2.4
      vertex 122 42.5 2.4
    endloop
  endfacet
  facet normal -0 0 1
    outer loop
      vertex 121.561 48.4393 2.4
      vertex 121.886 43.074 2.4
      vertex 121.886 48.926 2.4
    endloop
  endfacet
  facet normal 0 0 1
    outer loop
      vertex 121.561 48.4393 2.4
      vertex 121.561 43.5607 2.4
      vertex 121.886 43.074 2.4
    endloop
  endfacet
  facet normal -0 0 1
    outer loop
      vertex 121.074 48.1142 2.4
      vertex 121.561 43.5607 2.4
      vertex 121.561 48.4393 2.4
    endloop
  endfacet
  facet normal 0 0 1
    outer loop
      vertex 121.074 48.1142 2.4
      vertex 121.074 43.8858 2.4
      vertex 121.561 43.5607 2.4
    endloop
  endfacet
  facet normal -0 0 1
    outer loop
      vertex 120.5 48 2.4
      vertex 121.074 43.8858 2.4
      vertex 121.074 48.1142 2.4
    endloop
  endfacet
  facet normal 0 0 1
    outer loop
      vertex 120.5 48 2.4
      vertex 120.5 44 2.4
      vertex 121.074 43.8858 2.4
    endloop
  endfacet
  facet normal 0 0 1
    outer loop
      vertex 119.926 48.1142 2.4
      vertex 120.5 44 2.4
      vertex 120.5 48 2.4
    endloop
  endfacet
  facet normal 0 0 1
    outer loop
      vertex 119.926 48.1142 2.4
      vertex 119.926 43.8858 2.4
      vertex 120.5 44 2.4
    endloop
  endfacet
  facet normal 0 0 1
    outer loop
      vertex 119.439 48.4393 2.4
      vertex 119.926 43.8858 2.4
      vertex 119.926 48.1142 2.4
    endloop
  endfacet
  facet normal 0 0 1
    outer loop
      vertex 119.439 48.4393 2.4
      vertex 119.439 43.5607 2.4
      vertex 119.926 43.8858 2.4
    endloop
  endfacet
  facet normal 0 0 1
    outer loop
      vertex 114.886 48.926 2.4
      vertex 119.114 48.926 2.4
      vertex 115 49.5 2.4
    endloop
  endfacet
  facet normal 0 0 1
    outer loop
      vertex 119.114 48.926 2.4
      vertex 114.886 48.926 2.4
      vertex 119.439 48.4393 2.4
    endloop
  endfacet
  facet normal -0 0 1
    outer loop
      vertex 115 49.5 2.4
      vertex 119.114 48.926 2.4
      vertex 119 49.5 2.4
    endloop
  endfacet
  facet normal 0 0 1
    outer loop
      vertex 114.561 48.4393 2.4
      vertex 119.439 48.4393 2.4
      vertex 114.886 48.926 2.4
    endloop
  endfacet
  facet normal -0 0 1
    outer loop
      vertex 121.886 55.926 2.4
      vertex 122 49.5 2.4
      vertex 122 56.5 2.4
    endloop
  endfacet
  facet normal 0 0 1
    outer loop
      vertex 121.886 55.926 2.4
      vertex 121.886 50.074 2.4
      vertex 122 49.5 2.4
    endloop
  endfacet
  facet normal -0 0 1
    outer loop
      vertex 121.561 55.4393 2.4
      vertex 121.886 50.074 2.4
      vertex 121.886 55.926 2.4
    endloop
  endfacet
  facet normal 0 0 1
    outer loop
      vertex 121.561 55.4393 2.4
      vertex 121.561 50.5607 2.4
      vertex 121.886 50.074 2.4
    endloop
  endfacet
  facet normal -0 0 1
    outer loop
      vertex 121.074 55.1142 2.4
      vertex 121.561 50.5607 2.4
      vertex 121.561 55.4393 2.4
    endloop
  endfacet
  facet normal 0 0 1
    outer loop
      vertex 121.074 55.1142 2.4
      vertex 121.074 50.8858 2.4
      vertex 121.561 50.5607 2.4
    endloop
  endfacet
  facet normal -0 0 1
    outer loop
      vertex 120.5 55 2.4
      vertex 121.074 50.8858 2.4
      vertex 121.074 55.1142 2.4
    endloop
  endfacet
  facet normal 0 0 1
    outer loop
      vertex 120.5 55 2.4
      vertex 120.5 51 2.4
      vertex 121.074 50.8858 2.4
    endloop
  endfacet
  facet normal 0 0 1
    outer loop
      vertex 119.926 55.1142 2.4
      vertex 120.5 51 2.4
      vertex 120.5 55 2.4
    endloop
  endfacet
  facet normal 0 0 1
    outer loop
      vertex 119.926 55.1142 2.4
      vertex 119.926 50.8858 2.4
      vertex 120.5 51 2.4
    endloop
  endfacet
  facet normal 0 0 1
    outer loop
      vertex 119.439 55.4393 2.4
      vertex 119.926 50.8858 2.4
      vertex 119.926 55.1142 2.4
    endloop
  endfacet
  facet normal 0 0 1
    outer loop
      vertex 119.439 55.4393 2.4
      vertex 119.439 50.5607 2.4
      vertex 119.926 50.8858 2.4
    endloop
  endfacet
  facet normal 0 0 1
    outer loop
      vertex 114.886 55.926 2.4
      vertex 119.114 55.926 2.4
      vertex 115 56.5 2.4
    endloop
  endfacet
  facet normal 0 0 1
    outer loop
      vertex 119.114 55.926 2.4
      vertex 114.886 55.926 2.4
      vertex 119.439 55.4393 2.4
    endloop
  endfacet
  facet normal -0 0 1
    outer loop
      vertex 115 56.5 2.4
      vertex 119.114 55.926 2.4
      vertex 119 56.5 2.4
    endloop
  endfacet
  facet normal 0 0 1
    outer loop
      vertex 114.561 55.4393 2.4
      vertex 119.439 55.4393 2.4
      vertex 114.886 55.926 2.4
    endloop
  endfacet
  facet normal -0 0 1
    outer loop
      vertex 121.886 62.926 2.4
      vertex 122 56.5 2.4
      vertex 122 63.5 2.4
    endloop
  endfacet
  facet normal 0 0 1
    outer loop
      vertex 121.886 62.926 2.4
      vertex 121.886 57.074 2.4
      vertex 122 56.5 2.4
    endloop
  endfacet
  facet normal -0 0 1
    outer loop
      vertex 121.561 62.4393 2.4
      vertex 121.886 57.074 2.4
      vertex 121.886 62.926 2.4
    endloop
  endfacet
  facet normal 0 0 1
    outer loop
      vertex 121.561 62.4393 2.4
      vertex 121.561 57.5607 2.4
      vertex 121.886 57.074 2.4
    endloop
  endfacet
  facet normal -0 0 1
    outer loop
      vertex 121.074 62.1142 2.4
      vertex 121.561 57.5607 2.4
      vertex 121.561 62.4393 2.4
    endloop
  endfacet
  facet normal 0 0 1
    outer loop
      vertex 121.074 62.1142 2.4
      vertex 121.074 57.8858 2.4
      vertex 121.561 57.5607 2.4
    endloop
  endfacet
  facet normal -0 0 1
    outer loop
      vertex 120.5 62 2.4
      vertex 121.074 57.8858 2.4
      vertex 121.074 62.1142 2.4
    endloop
  endfacet
  facet normal 0 0 1
    outer loop
      vertex 120.5 62 2.4
      vertex 120.5 58 2.4
      vertex 121.074 57.8858 2.4
    endloop
  endfacet
  facet normal 0 0 1
    outer loop
      vertex 119.926 62.1142 2.4
      vertex 120.5 58 2.4
      vertex 120.5 62 2.4
    endloop
  endfacet
  facet normal 0 0 1
    outer loop
      vertex 119.926 62.1142 2.4
      vertex 119.926 57.8858 2.4
      vertex 120.5 58 2.4
    endloop
  endfacet
  facet normal 0 0 1
    outer loop
      vertex 119.439 62.4393 2.4
      vertex 119.926 57.8858 2.4
      vertex 119.926 62.1142 2.4
    endloop
  endfacet
  facet normal 0 0 1
    outer loop
      vertex 119.439 62.4393 2.4
      vertex 119.439 57.5607 2.4
      vertex 119.926 57.8858 2.4
    endloop
  endfacet
  facet normal 0 0 1
    outer loop
      vertex 114.886 62.926 2.4
      vertex 119.114 62.926 2.4
      vertex 115 63.5 2.4
    endloop
  endfacet
  facet normal 0 0 1
    outer loop
      vertex 119.114 62.926 2.4
      vertex 114.886 62.926 2.4
      vertex 119.439 62.4393 2.4
    endloop
  endfacet
  facet normal -0 0 1
    outer loop
      vertex 115 63.5 2.4
      vertex 119.114 62.926 2.4
      vertex 119 63.5 2.4
    endloop
  endfacet
  facet normal 0 0 1
    outer loop
      vertex 114.561 62.4393 2.4
      vertex 119.439 62.4393 2.4
      vertex 114.886 62.926 2.4
    endloop
  endfacet
  facet normal -0 0 1
    outer loop
      vertex 121.886 69.926 2.4
      vertex 122 63.5 2.4
      vertex 122 70.5 2.4
    endloop
  endfacet
  facet normal 0 0 1
    outer loop
      vertex 121.886 69.926 2.4
      vertex 121.886 64.074 2.4
      vertex 122 63.5 2.4
    endloop
  endfacet
  facet normal -0 0 1
    outer loop
      vertex 121.561 69.4393 2.4
      vertex 121.886 64.074 2.4
      vertex 121.886 69.926 2.4
    endloop
  endfacet
  facet normal 0 0 1
    outer loop
      vertex 121.561 69.4393 2.4
      vertex 121.561 64.5607 2.4
      vertex 121.886 64.074 2.4
    endloop
  endfacet
  facet normal -0 0 1
    outer loop
      vertex 121.074 69.1142 2.4
      vertex 121.561 64.5607 2.4
      vertex 121.561 69.4393 2.4
    endloop
  endfacet
  facet normal 0 0 1
    outer loop
      vertex 121.074 69.1142 2.4
      vertex 121.074 64.8858 2.4
      vertex 121.561 64.5607 2.4
    endloop
  endfacet
  facet normal -0 0 1
    outer loop
      vertex 120.5 69 2.4
      vertex 121.074 64.8858 2.4
      vertex 121.074 69.1142 2.4
    endloop
  endfacet
  facet normal 0 0 1
    outer loop
      vertex 120.5 69 2.4
      vertex 120.5 65 2.4
      vertex 121.074 64.8858 2.4
    endloop
  endfacet
  facet normal 0 0 1
    outer loop
      vertex 119.926 69.1142 2.4
      vertex 120.5 65 2.4
      vertex 120.5 69 2.4
    endloop
  endfacet
  facet normal 0 0 1
    outer loop
      vertex 119.926 69.1142 2.4
      vertex 119.926 64.8858 2.4
      vertex 120.5 65 2.4
    endloop
  endfacet
  facet normal 0 0 1
    outer loop
      vertex 119.439 69.4393 2.4
      vertex 119.926 64.8858 2.4
      vertex 119.926 69.1142 2.4
    endloop
  endfacet
  facet normal 0 0 1
    outer loop
      vertex 119.439 69.4393 2.4
      vertex 119.439 64.5607 2.4
      vertex 119.926 64.8858 2.4
    endloop
  endfacet
  facet normal 0 0 1
    outer loop
      vertex 114.886 69.926 2.4
      vertex 119.114 69.926 2.4
      vertex 115 70.5 2.4
    endloop
  endfacet
  facet normal 0 0 1
    outer loop
      vertex 119.114 69.926 2.4
      vertex 114.886 69.926 2.4
      vertex 119.439 69.4393 2.4
    endloop
  endfacet
  facet normal -0 0 1
    outer loop
      vertex 115 70.5 2.4
      vertex 119.114 69.926 2.4
      vertex 119 70.5 2.4
    endloop
  endfacet
  facet normal 0 0 1
    outer loop
      vertex 114.561 69.4393 2.4
      vertex 119.439 69.4393 2.4
      vertex 114.886 69.926 2.4
    endloop
  endfacet
  facet normal -0 0 1
    outer loop
      vertex 162.072 89.75 2.4
      vertex 166 28.5522 2.4
      vertex 166 96 2.4
    endloop
  endfacet
  facet normal -0 0 1
    outer loop
      vertex 161.802 89.3979 2.4
      vertex 166 28.5522 2.4
      vertex 162.072 89.75 2.4
    endloop
  endfacet
  facet normal 0 0 1
    outer loop
      vertex 166 28.5522 2.4
      vertex 161.802 89.3979 2.4
      vertex 165.167 29.236 2.4
    endloop
  endfacet
  facet normal 0 0 1
    outer loop
      vertex 162.242 90.16 2.4
      vertex 166 96 2.4
      vertex 162.3 90.6 2.4
    endloop
  endfacet
  facet normal 0 0 1
    outer loop
      vertex 166 96 2.4
      vertex 162.242 91.04 2.4
      vertex 162.3 90.6 2.4
    endloop
  endfacet
  facet normal 0 0 1
    outer loop
      vertex 166 96 2.4
      vertex 162.072 91.45 2.4
      vertex 162.242 91.04 2.4
    endloop
  endfacet
  facet normal 0 0 1
    outer loop
      vertex 166 96 2.4
      vertex 161.802 91.8021 2.4
      vertex 162.072 91.45 2.4
    endloop
  endfacet
  facet normal 0 0 1
    outer loop
      vertex 166 96 2.4
      vertex 161.45 92.0722 2.4
      vertex 161.802 91.8021 2.4
    endloop
  endfacet
  facet normal 0 0 1
    outer loop
      vertex 166 96 2.4
      vertex 161.04 92.2421 2.4
      vertex 161.45 92.0722 2.4
    endloop
  endfacet
  facet normal 0 0 1
    outer loop
      vertex 166 96 2.4
      vertex 160.6 92.3 2.4
      vertex 161.04 92.2421 2.4
    endloop
  endfacet
  facet normal 0 0 1
    outer loop
      vertex 166 96 2.4
      vertex 160.16 92.2421 2.4
      vertex 160.6 92.3 2.4
    endloop
  endfacet
  facet normal 0 0 1
    outer loop
      vertex 166 96 2.4
      vertex 159.75 92.0722 2.4
      vertex 160.16 92.2421 2.4
    endloop
  endfacet
  facet normal 0 0 1
    outer loop
      vertex 159.75 89.1278 2.4
      vertex 156.833 29.236 2.4
      vertex 158.13 29.9291 2.4
    endloop
  endfacet
  facet normal 0 0 1
    outer loop
      vertex 158.958 90.16 2.4
      vertex 122 56.5 2.4
      vertex 156.833 29.236 2.4
    endloop
  endfacet
  facet normal -0 0 1
    outer loop
      vertex 122 49.5 2.4
      vertex 156.833 29.236 2.4
      vertex 122 56.5 2.4
    endloop
  endfacet
  facet normal -0 0 1
    outer loop
      vertex 122 42.5 2.4
      vertex 156.833 29.236 2.4
      vertex 122 49.5 2.4
    endloop
  endfacet
  facet normal 0 0 1
    outer loop
      vertex 156.833 29.236 2.4
      vertex 122 42.5 2.4
      vertex 155.697 28.3033 2.4
    endloop
  endfacet
  facet normal 0 0 1
    outer loop
      vertex 152 26 2.4
      vertex 140 18 2.4
      vertex 152 16 2.4
    endloop
  endfacet
  facet normal 0 0 1
    outer loop
      vertex 154.764 27.1668 2.4
      vertex 152 26 2.4
      vertex 154.14 26 2.4
    endloop
  endfacet
  facet normal 0 0 1
    outer loop
      vertex 121.074 71.8858 2.4
      vertex 158.9 90.6 2.4
      vertex 158.958 91.04 2.4
    endloop
  endfacet
  facet normal 0 0 1
    outer loop
      vertex 158.958 90.16 2.4
      vertex 122 70.5 2.4
      vertex 122 63.5 2.4
    endloop
  endfacet
  facet normal 0 0 1
    outer loop
      vertex 121.074 71.8858 2.4
      vertex 158.958 91.04 2.4
      vertex 159.128 91.45 2.4
    endloop
  endfacet
  facet normal 0 0 1
    outer loop
      vertex 120.5 72 2.4
      vertex 159.128 91.45 2.4
      vertex 159.398 91.8021 2.4
    endloop
  endfacet
  facet normal 0 0 1
    outer loop
      vertex 63 85.5981 2.4
      vertex 159.398 91.8021 2.4
      vertex 159.75 92.0722 2.4
    endloop
  endfacet
  facet normal 0 0 1
    outer loop
      vertex 63 85.5981 2.4
      vertex 159.75 92.0722 2.4
      vertex 166 96 2.4
    endloop
  endfacet
  facet normal 0 0 1
    outer loop
      vertex 158.958 90.16 2.4
      vertex 121.886 71.074 2.4
      vertex 122 70.5 2.4
    endloop
  endfacet
  facet normal 0 0 1
    outer loop
      vertex 158.958 90.16 2.4
      vertex 121.561 71.5607 2.4
      vertex 121.886 71.074 2.4
    endloop
  endfacet
  facet normal 0 0 1
    outer loop
      vertex 158.9 90.6 2.4
      vertex 121.074 71.8858 2.4
      vertex 121.561 71.5607 2.4
    endloop
  endfacet
  facet normal 0 0 1
    outer loop
      vertex 159.128 91.45 2.4
      vertex 120.5 72 2.4
      vertex 121.074 71.8858 2.4
    endloop
  endfacet
  facet normal 0 0 1
    outer loop
      vertex 159.398 91.8021 2.4
      vertex 113.5 72 2.4
      vertex 120.5 72 2.4
    endloop
  endfacet
  facet normal 0 0 1
    outer loop
      vertex 119.114 64.074 2.4
      vertex 115 63.5 2.4
      vertex 119 63.5 2.4
    endloop
  endfacet
  facet normal 0 0 1
    outer loop
      vertex 119.439 57.5607 2.4
      vertex 115 56.5 2.4
      vertex 119.114 57.074 2.4
    endloop
  endfacet
  facet normal 0 0 1
    outer loop
      vertex 119.439 50.5607 2.4
      vertex 115 49.5 2.4
      vertex 119.114 50.074 2.4
    endloop
  endfacet
  facet normal 0 0 1
    outer loop
      vertex 119.114 50.074 2.4
      vertex 115 49.5 2.4
      vertex 119 49.5 2.4
    endloop
  endfacet
  facet normal 0 0 1
    outer loop
      vertex 119.439 64.5607 2.4
      vertex 115 63.5 2.4
      vertex 119.114 64.074 2.4
    endloop
  endfacet
  facet normal 0 0 1
    outer loop
      vertex 119.114 71.074 2.4
      vertex 115 70.5 2.4
      vertex 119 70.5 2.4
    endloop
  endfacet
  facet normal 0 0 1
    outer loop
      vertex 114.886 71.074 2.4
      vertex 119.114 71.074 2.4
      vertex 119.439 71.5607 2.4
    endloop
  endfacet
  facet normal 0 0 1
    outer loop
      vertex 114.561 71.5607 2.4
      vertex 119.439 71.5607 2.4
      vertex 119.926 71.8858 2.4
    endloop
  endfacet
  facet normal 0 0 1
    outer loop
      vertex 120.5 72 2.4
      vertex 113.5 72 2.4
      vertex 119.926 71.8858 2.4
    endloop
  endfacet
  facet normal 0 0 1
    outer loop
      vertex 119.114 71.074 2.4
      vertex 114.886 71.074 2.4
      vertex 115 70.5 2.4
    endloop
  endfacet
  facet normal 0 0 1
    outer loop
      vertex 119.439 71.5607 2.4
      vertex 114.561 71.5607 2.4
      vertex 114.886 71.074 2.4
    endloop
  endfacet
  facet normal 0 0 1
    outer loop
      vertex 119.926 71.8858 2.4
      vertex 114.074 71.8858 2.4
      vertex 114.561 71.5607 2.4
    endloop
  endfacet
  facet normal 0 0 1
    outer loop
      vertex 119.926 71.8858 2.4
      vertex 113.5 72 2.4
      vertex 114.074 71.8858 2.4
    endloop
  endfacet
  facet normal 0 0 1
    outer loop
      vertex 159.398 91.8021 2.4
      vertex 106.5 72 2.4
      vertex 113.5 72 2.4
    endloop
  endfacet
  facet normal 0 0 1
    outer loop
      vertex 112.114 64.074 2.4
      vertex 108 63.5 2.4
      vertex 112 63.5 2.4
    endloop
  endfacet
  facet normal 0 0 1
    outer loop
      vertex 112.439 57.5607 2.4
      vertex 108 56.5 2.4
      vertex 112.114 57.074 2.4
    endloop
  endfacet
  facet normal 0 0 1
    outer loop
      vertex 112.439 50.5607 2.4
      vertex 108 49.5 2.4
      vertex 112.114 50.074 2.4
    endloop
  endfacet
  facet normal 0 0 1
    outer loop
      vertex 112.114 50.074 2.4
      vertex 108 49.5 2.4
      vertex 112 49.5 2.4
    endloop
  endfacet
  facet normal 0 0 1
    outer loop
      vertex 112.439 64.5607 2.4
      vertex 108 63.5 2.4
      vertex 112.114 64.074 2.4
    endloop
  endfacet
  facet normal 0 0 1
    outer loop
      vertex 112.114 71.074 2.4
      vertex 108 70.5 2.4
      vertex 112 70.5 2.4
    endloop
  endfacet
  facet normal 0 0 1
    outer loop
      vertex 107.886 71.074 2.4
      vertex 112.114 71.074 2.4
      vertex 112.439 71.5607 2.4
    endloop
  endfacet
  facet normal 0 0 1
    outer loop
      vertex 107.561 71.5607 2.4
      vertex 112.439 71.5607 2.4
      vertex 112.926 71.8858 2.4
    endloop
  endfacet
  facet normal 0 0 1
    outer loop
      vertex 113.5 72 2.4
      vertex 106.5 72 2.4
      vertex 112.926 71.8858 2.4
    endloop
  endfacet
  facet normal 0 0 1
    outer loop
      vertex 112.114 71.074 2.4
      vertex 107.886 71.074 2.4
      vertex 108 70.5 2.4
    endloop
  endfacet
  facet normal 0 0 1
    outer loop
      vertex 112.439 71.5607 2.4
      vertex 107.561 71.5607 2.4
      vertex 107.886 71.074 2.4
    endloop
  endfacet
  facet normal 0 0 1
    outer loop
      vertex 112.926 71.8858 2.4
      vertex 107.074 71.8858 2.4
      vertex 107.561 71.5607 2.4
    endloop
  endfacet
  facet normal 0 0 1
    outer loop
      vertex 112.926 71.8858 2.4
      vertex 106.5 72 2.4
      vertex 107.074 71.8858 2.4
    endloop
  endfacet
  facet normal 0 0 1
    outer loop
      vertex 159.398 91.8021 2.4
      vertex 63 85.5981 2.4
      vertex 106.5 72 2.4
    endloop
  endfacet
  facet normal 0 0 1
    outer loop
      vertex 105.114 64.074 2.4
      vertex 101 63.5 2.4
      vertex 105 63.5 2.4
    endloop
  endfacet
  facet normal 0 0 1
    outer loop
      vertex 105.439 57.5607 2.4
      vertex 101 56.5 2.4
      vertex 105.114 57.074 2.4
    endloop
  endfacet
  facet normal 0 0 1
    outer loop
      vertex 105.439 50.5607 2.4
      vertex 101 49.5 2.4
      vertex 105.114 50.074 2.4
    endloop
  endfacet
  facet normal 0 0 1
    outer loop
      vertex 105.114 50.074 2.4
      vertex 101 49.5 2.4
      vertex 105 49.5 2.4
    endloop
  endfacet
  facet normal 0 0 1
    outer loop
      vertex 105.439 64.5607 2.4
      vertex 101 63.5 2.4
      vertex 105.114 64.074 2.4
    endloop
  endfacet
  facet normal 0 0 1
    outer loop
      vertex 105.114 71.074 2.4
      vertex 101 70.5 2.4
      vertex 105 70.5 2.4
    endloop
  endfacet
  facet normal 0 0 1
    outer loop
      vertex 100.886 71.074 2.4
      vertex 105.114 71.074 2.4
      vertex 105.439 71.5607 2.4
    endloop
  endfacet
  facet normal 0 0 1
    outer loop
      vertex 100.561 71.5607 2.4
      vertex 105.439 71.5607 2.4
      vertex 105.926 71.8858 2.4
    endloop
  endfacet
  facet normal 0 -0 1
    outer loop
      vertex 99.5 72 2.4
      vertex 106.5 72 2.4
      vertex 63 85.5981 2.4
    endloop
  endfacet
  facet normal 0 0 1
    outer loop
      vertex 105.114 71.074 2.4
      vertex 100.886 71.074 2.4
      vertex 101 70.5 2.4
    endloop
  endfacet
  facet normal 0 0 1
    outer loop
      vertex 105.439 71.5607 2.4
      vertex 100.561 71.5607 2.4
      vertex 100.886 71.074 2.4
    endloop
  endfacet
  facet normal 0 0 1
    outer loop
      vertex 105.926 71.8858 2.4
      vertex 100.074 71.8858 2.4
      vertex 100.561 71.5607 2.4
    endloop
  endfacet
  facet normal 0 0 1
    outer loop
      vertex 105.926 71.8858 2.4
      vertex 99.5 72 2.4
      vertex 100.074 71.8858 2.4
    endloop
  endfacet
  facet normal 0 0 1
    outer loop
      vertex 106.5 72 2.4
      vertex 99.5 72 2.4
      vertex 105.926 71.8858 2.4
    endloop
  endfacet
  facet normal 0 0 1
    outer loop
      vertex 98.1142 64.074 2.4
      vertex 94 63.5 2.4
      vertex 98 63.5 2.4
    endloop
  endfacet
  facet normal 0 0 1
    outer loop
      vertex 98.4393 57.5607 2.4
      vertex 94 56.5 2.4
      vertex 98.1142 57.074 2.4
    endloop
  endfacet
  facet normal 0 0 1
    outer loop
      vertex 98.4393 50.5607 2.4
      vertex 94 49.5 2.4
      vertex 98.1142 50.074 2.4
    endloop
  endfacet
  facet normal 0 0 1
    outer loop
      vertex 98.1142 50.074 2.4
      vertex 94 49.5 2.4
      vertex 98 49.5 2.4
    endloop
  endfacet
  facet normal 0 0 1
    outer loop
      vertex 98.4393 64.5607 2.4
      vertex 94 63.5 2.4
      vertex 98.1142 64.074 2.4
    endloop
  endfacet
  facet normal 0 0 1
    outer loop
      vertex 98.1142 71.074 2.4
      vertex 94 70.5 2.4
      vertex 98 70.5 2.4
    endloop
  endfacet
  facet normal 0 0 1
    outer loop
      vertex 93.8858 71.074 2.4
      vertex 98.1142 71.074 2.4
      vertex 98.4393 71.5607 2.4
    endloop
  endfacet
  facet normal 0 0 1
    outer loop
      vertex 93.5607 71.5607 2.4
      vertex 98.4393 71.5607 2.4
      vertex 98.926 71.8858 2.4
    endloop
  endfacet
  facet normal -0 -0 1
    outer loop
      vertex 63.6213 85.1213 2.4
      vertex 99.5 72 2.4
      vertex 63 85.5981 2.4
    endloop
  endfacet
  facet normal 0 0 1
    outer loop
      vertex 98.1142 71.074 2.4
      vertex 93.8858 71.074 2.4
      vertex 94 70.5 2.4
    endloop
  endfacet
  facet normal 0 0 1
    outer loop
      vertex 98.4393 71.5607 2.4
      vertex 93.5607 71.5607 2.4
      vertex 93.8858 71.074 2.4
    endloop
  endfacet
  facet normal 0 0 1
    outer loop
      vertex 98.926 71.8858 2.4
      vertex 93.074 71.8858 2.4
      vertex 93.5607 71.5607 2.4
    endloop
  endfacet
  facet normal 0 -0 1
    outer loop
      vertex 92.5 72 2.4
      vertex 99.5 72 2.4
      vertex 63.6213 85.1213 2.4
    endloop
  endfacet
  facet normal 0 0 1
    outer loop
      vertex 98.926 71.8858 2.4
      vertex 92.5 72 2.4
      vertex 93.074 71.8858 2.4
    endloop
  endfacet
  facet normal 0 0 1
    outer loop
      vertex 91.1142 64.074 2.4
      vertex 87 63.5 2.4
      vertex 91 63.5 2.4
    endloop
  endfacet
  facet normal 0 0 1
    outer loop
      vertex 91.4393 57.5607 2.4
      vertex 87 56.5 2.4
      vertex 91.1142 57.074 2.4
    endloop
  endfacet
  facet normal 0 0 1
    outer loop
      vertex 91.4393 50.5607 2.4
      vertex 87 49.5 2.4
      vertex 91.1142 50.074 2.4
    endloop
  endfacet
  facet normal 0 0 1
    outer loop
      vertex 91.1142 50.074 2.4
      vertex 87 49.5 2.4
      vertex 91 49.5 2.4
    endloop
  endfacet
  facet normal 0 0 1
    outer loop
      vertex 91.4393 64.5607 2.4
      vertex 87 63.5 2.4
      vertex 91.1142 64.074 2.4
    endloop
  endfacet
  facet normal 0 0 1
    outer loop
      vertex 91.1142 71.074 2.4
      vertex 87 70.5 2.4
      vertex 91 70.5 2.4
    endloop
  endfacet
  facet normal 0 0 1
    outer loop
      vertex 86.8858 71.074 2.4
      vertex 91.1142 71.074 2.4
      vertex 91.4393 71.5607 2.4
    endloop
  endfacet
  facet normal 0 0 1
    outer loop
      vertex 86.5607 71.5607 2.4
      vertex 91.4393 71.5607 2.4
      vertex 91.926 71.8858 2.4
    endloop
  endfacet
  facet normal -0 -0 1
    outer loop
      vertex 64.0981 84.5 2.4
      vertex 92.5 72 2.4
      vertex 63.6213 85.1213 2.4
    endloop
  endfacet
  facet normal 0 0 1
    outer loop
      vertex 91.1142 71.074 2.4
      vertex 86.8858 71.074 2.4
      vertex 87 70.5 2.4
    endloop
  endfacet
  facet normal 0 0 1
    outer loop
      vertex 91.4393 71.5607 2.4
      vertex 86.5607 71.5607 2.4
      vertex 86.8858 71.074 2.4
    endloop
  endfacet
  facet normal 0 0 1
    outer loop
      vertex 91.926 71.8858 2.4
      vertex 86.074 71.8858 2.4
      vertex 86.5607 71.5607 2.4
    endloop
  endfacet
  facet normal 0 -0 1
    outer loop
      vertex 85.5 72 2.4
      vertex 92.5 72 2.4
      vertex 64.0981 84.5 2.4
    endloop
  endfacet
  facet normal 0 0 1
    outer loop
      vertex 91.926 71.8858 2.4
      vertex 85.5 72 2.4
      vertex 86.074 71.8858 2.4
    endloop
  endfacet
  facet normal 0 0 1
    outer loop
      vertex 84.1142 64.074 2.4
      vertex 73 55.5 2.4
      vertex 84 63.5 2.4
    endloop
  endfacet
  facet normal 0 0 1
    outer loop
      vertex 84.1142 57.074 2.4
      vertex 74.25 55.1651 2.4
      vertex 74.7678 54.7678 2.4
    endloop
  endfacet
  facet normal 0 -0 1
    outer loop
      vertex 75.4148 53.647 2.4
      vertex 84 56.5 2.4
      vertex 75.1651 54.25 2.4
    endloop
  endfacet
  facet normal -0 0 1
    outer loop
      vertex 75.4148 52.353 2.4
      vertex 84.1142 50.074 2.4
      vertex 75.5 53 2.4
    endloop
  endfacet
  facet normal -0 0 1
    outer loop
      vertex 75.1651 51.75 2.4
      vertex 84 49.5 2.4
      vertex 75.4148 52.353 2.4
    endloop
  endfacet
  facet normal -0 0 1
    outer loop
      vertex 74.25 50.8349 2.4
      vertex 84.1142 43.074 2.4
      vertex 74.7678 51.2322 2.4
    endloop
  endfacet
  facet normal -0 0 1
    outer loop
      vertex 74.7678 51.2322 2.4
      vertex 84 49.5 2.4
      vertex 75.1651 51.75 2.4
    endloop
  endfacet
  facet normal 0 0 1
    outer loop
      vertex 84.4393 71.5607 2.4
      vertex 64.3978 82.2235 2.4
      vertex 84.1142 71.074 2.4
    endloop
  endfacet
  facet normal 0 0 1
    outer loop
      vertex 84.1142 50.074 2.4
      vertex 75.4148 52.353 2.4
      vertex 84 49.5 2.4
    endloop
  endfacet
  facet normal 0 0 1
    outer loop
      vertex 84.1142 55.926 2.4
      vertex 75.4148 53.647 2.4
      vertex 75.5 53 2.4
    endloop
  endfacet
  facet normal 0 0 1
    outer loop
      vertex 84 56.5 2.4
      vertex 74.7678 54.7678 2.4
      vertex 75.1651 54.25 2.4
    endloop
  endfacet
  facet normal 0 0 1
    outer loop
      vertex 84.1142 57.074 2.4
      vertex 74.7678 54.7678 2.4
      vertex 84 56.5 2.4
    endloop
  endfacet
  facet normal 0 0 1
    outer loop
      vertex 84 63.5 2.4
      vertex 73.647 55.4148 2.4
      vertex 74.25 55.1651 2.4
    endloop
  endfacet
  facet normal -0 0 1
    outer loop
      vertex 64.3978 82.2235 2.4
      vertex 84.4393 71.5607 2.4
      vertex 64.5 83 2.4
    endloop
  endfacet
  facet normal 0 0 1
    outer loop
      vertex 84 63.5 2.4
      vertex 73 55.5 2.4
      vertex 73.647 55.4148 2.4
    endloop
  endfacet
  facet normal 0 0 1
    outer loop
      vertex 84 70.5 2.4
      vertex 72.353 55.4148 2.4
      vertex 73 55.5 2.4
    endloop
  endfacet
  facet normal -0 0 1
    outer loop
      vertex 64.0981 81.5 2.4
      vertex 84.1142 71.074 2.4
      vertex 64.3978 82.2235 2.4
    endloop
  endfacet
  facet normal -0 0 1
    outer loop
      vertex 63.6213 80.8787 2.4
      vertex 84.1142 71.074 2.4
      vertex 64.0981 81.5 2.4
    endloop
  endfacet
  facet normal 0 0 1
    outer loop
      vertex 72.353 55.4148 2.4
      vertex 60 77 2.4
      vertex 71.75 55.1651 2.4
    endloop
  endfacet
  facet normal 0 0 1
    outer loop
      vertex 84 70.5 2.4
      vertex 60 77 2.4
      vertex 72.353 55.4148 2.4
    endloop
  endfacet
  facet normal -0 0 1
    outer loop
      vertex 60 77 2.4
      vertex 84 70.5 2.4
      vertex 63.6213 80.8787 2.4
    endloop
  endfacet
  facet normal 0 0 1
    outer loop
      vertex 84.1142 71.074 2.4
      vertex 63.6213 80.8787 2.4
      vertex 84 70.5 2.4
    endloop
  endfacet
  facet normal 0 0 1
    outer loop
      vertex 84.926 71.8858 2.4
      vertex 64.5 83 2.4
      vertex 84.4393 71.5607 2.4
    endloop
  endfacet
  facet normal 0 0 1
    outer loop
      vertex 92.5 72 2.4
      vertex 85.5 72 2.4
      vertex 91.926 71.8858 2.4
    endloop
  endfacet
  facet normal 0 0 1
    outer loop
      vertex 84.926 71.8858 2.4
      vertex 64.3978 83.7765 2.4
      vertex 64.5 83 2.4
    endloop
  endfacet
  facet normal 0 0 1
    outer loop
      vertex 85.5 72 2.4
      vertex 64.3978 83.7765 2.4
      vertex 84.926 71.8858 2.4
    endloop
  endfacet
  facet normal -0 -0 1
    outer loop
      vertex 64.3978 83.7765 2.4
      vertex 85.5 72 2.4
      vertex 64.0981 84.5 2.4
    endloop
  endfacet
  facet normal 0 0 1
    outer loop
      vertex 99.5 72 2.4
      vertex 92.5 72 2.4
      vertex 98.926 71.8858 2.4
    endloop
  endfacet
  facet normal 0 0 1
    outer loop
      vertex 166 96 2.4
      vertex 62.2765 85.8978 2.4
      vertex 63 85.5981 2.4
    endloop
  endfacet
  facet normal 0 0 1
    outer loop
      vertex 166 96 2.4
      vertex 61.5 86 2.4
      vertex 62.2765 85.8978 2.4
    endloop
  endfacet
  facet normal 0 0 1
    outer loop
      vertex 58.6022 83.7765 2.4
      vertex 17.5 83 2.4
      vertex 58.5 83 2.4
    endloop
  endfacet
  facet normal 0 0 1
    outer loop
      vertex 17.3978 83.7765 2.4
      vertex 58.6022 83.7765 2.4
      vertex 58.9019 84.5 2.4
    endloop
  endfacet
  facet normal 0 0 1
    outer loop
      vertex 17.0981 84.5 2.4
      vertex 58.9019 84.5 2.4
      vertex 59.3787 85.1213 2.4
    endloop
  endfacet
  facet normal 0 0 1
    outer loop
      vertex 16.6213 85.1213 2.4
      vertex 59.3787 85.1213 2.4
      vertex 60 85.5981 2.4
    endloop
  endfacet
  facet normal 0 0 1
    outer loop
      vertex 6.25 92.0722 2.4
      vertex 60 85.5981 2.4
      vertex 60.7235 85.8978 2.4
    endloop
  endfacet
  facet normal 0 0 1
    outer loop
      vertex 0 96 2.4
      vertex 60.7235 85.8978 2.4
      vertex 61.5 86 2.4
    endloop
  endfacet
  facet normal -0 0 1
    outer loop
      vertex 0 96 2.4
      vertex 61.5 86 2.4
      vertex 166 96 2.4
    endloop
  endfacet
  facet normal 0 0 1
    outer loop
      vertex 58.6022 83.7765 2.4
      vertex 17.3978 83.7765 2.4
      vertex 17.5 83 2.4
    endloop
  endfacet
  facet normal 0 0 1
    outer loop
      vertex 58.9019 84.5 2.4
      vertex 17.0981 84.5 2.4
      vertex 17.3978 83.7765 2.4
    endloop
  endfacet
  facet normal 0 0 1
    outer loop
      vertex 59.3787 85.1213 2.4
      vertex 16.6213 85.1213 2.4
      vertex 17.0981 84.5 2.4
    endloop
  endfacet
  facet normal 0 0 1
    outer loop
      vertex 60 85.5981 2.4
      vertex 16 85.5981 2.4
      vertex 16.6213 85.1213 2.4
    endloop
  endfacet
  facet normal 0 0 1
    outer loop
      vertex 60 85.5981 2.4
      vertex 6.25 92.0722 2.4
      vertex 6.60208 91.8021 2.4
    endloop
  endfacet
  facet normal 0 0 1
    outer loop
      vertex 60 85.5981 2.4
      vertex 6.60208 91.8021 2.4
      vertex 16 85.5981 2.4
    endloop
  endfacet
  facet normal 0 0 1
    outer loop
      vertex 11.9019 14.5 2.4
      vertex 7.1 5.4 2.4
      vertex 11.6022 13.7765 2.4
    endloop
  endfacet
  facet normal -0 0 1
    outer loop
      vertex 6.60208 89.3979 2.4
      vertex 12.3787 85.1213 2.4
      vertex 6.87224 89.75 2.4
    endloop
  endfacet
  facet normal 0 0 1
    outer loop
      vertex 13 85.5981 2.4
      vertex 6.87224 89.75 2.4
      vertex 12.3787 85.1213 2.4
    endloop
  endfacet
  facet normal -0 0 1
    outer loop
      vertex 6.87224 89.75 2.4
      vertex 13 85.5981 2.4
      vertex 7.04207 90.16 2.4
    endloop
  endfacet
  facet normal -0 0 1
    outer loop
      vertex 7.04207 90.16 2.4
      vertex 13 85.5981 2.4
      vertex 7.1 90.6 2.4
    endloop
  endfacet
  facet normal 0 0 1
    outer loop
      vertex 13.7235 85.8978 2.4
      vertex 7.1 90.6 2.4
      vertex 13 85.5981 2.4
    endloop
  endfacet
  facet normal 0 0 1
    outer loop
      vertex 7.04207 91.04 2.4
      vertex 13.7235 85.8978 2.4
      vertex 14.5 86 2.4
    endloop
  endfacet
  facet normal -0 -0 1
    outer loop
      vertex 6.87224 91.45 2.4
      vertex 15.2765 85.8978 2.4
      vertex 6.60208 91.8021 2.4
    endloop
  endfacet
  facet normal 0 0 1
    outer loop
      vertex 13.7235 85.8978 2.4
      vertex 7.04207 91.04 2.4
      vertex 7.1 90.6 2.4
    endloop
  endfacet
  facet normal 0 0 1
    outer loop
      vertex 14.5 86 2.4
      vertex 6.87224 91.45 2.4
      vertex 7.04207 91.04 2.4
    endloop
  endfacet
  facet normal 0 0 1
    outer loop
      vertex 15.2765 85.8978 2.4
      vertex 6.87224 91.45 2.4
      vertex 14.5 86 2.4
    endloop
  endfacet
  facet normal 0 0 1
    outer loop
      vertex 16 85.5981 2.4
      vertex 6.60208 91.8021 2.4
      vertex 15.2765 85.8978 2.4
    endloop
  endfacet
  facet normal 0 0 1
    outer loop
      vertex 60.7235 85.8978 2.4
      vertex 0 96 2.4
      vertex 6.25 92.0722 2.4
    endloop
  endfacet
  facet normal 0 0 1
    outer loop
      vertex 6.25 92.0722 2.4
      vertex 0 96 2.4
      vertex 5.83999 92.2421 2.4
    endloop
  endfacet
  facet normal 0 0 1
    outer loop
      vertex 3.92776 6.25 2.4
      vertex 0 0 2.4
      vertex 3.75793 5.83999 2.4
    endloop
  endfacet
  facet normal 0 0 1
    outer loop
      vertex 3.75793 91.04 2.4
      vertex 0 96 2.4
      vertex 3.7 90.6 2.4
    endloop
  endfacet
  facet normal 0 0 1
    outer loop
      vertex 3.92776 91.45 2.4
      vertex 0 96 2.4
      vertex 3.75793 91.04 2.4
    endloop
  endfacet
  facet normal 0 0 1
    outer loop
      vertex 4.19792 91.8021 2.4
      vertex 0 96 2.4
      vertex 3.92776 91.45 2.4
    endloop
  endfacet
  facet normal 0 0 1
    outer loop
      vertex 4.55 92.0722 2.4
      vertex 0 96 2.4
      vertex 4.19792 91.8021 2.4
    endloop
  endfacet
  facet normal 0 0 1
    outer loop
      vertex 4.96001 92.2421 2.4
      vertex 0 96 2.4
      vertex 4.55 92.0722 2.4
    endloop
  endfacet
  facet normal 0 0 1
    outer loop
      vertex 5.4 92.3 2.4
      vertex 0 96 2.4
      vertex 4.96001 92.2421 2.4
    endloop
  endfacet
  facet normal 0 0 1
    outer loop
      vertex 5.83999 92.2421 2.4
      vertex 0 96 2.4
      vertex 5.4 92.3 2.4
    endloop
  endfacet
  facet normal 0 0 1
    outer loop
      vertex 162.072 89.75 2.4
      vertex 166 96 2.4
      vertex 162.242 90.16 2.4
    endloop
  endfacet
  facet normal -0 0 1
    outer loop
      vertex 161.45 89.1278 2.4
      vertex 165.167 29.236 2.4
      vertex 161.802 89.3979 2.4
    endloop
  endfacet
  facet normal 0 0 1
    outer loop
      vertex 165.167 29.236 2.4
      vertex 161.45 89.1278 2.4
      vertex 163.87 29.9291 2.4
    endloop
  endfacet
  facet normal -0 0 1
    outer loop
      vertex 161.04 88.9579 2.4
      vertex 163.87 29.9291 2.4
      vertex 161.45 89.1278 2.4
    endloop
  endfacet
  facet normal 0 0 1
    outer loop
      vertex 163.87 29.9291 2.4
      vertex 161.04 88.9579 2.4
      vertex 162.463 30.3559 2.4
    endloop
  endfacet
  facet normal 0 0 1
    outer loop
      vertex 161.04 88.9579 2.4
      vertex 161 30.5 2.4
      vertex 162.463 30.3559 2.4
    endloop
  endfacet
  facet normal -0 0 1
    outer loop
      vertex 160.6 88.9 2.4
      vertex 161 30.5 2.4
      vertex 161.04 88.9579 2.4
    endloop
  endfacet
  facet normal 0 0 1
    outer loop
      vertex 159.537 30.3559 2.4
      vertex 160.6 88.9 2.4
      vertex 160.16 88.9579 2.4
    endloop
  endfacet
  facet normal 0 0 1
    outer loop
      vertex 158.13 29.9291 2.4
      vertex 160.16 88.9579 2.4
      vertex 159.75 89.1278 2.4
    endloop
  endfacet
  facet normal 0 0 1
    outer loop
      vertex 160.6 88.9 2.4
      vertex 159.537 30.3559 2.4
      vertex 161 30.5 2.4
    endloop
  endfacet
  facet normal 0 0 1
    outer loop
      vertex 156.833 29.236 2.4
      vertex 159.75 89.1278 2.4
      vertex 159.398 89.3979 2.4
    endloop
  endfacet
  facet normal 0 0 1
    outer loop
      vertex 156.833 29.236 2.4
      vertex 159.398 89.3979 2.4
      vertex 159.128 89.75 2.4
    endloop
  endfacet
  facet normal 0 0 1
    outer loop
      vertex 156.833 29.236 2.4
      vertex 159.128 89.75 2.4
      vertex 158.958 90.16 2.4
    endloop
  endfacet
  facet normal 0 0 1
    outer loop
      vertex 121.561 71.5607 2.4
      vertex 158.958 90.16 2.4
      vertex 158.9 90.6 2.4
    endloop
  endfacet
  facet normal 0 0 1
    outer loop
      vertex 160.16 88.9579 2.4
      vertex 158.13 29.9291 2.4
      vertex 159.537 30.3559 2.4
    endloop
  endfacet
  facet normal 0 0 1
    outer loop
      vertex 152 16 2.4
      vertex 140 18 2.4
      vertex 140 16 2.4
    endloop
  endfacet
  facet normal 0 0 1
    outer loop
      vertex 158.958 90.16 2.4
      vertex 122 63.5 2.4
      vertex 122 56.5 2.4
    endloop
  endfacet
  facet normal 0 0 1
    outer loop
      vertex 155.697 28.3033 2.4
      vertex 152 26 2.4
      vertex 154.764 27.1668 2.4
    endloop
  endfacet
  facet normal 0 0 1
    outer loop
      vertex 155.697 28.3033 2.4
      vertex 122 42.5 2.4
      vertex 152 26 2.4
    endloop
  endfacet
  facet normal -0 0 1
    outer loop
      vertex 122 35.5 2.4
      vertex 152 26 2.4
      vertex 122 42.5 2.4
    endloop
  endfacet
  facet normal 0 0 1
    outer loop
      vertex 152 26 2.4
      vertex 122 35.5 2.4
      vertex 140 18 2.4
    endloop
  endfacet
  facet normal -0 0 1
    outer loop
      vertex 121.886 34.926 2.4
      vertex 140 18 2.4
      vertex 122 35.5 2.4
    endloop
  endfacet
  facet normal -0 0 1
    outer loop
      vertex 121.561 34.4393 2.4
      vertex 140 18 2.4
      vertex 121.886 34.926 2.4
    endloop
  endfacet
  facet normal -0 0 1
    outer loop
      vertex 121.074 34.1142 2.4
      vertex 140 18 2.4
      vertex 121.561 34.4393 2.4
    endloop
  endfacet
  facet normal -0 0 1
    outer loop
      vertex 120.5 34 2.4
      vertex 140 18 2.4
      vertex 121.074 34.1142 2.4
    endloop
  endfacet
  facet normal 0 0 1
    outer loop
      vertex 113.5 34 2.4
      vertex 120.5 34 2.4
      vertex 119.926 34.1142 2.4
    endloop
  endfacet
  facet normal 0 0 1
    outer loop
      vertex 114.074 34.1142 2.4
      vertex 119.926 34.1142 2.4
      vertex 119.439 34.4393 2.4
    endloop
  endfacet
  facet normal 0 0 1
    outer loop
      vertex 119.114 57.074 2.4
      vertex 115 56.5 2.4
      vertex 119 56.5 2.4
    endloop
  endfacet
  facet normal 0 0 1
    outer loop
      vertex 119.439 43.5607 2.4
      vertex 115 42.5 2.4
      vertex 119.114 43.074 2.4
    endloop
  endfacet
  facet normal 0 0 1
    outer loop
      vertex 119.114 43.074 2.4
      vertex 115 42.5 2.4
      vertex 119 42.5 2.4
    endloop
  endfacet
  facet normal 0 0 1
    outer loop
      vertex 119.439 36.5607 2.4
      vertex 115 35.5 2.4
      vertex 119.114 36.074 2.4
    endloop
  endfacet
  facet normal 0 0 1
    outer loop
      vertex 119.114 36.074 2.4
      vertex 115 35.5 2.4
      vertex 119 35.5 2.4
    endloop
  endfacet
  facet normal 0 0 1
    outer loop
      vertex 119 35.5 2.4
      vertex 115 35.5 2.4
      vertex 119.114 34.926 2.4
    endloop
  endfacet
  facet normal 0 0 1
    outer loop
      vertex 114.886 34.926 2.4
      vertex 119.114 34.926 2.4
      vertex 115 35.5 2.4
    endloop
  endfacet
  facet normal 0 0 1
    outer loop
      vertex 119.114 34.926 2.4
      vertex 114.886 34.926 2.4
      vertex 119.439 34.4393 2.4
    endloop
  endfacet
  facet normal 0 0 1
    outer loop
      vertex 114.561 34.4393 2.4
      vertex 119.439 34.4393 2.4
      vertex 114.886 34.926 2.4
    endloop
  endfacet
  facet normal 0 0 1
    outer loop
      vertex 114.074 34.1142 2.4
      vertex 119.439 34.4393 2.4
      vertex 114.561 34.4393 2.4
    endloop
  endfacet
  facet normal 0 0 1
    outer loop
      vertex 113.5 34 2.4
      vertex 119.926 34.1142 2.4
      vertex 114.074 34.1142 2.4
    endloop
  endfacet
  facet normal 0 0 1
    outer loop
      vertex 120.5 34 2.4
      vertex 113.5 34 2.4
      vertex 140 18 2.4
    endloop
  endfacet
  facet normal 0 0 1
    outer loop
      vertex 106.5 34 2.4
      vertex 113.5 34 2.4
      vertex 112.926 34.1142 2.4
    endloop
  endfacet
  facet normal 0 0 1
    outer loop
      vertex 112.114 57.074 2.4
      vertex 108 56.5 2.4
      vertex 112 56.5 2.4
    endloop
  endfacet
  facet normal 0 0 1
    outer loop
      vertex 112.439 43.5607 2.4
      vertex 108 42.5 2.4
      vertex 112.114 43.074 2.4
    endloop
  endfacet
  facet normal 0 0 1
    outer loop
      vertex 112.114 43.074 2.4
      vertex 108 42.5 2.4
      vertex 112 42.5 2.4
    endloop
  endfacet
  facet normal 0 0 1
    outer loop
      vertex 112.439 36.5607 2.4
      vertex 108 35.5 2.4
      vertex 112.114 36.074 2.4
    endloop
  endfacet
  facet normal 0 0 1
    outer loop
      vertex 112.114 36.074 2.4
      vertex 108 35.5 2.4
      vertex 112 35.5 2.4
    endloop
  endfacet
  facet normal 0 0 1
    outer loop
      vertex 112 35.5 2.4
      vertex 108 35.5 2.4
      vertex 112.114 34.926 2.4
    endloop
  endfacet
  facet normal 0 0 1
    outer loop
      vertex 107.886 34.926 2.4
      vertex 112.114 34.926 2.4
      vertex 108 35.5 2.4
    endloop
  endfacet
  facet normal 0 0 1
    outer loop
      vertex 112.114 34.926 2.4
      vertex 107.886 34.926 2.4
      vertex 112.439 34.4393 2.4
    endloop
  endfacet
  facet normal 0 0 1
    outer loop
      vertex 107.561 34.4393 2.4
      vertex 112.439 34.4393 2.4
      vertex 107.886 34.926 2.4
    endloop
  endfacet
  facet normal 0 0 1
    outer loop
      vertex 112.439 34.4393 2.4
      vertex 107.561 34.4393 2.4
      vertex 112.926 34.1142 2.4
    endloop
  endfacet
  facet normal 0 0 1
    outer loop
      vertex 107.074 34.1142 2.4
      vertex 112.926 34.1142 2.4
      vertex 107.561 34.4393 2.4
    endloop
  endfacet
  facet normal 0 0 1
    outer loop
      vertex 106.5 34 2.4
      vertex 112.926 34.1142 2.4
      vertex 107.074 34.1142 2.4
    endloop
  endfacet
  facet normal 0 0 1
    outer loop
      vertex 113.5 34 2.4
      vertex 106.5 34 2.4
      vertex 140 18 2.4
    endloop
  endfacet
  facet normal 0 0 1
    outer loop
      vertex 99.5 34 2.4
      vertex 106.5 34 2.4
      vertex 105.926 34.1142 2.4
    endloop
  endfacet
  facet normal 0 0 1
    outer loop
      vertex 105.114 57.074 2.4
      vertex 101 56.5 2.4
      vertex 105 56.5 2.4
    endloop
  endfacet
  facet normal 0 0 1
    outer loop
      vertex 105.439 43.5607 2.4
      vertex 101 42.5 2.4
      vertex 105.114 43.074 2.4
    endloop
  endfacet
  facet normal 0 0 1
    outer loop
      vertex 105.114 43.074 2.4
      vertex 101 42.5 2.4
      vertex 105 42.5 2.4
    endloop
  endfacet
  facet normal 0 0 1
    outer loop
      vertex 105.439 36.5607 2.4
      vertex 101 35.5 2.4
      vertex 105.114 36.074 2.4
    endloop
  endfacet
  facet normal 0 0 1
    outer loop
      vertex 105.114 36.074 2.4
      vertex 101 35.5 2.4
      vertex 105 35.5 2.4
    endloop
  endfacet
  facet normal 0 0 1
    outer loop
      vertex 105 35.5 2.4
      vertex 101 35.5 2.4
      vertex 105.114 34.926 2.4
    endloop
  endfacet
  facet normal 0 0 1
    outer loop
      vertex 100.886 34.926 2.4
      vertex 105.114 34.926 2.4
      vertex 101 35.5 2.4
    endloop
  endfacet
  facet normal 0 0 1
    outer loop
      vertex 105.114 34.926 2.4
      vertex 100.886 34.926 2.4
      vertex 105.439 34.4393 2.4
    endloop
  endfacet
  facet normal 0 0 1
    outer loop
      vertex 100.561 34.4393 2.4
      vertex 105.439 34.4393 2.4
      vertex 100.886 34.926 2.4
    endloop
  endfacet
  facet normal 0 0 1
    outer loop
      vertex 105.439 34.4393 2.4
      vertex 100.561 34.4393 2.4
      vertex 105.926 34.1142 2.4
    endloop
  endfacet
  facet normal 0 0 1
    outer loop
      vertex 100.074 34.1142 2.4
      vertex 105.926 34.1142 2.4
      vertex 100.561 34.4393 2.4
    endloop
  endfacet
  facet normal 0 0 1
    outer loop
      vertex 99.5 34 2.4
      vertex 105.926 34.1142 2.4
      vertex 100.074 34.1142 2.4
    endloop
  endfacet
  facet normal 0 0 1
    outer loop
      vertex 106.5 34 2.4
      vertex 99.5 34 2.4
      vertex 78 18 2.4
    endloop
  endfacet
  facet normal 0 0 1
    outer loop
      vertex 92.5 34 2.4
      vertex 99.5 34 2.4
      vertex 98.926 34.1142 2.4
    endloop
  endfacet
  facet normal 0 0 1
    outer loop
      vertex 98.1142 57.074 2.4
      vertex 94 56.5 2.4
      vertex 98 56.5 2.4
    endloop
  endfacet
  facet normal 0 0 1
    outer loop
      vertex 98.4393 43.5607 2.4
      vertex 94 42.5 2.4
      vertex 98.1142 43.074 2.4
    endloop
  endfacet
  facet normal 0 0 1
    outer loop
      vertex 98.1142 43.074 2.4
      vertex 94 42.5 2.4
      vertex 98 42.5 2.4
    endloop
  endfacet
  facet normal 0 0 1
    outer loop
      vertex 98.4393 36.5607 2.4
      vertex 94 35.5 2.4
      vertex 98.1142 36.074 2.4
    endloop
  endfacet
  facet normal 0 0 1
    outer loop
      vertex 98.1142 36.074 2.4
      vertex 94 35.5 2.4
      vertex 98 35.5 2.4
    endloop
  endfacet
  facet normal 0 0 1
    outer loop
      vertex 98 35.5 2.4
      vertex 94 35.5 2.4
      vertex 98.1142 34.926 2.4
    endloop
  endfacet
  facet normal 0 0 1
    outer loop
      vertex 93.8858 34.926 2.4
      vertex 98.1142 34.926 2.4
      vertex 94 35.5 2.4
    endloop
  endfacet
  facet normal 0 0 1
    outer loop
      vertex 98.1142 34.926 2.4
      vertex 93.8858 34.926 2.4
      vertex 98.4393 34.4393 2.4
    endloop
  endfacet
  facet normal 0 0 1
    outer loop
      vertex 93.5607 34.4393 2.4
      vertex 98.4393 34.4393 2.4
      vertex 93.8858 34.926 2.4
    endloop
  endfacet
  facet normal 0 0 1
    outer loop
      vertex 98.4393 34.4393 2.4
      vertex 93.5607 34.4393 2.4
      vertex 98.926 34.1142 2.4
    endloop
  endfacet
  facet normal 0 0 1
    outer loop
      vertex 93.074 34.1142 2.4
      vertex 98.926 34.1142 2.4
      vertex 93.5607 34.4393 2.4
    endloop
  endfacet
  facet normal 0 0 1
    outer loop
      vertex 92.5 34 2.4
      vertex 98.926 34.1142 2.4
      vertex 93.074 34.1142 2.4
    endloop
  endfacet
  facet normal 0 0 1
    outer loop
      vertex 99.5 34 2.4
      vertex 92.5 34 2.4
      vertex 78 18 2.4
    endloop
  endfacet
  facet normal 0 0 1
    outer loop
      vertex 78 18 2.4
      vertex 92.5 34 2.4
      vertex 91.926 34.1142 2.4
    endloop
  endfacet
  facet normal 0 0 1
    outer loop
      vertex 91.1142 57.074 2.4
      vertex 87 56.5 2.4
      vertex 91 56.5 2.4
    endloop
  endfacet
  facet normal 0 0 1
    outer loop
      vertex 91.4393 43.5607 2.4
      vertex 87 42.5 2.4
      vertex 91.1142 43.074 2.4
    endloop
  endfacet
  facet normal 0 0 1
    outer loop
      vertex 91.1142 43.074 2.4
      vertex 87 42.5 2.4
      vertex 91 42.5 2.4
    endloop
  endfacet
  facet normal 0 0 1
    outer loop
      vertex 91.4393 36.5607 2.4
      vertex 87 35.5 2.4
      vertex 91.1142 36.074 2.4
    endloop
  endfacet
  facet normal 0 0 1
    outer loop
      vertex 91.1142 36.074 2.4
      vertex 87 35.5 2.4
      vertex 91 35.5 2.4
    endloop
  endfacet
  facet normal 0 0 1
    outer loop
      vertex 91 35.5 2.4
      vertex 87 35.5 2.4
      vertex 91.1142 34.926 2.4
    endloop
  endfacet
  facet normal 0 0 1
    outer loop
      vertex 86.8858 34.926 2.4
      vertex 91.1142 34.926 2.4
      vertex 87 35.5 2.4
    endloop
  endfacet
  facet normal 0 0 1
    outer loop
      vertex 91.1142 34.926 2.4
      vertex 86.8858 34.926 2.4
      vertex 91.4393 34.4393 2.4
    endloop
  endfacet
  facet normal 0 0 1
    outer loop
      vertex 86.5607 34.4393 2.4
      vertex 91.4393 34.4393 2.4
      vertex 86.8858 34.926 2.4
    endloop
  endfacet
  facet normal 0 0 1
    outer loop
      vertex 91.4393 34.4393 2.4
      vertex 86.5607 34.4393 2.4
      vertex 91.926 34.1142 2.4
    endloop
  endfacet
  facet normal 0 0 1
    outer loop
      vertex 86.074 34.1142 2.4
      vertex 91.926 34.1142 2.4
      vertex 86.5607 34.4393 2.4
    endloop
  endfacet
  facet normal 0 0 1
    outer loop
      vertex 91.926 34.1142 2.4
      vertex 86.074 34.1142 2.4
      vertex 78 18 2.4
    endloop
  endfacet
  facet normal 0 0 1
    outer loop
      vertex 78 18 2.4
      vertex 86.074 34.1142 2.4
      vertex 85.5 34 2.4
    endloop
  endfacet
  facet normal 0 0 1
    outer loop
      vertex 78 18 2.4
      vertex 85.5 34 2.4
      vertex 84.926 34.1142 2.4
    endloop
  endfacet
  facet normal 0 0 1
    outer loop
      vertex 106.5 34 2.4
      vertex 78 18 2.4
      vertex 140 18 2.4
    endloop
  endfacet
  facet normal 0 0 1
    outer loop
      vertex 84.4393 34.4393 2.4
      vertex 78 18 2.4
      vertex 84.926 34.1142 2.4
    endloop
  endfacet
  facet normal 0 0 1
    outer loop
      vertex 84.1142 34.926 2.4
      vertex 78 18 2.4
      vertex 84.4393 34.4393 2.4
    endloop
  endfacet
  facet normal 0 0 1
    outer loop
      vertex 78 18 2.4
      vertex 84.1142 34.926 2.4
      vertex 84 35.5 2.4
    endloop
  endfacet
  facet normal 0 0 1
    outer loop
      vertex 84.1142 43.074 2.4
      vertex 74.25 50.8349 2.4
      vertex 84 42.5 2.4
    endloop
  endfacet
  facet normal -0 0 1
    outer loop
      vertex 73.647 50.5852 2.4
      vertex 84 42.5 2.4
      vertex 74.25 50.8349 2.4
    endloop
  endfacet
  facet normal -0 0 1
    outer loop
      vertex 73 50.5 2.4
      vertex 84 42.5 2.4
      vertex 73.647 50.5852 2.4
    endloop
  endfacet
  facet normal 0 0 1
    outer loop
      vertex 84.1142 36.074 2.4
      vertex 73 50.5 2.4
      vertex 84 35.5 2.4
    endloop
  endfacet
  facet normal 0 0 1
    outer loop
      vertex 72.353 50.5852 2.4
      vertex 84 35.5 2.4
      vertex 73 50.5 2.4
    endloop
  endfacet
  facet normal 0 0 1
    outer loop
      vertex 64.5 13 2.4
      vertex 84 35.5 2.4
      vertex 72.353 50.5852 2.4
    endloop
  endfacet
  facet normal 0 0 1
    outer loop
      vertex 84 35.5 2.4
      vertex 64.5 13 2.4
      vertex 78 18 2.4
    endloop
  endfacet
  facet normal 0 0 1
    outer loop
      vertex 64.5 13 2.4
      vertex 72.353 50.5852 2.4
      vertex 71.75 50.8349 2.4
    endloop
  endfacet
  facet normal 0 0 1
    outer loop
      vertex 64.5 13 2.4
      vertex 71.75 50.8349 2.4
      vertex 71.2322 51.2322 2.4
    endloop
  endfacet
  facet normal 0 0 1
    outer loop
      vertex 64.5 13 2.4
      vertex 71.2322 51.2322 2.4
      vertex 70.8349 51.75 2.4
    endloop
  endfacet
  facet normal 0 0 1
    outer loop
      vertex 64.5 13 2.4
      vertex 70.8349 51.75 2.4
      vertex 70.5852 52.353 2.4
    endloop
  endfacet
  facet normal 0 0 1
    outer loop
      vertex 71.75 55.1651 2.4
      vertex 60 77 2.4
      vertex 71.2322 54.7678 2.4
    endloop
  endfacet
  facet normal 0 0 1
    outer loop
      vertex 70.5 53 2.4
      vertex 64.5 13 2.4
      vertex 70.5852 52.353 2.4
    endloop
  endfacet
  facet normal 0 0 1
    outer loop
      vertex 64.3978 12.2235 2.4
      vertex 78 18 2.4
      vertex 64.5 13 2.4
    endloop
  endfacet
  facet normal 0 0 1
    outer loop
      vertex 78 18 2.4
      vertex 64.3978 12.2235 2.4
      vertex 78 0 2.4
    endloop
  endfacet
  facet normal -0 0 1
    outer loop
      vertex 64.0981 11.5 2.4
      vertex 78 0 2.4
      vertex 64.3978 12.2235 2.4
    endloop
  endfacet
  facet normal -0 0 1
    outer loop
      vertex 63.6213 10.8787 2.4
      vertex 78 0 2.4
      vertex 64.0981 11.5 2.4
    endloop
  endfacet
  facet normal -0 0 1
    outer loop
      vertex 63 10.4019 2.4
      vertex 78 0 2.4
      vertex 63.6213 10.8787 2.4
    endloop
  endfacet
  facet normal -0 0 1
    outer loop
      vertex 62.2765 10.1022 2.4
      vertex 78 0 2.4
      vertex 63 10.4019 2.4
    endloop
  endfacet
  facet normal -0 0 1
    outer loop
      vertex 61.5 10 2.4
      vertex 78 0 2.4
      vertex 62.2765 10.1022 2.4
    endloop
  endfacet
  facet normal 0 0 1
    outer loop
      vertex 60.7235 10.1022 2.4
      vertex 78 0 2.4
      vertex 61.5 10 2.4
    endloop
  endfacet
  facet normal 0 0 1
    outer loop
      vertex 6.25 3.92776 2.4
      vertex 60.7235 10.1022 2.4
      vertex 60 10.4019 2.4
    endloop
  endfacet
  facet normal -0 0 1
    outer loop
      vertex 17.5 13 2.4
      vertex 58.6022 12.2235 2.4
      vertex 58.5 13 2.4
    endloop
  endfacet
  facet normal 0 0 1
    outer loop
      vertex 17.3978 12.2235 2.4
      vertex 58.6022 12.2235 2.4
      vertex 17.5 13 2.4
    endloop
  endfacet
  facet normal 0 0 1
    outer loop
      vertex 58.6022 12.2235 2.4
      vertex 17.3978 12.2235 2.4
      vertex 58.9019 11.5 2.4
    endloop
  endfacet
  facet normal 0 0 1
    outer loop
      vertex 17.0981 11.5 2.4
      vertex 58.9019 11.5 2.4
      vertex 17.3978 12.2235 2.4
    endloop
  endfacet
  facet normal 0 0 1
    outer loop
      vertex 58.9019 11.5 2.4
      vertex 17.0981 11.5 2.4
      vertex 59.3787 10.8787 2.4
    endloop
  endfacet
  facet normal 0 0 1
    outer loop
      vertex 16.6213 10.8787 2.4
      vertex 59.3787 10.8787 2.4
      vertex 17.0981 11.5 2.4
    endloop
  endfacet
  facet normal 0 0 1
    outer loop
      vertex 59.3787 10.8787 2.4
      vertex 16.6213 10.8787 2.4
      vertex 60 10.4019 2.4
    endloop
  endfacet
  facet normal 0 0 1
    outer loop
      vertex 16 10.4019 2.4
      vertex 60 10.4019 2.4
      vertex 16.6213 10.8787 2.4
    endloop
  endfacet
  facet normal 0 0 1
    outer loop
      vertex 6.60208 4.19792 2.4
      vertex 60 10.4019 2.4
      vertex 16 10.4019 2.4
    endloop
  endfacet
  facet normal 0 0 1
    outer loop
      vertex 6.60208 4.19792 2.4
      vertex 16 10.4019 2.4
      vertex 15.2765 10.1022 2.4
    endloop
  endfacet
  facet normal 0 0 1
    outer loop
      vertex 6.87224 4.55 2.4
      vertex 15.2765 10.1022 2.4
      vertex 14.5 10 2.4
    endloop
  endfacet
  facet normal 0 0 1
    outer loop
      vertex 7.04207 4.96001 2.4
      vertex 14.5 10 2.4
      vertex 13.7235 10.1022 2.4
    endloop
  endfacet
  facet normal 0 0 1
    outer loop
      vertex 11.6022 13.7765 2.4
      vertex 7.1 5.4 2.4
      vertex 11.5 13 2.4
    endloop
  endfacet
  facet normal 0 0 1
    outer loop
      vertex 7.1 5.4 2.4
      vertex 11.6022 12.2235 2.4
      vertex 11.5 13 2.4
    endloop
  endfacet
  facet normal 0 0 1
    outer loop
      vertex 7.1 5.4 2.4
      vertex 11.9019 11.5 2.4
      vertex 11.6022 12.2235 2.4
    endloop
  endfacet
  facet normal 0 0 1
    outer loop
      vertex 7.1 5.4 2.4
      vertex 12.3787 10.8787 2.4
      vertex 11.9019 11.5 2.4
    endloop
  endfacet
  facet normal 0 0 1
    outer loop
      vertex 7.1 5.4 2.4
      vertex 13 10.4019 2.4
      vertex 12.3787 10.8787 2.4
    endloop
  endfacet
  facet normal 0 0 1
    outer loop
      vertex 7.1 5.4 2.4
      vertex 13.7235 10.1022 2.4
      vertex 13 10.4019 2.4
    endloop
  endfacet
  facet normal 0 0 1
    outer loop
      vertex 7.04207 4.96001 2.4
      vertex 13.7235 10.1022 2.4
      vertex 7.1 5.4 2.4
    endloop
  endfacet
  facet normal 0 0 1
    outer loop
      vertex 14.5 10 2.4
      vertex 7.04207 4.96001 2.4
      vertex 6.87224 4.55 2.4
    endloop
  endfacet
  facet normal 0 0 1
    outer loop
      vertex 15.2765 10.1022 2.4
      vertex 6.87224 4.55 2.4
      vertex 6.60208 4.19792 2.4
    endloop
  endfacet
  facet normal 0 0 1
    outer loop
      vertex 6.25 3.92776 2.4
      vertex 60 10.4019 2.4
      vertex 6.60208 4.19792 2.4
    endloop
  endfacet
  facet normal 0 0 1
    outer loop
      vertex 60.7235 10.1022 2.4
      vertex 6.25 3.92776 2.4
      vertex 78 0 2.4
    endloop
  endfacet
  facet normal 0 0 1
    outer loop
      vertex 0 0 2.4
      vertex 6.25 3.92776 2.4
      vertex 5.83999 3.75793 2.4
    endloop
  endfacet
  facet normal 0 0 1
    outer loop
      vertex 0 0 2.4
      vertex 5.83999 3.75793 2.4
      vertex 5.4 3.7 2.4
    endloop
  endfacet
  facet normal 0 0 1
    outer loop
      vertex 6.25 3.92776 2.4
      vertex 0 0 2.4
      vertex 78 0 2.4
    endloop
  endfacet
  facet normal 0 0 1
    outer loop
      vertex 4.96001 3.75793 2.4
      vertex 0 0 2.4
      vertex 5.4 3.7 2.4
    endloop
  endfacet
  facet normal 0 0 1
    outer loop
      vertex 4.55 3.92776 2.4
      vertex 0 0 2.4
      vertex 4.96001 3.75793 2.4
    endloop
  endfacet
  facet normal 0 0 1
    outer loop
      vertex 4.19792 4.19792 2.4
      vertex 0 0 2.4
      vertex 4.55 3.92776 2.4
    endloop
  endfacet
  facet normal 0 0 1
    outer loop
      vertex 3.92776 4.55 2.4
      vertex 0 0 2.4
      vertex 4.19792 4.19792 2.4
    endloop
  endfacet
  facet normal 0 0 1
    outer loop
      vertex 3.75793 4.96001 2.4
      vertex 0 0 2.4
      vertex 3.92776 4.55 2.4
    endloop
  endfacet
  facet normal 0 0 1
    outer loop
      vertex 3.7 5.4 2.4
      vertex 0 0 2.4
      vertex 3.75793 4.96001 2.4
    endloop
  endfacet
  facet normal 0 0 1
    outer loop
      vertex 3.75793 5.83999 2.4
      vertex 0 0 2.4
      vertex 3.7 5.4 2.4
    endloop
  endfacet
  facet normal 0 0 1
    outer loop
      vertex 158.958 5.83999 2.4
      vertex 158 6 2.4
      vertex 158.9 5.4 2.4
    endloop
  endfacet
  facet normal -0 0 1
    outer loop
      vertex 158 6 2.4
      vertex 158.958 5.83999 2.4
      vertex 159.024 6 2.4
    endloop
  endfacet
  facet normal 0 0 1
    outer loop
      vertex 162.242 4.96001 2.4
      vertex 166 6 2.4
      vertex 162.3 5.4 2.4
    endloop
  endfacet
  facet normal 0 0 1
    outer loop
      vertex 166 6 2.4
      vertex 162.242 5.83999 2.4
      vertex 162.3 5.4 2.4
    endloop
  endfacet
  facet normal 0 -0 1
    outer loop
      vertex 162.242 5.83999 2.4
      vertex 166 6 2.4
      vertex 162.176 6 2.4
    endloop
  endfacet
  facet normal 0 0 1
    outer loop
      vertex 162.072 4.55 2.4
      vertex 166 6 2.4
      vertex 162.242 4.96001 2.4
    endloop
  endfacet
  facet normal 0 0 1
    outer loop
      vertex 166 6 2.4
      vertex 162.072 4.55 2.4
      vertex 166 0 2.4
    endloop
  endfacet
  facet normal -0 0 1
    outer loop
      vertex 161.802 4.19792 2.4
      vertex 166 0 2.4
      vertex 162.072 4.55 2.4
    endloop
  endfacet
  facet normal -0 0 1
    outer loop
      vertex 161.45 3.92776 2.4
      vertex 166 0 2.4
      vertex 161.802 4.19792 2.4
    endloop
  endfacet
  facet normal -0 0 1
    outer loop
      vertex 161.04 3.75793 2.4
      vertex 166 0 2.4
      vertex 161.45 3.92776 2.4
    endloop
  endfacet
  facet normal 0 0 1
    outer loop
      vertex 158 2 2.4
      vertex 161.04 3.75793 2.4
      vertex 160.6 3.7 2.4
    endloop
  endfacet
  facet normal 0 0 1
    outer loop
      vertex 158 2 2.4
      vertex 160.6 3.7 2.4
      vertex 160.16 3.75793 2.4
    endloop
  endfacet
  facet normal 0 0 1
    outer loop
      vertex 158 2 2.4
      vertex 160.16 3.75793 2.4
      vertex 159.75 3.92776 2.4
    endloop
  endfacet
  facet normal 0 0 1
    outer loop
      vertex 158 6 2.4
      vertex 158.958 4.96001 2.4
      vertex 158.9 5.4 2.4
    endloop
  endfacet
  facet normal 0 0 1
    outer loop
      vertex 158 2 2.4
      vertex 158.958 4.96001 2.4
      vertex 158 6 2.4
    endloop
  endfacet
  facet normal 0 0 1
    outer loop
      vertex 158.958 4.96001 2.4
      vertex 158 2 2.4
      vertex 159.128 4.55 2.4
    endloop
  endfacet
  facet normal 0 0 1
    outer loop
      vertex 159.128 4.55 2.4
      vertex 158 2 2.4
      vertex 159.398 4.19792 2.4
    endloop
  endfacet
  facet normal 0 0 1
    outer loop
      vertex 158 2 2.4
      vertex 159.75 3.92776 2.4
      vertex 159.398 4.19792 2.4
    endloop
  endfacet
  facet normal 0 0 1
    outer loop
      vertex 161.04 3.75793 2.4
      vertex 158 2 2.4
      vertex 166 0 2.4
    endloop
  endfacet
  facet normal 0 0 1
    outer loop
      vertex 140 0 2.4
      vertex 158 2 2.4
      vertex 140 2 2.4
    endloop
  endfacet
  facet normal 0 0 1
    outer loop
      vertex 158 2 2.4
      vertex 140 0 2.4
      vertex 166 0 2.4
    endloop
  endfacet
  facet normal 0 0 1
    outer loop
      vertex 15.5163 13.421 2.4
      vertex 15.5163 12.579 2.4
      vertex 15.6 13 2.4
    endloop
  endfacet
  facet normal 0 0 1
    outer loop
      vertex 15.2778 13.7778 2.4
      vertex 15.5163 12.579 2.4
      vertex 15.5163 13.421 2.4
    endloop
  endfacet
  facet normal 0 0 1
    outer loop
      vertex 15.2778 13.7778 2.4
      vertex 15.2778 12.2222 2.4
      vertex 15.5163 12.579 2.4
    endloop
  endfacet
  facet normal 0 0 1
    outer loop
      vertex 14.921 14.0163 2.4
      vertex 15.2778 12.2222 2.4
      vertex 15.2778 13.7778 2.4
    endloop
  endfacet
  facet normal 0 0 1
    outer loop
      vertex 14.921 14.0163 2.4
      vertex 14.921 11.9837 2.4
      vertex 15.2778 12.2222 2.4
    endloop
  endfacet
  facet normal 0 0 1
    outer loop
      vertex 14.5 14.1 2.4
      vertex 14.921 11.9837 2.4
      vertex 14.921 14.0163 2.4
    endloop
  endfacet
  facet normal 0 0 1
    outer loop
      vertex 14.5 14.1 2.4
      vertex 14.5 11.9 2.4
      vertex 14.921 11.9837 2.4
    endloop
  endfacet
  facet normal -0 0 1
    outer loop
      vertex 14.079 14.0163 2.4
      vertex 14.5 11.9 2.4
      vertex 14.5 14.1 2.4
    endloop
  endfacet
  facet normal 0 0 1
    outer loop
      vertex 14.079 14.0163 2.4
      vertex 14.079 11.9837 2.4
      vertex 14.5 11.9 2.4
    endloop
  endfacet
  facet normal -0 0 1
    outer loop
      vertex 13.7222 13.7778 2.4
      vertex 14.079 11.9837 2.4
      vertex 14.079 14.0163 2.4
    endloop
  endfacet
  facet normal 0 0 1
    outer loop
      vertex 13.7222 13.7778 2.4
      vertex 13.7222 12.2222 2.4
      vertex 14.079 11.9837 2.4
    endloop
  endfacet
  facet normal -0 0 1
    outer loop
      vertex 13.4837 13.421 2.4
      vertex 13.7222 12.2222 2.4
      vertex 13.7222 13.7778 2.4
    endloop
  endfacet
  facet normal 0 0 1
    outer loop
      vertex 13.4837 13.421 2.4
      vertex 13.4837 12.579 2.4
      vertex 13.7222 12.2222 2.4
    endloop
  endfacet
  facet normal 0 -0 1
    outer loop
      vertex 13.4837 12.579 2.4
      vertex 13.4837 13.421 2.4
      vertex 13.4 13 2.4
    endloop
  endfacet
  facet normal 0 0 1
    outer loop
      vertex 15.5163 83.421 2.4
      vertex 15.5163 82.579 2.4
      vertex 15.6 83 2.4
    endloop
  endfacet
  facet normal 0 0 1
    outer loop
      vertex 15.2778 83.7778 2.4
      vertex 15.5163 82.579 2.4
      vertex 15.5163 83.421 2.4
    endloop
  endfacet
  facet normal 0 0 1
    outer loop
      vertex 15.2778 83.7778 2.4
      vertex 15.2778 82.2222 2.4
      vertex 15.5163 82.579 2.4
    endloop
  endfacet
  facet normal 0 0 1
    outer loop
      vertex 14.921 84.0163 2.4
      vertex 15.2778 82.2222 2.4
      vertex 15.2778 83.7778 2.4
    endloop
  endfacet
  facet normal 0 0 1
    outer loop
      vertex 14.921 84.0163 2.4
      vertex 14.921 81.9837 2.4
      vertex 15.2778 82.2222 2.4
    endloop
  endfacet
  facet normal 0 0 1
    outer loop
      vertex 14.5 84.1 2.4
      vertex 14.921 81.9837 2.4
      vertex 14.921 84.0163 2.4
    endloop
  endfacet
  facet normal 0 0 1
    outer loop
      vertex 14.5 84.1 2.4
      vertex 14.5 81.9 2.4
      vertex 14.921 81.9837 2.4
    endloop
  endfacet
  facet normal -0 0 1
    outer loop
      vertex 14.079 84.0163 2.4
      vertex 14.5 81.9 2.4
      vertex 14.5 84.1 2.4
    endloop
  endfacet
  facet normal 0 0 1
    outer loop
      vertex 14.079 84.0163 2.4
      vertex 14.079 81.9837 2.4
      vertex 14.5 81.9 2.4
    endloop
  endfacet
  facet normal -0 0 1
    outer loop
      vertex 13.7222 83.7778 2.4
      vertex 14.079 81.9837 2.4
      vertex 14.079 84.0163 2.4
    endloop
  endfacet
  facet normal 0 0 1
    outer loop
      vertex 13.7222 83.7778 2.4
      vertex 13.7222 82.2222 2.4
      vertex 14.079 81.9837 2.4
    endloop
  endfacet
  facet normal -0 0 1
    outer loop
      vertex 13.4837 83.421 2.4
      vertex 13.7222 82.2222 2.4
      vertex 13.7222 83.7778 2.4
    endloop
  endfacet
  facet normal 0 0 1
    outer loop
      vertex 13.4837 83.421 2.4
      vertex 13.4837 82.579 2.4
      vertex 13.7222 82.2222 2.4
    endloop
  endfacet
  facet normal 0 -0 1
    outer loop
      vertex 13.4837 82.579 2.4
      vertex 13.4837 83.421 2.4
      vertex 13.4 83 2.4
    endloop
  endfacet
  facet normal 0 0 1
    outer loop
      vertex 62.5163 13.421 2.4
      vertex 62.5163 12.579 2.4
      vertex 62.6 13 2.4
    endloop
  endfacet
  facet normal 0 0 1
    outer loop
      vertex 62.2778 13.7778 2.4
      vertex 62.5163 12.579 2.4
      vertex 62.5163 13.421 2.4
    endloop
  endfacet
  facet normal 0 0 1
    outer loop
      vertex 62.2778 13.7778 2.4
      vertex 62.2778 12.2222 2.4
      vertex 62.5163 12.579 2.4
    endloop
  endfacet
  facet normal 0 0 1
    outer loop
      vertex 61.921 14.0163 2.4
      vertex 62.2778 12.2222 2.4
      vertex 62.2778 13.7778 2.4
    endloop
  endfacet
  facet normal 0 0 1
    outer loop
      vertex 61.921 14.0163 2.4
      vertex 61.921 11.9837 2.4
      vertex 62.2778 12.2222 2.4
    endloop
  endfacet
  facet normal 0 0 1
    outer loop
      vertex 61.5 14.1 2.4
      vertex 61.921 11.9837 2.4
      vertex 61.921 14.0163 2.4
    endloop
  endfacet
  facet normal 0 0 1
    outer loop
      vertex 61.5 14.1 2.4
      vertex 61.5 11.9 2.4
      vertex 61.921 11.9837 2.4
    endloop
  endfacet
  facet normal -0 0 1
    outer loop
      vertex 61.079 14.0163 2.4
      vertex 61.5 11.9 2.4
      vertex 61.5 14.1 2.4
    endloop
  endfacet
  facet normal 0 0 1
    outer loop
      vertex 61.079 14.0163 2.4
      vertex 61.079 11.9837 2.4
      vertex 61.5 11.9 2.4
    endloop
  endfacet
  facet normal -0 0 1
    outer loop
      vertex 60.7222 13.7778 2.4
      vertex 61.079 11.9837 2.4
      vertex 61.079 14.0163 2.4
    endloop
  endfacet
  facet normal 0 0 1
    outer loop
      vertex 60.7222 13.7778 2.4
      vertex 60.7222 12.2222 2.4
      vertex 61.079 11.9837 2.4
    endloop
  endfacet
  facet normal -0 0 1
    outer loop
      vertex 60.4837 13.421 2.4
      vertex 60.7222 12.2222 2.4
      vertex 60.7222 13.7778 2.4
    endloop
  endfacet
  facet normal 0 0 1
    outer loop
      vertex 60.4837 13.421 2.4
      vertex 60.4837 12.579 2.4
      vertex 60.7222 12.2222 2.4
    endloop
  endfacet
  facet normal 0 -0 1
    outer loop
      vertex 60.4837 12.579 2.4
      vertex 60.4837 13.421 2.4
      vertex 60.4 13 2.4
    endloop
  endfacet
  facet normal 0 0 1
    outer loop
      vertex 62.5163 83.421 2.4
      vertex 62.5163 82.579 2.4
      vertex 62.6 83 2.4
    endloop
  endfacet
  facet normal 0 0 1
    outer loop
      vertex 62.2778 83.7778 2.4
      vertex 62.5163 82.579 2.4
      vertex 62.5163 83.421 2.4
    endloop
  endfacet
  facet normal 0 0 1
    outer loop
      vertex 62.2778 83.7778 2.4
      vertex 62.2778 82.2222 2.4
      vertex 62.5163 82.579 2.4
    endloop
  endfacet
  facet normal 0 0 1
    outer loop
      vertex 61.921 84.0163 2.4
      vertex 62.2778 82.2222 2.4
      vertex 62.2778 83.7778 2.4
    endloop
  endfacet
  facet normal 0 0 1
    outer loop
      vertex 61.921 84.0163 2.4
      vertex 61.921 81.9837 2.4
      vertex 62.2778 82.2222 2.4
    endloop
  endfacet
  facet normal 0 0 1
    outer loop
      vertex 61.5 84.1 2.4
      vertex 61.921 81.9837 2.4
      vertex 61.921 84.0163 2.4
    endloop
  endfacet
  facet normal 0 0 1
    outer loop
      vertex 61.5 84.1 2.4
      vertex 61.5 81.9 2.4
      vertex 61.921 81.9837 2.4
    endloop
  endfacet
  facet normal -0 0 1
    outer loop
      vertex 61.079 84.0163 2.4
      vertex 61.5 81.9 2.4
      vertex 61.5 84.1 2.4
    endloop
  endfacet
  facet normal 0 0 1
    outer loop
      vertex 61.079 84.0163 2.4
      vertex 61.079 81.9837 2.4
      vertex 61.5 81.9 2.4
    endloop
  endfacet
  facet normal -0 0 1
    outer loop
      vertex 60.7222 83.7778 2.4
      vertex 61.079 81.9837 2.4
      vertex 61.079 84.0163 2.4
    endloop
  endfacet
  facet normal 0 0 1
    outer loop
      vertex 60.7222 83.7778 2.4
      vertex 60.7222 82.2222 2.4
      vertex 61.079 81.9837 2.4
    endloop
  endfacet
  facet normal -0 0 1
    outer loop
      vertex 60.4837 83.421 2.4
      vertex 60.7222 82.2222 2.4
      vertex 60.7222 83.7778 2.4
    endloop
  endfacet
  facet normal 0 0 1
    outer loop
      vertex 60.4837 83.421 2.4
      vertex 60.4837 82.579 2.4
      vertex 60.7222 82.2222 2.4
    endloop
  endfacet
  facet normal 0 -0 1
    outer loop
      vertex 60.4837 82.579 2.4
      vertex 60.4837 83.421 2.4
      vertex 60.4 83 2.4
    endloop
  endfacet
  facet normal 0 1 -0
    outer loop
      vertex 166 96 0
      vertex 0 96 2.4
      vertex 166 96 2.4
    endloop
  endfacet
  facet normal 0 1 0
    outer loop
      vertex 0 96 2.4
      vertex 166 96 0
      vertex 0 96 0
    endloop
  endfacet
  facet normal 1 -0 0
    outer loop
      vertex 166 28.5522 2.4
      vertex 166 96 0
      vertex 166 96 2.4
    endloop
  endfacet
  facet normal 1 0 0
    outer loop
      vertex 166 96 0
      vertex 166 28.5522 2.4
      vertex 166 28.5522 0
    endloop
  endfacet
  facet normal 1 -0 0
    outer loop
      vertex 166 0 2.4
      vertex 166 6 0
      vertex 166 6 2.4
    endloop
  endfacet
  facet normal 1 0 0
    outer loop
      vertex 166 6 0
      vertex 166 0 2.4
      vertex 166 0 0
    endloop
  endfacet
  facet normal 0 -1 0
    outer loop
      vertex 140 0 0
      vertex 166 0 2.4
      vertex 140 0 2.4
    endloop
  endfacet
  facet normal 0 -1 -0
    outer loop
      vertex 166 0 2.4
      vertex 140 0 0
      vertex 166 0 0
    endloop
  endfacet
  facet normal 0 -1 0
    outer loop
      vertex 0 0 0
      vertex 78 0 2.4
      vertex 0 0 2.4
    endloop
  endfacet
  facet normal 0 -1 -0
    outer loop
      vertex 78 0 2.4
      vertex 0 0 0
      vertex 78 0 0
    endloop
  endfacet
  facet normal 0 0 -1
    outer loop
      vertex 163.3 2.7 -3
      vertex 160.9 5.09999 -3
      vertex 163.3 93.3 -3
    endloop
  endfacet
  facet normal 0 0 -1
    outer loop
      vertex 163.3 2.7 -3
      vertex 5.09999 5.09999 -3
      vertex 160.9 5.09999 -3
    endloop
  endfacet
  facet normal -0 0 -1
    outer loop
      vertex 5.09999 5.09999 -3
      vertex 2.7 2.7 -3
      vertex 5.09999 90.9 -3
    endloop
  endfacet
  facet normal 0 0 -1
    outer loop
      vertex 2.7 2.7 -3
      vertex 5.09999 5.09999 -3
      vertex 163.3 2.7 -3
    endloop
  endfacet
  facet normal 0 0 -1
    outer loop
      vertex 160.9 90.9 -3
      vertex 163.3 93.3 -3
      vertex 160.9 5.09999 -3
    endloop
  endfacet
  facet normal 0 0 -1
    outer loop
      vertex 5.09999 90.9 -3
      vertex 163.3 93.3 -3
      vertex 160.9 90.9 -3
    endloop
  endfacet
  facet normal 0 0 -1
    outer loop
      vertex 5.09999 90.9 -3
      vertex 2.7 93.3 -3
      vertex 163.3 93.3 -3
    endloop
  endfacet
  facet normal 0 0 -1
    outer loop
      vertex 2.7 93.3 -3
      vertex 5.09999 90.9 -3
      vertex 2.7 2.7 -3
    endloop
  endfacet
  facet normal 0 1 -0
    outer loop
      vertex 163.3 93.3 -3
      vertex 2.7 93.3 0
      vertex 163.3 93.3 0
    endloop
  endfacet
  facet normal 0 1 0
    outer loop
      vertex 2.7 93.3 0
      vertex 163.3 93.3 -3
      vertex 2.7 93.3 -3
    endloop
  endfacet
  facet normal -1 0 0
    outer loop
      vertex 2.7 2.7 -3
      vertex 2.7 93.3 0
      vertex 2.7 93.3 -3
    endloop
  endfacet
  facet normal -1 -0 0
    outer loop
      vertex 2.7 93.3 0
      vertex 2.7 2.7 -3
      vertex 2.7 2.7 0
    endloop
  endfacet
  facet normal 0 -1 0
    outer loop
      vertex 2.7 2.7 0
      vertex 78 2.7 -1
      vertex 78 2.7 0
    endloop
  endfacet
  facet normal 0 -1 0
    outer loop
      vertex 163.3 2.7 -3
      vertex 78 2.7 -1
      vertex 2.7 2.7 -3
    endloop
  endfacet
  facet normal 0 -1 0
    outer loop
      vertex 2.7 2.7 -3
      vertex 78 2.7 -1
      vertex 2.7 2.7 0
    endloop
  endfacet
  facet normal 0 -1 0
    outer loop
      vertex 158 2.7 -1
      vertex 163.3 2.7 0
      vertex 158 2.7 0
    endloop
  endfacet
  facet normal 0 -1 0
    outer loop
      vertex 158 2.7 -1
      vertex 163.3 2.7 -3
      vertex 163.3 2.7 0
    endloop
  endfacet
  facet normal 0 -1 0
    outer loop
      vertex 78 2.7 -1
      vertex 163.3 2.7 -3
      vertex 158 2.7 -1
    endloop
  endfacet
  facet normal 1 0 0
    outer loop
      vertex 163.3 6 0
      vertex 163.3 2.7 0
      vertex 163.3 6 -1
    endloop
  endfacet
  facet normal 1 0 0
    outer loop
      vertex 163.3 30.102 -1
      vertex 163.3 93.3 0
      vertex 163.3 30.102 0
    endloop
  endfacet
  facet normal 1 0 0
    outer loop
      vertex 163.3 93.3 0
      vertex 163.3 30.102 -1
      vertex 163.3 93.3 -3
    endloop
  endfacet
  facet normal 1 0 0
    outer loop
      vertex 163.3 2.7 -3
      vertex 163.3 30.102 -1
      vertex 163.3 6 -1
    endloop
  endfacet
  facet normal 1 0 0
    outer loop
      vertex 163.3 30.102 -1
      vertex 163.3 2.7 -3
      vertex 163.3 93.3 -3
    endloop
  endfacet
  facet normal 1 0 0
    outer loop
      vertex 163.3 2.7 -3
      vertex 163.3 6 -1
      vertex 163.3 2.7 0
    endloop
  endfacet
  facet normal 1 0 0
    outer loop
      vertex 5.09999 88.9395 0
      vertex 5.09999 7.0605 0
      vertex 5.09999 88.9395 -1
    endloop
  endfacet
  facet normal 1 -0 0
    outer loop
      vertex 5.09999 88.9395 -1
      vertex 5.09999 90.9 -3
      vertex 5.09999 90.9 -1
    endloop
  endfacet
  facet normal 1 0 0
    outer loop
      vertex 5.09999 7.0605 -1
      vertex 5.09999 88.9395 -1
      vertex 5.09999 7.0605 0
    endloop
  endfacet
  facet normal 1 0 0
    outer loop
      vertex 5.09999 88.9395 -1
      vertex 5.09999 7.0605 -1
      vertex 5.09999 90.9 -3
    endloop
  endfacet
  facet normal 1 0 0
    outer loop
      vertex 5.09999 5.09999 -3
      vertex 5.09999 7.0605 -1
      vertex 5.09999 5.09999 -1
    endloop
  endfacet
  facet normal 1 0 0
    outer loop
      vertex 5.09999 7.0605 -1
      vertex 5.09999 5.09999 -3
      vertex 5.09999 90.9 -3
    endloop
  endfacet
  facet normal 0 -1 0
    outer loop
      vertex 5.09999 90.9 -3
      vertex 7.0605 90.9 -1
      vertex 5.09999 90.9 -1
    endloop
  endfacet
  facet normal 0 -1 -0
    outer loop
      vertex 7.0605 90.9 -1
      vertex 5.09999 90.9 -3
      vertex 158.939 90.9 -1
    endloop
  endfacet
  facet normal 0 -1 0
    outer loop
      vertex 160.9 90.9 -3
      vertex 158.939 90.9 -1
      vertex 5.09999 90.9 -3
    endloop
  endfacet
  facet normal 0 -1 0
    outer loop
      vertex 158.939 90.9 -1
      vertex 160.9 90.9 -3
      vertex 160.9 90.9 -1
    endloop
  endfacet
  facet normal 0 -1 0
    outer loop
      vertex 7.0605 90.9 -1
      vertex 158.939 90.9 0
      vertex 7.0605 90.9 0
    endloop
  endfacet
  facet normal 0 -1 -0
    outer loop
      vertex 158.939 90.9 0
      vertex 7.0605 90.9 -1
      vertex 158.939 90.9 -1
    endloop
  endfacet
  facet normal -1 0 0
    outer loop
      vertex 160.9 90.9 -3
      vertex 160.9 88.9395 -1
      vertex 160.9 90.9 -1
    endloop
  endfacet
  facet normal -1 0 0
    outer loop
      vertex 160.9 88.9395 -1
      vertex 160.9 30.4902 -1
      vertex 160.9 88.9395 0
    endloop
  endfacet
  facet normal -1 0 0
    outer loop
      vertex 160.9 90.9 -3
      vertex 160.9 30.4902 -1
      vertex 160.9 88.9395 -1
    endloop
  endfacet
  facet normal -1 0 0
    outer loop
      vertex 160.9 5.09999 -3
      vertex 160.9 30.4902 -1
      vertex 160.9 90.9 -3
    endloop
  endfacet
  facet normal -1 -0 0
    outer loop
      vertex 160.9 30.4902 -1
      vertex 160.9 5.09999 -3
      vertex 160.9 5.09999 -1
    endloop
  endfacet
  facet normal -1 -0 0
    outer loop
      vertex 160.9 88.9395 0
      vertex 160.9 30.4902 -1
      vertex 160.9 30.4902 0
    endloop
  endfacet
  facet normal 0 1 -0
    outer loop
      vertex 160.9 5.09999 -3
      vertex 158.939 5.09999 -1
      vertex 160.9 5.09999 -1
    endloop
  endfacet
  facet normal 0 1 0
    outer loop
      vertex 158.939 5.09999 -1
      vertex 160.9 5.09999 -3
      vertex 158 5.09999 -1
    endloop
  endfacet
  facet normal 0 1 0
    outer loop
      vertex 158 5.09999 -1
      vertex 160.9 5.09999 -3
      vertex 78 5.09999 -1
    endloop
  endfacet
  facet normal 0 1 0
    outer loop
      vertex 5.09999 5.09999 -3
      vertex 78 5.09999 -1
      vertex 160.9 5.09999 -3
    endloop
  endfacet
  facet normal 0 1 0
    outer loop
      vertex 78 5.09999 -1
      vertex 5.09999 5.09999 -3
      vertex 7.0605 5.09999 -1
    endloop
  endfacet
  facet normal 0 1 0
    outer loop
      vertex 7.0605 5.09999 -1
      vertex 5.09999 5.09999 -3
      vertex 5.09999 5.09999 -1
    endloop
  endfacet
  facet normal 0 1 -0
    outer loop
      vertex 158.939 5.09999 -1
      vertex 158 5.09999 0
      vertex 158.939 5.09999 0
    endloop
  endfacet
  facet normal 0 1 0
    outer loop
      vertex 158 5.09999 0
      vertex 158.939 5.09999 -1
      vertex 158 5.09999 -1
    endloop
  endfacet
  facet normal 0 1 -0
    outer loop
      vertex 78 5.09999 -1
      vertex 7.0605 5.09999 0
      vertex 78 5.09999 0
    endloop
  endfacet
  facet normal 0 1 0
    outer loop
      vertex 7.0605 5.09999 0
      vertex 78 5.09999 -1
      vertex 7.0605 5.09999 -1
    endloop
  endfacet
  facet normal -0.608761 0.793354 0
    outer loop
      vertex 6.60208 4.19792 -1
      vertex 6.25 3.92776 2.4
      vertex 6.60208 4.19792 2.4
    endloop
  endfacet
  facet normal -0.608761 0.793354 0
    outer loop
      vertex 6.25 3.92776 2.4
      vertex 6.60208 4.19792 -1
      vertex 6.25 3.92776 -1
    endloop
  endfacet
  facet normal 0.793354 -0.608761 0
    outer loop
      vertex 3.92776 6.25 2.4
      vertex 4.19792 6.60208 -1
      vertex 4.19792 6.60208 2.4
    endloop
  endfacet
  facet normal 0.793354 -0.608761 0
    outer loop
      vertex 4.19792 6.60208 -1
      vertex 3.92776 6.25 2.4
      vertex 3.92776 6.25 -1
    endloop
  endfacet
  facet normal -0.923881 -0.38268 0
    outer loop
      vertex 7.04207 5.83999 0
      vertex 6.87224 6.25 2.4
      vertex 6.87224 6.25 0
    endloop
  endfacet
  facet normal -0.923881 -0.38268 0
    outer loop
      vertex 6.87224 6.25 2.4
      vertex 7.04207 5.83999 0
      vertex 7.04207 5.83999 2.4
    endloop
  endfacet
  facet normal -0.991444 -0.130536 0
    outer loop
      vertex 7.1 5.4 0
      vertex 7.04207 5.83999 2.4
      vertex 7.04207 5.83999 0
    endloop
  endfacet
  facet normal -0.991444 -0.130536 0
    outer loop
      vertex 7.04207 5.83999 2.4
      vertex 7.1 5.4 0
      vertex 7.1 5.4 2.4
    endloop
  endfacet
  facet normal 0.991444 0.130536 0
    outer loop
      vertex 3.75793 4.96001 2.4
      vertex 3.7 5.4 -1
      vertex 3.7 5.4 2.4
    endloop
  endfacet
  facet normal 0.991444 0.130536 0
    outer loop
      vertex 3.7 5.4 -1
      vertex 3.75793 4.96001 2.4
      vertex 3.75793 4.96001 -1
    endloop
  endfacet
  facet normal -0.38268 0.923881 0
    outer loop
      vertex 6.25 3.92776 -1
      vertex 5.83999 3.75793 2.4
      vertex 6.25 3.92776 2.4
    endloop
  endfacet
  facet normal -0.38268 0.923881 0
    outer loop
      vertex 5.83999 3.75793 2.4
      vertex 6.25 3.92776 -1
      vertex 5.83999 3.75793 -1
    endloop
  endfacet
  facet normal 0.923881 -0.38268 0
    outer loop
      vertex 3.75793 5.83999 2.4
      vertex 3.92776 6.25 -1
      vertex 3.92776 6.25 2.4
    endloop
  endfacet
  facet normal 0.923881 -0.38268 0
    outer loop
      vertex 3.92776 6.25 -1
      vertex 3.75793 5.83999 2.4
      vertex 3.75793 5.83999 -1
    endloop
  endfacet
  facet normal -0.793354 0.608761 0
    outer loop
      vertex 6.60208 4.19792 -1
      vertex 6.87224 4.55 2.4
      vertex 6.87224 4.55 -1
    endloop
  endfacet
  facet normal -0.793354 0.608761 0
    outer loop
      vertex 6.87224 4.55 2.4
      vertex 6.60208 4.19792 -1
      vertex 6.60208 4.19792 2.4
    endloop
  endfacet
  facet normal -0.991444 0.130535 0
    outer loop
      vertex 7.0605 5.09999 -1
      vertex 7.04207 4.96001 -1
      vertex 7.0605 5.09999 0
    endloop
  endfacet
  facet normal -0.991444 0.130536 0
    outer loop
      vertex 7.0605 5.09999 0
      vertex 7.1 5.4 2.4
      vertex 7.1 5.4 0
    endloop
  endfacet
  facet normal -0.991444 0.130535 0
    outer loop
      vertex 7.04207 4.96001 2.4
      vertex 7.0605 5.09999 0
      vertex 7.04207 4.96001 -1
    endloop
  endfacet
  facet normal -0.991444 0.130536 2.41294e-08
    outer loop
      vertex 7.0605 5.09999 0
      vertex 7.04207 4.96001 2.4
      vertex 7.1 5.4 2.4
    endloop
  endfacet
  facet normal 0.38268 0.923881 -0
    outer loop
      vertex 4.96001 3.75793 -1
      vertex 4.55 3.92776 2.4
      vertex 4.96001 3.75793 2.4
    endloop
  endfacet
  facet normal 0.38268 0.923881 0
    outer loop
      vertex 4.55 3.92776 2.4
      vertex 4.96001 3.75793 -1
      vertex 4.55 3.92776 -1
    endloop
  endfacet
  facet normal 0.130536 0.991444 -0
    outer loop
      vertex 5.4 3.7 -1
      vertex 4.96001 3.75793 2.4
      vertex 5.4 3.7 2.4
    endloop
  endfacet
  facet normal 0.130536 0.991444 0
    outer loop
      vertex 4.96001 3.75793 2.4
      vertex 5.4 3.7 -1
      vertex 4.96001 3.75793 -1
    endloop
  endfacet
  facet normal 0.130536 -0.991444 2.41294e-08
    outer loop
      vertex 4.96001 7.04207 2.4
      vertex 5.09999 7.0605 0
      vertex 5.4 7.1 2.4
    endloop
  endfacet
  facet normal 0.130535 -0.991444 0
    outer loop
      vertex 4.96001 7.04207 -1
      vertex 5.09999 7.0605 0
      vertex 4.96001 7.04207 2.4
    endloop
  endfacet
  facet normal 0.130535 -0.991444 0
    outer loop
      vertex 5.09999 7.0605 0
      vertex 4.96001 7.04207 -1
      vertex 5.09999 7.0605 -1
    endloop
  endfacet
  facet normal 0.130536 -0.991444 0
    outer loop
      vertex 5.4 7.1 2.4
      vertex 5.09999 7.0605 0
      vertex 5.4 7.1 0
    endloop
  endfacet
  facet normal 0.608761 -0.793354 0
    outer loop
      vertex 4.19792 6.60208 -1
      vertex 4.55 6.87224 2.4
      vertex 4.19792 6.60208 2.4
    endloop
  endfacet
  facet normal 0.608761 -0.793354 0
    outer loop
      vertex 4.55 6.87224 2.4
      vertex 4.19792 6.60208 -1
      vertex 4.55 6.87224 -1
    endloop
  endfacet
  facet normal -0.38268 -0.923881 0
    outer loop
      vertex 5.83999 7.04207 0
      vertex 6.25 6.87224 2.4
      vertex 5.83999 7.04207 2.4
    endloop
  endfacet
  facet normal -0.38268 -0.923881 -0
    outer loop
      vertex 6.25 6.87224 2.4
      vertex 5.83999 7.04207 0
      vertex 6.25 6.87224 0
    endloop
  endfacet
  facet normal 0.38268 -0.923881 0
    outer loop
      vertex 4.55 6.87224 -1
      vertex 4.96001 7.04207 2.4
      vertex 4.55 6.87224 2.4
    endloop
  endfacet
  facet normal 0.38268 -0.923881 0
    outer loop
      vertex 4.96001 7.04207 2.4
      vertex 4.55 6.87224 -1
      vertex 4.96001 7.04207 -1
    endloop
  endfacet
  facet normal -0.923881 0.38268 0
    outer loop
      vertex 6.87224 4.55 -1
      vertex 7.04207 4.96001 2.4
      vertex 7.04207 4.96001 -1
    endloop
  endfacet
  facet normal -0.923881 0.38268 0
    outer loop
      vertex 7.04207 4.96001 2.4
      vertex 6.87224 4.55 -1
      vertex 6.87224 4.55 2.4
    endloop
  endfacet
  facet normal -0.130536 0.991444 0
    outer loop
      vertex 5.83999 3.75793 -1
      vertex 5.4 3.7 2.4
      vertex 5.83999 3.75793 2.4
    endloop
  endfacet
  facet normal -0.130536 0.991444 0
    outer loop
      vertex 5.4 3.7 2.4
      vertex 5.83999 3.75793 -1
      vertex 5.4 3.7 -1
    endloop
  endfacet
  facet normal -0.793354 -0.608761 0
    outer loop
      vertex 6.87224 6.25 0
      vertex 6.60208 6.60208 2.4
      vertex 6.60208 6.60208 0
    endloop
  endfacet
  facet normal -0.793354 -0.608761 0
    outer loop
      vertex 6.60208 6.60208 2.4
      vertex 6.87224 6.25 0
      vertex 6.87224 6.25 2.4
    endloop
  endfacet
  facet normal 0.923881 0.38268 0
    outer loop
      vertex 3.92776 4.55 2.4
      vertex 3.75793 4.96001 -1
      vertex 3.75793 4.96001 2.4
    endloop
  endfacet
  facet normal 0.923881 0.38268 0
    outer loop
      vertex 3.75793 4.96001 -1
      vertex 3.92776 4.55 2.4
      vertex 3.92776 4.55 -1
    endloop
  endfacet
  facet normal -0.608761 -0.793354 0
    outer loop
      vertex 6.25 6.87224 0
      vertex 6.60208 6.60208 2.4
      vertex 6.25 6.87224 2.4
    endloop
  endfacet
  facet normal -0.608761 -0.793354 -0
    outer loop
      vertex 6.60208 6.60208 2.4
      vertex 6.25 6.87224 0
      vertex 6.60208 6.60208 0
    endloop
  endfacet
  facet normal -0.130536 -0.991444 0
    outer loop
      vertex 5.4 7.1 0
      vertex 5.83999 7.04207 2.4
      vertex 5.4 7.1 2.4
    endloop
  endfacet
  facet normal -0.130536 -0.991444 -0
    outer loop
      vertex 5.83999 7.04207 2.4
      vertex 5.4 7.1 0
      vertex 5.83999 7.04207 0
    endloop
  endfacet
  facet normal 0.608761 0.793354 -0
    outer loop
      vertex 4.55 3.92776 -1
      vertex 4.19792 4.19792 2.4
      vertex 4.55 3.92776 2.4
    endloop
  endfacet
  facet normal 0.608761 0.793354 0
    outer loop
      vertex 4.19792 4.19792 2.4
      vertex 4.55 3.92776 -1
      vertex 4.19792 4.19792 -1
    endloop
  endfacet
  facet normal 0.793354 0.608761 0
    outer loop
      vertex 4.19792 4.19792 2.4
      vertex 3.92776 4.55 -1
      vertex 3.92776 4.55 2.4
    endloop
  endfacet
  facet normal 0.793354 0.608761 0
    outer loop
      vertex 3.92776 4.55 -1
      vertex 4.19792 4.19792 2.4
      vertex 4.19792 4.19792 -1
    endloop
  endfacet
  facet normal 0.991444 -0.130536 0
    outer loop
      vertex 3.7 5.4 2.4
      vertex 3.75793 5.83999 -1
      vertex 3.75793 5.83999 2.4
    endloop
  endfacet
  facet normal 0.991444 -0.130536 0
    outer loop
      vertex 3.75793 5.83999 -1
      vertex 3.7 5.4 2.4
      vertex 3.7 5.4 -1
    endloop
  endfacet
  facet normal 0 0 1
    outer loop
      vertex 5.09999 7.0605 -1
      vertex 4.96001 7.04207 -1
      vertex 5.09999 5.09999 -1
    endloop
  endfacet
  facet normal -0 0 1
    outer loop
      vertex 5.09999 5.09999 -1
      vertex 7.04207 4.96001 -1
      vertex 7.0605 5.09999 -1
    endloop
  endfacet
  facet normal 0 0 1
    outer loop
      vertex 7.04207 4.96001 -1
      vertex 5.09999 5.09999 -1
      vertex 6.87224 4.55 -1
    endloop
  endfacet
  facet normal 0 0 1
    outer loop
      vertex 6.87224 4.55 -1
      vertex 5.09999 5.09999 -1
      vertex 6.60208 4.19792 -1
    endloop
  endfacet
  facet normal 0 0 1
    outer loop
      vertex 6.60208 4.19792 -1
      vertex 5.09999 5.09999 -1
      vertex 6.25 3.92776 -1
    endloop
  endfacet
  facet normal 0 0 1
    outer loop
      vertex 6.25 3.92776 -1
      vertex 5.09999 5.09999 -1
      vertex 5.83999 3.75793 -1
    endloop
  endfacet
  facet normal 0 0 1
    outer loop
      vertex 5.83999 3.75793 -1
      vertex 5.09999 5.09999 -1
      vertex 5.4 3.7 -1
    endloop
  endfacet
  facet normal 0 0 1
    outer loop
      vertex 5.09999 5.09999 -1
      vertex 4.96001 3.75793 -1
      vertex 5.4 3.7 -1
    endloop
  endfacet
  facet normal -0 0 1
    outer loop
      vertex 4.55 6.87224 -1
      vertex 5.09999 5.09999 -1
      vertex 4.96001 7.04207 -1
    endloop
  endfacet
  facet normal -0 0 1
    outer loop
      vertex 4.19792 6.60208 -1
      vertex 5.09999 5.09999 -1
      vertex 4.55 6.87224 -1
    endloop
  endfacet
  facet normal 0 0 1
    outer loop
      vertex 5.09999 5.09999 -1
      vertex 4.55 3.92776 -1
      vertex 4.96001 3.75793 -1
    endloop
  endfacet
  facet normal -0 0 1
    outer loop
      vertex 3.92776 6.25 -1
      vertex 5.09999 5.09999 -1
      vertex 4.19792 6.60208 -1
    endloop
  endfacet
  facet normal 0 0 1
    outer loop
      vertex 5.09999 5.09999 -1
      vertex 4.19792 4.19792 -1
      vertex 4.55 3.92776 -1
    endloop
  endfacet
  facet normal -0 0 1
    outer loop
      vertex 3.75793 5.83999 -1
      vertex 5.09999 5.09999 -1
      vertex 3.92776 6.25 -1
    endloop
  endfacet
  facet normal 0 0 1
    outer loop
      vertex 5.09999 5.09999 -1
      vertex 3.92776 4.55 -1
      vertex 4.19792 4.19792 -1
    endloop
  endfacet
  facet normal -0 0 1
    outer loop
      vertex 3.7 5.4 -1
      vertex 5.09999 5.09999 -1
      vertex 3.75793 5.83999 -1
    endloop
  endfacet
  facet normal 0 0 1
    outer loop
      vertex 5.09999 5.09999 -1
      vertex 3.75793 4.96001 -1
      vertex 3.92776 4.55 -1
    endloop
  endfacet
  facet normal 0 0 1
    outer loop
      vertex 5.09999 5.09999 -1
      vertex 3.7 5.4 -1
      vertex 3.75793 4.96001 -1
    endloop
  endfacet
  facet normal -0.130533 0.991444 0
    outer loop
      vertex 161.04 3.75793 -1
      vertex 160.6 3.7 2.4
      vertex 161.04 3.75793 2.4
    endloop
  endfacet
  facet normal -0.130533 0.991444 0
    outer loop
      vertex 160.6 3.7 2.4
      vertex 161.04 3.75793 -1
      vertex 160.6 3.7 -1
    endloop
  endfacet
  facet normal -0.924447 -0.381311 0
    outer loop
      vertex 162.242 5.83999 -1
      vertex 162.176 6 2.4
      vertex 162.176 6 -1
    endloop
  endfacet
  facet normal -0.924447 -0.381311 0
    outer loop
      vertex 162.176 6 2.4
      vertex 162.242 5.83999 -1
      vertex 162.242 5.83999 2.4
    endloop
  endfacet
  facet normal -0.991423 -0.130691 0
    outer loop
      vertex 162.3 5.4 -1
      vertex 162.242 5.83999 2.4
      vertex 162.242 5.83999 -1
    endloop
  endfacet
  facet normal -0.991423 -0.130691 0
    outer loop
      vertex 162.242 5.83999 2.4
      vertex 162.3 5.4 -1
      vertex 162.3 5.4 2.4
    endloop
  endfacet
  facet normal 0.793528 0.608534 0
    outer loop
      vertex 159.398 4.19792 2.4
      vertex 159.128 4.55 -1
      vertex 159.128 4.55 2.4
    endloop
  endfacet
  facet normal 0.793528 0.608534 0
    outer loop
      vertex 159.128 4.55 -1
      vertex 159.398 4.19792 2.4
      vertex 159.398 4.19792 -1
    endloop
  endfacet
  facet normal -0.923745 0.383007 0
    outer loop
      vertex 162.072 4.55 -1
      vertex 162.242 4.96001 2.4
      vertex 162.242 4.96001 -1
    endloop
  endfacet
  facet normal -0.923745 0.383007 0
    outer loop
      vertex 162.242 4.96001 2.4
      vertex 162.072 4.55 -1
      vertex 162.072 4.55 2.4
    endloop
  endfacet
  facet normal -0.608848 0.793287 0
    outer loop
      vertex 161.802 4.19792 -1
      vertex 161.45 3.92776 2.4
      vertex 161.802 4.19792 2.4
    endloop
  endfacet
  facet normal -0.608848 0.793287 0
    outer loop
      vertex 161.45 3.92776 2.4
      vertex 161.802 4.19792 -1
      vertex 161.45 3.92776 -1
    endloop
  endfacet
  facet normal -0.382688 0.923878 0
    outer loop
      vertex 161.45 3.92776 -1
      vertex 161.04 3.75793 2.4
      vertex 161.45 3.92776 2.4
    endloop
  endfacet
  facet normal -0.382688 0.923878 0
    outer loop
      vertex 161.04 3.75793 2.4
      vertex 161.45 3.92776 -1
      vertex 161.04 3.75793 -1
    endloop
  endfacet
  facet normal -0.991423 0.130691 0
    outer loop
      vertex 162.242 4.96001 -1
      vertex 162.3 5.4 2.4
      vertex 162.3 5.4 -1
    endloop
  endfacet
  facet normal -0.991423 0.130691 0
    outer loop
      vertex 162.3 5.4 2.4
      vertex 162.242 4.96001 -1
      vertex 162.242 4.96001 2.4
    endloop
  endfacet
  facet normal 0.991423 -0.130691 0
    outer loop
      vertex 158.9 5.4 2.4
      vertex 158.958 5.83999 0
      vertex 158.958 5.83999 2.4
    endloop
  endfacet
  facet normal 0.991423 -0.130691 0
    outer loop
      vertex 158.958 5.83999 0
      vertex 158.9 5.4 2.4
      vertex 158.9 5.4 0
    endloop
  endfacet
  facet normal 0 0 1
    outer loop
      vertex 160.9 30.4902 -1
      vertex 163.3 30.102 -1
      vertex 162.463 30.3559 -1
    endloop
  endfacet
  facet normal 0 0 1
    outer loop
      vertex 163.3 30.102 -1
      vertex 162.176 6 -1
      vertex 163.3 6 -1
    endloop
  endfacet
  facet normal 0 0 1
    outer loop
      vertex 163.3 30.102 -1
      vertex 160.9 30.4902 -1
      vertex 162.176 6 -1
    endloop
  endfacet
  facet normal 0 0 1
    outer loop
      vertex 162.176 6 -1
      vertex 160.9 5.09999 -1
      vertex 162.072 4.55 -1
    endloop
  endfacet
  facet normal 0 0 1
    outer loop
      vertex 162.072 4.55 -1
      vertex 160.9 5.09999 -1
      vertex 161.802 4.19792 -1
    endloop
  endfacet
  facet normal 0 0 1
    outer loop
      vertex 161.802 4.19792 -1
      vertex 160.9 5.09999 -1
      vertex 161.45 3.92776 -1
    endloop
  endfacet
  facet normal -0 0 1
    outer loop
      vertex 160.9 30.4902 -1
      vertex 162.463 30.3559 -1
      vertex 161 30.5 -1
    endloop
  endfacet
  facet normal 0 0 1
    outer loop
      vertex 162.176 6 -1
      vertex 160.9 30.4902 -1
      vertex 160.9 5.09999 -1
    endloop
  endfacet
  facet normal 0 0 1
    outer loop
      vertex 161.45 3.92776 -1
      vertex 160.9 5.09999 -1
      vertex 161.04 3.75793 -1
    endloop
  endfacet
  facet normal 0 0 1
    outer loop
      vertex 160.9 5.09999 -1
      vertex 160.6 3.7 -1
      vertex 161.04 3.75793 -1
    endloop
  endfacet
  facet normal 0 0 1
    outer loop
      vertex 160.9 5.09999 -1
      vertex 160.16 3.75793 -1
      vertex 160.6 3.7 -1
    endloop
  endfacet
  facet normal 0 0 1
    outer loop
      vertex 160.9 5.09999 -1
      vertex 159.75 3.92776 -1
      vertex 160.16 3.75793 -1
    endloop
  endfacet
  facet normal 0 0 1
    outer loop
      vertex 160.9 5.09999 -1
      vertex 159.398 4.19792 -1
      vertex 159.75 3.92776 -1
    endloop
  endfacet
  facet normal 0 0 1
    outer loop
      vertex 160.9 5.09999 -1
      vertex 159.128 4.55 -1
      vertex 159.398 4.19792 -1
    endloop
  endfacet
  facet normal 0 0 1
    outer loop
      vertex 160.9 5.09999 -1
      vertex 158.958 4.96001 -1
      vertex 159.128 4.55 -1
    endloop
  endfacet
  facet normal 0 -0 1
    outer loop
      vertex 158.958 4.96001 -1
      vertex 160.9 5.09999 -1
      vertex 158.939 5.09999 -1
    endloop
  endfacet
  facet normal 0 0 1
    outer loop
      vertex 162.176 6 -1
      vertex 162.3 5.4 -1
      vertex 162.242 5.83999 -1
    endloop
  endfacet
  facet normal 0 0 1
    outer loop
      vertex 162.3 5.4 -1
      vertex 162.176 6 -1
      vertex 162.242 4.96001 -1
    endloop
  endfacet
  facet normal 0 0 1
    outer loop
      vertex 162.242 4.96001 -1
      vertex 162.176 6 -1
      vertex 162.072 4.55 -1
    endloop
  endfacet
  facet normal -0 0 1
    outer loop
      vertex 78 5.09999 -1
      vertex 158 2.7 -1
      vertex 158 5.09999 -1
    endloop
  endfacet
  facet normal 0 0 1
    outer loop
      vertex 158 2.7 -1
      vertex 78 5.09999 -1
      vertex 78 2.7 -1
    endloop
  endfacet
  facet normal 0.923745 0.383007 0
    outer loop
      vertex 159.128 4.55 2.4
      vertex 158.958 4.96001 -1
      vertex 158.958 4.96001 2.4
    endloop
  endfacet
  facet normal 0.923745 0.383007 0
    outer loop
      vertex 158.958 4.96001 -1
      vertex 159.128 4.55 2.4
      vertex 159.128 4.55 -1
    endloop
  endfacet
  facet normal 0.924447 -0.381311 0
    outer loop
      vertex 158.958 5.83999 2.4
      vertex 159.024 6 0
      vertex 159.024 6 2.4
    endloop
  endfacet
  facet normal 0.924447 -0.381311 0
    outer loop
      vertex 159.024 6 0
      vertex 158.958 5.83999 2.4
      vertex 158.958 5.83999 0
    endloop
  endfacet
  facet normal -0.793528 0.608534 0
    outer loop
      vertex 161.802 4.19792 -1
      vertex 162.072 4.55 2.4
      vertex 162.072 4.55 -1
    endloop
  endfacet
  facet normal -0.793528 0.608534 0
    outer loop
      vertex 162.072 4.55 2.4
      vertex 161.802 4.19792 -1
      vertex 161.802 4.19792 2.4
    endloop
  endfacet
  facet normal 0.608848 0.793287 -0
    outer loop
      vertex 159.75 3.92776 -1
      vertex 159.398 4.19792 2.4
      vertex 159.75 3.92776 2.4
    endloop
  endfacet
  facet normal 0.608848 0.793287 0
    outer loop
      vertex 159.398 4.19792 2.4
      vertex 159.75 3.92776 -1
      vertex 159.398 4.19792 -1
    endloop
  endfacet
  facet normal 0.991656 0.128911 0
    outer loop
      vertex 158.9 5.4 2.4
      vertex 158.939 5.09999 0
      vertex 158.9 5.4 0
    endloop
  endfacet
  facet normal 0.991423 0.130691 -0.000226239
    outer loop
      vertex 158.958 4.96001 2.4
      vertex 158.939 5.09999 0
      vertex 158.9 5.4 2.4
    endloop
  endfacet
  facet normal 0.990914 0.1345 -0
    outer loop
      vertex 158.958 4.96001 -1
      vertex 158.939 5.09999 0
      vertex 158.958 4.96001 2.4
    endloop
  endfacet
  facet normal 0.990914 0.1345 0
    outer loop
      vertex 158.939 5.09999 0
      vertex 158.958 4.96001 -1
      vertex 158.939 5.09999 -1
    endloop
  endfacet
  facet normal 0.382688 0.923878 -0
    outer loop
      vertex 160.16 3.75793 -1
      vertex 159.75 3.92776 2.4
      vertex 160.16 3.75793 2.4
    endloop
  endfacet
  facet normal 0.382688 0.923878 0
    outer loop
      vertex 159.75 3.92776 2.4
      vertex 160.16 3.75793 -1
      vertex 159.75 3.92776 -1
    endloop
  endfacet
  facet normal 0.130533 0.991444 -0
    outer loop
      vertex 160.6 3.7 -1
      vertex 160.16 3.75793 2.4
      vertex 160.6 3.7 2.4
    endloop
  endfacet
  facet normal 0.130533 0.991444 0
    outer loop
      vertex 160.16 3.75793 2.4
      vertex 160.6 3.7 -1
      vertex 160.16 3.75793 -1
    endloop
  endfacet
  facet normal 0.382815 0.923825 -0
    outer loop
      vertex 4.96001 88.9579 -1
      vertex 4.55 89.1278 2.4
      vertex 4.96001 88.9579 2.4
    endloop
  endfacet
  facet normal 0.382815 0.923825 0
    outer loop
      vertex 4.55 89.1278 2.4
      vertex 4.96001 88.9579 -1
      vertex 4.55 89.1278 -1
    endloop
  endfacet
  facet normal -0.923878 -0.382688 0
    outer loop
      vertex 7.04207 91.04 -1
      vertex 6.87224 91.45 2.4
      vertex 6.87224 91.45 -1
    endloop
  endfacet
  facet normal -0.923878 -0.382688 0
    outer loop
      vertex 6.87224 91.45 2.4
      vertex 7.04207 91.04 -1
      vertex 7.04207 91.04 2.4
    endloop
  endfacet
  facet normal -0.991446 -0.130517 -0
    outer loop
      vertex 7.0605 90.9 0
      vertex 7.04207 91.04 -1
      vertex 7.0605 90.9 -1
    endloop
  endfacet
  facet normal -0.991446 -0.130517 0
    outer loop
      vertex 7.04207 91.04 -1
      vertex 7.0605 90.9 0
      vertex 7.04207 91.04 2.4
    endloop
  endfacet
  facet normal -0.991443 -0.13054 -0
    outer loop
      vertex 7.1 90.6 2.4
      vertex 7.0605 90.9 0
      vertex 7.1 90.6 0
    endloop
  endfacet
  facet normal -0.991444 -0.130533 9.38867e-07
    outer loop
      vertex 7.0605 90.9 0
      vertex 7.1 90.6 2.4
      vertex 7.04207 91.04 2.4
    endloop
  endfacet
  facet normal -0.923878 0.382688 0
    outer loop
      vertex 6.87224 89.75 0
      vertex 7.04207 90.16 2.4
      vertex 7.04207 90.16 0
    endloop
  endfacet
  facet normal -0.923878 0.382688 0
    outer loop
      vertex 7.04207 90.16 2.4
      vertex 6.87224 89.75 0
      vertex 6.87224 89.75 2.4
    endloop
  endfacet
  facet normal 0.608676 0.793419 -0
    outer loop
      vertex 4.55 89.1278 -1
      vertex 4.19792 89.3979 2.4
      vertex 4.55 89.1278 2.4
    endloop
  endfacet
  facet normal 0.608676 0.793419 0
    outer loop
      vertex 4.19792 89.3979 2.4
      vertex 4.55 89.1278 -1
      vertex 4.19792 89.3979 -1
    endloop
  endfacet
  facet normal -0.608676 -0.793419 0
    outer loop
      vertex 6.25 92.0722 -1
      vertex 6.60208 91.8021 2.4
      vertex 6.25 92.0722 2.4
    endloop
  endfacet
  facet normal -0.608676 -0.793419 -0
    outer loop
      vertex 6.60208 91.8021 2.4
      vertex 6.25 92.0722 -1
      vertex 6.60208 91.8021 -1
    endloop
  endfacet
  facet normal -0.382815 0.923825 0
    outer loop
      vertex 6.25 89.1278 0
      vertex 5.83999 88.9579 2.4
      vertex 6.25 89.1278 2.4
    endloop
  endfacet
  facet normal -0.382815 0.923825 0
    outer loop
      vertex 5.83999 88.9579 2.4
      vertex 6.25 89.1278 0
      vertex 5.83999 88.9579 0
    endloop
  endfacet
  facet normal -0.793371 0.608739 0
    outer loop
      vertex 6.60208 89.3979 0
      vertex 6.87224 89.75 2.4
      vertex 6.87224 89.75 0
    endloop
  endfacet
  facet normal -0.793371 0.608739 0
    outer loop
      vertex 6.87224 89.75 2.4
      vertex 6.60208 89.3979 0
      vertex 6.60208 89.3979 2.4
    endloop
  endfacet
  facet normal 0.130469 -0.991452 0
    outer loop
      vertex 4.96001 92.2421 -1
      vertex 5.4 92.3 2.4
      vertex 4.96001 92.2421 2.4
    endloop
  endfacet
  facet normal 0.130469 -0.991452 0
    outer loop
      vertex 5.4 92.3 2.4
      vertex 4.96001 92.2421 -1
      vertex 5.4 92.3 -1
    endloop
  endfacet
  facet normal -0.793371 -0.608739 0
    outer loop
      vertex 6.87224 91.45 -1
      vertex 6.60208 91.8021 2.4
      vertex 6.60208 91.8021 -1
    endloop
  endfacet
  facet normal -0.793371 -0.608739 0
    outer loop
      vertex 6.60208 91.8021 2.4
      vertex 6.87224 91.45 -1
      vertex 6.87224 91.45 2.4
    endloop
  endfacet
  facet normal -0.382815 -0.923825 0
    outer loop
      vertex 5.83999 92.2421 -1
      vertex 6.25 92.0722 2.4
      vertex 5.83999 92.2421 2.4
    endloop
  endfacet
  facet normal -0.382815 -0.923825 -0
    outer loop
      vertex 6.25 92.0722 2.4
      vertex 5.83999 92.2421 -1
      vertex 6.25 92.0722 -1
    endloop
  endfacet
  facet normal -0.608676 0.793419 0
    outer loop
      vertex 6.60208 89.3979 0
      vertex 6.25 89.1278 2.4
      vertex 6.60208 89.3979 2.4
    endloop
  endfacet
  facet normal -0.608676 0.793419 0
    outer loop
      vertex 6.25 89.1278 2.4
      vertex 6.60208 89.3979 0
      vertex 6.25 89.1278 0
    endloop
  endfacet
  facet normal 0.608676 -0.793419 0
    outer loop
      vertex 4.19792 91.8021 -1
      vertex 4.55 92.0722 2.4
      vertex 4.19792 91.8021 2.4
    endloop
  endfacet
  facet normal 0.608676 -0.793419 0
    outer loop
      vertex 4.55 92.0722 2.4
      vertex 4.19792 91.8021 -1
      vertex 4.55 92.0722 -1
    endloop
  endfacet
  facet normal 0.793371 0.608739 0
    outer loop
      vertex 4.19792 89.3979 2.4
      vertex 3.92776 89.75 -1
      vertex 3.92776 89.75 2.4
    endloop
  endfacet
  facet normal 0.793371 0.608739 0
    outer loop
      vertex 3.92776 89.75 -1
      vertex 4.19792 89.3979 2.4
      vertex 4.19792 89.3979 -1
    endloop
  endfacet
  facet normal 0.923878 -0.382688 0
    outer loop
      vertex 3.75793 91.04 2.4
      vertex 3.92776 91.45 -1
      vertex 3.92776 91.45 2.4
    endloop
  endfacet
  facet normal 0.923878 -0.382688 0
    outer loop
      vertex 3.92776 91.45 -1
      vertex 3.75793 91.04 2.4
      vertex 3.75793 91.04 -1
    endloop
  endfacet
  facet normal 0.382815 -0.923825 0
    outer loop
      vertex 4.55 92.0722 -1
      vertex 4.96001 92.2421 2.4
      vertex 4.55 92.0722 2.4
    endloop
  endfacet
  facet normal 0.382815 -0.923825 0
    outer loop
      vertex 4.96001 92.2421 2.4
      vertex 4.55 92.0722 -1
      vertex 4.96001 92.2421 -1
    endloop
  endfacet
  facet normal -0.991444 0.130533 0
    outer loop
      vertex 7.04207 90.16 0
      vertex 7.1 90.6 2.4
      vertex 7.1 90.6 0
    endloop
  endfacet
  facet normal -0.991444 0.130533 0
    outer loop
      vertex 7.1 90.6 2.4
      vertex 7.04207 90.16 0
      vertex 7.04207 90.16 2.4
    endloop
  endfacet
  facet normal -0.130469 0.991452 0
    outer loop
      vertex 5.83999 88.9579 0
      vertex 5.4 88.9 2.4
      vertex 5.83999 88.9579 2.4
    endloop
  endfacet
  facet normal -0.130469 0.991452 0
    outer loop
      vertex 5.4 88.9 2.4
      vertex 5.83999 88.9579 0
      vertex 5.4 88.9 0
    endloop
  endfacet
  facet normal 0.991444 -0.130533 0
    outer loop
      vertex 3.7 90.6 2.4
      vertex 3.75793 91.04 -1
      vertex 3.75793 91.04 2.4
    endloop
  endfacet
  facet normal 0.991444 -0.130533 0
    outer loop
      vertex 3.75793 91.04 -1
      vertex 3.7 90.6 2.4
      vertex 3.7 90.6 -1
    endloop
  endfacet
  facet normal 0.130536 0.991444 0
    outer loop
      vertex 5.09999 88.9395 0
      vertex 5.4 88.9 2.4
      vertex 5.4 88.9 0
    endloop
  endfacet
  facet normal 0.130469 0.991452 8.47448e-06
    outer loop
      vertex 5.4 88.9 2.4
      vertex 5.09999 88.9395 0
      vertex 4.96001 88.9579 2.4
    endloop
  endfacet
  facet normal 0.130326 0.991471 0
    outer loop
      vertex 4.96001 88.9579 -1
      vertex 5.09999 88.9395 0
      vertex 5.09999 88.9395 -1
    endloop
  endfacet
  facet normal 0.130326 0.991471 0
    outer loop
      vertex 5.09999 88.9395 0
      vertex 4.96001 88.9579 -1
      vertex 4.96001 88.9579 2.4
    endloop
  endfacet
  facet normal 0.793371 -0.608739 0
    outer loop
      vertex 3.92776 91.45 2.4
      vertex 4.19792 91.8021 -1
      vertex 4.19792 91.8021 2.4
    endloop
  endfacet
  facet normal 0.793371 -0.608739 0
    outer loop
      vertex 4.19792 91.8021 -1
      vertex 3.92776 91.45 2.4
      vertex 3.92776 91.45 -1
    endloop
  endfacet
  facet normal 0.991444 0.130533 0
    outer loop
      vertex 3.75793 90.16 2.4
      vertex 3.7 90.6 -1
      vertex 3.7 90.6 2.4
    endloop
  endfacet
  facet normal 0.991444 0.130533 0
    outer loop
      vertex 3.7 90.6 -1
      vertex 3.75793 90.16 2.4
      vertex 3.75793 90.16 -1
    endloop
  endfacet
  facet normal -0.130469 -0.991452 0
    outer loop
      vertex 5.4 92.3 -1
      vertex 5.83999 92.2421 2.4
      vertex 5.4 92.3 2.4
    endloop
  endfacet
  facet normal -0.130469 -0.991452 -0
    outer loop
      vertex 5.83999 92.2421 2.4
      vertex 5.4 92.3 -1
      vertex 5.83999 92.2421 -1
    endloop
  endfacet
  facet normal 0.923878 0.382688 0
    outer loop
      vertex 3.92776 89.75 2.4
      vertex 3.75793 90.16 -1
      vertex 3.75793 90.16 2.4
    endloop
  endfacet
  facet normal 0.923878 0.382688 0
    outer loop
      vertex 3.75793 90.16 -1
      vertex 3.92776 89.75 2.4
      vertex 3.92776 89.75 -1
    endloop
  endfacet
  facet normal 0 0 1
    outer loop
      vertex 5.09999 90.9 -1
      vertex 7.04207 91.04 -1
      vertex 6.87224 91.45 -1
    endloop
  endfacet
  facet normal 0 0 1
    outer loop
      vertex 5.09999 90.9 -1
      vertex 6.87224 91.45 -1
      vertex 6.60208 91.8021 -1
    endloop
  endfacet
  facet normal 0 0 1
    outer loop
      vertex 5.09999 90.9 -1
      vertex 6.60208 91.8021 -1
      vertex 6.25 92.0722 -1
    endloop
  endfacet
  facet normal 0 0 1
    outer loop
      vertex 5.09999 90.9 -1
      vertex 6.25 92.0722 -1
      vertex 5.83999 92.2421 -1
    endloop
  endfacet
  facet normal 0 0 1
    outer loop
      vertex 5.09999 90.9 -1
      vertex 5.83999 92.2421 -1
      vertex 5.4 92.3 -1
    endloop
  endfacet
  facet normal 0 0 1
    outer loop
      vertex 7.04207 91.04 -1
      vertex 5.09999 90.9 -1
      vertex 7.0605 90.9 -1
    endloop
  endfacet
  facet normal -0 0 1
    outer loop
      vertex 4.96001 92.2421 -1
      vertex 5.09999 90.9 -1
      vertex 5.4 92.3 -1
    endloop
  endfacet
  facet normal -0 0 1
    outer loop
      vertex 4.55 92.0722 -1
      vertex 5.09999 90.9 -1
      vertex 4.96001 92.2421 -1
    endloop
  endfacet
  facet normal -0 0 1
    outer loop
      vertex 4.19792 91.8021 -1
      vertex 5.09999 90.9 -1
      vertex 4.55 92.0722 -1
    endloop
  endfacet
  facet normal -0 0 1
    outer loop
      vertex 3.92776 91.45 -1
      vertex 5.09999 90.9 -1
      vertex 4.19792 91.8021 -1
    endloop
  endfacet
  facet normal 0 0 1
    outer loop
      vertex 5.09999 90.9 -1
      vertex 4.96001 88.9579 -1
      vertex 5.09999 88.9395 -1
    endloop
  endfacet
  facet normal 0 -0 1
    outer loop
      vertex 4.55 89.1278 -1
      vertex 5.09999 90.9 -1
      vertex 4.19792 89.3979 -1
    endloop
  endfacet
  facet normal 0 -0 1
    outer loop
      vertex 4.96001 88.9579 -1
      vertex 5.09999 90.9 -1
      vertex 4.55 89.1278 -1
    endloop
  endfacet
  facet normal -0 0 1
    outer loop
      vertex 3.75793 91.04 -1
      vertex 5.09999 90.9 -1
      vertex 3.92776 91.45 -1
    endloop
  endfacet
  facet normal 0 0 1
    outer loop
      vertex 5.09999 90.9 -1
      vertex 3.92776 89.75 -1
      vertex 4.19792 89.3979 -1
    endloop
  endfacet
  facet normal 0 0 1
    outer loop
      vertex 3.7 90.6 -1
      vertex 5.09999 90.9 -1
      vertex 3.75793 91.04 -1
    endloop
  endfacet
  facet normal 0 0 1
    outer loop
      vertex 5.09999 90.9 -1
      vertex 3.75793 90.16 -1
      vertex 3.92776 89.75 -1
    endloop
  endfacet
  facet normal 0 0 1
    outer loop
      vertex 5.09999 90.9 -1
      vertex 3.7 90.6 -1
      vertex 3.75793 90.16 -1
    endloop
  endfacet
  facet normal -0.923742 -0.383015 0
    outer loop
      vertex 162.242 91.04 -1
      vertex 162.072 91.45 2.4
      vertex 162.072 91.45 -1
    endloop
  endfacet
  facet normal -0.923742 -0.383015 0
    outer loop
      vertex 162.072 91.45 2.4
      vertex 162.242 91.04 -1
      vertex 162.242 91.04 2.4
    endloop
  endfacet
  facet normal -0.991424 -0.130688 0
    outer loop
      vertex 162.3 90.6 -1
      vertex 162.242 91.04 2.4
      vertex 162.242 91.04 -1
    endloop
  endfacet
  facet normal -0.991424 -0.130688 0
    outer loop
      vertex 162.242 91.04 2.4
      vertex 162.3 90.6 -1
      vertex 162.3 90.6 2.4
    endloop
  endfacet
  facet normal 0.793545 -0.608512 0
    outer loop
      vertex 159.128 91.45 2.4
      vertex 159.398 91.8021 -1
      vertex 159.398 91.8021 2.4
    endloop
  endfacet
  facet normal 0.793545 -0.608512 0
    outer loop
      vertex 159.398 91.8021 -1
      vertex 159.128 91.45 2.4
      vertex 159.128 91.45 -1
    endloop
  endfacet
  facet normal -0.793545 0.608512 0
    outer loop
      vertex 161.802 89.3979 -1
      vertex 162.072 89.75 2.4
      vertex 162.072 89.75 -1
    endloop
  endfacet
  facet normal -0.793545 0.608512 0
    outer loop
      vertex 162.072 89.75 2.4
      vertex 161.802 89.3979 -1
      vertex 161.802 89.3979 2.4
    endloop
  endfacet
  facet normal -0.382823 -0.923822 0
    outer loop
      vertex 161.04 92.2421 -1
      vertex 161.45 92.0722 2.4
      vertex 161.04 92.2421 2.4
    endloop
  endfacet
  facet normal -0.382823 -0.923822 -0
    outer loop
      vertex 161.45 92.0722 2.4
      vertex 161.04 92.2421 -1
      vertex 161.45 92.0722 -1
    endloop
  endfacet
  facet normal 0.130466 0.991453 -0
    outer loop
      vertex 160.6 88.9 0
      vertex 160.16 88.9579 2.4
      vertex 160.6 88.9 2.4
    endloop
  endfacet
  facet normal 0.130466 0.991453 0
    outer loop
      vertex 160.16 88.9579 2.4
      vertex 160.6 88.9 0
      vertex 160.16 88.9579 0
    endloop
  endfacet
  facet normal 0.608763 -0.793352 0
    outer loop
      vertex 159.398 91.8021 -1
      vertex 159.75 92.0722 2.4
      vertex 159.398 91.8021 2.4
    endloop
  endfacet
  facet normal 0.608763 -0.793352 0
    outer loop
      vertex 159.75 92.0722 2.4
      vertex 159.398 91.8021 -1
      vertex 159.75 92.0722 -1
    endloop
  endfacet
  facet normal 0.382823 -0.923822 0
    outer loop
      vertex 159.75 92.0722 -1
      vertex 160.16 92.2421 2.4
      vertex 159.75 92.0722 2.4
    endloop
  endfacet
  facet normal 0.382823 -0.923822 0
    outer loop
      vertex 160.16 92.2421 2.4
      vertex 159.75 92.0722 -1
      vertex 160.16 92.2421 -1
    endloop
  endfacet
  facet normal -0.923742 0.383015 0
    outer loop
      vertex 162.072 89.75 -1
      vertex 162.242 90.16 2.4
      vertex 162.242 90.16 -1
    endloop
  endfacet
  facet normal -0.923742 0.383015 0
    outer loop
      vertex 162.242 90.16 2.4
      vertex 162.072 89.75 -1
      vertex 162.072 89.75 2.4
    endloop
  endfacet
  facet normal -0.130466 0.991453 9.38876e-06
    outer loop
      vertex 161.04 88.9579 2.4
      vertex 160.9 88.9395 0
      vertex 160.6 88.9 2.4
    endloop
  endfacet
  facet normal -0.130308 0.991474 0
    outer loop
      vertex 161.04 88.9579 -1
      vertex 160.9 88.9395 0
      vertex 161.04 88.9579 2.4
    endloop
  endfacet
  facet normal -0.130308 0.991474 0
    outer loop
      vertex 160.9 88.9395 0
      vertex 161.04 88.9579 -1
      vertex 160.9 88.9395 -1
    endloop
  endfacet
  facet normal -0.13054 0.991443 0
    outer loop
      vertex 160.6 88.9 2.4
      vertex 160.9 88.9395 0
      vertex 160.6 88.9 0
    endloop
  endfacet
  facet normal -0.991424 0.130688 0
    outer loop
      vertex 162.242 90.16 -1
      vertex 162.3 90.6 2.4
      vertex 162.3 90.6 -1
    endloop
  endfacet
  facet normal -0.991424 0.130688 0
    outer loop
      vertex 162.3 90.6 2.4
      vertex 162.242 90.16 -1
      vertex 162.242 90.16 2.4
    endloop
  endfacet
  facet normal -0.382823 0.923822 0
    outer loop
      vertex 161.45 89.1278 -1
      vertex 161.04 88.9579 2.4
      vertex 161.45 89.1278 2.4
    endloop
  endfacet
  facet normal -0.382823 0.923822 0
    outer loop
      vertex 161.04 88.9579 2.4
      vertex 161.45 89.1278 -1
      vertex 161.04 88.9579 -1
    endloop
  endfacet
  facet normal 0.608763 0.793352 -0
    outer loop
      vertex 159.75 89.1278 0
      vertex 159.398 89.3979 2.4
      vertex 159.75 89.1278 2.4
    endloop
  endfacet
  facet normal 0.608763 0.793352 0
    outer loop
      vertex 159.398 89.3979 2.4
      vertex 159.75 89.1278 0
      vertex 159.398 89.3979 0
    endloop
  endfacet
  facet normal -0.130466 -0.991453 0
    outer loop
      vertex 160.6 92.3 -1
      vertex 161.04 92.2421 2.4
      vertex 160.6 92.3 2.4
    endloop
  endfacet
  facet normal -0.130466 -0.991453 -0
    outer loop
      vertex 161.04 92.2421 2.4
      vertex 160.6 92.3 -1
      vertex 161.04 92.2421 -1
    endloop
  endfacet
  facet normal 0.793545 0.608512 0
    outer loop
      vertex 159.398 89.3979 2.4
      vertex 159.128 89.75 0
      vertex 159.128 89.75 2.4
    endloop
  endfacet
  facet normal 0.793545 0.608512 0
    outer loop
      vertex 159.128 89.75 0
      vertex 159.398 89.3979 2.4
      vertex 159.398 89.3979 0
    endloop
  endfacet
  facet normal 0.991424 0.130688 0
    outer loop
      vertex 158.958 90.16 2.4
      vertex 158.9 90.6 0
      vertex 158.9 90.6 2.4
    endloop
  endfacet
  facet normal 0.991424 0.130688 0
    outer loop
      vertex 158.9 90.6 0
      vertex 158.958 90.16 2.4
      vertex 158.958 90.16 0
    endloop
  endfacet
  facet normal -0.608763 0.793352 0
    outer loop
      vertex 161.802 89.3979 -1
      vertex 161.45 89.1278 2.4
      vertex 161.802 89.3979 2.4
    endloop
  endfacet
  facet normal -0.608763 0.793352 0
    outer loop
      vertex 161.45 89.1278 2.4
      vertex 161.802 89.3979 -1
      vertex 161.45 89.1278 -1
    endloop
  endfacet
  facet normal 0.130466 -0.991453 0
    outer loop
      vertex 160.16 92.2421 -1
      vertex 160.6 92.3 2.4
      vertex 160.16 92.2421 2.4
    endloop
  endfacet
  facet normal 0.130466 -0.991453 0
    outer loop
      vertex 160.6 92.3 2.4
      vertex 160.16 92.2421 -1
      vertex 160.6 92.3 -1
    endloop
  endfacet
  facet normal 0.990916 -0.134481 0
    outer loop
      vertex 158.958 91.04 2.4
      vertex 158.939 90.9 0
      vertex 158.958 91.04 -1
    endloop
  endfacet
  facet normal 0.991424 -0.130688 -0.000225324
    outer loop
      vertex 158.9 90.6 2.4
      vertex 158.939 90.9 0
      vertex 158.958 91.04 2.4
    endloop
  endfacet
  facet normal 0.991656 -0.128915 0
    outer loop
      vertex 158.939 90.9 0
      vertex 158.9 90.6 2.4
      vertex 158.9 90.6 0
    endloop
  endfacet
  facet normal 0.990916 -0.134481 0
    outer loop
      vertex 158.958 91.04 -1
      vertex 158.939 90.9 0
      vertex 158.939 90.9 -1
    endloop
  endfacet
  facet normal -0.608763 -0.793352 0
    outer loop
      vertex 161.45 92.0722 -1
      vertex 161.802 91.8021 2.4
      vertex 161.45 92.0722 2.4
    endloop
  endfacet
  facet normal -0.608763 -0.793352 -0
    outer loop
      vertex 161.802 91.8021 2.4
      vertex 161.45 92.0722 -1
      vertex 161.802 91.8021 -1
    endloop
  endfacet
  facet normal 0.923742 -0.383015 0
    outer loop
      vertex 158.958 91.04 2.4
      vertex 159.128 91.45 -1
      vertex 159.128 91.45 2.4
    endloop
  endfacet
  facet normal 0.923742 -0.383015 0
    outer loop
      vertex 159.128 91.45 -1
      vertex 158.958 91.04 2.4
      vertex 158.958 91.04 -1
    endloop
  endfacet
  facet normal 0.382823 0.923822 -0
    outer loop
      vertex 160.16 88.9579 0
      vertex 159.75 89.1278 2.4
      vertex 160.16 88.9579 2.4
    endloop
  endfacet
  facet normal 0.382823 0.923822 0
    outer loop
      vertex 159.75 89.1278 2.4
      vertex 160.16 88.9579 0
      vertex 159.75 89.1278 0
    endloop
  endfacet
  facet normal -0.793545 -0.608512 0
    outer loop
      vertex 162.072 91.45 -1
      vertex 161.802 91.8021 2.4
      vertex 161.802 91.8021 -1
    endloop
  endfacet
  facet normal -0.793545 -0.608512 0
    outer loop
      vertex 161.802 91.8021 2.4
      vertex 162.072 91.45 -1
      vertex 162.072 91.45 2.4
    endloop
  endfacet
  facet normal 0.923742 0.383015 0
    outer loop
      vertex 159.128 89.75 2.4
      vertex 158.958 90.16 0
      vertex 158.958 90.16 2.4
    endloop
  endfacet
  facet normal 0.923742 0.383015 0
    outer loop
      vertex 158.958 90.16 0
      vertex 159.128 89.75 2.4
      vertex 159.128 89.75 0
    endloop
  endfacet
  facet normal -0 0 1
    outer loop
      vertex 160.9 90.9 -1
      vertex 162.3 90.6 -1
      vertex 162.242 91.04 -1
    endloop
  endfacet
  facet normal 0 0 1
    outer loop
      vertex 160.9 90.9 -1
      vertex 162.242 91.04 -1
      vertex 162.072 91.45 -1
    endloop
  endfacet
  facet normal 0 0 1
    outer loop
      vertex 162.3 90.6 -1
      vertex 160.9 90.9 -1
      vertex 162.242 90.16 -1
    endloop
  endfacet
  facet normal 0 0 1
    outer loop
      vertex 160.9 90.9 -1
      vertex 162.072 91.45 -1
      vertex 161.802 91.8021 -1
    endloop
  endfacet
  facet normal 0 0 1
    outer loop
      vertex 162.242 90.16 -1
      vertex 160.9 90.9 -1
      vertex 162.072 89.75 -1
    endloop
  endfacet
  facet normal 0 0 1
    outer loop
      vertex 160.9 90.9 -1
      vertex 161.802 91.8021 -1
      vertex 161.45 92.0722 -1
    endloop
  endfacet
  facet normal 0 0 1
    outer loop
      vertex 162.072 89.75 -1
      vertex 160.9 90.9 -1
      vertex 161.802 89.3979 -1
    endloop
  endfacet
  facet normal 0 0 1
    outer loop
      vertex 160.9 90.9 -1
      vertex 161.45 92.0722 -1
      vertex 161.04 92.2421 -1
    endloop
  endfacet
  facet normal 0 0 1
    outer loop
      vertex 161.802 89.3979 -1
      vertex 160.9 90.9 -1
      vertex 161.45 89.1278 -1
    endloop
  endfacet
  facet normal 0 0 1
    outer loop
      vertex 161.45 89.1278 -1
      vertex 160.9 90.9 -1
      vertex 161.04 88.9579 -1
    endloop
  endfacet
  facet normal 0 0 1
    outer loop
      vertex 160.6 92.3 -1
      vertex 160.9 90.9 -1
      vertex 161.04 92.2421 -1
    endloop
  endfacet
  facet normal -0 0 1
    outer loop
      vertex 160.16 92.2421 -1
      vertex 160.9 90.9 -1
      vertex 160.6 92.3 -1
    endloop
  endfacet
  facet normal -0 0 1
    outer loop
      vertex 159.75 92.0722 -1
      vertex 160.9 90.9 -1
      vertex 160.16 92.2421 -1
    endloop
  endfacet
  facet normal -0 0 1
    outer loop
      vertex 159.398 91.8021 -1
      vertex 160.9 90.9 -1
      vertex 159.75 92.0722 -1
    endloop
  endfacet
  facet normal -0 0 1
    outer loop
      vertex 159.128 91.45 -1
      vertex 160.9 90.9 -1
      vertex 159.398 91.8021 -1
    endloop
  endfacet
  facet normal -0 0 1
    outer loop
      vertex 158.958 91.04 -1
      vertex 160.9 90.9 -1
      vertex 159.128 91.45 -1
    endloop
  endfacet
  facet normal 0 0 1
    outer loop
      vertex 160.9 90.9 -1
      vertex 158.958 91.04 -1
      vertex 158.939 90.9 -1
    endloop
  endfacet
  facet normal 0 0 1
    outer loop
      vertex 161.04 88.9579 -1
      vertex 160.9 90.9 -1
      vertex 160.9 88.9395 -1
    endloop
  endfacet
  facet normal 1 0 0
    outer loop
      vertex 78 18 2.4
      vertex 78 5.09999 0
      vertex 78 18 0
    endloop
  endfacet
  facet normal 1 0 0
    outer loop
      vertex 78 5.09999 0
      vertex 78 2.7 0
      vertex 78 5.09999 -1
    endloop
  endfacet
  facet normal 1 -0 0
    outer loop
      vertex 78 0 2.4
      vertex 78 5.09999 0
      vertex 78 18 2.4
    endloop
  endfacet
  facet normal 1 0 0
    outer loop
      vertex 78 5.09999 0
      vertex 78 0 2.4
      vertex 78 2.7 0
    endloop
  endfacet
  facet normal 1 0 0
    outer loop
      vertex 78 2.7 0
      vertex 78 0 2.4
      vertex 78 0 0
    endloop
  endfacet
  facet normal 1 0 0
    outer loop
      vertex 78 5.09999 -1
      vertex 78 2.7 0
      vertex 78 2.7 -1
    endloop
  endfacet
  facet normal 0 -1 0
    outer loop
      vertex 78 18 0
      vertex 140 18 2.4
      vertex 78 18 2.4
    endloop
  endfacet
  facet normal 0 -1 -0
    outer loop
      vertex 140 18 2.4
      vertex 78 18 0
      vertex 140 18 0
    endloop
  endfacet
  facet normal -1 0 0
    outer loop
      vertex 140 0 0
      vertex 140 2 2.4
      vertex 140 2 0
    endloop
  endfacet
  facet normal -1 -0 0
    outer loop
      vertex 140 2 2.4
      vertex 140 0 0
      vertex 140 0 2.4
    endloop
  endfacet
  facet normal -1 0 0
    outer loop
      vertex 140 16 0
      vertex 140 18 2.4
      vertex 140 18 0
    endloop
  endfacet
  facet normal -1 -0 0
    outer loop
      vertex 140 18 2.4
      vertex 140 16 0
      vertex 140 16 2.4
    endloop
  endfacet
  facet normal -1 0 0
    outer loop
      vertex 158 5.09999 -1
      vertex 158 2.7 -1
      vertex 158 5.09999 0
    endloop
  endfacet
  facet normal -1 0 0
    outer loop
      vertex 158 5.09999 0
      vertex 158 6 2.4
      vertex 158 6 0
    endloop
  endfacet
  facet normal -1 0 0
    outer loop
      vertex 158 2.7 0
      vertex 158 5.09999 0
      vertex 158 2.7 -1
    endloop
  endfacet
  facet normal -1 0 0
    outer loop
      vertex 158 2 2.4
      vertex 158 5.09999 0
      vertex 158 2.7 0
    endloop
  endfacet
  facet normal -1 0 0
    outer loop
      vertex 158 2 2.4
      vertex 158 2.7 0
      vertex 158 2 0
    endloop
  endfacet
  facet normal -1 0 0
    outer loop
      vertex 158 5.09999 0
      vertex 158 2 2.4
      vertex 158 6 2.4
    endloop
  endfacet
  facet normal 0 -1 0
    outer loop
      vertex 140 16 0
      vertex 152 16 2.4
      vertex 140 16 2.4
    endloop
  endfacet
  facet normal 0 -1 -0
    outer loop
      vertex 152 16 2.4
      vertex 140 16 0
      vertex 152 16 0
    endloop
  endfacet
  facet normal 0 1 -0
    outer loop
      vertex 158 2 0
      vertex 140 2 2.4
      vertex 158 2 2.4
    endloop
  endfacet
  facet normal 0 1 0
    outer loop
      vertex 140 2 2.4
      vertex 158 2 0
      vertex 140 2 0
    endloop
  endfacet
  facet normal 1 -0 0
    outer loop
      vertex 152 16 2.4
      vertex 152 26 0
      vertex 152 26 2.4
    endloop
  endfacet
  facet normal 1 0 0
    outer loop
      vertex 152 26 0
      vertex 152 16 2.4
      vertex 152 16 0
    endloop
  endfacet
  facet normal 0 -1 0
    outer loop
      vertex 152 26 0
      vertex 154.14 26 2.4
      vertex 152 26 2.4
    endloop
  endfacet
  facet normal 0 -1 -0
    outer loop
      vertex 154.14 26 2.4
      vertex 152 26 0
      vertex 154.14 26 0
    endloop
  endfacet
  facet normal 0 1 0
    outer loop
      vertex 163.3 6 0
      vertex 166 6 2.4
      vertex 166 6 0
    endloop
  endfacet
  facet normal 0 1 0
    outer loop
      vertex 166 6 2.4
      vertex 163.3 6 0
      vertex 162.176 6 2.4
    endloop
  endfacet
  facet normal 0 1 0
    outer loop
      vertex 162.176 6 -1
      vertex 163.3 6 0
      vertex 163.3 6 -1
    endloop
  endfacet
  facet normal 0 1 0
    outer loop
      vertex 163.3 6 0
      vertex 162.176 6 -1
      vertex 162.176 6 2.4
    endloop
  endfacet
  facet normal 0 1 -0
    outer loop
      vertex 159.024 6 0
      vertex 158 6 2.4
      vertex 159.024 6 2.4
    endloop
  endfacet
  facet normal 0 1 0
    outer loop
      vertex 158 6 2.4
      vertex 159.024 6 0
      vertex 158 6 0
    endloop
  endfacet
  facet normal 0.19513 0.980777 -0
    outer loop
      vertex 85.5 34 0
      vertex 84.926 34.1142 2.4
      vertex 85.5 34 2.4
    endloop
  endfacet
  facet normal 0.19513 0.980777 0
    outer loop
      vertex 84.926 34.1142 2.4
      vertex 85.5 34 0
      vertex 84.926 34.1142 0
    endloop
  endfacet
  facet normal -0.831551 0.555449 0
    outer loop
      vertex 86.5607 34.4393 0
      vertex 86.8858 34.926 2.4
      vertex 86.8858 34.926 0
    endloop
  endfacet
  facet normal -0.831551 0.555449 0
    outer loop
      vertex 86.8858 34.926 2.4
      vertex 86.5607 34.4393 0
      vertex 86.5607 34.4393 2.4
    endloop
  endfacet
  facet normal -0.831551 -0.555449 0
    outer loop
      vertex 86.8858 36.074 0
      vertex 86.5607 36.5607 2.4
      vertex 86.5607 36.5607 0
    endloop
  endfacet
  facet normal -0.831551 -0.555449 0
    outer loop
      vertex 86.5607 36.5607 2.4
      vertex 86.8858 36.074 0
      vertex 86.8858 36.074 2.4
    endloop
  endfacet
  facet normal -0.980777 -0.19513 0
    outer loop
      vertex 87 35.5 0
      vertex 86.8858 36.074 2.4
      vertex 86.8858 36.074 0
    endloop
  endfacet
  facet normal -0.980777 -0.19513 0
    outer loop
      vertex 86.8858 36.074 2.4
      vertex 87 35.5 0
      vertex 87 35.5 2.4
    endloop
  endfacet
  facet normal -0.555449 -0.831551 0
    outer loop
      vertex 86.074 36.8858 0
      vertex 86.5607 36.5607 2.4
      vertex 86.074 36.8858 2.4
    endloop
  endfacet
  facet normal -0.555449 -0.831551 -0
    outer loop
      vertex 86.5607 36.5607 2.4
      vertex 86.074 36.8858 0
      vertex 86.5607 36.5607 0
    endloop
  endfacet
  facet normal -0.19513 -0.980777 0
    outer loop
      vertex 85.5 37 0
      vertex 86.074 36.8858 2.4
      vertex 85.5 37 2.4
    endloop
  endfacet
  facet normal -0.19513 -0.980777 -0
    outer loop
      vertex 86.074 36.8858 2.4
      vertex 85.5 37 0
      vertex 86.074 36.8858 0
    endloop
  endfacet
  facet normal 0.980777 0.19513 0
    outer loop
      vertex 84.1142 34.926 2.4
      vertex 84 35.5 0
      vertex 84 35.5 2.4
    endloop
  endfacet
  facet normal 0.980777 0.19513 0
    outer loop
      vertex 84 35.5 0
      vertex 84.1142 34.926 2.4
      vertex 84.1142 34.926 0
    endloop
  endfacet
  facet normal -0.555449 0.831551 0
    outer loop
      vertex 86.5607 34.4393 0
      vertex 86.074 34.1142 2.4
      vertex 86.5607 34.4393 2.4
    endloop
  endfacet
  facet normal -0.555449 0.831551 0
    outer loop
      vertex 86.074 34.1142 2.4
      vertex 86.5607 34.4393 0
      vertex 86.074 34.1142 0
    endloop
  endfacet
  facet normal 0.831551 -0.555449 0
    outer loop
      vertex 84.1142 36.074 2.4
      vertex 84.4393 36.5607 0
      vertex 84.4393 36.5607 2.4
    endloop
  endfacet
  facet normal 0.831551 -0.555449 0
    outer loop
      vertex 84.4393 36.5607 0
      vertex 84.1142 36.074 2.4
      vertex 84.1142 36.074 0
    endloop
  endfacet
  facet normal -0.19513 0.980777 0
    outer loop
      vertex 86.074 34.1142 0
      vertex 85.5 34 2.4
      vertex 86.074 34.1142 2.4
    endloop
  endfacet
  facet normal -0.19513 0.980777 0
    outer loop
      vertex 85.5 34 2.4
      vertex 86.074 34.1142 0
      vertex 85.5 34 0
    endloop
  endfacet
  facet normal 0.19513 -0.980777 0
    outer loop
      vertex 84.926 36.8858 0
      vertex 85.5 37 2.4
      vertex 84.926 36.8858 2.4
    endloop
  endfacet
  facet normal 0.19513 -0.980777 0
    outer loop
      vertex 85.5 37 2.4
      vertex 84.926 36.8858 0
      vertex 85.5 37 0
    endloop
  endfacet
  facet normal 0.555449 -0.831551 0
    outer loop
      vertex 84.4393 36.5607 0
      vertex 84.926 36.8858 2.4
      vertex 84.4393 36.5607 2.4
    endloop
  endfacet
  facet normal 0.555449 -0.831551 0
    outer loop
      vertex 84.926 36.8858 2.4
      vertex 84.4393 36.5607 0
      vertex 84.926 36.8858 0
    endloop
  endfacet
  facet normal -0.980777 0.19513 0
    outer loop
      vertex 86.8858 34.926 0
      vertex 87 35.5 2.4
      vertex 87 35.5 0
    endloop
  endfacet
  facet normal -0.980777 0.19513 0
    outer loop
      vertex 87 35.5 2.4
      vertex 86.8858 34.926 0
      vertex 86.8858 34.926 2.4
    endloop
  endfacet
  facet normal 0.980777 -0.19513 0
    outer loop
      vertex 84 35.5 2.4
      vertex 84.1142 36.074 0
      vertex 84.1142 36.074 2.4
    endloop
  endfacet
  facet normal 0.980777 -0.19513 0
    outer loop
      vertex 84.1142 36.074 0
      vertex 84 35.5 2.4
      vertex 84 35.5 0
    endloop
  endfacet
  facet normal 0.831551 0.555449 0
    outer loop
      vertex 84.4393 34.4393 2.4
      vertex 84.1142 34.926 0
      vertex 84.1142 34.926 2.4
    endloop
  endfacet
  facet normal 0.831551 0.555449 0
    outer loop
      vertex 84.1142 34.926 0
      vertex 84.4393 34.4393 2.4
      vertex 84.4393 34.4393 0
    endloop
  endfacet
  facet normal 0.555449 0.831551 -0
    outer loop
      vertex 84.926 34.1142 0
      vertex 84.4393 34.4393 2.4
      vertex 84.926 34.1142 2.4
    endloop
  endfacet
  facet normal 0.555449 0.831551 0
    outer loop
      vertex 84.4393 34.4393 2.4
      vertex 84.926 34.1142 0
      vertex 84.4393 34.4393 0
    endloop
  endfacet
  facet normal 0.19513 0.980777 -0
    outer loop
      vertex 85.5 41 0
      vertex 84.926 41.1142 2.4
      vertex 85.5 41 2.4
    endloop
  endfacet
  facet normal 0.19513 0.980777 0
    outer loop
      vertex 84.926 41.1142 2.4
      vertex 85.5 41 0
      vertex 84.926 41.1142 0
    endloop
  endfacet
  facet normal -0.831551 0.555449 0
    outer loop
      vertex 86.5607 41.4393 0
      vertex 86.8858 41.926 2.4
      vertex 86.8858 41.926 0
    endloop
  endfacet
  facet normal -0.831551 0.555449 0
    outer loop
      vertex 86.8858 41.926 2.4
      vertex 86.5607 41.4393 0
      vertex 86.5607 41.4393 2.4
    endloop
  endfacet
  facet normal -0.831551 -0.555449 0
    outer loop
      vertex 86.8858 43.074 0
      vertex 86.5607 43.5607 2.4
      vertex 86.5607 43.5607 0
    endloop
  endfacet
  facet normal -0.831551 -0.555449 0
    outer loop
      vertex 86.5607 43.5607 2.4
      vertex 86.8858 43.074 0
      vertex 86.8858 43.074 2.4
    endloop
  endfacet
  facet normal -0.980777 -0.19513 0
    outer loop
      vertex 87 42.5 0
      vertex 86.8858 43.074 2.4
      vertex 86.8858 43.074 0
    endloop
  endfacet
  facet normal -0.980777 -0.19513 0
    outer loop
      vertex 86.8858 43.074 2.4
      vertex 87 42.5 0
      vertex 87 42.5 2.4
    endloop
  endfacet
  facet normal -0.555449 -0.831551 0
    outer loop
      vertex 86.074 43.8858 0
      vertex 86.5607 43.5607 2.4
      vertex 86.074 43.8858 2.4
    endloop
  endfacet
  facet normal -0.555449 -0.831551 -0
    outer loop
      vertex 86.5607 43.5607 2.4
      vertex 86.074 43.8858 0
      vertex 86.5607 43.5607 0
    endloop
  endfacet
  facet normal -0.19513 -0.980777 0
    outer loop
      vertex 85.5 44 0
      vertex 86.074 43.8858 2.4
      vertex 85.5 44 2.4
    endloop
  endfacet
  facet normal -0.19513 -0.980777 -0
    outer loop
      vertex 86.074 43.8858 2.4
      vertex 85.5 44 0
      vertex 86.074 43.8858 0
    endloop
  endfacet
  facet normal 0.980777 0.19513 0
    outer loop
      vertex 84.1142 41.926 2.4
      vertex 84 42.5 0
      vertex 84 42.5 2.4
    endloop
  endfacet
  facet normal 0.980777 0.19513 0
    outer loop
      vertex 84 42.5 0
      vertex 84.1142 41.926 2.4
      vertex 84.1142 41.926 0
    endloop
  endfacet
  facet normal -0.555449 0.831551 0
    outer loop
      vertex 86.5607 41.4393 0
      vertex 86.074 41.1142 2.4
      vertex 86.5607 41.4393 2.4
    endloop
  endfacet
  facet normal -0.555449 0.831551 0
    outer loop
      vertex 86.074 41.1142 2.4
      vertex 86.5607 41.4393 0
      vertex 86.074 41.1142 0
    endloop
  endfacet
  facet normal 0.831551 -0.555449 0
    outer loop
      vertex 84.1142 43.074 2.4
      vertex 84.4393 43.5607 0
      vertex 84.4393 43.5607 2.4
    endloop
  endfacet
  facet normal 0.831551 -0.555449 0
    outer loop
      vertex 84.4393 43.5607 0
      vertex 84.1142 43.074 2.4
      vertex 84.1142 43.074 0
    endloop
  endfacet
  facet normal 0.19513 -0.980777 0
    outer loop
      vertex 84.926 43.8858 0
      vertex 85.5 44 2.4
      vertex 84.926 43.8858 2.4
    endloop
  endfacet
  facet normal 0.19513 -0.980777 0
    outer loop
      vertex 85.5 44 2.4
      vertex 84.926 43.8858 0
      vertex 85.5 44 0
    endloop
  endfacet
  facet normal 0.555449 -0.831551 0
    outer loop
      vertex 84.4393 43.5607 0
      vertex 84.926 43.8858 2.4
      vertex 84.4393 43.5607 2.4
    endloop
  endfacet
  facet normal 0.555449 -0.831551 0
    outer loop
      vertex 84.926 43.8858 2.4
      vertex 84.4393 43.5607 0
      vertex 84.926 43.8858 0
    endloop
  endfacet
  facet normal -0.980777 0.19513 0
    outer loop
      vertex 86.8858 41.926 0
      vertex 87 42.5 2.4
      vertex 87 42.5 0
    endloop
  endfacet
  facet normal -0.980777 0.19513 0
    outer loop
      vertex 87 42.5 2.4
      vertex 86.8858 41.926 0
      vertex 86.8858 41.926 2.4
    endloop
  endfacet
  facet normal 0.980777 -0.19513 0
    outer loop
      vertex 84 42.5 2.4
      vertex 84.1142 43.074 0
      vertex 84.1142 43.074 2.4
    endloop
  endfacet
  facet normal 0.980777 -0.19513 0
    outer loop
      vertex 84.1142 43.074 0
      vertex 84 42.5 2.4
      vertex 84 42.5 0
    endloop
  endfacet
  facet normal 0.831551 0.555449 0
    outer loop
      vertex 84.4393 41.4393 2.4
      vertex 84.1142 41.926 0
      vertex 84.1142 41.926 2.4
    endloop
  endfacet
  facet normal 0.831551 0.555449 0
    outer loop
      vertex 84.1142 41.926 0
      vertex 84.4393 41.4393 2.4
      vertex 84.4393 41.4393 0
    endloop
  endfacet
  facet normal -0.19513 0.980777 0
    outer loop
      vertex 86.074 41.1142 0
      vertex 85.5 41 2.4
      vertex 86.074 41.1142 2.4
    endloop
  endfacet
  facet normal -0.19513 0.980777 0
    outer loop
      vertex 85.5 41 2.4
      vertex 86.074 41.1142 0
      vertex 85.5 41 0
    endloop
  endfacet
  facet normal 0.555449 0.831551 -0
    outer loop
      vertex 84.926 41.1142 0
      vertex 84.4393 41.4393 2.4
      vertex 84.926 41.1142 2.4
    endloop
  endfacet
  facet normal 0.555449 0.831551 0
    outer loop
      vertex 84.4393 41.4393 2.4
      vertex 84.926 41.1142 0
      vertex 84.4393 41.4393 0
    endloop
  endfacet
  facet normal 0.19513 0.980777 -0
    outer loop
      vertex 85.5 48 0
      vertex 84.926 48.1142 2.4
      vertex 85.5 48 2.4
    endloop
  endfacet
  facet normal 0.19513 0.980777 0
    outer loop
      vertex 84.926 48.1142 2.4
      vertex 85.5 48 0
      vertex 84.926 48.1142 0
    endloop
  endfacet
  facet normal -0.831551 0.555449 0
    outer loop
      vertex 86.5607 48.4393 0
      vertex 86.8858 48.926 2.4
      vertex 86.8858 48.926 0
    endloop
  endfacet
  facet normal -0.831551 0.555449 0
    outer loop
      vertex 86.8858 48.926 2.4
      vertex 86.5607 48.4393 0
      vertex 86.5607 48.4393 2.4
    endloop
  endfacet
  facet normal -0.831551 -0.555449 0
    outer loop
      vertex 86.8858 50.074 0
      vertex 86.5607 50.5607 2.4
      vertex 86.5607 50.5607 0
    endloop
  endfacet
  facet normal -0.831551 -0.555449 0
    outer loop
      vertex 86.5607 50.5607 2.4
      vertex 86.8858 50.074 0
      vertex 86.8858 50.074 2.4
    endloop
  endfacet
  facet normal -0.980777 -0.19513 0
    outer loop
      vertex 87 49.5 0
      vertex 86.8858 50.074 2.4
      vertex 86.8858 50.074 0
    endloop
  endfacet
  facet normal -0.980777 -0.19513 0
    outer loop
      vertex 86.8858 50.074 2.4
      vertex 87 49.5 0
      vertex 87 49.5 2.4
    endloop
  endfacet
  facet normal -0.555449 -0.831551 0
    outer loop
      vertex 86.074 50.8858 0
      vertex 86.5607 50.5607 2.4
      vertex 86.074 50.8858 2.4
    endloop
  endfacet
  facet normal -0.555449 -0.831551 -0
    outer loop
      vertex 86.5607 50.5607 2.4
      vertex 86.074 50.8858 0
      vertex 86.5607 50.5607 0
    endloop
  endfacet
  facet normal -0.19513 -0.980777 0
    outer loop
      vertex 85.5 51 0
      vertex 86.074 50.8858 2.4
      vertex 85.5 51 2.4
    endloop
  endfacet
  facet normal -0.19513 -0.980777 -0
    outer loop
      vertex 86.074 50.8858 2.4
      vertex 85.5 51 0
      vertex 86.074 50.8858 0
    endloop
  endfacet
  facet normal 0.980777 0.19513 0
    outer loop
      vertex 84.1142 48.926 2.4
      vertex 84 49.5 0
      vertex 84 49.5 2.4
    endloop
  endfacet
  facet normal 0.980777 0.19513 0
    outer loop
      vertex 84 49.5 0
      vertex 84.1142 48.926 2.4
      vertex 84.1142 48.926 0
    endloop
  endfacet
  facet normal -0.555449 0.831551 0
    outer loop
      vertex 86.5607 48.4393 0
      vertex 86.074 48.1142 2.4
      vertex 86.5607 48.4393 2.4
    endloop
  endfacet
  facet normal -0.555449 0.831551 0
    outer loop
      vertex 86.074 48.1142 2.4
      vertex 86.5607 48.4393 0
      vertex 86.074 48.1142 0
    endloop
  endfacet
  facet normal 0.831551 -0.555449 0
    outer loop
      vertex 84.1142 50.074 2.4
      vertex 84.4393 50.5607 0
      vertex 84.4393 50.5607 2.4
    endloop
  endfacet
  facet normal 0.831551 -0.555449 0
    outer loop
      vertex 84.4393 50.5607 0
      vertex 84.1142 50.074 2.4
      vertex 84.1142 50.074 0
    endloop
  endfacet
  facet normal 0.19513 -0.980777 0
    outer loop
      vertex 84.926 50.8858 0
      vertex 85.5 51 2.4
      vertex 84.926 50.8858 2.4
    endloop
  endfacet
  facet normal 0.19513 -0.980777 0
    outer loop
      vertex 85.5 51 2.4
      vertex 84.926 50.8858 0
      vertex 85.5 51 0
    endloop
  endfacet
  facet normal 0.555449 -0.831551 0
    outer loop
      vertex 84.4393 50.5607 0
      vertex 84.926 50.8858 2.4
      vertex 84.4393 50.5607 2.4
    endloop
  endfacet
  facet normal 0.555449 -0.831551 0
    outer loop
      vertex 84.926 50.8858 2.4
      vertex 84.4393 50.5607 0
      vertex 84.926 50.8858 0
    endloop
  endfacet
  facet normal -0.980777 0.19513 0
    outer loop
      vertex 86.8858 48.926 0
      vertex 87 49.5 2.4
      vertex 87 49.5 0
    endloop
  endfacet
  facet normal -0.980777 0.19513 0
    outer loop
      vertex 87 49.5 2.4
      vertex 86.8858 48.926 0
      vertex 86.8858 48.926 2.4
    endloop
  endfacet
  facet normal 0.980777 -0.19513 0
    outer loop
      vertex 84 49.5 2.4
      vertex 84.1142 50.074 0
      vertex 84.1142 50.074 2.4
    endloop
  endfacet
  facet normal 0.980777 -0.19513 0
    outer loop
      vertex 84.1142 50.074 0
      vertex 84 49.5 2.4
      vertex 84 49.5 0
    endloop
  endfacet
  facet normal 0.831551 0.555449 0
    outer loop
      vertex 84.4393 48.4393 2.4
      vertex 84.1142 48.926 0
      vertex 84.1142 48.926 2.4
    endloop
  endfacet
  facet normal 0.831551 0.555449 0
    outer loop
      vertex 84.1142 48.926 0
      vertex 84.4393 48.4393 2.4
      vertex 84.4393 48.4393 0
    endloop
  endfacet
  facet normal -0.19513 0.980777 0
    outer loop
      vertex 86.074 48.1142 0
      vertex 85.5 48 2.4
      vertex 86.074 48.1142 2.4
    endloop
  endfacet
  facet normal -0.19513 0.980777 0
    outer loop
      vertex 85.5 48 2.4
      vertex 86.074 48.1142 0
      vertex 85.5 48 0
    endloop
  endfacet
  facet normal 0.555449 0.831551 -0
    outer loop
      vertex 84.926 48.1142 0
      vertex 84.4393 48.4393 2.4
      vertex 84.926 48.1142 2.4
    endloop
  endfacet
  facet normal 0.555449 0.831551 0
    outer loop
      vertex 84.4393 48.4393 2.4
      vertex 84.926 48.1142 0
      vertex 84.4393 48.4393 0
    endloop
  endfacet
  facet normal 0.19513 0.980777 -0
    outer loop
      vertex 85.5 55 0
      vertex 84.926 55.1142 2.4
      vertex 85.5 55 2.4
    endloop
  endfacet
  facet normal 0.19513 0.980777 0
    outer loop
      vertex 84.926 55.1142 2.4
      vertex 85.5 55 0
      vertex 84.926 55.1142 0
    endloop
  endfacet
  facet normal -0.831551 0.555449 0
    outer loop
      vertex 86.5607 55.4393 0
      vertex 86.8858 55.926 2.4
      vertex 86.8858 55.926 0
    endloop
  endfacet
  facet normal -0.831551 0.555449 0
    outer loop
      vertex 86.8858 55.926 2.4
      vertex 86.5607 55.4393 0
      vertex 86.5607 55.4393 2.4
    endloop
  endfacet
  facet normal -0.831551 -0.555449 0
    outer loop
      vertex 86.8858 57.074 0
      vertex 86.5607 57.5607 2.4
      vertex 86.5607 57.5607 0
    endloop
  endfacet
  facet normal -0.831551 -0.555449 0
    outer loop
      vertex 86.5607 57.5607 2.4
      vertex 86.8858 57.074 0
      vertex 86.8858 57.074 2.4
    endloop
  endfacet
  facet normal -0.980777 -0.19513 0
    outer loop
      vertex 87 56.5 0
      vertex 86.8858 57.074 2.4
      vertex 86.8858 57.074 0
    endloop
  endfacet
  facet normal -0.980777 -0.19513 0
    outer loop
      vertex 86.8858 57.074 2.4
      vertex 87 56.5 0
      vertex 87 56.5 2.4
    endloop
  endfacet
  facet normal -0.555449 -0.831551 0
    outer loop
      vertex 86.074 57.8858 0
      vertex 86.5607 57.5607 2.4
      vertex 86.074 57.8858 2.4
    endloop
  endfacet
  facet normal -0.555449 -0.831551 -0
    outer loop
      vertex 86.5607 57.5607 2.4
      vertex 86.074 57.8858 0
      vertex 86.5607 57.5607 0
    endloop
  endfacet
  facet normal -0.19513 -0.980777 0
    outer loop
      vertex 85.5 58 0
      vertex 86.074 57.8858 2.4
      vertex 85.5 58 2.4
    endloop
  endfacet
  facet normal -0.19513 -0.980777 -0
    outer loop
      vertex 86.074 57.8858 2.4
      vertex 85.5 58 0
      vertex 86.074 57.8858 0
    endloop
  endfacet
  facet normal 0.980777 0.19513 0
    outer loop
      vertex 84.1142 55.926 2.4
      vertex 84 56.5 0
      vertex 84 56.5 2.4
    endloop
  endfacet
  facet normal 0.980777 0.19513 0
    outer loop
      vertex 84 56.5 0
      vertex 84.1142 55.926 2.4
      vertex 84.1142 55.926 0
    endloop
  endfacet
  facet normal -0.555449 0.831551 0
    outer loop
      vertex 86.5607 55.4393 0
      vertex 86.074 55.1142 2.4
      vertex 86.5607 55.4393 2.4
    endloop
  endfacet
  facet normal -0.555449 0.831551 0
    outer loop
      vertex 86.074 55.1142 2.4
      vertex 86.5607 55.4393 0
      vertex 86.074 55.1142 0
    endloop
  endfacet
  facet normal 0.831551 -0.555449 0
    outer loop
      vertex 84.1142 57.074 2.4
      vertex 84.4393 57.5607 0
      vertex 84.4393 57.5607 2.4
    endloop
  endfacet
  facet normal 0.831551 -0.555449 0
    outer loop
      vertex 84.4393 57.5607 0
      vertex 84.1142 57.074 2.4
      vertex 84.1142 57.074 0
    endloop
  endfacet
  facet normal 0.19513 -0.980777 0
    outer loop
      vertex 84.926 57.8858 0
      vertex 85.5 58 2.4
      vertex 84.926 57.8858 2.4
    endloop
  endfacet
  facet normal 0.19513 -0.980777 0
    outer loop
      vertex 85.5 58 2.4
      vertex 84.926 57.8858 0
      vertex 85.5 58 0
    endloop
  endfacet
  facet normal 0.555449 -0.831551 0
    outer loop
      vertex 84.4393 57.5607 0
      vertex 84.926 57.8858 2.4
      vertex 84.4393 57.5607 2.4
    endloop
  endfacet
  facet normal 0.555449 -0.831551 0
    outer loop
      vertex 84.926 57.8858 2.4
      vertex 84.4393 57.5607 0
      vertex 84.926 57.8858 0
    endloop
  endfacet
  facet normal -0.980777 0.19513 0
    outer loop
      vertex 86.8858 55.926 0
      vertex 87 56.5 2.4
      vertex 87 56.5 0
    endloop
  endfacet
  facet normal -0.980777 0.19513 0
    outer loop
      vertex 87 56.5 2.4
      vertex 86.8858 55.926 0
      vertex 86.8858 55.926 2.4
    endloop
  endfacet
  facet normal 0.980777 -0.19513 0
    outer loop
      vertex 84 56.5 2.4
      vertex 84.1142 57.074 0
      vertex 84.1142 57.074 2.4
    endloop
  endfacet
  facet normal 0.980777 -0.19513 0
    outer loop
      vertex 84.1142 57.074 0
      vertex 84 56.5 2.4
      vertex 84 56.5 0
    endloop
  endfacet
  facet normal 0.831551 0.555449 0
    outer loop
      vertex 84.4393 55.4393 2.4
      vertex 84.1142 55.926 0
      vertex 84.1142 55.926 2.4
    endloop
  endfacet
  facet normal 0.831551 0.555449 0
    outer loop
      vertex 84.1142 55.926 0
      vertex 84.4393 55.4393 2.4
      vertex 84.4393 55.4393 0
    endloop
  endfacet
  facet normal -0.19513 0.980777 0
    outer loop
      vertex 86.074 55.1142 0
      vertex 85.5 55 2.4
      vertex 86.074 55.1142 2.4
    endloop
  endfacet
  facet normal -0.19513 0.980777 0
    outer loop
      vertex 85.5 55 2.4
      vertex 86.074 55.1142 0
      vertex 85.5 55 0
    endloop
  endfacet
  facet normal 0.555449 0.831551 -0
    outer loop
      vertex 84.926 55.1142 0
      vertex 84.4393 55.4393 2.4
      vertex 84.926 55.1142 2.4
    endloop
  endfacet
  facet normal 0.555449 0.831551 0
    outer loop
      vertex 84.4393 55.4393 2.4
      vertex 84.926 55.1142 0
      vertex 84.4393 55.4393 0
    endloop
  endfacet
  facet normal 0.19513 0.980777 -0
    outer loop
      vertex 85.5 62 0
      vertex 84.926 62.1142 2.4
      vertex 85.5 62 2.4
    endloop
  endfacet
  facet normal 0.19513 0.980777 0
    outer loop
      vertex 84.926 62.1142 2.4
      vertex 85.5 62 0
      vertex 84.926 62.1142 0
    endloop
  endfacet
  facet normal -0.831551 0.555449 0
    outer loop
      vertex 86.5607 62.4393 0
      vertex 86.8858 62.926 2.4
      vertex 86.8858 62.926 0
    endloop
  endfacet
  facet normal -0.831551 0.555449 0
    outer loop
      vertex 86.8858 62.926 2.4
      vertex 86.5607 62.4393 0
      vertex 86.5607 62.4393 2.4
    endloop
  endfacet
  facet normal -0.831551 -0.555449 0
    outer loop
      vertex 86.8858 64.074 0
      vertex 86.5607 64.5607 2.4
      vertex 86.5607 64.5607 0
    endloop
  endfacet
  facet normal -0.831551 -0.555449 0
    outer loop
      vertex 86.5607 64.5607 2.4
      vertex 86.8858 64.074 0
      vertex 86.8858 64.074 2.4
    endloop
  endfacet
  facet normal -0.980777 -0.19513 0
    outer loop
      vertex 87 63.5 0
      vertex 86.8858 64.074 2.4
      vertex 86.8858 64.074 0
    endloop
  endfacet
  facet normal -0.980777 -0.19513 0
    outer loop
      vertex 86.8858 64.074 2.4
      vertex 87 63.5 0
      vertex 87 63.5 2.4
    endloop
  endfacet
  facet normal -0.555449 -0.831551 0
    outer loop
      vertex 86.074 64.8858 0
      vertex 86.5607 64.5607 2.4
      vertex 86.074 64.8858 2.4
    endloop
  endfacet
  facet normal -0.555449 -0.831551 -0
    outer loop
      vertex 86.5607 64.5607 2.4
      vertex 86.074 64.8858 0
      vertex 86.5607 64.5607 0
    endloop
  endfacet
  facet normal -0.19513 -0.980777 0
    outer loop
      vertex 85.5 65 0
      vertex 86.074 64.8858 2.4
      vertex 85.5 65 2.4
    endloop
  endfacet
  facet normal -0.19513 -0.980777 -0
    outer loop
      vertex 86.074 64.8858 2.4
      vertex 85.5 65 0
      vertex 86.074 64.8858 0
    endloop
  endfacet
  facet normal 0.980777 0.19513 0
    outer loop
      vertex 84.1142 62.926 2.4
      vertex 84 63.5 0
      vertex 84 63.5 2.4
    endloop
  endfacet
  facet normal 0.980777 0.19513 0
    outer loop
      vertex 84 63.5 0
      vertex 84.1142 62.926 2.4
      vertex 84.1142 62.926 0
    endloop
  endfacet
  facet normal -0.555449 0.831551 0
    outer loop
      vertex 86.5607 62.4393 0
      vertex 86.074 62.1142 2.4
      vertex 86.5607 62.4393 2.4
    endloop
  endfacet
  facet normal -0.555449 0.831551 0
    outer loop
      vertex 86.074 62.1142 2.4
      vertex 86.5607 62.4393 0
      vertex 86.074 62.1142 0
    endloop
  endfacet
  facet normal 0.831551 -0.555449 0
    outer loop
      vertex 84.1142 64.074 2.4
      vertex 84.4393 64.5607 0
      vertex 84.4393 64.5607 2.4
    endloop
  endfacet
  facet normal 0.831551 -0.555449 0
    outer loop
      vertex 84.4393 64.5607 0
      vertex 84.1142 64.074 2.4
      vertex 84.1142 64.074 0
    endloop
  endfacet
  facet normal 0.19513 -0.980777 0
    outer loop
      vertex 84.926 64.8858 0
      vertex 85.5 65 2.4
      vertex 84.926 64.8858 2.4
    endloop
  endfacet
  facet normal 0.19513 -0.980777 0
    outer loop
      vertex 85.5 65 2.4
      vertex 84.926 64.8858 0
      vertex 85.5 65 0
    endloop
  endfacet
  facet normal 0.555449 -0.831551 0
    outer loop
      vertex 84.4393 64.5607 0
      vertex 84.926 64.8858 2.4
      vertex 84.4393 64.5607 2.4
    endloop
  endfacet
  facet normal 0.555449 -0.831551 0
    outer loop
      vertex 84.926 64.8858 2.4
      vertex 84.4393 64.5607 0
      vertex 84.926 64.8858 0
    endloop
  endfacet
  facet normal -0.980777 0.19513 0
    outer loop
      vertex 86.8858 62.926 0
      vertex 87 63.5 2.4
      vertex 87 63.5 0
    endloop
  endfacet
  facet normal -0.980777 0.19513 0
    outer loop
      vertex 87 63.5 2.4
      vertex 86.8858 62.926 0
      vertex 86.8858 62.926 2.4
    endloop
  endfacet
  facet normal 0.980777 -0.19513 0
    outer loop
      vertex 84 63.5 2.4
      vertex 84.1142 64.074 0
      vertex 84.1142 64.074 2.4
    endloop
  endfacet
  facet normal 0.980777 -0.19513 0
    outer loop
      vertex 84.1142 64.074 0
      vertex 84 63.5 2.4
      vertex 84 63.5 0
    endloop
  endfacet
  facet normal 0.831551 0.555449 0
    outer loop
      vertex 84.4393 62.4393 2.4
      vertex 84.1142 62.926 0
      vertex 84.1142 62.926 2.4
    endloop
  endfacet
  facet normal 0.831551 0.555449 0
    outer loop
      vertex 84.1142 62.926 0
      vertex 84.4393 62.4393 2.4
      vertex 84.4393 62.4393 0
    endloop
  endfacet
  facet normal -0.19513 0.980777 0
    outer loop
      vertex 86.074 62.1142 0
      vertex 85.5 62 2.4
      vertex 86.074 62.1142 2.4
    endloop
  endfacet
  facet normal -0.19513 0.980777 0
    outer loop
      vertex 85.5 62 2.4
      vertex 86.074 62.1142 0
      vertex 85.5 62 0
    endloop
  endfacet
  facet normal 0.555449 0.831551 -0
    outer loop
      vertex 84.926 62.1142 0
      vertex 84.4393 62.4393 2.4
      vertex 84.926 62.1142 2.4
    endloop
  endfacet
  facet normal 0.555449 0.831551 0
    outer loop
      vertex 84.4393 62.4393 2.4
      vertex 84.926 62.1142 0
      vertex 84.4393 62.4393 0
    endloop
  endfacet
  facet normal 0.19513 0.980777 -0
    outer loop
      vertex 85.5 69 0
      vertex 84.926 69.1142 2.4
      vertex 85.5 69 2.4
    endloop
  endfacet
  facet normal 0.19513 0.980777 0
    outer loop
      vertex 84.926 69.1142 2.4
      vertex 85.5 69 0
      vertex 84.926 69.1142 0
    endloop
  endfacet
  facet normal -0.831551 0.555449 0
    outer loop
      vertex 86.5607 69.4393 0
      vertex 86.8858 69.926 2.4
      vertex 86.8858 69.926 0
    endloop
  endfacet
  facet normal -0.831551 0.555449 0
    outer loop
      vertex 86.8858 69.926 2.4
      vertex 86.5607 69.4393 0
      vertex 86.5607 69.4393 2.4
    endloop
  endfacet
  facet normal -0.831551 -0.555449 0
    outer loop
      vertex 86.8858 71.074 0
      vertex 86.5607 71.5607 2.4
      vertex 86.5607 71.5607 0
    endloop
  endfacet
  facet normal -0.831551 -0.555449 0
    outer loop
      vertex 86.5607 71.5607 2.4
      vertex 86.8858 71.074 0
      vertex 86.8858 71.074 2.4
    endloop
  endfacet
  facet normal -0.980777 -0.19513 0
    outer loop
      vertex 87 70.5 0
      vertex 86.8858 71.074 2.4
      vertex 86.8858 71.074 0
    endloop
  endfacet
  facet normal -0.980777 -0.19513 0
    outer loop
      vertex 86.8858 71.074 2.4
      vertex 87 70.5 0
      vertex 87 70.5 2.4
    endloop
  endfacet
  facet normal -0.555449 -0.831551 0
    outer loop
      vertex 86.074 71.8858 0
      vertex 86.5607 71.5607 2.4
      vertex 86.074 71.8858 2.4
    endloop
  endfacet
  facet normal -0.555449 -0.831551 -0
    outer loop
      vertex 86.5607 71.5607 2.4
      vertex 86.074 71.8858 0
      vertex 86.5607 71.5607 0
    endloop
  endfacet
  facet normal -0.19513 -0.980777 0
    outer loop
      vertex 85.5 72 0
      vertex 86.074 71.8858 2.4
      vertex 85.5 72 2.4
    endloop
  endfacet
  facet normal -0.19513 -0.980777 -0
    outer loop
      vertex 86.074 71.8858 2.4
      vertex 85.5 72 0
      vertex 86.074 71.8858 0
    endloop
  endfacet
  facet normal 0.980777 0.19513 0
    outer loop
      vertex 84.1142 69.926 2.4
      vertex 84 70.5 0
      vertex 84 70.5 2.4
    endloop
  endfacet
  facet normal 0.980777 0.19513 0
    outer loop
      vertex 84 70.5 0
      vertex 84.1142 69.926 2.4
      vertex 84.1142 69.926 0
    endloop
  endfacet
  facet normal -0.555449 0.831551 0
    outer loop
      vertex 86.5607 69.4393 0
      vertex 86.074 69.1142 2.4
      vertex 86.5607 69.4393 2.4
    endloop
  endfacet
  facet normal -0.555449 0.831551 0
    outer loop
      vertex 86.074 69.1142 2.4
      vertex 86.5607 69.4393 0
      vertex 86.074 69.1142 0
    endloop
  endfacet
  facet normal 0.831551 -0.555449 0
    outer loop
      vertex 84.1142 71.074 2.4
      vertex 84.4393 71.5607 0
      vertex 84.4393 71.5607 2.4
    endloop
  endfacet
  facet normal 0.831551 -0.555449 0
    outer loop
      vertex 84.4393 71.5607 0
      vertex 84.1142 71.074 2.4
      vertex 84.1142 71.074 0
    endloop
  endfacet
  facet normal 0.19513 -0.980777 0
    outer loop
      vertex 84.926 71.8858 0
      vertex 85.5 72 2.4
      vertex 84.926 71.8858 2.4
    endloop
  endfacet
  facet normal 0.19513 -0.980777 0
    outer loop
      vertex 85.5 72 2.4
      vertex 84.926 71.8858 0
      vertex 85.5 72 0
    endloop
  endfacet
  facet normal 0.555449 -0.831551 0
    outer loop
      vertex 84.4393 71.5607 0
      vertex 84.926 71.8858 2.4
      vertex 84.4393 71.5607 2.4
    endloop
  endfacet
  facet normal 0.555449 -0.831551 0
    outer loop
      vertex 84.926 71.8858 2.4
      vertex 84.4393 71.5607 0
      vertex 84.926 71.8858 0
    endloop
  endfacet
  facet normal -0.980777 0.19513 0
    outer loop
      vertex 86.8858 69.926 0
      vertex 87 70.5 2.4
      vertex 87 70.5 0
    endloop
  endfacet
  facet normal -0.980777 0.19513 0
    outer loop
      vertex 87 70.5 2.4
      vertex 86.8858 69.926 0
      vertex 86.8858 69.926 2.4
    endloop
  endfacet
  facet normal 0.980777 -0.19513 0
    outer loop
      vertex 84 70.5 2.4
      vertex 84.1142 71.074 0
      vertex 84.1142 71.074 2.4
    endloop
  endfacet
  facet normal 0.980777 -0.19513 0
    outer loop
      vertex 84.1142 71.074 0
      vertex 84 70.5 2.4
      vertex 84 70.5 0
    endloop
  endfacet
  facet normal 0.831551 0.555449 0
    outer loop
      vertex 84.4393 69.4393 2.4
      vertex 84.1142 69.926 0
      vertex 84.1142 69.926 2.4
    endloop
  endfacet
  facet normal 0.831551 0.555449 0
    outer loop
      vertex 84.1142 69.926 0
      vertex 84.4393 69.4393 2.4
      vertex 84.4393 69.4393 0
    endloop
  endfacet
  facet normal -0.19513 0.980777 0
    outer loop
      vertex 86.074 69.1142 0
      vertex 85.5 69 2.4
      vertex 86.074 69.1142 2.4
    endloop
  endfacet
  facet normal -0.19513 0.980777 0
    outer loop
      vertex 85.5 69 2.4
      vertex 86.074 69.1142 0
      vertex 85.5 69 0
    endloop
  endfacet
  facet normal 0.555449 0.831551 -0
    outer loop
      vertex 84.926 69.1142 0
      vertex 84.4393 69.4393 2.4
      vertex 84.926 69.1142 2.4
    endloop
  endfacet
  facet normal 0.555449 0.831551 0
    outer loop
      vertex 84.4393 69.4393 2.4
      vertex 84.926 69.1142 0
      vertex 84.4393 69.4393 0
    endloop
  endfacet
  facet normal 0.19513 0.980777 -0
    outer loop
      vertex 92.5 34 0
      vertex 91.926 34.1142 2.4
      vertex 92.5 34 2.4
    endloop
  endfacet
  facet normal 0.19513 0.980777 0
    outer loop
      vertex 91.926 34.1142 2.4
      vertex 92.5 34 0
      vertex 91.926 34.1142 0
    endloop
  endfacet
  facet normal -0.831551 0.555449 0
    outer loop
      vertex 93.5607 34.4393 0
      vertex 93.8858 34.926 2.4
      vertex 93.8858 34.926 0
    endloop
  endfacet
  facet normal -0.831551 0.555449 0
    outer loop
      vertex 93.8858 34.926 2.4
      vertex 93.5607 34.4393 0
      vertex 93.5607 34.4393 2.4
    endloop
  endfacet
  facet normal -0.831551 -0.555449 0
    outer loop
      vertex 93.8858 36.074 0
      vertex 93.5607 36.5607 2.4
      vertex 93.5607 36.5607 0
    endloop
  endfacet
  facet normal -0.831551 -0.555449 0
    outer loop
      vertex 93.5607 36.5607 2.4
      vertex 93.8858 36.074 0
      vertex 93.8858 36.074 2.4
    endloop
  endfacet
  facet normal -0.980777 -0.19513 0
    outer loop
      vertex 94 35.5 0
      vertex 93.8858 36.074 2.4
      vertex 93.8858 36.074 0
    endloop
  endfacet
  facet normal -0.980777 -0.19513 0
    outer loop
      vertex 93.8858 36.074 2.4
      vertex 94 35.5 0
      vertex 94 35.5 2.4
    endloop
  endfacet
  facet normal -0.555449 -0.831551 0
    outer loop
      vertex 93.074 36.8858 0
      vertex 93.5607 36.5607 2.4
      vertex 93.074 36.8858 2.4
    endloop
  endfacet
  facet normal -0.555449 -0.831551 -0
    outer loop
      vertex 93.5607 36.5607 2.4
      vertex 93.074 36.8858 0
      vertex 93.5607 36.5607 0
    endloop
  endfacet
  facet normal 0.980777 0.19513 0
    outer loop
      vertex 91.1142 34.926 2.4
      vertex 91 35.5 0
      vertex 91 35.5 2.4
    endloop
  endfacet
  facet normal 0.980777 0.19513 0
    outer loop
      vertex 91 35.5 0
      vertex 91.1142 34.926 2.4
      vertex 91.1142 34.926 0
    endloop
  endfacet
  facet normal -0.555449 0.831551 0
    outer loop
      vertex 93.5607 34.4393 0
      vertex 93.074 34.1142 2.4
      vertex 93.5607 34.4393 2.4
    endloop
  endfacet
  facet normal -0.555449 0.831551 0
    outer loop
      vertex 93.074 34.1142 2.4
      vertex 93.5607 34.4393 0
      vertex 93.074 34.1142 0
    endloop
  endfacet
  facet normal 0.831551 -0.555449 0
    outer loop
      vertex 91.1142 36.074 2.4
      vertex 91.4393 36.5607 0
      vertex 91.4393 36.5607 2.4
    endloop
  endfacet
  facet normal 0.831551 -0.555449 0
    outer loop
      vertex 91.4393 36.5607 0
      vertex 91.1142 36.074 2.4
      vertex 91.1142 36.074 0
    endloop
  endfacet
  facet normal 0.19513 -0.980777 0
    outer loop
      vertex 91.926 36.8858 0
      vertex 92.5 37 2.4
      vertex 91.926 36.8858 2.4
    endloop
  endfacet
  facet normal 0.19513 -0.980777 0
    outer loop
      vertex 92.5 37 2.4
      vertex 91.926 36.8858 0
      vertex 92.5 37 0
    endloop
  endfacet
  facet normal 0.555449 -0.831551 0
    outer loop
      vertex 91.4393 36.5607 0
      vertex 91.926 36.8858 2.4
      vertex 91.4393 36.5607 2.4
    endloop
  endfacet
  facet normal 0.555449 -0.831551 0
    outer loop
      vertex 91.926 36.8858 2.4
      vertex 91.4393 36.5607 0
      vertex 91.926 36.8858 0
    endloop
  endfacet
  facet normal -0.980777 0.19513 0
    outer loop
      vertex 93.8858 34.926 0
      vertex 94 35.5 2.4
      vertex 94 35.5 0
    endloop
  endfacet
  facet normal -0.980777 0.19513 0
    outer loop
      vertex 94 35.5 2.4
      vertex 93.8858 34.926 0
      vertex 93.8858 34.926 2.4
    endloop
  endfacet
  facet normal 0.980777 -0.19513 0
    outer loop
      vertex 91 35.5 2.4
      vertex 91.1142 36.074 0
      vertex 91.1142 36.074 2.4
    endloop
  endfacet
  facet normal 0.980777 -0.19513 0
    outer loop
      vertex 91.1142 36.074 0
      vertex 91 35.5 2.4
      vertex 91 35.5 0
    endloop
  endfacet
  facet normal 0.831551 0.555449 0
    outer loop
      vertex 91.4393 34.4393 2.4
      vertex 91.1142 34.926 0
      vertex 91.1142 34.926 2.4
    endloop
  endfacet
  facet normal 0.831551 0.555449 0
    outer loop
      vertex 91.1142 34.926 0
      vertex 91.4393 34.4393 2.4
      vertex 91.4393 34.4393 0
    endloop
  endfacet
  facet normal -0.19513 -0.980777 0
    outer loop
      vertex 92.5 37 0
      vertex 93.074 36.8858 2.4
      vertex 92.5 37 2.4
    endloop
  endfacet
  facet normal -0.19513 -0.980777 -0
    outer loop
      vertex 93.074 36.8858 2.4
      vertex 92.5 37 0
      vertex 93.074 36.8858 0
    endloop
  endfacet
  facet normal -0.19513 0.980777 0
    outer loop
      vertex 93.074 34.1142 0
      vertex 92.5 34 2.4
      vertex 93.074 34.1142 2.4
    endloop
  endfacet
  facet normal -0.19513 0.980777 0
    outer loop
      vertex 92.5 34 2.4
      vertex 93.074 34.1142 0
      vertex 92.5 34 0
    endloop
  endfacet
  facet normal 0.555449 0.831551 -0
    outer loop
      vertex 91.926 34.1142 0
      vertex 91.4393 34.4393 2.4
      vertex 91.926 34.1142 2.4
    endloop
  endfacet
  facet normal 0.555449 0.831551 0
    outer loop
      vertex 91.4393 34.4393 2.4
      vertex 91.926 34.1142 0
      vertex 91.4393 34.4393 0
    endloop
  endfacet
  facet normal 0.19513 0.980777 -0
    outer loop
      vertex 92.5 41 0
      vertex 91.926 41.1142 2.4
      vertex 92.5 41 2.4
    endloop
  endfacet
  facet normal 0.19513 0.980777 0
    outer loop
      vertex 91.926 41.1142 2.4
      vertex 92.5 41 0
      vertex 91.926 41.1142 0
    endloop
  endfacet
  facet normal -0.831551 0.555449 0
    outer loop
      vertex 93.5607 41.4393 0
      vertex 93.8858 41.926 2.4
      vertex 93.8858 41.926 0
    endloop
  endfacet
  facet normal -0.831551 0.555449 0
    outer loop
      vertex 93.8858 41.926 2.4
      vertex 93.5607 41.4393 0
      vertex 93.5607 41.4393 2.4
    endloop
  endfacet
  facet normal -0.831551 -0.555449 0
    outer loop
      vertex 93.8858 43.074 0
      vertex 93.5607 43.5607 2.4
      vertex 93.5607 43.5607 0
    endloop
  endfacet
  facet normal -0.831551 -0.555449 0
    outer loop
      vertex 93.5607 43.5607 2.4
      vertex 93.8858 43.074 0
      vertex 93.8858 43.074 2.4
    endloop
  endfacet
  facet normal -0.980777 -0.19513 0
    outer loop
      vertex 94 42.5 0
      vertex 93.8858 43.074 2.4
      vertex 93.8858 43.074 0
    endloop
  endfacet
  facet normal -0.980777 -0.19513 0
    outer loop
      vertex 93.8858 43.074 2.4
      vertex 94 42.5 0
      vertex 94 42.5 2.4
    endloop
  endfacet
  facet normal -0.555449 -0.831551 0
    outer loop
      vertex 93.074 43.8858 0
      vertex 93.5607 43.5607 2.4
      vertex 93.074 43.8858 2.4
    endloop
  endfacet
  facet normal -0.555449 -0.831551 -0
    outer loop
      vertex 93.5607 43.5607 2.4
      vertex 93.074 43.8858 0
      vertex 93.5607 43.5607 0
    endloop
  endfacet
  facet normal -0.19513 -0.980777 0
    outer loop
      vertex 92.5 44 0
      vertex 93.074 43.8858 2.4
      vertex 92.5 44 2.4
    endloop
  endfacet
  facet normal -0.19513 -0.980777 -0
    outer loop
      vertex 93.074 43.8858 2.4
      vertex 92.5 44 0
      vertex 93.074 43.8858 0
    endloop
  endfacet
  facet normal 0.980777 0.19513 0
    outer loop
      vertex 91.1142 41.926 2.4
      vertex 91 42.5 0
      vertex 91 42.5 2.4
    endloop
  endfacet
  facet normal 0.980777 0.19513 0
    outer loop
      vertex 91 42.5 0
      vertex 91.1142 41.926 2.4
      vertex 91.1142 41.926 0
    endloop
  endfacet
  facet normal -0.555449 0.831551 0
    outer loop
      vertex 93.5607 41.4393 0
      vertex 93.074 41.1142 2.4
      vertex 93.5607 41.4393 2.4
    endloop
  endfacet
  facet normal -0.555449 0.831551 0
    outer loop
      vertex 93.074 41.1142 2.4
      vertex 93.5607 41.4393 0
      vertex 93.074 41.1142 0
    endloop
  endfacet
  facet normal 0.831551 -0.555449 0
    outer loop
      vertex 91.1142 43.074 2.4
      vertex 91.4393 43.5607 0
      vertex 91.4393 43.5607 2.4
    endloop
  endfacet
  facet normal 0.831551 -0.555449 0
    outer loop
      vertex 91.4393 43.5607 0
      vertex 91.1142 43.074 2.4
      vertex 91.1142 43.074 0
    endloop
  endfacet
  facet normal -0.19513 0.980777 0
    outer loop
      vertex 93.074 41.1142 0
      vertex 92.5 41 2.4
      vertex 93.074 41.1142 2.4
    endloop
  endfacet
  facet normal -0.19513 0.980777 0
    outer loop
      vertex 92.5 41 2.4
      vertex 93.074 41.1142 0
      vertex 92.5 41 0
    endloop
  endfacet
  facet normal 0.19513 -0.980777 0
    outer loop
      vertex 91.926 43.8858 0
      vertex 92.5 44 2.4
      vertex 91.926 43.8858 2.4
    endloop
  endfacet
  facet normal 0.19513 -0.980777 0
    outer loop
      vertex 92.5 44 2.4
      vertex 91.926 43.8858 0
      vertex 92.5 44 0
    endloop
  endfacet
  facet normal 0.555449 -0.831551 0
    outer loop
      vertex 91.4393 43.5607 0
      vertex 91.926 43.8858 2.4
      vertex 91.4393 43.5607 2.4
    endloop
  endfacet
  facet normal 0.555449 -0.831551 0
    outer loop
      vertex 91.926 43.8858 2.4
      vertex 91.4393 43.5607 0
      vertex 91.926 43.8858 0
    endloop
  endfacet
  facet normal -0.980777 0.19513 0
    outer loop
      vertex 93.8858 41.926 0
      vertex 94 42.5 2.4
      vertex 94 42.5 0
    endloop
  endfacet
  facet normal -0.980777 0.19513 0
    outer loop
      vertex 94 42.5 2.4
      vertex 93.8858 41.926 0
      vertex 93.8858 41.926 2.4
    endloop
  endfacet
  facet normal 0.980777 -0.19513 0
    outer loop
      vertex 91 42.5 2.4
      vertex 91.1142 43.074 0
      vertex 91.1142 43.074 2.4
    endloop
  endfacet
  facet normal 0.980777 -0.19513 0
    outer loop
      vertex 91.1142 43.074 0
      vertex 91 42.5 2.4
      vertex 91 42.5 0
    endloop
  endfacet
  facet normal 0.831551 0.555449 0
    outer loop
      vertex 91.4393 41.4393 2.4
      vertex 91.1142 41.926 0
      vertex 91.1142 41.926 2.4
    endloop
  endfacet
  facet normal 0.831551 0.555449 0
    outer loop
      vertex 91.1142 41.926 0
      vertex 91.4393 41.4393 2.4
      vertex 91.4393 41.4393 0
    endloop
  endfacet
  facet normal 0.555449 0.831551 -0
    outer loop
      vertex 91.926 41.1142 0
      vertex 91.4393 41.4393 2.4
      vertex 91.926 41.1142 2.4
    endloop
  endfacet
  facet normal 0.555449 0.831551 0
    outer loop
      vertex 91.4393 41.4393 2.4
      vertex 91.926 41.1142 0
      vertex 91.4393 41.4393 0
    endloop
  endfacet
  facet normal 0.19513 0.980777 -0
    outer loop
      vertex 92.5 48 0
      vertex 91.926 48.1142 2.4
      vertex 92.5 48 2.4
    endloop
  endfacet
  facet normal 0.19513 0.980777 0
    outer loop
      vertex 91.926 48.1142 2.4
      vertex 92.5 48 0
      vertex 91.926 48.1142 0
    endloop
  endfacet
  facet normal -0.831551 0.555449 0
    outer loop
      vertex 93.5607 48.4393 0
      vertex 93.8858 48.926 2.4
      vertex 93.8858 48.926 0
    endloop
  endfacet
  facet normal -0.831551 0.555449 0
    outer loop
      vertex 93.8858 48.926 2.4
      vertex 93.5607 48.4393 0
      vertex 93.5607 48.4393 2.4
    endloop
  endfacet
  facet normal -0.831551 -0.555449 0
    outer loop
      vertex 93.8858 50.074 0
      vertex 93.5607 50.5607 2.4
      vertex 93.5607 50.5607 0
    endloop
  endfacet
  facet normal -0.831551 -0.555449 0
    outer loop
      vertex 93.5607 50.5607 2.4
      vertex 93.8858 50.074 0
      vertex 93.8858 50.074 2.4
    endloop
  endfacet
  facet normal -0.980777 -0.19513 0
    outer loop
      vertex 94 49.5 0
      vertex 93.8858 50.074 2.4
      vertex 93.8858 50.074 0
    endloop
  endfacet
  facet normal -0.980777 -0.19513 0
    outer loop
      vertex 93.8858 50.074 2.4
      vertex 94 49.5 0
      vertex 94 49.5 2.4
    endloop
  endfacet
  facet normal -0.555449 -0.831551 0
    outer loop
      vertex 93.074 50.8858 0
      vertex 93.5607 50.5607 2.4
      vertex 93.074 50.8858 2.4
    endloop
  endfacet
  facet normal -0.555449 -0.831551 -0
    outer loop
      vertex 93.5607 50.5607 2.4
      vertex 93.074 50.8858 0
      vertex 93.5607 50.5607 0
    endloop
  endfacet
  facet normal -0.19513 -0.980777 0
    outer loop
      vertex 92.5 51 0
      vertex 93.074 50.8858 2.4
      vertex 92.5 51 2.4
    endloop
  endfacet
  facet normal -0.19513 -0.980777 -0
    outer loop
      vertex 93.074 50.8858 2.4
      vertex 92.5 51 0
      vertex 93.074 50.8858 0
    endloop
  endfacet
  facet normal 0.980777 0.19513 0
    outer loop
      vertex 91.1142 48.926 2.4
      vertex 91 49.5 0
      vertex 91 49.5 2.4
    endloop
  endfacet
  facet normal 0.980777 0.19513 0
    outer loop
      vertex 91 49.5 0
      vertex 91.1142 48.926 2.4
      vertex 91.1142 48.926 0
    endloop
  endfacet
  facet normal -0.555449 0.831551 0
    outer loop
      vertex 93.5607 48.4393 0
      vertex 93.074 48.1142 2.4
      vertex 93.5607 48.4393 2.4
    endloop
  endfacet
  facet normal -0.555449 0.831551 0
    outer loop
      vertex 93.074 48.1142 2.4
      vertex 93.5607 48.4393 0
      vertex 93.074 48.1142 0
    endloop
  endfacet
  facet normal 0.831551 -0.555449 0
    outer loop
      vertex 91.1142 50.074 2.4
      vertex 91.4393 50.5607 0
      vertex 91.4393 50.5607 2.4
    endloop
  endfacet
  facet normal 0.831551 -0.555449 0
    outer loop
      vertex 91.4393 50.5607 0
      vertex 91.1142 50.074 2.4
      vertex 91.1142 50.074 0
    endloop
  endfacet
  facet normal -0.19513 0.980777 0
    outer loop
      vertex 93.074 48.1142 0
      vertex 92.5 48 2.4
      vertex 93.074 48.1142 2.4
    endloop
  endfacet
  facet normal -0.19513 0.980777 0
    outer loop
      vertex 92.5 48 2.4
      vertex 93.074 48.1142 0
      vertex 92.5 48 0
    endloop
  endfacet
  facet normal 0.19513 -0.980777 0
    outer loop
      vertex 91.926 50.8858 0
      vertex 92.5 51 2.4
      vertex 91.926 50.8858 2.4
    endloop
  endfacet
  facet normal 0.19513 -0.980777 0
    outer loop
      vertex 92.5 51 2.4
      vertex 91.926 50.8858 0
      vertex 92.5 51 0
    endloop
  endfacet
  facet normal 0.555449 -0.831551 0
    outer loop
      vertex 91.4393 50.5607 0
      vertex 91.926 50.8858 2.4
      vertex 91.4393 50.5607 2.4
    endloop
  endfacet
  facet normal 0.555449 -0.831551 0
    outer loop
      vertex 91.926 50.8858 2.4
      vertex 91.4393 50.5607 0
      vertex 91.926 50.8858 0
    endloop
  endfacet
  facet normal -0.980777 0.19513 0
    outer loop
      vertex 93.8858 48.926 0
      vertex 94 49.5 2.4
      vertex 94 49.5 0
    endloop
  endfacet
  facet normal -0.980777 0.19513 0
    outer loop
      vertex 94 49.5 2.4
      vertex 93.8858 48.926 0
      vertex 93.8858 48.926 2.4
    endloop
  endfacet
  facet normal 0.980777 -0.19513 0
    outer loop
      vertex 91 49.5 2.4
      vertex 91.1142 50.074 0
      vertex 91.1142 50.074 2.4
    endloop
  endfacet
  facet normal 0.980777 -0.19513 0
    outer loop
      vertex 91.1142 50.074 0
      vertex 91 49.5 2.4
      vertex 91 49.5 0
    endloop
  endfacet
  facet normal 0.831551 0.555449 0
    outer loop
      vertex 91.4393 48.4393 2.4
      vertex 91.1142 48.926 0
      vertex 91.1142 48.926 2.4
    endloop
  endfacet
  facet normal 0.831551 0.555449 0
    outer loop
      vertex 91.1142 48.926 0
      vertex 91.4393 48.4393 2.4
      vertex 91.4393 48.4393 0
    endloop
  endfacet
  facet normal 0.555449 0.831551 -0
    outer loop
      vertex 91.926 48.1142 0
      vertex 91.4393 48.4393 2.4
      vertex 91.926 48.1142 2.4
    endloop
  endfacet
  facet normal 0.555449 0.831551 0
    outer loop
      vertex 91.4393 48.4393 2.4
      vertex 91.926 48.1142 0
      vertex 91.4393 48.4393 0
    endloop
  endfacet
  facet normal 0.19513 0.980777 -0
    outer loop
      vertex 92.5 55 0
      vertex 91.926 55.1142 2.4
      vertex 92.5 55 2.4
    endloop
  endfacet
  facet normal 0.19513 0.980777 0
    outer loop
      vertex 91.926 55.1142 2.4
      vertex 92.5 55 0
      vertex 91.926 55.1142 0
    endloop
  endfacet
  facet normal -0.831551 0.555449 0
    outer loop
      vertex 93.5607 55.4393 0
      vertex 93.8858 55.926 2.4
      vertex 93.8858 55.926 0
    endloop
  endfacet
  facet normal -0.831551 0.555449 0
    outer loop
      vertex 93.8858 55.926 2.4
      vertex 93.5607 55.4393 0
      vertex 93.5607 55.4393 2.4
    endloop
  endfacet
  facet normal -0.831551 -0.555449 0
    outer loop
      vertex 93.8858 57.074 0
      vertex 93.5607 57.5607 2.4
      vertex 93.5607 57.5607 0
    endloop
  endfacet
  facet normal -0.831551 -0.555449 0
    outer loop
      vertex 93.5607 57.5607 2.4
      vertex 93.8858 57.074 0
      vertex 93.8858 57.074 2.4
    endloop
  endfacet
  facet normal -0.980777 -0.19513 0
    outer loop
      vertex 94 56.5 0
      vertex 93.8858 57.074 2.4
      vertex 93.8858 57.074 0
    endloop
  endfacet
  facet normal -0.980777 -0.19513 0
    outer loop
      vertex 93.8858 57.074 2.4
      vertex 94 56.5 0
      vertex 94 56.5 2.4
    endloop
  endfacet
  facet normal -0.555449 -0.831551 0
    outer loop
      vertex 93.074 57.8858 0
      vertex 93.5607 57.5607 2.4
      vertex 93.074 57.8858 2.4
    endloop
  endfacet
  facet normal -0.555449 -0.831551 -0
    outer loop
      vertex 93.5607 57.5607 2.4
      vertex 93.074 57.8858 0
      vertex 93.5607 57.5607 0
    endloop
  endfacet
  facet normal 0.980777 0.19513 0
    outer loop
      vertex 91.1142 55.926 2.4
      vertex 91 56.5 0
      vertex 91 56.5 2.4
    endloop
  endfacet
  facet normal 0.980777 0.19513 0
    outer loop
      vertex 91 56.5 0
      vertex 91.1142 55.926 2.4
      vertex 91.1142 55.926 0
    endloop
  endfacet
  facet normal -0.555449 0.831551 0
    outer loop
      vertex 93.5607 55.4393 0
      vertex 93.074 55.1142 2.4
      vertex 93.5607 55.4393 2.4
    endloop
  endfacet
  facet normal -0.555449 0.831551 0
    outer loop
      vertex 93.074 55.1142 2.4
      vertex 93.5607 55.4393 0
      vertex 93.074 55.1142 0
    endloop
  endfacet
  facet normal 0.831551 -0.555449 0
    outer loop
      vertex 91.1142 57.074 2.4
      vertex 91.4393 57.5607 0
      vertex 91.4393 57.5607 2.4
    endloop
  endfacet
  facet normal 0.831551 -0.555449 0
    outer loop
      vertex 91.4393 57.5607 0
      vertex 91.1142 57.074 2.4
      vertex 91.1142 57.074 0
    endloop
  endfacet
  facet normal 0.19513 -0.980777 0
    outer loop
      vertex 91.926 57.8858 0
      vertex 92.5 58 2.4
      vertex 91.926 57.8858 2.4
    endloop
  endfacet
  facet normal 0.19513 -0.980777 0
    outer loop
      vertex 92.5 58 2.4
      vertex 91.926 57.8858 0
      vertex 92.5 58 0
    endloop
  endfacet
  facet normal 0.555449 -0.831551 0
    outer loop
      vertex 91.4393 57.5607 0
      vertex 91.926 57.8858 2.4
      vertex 91.4393 57.5607 2.4
    endloop
  endfacet
  facet normal 0.555449 -0.831551 0
    outer loop
      vertex 91.926 57.8858 2.4
      vertex 91.4393 57.5607 0
      vertex 91.926 57.8858 0
    endloop
  endfacet
  facet normal -0.980777 0.19513 0
    outer loop
      vertex 93.8858 55.926 0
      vertex 94 56.5 2.4
      vertex 94 56.5 0
    endloop
  endfacet
  facet normal -0.980777 0.19513 0
    outer loop
      vertex 94 56.5 2.4
      vertex 93.8858 55.926 0
      vertex 93.8858 55.926 2.4
    endloop
  endfacet
  facet normal 0.980777 -0.19513 0
    outer loop
      vertex 91 56.5 2.4
      vertex 91.1142 57.074 0
      vertex 91.1142 57.074 2.4
    endloop
  endfacet
  facet normal 0.980777 -0.19513 0
    outer loop
      vertex 91.1142 57.074 0
      vertex 91 56.5 2.4
      vertex 91 56.5 0
    endloop
  endfacet
  facet normal 0.831551 0.555449 0
    outer loop
      vertex 91.4393 55.4393 2.4
      vertex 91.1142 55.926 0
      vertex 91.1142 55.926 2.4
    endloop
  endfacet
  facet normal 0.831551 0.555449 0
    outer loop
      vertex 91.1142 55.926 0
      vertex 91.4393 55.4393 2.4
      vertex 91.4393 55.4393 0
    endloop
  endfacet
  facet normal -0.19513 -0.980777 0
    outer loop
      vertex 92.5 58 0
      vertex 93.074 57.8858 2.4
      vertex 92.5 58 2.4
    endloop
  endfacet
  facet normal -0.19513 -0.980777 -0
    outer loop
      vertex 93.074 57.8858 2.4
      vertex 92.5 58 0
      vertex 93.074 57.8858 0
    endloop
  endfacet
  facet normal -0.19513 0.980777 0
    outer loop
      vertex 93.074 55.1142 0
      vertex 92.5 55 2.4
      vertex 93.074 55.1142 2.4
    endloop
  endfacet
  facet normal -0.19513 0.980777 0
    outer loop
      vertex 92.5 55 2.4
      vertex 93.074 55.1142 0
      vertex 92.5 55 0
    endloop
  endfacet
  facet normal 0.555449 0.831551 -0
    outer loop
      vertex 91.926 55.1142 0
      vertex 91.4393 55.4393 2.4
      vertex 91.926 55.1142 2.4
    endloop
  endfacet
  facet normal 0.555449 0.831551 0
    outer loop
      vertex 91.4393 55.4393 2.4
      vertex 91.926 55.1142 0
      vertex 91.4393 55.4393 0
    endloop
  endfacet
  facet normal 0.19513 0.980777 -0
    outer loop
      vertex 92.5 62 0
      vertex 91.926 62.1142 2.4
      vertex 92.5 62 2.4
    endloop
  endfacet
  facet normal 0.19513 0.980777 0
    outer loop
      vertex 91.926 62.1142 2.4
      vertex 92.5 62 0
      vertex 91.926 62.1142 0
    endloop
  endfacet
  facet normal -0.831551 0.555449 0
    outer loop
      vertex 93.5607 62.4393 0
      vertex 93.8858 62.926 2.4
      vertex 93.8858 62.926 0
    endloop
  endfacet
  facet normal -0.831551 0.555449 0
    outer loop
      vertex 93.8858 62.926 2.4
      vertex 93.5607 62.4393 0
      vertex 93.5607 62.4393 2.4
    endloop
  endfacet
  facet normal -0.831551 -0.555449 0
    outer loop
      vertex 93.8858 64.074 0
      vertex 93.5607 64.5607 2.4
      vertex 93.5607 64.5607 0
    endloop
  endfacet
  facet normal -0.831551 -0.555449 0
    outer loop
      vertex 93.5607 64.5607 2.4
      vertex 93.8858 64.074 0
      vertex 93.8858 64.074 2.4
    endloop
  endfacet
  facet normal -0.980777 -0.19513 0
    outer loop
      vertex 94 63.5 0
      vertex 93.8858 64.074 2.4
      vertex 93.8858 64.074 0
    endloop
  endfacet
  facet normal -0.980777 -0.19513 0
    outer loop
      vertex 93.8858 64.074 2.4
      vertex 94 63.5 0
      vertex 94 63.5 2.4
    endloop
  endfacet
  facet normal -0.555449 -0.831551 0
    outer loop
      vertex 93.074 64.8858 0
      vertex 93.5607 64.5607 2.4
      vertex 93.074 64.8858 2.4
    endloop
  endfacet
  facet normal -0.555449 -0.831551 -0
    outer loop
      vertex 93.5607 64.5607 2.4
      vertex 93.074 64.8858 0
      vertex 93.5607 64.5607 0
    endloop
  endfacet
  facet normal -0.19513 -0.980777 0
    outer loop
      vertex 92.5 65 0
      vertex 93.074 64.8858 2.4
      vertex 92.5 65 2.4
    endloop
  endfacet
  facet normal -0.19513 -0.980777 -0
    outer loop
      vertex 93.074 64.8858 2.4
      vertex 92.5 65 0
      vertex 93.074 64.8858 0
    endloop
  endfacet
  facet normal 0.980777 0.19513 0
    outer loop
      vertex 91.1142 62.926 2.4
      vertex 91 63.5 0
      vertex 91 63.5 2.4
    endloop
  endfacet
  facet normal 0.980777 0.19513 0
    outer loop
      vertex 91 63.5 0
      vertex 91.1142 62.926 2.4
      vertex 91.1142 62.926 0
    endloop
  endfacet
  facet normal -0.555449 0.831551 0
    outer loop
      vertex 93.5607 62.4393 0
      vertex 93.074 62.1142 2.4
      vertex 93.5607 62.4393 2.4
    endloop
  endfacet
  facet normal -0.555449 0.831551 0
    outer loop
      vertex 93.074 62.1142 2.4
      vertex 93.5607 62.4393 0
      vertex 93.074 62.1142 0
    endloop
  endfacet
  facet normal 0.831551 -0.555449 0
    outer loop
      vertex 91.1142 64.074 2.4
      vertex 91.4393 64.5607 0
      vertex 91.4393 64.5607 2.4
    endloop
  endfacet
  facet normal 0.831551 -0.555449 0
    outer loop
      vertex 91.4393 64.5607 0
      vertex 91.1142 64.074 2.4
      vertex 91.1142 64.074 0
    endloop
  endfacet
  facet normal 0.19513 -0.980777 0
    outer loop
      vertex 91.926 64.8858 0
      vertex 92.5 65 2.4
      vertex 91.926 64.8858 2.4
    endloop
  endfacet
  facet normal 0.19513 -0.980777 0
    outer loop
      vertex 92.5 65 2.4
      vertex 91.926 64.8858 0
      vertex 92.5 65 0
    endloop
  endfacet
  facet normal 0.555449 -0.831551 0
    outer loop
      vertex 91.4393 64.5607 0
      vertex 91.926 64.8858 2.4
      vertex 91.4393 64.5607 2.4
    endloop
  endfacet
  facet normal 0.555449 -0.831551 0
    outer loop
      vertex 91.926 64.8858 2.4
      vertex 91.4393 64.5607 0
      vertex 91.926 64.8858 0
    endloop
  endfacet
  facet normal -0.980777 0.19513 0
    outer loop
      vertex 93.8858 62.926 0
      vertex 94 63.5 2.4
      vertex 94 63.5 0
    endloop
  endfacet
  facet normal -0.980777 0.19513 0
    outer loop
      vertex 94 63.5 2.4
      vertex 93.8858 62.926 0
      vertex 93.8858 62.926 2.4
    endloop
  endfacet
  facet normal 0.980777 -0.19513 0
    outer loop
      vertex 91 63.5 2.4
      vertex 91.1142 64.074 0
      vertex 91.1142 64.074 2.4
    endloop
  endfacet
  facet normal 0.980777 -0.19513 0
    outer loop
      vertex 91.1142 64.074 0
      vertex 91 63.5 2.4
      vertex 91 63.5 0
    endloop
  endfacet
  facet normal 0.831551 0.555449 0
    outer loop
      vertex 91.4393 62.4393 2.4
      vertex 91.1142 62.926 0
      vertex 91.1142 62.926 2.4
    endloop
  endfacet
  facet normal 0.831551 0.555449 0
    outer loop
      vertex 91.1142 62.926 0
      vertex 91.4393 62.4393 2.4
      vertex 91.4393 62.4393 0
    endloop
  endfacet
  facet normal -0.19513 0.980777 0
    outer loop
      vertex 93.074 62.1142 0
      vertex 92.5 62 2.4
      vertex 93.074 62.1142 2.4
    endloop
  endfacet
  facet normal -0.19513 0.980777 0
    outer loop
      vertex 92.5 62 2.4
      vertex 93.074 62.1142 0
      vertex 92.5 62 0
    endloop
  endfacet
  facet normal 0.555449 0.831551 -0
    outer loop
      vertex 91.926 62.1142 0
      vertex 91.4393 62.4393 2.4
      vertex 91.926 62.1142 2.4
    endloop
  endfacet
  facet normal 0.555449 0.831551 0
    outer loop
      vertex 91.4393 62.4393 2.4
      vertex 91.926 62.1142 0
      vertex 91.4393 62.4393 0
    endloop
  endfacet
  facet normal 0.19513 0.980777 -0
    outer loop
      vertex 92.5 69 0
      vertex 91.926 69.1142 2.4
      vertex 92.5 69 2.4
    endloop
  endfacet
  facet normal 0.19513 0.980777 0
    outer loop
      vertex 91.926 69.1142 2.4
      vertex 92.5 69 0
      vertex 91.926 69.1142 0
    endloop
  endfacet
  facet normal -0.831551 0.555449 0
    outer loop
      vertex 93.5607 69.4393 0
      vertex 93.8858 69.926 2.4
      vertex 93.8858 69.926 0
    endloop
  endfacet
  facet normal -0.831551 0.555449 0
    outer loop
      vertex 93.8858 69.926 2.4
      vertex 93.5607 69.4393 0
      vertex 93.5607 69.4393 2.4
    endloop
  endfacet
  facet normal -0.831551 -0.555449 0
    outer loop
      vertex 93.8858 71.074 0
      vertex 93.5607 71.5607 2.4
      vertex 93.5607 71.5607 0
    endloop
  endfacet
  facet normal -0.831551 -0.555449 0
    outer loop
      vertex 93.5607 71.5607 2.4
      vertex 93.8858 71.074 0
      vertex 93.8858 71.074 2.4
    endloop
  endfacet
  facet normal -0.980777 -0.19513 0
    outer loop
      vertex 94 70.5 0
      vertex 93.8858 71.074 2.4
      vertex 93.8858 71.074 0
    endloop
  endfacet
  facet normal -0.980777 -0.19513 0
    outer loop
      vertex 93.8858 71.074 2.4
      vertex 94 70.5 0
      vertex 94 70.5 2.4
    endloop
  endfacet
  facet normal -0.555449 -0.831551 0
    outer loop
      vertex 93.074 71.8858 0
      vertex 93.5607 71.5607 2.4
      vertex 93.074 71.8858 2.4
    endloop
  endfacet
  facet normal -0.555449 -0.831551 -0
    outer loop
      vertex 93.5607 71.5607 2.4
      vertex 93.074 71.8858 0
      vertex 93.5607 71.5607 0
    endloop
  endfacet
  facet normal -0.19513 -0.980777 0
    outer loop
      vertex 92.5 72 0
      vertex 93.074 71.8858 2.4
      vertex 92.5 72 2.4
    endloop
  endfacet
  facet normal -0.19513 -0.980777 -0
    outer loop
      vertex 93.074 71.8858 2.4
      vertex 92.5 72 0
      vertex 93.074 71.8858 0
    endloop
  endfacet
  facet normal 0.980777 0.19513 0
    outer loop
      vertex 91.1142 69.926 2.4
      vertex 91 70.5 0
      vertex 91 70.5 2.4
    endloop
  endfacet
  facet normal 0.980777 0.19513 0
    outer loop
      vertex 91 70.5 0
      vertex 91.1142 69.926 2.4
      vertex 91.1142 69.926 0
    endloop
  endfacet
  facet normal -0.555449 0.831551 0
    outer loop
      vertex 93.5607 69.4393 0
      vertex 93.074 69.1142 2.4
      vertex 93.5607 69.4393 2.4
    endloop
  endfacet
  facet normal -0.555449 0.831551 0
    outer loop
      vertex 93.074 69.1142 2.4
      vertex 93.5607 69.4393 0
      vertex 93.074 69.1142 0
    endloop
  endfacet
  facet normal 0.831551 -0.555449 0
    outer loop
      vertex 91.1142 71.074 2.4
      vertex 91.4393 71.5607 0
      vertex 91.4393 71.5607 2.4
    endloop
  endfacet
  facet normal 0.831551 -0.555449 0
    outer loop
      vertex 91.4393 71.5607 0
      vertex 91.1142 71.074 2.4
      vertex 91.1142 71.074 0
    endloop
  endfacet
  facet normal 0.19513 -0.980777 0
    outer loop
      vertex 91.926 71.8858 0
      vertex 92.5 72 2.4
      vertex 91.926 71.8858 2.4
    endloop
  endfacet
  facet normal 0.19513 -0.980777 0
    outer loop
      vertex 92.5 72 2.4
      vertex 91.926 71.8858 0
      vertex 92.5 72 0
    endloop
  endfacet
  facet normal 0.555449 -0.831551 0
    outer loop
      vertex 91.4393 71.5607 0
      vertex 91.926 71.8858 2.4
      vertex 91.4393 71.5607 2.4
    endloop
  endfacet
  facet normal 0.555449 -0.831551 0
    outer loop
      vertex 91.926 71.8858 2.4
      vertex 91.4393 71.5607 0
      vertex 91.926 71.8858 0
    endloop
  endfacet
  facet normal -0.980777 0.19513 0
    outer loop
      vertex 93.8858 69.926 0
      vertex 94 70.5 2.4
      vertex 94 70.5 0
    endloop
  endfacet
  facet normal -0.980777 0.19513 0
    outer loop
      vertex 94 70.5 2.4
      vertex 93.8858 69.926 0
      vertex 93.8858 69.926 2.4
    endloop
  endfacet
  facet normal 0.980777 -0.19513 0
    outer loop
      vertex 91 70.5 2.4
      vertex 91.1142 71.074 0
      vertex 91.1142 71.074 2.4
    endloop
  endfacet
  facet normal 0.980777 -0.19513 0
    outer loop
      vertex 91.1142 71.074 0
      vertex 91 70.5 2.4
      vertex 91 70.5 0
    endloop
  endfacet
  facet normal 0.831551 0.555449 0
    outer loop
      vertex 91.4393 69.4393 2.4
      vertex 91.1142 69.926 0
      vertex 91.1142 69.926 2.4
    endloop
  endfacet
  facet normal 0.831551 0.555449 0
    outer loop
      vertex 91.1142 69.926 0
      vertex 91.4393 69.4393 2.4
      vertex 91.4393 69.4393 0
    endloop
  endfacet
  facet normal -0.19513 0.980777 0
    outer loop
      vertex 93.074 69.1142 0
      vertex 92.5 69 2.4
      vertex 93.074 69.1142 2.4
    endloop
  endfacet
  facet normal -0.19513 0.980777 0
    outer loop
      vertex 92.5 69 2.4
      vertex 93.074 69.1142 0
      vertex 92.5 69 0
    endloop
  endfacet
  facet normal 0.555449 0.831551 -0
    outer loop
      vertex 91.926 69.1142 0
      vertex 91.4393 69.4393 2.4
      vertex 91.926 69.1142 2.4
    endloop
  endfacet
  facet normal 0.555449 0.831551 0
    outer loop
      vertex 91.4393 69.4393 2.4
      vertex 91.926 69.1142 0
      vertex 91.4393 69.4393 0
    endloop
  endfacet
  facet normal 0.19513 0.980777 -0
    outer loop
      vertex 99.5 34 0
      vertex 98.926 34.1142 2.4
      vertex 99.5 34 2.4
    endloop
  endfacet
  facet normal 0.19513 0.980777 0
    outer loop
      vertex 98.926 34.1142 2.4
      vertex 99.5 34 0
      vertex 98.926 34.1142 0
    endloop
  endfacet
  facet normal -0.831629 0.555331 0
    outer loop
      vertex 100.561 34.4393 0
      vertex 100.886 34.926 2.4
      vertex 100.886 34.926 0
    endloop
  endfacet
  facet normal -0.831629 0.555331 0
    outer loop
      vertex 100.886 34.926 2.4
      vertex 100.561 34.4393 0
      vertex 100.561 34.4393 2.4
    endloop
  endfacet
  facet normal -0.831629 -0.555331 0
    outer loop
      vertex 100.886 36.074 0
      vertex 100.561 36.5607 2.4
      vertex 100.561 36.5607 0
    endloop
  endfacet
  facet normal -0.831629 -0.555331 0
    outer loop
      vertex 100.561 36.5607 2.4
      vertex 100.886 36.074 0
      vertex 100.886 36.074 2.4
    endloop
  endfacet
  facet normal -0.980843 -0.194802 0
    outer loop
      vertex 101 35.5 0
      vertex 100.886 36.074 2.4
      vertex 100.886 36.074 0
    endloop
  endfacet
  facet normal -0.980843 -0.194802 0
    outer loop
      vertex 100.886 36.074 2.4
      vertex 101 35.5 0
      vertex 101 35.5 2.4
    endloop
  endfacet
  facet normal -0.555212 -0.831709 0
    outer loop
      vertex 100.074 36.8858 0
      vertex 100.561 36.5607 2.4
      vertex 100.074 36.8858 2.4
    endloop
  endfacet
  facet normal -0.555212 -0.831709 -0
    outer loop
      vertex 100.561 36.5607 2.4
      vertex 100.074 36.8858 0
      vertex 100.561 36.5607 0
    endloop
  endfacet
  facet normal 0.980777 0.19513 0
    outer loop
      vertex 98.1142 34.926 2.4
      vertex 98 35.5 0
      vertex 98 35.5 2.4
    endloop
  endfacet
  facet normal 0.980777 0.19513 0
    outer loop
      vertex 98 35.5 0
      vertex 98.1142 34.926 2.4
      vertex 98.1142 34.926 0
    endloop
  endfacet
  facet normal -0.555212 0.831709 0
    outer loop
      vertex 100.561 34.4393 0
      vertex 100.074 34.1142 2.4
      vertex 100.561 34.4393 2.4
    endloop
  endfacet
  facet normal -0.555212 0.831709 0
    outer loop
      vertex 100.074 34.1142 2.4
      vertex 100.561 34.4393 0
      vertex 100.074 34.1142 0
    endloop
  endfacet
  facet normal 0.831551 -0.555449 0
    outer loop
      vertex 98.1142 36.074 2.4
      vertex 98.4393 36.5607 0
      vertex 98.4393 36.5607 2.4
    endloop
  endfacet
  facet normal 0.831551 -0.555449 0
    outer loop
      vertex 98.4393 36.5607 0
      vertex 98.1142 36.074 2.4
      vertex 98.1142 36.074 0
    endloop
  endfacet
  facet normal 0.19513 -0.980777 0
    outer loop
      vertex 98.926 36.8858 0
      vertex 99.5 37 2.4
      vertex 98.926 36.8858 2.4
    endloop
  endfacet
  facet normal 0.19513 -0.980777 0
    outer loop
      vertex 99.5 37 2.4
      vertex 98.926 36.8858 0
      vertex 99.5 37 0
    endloop
  endfacet
  facet normal 0.555449 -0.831551 0
    outer loop
      vertex 98.4393 36.5607 0
      vertex 98.926 36.8858 2.4
      vertex 98.4393 36.5607 2.4
    endloop
  endfacet
  facet normal 0.555449 -0.831551 0
    outer loop
      vertex 98.926 36.8858 2.4
      vertex 98.4393 36.5607 0
      vertex 98.926 36.8858 0
    endloop
  endfacet
  facet normal -0.980843 0.194802 0
    outer loop
      vertex 100.886 34.926 0
      vertex 101 35.5 2.4
      vertex 101 35.5 0
    endloop
  endfacet
  facet normal -0.980843 0.194802 0
    outer loop
      vertex 101 35.5 2.4
      vertex 100.886 34.926 0
      vertex 100.886 34.926 2.4
    endloop
  endfacet
  facet normal 0.980777 -0.19513 0
    outer loop
      vertex 98 35.5 2.4
      vertex 98.1142 36.074 0
      vertex 98.1142 36.074 2.4
    endloop
  endfacet
  facet normal 0.980777 -0.19513 0
    outer loop
      vertex 98.1142 36.074 0
      vertex 98 35.5 2.4
      vertex 98 35.5 0
    endloop
  endfacet
  facet normal 0.831551 0.555449 0
    outer loop
      vertex 98.4393 34.4393 2.4
      vertex 98.1142 34.926 0
      vertex 98.1142 34.926 2.4
    endloop
  endfacet
  facet normal 0.831551 0.555449 0
    outer loop
      vertex 98.1142 34.926 0
      vertex 98.4393 34.4393 2.4
      vertex 98.4393 34.4393 0
    endloop
  endfacet
  facet normal -0.19513 -0.980777 0
    outer loop
      vertex 99.5 37 0
      vertex 100.074 36.8858 2.4
      vertex 99.5 37 2.4
    endloop
  endfacet
  facet normal -0.19513 -0.980777 -0
    outer loop
      vertex 100.074 36.8858 2.4
      vertex 99.5 37 0
      vertex 100.074 36.8858 0
    endloop
  endfacet
  facet normal -0.19513 0.980777 0
    outer loop
      vertex 100.074 34.1142 0
      vertex 99.5 34 2.4
      vertex 100.074 34.1142 2.4
    endloop
  endfacet
  facet normal -0.19513 0.980777 0
    outer loop
      vertex 99.5 34 2.4
      vertex 100.074 34.1142 0
      vertex 99.5 34 0
    endloop
  endfacet
  facet normal 0.555449 0.831551 -0
    outer loop
      vertex 98.926 34.1142 0
      vertex 98.4393 34.4393 2.4
      vertex 98.926 34.1142 2.4
    endloop
  endfacet
  facet normal 0.555449 0.831551 0
    outer loop
      vertex 98.4393 34.4393 2.4
      vertex 98.926 34.1142 0
      vertex 98.4393 34.4393 0
    endloop
  endfacet
  facet normal 0.19513 0.980777 -0
    outer loop
      vertex 99.5 41 0
      vertex 98.926 41.1142 2.4
      vertex 99.5 41 2.4
    endloop
  endfacet
  facet normal 0.19513 0.980777 0
    outer loop
      vertex 98.926 41.1142 2.4
      vertex 99.5 41 0
      vertex 98.926 41.1142 0
    endloop
  endfacet
  facet normal -0.831629 0.555331 0
    outer loop
      vertex 100.561 41.4393 0
      vertex 100.886 41.926 2.4
      vertex 100.886 41.926 0
    endloop
  endfacet
  facet normal -0.831629 0.555331 0
    outer loop
      vertex 100.886 41.926 2.4
      vertex 100.561 41.4393 0
      vertex 100.561 41.4393 2.4
    endloop
  endfacet
  facet normal -0.831629 -0.555331 0
    outer loop
      vertex 100.886 43.074 0
      vertex 100.561 43.5607 2.4
      vertex 100.561 43.5607 0
    endloop
  endfacet
  facet normal -0.831629 -0.555331 0
    outer loop
      vertex 100.561 43.5607 2.4
      vertex 100.886 43.074 0
      vertex 100.886 43.074 2.4
    endloop
  endfacet
  facet normal -0.980843 -0.194802 0
    outer loop
      vertex 101 42.5 0
      vertex 100.886 43.074 2.4
      vertex 100.886 43.074 0
    endloop
  endfacet
  facet normal -0.980843 -0.194802 0
    outer loop
      vertex 100.886 43.074 2.4
      vertex 101 42.5 0
      vertex 101 42.5 2.4
    endloop
  endfacet
  facet normal -0.555212 -0.831709 0
    outer loop
      vertex 100.074 43.8858 0
      vertex 100.561 43.5607 2.4
      vertex 100.074 43.8858 2.4
    endloop
  endfacet
  facet normal -0.555212 -0.831709 -0
    outer loop
      vertex 100.561 43.5607 2.4
      vertex 100.074 43.8858 0
      vertex 100.561 43.5607 0
    endloop
  endfacet
  facet normal -0.19513 -0.980777 0
    outer loop
      vertex 99.5 44 0
      vertex 100.074 43.8858 2.4
      vertex 99.5 44 2.4
    endloop
  endfacet
  facet normal -0.19513 -0.980777 -0
    outer loop
      vertex 100.074 43.8858 2.4
      vertex 99.5 44 0
      vertex 100.074 43.8858 0
    endloop
  endfacet
  facet normal 0.980777 0.19513 0
    outer loop
      vertex 98.1142 41.926 2.4
      vertex 98 42.5 0
      vertex 98 42.5 2.4
    endloop
  endfacet
  facet normal 0.980777 0.19513 0
    outer loop
      vertex 98 42.5 0
      vertex 98.1142 41.926 2.4
      vertex 98.1142 41.926 0
    endloop
  endfacet
  facet normal -0.555212 0.831709 0
    outer loop
      vertex 100.561 41.4393 0
      vertex 100.074 41.1142 2.4
      vertex 100.561 41.4393 2.4
    endloop
  endfacet
  facet normal -0.555212 0.831709 0
    outer loop
      vertex 100.074 41.1142 2.4
      vertex 100.561 41.4393 0
      vertex 100.074 41.1142 0
    endloop
  endfacet
  facet normal 0.831551 -0.555449 0
    outer loop
      vertex 98.1142 43.074 2.4
      vertex 98.4393 43.5607 0
      vertex 98.4393 43.5607 2.4
    endloop
  endfacet
  facet normal 0.831551 -0.555449 0
    outer loop
      vertex 98.4393 43.5607 0
      vertex 98.1142 43.074 2.4
      vertex 98.1142 43.074 0
    endloop
  endfacet
  facet normal -0.19513 0.980777 0
    outer loop
      vertex 100.074 41.1142 0
      vertex 99.5 41 2.4
      vertex 100.074 41.1142 2.4
    endloop
  endfacet
  facet normal -0.19513 0.980777 0
    outer loop
      vertex 99.5 41 2.4
      vertex 100.074 41.1142 0
      vertex 99.5 41 0
    endloop
  endfacet
  facet normal 0.19513 -0.980777 0
    outer loop
      vertex 98.926 43.8858 0
      vertex 99.5 44 2.4
      vertex 98.926 43.8858 2.4
    endloop
  endfacet
  facet normal 0.19513 -0.980777 0
    outer loop
      vertex 99.5 44 2.4
      vertex 98.926 43.8858 0
      vertex 99.5 44 0
    endloop
  endfacet
  facet normal 0.555449 -0.831551 0
    outer loop
      vertex 98.4393 43.5607 0
      vertex 98.926 43.8858 2.4
      vertex 98.4393 43.5607 2.4
    endloop
  endfacet
  facet normal 0.555449 -0.831551 0
    outer loop
      vertex 98.926 43.8858 2.4
      vertex 98.4393 43.5607 0
      vertex 98.926 43.8858 0
    endloop
  endfacet
  facet normal -0.980843 0.194802 0
    outer loop
      vertex 100.886 41.926 0
      vertex 101 42.5 2.4
      vertex 101 42.5 0
    endloop
  endfacet
  facet normal -0.980843 0.194802 0
    outer loop
      vertex 101 42.5 2.4
      vertex 100.886 41.926 0
      vertex 100.886 41.926 2.4
    endloop
  endfacet
  facet normal 0.980777 -0.19513 0
    outer loop
      vertex 98 42.5 2.4
      vertex 98.1142 43.074 0
      vertex 98.1142 43.074 2.4
    endloop
  endfacet
  facet normal 0.980777 -0.19513 0
    outer loop
      vertex 98.1142 43.074 0
      vertex 98 42.5 2.4
      vertex 98 42.5 0
    endloop
  endfacet
  facet normal 0.831551 0.555449 0
    outer loop
      vertex 98.4393 41.4393 2.4
      vertex 98.1142 41.926 0
      vertex 98.1142 41.926 2.4
    endloop
  endfacet
  facet normal 0.831551 0.555449 0
    outer loop
      vertex 98.1142 41.926 0
      vertex 98.4393 41.4393 2.4
      vertex 98.4393 41.4393 0
    endloop
  endfacet
  facet normal 0.555449 0.831551 -0
    outer loop
      vertex 98.926 41.1142 0
      vertex 98.4393 41.4393 2.4
      vertex 98.926 41.1142 2.4
    endloop
  endfacet
  facet normal 0.555449 0.831551 0
    outer loop
      vertex 98.4393 41.4393 2.4
      vertex 98.926 41.1142 0
      vertex 98.4393 41.4393 0
    endloop
  endfacet
  facet normal 0.19513 0.980777 -0
    outer loop
      vertex 99.5 48 0
      vertex 98.926 48.1142 2.4
      vertex 99.5 48 2.4
    endloop
  endfacet
  facet normal 0.19513 0.980777 0
    outer loop
      vertex 98.926 48.1142 2.4
      vertex 99.5 48 0
      vertex 98.926 48.1142 0
    endloop
  endfacet
  facet normal -0.831629 0.555331 0
    outer loop
      vertex 100.561 48.4393 0
      vertex 100.886 48.926 2.4
      vertex 100.886 48.926 0
    endloop
  endfacet
  facet normal -0.831629 0.555331 0
    outer loop
      vertex 100.886 48.926 2.4
      vertex 100.561 48.4393 0
      vertex 100.561 48.4393 2.4
    endloop
  endfacet
  facet normal -0.831629 -0.555331 0
    outer loop
      vertex 100.886 50.074 0
      vertex 100.561 50.5607 2.4
      vertex 100.561 50.5607 0
    endloop
  endfacet
  facet normal -0.831629 -0.555331 0
    outer loop
      vertex 100.561 50.5607 2.4
      vertex 100.886 50.074 0
      vertex 100.886 50.074 2.4
    endloop
  endfacet
  facet normal -0.980843 -0.194802 0
    outer loop
      vertex 101 49.5 0
      vertex 100.886 50.074 2.4
      vertex 100.886 50.074 0
    endloop
  endfacet
  facet normal -0.980843 -0.194802 0
    outer loop
      vertex 100.886 50.074 2.4
      vertex 101 49.5 0
      vertex 101 49.5 2.4
    endloop
  endfacet
  facet normal -0.555212 -0.831709 0
    outer loop
      vertex 100.074 50.8858 0
      vertex 100.561 50.5607 2.4
      vertex 100.074 50.8858 2.4
    endloop
  endfacet
  facet normal -0.555212 -0.831709 -0
    outer loop
      vertex 100.561 50.5607 2.4
      vertex 100.074 50.8858 0
      vertex 100.561 50.5607 0
    endloop
  endfacet
  facet normal -0.19513 -0.980777 0
    outer loop
      vertex 99.5 51 0
      vertex 100.074 50.8858 2.4
      vertex 99.5 51 2.4
    endloop
  endfacet
  facet normal -0.19513 -0.980777 -0
    outer loop
      vertex 100.074 50.8858 2.4
      vertex 99.5 51 0
      vertex 100.074 50.8858 0
    endloop
  endfacet
  facet normal 0.980777 0.19513 0
    outer loop
      vertex 98.1142 48.926 2.4
      vertex 98 49.5 0
      vertex 98 49.5 2.4
    endloop
  endfacet
  facet normal 0.980777 0.19513 0
    outer loop
      vertex 98 49.5 0
      vertex 98.1142 48.926 2.4
      vertex 98.1142 48.926 0
    endloop
  endfacet
  facet normal -0.555212 0.831709 0
    outer loop
      vertex 100.561 48.4393 0
      vertex 100.074 48.1142 2.4
      vertex 100.561 48.4393 2.4
    endloop
  endfacet
  facet normal -0.555212 0.831709 0
    outer loop
      vertex 100.074 48.1142 2.4
      vertex 100.561 48.4393 0
      vertex 100.074 48.1142 0
    endloop
  endfacet
  facet normal 0.831551 -0.555449 0
    outer loop
      vertex 98.1142 50.074 2.4
      vertex 98.4393 50.5607 0
      vertex 98.4393 50.5607 2.4
    endloop
  endfacet
  facet normal 0.831551 -0.555449 0
    outer loop
      vertex 98.4393 50.5607 0
      vertex 98.1142 50.074 2.4
      vertex 98.1142 50.074 0
    endloop
  endfacet
  facet normal 0.19513 -0.980777 0
    outer loop
      vertex 98.926 50.8858 0
      vertex 99.5 51 2.4
      vertex 98.926 50.8858 2.4
    endloop
  endfacet
  facet normal 0.19513 -0.980777 0
    outer loop
      vertex 99.5 51 2.4
      vertex 98.926 50.8858 0
      vertex 99.5 51 0
    endloop
  endfacet
  facet normal 0.555449 -0.831551 0
    outer loop
      vertex 98.4393 50.5607 0
      vertex 98.926 50.8858 2.4
      vertex 98.4393 50.5607 2.4
    endloop
  endfacet
  facet normal 0.555449 -0.831551 0
    outer loop
      vertex 98.926 50.8858 2.4
      vertex 98.4393 50.5607 0
      vertex 98.926 50.8858 0
    endloop
  endfacet
  facet normal -0.980843 0.194802 0
    outer loop
      vertex 100.886 48.926 0
      vertex 101 49.5 2.4
      vertex 101 49.5 0
    endloop
  endfacet
  facet normal -0.980843 0.194802 0
    outer loop
      vertex 101 49.5 2.4
      vertex 100.886 48.926 0
      vertex 100.886 48.926 2.4
    endloop
  endfacet
  facet normal 0.980777 -0.19513 0
    outer loop
      vertex 98 49.5 2.4
      vertex 98.1142 50.074 0
      vertex 98.1142 50.074 2.4
    endloop
  endfacet
  facet normal 0.980777 -0.19513 0
    outer loop
      vertex 98.1142 50.074 0
      vertex 98 49.5 2.4
      vertex 98 49.5 0
    endloop
  endfacet
  facet normal 0.831551 0.555449 0
    outer loop
      vertex 98.4393 48.4393 2.4
      vertex 98.1142 48.926 0
      vertex 98.1142 48.926 2.4
    endloop
  endfacet
  facet normal 0.831551 0.555449 0
    outer loop
      vertex 98.1142 48.926 0
      vertex 98.4393 48.4393 2.4
      vertex 98.4393 48.4393 0
    endloop
  endfacet
  facet normal -0.19513 0.980777 0
    outer loop
      vertex 100.074 48.1142 0
      vertex 99.5 48 2.4
      vertex 100.074 48.1142 2.4
    endloop
  endfacet
  facet normal -0.19513 0.980777 0
    outer loop
      vertex 99.5 48 2.4
      vertex 100.074 48.1142 0
      vertex 99.5 48 0
    endloop
  endfacet
  facet normal 0.555449 0.831551 -0
    outer loop
      vertex 98.926 48.1142 0
      vertex 98.4393 48.4393 2.4
      vertex 98.926 48.1142 2.4
    endloop
  endfacet
  facet normal 0.555449 0.831551 0
    outer loop
      vertex 98.4393 48.4393 2.4
      vertex 98.926 48.1142 0
      vertex 98.4393 48.4393 0
    endloop
  endfacet
  facet normal 0.19513 0.980777 -0
    outer loop
      vertex 99.5 55 0
      vertex 98.926 55.1142 2.4
      vertex 99.5 55 2.4
    endloop
  endfacet
  facet normal 0.19513 0.980777 0
    outer loop
      vertex 98.926 55.1142 2.4
      vertex 99.5 55 0
      vertex 98.926 55.1142 0
    endloop
  endfacet
  facet normal -0.831629 0.555331 0
    outer loop
      vertex 100.561 55.4393 0
      vertex 100.886 55.926 2.4
      vertex 100.886 55.926 0
    endloop
  endfacet
  facet normal -0.831629 0.555331 0
    outer loop
      vertex 100.886 55.926 2.4
      vertex 100.561 55.4393 0
      vertex 100.561 55.4393 2.4
    endloop
  endfacet
  facet normal -0.831629 -0.555331 0
    outer loop
      vertex 100.886 57.074 0
      vertex 100.561 57.5607 2.4
      vertex 100.561 57.5607 0
    endloop
  endfacet
  facet normal -0.831629 -0.555331 0
    outer loop
      vertex 100.561 57.5607 2.4
      vertex 100.886 57.074 0
      vertex 100.886 57.074 2.4
    endloop
  endfacet
  facet normal -0.980843 -0.194802 0
    outer loop
      vertex 101 56.5 0
      vertex 100.886 57.074 2.4
      vertex 100.886 57.074 0
    endloop
  endfacet
  facet normal -0.980843 -0.194802 0
    outer loop
      vertex 100.886 57.074 2.4
      vertex 101 56.5 0
      vertex 101 56.5 2.4
    endloop
  endfacet
  facet normal -0.555212 -0.831709 0
    outer loop
      vertex 100.074 57.8858 0
      vertex 100.561 57.5607 2.4
      vertex 100.074 57.8858 2.4
    endloop
  endfacet
  facet normal -0.555212 -0.831709 -0
    outer loop
      vertex 100.561 57.5607 2.4
      vertex 100.074 57.8858 0
      vertex 100.561 57.5607 0
    endloop
  endfacet
  facet normal -0.19513 -0.980777 0
    outer loop
      vertex 99.5 58 0
      vertex 100.074 57.8858 2.4
      vertex 99.5 58 2.4
    endloop
  endfacet
  facet normal -0.19513 -0.980777 -0
    outer loop
      vertex 100.074 57.8858 2.4
      vertex 99.5 58 0
      vertex 100.074 57.8858 0
    endloop
  endfacet
  facet normal 0.980777 0.19513 0
    outer loop
      vertex 98.1142 55.926 2.4
      vertex 98 56.5 0
      vertex 98 56.5 2.4
    endloop
  endfacet
  facet normal 0.980777 0.19513 0
    outer loop
      vertex 98 56.5 0
      vertex 98.1142 55.926 2.4
      vertex 98.1142 55.926 0
    endloop
  endfacet
  facet normal -0.555212 0.831709 0
    outer loop
      vertex 100.561 55.4393 0
      vertex 100.074 55.1142 2.4
      vertex 100.561 55.4393 2.4
    endloop
  endfacet
  facet normal -0.555212 0.831709 0
    outer loop
      vertex 100.074 55.1142 2.4
      vertex 100.561 55.4393 0
      vertex 100.074 55.1142 0
    endloop
  endfacet
  facet normal 0.831551 -0.555449 0
    outer loop
      vertex 98.1142 57.074 2.4
      vertex 98.4393 57.5607 0
      vertex 98.4393 57.5607 2.4
    endloop
  endfacet
  facet normal 0.831551 -0.555449 0
    outer loop
      vertex 98.4393 57.5607 0
      vertex 98.1142 57.074 2.4
      vertex 98.1142 57.074 0
    endloop
  endfacet
  facet normal -0.19513 0.980777 0
    outer loop
      vertex 100.074 55.1142 0
      vertex 99.5 55 2.4
      vertex 100.074 55.1142 2.4
    endloop
  endfacet
  facet normal -0.19513 0.980777 0
    outer loop
      vertex 99.5 55 2.4
      vertex 100.074 55.1142 0
      vertex 99.5 55 0
    endloop
  endfacet
  facet normal 0.19513 -0.980777 0
    outer loop
      vertex 98.926 57.8858 0
      vertex 99.5 58 2.4
      vertex 98.926 57.8858 2.4
    endloop
  endfacet
  facet normal 0.19513 -0.980777 0
    outer loop
      vertex 99.5 58 2.4
      vertex 98.926 57.8858 0
      vertex 99.5 58 0
    endloop
  endfacet
  facet normal 0.555449 -0.831551 0
    outer loop
      vertex 98.4393 57.5607 0
      vertex 98.926 57.8858 2.4
      vertex 98.4393 57.5607 2.4
    endloop
  endfacet
  facet normal 0.555449 -0.831551 0
    outer loop
      vertex 98.926 57.8858 2.4
      vertex 98.4393 57.5607 0
      vertex 98.926 57.8858 0
    endloop
  endfacet
  facet normal -0.980843 0.194802 0
    outer loop
      vertex 100.886 55.926 0
      vertex 101 56.5 2.4
      vertex 101 56.5 0
    endloop
  endfacet
  facet normal -0.980843 0.194802 0
    outer loop
      vertex 101 56.5 2.4
      vertex 100.886 55.926 0
      vertex 100.886 55.926 2.4
    endloop
  endfacet
  facet normal 0.980777 -0.19513 0
    outer loop
      vertex 98 56.5 2.4
      vertex 98.1142 57.074 0
      vertex 98.1142 57.074 2.4
    endloop
  endfacet
  facet normal 0.980777 -0.19513 0
    outer loop
      vertex 98.1142 57.074 0
      vertex 98 56.5 2.4
      vertex 98 56.5 0
    endloop
  endfacet
  facet normal 0.831551 0.555449 0
    outer loop
      vertex 98.4393 55.4393 2.4
      vertex 98.1142 55.926 0
      vertex 98.1142 55.926 2.4
    endloop
  endfacet
  facet normal 0.831551 0.555449 0
    outer loop
      vertex 98.1142 55.926 0
      vertex 98.4393 55.4393 2.4
      vertex 98.4393 55.4393 0
    endloop
  endfacet
  facet normal 0.555449 0.831551 -0
    outer loop
      vertex 98.926 55.1142 0
      vertex 98.4393 55.4393 2.4
      vertex 98.926 55.1142 2.4
    endloop
  endfacet
  facet normal 0.555449 0.831551 0
    outer loop
      vertex 98.4393 55.4393 2.4
      vertex 98.926 55.1142 0
      vertex 98.4393 55.4393 0
    endloop
  endfacet
  facet normal 0.19513 0.980777 -0
    outer loop
      vertex 99.5 62 0
      vertex 98.926 62.1142 2.4
      vertex 99.5 62 2.4
    endloop
  endfacet
  facet normal 0.19513 0.980777 0
    outer loop
      vertex 98.926 62.1142 2.4
      vertex 99.5 62 0
      vertex 98.926 62.1142 0
    endloop
  endfacet
  facet normal -0.831629 0.555331 0
    outer loop
      vertex 100.561 62.4393 0
      vertex 100.886 62.926 2.4
      vertex 100.886 62.926 0
    endloop
  endfacet
  facet normal -0.831629 0.555331 0
    outer loop
      vertex 100.886 62.926 2.4
      vertex 100.561 62.4393 0
      vertex 100.561 62.4393 2.4
    endloop
  endfacet
  facet normal -0.831629 -0.555331 0
    outer loop
      vertex 100.886 64.074 0
      vertex 100.561 64.5607 2.4
      vertex 100.561 64.5607 0
    endloop
  endfacet
  facet normal -0.831629 -0.555331 0
    outer loop
      vertex 100.561 64.5607 2.4
      vertex 100.886 64.074 0
      vertex 100.886 64.074 2.4
    endloop
  endfacet
  facet normal -0.980843 -0.194802 0
    outer loop
      vertex 101 63.5 0
      vertex 100.886 64.074 2.4
      vertex 100.886 64.074 0
    endloop
  endfacet
  facet normal -0.980843 -0.194802 0
    outer loop
      vertex 100.886 64.074 2.4
      vertex 101 63.5 0
      vertex 101 63.5 2.4
    endloop
  endfacet
  facet normal -0.555212 -0.831709 0
    outer loop
      vertex 100.074 64.8858 0
      vertex 100.561 64.5607 2.4
      vertex 100.074 64.8858 2.4
    endloop
  endfacet
  facet normal -0.555212 -0.831709 -0
    outer loop
      vertex 100.561 64.5607 2.4
      vertex 100.074 64.8858 0
      vertex 100.561 64.5607 0
    endloop
  endfacet
  facet normal -0.19513 -0.980777 0
    outer loop
      vertex 99.5 65 0
      vertex 100.074 64.8858 2.4
      vertex 99.5 65 2.4
    endloop
  endfacet
  facet normal -0.19513 -0.980777 -0
    outer loop
      vertex 100.074 64.8858 2.4
      vertex 99.5 65 0
      vertex 100.074 64.8858 0
    endloop
  endfacet
  facet normal 0.980777 0.19513 0
    outer loop
      vertex 98.1142 62.926 2.4
      vertex 98 63.5 0
      vertex 98 63.5 2.4
    endloop
  endfacet
  facet normal 0.980777 0.19513 0
    outer loop
      vertex 98 63.5 0
      vertex 98.1142 62.926 2.4
      vertex 98.1142 62.926 0
    endloop
  endfacet
  facet normal -0.555212 0.831709 0
    outer loop
      vertex 100.561 62.4393 0
      vertex 100.074 62.1142 2.4
      vertex 100.561 62.4393 2.4
    endloop
  endfacet
  facet normal -0.555212 0.831709 0
    outer loop
      vertex 100.074 62.1142 2.4
      vertex 100.561 62.4393 0
      vertex 100.074 62.1142 0
    endloop
  endfacet
  facet normal 0.831551 -0.555449 0
    outer loop
      vertex 98.1142 64.074 2.4
      vertex 98.4393 64.5607 0
      vertex 98.4393 64.5607 2.4
    endloop
  endfacet
  facet normal 0.831551 -0.555449 0
    outer loop
      vertex 98.4393 64.5607 0
      vertex 98.1142 64.074 2.4
      vertex 98.1142 64.074 0
    endloop
  endfacet
  facet normal 0.19513 -0.980777 0
    outer loop
      vertex 98.926 64.8858 0
      vertex 99.5 65 2.4
      vertex 98.926 64.8858 2.4
    endloop
  endfacet
  facet normal 0.19513 -0.980777 0
    outer loop
      vertex 99.5 65 2.4
      vertex 98.926 64.8858 0
      vertex 99.5 65 0
    endloop
  endfacet
  facet normal 0.555449 -0.831551 0
    outer loop
      vertex 98.4393 64.5607 0
      vertex 98.926 64.8858 2.4
      vertex 98.4393 64.5607 2.4
    endloop
  endfacet
  facet normal 0.555449 -0.831551 0
    outer loop
      vertex 98.926 64.8858 2.4
      vertex 98.4393 64.5607 0
      vertex 98.926 64.8858 0
    endloop
  endfacet
  facet normal -0.980843 0.194802 0
    outer loop
      vertex 100.886 62.926 0
      vertex 101 63.5 2.4
      vertex 101 63.5 0
    endloop
  endfacet
  facet normal -0.980843 0.194802 0
    outer loop
      vertex 101 63.5 2.4
      vertex 100.886 62.926 0
      vertex 100.886 62.926 2.4
    endloop
  endfacet
  facet normal 0.980777 -0.19513 0
    outer loop
      vertex 98 63.5 2.4
      vertex 98.1142 64.074 0
      vertex 98.1142 64.074 2.4
    endloop
  endfacet
  facet normal 0.980777 -0.19513 0
    outer loop
      vertex 98.1142 64.074 0
      vertex 98 63.5 2.4
      vertex 98 63.5 0
    endloop
  endfacet
  facet normal 0.831551 0.555449 0
    outer loop
      vertex 98.4393 62.4393 2.4
      vertex 98.1142 62.926 0
      vertex 98.1142 62.926 2.4
    endloop
  endfacet
  facet normal 0.831551 0.555449 0
    outer loop
      vertex 98.1142 62.926 0
      vertex 98.4393 62.4393 2.4
      vertex 98.4393 62.4393 0
    endloop
  endfacet
  facet normal -0.19513 0.980777 0
    outer loop
      vertex 100.074 62.1142 0
      vertex 99.5 62 2.4
      vertex 100.074 62.1142 2.4
    endloop
  endfacet
  facet normal -0.19513 0.980777 0
    outer loop
      vertex 99.5 62 2.4
      vertex 100.074 62.1142 0
      vertex 99.5 62 0
    endloop
  endfacet
  facet normal 0.555449 0.831551 -0
    outer loop
      vertex 98.926 62.1142 0
      vertex 98.4393 62.4393 2.4
      vertex 98.926 62.1142 2.4
    endloop
  endfacet
  facet normal 0.555449 0.831551 0
    outer loop
      vertex 98.4393 62.4393 2.4
      vertex 98.926 62.1142 0
      vertex 98.4393 62.4393 0
    endloop
  endfacet
  facet normal 0.19513 0.980777 -0
    outer loop
      vertex 99.5 69 0
      vertex 98.926 69.1142 2.4
      vertex 99.5 69 2.4
    endloop
  endfacet
  facet normal 0.19513 0.980777 0
    outer loop
      vertex 98.926 69.1142 2.4
      vertex 99.5 69 0
      vertex 98.926 69.1142 0
    endloop
  endfacet
  facet normal -0.831629 0.555331 0
    outer loop
      vertex 100.561 69.4393 0
      vertex 100.886 69.926 2.4
      vertex 100.886 69.926 0
    endloop
  endfacet
  facet normal -0.831629 0.555331 0
    outer loop
      vertex 100.886 69.926 2.4
      vertex 100.561 69.4393 0
      vertex 100.561 69.4393 2.4
    endloop
  endfacet
  facet normal -0.831629 -0.555331 0
    outer loop
      vertex 100.886 71.074 0
      vertex 100.561 71.5607 2.4
      vertex 100.561 71.5607 0
    endloop
  endfacet
  facet normal -0.831629 -0.555331 0
    outer loop
      vertex 100.561 71.5607 2.4
      vertex 100.886 71.074 0
      vertex 100.886 71.074 2.4
    endloop
  endfacet
  facet normal -0.980843 -0.194802 0
    outer loop
      vertex 101 70.5 0
      vertex 100.886 71.074 2.4
      vertex 100.886 71.074 0
    endloop
  endfacet
  facet normal -0.980843 -0.194802 0
    outer loop
      vertex 100.886 71.074 2.4
      vertex 101 70.5 0
      vertex 101 70.5 2.4
    endloop
  endfacet
  facet normal -0.555212 -0.831709 0
    outer loop
      vertex 100.074 71.8858 0
      vertex 100.561 71.5607 2.4
      vertex 100.074 71.8858 2.4
    endloop
  endfacet
  facet normal -0.555212 -0.831709 -0
    outer loop
      vertex 100.561 71.5607 2.4
      vertex 100.074 71.8858 0
      vertex 100.561 71.5607 0
    endloop
  endfacet
  facet normal -0.19513 -0.980777 0
    outer loop
      vertex 99.5 72 0
      vertex 100.074 71.8858 2.4
      vertex 99.5 72 2.4
    endloop
  endfacet
  facet normal -0.19513 -0.980777 -0
    outer loop
      vertex 100.074 71.8858 2.4
      vertex 99.5 72 0
      vertex 100.074 71.8858 0
    endloop
  endfacet
  facet normal 0.980777 0.19513 0
    outer loop
      vertex 98.1142 69.926 2.4
      vertex 98 70.5 0
      vertex 98 70.5 2.4
    endloop
  endfacet
  facet normal 0.980777 0.19513 0
    outer loop
      vertex 98 70.5 0
      vertex 98.1142 69.926 2.4
      vertex 98.1142 69.926 0
    endloop
  endfacet
  facet normal -0.555212 0.831709 0
    outer loop
      vertex 100.561 69.4393 0
      vertex 100.074 69.1142 2.4
      vertex 100.561 69.4393 2.4
    endloop
  endfacet
  facet normal -0.555212 0.831709 0
    outer loop
      vertex 100.074 69.1142 2.4
      vertex 100.561 69.4393 0
      vertex 100.074 69.1142 0
    endloop
  endfacet
  facet normal 0.831551 -0.555449 0
    outer loop
      vertex 98.1142 71.074 2.4
      vertex 98.4393 71.5607 0
      vertex 98.4393 71.5607 2.4
    endloop
  endfacet
  facet normal 0.831551 -0.555449 0
    outer loop
      vertex 98.4393 71.5607 0
      vertex 98.1142 71.074 2.4
      vertex 98.1142 71.074 0
    endloop
  endfacet
  facet normal 0.19513 -0.980777 0
    outer loop
      vertex 98.926 71.8858 0
      vertex 99.5 72 2.4
      vertex 98.926 71.8858 2.4
    endloop
  endfacet
  facet normal 0.19513 -0.980777 0
    outer loop
      vertex 99.5 72 2.4
      vertex 98.926 71.8858 0
      vertex 99.5 72 0
    endloop
  endfacet
  facet normal 0.555449 -0.831551 0
    outer loop
      vertex 98.4393 71.5607 0
      vertex 98.926 71.8858 2.4
      vertex 98.4393 71.5607 2.4
    endloop
  endfacet
  facet normal 0.555449 -0.831551 0
    outer loop
      vertex 98.926 71.8858 2.4
      vertex 98.4393 71.5607 0
      vertex 98.926 71.8858 0
    endloop
  endfacet
  facet normal -0.980843 0.194802 0
    outer loop
      vertex 100.886 69.926 0
      vertex 101 70.5 2.4
      vertex 101 70.5 0
    endloop
  endfacet
  facet normal -0.980843 0.194802 0
    outer loop
      vertex 101 70.5 2.4
      vertex 100.886 69.926 0
      vertex 100.886 69.926 2.4
    endloop
  endfacet
  facet normal 0.980777 -0.19513 0
    outer loop
      vertex 98 70.5 2.4
      vertex 98.1142 71.074 0
      vertex 98.1142 71.074 2.4
    endloop
  endfacet
  facet normal 0.980777 -0.19513 0
    outer loop
      vertex 98.1142 71.074 0
      vertex 98 70.5 2.4
      vertex 98 70.5 0
    endloop
  endfacet
  facet normal 0.831551 0.555449 0
    outer loop
      vertex 98.4393 69.4393 2.4
      vertex 98.1142 69.926 0
      vertex 98.1142 69.926 2.4
    endloop
  endfacet
  facet normal 0.831551 0.555449 0
    outer loop
      vertex 98.1142 69.926 0
      vertex 98.4393 69.4393 2.4
      vertex 98.4393 69.4393 0
    endloop
  endfacet
  facet normal -0.19513 0.980777 0
    outer loop
      vertex 100.074 69.1142 0
      vertex 99.5 69 2.4
      vertex 100.074 69.1142 2.4
    endloop
  endfacet
  facet normal -0.19513 0.980777 0
    outer loop
      vertex 99.5 69 2.4
      vertex 100.074 69.1142 0
      vertex 99.5 69 0
    endloop
  endfacet
  facet normal 0.555449 0.831551 -0
    outer loop
      vertex 98.926 69.1142 0
      vertex 98.4393 69.4393 2.4
      vertex 98.926 69.1142 2.4
    endloop
  endfacet
  facet normal 0.555449 0.831551 0
    outer loop
      vertex 98.4393 69.4393 2.4
      vertex 98.926 69.1142 0
      vertex 98.4393 69.4393 0
    endloop
  endfacet
  facet normal 0.19513 0.980777 -0
    outer loop
      vertex 106.5 34 0
      vertex 105.926 34.1142 2.4
      vertex 106.5 34 2.4
    endloop
  endfacet
  facet normal 0.19513 0.980777 0
    outer loop
      vertex 105.926 34.1142 2.4
      vertex 106.5 34 0
      vertex 105.926 34.1142 0
    endloop
  endfacet
  facet normal -0.831629 0.555331 0
    outer loop
      vertex 107.561 34.4393 0
      vertex 107.886 34.926 2.4
      vertex 107.886 34.926 0
    endloop
  endfacet
  facet normal -0.831629 0.555331 0
    outer loop
      vertex 107.886 34.926 2.4
      vertex 107.561 34.4393 0
      vertex 107.561 34.4393 2.4
    endloop
  endfacet
  facet normal -0.831629 -0.555331 0
    outer loop
      vertex 107.886 36.074 0
      vertex 107.561 36.5607 2.4
      vertex 107.561 36.5607 0
    endloop
  endfacet
  facet normal -0.831629 -0.555331 0
    outer loop
      vertex 107.561 36.5607 2.4
      vertex 107.886 36.074 0
      vertex 107.886 36.074 2.4
    endloop
  endfacet
  facet normal -0.980843 -0.194802 0
    outer loop
      vertex 108 35.5 0
      vertex 107.886 36.074 2.4
      vertex 107.886 36.074 0
    endloop
  endfacet
  facet normal -0.980843 -0.194802 0
    outer loop
      vertex 107.886 36.074 2.4
      vertex 108 35.5 0
      vertex 108 35.5 2.4
    endloop
  endfacet
  facet normal -0.555212 -0.831709 0
    outer loop
      vertex 107.074 36.8858 0
      vertex 107.561 36.5607 2.4
      vertex 107.074 36.8858 2.4
    endloop
  endfacet
  facet normal -0.555212 -0.831709 -0
    outer loop
      vertex 107.561 36.5607 2.4
      vertex 107.074 36.8858 0
      vertex 107.561 36.5607 0
    endloop
  endfacet
  facet normal 0.980843 0.194802 0
    outer loop
      vertex 105.114 34.926 2.4
      vertex 105 35.5 0
      vertex 105 35.5 2.4
    endloop
  endfacet
  facet normal 0.980843 0.194802 0
    outer loop
      vertex 105 35.5 0
      vertex 105.114 34.926 2.4
      vertex 105.114 34.926 0
    endloop
  endfacet
  facet normal -0.555212 0.831709 0
    outer loop
      vertex 107.561 34.4393 0
      vertex 107.074 34.1142 2.4
      vertex 107.561 34.4393 2.4
    endloop
  endfacet
  facet normal -0.555212 0.831709 0
    outer loop
      vertex 107.074 34.1142 2.4
      vertex 107.561 34.4393 0
      vertex 107.074 34.1142 0
    endloop
  endfacet
  facet normal 0.831629 -0.555331 0
    outer loop
      vertex 105.114 36.074 2.4
      vertex 105.439 36.5607 0
      vertex 105.439 36.5607 2.4
    endloop
  endfacet
  facet normal 0.831629 -0.555331 0
    outer loop
      vertex 105.439 36.5607 0
      vertex 105.114 36.074 2.4
      vertex 105.114 36.074 0
    endloop
  endfacet
  facet normal 0.19513 -0.980777 0
    outer loop
      vertex 105.926 36.8858 0
      vertex 106.5 37 2.4
      vertex 105.926 36.8858 2.4
    endloop
  endfacet
  facet normal 0.19513 -0.980777 0
    outer loop
      vertex 106.5 37 2.4
      vertex 105.926 36.8858 0
      vertex 106.5 37 0
    endloop
  endfacet
  facet normal 0.555212 -0.831709 0
    outer loop
      vertex 105.439 36.5607 0
      vertex 105.926 36.8858 2.4
      vertex 105.439 36.5607 2.4
    endloop
  endfacet
  facet normal 0.555212 -0.831709 0
    outer loop
      vertex 105.926 36.8858 2.4
      vertex 105.439 36.5607 0
      vertex 105.926 36.8858 0
    endloop
  endfacet
  facet normal -0.980843 0.194802 0
    outer loop
      vertex 107.886 34.926 0
      vertex 108 35.5 2.4
      vertex 108 35.5 0
    endloop
  endfacet
  facet normal -0.980843 0.194802 0
    outer loop
      vertex 108 35.5 2.4
      vertex 107.886 34.926 0
      vertex 107.886 34.926 2.4
    endloop
  endfacet
  facet normal 0.980843 -0.194802 0
    outer loop
      vertex 105 35.5 2.4
      vertex 105.114 36.074 0
      vertex 105.114 36.074 2.4
    endloop
  endfacet
  facet normal 0.980843 -0.194802 0
    outer loop
      vertex 105.114 36.074 0
      vertex 105 35.5 2.4
      vertex 105 35.5 0
    endloop
  endfacet
  facet normal 0.831629 0.555331 0
    outer loop
      vertex 105.439 34.4393 2.4
      vertex 105.114 34.926 0
      vertex 105.114 34.926 2.4
    endloop
  endfacet
  facet normal 0.831629 0.555331 0
    outer loop
      vertex 105.114 34.926 0
      vertex 105.439 34.4393 2.4
      vertex 105.439 34.4393 0
    endloop
  endfacet
  facet normal -0.19513 -0.980777 0
    outer loop
      vertex 106.5 37 0
      vertex 107.074 36.8858 2.4
      vertex 106.5 37 2.4
    endloop
  endfacet
  facet normal -0.19513 -0.980777 -0
    outer loop
      vertex 107.074 36.8858 2.4
      vertex 106.5 37 0
      vertex 107.074 36.8858 0
    endloop
  endfacet
  facet normal -0.19513 0.980777 0
    outer loop
      vertex 107.074 34.1142 0
      vertex 106.5 34 2.4
      vertex 107.074 34.1142 2.4
    endloop
  endfacet
  facet normal -0.19513 0.980777 0
    outer loop
      vertex 106.5 34 2.4
      vertex 107.074 34.1142 0
      vertex 106.5 34 0
    endloop
  endfacet
  facet normal 0.555212 0.831709 -0
    outer loop
      vertex 105.926 34.1142 0
      vertex 105.439 34.4393 2.4
      vertex 105.926 34.1142 2.4
    endloop
  endfacet
  facet normal 0.555212 0.831709 0
    outer loop
      vertex 105.439 34.4393 2.4
      vertex 105.926 34.1142 0
      vertex 105.439 34.4393 0
    endloop
  endfacet
  facet normal 0.19513 0.980777 -0
    outer loop
      vertex 106.5 41 0
      vertex 105.926 41.1142 2.4
      vertex 106.5 41 2.4
    endloop
  endfacet
  facet normal 0.19513 0.980777 0
    outer loop
      vertex 105.926 41.1142 2.4
      vertex 106.5 41 0
      vertex 105.926 41.1142 0
    endloop
  endfacet
  facet normal -0.831629 0.555331 0
    outer loop
      vertex 107.561 41.4393 0
      vertex 107.886 41.926 2.4
      vertex 107.886 41.926 0
    endloop
  endfacet
  facet normal -0.831629 0.555331 0
    outer loop
      vertex 107.886 41.926 2.4
      vertex 107.561 41.4393 0
      vertex 107.561 41.4393 2.4
    endloop
  endfacet
  facet normal -0.831629 -0.555331 0
    outer loop
      vertex 107.886 43.074 0
      vertex 107.561 43.5607 2.4
      vertex 107.561 43.5607 0
    endloop
  endfacet
  facet normal -0.831629 -0.555331 0
    outer loop
      vertex 107.561 43.5607 2.4
      vertex 107.886 43.074 0
      vertex 107.886 43.074 2.4
    endloop
  endfacet
  facet normal -0.980843 -0.194802 0
    outer loop
      vertex 108 42.5 0
      vertex 107.886 43.074 2.4
      vertex 107.886 43.074 0
    endloop
  endfacet
  facet normal -0.980843 -0.194802 0
    outer loop
      vertex 107.886 43.074 2.4
      vertex 108 42.5 0
      vertex 108 42.5 2.4
    endloop
  endfacet
  facet normal -0.555212 -0.831709 0
    outer loop
      vertex 107.074 43.8858 0
      vertex 107.561 43.5607 2.4
      vertex 107.074 43.8858 2.4
    endloop
  endfacet
  facet normal -0.555212 -0.831709 -0
    outer loop
      vertex 107.561 43.5607 2.4
      vertex 107.074 43.8858 0
      vertex 107.561 43.5607 0
    endloop
  endfacet
  facet normal 0.980843 0.194802 0
    outer loop
      vertex 105.114 41.926 2.4
      vertex 105 42.5 0
      vertex 105 42.5 2.4
    endloop
  endfacet
  facet normal 0.980843 0.194802 0
    outer loop
      vertex 105 42.5 0
      vertex 105.114 41.926 2.4
      vertex 105.114 41.926 0
    endloop
  endfacet
  facet normal -0.555212 0.831709 0
    outer loop
      vertex 107.561 41.4393 0
      vertex 107.074 41.1142 2.4
      vertex 107.561 41.4393 2.4
    endloop
  endfacet
  facet normal -0.555212 0.831709 0
    outer loop
      vertex 107.074 41.1142 2.4
      vertex 107.561 41.4393 0
      vertex 107.074 41.1142 0
    endloop
  endfacet
  facet normal 0.831629 -0.555331 0
    outer loop
      vertex 105.114 43.074 2.4
      vertex 105.439 43.5607 0
      vertex 105.439 43.5607 2.4
    endloop
  endfacet
  facet normal 0.831629 -0.555331 0
    outer loop
      vertex 105.439 43.5607 0
      vertex 105.114 43.074 2.4
      vertex 105.114 43.074 0
    endloop
  endfacet
  facet normal 0.19513 -0.980777 0
    outer loop
      vertex 105.926 43.8858 0
      vertex 106.5 44 2.4
      vertex 105.926 43.8858 2.4
    endloop
  endfacet
  facet normal 0.19513 -0.980777 0
    outer loop
      vertex 106.5 44 2.4
      vertex 105.926 43.8858 0
      vertex 106.5 44 0
    endloop
  endfacet
  facet normal 0.555212 -0.831709 0
    outer loop
      vertex 105.439 43.5607 0
      vertex 105.926 43.8858 2.4
      vertex 105.439 43.5607 2.4
    endloop
  endfacet
  facet normal 0.555212 -0.831709 0
    outer loop
      vertex 105.926 43.8858 2.4
      vertex 105.439 43.5607 0
      vertex 105.926 43.8858 0
    endloop
  endfacet
  facet normal -0.980843 0.194802 0
    outer loop
      vertex 107.886 41.926 0
      vertex 108 42.5 2.4
      vertex 108 42.5 0
    endloop
  endfacet
  facet normal -0.980843 0.194802 0
    outer loop
      vertex 108 42.5 2.4
      vertex 107.886 41.926 0
      vertex 107.886 41.926 2.4
    endloop
  endfacet
  facet normal 0.980843 -0.194802 0
    outer loop
      vertex 105 42.5 2.4
      vertex 105.114 43.074 0
      vertex 105.114 43.074 2.4
    endloop
  endfacet
  facet normal 0.980843 -0.194802 0
    outer loop
      vertex 105.114 43.074 0
      vertex 105 42.5 2.4
      vertex 105 42.5 0
    endloop
  endfacet
  facet normal 0.831629 0.555331 0
    outer loop
      vertex 105.439 41.4393 2.4
      vertex 105.114 41.926 0
      vertex 105.114 41.926 2.4
    endloop
  endfacet
  facet normal 0.831629 0.555331 0
    outer loop
      vertex 105.114 41.926 0
      vertex 105.439 41.4393 2.4
      vertex 105.439 41.4393 0
    endloop
  endfacet
  facet normal -0.19513 -0.980777 0
    outer loop
      vertex 106.5 44 0
      vertex 107.074 43.8858 2.4
      vertex 106.5 44 2.4
    endloop
  endfacet
  facet normal -0.19513 -0.980777 -0
    outer loop
      vertex 107.074 43.8858 2.4
      vertex 106.5 44 0
      vertex 107.074 43.8858 0
    endloop
  endfacet
  facet normal -0.19513 0.980777 0
    outer loop
      vertex 107.074 41.1142 0
      vertex 106.5 41 2.4
      vertex 107.074 41.1142 2.4
    endloop
  endfacet
  facet normal -0.19513 0.980777 0
    outer loop
      vertex 106.5 41 2.4
      vertex 107.074 41.1142 0
      vertex 106.5 41 0
    endloop
  endfacet
  facet normal 0.555212 0.831709 -0
    outer loop
      vertex 105.926 41.1142 0
      vertex 105.439 41.4393 2.4
      vertex 105.926 41.1142 2.4
    endloop
  endfacet
  facet normal 0.555212 0.831709 0
    outer loop
      vertex 105.439 41.4393 2.4
      vertex 105.926 41.1142 0
      vertex 105.439 41.4393 0
    endloop
  endfacet
  facet normal 0.19513 0.980777 -0
    outer loop
      vertex 106.5 48 0
      vertex 105.926 48.1142 2.4
      vertex 106.5 48 2.4
    endloop
  endfacet
  facet normal 0.19513 0.980777 0
    outer loop
      vertex 105.926 48.1142 2.4
      vertex 106.5 48 0
      vertex 105.926 48.1142 0
    endloop
  endfacet
  facet normal -0.831629 0.555331 0
    outer loop
      vertex 107.561 48.4393 0
      vertex 107.886 48.926 2.4
      vertex 107.886 48.926 0
    endloop
  endfacet
  facet normal -0.831629 0.555331 0
    outer loop
      vertex 107.886 48.926 2.4
      vertex 107.561 48.4393 0
      vertex 107.561 48.4393 2.4
    endloop
  endfacet
  facet normal -0.831629 -0.555331 0
    outer loop
      vertex 107.886 50.074 0
      vertex 107.561 50.5607 2.4
      vertex 107.561 50.5607 0
    endloop
  endfacet
  facet normal -0.831629 -0.555331 0
    outer loop
      vertex 107.561 50.5607 2.4
      vertex 107.886 50.074 0
      vertex 107.886 50.074 2.4
    endloop
  endfacet
  facet normal -0.980843 -0.194802 0
    outer loop
      vertex 108 49.5 0
      vertex 107.886 50.074 2.4
      vertex 107.886 50.074 0
    endloop
  endfacet
  facet normal -0.980843 -0.194802 0
    outer loop
      vertex 107.886 50.074 2.4
      vertex 108 49.5 0
      vertex 108 49.5 2.4
    endloop
  endfacet
  facet normal -0.555212 -0.831709 0
    outer loop
      vertex 107.074 50.8858 0
      vertex 107.561 50.5607 2.4
      vertex 107.074 50.8858 2.4
    endloop
  endfacet
  facet normal -0.555212 -0.831709 -0
    outer loop
      vertex 107.561 50.5607 2.4
      vertex 107.074 50.8858 0
      vertex 107.561 50.5607 0
    endloop
  endfacet
  facet normal -0.19513 -0.980777 0
    outer loop
      vertex 106.5 51 0
      vertex 107.074 50.8858 2.4
      vertex 106.5 51 2.4
    endloop
  endfacet
  facet normal -0.19513 -0.980777 -0
    outer loop
      vertex 107.074 50.8858 2.4
      vertex 106.5 51 0
      vertex 107.074 50.8858 0
    endloop
  endfacet
  facet normal 0.980843 0.194802 0
    outer loop
      vertex 105.114 48.926 2.4
      vertex 105 49.5 0
      vertex 105 49.5 2.4
    endloop
  endfacet
  facet normal 0.980843 0.194802 0
    outer loop
      vertex 105 49.5 0
      vertex 105.114 48.926 2.4
      vertex 105.114 48.926 0
    endloop
  endfacet
  facet normal -0.555212 0.831709 0
    outer loop
      vertex 107.561 48.4393 0
      vertex 107.074 48.1142 2.4
      vertex 107.561 48.4393 2.4
    endloop
  endfacet
  facet normal -0.555212 0.831709 0
    outer loop
      vertex 107.074 48.1142 2.4
      vertex 107.561 48.4393 0
      vertex 107.074 48.1142 0
    endloop
  endfacet
  facet normal 0.831629 -0.555331 0
    outer loop
      vertex 105.114 50.074 2.4
      vertex 105.439 50.5607 0
      vertex 105.439 50.5607 2.4
    endloop
  endfacet
  facet normal 0.831629 -0.555331 0
    outer loop
      vertex 105.439 50.5607 0
      vertex 105.114 50.074 2.4
      vertex 105.114 50.074 0
    endloop
  endfacet
  facet normal 0.19513 -0.980777 0
    outer loop
      vertex 105.926 50.8858 0
      vertex 106.5 51 2.4
      vertex 105.926 50.8858 2.4
    endloop
  endfacet
  facet normal 0.19513 -0.980777 0
    outer loop
      vertex 106.5 51 2.4
      vertex 105.926 50.8858 0
      vertex 106.5 51 0
    endloop
  endfacet
  facet normal 0.555212 -0.831709 0
    outer loop
      vertex 105.439 50.5607 0
      vertex 105.926 50.8858 2.4
      vertex 105.439 50.5607 2.4
    endloop
  endfacet
  facet normal 0.555212 -0.831709 0
    outer loop
      vertex 105.926 50.8858 2.4
      vertex 105.439 50.5607 0
      vertex 105.926 50.8858 0
    endloop
  endfacet
  facet normal -0.980843 0.194802 0
    outer loop
      vertex 107.886 48.926 0
      vertex 108 49.5 2.4
      vertex 108 49.5 0
    endloop
  endfacet
  facet normal -0.980843 0.194802 0
    outer loop
      vertex 108 49.5 2.4
      vertex 107.886 48.926 0
      vertex 107.886 48.926 2.4
    endloop
  endfacet
  facet normal 0.980843 -0.194802 0
    outer loop
      vertex 105 49.5 2.4
      vertex 105.114 50.074 0
      vertex 105.114 50.074 2.4
    endloop
  endfacet
  facet normal 0.980843 -0.194802 0
    outer loop
      vertex 105.114 50.074 0
      vertex 105 49.5 2.4
      vertex 105 49.5 0
    endloop
  endfacet
  facet normal 0.831629 0.555331 0
    outer loop
      vertex 105.439 48.4393 2.4
      vertex 105.114 48.926 0
      vertex 105.114 48.926 2.4
    endloop
  endfacet
  facet normal 0.831629 0.555331 0
    outer loop
      vertex 105.114 48.926 0
      vertex 105.439 48.4393 2.4
      vertex 105.439 48.4393 0
    endloop
  endfacet
  facet normal -0.19513 0.980777 0
    outer loop
      vertex 107.074 48.1142 0
      vertex 106.5 48 2.4
      vertex 107.074 48.1142 2.4
    endloop
  endfacet
  facet normal -0.19513 0.980777 0
    outer loop
      vertex 106.5 48 2.4
      vertex 107.074 48.1142 0
      vertex 106.5 48 0
    endloop
  endfacet
  facet normal 0.555212 0.831709 -0
    outer loop
      vertex 105.926 48.1142 0
      vertex 105.439 48.4393 2.4
      vertex 105.926 48.1142 2.4
    endloop
  endfacet
  facet normal 0.555212 0.831709 0
    outer loop
      vertex 105.439 48.4393 2.4
      vertex 105.926 48.1142 0
      vertex 105.439 48.4393 0
    endloop
  endfacet
  facet normal 0.19513 0.980777 -0
    outer loop
      vertex 106.5 55 0
      vertex 105.926 55.1142 2.4
      vertex 106.5 55 2.4
    endloop
  endfacet
  facet normal 0.19513 0.980777 0
    outer loop
      vertex 105.926 55.1142 2.4
      vertex 106.5 55 0
      vertex 105.926 55.1142 0
    endloop
  endfacet
  facet normal -0.831629 0.555331 0
    outer loop
      vertex 107.561 55.4393 0
      vertex 107.886 55.926 2.4
      vertex 107.886 55.926 0
    endloop
  endfacet
  facet normal -0.831629 0.555331 0
    outer loop
      vertex 107.886 55.926 2.4
      vertex 107.561 55.4393 0
      vertex 107.561 55.4393 2.4
    endloop
  endfacet
  facet normal -0.831629 -0.555331 0
    outer loop
      vertex 107.886 57.074 0
      vertex 107.561 57.5607 2.4
      vertex 107.561 57.5607 0
    endloop
  endfacet
  facet normal -0.831629 -0.555331 0
    outer loop
      vertex 107.561 57.5607 2.4
      vertex 107.886 57.074 0
      vertex 107.886 57.074 2.4
    endloop
  endfacet
  facet normal -0.980843 -0.194802 0
    outer loop
      vertex 108 56.5 0
      vertex 107.886 57.074 2.4
      vertex 107.886 57.074 0
    endloop
  endfacet
  facet normal -0.980843 -0.194802 0
    outer loop
      vertex 107.886 57.074 2.4
      vertex 108 56.5 0
      vertex 108 56.5 2.4
    endloop
  endfacet
  facet normal -0.555212 -0.831709 0
    outer loop
      vertex 107.074 57.8858 0
      vertex 107.561 57.5607 2.4
      vertex 107.074 57.8858 2.4
    endloop
  endfacet
  facet normal -0.555212 -0.831709 -0
    outer loop
      vertex 107.561 57.5607 2.4
      vertex 107.074 57.8858 0
      vertex 107.561 57.5607 0
    endloop
  endfacet
  facet normal -0.19513 -0.980777 0
    outer loop
      vertex 106.5 58 0
      vertex 107.074 57.8858 2.4
      vertex 106.5 58 2.4
    endloop
  endfacet
  facet normal -0.19513 -0.980777 -0
    outer loop
      vertex 107.074 57.8858 2.4
      vertex 106.5 58 0
      vertex 107.074 57.8858 0
    endloop
  endfacet
  facet normal 0.980843 0.194802 0
    outer loop
      vertex 105.114 55.926 2.4
      vertex 105 56.5 0
      vertex 105 56.5 2.4
    endloop
  endfacet
  facet normal 0.980843 0.194802 0
    outer loop
      vertex 105 56.5 0
      vertex 105.114 55.926 2.4
      vertex 105.114 55.926 0
    endloop
  endfacet
  facet normal -0.555212 0.831709 0
    outer loop
      vertex 107.561 55.4393 0
      vertex 107.074 55.1142 2.4
      vertex 107.561 55.4393 2.4
    endloop
  endfacet
  facet normal -0.555212 0.831709 0
    outer loop
      vertex 107.074 55.1142 2.4
      vertex 107.561 55.4393 0
      vertex 107.074 55.1142 0
    endloop
  endfacet
  facet normal 0.831629 -0.555331 0
    outer loop
      vertex 105.114 57.074 2.4
      vertex 105.439 57.5607 0
      vertex 105.439 57.5607 2.4
    endloop
  endfacet
  facet normal 0.831629 -0.555331 0
    outer loop
      vertex 105.439 57.5607 0
      vertex 105.114 57.074 2.4
      vertex 105.114 57.074 0
    endloop
  endfacet
  facet normal -0.19513 0.980777 0
    outer loop
      vertex 107.074 55.1142 0
      vertex 106.5 55 2.4
      vertex 107.074 55.1142 2.4
    endloop
  endfacet
  facet normal -0.19513 0.980777 0
    outer loop
      vertex 106.5 55 2.4
      vertex 107.074 55.1142 0
      vertex 106.5 55 0
    endloop
  endfacet
  facet normal 0.19513 -0.980777 0
    outer loop
      vertex 105.926 57.8858 0
      vertex 106.5 58 2.4
      vertex 105.926 57.8858 2.4
    endloop
  endfacet
  facet normal 0.19513 -0.980777 0
    outer loop
      vertex 106.5 58 2.4
      vertex 105.926 57.8858 0
      vertex 106.5 58 0
    endloop
  endfacet
  facet normal 0.555212 -0.831709 0
    outer loop
      vertex 105.439 57.5607 0
      vertex 105.926 57.8858 2.4
      vertex 105.439 57.5607 2.4
    endloop
  endfacet
  facet normal 0.555212 -0.831709 0
    outer loop
      vertex 105.926 57.8858 2.4
      vertex 105.439 57.5607 0
      vertex 105.926 57.8858 0
    endloop
  endfacet
  facet normal -0.980843 0.194802 0
    outer loop
      vertex 107.886 55.926 0
      vertex 108 56.5 2.4
      vertex 108 56.5 0
    endloop
  endfacet
  facet normal -0.980843 0.194802 0
    outer loop
      vertex 108 56.5 2.4
      vertex 107.886 55.926 0
      vertex 107.886 55.926 2.4
    endloop
  endfacet
  facet normal 0.980843 -0.194802 0
    outer loop
      vertex 105 56.5 2.4
      vertex 105.114 57.074 0
      vertex 105.114 57.074 2.4
    endloop
  endfacet
  facet normal 0.980843 -0.194802 0
    outer loop
      vertex 105.114 57.074 0
      vertex 105 56.5 2.4
      vertex 105 56.5 0
    endloop
  endfacet
  facet normal 0.831629 0.555331 0
    outer loop
      vertex 105.439 55.4393 2.4
      vertex 105.114 55.926 0
      vertex 105.114 55.926 2.4
    endloop
  endfacet
  facet normal 0.831629 0.555331 0
    outer loop
      vertex 105.114 55.926 0
      vertex 105.439 55.4393 2.4
      vertex 105.439 55.4393 0
    endloop
  endfacet
  facet normal 0.555212 0.831709 -0
    outer loop
      vertex 105.926 55.1142 0
      vertex 105.439 55.4393 2.4
      vertex 105.926 55.1142 2.4
    endloop
  endfacet
  facet normal 0.555212 0.831709 0
    outer loop
      vertex 105.439 55.4393 2.4
      vertex 105.926 55.1142 0
      vertex 105.439 55.4393 0
    endloop
  endfacet
  facet normal 0.19513 0.980777 -0
    outer loop
      vertex 106.5 62 0
      vertex 105.926 62.1142 2.4
      vertex 106.5 62 2.4
    endloop
  endfacet
  facet normal 0.19513 0.980777 0
    outer loop
      vertex 105.926 62.1142 2.4
      vertex 106.5 62 0
      vertex 105.926 62.1142 0
    endloop
  endfacet
  facet normal -0.831629 0.555331 0
    outer loop
      vertex 107.561 62.4393 0
      vertex 107.886 62.926 2.4
      vertex 107.886 62.926 0
    endloop
  endfacet
  facet normal -0.831629 0.555331 0
    outer loop
      vertex 107.886 62.926 2.4
      vertex 107.561 62.4393 0
      vertex 107.561 62.4393 2.4
    endloop
  endfacet
  facet normal -0.831629 -0.555331 0
    outer loop
      vertex 107.886 64.074 0
      vertex 107.561 64.5607 2.4
      vertex 107.561 64.5607 0
    endloop
  endfacet
  facet normal -0.831629 -0.555331 0
    outer loop
      vertex 107.561 64.5607 2.4
      vertex 107.886 64.074 0
      vertex 107.886 64.074 2.4
    endloop
  endfacet
  facet normal -0.980843 -0.194802 0
    outer loop
      vertex 108 63.5 0
      vertex 107.886 64.074 2.4
      vertex 107.886 64.074 0
    endloop
  endfacet
  facet normal -0.980843 -0.194802 0
    outer loop
      vertex 107.886 64.074 2.4
      vertex 108 63.5 0
      vertex 108 63.5 2.4
    endloop
  endfacet
  facet normal -0.555212 -0.831709 0
    outer loop
      vertex 107.074 64.8858 0
      vertex 107.561 64.5607 2.4
      vertex 107.074 64.8858 2.4
    endloop
  endfacet
  facet normal -0.555212 -0.831709 -0
    outer loop
      vertex 107.561 64.5607 2.4
      vertex 107.074 64.8858 0
      vertex 107.561 64.5607 0
    endloop
  endfacet
  facet normal -0.19513 -0.980777 0
    outer loop
      vertex 106.5 65 0
      vertex 107.074 64.8858 2.4
      vertex 106.5 65 2.4
    endloop
  endfacet
  facet normal -0.19513 -0.980777 -0
    outer loop
      vertex 107.074 64.8858 2.4
      vertex 106.5 65 0
      vertex 107.074 64.8858 0
    endloop
  endfacet
  facet normal 0.980843 0.194802 0
    outer loop
      vertex 105.114 62.926 2.4
      vertex 105 63.5 0
      vertex 105 63.5 2.4
    endloop
  endfacet
  facet normal 0.980843 0.194802 0
    outer loop
      vertex 105 63.5 0
      vertex 105.114 62.926 2.4
      vertex 105.114 62.926 0
    endloop
  endfacet
  facet normal -0.555212 0.831709 0
    outer loop
      vertex 107.561 62.4393 0
      vertex 107.074 62.1142 2.4
      vertex 107.561 62.4393 2.4
    endloop
  endfacet
  facet normal -0.555212 0.831709 0
    outer loop
      vertex 107.074 62.1142 2.4
      vertex 107.561 62.4393 0
      vertex 107.074 62.1142 0
    endloop
  endfacet
  facet normal 0.831629 -0.555331 0
    outer loop
      vertex 105.114 64.074 2.4
      vertex 105.439 64.5607 0
      vertex 105.439 64.5607 2.4
    endloop
  endfacet
  facet normal 0.831629 -0.555331 0
    outer loop
      vertex 105.439 64.5607 0
      vertex 105.114 64.074 2.4
      vertex 105.114 64.074 0
    endloop
  endfacet
  facet normal 0.19513 -0.980777 0
    outer loop
      vertex 105.926 64.8858 0
      vertex 106.5 65 2.4
      vertex 105.926 64.8858 2.4
    endloop
  endfacet
  facet normal 0.19513 -0.980777 0
    outer loop
      vertex 106.5 65 2.4
      vertex 105.926 64.8858 0
      vertex 106.5 65 0
    endloop
  endfacet
  facet normal 0.555212 -0.831709 0
    outer loop
      vertex 105.439 64.5607 0
      vertex 105.926 64.8858 2.4
      vertex 105.439 64.5607 2.4
    endloop
  endfacet
  facet normal 0.555212 -0.831709 0
    outer loop
      vertex 105.926 64.8858 2.4
      vertex 105.439 64.5607 0
      vertex 105.926 64.8858 0
    endloop
  endfacet
  facet normal -0.980843 0.194802 0
    outer loop
      vertex 107.886 62.926 0
      vertex 108 63.5 2.4
      vertex 108 63.5 0
    endloop
  endfacet
  facet normal -0.980843 0.194802 0
    outer loop
      vertex 108 63.5 2.4
      vertex 107.886 62.926 0
      vertex 107.886 62.926 2.4
    endloop
  endfacet
  facet normal 0.980843 -0.194802 0
    outer loop
      vertex 105 63.5 2.4
      vertex 105.114 64.074 0
      vertex 105.114 64.074 2.4
    endloop
  endfacet
  facet normal 0.980843 -0.194802 0
    outer loop
      vertex 105.114 64.074 0
      vertex 105 63.5 2.4
      vertex 105 63.5 0
    endloop
  endfacet
  facet normal 0.831629 0.555331 0
    outer loop
      vertex 105.439 62.4393 2.4
      vertex 105.114 62.926 0
      vertex 105.114 62.926 2.4
    endloop
  endfacet
  facet normal 0.831629 0.555331 0
    outer loop
      vertex 105.114 62.926 0
      vertex 105.439 62.4393 2.4
      vertex 105.439 62.4393 0
    endloop
  endfacet
  facet normal -0.19513 0.980777 0
    outer loop
      vertex 107.074 62.1142 0
      vertex 106.5 62 2.4
      vertex 107.074 62.1142 2.4
    endloop
  endfacet
  facet normal -0.19513 0.980777 0
    outer loop
      vertex 106.5 62 2.4
      vertex 107.074 62.1142 0
      vertex 106.5 62 0
    endloop
  endfacet
  facet normal 0.555212 0.831709 -0
    outer loop
      vertex 105.926 62.1142 0
      vertex 105.439 62.4393 2.4
      vertex 105.926 62.1142 2.4
    endloop
  endfacet
  facet normal 0.555212 0.831709 0
    outer loop
      vertex 105.439 62.4393 2.4
      vertex 105.926 62.1142 0
      vertex 105.439 62.4393 0
    endloop
  endfacet
  facet normal 0.19513 0.980777 -0
    outer loop
      vertex 106.5 69 0
      vertex 105.926 69.1142 2.4
      vertex 106.5 69 2.4
    endloop
  endfacet
  facet normal 0.19513 0.980777 0
    outer loop
      vertex 105.926 69.1142 2.4
      vertex 106.5 69 0
      vertex 105.926 69.1142 0
    endloop
  endfacet
  facet normal -0.831629 0.555331 0
    outer loop
      vertex 107.561 69.4393 0
      vertex 107.886 69.926 2.4
      vertex 107.886 69.926 0
    endloop
  endfacet
  facet normal -0.831629 0.555331 0
    outer loop
      vertex 107.886 69.926 2.4
      vertex 107.561 69.4393 0
      vertex 107.561 69.4393 2.4
    endloop
  endfacet
  facet normal -0.831629 -0.555331 0
    outer loop
      vertex 107.886 71.074 0
      vertex 107.561 71.5607 2.4
      vertex 107.561 71.5607 0
    endloop
  endfacet
  facet normal -0.831629 -0.555331 0
    outer loop
      vertex 107.561 71.5607 2.4
      vertex 107.886 71.074 0
      vertex 107.886 71.074 2.4
    endloop
  endfacet
  facet normal -0.980843 -0.194802 0
    outer loop
      vertex 108 70.5 0
      vertex 107.886 71.074 2.4
      vertex 107.886 71.074 0
    endloop
  endfacet
  facet normal -0.980843 -0.194802 0
    outer loop
      vertex 107.886 71.074 2.4
      vertex 108 70.5 0
      vertex 108 70.5 2.4
    endloop
  endfacet
  facet normal -0.555212 -0.831709 0
    outer loop
      vertex 107.074 71.8858 0
      vertex 107.561 71.5607 2.4
      vertex 107.074 71.8858 2.4
    endloop
  endfacet
  facet normal -0.555212 -0.831709 -0
    outer loop
      vertex 107.561 71.5607 2.4
      vertex 107.074 71.8858 0
      vertex 107.561 71.5607 0
    endloop
  endfacet
  facet normal -0.19513 -0.980777 0
    outer loop
      vertex 106.5 72 0
      vertex 107.074 71.8858 2.4
      vertex 106.5 72 2.4
    endloop
  endfacet
  facet normal -0.19513 -0.980777 -0
    outer loop
      vertex 107.074 71.8858 2.4
      vertex 106.5 72 0
      vertex 107.074 71.8858 0
    endloop
  endfacet
  facet normal 0.980843 0.194802 0
    outer loop
      vertex 105.114 69.926 2.4
      vertex 105 70.5 0
      vertex 105 70.5 2.4
    endloop
  endfacet
  facet normal 0.980843 0.194802 0
    outer loop
      vertex 105 70.5 0
      vertex 105.114 69.926 2.4
      vertex 105.114 69.926 0
    endloop
  endfacet
  facet normal -0.555212 0.831709 0
    outer loop
      vertex 107.561 69.4393 0
      vertex 107.074 69.1142 2.4
      vertex 107.561 69.4393 2.4
    endloop
  endfacet
  facet normal -0.555212 0.831709 0
    outer loop
      vertex 107.074 69.1142 2.4
      vertex 107.561 69.4393 0
      vertex 107.074 69.1142 0
    endloop
  endfacet
  facet normal 0.831629 -0.555331 0
    outer loop
      vertex 105.114 71.074 2.4
      vertex 105.439 71.5607 0
      vertex 105.439 71.5607 2.4
    endloop
  endfacet
  facet normal 0.831629 -0.555331 0
    outer loop
      vertex 105.439 71.5607 0
      vertex 105.114 71.074 2.4
      vertex 105.114 71.074 0
    endloop
  endfacet
  facet normal -0.19513 0.980777 0
    outer loop
      vertex 107.074 69.1142 0
      vertex 106.5 69 2.4
      vertex 107.074 69.1142 2.4
    endloop
  endfacet
  facet normal -0.19513 0.980777 0
    outer loop
      vertex 106.5 69 2.4
      vertex 107.074 69.1142 0
      vertex 106.5 69 0
    endloop
  endfacet
  facet normal 0.19513 -0.980777 0
    outer loop
      vertex 105.926 71.8858 0
      vertex 106.5 72 2.4
      vertex 105.926 71.8858 2.4
    endloop
  endfacet
  facet normal 0.19513 -0.980777 0
    outer loop
      vertex 106.5 72 2.4
      vertex 105.926 71.8858 0
      vertex 106.5 72 0
    endloop
  endfacet
  facet normal 0.555212 -0.831709 0
    outer loop
      vertex 105.439 71.5607 0
      vertex 105.926 71.8858 2.4
      vertex 105.439 71.5607 2.4
    endloop
  endfacet
  facet normal 0.555212 -0.831709 0
    outer loop
      vertex 105.926 71.8858 2.4
      vertex 105.439 71.5607 0
      vertex 105.926 71.8858 0
    endloop
  endfacet
  facet normal -0.980843 0.194802 0
    outer loop
      vertex 107.886 69.926 0
      vertex 108 70.5 2.4
      vertex 108 70.5 0
    endloop
  endfacet
  facet normal -0.980843 0.194802 0
    outer loop
      vertex 108 70.5 2.4
      vertex 107.886 69.926 0
      vertex 107.886 69.926 2.4
    endloop
  endfacet
  facet normal 0.980843 -0.194802 0
    outer loop
      vertex 105 70.5 2.4
      vertex 105.114 71.074 0
      vertex 105.114 71.074 2.4
    endloop
  endfacet
  facet normal 0.980843 -0.194802 0
    outer loop
      vertex 105.114 71.074 0
      vertex 105 70.5 2.4
      vertex 105 70.5 0
    endloop
  endfacet
  facet normal 0.831629 0.555331 0
    outer loop
      vertex 105.439 69.4393 2.4
      vertex 105.114 69.926 0
      vertex 105.114 69.926 2.4
    endloop
  endfacet
  facet normal 0.831629 0.555331 0
    outer loop
      vertex 105.114 69.926 0
      vertex 105.439 69.4393 2.4
      vertex 105.439 69.4393 0
    endloop
  endfacet
  facet normal 0.555212 0.831709 -0
    outer loop
      vertex 105.926 69.1142 0
      vertex 105.439 69.4393 2.4
      vertex 105.926 69.1142 2.4
    endloop
  endfacet
  facet normal 0.555212 0.831709 0
    outer loop
      vertex 105.439 69.4393 2.4
      vertex 105.926 69.1142 0
      vertex 105.439 69.4393 0
    endloop
  endfacet
  facet normal 0.19513 0.980777 -0
    outer loop
      vertex 113.5 34 0
      vertex 112.926 34.1142 2.4
      vertex 113.5 34 2.4
    endloop
  endfacet
  facet normal 0.19513 0.980777 0
    outer loop
      vertex 112.926 34.1142 2.4
      vertex 113.5 34 0
      vertex 112.926 34.1142 0
    endloop
  endfacet
  facet normal -0.831629 0.555331 0
    outer loop
      vertex 114.561 34.4393 0
      vertex 114.886 34.926 2.4
      vertex 114.886 34.926 0
    endloop
  endfacet
  facet normal -0.831629 0.555331 0
    outer loop
      vertex 114.886 34.926 2.4
      vertex 114.561 34.4393 0
      vertex 114.561 34.4393 2.4
    endloop
  endfacet
  facet normal -0.831629 -0.555331 0
    outer loop
      vertex 114.886 36.074 0
      vertex 114.561 36.5607 2.4
      vertex 114.561 36.5607 0
    endloop
  endfacet
  facet normal -0.831629 -0.555331 0
    outer loop
      vertex 114.561 36.5607 2.4
      vertex 114.886 36.074 0
      vertex 114.886 36.074 2.4
    endloop
  endfacet
  facet normal -0.980843 -0.194802 0
    outer loop
      vertex 115 35.5 0
      vertex 114.886 36.074 2.4
      vertex 114.886 36.074 0
    endloop
  endfacet
  facet normal -0.980843 -0.194802 0
    outer loop
      vertex 114.886 36.074 2.4
      vertex 115 35.5 0
      vertex 115 35.5 2.4
    endloop
  endfacet
  facet normal -0.555212 -0.831709 0
    outer loop
      vertex 114.074 36.8858 0
      vertex 114.561 36.5607 2.4
      vertex 114.074 36.8858 2.4
    endloop
  endfacet
  facet normal -0.555212 -0.831709 -0
    outer loop
      vertex 114.561 36.5607 2.4
      vertex 114.074 36.8858 0
      vertex 114.561 36.5607 0
    endloop
  endfacet
  facet normal 0.980843 0.194802 0
    outer loop
      vertex 112.114 34.926 2.4
      vertex 112 35.5 0
      vertex 112 35.5 2.4
    endloop
  endfacet
  facet normal 0.980843 0.194802 0
    outer loop
      vertex 112 35.5 0
      vertex 112.114 34.926 2.4
      vertex 112.114 34.926 0
    endloop
  endfacet
  facet normal -0.555212 0.831709 0
    outer loop
      vertex 114.561 34.4393 0
      vertex 114.074 34.1142 2.4
      vertex 114.561 34.4393 2.4
    endloop
  endfacet
  facet normal -0.555212 0.831709 0
    outer loop
      vertex 114.074 34.1142 2.4
      vertex 114.561 34.4393 0
      vertex 114.074 34.1142 0
    endloop
  endfacet
  facet normal 0.831629 -0.555331 0
    outer loop
      vertex 112.114 36.074 2.4
      vertex 112.439 36.5607 0
      vertex 112.439 36.5607 2.4
    endloop
  endfacet
  facet normal 0.831629 -0.555331 0
    outer loop
      vertex 112.439 36.5607 0
      vertex 112.114 36.074 2.4
      vertex 112.114 36.074 0
    endloop
  endfacet
  facet normal -0.19513 0.980777 0
    outer loop
      vertex 114.074 34.1142 0
      vertex 113.5 34 2.4
      vertex 114.074 34.1142 2.4
    endloop
  endfacet
  facet normal -0.19513 0.980777 0
    outer loop
      vertex 113.5 34 2.4
      vertex 114.074 34.1142 0
      vertex 113.5 34 0
    endloop
  endfacet
  facet normal 0.19513 -0.980777 0
    outer loop
      vertex 112.926 36.8858 0
      vertex 113.5 37 2.4
      vertex 112.926 36.8858 2.4
    endloop
  endfacet
  facet normal 0.19513 -0.980777 0
    outer loop
      vertex 113.5 37 2.4
      vertex 112.926 36.8858 0
      vertex 113.5 37 0
    endloop
  endfacet
  facet normal 0.555212 -0.831709 0
    outer loop
      vertex 112.439 36.5607 0
      vertex 112.926 36.8858 2.4
      vertex 112.439 36.5607 2.4
    endloop
  endfacet
  facet normal 0.555212 -0.831709 0
    outer loop
      vertex 112.926 36.8858 2.4
      vertex 112.439 36.5607 0
      vertex 112.926 36.8858 0
    endloop
  endfacet
  facet normal -0.980843 0.194802 0
    outer loop
      vertex 114.886 34.926 0
      vertex 115 35.5 2.4
      vertex 115 35.5 0
    endloop
  endfacet
  facet normal -0.980843 0.194802 0
    outer loop
      vertex 115 35.5 2.4
      vertex 114.886 34.926 0
      vertex 114.886 34.926 2.4
    endloop
  endfacet
  facet normal 0.980843 -0.194802 0
    outer loop
      vertex 112 35.5 2.4
      vertex 112.114 36.074 0
      vertex 112.114 36.074 2.4
    endloop
  endfacet
  facet normal 0.980843 -0.194802 0
    outer loop
      vertex 112.114 36.074 0
      vertex 112 35.5 2.4
      vertex 112 35.5 0
    endloop
  endfacet
  facet normal 0.831629 0.555331 0
    outer loop
      vertex 112.439 34.4393 2.4
      vertex 112.114 34.926 0
      vertex 112.114 34.926 2.4
    endloop
  endfacet
  facet normal 0.831629 0.555331 0
    outer loop
      vertex 112.114 34.926 0
      vertex 112.439 34.4393 2.4
      vertex 112.439 34.4393 0
    endloop
  endfacet
  facet normal -0.19513 -0.980777 0
    outer loop
      vertex 113.5 37 0
      vertex 114.074 36.8858 2.4
      vertex 113.5 37 2.4
    endloop
  endfacet
  facet normal -0.19513 -0.980777 -0
    outer loop
      vertex 114.074 36.8858 2.4
      vertex 113.5 37 0
      vertex 114.074 36.8858 0
    endloop
  endfacet
  facet normal 0.555212 0.831709 -0
    outer loop
      vertex 112.926 34.1142 0
      vertex 112.439 34.4393 2.4
      vertex 112.926 34.1142 2.4
    endloop
  endfacet
  facet normal 0.555212 0.831709 0
    outer loop
      vertex 112.439 34.4393 2.4
      vertex 112.926 34.1142 0
      vertex 112.439 34.4393 0
    endloop
  endfacet
  facet normal 0.19513 0.980777 -0
    outer loop
      vertex 113.5 41 0
      vertex 112.926 41.1142 2.4
      vertex 113.5 41 2.4
    endloop
  endfacet
  facet normal 0.19513 0.980777 0
    outer loop
      vertex 112.926 41.1142 2.4
      vertex 113.5 41 0
      vertex 112.926 41.1142 0
    endloop
  endfacet
  facet normal -0.831629 0.555331 0
    outer loop
      vertex 114.561 41.4393 0
      vertex 114.886 41.926 2.4
      vertex 114.886 41.926 0
    endloop
  endfacet
  facet normal -0.831629 0.555331 0
    outer loop
      vertex 114.886 41.926 2.4
      vertex 114.561 41.4393 0
      vertex 114.561 41.4393 2.4
    endloop
  endfacet
  facet normal -0.831629 -0.555331 0
    outer loop
      vertex 114.886 43.074 0
      vertex 114.561 43.5607 2.4
      vertex 114.561 43.5607 0
    endloop
  endfacet
  facet normal -0.831629 -0.555331 0
    outer loop
      vertex 114.561 43.5607 2.4
      vertex 114.886 43.074 0
      vertex 114.886 43.074 2.4
    endloop
  endfacet
  facet normal -0.980843 -0.194802 0
    outer loop
      vertex 115 42.5 0
      vertex 114.886 43.074 2.4
      vertex 114.886 43.074 0
    endloop
  endfacet
  facet normal -0.980843 -0.194802 0
    outer loop
      vertex 114.886 43.074 2.4
      vertex 115 42.5 0
      vertex 115 42.5 2.4
    endloop
  endfacet
  facet normal -0.555212 -0.831709 0
    outer loop
      vertex 114.074 43.8858 0
      vertex 114.561 43.5607 2.4
      vertex 114.074 43.8858 2.4
    endloop
  endfacet
  facet normal -0.555212 -0.831709 -0
    outer loop
      vertex 114.561 43.5607 2.4
      vertex 114.074 43.8858 0
      vertex 114.561 43.5607 0
    endloop
  endfacet
  facet normal 0.980843 0.194802 0
    outer loop
      vertex 112.114 41.926 2.4
      vertex 112 42.5 0
      vertex 112 42.5 2.4
    endloop
  endfacet
  facet normal 0.980843 0.194802 0
    outer loop
      vertex 112 42.5 0
      vertex 112.114 41.926 2.4
      vertex 112.114 41.926 0
    endloop
  endfacet
  facet normal -0.555212 0.831709 0
    outer loop
      vertex 114.561 41.4393 0
      vertex 114.074 41.1142 2.4
      vertex 114.561 41.4393 2.4
    endloop
  endfacet
  facet normal -0.555212 0.831709 0
    outer loop
      vertex 114.074 41.1142 2.4
      vertex 114.561 41.4393 0
      vertex 114.074 41.1142 0
    endloop
  endfacet
  facet normal 0.831629 -0.555331 0
    outer loop
      vertex 112.114 43.074 2.4
      vertex 112.439 43.5607 0
      vertex 112.439 43.5607 2.4
    endloop
  endfacet
  facet normal 0.831629 -0.555331 0
    outer loop
      vertex 112.439 43.5607 0
      vertex 112.114 43.074 2.4
      vertex 112.114 43.074 0
    endloop
  endfacet
  facet normal 0.19513 -0.980777 0
    outer loop
      vertex 112.926 43.8858 0
      vertex 113.5 44 2.4
      vertex 112.926 43.8858 2.4
    endloop
  endfacet
  facet normal 0.19513 -0.980777 0
    outer loop
      vertex 113.5 44 2.4
      vertex 112.926 43.8858 0
      vertex 113.5 44 0
    endloop
  endfacet
  facet normal 0.555212 -0.831709 0
    outer loop
      vertex 112.439 43.5607 0
      vertex 112.926 43.8858 2.4
      vertex 112.439 43.5607 2.4
    endloop
  endfacet
  facet normal 0.555212 -0.831709 0
    outer loop
      vertex 112.926 43.8858 2.4
      vertex 112.439 43.5607 0
      vertex 112.926 43.8858 0
    endloop
  endfacet
  facet normal -0.980843 0.194802 0
    outer loop
      vertex 114.886 41.926 0
      vertex 115 42.5 2.4
      vertex 115 42.5 0
    endloop
  endfacet
  facet normal -0.980843 0.194802 0
    outer loop
      vertex 115 42.5 2.4
      vertex 114.886 41.926 0
      vertex 114.886 41.926 2.4
    endloop
  endfacet
  facet normal 0.980843 -0.194802 0
    outer loop
      vertex 112 42.5 2.4
      vertex 112.114 43.074 0
      vertex 112.114 43.074 2.4
    endloop
  endfacet
  facet normal 0.980843 -0.194802 0
    outer loop
      vertex 112.114 43.074 0
      vertex 112 42.5 2.4
      vertex 112 42.5 0
    endloop
  endfacet
  facet normal 0.831629 0.555331 0
    outer loop
      vertex 112.439 41.4393 2.4
      vertex 112.114 41.926 0
      vertex 112.114 41.926 2.4
    endloop
  endfacet
  facet normal 0.831629 0.555331 0
    outer loop
      vertex 112.114 41.926 0
      vertex 112.439 41.4393 2.4
      vertex 112.439 41.4393 0
    endloop
  endfacet
  facet normal -0.19513 -0.980777 0
    outer loop
      vertex 113.5 44 0
      vertex 114.074 43.8858 2.4
      vertex 113.5 44 2.4
    endloop
  endfacet
  facet normal -0.19513 -0.980777 -0
    outer loop
      vertex 114.074 43.8858 2.4
      vertex 113.5 44 0
      vertex 114.074 43.8858 0
    endloop
  endfacet
  facet normal -0.19513 0.980777 0
    outer loop
      vertex 114.074 41.1142 0
      vertex 113.5 41 2.4
      vertex 114.074 41.1142 2.4
    endloop
  endfacet
  facet normal -0.19513 0.980777 0
    outer loop
      vertex 113.5 41 2.4
      vertex 114.074 41.1142 0
      vertex 113.5 41 0
    endloop
  endfacet
  facet normal 0.555212 0.831709 -0
    outer loop
      vertex 112.926 41.1142 0
      vertex 112.439 41.4393 2.4
      vertex 112.926 41.1142 2.4
    endloop
  endfacet
  facet normal 0.555212 0.831709 0
    outer loop
      vertex 112.439 41.4393 2.4
      vertex 112.926 41.1142 0
      vertex 112.439 41.4393 0
    endloop
  endfacet
  facet normal 0.19513 0.980777 -0
    outer loop
      vertex 113.5 48 0
      vertex 112.926 48.1142 2.4
      vertex 113.5 48 2.4
    endloop
  endfacet
  facet normal 0.19513 0.980777 0
    outer loop
      vertex 112.926 48.1142 2.4
      vertex 113.5 48 0
      vertex 112.926 48.1142 0
    endloop
  endfacet
  facet normal -0.831629 0.555331 0
    outer loop
      vertex 114.561 48.4393 0
      vertex 114.886 48.926 2.4
      vertex 114.886 48.926 0
    endloop
  endfacet
  facet normal -0.831629 0.555331 0
    outer loop
      vertex 114.886 48.926 2.4
      vertex 114.561 48.4393 0
      vertex 114.561 48.4393 2.4
    endloop
  endfacet
  facet normal -0.831629 -0.555331 0
    outer loop
      vertex 114.886 50.074 0
      vertex 114.561 50.5607 2.4
      vertex 114.561 50.5607 0
    endloop
  endfacet
  facet normal -0.831629 -0.555331 0
    outer loop
      vertex 114.561 50.5607 2.4
      vertex 114.886 50.074 0
      vertex 114.886 50.074 2.4
    endloop
  endfacet
  facet normal -0.980843 -0.194802 0
    outer loop
      vertex 115 49.5 0
      vertex 114.886 50.074 2.4
      vertex 114.886 50.074 0
    endloop
  endfacet
  facet normal -0.980843 -0.194802 0
    outer loop
      vertex 114.886 50.074 2.4
      vertex 115 49.5 0
      vertex 115 49.5 2.4
    endloop
  endfacet
  facet normal -0.555212 -0.831709 0
    outer loop
      vertex 114.074 50.8858 0
      vertex 114.561 50.5607 2.4
      vertex 114.074 50.8858 2.4
    endloop
  endfacet
  facet normal -0.555212 -0.831709 -0
    outer loop
      vertex 114.561 50.5607 2.4
      vertex 114.074 50.8858 0
      vertex 114.561 50.5607 0
    endloop
  endfacet
  facet normal -0.19513 -0.980777 0
    outer loop
      vertex 113.5 51 0
      vertex 114.074 50.8858 2.4
      vertex 113.5 51 2.4
    endloop
  endfacet
  facet normal -0.19513 -0.980777 -0
    outer loop
      vertex 114.074 50.8858 2.4
      vertex 113.5 51 0
      vertex 114.074 50.8858 0
    endloop
  endfacet
  facet normal 0.980843 0.194802 0
    outer loop
      vertex 112.114 48.926 2.4
      vertex 112 49.5 0
      vertex 112 49.5 2.4
    endloop
  endfacet
  facet normal 0.980843 0.194802 0
    outer loop
      vertex 112 49.5 0
      vertex 112.114 48.926 2.4
      vertex 112.114 48.926 0
    endloop
  endfacet
  facet normal -0.555212 0.831709 0
    outer loop
      vertex 114.561 48.4393 0
      vertex 114.074 48.1142 2.4
      vertex 114.561 48.4393 2.4
    endloop
  endfacet
  facet normal -0.555212 0.831709 0
    outer loop
      vertex 114.074 48.1142 2.4
      vertex 114.561 48.4393 0
      vertex 114.074 48.1142 0
    endloop
  endfacet
  facet normal 0.831629 -0.555331 0
    outer loop
      vertex 112.114 50.074 2.4
      vertex 112.439 50.5607 0
      vertex 112.439 50.5607 2.4
    endloop
  endfacet
  facet normal 0.831629 -0.555331 0
    outer loop
      vertex 112.439 50.5607 0
      vertex 112.114 50.074 2.4
      vertex 112.114 50.074 0
    endloop
  endfacet
  facet normal -0.19513 0.980777 0
    outer loop
      vertex 114.074 48.1142 0
      vertex 113.5 48 2.4
      vertex 114.074 48.1142 2.4
    endloop
  endfacet
  facet normal -0.19513 0.980777 0
    outer loop
      vertex 113.5 48 2.4
      vertex 114.074 48.1142 0
      vertex 113.5 48 0
    endloop
  endfacet
  facet normal 0.19513 -0.980777 0
    outer loop
      vertex 112.926 50.8858 0
      vertex 113.5 51 2.4
      vertex 112.926 50.8858 2.4
    endloop
  endfacet
  facet normal 0.19513 -0.980777 0
    outer loop
      vertex 113.5 51 2.4
      vertex 112.926 50.8858 0
      vertex 113.5 51 0
    endloop
  endfacet
  facet normal 0.555212 -0.831709 0
    outer loop
      vertex 112.439 50.5607 0
      vertex 112.926 50.8858 2.4
      vertex 112.439 50.5607 2.4
    endloop
  endfacet
  facet normal 0.555212 -0.831709 0
    outer loop
      vertex 112.926 50.8858 2.4
      vertex 112.439 50.5607 0
      vertex 112.926 50.8858 0
    endloop
  endfacet
  facet normal -0.980843 0.194802 0
    outer loop
      vertex 114.886 48.926 0
      vertex 115 49.5 2.4
      vertex 115 49.5 0
    endloop
  endfacet
  facet normal -0.980843 0.194802 0
    outer loop
      vertex 115 49.5 2.4
      vertex 114.886 48.926 0
      vertex 114.886 48.926 2.4
    endloop
  endfacet
  facet normal 0.980843 -0.194802 0
    outer loop
      vertex 112 49.5 2.4
      vertex 112.114 50.074 0
      vertex 112.114 50.074 2.4
    endloop
  endfacet
  facet normal 0.980843 -0.194802 0
    outer loop
      vertex 112.114 50.074 0
      vertex 112 49.5 2.4
      vertex 112 49.5 0
    endloop
  endfacet
  facet normal 0.831629 0.555331 0
    outer loop
      vertex 112.439 48.4393 2.4
      vertex 112.114 48.926 0
      vertex 112.114 48.926 2.4
    endloop
  endfacet
  facet normal 0.831629 0.555331 0
    outer loop
      vertex 112.114 48.926 0
      vertex 112.439 48.4393 2.4
      vertex 112.439 48.4393 0
    endloop
  endfacet
  facet normal 0.555212 0.831709 -0
    outer loop
      vertex 112.926 48.1142 0
      vertex 112.439 48.4393 2.4
      vertex 112.926 48.1142 2.4
    endloop
  endfacet
  facet normal 0.555212 0.831709 0
    outer loop
      vertex 112.439 48.4393 2.4
      vertex 112.926 48.1142 0
      vertex 112.439 48.4393 0
    endloop
  endfacet
  facet normal 0.19513 0.980777 -0
    outer loop
      vertex 113.5 55 0
      vertex 112.926 55.1142 2.4
      vertex 113.5 55 2.4
    endloop
  endfacet
  facet normal 0.19513 0.980777 0
    outer loop
      vertex 112.926 55.1142 2.4
      vertex 113.5 55 0
      vertex 112.926 55.1142 0
    endloop
  endfacet
  facet normal -0.831629 0.555331 0
    outer loop
      vertex 114.561 55.4393 0
      vertex 114.886 55.926 2.4
      vertex 114.886 55.926 0
    endloop
  endfacet
  facet normal -0.831629 0.555331 0
    outer loop
      vertex 114.886 55.926 2.4
      vertex 114.561 55.4393 0
      vertex 114.561 55.4393 2.4
    endloop
  endfacet
  facet normal -0.831629 -0.555331 0
    outer loop
      vertex 114.886 57.074 0
      vertex 114.561 57.5607 2.4
      vertex 114.561 57.5607 0
    endloop
  endfacet
  facet normal -0.831629 -0.555331 0
    outer loop
      vertex 114.561 57.5607 2.4
      vertex 114.886 57.074 0
      vertex 114.886 57.074 2.4
    endloop
  endfacet
  facet normal -0.980843 -0.194802 0
    outer loop
      vertex 115 56.5 0
      vertex 114.886 57.074 2.4
      vertex 114.886 57.074 0
    endloop
  endfacet
  facet normal -0.980843 -0.194802 0
    outer loop
      vertex 114.886 57.074 2.4
      vertex 115 56.5 0
      vertex 115 56.5 2.4
    endloop
  endfacet
  facet normal -0.555212 -0.831709 0
    outer loop
      vertex 114.074 57.8858 0
      vertex 114.561 57.5607 2.4
      vertex 114.074 57.8858 2.4
    endloop
  endfacet
  facet normal -0.555212 -0.831709 -0
    outer loop
      vertex 114.561 57.5607 2.4
      vertex 114.074 57.8858 0
      vertex 114.561 57.5607 0
    endloop
  endfacet
  facet normal -0.19513 -0.980777 0
    outer loop
      vertex 113.5 58 0
      vertex 114.074 57.8858 2.4
      vertex 113.5 58 2.4
    endloop
  endfacet
  facet normal -0.19513 -0.980777 -0
    outer loop
      vertex 114.074 57.8858 2.4
      vertex 113.5 58 0
      vertex 114.074 57.8858 0
    endloop
  endfacet
  facet normal 0.980843 0.194802 0
    outer loop
      vertex 112.114 55.926 2.4
      vertex 112 56.5 0
      vertex 112 56.5 2.4
    endloop
  endfacet
  facet normal 0.980843 0.194802 0
    outer loop
      vertex 112 56.5 0
      vertex 112.114 55.926 2.4
      vertex 112.114 55.926 0
    endloop
  endfacet
  facet normal -0.555212 0.831709 0
    outer loop
      vertex 114.561 55.4393 0
      vertex 114.074 55.1142 2.4
      vertex 114.561 55.4393 2.4
    endloop
  endfacet
  facet normal -0.555212 0.831709 0
    outer loop
      vertex 114.074 55.1142 2.4
      vertex 114.561 55.4393 0
      vertex 114.074 55.1142 0
    endloop
  endfacet
  facet normal 0.831629 -0.555331 0
    outer loop
      vertex 112.114 57.074 2.4
      vertex 112.439 57.5607 0
      vertex 112.439 57.5607 2.4
    endloop
  endfacet
  facet normal 0.831629 -0.555331 0
    outer loop
      vertex 112.439 57.5607 0
      vertex 112.114 57.074 2.4
      vertex 112.114 57.074 0
    endloop
  endfacet
  facet normal 0.19513 -0.980777 0
    outer loop
      vertex 112.926 57.8858 0
      vertex 113.5 58 2.4
      vertex 112.926 57.8858 2.4
    endloop
  endfacet
  facet normal 0.19513 -0.980777 0
    outer loop
      vertex 113.5 58 2.4
      vertex 112.926 57.8858 0
      vertex 113.5 58 0
    endloop
  endfacet
  facet normal 0.555212 -0.831709 0
    outer loop
      vertex 112.439 57.5607 0
      vertex 112.926 57.8858 2.4
      vertex 112.439 57.5607 2.4
    endloop
  endfacet
  facet normal 0.555212 -0.831709 0
    outer loop
      vertex 112.926 57.8858 2.4
      vertex 112.439 57.5607 0
      vertex 112.926 57.8858 0
    endloop
  endfacet
  facet normal -0.980843 0.194802 0
    outer loop
      vertex 114.886 55.926 0
      vertex 115 56.5 2.4
      vertex 115 56.5 0
    endloop
  endfacet
  facet normal -0.980843 0.194802 0
    outer loop
      vertex 115 56.5 2.4
      vertex 114.886 55.926 0
      vertex 114.886 55.926 2.4
    endloop
  endfacet
  facet normal 0.980843 -0.194802 0
    outer loop
      vertex 112 56.5 2.4
      vertex 112.114 57.074 0
      vertex 112.114 57.074 2.4
    endloop
  endfacet
  facet normal 0.980843 -0.194802 0
    outer loop
      vertex 112.114 57.074 0
      vertex 112 56.5 2.4
      vertex 112 56.5 0
    endloop
  endfacet
  facet normal 0.831629 0.555331 0
    outer loop
      vertex 112.439 55.4393 2.4
      vertex 112.114 55.926 0
      vertex 112.114 55.926 2.4
    endloop
  endfacet
  facet normal 0.831629 0.555331 0
    outer loop
      vertex 112.114 55.926 0
      vertex 112.439 55.4393 2.4
      vertex 112.439 55.4393 0
    endloop
  endfacet
  facet normal -0.19513 0.980777 0
    outer loop
      vertex 114.074 55.1142 0
      vertex 113.5 55 2.4
      vertex 114.074 55.1142 2.4
    endloop
  endfacet
  facet normal -0.19513 0.980777 0
    outer loop
      vertex 113.5 55 2.4
      vertex 114.074 55.1142 0
      vertex 113.5 55 0
    endloop
  endfacet
  facet normal 0.555212 0.831709 -0
    outer loop
      vertex 112.926 55.1142 0
      vertex 112.439 55.4393 2.4
      vertex 112.926 55.1142 2.4
    endloop
  endfacet
  facet normal 0.555212 0.831709 0
    outer loop
      vertex 112.439 55.4393 2.4
      vertex 112.926 55.1142 0
      vertex 112.439 55.4393 0
    endloop
  endfacet
  facet normal 0.19513 0.980777 -0
    outer loop
      vertex 113.5 62 0
      vertex 112.926 62.1142 2.4
      vertex 113.5 62 2.4
    endloop
  endfacet
  facet normal 0.19513 0.980777 0
    outer loop
      vertex 112.926 62.1142 2.4
      vertex 113.5 62 0
      vertex 112.926 62.1142 0
    endloop
  endfacet
  facet normal -0.831629 0.555331 0
    outer loop
      vertex 114.561 62.4393 0
      vertex 114.886 62.926 2.4
      vertex 114.886 62.926 0
    endloop
  endfacet
  facet normal -0.831629 0.555331 0
    outer loop
      vertex 114.886 62.926 2.4
      vertex 114.561 62.4393 0
      vertex 114.561 62.4393 2.4
    endloop
  endfacet
  facet normal -0.831629 -0.555331 0
    outer loop
      vertex 114.886 64.074 0
      vertex 114.561 64.5607 2.4
      vertex 114.561 64.5607 0
    endloop
  endfacet
  facet normal -0.831629 -0.555331 0
    outer loop
      vertex 114.561 64.5607 2.4
      vertex 114.886 64.074 0
      vertex 114.886 64.074 2.4
    endloop
  endfacet
  facet normal -0.980843 -0.194802 0
    outer loop
      vertex 115 63.5 0
      vertex 114.886 64.074 2.4
      vertex 114.886 64.074 0
    endloop
  endfacet
  facet normal -0.980843 -0.194802 0
    outer loop
      vertex 114.886 64.074 2.4
      vertex 115 63.5 0
      vertex 115 63.5 2.4
    endloop
  endfacet
  facet normal -0.555212 -0.831709 0
    outer loop
      vertex 114.074 64.8858 0
      vertex 114.561 64.5607 2.4
      vertex 114.074 64.8858 2.4
    endloop
  endfacet
  facet normal -0.555212 -0.831709 -0
    outer loop
      vertex 114.561 64.5607 2.4
      vertex 114.074 64.8858 0
      vertex 114.561 64.5607 0
    endloop
  endfacet
  facet normal -0.19513 -0.980777 0
    outer loop
      vertex 113.5 65 0
      vertex 114.074 64.8858 2.4
      vertex 113.5 65 2.4
    endloop
  endfacet
  facet normal -0.19513 -0.980777 -0
    outer loop
      vertex 114.074 64.8858 2.4
      vertex 113.5 65 0
      vertex 114.074 64.8858 0
    endloop
  endfacet
  facet normal 0.980843 0.194802 0
    outer loop
      vertex 112.114 62.926 2.4
      vertex 112 63.5 0
      vertex 112 63.5 2.4
    endloop
  endfacet
  facet normal 0.980843 0.194802 0
    outer loop
      vertex 112 63.5 0
      vertex 112.114 62.926 2.4
      vertex 112.114 62.926 0
    endloop
  endfacet
  facet normal -0.555212 0.831709 0
    outer loop
      vertex 114.561 62.4393 0
      vertex 114.074 62.1142 2.4
      vertex 114.561 62.4393 2.4
    endloop
  endfacet
  facet normal -0.555212 0.831709 0
    outer loop
      vertex 114.074 62.1142 2.4
      vertex 114.561 62.4393 0
      vertex 114.074 62.1142 0
    endloop
  endfacet
  facet normal 0.831629 -0.555331 0
    outer loop
      vertex 112.114 64.074 2.4
      vertex 112.439 64.5607 0
      vertex 112.439 64.5607 2.4
    endloop
  endfacet
  facet normal 0.831629 -0.555331 0
    outer loop
      vertex 112.439 64.5607 0
      vertex 112.114 64.074 2.4
      vertex 112.114 64.074 0
    endloop
  endfacet
  facet normal 0.19513 -0.980777 0
    outer loop
      vertex 112.926 64.8858 0
      vertex 113.5 65 2.4
      vertex 112.926 64.8858 2.4
    endloop
  endfacet
  facet normal 0.19513 -0.980777 0
    outer loop
      vertex 113.5 65 2.4
      vertex 112.926 64.8858 0
      vertex 113.5 65 0
    endloop
  endfacet
  facet normal 0.555212 -0.831709 0
    outer loop
      vertex 112.439 64.5607 0
      vertex 112.926 64.8858 2.4
      vertex 112.439 64.5607 2.4
    endloop
  endfacet
  facet normal 0.555212 -0.831709 0
    outer loop
      vertex 112.926 64.8858 2.4
      vertex 112.439 64.5607 0
      vertex 112.926 64.8858 0
    endloop
  endfacet
  facet normal -0.980843 0.194802 0
    outer loop
      vertex 114.886 62.926 0
      vertex 115 63.5 2.4
      vertex 115 63.5 0
    endloop
  endfacet
  facet normal -0.980843 0.194802 0
    outer loop
      vertex 115 63.5 2.4
      vertex 114.886 62.926 0
      vertex 114.886 62.926 2.4
    endloop
  endfacet
  facet normal 0.980843 -0.194802 0
    outer loop
      vertex 112 63.5 2.4
      vertex 112.114 64.074 0
      vertex 112.114 64.074 2.4
    endloop
  endfacet
  facet normal 0.980843 -0.194802 0
    outer loop
      vertex 112.114 64.074 0
      vertex 112 63.5 2.4
      vertex 112 63.5 0
    endloop
  endfacet
  facet normal 0.831629 0.555331 0
    outer loop
      vertex 112.439 62.4393 2.4
      vertex 112.114 62.926 0
      vertex 112.114 62.926 2.4
    endloop
  endfacet
  facet normal 0.831629 0.555331 0
    outer loop
      vertex 112.114 62.926 0
      vertex 112.439 62.4393 2.4
      vertex 112.439 62.4393 0
    endloop
  endfacet
  facet normal -0.19513 0.980777 0
    outer loop
      vertex 114.074 62.1142 0
      vertex 113.5 62 2.4
      vertex 114.074 62.1142 2.4
    endloop
  endfacet
  facet normal -0.19513 0.980777 0
    outer loop
      vertex 113.5 62 2.4
      vertex 114.074 62.1142 0
      vertex 113.5 62 0
    endloop
  endfacet
  facet normal 0.555212 0.831709 -0
    outer loop
      vertex 112.926 62.1142 0
      vertex 112.439 62.4393 2.4
      vertex 112.926 62.1142 2.4
    endloop
  endfacet
  facet normal 0.555212 0.831709 0
    outer loop
      vertex 112.439 62.4393 2.4
      vertex 112.926 62.1142 0
      vertex 112.439 62.4393 0
    endloop
  endfacet
  facet normal 0.19513 0.980777 -0
    outer loop
      vertex 113.5 69 0
      vertex 112.926 69.1142 2.4
      vertex 113.5 69 2.4
    endloop
  endfacet
  facet normal 0.19513 0.980777 0
    outer loop
      vertex 112.926 69.1142 2.4
      vertex 113.5 69 0
      vertex 112.926 69.1142 0
    endloop
  endfacet
  facet normal -0.831629 0.555331 0
    outer loop
      vertex 114.561 69.4393 0
      vertex 114.886 69.926 2.4
      vertex 114.886 69.926 0
    endloop
  endfacet
  facet normal -0.831629 0.555331 0
    outer loop
      vertex 114.886 69.926 2.4
      vertex 114.561 69.4393 0
      vertex 114.561 69.4393 2.4
    endloop
  endfacet
  facet normal -0.831629 -0.555331 0
    outer loop
      vertex 114.886 71.074 0
      vertex 114.561 71.5607 2.4
      vertex 114.561 71.5607 0
    endloop
  endfacet
  facet normal -0.831629 -0.555331 0
    outer loop
      vertex 114.561 71.5607 2.4
      vertex 114.886 71.074 0
      vertex 114.886 71.074 2.4
    endloop
  endfacet
  facet normal -0.980843 -0.194802 0
    outer loop
      vertex 115 70.5 0
      vertex 114.886 71.074 2.4
      vertex 114.886 71.074 0
    endloop
  endfacet
  facet normal -0.980843 -0.194802 0
    outer loop
      vertex 114.886 71.074 2.4
      vertex 115 70.5 0
      vertex 115 70.5 2.4
    endloop
  endfacet
  facet normal -0.555212 -0.831709 0
    outer loop
      vertex 114.074 71.8858 0
      vertex 114.561 71.5607 2.4
      vertex 114.074 71.8858 2.4
    endloop
  endfacet
  facet normal -0.555212 -0.831709 -0
    outer loop
      vertex 114.561 71.5607 2.4
      vertex 114.074 71.8858 0
      vertex 114.561 71.5607 0
    endloop
  endfacet
  facet normal -0.19513 -0.980777 0
    outer loop
      vertex 113.5 72 0
      vertex 114.074 71.8858 2.4
      vertex 113.5 72 2.4
    endloop
  endfacet
  facet normal -0.19513 -0.980777 -0
    outer loop
      vertex 114.074 71.8858 2.4
      vertex 113.5 72 0
      vertex 114.074 71.8858 0
    endloop
  endfacet
  facet normal 0.980843 0.194802 0
    outer loop
      vertex 112.114 69.926 2.4
      vertex 112 70.5 0
      vertex 112 70.5 2.4
    endloop
  endfacet
  facet normal 0.980843 0.194802 0
    outer loop
      vertex 112 70.5 0
      vertex 112.114 69.926 2.4
      vertex 112.114 69.926 0
    endloop
  endfacet
  facet normal -0.555212 0.831709 0
    outer loop
      vertex 114.561 69.4393 0
      vertex 114.074 69.1142 2.4
      vertex 114.561 69.4393 2.4
    endloop
  endfacet
  facet normal -0.555212 0.831709 0
    outer loop
      vertex 114.074 69.1142 2.4
      vertex 114.561 69.4393 0
      vertex 114.074 69.1142 0
    endloop
  endfacet
  facet normal 0.831629 -0.555331 0
    outer loop
      vertex 112.114 71.074 2.4
      vertex 112.439 71.5607 0
      vertex 112.439 71.5607 2.4
    endloop
  endfacet
  facet normal 0.831629 -0.555331 0
    outer loop
      vertex 112.439 71.5607 0
      vertex 112.114 71.074 2.4
      vertex 112.114 71.074 0
    endloop
  endfacet
  facet normal 0.19513 -0.980777 0
    outer loop
      vertex 112.926 71.8858 0
      vertex 113.5 72 2.4
      vertex 112.926 71.8858 2.4
    endloop
  endfacet
  facet normal 0.19513 -0.980777 0
    outer loop
      vertex 113.5 72 2.4
      vertex 112.926 71.8858 0
      vertex 113.5 72 0
    endloop
  endfacet
  facet normal 0.555212 -0.831709 0
    outer loop
      vertex 112.439 71.5607 0
      vertex 112.926 71.8858 2.4
      vertex 112.439 71.5607 2.4
    endloop
  endfacet
  facet normal 0.555212 -0.831709 0
    outer loop
      vertex 112.926 71.8858 2.4
      vertex 112.439 71.5607 0
      vertex 112.926 71.8858 0
    endloop
  endfacet
  facet normal -0.980843 0.194802 0
    outer loop
      vertex 114.886 69.926 0
      vertex 115 70.5 2.4
      vertex 115 70.5 0
    endloop
  endfacet
  facet normal -0.980843 0.194802 0
    outer loop
      vertex 115 70.5 2.4
      vertex 114.886 69.926 0
      vertex 114.886 69.926 2.4
    endloop
  endfacet
  facet normal 0.980843 -0.194802 0
    outer loop
      vertex 112 70.5 2.4
      vertex 112.114 71.074 0
      vertex 112.114 71.074 2.4
    endloop
  endfacet
  facet normal 0.980843 -0.194802 0
    outer loop
      vertex 112.114 71.074 0
      vertex 112 70.5 2.4
      vertex 112 70.5 0
    endloop
  endfacet
  facet normal 0.831629 0.555331 0
    outer loop
      vertex 112.439 69.4393 2.4
      vertex 112.114 69.926 0
      vertex 112.114 69.926 2.4
    endloop
  endfacet
  facet normal 0.831629 0.555331 0
    outer loop
      vertex 112.114 69.926 0
      vertex 112.439 69.4393 2.4
      vertex 112.439 69.4393 0
    endloop
  endfacet
  facet normal -0.19513 0.980777 0
    outer loop
      vertex 114.074 69.1142 0
      vertex 113.5 69 2.4
      vertex 114.074 69.1142 2.4
    endloop
  endfacet
  facet normal -0.19513 0.980777 0
    outer loop
      vertex 113.5 69 2.4
      vertex 114.074 69.1142 0
      vertex 113.5 69 0
    endloop
  endfacet
  facet normal 0.555212 0.831709 -0
    outer loop
      vertex 112.926 69.1142 0
      vertex 112.439 69.4393 2.4
      vertex 112.926 69.1142 2.4
    endloop
  endfacet
  facet normal 0.555212 0.831709 0
    outer loop
      vertex 112.439 69.4393 2.4
      vertex 112.926 69.1142 0
      vertex 112.439 69.4393 0
    endloop
  endfacet
  facet normal 0.19513 0.980777 -0
    outer loop
      vertex 120.5 34 0
      vertex 119.926 34.1142 2.4
      vertex 120.5 34 2.4
    endloop
  endfacet
  facet normal 0.19513 0.980777 0
    outer loop
      vertex 119.926 34.1142 2.4
      vertex 120.5 34 0
      vertex 119.926 34.1142 0
    endloop
  endfacet
  facet normal -0.831629 0.555331 0
    outer loop
      vertex 121.561 34.4393 0
      vertex 121.886 34.926 2.4
      vertex 121.886 34.926 0
    endloop
  endfacet
  facet normal -0.831629 0.555331 0
    outer loop
      vertex 121.886 34.926 2.4
      vertex 121.561 34.4393 0
      vertex 121.561 34.4393 2.4
    endloop
  endfacet
  facet normal -0.831629 -0.555331 0
    outer loop
      vertex 121.886 36.074 0
      vertex 121.561 36.5607 2.4
      vertex 121.561 36.5607 0
    endloop
  endfacet
  facet normal -0.831629 -0.555331 0
    outer loop
      vertex 121.561 36.5607 2.4
      vertex 121.886 36.074 0
      vertex 121.886 36.074 2.4
    endloop
  endfacet
  facet normal -0.980843 -0.194802 0
    outer loop
      vertex 122 35.5 0
      vertex 121.886 36.074 2.4
      vertex 121.886 36.074 0
    endloop
  endfacet
  facet normal -0.980843 -0.194802 0
    outer loop
      vertex 121.886 36.074 2.4
      vertex 122 35.5 0
      vertex 122 35.5 2.4
    endloop
  endfacet
  facet normal -0.555212 -0.831709 0
    outer loop
      vertex 121.074 36.8858 0
      vertex 121.561 36.5607 2.4
      vertex 121.074 36.8858 2.4
    endloop
  endfacet
  facet normal -0.555212 -0.831709 -0
    outer loop
      vertex 121.561 36.5607 2.4
      vertex 121.074 36.8858 0
      vertex 121.561 36.5607 0
    endloop
  endfacet
  facet normal 0.980843 0.194802 0
    outer loop
      vertex 119.114 34.926 2.4
      vertex 119 35.5 0
      vertex 119 35.5 2.4
    endloop
  endfacet
  facet normal 0.980843 0.194802 0
    outer loop
      vertex 119 35.5 0
      vertex 119.114 34.926 2.4
      vertex 119.114 34.926 0
    endloop
  endfacet
  facet normal -0.555212 0.831709 0
    outer loop
      vertex 121.561 34.4393 0
      vertex 121.074 34.1142 2.4
      vertex 121.561 34.4393 2.4
    endloop
  endfacet
  facet normal -0.555212 0.831709 0
    outer loop
      vertex 121.074 34.1142 2.4
      vertex 121.561 34.4393 0
      vertex 121.074 34.1142 0
    endloop
  endfacet
  facet normal 0.831629 -0.555331 0
    outer loop
      vertex 119.114 36.074 2.4
      vertex 119.439 36.5607 0
      vertex 119.439 36.5607 2.4
    endloop
  endfacet
  facet normal 0.831629 -0.555331 0
    outer loop
      vertex 119.439 36.5607 0
      vertex 119.114 36.074 2.4
      vertex 119.114 36.074 0
    endloop
  endfacet
  facet normal 0.19513 -0.980777 0
    outer loop
      vertex 119.926 36.8858 0
      vertex 120.5 37 2.4
      vertex 119.926 36.8858 2.4
    endloop
  endfacet
  facet normal 0.19513 -0.980777 0
    outer loop
      vertex 120.5 37 2.4
      vertex 119.926 36.8858 0
      vertex 120.5 37 0
    endloop
  endfacet
  facet normal 0.555212 -0.831709 0
    outer loop
      vertex 119.439 36.5607 0
      vertex 119.926 36.8858 2.4
      vertex 119.439 36.5607 2.4
    endloop
  endfacet
  facet normal 0.555212 -0.831709 0
    outer loop
      vertex 119.926 36.8858 2.4
      vertex 119.439 36.5607 0
      vertex 119.926 36.8858 0
    endloop
  endfacet
  facet normal -0.980843 0.194802 0
    outer loop
      vertex 121.886 34.926 0
      vertex 122 35.5 2.4
      vertex 122 35.5 0
    endloop
  endfacet
  facet normal -0.980843 0.194802 0
    outer loop
      vertex 122 35.5 2.4
      vertex 121.886 34.926 0
      vertex 121.886 34.926 2.4
    endloop
  endfacet
  facet normal 0.980843 -0.194802 0
    outer loop
      vertex 119 35.5 2.4
      vertex 119.114 36.074 0
      vertex 119.114 36.074 2.4
    endloop
  endfacet
  facet normal 0.980843 -0.194802 0
    outer loop
      vertex 119.114 36.074 0
      vertex 119 35.5 2.4
      vertex 119 35.5 0
    endloop
  endfacet
  facet normal 0.831629 0.555331 0
    outer loop
      vertex 119.439 34.4393 2.4
      vertex 119.114 34.926 0
      vertex 119.114 34.926 2.4
    endloop
  endfacet
  facet normal 0.831629 0.555331 0
    outer loop
      vertex 119.114 34.926 0
      vertex 119.439 34.4393 2.4
      vertex 119.439 34.4393 0
    endloop
  endfacet
  facet normal -0.19513 -0.980777 0
    outer loop
      vertex 120.5 37 0
      vertex 121.074 36.8858 2.4
      vertex 120.5 37 2.4
    endloop
  endfacet
  facet normal -0.19513 -0.980777 -0
    outer loop
      vertex 121.074 36.8858 2.4
      vertex 120.5 37 0
      vertex 121.074 36.8858 0
    endloop
  endfacet
  facet normal -0.19513 0.980777 0
    outer loop
      vertex 121.074 34.1142 0
      vertex 120.5 34 2.4
      vertex 121.074 34.1142 2.4
    endloop
  endfacet
  facet normal -0.19513 0.980777 0
    outer loop
      vertex 120.5 34 2.4
      vertex 121.074 34.1142 0
      vertex 120.5 34 0
    endloop
  endfacet
  facet normal 0.555212 0.831709 -0
    outer loop
      vertex 119.926 34.1142 0
      vertex 119.439 34.4393 2.4
      vertex 119.926 34.1142 2.4
    endloop
  endfacet
  facet normal 0.555212 0.831709 0
    outer loop
      vertex 119.439 34.4393 2.4
      vertex 119.926 34.1142 0
      vertex 119.439 34.4393 0
    endloop
  endfacet
  facet normal 0.19513 0.980777 -0
    outer loop
      vertex 120.5 41 0
      vertex 119.926 41.1142 2.4
      vertex 120.5 41 2.4
    endloop
  endfacet
  facet normal 0.19513 0.980777 0
    outer loop
      vertex 119.926 41.1142 2.4
      vertex 120.5 41 0
      vertex 119.926 41.1142 0
    endloop
  endfacet
  facet normal -0.831629 0.555331 0
    outer loop
      vertex 121.561 41.4393 0
      vertex 121.886 41.926 2.4
      vertex 121.886 41.926 0
    endloop
  endfacet
  facet normal -0.831629 0.555331 0
    outer loop
      vertex 121.886 41.926 2.4
      vertex 121.561 41.4393 0
      vertex 121.561 41.4393 2.4
    endloop
  endfacet
  facet normal -0.831629 -0.555331 0
    outer loop
      vertex 121.886 43.074 0
      vertex 121.561 43.5607 2.4
      vertex 121.561 43.5607 0
    endloop
  endfacet
  facet normal -0.831629 -0.555331 0
    outer loop
      vertex 121.561 43.5607 2.4
      vertex 121.886 43.074 0
      vertex 121.886 43.074 2.4
    endloop
  endfacet
  facet normal -0.980843 -0.194802 0
    outer loop
      vertex 122 42.5 0
      vertex 121.886 43.074 2.4
      vertex 121.886 43.074 0
    endloop
  endfacet
  facet normal -0.980843 -0.194802 0
    outer loop
      vertex 121.886 43.074 2.4
      vertex 122 42.5 0
      vertex 122 42.5 2.4
    endloop
  endfacet
  facet normal -0.555212 -0.831709 0
    outer loop
      vertex 121.074 43.8858 0
      vertex 121.561 43.5607 2.4
      vertex 121.074 43.8858 2.4
    endloop
  endfacet
  facet normal -0.555212 -0.831709 -0
    outer loop
      vertex 121.561 43.5607 2.4
      vertex 121.074 43.8858 0
      vertex 121.561 43.5607 0
    endloop
  endfacet
  facet normal 0.980843 0.194802 0
    outer loop
      vertex 119.114 41.926 2.4
      vertex 119 42.5 0
      vertex 119 42.5 2.4
    endloop
  endfacet
  facet normal 0.980843 0.194802 0
    outer loop
      vertex 119 42.5 0
      vertex 119.114 41.926 2.4
      vertex 119.114 41.926 0
    endloop
  endfacet
  facet normal -0.555212 0.831709 0
    outer loop
      vertex 121.561 41.4393 0
      vertex 121.074 41.1142 2.4
      vertex 121.561 41.4393 2.4
    endloop
  endfacet
  facet normal -0.555212 0.831709 0
    outer loop
      vertex 121.074 41.1142 2.4
      vertex 121.561 41.4393 0
      vertex 121.074 41.1142 0
    endloop
  endfacet
  facet normal 0.831629 -0.555331 0
    outer loop
      vertex 119.114 43.074 2.4
      vertex 119.439 43.5607 0
      vertex 119.439 43.5607 2.4
    endloop
  endfacet
  facet normal 0.831629 -0.555331 0
    outer loop
      vertex 119.439 43.5607 0
      vertex 119.114 43.074 2.4
      vertex 119.114 43.074 0
    endloop
  endfacet
  facet normal 0.19513 -0.980777 0
    outer loop
      vertex 119.926 43.8858 0
      vertex 120.5 44 2.4
      vertex 119.926 43.8858 2.4
    endloop
  endfacet
  facet normal 0.19513 -0.980777 0
    outer loop
      vertex 120.5 44 2.4
      vertex 119.926 43.8858 0
      vertex 120.5 44 0
    endloop
  endfacet
  facet normal 0.555212 -0.831709 0
    outer loop
      vertex 119.439 43.5607 0
      vertex 119.926 43.8858 2.4
      vertex 119.439 43.5607 2.4
    endloop
  endfacet
  facet normal 0.555212 -0.831709 0
    outer loop
      vertex 119.926 43.8858 2.4
      vertex 119.439 43.5607 0
      vertex 119.926 43.8858 0
    endloop
  endfacet
  facet normal -0.980843 0.194802 0
    outer loop
      vertex 121.886 41.926 0
      vertex 122 42.5 2.4
      vertex 122 42.5 0
    endloop
  endfacet
  facet normal -0.980843 0.194802 0
    outer loop
      vertex 122 42.5 2.4
      vertex 121.886 41.926 0
      vertex 121.886 41.926 2.4
    endloop
  endfacet
  facet normal 0.980843 -0.194802 0
    outer loop
      vertex 119 42.5 2.4
      vertex 119.114 43.074 0
      vertex 119.114 43.074 2.4
    endloop
  endfacet
  facet normal 0.980843 -0.194802 0
    outer loop
      vertex 119.114 43.074 0
      vertex 119 42.5 2.4
      vertex 119 42.5 0
    endloop
  endfacet
  facet normal 0.831629 0.555331 0
    outer loop
      vertex 119.439 41.4393 2.4
      vertex 119.114 41.926 0
      vertex 119.114 41.926 2.4
    endloop
  endfacet
  facet normal 0.831629 0.555331 0
    outer loop
      vertex 119.114 41.926 0
      vertex 119.439 41.4393 2.4
      vertex 119.439 41.4393 0
    endloop
  endfacet
  facet normal -0.19513 -0.980777 0
    outer loop
      vertex 120.5 44 0
      vertex 121.074 43.8858 2.4
      vertex 120.5 44 2.4
    endloop
  endfacet
  facet normal -0.19513 -0.980777 -0
    outer loop
      vertex 121.074 43.8858 2.4
      vertex 120.5 44 0
      vertex 121.074 43.8858 0
    endloop
  endfacet
  facet normal -0.19513 0.980777 0
    outer loop
      vertex 121.074 41.1142 0
      vertex 120.5 41 2.4
      vertex 121.074 41.1142 2.4
    endloop
  endfacet
  facet normal -0.19513 0.980777 0
    outer loop
      vertex 120.5 41 2.4
      vertex 121.074 41.1142 0
      vertex 120.5 41 0
    endloop
  endfacet
  facet normal 0.555212 0.831709 -0
    outer loop
      vertex 119.926 41.1142 0
      vertex 119.439 41.4393 2.4
      vertex 119.926 41.1142 2.4
    endloop
  endfacet
  facet normal 0.555212 0.831709 0
    outer loop
      vertex 119.439 41.4393 2.4
      vertex 119.926 41.1142 0
      vertex 119.439 41.4393 0
    endloop
  endfacet
  facet normal 0.19513 0.980777 -0
    outer loop
      vertex 120.5 48 0
      vertex 119.926 48.1142 2.4
      vertex 120.5 48 2.4
    endloop
  endfacet
  facet normal 0.19513 0.980777 0
    outer loop
      vertex 119.926 48.1142 2.4
      vertex 120.5 48 0
      vertex 119.926 48.1142 0
    endloop
  endfacet
  facet normal -0.831629 0.555331 0
    outer loop
      vertex 121.561 48.4393 0
      vertex 121.886 48.926 2.4
      vertex 121.886 48.926 0
    endloop
  endfacet
  facet normal -0.831629 0.555331 0
    outer loop
      vertex 121.886 48.926 2.4
      vertex 121.561 48.4393 0
      vertex 121.561 48.4393 2.4
    endloop
  endfacet
  facet normal -0.831629 -0.555331 0
    outer loop
      vertex 121.886 50.074 0
      vertex 121.561 50.5607 2.4
      vertex 121.561 50.5607 0
    endloop
  endfacet
  facet normal -0.831629 -0.555331 0
    outer loop
      vertex 121.561 50.5607 2.4
      vertex 121.886 50.074 0
      vertex 121.886 50.074 2.4
    endloop
  endfacet
  facet normal -0.980843 -0.194802 0
    outer loop
      vertex 122 49.5 0
      vertex 121.886 50.074 2.4
      vertex 121.886 50.074 0
    endloop
  endfacet
  facet normal -0.980843 -0.194802 0
    outer loop
      vertex 121.886 50.074 2.4
      vertex 122 49.5 0
      vertex 122 49.5 2.4
    endloop
  endfacet
  facet normal -0.555212 -0.831709 0
    outer loop
      vertex 121.074 50.8858 0
      vertex 121.561 50.5607 2.4
      vertex 121.074 50.8858 2.4
    endloop
  endfacet
  facet normal -0.555212 -0.831709 -0
    outer loop
      vertex 121.561 50.5607 2.4
      vertex 121.074 50.8858 0
      vertex 121.561 50.5607 0
    endloop
  endfacet
  facet normal -0.19513 -0.980777 0
    outer loop
      vertex 120.5 51 0
      vertex 121.074 50.8858 2.4
      vertex 120.5 51 2.4
    endloop
  endfacet
  facet normal -0.19513 -0.980777 -0
    outer loop
      vertex 121.074 50.8858 2.4
      vertex 120.5 51 0
      vertex 121.074 50.8858 0
    endloop
  endfacet
  facet normal 0.980843 0.194802 0
    outer loop
      vertex 119.114 48.926 2.4
      vertex 119 49.5 0
      vertex 119 49.5 2.4
    endloop
  endfacet
  facet normal 0.980843 0.194802 0
    outer loop
      vertex 119 49.5 0
      vertex 119.114 48.926 2.4
      vertex 119.114 48.926 0
    endloop
  endfacet
  facet normal -0.555212 0.831709 0
    outer loop
      vertex 121.561 48.4393 0
      vertex 121.074 48.1142 2.4
      vertex 121.561 48.4393 2.4
    endloop
  endfacet
  facet normal -0.555212 0.831709 0
    outer loop
      vertex 121.074 48.1142 2.4
      vertex 121.561 48.4393 0
      vertex 121.074 48.1142 0
    endloop
  endfacet
  facet normal 0.831629 -0.555331 0
    outer loop
      vertex 119.114 50.074 2.4
      vertex 119.439 50.5607 0
      vertex 119.439 50.5607 2.4
    endloop
  endfacet
  facet normal 0.831629 -0.555331 0
    outer loop
      vertex 119.439 50.5607 0
      vertex 119.114 50.074 2.4
      vertex 119.114 50.074 0
    endloop
  endfacet
  facet normal 0.19513 -0.980777 0
    outer loop
      vertex 119.926 50.8858 0
      vertex 120.5 51 2.4
      vertex 119.926 50.8858 2.4
    endloop
  endfacet
  facet normal 0.19513 -0.980777 0
    outer loop
      vertex 120.5 51 2.4
      vertex 119.926 50.8858 0
      vertex 120.5 51 0
    endloop
  endfacet
  facet normal 0.555212 -0.831709 0
    outer loop
      vertex 119.439 50.5607 0
      vertex 119.926 50.8858 2.4
      vertex 119.439 50.5607 2.4
    endloop
  endfacet
  facet normal 0.555212 -0.831709 0
    outer loop
      vertex 119.926 50.8858 2.4
      vertex 119.439 50.5607 0
      vertex 119.926 50.8858 0
    endloop
  endfacet
  facet normal -0.980843 0.194802 0
    outer loop
      vertex 121.886 48.926 0
      vertex 122 49.5 2.4
      vertex 122 49.5 0
    endloop
  endfacet
  facet normal -0.980843 0.194802 0
    outer loop
      vertex 122 49.5 2.4
      vertex 121.886 48.926 0
      vertex 121.886 48.926 2.4
    endloop
  endfacet
  facet normal 0.980843 -0.194802 0
    outer loop
      vertex 119 49.5 2.4
      vertex 119.114 50.074 0
      vertex 119.114 50.074 2.4
    endloop
  endfacet
  facet normal 0.980843 -0.194802 0
    outer loop
      vertex 119.114 50.074 0
      vertex 119 49.5 2.4
      vertex 119 49.5 0
    endloop
  endfacet
  facet normal 0.831629 0.555331 0
    outer loop
      vertex 119.439 48.4393 2.4
      vertex 119.114 48.926 0
      vertex 119.114 48.926 2.4
    endloop
  endfacet
  facet normal 0.831629 0.555331 0
    outer loop
      vertex 119.114 48.926 0
      vertex 119.439 48.4393 2.4
      vertex 119.439 48.4393 0
    endloop
  endfacet
  facet normal -0.19513 0.980777 0
    outer loop
      vertex 121.074 48.1142 0
      vertex 120.5 48 2.4
      vertex 121.074 48.1142 2.4
    endloop
  endfacet
  facet normal -0.19513 0.980777 0
    outer loop
      vertex 120.5 48 2.4
      vertex 121.074 48.1142 0
      vertex 120.5 48 0
    endloop
  endfacet
  facet normal 0.555212 0.831709 -0
    outer loop
      vertex 119.926 48.1142 0
      vertex 119.439 48.4393 2.4
      vertex 119.926 48.1142 2.4
    endloop
  endfacet
  facet normal 0.555212 0.831709 0
    outer loop
      vertex 119.439 48.4393 2.4
      vertex 119.926 48.1142 0
      vertex 119.439 48.4393 0
    endloop
  endfacet
  facet normal 0.19513 0.980777 -0
    outer loop
      vertex 120.5 55 0
      vertex 119.926 55.1142 2.4
      vertex 120.5 55 2.4
    endloop
  endfacet
  facet normal 0.19513 0.980777 0
    outer loop
      vertex 119.926 55.1142 2.4
      vertex 120.5 55 0
      vertex 119.926 55.1142 0
    endloop
  endfacet
  facet normal -0.831629 0.555331 0
    outer loop
      vertex 121.561 55.4393 0
      vertex 121.886 55.926 2.4
      vertex 121.886 55.926 0
    endloop
  endfacet
  facet normal -0.831629 0.555331 0
    outer loop
      vertex 121.886 55.926 2.4
      vertex 121.561 55.4393 0
      vertex 121.561 55.4393 2.4
    endloop
  endfacet
  facet normal -0.831629 -0.555331 0
    outer loop
      vertex 121.886 57.074 0
      vertex 121.561 57.5607 2.4
      vertex 121.561 57.5607 0
    endloop
  endfacet
  facet normal -0.831629 -0.555331 0
    outer loop
      vertex 121.561 57.5607 2.4
      vertex 121.886 57.074 0
      vertex 121.886 57.074 2.4
    endloop
  endfacet
  facet normal -0.980843 -0.194802 0
    outer loop
      vertex 122 56.5 0
      vertex 121.886 57.074 2.4
      vertex 121.886 57.074 0
    endloop
  endfacet
  facet normal -0.980843 -0.194802 0
    outer loop
      vertex 121.886 57.074 2.4
      vertex 122 56.5 0
      vertex 122 56.5 2.4
    endloop
  endfacet
  facet normal -0.555212 -0.831709 0
    outer loop
      vertex 121.074 57.8858 0
      vertex 121.561 57.5607 2.4
      vertex 121.074 57.8858 2.4
    endloop
  endfacet
  facet normal -0.555212 -0.831709 -0
    outer loop
      vertex 121.561 57.5607 2.4
      vertex 121.074 57.8858 0
      vertex 121.561 57.5607 0
    endloop
  endfacet
  facet normal -0.19513 -0.980777 0
    outer loop
      vertex 120.5 58 0
      vertex 121.074 57.8858 2.4
      vertex 120.5 58 2.4
    endloop
  endfacet
  facet normal -0.19513 -0.980777 -0
    outer loop
      vertex 121.074 57.8858 2.4
      vertex 120.5 58 0
      vertex 121.074 57.8858 0
    endloop
  endfacet
  facet normal 0.980843 0.194802 0
    outer loop
      vertex 119.114 55.926 2.4
      vertex 119 56.5 0
      vertex 119 56.5 2.4
    endloop
  endfacet
  facet normal 0.980843 0.194802 0
    outer loop
      vertex 119 56.5 0
      vertex 119.114 55.926 2.4
      vertex 119.114 55.926 0
    endloop
  endfacet
  facet normal -0.555212 0.831709 0
    outer loop
      vertex 121.561 55.4393 0
      vertex 121.074 55.1142 2.4
      vertex 121.561 55.4393 2.4
    endloop
  endfacet
  facet normal -0.555212 0.831709 0
    outer loop
      vertex 121.074 55.1142 2.4
      vertex 121.561 55.4393 0
      vertex 121.074 55.1142 0
    endloop
  endfacet
  facet normal 0.831629 -0.555331 0
    outer loop
      vertex 119.114 57.074 2.4
      vertex 119.439 57.5607 0
      vertex 119.439 57.5607 2.4
    endloop
  endfacet
  facet normal 0.831629 -0.555331 0
    outer loop
      vertex 119.439 57.5607 0
      vertex 119.114 57.074 2.4
      vertex 119.114 57.074 0
    endloop
  endfacet
  facet normal 0.19513 -0.980777 0
    outer loop
      vertex 119.926 57.8858 0
      vertex 120.5 58 2.4
      vertex 119.926 57.8858 2.4
    endloop
  endfacet
  facet normal 0.19513 -0.980777 0
    outer loop
      vertex 120.5 58 2.4
      vertex 119.926 57.8858 0
      vertex 120.5 58 0
    endloop
  endfacet
  facet normal 0.555212 -0.831709 0
    outer loop
      vertex 119.439 57.5607 0
      vertex 119.926 57.8858 2.4
      vertex 119.439 57.5607 2.4
    endloop
  endfacet
  facet normal 0.555212 -0.831709 0
    outer loop
      vertex 119.926 57.8858 2.4
      vertex 119.439 57.5607 0
      vertex 119.926 57.8858 0
    endloop
  endfacet
  facet normal -0.980843 0.194802 0
    outer loop
      vertex 121.886 55.926 0
      vertex 122 56.5 2.4
      vertex 122 56.5 0
    endloop
  endfacet
  facet normal -0.980843 0.194802 0
    outer loop
      vertex 122 56.5 2.4
      vertex 121.886 55.926 0
      vertex 121.886 55.926 2.4
    endloop
  endfacet
  facet normal 0.980843 -0.194802 0
    outer loop
      vertex 119 56.5 2.4
      vertex 119.114 57.074 0
      vertex 119.114 57.074 2.4
    endloop
  endfacet
  facet normal 0.980843 -0.194802 0
    outer loop
      vertex 119.114 57.074 0
      vertex 119 56.5 2.4
      vertex 119 56.5 0
    endloop
  endfacet
  facet normal 0.831629 0.555331 0
    outer loop
      vertex 119.439 55.4393 2.4
      vertex 119.114 55.926 0
      vertex 119.114 55.926 2.4
    endloop
  endfacet
  facet normal 0.831629 0.555331 0
    outer loop
      vertex 119.114 55.926 0
      vertex 119.439 55.4393 2.4
      vertex 119.439 55.4393 0
    endloop
  endfacet
  facet normal -0.19513 0.980777 0
    outer loop
      vertex 121.074 55.1142 0
      vertex 120.5 55 2.4
      vertex 121.074 55.1142 2.4
    endloop
  endfacet
  facet normal -0.19513 0.980777 0
    outer loop
      vertex 120.5 55 2.4
      vertex 121.074 55.1142 0
      vertex 120.5 55 0
    endloop
  endfacet
  facet normal 0.555212 0.831709 -0
    outer loop
      vertex 119.926 55.1142 0
      vertex 119.439 55.4393 2.4
      vertex 119.926 55.1142 2.4
    endloop
  endfacet
  facet normal 0.555212 0.831709 0
    outer loop
      vertex 119.439 55.4393 2.4
      vertex 119.926 55.1142 0
      vertex 119.439 55.4393 0
    endloop
  endfacet
  facet normal 0.19513 0.980777 -0
    outer loop
      vertex 120.5 62 0
      vertex 119.926 62.1142 2.4
      vertex 120.5 62 2.4
    endloop
  endfacet
  facet normal 0.19513 0.980777 0
    outer loop
      vertex 119.926 62.1142 2.4
      vertex 120.5 62 0
      vertex 119.926 62.1142 0
    endloop
  endfacet
  facet normal -0.831629 0.555331 0
    outer loop
      vertex 121.561 62.4393 0
      vertex 121.886 62.926 2.4
      vertex 121.886 62.926 0
    endloop
  endfacet
  facet normal -0.831629 0.555331 0
    outer loop
      vertex 121.886 62.926 2.4
      vertex 121.561 62.4393 0
      vertex 121.561 62.4393 2.4
    endloop
  endfacet
  facet normal -0.831629 -0.555331 0
    outer loop
      vertex 121.886 64.074 0
      vertex 121.561 64.5607 2.4
      vertex 121.561 64.5607 0
    endloop
  endfacet
  facet normal -0.831629 -0.555331 0
    outer loop
      vertex 121.561 64.5607 2.4
      vertex 121.886 64.074 0
      vertex 121.886 64.074 2.4
    endloop
  endfacet
  facet normal -0.980843 -0.194802 0
    outer loop
      vertex 122 63.5 0
      vertex 121.886 64.074 2.4
      vertex 121.886 64.074 0
    endloop
  endfacet
  facet normal -0.980843 -0.194802 0
    outer loop
      vertex 121.886 64.074 2.4
      vertex 122 63.5 0
      vertex 122 63.5 2.4
    endloop
  endfacet
  facet normal -0.555212 -0.831709 0
    outer loop
      vertex 121.074 64.8858 0
      vertex 121.561 64.5607 2.4
      vertex 121.074 64.8858 2.4
    endloop
  endfacet
  facet normal -0.555212 -0.831709 -0
    outer loop
      vertex 121.561 64.5607 2.4
      vertex 121.074 64.8858 0
      vertex 121.561 64.5607 0
    endloop
  endfacet
  facet normal 0.980843 0.194802 0
    outer loop
      vertex 119.114 62.926 2.4
      vertex 119 63.5 0
      vertex 119 63.5 2.4
    endloop
  endfacet
  facet normal 0.980843 0.194802 0
    outer loop
      vertex 119 63.5 0
      vertex 119.114 62.926 2.4
      vertex 119.114 62.926 0
    endloop
  endfacet
  facet normal -0.555212 0.831709 0
    outer loop
      vertex 121.561 62.4393 0
      vertex 121.074 62.1142 2.4
      vertex 121.561 62.4393 2.4
    endloop
  endfacet
  facet normal -0.555212 0.831709 0
    outer loop
      vertex 121.074 62.1142 2.4
      vertex 121.561 62.4393 0
      vertex 121.074 62.1142 0
    endloop
  endfacet
  facet normal 0.831629 -0.555331 0
    outer loop
      vertex 119.114 64.074 2.4
      vertex 119.439 64.5607 0
      vertex 119.439 64.5607 2.4
    endloop
  endfacet
  facet normal 0.831629 -0.555331 0
    outer loop
      vertex 119.439 64.5607 0
      vertex 119.114 64.074 2.4
      vertex 119.114 64.074 0
    endloop
  endfacet
  facet normal 0.19513 -0.980777 0
    outer loop
      vertex 119.926 64.8858 0
      vertex 120.5 65 2.4
      vertex 119.926 64.8858 2.4
    endloop
  endfacet
  facet normal 0.19513 -0.980777 0
    outer loop
      vertex 120.5 65 2.4
      vertex 119.926 64.8858 0
      vertex 120.5 65 0
    endloop
  endfacet
  facet normal 0.555212 -0.831709 0
    outer loop
      vertex 119.439 64.5607 0
      vertex 119.926 64.8858 2.4
      vertex 119.439 64.5607 2.4
    endloop
  endfacet
  facet normal 0.555212 -0.831709 0
    outer loop
      vertex 119.926 64.8858 2.4
      vertex 119.439 64.5607 0
      vertex 119.926 64.8858 0
    endloop
  endfacet
  facet normal -0.980843 0.194802 0
    outer loop
      vertex 121.886 62.926 0
      vertex 122 63.5 2.4
      vertex 122 63.5 0
    endloop
  endfacet
  facet normal -0.980843 0.194802 0
    outer loop
      vertex 122 63.5 2.4
      vertex 121.886 62.926 0
      vertex 121.886 62.926 2.4
    endloop
  endfacet
  facet normal 0.980843 -0.194802 0
    outer loop
      vertex 119 63.5 2.4
      vertex 119.114 64.074 0
      vertex 119.114 64.074 2.4
    endloop
  endfacet
  facet normal 0.980843 -0.194802 0
    outer loop
      vertex 119.114 64.074 0
      vertex 119 63.5 2.4
      vertex 119 63.5 0
    endloop
  endfacet
  facet normal 0.831629 0.555331 0
    outer loop
      vertex 119.439 62.4393 2.4
      vertex 119.114 62.926 0
      vertex 119.114 62.926 2.4
    endloop
  endfacet
  facet normal 0.831629 0.555331 0
    outer loop
      vertex 119.114 62.926 0
      vertex 119.439 62.4393 2.4
      vertex 119.439 62.4393 0
    endloop
  endfacet
  facet normal -0.19513 -0.980777 0
    outer loop
      vertex 120.5 65 0
      vertex 121.074 64.8858 2.4
      vertex 120.5 65 2.4
    endloop
  endfacet
  facet normal -0.19513 -0.980777 -0
    outer loop
      vertex 121.074 64.8858 2.4
      vertex 120.5 65 0
      vertex 121.074 64.8858 0
    endloop
  endfacet
  facet normal -0.19513 0.980777 0
    outer loop
      vertex 121.074 62.1142 0
      vertex 120.5 62 2.4
      vertex 121.074 62.1142 2.4
    endloop
  endfacet
  facet normal -0.19513 0.980777 0
    outer loop
      vertex 120.5 62 2.4
      vertex 121.074 62.1142 0
      vertex 120.5 62 0
    endloop
  endfacet
  facet normal 0.555212 0.831709 -0
    outer loop
      vertex 119.926 62.1142 0
      vertex 119.439 62.4393 2.4
      vertex 119.926 62.1142 2.4
    endloop
  endfacet
  facet normal 0.555212 0.831709 0
    outer loop
      vertex 119.439 62.4393 2.4
      vertex 119.926 62.1142 0
      vertex 119.439 62.4393 0
    endloop
  endfacet
  facet normal 0.19513 0.980777 -0
    outer loop
      vertex 120.5 69 0
      vertex 119.926 69.1142 2.4
      vertex 120.5 69 2.4
    endloop
  endfacet
  facet normal 0.19513 0.980777 0
    outer loop
      vertex 119.926 69.1142 2.4
      vertex 120.5 69 0
      vertex 119.926 69.1142 0
    endloop
  endfacet
  facet normal -0.831629 0.555331 0
    outer loop
      vertex 121.561 69.4393 0
      vertex 121.886 69.926 2.4
      vertex 121.886 69.926 0
    endloop
  endfacet
  facet normal -0.831629 0.555331 0
    outer loop
      vertex 121.886 69.926 2.4
      vertex 121.561 69.4393 0
      vertex 121.561 69.4393 2.4
    endloop
  endfacet
  facet normal -0.831629 -0.555331 0
    outer loop
      vertex 121.886 71.074 0
      vertex 121.561 71.5607 2.4
      vertex 121.561 71.5607 0
    endloop
  endfacet
  facet normal -0.831629 -0.555331 0
    outer loop
      vertex 121.561 71.5607 2.4
      vertex 121.886 71.074 0
      vertex 121.886 71.074 2.4
    endloop
  endfacet
  facet normal -0.980843 -0.194802 0
    outer loop
      vertex 122 70.5 0
      vertex 121.886 71.074 2.4
      vertex 121.886 71.074 0
    endloop
  endfacet
  facet normal -0.980843 -0.194802 0
    outer loop
      vertex 121.886 71.074 2.4
      vertex 122 70.5 0
      vertex 122 70.5 2.4
    endloop
  endfacet
  facet normal -0.555212 -0.831709 0
    outer loop
      vertex 121.074 71.8858 0
      vertex 121.561 71.5607 2.4
      vertex 121.074 71.8858 2.4
    endloop
  endfacet
  facet normal -0.555212 -0.831709 -0
    outer loop
      vertex 121.561 71.5607 2.4
      vertex 121.074 71.8858 0
      vertex 121.561 71.5607 0
    endloop
  endfacet
  facet normal -0.19513 -0.980777 0
    outer loop
      vertex 120.5 72 0
      vertex 121.074 71.8858 2.4
      vertex 120.5 72 2.4
    endloop
  endfacet
  facet normal -0.19513 -0.980777 -0
    outer loop
      vertex 121.074 71.8858 2.4
      vertex 120.5 72 0
      vertex 121.074 71.8858 0
    endloop
  endfacet
  facet normal 0.980843 0.194802 0
    outer loop
      vertex 119.114 69.926 2.4
      vertex 119 70.5 0
      vertex 119 70.5 2.4
    endloop
  endfacet
  facet normal 0.980843 0.194802 0
    outer loop
      vertex 119 70.5 0
      vertex 119.114 69.926 2.4
      vertex 119.114 69.926 0
    endloop
  endfacet
  facet normal -0.555212 0.831709 0
    outer loop
      vertex 121.561 69.4393 0
      vertex 121.074 69.1142 2.4
      vertex 121.561 69.4393 2.4
    endloop
  endfacet
  facet normal -0.555212 0.831709 0
    outer loop
      vertex 121.074 69.1142 2.4
      vertex 121.561 69.4393 0
      vertex 121.074 69.1142 0
    endloop
  endfacet
  facet normal 0.831629 -0.555331 0
    outer loop
      vertex 119.114 71.074 2.4
      vertex 119.439 71.5607 0
      vertex 119.439 71.5607 2.4
    endloop
  endfacet
  facet normal 0.831629 -0.555331 0
    outer loop
      vertex 119.439 71.5607 0
      vertex 119.114 71.074 2.4
      vertex 119.114 71.074 0
    endloop
  endfacet
  facet normal 0.19513 -0.980777 0
    outer loop
      vertex 119.926 71.8858 0
      vertex 120.5 72 2.4
      vertex 119.926 71.8858 2.4
    endloop
  endfacet
  facet normal 0.19513 -0.980777 0
    outer loop
      vertex 120.5 72 2.4
      vertex 119.926 71.8858 0
      vertex 120.5 72 0
    endloop
  endfacet
  facet normal 0.555212 -0.831709 0
    outer loop
      vertex 119.439 71.5607 0
      vertex 119.926 71.8858 2.4
      vertex 119.439 71.5607 2.4
    endloop
  endfacet
  facet normal 0.555212 -0.831709 0
    outer loop
      vertex 119.926 71.8858 2.4
      vertex 119.439 71.5607 0
      vertex 119.926 71.8858 0
    endloop
  endfacet
  facet normal -0.980843 0.194802 0
    outer loop
      vertex 121.886 69.926 0
      vertex 122 70.5 2.4
      vertex 122 70.5 0
    endloop
  endfacet
  facet normal -0.980843 0.194802 0
    outer loop
      vertex 122 70.5 2.4
      vertex 121.886 69.926 0
      vertex 121.886 69.926 2.4
    endloop
  endfacet
  facet normal 0.980843 -0.194802 0
    outer loop
      vertex 119 70.5 2.4
      vertex 119.114 71.074 0
      vertex 119.114 71.074 2.4
    endloop
  endfacet
  facet normal 0.980843 -0.194802 0
    outer loop
      vertex 119.114 71.074 0
      vertex 119 70.5 2.4
      vertex 119 70.5 0
    endloop
  endfacet
  facet normal 0.831629 0.555331 0
    outer loop
      vertex 119.439 69.4393 2.4
      vertex 119.114 69.926 0
      vertex 119.114 69.926 2.4
    endloop
  endfacet
  facet normal 0.831629 0.555331 0
    outer loop
      vertex 119.114 69.926 0
      vertex 119.439 69.4393 2.4
      vertex 119.439 69.4393 0
    endloop
  endfacet
  facet normal -0.19513 0.980777 0
    outer loop
      vertex 121.074 69.1142 0
      vertex 120.5 69 2.4
      vertex 121.074 69.1142 2.4
    endloop
  endfacet
  facet normal -0.19513 0.980777 0
    outer loop
      vertex 120.5 69 2.4
      vertex 121.074 69.1142 0
      vertex 120.5 69 0
    endloop
  endfacet
  facet normal 0.555212 0.831709 -0
    outer loop
      vertex 119.926 69.1142 0
      vertex 119.439 69.4393 2.4
      vertex 119.926 69.1142 2.4
    endloop
  endfacet
  facet normal 0.555212 0.831709 0
    outer loop
      vertex 119.439 69.4393 2.4
      vertex 119.926 69.1142 0
      vertex 119.439 69.4393 0
    endloop
  endfacet
  facet normal -0.290279 -0.956942 1.61531e-06
    outer loop
      vertex 162.463 30.3559 2.4
      vertex 163.3 30.102 0
      vertex 163.87 29.9291 2.4
    endloop
  endfacet
  facet normal -0.290283 -0.956941 0
    outer loop
      vertex 162.463 30.3559 -1
      vertex 163.3 30.102 0
      vertex 162.463 30.3559 2.4
    endloop
  endfacet
  facet normal -0.290283 -0.956941 -0
    outer loop
      vertex 163.3 30.102 0
      vertex 162.463 30.3559 -1
      vertex 163.3 30.102 -1
    endloop
  endfacet
  facet normal -0.290273 -0.956944 -0
    outer loop
      vertex 163.87 29.9291 2.4
      vertex 163.3 30.102 0
      vertex 163.87 29.9291 0
    endloop
  endfacet
  facet normal 0.0980578 -0.995181 0
    outer loop
      vertex 160.9 30.4902 0
      vertex 159.537 30.3559 2.4
      vertex 159.537 30.3559 0
    endloop
  endfacet
  facet normal 0.0980219 -0.995184 -2.05771e-05
    outer loop
      vertex 159.537 30.3559 2.4
      vertex 160.9 30.4902 0
      vertex 161 30.5 2.4
    endloop
  endfacet
  facet normal 0.0975328 -0.995232 0
    outer loop
      vertex 161 30.5 -1
      vertex 160.9 30.4902 0
      vertex 160.9 30.4902 -1
    endloop
  endfacet
  facet normal 0.0975328 -0.995232 0
    outer loop
      vertex 160.9 30.4902 0
      vertex 161 30.5 -1
      vertex 161 30.5 2.4
    endloop
  endfacet
  facet normal 0.471312 -0.881967 0
    outer loop
      vertex 156.833 29.236 0
      vertex 158.13 29.9291 2.4
      vertex 156.833 29.236 2.4
    endloop
  endfacet
  facet normal 0.471312 -0.881967 0
    outer loop
      vertex 158.13 29.9291 2.4
      vertex 156.833 29.236 0
      vertex 158.13 29.9291 0
    endloop
  endfacet
  facet normal 0.772911 -0.634515 0
    outer loop
      vertex 154.764 27.1668 2.4
      vertex 155.697 28.3033 0
      vertex 155.697 28.3033 2.4
    endloop
  endfacet
  facet normal 0.772911 -0.634515 0
    outer loop
      vertex 155.697 28.3033 0
      vertex 154.764 27.1668 2.4
      vertex 154.764 27.1668 0
    endloop
  endfacet
  facet normal 0.290279 -0.956942 0
    outer loop
      vertex 158.13 29.9291 0
      vertex 159.537 30.3559 2.4
      vertex 158.13 29.9291 2.4
    endloop
  endfacet
  facet normal 0.290279 -0.956942 0
    outer loop
      vertex 159.537 30.3559 2.4
      vertex 158.13 29.9291 0
      vertex 159.537 30.3559 0
    endloop
  endfacet
  facet normal -0.0980219 -0.995184 0
    outer loop
      vertex 161 30.5 -1
      vertex 162.463 30.3559 2.4
      vertex 161 30.5 2.4
    endloop
  endfacet
  facet normal -0.0980219 -0.995184 -0
    outer loop
      vertex 162.463 30.3559 2.4
      vertex 161 30.5 -1
      vertex 162.463 30.3559 -1
    endloop
  endfacet
  facet normal 0.63456 -0.772874 0
    outer loop
      vertex 155.697 28.3033 0
      vertex 156.833 29.236 2.4
      vertex 155.697 28.3033 2.4
    endloop
  endfacet
  facet normal 0.63456 -0.772874 0
    outer loop
      vertex 156.833 29.236 2.4
      vertex 155.697 28.3033 0
      vertex 156.833 29.236 0
    endloop
  endfacet
  facet normal -0.63449 -0.772931 0
    outer loop
      vertex 165.167 29.236 0
      vertex 166 28.5522 2.4
      vertex 165.167 29.236 2.4
    endloop
  endfacet
  facet normal -0.63449 -0.772931 -0
    outer loop
      vertex 166 28.5522 2.4
      vertex 165.167 29.236 0
      vertex 166 28.5522 0
    endloop
  endfacet
  facet normal -0.471312 -0.881967 0
    outer loop
      vertex 163.87 29.9291 0
      vertex 165.167 29.236 2.4
      vertex 163.87 29.9291 2.4
    endloop
  endfacet
  facet normal -0.471312 -0.881967 -0
    outer loop
      vertex 165.167 29.236 2.4
      vertex 163.87 29.9291 0
      vertex 165.167 29.236 0
    endloop
  endfacet
  facet normal 0.881817 -0.471592 0
    outer loop
      vertex 154.14 26 2.4
      vertex 154.764 27.1668 0
      vertex 154.764 27.1668 2.4
    endloop
  endfacet
  facet normal 0.881817 -0.471592 0
    outer loop
      vertex 154.764 27.1668 0
      vertex 154.14 26 2.4
      vertex 154.14 26 0
    endloop
  endfacet
  facet normal 0.60874 0.79337 -0
    outer loop
      vertex 71.75 50.8349 0
      vertex 71.2322 51.2322 2.4
      vertex 71.75 50.8349 2.4
    endloop
  endfacet
  facet normal 0.60874 0.79337 0
    outer loop
      vertex 71.2322 51.2322 2.4
      vertex 71.75 50.8349 0
      vertex 71.2322 51.2322 0
    endloop
  endfacet
  facet normal -0.923918 -0.382591 0
    outer loop
      vertex 75.4148 53.647 0
      vertex 75.1651 54.25 2.4
      vertex 75.1651 54.25 0
    endloop
  endfacet
  facet normal -0.923918 -0.382591 0
    outer loop
      vertex 75.1651 54.25 2.4
      vertex 75.4148 53.647 0
      vertex 75.4148 53.647 2.4
    endloop
  endfacet
  facet normal -0.991441 -0.130558 0
    outer loop
      vertex 75.5 53 0
      vertex 75.4148 53.647 2.4
      vertex 75.4148 53.647 0
    endloop
  endfacet
  facet normal -0.991441 -0.130558 0
    outer loop
      vertex 75.4148 53.647 2.4
      vertex 75.5 53 0
      vertex 75.5 53 2.4
    endloop
  endfacet
  facet normal -0.79337 -0.60874 0
    outer loop
      vertex 75.1651 54.25 0
      vertex 74.7678 54.7678 2.4
      vertex 74.7678 54.7678 0
    endloop
  endfacet
  facet normal -0.79337 -0.60874 0
    outer loop
      vertex 74.7678 54.7678 2.4
      vertex 75.1651 54.25 0
      vertex 75.1651 54.25 2.4
    endloop
  endfacet
  facet normal -0.60874 -0.79337 0
    outer loop
      vertex 74.25 55.1651 0
      vertex 74.7678 54.7678 2.4
      vertex 74.25 55.1651 2.4
    endloop
  endfacet
  facet normal -0.60874 -0.79337 -0
    outer loop
      vertex 74.7678 54.7678 2.4
      vertex 74.25 55.1651 0
      vertex 74.7678 54.7678 0
    endloop
  endfacet
  facet normal 0.130558 -0.991441 0
    outer loop
      vertex 72.353 55.4148 0
      vertex 73 55.5 2.4
      vertex 72.353 55.4148 2.4
    endloop
  endfacet
  facet normal 0.130558 -0.991441 0
    outer loop
      vertex 73 55.5 2.4
      vertex 72.353 55.4148 0
      vertex 73 55.5 0
    endloop
  endfacet
  facet normal -0.382591 -0.923918 0
    outer loop
      vertex 73.647 55.4148 0
      vertex 74.25 55.1651 2.4
      vertex 73.647 55.4148 2.4
    endloop
  endfacet
  facet normal -0.382591 -0.923918 -0
    outer loop
      vertex 74.25 55.1651 2.4
      vertex 73.647 55.4148 0
      vertex 74.25 55.1651 0
    endloop
  endfacet
  facet normal -0.79337 0.60874 0
    outer loop
      vertex 74.7678 51.2322 0
      vertex 75.1651 51.75 2.4
      vertex 75.1651 51.75 0
    endloop
  endfacet
  facet normal -0.79337 0.60874 0
    outer loop
      vertex 75.1651 51.75 2.4
      vertex 74.7678 51.2322 0
      vertex 74.7678 51.2322 2.4
    endloop
  endfacet
  facet normal 0.79337 -0.60874 0
    outer loop
      vertex 70.8349 54.25 2.4
      vertex 71.2322 54.7678 0
      vertex 71.2322 54.7678 2.4
    endloop
  endfacet
  facet normal 0.79337 -0.60874 0
    outer loop
      vertex 71.2322 54.7678 0
      vertex 70.8349 54.25 2.4
      vertex 70.8349 54.25 0
    endloop
  endfacet
  facet normal -0.130558 -0.991441 0
    outer loop
      vertex 73 55.5 0
      vertex 73.647 55.4148 2.4
      vertex 73 55.5 2.4
    endloop
  endfacet
  facet normal -0.130558 -0.991441 -0
    outer loop
      vertex 73.647 55.4148 2.4
      vertex 73 55.5 0
      vertex 73.647 55.4148 0
    endloop
  endfacet
  facet normal 0.991441 -0.130558 0
    outer loop
      vertex 70.5 53 2.4
      vertex 70.5852 53.647 0
      vertex 70.5852 53.647 2.4
    endloop
  endfacet
  facet normal 0.991441 -0.130558 0
    outer loop
      vertex 70.5852 53.647 0
      vertex 70.5 53 2.4
      vertex 70.5 53 0
    endloop
  endfacet
  facet normal -0.991441 0.130558 0
    outer loop
      vertex 75.4148 52.353 0
      vertex 75.5 53 2.4
      vertex 75.5 53 0
    endloop
  endfacet
  facet normal -0.991441 0.130558 0
    outer loop
      vertex 75.5 53 2.4
      vertex 75.4148 52.353 0
      vertex 75.4148 52.353 2.4
    endloop
  endfacet
  facet normal 0.60874 -0.79337 0
    outer loop
      vertex 71.2322 54.7678 0
      vertex 71.75 55.1651 2.4
      vertex 71.2322 54.7678 2.4
    endloop
  endfacet
  facet normal 0.60874 -0.79337 0
    outer loop
      vertex 71.75 55.1651 2.4
      vertex 71.2322 54.7678 0
      vertex 71.75 55.1651 0
    endloop
  endfacet
  facet normal 0.130558 0.991441 -0
    outer loop
      vertex 73 50.5 0
      vertex 72.353 50.5852 2.4
      vertex 73 50.5 2.4
    endloop
  endfacet
  facet normal 0.130558 0.991441 0
    outer loop
      vertex 72.353 50.5852 2.4
      vertex 73 50.5 0
      vertex 72.353 50.5852 0
    endloop
  endfacet
  facet normal -0.130558 0.991441 0
    outer loop
      vertex 73.647 50.5852 0
      vertex 73 50.5 2.4
      vertex 73.647 50.5852 2.4
    endloop
  endfacet
  facet normal -0.130558 0.991441 0
    outer loop
      vertex 73 50.5 2.4
      vertex 73.647 50.5852 0
      vertex 73 50.5 0
    endloop
  endfacet
  facet normal -0.382591 0.923918 0
    outer loop
      vertex 74.25 50.8349 0
      vertex 73.647 50.5852 2.4
      vertex 74.25 50.8349 2.4
    endloop
  endfacet
  facet normal -0.382591 0.923918 0
    outer loop
      vertex 73.647 50.5852 2.4
      vertex 74.25 50.8349 0
      vertex 73.647 50.5852 0
    endloop
  endfacet
  facet normal 0.79337 0.60874 0
    outer loop
      vertex 71.2322 51.2322 2.4
      vertex 70.8349 51.75 0
      vertex 70.8349 51.75 2.4
    endloop
  endfacet
  facet normal 0.79337 0.60874 0
    outer loop
      vertex 70.8349 51.75 0
      vertex 71.2322 51.2322 2.4
      vertex 71.2322 51.2322 0
    endloop
  endfacet
  facet normal -0.60874 0.79337 0
    outer loop
      vertex 74.7678 51.2322 0
      vertex 74.25 50.8349 2.4
      vertex 74.7678 51.2322 2.4
    endloop
  endfacet
  facet normal -0.60874 0.79337 0
    outer loop
      vertex 74.25 50.8349 2.4
      vertex 74.7678 51.2322 0
      vertex 74.25 50.8349 0
    endloop
  endfacet
  facet normal 0.991441 0.130558 0
    outer loop
      vertex 70.5852 52.353 2.4
      vertex 70.5 53 0
      vertex 70.5 53 2.4
    endloop
  endfacet
  facet normal 0.991441 0.130558 0
    outer loop
      vertex 70.5 53 0
      vertex 70.5852 52.353 2.4
      vertex 70.5852 52.353 0
    endloop
  endfacet
  facet normal 0.923918 -0.382591 0
    outer loop
      vertex 70.5852 53.647 2.4
      vertex 70.8349 54.25 0
      vertex 70.8349 54.25 2.4
    endloop
  endfacet
  facet normal 0.923918 -0.382591 0
    outer loop
      vertex 70.8349 54.25 0
      vertex 70.5852 53.647 2.4
      vertex 70.5852 53.647 0
    endloop
  endfacet
  facet normal 0.382591 0.923918 -0
    outer loop
      vertex 72.353 50.5852 0
      vertex 71.75 50.8349 2.4
      vertex 72.353 50.5852 2.4
    endloop
  endfacet
  facet normal 0.382591 0.923918 0
    outer loop
      vertex 71.75 50.8349 2.4
      vertex 72.353 50.5852 0
      vertex 71.75 50.8349 0
    endloop
  endfacet
  facet normal 0.923918 0.382591 0
    outer loop
      vertex 70.8349 51.75 2.4
      vertex 70.5852 52.353 0
      vertex 70.5852 52.353 2.4
    endloop
  endfacet
  facet normal 0.923918 0.382591 0
    outer loop
      vertex 70.5852 52.353 0
      vertex 70.8349 51.75 2.4
      vertex 70.8349 51.75 0
    endloop
  endfacet
  facet normal 0.382591 -0.923918 0
    outer loop
      vertex 71.75 55.1651 0
      vertex 72.353 55.4148 2.4
      vertex 71.75 55.1651 2.4
    endloop
  endfacet
  facet normal 0.382591 -0.923918 0
    outer loop
      vertex 72.353 55.4148 2.4
      vertex 71.75 55.1651 0
      vertex 72.353 55.4148 0
    endloop
  endfacet
  facet normal -0.923918 0.382591 0
    outer loop
      vertex 75.1651 51.75 0
      vertex 75.4148 52.353 2.4
      vertex 75.4148 52.353 0
    endloop
  endfacet
  facet normal -0.923918 0.382591 0
    outer loop
      vertex 75.4148 52.353 2.4
      vertex 75.1651 51.75 0
      vertex 75.1651 51.75 2.4
    endloop
  endfacet
  facet normal -1 0 0
    outer loop
      vertex 60 19 0
      vertex 60 77 2.4
      vertex 60 77 0
    endloop
  endfacet
  facet normal -1 -0 0
    outer loop
      vertex 60 77 2.4
      vertex 60 19 0
      vertex 60 19 2.4
    endloop
  endfacet
  facet normal 1 -0 0
    outer loop
      vertex 16 19 2.4
      vertex 16 77 0
      vertex 16 77 2.4
    endloop
  endfacet
  facet normal 1 0 0
    outer loop
      vertex 16 77 0
      vertex 16 19 2.4
      vertex 16 19 0
    endloop
  endfacet
  facet normal 0 -1 0
    outer loop
      vertex 16 77 0
      vertex 60 77 2.4
      vertex 16 77 2.4
    endloop
  endfacet
  facet normal 0 -1 -0
    outer loop
      vertex 60 77 2.4
      vertex 16 77 0
      vertex 60 77 0
    endloop
  endfacet
  facet normal 0 1 -0
    outer loop
      vertex 60 19 0
      vertex 16 19 2.4
      vertex 60 19 2.4
    endloop
  endfacet
  facet normal 0 1 0
    outer loop
      vertex 16 19 2.4
      vertex 60 19 0
      vertex 16 19 0
    endloop
  endfacet
  facet normal 0.923872 0.382701 0
    outer loop
      vertex 17.3978 13.7765 6.4
      vertex 17.0981 14.5 2.4
      vertex 17.0981 14.5 6.4
    endloop
  endfacet
  facet normal 0.923872 0.382701 0
    outer loop
      vertex 17.0981 14.5 2.4
      vertex 17.3978 13.7765 6.4
      vertex 17.3978 13.7765 2.4
    endloop
  endfacet
  facet normal 0.99145 0.130491 0
    outer loop
      vertex 17.5 13 6.4
      vertex 17.3978 13.7765 2.4
      vertex 17.3978 13.7765 6.4
    endloop
  endfacet
  facet normal 0.99145 0.130491 0
    outer loop
      vertex 17.3978 13.7765 2.4
      vertex 17.5 13 6.4
      vertex 17.5 13 2.4
    endloop
  endfacet
  facet normal -0.608809 0.793316 0
    outer loop
      vertex 13 15.5981 2.4
      vertex 12.3787 15.1213 6.4
      vertex 13 15.5981 6.4
    endloop
  endfacet
  facet normal -0.608809 0.793316 0
    outer loop
      vertex 12.3787 15.1213 6.4
      vertex 13 15.5981 2.4
      vertex 12.3787 15.1213 2.4
    endloop
  endfacet
  facet normal -0.382701 0.923872 0
    outer loop
      vertex 13.7235 15.8978 2.4
      vertex 13 15.5981 6.4
      vertex 13.7235 15.8978 6.4
    endloop
  endfacet
  facet normal -0.382701 0.923872 0
    outer loop
      vertex 13 15.5981 6.4
      vertex 13.7235 15.8978 2.4
      vertex 13 15.5981 2.4
    endloop
  endfacet
  facet normal 0.608809 -0.793316 0
    outer loop
      vertex 16 10.4019 2.4
      vertex 16.6213 10.8787 6.4
      vertex 16 10.4019 6.4
    endloop
  endfacet
  facet normal 0.608809 -0.793316 0
    outer loop
      vertex 16.6213 10.8787 6.4
      vertex 16 10.4019 2.4
      vertex 16.6213 10.8787 2.4
    endloop
  endfacet
  facet normal 0.608809 0.793316 -0
    outer loop
      vertex 16.6213 15.1213 2.4
      vertex 16 15.5981 6.4
      vertex 16.6213 15.1213 6.4
    endloop
  endfacet
  facet normal 0.608809 0.793316 0
    outer loop
      vertex 16 15.5981 6.4
      vertex 16.6213 15.1213 2.4
      vertex 16 15.5981 2.4
    endloop
  endfacet
  facet normal -0.130491 -0.99145 0
    outer loop
      vertex 13.7235 10.1022 2.4
      vertex 14.5 10 6.4
      vertex 13.7235 10.1022 6.4
    endloop
  endfacet
  facet normal -0.130491 -0.99145 -0
    outer loop
      vertex 14.5 10 6.4
      vertex 13.7235 10.1022 2.4
      vertex 14.5 10 2.4
    endloop
  endfacet
  facet normal 0.130491 0.99145 -0
    outer loop
      vertex 15.2765 15.8978 2.4
      vertex 14.5 16 6.4
      vertex 15.2765 15.8978 6.4
    endloop
  endfacet
  facet normal 0.130491 0.99145 0
    outer loop
      vertex 14.5 16 6.4
      vertex 15.2765 15.8978 2.4
      vertex 14.5 16 2.4
    endloop
  endfacet
  facet normal 0.382701 0.923872 -0
    outer loop
      vertex 16 15.5981 2.4
      vertex 15.2765 15.8978 6.4
      vertex 16 15.5981 6.4
    endloop
  endfacet
  facet normal 0.382701 0.923872 0
    outer loop
      vertex 15.2765 15.8978 6.4
      vertex 16 15.5981 2.4
      vertex 15.2765 15.8978 2.4
    endloop
  endfacet
  facet normal -0.608809 -0.793316 0
    outer loop
      vertex 12.3787 10.8787 2.4
      vertex 13 10.4019 6.4
      vertex 12.3787 10.8787 6.4
    endloop
  endfacet
  facet normal -0.608809 -0.793316 -0
    outer loop
      vertex 13 10.4019 6.4
      vertex 12.3787 10.8787 2.4
      vertex 13 10.4019 2.4
    endloop
  endfacet
  facet normal 0.793316 0.608809 0
    outer loop
      vertex 17.0981 14.5 6.4
      vertex 16.6213 15.1213 2.4
      vertex 16.6213 15.1213 6.4
    endloop
  endfacet
  facet normal 0.793316 0.608809 0
    outer loop
      vertex 16.6213 15.1213 2.4
      vertex 17.0981 14.5 6.4
      vertex 17.0981 14.5 2.4
    endloop
  endfacet
  facet normal 0.130491 -0.99145 0
    outer loop
      vertex 14.5 10 2.4
      vertex 15.2765 10.1022 6.4
      vertex 14.5 10 6.4
    endloop
  endfacet
  facet normal 0.130491 -0.99145 0
    outer loop
      vertex 15.2765 10.1022 6.4
      vertex 14.5 10 2.4
      vertex 15.2765 10.1022 2.4
    endloop
  endfacet
  facet normal 0.793316 -0.608809 0
    outer loop
      vertex 16.6213 10.8787 6.4
      vertex 17.0981 11.5 2.4
      vertex 17.0981 11.5 6.4
    endloop
  endfacet
  facet normal 0.793316 -0.608809 0
    outer loop
      vertex 17.0981 11.5 2.4
      vertex 16.6213 10.8787 6.4
      vertex 16.6213 10.8787 2.4
    endloop
  endfacet
  facet normal 0.382701 -0.923872 0
    outer loop
      vertex 15.2765 10.1022 2.4
      vertex 16 10.4019 6.4
      vertex 15.2765 10.1022 6.4
    endloop
  endfacet
  facet normal 0.382701 -0.923872 0
    outer loop
      vertex 16 10.4019 6.4
      vertex 15.2765 10.1022 2.4
      vertex 16 10.4019 2.4
    endloop
  endfacet
  facet normal -0.793316 0.608809 0
    outer loop
      vertex 11.9019 14.5 2.4
      vertex 12.3787 15.1213 6.4
      vertex 12.3787 15.1213 2.4
    endloop
  endfacet
  facet normal -0.793316 0.608809 0
    outer loop
      vertex 12.3787 15.1213 6.4
      vertex 11.9019 14.5 2.4
      vertex 11.9019 14.5 6.4
    endloop
  endfacet
  facet normal -0.793316 -0.608809 0
    outer loop
      vertex 12.3787 10.8787 2.4
      vertex 11.9019 11.5 6.4
      vertex 11.9019 11.5 2.4
    endloop
  endfacet
  facet normal -0.793316 -0.608809 0
    outer loop
      vertex 11.9019 11.5 6.4
      vertex 12.3787 10.8787 2.4
      vertex 12.3787 10.8787 6.4
    endloop
  endfacet
  facet normal 0.99145 -0.130491 0
    outer loop
      vertex 17.3978 12.2235 6.4
      vertex 17.5 13 2.4
      vertex 17.5 13 6.4
    endloop
  endfacet
  facet normal 0.99145 -0.130491 0
    outer loop
      vertex 17.5 13 2.4
      vertex 17.3978 12.2235 6.4
      vertex 17.3978 12.2235 2.4
    endloop
  endfacet
  facet normal -0.130491 0.99145 0
    outer loop
      vertex 14.5 16 2.4
      vertex 13.7235 15.8978 6.4
      vertex 14.5 16 6.4
    endloop
  endfacet
  facet normal -0.130491 0.99145 0
    outer loop
      vertex 13.7235 15.8978 6.4
      vertex 14.5 16 2.4
      vertex 13.7235 15.8978 2.4
    endloop
  endfacet
  facet normal -0.923872 -0.382701 0
    outer loop
      vertex 11.9019 11.5 2.4
      vertex 11.6022 12.2235 6.4
      vertex 11.6022 12.2235 2.4
    endloop
  endfacet
  facet normal -0.923872 -0.382701 0
    outer loop
      vertex 11.6022 12.2235 6.4
      vertex 11.9019 11.5 2.4
      vertex 11.9019 11.5 6.4
    endloop
  endfacet
  facet normal -0.99145 -0.130491 0
    outer loop
      vertex 11.6022 12.2235 2.4
      vertex 11.5 13 6.4
      vertex 11.5 13 2.4
    endloop
  endfacet
  facet normal -0.99145 -0.130491 0
    outer loop
      vertex 11.5 13 6.4
      vertex 11.6022 12.2235 2.4
      vertex 11.6022 12.2235 6.4
    endloop
  endfacet
  facet normal 0.923872 -0.382701 0
    outer loop
      vertex 17.0981 11.5 6.4
      vertex 17.3978 12.2235 2.4
      vertex 17.3978 12.2235 6.4
    endloop
  endfacet
  facet normal 0.923872 -0.382701 0
    outer loop
      vertex 17.3978 12.2235 2.4
      vertex 17.0981 11.5 6.4
      vertex 17.0981 11.5 2.4
    endloop
  endfacet
  facet normal -0.382701 -0.923872 0
    outer loop
      vertex 13 10.4019 2.4
      vertex 13.7235 10.1022 6.4
      vertex 13 10.4019 6.4
    endloop
  endfacet
  facet normal -0.382701 -0.923872 -0
    outer loop
      vertex 13.7235 10.1022 6.4
      vertex 13 10.4019 2.4
      vertex 13.7235 10.1022 2.4
    endloop
  endfacet
  facet normal -0.923872 0.382701 0
    outer loop
      vertex 11.6022 13.7765 2.4
      vertex 11.9019 14.5 6.4
      vertex 11.9019 14.5 2.4
    endloop
  endfacet
  facet normal -0.923872 0.382701 0
    outer loop
      vertex 11.9019 14.5 6.4
      vertex 11.6022 13.7765 2.4
      vertex 11.6022 13.7765 6.4
    endloop
  endfacet
  facet normal -0.99145 0.130491 0
    outer loop
      vertex 11.5 13 2.4
      vertex 11.6022 13.7765 6.4
      vertex 11.6022 13.7765 2.4
    endloop
  endfacet
  facet normal -0.99145 0.130491 0
    outer loop
      vertex 11.6022 13.7765 6.4
      vertex 11.5 13 2.4
      vertex 11.5 13 6.4
    endloop
  endfacet
  facet normal 0 0 1
    outer loop
      vertex 15.6 13 6.4
      vertex 17.5 13 6.4
      vertex 17.3978 13.7765 6.4
    endloop
  endfacet
  facet normal 0 0 1
    outer loop
      vertex 15.5163 13.421 6.4
      vertex 17.3978 13.7765 6.4
      vertex 17.0981 14.5 6.4
    endloop
  endfacet
  facet normal 0 0 1
    outer loop
      vertex 17.5 13 6.4
      vertex 15.6 13 6.4
      vertex 17.3978 12.2235 6.4
    endloop
  endfacet
  facet normal 0 0 1
    outer loop
      vertex 15.2778 13.7778 6.4
      vertex 17.0981 14.5 6.4
      vertex 16.6213 15.1213 6.4
    endloop
  endfacet
  facet normal -0 0 1
    outer loop
      vertex 15.5163 12.579 6.4
      vertex 17.3978 12.2235 6.4
      vertex 15.6 13 6.4
    endloop
  endfacet
  facet normal 0 0 1
    outer loop
      vertex 15.2778 13.7778 6.4
      vertex 16.6213 15.1213 6.4
      vertex 16 15.5981 6.4
    endloop
  endfacet
  facet normal 0 0 1
    outer loop
      vertex 17.3978 12.2235 6.4
      vertex 15.5163 12.579 6.4
      vertex 17.0981 11.5 6.4
    endloop
  endfacet
  facet normal -0 0 1
    outer loop
      vertex 15.2778 12.2222 6.4
      vertex 17.0981 11.5 6.4
      vertex 15.5163 12.579 6.4
    endloop
  endfacet
  facet normal 0 0 1
    outer loop
      vertex 17.3978 13.7765 6.4
      vertex 15.5163 13.421 6.4
      vertex 15.6 13 6.4
    endloop
  endfacet
  facet normal 0 0 1
    outer loop
      vertex 17.0981 14.5 6.4
      vertex 15.2778 13.7778 6.4
      vertex 15.5163 13.421 6.4
    endloop
  endfacet
  facet normal 0 0 1
    outer loop
      vertex 14.921 14.0163 6.4
      vertex 16 15.5981 6.4
      vertex 15.2765 15.8978 6.4
    endloop
  endfacet
  facet normal 0 0 1
    outer loop
      vertex 16 15.5981 6.4
      vertex 14.921 14.0163 6.4
      vertex 15.2778 13.7778 6.4
    endloop
  endfacet
  facet normal 0 0 1
    outer loop
      vertex 14.5 14.1 6.4
      vertex 15.2765 15.8978 6.4
      vertex 14.5 16 6.4
    endloop
  endfacet
  facet normal 0 0 1
    outer loop
      vertex 15.2765 15.8978 6.4
      vertex 14.5 14.1 6.4
      vertex 14.921 14.0163 6.4
    endloop
  endfacet
  facet normal -0 0 1
    outer loop
      vertex 13.7235 15.8978 6.4
      vertex 14.5 14.1 6.4
      vertex 14.5 16 6.4
    endloop
  endfacet
  facet normal 0 0 1
    outer loop
      vertex 14.5 14.1 6.4
      vertex 13.7235 15.8978 6.4
      vertex 14.079 14.0163 6.4
    endloop
  endfacet
  facet normal -0 0 1
    outer loop
      vertex 13 15.5981 6.4
      vertex 14.079 14.0163 6.4
      vertex 13.7235 15.8978 6.4
    endloop
  endfacet
  facet normal 0 0 1
    outer loop
      vertex 14.079 14.0163 6.4
      vertex 13 15.5981 6.4
      vertex 13.7222 13.7778 6.4
    endloop
  endfacet
  facet normal -0 0 1
    outer loop
      vertex 12.3787 15.1213 6.4
      vertex 13.7222 13.7778 6.4
      vertex 13 15.5981 6.4
    endloop
  endfacet
  facet normal -0 0 1
    outer loop
      vertex 11.9019 14.5 6.4
      vertex 13.7222 13.7778 6.4
      vertex 12.3787 15.1213 6.4
    endloop
  endfacet
  facet normal 0 0 1
    outer loop
      vertex 17.0981 11.5 6.4
      vertex 15.2778 12.2222 6.4
      vertex 16.6213 10.8787 6.4
    endloop
  endfacet
  facet normal 0 0 1
    outer loop
      vertex 16.6213 10.8787 6.4
      vertex 15.2778 12.2222 6.4
      vertex 16 10.4019 6.4
    endloop
  endfacet
  facet normal -0 0 1
    outer loop
      vertex 14.921 11.9837 6.4
      vertex 16 10.4019 6.4
      vertex 15.2778 12.2222 6.4
    endloop
  endfacet
  facet normal 0 0 1
    outer loop
      vertex 16 10.4019 6.4
      vertex 14.921 11.9837 6.4
      vertex 15.2765 10.1022 6.4
    endloop
  endfacet
  facet normal -0 0 1
    outer loop
      vertex 14.5 11.9 6.4
      vertex 15.2765 10.1022 6.4
      vertex 14.921 11.9837 6.4
    endloop
  endfacet
  facet normal 0 0 1
    outer loop
      vertex 14.5 11.9 6.4
      vertex 14.5 10 6.4
      vertex 15.2765 10.1022 6.4
    endloop
  endfacet
  facet normal 0 0 1
    outer loop
      vertex 13.7235 10.1022 6.4
      vertex 14.5 11.9 6.4
      vertex 14.079 11.9837 6.4
    endloop
  endfacet
  facet normal 0 0 1
    outer loop
      vertex 14.5 11.9 6.4
      vertex 13.7235 10.1022 6.4
      vertex 14.5 10 6.4
    endloop
  endfacet
  facet normal 0 0 1
    outer loop
      vertex 13 10.4019 6.4
      vertex 14.079 11.9837 6.4
      vertex 13.7222 12.2222 6.4
    endloop
  endfacet
  facet normal 0 0 1
    outer loop
      vertex 11.9019 11.5 6.4
      vertex 13.7222 12.2222 6.4
      vertex 13.4837 12.579 6.4
    endloop
  endfacet
  facet normal 0 0 1
    outer loop
      vertex 11.6022 12.2235 6.4
      vertex 13.4837 12.579 6.4
      vertex 13.4 13 6.4
    endloop
  endfacet
  facet normal 0 0 1
    outer loop
      vertex 13.7222 13.7778 6.4
      vertex 11.9019 14.5 6.4
      vertex 13.4837 13.421 6.4
    endloop
  endfacet
  facet normal 0 0 1
    outer loop
      vertex 14.079 11.9837 6.4
      vertex 13 10.4019 6.4
      vertex 13.7235 10.1022 6.4
    endloop
  endfacet
  facet normal -0 0 1
    outer loop
      vertex 11.6022 13.7765 6.4
      vertex 13.4837 13.421 6.4
      vertex 11.9019 14.5 6.4
    endloop
  endfacet
  facet normal 0 0 1
    outer loop
      vertex 13.7222 12.2222 6.4
      vertex 12.3787 10.8787 6.4
      vertex 13 10.4019 6.4
    endloop
  endfacet
  facet normal 0 0 1
    outer loop
      vertex 13.4837 13.421 6.4
      vertex 11.6022 13.7765 6.4
      vertex 13.4 13 6.4
    endloop
  endfacet
  facet normal 0 0 1
    outer loop
      vertex 13.7222 12.2222 6.4
      vertex 11.9019 11.5 6.4
      vertex 12.3787 10.8787 6.4
    endloop
  endfacet
  facet normal 0 0 1
    outer loop
      vertex 11.5 13 6.4
      vertex 13.4 13 6.4
      vertex 11.6022 13.7765 6.4
    endloop
  endfacet
  facet normal 0 0 1
    outer loop
      vertex 13.4837 12.579 6.4
      vertex 11.6022 12.2235 6.4
      vertex 11.9019 11.5 6.4
    endloop
  endfacet
  facet normal 0 0 1
    outer loop
      vertex 13.4 13 6.4
      vertex 11.5 13 6.4
      vertex 11.6022 12.2235 6.4
    endloop
  endfacet
  facet normal 0.555721 -0.831369 0
    outer loop
      vertex 13.7222 13.7778 2.4
      vertex 14.079 14.0163 6.4
      vertex 13.7222 13.7778 6.4
    endloop
  endfacet
  facet normal 0.555721 -0.831369 0
    outer loop
      vertex 14.079 14.0163 6.4
      vertex 13.7222 13.7778 2.4
      vertex 14.079 14.0163 2.4
    endloop
  endfacet
  facet normal -0.831369 -0.555721 0
    outer loop
      vertex 15.5163 13.421 2.4
      vertex 15.2778 13.7778 6.4
      vertex 15.2778 13.7778 2.4
    endloop
  endfacet
  facet normal -0.831369 -0.555721 0
    outer loop
      vertex 15.2778 13.7778 6.4
      vertex 15.5163 13.421 2.4
      vertex 15.5163 13.421 6.4
    endloop
  endfacet
  facet normal -0.980804 -0.194996 0
    outer loop
      vertex 15.6 13 2.4
      vertex 15.5163 13.421 6.4
      vertex 15.5163 13.421 2.4
    endloop
  endfacet
  facet normal -0.980804 -0.194996 0
    outer loop
      vertex 15.5163 13.421 6.4
      vertex 15.6 13 2.4
      vertex 15.6 13 6.4
    endloop
  endfacet
  facet normal 0.831369 -0.555721 0
    outer loop
      vertex 13.4837 13.421 6.4
      vertex 13.7222 13.7778 2.4
      vertex 13.7222 13.7778 6.4
    endloop
  endfacet
  facet normal 0.831369 -0.555721 0
    outer loop
      vertex 13.7222 13.7778 2.4
      vertex 13.4837 13.421 6.4
      vertex 13.4837 13.421 2.4
    endloop
  endfacet
  facet normal 0.194996 0.980804 -0
    outer loop
      vertex 14.5 11.9 2.4
      vertex 14.079 11.9837 6.4
      vertex 14.5 11.9 6.4
    endloop
  endfacet
  facet normal 0.194996 0.980804 0
    outer loop
      vertex 14.079 11.9837 6.4
      vertex 14.5 11.9 2.4
      vertex 14.079 11.9837 2.4
    endloop
  endfacet
  facet normal -0.194996 0.980804 0
    outer loop
      vertex 14.921 11.9837 2.4
      vertex 14.5 11.9 6.4
      vertex 14.921 11.9837 6.4
    endloop
  endfacet
  facet normal -0.194996 0.980804 0
    outer loop
      vertex 14.5 11.9 6.4
      vertex 14.921 11.9837 2.4
      vertex 14.5 11.9 2.4
    endloop
  endfacet
  facet normal -0.555721 0.831369 0
    outer loop
      vertex 15.2778 12.2222 2.4
      vertex 14.921 11.9837 6.4
      vertex 15.2778 12.2222 6.4
    endloop
  endfacet
  facet normal -0.555721 0.831369 0
    outer loop
      vertex 14.921 11.9837 6.4
      vertex 15.2778 12.2222 2.4
      vertex 14.921 11.9837 2.4
    endloop
  endfacet
  facet normal -0.831369 0.555721 0
    outer loop
      vertex 15.2778 12.2222 2.4
      vertex 15.5163 12.579 6.4
      vertex 15.5163 12.579 2.4
    endloop
  endfacet
  facet normal -0.831369 0.555721 0
    outer loop
      vertex 15.5163 12.579 6.4
      vertex 15.2778 12.2222 2.4
      vertex 15.2778 12.2222 6.4
    endloop
  endfacet
  facet normal 0.980804 -0.194996 0
    outer loop
      vertex 13.4 13 6.4
      vertex 13.4837 13.421 2.4
      vertex 13.4837 13.421 6.4
    endloop
  endfacet
  facet normal 0.980804 -0.194996 0
    outer loop
      vertex 13.4837 13.421 2.4
      vertex 13.4 13 6.4
      vertex 13.4 13 2.4
    endloop
  endfacet
  facet normal -0.980804 0.194996 0
    outer loop
      vertex 15.5163 12.579 2.4
      vertex 15.6 13 6.4
      vertex 15.6 13 2.4
    endloop
  endfacet
  facet normal -0.980804 0.194996 0
    outer loop
      vertex 15.6 13 6.4
      vertex 15.5163 12.579 2.4
      vertex 15.5163 12.579 6.4
    endloop
  endfacet
  facet normal 0.194996 -0.980804 0
    outer loop
      vertex 14.079 14.0163 2.4
      vertex 14.5 14.1 6.4
      vertex 14.079 14.0163 6.4
    endloop
  endfacet
  facet normal 0.194996 -0.980804 0
    outer loop
      vertex 14.5 14.1 6.4
      vertex 14.079 14.0163 2.4
      vertex 14.5 14.1 2.4
    endloop
  endfacet
  facet normal -0.194996 -0.980804 0
    outer loop
      vertex 14.5 14.1 2.4
      vertex 14.921 14.0163 6.4
      vertex 14.5 14.1 6.4
    endloop
  endfacet
  facet normal -0.194996 -0.980804 -0
    outer loop
      vertex 14.921 14.0163 6.4
      vertex 14.5 14.1 2.4
      vertex 14.921 14.0163 2.4
    endloop
  endfacet
  facet normal 0.831369 0.555721 0
    outer loop
      vertex 13.7222 12.2222 6.4
      vertex 13.4837 12.579 2.4
      vertex 13.4837 12.579 6.4
    endloop
  endfacet
  facet normal 0.831369 0.555721 0
    outer loop
      vertex 13.4837 12.579 2.4
      vertex 13.7222 12.2222 6.4
      vertex 13.7222 12.2222 2.4
    endloop
  endfacet
  facet normal -0.555721 -0.831369 0
    outer loop
      vertex 14.921 14.0163 2.4
      vertex 15.2778 13.7778 6.4
      vertex 14.921 14.0163 6.4
    endloop
  endfacet
  facet normal -0.555721 -0.831369 -0
    outer loop
      vertex 15.2778 13.7778 6.4
      vertex 14.921 14.0163 2.4
      vertex 15.2778 13.7778 2.4
    endloop
  endfacet
  facet normal 0.980804 0.194996 0
    outer loop
      vertex 13.4837 12.579 6.4
      vertex 13.4 13 2.4
      vertex 13.4 13 6.4
    endloop
  endfacet
  facet normal 0.980804 0.194996 0
    outer loop
      vertex 13.4 13 2.4
      vertex 13.4837 12.579 6.4
      vertex 13.4837 12.579 2.4
    endloop
  endfacet
  facet normal 0.555721 0.831369 -0
    outer loop
      vertex 14.079 11.9837 2.4
      vertex 13.7222 12.2222 6.4
      vertex 14.079 11.9837 6.4
    endloop
  endfacet
  facet normal 0.555721 0.831369 0
    outer loop
      vertex 13.7222 12.2222 6.4
      vertex 14.079 11.9837 2.4
      vertex 13.7222 12.2222 2.4
    endloop
  endfacet
  facet normal 0.923872 0.382701 0
    outer loop
      vertex 64.3978 13.7765 6.4
      vertex 64.0981 14.5 2.4
      vertex 64.0981 14.5 6.4
    endloop
  endfacet
  facet normal 0.923872 0.382701 0
    outer loop
      vertex 64.0981 14.5 2.4
      vertex 64.3978 13.7765 6.4
      vertex 64.3978 13.7765 2.4
    endloop
  endfacet
  facet normal 0.99145 0.130491 0
    outer loop
      vertex 64.5 13 6.4
      vertex 64.3978 13.7765 2.4
      vertex 64.3978 13.7765 6.4
    endloop
  endfacet
  facet normal 0.99145 0.130491 0
    outer loop
      vertex 64.3978 13.7765 2.4
      vertex 64.5 13 6.4
      vertex 64.5 13 2.4
    endloop
  endfacet
  facet normal -0.608809 0.793316 0
    outer loop
      vertex 60 15.5981 2.4
      vertex 59.3787 15.1213 6.4
      vertex 60 15.5981 6.4
    endloop
  endfacet
  facet normal -0.608809 0.793316 0
    outer loop
      vertex 59.3787 15.1213 6.4
      vertex 60 15.5981 2.4
      vertex 59.3787 15.1213 2.4
    endloop
  endfacet
  facet normal -0.382701 0.923872 0
    outer loop
      vertex 60.7235 15.8978 2.4
      vertex 60 15.5981 6.4
      vertex 60.7235 15.8978 6.4
    endloop
  endfacet
  facet normal -0.382701 0.923872 0
    outer loop
      vertex 60 15.5981 6.4
      vertex 60.7235 15.8978 2.4
      vertex 60 15.5981 2.4
    endloop
  endfacet
  facet normal 0.608809 -0.793316 0
    outer loop
      vertex 63 10.4019 2.4
      vertex 63.6213 10.8787 6.4
      vertex 63 10.4019 6.4
    endloop
  endfacet
  facet normal 0.608809 -0.793316 0
    outer loop
      vertex 63.6213 10.8787 6.4
      vertex 63 10.4019 2.4
      vertex 63.6213 10.8787 2.4
    endloop
  endfacet
  facet normal 0.608809 0.793316 -0
    outer loop
      vertex 63.6213 15.1213 2.4
      vertex 63 15.5981 6.4
      vertex 63.6213 15.1213 6.4
    endloop
  endfacet
  facet normal 0.608809 0.793316 0
    outer loop
      vertex 63 15.5981 6.4
      vertex 63.6213 15.1213 2.4
      vertex 63 15.5981 2.4
    endloop
  endfacet
  facet normal -0.130491 -0.99145 0
    outer loop
      vertex 60.7235 10.1022 2.4
      vertex 61.5 10 6.4
      vertex 60.7235 10.1022 6.4
    endloop
  endfacet
  facet normal -0.130491 -0.99145 -0
    outer loop
      vertex 61.5 10 6.4
      vertex 60.7235 10.1022 2.4
      vertex 61.5 10 2.4
    endloop
  endfacet
  facet normal 0.130491 0.99145 -0
    outer loop
      vertex 62.2765 15.8978 2.4
      vertex 61.5 16 6.4
      vertex 62.2765 15.8978 6.4
    endloop
  endfacet
  facet normal 0.130491 0.99145 0
    outer loop
      vertex 61.5 16 6.4
      vertex 62.2765 15.8978 2.4
      vertex 61.5 16 2.4
    endloop
  endfacet
  facet normal 0.382701 0.923872 -0
    outer loop
      vertex 63 15.5981 2.4
      vertex 62.2765 15.8978 6.4
      vertex 63 15.5981 6.4
    endloop
  endfacet
  facet normal 0.382701 0.923872 0
    outer loop
      vertex 62.2765 15.8978 6.4
      vertex 63 15.5981 2.4
      vertex 62.2765 15.8978 2.4
    endloop
  endfacet
  facet normal -0.608809 -0.793316 0
    outer loop
      vertex 59.3787 10.8787 2.4
      vertex 60 10.4019 6.4
      vertex 59.3787 10.8787 6.4
    endloop
  endfacet
  facet normal -0.608809 -0.793316 -0
    outer loop
      vertex 60 10.4019 6.4
      vertex 59.3787 10.8787 2.4
      vertex 60 10.4019 2.4
    endloop
  endfacet
  facet normal 0.793316 0.608809 0
    outer loop
      vertex 64.0981 14.5 6.4
      vertex 63.6213 15.1213 2.4
      vertex 63.6213 15.1213 6.4
    endloop
  endfacet
  facet normal 0.793316 0.608809 0
    outer loop
      vertex 63.6213 15.1213 2.4
      vertex 64.0981 14.5 6.4
      vertex 64.0981 14.5 2.4
    endloop
  endfacet
  facet normal 0.130491 -0.99145 0
    outer loop
      vertex 61.5 10 2.4
      vertex 62.2765 10.1022 6.4
      vertex 61.5 10 6.4
    endloop
  endfacet
  facet normal 0.130491 -0.99145 0
    outer loop
      vertex 62.2765 10.1022 6.4
      vertex 61.5 10 2.4
      vertex 62.2765 10.1022 2.4
    endloop
  endfacet
  facet normal 0.793316 -0.608809 0
    outer loop
      vertex 63.6213 10.8787 6.4
      vertex 64.0981 11.5 2.4
      vertex 64.0981 11.5 6.4
    endloop
  endfacet
  facet normal 0.793316 -0.608809 0
    outer loop
      vertex 64.0981 11.5 2.4
      vertex 63.6213 10.8787 6.4
      vertex 63.6213 10.8787 2.4
    endloop
  endfacet
  facet normal 0.382701 -0.923872 0
    outer loop
      vertex 62.2765 10.1022 2.4
      vertex 63 10.4019 6.4
      vertex 62.2765 10.1022 6.4
    endloop
  endfacet
  facet normal 0.382701 -0.923872 0
    outer loop
      vertex 63 10.4019 6.4
      vertex 62.2765 10.1022 2.4
      vertex 63 10.4019 2.4
    endloop
  endfacet
  facet normal -0.793316 0.608809 0
    outer loop
      vertex 58.9019 14.5 2.4
      vertex 59.3787 15.1213 6.4
      vertex 59.3787 15.1213 2.4
    endloop
  endfacet
  facet normal -0.793316 0.608809 0
    outer loop
      vertex 59.3787 15.1213 6.4
      vertex 58.9019 14.5 2.4
      vertex 58.9019 14.5 6.4
    endloop
  endfacet
  facet normal -0.793316 -0.608809 0
    outer loop
      vertex 59.3787 10.8787 2.4
      vertex 58.9019 11.5 6.4
      vertex 58.9019 11.5 2.4
    endloop
  endfacet
  facet normal -0.793316 -0.608809 0
    outer loop
      vertex 58.9019 11.5 6.4
      vertex 59.3787 10.8787 2.4
      vertex 59.3787 10.8787 6.4
    endloop
  endfacet
  facet normal 0.99145 -0.130491 0
    outer loop
      vertex 64.3978 12.2235 6.4
      vertex 64.5 13 2.4
      vertex 64.5 13 6.4
    endloop
  endfacet
  facet normal 0.99145 -0.130491 0
    outer loop
      vertex 64.5 13 2.4
      vertex 64.3978 12.2235 6.4
      vertex 64.3978 12.2235 2.4
    endloop
  endfacet
  facet normal -0.130491 0.99145 0
    outer loop
      vertex 61.5 16 2.4
      vertex 60.7235 15.8978 6.4
      vertex 61.5 16 6.4
    endloop
  endfacet
  facet normal -0.130491 0.99145 0
    outer loop
      vertex 60.7235 15.8978 6.4
      vertex 61.5 16 2.4
      vertex 60.7235 15.8978 2.4
    endloop
  endfacet
  facet normal -0.923872 -0.382701 0
    outer loop
      vertex 58.9019 11.5 2.4
      vertex 58.6022 12.2235 6.4
      vertex 58.6022 12.2235 2.4
    endloop
  endfacet
  facet normal -0.923872 -0.382701 0
    outer loop
      vertex 58.6022 12.2235 6.4
      vertex 58.9019 11.5 2.4
      vertex 58.9019 11.5 6.4
    endloop
  endfacet
  facet normal -0.99145 -0.130491 0
    outer loop
      vertex 58.6022 12.2235 2.4
      vertex 58.5 13 6.4
      vertex 58.5 13 2.4
    endloop
  endfacet
  facet normal -0.99145 -0.130491 0
    outer loop
      vertex 58.5 13 6.4
      vertex 58.6022 12.2235 2.4
      vertex 58.6022 12.2235 6.4
    endloop
  endfacet
  facet normal 0.923872 -0.382701 0
    outer loop
      vertex 64.0981 11.5 6.4
      vertex 64.3978 12.2235 2.4
      vertex 64.3978 12.2235 6.4
    endloop
  endfacet
  facet normal 0.923872 -0.382701 0
    outer loop
      vertex 64.3978 12.2235 2.4
      vertex 64.0981 11.5 6.4
      vertex 64.0981 11.5 2.4
    endloop
  endfacet
  facet normal -0.382701 -0.923872 0
    outer loop
      vertex 60 10.4019 2.4
      vertex 60.7235 10.1022 6.4
      vertex 60 10.4019 6.4
    endloop
  endfacet
  facet normal -0.382701 -0.923872 -0
    outer loop
      vertex 60.7235 10.1022 6.4
      vertex 60 10.4019 2.4
      vertex 60.7235 10.1022 2.4
    endloop
  endfacet
  facet normal -0.923872 0.382701 0
    outer loop
      vertex 58.6022 13.7765 2.4
      vertex 58.9019 14.5 6.4
      vertex 58.9019 14.5 2.4
    endloop
  endfacet
  facet normal -0.923872 0.382701 0
    outer loop
      vertex 58.9019 14.5 6.4
      vertex 58.6022 13.7765 2.4
      vertex 58.6022 13.7765 6.4
    endloop
  endfacet
  facet normal -0.99145 0.130491 0
    outer loop
      vertex 58.5 13 2.4
      vertex 58.6022 13.7765 6.4
      vertex 58.6022 13.7765 2.4
    endloop
  endfacet
  facet normal -0.99145 0.130491 0
    outer loop
      vertex 58.6022 13.7765 6.4
      vertex 58.5 13 2.4
      vertex 58.5 13 6.4
    endloop
  endfacet
  facet normal 0 0 1
    outer loop
      vertex 62.6 13 6.4
      vertex 64.5 13 6.4
      vertex 64.3978 13.7765 6.4
    endloop
  endfacet
  facet normal 0 0 1
    outer loop
      vertex 62.5163 13.421 6.4
      vertex 64.3978 13.7765 6.4
      vertex 64.0981 14.5 6.4
    endloop
  endfacet
  facet normal 0 0 1
    outer loop
      vertex 64.5 13 6.4
      vertex 62.6 13 6.4
      vertex 64.3978 12.2235 6.4
    endloop
  endfacet
  facet normal 0 0 1
    outer loop
      vertex 62.2778 13.7778 6.4
      vertex 64.0981 14.5 6.4
      vertex 63.6213 15.1213 6.4
    endloop
  endfacet
  facet normal -0 0 1
    outer loop
      vertex 62.5163 12.579 6.4
      vertex 64.3978 12.2235 6.4
      vertex 62.6 13 6.4
    endloop
  endfacet
  facet normal 0 0 1
    outer loop
      vertex 62.2778 13.7778 6.4
      vertex 63.6213 15.1213 6.4
      vertex 63 15.5981 6.4
    endloop
  endfacet
  facet normal 0 0 1
    outer loop
      vertex 64.3978 12.2235 6.4
      vertex 62.5163 12.579 6.4
      vertex 64.0981 11.5 6.4
    endloop
  endfacet
  facet normal -0 0 1
    outer loop
      vertex 62.2778 12.2222 6.4
      vertex 64.0981 11.5 6.4
      vertex 62.5163 12.579 6.4
    endloop
  endfacet
  facet normal 0 0 1
    outer loop
      vertex 64.3978 13.7765 6.4
      vertex 62.5163 13.421 6.4
      vertex 62.6 13 6.4
    endloop
  endfacet
  facet normal 0 0 1
    outer loop
      vertex 64.0981 14.5 6.4
      vertex 62.2778 13.7778 6.4
      vertex 62.5163 13.421 6.4
    endloop
  endfacet
  facet normal 0 0 1
    outer loop
      vertex 61.921 14.0163 6.4
      vertex 63 15.5981 6.4
      vertex 62.2765 15.8978 6.4
    endloop
  endfacet
  facet normal 0 0 1
    outer loop
      vertex 63 15.5981 6.4
      vertex 61.921 14.0163 6.4
      vertex 62.2778 13.7778 6.4
    endloop
  endfacet
  facet normal 0 0 1
    outer loop
      vertex 61.5 14.1 6.4
      vertex 62.2765 15.8978 6.4
      vertex 61.5 16 6.4
    endloop
  endfacet
  facet normal 0 0 1
    outer loop
      vertex 62.2765 15.8978 6.4
      vertex 61.5 14.1 6.4
      vertex 61.921 14.0163 6.4
    endloop
  endfacet
  facet normal -0 0 1
    outer loop
      vertex 60.7235 15.8978 6.4
      vertex 61.5 14.1 6.4
      vertex 61.5 16 6.4
    endloop
  endfacet
  facet normal 0 0 1
    outer loop
      vertex 61.5 14.1 6.4
      vertex 60.7235 15.8978 6.4
      vertex 61.079 14.0163 6.4
    endloop
  endfacet
  facet normal -0 0 1
    outer loop
      vertex 60 15.5981 6.4
      vertex 61.079 14.0163 6.4
      vertex 60.7235 15.8978 6.4
    endloop
  endfacet
  facet normal 0 0 1
    outer loop
      vertex 61.079 14.0163 6.4
      vertex 60 15.5981 6.4
      vertex 60.7222 13.7778 6.4
    endloop
  endfacet
  facet normal -0 0 1
    outer loop
      vertex 59.3787 15.1213 6.4
      vertex 60.7222 13.7778 6.4
      vertex 60 15.5981 6.4
    endloop
  endfacet
  facet normal -0 0 1
    outer loop
      vertex 58.9019 14.5 6.4
      vertex 60.7222 13.7778 6.4
      vertex 59.3787 15.1213 6.4
    endloop
  endfacet
  facet normal 0 0 1
    outer loop
      vertex 64.0981 11.5 6.4
      vertex 62.2778 12.2222 6.4
      vertex 63.6213 10.8787 6.4
    endloop
  endfacet
  facet normal 0 0 1
    outer loop
      vertex 63.6213 10.8787 6.4
      vertex 62.2778 12.2222 6.4
      vertex 63 10.4019 6.4
    endloop
  endfacet
  facet normal -0 0 1
    outer loop
      vertex 61.921 11.9837 6.4
      vertex 63 10.4019 6.4
      vertex 62.2778 12.2222 6.4
    endloop
  endfacet
  facet normal 0 0 1
    outer loop
      vertex 63 10.4019 6.4
      vertex 61.921 11.9837 6.4
      vertex 62.2765 10.1022 6.4
    endloop
  endfacet
  facet normal -0 0 1
    outer loop
      vertex 61.5 11.9 6.4
      vertex 62.2765 10.1022 6.4
      vertex 61.921 11.9837 6.4
    endloop
  endfacet
  facet normal 0 0 1
    outer loop
      vertex 61.5 11.9 6.4
      vertex 61.5 10 6.4
      vertex 62.2765 10.1022 6.4
    endloop
  endfacet
  facet normal 0 0 1
    outer loop
      vertex 60.7235 10.1022 6.4
      vertex 61.5 11.9 6.4
      vertex 61.079 11.9837 6.4
    endloop
  endfacet
  facet normal 0 0 1
    outer loop
      vertex 61.5 11.9 6.4
      vertex 60.7235 10.1022 6.4
      vertex 61.5 10 6.4
    endloop
  endfacet
  facet normal 0 0 1
    outer loop
      vertex 60 10.4019 6.4
      vertex 61.079 11.9837 6.4
      vertex 60.7222 12.2222 6.4
    endloop
  endfacet
  facet normal 0 0 1
    outer loop
      vertex 58.9019 11.5 6.4
      vertex 60.7222 12.2222 6.4
      vertex 60.4837 12.579 6.4
    endloop
  endfacet
  facet normal 0 0 1
    outer loop
      vertex 58.6022 12.2235 6.4
      vertex 60.4837 12.579 6.4
      vertex 60.4 13 6.4
    endloop
  endfacet
  facet normal 0 0 1
    outer loop
      vertex 60.7222 13.7778 6.4
      vertex 58.9019 14.5 6.4
      vertex 60.4837 13.421 6.4
    endloop
  endfacet
  facet normal 0 0 1
    outer loop
      vertex 61.079 11.9837 6.4
      vertex 60 10.4019 6.4
      vertex 60.7235 10.1022 6.4
    endloop
  endfacet
  facet normal -0 0 1
    outer loop
      vertex 58.6022 13.7765 6.4
      vertex 60.4837 13.421 6.4
      vertex 58.9019 14.5 6.4
    endloop
  endfacet
  facet normal 0 0 1
    outer loop
      vertex 60.7222 12.2222 6.4
      vertex 59.3787 10.8787 6.4
      vertex 60 10.4019 6.4
    endloop
  endfacet
  facet normal 0 0 1
    outer loop
      vertex 60.4837 13.421 6.4
      vertex 58.6022 13.7765 6.4
      vertex 60.4 13 6.4
    endloop
  endfacet
  facet normal 0 0 1
    outer loop
      vertex 60.7222 12.2222 6.4
      vertex 58.9019 11.5 6.4
      vertex 59.3787 10.8787 6.4
    endloop
  endfacet
  facet normal 0 0 1
    outer loop
      vertex 58.5 13 6.4
      vertex 60.4 13 6.4
      vertex 58.6022 13.7765 6.4
    endloop
  endfacet
  facet normal 0 0 1
    outer loop
      vertex 60.4837 12.579 6.4
      vertex 58.6022 12.2235 6.4
      vertex 58.9019 11.5 6.4
    endloop
  endfacet
  facet normal 0 0 1
    outer loop
      vertex 60.4 13 6.4
      vertex 58.5 13 6.4
      vertex 58.6022 12.2235 6.4
    endloop
  endfacet
  facet normal 0.555721 -0.831369 0
    outer loop
      vertex 60.7222 13.7778 2.4
      vertex 61.079 14.0163 6.4
      vertex 60.7222 13.7778 6.4
    endloop
  endfacet
  facet normal 0.555721 -0.831369 0
    outer loop
      vertex 61.079 14.0163 6.4
      vertex 60.7222 13.7778 2.4
      vertex 61.079 14.0163 2.4
    endloop
  endfacet
  facet normal -0.831369 -0.555721 0
    outer loop
      vertex 62.5163 13.421 2.4
      vertex 62.2778 13.7778 6.4
      vertex 62.2778 13.7778 2.4
    endloop
  endfacet
  facet normal -0.831369 -0.555721 0
    outer loop
      vertex 62.2778 13.7778 6.4
      vertex 62.5163 13.421 2.4
      vertex 62.5163 13.421 6.4
    endloop
  endfacet
  facet normal -0.980804 -0.194996 0
    outer loop
      vertex 62.6 13 2.4
      vertex 62.5163 13.421 6.4
      vertex 62.5163 13.421 2.4
    endloop
  endfacet
  facet normal -0.980804 -0.194996 0
    outer loop
      vertex 62.5163 13.421 6.4
      vertex 62.6 13 2.4
      vertex 62.6 13 6.4
    endloop
  endfacet
  facet normal 0.831369 -0.555721 0
    outer loop
      vertex 60.4837 13.421 6.4
      vertex 60.7222 13.7778 2.4
      vertex 60.7222 13.7778 6.4
    endloop
  endfacet
  facet normal 0.831369 -0.555721 0
    outer loop
      vertex 60.7222 13.7778 2.4
      vertex 60.4837 13.421 6.4
      vertex 60.4837 13.421 2.4
    endloop
  endfacet
  facet normal 0.194996 0.980804 -0
    outer loop
      vertex 61.5 11.9 2.4
      vertex 61.079 11.9837 6.4
      vertex 61.5 11.9 6.4
    endloop
  endfacet
  facet normal 0.194996 0.980804 0
    outer loop
      vertex 61.079 11.9837 6.4
      vertex 61.5 11.9 2.4
      vertex 61.079 11.9837 2.4
    endloop
  endfacet
  facet normal -0.194996 0.980804 0
    outer loop
      vertex 61.921 11.9837 2.4
      vertex 61.5 11.9 6.4
      vertex 61.921 11.9837 6.4
    endloop
  endfacet
  facet normal -0.194996 0.980804 0
    outer loop
      vertex 61.5 11.9 6.4
      vertex 61.921 11.9837 2.4
      vertex 61.5 11.9 2.4
    endloop
  endfacet
  facet normal -0.555721 0.831369 0
    outer loop
      vertex 62.2778 12.2222 2.4
      vertex 61.921 11.9837 6.4
      vertex 62.2778 12.2222 6.4
    endloop
  endfacet
  facet normal -0.555721 0.831369 0
    outer loop
      vertex 61.921 11.9837 6.4
      vertex 62.2778 12.2222 2.4
      vertex 61.921 11.9837 2.4
    endloop
  endfacet
  facet normal -0.831369 0.555721 0
    outer loop
      vertex 62.2778 12.2222 2.4
      vertex 62.5163 12.579 6.4
      vertex 62.5163 12.579 2.4
    endloop
  endfacet
  facet normal -0.831369 0.555721 0
    outer loop
      vertex 62.5163 12.579 6.4
      vertex 62.2778 12.2222 2.4
      vertex 62.2778 12.2222 6.4
    endloop
  endfacet
  facet normal 0.980804 -0.194996 0
    outer loop
      vertex 60.4 13 6.4
      vertex 60.4837 13.421 2.4
      vertex 60.4837 13.421 6.4
    endloop
  endfacet
  facet normal 0.980804 -0.194996 0
    outer loop
      vertex 60.4837 13.421 2.4
      vertex 60.4 13 6.4
      vertex 60.4 13 2.4
    endloop
  endfacet
  facet normal -0.980804 0.194996 0
    outer loop
      vertex 62.5163 12.579 2.4
      vertex 62.6 13 6.4
      vertex 62.6 13 2.4
    endloop
  endfacet
  facet normal -0.980804 0.194996 0
    outer loop
      vertex 62.6 13 6.4
      vertex 62.5163 12.579 2.4
      vertex 62.5163 12.579 6.4
    endloop
  endfacet
  facet normal 0.194996 -0.980804 0
    outer loop
      vertex 61.079 14.0163 2.4
      vertex 61.5 14.1 6.4
      vertex 61.079 14.0163 6.4
    endloop
  endfacet
  facet normal 0.194996 -0.980804 0
    outer loop
      vertex 61.5 14.1 6.4
      vertex 61.079 14.0163 2.4
      vertex 61.5 14.1 2.4
    endloop
  endfacet
  facet normal -0.194996 -0.980804 0
    outer loop
      vertex 61.5 14.1 2.4
      vertex 61.921 14.0163 6.4
      vertex 61.5 14.1 6.4
    endloop
  endfacet
  facet normal -0.194996 -0.980804 -0
    outer loop
      vertex 61.921 14.0163 6.4
      vertex 61.5 14.1 2.4
      vertex 61.921 14.0163 2.4
    endloop
  endfacet
  facet normal 0.831369 0.555721 0
    outer loop
      vertex 60.7222 12.2222 6.4
      vertex 60.4837 12.579 2.4
      vertex 60.4837 12.579 6.4
    endloop
  endfacet
  facet normal 0.831369 0.555721 0
    outer loop
      vertex 60.4837 12.579 2.4
      vertex 60.7222 12.2222 6.4
      vertex 60.7222 12.2222 2.4
    endloop
  endfacet
  facet normal -0.555721 -0.831369 0
    outer loop
      vertex 61.921 14.0163 2.4
      vertex 62.2778 13.7778 6.4
      vertex 61.921 14.0163 6.4
    endloop
  endfacet
  facet normal -0.555721 -0.831369 -0
    outer loop
      vertex 62.2778 13.7778 6.4
      vertex 61.921 14.0163 2.4
      vertex 62.2778 13.7778 2.4
    endloop
  endfacet
  facet normal 0.980804 0.194996 0
    outer loop
      vertex 60.4837 12.579 6.4
      vertex 60.4 13 2.4
      vertex 60.4 13 6.4
    endloop
  endfacet
  facet normal 0.980804 0.194996 0
    outer loop
      vertex 60.4 13 2.4
      vertex 60.4837 12.579 6.4
      vertex 60.4837 12.579 2.4
    endloop
  endfacet
  facet normal 0.555721 0.831369 -0
    outer loop
      vertex 61.079 11.9837 2.4
      vertex 60.7222 12.2222 6.4
      vertex 61.079 11.9837 6.4
    endloop
  endfacet
  facet normal 0.555721 0.831369 0
    outer loop
      vertex 60.7222 12.2222 6.4
      vertex 61.079 11.9837 2.4
      vertex 60.7222 12.2222 2.4
    endloop
  endfacet
  facet normal 0.923872 0.382701 0
    outer loop
      vertex 17.3978 83.7765 6.4
      vertex 17.0981 84.5 2.4
      vertex 17.0981 84.5 6.4
    endloop
  endfacet
  facet normal 0.923872 0.382701 0
    outer loop
      vertex 17.0981 84.5 2.4
      vertex 17.3978 83.7765 6.4
      vertex 17.3978 83.7765 2.4
    endloop
  endfacet
  facet normal 0.99145 0.130491 0
    outer loop
      vertex 17.5 83 6.4
      vertex 17.3978 83.7765 2.4
      vertex 17.3978 83.7765 6.4
    endloop
  endfacet
  facet normal 0.99145 0.130491 0
    outer loop
      vertex 17.3978 83.7765 2.4
      vertex 17.5 83 6.4
      vertex 17.5 83 2.4
    endloop
  endfacet
  facet normal -0.608809 0.793316 0
    outer loop
      vertex 13 85.5981 2.4
      vertex 12.3787 85.1213 6.4
      vertex 13 85.5981 6.4
    endloop
  endfacet
  facet normal -0.608809 0.793316 0
    outer loop
      vertex 12.3787 85.1213 6.4
      vertex 13 85.5981 2.4
      vertex 12.3787 85.1213 2.4
    endloop
  endfacet
  facet normal -0.382701 0.923872 0
    outer loop
      vertex 13.7235 85.8978 2.4
      vertex 13 85.5981 6.4
      vertex 13.7235 85.8978 6.4
    endloop
  endfacet
  facet normal -0.382701 0.923872 0
    outer loop
      vertex 13 85.5981 6.4
      vertex 13.7235 85.8978 2.4
      vertex 13 85.5981 2.4
    endloop
  endfacet
  facet normal 0.608809 -0.793316 0
    outer loop
      vertex 16 80.4019 2.4
      vertex 16.6213 80.8787 6.4
      vertex 16 80.4019 6.4
    endloop
  endfacet
  facet normal 0.608809 -0.793316 0
    outer loop
      vertex 16.6213 80.8787 6.4
      vertex 16 80.4019 2.4
      vertex 16.6213 80.8787 2.4
    endloop
  endfacet
  facet normal 0.608809 0.793316 -0
    outer loop
      vertex 16.6213 85.1213 2.4
      vertex 16 85.5981 6.4
      vertex 16.6213 85.1213 6.4
    endloop
  endfacet
  facet normal 0.608809 0.793316 0
    outer loop
      vertex 16 85.5981 6.4
      vertex 16.6213 85.1213 2.4
      vertex 16 85.5981 2.4
    endloop
  endfacet
  facet normal -0.130491 -0.99145 0
    outer loop
      vertex 13.7235 80.1022 2.4
      vertex 14.5 80 6.4
      vertex 13.7235 80.1022 6.4
    endloop
  endfacet
  facet normal -0.130491 -0.99145 -0
    outer loop
      vertex 14.5 80 6.4
      vertex 13.7235 80.1022 2.4
      vertex 14.5 80 2.4
    endloop
  endfacet
  facet normal 0.130491 0.99145 -0
    outer loop
      vertex 15.2765 85.8978 2.4
      vertex 14.5 86 6.4
      vertex 15.2765 85.8978 6.4
    endloop
  endfacet
  facet normal 0.130491 0.99145 0
    outer loop
      vertex 14.5 86 6.4
      vertex 15.2765 85.8978 2.4
      vertex 14.5 86 2.4
    endloop
  endfacet
  facet normal 0.382701 0.923872 -0
    outer loop
      vertex 16 85.5981 2.4
      vertex 15.2765 85.8978 6.4
      vertex 16 85.5981 6.4
    endloop
  endfacet
  facet normal 0.382701 0.923872 0
    outer loop
      vertex 15.2765 85.8978 6.4
      vertex 16 85.5981 2.4
      vertex 15.2765 85.8978 2.4
    endloop
  endfacet
  facet normal -0.608809 -0.793316 0
    outer loop
      vertex 12.3787 80.8787 2.4
      vertex 13 80.4019 6.4
      vertex 12.3787 80.8787 6.4
    endloop
  endfacet
  facet normal -0.608809 -0.793316 -0
    outer loop
      vertex 13 80.4019 6.4
      vertex 12.3787 80.8787 2.4
      vertex 13 80.4019 2.4
    endloop
  endfacet
  facet normal 0.793316 0.608809 0
    outer loop
      vertex 17.0981 84.5 6.4
      vertex 16.6213 85.1213 2.4
      vertex 16.6213 85.1213 6.4
    endloop
  endfacet
  facet normal 0.793316 0.608809 0
    outer loop
      vertex 16.6213 85.1213 2.4
      vertex 17.0981 84.5 6.4
      vertex 17.0981 84.5 2.4
    endloop
  endfacet
  facet normal 0.130491 -0.99145 0
    outer loop
      vertex 14.5 80 2.4
      vertex 15.2765 80.1022 6.4
      vertex 14.5 80 6.4
    endloop
  endfacet
  facet normal 0.130491 -0.99145 0
    outer loop
      vertex 15.2765 80.1022 6.4
      vertex 14.5 80 2.4
      vertex 15.2765 80.1022 2.4
    endloop
  endfacet
  facet normal 0.793316 -0.608809 0
    outer loop
      vertex 16.6213 80.8787 6.4
      vertex 17.0981 81.5 2.4
      vertex 17.0981 81.5 6.4
    endloop
  endfacet
  facet normal 0.793316 -0.608809 0
    outer loop
      vertex 17.0981 81.5 2.4
      vertex 16.6213 80.8787 6.4
      vertex 16.6213 80.8787 2.4
    endloop
  endfacet
  facet normal 0.382701 -0.923872 0
    outer loop
      vertex 15.2765 80.1022 2.4
      vertex 16 80.4019 6.4
      vertex 15.2765 80.1022 6.4
    endloop
  endfacet
  facet normal 0.382701 -0.923872 0
    outer loop
      vertex 16 80.4019 6.4
      vertex 15.2765 80.1022 2.4
      vertex 16 80.4019 2.4
    endloop
  endfacet
  facet normal -0.793316 0.608809 0
    outer loop
      vertex 11.9019 84.5 2.4
      vertex 12.3787 85.1213 6.4
      vertex 12.3787 85.1213 2.4
    endloop
  endfacet
  facet normal -0.793316 0.608809 0
    outer loop
      vertex 12.3787 85.1213 6.4
      vertex 11.9019 84.5 2.4
      vertex 11.9019 84.5 6.4
    endloop
  endfacet
  facet normal -0.793316 -0.608809 0
    outer loop
      vertex 12.3787 80.8787 2.4
      vertex 11.9019 81.5 6.4
      vertex 11.9019 81.5 2.4
    endloop
  endfacet
  facet normal -0.793316 -0.608809 0
    outer loop
      vertex 11.9019 81.5 6.4
      vertex 12.3787 80.8787 2.4
      vertex 12.3787 80.8787 6.4
    endloop
  endfacet
  facet normal 0.99145 -0.130491 0
    outer loop
      vertex 17.3978 82.2235 6.4
      vertex 17.5 83 2.4
      vertex 17.5 83 6.4
    endloop
  endfacet
  facet normal 0.99145 -0.130491 0
    outer loop
      vertex 17.5 83 2.4
      vertex 17.3978 82.2235 6.4
      vertex 17.3978 82.2235 2.4
    endloop
  endfacet
  facet normal -0.130491 0.99145 0
    outer loop
      vertex 14.5 86 2.4
      vertex 13.7235 85.8978 6.4
      vertex 14.5 86 6.4
    endloop
  endfacet
  facet normal -0.130491 0.99145 0
    outer loop
      vertex 13.7235 85.8978 6.4
      vertex 14.5 86 2.4
      vertex 13.7235 85.8978 2.4
    endloop
  endfacet
  facet normal -0.923872 -0.382701 0
    outer loop
      vertex 11.9019 81.5 2.4
      vertex 11.6022 82.2235 6.4
      vertex 11.6022 82.2235 2.4
    endloop
  endfacet
  facet normal -0.923872 -0.382701 0
    outer loop
      vertex 11.6022 82.2235 6.4
      vertex 11.9019 81.5 2.4
      vertex 11.9019 81.5 6.4
    endloop
  endfacet
  facet normal -0.99145 -0.130491 0
    outer loop
      vertex 11.6022 82.2235 2.4
      vertex 11.5 83 6.4
      vertex 11.5 83 2.4
    endloop
  endfacet
  facet normal -0.99145 -0.130491 0
    outer loop
      vertex 11.5 83 6.4
      vertex 11.6022 82.2235 2.4
      vertex 11.6022 82.2235 6.4
    endloop
  endfacet
  facet normal 0.923872 -0.382701 0
    outer loop
      vertex 17.0981 81.5 6.4
      vertex 17.3978 82.2235 2.4
      vertex 17.3978 82.2235 6.4
    endloop
  endfacet
  facet normal 0.923872 -0.382701 0
    outer loop
      vertex 17.3978 82.2235 2.4
      vertex 17.0981 81.5 6.4
      vertex 17.0981 81.5 2.4
    endloop
  endfacet
  facet normal -0.382701 -0.923872 0
    outer loop
      vertex 13 80.4019 2.4
      vertex 13.7235 80.1022 6.4
      vertex 13 80.4019 6.4
    endloop
  endfacet
  facet normal -0.382701 -0.923872 -0
    outer loop
      vertex 13.7235 80.1022 6.4
      vertex 13 80.4019 2.4
      vertex 13.7235 80.1022 2.4
    endloop
  endfacet
  facet normal -0.923872 0.382701 0
    outer loop
      vertex 11.6022 83.7765 2.4
      vertex 11.9019 84.5 6.4
      vertex 11.9019 84.5 2.4
    endloop
  endfacet
  facet normal -0.923872 0.382701 0
    outer loop
      vertex 11.9019 84.5 6.4
      vertex 11.6022 83.7765 2.4
      vertex 11.6022 83.7765 6.4
    endloop
  endfacet
  facet normal -0.99145 0.130491 0
    outer loop
      vertex 11.5 83 2.4
      vertex 11.6022 83.7765 6.4
      vertex 11.6022 83.7765 2.4
    endloop
  endfacet
  facet normal -0.99145 0.130491 0
    outer loop
      vertex 11.6022 83.7765 6.4
      vertex 11.5 83 2.4
      vertex 11.5 83 6.4
    endloop
  endfacet
  facet normal 0 0 1
    outer loop
      vertex 15.6 83 6.4
      vertex 17.5 83 6.4
      vertex 17.3978 83.7765 6.4
    endloop
  endfacet
  facet normal 0 0 1
    outer loop
      vertex 15.5163 83.421 6.4
      vertex 17.3978 83.7765 6.4
      vertex 17.0981 84.5 6.4
    endloop
  endfacet
  facet normal 0 0 1
    outer loop
      vertex 17.5 83 6.4
      vertex 15.6 83 6.4
      vertex 17.3978 82.2235 6.4
    endloop
  endfacet
  facet normal 0 0 1
    outer loop
      vertex 15.2778 83.7778 6.4
      vertex 17.0981 84.5 6.4
      vertex 16.6213 85.1213 6.4
    endloop
  endfacet
  facet normal -0 0 1
    outer loop
      vertex 15.5163 82.579 6.4
      vertex 17.3978 82.2235 6.4
      vertex 15.6 83 6.4
    endloop
  endfacet
  facet normal 0 0 1
    outer loop
      vertex 15.2778 83.7778 6.4
      vertex 16.6213 85.1213 6.4
      vertex 16 85.5981 6.4
    endloop
  endfacet
  facet normal 0 0 1
    outer loop
      vertex 17.3978 82.2235 6.4
      vertex 15.5163 82.579 6.4
      vertex 17.0981 81.5 6.4
    endloop
  endfacet
  facet normal -0 0 1
    outer loop
      vertex 15.2778 82.2222 6.4
      vertex 17.0981 81.5 6.4
      vertex 15.5163 82.579 6.4
    endloop
  endfacet
  facet normal 0 0 1
    outer loop
      vertex 17.3978 83.7765 6.4
      vertex 15.5163 83.421 6.4
      vertex 15.6 83 6.4
    endloop
  endfacet
  facet normal 0 0 1
    outer loop
      vertex 17.0981 84.5 6.4
      vertex 15.2778 83.7778 6.4
      vertex 15.5163 83.421 6.4
    endloop
  endfacet
  facet normal 0 0 1
    outer loop
      vertex 14.921 84.0163 6.4
      vertex 16 85.5981 6.4
      vertex 15.2765 85.8978 6.4
    endloop
  endfacet
  facet normal 0 0 1
    outer loop
      vertex 16 85.5981 6.4
      vertex 14.921 84.0163 6.4
      vertex 15.2778 83.7778 6.4
    endloop
  endfacet
  facet normal 0 0 1
    outer loop
      vertex 14.5 84.1 6.4
      vertex 15.2765 85.8978 6.4
      vertex 14.5 86 6.4
    endloop
  endfacet
  facet normal 0 0 1
    outer loop
      vertex 15.2765 85.8978 6.4
      vertex 14.5 84.1 6.4
      vertex 14.921 84.0163 6.4
    endloop
  endfacet
  facet normal -0 0 1
    outer loop
      vertex 13.7235 85.8978 6.4
      vertex 14.5 84.1 6.4
      vertex 14.5 86 6.4
    endloop
  endfacet
  facet normal 0 0 1
    outer loop
      vertex 14.5 84.1 6.4
      vertex 13.7235 85.8978 6.4
      vertex 14.079 84.0163 6.4
    endloop
  endfacet
  facet normal -0 0 1
    outer loop
      vertex 13 85.5981 6.4
      vertex 14.079 84.0163 6.4
      vertex 13.7235 85.8978 6.4
    endloop
  endfacet
  facet normal 0 0 1
    outer loop
      vertex 14.079 84.0163 6.4
      vertex 13 85.5981 6.4
      vertex 13.7222 83.7778 6.4
    endloop
  endfacet
  facet normal -0 0 1
    outer loop
      vertex 12.3787 85.1213 6.4
      vertex 13.7222 83.7778 6.4
      vertex 13 85.5981 6.4
    endloop
  endfacet
  facet normal -0 0 1
    outer loop
      vertex 11.9019 84.5 6.4
      vertex 13.7222 83.7778 6.4
      vertex 12.3787 85.1213 6.4
    endloop
  endfacet
  facet normal 0 0 1
    outer loop
      vertex 17.0981 81.5 6.4
      vertex 15.2778 82.2222 6.4
      vertex 16.6213 80.8787 6.4
    endloop
  endfacet
  facet normal 0 0 1
    outer loop
      vertex 16.6213 80.8787 6.4
      vertex 15.2778 82.2222 6.4
      vertex 16 80.4019 6.4
    endloop
  endfacet
  facet normal -0 0 1
    outer loop
      vertex 14.921 81.9837 6.4
      vertex 16 80.4019 6.4
      vertex 15.2778 82.2222 6.4
    endloop
  endfacet
  facet normal 0 0 1
    outer loop
      vertex 16 80.4019 6.4
      vertex 14.921 81.9837 6.4
      vertex 15.2765 80.1022 6.4
    endloop
  endfacet
  facet normal -0 0 1
    outer loop
      vertex 14.5 81.9 6.4
      vertex 15.2765 80.1022 6.4
      vertex 14.921 81.9837 6.4
    endloop
  endfacet
  facet normal 0 0 1
    outer loop
      vertex 14.5 81.9 6.4
      vertex 14.5 80 6.4
      vertex 15.2765 80.1022 6.4
    endloop
  endfacet
  facet normal 0 0 1
    outer loop
      vertex 13.7235 80.1022 6.4
      vertex 14.5 81.9 6.4
      vertex 14.079 81.9837 6.4
    endloop
  endfacet
  facet normal 0 0 1
    outer loop
      vertex 14.5 81.9 6.4
      vertex 13.7235 80.1022 6.4
      vertex 14.5 80 6.4
    endloop
  endfacet
  facet normal 0 0 1
    outer loop
      vertex 13 80.4019 6.4
      vertex 14.079 81.9837 6.4
      vertex 13.7222 82.2222 6.4
    endloop
  endfacet
  facet normal 0 0 1
    outer loop
      vertex 11.9019 81.5 6.4
      vertex 13.7222 82.2222 6.4
      vertex 13.4837 82.579 6.4
    endloop
  endfacet
  facet normal 0 0 1
    outer loop
      vertex 11.6022 82.2235 6.4
      vertex 13.4837 82.579 6.4
      vertex 13.4 83 6.4
    endloop
  endfacet
  facet normal 0 0 1
    outer loop
      vertex 13.7222 83.7778 6.4
      vertex 11.9019 84.5 6.4
      vertex 13.4837 83.421 6.4
    endloop
  endfacet
  facet normal 0 0 1
    outer loop
      vertex 14.079 81.9837 6.4
      vertex 13 80.4019 6.4
      vertex 13.7235 80.1022 6.4
    endloop
  endfacet
  facet normal -0 0 1
    outer loop
      vertex 11.6022 83.7765 6.4
      vertex 13.4837 83.421 6.4
      vertex 11.9019 84.5 6.4
    endloop
  endfacet
  facet normal 0 0 1
    outer loop
      vertex 13.7222 82.2222 6.4
      vertex 12.3787 80.8787 6.4
      vertex 13 80.4019 6.4
    endloop
  endfacet
  facet normal 0 0 1
    outer loop
      vertex 13.4837 83.421 6.4
      vertex 11.6022 83.7765 6.4
      vertex 13.4 83 6.4
    endloop
  endfacet
  facet normal 0 0 1
    outer loop
      vertex 13.7222 82.2222 6.4
      vertex 11.9019 81.5 6.4
      vertex 12.3787 80.8787 6.4
    endloop
  endfacet
  facet normal 0 0 1
    outer loop
      vertex 11.5 83 6.4
      vertex 13.4 83 6.4
      vertex 11.6022 83.7765 6.4
    endloop
  endfacet
  facet normal 0 0 1
    outer loop
      vertex 13.4837 82.579 6.4
      vertex 11.6022 82.2235 6.4
      vertex 11.9019 81.5 6.4
    endloop
  endfacet
  facet normal 0 0 1
    outer loop
      vertex 13.4 83 6.4
      vertex 11.5 83 6.4
      vertex 11.6022 82.2235 6.4
    endloop
  endfacet
  facet normal 0.555721 -0.831369 0
    outer loop
      vertex 13.7222 83.7778 2.4
      vertex 14.079 84.0163 6.4
      vertex 13.7222 83.7778 6.4
    endloop
  endfacet
  facet normal 0.555721 -0.831369 0
    outer loop
      vertex 14.079 84.0163 6.4
      vertex 13.7222 83.7778 2.4
      vertex 14.079 84.0163 2.4
    endloop
  endfacet
  facet normal -0.831369 -0.555721 0
    outer loop
      vertex 15.5163 83.421 2.4
      vertex 15.2778 83.7778 6.4
      vertex 15.2778 83.7778 2.4
    endloop
  endfacet
  facet normal -0.831369 -0.555721 0
    outer loop
      vertex 15.2778 83.7778 6.4
      vertex 15.5163 83.421 2.4
      vertex 15.5163 83.421 6.4
    endloop
  endfacet
  facet normal -0.980804 -0.194996 0
    outer loop
      vertex 15.6 83 2.4
      vertex 15.5163 83.421 6.4
      vertex 15.5163 83.421 2.4
    endloop
  endfacet
  facet normal -0.980804 -0.194996 0
    outer loop
      vertex 15.5163 83.421 6.4
      vertex 15.6 83 2.4
      vertex 15.6 83 6.4
    endloop
  endfacet
  facet normal 0.831369 -0.555721 0
    outer loop
      vertex 13.4837 83.421 6.4
      vertex 13.7222 83.7778 2.4
      vertex 13.7222 83.7778 6.4
    endloop
  endfacet
  facet normal 0.831369 -0.555721 0
    outer loop
      vertex 13.7222 83.7778 2.4
      vertex 13.4837 83.421 6.4
      vertex 13.4837 83.421 2.4
    endloop
  endfacet
  facet normal 0.194996 0.980804 -0
    outer loop
      vertex 14.5 81.9 2.4
      vertex 14.079 81.9837 6.4
      vertex 14.5 81.9 6.4
    endloop
  endfacet
  facet normal 0.194996 0.980804 0
    outer loop
      vertex 14.079 81.9837 6.4
      vertex 14.5 81.9 2.4
      vertex 14.079 81.9837 2.4
    endloop
  endfacet
  facet normal -0.194996 0.980804 0
    outer loop
      vertex 14.921 81.9837 2.4
      vertex 14.5 81.9 6.4
      vertex 14.921 81.9837 6.4
    endloop
  endfacet
  facet normal -0.194996 0.980804 0
    outer loop
      vertex 14.5 81.9 6.4
      vertex 14.921 81.9837 2.4
      vertex 14.5 81.9 2.4
    endloop
  endfacet
  facet normal -0.555721 0.831369 0
    outer loop
      vertex 15.2778 82.2222 2.4
      vertex 14.921 81.9837 6.4
      vertex 15.2778 82.2222 6.4
    endloop
  endfacet
  facet normal -0.555721 0.831369 0
    outer loop
      vertex 14.921 81.9837 6.4
      vertex 15.2778 82.2222 2.4
      vertex 14.921 81.9837 2.4
    endloop
  endfacet
  facet normal -0.831369 0.555721 0
    outer loop
      vertex 15.2778 82.2222 2.4
      vertex 15.5163 82.579 6.4
      vertex 15.5163 82.579 2.4
    endloop
  endfacet
  facet normal -0.831369 0.555721 0
    outer loop
      vertex 15.5163 82.579 6.4
      vertex 15.2778 82.2222 2.4
      vertex 15.2778 82.2222 6.4
    endloop
  endfacet
  facet normal 0.980804 -0.194996 0
    outer loop
      vertex 13.4 83 6.4
      vertex 13.4837 83.421 2.4
      vertex 13.4837 83.421 6.4
    endloop
  endfacet
  facet normal 0.980804 -0.194996 0
    outer loop
      vertex 13.4837 83.421 2.4
      vertex 13.4 83 6.4
      vertex 13.4 83 2.4
    endloop
  endfacet
  facet normal -0.980804 0.194996 0
    outer loop
      vertex 15.5163 82.579 2.4
      vertex 15.6 83 6.4
      vertex 15.6 83 2.4
    endloop
  endfacet
  facet normal -0.980804 0.194996 0
    outer loop
      vertex 15.6 83 6.4
      vertex 15.5163 82.579 2.4
      vertex 15.5163 82.579 6.4
    endloop
  endfacet
  facet normal 0.194996 -0.980804 0
    outer loop
      vertex 14.079 84.0163 2.4
      vertex 14.5 84.1 6.4
      vertex 14.079 84.0163 6.4
    endloop
  endfacet
  facet normal 0.194996 -0.980804 0
    outer loop
      vertex 14.5 84.1 6.4
      vertex 14.079 84.0163 2.4
      vertex 14.5 84.1 2.4
    endloop
  endfacet
  facet normal -0.194996 -0.980804 0
    outer loop
      vertex 14.5 84.1 2.4
      vertex 14.921 84.0163 6.4
      vertex 14.5 84.1 6.4
    endloop
  endfacet
  facet normal -0.194996 -0.980804 -0
    outer loop
      vertex 14.921 84.0163 6.4
      vertex 14.5 84.1 2.4
      vertex 14.921 84.0163 2.4
    endloop
  endfacet
  facet normal 0.831369 0.555721 0
    outer loop
      vertex 13.7222 82.2222 6.4
      vertex 13.4837 82.579 2.4
      vertex 13.4837 82.579 6.4
    endloop
  endfacet
  facet normal 0.831369 0.555721 0
    outer loop
      vertex 13.4837 82.579 2.4
      vertex 13.7222 82.2222 6.4
      vertex 13.7222 82.2222 2.4
    endloop
  endfacet
  facet normal -0.555721 -0.831369 0
    outer loop
      vertex 14.921 84.0163 2.4
      vertex 15.2778 83.7778 6.4
      vertex 14.921 84.0163 6.4
    endloop
  endfacet
  facet normal -0.555721 -0.831369 -0
    outer loop
      vertex 15.2778 83.7778 6.4
      vertex 14.921 84.0163 2.4
      vertex 15.2778 83.7778 2.4
    endloop
  endfacet
  facet normal 0.980804 0.194996 0
    outer loop
      vertex 13.4837 82.579 6.4
      vertex 13.4 83 2.4
      vertex 13.4 83 6.4
    endloop
  endfacet
  facet normal 0.980804 0.194996 0
    outer loop
      vertex 13.4 83 2.4
      vertex 13.4837 82.579 6.4
      vertex 13.4837 82.579 2.4
    endloop
  endfacet
  facet normal 0.555721 0.831369 -0
    outer loop
      vertex 14.079 81.9837 2.4
      vertex 13.7222 82.2222 6.4
      vertex 14.079 81.9837 6.4
    endloop
  endfacet
  facet normal 0.555721 0.831369 0
    outer loop
      vertex 13.7222 82.2222 6.4
      vertex 14.079 81.9837 2.4
      vertex 13.7222 82.2222 2.4
    endloop
  endfacet
  facet normal 0.923872 0.382701 0
    outer loop
      vertex 64.3978 83.7765 6.4
      vertex 64.0981 84.5 2.4
      vertex 64.0981 84.5 6.4
    endloop
  endfacet
  facet normal 0.923872 0.382701 0
    outer loop
      vertex 64.0981 84.5 2.4
      vertex 64.3978 83.7765 6.4
      vertex 64.3978 83.7765 2.4
    endloop
  endfacet
  facet normal 0.99145 0.130491 0
    outer loop
      vertex 64.5 83 6.4
      vertex 64.3978 83.7765 2.4
      vertex 64.3978 83.7765 6.4
    endloop
  endfacet
  facet normal 0.99145 0.130491 0
    outer loop
      vertex 64.3978 83.7765 2.4
      vertex 64.5 83 6.4
      vertex 64.5 83 2.4
    endloop
  endfacet
  facet normal -0.608809 0.793316 0
    outer loop
      vertex 60 85.5981 2.4
      vertex 59.3787 85.1213 6.4
      vertex 60 85.5981 6.4
    endloop
  endfacet
  facet normal -0.608809 0.793316 0
    outer loop
      vertex 59.3787 85.1213 6.4
      vertex 60 85.5981 2.4
      vertex 59.3787 85.1213 2.4
    endloop
  endfacet
  facet normal -0.382701 0.923872 0
    outer loop
      vertex 60.7235 85.8978 2.4
      vertex 60 85.5981 6.4
      vertex 60.7235 85.8978 6.4
    endloop
  endfacet
  facet normal -0.382701 0.923872 0
    outer loop
      vertex 60 85.5981 6.4
      vertex 60.7235 85.8978 2.4
      vertex 60 85.5981 2.4
    endloop
  endfacet
  facet normal 0.608809 -0.793316 0
    outer loop
      vertex 63 80.4019 2.4
      vertex 63.6213 80.8787 6.4
      vertex 63 80.4019 6.4
    endloop
  endfacet
  facet normal 0.608809 -0.793316 0
    outer loop
      vertex 63.6213 80.8787 6.4
      vertex 63 80.4019 2.4
      vertex 63.6213 80.8787 2.4
    endloop
  endfacet
  facet normal 0.608809 0.793316 -0
    outer loop
      vertex 63.6213 85.1213 2.4
      vertex 63 85.5981 6.4
      vertex 63.6213 85.1213 6.4
    endloop
  endfacet
  facet normal 0.608809 0.793316 0
    outer loop
      vertex 63 85.5981 6.4
      vertex 63.6213 85.1213 2.4
      vertex 63 85.5981 2.4
    endloop
  endfacet
  facet normal -0.130491 -0.99145 0
    outer loop
      vertex 60.7235 80.1022 2.4
      vertex 61.5 80 6.4
      vertex 60.7235 80.1022 6.4
    endloop
  endfacet
  facet normal -0.130491 -0.99145 -0
    outer loop
      vertex 61.5 80 6.4
      vertex 60.7235 80.1022 2.4
      vertex 61.5 80 2.4
    endloop
  endfacet
  facet normal 0.130491 0.99145 -0
    outer loop
      vertex 62.2765 85.8978 2.4
      vertex 61.5 86 6.4
      vertex 62.2765 85.8978 6.4
    endloop
  endfacet
  facet normal 0.130491 0.99145 0
    outer loop
      vertex 61.5 86 6.4
      vertex 62.2765 85.8978 2.4
      vertex 61.5 86 2.4
    endloop
  endfacet
  facet normal 0.382701 0.923872 -0
    outer loop
      vertex 63 85.5981 2.4
      vertex 62.2765 85.8978 6.4
      vertex 63 85.5981 6.4
    endloop
  endfacet
  facet normal 0.382701 0.923872 0
    outer loop
      vertex 62.2765 85.8978 6.4
      vertex 63 85.5981 2.4
      vertex 62.2765 85.8978 2.4
    endloop
  endfacet
  facet normal -0.608809 -0.793316 0
    outer loop
      vertex 59.3787 80.8787 2.4
      vertex 60 80.4019 6.4
      vertex 59.3787 80.8787 6.4
    endloop
  endfacet
  facet normal -0.608809 -0.793316 -0
    outer loop
      vertex 60 80.4019 6.4
      vertex 59.3787 80.8787 2.4
      vertex 60 80.4019 2.4
    endloop
  endfacet
  facet normal 0.793316 0.608809 0
    outer loop
      vertex 64.0981 84.5 6.4
      vertex 63.6213 85.1213 2.4
      vertex 63.6213 85.1213 6.4
    endloop
  endfacet
  facet normal 0.793316 0.608809 0
    outer loop
      vertex 63.6213 85.1213 2.4
      vertex 64.0981 84.5 6.4
      vertex 64.0981 84.5 2.4
    endloop
  endfacet
  facet normal 0.130491 -0.99145 0
    outer loop
      vertex 61.5 80 2.4
      vertex 62.2765 80.1022 6.4
      vertex 61.5 80 6.4
    endloop
  endfacet
  facet normal 0.130491 -0.99145 0
    outer loop
      vertex 62.2765 80.1022 6.4
      vertex 61.5 80 2.4
      vertex 62.2765 80.1022 2.4
    endloop
  endfacet
  facet normal 0.793316 -0.608809 0
    outer loop
      vertex 63.6213 80.8787 6.4
      vertex 64.0981 81.5 2.4
      vertex 64.0981 81.5 6.4
    endloop
  endfacet
  facet normal 0.793316 -0.608809 0
    outer loop
      vertex 64.0981 81.5 2.4
      vertex 63.6213 80.8787 6.4
      vertex 63.6213 80.8787 2.4
    endloop
  endfacet
  facet normal 0.382701 -0.923872 0
    outer loop
      vertex 62.2765 80.1022 2.4
      vertex 63 80.4019 6.4
      vertex 62.2765 80.1022 6.4
    endloop
  endfacet
  facet normal 0.382701 -0.923872 0
    outer loop
      vertex 63 80.4019 6.4
      vertex 62.2765 80.1022 2.4
      vertex 63 80.4019 2.4
    endloop
  endfacet
  facet normal -0.793316 0.608809 0
    outer loop
      vertex 58.9019 84.5 2.4
      vertex 59.3787 85.1213 6.4
      vertex 59.3787 85.1213 2.4
    endloop
  endfacet
  facet normal -0.793316 0.608809 0
    outer loop
      vertex 59.3787 85.1213 6.4
      vertex 58.9019 84.5 2.4
      vertex 58.9019 84.5 6.4
    endloop
  endfacet
  facet normal -0.793316 -0.608809 0
    outer loop
      vertex 59.3787 80.8787 2.4
      vertex 58.9019 81.5 6.4
      vertex 58.9019 81.5 2.4
    endloop
  endfacet
  facet normal -0.793316 -0.608809 0
    outer loop
      vertex 58.9019 81.5 6.4
      vertex 59.3787 80.8787 2.4
      vertex 59.3787 80.8787 6.4
    endloop
  endfacet
  facet normal 0.99145 -0.130491 0
    outer loop
      vertex 64.3978 82.2235 6.4
      vertex 64.5 83 2.4
      vertex 64.5 83 6.4
    endloop
  endfacet
  facet normal 0.99145 -0.130491 0
    outer loop
      vertex 64.5 83 2.4
      vertex 64.3978 82.2235 6.4
      vertex 64.3978 82.2235 2.4
    endloop
  endfacet
  facet normal -0.130491 0.99145 0
    outer loop
      vertex 61.5 86 2.4
      vertex 60.7235 85.8978 6.4
      vertex 61.5 86 6.4
    endloop
  endfacet
  facet normal -0.130491 0.99145 0
    outer loop
      vertex 60.7235 85.8978 6.4
      vertex 61.5 86 2.4
      vertex 60.7235 85.8978 2.4
    endloop
  endfacet
  facet normal -0.923872 -0.382701 0
    outer loop
      vertex 58.9019 81.5 2.4
      vertex 58.6022 82.2235 6.4
      vertex 58.6022 82.2235 2.4
    endloop
  endfacet
  facet normal -0.923872 -0.382701 0
    outer loop
      vertex 58.6022 82.2235 6.4
      vertex 58.9019 81.5 2.4
      vertex 58.9019 81.5 6.4
    endloop
  endfacet
  facet normal -0.99145 -0.130491 0
    outer loop
      vertex 58.6022 82.2235 2.4
      vertex 58.5 83 6.4
      vertex 58.5 83 2.4
    endloop
  endfacet
  facet normal -0.99145 -0.130491 0
    outer loop
      vertex 58.5 83 6.4
      vertex 58.6022 82.2235 2.4
      vertex 58.6022 82.2235 6.4
    endloop
  endfacet
  facet normal 0.923872 -0.382701 0
    outer loop
      vertex 64.0981 81.5 6.4
      vertex 64.3978 82.2235 2.4
      vertex 64.3978 82.2235 6.4
    endloop
  endfacet
  facet normal 0.923872 -0.382701 0
    outer loop
      vertex 64.3978 82.2235 2.4
      vertex 64.0981 81.5 6.4
      vertex 64.0981 81.5 2.4
    endloop
  endfacet
  facet normal -0.382701 -0.923872 0
    outer loop
      vertex 60 80.4019 2.4
      vertex 60.7235 80.1022 6.4
      vertex 60 80.4019 6.4
    endloop
  endfacet
  facet normal -0.382701 -0.923872 -0
    outer loop
      vertex 60.7235 80.1022 6.4
      vertex 60 80.4019 2.4
      vertex 60.7235 80.1022 2.4
    endloop
  endfacet
  facet normal -0.923872 0.382701 0
    outer loop
      vertex 58.6022 83.7765 2.4
      vertex 58.9019 84.5 6.4
      vertex 58.9019 84.5 2.4
    endloop
  endfacet
  facet normal -0.923872 0.382701 0
    outer loop
      vertex 58.9019 84.5 6.4
      vertex 58.6022 83.7765 2.4
      vertex 58.6022 83.7765 6.4
    endloop
  endfacet
  facet normal -0.99145 0.130491 0
    outer loop
      vertex 58.5 83 2.4
      vertex 58.6022 83.7765 6.4
      vertex 58.6022 83.7765 2.4
    endloop
  endfacet
  facet normal -0.99145 0.130491 0
    outer loop
      vertex 58.6022 83.7765 6.4
      vertex 58.5 83 2.4
      vertex 58.5 83 6.4
    endloop
  endfacet
  facet normal 0 0 1
    outer loop
      vertex 62.6 83 6.4
      vertex 64.5 83 6.4
      vertex 64.3978 83.7765 6.4
    endloop
  endfacet
  facet normal 0 0 1
    outer loop
      vertex 62.5163 83.421 6.4
      vertex 64.3978 83.7765 6.4
      vertex 64.0981 84.5 6.4
    endloop
  endfacet
  facet normal 0 0 1
    outer loop
      vertex 64.5 83 6.4
      vertex 62.6 83 6.4
      vertex 64.3978 82.2235 6.4
    endloop
  endfacet
  facet normal 0 0 1
    outer loop
      vertex 62.2778 83.7778 6.4
      vertex 64.0981 84.5 6.4
      vertex 63.6213 85.1213 6.4
    endloop
  endfacet
  facet normal -0 0 1
    outer loop
      vertex 62.5163 82.579 6.4
      vertex 64.3978 82.2235 6.4
      vertex 62.6 83 6.4
    endloop
  endfacet
  facet normal 0 0 1
    outer loop
      vertex 62.2778 83.7778 6.4
      vertex 63.6213 85.1213 6.4
      vertex 63 85.5981 6.4
    endloop
  endfacet
  facet normal 0 0 1
    outer loop
      vertex 64.3978 82.2235 6.4
      vertex 62.5163 82.579 6.4
      vertex 64.0981 81.5 6.4
    endloop
  endfacet
  facet normal -0 0 1
    outer loop
      vertex 62.2778 82.2222 6.4
      vertex 64.0981 81.5 6.4
      vertex 62.5163 82.579 6.4
    endloop
  endfacet
  facet normal 0 0 1
    outer loop
      vertex 64.3978 83.7765 6.4
      vertex 62.5163 83.421 6.4
      vertex 62.6 83 6.4
    endloop
  endfacet
  facet normal 0 0 1
    outer loop
      vertex 64.0981 84.5 6.4
      vertex 62.2778 83.7778 6.4
      vertex 62.5163 83.421 6.4
    endloop
  endfacet
  facet normal 0 0 1
    outer loop
      vertex 61.921 84.0163 6.4
      vertex 63 85.5981 6.4
      vertex 62.2765 85.8978 6.4
    endloop
  endfacet
  facet normal 0 0 1
    outer loop
      vertex 63 85.5981 6.4
      vertex 61.921 84.0163 6.4
      vertex 62.2778 83.7778 6.4
    endloop
  endfacet
  facet normal 0 0 1
    outer loop
      vertex 61.5 84.1 6.4
      vertex 62.2765 85.8978 6.4
      vertex 61.5 86 6.4
    endloop
  endfacet
  facet normal 0 0 1
    outer loop
      vertex 62.2765 85.8978 6.4
      vertex 61.5 84.1 6.4
      vertex 61.921 84.0163 6.4
    endloop
  endfacet
  facet normal -0 0 1
    outer loop
      vertex 60.7235 85.8978 6.4
      vertex 61.5 84.1 6.4
      vertex 61.5 86 6.4
    endloop
  endfacet
  facet normal 0 0 1
    outer loop
      vertex 61.5 84.1 6.4
      vertex 60.7235 85.8978 6.4
      vertex 61.079 84.0163 6.4
    endloop
  endfacet
  facet normal -0 0 1
    outer loop
      vertex 60 85.5981 6.4
      vertex 61.079 84.0163 6.4
      vertex 60.7235 85.8978 6.4
    endloop
  endfacet
  facet normal 0 0 1
    outer loop
      vertex 61.079 84.0163 6.4
      vertex 60 85.5981 6.4
      vertex 60.7222 83.7778 6.4
    endloop
  endfacet
  facet normal -0 0 1
    outer loop
      vertex 59.3787 85.1213 6.4
      vertex 60.7222 83.7778 6.4
      vertex 60 85.5981 6.4
    endloop
  endfacet
  facet normal -0 0 1
    outer loop
      vertex 58.9019 84.5 6.4
      vertex 60.7222 83.7778 6.4
      vertex 59.3787 85.1213 6.4
    endloop
  endfacet
  facet normal 0 0 1
    outer loop
      vertex 64.0981 81.5 6.4
      vertex 62.2778 82.2222 6.4
      vertex 63.6213 80.8787 6.4
    endloop
  endfacet
  facet normal 0 0 1
    outer loop
      vertex 63.6213 80.8787 6.4
      vertex 62.2778 82.2222 6.4
      vertex 63 80.4019 6.4
    endloop
  endfacet
  facet normal -0 0 1
    outer loop
      vertex 61.921 81.9837 6.4
      vertex 63 80.4019 6.4
      vertex 62.2778 82.2222 6.4
    endloop
  endfacet
  facet normal 0 0 1
    outer loop
      vertex 63 80.4019 6.4
      vertex 61.921 81.9837 6.4
      vertex 62.2765 80.1022 6.4
    endloop
  endfacet
  facet normal -0 0 1
    outer loop
      vertex 61.5 81.9 6.4
      vertex 62.2765 80.1022 6.4
      vertex 61.921 81.9837 6.4
    endloop
  endfacet
  facet normal 0 0 1
    outer loop
      vertex 61.5 81.9 6.4
      vertex 61.5 80 6.4
      vertex 62.2765 80.1022 6.4
    endloop
  endfacet
  facet normal 0 0 1
    outer loop
      vertex 60.7235 80.1022 6.4
      vertex 61.5 81.9 6.4
      vertex 61.079 81.9837 6.4
    endloop
  endfacet
  facet normal 0 0 1
    outer loop
      vertex 61.5 81.9 6.4
      vertex 60.7235 80.1022 6.4
      vertex 61.5 80 6.4
    endloop
  endfacet
  facet normal 0 0 1
    outer loop
      vertex 60 80.4019 6.4
      vertex 61.079 81.9837 6.4
      vertex 60.7222 82.2222 6.4
    endloop
  endfacet
  facet normal 0 0 1
    outer loop
      vertex 58.9019 81.5 6.4
      vertex 60.7222 82.2222 6.4
      vertex 60.4837 82.579 6.4
    endloop
  endfacet
  facet normal 0 0 1
    outer loop
      vertex 58.6022 82.2235 6.4
      vertex 60.4837 82.579 6.4
      vertex 60.4 83 6.4
    endloop
  endfacet
  facet normal 0 0 1
    outer loop
      vertex 60.7222 83.7778 6.4
      vertex 58.9019 84.5 6.4
      vertex 60.4837 83.421 6.4
    endloop
  endfacet
  facet normal 0 0 1
    outer loop
      vertex 61.079 81.9837 6.4
      vertex 60 80.4019 6.4
      vertex 60.7235 80.1022 6.4
    endloop
  endfacet
  facet normal -0 0 1
    outer loop
      vertex 58.6022 83.7765 6.4
      vertex 60.4837 83.421 6.4
      vertex 58.9019 84.5 6.4
    endloop
  endfacet
  facet normal 0 0 1
    outer loop
      vertex 60.7222 82.2222 6.4
      vertex 59.3787 80.8787 6.4
      vertex 60 80.4019 6.4
    endloop
  endfacet
  facet normal 0 0 1
    outer loop
      vertex 60.4837 83.421 6.4
      vertex 58.6022 83.7765 6.4
      vertex 60.4 83 6.4
    endloop
  endfacet
  facet normal 0 0 1
    outer loop
      vertex 60.7222 82.2222 6.4
      vertex 58.9019 81.5 6.4
      vertex 59.3787 80.8787 6.4
    endloop
  endfacet
  facet normal 0 0 1
    outer loop
      vertex 58.5 83 6.4
      vertex 60.4 83 6.4
      vertex 58.6022 83.7765 6.4
    endloop
  endfacet
  facet normal 0 0 1
    outer loop
      vertex 60.4837 82.579 6.4
      vertex 58.6022 82.2235 6.4
      vertex 58.9019 81.5 6.4
    endloop
  endfacet
  facet normal 0 0 1
    outer loop
      vertex 60.4 83 6.4
      vertex 58.5 83 6.4
      vertex 58.6022 82.2235 6.4
    endloop
  endfacet
  facet normal 0.555721 -0.831369 0
    outer loop
      vertex 60.7222 83.7778 2.4
      vertex 61.079 84.0163 6.4
      vertex 60.7222 83.7778 6.4
    endloop
  endfacet
  facet normal 0.555721 -0.831369 0
    outer loop
      vertex 61.079 84.0163 6.4
      vertex 60.7222 83.7778 2.4
      vertex 61.079 84.0163 2.4
    endloop
  endfacet
  facet normal -0.831369 -0.555721 0
    outer loop
      vertex 62.5163 83.421 2.4
      vertex 62.2778 83.7778 6.4
      vertex 62.2778 83.7778 2.4
    endloop
  endfacet
  facet normal -0.831369 -0.555721 0
    outer loop
      vertex 62.2778 83.7778 6.4
      vertex 62.5163 83.421 2.4
      vertex 62.5163 83.421 6.4
    endloop
  endfacet
  facet normal -0.980804 -0.194996 0
    outer loop
      vertex 62.6 83 2.4
      vertex 62.5163 83.421 6.4
      vertex 62.5163 83.421 2.4
    endloop
  endfacet
  facet normal -0.980804 -0.194996 0
    outer loop
      vertex 62.5163 83.421 6.4
      vertex 62.6 83 2.4
      vertex 62.6 83 6.4
    endloop
  endfacet
  facet normal 0.831369 -0.555721 0
    outer loop
      vertex 60.4837 83.421 6.4
      vertex 60.7222 83.7778 2.4
      vertex 60.7222 83.7778 6.4
    endloop
  endfacet
  facet normal 0.831369 -0.555721 0
    outer loop
      vertex 60.7222 83.7778 2.4
      vertex 60.4837 83.421 6.4
      vertex 60.4837 83.421 2.4
    endloop
  endfacet
  facet normal 0.194996 0.980804 -0
    outer loop
      vertex 61.5 81.9 2.4
      vertex 61.079 81.9837 6.4
      vertex 61.5 81.9 6.4
    endloop
  endfacet
  facet normal 0.194996 0.980804 0
    outer loop
      vertex 61.079 81.9837 6.4
      vertex 61.5 81.9 2.4
      vertex 61.079 81.9837 2.4
    endloop
  endfacet
  facet normal -0.194996 0.980804 0
    outer loop
      vertex 61.921 81.9837 2.4
      vertex 61.5 81.9 6.4
      vertex 61.921 81.9837 6.4
    endloop
  endfacet
  facet normal -0.194996 0.980804 0
    outer loop
      vertex 61.5 81.9 6.4
      vertex 61.921 81.9837 2.4
      vertex 61.5 81.9 2.4
    endloop
  endfacet
  facet normal -0.555721 0.831369 0
    outer loop
      vertex 62.2778 82.2222 2.4
      vertex 61.921 81.9837 6.4
      vertex 62.2778 82.2222 6.4
    endloop
  endfacet
  facet normal -0.555721 0.831369 0
    outer loop
      vertex 61.921 81.9837 6.4
      vertex 62.2778 82.2222 2.4
      vertex 61.921 81.9837 2.4
    endloop
  endfacet
  facet normal -0.831369 0.555721 0
    outer loop
      vertex 62.2778 82.2222 2.4
      vertex 62.5163 82.579 6.4
      vertex 62.5163 82.579 2.4
    endloop
  endfacet
  facet normal -0.831369 0.555721 0
    outer loop
      vertex 62.5163 82.579 6.4
      vertex 62.2778 82.2222 2.4
      vertex 62.2778 82.2222 6.4
    endloop
  endfacet
  facet normal 0.980804 -0.194996 0
    outer loop
      vertex 60.4 83 6.4
      vertex 60.4837 83.421 2.4
      vertex 60.4837 83.421 6.4
    endloop
  endfacet
  facet normal 0.980804 -0.194996 0
    outer loop
      vertex 60.4837 83.421 2.4
      vertex 60.4 83 6.4
      vertex 60.4 83 2.4
    endloop
  endfacet
  facet normal -0.980804 0.194996 0
    outer loop
      vertex 62.5163 82.579 2.4
      vertex 62.6 83 6.4
      vertex 62.6 83 2.4
    endloop
  endfacet
  facet normal -0.980804 0.194996 0
    outer loop
      vertex 62.6 83 6.4
      vertex 62.5163 82.579 2.4
      vertex 62.5163 82.579 6.4
    endloop
  endfacet
  facet normal 0.194996 -0.980804 0
    outer loop
      vertex 61.079 84.0163 2.4
      vertex 61.5 84.1 6.4
      vertex 61.079 84.0163 6.4
    endloop
  endfacet
  facet normal 0.194996 -0.980804 0
    outer loop
      vertex 61.5 84.1 6.4
      vertex 61.079 84.0163 2.4
      vertex 61.5 84.1 2.4
    endloop
  endfacet
  facet normal -0.194996 -0.980804 0
    outer loop
      vertex 61.5 84.1 2.4
      vertex 61.921 84.0163 6.4
      vertex 61.5 84.1 6.4
    endloop
  endfacet
  facet normal -0.194996 -0.980804 -0
    outer loop
      vertex 61.921 84.0163 6.4
      vertex 61.5 84.1 2.4
      vertex 61.921 84.0163 2.4
    endloop
  endfacet
  facet normal 0.831369 0.555721 0
    outer loop
      vertex 60.7222 82.2222 6.4
      vertex 60.4837 82.579 2.4
      vertex 60.4837 82.579 6.4
    endloop
  endfacet
  facet normal 0.831369 0.555721 0
    outer loop
      vertex 60.4837 82.579 2.4
      vertex 60.7222 82.2222 6.4
      vertex 60.7222 82.2222 2.4
    endloop
  endfacet
  facet normal -0.555721 -0.831369 0
    outer loop
      vertex 61.921 84.0163 2.4
      vertex 62.2778 83.7778 6.4
      vertex 61.921 84.0163 6.4
    endloop
  endfacet
  facet normal -0.555721 -0.831369 -0
    outer loop
      vertex 62.2778 83.7778 6.4
      vertex 61.921 84.0163 2.4
      vertex 62.2778 83.7778 2.4
    endloop
  endfacet
  facet normal 0.980804 0.194996 0
    outer loop
      vertex 60.4837 82.579 6.4
      vertex 60.4 83 2.4
      vertex 60.4 83 6.4
    endloop
  endfacet
  facet normal 0.980804 0.194996 0
    outer loop
      vertex 60.4 83 2.4
      vertex 60.4837 82.579 6.4
      vertex 60.4837 82.579 2.4
    endloop
  endfacet
  facet normal 0.555721 0.831369 -0
    outer loop
      vertex 61.079 81.9837 2.4
      vertex 60.7222 82.2222 6.4
      vertex 61.079 81.9837 6.4
    endloop
  endfacet
  facet normal 0.555721 0.831369 0
    outer loop
      vertex 60.7222 82.2222 6.4
      vertex 61.079 81.9837 2.4
      vertex 60.7222 82.2222 2.4
    endloop
  endfacet
endsolid OpenSCAD_Model
