dsx,dsy,lsx,lsy,dxs,dys,manhattan,delay_ns,fanout,dtype,ltype
45,225,45,225,0,0,0,58,1,SLICE,SLICE
32,250,32,250,0,0,0,59,1,SLICE,SLICE
32,270,32,270,0,0,0,58,1,SLICE,SLICE
32,255,32,255,0,0,0,58,1,SLICE,SLICE
44,228,44,228,0,0,0,58,1,SLICE,SLICE
44,232,44,232,0,0,0,59,1,SLICE,SLICE
43,238,43,238,0,0,0,58,1,SLICE,SLICE
44,223,44,223,0,0,0,58,1,SLICE,SLICE
44,233,44,233,0,0,0,58,1,SLICE,SLICE
33,261,33,261,0,0,0,58,1,SLICE,SLICE
44,229,44,229,0,0,0,58,1,SLICE,SLICE
44,240,44,240,0,0,0,59,1,SLICE,SLICE
44,237,44,237,0,0,0,59,1,SLICE,SLICE
32,260,32,260,0,0,0,59,1,SLICE,SLICE
32,251,32,251,0,0,0,58,1,SLICE,SLICE
45,234,45,234,0,0,0,58,1,SLICE,SLICE
44,225,44,225,0,0,0,58,1,SLICE,SLICE
32,250,32,250,0,0,0,58,1,SLICE,SLICE
45,235,45,235,0,0,0,59,1,SLICE,SLICE
44,228,44,228,0,0,0,58,1,SLICE,SLICE
42,216,42,216,0,0,0,55,1,SLICE,SLICE
32,254,32,254,0,0,0,58,1,SLICE,SLICE
44,245,44,245,0,0,0,58,1,SLICE,SLICE
31,264,31,264,0,0,0,58,1,SLICE,SLICE
33,255,33,255,0,0,0,58,1,SLICE,SLICE
45,227,45,227,0,0,0,59,1,SLICE,SLICE
43,236,43,236,0,0,0,59,1,SLICE,SLICE
32,257,32,257,0,0,0,59,1,SLICE,SLICE
45,245,45,245,0,0,0,58,1,SLICE,SLICE
46,225,46,225,0,0,0,55,1,SLICE,SLICE
44,244,44,244,0,0,0,58,1,SLICE,SLICE
30,268,30,268,0,0,0,59,1,SLICE,SLICE
45,239,45,239,0,0,0,58,1,SLICE,SLICE
42,246,42,246,0,0,0,55,1,SLICE,SLICE
31,262,31,262,0,0,0,59,1,SLICE,SLICE
30,263,30,263,0,0,0,58,1,SLICE,SLICE
44,243,44,243,0,0,0,59,1,SLICE,SLICE
44,242,44,242,0,0,0,58,1,SLICE,SLICE
40,245,40,245,0,0,0,59,1,SLICE,SLICE
45,244,45,244,0,0,0,58,1,SLICE,SLICE
45,255,45,255,0,0,0,58,1,SLICE,SLICE
44,257,44,257,0,0,0,58,1,SLICE,SLICE
48,245,48,245,0,0,0,59,1,SLICE,SLICE
46,247,46,247,0,0,0,55,1,SLICE,SLICE
46,268,46,268,0,0,0,55,1,SLICE,SLICE
48,246,48,246,0,0,0,58,1,SLICE,SLICE
45,251,45,251,0,0,0,59,1,SLICE,SLICE
44,253,44,253,0,0,0,58,1,SLICE,SLICE
45,260,45,260,0,0,0,58,1,SLICE,SLICE
46,250,46,250,0,0,0,55,1,SLICE,SLICE
45,248,45,248,0,0,0,59,1,SLICE,SLICE
44,254,44,254,0,0,0,59,1,SLICE,SLICE
51,246,51,246,0,0,0,59,1,SLICE,SLICE
48,248,48,248,0,0,0,58,1,SLICE,SLICE
46,255,46,255,0,0,0,55,1,SLICE,SLICE
44,250,44,250,0,0,0,59,1,SLICE,SLICE
46,257,46,257,0,0,0,55,1,SLICE,SLICE
45,269,45,269,0,0,0,58,1,SLICE,SLICE
48,247,48,247,0,0,0,58,1,SLICE,SLICE
49,253,49,253,0,0,0,58,1,SLICE,SLICE
44,261,44,261,0,0,0,58,1,SLICE,SLICE
44,280,44,280,0,0,0,58,1,SLICE,SLICE
44,268,44,268,0,0,0,58,1,SLICE,SLICE
45,270,45,270,0,0,0,59,1,SLICE,SLICE
44,257,44,257,0,0,0,58,1,SLICE,SLICE
46,256,46,256,0,0,0,56,1,SLICE,SLICE
46,252,46,252,0,0,0,56,1,SLICE,SLICE
48,244,48,244,0,0,0,59,1,SLICE,SLICE
44,279,44,279,0,0,0,58,1,SLICE,SLICE
45,261,45,261,0,0,0,58,1,SLICE,SLICE
48,249,48,249,0,0,0,58,1,SLICE,SLICE
44,263,44,263,0,0,0,58,1,SLICE,SLICE
45,257,45,257,0,0,0,58,1,SLICE,SLICE
44,252,44,252,0,0,0,59,1,SLICE,SLICE
46,251,46,251,0,0,0,55,1,SLICE,SLICE
44,251,44,251,0,0,0,58,1,SLICE,SLICE
48,251,48,251,0,0,0,58,1,SLICE,SLICE
46,249,46,249,0,0,0,55,1,SLICE,SLICE
47,254,47,254,0,0,0,58,1,SLICE,SLICE
44,260,44,260,0,0,0,58,1,SLICE,SLICE
90,170,90,170,0,0,0,55,1,SLICE,SLICE
92,172,92,172,0,0,0,58,1,SLICE,SLICE
92,147,92,147,0,0,0,59,1,SLICE,SLICE
88,170,88,170,0,0,0,59,1,SLICE,SLICE
90,180,90,180,0,0,0,55,1,SLICE,SLICE
92,182,92,182,0,0,0,58,1,SLICE,SLICE
92,184,92,184,0,0,0,58,1,SLICE,SLICE
90,175,90,175,0,0,0,55,1,SLICE,SLICE
92,183,92,183,0,0,0,58,1,SLICE,SLICE
92,172,92,172,0,0,0,58,1,SLICE,SLICE
90,173,90,173,0,0,0,55,1,SLICE,SLICE
93,187,93,187,0,0,0,58,1,SLICE,SLICE
91,182,91,182,0,0,0,59,1,SLICE,SLICE
90,170,90,170,0,0,0,56,1,SLICE,SLICE
91,176,91,176,0,0,0,58,1,SLICE,SLICE
91,180,91,180,0,0,0,59,1,SLICE,SLICE
91,179,91,179,0,0,0,58,1,SLICE,SLICE
92,170,92,170,0,0,0,59,1,SLICE,SLICE
92,179,92,179,0,0,0,58,1,SLICE,SLICE
91,172,91,172,0,0,0,58,1,SLICE,SLICE
90,177,90,177,0,0,0,55,1,SLICE,SLICE
90,179,90,179,0,0,0,55,1,SLICE,SLICE
92,175,92,175,0,0,0,59,1,SLICE,SLICE
92,178,92,178,0,0,0,58,1,SLICE,SLICE
88,178,88,178,0,0,0,59,1,SLICE,SLICE
91,175,91,175,0,0,0,58,1,SLICE,SLICE
92,188,92,188,0,0,0,58,1,SLICE,SLICE
92,180,92,180,0,0,0,58,1,SLICE,SLICE
90,173,90,173,0,0,0,55,1,SLICE,SLICE
90,174,90,174,0,0,0,55,1,SLICE,SLICE
92,185,92,185,0,0,0,59,1,SLICE,SLICE
88,171,88,171,0,0,0,58,1,SLICE,SLICE
92,177,92,177,0,0,0,58,1,SLICE,SLICE
88,172,88,172,0,0,0,58,1,SLICE,SLICE
92,177,92,177,0,0,0,58,1,SLICE,SLICE
90,171,90,171,0,0,0,55,1,SLICE,SLICE
88,174,88,174,0,0,0,58,1,SLICE,SLICE
91,177,91,177,0,0,0,59,1,SLICE,SLICE
92,166,92,166,0,0,0,59,1,SLICE,SLICE
92,171,92,171,0,0,0,59,1,SLICE,SLICE
82,134,82,134,0,0,0,55,1,SLICE,SLICE
80,143,80,143,0,0,0,59,1,SLICE,SLICE
80,168,80,168,0,0,0,58,1,SLICE,SLICE
82,141,82,141,0,0,0,55,1,SLICE,SLICE
77,134,77,134,0,0,0,58,1,SLICE,SLICE
80,170,80,170,0,0,0,58,1,SLICE,SLICE
83,137,83,137,0,0,0,59,1,SLICE,SLICE
82,137,82,137,0,0,0,55,1,SLICE,SLICE
79,139,79,139,0,0,0,58,1,SLICE,SLICE
80,140,80,140,0,0,0,59,1,SLICE,SLICE
79,138,79,138,0,0,0,58,1,SLICE,SLICE
82,147,82,147,0,0,0,55,1,SLICE,SLICE
81,160,81,160,0,0,0,58,1,SLICE,SLICE
80,135,80,135,0,0,0,58,1,SLICE,SLICE
82,167,82,167,0,0,0,55,1,SLICE,SLICE
82,146,82,146,0,0,0,55,1,SLICE,SLICE
78,137,78,137,0,0,0,55,1,SLICE,SLICE
82,151,82,151,0,0,0,55,1,SLICE,SLICE
80,165,80,165,0,0,0,59,1,SLICE,SLICE
80,134,80,134,0,0,0,58,1,SLICE,SLICE
78,135,78,135,0,0,0,55,1,SLICE,SLICE
85,135,85,135,0,0,0,58,1,SLICE,SLICE
78,136,78,136,0,0,0,56,1,SLICE,SLICE
85,136,85,136,0,0,0,59,1,SLICE,SLICE
82,141,82,141,0,0,0,56,1,SLICE,SLICE
80,142,80,142,0,0,0,59,1,SLICE,SLICE
82,140,82,140,0,0,0,55,1,SLICE,SLICE
82,143,82,143,0,0,0,55,1,SLICE,SLICE
80,139,80,139,0,0,0,59,1,SLICE,SLICE
82,139,82,139,0,0,0,55,1,SLICE,SLICE
82,138,82,138,0,0,0,55,1,SLICE,SLICE
82,136,82,136,0,0,0,55,1,SLICE,SLICE
82,146,82,146,0,0,0,55,1,SLICE,SLICE
82,153,82,153,0,0,0,55,1,SLICE,SLICE
84,134,84,134,0,0,0,59,1,SLICE,SLICE
82,163,82,163,0,0,0,55,1,SLICE,SLICE
82,152,82,152,0,0,0,56,1,SLICE,SLICE
82,135,82,135,0,0,0,55,1,SLICE,SLICE
77,135,77,135,0,0,0,58,1,SLICE,SLICE
79,137,79,137,0,0,0,58,1,SLICE,SLICE
72,177,72,177,0,0,0,58,1,SLICE,SLICE
68,201,68,201,0,0,0,58,1,SLICE,SLICE
74,172,74,172,0,0,0,55,1,SLICE,SLICE
70,170,70,170,0,0,0,55,1,SLICE,SLICE
74,173,74,173,0,0,0,55,1,SLICE,SLICE
71,179,71,179,0,0,0,58,1,SLICE,SLICE
71,176,71,176,0,0,0,59,1,SLICE,SLICE
73,174,73,174,0,0,0,59,1,SLICE,SLICE
74,174,74,174,0,0,0,55,1,SLICE,SLICE
72,176,72,176,0,0,0,58,1,SLICE,SLICE
70,180,70,180,0,0,0,56,1,SLICE,SLICE
70,179,70,179,0,0,0,55,1,SLICE,SLICE
71,172,71,172,0,0,0,58,1,SLICE,SLICE
72,178,72,178,0,0,0,58,1,SLICE,SLICE
72,176,72,176,0,0,0,58,1,SLICE,SLICE
70,171,70,171,0,0,0,56,1,SLICE,SLICE
74,171,74,171,0,0,0,55,1,SLICE,SLICE
68,199,68,199,0,0,0,58,1,SLICE,SLICE
72,175,72,175,0,0,0,59,1,SLICE,SLICE
69,156,69,156,0,0,0,58,1,SLICE,SLICE
72,172,72,172,0,0,0,58,1,SLICE,SLICE
72,171,72,171,0,0,0,59,1,SLICE,SLICE
68,167,68,167,0,0,0,59,1,SLICE,SLICE
72,170,72,170,0,0,0,59,1,SLICE,SLICE
70,177,70,177,0,0,0,55,1,SLICE,SLICE
70,173,70,173,0,0,0,55,1,SLICE,SLICE
70,176,70,176,0,0,0,55,1,SLICE,SLICE
68,205,68,205,0,0,0,58,1,SLICE,SLICE
70,173,70,173,0,0,0,55,1,SLICE,SLICE
74,175,74,175,0,0,0,55,1,SLICE,SLICE
68,167,68,167,0,0,0,58,1,SLICE,SLICE
70,168,70,168,0,0,0,55,1,SLICE,SLICE
73,176,73,176,0,0,0,59,1,SLICE,SLICE
68,170,68,170,0,0,0,59,1,SLICE,SLICE
72,174,72,174,0,0,0,59,1,SLICE,SLICE
68,159,68,159,0,0,0,58,1,SLICE,SLICE
70,174,70,174,0,0,0,56,1,SLICE,SLICE
73,173,73,173,0,0,0,58,1,SLICE,SLICE
69,167,69,167,0,0,0,59,1,SLICE,SLICE
68,197,68,197,0,0,0,59,1,SLICE,SLICE
52,193,52,193,0,0,0,56,1,SLICE,SLICE
55,192,55,192,0,0,0,58,1,SLICE,SLICE
63,206,63,206,0,0,0,59,1,SLICE,SLICE
55,199,55,199,0,0,0,59,1,SLICE,SLICE
55,195,55,195,0,0,0,59,1,SLICE,SLICE
52,194,52,194,0,0,0,55,1,SLICE,SLICE
58,200,58,200,0,0,0,55,1,SLICE,SLICE
49,189,49,189,0,0,0,58,1,SLICE,SLICE
55,195,55,195,0,0,0,58,1,SLICE,SLICE
58,203,58,203,0,0,0,55,1,SLICE,SLICE
56,195,56,195,0,0,0,55,1,SLICE,SLICE
58,205,58,205,0,0,0,55,1,SLICE,SLICE
58,201,58,201,0,0,0,56,1,SLICE,SLICE
56,206,56,206,0,0,0,55,1,SLICE,SLICE
54,202,54,202,0,0,0,55,1,SLICE,SLICE
58,192,58,192,0,0,0,55,1,SLICE,SLICE
60,206,60,206,0,0,0,58,1,SLICE,SLICE
60,204,60,204,0,0,0,59,1,SLICE,SLICE
56,192,56,192,0,0,0,55,1,SLICE,SLICE
58,203,58,203,0,0,0,55,1,SLICE,SLICE
55,194,55,194,0,0,0,58,1,SLICE,SLICE
48,191,48,191,0,0,0,58,1,SLICE,SLICE
56,199,56,199,0,0,0,56,1,SLICE,SLICE
58,199,58,199,0,0,0,55,1,SLICE,SLICE
59,201,59,201,0,0,0,58,1,SLICE,SLICE
58,196,58,196,0,0,0,55,1,SLICE,SLICE
56,194,56,194,0,0,0,55,1,SLICE,SLICE
56,191,56,191,0,0,0,55,1,SLICE,SLICE
54,198,54,198,0,0,0,55,1,SLICE,SLICE
53,197,53,197,0,0,0,58,1,SLICE,SLICE
58,198,58,198,0,0,0,56,1,SLICE,SLICE
56,205,56,205,0,0,0,56,1,SLICE,SLICE
58,205,58,205,0,0,0,55,1,SLICE,SLICE
60,205,60,205,0,0,0,58,1,SLICE,SLICE
58,206,58,206,0,0,0,55,1,SLICE,SLICE
55,189,55,189,0,0,0,58,1,SLICE,SLICE
56,198,56,198,0,0,0,55,1,SLICE,SLICE
59,198,59,198,0,0,0,58,1,SLICE,SLICE
52,193,52,193,0,0,0,55,1,SLICE,SLICE
55,195,55,195,0,0,0,58,1,SLICE,SLICE
62,164,62,164,0,0,0,56,1,SLICE,SLICE
66,152,66,152,0,0,0,56,1,SLICE,SLICE
63,156,63,156,0,0,0,58,1,SLICE,SLICE
69,149,69,149,0,0,0,58,1,SLICE,SLICE
66,153,66,153,0,0,0,55,1,SLICE,SLICE
64,162,64,162,0,0,0,58,1,SLICE,SLICE
63,162,63,162,0,0,0,58,1,SLICE,SLICE
64,164,64,164,0,0,0,58,1,SLICE,SLICE
63,156,63,156,0,0,0,59,1,SLICE,SLICE
62,166,62,166,0,0,0,55,1,SLICE,SLICE
62,154,62,154,0,0,0,55,1,SLICE,SLICE
65,160,65,160,0,0,0,58,1,SLICE,SLICE
68,150,68,150,0,0,0,59,1,SLICE,SLICE
62,161,62,161,0,0,0,55,1,SLICE,SLICE
68,147,68,147,0,0,0,58,1,SLICE,SLICE
66,159,66,159,0,0,0,55,1,SLICE,SLICE
64,166,64,166,0,0,0,58,1,SLICE,SLICE
67,152,67,152,0,0,0,58,1,SLICE,SLICE
67,157,67,157,0,0,0,59,1,SLICE,SLICE
66,158,66,158,0,0,0,55,1,SLICE,SLICE
66,158,66,158,0,0,0,55,1,SLICE,SLICE
68,151,68,151,0,0,0,58,1,SLICE,SLICE
64,158,64,158,0,0,0,58,1,SLICE,SLICE
68,156,68,156,0,0,0,58,1,SLICE,SLICE
63,163,63,163,0,0,0,59,1,SLICE,SLICE
66,156,66,156,0,0,0,55,1,SLICE,SLICE
64,165,64,165,0,0,0,58,1,SLICE,SLICE
64,154,64,154,0,0,0,59,1,SLICE,SLICE
67,153,67,153,0,0,0,59,1,SLICE,SLICE
64,160,64,160,0,0,0,58,1,SLICE,SLICE
64,158,64,158,0,0,0,58,1,SLICE,SLICE
64,156,64,156,0,0,0,58,1,SLICE,SLICE
62,163,62,163,0,0,0,55,1,SLICE,SLICE
63,158,63,158,0,0,0,58,1,SLICE,SLICE
62,162,62,162,0,0,0,56,1,SLICE,SLICE
67,156,67,156,0,0,0,58,1,SLICE,SLICE
64,154,64,154,0,0,0,58,1,SLICE,SLICE
66,159,66,159,0,0,0,55,1,SLICE,SLICE
67,154,67,154,0,0,0,58,1,SLICE,SLICE
67,153,67,153,0,0,0,58,1,SLICE,SLICE
54,138,54,138,0,0,0,55,1,SLICE,SLICE
57,147,57,147,0,0,0,58,1,SLICE,SLICE
54,140,54,140,0,0,0,56,1,SLICE,SLICE
54,141,54,141,0,0,0,55,1,SLICE,SLICE
46,168,46,168,0,0,0,55,1,SLICE,SLICE
56,136,56,136,0,0,0,55,1,SLICE,SLICE
57,144,57,144,0,0,0,59,1,SLICE,SLICE
54,144,54,144,0,0,0,55,1,SLICE,SLICE
58,135,58,135,0,0,0,55,1,SLICE,SLICE
56,134,56,134,0,0,0,55,1,SLICE,SLICE
57,140,57,140,0,0,0,58,1,SLICE,SLICE
54,136,54,136,0,0,0,55,1,SLICE,SLICE
57,148,57,148,0,0,0,58,1,SLICE,SLICE
54,138,54,138,0,0,0,55,1,SLICE,SLICE
48,165,48,165,0,0,0,58,1,SLICE,SLICE
54,145,54,145,0,0,0,55,1,SLICE,SLICE
55,134,55,134,0,0,0,58,1,SLICE,SLICE
55,141,55,141,0,0,0,59,1,SLICE,SLICE
57,138,57,138,0,0,0,58,1,SLICE,SLICE
48,167,48,167,0,0,0,59,1,SLICE,SLICE
56,138,56,138,0,0,0,55,1,SLICE,SLICE
57,135,57,135,0,0,0,59,1,SLICE,SLICE
56,137,56,137,0,0,0,55,1,SLICE,SLICE
59,137,59,137,0,0,0,58,1,SLICE,SLICE
56,137,56,137,0,0,0,55,1,SLICE,SLICE
44,164,44,164,0,0,0,59,1,SLICE,SLICE
57,145,57,145,0,0,0,58,1,SLICE,SLICE
54,148,54,148,0,0,0,56,1,SLICE,SLICE
58,135,58,135,0,0,0,55,1,SLICE,SLICE
57,142,57,142,0,0,0,59,1,SLICE,SLICE
56,141,56,141,0,0,0,55,1,SLICE,SLICE
54,150,54,150,0,0,0,55,1,SLICE,SLICE
58,136,58,136,0,0,0,55,1,SLICE,SLICE
49,164,49,164,0,0,0,58,1,SLICE,SLICE
58,134,58,134,0,0,0,55,1,SLICE,SLICE
55,150,55,150,0,0,0,58,1,SLICE,SLICE
46,167,46,167,0,0,0,56,1,SLICE,SLICE
54,136,54,136,0,0,0,56,1,SLICE,SLICE
54,146,54,146,0,0,0,55,1,SLICE,SLICE
56,145,56,145,0,0,0,55,1,SLICE,SLICE
39,149,39,149,0,0,0,58,1,SLICE,SLICE
39,151,39,151,0,0,0,59,1,SLICE,SLICE
39,139,39,139,0,0,0,58,1,SLICE,SLICE
42,159,42,159,0,0,0,55,1,SLICE,SLICE
47,168,47,168,0,0,0,58,1,SLICE,SLICE
38,138,38,138,0,0,0,55,1,SLICE,SLICE
38,140,38,140,0,0,0,55,1,SLICE,SLICE
47,172,47,172,0,0,0,58,1,SLICE,SLICE
39,146,39,146,0,0,0,59,1,SLICE,SLICE
38,157,38,157,0,0,0,55,1,SLICE,SLICE
39,143,39,143,0,0,0,58,1,SLICE,SLICE
39,135,39,135,0,0,0,59,1,SLICE,SLICE
38,141,38,141,0,0,0,55,1,SLICE,SLICE
38,147,38,147,0,0,0,56,1,SLICE,SLICE
45,165,45,165,0,0,0,59,1,SLICE,SLICE
39,156,39,156,0,0,0,59,1,SLICE,SLICE
39,138,39,138,0,0,0,58,1,SLICE,SLICE
46,169,46,169,0,0,0,55,1,SLICE,SLICE
39,142,39,142,0,0,0,59,1,SLICE,SLICE
45,162,45,162,0,0,0,58,1,SLICE,SLICE
45,169,45,169,0,0,0,58,1,SLICE,SLICE
44,168,44,168,0,0,0,58,1,SLICE,SLICE
38,151,38,151,0,0,0,55,1,SLICE,SLICE
44,166,44,166,0,0,0,59,1,SLICE,SLICE
38,134,38,134,0,0,0,55,1,SLICE,SLICE
45,163,45,163,0,0,0,58,1,SLICE,SLICE
39,137,39,137,0,0,0,58,1,SLICE,SLICE
45,167,45,167,0,0,0,58,1,SLICE,SLICE
38,156,38,156,0,0,0,55,1,SLICE,SLICE
38,153,38,153,0,0,0,55,1,SLICE,SLICE
38,143,38,143,0,0,0,56,1,SLICE,SLICE
46,171,46,171,0,0,0,56,1,SLICE,SLICE
38,142,38,142,0,0,0,56,1,SLICE,SLICE
36,135,36,135,0,0,0,58,1,SLICE,SLICE
44,163,44,163,0,0,0,59,1,SLICE,SLICE
44,170,44,170,0,0,0,58,1,SLICE,SLICE
38,143,38,143,0,0,0,55,1,SLICE,SLICE
43,161,43,161,0,0,0,58,1,SLICE,SLICE
44,171,44,171,0,0,0,59,1,SLICE,SLICE
40,159,40,159,0,0,0,59,1,SLICE,SLICE
22,164,22,164,0,0,0,55,1,SLICE,SLICE
18,155,18,155,0,0,0,55,1,SLICE,SLICE
22,168,22,168,0,0,0,55,1,SLICE,SLICE
22,168,22,168,0,0,0,56,1,SLICE,SLICE
18,148,18,148,0,0,0,56,1,SLICE,SLICE
20,163,20,163,0,0,0,56,1,SLICE,SLICE
19,149,19,149,0,0,0,58,1,SLICE,SLICE
37,169,37,169,0,0,0,58,1,SLICE,SLICE
36,176,36,176,0,0,0,58,1,SLICE,SLICE
22,163,22,163,0,0,0,55,1,SLICE,SLICE
22,171,22,171,0,0,0,55,1,SLICE,SLICE
22,161,22,161,0,0,0,55,1,SLICE,SLICE
18,151,18,151,0,0,0,55,1,SLICE,SLICE
22,160,22,160,0,0,0,55,1,SLICE,SLICE
23,171,23,171,0,0,0,58,1,SLICE,SLICE
19,155,19,155,0,0,0,58,1,SLICE,SLICE
20,170,20,170,0,0,0,55,1,SLICE,SLICE
23,167,23,167,0,0,0,59,1,SLICE,SLICE
36,184,36,184,0,0,0,58,1,SLICE,SLICE
19,150,19,150,0,0,0,59,1,SLICE,SLICE
19,148,19,148,0,0,0,58,1,SLICE,SLICE
36,174,36,174,0,0,0,58,1,SLICE,SLICE
18,147,18,147,0,0,0,55,1,SLICE,SLICE
23,162,23,162,0,0,0,59,1,SLICE,SLICE
23,173,23,173,0,0,0,58,1,SLICE,SLICE
20,161,20,161,0,0,0,56,1,SLICE,SLICE
18,157,18,157,0,0,0,55,1,SLICE,SLICE
20,160,20,160,0,0,0,55,1,SLICE,SLICE
22,166,22,166,0,0,0,55,1,SLICE,SLICE
22,172,22,172,0,0,0,55,1,SLICE,SLICE
36,179,36,179,0,0,0,58,1,SLICE,SLICE
45,184,45,184,0,0,0,59,1,SLICE,SLICE
20,159,20,159,0,0,0,56,1,SLICE,SLICE
20,163,20,163,0,0,0,55,1,SLICE,SLICE
23,160,23,160,0,0,0,58,1,SLICE,SLICE
18,153,18,153,0,0,0,56,1,SLICE,SLICE
36,180,36,180,0,0,0,59,1,SLICE,SLICE
18,156,18,156,0,0,0,55,1,SLICE,SLICE
18,153,18,153,0,0,0,55,1,SLICE,SLICE
19,158,19,158,0,0,0,59,1,SLICE,SLICE
32,205,32,205,0,0,0,58,1,SLICE,SLICE
22,202,22,202,0,0,0,55,1,SLICE,SLICE
24,209,24,209,0,0,0,59,1,SLICE,SLICE
22,215,22,215,0,0,0,55,1,SLICE,SLICE
32,209,32,209,0,0,0,58,1,SLICE,SLICE
26,205,26,205,0,0,0,58,1,SLICE,SLICE
20,197,20,197,0,0,0,55,1,SLICE,SLICE
36,210,36,210,0,0,0,58,1,SLICE,SLICE
33,207,33,207,0,0,0,59,1,SLICE,SLICE
25,210,25,210,0,0,0,58,1,SLICE,SLICE
18,189,18,189,0,0,0,56,1,SLICE,SLICE
20,207,20,207,0,0,0,56,1,SLICE,SLICE
20,200,20,200,0,0,0,55,1,SLICE,SLICE
34,213,34,213,0,0,0,58,1,SLICE,SLICE
30,211,30,211,0,0,0,59,1,SLICE,SLICE
32,205,32,205,0,0,0,58,1,SLICE,SLICE
32,207,32,207,0,0,0,58,1,SLICE,SLICE
35,204,35,204,0,0,0,58,1,SLICE,SLICE
32,212,32,212,0,0,0,58,1,SLICE,SLICE
20,204,20,204,0,0,0,55,1,SLICE,SLICE
30,211,30,211,0,0,0,58,1,SLICE,SLICE
34,208,34,208,0,0,0,58,1,SLICE,SLICE
21,203,21,203,0,0,0,59,1,SLICE,SLICE
24,203,24,203,0,0,0,58,1,SLICE,SLICE
28,207,28,207,0,0,0,58,1,SLICE,SLICE
24,209,24,209,0,0,0,58,1,SLICE,SLICE
20,203,20,203,0,0,0,56,1,SLICE,SLICE
34,205,34,205,0,0,0,58,1,SLICE,SLICE
29,207,29,207,0,0,0,59,1,SLICE,SLICE
35,209,35,209,0,0,0,58,1,SLICE,SLICE
21,200,21,200,0,0,0,58,1,SLICE,SLICE
32,209,32,209,0,0,0,59,1,SLICE,SLICE
26,203,26,203,0,0,0,58,1,SLICE,SLICE
18,193,18,193,0,0,0,56,1,SLICE,SLICE
32,208,32,208,0,0,0,58,1,SLICE,SLICE
35,207,35,207,0,0,0,58,1,SLICE,SLICE
28,210,28,210,0,0,0,58,1,SLICE,SLICE
30,208,30,208,0,0,0,58,1,SLICE,SLICE
22,204,22,204,0,0,0,56,1,SLICE,SLICE
20,199,20,199,0,0,0,55,1,SLICE,SLICE
11,153,11,153,0,0,0,58,1,SLICE,SLICE
8,136,8,136,0,0,0,55,1,SLICE,SLICE
6,160,6,160,0,0,0,56,1,SLICE,SLICE
6,156,6,156,0,0,0,56,1,SLICE,SLICE
8,135,8,135,0,0,0,55,1,SLICE,SLICE
8,147,8,147,0,0,0,55,1,SLICE,SLICE
8,145,8,145,0,0,0,55,1,SLICE,SLICE
6,139,6,139,0,0,0,55,1,SLICE,SLICE
10,150,10,150,0,0,0,55,1,SLICE,SLICE
8,144,8,144,0,0,0,55,1,SLICE,SLICE
9,147,9,147,0,0,0,58,1,SLICE,SLICE
10,146,10,146,0,0,0,56,1,SLICE,SLICE
10,149,10,149,0,0,0,55,1,SLICE,SLICE
9,145,9,145,0,0,0,59,1,SLICE,SLICE
7,138,7,138,0,0,0,59,1,SLICE,SLICE
8,149,8,149,0,0,0,55,1,SLICE,SLICE
8,142,8,142,0,0,0,56,1,SLICE,SLICE
8,165,8,165,0,0,0,55,1,SLICE,SLICE
8,150,8,150,0,0,0,56,1,SLICE,SLICE
8,138,8,138,0,0,0,55,1,SLICE,SLICE
6,136,6,136,0,0,0,55,1,SLICE,SLICE
6,136,6,136,0,0,0,55,1,SLICE,SLICE
10,147,10,147,0,0,0,56,1,SLICE,SLICE
8,139,8,139,0,0,0,55,1,SLICE,SLICE
10,156,10,156,0,0,0,56,1,SLICE,SLICE
4,165,4,165,0,0,0,58,1,SLICE,SLICE
8,137,8,137,0,0,0,55,1,SLICE,SLICE
8,159,8,159,0,0,0,56,1,SLICE,SLICE
8,140,8,140,0,0,0,55,1,SLICE,SLICE
6,141,6,141,0,0,0,55,1,SLICE,SLICE
6,140,6,140,0,0,0,55,1,SLICE,SLICE
6,132,6,132,0,0,0,56,1,SLICE,SLICE
9,141,9,141,0,0,0,58,1,SLICE,SLICE
16,164,16,164,0,0,0,55,1,SLICE,SLICE
8,135,8,135,0,0,0,55,1,SLICE,SLICE
8,148,8,148,0,0,0,55,1,SLICE,SLICE
10,151,10,151,0,0,0,56,1,SLICE,SLICE
6,135,6,135,0,0,0,56,1,SLICE,SLICE
8,142,8,142,0,0,0,55,1,SLICE,SLICE
9,144,9,144,0,0,0,58,1,SLICE,SLICE
58,260,58,260,0,0,0,55,1,SLICE,SLICE
58,270,58,270,0,0,0,55,1,SLICE,SLICE
59,277,59,277,0,0,0,58,1,SLICE,SLICE
60,276,60,276,0,0,0,58,1,SLICE,SLICE
58,269,58,269,0,0,0,56,1,SLICE,SLICE
58,256,58,256,0,0,0,55,1,SLICE,SLICE
58,270,58,270,0,0,0,55,1,SLICE,SLICE
58,280,58,280,0,0,0,55,1,SLICE,SLICE
57,278,57,278,0,0,0,58,1,SLICE,SLICE
58,273,58,273,0,0,0,55,1,SLICE,SLICE
60,278,60,278,0,0,0,58,1,SLICE,SLICE
58,273,58,273,0,0,0,55,1,SLICE,SLICE
60,277,60,277,0,0,0,59,1,SLICE,SLICE
50,244,50,244,0,0,0,55,1,SLICE,SLICE
60,279,60,279,0,0,0,58,1,SLICE,SLICE
58,278,58,278,0,0,0,55,1,SLICE,SLICE
58,257,58,257,0,0,0,55,1,SLICE,SLICE
60,264,60,264,0,0,0,58,1,SLICE,SLICE
51,246,51,246,0,0,0,58,1,SLICE,SLICE
57,275,57,275,0,0,0,58,1,SLICE,SLICE
56,277,56,277,0,0,0,55,1,SLICE,SLICE
56,279,56,279,0,0,0,55,1,SLICE,SLICE
56,271,56,271,0,0,0,55,1,SLICE,SLICE
60,275,60,275,0,0,0,59,1,SLICE,SLICE
61,265,61,265,0,0,0,59,1,SLICE,SLICE
60,280,60,280,0,0,0,59,1,SLICE,SLICE
57,270,57,270,0,0,0,58,1,SLICE,SLICE
52,244,52,244,0,0,0,56,1,SLICE,SLICE
57,276,57,276,0,0,0,59,1,SLICE,SLICE
63,272,63,272,0,0,0,59,1,SLICE,SLICE
57,277,57,277,0,0,0,59,1,SLICE,SLICE
60,274,60,274,0,0,0,59,1,SLICE,SLICE
58,253,58,253,0,0,0,56,1,SLICE,SLICE
58,255,58,255,0,0,0,55,1,SLICE,SLICE
60,263,60,263,0,0,0,58,1,SLICE,SLICE
58,276,58,276,0,0,0,56,1,SLICE,SLICE
57,274,57,274,0,0,0,59,1,SLICE,SLICE
58,277,58,277,0,0,0,55,1,SLICE,SLICE
58,275,58,275,0,0,0,55,1,SLICE,SLICE
51,244,51,244,0,0,0,58,1,SLICE,SLICE
3,174,3,174,0,0,0,59,1,SLICE,SLICE
8,183,8,183,0,0,0,55,1,SLICE,SLICE
0,161,0,161,0,0,0,59,1,SLICE,SLICE
8,178,8,178,0,0,0,55,1,SLICE,SLICE
10,178,10,178,0,0,0,55,1,SLICE,SLICE
0,170,0,170,0,0,0,58,1,SLICE,SLICE
7,180,7,180,0,0,0,58,1,SLICE,SLICE
4,171,4,171,0,0,0,59,1,SLICE,SLICE
3,174,3,174,0,0,0,58,1,SLICE,SLICE
0,172,0,172,0,0,0,58,1,SLICE,SLICE
8,180,8,180,0,0,0,56,1,SLICE,SLICE
0,173,0,173,0,0,0,58,1,SLICE,SLICE
6,176,6,176,0,0,0,55,1,SLICE,SLICE
6,187,6,187,0,0,0,55,1,SLICE,SLICE
5,174,5,174,0,0,0,58,1,SLICE,SLICE
6,177,6,177,0,0,0,56,1,SLICE,SLICE
0,168,0,168,0,0,0,58,1,SLICE,SLICE
4,168,4,168,0,0,0,59,1,SLICE,SLICE
4,178,4,178,0,0,0,58,1,SLICE,SLICE
6,185,6,185,0,0,0,55,1,SLICE,SLICE
7,183,7,183,0,0,0,58,1,SLICE,SLICE
6,178,6,178,0,0,0,55,1,SLICE,SLICE
2,174,2,174,0,0,0,55,1,SLICE,SLICE
4,175,4,175,0,0,0,58,1,SLICE,SLICE
7,181,7,181,0,0,0,58,1,SLICE,SLICE
7,185,7,185,0,0,0,58,1,SLICE,SLICE
7,179,7,179,0,0,0,58,1,SLICE,SLICE
0,170,0,170,0,0,0,58,1,SLICE,SLICE
4,174,4,174,0,0,0,58,1,SLICE,SLICE
6,174,6,174,0,0,0,56,1,SLICE,SLICE
8,177,8,177,0,0,0,56,1,SLICE,SLICE
0,167,0,167,0,0,0,59,1,SLICE,SLICE
7,184,7,184,0,0,0,58,1,SLICE,SLICE
0,177,0,177,0,0,0,58,1,SLICE,SLICE
0,166,0,166,0,0,0,59,1,SLICE,SLICE
8,169,8,169,0,0,0,55,1,SLICE,SLICE
8,164,8,164,0,0,0,55,1,SLICE,SLICE
7,180,7,180,0,0,0,59,1,SLICE,SLICE
8,167,8,167,0,0,0,56,1,SLICE,SLICE
4,172,4,172,0,0,0,58,1,SLICE,SLICE
69,251,69,251,0,0,0,58,1,SLICE,SLICE
57,243,57,243,0,0,0,58,1,SLICE,SLICE
48,232,48,232,0,0,0,58,1,SLICE,SLICE
48,224,48,224,0,0,0,58,1,SLICE,SLICE
58,243,58,243,0,0,0,55,1,SLICE,SLICE
49,228,49,228,0,0,0,59,1,SLICE,SLICE
49,230,49,230,0,0,0,58,1,SLICE,SLICE
71,268,71,268,0,0,0,58,1,SLICE,SLICE
70,274,70,274,0,0,0,55,1,SLICE,SLICE
70,280,70,280,0,0,0,55,1,SLICE,SLICE
69,265,69,265,0,0,0,58,1,SLICE,SLICE
70,263,70,263,0,0,0,55,1,SLICE,SLICE
68,275,68,275,0,0,0,58,1,SLICE,SLICE
70,272,70,272,0,0,0,56,1,SLICE,SLICE
69,267,69,267,0,0,0,58,1,SLICE,SLICE
48,228,48,228,0,0,0,58,1,SLICE,SLICE
70,265,70,265,0,0,0,55,1,SLICE,SLICE
68,261,68,261,0,0,0,59,1,SLICE,SLICE
70,266,70,266,0,0,0,55,1,SLICE,SLICE
66,262,66,262,0,0,0,55,1,SLICE,SLICE
71,280,71,280,0,0,0,58,1,SLICE,SLICE
68,267,68,267,0,0,0,58,1,SLICE,SLICE
48,224,48,224,0,0,0,58,1,SLICE,SLICE
68,264,68,264,0,0,0,58,1,SLICE,SLICE
58,242,58,242,0,0,0,55,1,SLICE,SLICE
70,276,70,276,0,0,0,56,1,SLICE,SLICE
68,273,68,273,0,0,0,58,1,SLICE,SLICE
70,280,70,280,0,0,0,55,1,SLICE,SLICE
69,273,69,273,0,0,0,59,1,SLICE,SLICE
69,270,69,270,0,0,0,59,1,SLICE,SLICE
69,274,69,274,0,0,0,58,1,SLICE,SLICE
48,226,48,226,0,0,0,59,1,SLICE,SLICE
70,275,70,275,0,0,0,55,1,SLICE,SLICE
49,227,49,227,0,0,0,59,1,SLICE,SLICE
70,276,70,276,0,0,0,55,1,SLICE,SLICE
69,278,69,278,0,0,0,58,1,SLICE,SLICE
66,260,66,260,0,0,0,55,1,SLICE,SLICE
69,252,69,252,0,0,0,58,1,SLICE,SLICE
69,269,69,269,0,0,0,59,1,SLICE,SLICE
70,270,70,270,0,0,0,55,1,SLICE,SLICE
64,217,64,217,0,0,0,58,1,SLICE,SLICE
66,212,66,212,0,0,0,55,1,SLICE,SLICE
65,206,65,206,0,0,0,59,1,SLICE,SLICE
67,208,67,208,0,0,0,59,1,SLICE,SLICE
67,212,67,212,0,0,0,59,1,SLICE,SLICE
61,209,61,209,0,0,0,58,1,SLICE,SLICE
63,212,63,212,0,0,0,58,1,SLICE,SLICE
69,207,69,207,0,0,0,58,1,SLICE,SLICE
64,220,64,220,0,0,0,58,1,SLICE,SLICE
65,210,65,210,0,0,0,59,1,SLICE,SLICE
64,211,64,211,0,0,0,58,1,SLICE,SLICE
66,208,66,208,0,0,0,56,1,SLICE,SLICE
62,210,62,210,0,0,0,55,1,SLICE,SLICE
68,210,68,210,0,0,0,58,1,SLICE,SLICE
66,207,66,207,0,0,0,55,1,SLICE,SLICE
64,213,64,213,0,0,0,59,1,SLICE,SLICE
60,207,60,207,0,0,0,59,1,SLICE,SLICE
62,209,62,209,0,0,0,55,1,SLICE,SLICE
62,207,62,207,0,0,0,56,1,SLICE,SLICE
64,219,64,219,0,0,0,59,1,SLICE,SLICE
62,211,62,211,0,0,0,55,1,SLICE,SLICE
67,208,67,208,0,0,0,58,1,SLICE,SLICE
64,217,64,217,0,0,0,58,1,SLICE,SLICE
62,222,62,222,0,0,0,55,1,SLICE,SLICE
69,209,69,209,0,0,0,58,1,SLICE,SLICE
62,209,62,209,0,0,0,55,1,SLICE,SLICE
63,214,63,214,0,0,0,58,1,SLICE,SLICE
60,208,60,208,0,0,0,59,1,SLICE,SLICE
66,211,66,211,0,0,0,56,1,SLICE,SLICE
65,220,65,220,0,0,0,59,1,SLICE,SLICE
65,211,65,211,0,0,0,59,1,SLICE,SLICE
65,214,65,214,0,0,0,58,1,SLICE,SLICE
63,207,63,207,0,0,0,58,1,SLICE,SLICE
64,213,64,213,0,0,0,58,1,SLICE,SLICE
62,213,62,213,0,0,0,55,1,SLICE,SLICE
63,213,63,213,0,0,0,59,1,SLICE,SLICE
63,214,63,214,0,0,0,59,1,SLICE,SLICE
67,210,67,210,0,0,0,59,1,SLICE,SLICE
68,208,68,208,0,0,0,59,1,SLICE,SLICE
60,211,60,211,0,0,0,58,1,SLICE,SLICE
80,244,80,244,0,0,0,58,1,SLICE,SLICE
72,249,72,249,0,0,0,59,1,SLICE,SLICE
76,247,76,247,0,0,0,58,1,SLICE,SLICE
73,256,73,256,0,0,0,59,1,SLICE,SLICE
73,258,73,258,0,0,0,58,1,SLICE,SLICE
80,245,80,245,0,0,0,58,1,SLICE,SLICE
72,261,72,261,0,0,0,58,1,SLICE,SLICE
72,247,72,247,0,0,0,59,1,SLICE,SLICE
75,244,75,244,0,0,0,59,1,SLICE,SLICE
78,244,78,244,0,0,0,56,1,SLICE,SLICE
72,244,72,244,0,0,0,59,1,SLICE,SLICE
72,255,72,255,0,0,0,58,1,SLICE,SLICE
72,256,72,256,0,0,0,58,1,SLICE,SLICE
75,248,75,248,0,0,0,59,1,SLICE,SLICE
75,246,75,246,0,0,0,58,1,SLICE,SLICE
76,245,76,245,0,0,0,58,1,SLICE,SLICE
74,248,74,248,0,0,0,55,1,SLICE,SLICE
74,251,74,251,0,0,0,55,1,SLICE,SLICE
72,232,72,232,0,0,0,59,1,SLICE,SLICE
81,244,81,244,0,0,0,58,1,SLICE,SLICE
77,245,77,245,0,0,0,58,1,SLICE,SLICE
74,245,74,245,0,0,0,55,1,SLICE,SLICE
72,245,72,245,0,0,0,58,1,SLICE,SLICE
73,252,73,252,0,0,0,58,1,SLICE,SLICE
73,260,73,260,0,0,0,58,1,SLICE,SLICE
72,251,72,251,0,0,0,58,1,SLICE,SLICE
79,247,79,247,0,0,0,58,1,SLICE,SLICE
74,250,74,250,0,0,0,55,1,SLICE,SLICE
72,270,72,270,0,0,0,58,1,SLICE,SLICE
72,248,72,248,0,0,0,58,1,SLICE,SLICE
81,244,81,244,0,0,0,58,1,SLICE,SLICE
74,249,74,249,0,0,0,55,1,SLICE,SLICE
78,246,78,246,0,0,0,56,1,SLICE,SLICE
72,259,72,259,0,0,0,58,1,SLICE,SLICE
72,250,72,250,0,0,0,59,1,SLICE,SLICE
73,247,73,247,0,0,0,58,1,SLICE,SLICE
72,259,72,259,0,0,0,58,1,SLICE,SLICE
72,231,72,231,0,0,0,59,1,SLICE,SLICE
72,254,72,254,0,0,0,58,1,SLICE,SLICE
74,246,74,246,0,0,0,55,1,SLICE,SLICE
88,267,88,267,0,0,0,58,1,SLICE,SLICE
86,279,86,279,0,0,0,55,1,SLICE,SLICE
89,270,89,270,0,0,0,59,1,SLICE,SLICE
87,275,87,275,0,0,0,59,1,SLICE,SLICE
88,277,88,277,0,0,0,58,1,SLICE,SLICE
86,267,86,267,0,0,0,55,1,SLICE,SLICE
85,274,85,274,0,0,0,58,1,SLICE,SLICE
91,279,91,279,0,0,0,59,1,SLICE,SLICE
88,275,88,275,0,0,0,58,1,SLICE,SLICE
86,271,86,271,0,0,0,56,1,SLICE,SLICE
86,278,86,278,0,0,0,55,1,SLICE,SLICE
83,262,83,262,0,0,0,58,1,SLICE,SLICE
87,280,87,280,0,0,0,59,1,SLICE,SLICE
79,266,79,266,0,0,0,58,1,SLICE,SLICE
88,276,88,276,0,0,0,58,1,SLICE,SLICE
88,280,88,280,0,0,0,59,1,SLICE,SLICE
88,267,88,267,0,0,0,58,1,SLICE,SLICE
86,270,86,270,0,0,0,55,1,SLICE,SLICE
84,278,84,278,0,0,0,58,1,SLICE,SLICE
84,276,84,276,0,0,0,58,1,SLICE,SLICE
86,275,86,275,0,0,0,55,1,SLICE,SLICE
86,267,86,267,0,0,0,55,1,SLICE,SLICE
88,276,88,276,0,0,0,58,1,SLICE,SLICE
88,272,88,272,0,0,0,59,1,SLICE,SLICE
84,278,84,278,0,0,0,59,1,SLICE,SLICE
85,280,85,280,0,0,0,58,1,SLICE,SLICE
86,276,86,276,0,0,0,55,1,SLICE,SLICE
84,275,84,275,0,0,0,59,1,SLICE,SLICE
86,276,86,276,0,0,0,55,1,SLICE,SLICE
88,278,88,278,0,0,0,58,1,SLICE,SLICE
88,268,88,268,0,0,0,59,1,SLICE,SLICE
88,270,88,270,0,0,0,58,1,SLICE,SLICE
88,271,88,271,0,0,0,58,1,SLICE,SLICE
87,269,87,269,0,0,0,59,1,SLICE,SLICE
88,269,88,269,0,0,0,58,1,SLICE,SLICE
86,280,86,280,0,0,0,55,1,SLICE,SLICE
88,275,88,275,0,0,0,58,1,SLICE,SLICE
86,274,86,274,0,0,0,56,1,SLICE,SLICE
88,279,88,279,0,0,0,59,1,SLICE,SLICE
80,280,80,280,0,0,0,58,1,SLICE,SLICE
72,222,72,222,0,0,0,59,1,SLICE,SLICE
72,228,72,228,0,0,0,58,1,SLICE,SLICE
92,255,92,255,0,0,0,58,1,SLICE,SLICE
92,245,92,245,0,0,0,59,1,SLICE,SLICE
73,235,73,235,0,0,0,59,1,SLICE,SLICE
76,226,76,226,0,0,0,58,1,SLICE,SLICE
75,226,75,226,0,0,0,59,1,SLICE,SLICE
76,230,76,230,0,0,0,58,1,SLICE,SLICE
76,228,76,228,0,0,0,58,1,SLICE,SLICE
73,223,73,223,0,0,0,58,1,SLICE,SLICE
74,229,74,229,0,0,0,55,1,SLICE,SLICE
74,234,74,234,0,0,0,55,1,SLICE,SLICE
73,231,73,231,0,0,0,59,1,SLICE,SLICE
92,246,92,246,0,0,0,59,1,SLICE,SLICE
75,229,75,229,0,0,0,58,1,SLICE,SLICE
78,228,78,228,0,0,0,56,1,SLICE,SLICE
75,232,75,232,0,0,0,59,1,SLICE,SLICE
76,228,76,228,0,0,0,58,1,SLICE,SLICE
85,243,85,243,0,0,0,58,1,SLICE,SLICE
74,230,74,230,0,0,0,55,1,SLICE,SLICE
93,244,93,244,0,0,0,58,1,SLICE,SLICE
76,234,76,234,0,0,0,59,1,SLICE,SLICE
75,226,75,226,0,0,0,58,1,SLICE,SLICE
75,231,75,231,0,0,0,58,1,SLICE,SLICE
74,229,74,229,0,0,0,55,1,SLICE,SLICE
74,233,74,233,0,0,0,55,1,SLICE,SLICE
73,228,73,228,0,0,0,58,1,SLICE,SLICE
78,226,78,226,0,0,0,55,1,SLICE,SLICE
72,228,72,228,0,0,0,59,1,SLICE,SLICE
74,236,74,236,0,0,0,55,1,SLICE,SLICE
72,234,72,234,0,0,0,58,1,SLICE,SLICE
76,234,76,234,0,0,0,58,1,SLICE,SLICE
74,227,74,227,0,0,0,55,1,SLICE,SLICE
74,233,74,233,0,0,0,55,1,SLICE,SLICE
72,224,72,224,0,0,0,58,1,SLICE,SLICE
72,223,72,223,0,0,0,59,1,SLICE,SLICE
73,229,73,229,0,0,0,59,1,SLICE,SLICE
93,250,93,250,0,0,0,58,1,SLICE,SLICE
75,229,75,229,0,0,0,58,1,SLICE,SLICE
79,228,79,228,0,0,0,58,1,SLICE,SLICE
92,212,92,212,0,0,0,59,1,SLICE,SLICE
91,224,91,224,0,0,0,58,1,SLICE,SLICE
92,225,92,225,0,0,0,59,1,SLICE,SLICE
90,216,90,216,0,0,0,56,1,SLICE,SLICE
91,214,91,214,0,0,0,58,1,SLICE,SLICE
91,228,91,228,0,0,0,59,1,SLICE,SLICE
87,218,87,218,0,0,0,58,1,SLICE,SLICE
91,211,91,211,0,0,0,58,1,SLICE,SLICE
91,216,91,216,0,0,0,58,1,SLICE,SLICE
92,224,92,224,0,0,0,59,1,SLICE,SLICE
90,219,90,219,0,0,0,55,1,SLICE,SLICE
90,215,90,215,0,0,0,55,1,SLICE,SLICE
88,215,88,215,0,0,0,59,1,SLICE,SLICE
92,218,92,218,0,0,0,58,1,SLICE,SLICE
92,211,92,211,0,0,0,58,1,SLICE,SLICE
92,216,92,216,0,0,0,58,1,SLICE,SLICE
91,218,91,218,0,0,0,58,1,SLICE,SLICE
88,229,88,229,0,0,0,58,1,SLICE,SLICE
90,212,90,212,0,0,0,55,1,SLICE,SLICE
90,213,90,213,0,0,0,55,1,SLICE,SLICE
91,217,91,217,0,0,0,58,1,SLICE,SLICE
92,223,92,223,0,0,0,58,1,SLICE,SLICE
93,226,93,226,0,0,0,58,1,SLICE,SLICE
92,220,92,220,0,0,0,58,1,SLICE,SLICE
91,215,91,215,0,0,0,59,1,SLICE,SLICE
92,213,92,213,0,0,0,59,1,SLICE,SLICE
92,219,92,219,0,0,0,58,1,SLICE,SLICE
92,227,92,227,0,0,0,59,1,SLICE,SLICE
88,227,88,227,0,0,0,58,1,SLICE,SLICE
86,225,86,225,0,0,0,55,1,SLICE,SLICE
91,213,91,213,0,0,0,59,1,SLICE,SLICE
88,222,88,222,0,0,0,59,1,SLICE,SLICE
93,221,93,221,0,0,0,58,1,SLICE,SLICE
88,218,88,218,0,0,0,58,1,SLICE,SLICE
92,222,92,222,0,0,0,59,1,SLICE,SLICE
90,223,90,223,0,0,0,55,1,SLICE,SLICE
91,218,91,218,0,0,0,58,1,SLICE,SLICE
91,214,91,214,0,0,0,58,1,SLICE,SLICE
90,210,90,210,0,0,0,55,1,SLICE,SLICE
91,222,91,222,0,0,0,58,1,SLICE,SLICE
90,205,90,205,0,0,0,55,1,SLICE,SLICE
79,180,79,180,0,0,0,58,1,SLICE,SLICE
82,206,82,206,0,0,0,55,1,SLICE,SLICE
79,183,79,183,0,0,0,58,1,SLICE,SLICE
79,181,79,181,0,0,0,58,1,SLICE,SLICE
76,175,76,175,0,0,0,59,1,SLICE,SLICE
74,177,74,177,0,0,0,56,1,SLICE,SLICE
92,209,92,209,0,0,0,58,1,SLICE,SLICE
91,209,91,209,0,0,0,58,1,SLICE,SLICE
77,175,77,175,0,0,0,58,1,SLICE,SLICE
76,174,76,174,0,0,0,58,1,SLICE,SLICE
93,206,93,206,0,0,0,58,1,SLICE,SLICE
74,180,74,180,0,0,0,55,1,SLICE,SLICE
76,174,76,174,0,0,0,58,1,SLICE,SLICE
70,193,70,193,0,0,0,55,1,SLICE,SLICE
92,203,92,203,0,0,0,58,1,SLICE,SLICE
89,206,89,206,0,0,0,59,1,SLICE,SLICE
76,179,76,179,0,0,0,58,1,SLICE,SLICE
70,181,70,181,0,0,0,55,1,SLICE,SLICE
90,208,90,208,0,0,0,56,1,SLICE,SLICE
80,187,80,187,0,0,0,58,1,SLICE,SLICE
79,183,79,183,0,0,0,58,1,SLICE,SLICE
90,207,90,207,0,0,0,55,1,SLICE,SLICE
92,205,92,205,0,0,0,59,1,SLICE,SLICE
77,178,77,178,0,0,0,58,1,SLICE,SLICE
76,179,76,179,0,0,0,58,1,SLICE,SLICE
70,183,70,183,0,0,0,55,1,SLICE,SLICE
72,181,72,181,0,0,0,58,1,SLICE,SLICE
74,179,74,179,0,0,0,55,1,SLICE,SLICE
91,208,91,208,0,0,0,58,1,SLICE,SLICE
70,181,70,181,0,0,0,55,1,SLICE,SLICE
72,182,72,182,0,0,0,58,1,SLICE,SLICE
76,180,76,180,0,0,0,58,1,SLICE,SLICE
78,181,78,181,0,0,0,56,1,SLICE,SLICE
76,180,76,180,0,0,0,59,1,SLICE,SLICE
71,182,71,182,0,0,0,58,1,SLICE,SLICE
74,178,74,178,0,0,0,55,1,SLICE,SLICE
78,182,78,182,0,0,0,55,1,SLICE,SLICE
92,210,92,210,0,0,0,58,1,SLICE,SLICE
74,181,74,181,0,0,0,55,1,SLICE,SLICE
41,212,38,210,3,2,5,1005,29,SLICE,SLICE
41,212,41,211,0,1,1,430,29,SLICE,SLICE
41,212,37,210,4,2,6,779,29,SLICE,SLICE
41,212,41,212,0,0,0,612,29,SLICE,SLICE
47,235,46,241,1,6,7,1623,29,SLICE,SLICE
47,235,46,243,1,8,9,1751,29,SLICE,SLICE
47,235,46,238,1,3,4,1382,29,SLICE,SLICE
47,235,46,235,1,0,1,391,29,SLICE,SLICE
46,199,46,202,0,3,3,573,29,SLICE,SLICE
46,199,46,206,0,7,7,1067,29,SLICE,SLICE
46,199,44,204,2,5,7,951,29,SLICE,SLICE
46,199,44,201,2,2,4,601,29,SLICE,SLICE
42,243,38,244,4,1,5,630,29,SLICE,SLICE
42,243,40,242,2,1,3,653,29,SLICE,SLICE
42,243,38,240,4,3,7,1020,29,SLICE,SLICE
42,243,42,244,0,1,1,615,29,SLICE,SLICE
31,254,30,253,1,1,2,633,29,SLICE,SLICE
31,254,28,255,3,1,4,720,29,SLICE,SLICE
31,254,30,252,1,2,3,735,29,SLICE,SLICE
31,254,33,250,2,4,6,1047,29,SLICE,SLICE
46,226,44,231,2,5,7,972,29,SLICE,SLICE
46,226,45,232,1,6,7,966,29,SLICE,SLICE
46,226,46,234,0,8,8,1126,29,SLICE,SLICE
46,226,46,227,0,1,1,485,29,SLICE,SLICE
42,214,42,213,0,1,1,619,29,SLICE,SLICE
42,214,42,212,0,2,2,633,29,SLICE,SLICE
42,214,44,210,2,4,6,850,29,SLICE,SLICE
42,214,42,214,0,0,0,255,29,SLICE,SLICE
46,221,44,224,2,3,5,829,29,SLICE,SLICE
46,221,46,223,0,2,2,609,29,SLICE,SLICE
46,221,47,222,1,1,2,322,29,SLICE,SLICE
46,221,46,223,0,2,2,709,29,SLICE,SLICE
28,262,30,259,2,3,5,725,29,SLICE,SLICE
28,262,28,257,0,5,5,1041,29,SLICE,SLICE
28,262,30,256,2,6,8,963,29,SLICE,SLICE
28,262,27,260,1,2,3,583,29,SLICE,SLICE
30,248,31,249,1,1,2,789,29,SLICE,SLICE
30,248,38,238,8,10,18,1334,29,SLICE,SLICE
30,248,38,236,8,12,20,1457,29,SLICE,SLICE
30,248,38,242,8,6,14,1100,29,SLICE,SLICE
46,214,44,211,2,3,5,926,29,SLICE,SLICE
46,214,44,211,2,3,5,1044,29,SLICE,SLICE
46,214,44,214,2,0,2,709,29,SLICE,SLICE
46,214,44,216,2,2,4,716,29,SLICE,SLICE
44,189,44,190,0,1,1,716,29,SLICE,SLICE
44,189,44,190,0,1,1,592,29,SLICE,SLICE
44,189,44,191,0,2,2,569,29,SLICE,SLICE
44,189,44,189,0,0,0,173,29,SLICE,SLICE
45,196,44,195,1,1,2,480,29,SLICE,SLICE
45,196,46,198,1,2,3,1024,29,SLICE,SLICE
45,196,46,195,1,1,2,574,29,SLICE,SLICE
45,196,46,196,1,0,1,809,29,SLICE,SLICE
42,208,42,213,0,5,5,951,29,SLICE,SLICE
42,208,43,213,1,5,6,831,29,SLICE,SLICE
42,208,42,211,0,3,3,586,29,SLICE,SLICE
42,208,42,208,0,0,0,182,29,SLICE,SLICE
36,246,42,239,6,7,13,1360,29,SLICE,SLICE
36,246,42,241,6,5,11,894,29,SLICE,SLICE
36,246,43,236,7,10,17,1333,29,SLICE,SLICE
36,246,43,237,7,9,16,1337,29,SLICE,SLICE
4,196,2,195,2,1,3,397,29,SLICE,SLICE
4,196,4,193,0,3,3,808,29,SLICE,SLICE
4,196,5,194,1,2,3,389,29,SLICE,SLICE
4,196,2,196,2,0,2,802,29,SLICE,SLICE
4,192,2,192,2,0,2,606,29,SLICE,SLICE
4,192,4,191,0,1,1,286,29,SLICE,SLICE
4,192,4,191,0,1,1,600,29,SLICE,SLICE
4,192,2,194,2,2,4,636,29,SLICE,SLICE
30,279,28,277,2,2,4,756,29,SLICE,SLICE
30,279,26,278,4,1,5,762,29,SLICE,SLICE
30,279,28,278,2,1,3,657,29,SLICE,SLICE
30,279,30,279,0,0,0,513,29,SLICE,SLICE
4,207,4,206,0,1,1,605,29,SLICE,SLICE
4,207,4,205,0,2,2,591,29,SLICE,SLICE
4,207,4,210,0,3,3,609,29,SLICE,SLICE
4,207,4,209,0,2,2,380,29,SLICE,SLICE
28,268,31,271,3,3,6,723,29,SLICE,SLICE
28,268,31,271,3,3,6,628,29,SLICE,SLICE
28,268,31,271,3,3,6,716,29,SLICE,SLICE
28,268,28,268,0,0,0,340,29,SLICE,SLICE
28,274,29,274,1,0,1,444,29,SLICE,SLICE
28,274,28,274,0,0,0,485,29,SLICE,SLICE
28,274,28,274,0,0,0,282,29,SLICE,SLICE
28,274,28,273,0,1,1,585,29,SLICE,SLICE
27,265,28,265,1,0,1,509,29,SLICE,SLICE
27,265,27,263,0,2,2,697,29,SLICE,SLICE
27,265,28,265,1,0,1,512,29,SLICE,SLICE
27,265,26,265,1,0,1,366,29,SLICE,SLICE
4,218,5,218,1,0,1,394,29,SLICE,SLICE
4,218,4,217,0,1,1,512,29,SLICE,SLICE
4,218,4,218,0,0,0,253,29,SLICE,SLICE
4,218,5,218,1,0,1,462,29,SLICE,SLICE
38,212,42,217,4,5,9,821,29,SLICE,SLICE
38,212,40,219,2,7,9,927,29,SLICE,SLICE
38,212,43,219,5,7,12,946,29,SLICE,SLICE
38,212,41,217,3,5,8,961,29,SLICE,SLICE
33,277,33,274,0,3,3,833,29,SLICE,SLICE
33,277,32,274,1,3,4,835,29,SLICE,SLICE
33,277,30,274,3,3,6,726,29,SLICE,SLICE
33,277,32,275,1,2,3,586,29,SLICE,SLICE
33,273,30,272,3,1,4,727,29,SLICE,SLICE
33,273,28,269,5,4,9,962,29,SLICE,SLICE
33,273,30,272,3,1,4,469,29,SLICE,SLICE
33,273,32,273,1,0,1,480,29,SLICE,SLICE
0,213,4,211,4,2,6,487,29,SLICE,SLICE
0,213,5,212,5,1,6,701,29,SLICE,SLICE
0,213,4,213,4,0,4,274,29,SLICE,SLICE
0,213,3,212,3,1,4,552,29,SLICE,SLICE
0,210,4,202,4,8,12,1090,29,SLICE,SLICE
0,210,2,202,2,8,10,1352,29,SLICE,SLICE
0,210,4,203,4,7,11,1126,29,SLICE,SLICE
0,210,5,203,5,7,12,1237,29,SLICE,SLICE
4,188,4,187,0,1,1,286,29,SLICE,SLICE
4,188,3,187,1,1,2,458,29,SLICE,SLICE
4,188,4,187,0,1,1,602,29,SLICE,SLICE
4,188,4,189,0,1,1,439,29,SLICE,SLICE
4,200,5,201,1,1,2,598,29,SLICE,SLICE
4,200,2,202,2,2,4,693,29,SLICE,SLICE
4,200,4,202,0,2,2,603,29,SLICE,SLICE
4,200,5,200,1,0,1,382,29,SLICE,SLICE
30,266,31,264,1,2,3,783,29,SLICE,SLICE
30,266,30,265,0,1,1,639,29,SLICE,SLICE
30,266,32,264,2,2,4,529,29,SLICE,SLICE
30,266,30,265,0,1,1,570,29,SLICE,SLICE
35,213,35,213,0,0,0,11,1,SLICE,SLICE
34,245,34,245,0,0,0,11,1,SLICE,SLICE
38,217,38,217,0,0,0,6,1,SLICE,SLICE
33,243,33,243,0,0,0,11,1,SLICE,SLICE
38,209,38,209,0,0,0,6,1,SLICE,SLICE
9,202,9,202,0,0,0,11,1,SLICE,SLICE
20,213,20,213,0,0,0,7,1,SLICE,SLICE
26,256,26,256,0,0,0,11,1,SLICE,SLICE
32,263,37,265,5,2,7,561,1,SLICE,SLICE
6,212,6,212,0,0,0,6,1,SLICE,SLICE
32,259,32,259,0,0,0,11,1,SLICE,SLICE
41,216,41,216,0,0,0,11,1,SLICE,SLICE
36,232,36,232,0,0,0,11,1,SLICE,SLICE
32,252,32,252,0,0,0,11,1,SLICE,SLICE
40,205,41,208,1,3,4,564,1,SLICE,SLICE
35,238,35,238,0,0,0,11,1,SLICE,SLICE
27,261,27,261,0,0,0,11,1,SLICE,SLICE
27,251,27,251,0,0,0,11,1,SLICE,SLICE
32,218,32,218,0,0,0,11,1,SLICE,SLICE
7,214,7,214,0,0,0,13,1,SLICE,SLICE
24,210,24,210,0,0,0,11,1,SLICE,SLICE
40,234,40,234,0,0,0,11,1,SLICE,SLICE
32,242,32,242,0,0,0,11,1,SLICE,SLICE
39,225,39,225,0,0,0,13,1,SLICE,SLICE
39,214,39,214,0,0,0,11,1,SLICE,SLICE
34,221,34,221,0,0,0,11,1,SLICE,SLICE
9,205,9,205,0,0,0,11,1,SLICE,SLICE
27,252,27,252,0,0,0,11,1,SLICE,SLICE
23,217,23,217,0,0,0,13,1,SLICE,SLICE
28,250,28,250,0,0,0,11,1,SLICE,SLICE
9,193,9,193,0,0,0,11,1,SLICE,SLICE
34,215,34,215,0,0,0,11,1,SLICE,SLICE
33,245,33,245,0,0,0,13,1,SLICE,SLICE
36,221,36,221,0,0,0,11,1,SLICE,SLICE
29,248,29,248,0,0,0,11,1,SLICE,SLICE
36,212,36,212,0,0,0,11,1,SLICE,SLICE
9,201,9,201,0,0,0,11,1,SLICE,SLICE
21,214,21,214,0,0,0,13,1,SLICE,SLICE
26,250,26,250,0,0,0,11,1,SLICE,SLICE
30,260,30,260,0,0,0,11,1,SLICE,SLICE
7,209,7,209,0,0,0,13,1,SLICE,SLICE
30,255,30,255,0,0,0,11,1,SLICE,SLICE
42,207,42,207,0,0,0,6,1,SLICE,SLICE
38,231,38,231,0,0,0,6,1,SLICE,SLICE
28,246,28,246,0,0,0,11,1,SLICE,SLICE
38,202,40,197,2,5,7,480,1,SLICE,SLICE
35,240,35,240,0,0,0,13,1,SLICE,SLICE
26,260,26,260,0,0,0,11,1,SLICE,SLICE
26,262,26,262,0,0,0,11,1,SLICE,SLICE
32,216,32,216,0,0,0,11,1,SLICE,SLICE
9,215,9,215,0,0,0,11,1,SLICE,SLICE
24,212,24,212,0,0,0,11,1,SLICE,SLICE
39,236,41,236,2,0,2,297,1,SLICE,SLICE
31,249,43,249,12,0,12,556,1,SLICE,SLICE
36,225,36,225,0,0,0,11,1,SLICE,SLICE
40,218,40,218,0,0,0,11,1,SLICE,SLICE
34,216,34,216,0,0,0,11,1,SLICE,SLICE
11,203,15,203,4,0,4,412,1,SLICE,SLICE
29,254,29,254,0,0,0,13,1,SLICE,SLICE
22,217,22,217,0,0,0,6,1,SLICE,SLICE
30,263,30,263,0,0,0,11,1,SLICE,SLICE
9,195,9,195,0,0,0,11,1,SLICE,SLICE
33,210,37,212,4,2,6,554,1,SLICE,SLICE
32,242,32,242,0,0,0,13,1,SLICE,SLICE
40,215,40,215,0,0,0,13,1,SLICE,SLICE
30,247,30,247,0,0,0,11,1,SLICE,SLICE
41,203,41,203,0,0,0,11,1,SLICE,SLICE
9,206,9,206,0,0,0,13,1,SLICE,SLICE
20,214,20,214,0,0,0,6,1,SLICE,SLICE
27,258,27,258,0,0,0,13,1,SLICE,SLICE
32,257,32,257,0,0,0,11,1,SLICE,SLICE
7,210,5,222,2,12,14,612,1,SLICE,SLICE
32,253,32,253,0,0,0,11,1,SLICE,SLICE
40,208,40,208,0,0,0,11,1,SLICE,SLICE
40,231,40,231,0,0,0,11,1,SLICE,SLICE
29,249,29,249,0,0,0,13,1,SLICE,SLICE
38,206,38,206,0,0,0,6,1,SLICE,SLICE
34,241,34,241,0,0,0,11,1,SLICE,SLICE
28,263,28,263,0,0,0,11,1,SLICE,SLICE
26,252,26,252,0,0,0,11,1,SLICE,SLICE
33,222,32,222,1,0,1,342,1,SLICE,SLICE
14,214,14,214,0,0,0,6,1,SLICE,SLICE
6,209,6,209,0,0,0,6,1,SLICE,SLICE
0,186,1,190,1,4,5,915,20,SLICE,SLICE
0,186,0,201,0,15,15,1726,20,SLICE,SLICE
0,186,0,196,0,10,10,1276,20,SLICE,SLICE
0,186,0,198,0,12,12,1382,20,SLICE,SLICE
44,186,44,185,0,1,1,611,29,SLICE,SLICE
44,186,41,203,3,17,20,1284,29,SLICE,SLICE
44,186,41,203,3,17,20,1282,29,SLICE,SLICE
44,186,44,186,0,0,0,173,29,SLICE,SLICE
36,208,36,208,0,0,0,11,1,SLICE,SLICE
40,207,40,207,0,0,0,11,1,SLICE,SLICE
39,208,39,208,0,0,0,11,1,SLICE,SLICE
0,175,0,175,0,0,0,58,1,SLICE,SLICE
2,145,4,151,2,6,8,1320,16,SLICE,SLICE
2,145,5,147,3,2,5,836,16,SLICE,SLICE
2,145,1,140,1,5,6,1188,16,SLICE,SLICE
2,145,1,138,1,7,8,1299,16,SLICE,SLICE
5,195,3,197,2,2,4,505,16,SLICE,SLICE
5,195,3,191,2,4,6,846,16,SLICE,SLICE
5,195,3,191,2,4,6,846,16,SLICE,SLICE
5,195,1,188,4,7,11,1169,16,SLICE,SLICE
0,210,0,8,0,202,202,5913,1,SLICE,IOB
0,210,0,14,0,196,196,4467,1,SLICE,IOB
1,226,0,20,1,206,207,4401,1,SLICE,IOB
20,215,21,215,1,0,1,468,1,SLICE,SLICE
54,134,53,134,1,0,1,437,1,SLICE,SLICE
48,177,49,179,1,2,3,551,1,SLICE,SLICE
79,134,79,134,0,0,0,366,1,SLICE,SLICE
93,202,93,202,0,0,0,366,1,SLICE,SLICE
92,278,93,278,1,0,1,468,1,SLICE,SLICE
48,209,48,209,0,0,0,470,1,SLICE,SLICE
45,280,45,280,0,0,0,366,1,SLICE,SLICE
3,135,3,135,0,0,0,619,1,SLICE,SLICE
2,143,2,143,0,0,0,654,1,SLICE,SLICE
6,142,6,142,0,0,0,624,1,SLICE,SLICE
5,144,5,144,0,0,0,468,1,SLICE,SLICE
1,142,1,142,0,0,0,610,1,SLICE,SLICE
5,180,5,180,0,0,0,366,1,SLICE,SLICE
2,180,3,180,1,0,1,540,1,SLICE,SLICE
2,182,2,182,0,0,0,513,1,SLICE,SLICE
2,182,3,182,1,0,1,618,1,SLICE,SLICE
5,182,5,182,0,0,0,514,1,SLICE,SLICE
5,137,4,137,1,0,1,368,1,SLICE,SLICE
0,198,0,198,0,0,0,473,1,SLICE,SLICE
0,200,1,200,1,0,1,637,1,SLICE,SLICE
4,133,5,133,1,0,1,468,1,SLICE,SLICE
5,136,4,136,1,0,1,553,1,SLICE,SLICE
1,148,5,148,4,0,4,433,1,SLICE,SLICE
0,140,1,138,1,2,3,582,1,SLICE,SLICE
5,135,5,135,0,0,0,366,1,SLICE,SLICE
7,146,7,146,0,0,0,514,1,SLICE,SLICE
2,152,2,152,0,0,0,471,1,SLICE,SLICE
31,228,31,228,0,0,0,58,1,SLICE,SLICE
34,241,34,241,0,0,0,59,1,SLICE,SLICE
28,216,28,216,0,0,0,58,1,SLICE,SLICE
33,223,33,223,0,0,0,58,1,SLICE,SLICE
30,219,30,219,0,0,0,58,1,SLICE,SLICE
11,216,11,216,0,0,0,59,1,SLICE,SLICE
34,247,34,247,0,0,0,59,1,SLICE,SLICE
20,220,20,220,0,0,0,56,1,SLICE,SLICE
33,218,33,218,0,0,0,59,1,SLICE,SLICE
36,231,36,231,0,0,0,58,1,SLICE,SLICE
30,217,30,217,0,0,0,59,1,SLICE,SLICE
27,229,27,229,0,0,0,58,1,SLICE,SLICE
36,234,36,234,0,0,0,58,1,SLICE,SLICE
25,220,25,220,0,0,0,58,1,SLICE,SLICE
29,219,29,219,0,0,0,59,1,SLICE,SLICE
34,244,34,244,0,0,0,59,1,SLICE,SLICE
27,218,27,218,0,0,0,59,1,SLICE,SLICE
30,240,30,240,0,0,0,58,1,SLICE,SLICE
26,250,26,250,0,0,0,58,1,SLICE,SLICE
21,224,21,224,0,0,0,58,1,SLICE,SLICE
28,217,28,217,0,0,0,59,1,SLICE,SLICE
34,242,34,242,0,0,0,58,1,SLICE,SLICE
27,219,27,219,0,0,0,58,1,SLICE,SLICE
35,246,35,246,0,0,0,58,1,SLICE,SLICE
35,246,35,246,0,0,0,59,1,SLICE,SLICE
35,223,35,223,0,0,0,58,1,SLICE,SLICE
34,246,34,246,0,0,0,58,1,SLICE,SLICE
35,242,35,242,0,0,0,58,1,SLICE,SLICE
19,240,19,240,0,0,0,58,1,SLICE,SLICE
27,240,27,240,0,0,0,58,1,SLICE,SLICE
31,241,31,241,0,0,0,58,1,SLICE,SLICE
25,241,25,241,0,0,0,58,1,SLICE,SLICE
27,239,27,239,0,0,0,58,1,SLICE,SLICE
30,242,30,242,0,0,0,58,1,SLICE,SLICE
22,223,22,223,0,0,0,56,1,SLICE,SLICE
28,237,28,237,0,0,0,58,1,SLICE,SLICE
34,234,34,234,0,0,0,58,1,SLICE,SLICE
25,238,25,238,0,0,0,58,1,SLICE,SLICE
32,218,32,218,0,0,0,59,1,SLICE,SLICE
31,244,31,244,0,0,0,58,1,SLICE,SLICE
13,243,13,243,0,0,0,58,1,SLICE,SLICE
20,265,20,265,0,0,0,55,1,SLICE,SLICE
28,242,28,242,0,0,0,58,1,SLICE,SLICE
22,221,22,221,0,0,0,56,1,SLICE,SLICE
18,253,18,253,0,0,0,55,1,SLICE,SLICE
18,221,18,221,0,0,0,55,1,SLICE,SLICE
12,223,12,223,0,0,0,56,1,SLICE,SLICE
16,234,16,234,0,0,0,56,1,SLICE,SLICE
22,230,22,230,0,0,0,56,1,SLICE,SLICE
25,227,25,227,0,0,0,58,1,SLICE,SLICE
18,232,18,232,0,0,0,56,1,SLICE,SLICE
19,223,19,223,0,0,0,58,1,SLICE,SLICE
8,217,8,217,0,0,0,55,1,SLICE,SLICE
16,232,16,232,0,0,0,56,1,SLICE,SLICE
28,257,28,257,0,0,0,58,1,SLICE,SLICE
22,217,22,217,0,0,0,56,1,SLICE,SLICE
21,230,21,230,0,0,0,58,1,SLICE,SLICE
16,224,16,224,0,0,0,56,1,SLICE,SLICE
13,218,13,218,0,0,0,59,1,SLICE,SLICE
14,232,14,232,0,0,0,56,1,SLICE,SLICE
26,258,26,258,0,0,0,58,1,SLICE,SLICE
20,218,20,218,0,0,0,55,1,SLICE,SLICE
34,243,34,243,0,0,0,58,1,SLICE,SLICE
10,241,10,241,0,0,0,56,1,SLICE,SLICE
12,216,12,216,0,0,0,56,1,SLICE,SLICE
25,225,25,225,0,0,0,58,1,SLICE,SLICE
26,260,26,260,0,0,0,58,1,SLICE,SLICE
14,217,14,217,0,0,0,55,1,SLICE,SLICE
23,221,23,221,0,0,0,58,1,SLICE,SLICE
13,217,13,217,0,0,0,58,1,SLICE,SLICE
12,216,12,216,0,0,0,55,1,SLICE,SLICE
29,245,29,245,0,0,0,58,1,SLICE,SLICE
18,216,18,216,0,0,0,55,1,SLICE,SLICE
32,217,32,217,0,0,0,59,1,SLICE,SLICE
16,227,16,227,0,0,0,55,1,SLICE,SLICE
35,215,35,215,0,0,0,58,1,SLICE,SLICE
9,216,9,216,0,0,0,58,1,SLICE,SLICE
21,233,21,233,0,0,0,59,1,SLICE,SLICE
19,217,19,217,0,0,0,58,1,SLICE,SLICE
20,218,20,218,0,0,0,56,1,SLICE,SLICE
22,241,22,241,0,0,0,55,1,SLICE,SLICE
16,225,16,225,0,0,0,56,1,SLICE,SLICE
18,225,18,225,0,0,0,56,1,SLICE,SLICE
29,245,29,245,0,0,0,59,1,SLICE,SLICE
16,217,16,217,0,0,0,55,1,SLICE,SLICE
20,216,20,216,0,0,0,55,1,SLICE,SLICE
35,223,35,223,0,0,0,59,1,SLICE,SLICE
21,217,21,217,0,0,0,58,1,SLICE,SLICE
16,228,16,228,0,0,0,56,1,SLICE,SLICE
30,247,30,247,0,0,0,58,1,SLICE,SLICE
16,216,16,216,0,0,0,56,1,SLICE,SLICE
17,253,17,253,0,0,0,58,1,SLICE,SLICE
23,241,23,241,0,0,0,58,1,SLICE,SLICE
18,220,18,220,0,0,0,56,1,SLICE,SLICE
16,228,16,228,0,0,0,55,1,SLICE,SLICE
29,245,29,245,0,0,0,58,1,SLICE,SLICE
15,216,15,216,0,0,0,58,1,SLICE,SLICE
16,246,16,246,0,0,0,55,1,SLICE,SLICE
22,236,22,236,0,0,0,56,1,SLICE,SLICE
33,218,33,218,0,0,0,58,1,SLICE,SLICE
32,247,32,247,0,0,0,59,1,SLICE,SLICE
34,244,34,244,0,0,0,58,1,SLICE,SLICE
18,216,18,216,0,0,0,56,1,SLICE,SLICE
36,243,36,243,0,0,0,58,1,SLICE,SLICE
36,243,36,243,0,0,0,58,1,SLICE,SLICE
33,230,33,230,0,0,0,58,1,SLICE,SLICE
5,136,4,135,1,1,2,361,1,SLICE,SLICE
3,197,3,197,0,0,0,58,1,SLICE,SLICE
5,193,5,193,0,0,0,58,1,SLICE,SLICE
1,151,1,151,0,0,0,58,1,SLICE,SLICE
41,232,41,232,0,0,0,59,1,SLICE,SLICE
30,216,30,216,0,0,0,58,1,SLICE,SLICE
42,211,42,211,0,0,0,56,1,SLICE,SLICE
42,226,42,226,0,0,0,55,1,SLICE,SLICE
44,199,44,199,0,0,0,58,1,SLICE,SLICE
35,216,35,216,0,0,0,59,1,SLICE,SLICE
40,223,40,223,0,0,0,58,1,SLICE,SLICE
34,216,34,216,0,0,0,58,1,SLICE,SLICE
42,205,42,205,0,0,0,56,1,SLICE,SLICE
41,225,41,225,0,0,0,59,1,SLICE,SLICE
42,230,42,230,0,0,0,56,1,SLICE,SLICE
38,217,38,217,0,0,0,56,1,SLICE,SLICE
35,216,35,216,0,0,0,58,1,SLICE,SLICE
28,255,28,255,0,0,0,59,1,SLICE,SLICE
45,191,45,191,0,0,0,59,1,SLICE,SLICE
40,223,40,223,0,0,0,59,1,SLICE,SLICE
44,202,44,202,0,0,0,59,1,SLICE,SLICE
6,213,6,213,0,0,0,55,1,SLICE,SLICE
2,211,2,211,0,0,0,55,1,SLICE,SLICE
27,262,27,262,0,0,0,58,1,SLICE,SLICE
37,210,37,210,0,0,0,59,1,SLICE,SLICE
42,215,42,215,0,0,0,55,1,SLICE,SLICE
42,238,42,238,0,0,0,55,1,SLICE,SLICE
6,215,6,215,0,0,0,55,1,SLICE,SLICE
27,226,27,226,0,0,0,59,1,SLICE,SLICE
12,215,12,215,0,0,0,55,1,SLICE,SLICE
42,218,42,218,0,0,0,56,1,SLICE,SLICE
42,232,42,232,0,0,0,55,1,SLICE,SLICE
40,212,40,212,0,0,0,58,1,SLICE,SLICE
45,229,45,229,0,0,0,59,1,SLICE,SLICE
34,247,34,247,0,0,0,58,1,SLICE,SLICE
7,207,7,207,0,0,0,58,1,SLICE,SLICE
44,221,44,221,0,0,0,58,1,SLICE,SLICE
42,231,42,231,0,0,0,55,1,SLICE,SLICE
44,198,44,198,0,0,0,58,1,SLICE,SLICE
14,214,14,214,0,0,0,55,1,SLICE,SLICE
39,235,39,235,0,0,0,58,1,SLICE,SLICE
40,226,40,226,0,0,0,58,1,SLICE,SLICE
42,224,42,224,0,0,0,55,1,SLICE,SLICE
38,231,38,231,0,0,0,55,1,SLICE,SLICE
42,223,42,223,0,0,0,55,1,SLICE,SLICE
38,216,38,216,0,0,0,56,1,SLICE,SLICE
43,239,43,239,0,0,0,58,1,SLICE,SLICE
6,210,6,210,0,0,0,55,1,SLICE,SLICE
43,221,43,221,0,0,0,58,1,SLICE,SLICE
40,242,40,242,0,0,0,58,1,SLICE,SLICE
42,206,42,206,0,0,0,55,1,SLICE,SLICE
28,256,28,256,0,0,0,59,1,SLICE,SLICE
39,233,39,233,0,0,0,58,1,SLICE,SLICE
41,239,41,239,0,0,0,58,1,SLICE,SLICE
41,232,41,232,0,0,0,58,1,SLICE,SLICE
38,241,38,241,0,0,0,56,1,SLICE,SLICE
30,254,30,254,0,0,0,58,1,SLICE,SLICE
41,228,41,228,0,0,0,58,1,SLICE,SLICE
26,261,26,261,0,0,0,58,1,SLICE,SLICE
7,217,7,217,0,0,0,59,1,SLICE,SLICE
30,248,30,248,0,0,0,58,1,SLICE,SLICE
41,233,41,233,0,0,0,58,1,SLICE,SLICE
38,240,38,240,0,0,0,55,1,SLICE,SLICE
30,247,30,247,0,0,0,59,1,SLICE,SLICE
39,237,39,237,0,0,0,59,1,SLICE,SLICE
44,240,44,240,0,0,0,58,1,SLICE,SLICE
39,232,39,232,0,0,0,58,1,SLICE,SLICE
38,246,38,246,0,0,0,55,1,SLICE,SLICE
34,213,34,213,0,0,0,59,1,SLICE,SLICE
30,255,30,255,0,0,0,58,1,SLICE,SLICE
28,267,28,267,0,0,0,58,1,SLICE,SLICE
42,211,42,211,0,0,0,55,1,SLICE,SLICE
29,251,29,251,0,0,0,59,1,SLICE,SLICE
44,219,44,219,0,0,0,58,1,SLICE,SLICE
41,220,41,220,0,0,0,59,1,SLICE,SLICE
41,229,41,229,0,0,0,59,1,SLICE,SLICE
33,215,33,215,0,0,0,58,1,SLICE,SLICE
42,221,42,221,0,0,0,55,1,SLICE,SLICE
26,259,26,259,0,0,0,58,1,SLICE,SLICE
44,202,44,202,0,0,0,58,1,SLICE,SLICE
37,214,37,214,0,0,0,58,1,SLICE,SLICE
40,216,40,216,0,0,0,58,1,SLICE,SLICE
38,216,38,216,0,0,0,55,1,SLICE,SLICE
42,215,42,215,0,0,0,55,1,SLICE,SLICE
43,227,43,227,0,0,0,59,1,SLICE,SLICE
44,219,44,219,0,0,0,59,1,SLICE,SLICE
37,213,37,213,0,0,0,58,1,SLICE,SLICE
40,230,40,230,0,0,0,58,1,SLICE,SLICE
24,251,24,251,0,0,0,58,1,SLICE,SLICE
44,201,44,201,0,0,0,59,1,SLICE,SLICE
42,213,42,213,0,0,0,56,1,SLICE,SLICE
44,239,44,239,0,0,0,58,1,SLICE,SLICE
15,216,15,216,0,0,0,58,1,SLICE,SLICE
43,229,43,229,0,0,0,58,1,SLICE,SLICE
31,256,31,256,0,0,0,58,1,SLICE,SLICE
43,219,43,219,0,0,0,58,1,SLICE,SLICE
28,255,28,255,0,0,0,58,1,SLICE,SLICE
44,230,44,230,0,0,0,59,1,SLICE,SLICE
12,215,12,215,0,0,0,55,1,SLICE,SLICE
41,222,41,222,0,0,0,58,1,SLICE,SLICE
26,267,26,267,0,0,0,59,1,SLICE,SLICE
41,220,41,220,0,0,0,58,1,SLICE,SLICE
42,226,42,226,0,0,0,55,1,SLICE,SLICE
41,227,41,227,0,0,0,59,1,SLICE,SLICE
6,215,6,215,0,0,0,56,1,SLICE,SLICE
10,216,10,216,0,0,0,55,1,SLICE,SLICE
7,205,7,205,0,0,0,59,1,SLICE,SLICE
44,196,44,196,0,0,0,58,1,SLICE,SLICE
46,228,46,228,0,0,0,56,1,SLICE,SLICE
42,212,42,212,0,0,0,56,1,SLICE,SLICE
27,259,27,259,0,0,0,58,1,SLICE,SLICE
68,173,68,173,0,0,0,58,3,SLICE,SLICE
68,173,66,173,2,0,2,524,3,SLICE,SLICE
68,173,66,173,2,0,2,392,3,SLICE,SLICE
0,155,3,154,3,1,4,626,1,SLICE,SLICE
4,136,5,136,1,0,1,369,1,SLICE,SLICE
4,137,5,135,1,2,3,567,1,SLICE,SLICE
4,138,4,138,0,0,0,42,1,SLICE,SLICE
2,186,7,187,5,1,6,576,1,SLICE,SLICE
2,187,3,181,1,6,7,738,1,SLICE,SLICE
2,188,7,175,5,13,18,1064,1,SLICE,SLICE
2,190,2,179,0,11,11,806,1,SLICE,SLICE
2,184,7,186,5,2,7,785,1,SLICE,SLICE
0,144,2,142,2,2,4,587,1,SLICE,SLICE
0,145,0,134,0,11,11,975,1,SLICE,SLICE
0,147,3,140,3,7,10,734,1,SLICE,SLICE
0,141,1,142,1,1,2,667,1,SLICE,SLICE
0,142,0,136,0,6,6,847,1,SLICE,SLICE
2,140,3,133,1,7,8,731,1,SLICE,SLICE
0,95,0,95,0,0,0,42,1,SLICE,SLICE
0,96,0,96,0,0,0,42,1,SLICE,SLICE
0,98,0,98,0,0,0,42,1,SLICE,SLICE
0,93,0,93,0,0,0,42,1,SLICE,SLICE
46,184,46,184,0,0,0,56,1,SLICE,SLICE
0,153,0,153,0,0,0,42,1,SLICE,SLICE
2,177,2,177,0,0,0,6,1,SLICE,SLICE
0,178,0,0,0,178,178,1840,1,IOB,BUFGCTRL
46,240,46,244,0,4,4,665,1,SLICE,SLICE
3,143,3,143,0,0,0,58,1,SLICE,SLICE
5,147,5,147,0,0,0,58,1,SLICE,SLICE
5,140,5,140,0,0,0,58,1,SLICE,SLICE
2,141,2,141,0,0,0,55,1,SLICE,SLICE
68,135,68,135,0,0,0,58,1,SLICE,SLICE
74,134,74,134,0,0,0,55,1,SLICE,SLICE
92,246,92,246,0,0,0,58,1,SLICE,SLICE
48,208,48,208,0,0,0,58,1,SLICE,SLICE
45,269,45,269,0,0,0,59,1,SLICE,SLICE
0,194,0,194,0,0,0,58,1,SLICE,SLICE
0,197,0,197,0,0,0,58,1,SLICE,SLICE
0,201,0,201,0,0,0,58,1,SLICE,SLICE
0,186,0,186,0,0,0,58,1,SLICE,SLICE
31,229,9,234,22,5,27,942,1,SLICE,SLICE
31,229,9,234,22,5,27,1228,2,SLICE,SLICE
31,229,21,228,10,1,11,607,2,SLICE,SLICE
37,226,25,218,12,8,20,802,1,SLICE,SLICE
37,226,25,218,12,8,20,862,2,SLICE,SLICE
37,226,47,225,10,1,11,556,2,SLICE,SLICE
34,229,11,219,23,10,33,1025,1,SLICE,SLICE
34,229,11,219,23,10,33,1178,2,SLICE,SLICE
34,229,9,240,25,11,36,1283,2,SLICE,SLICE
36,226,37,206,1,20,21,943,1,SLICE,SLICE
36,226,37,206,1,20,21,894,2,SLICE,SLICE
36,226,51,206,15,20,35,1199,2,SLICE,SLICE
34,235,19,237,15,2,17,680,1,SLICE,SLICE
34,235,19,237,15,2,17,741,2,SLICE,SLICE
34,235,13,250,21,15,36,1498,2,SLICE,SLICE
36,230,59,242,23,12,35,1149,1,SLICE,SLICE
37,230,59,242,22,12,34,1151,2,SLICE,SLICE
37,230,25,252,12,22,34,1339,2,SLICE,SLICE
34,236,53,245,19,9,28,936,1,SLICE,SLICE
35,236,53,245,18,9,27,1381,2,SLICE,SLICE
35,236,37,253,2,17,19,1048,2,SLICE,SLICE
34,229,59,246,25,17,42,1308,1,SLICE,SLICE
34,229,59,246,25,17,42,1358,2,SLICE,SLICE
34,229,65,253,31,24,55,1793,2,SLICE,SLICE
34,239,19,248,15,9,24,935,1,SLICE,SLICE
34,239,19,248,15,9,24,1572,2,SLICE,SLICE
34,239,37,255,3,16,19,1002,2,SLICE,SLICE
35,228,65,208,30,20,50,1569,1,SLICE,SLICE
34,228,65,208,31,20,51,1538,2,SLICE,SLICE
34,228,51,204,17,24,41,1251,2,SLICE,SLICE
35,239,47,249,12,10,22,823,1,SLICE,SLICE
30,239,47,249,17,10,27,1013,2,SLICE,SLICE
30,239,13,255,17,16,33,1106,2,SLICE,SLICE
31,226,9,238,22,12,34,1218,1,SLICE,SLICE
30,226,9,238,21,12,33,1073,2,SLICE,SLICE
30,226,9,244,21,18,39,1232,2,SLICE,SLICE
34,239,25,250,9,11,20,898,1,SLICE,SLICE
32,239,25,250,7,11,18,728,2,SLICE,SLICE
32,239,25,257,7,18,25,1294,2,SLICE,SLICE
33,226,3,217,30,9,39,1297,1,SLICE,SLICE
33,226,3,217,30,9,39,1364,2,SLICE,SLICE
33,226,41,200,8,26,34,1108,2,SLICE,SLICE
34,240,19,250,15,10,25,840,1,SLICE,SLICE
33,240,19,250,14,10,24,894,2,SLICE,SLICE
33,240,19,257,14,17,31,1158,2,SLICE,SLICE
33,224,21,206,12,18,30,990,1,SLICE,SLICE
33,224,21,206,12,18,30,1077,2,SLICE,SLICE
33,224,31,218,2,6,8,604,2,SLICE,SLICE
35,229,21,228,14,1,15,778,1,SLICE,SLICE
37,226,47,225,10,1,11,584,1,SLICE,SLICE
34,233,9,240,25,7,32,1090,1,SLICE,SLICE
38,227,51,206,13,21,34,1149,1,SLICE,SLICE
35,235,13,250,22,15,37,1227,1,SLICE,SLICE
35,230,25,252,10,22,32,1197,1,SLICE,SLICE
35,236,37,253,2,17,19,981,1,SLICE,SLICE
35,229,65,253,30,24,54,1482,1,SLICE,SLICE
35,239,37,255,2,16,18,1057,1,SLICE,SLICE
35,228,51,204,16,24,40,1309,1,SLICE,SLICE
31,239,13,255,18,16,34,1104,1,SLICE,SLICE
30,226,9,244,21,18,39,1155,1,SLICE,SLICE
32,239,25,257,7,18,25,1020,1,SLICE,SLICE
33,226,41,200,8,26,34,1028,1,SLICE,SLICE
32,240,19,257,13,17,30,1032,1,SLICE,SLICE
33,224,31,218,2,6,8,514,1,SLICE,SLICE
38,229,37,236,1,7,8,570,1,SLICE,SLICE
38,229,37,236,1,7,8,586,1,SLICE,SLICE
87,222,86,222,1,0,1,358,1,SLICE,SLICE
86,238,88,237,2,1,3,315,1,SLICE,SLICE
89,234,89,234,0,0,0,302,1,SLICE,SLICE
89,236,89,235,0,1,1,551,1,SLICE,SLICE
87,236,88,236,1,0,1,553,1,SLICE,SLICE
89,236,86,235,3,1,4,450,1,SLICE,SLICE
89,229,88,229,1,0,1,345,1,SLICE,SLICE
88,222,86,219,2,3,5,562,1,SLICE,SLICE
78,218,81,218,3,0,3,246,1,SLICE,SLICE
90,220,90,220,0,0,0,331,1,SLICE,SLICE
87,226,86,226,1,0,1,358,1,SLICE,SLICE
89,229,88,229,1,0,1,457,1,SLICE,SLICE
87,218,86,218,1,0,1,472,1,SLICE,SLICE
91,220,90,221,1,1,2,420,1,SLICE,SLICE
88,231,88,231,0,0,0,458,1,SLICE,SLICE
91,220,91,221,0,1,1,448,1,SLICE,SLICE
89,231,88,231,1,0,1,343,1,SLICE,SLICE
77,218,76,218,1,0,1,550,1,SLICE,SLICE
81,217,80,216,1,1,2,559,1,SLICE,SLICE
77,208,76,208,1,0,1,342,1,SLICE,SLICE
78,213,78,213,0,0,0,212,1,SLICE,SLICE
76,217,78,214,2,3,5,594,2,SLICE,SLICE
76,217,82,216,6,1,7,781,2,SLICE,SLICE
79,218,78,218,1,0,1,453,1,SLICE,SLICE
79,215,75,214,4,1,5,537,1,SLICE,SLICE
85,232,84,232,1,0,1,450,1,SLICE,SLICE
85,218,84,216,1,2,3,572,1,SLICE,SLICE
85,218,84,217,1,1,2,232,1,SLICE,SLICE
84,227,82,224,2,3,5,575,1,SLICE,SLICE
81,221,81,221,0,0,0,193,1,SLICE,SLICE
82,221,82,221,0,0,0,135,1,SLICE,SLICE
81,222,80,221,1,1,2,240,1,SLICE,SLICE
82,218,80,220,2,2,4,412,1,SLICE,SLICE
81,218,80,218,1,0,1,457,1,SLICE,SLICE
84,228,82,225,2,3,5,562,1,SLICE,SLICE
74,214,78,216,4,2,6,394,1,SLICE,SLICE
81,218,82,220,1,2,3,544,1,SLICE,SLICE
83,218,82,218,1,0,1,570,1,SLICE,SLICE
88,232,88,232,0,0,0,461,1,SLICE,SLICE
73,212,72,210,1,2,3,247,1,SLICE,SLICE
73,212,75,212,2,0,2,407,1,SLICE,SLICE
72,212,72,212,0,0,0,458,1,SLICE,SLICE
73,216,74,216,1,0,1,240,1,SLICE,SLICE
73,211,72,211,1,0,1,605,1,SLICE,SLICE
75,211,74,211,1,0,1,472,1,SLICE,SLICE
75,211,72,210,3,1,4,310,1,SLICE,SLICE
73,216,72,216,1,0,1,447,1,SLICE,SLICE
73,219,72,219,1,0,1,457,1,SLICE,SLICE
73,214,72,213,1,1,2,548,1,SLICE,SLICE
83,227,82,227,1,0,1,474,1,SLICE,SLICE
74,225,75,225,1,0,1,458,1,SLICE,SLICE
85,240,85,240,0,0,0,131,1,SLICE,SLICE
85,238,82,228,3,10,13,997,1,SLICE,SLICE
87,240,84,238,3,2,5,645,1,SLICE,SLICE
88,242,86,239,2,3,5,830,1,SLICE,SLICE
83,230,80,229,3,1,4,662,1,SLICE,SLICE
82,228,84,243,2,15,17,985,1,SLICE,SLICE
84,240,83,229,1,11,12,1001,1,SLICE,SLICE
78,225,74,222,4,3,7,795,1,SLICE,SLICE
87,243,86,243,1,0,1,278,1,SLICE,SLICE
91,240,91,235,0,5,5,722,1,SLICE,SLICE
91,239,91,239,0,0,0,131,1,SLICE,SLICE
89,241,88,243,1,2,3,246,1,SLICE,SLICE
86,242,88,240,2,2,4,673,1,SLICE,SLICE
90,241,90,241,0,0,0,429,1,SLICE,SLICE
88,239,88,239,0,0,0,458,1,SLICE,SLICE
89,239,87,240,2,1,3,429,1,SLICE,SLICE
92,241,92,241,0,0,0,201,1,SLICE,SLICE
93,240,93,240,0,0,0,461,1,SLICE,SLICE
91,243,90,243,1,0,1,547,1,SLICE,SLICE
92,229,90,227,2,2,4,379,1,SLICE,SLICE
92,226,90,226,2,0,2,427,1,SLICE,SLICE
90,232,91,232,1,0,1,446,1,SLICE,SLICE
92,237,92,237,0,0,0,132,1,SLICE,SLICE
91,236,90,236,1,0,1,453,1,SLICE,SLICE
90,227,90,227,0,0,0,136,1,SLICE,SLICE
91,231,90,230,1,1,2,559,1,SLICE,SLICE
91,228,90,228,1,0,1,453,1,SLICE,SLICE
91,227,90,232,1,5,6,478,1,SLICE,SLICE
91,235,90,233,1,2,3,323,1,SLICE,SLICE
74,219,76,221,2,2,4,676,1,SLICE,SLICE
75,223,79,223,4,0,4,245,1,SLICE,SLICE
75,223,74,223,1,0,1,281,1,SLICE,SLICE
76,218,76,218,0,0,0,308,1,SLICE,SLICE
74,220,74,220,0,0,0,467,1,SLICE,SLICE
76,225,76,220,0,5,5,792,1,SLICE,SLICE
74,220,74,220,0,0,0,136,1,SLICE,SLICE
81,219,84,219,3,0,3,249,1,SLICE,SLICE
79,218,76,213,3,5,8,716,1,SLICE,SLICE
79,224,78,224,1,0,1,559,1,SLICE,SLICE
77,220,78,219,1,1,2,251,1,SLICE,SLICE
77,219,76,220,1,1,2,444,1,SLICE,SLICE
85,222,84,222,1,0,1,564,1,SLICE,SLICE
87,223,86,223,1,0,1,442,1,SLICE,SLICE
87,234,84,236,3,2,5,347,1,SLICE,SLICE
1,178,0,176,1,2,3,347,35,SLICE,SLICE
1,178,0,186,1,8,9,427,35,SLICE,SLICE
1,178,5,195,4,17,21,1742,35,SLICE,SLICE
1,178,1,190,0,12,12,1129,35,SLICE,SLICE
5,170,5,170,0,0,0,127,1,SLICE,SLICE
2,171,2,171,0,0,0,545,1,SLICE,SLICE
0,165,1,165,1,0,1,564,1,SLICE,SLICE
0,172,5,171,5,1,6,537,1,SLICE,SLICE
1,163,1,164,0,1,1,293,1,SLICE,SLICE
1,164,0,164,1,0,1,279,1,SLICE,SLICE
3,170,2,169,1,1,2,311,1,SLICE,SLICE
2,167,1,168,1,1,2,418,1,SLICE,SLICE
2,172,2,175,0,3,3,707,1,SLICE,SLICE
5,177,5,177,0,0,0,128,1,SLICE,SLICE
10,173,11,173,1,0,1,600,1,SLICE,SLICE
8,171,8,171,0,0,0,138,1,SLICE,SLICE
6,176,7,176,1,0,1,296,1,SLICE,SLICE
9,177,8,176,1,1,2,556,1,SLICE,SLICE
11,169,10,169,1,0,1,358,1,SLICE,SLICE
6,175,8,175,2,0,2,601,1,SLICE,SLICE
9,175,9,177,0,2,2,417,1,SLICE,SLICE
12,175,12,177,0,2,2,702,1,SLICE,SLICE
8,175,8,176,0,1,1,432,1,SLICE,SLICE
9,175,8,176,1,1,2,305,1,SLICE,SLICE
15,174,14,174,1,0,1,453,1,SLICE,SLICE
13,173,12,173,1,0,1,560,1,SLICE,SLICE
12,173,12,175,0,2,2,584,1,SLICE,SLICE
11,168,10,168,1,0,1,363,1,SLICE,SLICE
15,177,14,177,1,0,1,547,1,SLICE,SLICE
17,172,16,172,1,0,1,443,1,SLICE,SLICE
14,175,14,178,0,3,3,822,1,SLICE,SLICE
10,172,10,172,0,0,0,210,1,SLICE,SLICE
13,178,12,178,1,0,1,442,1,SLICE,SLICE
9,164,8,166,1,2,3,472,1,SLICE,SLICE
9,167,9,167,0,0,0,418,1,SLICE,SLICE
15,167,17,168,2,1,3,263,1,SLICE,SLICE
14,166,15,166,1,0,1,446,1,SLICE,SLICE
14,169,14,171,0,2,2,557,1,SLICE,SLICE
17,168,16,168,1,0,1,358,1,SLICE,SLICE
14,171,14,171,0,0,0,427,1,SLICE,SLICE
11,166,10,166,1,0,1,358,1,SLICE,SLICE
15,170,16,173,1,3,4,704,1,SLICE,SLICE
11,164,10,164,1,0,1,279,1,SLICE,SLICE
17,171,16,171,1,0,1,443,1,SLICE,SLICE
9,166,9,164,0,2,2,456,1,SLICE,SLICE
14,161,15,161,1,0,1,446,1,SLICE,SLICE
14,157,14,162,0,5,5,685,1,SLICE,SLICE
12,164,12,164,0,0,0,331,1,SLICE,SLICE
12,163,12,163,0,0,0,210,1,SLICE,SLICE
15,159,14,159,1,0,1,358,1,SLICE,SLICE
10,157,10,161,0,4,4,687,1,SLICE,SLICE
9,163,8,163,1,0,1,472,1,SLICE,SLICE
14,160,14,160,0,0,0,456,1,SLICE,SLICE
14,157,16,160,2,3,5,384,1,SLICE,SLICE
15,161,16,161,1,0,1,423,1,SLICE,SLICE
13,162,12,162,1,0,1,479,1,SLICE,SLICE
13,159,12,159,1,0,1,453,1,SLICE,SLICE
13,159,12,159,1,0,1,358,1,SLICE,SLICE
12,157,12,157,0,0,0,456,1,SLICE,SLICE
12,160,12,161,0,1,1,243,1,SLICE,SLICE
9,157,8,156,1,1,2,467,1,SLICE,SLICE
9,156,10,155,1,1,2,564,1,SLICE,SLICE
13,159,12,160,1,1,2,677,1,SLICE,SLICE
13,161,13,162,0,1,1,546,1,SLICE,SLICE
9,158,10,157,1,1,2,272,1,SLICE,SLICE
7,158,8,158,1,0,1,496,1,SLICE,SLICE
7,162,4,166,3,4,7,563,1,SLICE,SLICE
4,167,6,168,2,1,3,455,1,SLICE,SLICE
5,167,8,152,3,15,18,1214,1,SLICE,SLICE
8,154,9,154,1,0,1,343,1,SLICE,SLICE
9,154,8,154,1,0,1,358,1,SLICE,SLICE
7,170,6,170,1,0,1,472,1,SLICE,SLICE
6,162,6,162,0,0,0,138,1,SLICE,SLICE
6,159,5,159,1,0,1,297,1,SLICE,SLICE
5,154,4,155,1,1,2,405,1,SLICE,SLICE
5,161,6,161,1,0,1,239,1,SLICE,SLICE
5,159,5,162,0,3,3,661,1,SLICE,SLICE
4,155,4,155,0,0,0,306,1,SLICE,SLICE
6,160,6,160,0,0,0,212,1,SLICE,SLICE
6,152,6,151,0,1,1,459,1,SLICE,SLICE
5,161,4,161,1,0,1,448,1,SLICE,SLICE
3,161,4,160,1,1,2,475,1,SLICE,SLICE
4,156,4,160,0,4,4,821,1,SLICE,SLICE
7,155,6,155,1,0,1,479,1,SLICE,SLICE
7,155,7,158,0,3,3,525,1,SLICE,SLICE
5,157,3,158,2,1,3,448,1,SLICE,SLICE
4,148,6,148,2,0,2,416,1,SLICE,SLICE
7,151,6,152,1,1,2,315,1,SLICE,SLICE
7,151,6,151,1,0,1,470,1,SLICE,SLICE
5,146,6,146,1,0,1,646,1,SLICE,SLICE
3,151,6,150,3,1,4,342,1,SLICE,SLICE
5,146,4,146,1,0,1,457,1,SLICE,SLICE
7,146,4,146,3,0,3,406,1,SLICE,SLICE
5,148,5,150,0,2,2,458,1,SLICE,SLICE
7,148,7,148,0,0,0,455,1,SLICE,SLICE
5,149,7,150,2,1,3,406,1,SLICE,SLICE
7,154,2,155,5,1,6,658,1,SLICE,SLICE
2,148,5,152,3,4,7,940,1,SLICE,SLICE
5,147,4,147,1,0,1,553,1,SLICE,SLICE
4,152,5,152,1,0,1,343,1,SLICE,SLICE
1,160,0,160,1,0,1,343,1,SLICE,SLICE
7,154,0,157,7,3,10,593,1,SLICE,SLICE
3,157,0,158,3,1,4,311,1,SLICE,SLICE
3,162,2,164,1,2,3,477,1,SLICE,SLICE
2,162,2,162,0,0,0,138,1,SLICE,SLICE
1,159,0,159,1,0,1,457,1,SLICE,SLICE
0,162,1,161,1,1,2,556,1,SLICE,SLICE
11,276,5,275,6,1,7,680,10,SLICE,SLICE
11,276,3,276,8,0,8,925,10,SLICE,SLICE
11,276,11,275,0,1,1,413,10,SLICE,SLICE
11,276,8,273,3,3,6,499,10,SLICE,SLICE
11,267,11,275,0,8,8,546,10,SLICE,SLICE
11,267,11,277,0,10,10,727,10,SLICE,SLICE
11,267,10,274,1,7,8,616,10,SLICE,SLICE
11,267,4,279,7,12,19,1479,10,SLICE,SLICE
5,274,2,275,3,1,4,764,10,SLICE,SLICE
5,274,3,275,2,1,3,651,10,SLICE,SLICE
5,274,4,274,1,0,1,499,10,SLICE,SLICE
5,274,2,274,3,0,3,585,10,SLICE,SLICE
13,269,15,267,2,2,4,531,10,SLICE,SLICE
13,269,14,266,1,3,4,662,10,SLICE,SLICE
13,269,4,270,9,1,10,1288,10,SLICE,SLICE
13,269,3,268,10,1,11,1478,10,SLICE,SLICE
7,259,15,260,8,1,9,1163,10,SLICE,SLICE
7,259,12,263,5,4,9,1067,10,SLICE,SLICE
7,259,8,261,1,2,3,742,10,SLICE,SLICE
7,259,10,262,3,3,6,641,10,SLICE,SLICE
3,267,4,270,1,3,4,822,10,SLICE,SLICE
3,267,4,268,1,1,2,702,10,SLICE,SLICE
3,267,2,266,1,1,2,496,10,SLICE,SLICE
3,267,2,267,1,0,1,389,10,SLICE,SLICE
18,254,5,254,13,0,13,1281,10,SLICE,SLICE
18,254,4,261,14,7,21,1121,10,SLICE,SLICE
18,254,10,260,8,6,14,1448,10,SLICE,SLICE
18,254,2,255,16,1,17,1317,10,SLICE,SLICE
5,274,4,274,1,0,1,353,10,SLICE,SLICE
5,274,7,270,2,4,6,687,10,SLICE,SLICE
5,274,6,268,1,6,7,817,10,SLICE,SLICE
5,274,4,274,1,0,1,599,10,SLICE,SLICE
5,275,1,275,4,0,4,667,10,SLICE,SLICE
5,275,8,274,3,1,4,947,10,SLICE,SLICE
5,275,6,273,1,2,3,852,10,SLICE,SLICE
5,275,2,277,3,2,5,732,10,SLICE,SLICE
17,268,11,270,6,2,8,920,10,SLICE,SLICE
17,268,11,268,6,0,6,595,10,SLICE,SLICE
17,268,9,270,8,2,10,830,10,SLICE,SLICE
17,268,10,269,7,1,8,456,10,SLICE,SLICE
5,256,10,260,5,4,9,815,10,SLICE,SLICE
5,256,8,258,3,2,5,1071,10,SLICE,SLICE
5,256,6,259,1,3,4,533,10,SLICE,SLICE
5,256,9,261,4,5,9,1072,10,SLICE,SLICE
3,278,8,275,5,3,8,845,10,SLICE,SLICE
3,278,9,275,6,3,9,928,10,SLICE,SLICE
3,278,6,274,3,4,7,887,10,SLICE,SLICE
3,278,6,272,3,6,9,1026,10,SLICE,SLICE
12,267,12,268,0,1,1,475,10,SLICE,SLICE
12,267,7,276,5,9,14,1262,10,SLICE,SLICE
12,267,5,268,7,1,8,647,10,SLICE,SLICE
12,267,11,275,1,8,9,864,10,SLICE,SLICE
15,269,11,272,4,3,7,495,10,SLICE,SLICE
15,269,0,272,15,3,18,1164,10,SLICE,SLICE
15,269,0,274,15,5,20,1398,10,SLICE,SLICE
15,269,2,271,13,2,15,860,10,SLICE,SLICE
17,274,11,277,6,3,9,696,10,SLICE,SLICE
17,274,1,275,16,1,17,1378,10,SLICE,SLICE
17,274,1,277,16,3,19,1179,10,SLICE,SLICE
17,274,8,274,9,0,9,974,10,SLICE,SLICE
17,279,17,279,0,0,0,152,10,SLICE,SLICE
17,279,12,281,5,2,7,391,10,SLICE,SLICE
17,279,2,280,15,1,16,847,10,SLICE,SLICE
17,279,3,280,14,1,15,843,10,SLICE,SLICE
19,279,6,280,13,1,14,899,10,SLICE,SLICE
19,279,8,280,11,1,12,710,10,SLICE,SLICE
19,279,20,279,1,0,1,575,10,SLICE,SLICE
19,279,6,278,13,1,14,910,10,SLICE,SLICE
11,260,10,262,1,2,3,586,10,SLICE,SLICE
11,260,3,259,8,1,9,1339,10,SLICE,SLICE
11,260,6,263,5,3,8,845,10,SLICE,SLICE
11,260,7,256,4,4,8,610,10,SLICE,SLICE
17,262,21,255,4,7,11,839,10,SLICE,SLICE
17,262,3,265,14,3,17,1382,10,SLICE,SLICE
17,262,7,254,10,8,18,1021,10,SLICE,SLICE
17,262,20,263,3,1,4,702,10,SLICE,SLICE
19,265,19,265,0,0,0,478,10,SLICE,SLICE
19,265,21,269,2,4,6,636,10,SLICE,SLICE
19,265,21,268,2,3,5,754,10,SLICE,SLICE
19,265,20,270,1,5,6,769,10,SLICE,SLICE
11,264,7,268,4,4,8,747,10,SLICE,SLICE
11,264,16,261,5,3,8,703,10,SLICE,SLICE
11,264,16,266,5,2,7,1120,10,SLICE,SLICE
11,264,15,263,4,1,5,463,10,SLICE,SLICE
7,253,6,253,1,0,1,463,10,SLICE,SLICE
7,253,6,252,1,1,2,496,10,SLICE,SLICE
7,253,6,251,1,2,3,829,10,SLICE,SLICE
7,253,7,251,0,2,2,662,10,SLICE,SLICE
3,252,4,242,1,10,11,1436,10,SLICE,SLICE
3,252,4,247,1,5,6,619,10,SLICE,SLICE
3,252,2,226,1,26,27,2889,10,SLICE,SLICE
3,252,4,228,1,24,25,2221,10,SLICE,SLICE
5,238,4,226,1,12,13,1193,10,SLICE,SLICE
5,238,2,229,3,9,12,973,10,SLICE,SLICE
5,238,2,224,3,14,17,1326,10,SLICE,SLICE
5,238,2,234,3,4,7,751,10,SLICE,SLICE
22,238,22,233,0,5,5,619,10,SLICE,SLICE
22,238,24,251,2,13,15,1280,10,SLICE,SLICE
22,238,24,249,2,11,13,1396,10,SLICE,SLICE
22,238,22,230,0,8,8,752,10,SLICE,SLICE
18,238,16,235,2,3,5,579,10,SLICE,SLICE
18,238,14,227,4,11,15,1011,10,SLICE,SLICE
18,238,17,243,1,5,6,688,10,SLICE,SLICE
18,238,17,225,1,13,14,833,10,SLICE,SLICE
19,244,23,226,4,18,22,1805,10,SLICE,SLICE
19,244,14,235,5,9,14,917,10,SLICE,SLICE
19,244,18,224,1,20,21,1982,10,SLICE,SLICE
19,244,27,233,8,11,19,1290,10,SLICE,SLICE
1,233,3,233,2,0,2,248,10,SLICE,SLICE
1,233,2,235,1,2,3,693,10,SLICE,SLICE
1,233,4,237,3,4,7,1030,10,SLICE,SLICE
1,233,3,235,2,2,4,528,10,SLICE,SLICE
5,245,1,225,4,20,24,1512,10,SLICE,SLICE
5,245,1,228,4,17,21,1278,10,SLICE,SLICE
5,245,4,245,1,0,1,356,10,SLICE,SLICE
5,245,0,236,5,9,14,964,10,SLICE,SLICE
5,242,5,234,0,8,8,1172,10,SLICE,SLICE
5,242,4,231,1,11,12,1360,10,SLICE,SLICE
5,242,4,219,1,23,24,1725,10,SLICE,SLICE
5,242,4,236,1,6,7,707,10,SLICE,SLICE
13,241,7,244,6,3,9,904,10,SLICE,SLICE
13,241,4,225,9,16,25,1200,10,SLICE,SLICE
13,241,4,227,9,14,23,1082,10,SLICE,SLICE
13,241,2,225,11,16,27,1381,10,SLICE,SLICE
21,238,20,220,1,18,19,2023,10,SLICE,SLICE
21,238,28,223,7,15,22,1443,10,SLICE,SLICE
21,238,21,232,0,6,6,577,10,SLICE,SLICE
21,238,24,224,3,14,17,1573,10,SLICE,SLICE
18,248,20,245,2,3,5,716,10,SLICE,SLICE
18,248,26,240,8,8,16,906,10,SLICE,SLICE
18,248,22,245,4,3,7,679,10,SLICE,SLICE
18,248,22,228,4,20,24,1633,10,SLICE,SLICE
21,240,17,245,4,5,9,913,10,SLICE,SLICE
21,240,16,232,5,8,13,946,10,SLICE,SLICE
21,240,16,246,5,6,11,811,10,SLICE,SLICE
21,240,16,237,5,3,8,653,10,SLICE,SLICE
21,233,28,240,7,7,14,1401,10,SLICE,SLICE
21,233,31,241,10,8,18,1400,10,SLICE,SLICE
21,233,24,223,3,10,13,1357,10,SLICE,SLICE
21,233,27,237,6,4,10,782,10,SLICE,SLICE
17,241,17,236,0,5,5,494,10,SLICE,SLICE
17,241,27,230,10,11,21,1548,10,SLICE,SLICE
17,241,17,237,0,4,4,378,10,SLICE,SLICE
17,241,24,232,7,9,16,1201,10,SLICE,SLICE
7,232,5,226,2,6,8,541,10,SLICE,SLICE
7,232,4,227,3,5,8,603,10,SLICE,SLICE
7,232,7,241,0,9,9,890,10,SLICE,SLICE
7,232,7,238,0,6,6,816,10,SLICE,SLICE
1,232,3,231,2,1,3,598,10,SLICE,SLICE
1,232,4,237,3,5,8,939,10,SLICE,SLICE
1,232,5,237,4,5,9,817,10,SLICE,SLICE
1,232,4,238,3,6,9,1047,10,SLICE,SLICE
1,231,0,245,1,14,15,1060,10,SLICE,SLICE
1,231,0,243,1,12,13,1086,10,SLICE,SLICE
1,231,0,222,1,9,10,1083,10,SLICE,SLICE
1,231,1,231,0,0,0,477,10,SLICE,SLICE
3,238,1,239,2,1,3,322,10,SLICE,SLICE
3,238,2,223,1,15,16,1353,10,SLICE,SLICE
3,238,3,223,0,15,15,1365,10,SLICE,SLICE
3,238,3,239,0,1,1,464,10,SLICE,SLICE
7,248,4,225,3,23,26,1675,10,SLICE,SLICE
7,248,5,243,2,5,7,959,10,SLICE,SLICE
7,248,5,227,2,21,23,1511,10,SLICE,SLICE
7,248,6,246,1,2,3,427,10,SLICE,SLICE
23,249,16,235,7,14,21,1003,10,SLICE,SLICE
23,249,23,250,0,1,1,436,10,SLICE,SLICE
23,249,16,236,7,13,20,1049,10,SLICE,SLICE
23,249,22,240,1,9,10,755,10,SLICE,SLICE
21,247,22,231,1,16,17,1947,10,SLICE,SLICE
21,247,22,245,1,2,3,689,10,SLICE,SLICE
21,247,22,248,1,1,2,491,10,SLICE,SLICE
21,247,21,233,0,14,14,1487,10,SLICE,SLICE
14,243,17,245,3,2,5,429,10,SLICE,SLICE
14,243,14,235,0,8,8,930,10,SLICE,SLICE
14,243,16,229,2,14,16,1340,10,SLICE,SLICE
14,243,16,240,2,3,5,706,10,SLICE,SLICE
21,242,23,239,2,3,5,687,10,SLICE,SLICE
21,242,23,226,2,16,18,1990,10,SLICE,SLICE
21,242,20,242,1,0,1,390,10,SLICE,SLICE
21,242,25,235,4,7,11,1049,10,SLICE,SLICE
19,235,20,235,1,0,1,360,10,SLICE,SLICE
19,235,22,224,3,11,14,937,10,SLICE,SLICE
19,235,22,236,3,1,4,506,10,SLICE,SLICE
19,235,22,235,3,0,3,583,10,SLICE,SLICE
7,240,4,228,3,12,15,1208,10,SLICE,SLICE
7,240,4,227,3,13,16,1433,10,SLICE,SLICE
7,240,7,238,0,2,2,570,10,SLICE,SLICE
7,240,7,230,0,10,10,1088,10,SLICE,SLICE
1,235,2,223,1,12,13,1335,10,SLICE,SLICE
1,235,1,231,0,4,4,802,10,SLICE,SLICE
1,235,2,237,1,2,3,393,10,SLICE,SLICE
1,235,2,238,1,3,4,504,10,SLICE,SLICE
3,246,2,249,1,3,4,693,10,SLICE,SLICE
3,246,5,221,2,25,27,1650,10,SLICE,SLICE
3,246,2,252,1,6,7,931,10,SLICE,SLICE
3,246,3,252,0,6,6,925,10,SLICE,SLICE
16,280,20,277,4,3,7,795,10,SLICE,SLICE
16,280,14,280,2,0,2,265,10,SLICE,SLICE
16,280,9,279,7,1,8,711,10,SLICE,SLICE
16,280,19,277,3,3,6,701,10,SLICE,SLICE
13,253,7,250,6,3,9,807,10,SLICE,SLICE
13,253,17,257,4,4,8,923,10,SLICE,SLICE
13,253,10,252,3,1,4,853,10,SLICE,SLICE
13,253,16,255,3,2,5,729,10,SLICE,SLICE
3,255,3,265,0,10,10,988,10,SLICE,SLICE
3,255,4,254,1,1,2,291,10,SLICE,SLICE
3,255,4,263,1,8,9,771,10,SLICE,SLICE
3,255,7,256,4,1,5,371,10,SLICE,SLICE
7,273,7,276,0,3,3,715,10,SLICE,SLICE
7,273,7,279,0,6,6,775,10,SLICE,SLICE
7,273,10,273,3,0,3,394,10,SLICE,SLICE
7,273,3,277,4,4,8,610,10,SLICE,SLICE
14,137,16,134,2,3,5,710,1,SLICE,SLICE
14,144,15,144,1,0,1,407,1,SLICE,SLICE
14,142,12,143,2,1,3,665,1,SLICE,SLICE
16,141,16,141,0,0,0,467,1,SLICE,SLICE
17,144,15,137,2,7,9,689,1,SLICE,SLICE
15,137,14,137,1,0,1,358,1,SLICE,SLICE
19,163,18,163,1,0,1,470,1,SLICE,SLICE
14,144,12,140,2,4,6,851,1,SLICE,SLICE
17,145,16,145,1,0,1,470,1,SLICE,SLICE
15,143,14,143,1,0,1,443,1,SLICE,SLICE
15,136,14,136,1,0,1,558,1,SLICE,SLICE
15,137,14,137,1,0,1,460,1,SLICE,SLICE
17,138,12,138,5,0,5,530,1,SLICE,SLICE
15,147,16,146,1,1,2,330,1,SLICE,SLICE
13,137,12,137,1,0,1,453,1,SLICE,SLICE
14,137,12,136,2,1,3,583,1,SLICE,SLICE
13,139,12,139,1,0,1,442,1,SLICE,SLICE
13,139,12,139,1,0,1,559,1,SLICE,SLICE
13,137,12,135,1,2,3,323,1,SLICE,SLICE
13,137,12,137,1,0,1,443,1,SLICE,SLICE
12,147,13,150,1,3,4,675,1,SLICE,SLICE
14,146,11,144,3,2,5,629,1,SLICE,SLICE
13,149,12,149,1,0,1,278,1,SLICE,SLICE
16,139,16,139,0,0,0,459,1,SLICE,SLICE
15,147,14,147,1,0,1,443,1,SLICE,SLICE
17,157,16,157,1,0,1,453,1,SLICE,SLICE
12,146,10,145,2,1,3,674,1,SLICE,SLICE
10,144,10,144,0,0,0,319,1,SLICE,SLICE
11,144,10,143,1,1,2,464,1,SLICE,SLICE
13,147,10,143,3,4,7,557,1,SLICE,SLICE
13,149,12,147,1,2,3,567,1,SLICE,SLICE
15,153,14,153,1,0,1,453,1,SLICE,SLICE
15,153,12,153,3,0,3,323,1,SLICE,SLICE
12,151,14,153,2,2,4,530,1,SLICE,SLICE
17,167,16,167,1,0,1,278,1,SLICE,SLICE
15,175,16,176,1,1,2,491,1,SLICE,SLICE
15,155,14,155,1,0,1,472,1,SLICE,SLICE
13,154,12,154,1,0,1,472,1,SLICE,SLICE
10,148,10,148,0,0,0,331,1,SLICE,SLICE
15,153,13,155,2,2,4,661,1,SLICE,SLICE
13,151,11,150,2,1,3,797,1,SLICE,SLICE
18,194,18,194,0,0,0,467,1,SLICE,SLICE
17,180,19,177,2,3,5,555,1,SLICE,SLICE
19,174,19,173,0,1,1,544,1,SLICE,SLICE
18,175,19,174,1,1,2,449,1,SLICE,SLICE
18,200,18,200,0,0,0,138,1,SLICE,SLICE
19,204,18,204,1,0,1,358,1,SLICE,SLICE
19,204,18,204,1,0,1,443,1,SLICE,SLICE
18,184,18,184,0,0,0,456,1,SLICE,SLICE
19,196,18,196,1,0,1,472,1,SLICE,SLICE
19,196,18,198,1,2,3,593,1,SLICE,SLICE
22,207,19,208,3,1,4,368,1,SLICE,SLICE
19,189,19,189,0,0,0,423,1,SLICE,SLICE
19,190,19,189,0,1,1,557,1,SLICE,SLICE
16,178,17,178,1,0,1,585,1,SLICE,SLICE
18,173,18,174,0,1,1,311,1,SLICE,SLICE
22,204,21,204,1,0,1,237,1,SLICE,SLICE
18,187,16,180,2,7,9,712,1,SLICE,SLICE
16,178,16,178,0,0,0,456,1,SLICE,SLICE
19,196,19,197,0,1,1,546,1,SLICE,SLICE
18,207,19,204,1,3,4,404,1,SLICE,SLICE
19,211,19,213,0,2,2,704,1,SLICE,SLICE
27,212,29,209,2,3,5,778,1,SLICE,SLICE
29,212,28,211,1,1,2,446,1,SLICE,SLICE
31,209,30,209,1,0,1,448,1,SLICE,SLICE
30,210,28,209,2,1,3,259,1,SLICE,SLICE
30,210,29,210,1,0,1,548,1,SLICE,SLICE
29,211,30,211,1,0,1,660,1,SLICE,SLICE
28,211,22,211,6,0,6,774,1,SLICE,SLICE
30,209,28,211,2,2,4,559,1,SLICE,SLICE
33,213,30,214,3,1,4,455,1,SLICE,SLICE
31,212,33,213,2,1,3,413,1,SLICE,SLICE
16,214,19,211,3,3,6,349,1,SLICE,SLICE
21,209,20,209,1,0,1,570,1,SLICE,SLICE
25,216,25,211,0,5,5,721,1,SLICE,SLICE
30,212,30,212,0,0,0,460,1,SLICE,SLICE
29,214,24,216,5,2,7,686,1,SLICE,SLICE
24,215,22,212,2,3,5,626,1,SLICE,SLICE
25,215,24,214,1,1,2,561,1,SLICE,SLICE
21,210,20,210,1,0,1,472,1,SLICE,SLICE
23,212,22,211,1,1,2,241,1,SLICE,SLICE
23,212,20,211,3,1,4,566,1,SLICE,SLICE
19,170,19,169,0,1,1,549,1,SLICE,SLICE
18,195,18,195,0,0,0,138,1,SLICE,SLICE
16,157,16,157,0,0,0,456,1,SLICE,SLICE
25,203,25,205,0,2,2,513,1,SLICE,SLICE
25,204,25,205,0,1,1,546,1,SLICE,SLICE
22,208,24,207,2,1,3,582,1,SLICE,SLICE
22,209,22,209,0,0,0,456,1,SLICE,SLICE
23,209,22,209,1,0,1,356,1,SLICE,SLICE
17,166,16,166,1,0,1,472,1,SLICE,SLICE
27,207,25,208,2,1,3,566,1,SLICE,SLICE
20,208,22,207,2,1,3,337,1,SLICE,SLICE
17,139,14,138,3,1,4,489,1,SLICE,SLICE
16,148,16,148,0,0,0,210,1,SLICE,SLICE
17,140,16,136,1,4,5,360,1,SLICE,SLICE
18,164,19,164,1,0,1,336,1,SLICE,SLICE
17,170,16,170,1,0,1,470,1,SLICE,SLICE
19,167,19,168,0,1,1,454,2,SLICE,SLICE
19,167,19,168,0,1,1,456,2,SLICE,SLICE
15,144,14,144,1,0,1,278,1,SLICE,SLICE
19,159,19,160,0,1,1,561,1,SLICE,SLICE
17,144,16,144,1,0,1,358,1,SLICE,SLICE
7,252,6,249,1,3,4,1089,10,SLICE,SLICE
7,252,7,247,0,5,5,916,10,SLICE,SLICE
7,252,4,250,3,2,5,676,10,SLICE,SLICE
7,252,5,251,2,1,3,397,10,SLICE,SLICE
28,205,29,205,1,0,1,444,1,SLICE,SLICE
22,196,22,196,0,0,0,456,1,SLICE,SLICE
28,206,29,206,1,0,1,450,1,SLICE,SLICE
23,204,24,204,1,0,1,599,1,SLICE,SLICE
28,203,28,203,0,0,0,458,1,SLICE,SLICE
36,205,35,205,1,0,1,461,1,SLICE,SLICE
21,165,20,165,1,0,1,479,1,SLICE,SLICE
33,203,24,204,9,1,10,861,1,SLICE,SLICE
21,198,21,198,0,0,0,131,1,SLICE,SLICE
20,190,16,192,4,2,6,803,1,SLICE,SLICE
19,173,19,173,0,0,0,455,1,SLICE,SLICE
19,175,18,175,1,0,1,358,1,SLICE,SLICE
20,177,21,177,1,0,1,342,1,SLICE,SLICE
22,177,22,177,0,0,0,142,1,SLICE,SLICE
20,183,22,182,2,1,3,328,1,SLICE,SLICE
21,175,20,175,1,0,1,474,1,SLICE,SLICE
17,169,18,167,1,2,3,563,1,SLICE,SLICE
19,166,18,170,1,4,5,682,1,SLICE,SLICE
19,176,17,178,2,2,4,671,1,SLICE,SLICE
21,174,20,174,1,0,1,470,1,SLICE,SLICE
18,181,18,179,0,2,2,475,1,SLICE,SLICE
21,174,20,174,1,0,1,547,1,SLICE,SLICE
21,175,20,175,1,0,1,358,1,SLICE,SLICE
20,175,20,177,0,2,2,474,1,SLICE,SLICE
19,183,20,184,1,1,2,554,1,SLICE,SLICE
19,178,18,178,1,0,1,442,1,SLICE,SLICE
19,165,18,164,1,1,2,556,1,SLICE,SLICE
20,168,20,168,0,0,0,138,1,SLICE,SLICE
20,182,23,186,3,4,7,688,1,SLICE,SLICE
23,189,19,187,4,2,6,824,1,SLICE,SLICE
21,187,20,187,1,0,1,470,1,SLICE,SLICE
37,183,36,183,1,0,1,448,1,SLICE,SLICE
22,180,23,180,1,0,1,343,1,SLICE,SLICE
22,188,22,188,0,0,0,456,1,SLICE,SLICE
23,181,22,181,1,0,1,453,1,SLICE,SLICE
37,183,36,183,1,0,1,343,1,SLICE,SLICE
21,180,20,180,1,0,1,279,1,SLICE,SLICE
21,180,22,185,1,5,6,755,1,SLICE,SLICE
23,181,22,180,1,1,2,578,1,SLICE,SLICE
23,188,22,187,1,1,2,542,1,SLICE,SLICE
23,192,20,192,3,0,3,430,1,SLICE,SLICE
36,189,37,189,1,0,1,407,1,SLICE,SLICE
37,188,37,188,0,0,0,455,1,SLICE,SLICE
35,200,37,195,2,5,7,736,1,SLICE,SLICE
33,200,32,200,1,0,1,457,1,SLICE,SLICE
23,190,22,190,1,0,1,547,1,SLICE,SLICE
21,194,22,193,1,1,2,464,1,SLICE,SLICE
37,195,34,200,3,5,8,850,1,SLICE,SLICE
37,195,36,195,1,0,1,461,1,SLICE,SLICE
41,188,40,188,1,0,1,560,1,SLICE,SLICE
37,196,36,196,1,0,1,448,1,SLICE,SLICE
30,201,30,201,0,0,0,456,1,SLICE,SLICE
41,188,41,188,0,0,0,305,1,SLICE,SLICE
41,190,41,189,0,1,1,556,1,SLICE,SLICE
41,186,40,186,1,0,1,345,1,SLICE,SLICE
43,195,42,195,1,0,1,463,1,SLICE,SLICE
41,187,40,187,1,0,1,345,1,SLICE,SLICE
41,184,40,184,1,0,1,345,1,SLICE,SLICE
40,190,38,189,2,1,3,583,1,SLICE,SLICE
42,190,42,190,0,0,0,212,1,SLICE,SLICE
39,194,38,194,1,0,1,559,1,SLICE,SLICE
41,186,39,184,2,2,4,684,1,SLICE,SLICE
43,198,43,198,0,0,0,128,1,SLICE,SLICE
43,198,42,198,1,0,1,358,1,SLICE,SLICE
42,193,42,193,0,0,0,212,1,SLICE,SLICE
42,193,42,193,0,0,0,247,1,SLICE,SLICE
40,195,40,198,0,3,3,573,2,SLICE,SLICE
40,195,40,195,0,0,0,469,2,SLICE,SLICE
41,184,40,184,1,0,1,447,1,SLICE,SLICE
40,205,41,205,1,0,1,450,1,SLICE,SLICE
38,199,38,199,0,0,0,456,1,SLICE,SLICE
43,201,41,202,2,1,3,574,1,SLICE,SLICE
39,197,39,198,0,1,1,436,1,SLICE,SLICE
36,206,39,205,3,1,4,459,1,SLICE,SLICE
42,189,42,189,0,0,0,456,1,SLICE,SLICE
42,201,42,201,0,0,0,456,1,SLICE,SLICE
39,199,38,199,1,0,1,442,1,SLICE,SLICE
39,197,38,197,1,0,1,358,1,SLICE,SLICE
39,200,38,200,1,0,1,479,1,SLICE,SLICE
43,197,38,198,5,1,6,358,1,SLICE,SLICE
43,205,42,205,1,0,1,363,1,SLICE,SLICE
37,203,38,205,1,2,3,360,1,SLICE,SLICE
39,199,38,199,1,0,1,363,1,SLICE,SLICE
42,203,38,201,4,2,6,688,1,SLICE,SLICE
36,187,36,195,0,8,8,840,1,SLICE,SLICE
31,202,30,202,1,0,1,548,1,SLICE,SLICE
37,188,36,188,1,0,1,448,1,SLICE,SLICE
40,196,38,196,2,0,2,415,1,SLICE,SLICE
37,185,36,185,1,0,1,451,1,SLICE,SLICE
36,202,34,201,2,1,3,539,1,SLICE,SLICE
31,201,30,201,1,0,1,444,1,SLICE,SLICE
41,185,38,186,3,1,4,433,1,SLICE,SLICE
41,184,40,184,1,0,1,457,1,SLICE,SLICE
39,185,38,185,1,0,1,358,1,SLICE,SLICE
31,204,31,204,0,0,0,307,1,SLICE,SLICE
23,183,22,183,1,0,1,443,1,SLICE,SLICE
27,203,29,204,2,1,3,567,1,SLICE,SLICE
37,204,32,204,5,0,5,563,1,SLICE,SLICE
31,205,34,203,3,2,5,387,1,SLICE,SLICE
25,203,24,201,1,2,3,569,1,SLICE,SLICE
26,203,26,203,0,0,0,212,2,SLICE,SLICE
26,203,26,202,0,1,1,422,2,SLICE,SLICE
34,204,34,204,0,0,0,201,1,SLICE,SLICE
25,201,24,201,1,0,1,448,1,SLICE,SLICE
30,205,30,204,0,1,1,414,1,SLICE,SLICE
23,148,23,148,0,0,0,193,1,SLICE,SLICE
20,153,23,153,3,0,3,556,1,SLICE,SLICE
38,164,39,164,1,0,1,405,1,SLICE,SLICE
20,157,20,157,0,0,0,467,1,SLICE,SLICE
37,168,39,165,2,3,5,531,1,SLICE,SLICE
20,153,22,153,2,0,2,565,1,SLICE,SLICE
23,155,23,156,0,1,1,402,1,SLICE,SLICE
22,152,23,154,1,2,3,521,1,SLICE,SLICE
23,149,22,150,1,1,2,330,1,SLICE,SLICE
22,153,22,153,0,0,0,456,1,SLICE,SLICE
20,155,20,155,0,0,0,331,1,SLICE,SLICE
20,152,20,152,0,0,0,142,1,SLICE,SLICE
23,145,22,145,1,0,1,453,1,SLICE,SLICE
23,140,22,140,1,0,1,560,1,SLICE,SLICE
22,136,23,135,1,1,2,559,2,SLICE,SLICE
22,136,22,136,0,0,0,467,2,SLICE,SLICE
20,145,23,144,3,1,4,572,1,SLICE,SLICE
22,146,22,147,0,1,1,459,1,SLICE,SLICE
43,160,42,160,1,0,1,363,1,SLICE,SLICE
23,145,22,145,1,0,1,474,1,SLICE,SLICE
21,142,21,148,0,6,6,716,1,SLICE,SLICE
16,145,19,143,3,2,5,337,1,SLICE,SLICE
17,143,19,140,2,3,5,413,1,SLICE,SLICE
19,140,19,140,0,0,0,302,1,SLICE,SLICE
37,150,40,160,3,10,13,853,1,SLICE,SLICE
18,143,18,145,0,2,2,430,1,SLICE,SLICE
19,137,18,139,1,2,3,477,1,SLICE,SLICE
19,136,18,136,1,0,1,443,1,SLICE,SLICE
20,137,20,142,0,5,5,530,1,SLICE,SLICE
21,137,18,139,3,2,5,584,1,SLICE,SLICE
19,138,18,138,1,0,1,358,1,SLICE,SLICE
19,139,18,141,1,2,3,557,1,SLICE,SLICE
23,140,22,140,1,0,1,443,1,SLICE,SLICE
20,154,20,154,0,0,0,212,1,SLICE,SLICE
19,147,19,147,0,0,0,193,1,SLICE,SLICE
17,161,18,158,1,3,4,692,1,SLICE,SLICE
16,151,18,156,2,5,7,644,1,SLICE,SLICE
19,144,18,144,1,0,1,474,1,SLICE,SLICE
21,151,20,151,1,0,1,356,1,SLICE,SLICE
19,142,19,152,0,10,10,768,1,SLICE,SLICE
19,145,17,147,2,2,4,680,1,SLICE,SLICE
38,159,39,159,1,0,1,336,1,SLICE,SLICE
39,160,39,160,0,0,0,302,1,SLICE,SLICE
37,166,38,164,1,2,3,364,1,SLICE,SLICE
36,166,39,179,3,13,16,1096,1,SLICE,SLICE
36,174,36,166,0,8,8,728,1,SLICE,SLICE
36,153,36,151,0,2,2,428,2,SLICE,SLICE
36,153,36,153,0,0,0,145,2,SLICE,SLICE
39,160,38,162,1,2,3,411,1,SLICE,SLICE
38,160,36,145,2,15,17,1056,1,SLICE,SLICE
23,154,22,156,1,2,3,585,1,SLICE,SLICE
37,145,36,139,1,6,7,793,1,SLICE,SLICE
36,146,23,146,13,0,13,635,1,SLICE,SLICE
37,163,36,163,1,0,1,343,1,SLICE,SLICE
37,171,39,170,2,1,3,562,1,SLICE,SLICE
39,167,38,167,1,0,1,443,1,SLICE,SLICE
38,176,38,176,0,0,0,456,1,SLICE,SLICE
40,165,36,165,4,0,4,560,1,SLICE,SLICE
36,171,36,171,0,0,0,202,1,SLICE,SLICE
36,163,40,173,4,10,14,856,1,SLICE,SLICE
39,162,38,162,1,0,1,470,1,SLICE,SLICE
37,167,36,167,1,0,1,457,1,SLICE,SLICE
37,172,36,179,1,7,8,587,1,SLICE,SLICE
40,168,40,168,0,0,0,308,1,SLICE,SLICE
44,166,45,166,1,0,1,562,1,SLICE,SLICE
43,162,42,162,1,0,1,463,1,SLICE,SLICE
42,169,42,173,0,4,4,694,1,SLICE,SLICE
43,169,42,169,1,0,1,570,1,SLICE,SLICE
44,171,42,171,2,0,2,602,1,SLICE,SLICE
43,166,42,164,1,2,3,559,1,SLICE,SLICE
45,173,45,173,0,0,0,461,1,SLICE,SLICE
43,168,42,168,1,0,1,358,1,SLICE,SLICE
43,164,42,164,1,0,1,559,1,SLICE,SLICE
47,176,44,174,3,2,5,382,1,SLICE,SLICE
47,181,46,178,1,3,4,744,1,SLICE,SLICE
40,180,42,174,2,6,8,662,1,SLICE,SLICE
43,179,44,179,1,0,1,407,1,SLICE,SLICE
43,175,42,175,1,0,1,443,1,SLICE,SLICE
45,178,44,178,1,0,1,355,2,SLICE,SLICE
45,178,45,180,0,2,2,578,2,SLICE,SLICE
42,183,42,183,0,0,0,456,1,SLICE,SLICE
46,181,44,181,2,0,2,416,1,SLICE,SLICE
45,176,44,176,1,0,1,448,1,SLICE,SLICE
47,181,47,184,0,3,3,343,1,SLICE,SLICE
45,179,43,183,2,4,6,388,1,SLICE,SLICE
37,183,39,182,2,1,3,433,1,SLICE,SLICE
47,170,42,169,5,1,6,669,1,SLICE,SLICE
43,174,42,174,1,0,1,560,1,SLICE,SLICE
38,180,38,180,0,0,0,547,1,SLICE,SLICE
39,183,39,183,0,0,0,455,1,SLICE,SLICE
38,181,38,181,0,0,0,212,1,SLICE,SLICE
43,183,38,183,5,0,5,431,1,SLICE,SLICE
39,180,38,181,1,1,2,456,1,SLICE,SLICE
41,178,38,179,3,1,4,431,1,SLICE,SLICE
43,166,42,167,1,1,2,305,1,SLICE,SLICE
43,166,42,166,1,0,1,470,1,SLICE,SLICE
40,171,41,171,1,0,1,562,1,SLICE,SLICE
23,164,23,164,0,0,0,456,1,SLICE,SLICE
36,163,37,163,1,0,1,564,1,SLICE,SLICE
37,172,38,172,1,0,1,315,1,SLICE,SLICE
37,173,40,171,3,2,5,670,1,SLICE,SLICE
21,157,23,158,2,1,3,302,1,SLICE,SLICE
22,152,20,158,2,6,8,512,1,SLICE,SLICE
23,152,21,154,2,2,4,684,1,SLICE,SLICE
39,159,38,159,1,0,1,472,1,SLICE,SLICE
39,170,38,170,1,0,1,602,1,SLICE,SLICE
11,246,10,247,1,1,2,673,10,SLICE,SLICE
11,246,12,247,1,1,2,592,10,SLICE,SLICE
11,246,12,249,1,3,4,713,10,SLICE,SLICE
11,246,10,248,1,2,3,790,10,SLICE,SLICE
18,227,19,227,1,0,1,470,10,SLICE,SLICE
18,227,14,228,4,1,5,715,10,SLICE,SLICE
18,227,14,230,4,3,7,828,10,SLICE,SLICE
18,227,19,226,1,1,2,432,10,SLICE,SLICE
21,262,20,263,1,1,2,552,10,SLICE,SLICE
21,262,20,267,1,5,6,1019,10,SLICE,SLICE
21,262,20,262,1,0,1,485,10,SLICE,SLICE
21,262,22,275,1,13,14,1805,10,SLICE,SLICE
11,242,8,230,3,12,15,868,10,SLICE,SLICE
11,242,10,229,1,13,14,1109,10,SLICE,SLICE
11,242,11,229,0,13,13,996,10,SLICE,SLICE
11,242,10,230,1,12,13,906,10,SLICE,SLICE
13,233,8,237,5,4,9,935,10,SLICE,SLICE
13,233,11,234,2,1,3,631,10,SLICE,SLICE
13,233,12,235,1,2,3,419,10,SLICE,SLICE
13,233,6,235,7,2,9,1293,10,SLICE,SLICE
23,262,25,279,2,17,19,1433,10,SLICE,SLICE
23,262,23,259,0,3,3,734,10,SLICE,SLICE
23,262,22,260,1,2,3,542,10,SLICE,SLICE
23,262,24,273,1,11,12,1363,10,SLICE,SLICE
27,241,27,254,0,13,13,1552,10,SLICE,SLICE
27,241,29,253,2,12,14,1422,10,SLICE,SLICE
27,241,26,249,1,8,9,909,10,SLICE,SLICE
27,241,28,251,1,10,11,1165,10,SLICE,SLICE
11,222,18,231,7,9,16,1253,10,SLICE,SLICE
11,222,18,229,7,7,14,1063,10,SLICE,SLICE
11,222,14,230,3,8,11,875,10,SLICE,SLICE
11,222,16,231,5,9,14,1022,10,SLICE,SLICE
10,229,8,227,2,2,4,970,10,SLICE,SLICE
10,229,6,228,4,1,5,996,10,SLICE,SLICE
10,229,9,227,1,2,3,643,10,SLICE,SLICE
10,229,10,227,0,2,2,606,10,SLICE,SLICE
17,254,12,236,5,18,23,1535,10,SLICE,SLICE
17,254,16,270,1,16,17,1619,10,SLICE,SLICE
17,254,16,263,1,9,10,757,10,SLICE,SLICE
17,254,10,236,7,18,25,1505,10,SLICE,SLICE
18,227,12,228,6,1,7,715,10,SLICE,SLICE
18,227,17,231,1,4,5,1134,10,SLICE,SLICE
18,227,18,228,0,1,1,578,10,SLICE,SLICE
18,227,14,230,4,3,7,688,10,SLICE,SLICE
17,224,16,252,1,28,29,1306,10,SLICE,SLICE
17,224,10,224,7,0,7,776,10,SLICE,SLICE
17,224,16,255,1,31,32,1552,10,SLICE,SLICE
17,224,11,224,6,0,6,456,10,SLICE,SLICE
29,244,26,246,3,2,5,832,10,SLICE,SLICE
29,244,28,244,1,0,1,491,10,SLICE,SLICE
29,244,29,249,0,5,5,1178,10,SLICE,SLICE
29,244,27,247,2,3,5,934,10,SLICE,SLICE
23,270,20,265,3,5,8,915,10,SLICE,SLICE
23,270,22,270,1,0,1,377,10,SLICE,SLICE
23,270,23,271,0,1,1,562,10,SLICE,SLICE
23,270,23,267,0,3,3,431,10,SLICE,SLICE
22,261,10,244,12,17,29,1274,10,SLICE,SLICE
22,261,8,245,14,16,30,1101,10,SLICE,SLICE
22,261,10,243,12,18,30,1425,10,SLICE,SLICE
22,261,10,244,12,17,29,1276,10,SLICE,SLICE
10,219,14,225,4,6,10,1311,10,SLICE,SLICE
10,219,8,217,2,2,4,807,10,SLICE,SLICE
10,219,14,224,4,5,9,1787,10,SLICE,SLICE
10,219,6,218,4,1,5,824,10,SLICE,SLICE
22,267,10,240,12,27,39,1734,10,SLICE,SLICE
22,267,11,240,11,27,38,1533,10,SLICE,SLICE
22,267,20,265,2,2,4,621,10,SLICE,SLICE
22,267,12,240,10,27,37,1317,10,SLICE,SLICE
15,231,20,264,5,33,38,1657,10,SLICE,SLICE
15,231,20,230,5,1,6,728,10,SLICE,SLICE
15,231,14,231,1,0,1,380,10,SLICE,SLICE
15,231,20,268,5,37,42,1783,10,SLICE,SLICE
11,225,8,222,3,3,6,716,10,SLICE,SLICE
11,225,7,222,4,3,7,751,10,SLICE,SLICE
11,225,6,221,5,4,9,974,10,SLICE,SLICE
11,225,8,221,3,4,7,824,10,SLICE,SLICE
17,252,10,248,7,4,11,1385,10,SLICE,SLICE
17,252,18,261,1,9,10,872,10,SLICE,SLICE
17,252,17,249,0,3,3,529,10,SLICE,SLICE
17,252,16,268,1,16,17,984,10,SLICE,SLICE
19,228,15,229,4,1,5,589,10,SLICE,SLICE
19,228,9,230,10,2,12,1100,10,SLICE,SLICE
19,228,18,229,1,1,2,501,10,SLICE,SLICE
19,228,16,230,3,2,5,603,10,SLICE,SLICE
11,225,6,226,5,1,6,628,10,SLICE,SLICE
11,225,10,225,1,0,1,502,10,SLICE,SLICE
11,225,10,225,1,0,1,474,10,SLICE,SLICE
11,225,8,226,3,1,4,563,10,SLICE,SLICE
13,247,12,244,1,3,4,486,10,SLICE,SLICE
13,247,13,246,0,1,1,465,10,SLICE,SLICE
13,247,12,245,1,2,3,691,10,SLICE,SLICE
13,247,14,226,1,21,22,1887,10,SLICE,SLICE
16,253,12,253,4,0,4,460,10,SLICE,SLICE
16,253,14,252,2,1,3,304,10,SLICE,SLICE
16,253,14,252,2,1,3,488,10,SLICE,SLICE
16,253,13,253,3,0,3,589,10,SLICE,SLICE
13,227,10,240,3,13,16,1261,10,SLICE,SLICE
13,227,12,240,1,13,14,1485,10,SLICE,SLICE
13,227,13,241,0,14,14,1596,10,SLICE,SLICE
13,227,13,243,0,16,16,1711,10,SLICE,SLICE
9,229,10,229,1,0,1,448,10,SLICE,SLICE
9,229,11,229,2,0,2,574,10,SLICE,SLICE
9,229,8,228,1,1,2,588,10,SLICE,SLICE
9,229,6,230,3,1,4,703,10,SLICE,SLICE
50,141,51,140,1,1,2,556,1,SLICE,SLICE
52,136,50,139,2,3,5,702,1,SLICE,SLICE
54,142,52,142,2,0,2,329,1,SLICE,SLICE
51,141,50,140,1,1,2,467,1,SLICE,SLICE
55,143,54,143,1,0,1,460,1,SLICE,SLICE
52,147,53,147,1,0,1,343,1,SLICE,SLICE
51,150,50,149,1,1,2,595,1,SLICE,SLICE
52,135,52,135,0,0,0,135,1,SLICE,SLICE
51,150,49,151,2,1,3,577,1,SLICE,SLICE
47,140,49,140,2,0,2,558,1,SLICE,SLICE
50,153,50,154,0,1,1,246,1,SLICE,SLICE
50,153,50,153,0,0,0,429,1,SLICE,SLICE
52,146,52,149,0,3,3,575,1,SLICE,SLICE
51,149,49,148,2,1,3,388,1,SLICE,SLICE
51,149,50,149,1,0,1,453,1,SLICE,SLICE
49,159,48,159,1,0,1,566,1,SLICE,SLICE
49,156,48,156,1,0,1,458,1,SLICE,SLICE
49,158,49,158,0,0,0,131,1,SLICE,SLICE
49,157,48,157,1,0,1,457,1,SLICE,SLICE
53,152,48,153,5,1,6,593,1,SLICE,SLICE
53,160,51,157,2,3,5,470,1,SLICE,SLICE
47,156,48,156,1,0,1,551,1,SLICE,SLICE
50,158,50,158,0,0,0,327,1,SLICE,SLICE
53,154,52,154,1,0,1,358,1,SLICE,SLICE
51,155,48,157,3,2,5,709,1,SLICE,SLICE
51,152,50,152,1,0,1,474,1,SLICE,SLICE
51,159,48,159,3,0,3,703,1,SLICE,SLICE
52,148,48,147,4,1,5,403,1,SLICE,SLICE
47,164,47,164,0,0,0,193,1,SLICE,SLICE
49,162,49,161,0,1,1,551,1,SLICE,SLICE
52,159,52,159,0,0,0,138,1,SLICE,SLICE
55,149,54,149,1,0,1,443,1,SLICE,SLICE
50,142,48,142,2,0,2,683,1,SLICE,SLICE
48,150,46,159,2,9,11,1070,1,SLICE,SLICE
50,148,50,149,0,1,1,315,1,SLICE,SLICE
49,149,48,149,1,0,1,447,1,SLICE,SLICE
50,144,50,144,0,0,0,319,1,SLICE,SLICE
49,154,48,154,1,0,1,444,1,SLICE,SLICE
54,145,54,145,0,0,0,210,1,SLICE,SLICE
47,154,46,154,1,0,1,558,1,SLICE,SLICE
48,145,48,145,0,0,0,421,1,SLICE,SLICE
46,150,46,154,0,4,4,839,1,SLICE,SLICE
44,149,45,149,1,0,1,343,1,SLICE,SLICE
47,150,46,150,1,0,1,279,1,SLICE,SLICE
47,147,45,148,2,1,3,572,1,SLICE,SLICE
51,141,50,141,1,0,1,559,1,SLICE,SLICE
49,135,48,135,1,0,1,458,1,SLICE,SLICE
48,138,48,138,0,0,0,135,1,SLICE,SLICE
45,157,45,159,0,2,2,562,1,SLICE,SLICE
49,144,48,144,1,0,1,343,1,SLICE,SLICE
44,153,47,151,3,2,5,411,1,SLICE,SLICE
44,136,43,140,1,4,5,761,1,SLICE,SLICE
43,147,42,147,1,0,1,570,1,SLICE,SLICE
42,150,42,150,0,0,0,467,1,SLICE,SLICE
40,159,44,159,4,0,4,660,1,SLICE,SLICE
42,149,42,149,0,0,0,142,1,SLICE,SLICE
43,141,42,141,1,0,1,453,1,SLICE,SLICE
43,158,42,158,1,0,1,363,1,SLICE,SLICE
42,157,44,159,2,2,4,666,1,SLICE,SLICE
43,156,41,158,2,2,4,818,1,SLICE,SLICE
43,145,43,145,0,0,0,131,1,SLICE,SLICE
45,149,44,149,1,0,1,342,1,SLICE,SLICE
41,138,40,138,1,0,1,448,1,SLICE,SLICE
41,139,40,139,1,0,1,343,1,SLICE,SLICE
45,139,45,139,0,0,0,295,1,SLICE,SLICE
40,149,40,149,0,0,0,306,1,SLICE,SLICE
44,138,42,141,2,3,5,801,1,SLICE,SLICE
41,144,40,143,1,1,2,444,1,SLICE,SLICE
41,152,39,155,2,3,5,559,1,SLICE,SLICE
42,136,38,136,4,0,4,472,1,SLICE,SLICE
39,134,38,135,1,1,2,422,1,SLICE,SLICE
40,139,40,141,0,2,2,570,1,SLICE,SLICE
36,155,39,154,3,1,4,577,1,SLICE,SLICE
39,150,39,148,0,2,2,415,1,SLICE,SLICE
39,145,38,146,1,1,2,469,1,SLICE,SLICE
42,146,42,146,0,0,0,429,1,SLICE,SLICE
39,158,39,158,0,0,0,131,1,SLICE,SLICE
38,154,38,154,0,0,0,136,1,SLICE,SLICE
39,154,38,158,1,4,5,691,1,SLICE,SLICE
41,152,40,152,1,0,1,448,1,SLICE,SLICE
39,149,38,149,1,0,1,453,1,SLICE,SLICE
39,152,36,153,3,1,4,455,1,SLICE,SLICE
43,156,42,156,1,0,1,472,1,SLICE,SLICE
45,144,44,144,1,0,1,458,1,SLICE,SLICE
45,149,44,149,1,0,1,566,1,SLICE,SLICE
47,145,46,145,1,0,1,278,1,SLICE,SLICE
47,158,44,156,3,2,5,677,1,SLICE,SLICE
47,143,46,143,1,0,1,558,1,SLICE,SLICE
46,135,46,135,0,0,0,459,1,SLICE,SLICE
46,134,46,134,0,0,0,210,1,SLICE,SLICE
44,150,44,151,0,1,1,234,1,SLICE,SLICE
45,142,46,145,1,3,4,384,1,SLICE,SLICE
43,148,42,148,1,0,1,279,1,SLICE,SLICE
44,140,44,140,0,0,0,458,1,SLICE,SLICE
45,144,44,144,1,0,1,448,1,SLICE,SLICE
47,136,46,136,1,0,1,358,1,SLICE,SLICE
49,136,48,136,1,0,1,345,1,SLICE,SLICE
43,150,42,150,1,0,1,560,1,SLICE,SLICE
45,144,46,144,1,0,1,259,2,SLICE,SLICE
45,144,44,144,1,0,1,354,2,SLICE,SLICE
47,139,44,135,3,4,7,802,1,SLICE,SLICE
45,135,45,135,0,0,0,127,1,SLICE,SLICE
42,155,42,155,0,0,0,138,1,SLICE,SLICE
14,248,14,249,0,1,1,590,10,SLICE,SLICE
14,248,14,250,0,2,2,521,10,SLICE,SLICE
14,248,6,226,8,22,30,1298,10,SLICE,SLICE
14,248,12,251,2,3,5,818,10,SLICE,SLICE
59,146,56,147,3,1,4,265,1,SLICE,SLICE
59,146,58,146,1,0,1,363,1,SLICE,SLICE
58,140,61,138,3,2,5,764,1,SLICE,SLICE
65,137,63,136,2,1,3,531,1,SLICE,SLICE
57,134,60,134,3,0,3,313,1,SLICE,SLICE
59,147,58,147,1,0,1,285,1,SLICE,SLICE
59,144,56,143,3,1,4,562,1,SLICE,SLICE
60,135,60,135,0,0,0,135,1,SLICE,SLICE
57,141,56,141,1,0,1,558,1,SLICE,SLICE
57,141,56,140,1,1,2,430,1,SLICE,SLICE
55,167,57,167,2,0,2,406,1,SLICE,SLICE
57,166,59,167,2,1,3,303,1,SLICE,SLICE
59,165,58,165,1,0,1,570,1,SLICE,SLICE
56,166,54,163,2,3,5,425,1,SLICE,SLICE
58,159,57,157,1,2,3,438,1,SLICE,SLICE
55,160,54,160,1,0,1,460,1,SLICE,SLICE
57,160,57,151,0,9,9,816,1,SLICE,SLICE
56,164,56,164,0,0,0,456,1,SLICE,SLICE
55,164,54,165,1,1,2,572,1,SLICE,SLICE
55,161,58,163,3,2,5,747,1,SLICE,SLICE
57,157,54,159,3,2,5,661,1,SLICE,SLICE
55,169,54,168,1,1,2,462,1,SLICE,SLICE
55,168,56,168,1,0,1,420,1,SLICE,SLICE
53,165,50,167,3,2,5,537,1,SLICE,SLICE
55,169,52,165,3,4,7,870,1,SLICE,SLICE
53,167,52,167,1,0,1,470,1,SLICE,SLICE
54,167,54,167,0,0,0,136,1,SLICE,SLICE
55,166,54,166,1,0,1,356,1,SLICE,SLICE
57,168,56,168,1,0,1,442,1,SLICE,SLICE
52,167,46,173,6,6,12,772,1,SLICE,SLICE
53,167,50,170,3,3,6,585,1,SLICE,SLICE
54,167,54,169,0,2,2,569,1,SLICE,SLICE
50,164,50,161,0,3,3,689,1,SLICE,SLICE
50,165,49,168,1,3,4,734,1,SLICE,SLICE
51,163,49,163,2,0,2,721,1,SLICE,SLICE
51,161,52,161,1,0,1,429,1,SLICE,SLICE
49,165,49,165,0,0,0,456,1,SLICE,SLICE
57,160,56,159,1,1,2,547,1,SLICE,SLICE
47,168,48,165,1,3,4,666,1,SLICE,SLICE
57,159,56,159,1,0,1,358,1,SLICE,SLICE
47,166,47,169,0,3,3,759,1,SLICE,SLICE
50,169,48,169,2,0,2,699,1,SLICE,SLICE
51,165,48,165,3,0,3,362,1,SLICE,SLICE
49,168,48,168,1,0,1,342,1,SLICE,SLICE
58,155,57,154,1,1,2,266,1,SLICE,SLICE
61,159,60,160,1,1,2,558,1,SLICE,SLICE
61,156,56,156,5,0,5,327,1,SLICE,SLICE
58,157,56,155,2,2,4,379,1,SLICE,SLICE
61,161,58,158,3,3,6,627,1,SLICE,SLICE
57,155,56,155,1,0,1,443,1,SLICE,SLICE
59,157,56,153,3,4,7,710,1,SLICE,SLICE
60,155,60,155,0,0,0,458,1,SLICE,SLICE
57,155,57,156,0,1,1,231,1,SLICE,SLICE
57,156,56,154,1,2,3,253,1,SLICE,SLICE
59,159,58,159,1,0,1,356,1,SLICE,SLICE
58,154,56,153,2,1,3,593,1,SLICE,SLICE
58,162,58,162,0,0,0,459,1,SLICE,SLICE
63,152,61,149,2,3,5,436,1,SLICE,SLICE
62,150,56,148,6,2,8,715,1,SLICE,SLICE
63,150,62,150,1,0,1,461,1,SLICE,SLICE
60,154,62,149,2,5,7,834,1,SLICE,SLICE
60,154,56,154,4,0,4,443,2,SLICE,SLICE
60,154,60,156,0,2,2,434,2,SLICE,SLICE
65,146,63,147,2,1,3,409,1,SLICE,SLICE
64,146,64,146,0,0,0,460,1,SLICE,SLICE
57,150,56,150,1,0,1,363,1,SLICE,SLICE
58,153,58,150,0,3,3,671,1,SLICE,SLICE
59,148,57,150,2,2,4,686,1,SLICE,SLICE
63,147,63,147,0,0,0,456,1,SLICE,SLICE
60,159,60,159,0,0,0,421,1,SLICE,SLICE
61,148,58,148,3,0,3,417,1,SLICE,SLICE
67,144,61,147,6,3,9,581,1,SLICE,SLICE
62,148,60,148,2,0,2,417,1,SLICE,SLICE
61,160,60,160,1,0,1,604,1,SLICE,SLICE
61,148,60,148,1,0,1,343,1,SLICE,SLICE
65,147,64,145,1,2,3,454,1,SLICE,SLICE
63,146,65,146,2,0,2,546,1,SLICE,SLICE
61,163,60,163,1,0,1,457,1,SLICE,SLICE
60,158,60,158,0,0,0,460,1,SLICE,SLICE
67,146,66,147,1,1,2,558,1,SLICE,SLICE
63,155,62,155,1,0,1,443,1,SLICE,SLICE
66,146,66,146,0,0,0,212,1,SLICE,SLICE
66,141,67,141,1,0,1,230,1,SLICE,SLICE
61,144,60,144,1,0,1,563,1,SLICE,SLICE
61,145,60,145,1,0,1,461,1,SLICE,SLICE
67,146,62,145,5,1,6,416,1,SLICE,SLICE
66,143,62,144,4,1,5,663,1,SLICE,SLICE
67,143,67,143,0,0,0,456,1,SLICE,SLICE
67,141,64,144,3,3,6,433,1,SLICE,SLICE
65,139,64,139,1,0,1,448,1,SLICE,SLICE
65,140,63,143,2,3,5,769,1,SLICE,SLICE
64,140,64,140,0,0,0,308,1,SLICE,SLICE
63,144,62,144,1,0,1,356,1,SLICE,SLICE
64,143,62,143,2,0,2,246,2,SLICE,SLICE
64,143,66,142,2,1,3,329,2,SLICE,SLICE
67,136,66,140,1,4,5,499,1,SLICE,SLICE
64,141,60,142,4,1,5,645,1,SLICE,SLICE
64,144,62,142,2,2,4,542,1,SLICE,SLICE
63,142,61,142,2,0,2,565,1,SLICE,SLICE
67,138,66,138,1,0,1,474,1,SLICE,SLICE
60,136,60,136,0,0,0,201,1,SLICE,SLICE
62,136,62,136,0,0,0,319,1,SLICE,SLICE
59,139,57,143,2,4,6,698,1,SLICE,SLICE
63,134,62,134,1,0,1,570,1,SLICE,SLICE
59,139,58,147,1,8,9,701,1,SLICE,SLICE
67,137,66,137,1,0,1,461,1,SLICE,SLICE
64,137,64,137,0,0,0,142,2,SLICE,SLICE
64,137,62,140,2,3,5,375,2,SLICE,SLICE
67,144,58,144,9,0,9,584,1,SLICE,SLICE
61,134,58,141,3,7,10,622,1,SLICE,SLICE
68,137,68,137,0,0,0,132,1,SLICE,SLICE
61,166,60,169,1,3,4,519,1,SLICE,SLICE
57,171,57,171,0,0,0,131,1,SLICE,SLICE
57,172,60,166,3,6,9,820,1,SLICE,SLICE
65,165,67,165,2,0,2,417,1,SLICE,SLICE
67,168,67,161,0,7,7,812,1,SLICE,SLICE
67,168,64,168,3,0,3,448,1,SLICE,SLICE
61,165,60,165,1,0,1,457,1,SLICE,SLICE
56,176,56,176,0,0,0,459,1,SLICE,SLICE
63,168,60,167,3,1,4,674,1,SLICE,SLICE
58,177,58,177,0,0,0,459,1,SLICE,SLICE
67,169,67,169,0,0,0,302,1,SLICE,SLICE
64,169,64,169,0,0,0,458,1,SLICE,SLICE
67,166,66,166,1,0,1,545,1,SLICE,SLICE
66,164,66,165,0,1,1,549,1,SLICE,SLICE
60,164,60,165,0,1,1,662,1,SLICE,SLICE
68,160,68,160,0,0,0,250,1,SLICE,SLICE
68,161,68,161,0,0,0,201,1,SLICE,SLICE
67,164,66,164,1,0,1,570,1,SLICE,SLICE
59,179,58,179,1,0,1,356,1,SLICE,SLICE
66,163,64,161,2,2,4,543,1,SLICE,SLICE
57,190,56,190,1,0,1,460,1,SLICE,SLICE
57,197,55,198,2,1,3,453,1,SLICE,SLICE
52,195,54,195,2,0,2,332,1,SLICE,SLICE
57,184,56,184,1,0,1,474,1,SLICE,SLICE
54,189,54,189,0,0,0,456,1,SLICE,SLICE
31,231,25,250,6,19,25,1200,1,SLICE,SLICE
60,190,56,190,4,0,4,473,1,SLICE,SLICE
59,201,55,201,4,0,4,245,1,SLICE,SLICE
55,191,54,191,1,0,1,443,1,SLICE,SLICE
56,200,56,203,0,3,3,430,1,SLICE,SLICE
53,191,50,190,3,1,4,451,1,SLICE,SLICE
55,204,55,206,0,2,2,570,1,SLICE,SLICE
50,202,52,199,2,3,5,444,1,SLICE,SLICE
49,200,54,201,5,1,6,747,1,SLICE,SLICE
49,204,49,203,0,1,1,556,1,SLICE,SLICE
53,203,52,203,1,0,1,474,1,SLICE,SLICE
33,229,53,245,20,16,36,1137,1,SLICE,SLICE
50,202,50,205,0,3,3,662,1,SLICE,SLICE
49,205,50,205,1,0,1,278,1,SLICE,SLICE
55,205,50,207,5,2,7,700,1,SLICE,SLICE
53,205,52,205,1,0,1,558,1,SLICE,SLICE
53,205,46,206,7,1,8,723,1,SLICE,SLICE
54,205,54,204,0,1,1,530,1,SLICE,SLICE
52,204,52,204,0,0,0,136,1,SLICE,SLICE
49,195,50,195,1,0,1,596,1,SLICE,SLICE
34,219,25,218,9,1,10,404,1,SLICE,SLICE
48,198,50,196,2,2,4,711,1,SLICE,SLICE
53,196,52,196,1,0,1,363,1,SLICE,SLICE
50,193,50,193,0,0,0,459,1,SLICE,SLICE
51,196,52,195,1,1,2,680,1,SLICE,SLICE
52,196,52,196,0,0,0,136,1,SLICE,SLICE
54,201,54,199,0,2,2,469,1,SLICE,SLICE
53,195,52,195,1,0,1,558,1,SLICE,SLICE
48,202,48,202,0,0,0,460,1,SLICE,SLICE
53,201,54,202,1,1,2,678,1,SLICE,SLICE
50,183,53,186,3,3,6,694,1,SLICE,SLICE
52,186,52,186,0,0,0,442,1,SLICE,SLICE
49,191,49,191,0,0,0,418,1,SLICE,SLICE
33,233,13,255,20,22,42,1222,1,SLICE,SLICE
49,177,48,177,1,0,1,342,1,SLICE,SLICE
50,185,50,185,0,0,0,456,1,SLICE,SLICE
52,183,52,183,0,0,0,427,1,SLICE,SLICE
51,175,50,179,1,4,5,805,1,SLICE,SLICE
49,176,50,178,1,2,3,817,1,SLICE,SLICE
53,182,52,185,1,3,4,350,1,SLICE,SLICE
49,193,49,193,0,0,0,461,1,SLICE,SLICE
53,186,52,186,1,0,1,461,1,SLICE,SLICE
35,221,25,252,10,31,41,1382,1,SLICE,SLICE
49,173,49,172,0,1,1,556,1,SLICE,SLICE
46,178,52,176,6,2,8,923,1,SLICE,SLICE
48,172,48,173,0,1,1,448,1,SLICE,SLICE
55,174,54,174,1,0,1,464,2,SLICE,SLICE
55,174,55,173,0,1,1,241,2,SLICE,SLICE
54,179,55,177,1,2,3,303,1,SLICE,SLICE
49,170,48,170,1,0,1,461,1,SLICE,SLICE
57,171,56,171,1,0,1,474,1,SLICE,SLICE
56,177,56,177,0,0,0,319,1,SLICE,SLICE
49,173,47,172,2,1,3,581,1,SLICE,SLICE
59,172,58,172,1,0,1,443,1,SLICE,SLICE
48,181,49,180,1,1,2,231,1,SLICE,SLICE
49,181,49,178,0,3,3,529,1,SLICE,SLICE
48,183,49,184,1,1,2,406,1,SLICE,SLICE
49,190,48,189,1,1,2,412,1,SLICE,SLICE
48,185,48,183,0,2,2,573,1,SLICE,SLICE
49,182,50,182,1,0,1,579,1,SLICE,SLICE
49,178,48,178,1,0,1,564,1,SLICE,SLICE
49,178,48,178,1,0,1,448,1,SLICE,SLICE
49,179,48,178,1,1,2,444,1,SLICE,SLICE
49,181,47,184,2,3,5,352,1,SLICE,SLICE
50,178,55,180,5,2,7,651,1,SLICE,SLICE
50,178,54,180,4,2,6,479,1,SLICE,SLICE
49,176,48,176,1,0,1,457,1,SLICE,SLICE
54,185,56,188,2,3,5,446,1,SLICE,SLICE
55,187,54,185,1,2,3,660,1,SLICE,SLICE
55,188,54,187,1,1,2,240,1,SLICE,SLICE
54,184,52,188,2,4,6,543,1,SLICE,SLICE
53,177,54,180,1,3,4,550,1,SLICE,SLICE
52,183,52,183,0,0,0,138,1,SLICE,SLICE
57,187,56,187,1,0,1,559,1,SLICE,SLICE
53,184,52,185,1,1,2,538,1,SLICE,SLICE
54,170,54,170,0,0,0,136,1,SLICE,SLICE
56,171,56,171,0,0,0,319,1,SLICE,SLICE
57,171,58,168,1,3,4,587,1,SLICE,SLICE
52,182,54,181,2,1,3,437,1,SLICE,SLICE
56,178,56,178,0,0,0,210,1,SLICE,SLICE
57,178,54,178,3,0,3,424,2,SLICE,SLICE
57,178,54,178,3,0,3,609,2,SLICE,SLICE
57,185,56,185,1,0,1,470,1,SLICE,SLICE
55,182,54,182,1,0,1,558,1,SLICE,SLICE
54,176,54,176,0,0,0,319,1,SLICE,SLICE
61,170,61,170,0,0,0,302,1,SLICE,SLICE
63,201,62,201,1,0,1,560,1,SLICE,SLICE
65,198,67,196,2,2,4,348,1,SLICE,SLICE
62,195,62,195,0,0,0,442,1,SLICE,SLICE
60,199,60,198,0,1,1,562,1,SLICE,SLICE
69,203,68,203,1,0,1,448,1,SLICE,SLICE
61,170,60,170,1,0,1,457,1,SLICE,SLICE
63,203,62,203,1,0,1,570,1,SLICE,SLICE
61,182,61,182,0,0,0,456,1,SLICE,SLICE
60,199,60,199,0,0,0,135,1,SLICE,SLICE
65,197,64,197,1,0,1,345,1,SLICE,SLICE
59,173,58,173,1,0,1,363,1,SLICE,SLICE
59,177,58,177,1,0,1,442,1,SLICE,SLICE
59,185,60,185,1,0,1,445,1,SLICE,SLICE
59,187,58,186,1,1,2,315,1,SLICE,SLICE
59,183,58,183,1,0,1,460,1,SLICE,SLICE
58,184,58,184,0,0,0,442,1,SLICE,SLICE
59,180,58,180,1,0,1,560,1,SLICE,SLICE
58,187,58,184,0,3,3,424,1,SLICE,SLICE
59,190,58,190,1,0,1,356,1,SLICE,SLICE
66,187,67,187,1,0,1,555,1,SLICE,SLICE
68,189,68,189,0,0,0,135,1,SLICE,SLICE
69,191,68,191,1,0,1,566,1,SLICE,SLICE
60,180,60,180,0,0,0,201,1,SLICE,SLICE
61,181,60,181,1,0,1,446,1,SLICE,SLICE
59,178,58,178,1,0,1,472,1,SLICE,SLICE
60,171,58,173,2,2,4,568,1,SLICE,SLICE
59,174,59,173,0,1,1,544,1,SLICE,SLICE
59,194,58,194,1,0,1,479,1,SLICE,SLICE
61,188,59,190,2,2,4,346,1,SLICE,SLICE
60,179,60,179,0,0,0,460,1,SLICE,SLICE
64,194,64,194,0,0,0,132,1,SLICE,SLICE
65,194,63,194,2,0,2,399,1,SLICE,SLICE
67,199,66,199,1,0,1,363,1,SLICE,SLICE
64,204,65,204,1,0,1,336,1,SLICE,SLICE
60,198,60,198,0,0,0,458,1,SLICE,SLICE
68,190,63,190,5,0,5,344,1,SLICE,SLICE
63,205,62,205,1,0,1,358,1,SLICE,SLICE
63,196,62,196,1,0,1,548,1,SLICE,SLICE
59,193,59,193,0,0,0,309,1,SLICE,SLICE
64,193,64,193,0,0,0,460,1,SLICE,SLICE
61,197,60,197,1,0,1,448,1,SLICE,SLICE
66,204,66,204,0,0,0,331,1,SLICE,SLICE
64,200,64,200,0,0,0,461,1,SLICE,SLICE
67,202,64,201,3,1,4,335,1,SLICE,SLICE
67,205,66,205,1,0,1,443,1,SLICE,SLICE
67,179,66,179,1,0,1,461,1,SLICE,SLICE
63,205,62,205,1,0,1,358,1,SLICE,SLICE
67,204,64,208,3,4,7,675,1,SLICE,SLICE
65,203,66,201,1,2,3,661,1,SLICE,SLICE
69,203,66,203,3,0,3,546,1,SLICE,SLICE
65,205,64,205,1,0,1,343,1,SLICE,SLICE
66,185,67,188,1,3,4,413,1,SLICE,SLICE
67,185,67,185,0,0,0,302,1,SLICE,SLICE
67,183,67,183,0,0,0,455,1,SLICE,SLICE
63,175,62,175,1,0,1,474,1,SLICE,SLICE
68,183,66,183,2,0,2,684,1,SLICE,SLICE
64,171,65,171,1,0,1,444,1,SLICE,SLICE
65,173,63,174,2,1,3,237,1,SLICE,SLICE
66,173,67,173,1,0,1,447,1,SLICE,SLICE
67,184,65,185,2,1,3,521,1,SLICE,SLICE
61,187,60,187,1,0,1,444,1,SLICE,SLICE
69,182,69,182,0,0,0,302,1,SLICE,SLICE
61,174,63,174,2,0,2,448,1,SLICE,SLICE
66,184,66,184,0,0,0,331,1,SLICE,SLICE
65,179,64,181,1,2,3,344,1,SLICE,SLICE
65,179,64,179,1,0,1,343,1,SLICE,SLICE
60,177,60,177,0,0,0,458,1,SLICE,SLICE
65,180,64,180,1,0,1,343,1,SLICE,SLICE
69,173,67,173,2,0,2,399,1,SLICE,SLICE
66,181,62,180,4,1,5,547,1,SLICE,SLICE
69,172,68,172,1,0,1,343,1,SLICE,SLICE
65,172,65,172,0,0,0,571,1,SLICE,SLICE
64,199,64,199,0,0,0,201,1,SLICE,SLICE
63,172,62,172,1,0,1,358,1,SLICE,SLICE
65,181,64,181,1,0,1,345,1,SLICE,SLICE
69,174,68,174,1,0,1,548,1,SLICE,SLICE
65,176,64,176,1,0,1,444,1,SLICE,SLICE
63,184,62,184,1,0,1,560,1,SLICE,SLICE
66,182,62,183,4,1,5,569,1,SLICE,SLICE
61,173,60,172,1,1,2,233,1,SLICE,SLICE
67,171,62,173,5,2,7,678,1,SLICE,SLICE
63,174,62,174,1,0,1,558,1,SLICE,SLICE
66,190,67,190,1,0,1,453,1,SLICE,SLICE
62,178,62,178,0,0,0,136,1,SLICE,SLICE
63,188,62,188,1,0,1,358,1,SLICE,SLICE
65,190,64,190,1,0,1,345,1,SLICE,SLICE
64,193,60,193,4,0,4,663,1,SLICE,SLICE
67,175,66,175,1,0,1,559,1,SLICE,SLICE
63,184,62,184,1,0,1,470,1,SLICE,SLICE
68,174,68,174,0,0,0,201,1,SLICE,SLICE
62,180,62,180,0,0,0,142,1,SLICE,SLICE
64,187,62,187,2,0,2,415,1,SLICE,SLICE
65,197,64,196,1,1,2,233,1,SLICE,SLICE
61,177,60,177,1,0,1,343,1,SLICE,SLICE
66,198,66,198,0,0,0,459,1,SLICE,SLICE
58,181,58,181,0,0,0,456,1,SLICE,SLICE
61,200,60,200,1,0,1,448,1,SLICE,SLICE
65,197,64,197,1,0,1,448,1,SLICE,SLICE
61,196,60,196,1,0,1,458,2,SLICE,SLICE
61,196,60,197,1,1,2,422,2,SLICE,SLICE
60,193,62,192,2,1,3,592,1,SLICE,SLICE
63,198,62,198,1,0,1,558,1,SLICE,SLICE
61,176,58,176,3,0,3,547,1,SLICE,SLICE
74,158,74,158,0,0,0,212,1,SLICE,SLICE
78,157,78,157,0,0,0,467,1,SLICE,SLICE
75,161,75,161,0,0,0,302,1,SLICE,SLICE
74,162,74,162,0,0,0,427,1,SLICE,SLICE
72,157,71,157,1,0,1,437,1,SLICE,SLICE
75,155,74,156,1,1,2,553,1,SLICE,SLICE
75,168,74,170,1,2,3,445,1,SLICE,SLICE
78,156,76,155,2,1,3,307,1,SLICE,SLICE
71,154,70,154,1,0,1,559,1,SLICE,SLICE
79,158,76,158,3,0,3,452,1,SLICE,SLICE
77,162,74,160,3,2,5,655,1,SLICE,SLICE
71,162,71,161,0,1,1,228,1,SLICE,SLICE
71,158,71,158,0,0,0,455,1,SLICE,SLICE
72,163,72,163,0,0,0,461,1,SLICE,SLICE
77,165,74,166,3,1,4,566,1,SLICE,SLICE
74,167,74,167,0,0,0,467,1,SLICE,SLICE
75,159,70,160,5,1,6,677,1,SLICE,SLICE
77,163,73,164,4,1,5,671,1,SLICE,SLICE
77,160,76,160,1,0,1,564,1,SLICE,SLICE
70,159,71,159,1,0,1,275,1,SLICE,SLICE
70,163,70,163,0,0,0,212,1,SLICE,SLICE
70,161,71,161,1,0,1,336,1,SLICE,SLICE
71,162,70,161,1,1,2,241,1,SLICE,SLICE
71,157,70,157,1,0,1,442,1,SLICE,SLICE
71,166,70,166,1,0,1,443,1,SLICE,SLICE
73,167,72,167,1,0,1,343,1,SLICE,SLICE
70,164,70,164,0,0,0,212,1,SLICE,SLICE
71,160,71,163,0,3,3,347,1,SLICE,SLICE
70,160,74,158,4,2,6,674,1,SLICE,SLICE
73,162,72,162,1,0,1,457,1,SLICE,SLICE
73,168,72,168,1,0,1,602,1,SLICE,SLICE
80,155,78,158,2,3,5,615,1,SLICE,SLICE
81,163,78,163,3,0,3,532,1,SLICE,SLICE
77,170,79,166,2,4,6,618,1,SLICE,SLICE
78,166,78,166,0,0,0,442,1,SLICE,SLICE
81,160,78,165,3,5,8,810,2,SLICE,SLICE
81,160,79,162,2,2,4,362,2,SLICE,SLICE
80,166,78,166,2,0,2,431,1,SLICE,SLICE
79,167,78,169,1,2,3,342,1,SLICE,SLICE
78,162,79,162,1,0,1,555,1,SLICE,SLICE
78,163,78,163,0,0,0,459,1,SLICE,SLICE
79,161,78,164,1,3,4,356,1,SLICE,SLICE
76,146,79,145,3,1,4,588,1,SLICE,SLICE
79,150,80,152,1,2,3,793,1,SLICE,SLICE
78,145,79,145,1,0,1,600,1,SLICE,SLICE
78,148,78,147,0,1,1,468,1,SLICE,SLICE
79,159,78,159,1,0,1,558,1,SLICE,SLICE
79,156,78,156,1,0,1,358,1,SLICE,SLICE
79,148,78,149,1,1,2,435,1,SLICE,SLICE
79,151,79,157,0,6,6,835,1,SLICE,SLICE
79,149,78,149,1,0,1,472,1,SLICE,SLICE
79,147,77,149,2,2,4,411,1,SLICE,SLICE
76,145,78,145,2,0,2,421,1,SLICE,SLICE
76,137,76,137,0,0,0,461,1,SLICE,SLICE
77,139,77,139,0,0,0,456,1,SLICE,SLICE
79,140,79,142,0,2,2,383,1,SLICE,SLICE
79,141,78,141,1,0,1,558,1,SLICE,SLICE
77,135,76,135,1,0,1,446,1,SLICE,SLICE
77,140,76,140,1,0,1,600,1,SLICE,SLICE
79,157,77,167,2,10,12,843,1,SLICE,SLICE
75,144,74,144,1,0,1,358,1,SLICE,SLICE
77,145,76,145,1,0,1,560,1,SLICE,SLICE
77,144,76,144,1,0,1,343,1,SLICE,SLICE
73,137,72,137,1,0,1,566,1,SLICE,SLICE
75,138,75,138,0,0,0,302,1,SLICE,SLICE
73,143,74,142,1,1,2,480,1,SLICE,SLICE
77,137,76,137,1,0,1,564,1,SLICE,SLICE
72,143,71,145,1,2,3,671,2,SLICE,SLICE
72,143,70,145,2,2,4,732,2,SLICE,SLICE
72,140,73,140,1,0,1,275,1,SLICE,SLICE
74,136,74,134,0,2,2,663,1,SLICE,SLICE
71,138,70,139,1,1,2,558,1,SLICE,SLICE
74,138,74,140,0,2,2,321,1,SLICE,SLICE
73,138,74,142,1,4,5,714,1,SLICE,SLICE
73,143,72,143,1,0,1,457,1,SLICE,SLICE
72,140,72,140,0,0,0,458,1,SLICE,SLICE
71,136,70,136,1,0,1,461,1,SLICE,SLICE
71,146,70,146,1,0,1,358,1,SLICE,SLICE
76,154,76,165,0,11,11,1106,1,SLICE,SLICE
71,145,70,145,1,0,1,358,1,SLICE,SLICE
72,141,70,141,2,0,2,455,1,SLICE,SLICE
73,142,70,142,3,0,3,453,1,SLICE,SLICE
71,147,71,147,0,0,0,131,1,SLICE,SLICE
75,158,75,160,0,2,2,547,1,SLICE,SLICE
70,136,70,136,0,0,0,427,1,SLICE,SLICE
77,153,79,152,2,1,3,691,1,SLICE,SLICE
73,148,72,148,1,0,1,448,1,SLICE,SLICE
73,153,73,154,0,1,1,406,1,SLICE,SLICE
75,149,76,146,1,3,4,565,1,SLICE,SLICE
77,151,77,151,0,0,0,455,1,SLICE,SLICE
77,146,76,146,1,0,1,457,1,SLICE,SLICE
77,164,76,169,1,5,6,717,1,SLICE,SLICE
73,151,72,151,1,0,1,446,1,SLICE,SLICE
72,151,71,151,1,0,1,228,1,SLICE,SLICE
73,148,70,150,3,2,5,685,1,SLICE,SLICE
77,154,78,155,1,1,2,824,1,SLICE,SLICE
75,153,74,153,1,0,1,443,1,SLICE,SLICE
79,153,76,156,3,3,6,571,1,SLICE,SLICE
78,153,78,155,0,2,2,321,1,SLICE,SLICE
76,147,74,150,2,3,5,545,1,SLICE,SLICE
75,156,76,155,1,1,2,432,1,SLICE,SLICE
77,156,76,156,1,0,1,471,2,SLICE,SLICE
77,156,76,156,1,0,1,448,2,SLICE,SLICE
71,153,72,152,1,1,2,432,1,SLICE,SLICE
75,153,70,153,5,0,5,324,1,SLICE,SLICE
73,146,72,146,1,0,1,448,1,SLICE,SLICE
90,140,89,140,1,0,1,550,1,SLICE,SLICE
91,142,89,142,2,0,2,445,1,SLICE,SLICE
88,141,89,141,1,0,1,343,1,SLICE,SLICE
91,142,90,142,1,0,1,479,1,SLICE,SLICE
91,141,90,141,1,0,1,453,1,SLICE,SLICE
87,142,88,141,1,1,2,459,1,SLICE,SLICE
89,148,89,148,0,0,0,302,1,SLICE,SLICE
92,140,88,140,4,0,4,250,1,SLICE,SLICE
88,139,88,139,0,0,0,135,1,SLICE,SLICE
90,135,84,142,6,7,13,524,1,SLICE,SLICE
88,138,89,138,1,0,1,343,1,SLICE,SLICE
83,139,85,139,2,0,2,453,1,SLICE,SLICE
91,137,89,137,2,0,2,232,1,SLICE,SLICE
93,136,86,136,7,0,7,541,1,SLICE,SLICE
92,136,90,134,2,2,4,378,2,SLICE,SLICE
92,136,84,137,8,1,9,713,2,SLICE,SLICE
91,135,86,137,5,2,7,673,1,SLICE,SLICE
89,137,84,138,5,1,6,796,1,SLICE,SLICE
91,136,88,137,3,1,4,404,1,SLICE,SLICE
90,137,84,136,6,1,7,694,1,SLICE,SLICE
87,139,84,139,3,0,3,541,1,SLICE,SLICE
84,145,85,145,1,0,1,342,1,SLICE,SLICE
83,146,85,145,2,1,3,244,1,SLICE,SLICE
86,145,84,143,2,2,4,403,1,SLICE,SLICE
92,141,88,140,4,1,5,695,1,SLICE,SLICE
86,146,86,145,0,1,1,236,1,SLICE,SLICE
87,143,86,142,1,1,2,423,1,SLICE,SLICE
86,146,86,146,0,0,0,210,1,SLICE,SLICE
83,145,83,146,0,1,1,561,1,SLICE,SLICE
91,140,91,138,0,2,2,243,1,SLICE,SLICE
84,146,83,144,1,2,3,552,1,SLICE,SLICE
89,141,88,141,1,0,1,343,1,SLICE,SLICE
83,149,85,149,2,0,2,414,1,SLICE,SLICE
85,148,84,148,1,0,1,448,1,SLICE,SLICE
90,148,91,150,1,2,3,714,1,SLICE,SLICE
85,149,85,146,0,3,3,539,1,SLICE,SLICE
83,147,82,149,1,2,3,697,1,SLICE,SLICE
91,149,90,149,1,0,1,479,1,SLICE,SLICE
87,149,84,153,3,4,7,909,1,SLICE,SLICE
83,148,82,150,1,2,3,444,1,SLICE,SLICE
86,147,84,147,2,0,2,412,1,SLICE,SLICE
90,148,90,148,0,0,0,456,1,SLICE,SLICE
91,153,90,153,1,0,1,611,1,SLICE,SLICE
88,161,88,161,0,0,0,425,1,SLICE,SLICE
91,155,88,155,3,0,3,352,1,SLICE,SLICE
86,167,88,166,2,1,3,563,1,SLICE,SLICE
89,157,90,157,1,0,1,677,2,SLICE,SLICE
89,157,85,156,4,1,5,564,2,SLICE,SLICE
88,167,88,167,0,0,0,425,1,SLICE,SLICE
86,166,86,166,0,0,0,459,1,SLICE,SLICE
86,162,83,160,3,2,5,427,1,SLICE,SLICE
91,155,92,152,1,3,4,692,1,SLICE,SLICE
83,158,85,159,2,1,3,654,1,SLICE,SLICE
91,158,91,158,0,0,0,193,1,SLICE,SLICE
93,163,91,162,2,1,3,435,1,SLICE,SLICE
87,159,86,159,1,0,1,577,1,SLICE,SLICE
89,160,88,160,1,0,1,566,1,SLICE,SLICE
87,155,86,155,1,0,1,358,1,SLICE,SLICE
89,156,88,156,1,0,1,448,1,SLICE,SLICE
92,156,90,155,2,1,3,605,1,SLICE,SLICE
92,163,92,163,0,0,0,456,1,SLICE,SLICE
93,153,92,153,1,0,1,448,1,SLICE,SLICE
85,160,82,159,3,1,4,442,1,SLICE,SLICE
86,155,84,156,2,1,3,562,1,SLICE,SLICE
87,156,86,156,1,0,1,472,1,SLICE,SLICE
92,160,92,159,0,1,1,237,1,SLICE,SLICE
93,160,86,162,7,2,9,654,1,SLICE,SLICE
86,159,83,160,3,1,4,524,1,SLICE,SLICE
85,159,84,159,1,0,1,448,1,SLICE,SLICE
90,160,90,158,0,2,2,554,1,SLICE,SLICE
86,163,84,162,2,1,3,433,1,SLICE,SLICE
87,158,84,158,3,0,3,552,1,SLICE,SLICE
93,160,93,160,0,0,0,461,1,SLICE,SLICE
93,163,92,164,1,1,2,563,1,SLICE,SLICE
91,169,89,168,2,1,3,426,1,SLICE,SLICE
83,165,82,165,1,0,1,465,1,SLICE,SLICE
91,169,88,169,3,0,3,443,1,SLICE,SLICE
86,167,88,168,2,1,3,523,1,SLICE,SLICE
93,163,88,163,5,0,5,574,1,SLICE,SLICE
83,160,82,160,1,0,1,358,1,SLICE,SLICE
83,170,82,170,1,0,1,570,1,SLICE,SLICE
93,163,92,163,1,0,1,457,1,SLICE,SLICE
83,159,83,159,0,0,0,127,1,SLICE,SLICE
83,165,84,166,1,1,2,523,1,SLICE,SLICE
89,168,88,168,1,0,1,448,1,SLICE,SLICE
91,160,90,160,1,0,1,358,1,SLICE,SLICE
90,162,90,162,0,0,0,456,1,SLICE,SLICE
85,163,84,163,1,0,1,550,1,SLICE,SLICE
86,161,86,161,0,0,0,319,1,SLICE,SLICE
90,152,90,152,0,0,0,456,1,SLICE,SLICE
79,170,78,170,1,0,1,460,1,SLICE,SLICE
83,164,83,163,0,1,1,292,1,SLICE,SLICE
77,173,79,172,2,1,3,560,1,SLICE,SLICE
85,165,82,166,3,1,4,579,1,SLICE,SLICE
84,155,84,155,0,0,0,578,1,SLICE,SLICE
90,146,90,146,0,0,0,456,1,SLICE,SLICE
88,148,84,146,4,2,6,435,1,SLICE,SLICE
91,154,86,155,5,1,6,539,1,SLICE,SLICE
79,172,79,172,0,0,0,455,1,SLICE,SLICE
91,161,90,161,1,0,1,443,1,SLICE,SLICE
89,153,84,151,5,2,7,357,1,SLICE,SLICE
85,151,84,151,1,0,1,448,1,SLICE,SLICE
83,153,83,156,0,3,3,675,1,SLICE,SLICE
91,150,90,150,1,0,1,461,1,SLICE,SLICE
90,154,90,154,0,0,0,463,1,SLICE,SLICE
85,194,85,194,0,0,0,131,1,SLICE,SLICE
85,191,85,191,0,0,0,193,1,SLICE,SLICE
87,193,84,193,3,0,3,308,1,SLICE,SLICE
88,185,84,190,4,5,9,823,1,SLICE,SLICE
90,195,91,194,1,1,2,549,1,SLICE,SLICE
87,193,86,193,1,0,1,470,1,SLICE,SLICE
83,185,85,185,2,0,2,407,1,SLICE,SLICE
88,194,89,194,1,0,1,446,1,SLICE,SLICE
83,186,85,187,2,1,3,469,1,SLICE,SLICE
83,178,80,178,3,0,3,557,1,SLICE,SLICE
84,179,85,179,1,0,1,336,1,SLICE,SLICE
85,180,85,180,0,0,0,127,1,SLICE,SLICE
87,185,84,185,3,0,3,443,1,SLICE,SLICE
87,174,86,174,1,0,1,479,1,SLICE,SLICE
87,177,86,177,1,0,1,358,1,SLICE,SLICE
89,182,88,182,1,0,1,461,1,SLICE,SLICE
87,180,86,180,1,0,1,442,1,SLICE,SLICE
87,177,86,177,1,0,1,358,1,SLICE,SLICE
83,187,86,188,3,1,4,670,1,SLICE,SLICE
86,185,84,185,2,0,2,408,1,SLICE,SLICE
83,176,82,176,1,0,1,479,1,SLICE,SLICE
85,175,85,175,0,0,0,307,1,SLICE,SLICE
86,173,85,172,1,1,2,580,1,SLICE,SLICE
83,179,85,178,2,1,3,549,1,SLICE,SLICE
83,174,82,174,1,0,1,443,1,SLICE,SLICE
79,173,79,173,0,0,0,131,1,SLICE,SLICE
85,172,83,172,2,0,2,564,1,SLICE,SLICE
89,176,88,176,1,0,1,461,1,SLICE,SLICE
82,173,83,173,1,0,1,345,1,SLICE,SLICE
88,182,90,187,2,5,7,736,1,SLICE,SLICE
85,182,84,182,1,0,1,457,1,SLICE,SLICE
80,171,80,171,0,0,0,201,1,SLICE,SLICE
85,186,84,184,1,2,3,418,1,SLICE,SLICE
85,170,84,170,1,0,1,461,1,SLICE,SLICE
77,174,80,173,3,1,4,683,1,SLICE,SLICE
83,178,82,178,1,0,1,358,1,SLICE,SLICE
91,184,90,183,1,1,2,315,1,SLICE,SLICE
83,171,82,171,1,0,1,470,1,SLICE,SLICE
88,179,88,179,0,0,0,201,1,SLICE,SLICE
80,172,81,172,1,0,1,562,1,SLICE,SLICE
89,175,88,175,1,0,1,457,1,SLICE,SLICE
77,178,79,177,2,1,3,459,1,SLICE,SLICE
82,177,82,178,0,1,1,315,1,SLICE,SLICE
83,177,82,177,1,0,1,442,1,SLICE,SLICE
79,178,78,178,1,0,1,453,1,SLICE,SLICE
88,182,88,182,0,0,0,578,1,SLICE,SLICE
88,186,89,186,1,0,1,336,1,SLICE,SLICE
88,180,91,180,3,0,3,231,1,SLICE,SLICE
79,178,78,178,1,0,1,545,1,SLICE,SLICE
87,190,86,190,1,0,1,358,1,SLICE,SLICE
89,180,88,180,1,0,1,457,1,SLICE,SLICE
87,186,86,186,1,0,1,545,1,SLICE,SLICE
85,185,82,184,3,1,4,588,1,SLICE,SLICE
86,190,86,190,0,0,0,138,1,SLICE,SLICE
86,189,86,185,0,4,4,724,1,SLICE,SLICE
86,188,86,188,0,0,0,459,1,SLICE,SLICE
87,196,88,195,1,1,2,347,1,SLICE,SLICE
89,189,91,189,2,0,2,550,1,SLICE,SLICE
89,183,88,183,1,0,1,448,1,SLICE,SLICE
91,185,90,184,1,1,2,559,1,SLICE,SLICE
91,186,90,186,1,0,1,470,1,SLICE,SLICE
92,192,92,192,0,0,0,132,1,SLICE,SLICE
91,192,90,194,1,2,3,431,1,SLICE,SLICE
91,193,90,191,1,2,3,470,1,SLICE,SLICE
90,193,90,193,0,0,0,459,1,SLICE,SLICE
88,191,88,191,0,0,0,456,1,SLICE,SLICE
91,202,90,202,1,0,1,453,1,SLICE,SLICE
89,196,88,196,1,0,1,461,1,SLICE,SLICE
89,196,88,193,1,3,4,672,1,SLICE,SLICE
93,191,92,191,1,0,1,343,1,SLICE,SLICE
93,197,92,199,1,2,3,249,1,SLICE,SLICE
92,196,93,196,1,0,1,444,1,SLICE,SLICE
82,199,82,199,0,0,0,136,1,SLICE,SLICE
87,200,85,200,2,0,2,228,1,SLICE,SLICE
91,200,89,199,2,1,3,316,1,SLICE,SLICE
87,203,86,203,1,0,1,358,1,SLICE,SLICE
87,197,86,197,1,0,1,443,1,SLICE,SLICE
83,190,82,192,1,2,3,557,1,SLICE,SLICE
89,199,88,199,1,0,1,448,1,SLICE,SLICE
87,205,86,205,1,0,1,443,1,SLICE,SLICE
89,202,87,203,2,1,3,311,1,SLICE,SLICE
89,200,88,200,1,0,1,448,1,SLICE,SLICE
83,204,83,200,0,4,4,447,1,SLICE,SLICE
81,181,80,181,1,0,1,566,1,SLICE,SLICE
83,195,82,195,1,0,1,363,1,SLICE,SLICE
83,203,84,202,1,1,2,382,1,SLICE,SLICE
83,193,82,194,1,1,2,535,1,SLICE,SLICE
82,205,84,205,2,0,2,238,1,SLICE,SLICE
82,203,86,206,4,3,7,567,1,SLICE,SLICE
88,204,88,203,0,1,1,552,1,SLICE,SLICE
82,194,82,193,0,1,1,242,1,SLICE,SLICE
85,205,84,205,1,0,1,560,1,SLICE,SLICE
83,191,82,191,1,0,1,453,1,SLICE,SLICE
90,201,92,201,2,0,2,414,1,SLICE,SLICE
90,201,90,201,0,0,0,210,1,SLICE,SLICE
89,199,84,197,5,2,7,528,1,SLICE,SLICE
89,205,88,205,1,0,1,448,1,SLICE,SLICE
85,199,84,199,1,0,1,553,1,SLICE,SLICE
84,197,86,199,2,2,4,576,2,SLICE,SLICE
84,197,84,196,0,1,1,456,2,SLICE,SLICE
89,202,88,202,1,0,1,447,1,SLICE,SLICE
88,201,89,201,1,0,1,457,1,SLICE,SLICE
84,191,84,191,0,0,0,201,1,SLICE,SLICE
77,193,77,193,0,0,0,455,1,SLICE,SLICE
79,192,79,192,0,0,0,456,1,SLICE,SLICE
73,204,73,204,0,0,0,456,1,SLICE,SLICE
78,201,78,201,0,0,0,467,1,SLICE,SLICE
75,198,75,198,0,0,0,131,1,SLICE,SLICE
72,205,73,204,1,1,2,437,1,SLICE,SLICE
73,203,75,202,2,1,3,468,1,SLICE,SLICE
79,192,79,190,0,2,2,418,1,SLICE,SLICE
79,206,79,206,0,0,0,128,1,SLICE,SLICE
81,207,87,207,6,0,6,669,1,SLICE,SLICE
78,209,78,209,0,0,0,467,1,SLICE,SLICE
70,191,72,189,2,2,4,364,1,SLICE,SLICE
72,191,72,189,0,2,2,313,1,SLICE,SLICE
73,191,72,191,1,0,1,563,1,SLICE,SLICE
71,192,70,192,1,0,1,443,1,SLICE,SLICE
75,189,76,188,1,1,2,659,1,SLICE,SLICE
77,186,76,186,1,0,1,548,1,SLICE,SLICE
77,183,76,183,1,0,1,343,1,SLICE,SLICE
77,187,79,186,2,1,3,461,1,SLICE,SLICE
77,188,78,187,1,1,2,588,1,SLICE,SLICE
83,208,82,208,1,0,1,570,1,SLICE,SLICE
71,200,70,200,1,0,1,474,1,SLICE,SLICE
78,210,79,210,1,0,1,446,1,SLICE,SLICE
77,184,79,185,2,1,3,434,1,SLICE,SLICE
75,186,76,184,1,2,3,676,1,SLICE,SLICE
71,205,70,205,1,0,1,453,1,SLICE,SLICE
74,183,74,183,0,0,0,427,1,SLICE,SLICE
75,182,74,182,1,0,1,442,1,SLICE,SLICE
77,204,77,204,0,0,0,456,1,SLICE,SLICE
75,182,73,183,2,1,3,567,1,SLICE,SLICE
77,181,76,181,1,0,1,457,1,SLICE,SLICE
70,199,70,199,0,0,0,138,1,SLICE,SLICE
71,197,70,197,1,0,1,570,1,SLICE,SLICE
72,185,72,185,0,0,0,201,1,SLICE,SLICE
71,188,70,188,1,0,1,358,1,SLICE,SLICE
75,187,74,187,1,0,1,470,1,SLICE,SLICE
70,188,70,188,0,0,0,456,1,SLICE,SLICE
78,211,78,211,0,0,0,456,1,SLICE,SLICE
78,207,78,207,0,0,0,467,1,SLICE,SLICE
73,193,70,193,3,0,3,415,1,SLICE,SLICE
73,188,72,188,1,0,1,457,1,SLICE,SLICE
70,206,71,206,1,0,1,336,1,SLICE,SLICE
83,211,80,211,3,0,3,561,1,SLICE,SLICE
80,209,81,209,1,0,1,563,1,SLICE,SLICE
74,206,78,206,4,0,4,577,1,SLICE,SLICE
80,214,80,213,0,1,1,559,1,SLICE,SLICE
79,202,79,202,0,0,0,302,1,SLICE,SLICE
75,207,75,207,0,0,0,128,1,SLICE,SLICE
84,215,84,215,0,0,0,135,1,SLICE,SLICE
86,213,87,213,1,0,1,336,1,SLICE,SLICE
85,215,83,216,2,1,3,579,1,SLICE,SLICE
86,209,86,209,0,0,0,331,1,SLICE,SLICE
85,212,84,212,1,0,1,446,1,SLICE,SLICE
75,204,74,204,1,0,1,555,1,SLICE,SLICE
79,209,78,209,1,0,1,442,1,SLICE,SLICE
85,212,84,212,1,0,1,276,1,SLICE,SLICE
85,215,84,215,1,0,1,600,1,SLICE,SLICE
74,204,74,204,0,0,0,136,1,SLICE,SLICE
75,190,74,190,1,0,1,358,1,SLICE,SLICE
75,201,74,201,1,0,1,358,1,SLICE,SLICE
79,211,78,211,1,0,1,474,1,SLICE,SLICE
75,203,74,205,1,2,3,464,1,SLICE,SLICE
81,210,80,210,1,0,1,446,1,SLICE,SLICE
81,198,79,198,2,0,2,458,1,SLICE,SLICE
87,215,86,215,1,0,1,442,1,SLICE,SLICE
88,214,88,214,0,0,0,132,1,SLICE,SLICE
72,195,74,191,2,4,6,785,1,SLICE,SLICE
73,195,72,195,1,0,1,345,1,SLICE,SLICE
75,196,74,195,1,1,2,235,1,SLICE,SLICE
72,202,72,202,0,0,0,132,1,SLICE,SLICE
75,194,81,190,6,4,10,488,1,SLICE,SLICE
72,201,72,201,0,0,0,460,1,SLICE,SLICE
73,197,74,196,1,1,2,253,1,SLICE,SLICE
87,207,88,207,1,0,1,237,1,SLICE,SLICE
86,208,86,207,0,1,1,543,1,SLICE,SLICE
87,208,86,208,1,0,1,443,1,SLICE,SLICE
84,213,80,211,4,2,6,718,1,SLICE,SLICE
79,193,78,193,1,0,1,600,1,SLICE,SLICE
89,207,88,207,1,0,1,457,1,SLICE,SLICE
79,193,78,193,1,0,1,358,1,SLICE,SLICE
77,191,80,190,3,1,4,370,1,SLICE,SLICE
81,193,80,188,1,5,6,787,1,SLICE,SLICE
80,205,80,205,0,0,0,132,1,SLICE,SLICE
78,202,76,200,2,2,4,694,1,SLICE,SLICE
79,196,78,196,1,0,1,474,1,SLICE,SLICE
79,206,78,206,1,0,1,558,1,SLICE,SLICE
76,200,78,197,2,3,5,555,1,SLICE,SLICE
77,197,78,196,1,1,2,251,1,SLICE,SLICE
77,196,78,197,1,1,2,574,1,SLICE,SLICE
79,203,78,203,1,0,1,470,1,SLICE,SLICE
77,205,76,204,1,1,2,403,1,SLICE,SLICE
79,202,78,202,1,0,1,559,1,SLICE,SLICE
83,208,85,210,2,2,4,568,1,SLICE,SLICE
77,190,76,190,1,0,1,701,1,SLICE,SLICE
77,193,76,191,1,2,3,420,1,SLICE,SLICE
77,206,77,208,0,2,2,569,1,SLICE,SLICE
78,183,78,183,0,0,0,331,1,SLICE,SLICE
89,209,88,209,1,0,1,563,1,SLICE,SLICE
87,212,86,212,1,0,1,443,1,SLICE,SLICE
78,199,80,192,2,7,9,519,2,SLICE,SLICE
78,199,78,199,0,0,0,330,2,SLICE,SLICE
75,205,78,203,3,2,5,671,1,SLICE,SLICE
89,213,86,212,3,1,4,566,1,SLICE,SLICE
78,190,76,189,2,1,3,585,1,SLICE,SLICE
87,220,86,220,1,0,1,363,1,SLICE,SLICE
79,226,78,221,1,5,6,645,1,SLICE,SLICE
88,224,88,224,0,0,0,425,1,SLICE,SLICE
86,235,84,235,2,0,2,446,1,SLICE,SLICE
86,232,84,230,2,2,4,692,2,SLICE,SLICE
86,232,84,229,2,3,5,538,2,SLICE,SLICE
85,232,86,236,1,4,5,724,1,SLICE,SLICE
89,235,85,233,4,2,6,558,1,SLICE,SLICE
88,234,88,232,0,2,2,426,1,SLICE,SLICE
79,235,78,235,1,0,1,472,1,SLICE,SLICE
77,239,76,239,1,0,1,605,1,SLICE,SLICE
77,239,79,237,2,2,4,348,1,SLICE,SLICE
85,258,84,258,1,0,1,458,1,SLICE,SLICE
86,249,87,248,1,1,2,294,1,SLICE,SLICE
90,272,91,271,1,1,2,557,1,SLICE,SLICE
90,272,90,278,0,6,6,670,1,SLICE,SLICE
89,275,90,277,1,2,3,443,1,SLICE,SLICE
72,242,73,242,1,0,1,336,1,SLICE,SLICE
74,241,74,241,0,0,0,459,1,SLICE,SLICE
84,260,85,260,1,0,1,450,1,SLICE,SLICE
81,238,81,239,0,1,1,436,1,SLICE,SLICE
81,239,81,237,0,2,2,415,1,SLICE,SLICE
79,228,78,228,1,0,1,363,1,SLICE,SLICE
80,236,80,236,0,0,0,132,1,SLICE,SLICE
77,233,79,232,2,1,3,244,1,SLICE,SLICE
87,254,86,254,1,0,1,363,1,SLICE,SLICE
87,254,86,254,1,0,1,358,1,SLICE,SLICE
91,267,91,267,0,0,0,128,1,SLICE,SLICE
83,231,82,231,1,0,1,442,1,SLICE,SLICE
76,231,79,230,3,1,4,247,1,SLICE,SLICE
81,240,80,240,1,0,1,448,1,SLICE,SLICE
77,235,80,231,3,4,7,460,1,SLICE,SLICE
81,232,81,228,0,4,4,630,1,SLICE,SLICE
77,238,76,238,1,0,1,345,1,SLICE,SLICE
76,231,80,229,4,2,6,773,2,SLICE,SLICE
76,231,78,230,2,1,3,543,2,SLICE,SLICE
89,263,88,263,1,0,1,276,1,SLICE,SLICE
76,236,76,236,0,0,0,308,1,SLICE,SLICE
89,264,88,264,1,0,1,566,1,SLICE,SLICE
83,234,82,234,1,0,1,358,1,SLICE,SLICE
81,233,81,233,0,0,0,461,1,SLICE,SLICE
79,230,78,230,1,0,1,600,1,SLICE,SLICE
77,235,78,238,1,3,4,704,1,SLICE,SLICE
73,238,73,239,0,1,1,296,1,SLICE,SLICE
74,239,76,239,2,0,2,327,1,SLICE,SLICE
72,237,74,237,2,0,2,427,1,SLICE,SLICE
75,235,78,231,3,4,7,795,1,SLICE,SLICE
80,230,80,226,0,4,4,804,1,SLICE,SLICE
81,241,81,243,0,2,2,408,1,SLICE,SLICE
75,236,75,236,0,0,0,193,1,SLICE,SLICE
79,233,78,233,1,0,1,443,1,SLICE,SLICE
73,236,72,236,1,0,1,550,1,SLICE,SLICE
91,274,91,273,0,1,1,546,1,SLICE,SLICE
84,260,84,260,0,0,0,201,1,SLICE,SLICE
85,251,85,251,0,0,0,302,1,SLICE,SLICE
83,262,84,261,1,1,2,434,1,SLICE,SLICE
84,250,84,250,0,0,0,461,1,SLICE,SLICE
87,262,86,262,1,0,1,545,1,SLICE,SLICE
92,249,88,249,4,0,4,562,1,SLICE,SLICE
90,263,90,263,0,0,0,212,1,SLICE,SLICE
79,242,76,243,3,1,4,255,1,SLICE,SLICE
81,243,80,241,1,2,3,247,1,SLICE,SLICE
88,248,88,248,0,0,0,315,1,SLICE,SLICE
88,252,88,252,0,0,0,550,1,SLICE,SLICE
91,265,92,265,1,0,1,239,1,SLICE,SLICE
85,248,84,248,1,0,1,446,1,SLICE,SLICE
79,241,78,240,1,1,2,349,2,SLICE,SLICE
79,241,78,241,1,0,1,554,2,SLICE,SLICE
91,271,90,271,1,0,1,363,1,SLICE,SLICE
91,268,91,268,0,0,0,193,1,SLICE,SLICE
80,242,80,242,0,0,0,456,1,SLICE,SLICE
83,241,82,240,1,1,2,534,1,SLICE,SLICE
83,241,83,242,0,1,1,443,1,SLICE,SLICE
90,254,91,254,1,0,1,447,1,SLICE,SLICE
91,260,91,259,0,1,1,558,1,SLICE,SLICE
91,260,91,260,0,0,0,455,1,SLICE,SLICE
93,254,90,249,3,5,8,412,1,SLICE,SLICE
91,250,91,252,0,2,2,247,1,SLICE,SLICE
90,250,90,247,0,3,3,499,1,SLICE,SLICE
88,258,88,260,0,2,2,459,1,SLICE,SLICE
91,271,93,269,2,2,4,520,1,SLICE,SLICE
89,255,88,255,1,0,1,560,1,SLICE,SLICE
89,255,90,249,1,6,7,713,1,SLICE,SLICE
91,245,90,247,1,2,3,431,1,SLICE,SLICE
90,276,91,276,1,0,1,336,1,SLICE,SLICE
93,264,92,264,1,0,1,276,1,SLICE,SLICE
90,256,91,253,1,3,4,520,1,SLICE,SLICE
92,248,92,248,0,0,0,308,1,SLICE,SLICE
93,272,92,263,1,9,10,943,1,SLICE,SLICE
93,258,92,258,1,0,1,448,1,SLICE,SLICE
93,257,92,257,1,0,1,560,1,SLICE,SLICE
93,275,92,274,1,1,2,456,1,SLICE,SLICE
92,274,91,272,1,2,3,427,1,SLICE,SLICE
91,258,90,258,1,0,1,461,1,SLICE,SLICE
91,278,90,277,1,1,2,542,1,SLICE,SLICE
91,260,90,260,1,0,1,442,1,SLICE,SLICE
92,264,90,264,2,0,2,681,1,SLICE,SLICE
89,260,88,260,1,0,1,448,1,SLICE,SLICE
90,248,89,250,1,2,3,357,2,SLICE,SLICE
90,248,90,248,0,0,0,330,2,SLICE,SLICE
88,262,88,262,0,0,0,426,1,SLICE,SLICE
91,245,92,246,1,1,2,455,1,SLICE,SLICE
93,257,92,255,1,2,3,556,1,SLICE,SLICE
91,249,91,249,0,0,0,306,1,SLICE,SLICE
91,265,90,265,1,0,1,443,1,SLICE,SLICE
89,251,88,248,1,3,4,525,1,SLICE,SLICE
86,256,86,256,0,0,0,136,1,SLICE,SLICE
79,249,78,239,1,10,11,549,1,SLICE,SLICE
87,258,86,258,1,0,1,463,1,SLICE,SLICE
79,237,78,237,1,0,1,443,1,SLICE,SLICE
73,242,74,242,1,0,1,242,1,SLICE,SLICE
79,242,76,242,3,0,3,566,2,SLICE,SLICE
79,242,78,242,1,0,1,367,2,SLICE,SLICE
78,240,78,240,0,0,0,210,1,SLICE,SLICE
86,245,86,245,0,0,0,138,1,SLICE,SLICE
91,262,90,264,1,2,3,558,1,SLICE,SLICE
76,262,76,262,0,0,0,461,1,SLICE,SLICE
79,266,78,266,1,0,1,474,1,SLICE,SLICE
82,265,85,264,3,1,4,337,1,SLICE,SLICE
85,263,84,263,1,0,1,446,1,SLICE,SLICE
83,265,86,266,3,1,4,711,1,SLICE,SLICE
85,269,81,269,4,0,4,419,1,SLICE,SLICE
81,250,82,251,1,1,2,568,1,SLICE,SLICE
82,271,80,271,2,0,2,237,1,SLICE,SLICE
82,254,82,249,0,5,5,402,1,SLICE,SLICE
79,268,78,268,1,0,1,358,1,SLICE,SLICE
82,255,81,255,1,0,1,232,1,SLICE,SLICE
80,258,81,258,1,0,1,444,1,SLICE,SLICE
80,264,82,257,2,7,9,846,1,SLICE,SLICE
82,264,81,264,1,0,1,556,1,SLICE,SLICE
86,269,86,269,0,0,0,507,1,SLICE,SLICE
83,261,82,261,1,0,1,472,1,SLICE,SLICE
81,261,80,261,1,0,1,446,1,SLICE,SLICE
81,258,82,255,1,3,4,723,1,SLICE,SLICE
80,271,82,271,2,0,2,422,1,SLICE,SLICE
81,264,80,265,1,1,2,411,1,SLICE,SLICE
82,264,80,264,2,0,2,552,1,SLICE,SLICE
82,269,80,266,2,3,5,773,1,SLICE,SLICE
81,257,80,257,1,0,1,461,1,SLICE,SLICE
81,265,80,265,1,0,1,457,1,SLICE,SLICE
82,263,80,265,2,2,4,655,1,SLICE,SLICE
83,265,81,262,2,3,5,679,1,SLICE,SLICE
81,256,80,255,1,1,2,237,1,SLICE,SLICE
81,255,82,254,1,1,2,246,1,SLICE,SLICE
83,274,82,274,1,0,1,356,1,SLICE,SLICE
80,269,81,268,1,1,2,560,1,SLICE,SLICE
83,272,79,271,4,1,5,366,1,SLICE,SLICE
79,269,78,269,1,0,1,358,1,SLICE,SLICE
76,265,76,265,0,0,0,135,1,SLICE,SLICE
82,274,80,274,2,0,2,401,1,SLICE,SLICE
76,275,78,273,2,2,4,560,1,SLICE,SLICE
79,274,79,260,0,14,14,769,2,SLICE,SLICE
79,274,78,274,1,0,1,375,2,SLICE,SLICE
81,270,80,270,1,0,1,444,1,SLICE,SLICE
79,273,79,273,0,0,0,456,1,SLICE,SLICE
77,272,78,271,1,1,2,549,1,SLICE,SLICE
79,273,80,273,1,0,1,342,1,SLICE,SLICE
77,258,77,255,0,3,3,668,1,SLICE,SLICE
77,256,76,256,1,0,1,566,1,SLICE,SLICE
75,262,74,265,1,3,4,549,1,SLICE,SLICE
79,271,78,267,1,4,5,678,1,SLICE,SLICE
79,271,74,271,5,0,5,566,1,SLICE,SLICE
78,276,79,275,1,1,2,514,1,SLICE,SLICE
80,278,78,278,2,0,2,432,1,SLICE,SLICE
78,254,78,254,0,0,0,456,1,SLICE,SLICE
79,276,76,276,3,0,3,355,1,SLICE,SLICE
78,276,78,276,0,0,0,319,1,SLICE,SLICE
73,273,73,274,0,1,1,436,1,SLICE,SLICE
78,279,78,279,0,0,0,456,1,SLICE,SLICE
75,269,74,269,1,0,1,559,1,SLICE,SLICE
79,252,78,252,1,0,1,358,1,SLICE,SLICE
75,267,74,267,1,0,1,314,1,SLICE,SLICE
75,278,75,278,0,0,0,455,1,SLICE,SLICE
74,273,74,273,0,0,0,467,1,SLICE,SLICE
77,276,76,274,1,2,3,582,1,SLICE,SLICE
75,254,74,254,1,0,1,470,1,SLICE,SLICE
78,276,75,276,3,0,3,568,1,SLICE,SLICE
75,268,74,268,1,0,1,560,1,SLICE,SLICE
77,274,76,274,1,0,1,457,1,SLICE,SLICE
72,263,75,262,3,1,4,572,1,SLICE,SLICE
73,273,72,273,1,0,1,343,1,SLICE,SLICE
76,249,76,249,0,0,0,458,1,SLICE,SLICE
73,279,74,278,1,1,2,426,1,SLICE,SLICE
74,278,74,278,0,0,0,467,2,SLICE,SLICE
74,278,74,277,0,1,1,566,2,SLICE,SLICE
74,275,72,275,2,0,2,413,1,SLICE,SLICE
73,277,74,280,1,3,4,820,1,SLICE,SLICE
72,267,72,266,0,1,1,560,1,SLICE,SLICE
73,280,72,280,1,0,1,457,1,SLICE,SLICE
72,280,72,279,0,1,1,561,1,SLICE,SLICE
74,262,74,262,0,0,0,467,1,SLICE,SLICE
75,261,75,261,0,0,0,302,1,SLICE,SLICE
75,262,75,263,0,1,1,561,1,SLICE,SLICE
78,249,81,247,3,2,5,682,1,SLICE,SLICE
79,250,78,250,1,0,1,474,1,SLICE,SLICE
76,252,79,251,3,1,4,433,1,SLICE,SLICE
75,260,75,260,0,0,0,131,1,SLICE,SLICE
74,261,73,263,1,2,3,558,1,SLICE,SLICE
75,252,75,252,0,0,0,456,1,SLICE,SLICE
75,252,74,252,1,0,1,443,1,SLICE,SLICE
75,257,74,257,1,0,1,443,1,SLICE,SLICE
76,260,74,259,2,1,3,335,1,SLICE,SLICE
81,248,80,248,1,0,1,457,1,SLICE,SLICE
81,251,80,250,1,1,2,668,1,SLICE,SLICE
78,259,78,259,0,0,0,210,1,SLICE,SLICE
81,247,80,246,1,1,2,446,1,SLICE,SLICE
80,251,81,251,1,0,1,562,1,SLICE,SLICE
83,248,82,248,1,0,1,363,1,SLICE,SLICE
73,261,74,260,1,1,2,569,1,SLICE,SLICE
78,258,78,258,0,0,0,459,1,SLICE,SLICE
78,262,78,262,0,0,0,456,1,SLICE,SLICE
77,262,76,262,1,0,1,447,1,SLICE,SLICE
74,260,74,260,0,0,0,320,1,SLICE,SLICE
84,258,86,263,2,5,7,812,1,SLICE,SLICE
84,270,84,270,0,0,0,132,1,SLICE,SLICE
83,263,82,262,1,1,2,240,1,SLICE,SLICE
84,264,82,256,2,8,10,761,1,SLICE,SLICE
81,253,80,253,1,0,1,458,2,SLICE,SLICE
81,253,80,251,1,2,3,678,2,SLICE,SLICE
84,269,84,269,0,0,0,135,1,SLICE,SLICE
81,260,80,260,1,0,1,448,1,SLICE,SLICE
73,266,76,266,3,0,3,554,1,SLICE,SLICE
71,223,69,227,2,4,6,714,1,SLICE,SLICE
67,237,66,237,1,0,1,465,1,SLICE,SLICE
62,229,62,229,0,0,0,467,1,SLICE,SLICE
67,232,66,232,1,0,1,479,1,SLICE,SLICE
65,236,64,236,1,0,1,605,1,SLICE,SLICE
70,231,68,229,2,2,4,541,1,SLICE,SLICE
69,234,68,234,1,0,1,564,1,SLICE,SLICE
68,240,68,240,0,0,0,306,1,SLICE,SLICE
65,230,68,229,3,1,4,676,1,SLICE,SLICE
70,231,70,231,0,0,0,210,1,SLICE,SLICE
69,238,68,238,1,0,1,548,1,SLICE,SLICE
68,243,68,243,0,0,0,460,1,SLICE,SLICE
61,243,63,242,2,1,3,247,1,SLICE,SLICE
68,244,68,246,0,2,2,599,1,SLICE,SLICE
66,245,68,245,2,0,2,245,2,SLICE,SLICE
66,245,68,245,2,0,2,242,2,SLICE,SLICE
70,242,70,242,0,0,0,135,1,SLICE,SLICE
69,238,70,239,1,1,2,568,1,SLICE,SLICE
60,237,61,237,1,0,1,336,1,SLICE,SLICE
70,241,70,242,0,1,1,432,1,SLICE,SLICE
67,243,67,243,0,0,0,461,1,SLICE,SLICE
67,239,66,239,1,0,1,453,1,SLICE,SLICE
67,240,66,240,1,0,1,356,1,SLICE,SLICE
66,237,66,237,0,0,0,136,1,SLICE,SLICE
61,237,60,237,1,0,1,342,1,SLICE,SLICE
69,231,68,233,1,2,3,714,1,SLICE,SLICE
62,234,63,234,1,0,1,445,1,SLICE,SLICE
62,239,66,238,4,1,5,652,1,SLICE,SLICE
67,238,68,238,1,0,1,232,1,SLICE,SLICE
63,231,62,231,1,0,1,363,1,SLICE,SLICE
66,241,64,240,2,1,3,476,1,SLICE,SLICE
60,227,61,227,1,0,1,336,1,SLICE,SLICE
65,237,62,237,3,0,3,464,1,SLICE,SLICE
64,234,64,236,0,2,2,653,1,SLICE,SLICE
63,237,64,234,1,3,4,437,1,SLICE,SLICE
63,237,62,237,1,0,1,474,1,SLICE,SLICE
67,236,66,236,1,0,1,474,1,SLICE,SLICE
61,231,60,231,1,0,1,566,1,SLICE,SLICE
69,246,68,246,1,0,1,345,1,SLICE,SLICE
61,240,60,240,1,0,1,343,1,SLICE,SLICE
65,237,64,237,1,0,1,343,1,SLICE,SLICE
61,236,60,236,1,0,1,444,1,SLICE,SLICE
71,260,70,260,1,0,1,599,1,SLICE,SLICE
62,238,62,238,0,0,0,459,1,SLICE,SLICE
63,243,62,243,1,0,1,358,1,SLICE,SLICE
61,242,62,241,1,1,2,488,1,SLICE,SLICE
68,242,68,241,0,1,1,418,2,SLICE,SLICE
68,242,68,242,0,0,0,319,2,SLICE,SLICE
71,253,68,252,3,1,4,451,1,SLICE,SLICE
68,259,70,261,2,2,4,709,1,SLICE,SLICE
69,254,68,254,1,0,1,457,1,SLICE,SLICE
65,229,65,229,0,0,0,128,1,SLICE,SLICE
65,243,64,243,1,0,1,448,1,SLICE,SLICE
70,262,70,261,0,1,1,246,1,SLICE,SLICE
69,257,68,257,1,0,1,448,1,SLICE,SLICE
65,244,66,243,1,1,2,490,1,SLICE,SLICE
61,227,60,227,1,0,1,342,1,SLICE,SLICE
65,241,64,241,1,0,1,343,1,SLICE,SLICE
68,241,66,243,2,2,4,745,1,SLICE,SLICE
61,241,60,241,1,0,1,343,1,SLICE,SLICE
69,259,70,263,1,4,5,620,1,SLICE,SLICE
68,260,68,260,0,0,0,135,1,SLICE,SLICE
71,258,70,258,1,0,1,559,1,SLICE,SLICE
63,233,62,233,1,0,1,453,1,SLICE,SLICE
71,221,70,221,1,0,1,358,1,SLICE,SLICE
68,219,69,219,1,0,1,336,1,SLICE,SLICE
69,220,69,225,0,5,5,507,1,SLICE,SLICE
69,213,70,215,1,2,3,833,1,SLICE,SLICE
69,224,69,224,0,0,0,455,1,SLICE,SLICE
71,213,67,216,4,3,7,450,1,SLICE,SLICE
71,221,70,221,1,0,1,443,1,SLICE,SLICE
70,220,68,221,2,1,3,721,1,SLICE,SLICE
67,222,67,222,0,0,0,461,1,SLICE,SLICE
71,215,70,210,1,5,6,596,1,SLICE,SLICE
69,215,68,215,1,0,1,342,1,SLICE,SLICE
67,222,66,222,1,0,1,453,1,SLICE,SLICE
65,219,66,218,1,1,2,649,1,SLICE,SLICE
64,221,66,220,2,1,3,559,1,SLICE,SLICE
69,213,68,213,1,0,1,448,1,SLICE,SLICE
65,223,64,223,1,0,1,450,1,SLICE,SLICE
66,213,68,213,2,0,2,408,1,SLICE,SLICE
71,212,66,213,5,1,6,542,1,SLICE,SLICE
67,218,66,221,1,3,4,576,1,SLICE,SLICE
67,218,66,219,1,1,2,548,1,SLICE,SLICE
63,216,66,216,3,0,3,320,1,SLICE,SLICE
64,224,64,226,0,2,2,582,1,SLICE,SLICE
63,235,64,235,1,0,1,564,1,SLICE,SLICE
66,233,62,235,4,2,6,372,1,SLICE,SLICE
67,235,66,235,1,0,1,356,1,SLICE,SLICE
65,223,64,223,1,0,1,600,1,SLICE,SLICE
62,233,64,234,2,1,3,516,1,SLICE,SLICE
67,223,69,224,2,1,3,569,1,SLICE,SLICE
61,224,66,223,5,1,6,557,1,SLICE,SLICE
67,223,65,227,2,4,6,605,1,SLICE,SLICE
62,230,62,230,0,0,0,136,1,SLICE,SLICE
68,224,68,224,0,0,0,132,1,SLICE,SLICE
64,231,64,232,0,1,1,234,1,SLICE,SLICE
69,228,70,231,1,3,4,805,1,SLICE,SLICE
61,230,64,227,3,3,6,388,1,SLICE,SLICE
60,230,60,230,0,0,0,201,1,SLICE,SLICE
69,230,68,230,1,0,1,448,1,SLICE,SLICE
69,229,68,247,1,18,19,1191,1,SLICE,SLICE
69,231,70,235,1,4,5,512,1,SLICE,SLICE
61,227,60,227,1,0,1,448,1,SLICE,SLICE
65,231,62,232,3,1,4,553,1,SLICE,SLICE
55,218,56,219,1,1,2,314,1,SLICE,SLICE
53,215,55,222,2,7,9,568,1,SLICE,SLICE
55,219,54,218,1,1,2,435,1,SLICE,SLICE
58,223,56,227,2,4,6,804,1,SLICE,SLICE
54,220,55,220,1,0,1,446,1,SLICE,SLICE
52,220,55,220,3,0,3,574,1,SLICE,SLICE
57,223,60,224,3,1,4,673,1,SLICE,SLICE
55,219,54,219,1,0,1,474,1,SLICE,SLICE
54,222,58,222,4,0,4,429,1,SLICE,SLICE
55,224,54,224,1,0,1,559,1,SLICE,SLICE
56,243,56,243,0,0,0,142,1,SLICE,SLICE
55,240,56,240,1,0,1,338,1,SLICE,SLICE
57,230,57,225,0,5,5,806,1,SLICE,SLICE
57,233,57,232,0,1,1,560,1,SLICE,SLICE
59,233,58,233,1,0,1,363,1,SLICE,SLICE
59,237,58,237,1,0,1,558,1,SLICE,SLICE
58,231,58,231,0,0,0,459,1,SLICE,SLICE
57,237,56,236,1,1,2,573,1,SLICE,SLICE
59,234,58,234,1,0,1,470,1,SLICE,SLICE
59,234,59,234,0,0,0,302,1,SLICE,SLICE
57,228,57,229,0,1,1,436,1,SLICE,SLICE
54,235,54,235,0,0,0,331,1,SLICE,SLICE
57,240,56,240,1,0,1,558,1,SLICE,SLICE
56,225,56,225,0,0,0,142,1,SLICE,SLICE
53,234,54,238,1,4,5,734,1,SLICE,SLICE
55,238,54,238,1,0,1,358,1,SLICE,SLICE
57,240,57,238,0,2,2,634,1,SLICE,SLICE
54,236,54,236,0,0,0,138,1,SLICE,SLICE
55,236,58,232,3,4,7,713,1,SLICE,SLICE
57,230,58,227,1,3,4,431,1,SLICE,SLICE
55,231,55,231,0,0,0,302,1,SLICE,SLICE
52,239,54,239,2,0,2,470,1,SLICE,SLICE
51,229,55,227,4,2,6,725,1,SLICE,SLICE
55,241,54,241,1,0,1,470,1,SLICE,SLICE
52,230,55,227,3,3,6,717,1,SLICE,SLICE
53,234,53,234,0,0,0,302,1,SLICE,SLICE
53,230,52,230,1,0,1,472,1,SLICE,SLICE
59,228,58,227,1,1,2,457,1,SLICE,SLICE
55,225,54,225,1,0,1,358,1,SLICE,SLICE
59,228,58,228,1,0,1,470,1,SLICE,SLICE
53,221,52,221,1,0,1,358,1,SLICE,SLICE
50,223,51,223,1,0,1,446,1,SLICE,SLICE
50,232,50,232,0,0,0,331,1,SLICE,SLICE
53,223,52,223,1,0,1,558,1,SLICE,SLICE
51,225,51,225,0,0,0,456,1,SLICE,SLICE
52,222,52,222,0,0,0,222,2,SLICE,SLICE
52,222,52,222,0,0,0,469,2,SLICE,SLICE
51,220,50,220,1,0,1,358,1,SLICE,SLICE
51,231,50,232,1,1,2,543,1,SLICE,SLICE
49,222,50,221,1,1,2,685,1,SLICE,SLICE
51,222,51,222,0,0,0,127,1,SLICE,SLICE
51,222,51,220,0,2,2,456,1,SLICE,SLICE
48,218,51,216,3,2,5,836,1,SLICE,SLICE
49,215,48,215,1,0,1,446,1,SLICE,SLICE
49,222,48,222,1,0,1,564,1,SLICE,SLICE
49,212,48,210,1,2,3,418,1,SLICE,SLICE
50,225,50,225,0,0,0,135,1,SLICE,SLICE
48,218,48,217,0,1,1,558,1,SLICE,SLICE
50,215,51,215,1,0,1,555,1,SLICE,SLICE
53,217,52,217,1,0,1,358,1,SLICE,SLICE
51,233,50,233,1,0,1,442,1,SLICE,SLICE
49,219,48,220,1,1,2,237,1,SLICE,SLICE
49,218,48,218,1,0,1,564,1,SLICE,SLICE
52,209,52,209,0,0,0,545,1,SLICE,SLICE
50,211,51,210,1,1,2,447,1,SLICE,SLICE
52,213,54,220,2,7,9,698,1,SLICE,SLICE
52,214,52,213,0,1,1,459,1,SLICE,SLICE
52,216,50,214,2,2,4,565,1,SLICE,SLICE
50,207,51,207,1,0,1,446,1,SLICE,SLICE
51,214,50,214,1,0,1,558,1,SLICE,SLICE
52,217,52,217,0,0,0,210,1,SLICE,SLICE
50,209,51,209,1,0,1,555,1,SLICE,SLICE
53,213,50,211,3,2,5,536,1,SLICE,SLICE
55,217,54,217,1,0,1,453,1,SLICE,SLICE
55,217,58,218,3,1,4,573,1,SLICE,SLICE
59,215,58,215,1,0,1,470,1,SLICE,SLICE
58,220,60,219,2,1,3,691,1,SLICE,SLICE
61,221,60,219,1,2,3,819,2,SLICE,SLICE
61,221,60,221,1,0,1,446,2,SLICE,SLICE
57,221,56,221,1,0,1,358,1,SLICE,SLICE
61,217,61,216,0,1,1,446,1,SLICE,SLICE
56,214,56,214,0,0,0,467,1,SLICE,SLICE
57,216,57,218,0,2,2,560,1,SLICE,SLICE
59,217,56,214,3,3,6,432,1,SLICE,SLICE
58,215,57,213,1,2,3,361,1,SLICE,SLICE
57,211,57,209,0,2,2,556,1,SLICE,SLICE
55,212,54,211,1,1,2,422,1,SLICE,SLICE
55,212,56,211,1,1,2,552,1,SLICE,SLICE
56,219,60,217,4,2,6,569,1,SLICE,SLICE
58,213,58,213,0,0,0,456,1,SLICE,SLICE
57,220,58,216,1,4,5,567,1,SLICE,SLICE
63,217,61,218,2,1,3,429,1,SLICE,SLICE
58,221,57,221,1,0,1,568,1,SLICE,SLICE
55,212,54,212,1,0,1,559,1,SLICE,SLICE
55,210,54,210,1,0,1,472,1,SLICE,SLICE
61,212,60,218,1,6,7,797,1,SLICE,SLICE
58,211,61,214,3,3,6,577,1,SLICE,SLICE
54,208,57,207,3,1,4,293,1,SLICE,SLICE
61,217,60,217,1,0,1,444,1,SLICE,SLICE
58,208,58,208,0,0,0,136,1,SLICE,SLICE
63,221,62,221,1,0,1,569,2,SLICE,SLICE
63,221,64,221,1,0,1,424,2,SLICE,SLICE
56,212,57,207,1,5,6,597,1,SLICE,SLICE
63,216,61,217,2,1,3,569,1,SLICE,SLICE
61,214,62,218,1,4,5,666,1,SLICE,SLICE
59,244,58,244,1,0,1,600,1,SLICE,SLICE
60,255,60,255,0,0,0,461,1,SLICE,SLICE
61,263,60,262,1,1,2,303,1,SLICE,SLICE
62,269,63,269,1,0,1,555,1,SLICE,SLICE
61,262,60,262,1,0,1,566,1,SLICE,SLICE
64,254,63,254,1,0,1,556,1,SLICE,SLICE
65,270,64,270,1,0,1,563,1,SLICE,SLICE
62,279,62,279,0,0,0,319,1,SLICE,SLICE
64,278,64,277,0,1,1,446,1,SLICE,SLICE
61,244,56,243,5,1,6,424,1,SLICE,SLICE
66,272,67,272,1,0,1,446,1,SLICE,SLICE
61,253,60,253,1,0,1,458,1,SLICE,SLICE
53,241,53,236,0,5,5,722,1,SLICE,SLICE
63,264,63,264,0,0,0,455,1,SLICE,SLICE
58,244,58,245,0,1,1,237,1,SLICE,SLICE
53,243,53,242,0,1,1,557,1,SLICE,SLICE
52,234,52,234,0,0,0,331,1,SLICE,SLICE
53,243,54,243,1,0,1,432,1,SLICE,SLICE
58,250,63,250,5,0,5,665,1,SLICE,SLICE
53,241,52,240,1,1,2,235,1,SLICE,SLICE
51,240,50,239,1,1,2,418,1,SLICE,SLICE
50,239,51,239,1,0,1,446,1,SLICE,SLICE
61,263,62,264,1,1,2,490,1,SLICE,SLICE
65,260,60,260,5,0,5,315,1,SLICE,SLICE
61,271,60,271,1,0,1,345,1,SLICE,SLICE
48,241,51,238,3,3,6,654,1,SLICE,SLICE
49,237,49,237,0,0,0,302,1,SLICE,SLICE
49,241,48,243,1,2,3,574,1,SLICE,SLICE
53,238,52,242,1,4,5,585,1,SLICE,SLICE
48,241,48,236,0,5,5,750,1,SLICE,SLICE
61,272,62,270,1,2,3,675,1,SLICE,SLICE
61,272,60,272,1,0,1,447,1,SLICE,SLICE
53,242,52,242,1,0,1,558,1,SLICE,SLICE
61,277,63,276,2,1,3,247,1,SLICE,SLICE
61,246,60,249,1,3,4,522,1,SLICE,SLICE
60,246,60,246,0,0,0,132,1,SLICE,SLICE
48,242,57,246,9,4,13,813,1,SLICE,SLICE
63,270,62,270,1,0,1,474,1,SLICE,SLICE
57,245,53,243,4,2,6,771,1,SLICE,SLICE
63,277,62,277,1,0,1,461,1,SLICE,SLICE
61,260,60,260,1,0,1,444,1,SLICE,SLICE
60,273,60,273,0,0,0,308,1,SLICE,SLICE
56,246,56,246,0,0,0,331,1,SLICE,SLICE
50,242,50,240,0,2,2,570,1,SLICE,SLICE
53,242,52,242,1,0,1,462,1,SLICE,SLICE
57,247,57,247,0,0,0,455,1,SLICE,SLICE
62,274,62,274,0,0,0,138,1,SLICE,SLICE
63,271,67,271,4,0,4,637,1,SLICE,SLICE
63,278,66,277,3,1,4,549,1,SLICE,SLICE
51,243,50,243,1,0,1,442,1,SLICE,SLICE
63,279,62,280,1,1,2,310,1,SLICE,SLICE
63,273,62,273,1,0,1,559,1,SLICE,SLICE
62,251,62,251,0,0,0,467,1,SLICE,SLICE
60,251,60,251,0,0,0,132,1,SLICE,SLICE
63,257,62,257,1,0,1,363,1,SLICE,SLICE
62,247,63,248,1,1,2,403,1,SLICE,SLICE
61,247,63,247,2,0,2,236,1,SLICE,SLICE
63,274,65,274,2,0,2,540,1,SLICE,SLICE
67,264,66,261,1,3,4,349,1,SLICE,SLICE
66,264,66,264,0,0,0,136,1,SLICE,SLICE
65,255,64,244,1,11,12,972,1,SLICE,SLICE
67,263,68,263,1,0,1,558,1,SLICE,SLICE
65,275,62,275,3,0,3,455,1,SLICE,SLICE
66,259,62,259,4,0,4,530,1,SLICE,SLICE
65,246,64,246,1,0,1,550,1,SLICE,SLICE
69,268,69,268,0,0,0,455,1,SLICE,SLICE
66,249,66,249,0,0,0,212,1,SLICE,SLICE
69,270,69,271,0,1,1,236,1,SLICE,SLICE
65,246,64,249,1,3,4,352,1,SLICE,SLICE
67,254,66,255,1,1,2,236,1,SLICE,SLICE
69,279,68,279,1,0,1,342,1,SLICE,SLICE
69,276,69,279,0,3,3,674,1,SLICE,SLICE
68,277,68,276,0,1,1,408,1,SLICE,SLICE
66,253,62,252,4,1,5,677,1,SLICE,SLICE
66,253,64,250,2,3,5,702,1,SLICE,SLICE
66,255,64,257,2,2,4,530,1,SLICE,SLICE
65,271,66,271,1,0,1,463,1,SLICE,SLICE
69,248,66,245,3,3,6,553,1,SLICE,SLICE
62,249,64,248,2,1,3,665,1,SLICE,SLICE
62,249,64,247,2,2,4,568,1,SLICE,SLICE
63,250,62,250,1,0,1,453,1,SLICE,SLICE
65,245,66,244,1,1,2,449,1,SLICE,SLICE
67,257,66,257,1,0,1,356,1,SLICE,SLICE
63,257,62,257,1,0,1,472,1,SLICE,SLICE
64,259,64,260,0,1,1,448,1,SLICE,SLICE
65,258,64,258,1,0,1,564,1,SLICE,SLICE
65,271,67,266,2,5,7,462,1,SLICE,SLICE
63,258,62,258,1,0,1,358,1,SLICE,SLICE
67,253,66,253,1,0,1,472,1,SLICE,SLICE
66,274,68,269,2,5,7,810,1,SLICE,SLICE
66,268,68,271,2,3,5,374,1,SLICE,SLICE
61,256,60,256,1,0,1,564,1,SLICE,SLICE
65,267,64,267,1,0,1,457,1,SLICE,SLICE
65,260,64,260,1,0,1,457,1,SLICE,SLICE
68,279,68,279,0,0,0,132,1,SLICE,SLICE
69,264,62,265,7,1,8,658,1,SLICE,SLICE
66,272,68,272,2,0,2,301,1,SLICE,SLICE
68,280,68,280,0,0,0,201,1,SLICE,SLICE
65,261,64,261,1,0,1,444,1,SLICE,SLICE
65,276,64,276,1,0,1,454,2,SLICE,SLICE
65,276,62,275,3,1,4,451,2,SLICE,SLICE
66,278,64,280,2,2,4,536,1,SLICE,SLICE
67,276,66,275,1,1,2,559,1,SLICE,SLICE
66,267,66,267,0,0,0,459,1,SLICE,SLICE
57,251,57,251,0,0,0,193,1,SLICE,SLICE
55,248,52,250,3,2,5,586,1,SLICE,SLICE
56,251,58,251,2,0,2,247,1,SLICE,SLICE
54,244,55,244,1,0,1,296,1,SLICE,SLICE
57,251,56,251,1,0,1,479,1,SLICE,SLICE
51,248,54,248,3,0,3,689,1,SLICE,SLICE
55,244,54,248,1,4,5,673,1,SLICE,SLICE
56,253,56,251,0,2,2,568,1,SLICE,SLICE
51,254,52,250,1,4,5,457,1,SLICE,SLICE
51,254,50,254,1,0,1,358,1,SLICE,SLICE
47,258,46,258,1,0,1,453,1,SLICE,SLICE
54,254,56,253,2,1,3,467,1,SLICE,SLICE
57,254,57,254,0,0,0,456,1,SLICE,SLICE
54,259,56,255,2,4,6,601,1,SLICE,SLICE
57,257,57,257,0,0,0,131,1,SLICE,SLICE
58,257,56,255,2,2,4,574,1,SLICE,SLICE
55,258,54,258,1,0,1,461,1,SLICE,SLICE
54,257,57,257,3,0,3,671,1,SLICE,SLICE
54,256,54,257,0,1,1,457,1,SLICE,SLICE
57,265,56,262,1,3,4,674,1,SLICE,SLICE
47,266,46,266,1,0,1,474,1,SLICE,SLICE
44,265,44,265,0,0,0,132,1,SLICE,SLICE
59,267,58,267,1,0,1,311,1,SLICE,SLICE
49,262,51,262,2,0,2,675,1,SLICE,SLICE
57,264,57,264,0,0,0,455,1,SLICE,SLICE
59,262,58,262,1,0,1,363,1,SLICE,SLICE
56,267,56,267,0,0,0,212,1,SLICE,SLICE
54,262,55,262,1,0,1,345,1,SLICE,SLICE
57,266,56,268,1,2,3,472,1,SLICE,SLICE
56,266,58,264,2,2,4,680,1,SLICE,SLICE
55,265,56,265,1,0,1,555,1,SLICE,SLICE
56,276,56,275,0,1,1,556,1,SLICE,SLICE
54,270,56,271,2,1,3,441,1,SLICE,SLICE
57,268,56,268,1,0,1,472,1,SLICE,SLICE
55,266,54,266,1,0,1,461,1,SLICE,SLICE
55,268,54,268,1,0,1,560,1,SLICE,SLICE
55,272,54,272,1,0,1,443,1,SLICE,SLICE
55,269,54,271,1,2,3,474,1,SLICE,SLICE
54,269,54,269,0,0,0,138,1,SLICE,SLICE
57,268,56,269,1,1,2,305,1,SLICE,SLICE
55,270,56,269,1,1,2,439,1,SLICE,SLICE
49,263,51,260,2,3,5,590,1,SLICE,SLICE
46,270,48,270,2,0,2,558,1,SLICE,SLICE
49,267,48,267,1,0,1,446,1,SLICE,SLICE
47,270,46,270,1,0,1,363,1,SLICE,SLICE
49,267,46,270,3,3,6,586,1,SLICE,SLICE
51,262,52,263,1,1,2,660,1,SLICE,SLICE
49,270,48,270,1,0,1,343,1,SLICE,SLICE
51,266,52,265,1,1,2,481,1,SLICE,SLICE
51,265,50,266,1,1,2,238,1,SLICE,SLICE
48,270,48,270,0,0,0,460,1,SLICE,SLICE
49,263,48,259,1,4,5,444,1,SLICE,SLICE
49,272,51,271,2,1,3,543,1,SLICE,SLICE
49,272,48,272,1,0,1,451,1,SLICE,SLICE
46,273,49,273,3,0,3,231,1,SLICE,SLICE
48,269,48,269,0,0,0,201,1,SLICE,SLICE
51,270,50,263,1,7,8,710,2,SLICE,SLICE
51,270,50,267,1,3,4,358,2,SLICE,SLICE
47,264,44,262,3,2,5,366,1,SLICE,SLICE
48,272,46,274,2,2,4,672,1,SLICE,SLICE
51,265,50,264,1,1,2,559,1,SLICE,SLICE
51,273,50,272,1,1,2,237,1,SLICE,SLICE
53,268,52,268,1,0,1,558,1,SLICE,SLICE
51,274,51,274,0,0,0,127,1,SLICE,SLICE
51,272,50,272,1,0,1,278,1,SLICE,SLICE
51,277,52,272,1,5,6,553,1,SLICE,SLICE
50,277,51,273,1,4,5,429,1,SLICE,SLICE
53,273,52,273,1,0,1,358,1,SLICE,SLICE
50,271,52,271,2,0,2,429,1,SLICE,SLICE
53,269,52,269,1,0,1,356,1,SLICE,SLICE
46,276,46,276,0,0,0,459,1,SLICE,SLICE
47,276,45,278,2,2,4,690,1,SLICE,SLICE
51,281,50,278,1,3,4,667,1,SLICE,SLICE
50,273,50,273,0,0,0,456,1,SLICE,SLICE
48,277,48,277,0,0,0,135,1,SLICE,SLICE
49,277,48,277,1,0,1,451,1,SLICE,SLICE
52,278,52,278,0,0,0,320,1,SLICE,SLICE
44,278,44,278,0,0,0,132,1,SLICE,SLICE
52,275,52,274,0,1,1,587,1,SLICE,SLICE
53,276,52,276,1,0,1,443,1,SLICE,SLICE
55,278,54,276,1,2,3,563,1,SLICE,SLICE
55,275,54,275,1,0,1,358,1,SLICE,SLICE
47,279,46,280,1,1,2,305,1,SLICE,SLICE
55,279,54,278,1,1,2,306,1,SLICE,SLICE
49,256,48,256,1,0,1,448,1,SLICE,SLICE
51,255,50,255,1,0,1,358,1,SLICE,SLICE
47,261,46,261,1,0,1,461,1,SLICE,SLICE
49,255,48,255,1,0,1,345,1,SLICE,SLICE
50,265,52,262,2,3,5,373,2,SLICE,SLICE
50,265,50,261,0,4,4,805,2,SLICE,SLICE
51,260,50,258,1,2,3,579,1,SLICE,SLICE
53,258,53,258,0,0,0,131,1,SLICE,SLICE
51,258,50,258,1,0,1,472,1,SLICE,SLICE
50,258,50,259,0,1,1,436,1,SLICE,SLICE
46,262,46,263,0,1,1,420,1,SLICE,SLICE
55,252,54,252,1,0,1,474,1,SLICE,SLICE
48,254,48,254,0,0,0,201,1,SLICE,SLICE
53,250,52,251,1,1,2,305,1,SLICE,SLICE
44,261,44,261,0,0,0,458,1,SLICE,SLICE
50,257,50,256,0,1,1,556,1,SLICE,SLICE
48,253,48,253,0,0,0,201,1,SLICE,SLICE
55,251,54,251,1,0,1,490,2,SLICE,SLICE
55,251,52,252,3,1,4,660,2,SLICE,SLICE
58,252,54,251,4,1,5,639,1,SLICE,SLICE
55,253,58,255,3,2,5,367,1,SLICE,SLICE
53,246,52,246,1,0,1,472,1,SLICE,SLICE
34,269,35,269,1,0,1,561,1,SLICE,SLICE
34,263,35,263,1,0,1,344,1,SLICE,SLICE
38,268,39,268,1,0,1,407,1,SLICE,SLICE
38,270,39,268,1,2,3,556,1,SLICE,SLICE
36,268,39,269,3,1,4,260,1,SLICE,SLICE
32,248,35,249,3,1,4,581,1,SLICE,SLICE
35,270,36,269,1,1,2,666,1,SLICE,SLICE
32,271,34,272,2,1,3,326,1,SLICE,SLICE
35,272,36,269,1,3,4,781,1,SLICE,SLICE
35,269,35,267,0,2,2,456,1,SLICE,SLICE
32,277,35,277,3,0,3,406,1,SLICE,SLICE
39,273,39,273,0,0,0,418,1,SLICE,SLICE
36,274,36,274,0,0,0,202,1,SLICE,SLICE
35,275,34,273,1,2,3,467,1,SLICE,SLICE
38,274,38,274,0,0,0,331,1,SLICE,SLICE
39,274,38,274,1,0,1,358,1,SLICE,SLICE
37,273,38,272,1,1,2,573,1,SLICE,SLICE
35,273,36,272,1,1,2,678,1,SLICE,SLICE
35,276,34,276,1,0,1,560,1,SLICE,SLICE
35,275,34,277,1,2,3,456,1,SLICE,SLICE
41,272,40,274,1,2,3,564,1,SLICE,SLICE
40,277,41,279,1,2,3,418,1,SLICE,SLICE
39,277,38,277,1,0,1,474,1,SLICE,SLICE
43,276,40,277,3,1,4,788,1,SLICE,SLICE
43,274,42,274,1,0,1,479,1,SLICE,SLICE
40,278,42,276,2,2,4,678,1,SLICE,SLICE
42,270,45,272,3,2,5,358,1,SLICE,SLICE
43,272,42,272,1,0,1,463,1,SLICE,SLICE
32,279,34,279,2,0,2,442,1,SLICE,SLICE
37,279,36,279,1,0,1,448,1,SLICE,SLICE
35,280,34,278,1,2,3,244,1,SLICE,SLICE
42,271,42,268,0,3,3,679,1,SLICE,SLICE
41,272,42,271,1,1,2,446,1,SLICE,SLICE
43,271,44,272,1,1,2,565,1,SLICE,SLICE
40,271,42,268,2,3,5,363,1,SLICE,SLICE
45,271,44,269,1,2,3,778,2,SLICE,SLICE
45,271,44,271,1,0,1,570,2,SLICE,SLICE
42,274,42,274,0,0,0,319,1,SLICE,SLICE
41,277,42,276,1,1,2,575,1,SLICE,SLICE
40,278,40,277,0,1,1,561,1,SLICE,SLICE
42,276,42,278,0,2,2,477,1,SLICE,SLICE
43,276,45,275,2,1,3,546,1,SLICE,SLICE
30,258,35,260,5,2,7,923,1,SLICE,SLICE
39,265,43,265,4,0,4,569,1,SLICE,SLICE
41,265,40,263,1,2,3,418,1,SLICE,SLICE
38,266,39,265,1,1,2,549,1,SLICE,SLICE
40,266,40,266,0,0,0,320,1,SLICE,SLICE
44,267,44,266,0,1,1,444,1,SLICE,SLICE
39,266,39,265,0,1,1,414,1,SLICE,SLICE
39,266,38,267,1,1,2,548,1,SLICE,SLICE
43,264,40,264,3,0,3,240,1,SLICE,SLICE
35,251,34,251,1,0,1,461,1,SLICE,SLICE
30,257,36,258,6,1,7,378,1,SLICE,SLICE
42,256,43,256,1,0,1,446,1,SLICE,SLICE
40,254,42,253,2,1,3,480,1,SLICE,SLICE
40,255,41,254,1,1,2,556,1,SLICE,SLICE
44,247,44,247,0,0,0,250,1,SLICE,SLICE
45,248,44,248,1,0,1,345,1,SLICE,SLICE
38,257,39,257,1,0,1,272,1,SLICE,SLICE
37,257,36,257,1,0,1,457,1,SLICE,SLICE
35,257,35,256,0,1,1,445,1,SLICE,SLICE
42,255,42,255,0,0,0,459,1,SLICE,SLICE
43,255,42,255,1,0,1,460,1,SLICE,SLICE
39,255,39,257,0,2,2,452,1,SLICE,SLICE
33,248,34,248,1,0,1,407,1,SLICE,SLICE
36,259,40,259,4,0,4,316,1,SLICE,SLICE
37,251,36,251,1,0,1,563,1,SLICE,SLICE
43,256,42,254,1,2,3,429,2,SLICE,SLICE
43,256,42,256,1,0,1,482,2,SLICE,SLICE
42,247,42,247,0,0,0,210,1,SLICE,SLICE
39,255,37,256,2,1,3,567,1,SLICE,SLICE
38,256,38,256,0,0,0,467,1,SLICE,SLICE
39,249,36,249,3,0,3,453,1,SLICE,SLICE
43,256,43,255,0,1,1,556,1,SLICE,SLICE
38,247,39,247,1,0,1,448,1,SLICE,SLICE
38,253,39,253,1,0,1,336,1,SLICE,SLICE
37,258,38,257,1,1,2,449,1,SLICE,SLICE
39,262,36,262,3,0,3,332,1,SLICE,SLICE
39,262,38,262,1,0,1,600,1,SLICE,SLICE
35,261,34,261,1,0,1,446,1,SLICE,SLICE
39,255,38,255,1,0,1,442,1,SLICE,SLICE
37,260,44,262,7,2,9,597,1,SLICE,SLICE
37,260,38,258,1,2,3,675,1,SLICE,SLICE
38,262,40,264,2,2,4,530,1,SLICE,SLICE
34,262,35,262,1,0,1,599,1,SLICE,SLICE
34,252,34,252,0,0,0,306,1,SLICE,SLICE
36,263,36,263,0,0,0,308,1,SLICE,SLICE
37,267,39,265,2,2,4,675,1,SLICE,SLICE
35,252,34,252,1,0,1,448,1,SLICE,SLICE
39,256,38,256,1,0,1,474,1,SLICE,SLICE
35,258,34,258,1,0,1,564,1,SLICE,SLICE
34,259,32,261,2,2,4,658,1,SLICE,SLICE
31,264,32,263,1,1,2,562,1,SLICE,SLICE
39,251,39,251,0,0,0,127,1,SLICE,SLICE
34,258,36,258,2,0,2,654,1,SLICE,SLICE
35,255,34,255,1,0,1,448,1,SLICE,SLICE
33,264,32,264,1,0,1,452,1,SLICE,SLICE
37,269,36,271,1,2,3,456,1,SLICE,SLICE
35,268,34,266,1,2,3,363,1,SLICE,SLICE
38,265,38,265,0,0,0,456,1,SLICE,SLICE
40,266,40,266,0,0,0,549,1,SLICE,SLICE
38,264,38,263,0,1,1,322,2,SLICE,SLICE
38,264,38,264,0,0,0,470,2,SLICE,SLICE
34,249,36,251,2,2,4,367,1,SLICE,SLICE
34,265,34,262,0,3,3,676,1,SLICE,SLICE
35,250,34,250,1,0,1,448,1,SLICE,SLICE
13,215,13,210,0,5,5,397,1,SLICE,SLICE
13,215,13,213,0,2,2,657,1,SLICE,SLICE
13,212,12,212,1,0,1,356,1,SLICE,SLICE
15,209,13,209,2,0,2,556,1,SLICE,SLICE
12,210,12,209,0,1,1,468,1,SLICE,SLICE
10,209,10,209,0,0,0,456,1,SLICE,SLICE
15,210,14,210,1,0,1,358,1,SLICE,SLICE
14,211,12,211,2,0,2,235,1,SLICE,SLICE
13,212,14,213,1,1,2,488,1,SLICE,SLICE
14,207,14,207,0,0,0,136,1,SLICE,SLICE
6,211,8,212,2,1,3,725,1,SLICE,SLICE
11,213,11,213,0,0,0,131,1,SLICE,SLICE
10,215,10,215,0,0,0,212,1,SLICE,SLICE
8,213,10,213,2,0,2,436,1,SLICE,SLICE
9,213,8,213,1,0,1,367,2,SLICE,SLICE
9,213,10,213,1,0,1,256,2,SLICE,SLICE
11,210,10,210,1,0,1,443,1,SLICE,SLICE
7,207,8,209,1,2,3,388,1,SLICE,SLICE
8,210,8,211,0,1,1,459,1,SLICE,SLICE
11,212,8,212,3,0,3,579,1,SLICE,SLICE
11,215,10,214,1,1,2,562,1,SLICE,SLICE
9,201,11,201,2,0,2,239,1,SLICE,SLICE
10,201,11,201,1,0,1,336,1,SLICE,SLICE
10,204,10,201,0,3,3,668,1,SLICE,SLICE
8,201,11,202,3,1,4,365,1,SLICE,SLICE
8,202,8,205,0,3,3,659,1,SLICE,SLICE
6,204,8,204,2,0,2,455,1,SLICE,SLICE
11,203,10,203,1,0,1,443,1,SLICE,SLICE
7,204,9,201,2,3,5,748,1,SLICE,SLICE
7,199,6,199,1,0,1,443,1,SLICE,SLICE
9,198,8,198,1,0,1,472,1,SLICE,SLICE
7,198,9,198,2,0,2,331,1,SLICE,SLICE
7,193,6,193,1,0,1,453,1,SLICE,SLICE
7,194,7,192,0,2,2,567,1,SLICE,SLICE
10,183,8,186,2,3,5,647,1,SLICE,SLICE
9,184,11,183,2,1,3,541,1,SLICE,SLICE
10,181,11,181,1,0,1,555,1,SLICE,SLICE
7,191,6,191,1,0,1,442,1,SLICE,SLICE
7,193,9,195,2,2,4,607,1,SLICE,SLICE
10,187,10,187,0,0,0,456,1,SLICE,SLICE
9,188,9,189,0,1,1,679,1,SLICE,SLICE
7,186,8,188,1,2,3,810,1,SLICE,SLICE
10,179,10,179,0,0,0,456,1,SLICE,SLICE
11,186,10,186,1,0,1,474,1,SLICE,SLICE
8,193,8,193,0,0,0,442,1,SLICE,SLICE
6,195,8,195,2,0,2,696,1,SLICE,SLICE
11,189,10,189,1,0,1,453,1,SLICE,SLICE
9,184,10,183,1,1,2,564,1,SLICE,SLICE
12,185,12,185,0,0,0,138,1,SLICE,SLICE
8,181,10,181,2,0,2,430,1,SLICE,SLICE
10,192,8,191,2,1,3,592,1,SLICE,SLICE
6,191,7,192,1,1,2,546,1,SLICE,SLICE
6,195,6,195,0,0,0,136,1,SLICE,SLICE
13,180,12,180,1,0,1,453,1,SLICE,SLICE
13,179,13,179,0,0,0,302,1,SLICE,SLICE
11,189,10,189,1,0,1,474,1,SLICE,SLICE
11,194,11,194,0,0,0,456,1,SLICE,SLICE
12,191,13,191,1,0,1,445,1,SLICE,SLICE
13,180,12,183,1,3,4,578,1,SLICE,SLICE
15,181,14,182,1,1,2,463,1,SLICE,SLICE
9,190,8,190,1,0,1,442,1,SLICE,SLICE
15,185,14,186,1,1,2,463,1,SLICE,SLICE
11,195,10,194,1,1,2,416,1,SLICE,SLICE
14,187,14,187,0,0,0,245,1,SLICE,SLICE
16,182,16,182,0,0,0,212,1,SLICE,SLICE
15,186,14,189,1,3,4,662,1,SLICE,SLICE
14,192,14,192,0,0,0,331,1,SLICE,SLICE
12,192,12,192,0,0,0,319,1,SLICE,SLICE
13,190,12,190,1,0,1,358,1,SLICE,SLICE
17,187,16,187,1,0,1,470,1,SLICE,SLICE
17,182,16,182,1,0,1,472,1,SLICE,SLICE
17,182,16,186,1,4,5,549,1,SLICE,SLICE
14,191,16,189,2,2,4,680,1,SLICE,SLICE
12,196,12,196,0,0,0,467,1,SLICE,SLICE
17,195,16,195,1,0,1,465,1,SLICE,SLICE
14,187,16,186,2,1,3,448,1,SLICE,SLICE
16,193,16,192,0,1,1,560,1,SLICE,SLICE
15,196,14,196,1,0,1,479,1,SLICE,SLICE
14,192,16,196,2,4,6,694,1,SLICE,SLICE
17,194,16,194,1,0,1,479,1,SLICE,SLICE
17,194,16,194,1,0,1,358,1,SLICE,SLICE
16,190,16,189,0,1,1,238,1,SLICE,SLICE
17,195,17,195,0,0,0,456,1,SLICE,SLICE
6,196,7,196,1,0,1,343,1,SLICE,SLICE
15,205,14,205,1,0,1,453,1,SLICE,SLICE
17,201,14,203,3,2,5,544,1,SLICE,SLICE
13,198,12,197,1,1,2,422,1,SLICE,SLICE
13,198,12,198,1,0,1,453,1,SLICE,SLICE
13,201,12,202,1,1,2,567,1,SLICE,SLICE
15,201,14,201,1,0,1,443,1,SLICE,SLICE
17,208,16,205,1,3,4,638,1,SLICE,SLICE
9,197,8,197,1,0,1,474,1,SLICE,SLICE
13,202,14,205,1,3,4,597,1,SLICE,SLICE
9,197,8,197,1,0,1,358,1,SLICE,SLICE
17,203,17,206,0,3,3,645,1,SLICE,SLICE
17,211,17,211,0,0,0,128,1,SLICE,SLICE
16,212,16,213,0,1,1,457,1,SLICE,SLICE
17,202,17,204,0,2,2,245,1,SLICE,SLICE
13,204,12,204,1,0,1,470,1,SLICE,SLICE
17,202,16,202,1,0,1,559,1,SLICE,SLICE
16,203,16,204,0,1,1,561,1,SLICE,SLICE
17,206,16,205,1,1,2,578,1,SLICE,SLICE
15,206,14,206,1,0,1,358,1,SLICE,SLICE
76,194,76,194,0,0,0,308,1,SLICE,SLICE
93,273,92,273,1,0,1,549,1,SLICE,SLICE
86,247,88,246,2,1,3,566,1,SLICE,SLICE
66,221,66,216,0,5,5,579,1,SLICE,SLICE
70,223,70,223,0,0,0,456,1,SLICE,SLICE
17,173,16,173,1,0,1,599,1,SLICE,SLICE
15,144,14,144,1,0,1,558,1,SLICE,SLICE
86,239,88,241,2,2,4,481,1,SLICE,SLICE
43,149,42,149,1,0,1,356,1,SLICE,SLICE
48,147,48,147,0,0,0,201,1,SLICE,SLICE
60,253,60,253,0,0,0,201,1,SLICE,SLICE
49,236,48,236,1,0,1,457,1,SLICE,SLICE
52,273,52,272,0,1,1,543,1,SLICE,SLICE
55,248,54,245,1,3,4,570,1,SLICE,SLICE
42,269,43,269,1,0,1,336,1,SLICE,SLICE
68,206,68,206,0,0,0,460,1,SLICE,SLICE
5,136,5,136,0,0,0,127,1,SLICE,SLICE
48,187,48,187,0,0,0,313,1,SLICE,SLICE
64,161,66,161,2,0,2,423,1,SLICE,SLICE
53,208,52,208,1,0,1,443,1,SLICE,SLICE
58,236,58,236,0,0,0,456,1,SLICE,SLICE
93,193,92,193,1,0,1,553,1,SLICE,SLICE
83,183,82,183,1,0,1,470,1,SLICE,SLICE
13,166,12,166,1,0,1,479,1,SLICE,SLICE
88,143,88,143,0,0,0,549,1,SLICE,SLICE
87,145,84,145,3,0,3,441,1,SLICE,SLICE
12,194,12,194,0,0,0,456,1,SLICE,SLICE
14,216,14,216,0,0,0,547,1,SLICE,SLICE
20,190,20,190,0,0,0,319,1,SLICE,SLICE
0,152,1,154,1,2,3,560,1,SLICE,SLICE
87,205,80,205,7,0,7,561,1,SLICE,SLICE
75,187,78,186,3,1,4,653,1,SLICE,SLICE
73,146,70,148,3,2,5,353,1,SLICE,SLICE
0,157,5,195,5,38,43,2472,20,SLICE,SLICE
0,157,1,151,1,6,7,631,20,SLICE,SLICE
0,157,0,152,0,5,5,832,20,SLICE,SLICE
0,157,0,186,0,29,29,1307,20,SLICE,SLICE
66,137,68,139,2,2,4,535,1,SLICE,SLICE
55,155,54,155,1,0,1,470,1,SLICE,SLICE
74,261,76,261,2,0,2,544,1,SLICE,SLICE
80,262,80,262,0,0,0,308,1,SLICE,SLICE
39,168,39,168,0,0,0,302,1,SLICE,SLICE
21,152,22,151,1,1,2,342,1,SLICE,SLICE
3,218,0,218,3,0,3,450,2,SLICE,SLICE
3,218,2,218,1,0,1,452,2,SLICE,SLICE
2,220,2,217,0,3,3,686,2,SLICE,SLICE
2,220,0,217,2,3,5,518,2,SLICE,SLICE
90,280,90,280,0,0,0,56,2,SLICE,SLICE
90,280,90,281,0,1,1,461,2,SLICE,SLICE
0,92,0,92,0,0,0,346,1,SLICE,SLICE
0,95,0,95,0,0,0,519,1,SLICE,SLICE
0,97,0,97,0,0,0,411,1,SLICE,SLICE
0,92,0,92,0,0,0,519,1,SLICE,SLICE
0,94,0,94,0,0,0,487,1,SLICE,SLICE
1,179,0,186,1,7,8,607,41,SLICE,SLICE
1,179,3,149,2,30,32,1597,41,SLICE,SLICE
1,179,5,140,4,39,43,2655,41,SLICE,SLICE
1,179,3,141,2,38,40,2446,41,SLICE,SLICE
0,186,0,179,0,7,7,532,1,SLICE,SLICE
0,150,0,151,0,1,1,356,23,SLICE,SLICE
0,150,2,150,2,0,2,491,23,SLICE,SLICE
0,150,2,145,2,5,7,985,23,SLICE,SLICE
0,150,1,151,1,1,2,491,23,SLICE,SLICE
4,134,2,138,2,4,6,699,2,SLICE,SLICE
4,134,4,137,0,3,3,735,2,SLICE,SLICE
0,203,0,203,0,0,0,593,1,SLICE,SLICE
0,187,0,187,0,0,0,374,1,SLICE,SLICE
1,197,1,197,0,0,0,406,1,SLICE,SLICE
0,204,2,205,2,1,3,500,1,SLICE,SLICE
0,176,1,177,1,1,2,365,1,SLICE,SLICE
2,139,2,139,0,0,0,367,2,SLICE,SLICE
2,139,3,139,1,0,1,204,2,SLICE,SLICE
4,138,4,138,0,0,0,356,2,SLICE,SLICE
4,138,5,138,1,0,1,469,2,SLICE,SLICE
4,139,5,138,1,1,2,558,2,SLICE,SLICE
4,139,4,139,0,0,0,355,2,SLICE,SLICE
6,142,1,141,5,1,6,595,2,SLICE,SLICE
6,142,0,144,6,2,8,882,2,SLICE,SLICE
5,143,2,146,3,3,6,625,2,SLICE,SLICE
5,143,0,141,5,2,7,564,2,SLICE,SLICE
1,148,2,147,1,1,2,504,2,SLICE,SLICE
1,148,0,147,1,1,2,315,2,SLICE,SLICE
6,145,1,141,5,4,9,811,2,SLICE,SLICE
6,145,0,148,6,3,9,656,2,SLICE,SLICE
7,142,1,137,6,5,11,753,2,SLICE,SLICE
7,142,0,142,7,0,7,628,2,SLICE,SLICE
39,229,38,229,1,0,1,617,2,SLICE,SLICE
39,229,38,229,1,0,1,558,2,SLICE,SLICE
41,226,41,226,0,0,0,353,2,SLICE,SLICE
41,226,40,226,1,0,1,213,2,SLICE,SLICE
40,225,41,225,1,0,1,456,2,SLICE,SLICE
40,225,41,225,1,0,1,386,2,SLICE,SLICE
38,226,39,226,1,0,1,466,2,SLICE,SLICE
38,226,39,226,1,0,1,204,2,SLICE,SLICE
38,228,38,228,0,0,0,369,2,SLICE,SLICE
38,228,39,228,1,0,1,467,2,SLICE,SLICE
2,141,2,141,0,0,0,56,2,SLICE,SLICE
2,141,7,146,5,5,10,589,2,SLICE,SLICE
91,279,90,279,1,0,1,412,1,SLICE,SLICE
92,232,93,232,1,0,1,414,1,SLICE,SLICE
92,204,92,134,0,70,70,2562,6,SLICE,SLICE
92,204,93,198,1,6,7,946,6,SLICE,SLICE
92,204,93,203,1,1,2,495,6,SLICE,SLICE
92,204,93,204,1,0,1,633,6,SLICE,SLICE
91,175,90,134,1,41,42,1929,5,SLICE,SLICE
91,175,91,134,0,41,41,1779,5,SLICE,SLICE
91,175,92,135,1,40,41,2254,5,SLICE,SLICE
91,175,93,135,2,40,42,1890,5,SLICE,SLICE
68,152,49,206,19,54,73,3226,5,SLICE,SLICE
68,152,69,171,1,19,20,1508,5,SLICE,SLICE
68,152,69,172,1,20,21,1699,5,SLICE,SLICE
68,152,58,173,10,21,31,2357,5,SLICE,SLICE
68,134,69,134,1,0,1,558,1,SLICE,SLICE
65,136,39,134,26,2,28,1507,6,SLICE,SLICE
65,136,53,134,12,2,14,901,6,SLICE,SLICE
65,136,52,134,13,2,15,911,6,SLICE,SLICE
65,136,54,134,11,2,13,627,6,SLICE,SLICE
44,185,45,185,1,0,1,659,1,SLICE,SLICE
31,200,11,134,20,66,86,2916,6,SLICE,SLICE
31,200,10,134,21,66,87,2844,6,SLICE,SLICE
31,200,20,215,11,15,26,1081,6,SLICE,SLICE
31,200,12,134,19,66,85,2710,6,SLICE,SLICE
5,162,45,184,40,22,62,2377,6,SLICE,SLICE
5,162,7,197,2,35,37,1528,6,SLICE,SLICE
5,162,13,194,8,32,40,1545,6,SLICE,SLICE
5,162,9,197,4,35,39,1542,6,SLICE,SLICE
49,209,48,208,1,1,2,392,5,SLICE,SLICE
49,209,49,208,0,1,1,383,5,SLICE,SLICE
49,209,48,209,1,0,1,577,5,SLICE,SLICE
49,209,48,208,1,1,2,256,5,SLICE,SLICE
40,270,40,270,0,0,0,58,1,SLICE,SLICE
42,278,42,278,0,0,0,56,1,SLICE,SLICE
34,256,34,256,0,0,0,58,1,SLICE,SLICE
34,249,34,249,0,0,0,58,1,SLICE,SLICE
34,256,34,256,0,0,0,58,1,SLICE,SLICE
36,253,36,253,0,0,0,58,1,SLICE,SLICE
44,246,44,246,0,0,0,58,1,SLICE,SLICE
35,262,35,262,0,0,0,58,1,SLICE,SLICE
40,264,40,264,0,0,0,59,1,SLICE,SLICE
41,263,41,263,0,0,0,58,1,SLICE,SLICE
40,263,40,263,0,0,0,59,1,SLICE,SLICE
42,249,42,249,0,0,0,55,1,SLICE,SLICE
36,259,36,259,0,0,0,59,1,SLICE,SLICE
34,264,34,264,0,0,0,58,1,SLICE,SLICE
35,259,35,259,0,0,0,59,1,SLICE,SLICE
35,261,35,261,0,0,0,58,1,SLICE,SLICE
34,267,34,267,0,0,0,58,1,SLICE,SLICE
39,253,39,253,0,0,0,58,1,SLICE,SLICE
33,259,33,259,0,0,0,58,1,SLICE,SLICE
40,250,40,250,0,0,0,58,1,SLICE,SLICE
44,249,44,249,0,0,0,58,1,SLICE,SLICE
46,246,46,246,0,0,0,56,1,SLICE,SLICE
42,249,42,249,0,0,0,56,1,SLICE,SLICE
43,250,43,250,0,0,0,58,1,SLICE,SLICE
42,256,42,256,0,0,0,55,1,SLICE,SLICE
42,254,42,254,0,0,0,55,1,SLICE,SLICE
42,249,42,249,0,0,0,55,1,SLICE,SLICE
38,265,38,265,0,0,0,56,1,SLICE,SLICE
39,249,39,249,0,0,0,58,1,SLICE,SLICE
44,260,44,260,0,0,0,59,1,SLICE,SLICE
36,257,36,257,0,0,0,58,1,SLICE,SLICE
40,258,40,258,0,0,0,58,1,SLICE,SLICE
42,263,42,263,0,0,0,56,1,SLICE,SLICE
40,258,40,258,0,0,0,58,1,SLICE,SLICE
42,262,42,262,0,0,0,55,1,SLICE,SLICE
39,257,39,257,0,0,0,59,1,SLICE,SLICE
35,254,35,254,0,0,0,58,1,SLICE,SLICE
43,257,43,257,0,0,0,58,1,SLICE,SLICE
34,250,34,250,0,0,0,59,1,SLICE,SLICE
44,248,44,248,0,0,0,58,1,SLICE,SLICE
33,256,33,256,0,0,0,58,1,SLICE,SLICE
35,257,35,257,0,0,0,58,1,SLICE,SLICE
36,258,36,258,0,0,0,58,1,SLICE,SLICE
34,251,34,251,0,0,0,58,1,SLICE,SLICE
32,263,32,263,0,0,0,58,1,SLICE,SLICE
40,265,40,265,0,0,0,59,1,SLICE,SLICE
42,267,42,267,0,0,0,56,1,SLICE,SLICE
34,262,34,262,0,0,0,59,1,SLICE,SLICE
42,264,42,264,0,0,0,56,1,SLICE,SLICE
40,247,40,247,0,0,0,59,1,SLICE,SLICE
43,263,43,263,0,0,0,58,1,SLICE,SLICE
40,263,40,263,0,0,0,58,1,SLICE,SLICE
43,265,43,265,0,0,0,58,1,SLICE,SLICE
37,264,37,264,0,0,0,59,1,SLICE,SLICE
42,275,42,275,0,0,0,56,1,SLICE,SLICE
42,277,42,277,0,0,0,56,1,SLICE,SLICE
34,270,34,270,0,0,0,59,1,SLICE,SLICE
40,280,40,280,0,0,0,58,1,SLICE,SLICE
36,250,36,250,0,0,0,58,1,SLICE,SLICE
44,271,44,271,0,0,0,58,1,SLICE,SLICE
42,280,42,280,0,0,0,55,1,SLICE,SLICE
39,280,39,280,0,0,0,59,1,SLICE,SLICE
34,280,34,280,0,0,0,59,1,SLICE,SLICE
45,272,45,272,0,0,0,58,1,SLICE,SLICE
42,268,42,268,0,0,0,55,1,SLICE,SLICE
44,274,44,274,0,0,0,58,1,SLICE,SLICE
41,280,41,280,0,0,0,58,1,SLICE,SLICE
34,249,34,249,0,0,0,59,1,SLICE,SLICE
32,270,32,270,0,0,0,58,1,SLICE,SLICE
42,272,42,272,0,0,0,55,1,SLICE,SLICE
45,272,45,272,0,0,0,59,1,SLICE,SLICE
40,277,40,277,0,0,0,58,1,SLICE,SLICE
44,275,44,275,0,0,0,59,1,SLICE,SLICE
33,270,33,270,0,0,0,58,1,SLICE,SLICE
40,278,40,278,0,0,0,59,1,SLICE,SLICE
38,276,38,276,0,0,0,55,1,SLICE,SLICE
34,275,34,275,0,0,0,58,1,SLICE,SLICE
40,274,40,274,0,0,0,59,1,SLICE,SLICE
39,252,39,252,0,0,0,58,1,SLICE,SLICE
41,274,41,274,0,0,0,58,1,SLICE,SLICE
32,267,32,267,0,0,0,58,1,SLICE,SLICE
34,275,34,275,0,0,0,58,1,SLICE,SLICE
36,276,36,276,0,0,0,59,1,SLICE,SLICE
34,275,34,275,0,0,0,58,1,SLICE,SLICE
36,277,36,277,0,0,0,58,1,SLICE,SLICE
34,272,34,272,0,0,0,58,1,SLICE,SLICE
36,274,36,274,0,0,0,58,1,SLICE,SLICE
39,273,39,273,0,0,0,58,1,SLICE,SLICE
34,274,34,274,0,0,0,58,1,SLICE,SLICE
34,269,34,269,0,0,0,58,1,SLICE,SLICE
36,269,36,269,0,0,0,58,1,SLICE,SLICE
35,253,35,253,0,0,0,59,1,SLICE,SLICE
40,269,40,269,0,0,0,58,1,SLICE,SLICE
38,267,38,267,0,0,0,55,1,SLICE,SLICE
35,266,35,266,0,0,0,58,1,SLICE,SLICE
39,269,39,269,0,0,0,59,1,SLICE,SLICE
39,268,39,268,0,0,0,58,1,SLICE,SLICE
32,264,32,264,0,0,0,58,1,SLICE,SLICE
39,270,39,270,0,0,0,58,1,SLICE,SLICE
36,269,36,269,0,0,0,58,1,SLICE,SLICE
36,267,36,267,0,0,0,58,1,SLICE,SLICE
34,270,34,270,0,0,0,58,1,SLICE,SLICE
36,254,36,254,0,0,0,59,1,SLICE,SLICE
32,263,32,263,0,0,0,58,1,SLICE,SLICE
32,261,32,261,0,0,0,59,1,SLICE,SLICE
34,261,34,261,0,0,0,59,1,SLICE,SLICE
34,257,34,257,0,0,0,58,1,SLICE,SLICE
44,224,42,263,2,39,41,2092,7,SLICE,SLICE
44,224,40,253,4,29,33,1124,7,SLICE,SLICE
44,224,39,247,5,23,28,1998,7,SLICE,SLICE
44,224,40,247,4,23,27,1098,7,SLICE,SLICE
32,250,34,265,2,15,17,1263,7,SLICE,SLICE
32,250,41,265,9,15,24,1213,7,SLICE,SLICE
32,250,35,255,3,5,8,475,7,SLICE,SLICE
32,250,43,264,11,14,25,1346,7,SLICE,SLICE
1,65,35,257,34,192,226,4297,7,RAMB18,SLICE
1,65,39,265,38,200,238,4256,7,RAMB18,SLICE
1,65,37,264,36,199,235,4400,7,RAMB18,SLICE
1,65,34,266,33,201,234,4504,7,RAMB18,SLICE
1,65,34,275,33,210,243,3601,7,RAMB18,SLICE
1,65,38,272,37,207,244,3613,7,RAMB18,SLICE
1,65,43,270,42,205,247,3571,7,RAMB18,SLICE
1,65,44,269,43,204,247,3991,7,RAMB18,SLICE
1,65,35,273,34,208,242,4193,7,RAMB18,SLICE
1,65,36,278,35,213,248,4126,7,RAMB18,SLICE
1,65,36,270,35,205,240,3761,7,RAMB18,SLICE
1,65,33,267,32,202,234,3021,7,RAMB18,SLICE
32,270,32,280,0,10,10,769,7,SLICE,SLICE
32,270,35,277,3,7,10,666,7,SLICE,SLICE
32,270,34,276,2,6,8,529,7,SLICE,SLICE
32,270,41,280,9,10,19,1122,7,SLICE,SLICE
32,255,35,260,3,5,8,485,7,SLICE,SLICE
32,255,41,261,9,6,15,992,7,SLICE,SLICE
32,255,39,260,7,5,12,721,7,SLICE,SLICE
32,255,39,262,7,7,14,1106,7,SLICE,SLICE
1,80,35,276,34,196,230,2336,7,RAMB18,SLICE
1,80,35,276,34,196,230,2604,7,RAMB18,SLICE
1,80,35,277,34,197,231,2765,7,RAMB18,SLICE
1,80,33,269,32,189,221,1815,7,RAMB18,SLICE
1,80,42,261,41,181,222,2565,7,RAMB18,SLICE
1,80,37,264,36,184,220,2900,7,RAMB18,SLICE
1,80,36,264,35,184,219,2871,7,RAMB18,SLICE
1,80,36,248,35,168,203,2158,7,RAMB18,SLICE
1,80,44,269,43,189,232,2991,7,RAMB18,SLICE
1,80,42,277,41,197,238,3765,7,RAMB18,SLICE
1,80,44,273,43,193,236,3195,7,RAMB18,SLICE
1,80,42,277,41,197,238,3754,7,RAMB18,SLICE
1,80,33,274,32,194,226,3378,7,RAMB18,SLICE
1,80,34,273,33,193,226,3408,7,RAMB18,SLICE
1,80,33,265,32,185,217,2746,7,RAMB18,SLICE
1,80,35,271,34,191,225,2878,7,RAMB18,SLICE
44,227,37,271,7,44,51,2338,7,SLICE,SLICE
44,227,38,251,6,24,30,1445,7,SLICE,SLICE
44,227,33,265,11,38,49,1999,7,SLICE,SLICE
44,227,43,247,1,20,21,1010,7,SLICE,SLICE
44,232,42,253,2,21,23,899,7,SLICE,SLICE
44,232,38,257,6,25,31,1644,7,SLICE,SLICE
44,232,37,257,7,25,32,1491,7,SLICE,SLICE
44,232,39,256,5,24,29,1488,7,SLICE,SLICE
2,72,41,280,39,208,247,4779,7,RAMB18,SLICE
2,72,41,280,39,208,247,4741,7,RAMB18,SLICE
2,72,44,273,42,201,243,3757,7,RAMB18,SLICE
2,72,39,279,37,207,244,4759,7,RAMB18,SLICE
2,72,43,264,41,192,233,2081,7,RAMB18,SLICE
2,72,40,278,38,206,244,2705,7,RAMB18,SLICE
2,72,44,272,42,200,242,2714,7,RAMB18,SLICE
2,72,42,268,40,196,236,2245,7,RAMB18,SLICE
2,72,40,255,38,183,221,2735,7,RAMB18,SLICE
2,72,43,255,41,183,224,2791,7,RAMB18,SLICE
2,72,40,254,38,182,220,3045,7,RAMB18,SLICE
2,72,45,249,43,177,220,2863,7,RAMB18,SLICE
42,237,43,267,1,30,31,1487,7,SLICE,SLICE
42,237,37,273,5,36,41,1607,7,SLICE,SLICE
42,237,43,267,1,30,31,1374,7,SLICE,SLICE
42,237,44,273,2,36,38,2055,7,SLICE,SLICE
45,224,38,263,7,39,46,1843,7,SLICE,SLICE
45,224,38,252,7,28,35,1409,7,SLICE,SLICE
45,224,36,250,9,26,35,1545,7,SLICE,SLICE
45,224,38,263,7,39,46,1579,7,SLICE,SLICE
44,234,35,248,9,14,23,1041,7,SLICE,SLICE
44,234,35,267,9,33,42,1676,7,SLICE,SLICE
44,234,39,266,5,32,37,1752,7,SLICE,SLICE
44,234,35,265,9,31,40,1379,7,SLICE,SLICE
1,82,40,276,39,194,233,3330,7,RAMB18,SLICE
1,82,42,270,41,188,229,3685,7,RAMB18,SLICE
1,82,44,273,43,191,234,3722,7,RAMB18,SLICE
1,82,42,278,41,196,237,3924,7,RAMB18,SLICE
1,82,37,271,36,189,225,2771,7,RAMB18,SLICE
1,82,35,273,34,191,225,2534,7,RAMB18,SLICE
1,82,34,271,33,189,222,2290,7,RAMB18,SLICE
1,82,31,266,30,184,214,2157,7,RAMB18,SLICE
1,82,45,276,44,194,238,3578,7,RAMB18,SLICE
1,82,34,277,33,195,228,3711,7,RAMB18,SLICE
1,82,36,274,35,192,227,3312,7,RAMB18,SLICE
1,82,34,274,33,192,225,3183,7,RAMB18,SLICE
33,261,40,273,7,12,19,1345,7,SLICE,SLICE
33,261,37,274,4,13,17,1035,7,SLICE,SLICE
33,261,38,273,5,12,17,1463,7,SLICE,SLICE
33,261,34,276,1,15,16,1071,7,SLICE,SLICE
44,229,41,265,3,36,39,1929,7,SLICE,SLICE
44,229,40,275,4,46,50,2330,7,SLICE,SLICE
44,229,43,250,1,21,22,1022,7,SLICE,SLICE
44,229,41,275,3,46,49,2466,7,SLICE,SLICE
1,81,33,262,32,181,213,2589,7,RAMB18,SLICE
1,81,41,277,40,196,236,3714,7,RAMB18,SLICE
1,81,41,277,40,196,236,3562,7,RAMB18,SLICE
1,81,43,276,42,195,237,3466,7,RAMB18,SLICE
1,81,34,250,33,169,202,2592,6,RAMB18,SLICE
1,81,35,257,34,176,210,2473,6,RAMB18,SLICE
1,81,35,252,34,171,205,2679,6,RAMB18,SLICE
1,81,32,255,31,174,205,2490,6,RAMB18,SLICE
1,81,36,279,35,198,233,3059,7,RAMB18,SLICE
1,81,44,269,43,188,231,3222,7,RAMB18,SLICE
1,81,38,272,37,191,228,2894,7,RAMB18,SLICE
1,81,34,277,33,196,229,2822,7,RAMB18,SLICE
1,81,33,264,32,183,215,2841,7,RAMB18,SLICE
1,81,35,274,34,193,227,3515,7,RAMB18,SLICE
1,81,34,264,33,183,216,2729,7,RAMB18,SLICE
1,81,34,267,33,186,219,2792,7,RAMB18,SLICE
46,241,39,258,7,17,24,1391,7,SLICE,SLICE
46,241,42,251,4,10,14,763,7,SLICE,SLICE
46,241,37,251,9,10,19,987,7,SLICE,SLICE
46,241,40,262,6,21,27,1659,7,SLICE,SLICE
44,238,42,265,2,27,29,1239,7,SLICE,SLICE
44,238,43,279,1,41,42,1457,7,SLICE,SLICE
44,238,43,276,1,38,39,1672,7,SLICE,SLICE
44,238,44,269,0,31,31,1248,7,SLICE,SLICE
1,104,35,252,34,148,182,1531,7,RAMB18,SLICE
1,104,38,265,37,161,198,1133,7,RAMB18,SLICE
1,104,35,252,34,148,182,1799,7,RAMB18,SLICE
1,104,39,259,38,155,193,975,7,RAMB18,SLICE
1,104,32,265,31,161,192,1048,7,RAMB18,SLICE
1,104,38,270,37,166,203,1648,7,RAMB18,SLICE
1,104,38,263,37,159,196,1106,7,RAMB18,SLICE
1,104,36,265,35,161,196,865,7,RAMB18,SLICE
1,104,38,271,37,167,204,1484,7,RAMB18,SLICE
1,104,38,255,37,151,188,1443,7,RAMB18,SLICE
1,104,38,269,37,165,202,1128,7,RAMB18,SLICE
1,104,37,269,36,165,201,1082,7,RAMB18,SLICE
30,258,39,257,9,1,10,654,7,SLICE,SLICE
30,258,40,258,10,0,10,893,7,SLICE,SLICE
30,258,37,256,7,2,9,745,7,SLICE,SLICE
30,258,35,257,5,1,6,687,7,SLICE,SLICE
30,251,35,264,5,13,18,1616,7,SLICE,SLICE
30,251,43,250,13,1,14,791,7,SLICE,SLICE
30,251,42,263,12,12,24,1255,7,SLICE,SLICE
30,251,38,254,8,3,11,600,7,SLICE,SLICE
1,98,33,265,32,167,199,1404,7,RAMB18,SLICE
1,98,35,272,34,174,208,1594,7,RAMB18,SLICE
1,98,34,277,33,179,212,1600,7,RAMB18,SLICE
1,98,33,265,32,167,199,1282,7,RAMB18,SLICE
1,98,30,257,29,159,188,919,7,RAMB18,SLICE
1,98,41,250,40,152,192,1691,7,RAMB18,SLICE
1,98,32,256,31,158,189,1288,7,RAMB18,SLICE
1,98,36,249,35,151,186,1527,7,RAMB18,SLICE
1,98,36,266,35,168,203,1499,7,RAMB18,SLICE
1,98,38,280,37,182,219,2298,7,RAMB18,SLICE
1,98,41,277,40,179,219,2076,7,RAMB18,SLICE
1,98,40,277,39,179,218,2253,7,RAMB18,SLICE
1,87,41,265,40,178,218,2290,7,RAMB18,SLICE
1,87,40,252,39,165,204,1854,7,RAMB18,SLICE
1,87,35,262,34,175,209,2531,7,RAMB18,SLICE
1,87,43,253,42,166,208,2277,7,RAMB18,SLICE
1,87,38,270,37,183,220,2344,7,RAMB18,SLICE
1,87,37,273,36,186,222,2667,7,RAMB18,SLICE
1,87,32,265,31,178,209,2093,7,RAMB18,SLICE
1,87,41,270,40,183,223,2601,7,RAMB18,SLICE
1,87,38,247,37,160,197,1969,6,RAMB18,SLICE
1,87,39,250,38,163,201,2131,6,RAMB18,SLICE
1,87,39,253,38,166,204,2222,6,RAMB18,SLICE
1,87,34,252,33,165,198,2019,6,RAMB18,SLICE
1,87,35,261,34,174,208,2604,7,RAMB18,SLICE
1,87,38,253,37,166,203,2186,7,RAMB18,SLICE
1,87,39,247,38,160,198,1884,7,RAMB18,SLICE
1,87,36,252,35,165,200,2353,7,RAMB18,SLICE
44,233,39,280,5,47,52,2537,7,SLICE,SLICE
44,233,44,273,0,40,40,1575,7,SLICE,SLICE
44,233,37,279,7,46,53,2434,7,SLICE,SLICE
44,233,42,276,2,43,45,1835,7,SLICE,SLICE
45,225,38,254,7,29,36,1360,7,SLICE,SLICE
45,225,39,260,6,35,41,1740,7,SLICE,SLICE
45,225,35,261,10,36,46,1860,7,SLICE,SLICE
45,225,40,260,5,35,40,1817,7,SLICE,SLICE
1,86,33,259,32,173,205,2227,7,RAMB18,SLICE
1,86,38,254,37,168,205,1903,7,RAMB18,SLICE
1,86,35,256,34,170,204,1552,7,RAMB18,SLICE
1,86,42,247,41,161,202,1895,7,RAMB18,SLICE
1,86,40,260,39,174,213,2767,7,RAMB18,SLICE
1,86,40,248,39,162,201,2119,7,RAMB18,SLICE
1,86,42,263,41,177,218,2879,7,RAMB18,SLICE
1,86,42,257,41,171,212,2416,7,RAMB18,SLICE
1,86,33,262,32,176,208,2869,7,RAMB18,SLICE
1,86,34,250,33,164,197,2319,7,RAMB18,SLICE
1,86,36,246,35,160,195,1852,7,RAMB18,SLICE
1,86,34,263,33,177,210,3187,7,RAMB18,SLICE
30,249,31,260,1,11,12,1525,7,SLICE,SLICE
30,249,34,260,4,11,15,1299,7,SLICE,SLICE
30,249,39,247,9,2,11,677,7,SLICE,SLICE
30,249,39,260,9,11,20,956,7,SLICE,SLICE
44,236,36,249,8,13,21,1237,7,SLICE,SLICE
44,236,38,248,6,12,18,1231,7,SLICE,SLICE
44,236,43,256,1,20,21,1530,7,SLICE,SLICE
44,236,42,256,2,20,22,1219,7,SLICE,SLICE
1,102,31,260,30,158,188,912,7,RAMB18,SLICE
1,102,35,261,34,159,193,1079,7,RAMB18,SLICE
1,102,39,264,38,162,200,1035,7,RAMB18,SLICE
1,102,33,264,32,162,194,1311,7,RAMB18,SLICE
1,102,42,279,41,177,218,1702,7,RAMB18,SLICE
1,102,40,275,39,173,212,1505,7,RAMB18,SLICE
1,102,43,279,42,177,219,1645,7,RAMB18,SLICE
1,102,35,264,34,162,196,802,7,RAMB18,SLICE
1,102,39,262,38,160,198,1410,7,RAMB18,SLICE
1,102,36,257,35,155,190,1008,7,RAMB18,SLICE
1,102,39,262,38,160,198,1266,7,RAMB18,SLICE
1,102,37,260,36,158,194,852,7,RAMB18,SLICE
44,228,42,268,2,40,42,1704,7,SLICE,SLICE
44,228,38,276,6,48,54,2293,7,SLICE,SLICE
44,228,40,277,4,49,53,2711,7,SLICE,SLICE
44,228,40,279,4,51,55,2621,7,SLICE,SLICE
42,216,35,253,7,37,44,1886,7,SLICE,SLICE
42,216,34,250,8,34,42,1747,7,SLICE,SLICE
42,216,32,248,10,32,42,1504,7,SLICE,SLICE
42,216,36,256,6,40,46,2116,7,SLICE,SLICE
1,94,39,258,38,164,202,1781,7,RAMB18,SLICE
1,94,41,249,40,155,195,1580,7,RAMB18,SLICE
1,94,39,252,38,158,196,1398,7,RAMB18,SLICE
1,94,40,262,39,168,207,1925,7,RAMB18,SLICE
1,94,43,268,42,174,216,1838,7,RAMB18,SLICE
1,94,45,272,44,178,222,2220,7,RAMB18,SLICE
1,94,42,270,41,176,217,2073,7,RAMB18,SLICE
1,94,34,280,33,186,219,2862,7,RAMB18,SLICE
1,94,45,248,44,154,198,1576,7,RAMB18,SLICE
1,94,40,266,39,172,211,2279,7,RAMB18,SLICE
1,94,44,248,43,154,197,1563,7,RAMB18,SLICE
1,94,45,266,44,172,216,2277,7,RAMB18,SLICE
1,94,35,259,34,165,199,1958,7,RAMB18,SLICE
1,94,36,251,35,157,192,1174,7,RAMB18,SLICE
1,94,39,260,38,166,204,1786,7,RAMB18,SLICE
1,94,39,261,38,167,205,2500,7,RAMB18,SLICE
30,254,40,251,10,3,13,779,7,SLICE,SLICE
30,254,38,257,8,3,11,1327,7,SLICE,SLICE
30,254,39,258,9,4,13,1103,7,SLICE,SLICE
30,254,42,258,12,4,16,1308,7,SLICE,SLICE
44,244,35,273,9,29,38,1799,7,SLICE,SLICE
44,244,34,268,10,24,34,1083,7,SLICE,SLICE
44,244,39,272,5,28,33,1668,7,SLICE,SLICE
44,244,35,272,9,28,37,1893,7,SLICE,SLICE
33,263,37,271,4,8,12,1399,7,SLICE,SLICE
33,263,36,267,3,4,7,800,7,SLICE,SLICE
33,263,38,264,5,1,6,401,7,SLICE,SLICE
33,263,32,255,1,8,9,412,7,SLICE,SLICE
1,91,35,247,34,156,190,1583,7,RAMB18,SLICE
1,91,39,251,38,160,198,1381,7,RAMB18,SLICE
1,91,38,256,37,165,202,1719,7,RAMB18,SLICE
1,91,35,260,34,169,203,2055,7,RAMB18,SLICE
1,91,39,271,38,180,218,2319,7,RAMB18,SLICE
1,91,38,271,37,180,217,2010,7,RAMB18,SLICE
1,91,41,270,40,179,219,2284,7,RAMB18,SLICE
1,91,39,268,38,177,215,2390,7,RAMB18,SLICE
1,91,39,269,38,178,216,2180,7,RAMB18,SLICE
1,91,37,273,36,182,218,2194,7,RAMB18,SLICE
1,91,35,273,34,182,216,2636,7,RAMB18,SLICE
1,91,38,276,37,185,222,2819,7,RAMB18,SLICE
33,258,35,279,2,21,23,1315,7,SLICE,SLICE
33,258,38,280,5,22,27,1627,7,SLICE,SLICE
33,258,43,278,10,20,30,1480,7,SLICE,SLICE
33,258,45,265,12,7,19,1573,7,SLICE,SLICE
45,227,44,266,1,39,40,1906,7,SLICE,SLICE
45,227,45,267,0,40,40,2037,7,SLICE,SLICE
45,227,43,248,2,21,23,1195,7,SLICE,SLICE
45,227,40,252,5,25,30,1318,7,SLICE,SLICE
1,96,43,268,42,172,214,1999,7,RAMB18,SLICE
1,96,36,273,35,177,212,2038,7,RAMB18,SLICE
1,96,41,277,40,181,221,2286,7,RAMB18,SLICE
1,96,41,277,40,181,221,2288,7,RAMB18,SLICE
1,96,40,273,39,177,216,1983,7,RAMB18,SLICE
1,96,40,268,39,172,211,1681,7,RAMB18,SLICE
1,96,34,280,33,184,217,2016,7,RAMB18,SLICE
1,96,34,279,33,183,216,2243,7,RAMB18,SLICE
1,96,38,279,37,183,220,2598,7,RAMB18,SLICE
1,96,42,268,41,172,213,2042,7,RAMB18,SLICE
1,96,35,265,34,169,203,1443,7,RAMB18,SLICE
1,96,38,273,37,177,214,2280,7,RAMB18,SLICE
43,236,34,273,9,37,46,2105,7,SLICE,SLICE
43,236,35,278,8,42,50,2277,7,SLICE,SLICE
43,236,37,269,6,33,39,1616,7,SLICE,SLICE
43,236,32,254,11,18,29,1665,7,SLICE,SLICE
32,257,32,269,0,12,12,1022,7,SLICE,SLICE
32,257,38,271,6,14,20,1530,7,SLICE,SLICE
32,257,38,275,6,18,24,1701,7,SLICE,SLICE
32,257,32,264,0,7,7,422,7,SLICE,SLICE
1,93,38,274,37,181,218,2558,7,RAMB18,SLICE
1,93,37,269,36,176,212,2185,7,RAMB18,SLICE
1,93,37,271,36,178,214,2340,7,RAMB18,SLICE
1,93,32,265,31,172,203,1833,7,RAMB18,SLICE
1,93,31,266,30,173,203,1828,7,RAMB18,SLICE
1,93,39,268,38,175,213,1949,7,RAMB18,SLICE
1,93,34,254,33,161,194,1073,7,RAMB18,SLICE
1,93,38,268,37,175,212,1781,7,RAMB18,SLICE
1,93,42,274,41,181,222,2326,7,RAMB18,SLICE
1,93,32,275,31,182,213,1930,7,RAMB18,SLICE
1,93,36,279,35,186,221,2045,7,RAMB18,SLICE
1,93,42,270,41,177,218,2536,7,RAMB18,SLICE
1,93,36,271,35,178,213,2045,7,RAMB18,SLICE
1,93,37,271,36,178,214,1869,7,RAMB18,SLICE
1,93,35,278,34,185,219,2325,7,RAMB18,SLICE
1,93,33,267,32,174,206,1401,7,RAMB18,SLICE
42,245,42,249,0,4,4,688,7,SLICE,SLICE
42,245,43,259,1,14,15,983,7,SLICE,SLICE
42,245,42,255,0,10,10,1216,7,SLICE,SLICE
42,245,44,248,2,3,5,760,7,SLICE,SLICE
46,223,45,271,1,48,49,1963,7,SLICE,SLICE
46,223,38,275,8,52,60,2989,7,SLICE,SLICE
46,223,43,276,3,53,56,2472,7,SLICE,SLICE
46,223,36,258,10,35,45,1862,7,SLICE,SLICE
47,245,41,275,6,30,36,2458,7,SLICE,SLICE
47,245,42,267,5,22,27,1438,7,SLICE,SLICE
47,245,38,274,9,29,38,2322,7,SLICE,SLICE
47,245,36,276,11,31,42,2438,7,SLICE,SLICE
1,84,38,255,37,171,208,2492,6,RAMB18,SLICE
1,84,34,268,33,184,217,2601,6,RAMB18,SLICE
1,84,38,265,37,181,218,2392,6,RAMB18,SLICE
1,84,34,264,33,180,213,2565,6,RAMB18,SLICE
1,84,34,269,33,185,218,3062,7,RAMB18,SLICE
1,84,33,262,32,178,210,2026,7,RAMB18,SLICE
1,84,31,262,30,178,208,2468,7,RAMB18,SLICE
1,84,40,269,39,185,224,2988,7,RAMB18,SLICE
1,84,40,260,39,176,215,2300,7,RAMB18,SLICE
1,84,40,253,39,169,208,2058,7,RAMB18,SLICE
1,84,39,255,38,171,209,2229,7,RAMB18,SLICE
1,84,42,259,41,175,216,2533,7,RAMB18,SLICE
30,268,35,256,5,12,17,1006,7,SLICE,SLICE
30,268,37,256,7,12,19,712,7,SLICE,SLICE
30,268,43,251,13,17,30,1446,7,SLICE,SLICE
30,268,39,263,9,5,14,800,7,SLICE,SLICE
45,239,35,276,10,37,47,1809,7,SLICE,SLICE
45,239,34,275,11,36,47,1408,7,SLICE,SLICE
45,239,34,278,11,39,50,1694,7,SLICE,SLICE
45,239,40,276,5,37,42,1539,7,SLICE,SLICE
1,90,45,248,44,158,202,1664,7,RAMB18,SLICE
1,90,43,260,42,170,212,2556,7,RAMB18,SLICE
1,90,43,260,42,170,212,2556,7,RAMB18,SLICE
1,90,39,250,38,160,198,1681,7,RAMB18,SLICE
1,90,38,279,37,189,226,2869,7,RAMB18,SLICE
1,90,42,266,41,176,217,2213,7,RAMB18,SLICE
1,90,43,276,42,186,228,2603,7,RAMB18,SLICE
1,90,44,271,43,181,224,2585,7,RAMB18,SLICE
1,90,40,247,39,157,196,1397,7,RAMB18,SLICE
1,90,43,276,42,186,228,2448,7,RAMB18,SLICE
1,90,43,279,42,189,231,2914,7,RAMB18,SLICE
1,90,44,272,43,182,225,2397,7,RAMB18,SLICE
42,246,37,271,5,25,30,1347,7,SLICE,SLICE
42,246,35,266,7,20,27,1411,7,SLICE,SLICE
42,246,37,269,5,23,28,1390,7,SLICE,SLICE
42,246,39,269,3,23,26,1188,7,SLICE,SLICE
31,262,36,273,5,11,16,806,7,SLICE,SLICE
31,262,36,256,5,6,11,1076,7,SLICE,SLICE
31,262,32,255,1,7,8,756,7,SLICE,SLICE
31,262,38,267,7,5,12,1154,7,SLICE,SLICE
1,85,39,250,38,165,203,1956,7,RAMB18,SLICE
1,85,39,252,38,167,205,1845,7,RAMB18,SLICE
1,85,34,255,33,170,203,1989,7,RAMB18,SLICE
1,85,34,252,33,167,200,1465,7,RAMB18,SLICE
1,85,39,248,38,163,201,1726,7,RAMB18,SLICE
1,85,43,257,42,172,214,2314,7,RAMB18,SLICE
1,85,41,253,40,168,208,2282,7,RAMB18,SLICE
1,85,40,253,39,168,207,2414,7,RAMB18,SLICE
1,85,32,248,31,163,194,2147,7,RAMB18,SLICE
1,85,41,253,40,168,208,2576,7,RAMB18,SLICE
1,85,41,254,40,169,209,2466,7,RAMB18,SLICE
1,85,41,253,40,168,208,2572,7,RAMB18,SLICE
1,85,37,267,36,182,218,2554,7,RAMB18,SLICE
1,85,34,258,33,173,206,1874,7,RAMB18,SLICE
1,85,36,263,35,178,213,2379,7,RAMB18,SLICE
1,85,36,276,35,191,226,2803,7,RAMB18,SLICE
30,263,40,260,10,3,13,1248,7,SLICE,SLICE
30,263,39,255,9,8,17,1359,7,SLICE,SLICE
30,263,37,260,7,3,10,1058,7,SLICE,SLICE
30,263,35,259,5,4,9,819,7,SLICE,SLICE
45,243,30,258,15,15,30,2251,6,SLICE,SLICE
45,243,45,264,0,21,21,1619,6,SLICE,SLICE
45,243,41,247,4,4,8,1031,6,SLICE,SLICE
45,243,43,256,2,13,15,849,6,SLICE,SLICE
1,100,39,269,38,169,207,1794,7,RAMB18,SLICE
1,100,35,267,34,167,201,1561,7,RAMB18,SLICE
1,100,38,251,37,151,188,1144,7,RAMB18,SLICE
1,100,39,269,38,169,207,1676,7,RAMB18,SLICE
1,100,38,257,37,157,194,1478,7,RAMB18,SLICE
1,100,35,248,34,148,182,1107,7,RAMB18,SLICE
1,100,45,267,44,167,211,2259,7,RAMB18,SLICE
1,100,38,266,37,166,203,1763,7,RAMB18,SLICE
1,100,33,263,32,163,195,1581,7,RAMB18,SLICE
1,100,38,260,37,160,197,1394,7,RAMB18,SLICE
1,100,39,260,38,160,198,1306,7,RAMB18,SLICE
1,100,39,260,38,160,198,1337,7,RAMB18,SLICE
1,88,31,265,30,177,207,2470,7,RAMB18,SLICE
1,88,33,263,32,175,207,2440,7,RAMB18,SLICE
1,88,35,247,34,159,193,1584,7,RAMB18,SLICE
1,88,37,247,36,159,195,1810,7,RAMB18,SLICE
1,88,41,251,40,163,203,1857,7,RAMB18,SLICE
1,88,40,257,39,169,208,2396,7,RAMB18,SLICE
1,88,43,254,42,166,208,2109,7,RAMB18,SLICE
1,88,38,260,37,172,209,2280,7,RAMB18,SLICE
1,88,43,266,42,178,220,2194,7,RAMB18,SLICE
1,88,46,246,45,158,203,1807,7,RAMB18,SLICE
1,88,43,248,42,160,202,1571,7,RAMB18,SLICE
1,88,32,262,31,174,205,2697,7,RAMB18,SLICE
44,242,39,255,5,13,18,1194,7,SLICE,SLICE
44,242,38,253,6,11,17,1192,7,SLICE,SLICE
44,242,39,252,5,10,15,823,7,SLICE,SLICE
44,242,38,248,6,6,12,664,7,SLICE,SLICE
40,245,36,249,4,4,8,695,7,SLICE,SLICE
40,245,38,257,2,12,14,1077,7,SLICE,SLICE
40,245,39,265,1,20,21,1351,7,SLICE,SLICE
40,245,38,262,2,17,19,1134,7,SLICE,SLICE
1,89,42,251,41,162,203,1993,7,RAMB18,SLICE
1,89,39,247,38,158,196,1683,7,RAMB18,SLICE
1,89,42,255,41,166,207,2350,7,RAMB18,SLICE
1,89,42,251,41,162,203,2104,7,RAMB18,SLICE
1,89,39,256,38,167,205,2243,7,RAMB18,SLICE
1,89,39,252,38,163,201,2296,7,RAMB18,SLICE
1,89,34,255,33,166,199,1991,7,RAMB18,SLICE
1,89,35,253,34,164,198,1847,7,RAMB18,SLICE
1,89,44,271,43,182,225,2955,7,RAMB18,SLICE
1,89,37,279,36,190,226,2679,7,RAMB18,SLICE
1,89,43,277,42,188,230,2885,7,RAMB18,SLICE
1,89,42,272,41,183,224,3068,7,RAMB18,SLICE
1,89,35,279,34,190,224,2692,7,RAMB18,SLICE
1,89,35,280,34,191,225,2837,7,RAMB18,SLICE
1,89,42,277,41,188,229,3021,7,RAMB18,SLICE
1,89,42,268,41,179,220,2134,7,RAMB18,SLICE
45,243,36,268,9,25,34,1581,7,SLICE,SLICE
45,243,32,248,13,5,18,640,7,SLICE,SLICE
45,243,35,270,10,27,37,1659,7,SLICE,SLICE
45,243,39,273,6,30,36,2270,7,SLICE,SLICE
50,269,50,269,0,0,0,55,1,SLICE,SLICE
52,262,52,262,0,0,0,55,1,SLICE,SLICE
48,255,48,255,0,0,0,58,1,SLICE,SLICE
52,260,52,260,0,0,0,55,1,SLICE,SLICE
51,256,51,256,0,0,0,58,1,SLICE,SLICE
54,253,54,253,0,0,0,55,1,SLICE,SLICE
55,252,55,252,0,0,0,58,1,SLICE,SLICE
55,276,55,276,0,0,0,58,1,SLICE,SLICE
46,278,46,278,0,0,0,56,1,SLICE,SLICE
48,280,48,280,0,0,0,59,1,SLICE,SLICE
52,275,52,275,0,0,0,56,1,SLICE,SLICE
50,277,50,277,0,0,0,55,1,SLICE,SLICE
50,274,50,274,0,0,0,56,1,SLICE,SLICE
44,279,44,279,0,0,0,59,1,SLICE,SLICE
50,275,50,275,0,0,0,55,1,SLICE,SLICE
48,279,48,279,0,0,0,59,1,SLICE,SLICE
52,279,52,279,0,0,0,55,1,SLICE,SLICE
54,244,54,244,0,0,0,55,1,SLICE,SLICE
46,277,46,277,0,0,0,55,1,SLICE,SLICE
50,278,50,278,0,0,0,55,1,SLICE,SLICE
45,278,45,278,0,0,0,58,1,SLICE,SLICE
50,279,50,279,0,0,0,55,1,SLICE,SLICE
55,274,55,274,0,0,0,58,1,SLICE,SLICE
44,275,44,275,0,0,0,58,1,SLICE,SLICE
50,270,50,270,0,0,0,56,1,SLICE,SLICE
51,273,51,273,0,0,0,58,1,SLICE,SLICE
50,281,50,281,0,0,0,56,1,SLICE,SLICE
50,274,50,274,0,0,0,55,1,SLICE,SLICE
53,251,53,251,0,0,0,58,1,SLICE,SLICE
51,274,51,274,0,0,0,58,1,SLICE,SLICE
46,271,46,271,0,0,0,55,1,SLICE,SLICE
48,265,48,265,0,0,0,58,1,SLICE,SLICE
48,261,48,261,0,0,0,58,1,SLICE,SLICE
48,272,48,272,0,0,0,58,1,SLICE,SLICE
48,265,48,265,0,0,0,59,1,SLICE,SLICE
52,267,52,267,0,0,0,55,1,SLICE,SLICE
52,271,52,271,0,0,0,55,1,SLICE,SLICE
50,250,50,250,0,0,0,55,1,SLICE,SLICE
48,268,48,268,0,0,0,58,1,SLICE,SLICE
50,253,50,253,0,0,0,55,1,SLICE,SLICE
48,260,48,260,0,0,0,59,1,SLICE,SLICE
44,277,44,277,0,0,0,59,1,SLICE,SLICE
48,260,48,260,0,0,0,58,1,SLICE,SLICE
56,278,56,278,0,0,0,55,1,SLICE,SLICE
50,263,50,263,0,0,0,55,1,SLICE,SLICE
46,266,46,266,0,0,0,55,1,SLICE,SLICE
44,274,44,274,0,0,0,58,1,SLICE,SLICE
48,260,48,260,0,0,0,58,1,SLICE,SLICE
50,250,50,250,0,0,0,55,1,SLICE,SLICE
46,263,46,263,0,0,0,55,1,SLICE,SLICE
50,262,50,262,0,0,0,55,1,SLICE,SLICE
48,259,48,259,0,0,0,58,1,SLICE,SLICE
46,271,46,271,0,0,0,55,1,SLICE,SLICE
56,265,56,265,0,0,0,56,1,SLICE,SLICE
56,272,56,272,0,0,0,56,1,SLICE,SLICE
56,274,56,274,0,0,0,55,1,SLICE,SLICE
46,269,46,269,0,0,0,55,1,SLICE,SLICE
50,267,50,267,0,0,0,56,1,SLICE,SLICE
56,261,56,261,0,0,0,56,1,SLICE,SLICE
51,250,51,250,0,0,0,58,1,SLICE,SLICE
56,272,56,272,0,0,0,55,1,SLICE,SLICE
54,267,54,267,0,0,0,56,1,SLICE,SLICE
56,274,56,274,0,0,0,55,1,SLICE,SLICE
56,271,56,271,0,0,0,55,1,SLICE,SLICE
56,275,56,275,0,0,0,55,1,SLICE,SLICE
54,266,54,266,0,0,0,55,1,SLICE,SLICE
56,267,56,267,0,0,0,55,1,SLICE,SLICE
56,266,56,266,0,0,0,55,1,SLICE,SLICE
57,276,57,276,0,0,0,58,1,SLICE,SLICE
56,263,56,263,0,0,0,55,1,SLICE,SLICE
46,258,46,258,0,0,0,55,1,SLICE,SLICE
56,266,56,266,0,0,0,55,1,SLICE,SLICE
57,264,57,264,0,0,0,58,1,SLICE,SLICE
51,262,51,262,0,0,0,58,1,SLICE,SLICE
48,258,48,258,0,0,0,58,1,SLICE,SLICE
54,269,54,269,0,0,0,55,1,SLICE,SLICE
56,262,56,262,0,0,0,55,1,SLICE,SLICE
54,254,54,254,0,0,0,56,1,SLICE,SLICE
58,255,58,255,0,0,0,56,1,SLICE,SLICE
56,253,56,253,0,0,0,55,1,SLICE,SLICE
57,269,57,269,0,0,0,59,1,SLICE,SLICE
52,246,52,246,0,0,0,55,1,SLICE,SLICE
54,257,54,257,0,0,0,55,1,SLICE,SLICE
54,257,54,257,0,0,0,55,1,SLICE,SLICE
54,255,54,255,0,0,0,55,1,SLICE,SLICE
56,254,56,254,0,0,0,55,1,SLICE,SLICE
54,256,54,256,0,0,0,55,1,SLICE,SLICE
57,256,57,256,0,0,0,58,1,SLICE,SLICE
54,252,54,252,0,0,0,55,1,SLICE,SLICE
54,260,54,260,0,0,0,55,1,SLICE,SLICE
50,247,50,247,0,0,0,55,1,SLICE,SLICE
56,251,56,251,0,0,0,55,1,SLICE,SLICE
52,254,52,254,0,0,0,55,1,SLICE,SLICE
46,259,46,259,0,0,0,55,1,SLICE,SLICE
51,247,51,247,0,0,0,58,1,SLICE,SLICE
52,247,52,247,0,0,0,55,1,SLICE,SLICE
52,247,52,247,0,0,0,55,1,SLICE,SLICE
54,247,54,247,0,0,0,55,1,SLICE,SLICE
54,250,54,250,0,0,0,55,1,SLICE,SLICE
52,251,52,251,0,0,0,55,1,SLICE,SLICE
50,257,50,257,0,0,0,55,1,SLICE,SLICE
51,259,51,259,0,0,0,58,1,SLICE,SLICE
46,258,46,258,0,0,0,55,1,SLICE,SLICE
54,260,54,260,0,0,0,56,1,SLICE,SLICE
56,249,56,249,0,0,0,56,1,SLICE,SLICE
50,261,50,261,0,0,0,55,1,SLICE,SLICE
45,255,55,260,10,5,15,1240,7,SLICE,SLICE
45,255,54,259,9,4,13,1020,7,SLICE,SLICE
45,255,55,259,10,4,14,1005,7,SLICE,SLICE
45,255,57,260,12,5,17,1458,7,SLICE,SLICE
44,257,52,279,8,22,30,1401,7,SLICE,SLICE
44,257,46,265,2,8,10,559,7,SLICE,SLICE
44,257,46,275,2,18,20,1306,7,SLICE,SLICE
44,257,48,262,4,5,9,666,7,SLICE,SLICE
1,123,49,275,48,152,200,2127,7,RAMB18,SLICE
1,123,49,276,48,153,201,2130,7,RAMB18,SLICE
1,123,51,276,50,153,203,2162,7,RAMB18,SLICE
1,123,51,274,50,151,201,2293,7,RAMB18,SLICE
1,123,52,263,51,140,191,2737,7,RAMB18,SLICE
1,123,47,272,46,149,195,2260,7,RAMB18,SLICE
1,123,48,270,47,147,194,2128,7,RAMB18,SLICE
1,123,52,263,51,140,191,2555,7,RAMB18,SLICE
1,123,52,278,51,155,206,2191,7,RAMB18,SLICE
1,123,55,279,54,156,210,2524,7,RAMB18,SLICE
1,123,49,277,48,154,202,1888,7,RAMB18,SLICE
1,123,50,260,49,137,186,2410,7,RAMB18,SLICE
1,123,50,269,49,146,195,2668,7,RAMB18,SLICE
1,123,46,273,45,150,195,1943,7,RAMB18,SLICE
1,123,48,267,47,144,191,2304,7,RAMB18,SLICE
1,123,47,273,46,150,196,1771,7,RAMB18,SLICE
49,245,51,270,2,25,27,1357,7,SLICE,SLICE
49,245,47,272,2,27,29,1466,7,SLICE,SLICE
49,245,50,281,1,36,37,1900,7,SLICE,SLICE
49,245,53,269,4,24,28,1329,7,SLICE,SLICE
47,247,51,260,4,13,17,1038,7,SLICE,SLICE
47,247,54,276,7,29,36,1582,7,SLICE,SLICE
47,247,48,278,1,31,32,2197,7,SLICE,SLICE
47,247,55,278,8,31,39,1806,7,SLICE,SLICE
1,110,50,262,49,152,201,1566,7,RAMB18,SLICE
1,110,57,273,56,163,219,2153,7,RAMB18,SLICE
1,110,46,270,45,160,205,1365,7,RAMB18,SLICE
1,110,54,271,53,161,214,2171,7,RAMB18,SLICE
1,110,54,268,53,158,211,2093,7,RAMB18,SLICE
1,110,55,265,54,155,209,1589,7,RAMB18,SLICE
1,110,57,271,56,161,217,2237,7,RAMB18,SLICE
1,110,56,261,55,151,206,1764,7,RAMB18,SLICE
1,110,52,262,51,152,203,2065,7,RAMB18,SLICE
1,110,50,276,49,166,215,1564,7,RAMB18,SLICE
1,110,54,276,53,166,219,2077,7,RAMB18,SLICE
1,110,50,279,49,169,218,1701,7,RAMB18,SLICE
44,268,49,275,5,7,12,1006,7,SLICE,SLICE
44,268,50,270,6,2,8,749,7,SLICE,SLICE
44,268,51,274,7,6,13,857,7,SLICE,SLICE
44,268,50,279,6,11,17,1287,7,SLICE,SLICE
49,246,57,280,8,34,42,1516,7,SLICE,SLICE
49,246,52,277,3,31,34,1301,7,SLICE,SLICE
49,246,50,254,1,8,9,778,7,SLICE,SLICE
49,246,52,279,3,33,36,1701,7,SLICE,SLICE
1,113,46,271,45,158,203,1404,7,RAMB18,SLICE
1,113,49,263,48,150,198,2198,7,RAMB18,SLICE
1,113,47,266,46,153,199,1687,7,RAMB18,SLICE
1,113,53,271,52,158,210,1506,7,RAMB18,SLICE
1,113,45,265,44,152,196,1431,7,RAMB18,SLICE
1,113,52,253,51,140,191,2264,7,RAMB18,SLICE
1,113,59,252,58,139,197,2452,7,RAMB18,SLICE
1,113,52,258,51,145,196,2095,7,RAMB18,SLICE
1,113,47,279,46,166,212,1342,7,RAMB18,SLICE
1,113,44,279,43,166,209,998,7,RAMB18,SLICE
1,113,47,279,46,166,212,1077,7,RAMB18,SLICE
1,113,46,262,45,149,194,1899,7,RAMB18,SLICE
45,251,56,272,11,21,32,1732,7,SLICE,SLICE
45,251,51,266,6,15,21,1200,7,SLICE,SLICE
45,251,54,272,9,21,30,1612,7,SLICE,SLICE
45,251,57,272,12,21,33,1830,7,SLICE,SLICE
44,253,52,279,8,26,34,1339,7,SLICE,SLICE
44,253,46,276,2,23,25,1454,7,SLICE,SLICE
44,253,53,279,9,26,35,1333,7,SLICE,SLICE
44,253,50,273,6,20,26,1128,7,SLICE,SLICE
45,260,50,269,5,9,14,857,7,SLICE,SLICE
45,260,54,270,9,10,19,1118,7,SLICE,SLICE
45,260,56,261,11,1,12,1008,7,SLICE,SLICE
45,260,49,267,4,7,11,578,7,SLICE,SLICE
1,119,46,279,45,160,205,1712,7,RAMB18,SLICE
1,119,51,281,50,162,212,1579,7,RAMB18,SLICE
1,119,51,274,50,155,205,1896,7,RAMB18,SLICE
1,119,48,278,47,159,206,1637,7,RAMB18,SLICE
1,119,49,258,48,139,187,1963,7,RAMB18,SLICE
1,119,53,263,52,144,196,2902,7,RAMB18,SLICE
1,119,51,259,50,140,190,2211,7,RAMB18,SLICE
1,119,50,260,49,141,190,2660,7,RAMB18,SLICE
1,119,51,260,50,141,191,2634,7,RAMB18,SLICE
1,119,55,275,54,156,210,2234,7,RAMB18,SLICE
1,119,55,278,54,159,213,2346,7,RAMB18,SLICE
1,119,50,274,49,155,204,1954,7,RAMB18,SLICE
1,119,49,265,48,146,194,1880,7,RAMB18,SLICE
1,119,56,257,55,138,193,2654,7,RAMB18,SLICE
1,119,55,258,54,139,193,2288,7,RAMB18,SLICE
1,119,56,255,55,136,191,2459,7,RAMB18,SLICE
46,251,50,250,4,1,5,599,6,SLICE,SLICE
46,251,51,248,5,3,8,1057,6,SLICE,SLICE
46,251,50,250,4,1,5,406,6,SLICE,SLICE
46,251,50,249,4,2,6,817,6,SLICE,SLICE
46,248,49,258,3,10,13,955,7,SLICE,SLICE
46,248,51,254,5,6,11,1011,7,SLICE,SLICE
46,248,51,254,5,6,11,766,7,SLICE,SLICE
46,248,51,260,5,12,17,1171,7,SLICE,SLICE
1,136,49,260,48,124,172,3545,7,RAMB18,SLICE
1,136,50,268,49,132,181,3186,7,RAMB18,SLICE
1,136,53,271,52,135,187,3323,7,RAMB18,SLICE
1,136,49,264,48,128,176,3519,7,RAMB18,SLICE
1,136,55,269,54,133,187,2915,7,RAMB18,SLICE
1,136,56,275,55,139,194,3509,7,RAMB18,SLICE
1,136,54,269,53,133,186,3167,7,RAMB18,SLICE
1,136,57,272,56,136,192,3207,7,RAMB18,SLICE
1,136,46,279,45,143,188,2873,7,RAMB18,SLICE
1,136,51,258,50,122,172,3523,7,RAMB18,SLICE
1,136,51,279,50,143,193,3057,7,RAMB18,SLICE
1,136,52,279,51,143,194,3045,7,RAMB18,SLICE
44,254,56,249,12,5,17,1117,7,SLICE,SLICE
44,254,55,253,11,1,12,985,7,SLICE,SLICE
44,254,58,252,14,2,16,1010,7,SLICE,SLICE
44,254,52,246,8,8,16,1255,7,SLICE,SLICE
51,246,50,253,1,7,8,604,7,SLICE,SLICE
51,246,55,276,4,30,34,1928,7,SLICE,SLICE
51,246,55,276,4,30,34,1928,7,SLICE,SLICE
51,246,54,275,3,29,32,1733,7,SLICE,SLICE
1,107,55,257,54,150,204,1514,7,RAMB18,SLICE
1,107,55,258,54,151,205,1628,7,RAMB18,SLICE
1,107,54,257,53,150,203,1918,7,RAMB18,SLICE
1,107,56,263,55,156,211,1663,7,RAMB18,SLICE
1,107,48,263,47,156,203,1677,7,RAMB18,SLICE
1,107,49,259,48,152,200,2093,7,RAMB18,SLICE
1,107,52,266,51,159,210,1920,7,RAMB18,SLICE
1,107,50,262,49,155,204,1955,7,RAMB18,SLICE
1,107,56,254,55,147,202,1888,7,RAMB18,SLICE
1,107,58,258,57,151,208,1877,7,RAMB18,SLICE
1,107,53,260,52,153,205,1604,7,RAMB18,SLICE
1,107,58,267,57,160,217,1538,7,RAMB18,SLICE
48,248,50,275,2,27,29,1691,7,SLICE,SLICE
48,248,50,274,2,26,28,1532,7,SLICE,SLICE
48,248,46,276,2,28,30,1444,7,SLICE,SLICE
48,248,48,278,0,30,30,1910,7,SLICE,SLICE
46,255,50,279,4,24,28,1420,7,SLICE,SLICE
46,255,55,276,9,21,30,1452,7,SLICE,SLICE
46,255,53,279,7,24,31,1432,7,SLICE,SLICE
46,255,49,255,3,0,3,557,7,SLICE,SLICE
1,130,46,267,45,137,182,2458,7,RAMB18,SLICE
1,130,56,263,55,133,188,2890,7,RAMB18,SLICE
1,130,56,261,55,131,186,2938,7,RAMB18,SLICE
1,130,58,259,57,129,186,3196,7,RAMB18,SLICE
1,130,48,257,47,127,174,3289,7,RAMB18,SLICE
1,130,55,278,54,148,202,2397,7,RAMB18,SLICE
1,130,55,276,54,146,200,2969,7,RAMB18,SLICE
1,130,50,279,49,149,198,2159,7,RAMB18,SLICE
1,130,52,253,51,123,174,3018,7,RAMB18,SLICE
1,130,54,244,53,114,167,3683,7,RAMB18,SLICE
1,130,52,256,51,126,177,3337,7,RAMB18,SLICE
1,130,57,253,56,123,179,4063,7,RAMB18,SLICE
1,130,46,262,45,132,177,3038,7,RAMB18,SLICE
1,130,51,255,50,125,175,3522,7,RAMB18,SLICE
1,130,50,253,49,123,172,3616,7,RAMB18,SLICE
1,130,46,261,45,131,176,2993,7,RAMB18,SLICE
1,134,56,253,55,119,174,3943,7,RAMB18,SLICE
1,134,53,250,52,116,168,3702,7,RAMB18,SLICE
1,134,52,250,51,116,167,3729,7,RAMB18,SLICE
1,134,53,252,52,118,170,3720,7,RAMB18,SLICE
1,134,49,256,48,122,170,3524,7,RAMB18,SLICE
1,134,50,259,49,125,174,2924,7,RAMB18,SLICE
1,134,52,256,51,122,173,3374,7,RAMB18,SLICE
1,134,53,258,52,124,176,2853,7,RAMB18,SLICE
1,134,49,277,48,143,191,2680,7,RAMB18,SLICE
1,134,55,276,54,142,196,3611,7,RAMB18,SLICE
1,134,53,277,52,143,195,2942,7,RAMB18,SLICE
1,134,44,266,43,132,175,3559,7,RAMB18,SLICE
45,250,52,273,7,23,30,1640,7,SLICE,SLICE
45,250,45,268,0,18,18,1040,7,SLICE,SLICE
45,250,53,269,8,19,27,1478,7,SLICE,SLICE
45,250,48,264,3,14,17,995,7,SLICE,SLICE
47,257,56,276,9,19,28,1515,7,SLICE,SLICE
47,257,56,269,9,12,21,1055,7,SLICE,SLICE
47,257,56,267,9,10,19,1426,7,SLICE,SLICE
47,257,56,265,9,8,17,1285,7,SLICE,SLICE
1,137,49,258,48,121,169,3496,7,RAMB18,SLICE
1,137,43,264,42,127,169,3226,7,RAMB18,SLICE
1,137,46,262,45,125,170,3523,7,RAMB18,SLICE
1,137,52,262,51,125,176,3503,7,RAMB18,SLICE
1,137,53,263,52,126,178,4236,7,RAMB18,SLICE
1,137,48,260,47,123,170,3805,7,RAMB18,SLICE
1,137,47,272,46,135,181,2995,7,RAMB18,SLICE
1,137,50,266,49,129,178,4004,7,RAMB18,SLICE
1,137,50,279,49,142,191,2918,7,RAMB18,SLICE
1,137,51,279,50,142,192,2655,7,RAMB18,SLICE
1,137,49,276,48,139,187,2991,7,RAMB18,SLICE
1,137,51,281,50,144,194,2806,7,RAMB18,SLICE
45,269,54,274,9,5,14,1479,7,SLICE,SLICE
45,269,53,268,8,1,9,598,7,SLICE,SLICE
45,269,53,271,8,2,10,1001,7,SLICE,SLICE
45,269,52,267,7,2,9,669,7,SLICE,SLICE
48,247,55,259,7,12,19,915,6,SLICE,SLICE
48,247,58,258,10,11,21,1048,6,SLICE,SLICE
48,247,57,255,9,8,17,911,6,SLICE,SLICE
48,247,56,259,8,12,20,1289,6,SLICE,SLICE
1,133,44,278,43,145,188,2482,7,RAMB18,SLICE
1,133,55,275,54,142,196,3358,7,RAMB18,SLICE
1,133,52,260,51,127,178,4077,7,RAMB18,SLICE
1,133,55,278,54,145,199,3315,7,RAMB18,SLICE
1,133,57,262,56,129,185,3217,7,RAMB18,SLICE
1,133,57,258,56,125,181,3949,7,RAMB18,SLICE
1,133,52,256,51,123,174,3853,7,RAMB18,SLICE
1,133,57,267,56,134,190,3222,7,RAMB18,SLICE
1,133,50,272,49,139,188,2734,7,RAMB18,SLICE
1,133,50,275,49,142,191,2650,7,RAMB18,SLICE
1,133,48,274,47,141,188,3092,7,RAMB18,SLICE
1,133,51,275,50,142,192,2510,7,RAMB18,SLICE
1,133,47,280,46,147,193,2741,7,RAMB18,SLICE
1,133,53,267,52,134,186,3572,7,RAMB18,SLICE
1,133,55,277,54,144,198,3028,7,RAMB18,SLICE
1,133,52,261,51,128,179,3419,7,RAMB18,SLICE
49,252,57,264,8,12,20,1152,7,SLICE,SLICE
49,252,53,256,4,4,8,589,7,SLICE,SLICE
49,252,57,255,8,3,11,1110,7,SLICE,SLICE
49,252,57,267,8,15,23,1747,7,SLICE,SLICE
45,262,49,278,4,16,20,1038,7,SLICE,SLICE
45,262,48,276,3,14,17,951,7,SLICE,SLICE
45,262,51,275,6,13,19,1190,7,SLICE,SLICE
45,262,50,278,5,16,21,1093,7,SLICE,SLICE
1,120,56,272,55,152,207,2055,7,RAMB18,SLICE
1,120,55,264,54,144,198,2143,7,RAMB18,SLICE
1,120,52,265,51,145,196,2259,7,RAMB18,SLICE
1,120,57,268,56,148,204,2242,7,RAMB18,SLICE
1,120,51,250,50,130,180,2389,7,RAMB18,SLICE
1,120,51,253,50,133,183,2482,7,RAMB18,SLICE
1,120,46,258,45,138,183,2081,7,RAMB18,SLICE
1,120,50,251,49,131,180,2291,7,RAMB18,SLICE
1,120,57,265,56,145,201,2341,7,RAMB18,SLICE
1,120,57,256,56,136,192,2662,7,RAMB18,SLICE
1,120,49,265,48,145,193,2225,7,RAMB18,SLICE
1,120,49,257,48,137,185,2001,7,RAMB18,SLICE
45,279,48,275,3,4,7,689,7,SLICE,SLICE
45,279,52,273,7,6,13,1195,7,SLICE,SLICE
45,279,48,274,3,5,8,804,7,SLICE,SLICE
45,279,55,276,10,3,13,1082,7,SLICE,SLICE
44,265,57,271,13,6,19,1407,7,SLICE,SLICE
44,265,54,262,10,3,13,892,7,SLICE,SLICE
44,265,54,262,10,3,13,906,7,SLICE,SLICE
44,265,58,262,14,3,17,808,7,SLICE,SLICE
45,270,51,279,6,9,15,1141,7,SLICE,SLICE
45,270,53,277,8,7,15,1107,7,SLICE,SLICE
45,270,53,277,8,7,15,1375,7,SLICE,SLICE
45,270,50,259,5,11,16,2093,7,SLICE,SLICE
1,109,48,268,47,159,206,1295,7,RAMB18,SLICE
1,109,56,261,55,152,207,1952,7,RAMB18,SLICE
1,109,46,269,45,160,205,1058,7,RAMB18,SLICE
1,109,52,262,51,153,204,1800,7,RAMB18,SLICE
1,109,53,272,52,163,215,1685,7,RAMB18,SLICE
1,109,44,275,43,166,209,1209,7,RAMB18,SLICE
1,109,51,275,50,166,216,1477,7,RAMB18,SLICE
1,109,55,277,54,168,222,1700,7,RAMB18,SLICE
1,109,53,270,52,161,213,1496,7,RAMB18,SLICE
1,109,53,266,52,157,209,1726,7,RAMB18,SLICE
1,109,51,263,50,154,204,1644,7,RAMB18,SLICE
1,109,53,266,52,157,209,1724,7,RAMB18,SLICE
44,257,55,279,11,22,33,2101,7,SLICE,SLICE
44,257,44,275,0,18,18,1076,7,SLICE,SLICE
44,257,50,279,6,22,28,1900,7,SLICE,SLICE
44,257,51,276,7,19,26,1560,7,SLICE,SLICE
46,256,54,249,8,7,15,741,7,SLICE,SLICE
46,256,50,252,4,4,8,797,7,SLICE,SLICE
46,256,54,244,8,12,20,1428,7,SLICE,SLICE
46,256,44,261,2,5,7,836,7,SLICE,SLICE
1,114,54,258,53,144,197,2933,7,RAMB18,SLICE
1,114,55,258,54,144,198,2822,7,RAMB18,SLICE
1,114,57,261,56,147,203,2586,7,RAMB18,SLICE
1,114,54,264,53,150,203,2045,7,RAMB18,SLICE
1,114,46,268,45,154,199,1628,7,RAMB18,SLICE
1,114,58,261,57,147,204,1987,7,RAMB18,SLICE
1,114,57,261,56,147,203,2080,7,RAMB18,SLICE
1,114,58,267,57,153,210,2182,7,RAMB18,SLICE
1,114,47,267,46,153,199,1545,7,RAMB18,SLICE
1,114,50,262,49,148,197,1819,7,RAMB18,SLICE
1,114,57,265,56,151,207,2107,7,RAMB18,SLICE
1,114,55,270,54,156,210,2085,7,RAMB18,SLICE
1,114,55,269,54,155,209,2144,7,RAMB18,SLICE
1,114,49,258,48,144,192,2271,7,RAMB18,SLICE
1,114,55,264,54,150,204,2183,7,RAMB18,SLICE
1,114,57,266,56,152,208,2338,7,RAMB18,SLICE
44,253,54,271,10,18,28,1248,7,SLICE,SLICE
44,253,56,274,12,21,33,1906,7,SLICE,SLICE
44,253,52,265,8,12,20,1067,7,SLICE,SLICE
44,253,56,274,12,21,33,1662,7,SLICE,SLICE
49,244,55,248,6,4,10,950,7,SLICE,SLICE
49,244,50,250,1,6,7,1211,7,SLICE,SLICE
49,244,56,252,7,8,15,1610,7,SLICE,SLICE
49,244,56,252,7,8,15,1439,7,SLICE,SLICE
1,128,55,270,54,142,196,2389,7,RAMB18,SLICE
1,128,55,269,54,141,195,2724,7,RAMB18,SLICE
1,128,54,269,53,141,194,2573,7,RAMB18,SLICE
1,128,51,264,50,136,186,3019,7,RAMB18,SLICE
1,128,55,276,54,148,202,2736,7,RAMB18,SLICE
1,128,52,280,51,152,203,2522,7,RAMB18,SLICE
1,128,49,279,48,151,199,1974,7,RAMB18,SLICE
1,128,52,274,51,146,197,2867,7,RAMB18,SLICE
1,128,59,265,58,137,195,3586,7,RAMB18,SLICE
1,128,57,272,56,144,200,2509,7,RAMB18,SLICE
1,128,58,265,57,137,194,3582,7,RAMB18,SLICE
1,128,56,269,55,141,196,2964,7,RAMB18,SLICE
44,277,49,279,5,2,7,711,7,SLICE,SLICE
44,277,55,278,11,1,12,1216,7,SLICE,SLICE
44,277,48,278,4,1,5,584,7,SLICE,SLICE
44,277,51,257,7,20,27,1208,7,SLICE,SLICE
45,261,51,259,6,2,8,744,7,SLICE,SLICE
45,261,52,256,7,5,12,686,7,SLICE,SLICE
45,261,45,265,0,4,4,683,7,SLICE,SLICE
45,261,55,251,10,10,20,1058,7,SLICE,SLICE
48,249,52,248,4,1,5,837,6,SLICE,SLICE
48,249,58,252,10,3,13,793,6,SLICE,SLICE
48,249,50,252,2,3,5,754,6,SLICE,SLICE
48,249,56,252,8,3,11,910,6,SLICE,SLICE
1,116,58,262,57,146,203,2393,7,RAMB18,SLICE
1,116,57,264,56,148,204,2220,7,RAMB18,SLICE
1,116,57,269,56,153,209,2448,7,RAMB18,SLICE
1,116,52,261,51,145,196,2132,7,RAMB18,SLICE
1,116,58,262,57,146,203,2231,7,RAMB18,SLICE
1,116,56,254,55,138,193,2978,7,RAMB18,SLICE
1,116,54,259,53,143,196,2323,7,RAMB18,SLICE
1,116,59,258,58,142,200,2318,7,RAMB18,SLICE
1,116,57,259,56,143,199,2379,7,RAMB18,SLICE
1,116,48,263,47,147,194,1823,7,RAMB18,SLICE
1,116,55,263,54,147,201,2283,7,RAMB18,SLICE
1,116,48,259,47,143,190,2531,7,RAMB18,SLICE
44,263,52,260,8,3,11,891,7,SLICE,SLICE
44,263,48,255,4,8,12,1382,7,SLICE,SLICE
44,263,51,254,7,9,16,1128,7,SLICE,SLICE
44,263,55,252,11,11,22,1165,7,SLICE,SLICE
45,257,58,265,13,8,21,1166,7,SLICE,SLICE
45,257,58,263,13,6,19,1021,7,SLICE,SLICE
45,257,48,269,3,12,15,1107,7,SLICE,SLICE
45,257,48,269,3,12,15,1105,7,SLICE,SLICE
1,139,49,254,48,115,163,4640,7,RAMB18,SLICE
1,139,55,253,54,114,168,3875,7,RAMB18,SLICE
1,139,50,258,49,119,168,3833,7,RAMB18,SLICE
1,139,54,249,53,110,163,4414,7,RAMB18,SLICE
1,139,47,263,46,124,170,3940,7,RAMB18,SLICE
1,139,51,264,50,125,175,3555,7,RAMB18,SLICE
1,139,48,263,47,124,171,3519,7,RAMB18,SLICE
1,139,52,264,51,125,176,3580,7,RAMB18,SLICE
1,139,57,250,56,111,167,4101,7,RAMB18,SLICE
1,139,51,259,50,120,170,3782,7,RAMB18,SLICE
1,139,53,258,52,119,171,3781,7,RAMB18,SLICE
1,139,50,258,49,119,168,3897,7,RAMB18,SLICE
1,139,47,279,46,140,186,2926,7,RAMB18,SLICE
1,139,50,261,49,122,171,3982,7,RAMB18,SLICE
1,139,48,278,47,139,186,3155,7,RAMB18,SLICE
1,139,52,274,51,135,186,3520,7,RAMB18,SLICE
45,252,57,259,12,7,19,1249,7,SLICE,SLICE
45,252,56,260,11,8,19,1161,7,SLICE,SLICE
45,252,45,260,0,8,8,574,7,SLICE,SLICE
45,252,57,262,12,10,22,1158,7,SLICE,SLICE
47,251,56,259,9,8,17,932,7,SLICE,SLICE
47,251,59,259,12,8,20,1034,7,SLICE,SLICE
47,251,57,266,10,15,25,1550,7,SLICE,SLICE
47,251,58,259,11,8,19,1192,7,SLICE,SLICE
2,107,56,267,54,160,214,1147,7,RAMB18,SLICE
2,107,58,261,56,154,210,1621,7,RAMB18,SLICE
2,107,50,267,48,160,208,699,7,RAMB18,SLICE
2,107,54,262,52,155,207,1423,7,RAMB18,SLICE
2,107,53,248,51,141,192,1535,7,RAMB18,SLICE
2,107,49,251,47,144,191,1361,7,RAMB18,SLICE
2,107,49,257,47,150,197,1326,7,RAMB18,SLICE
2,107,55,260,53,153,206,1029,7,RAMB18,SLICE
2,107,53,247,51,140,191,1508,7,RAMB18,SLICE
2,107,55,246,53,139,192,1538,7,RAMB18,SLICE
2,107,53,247,51,140,191,1661,7,RAMB18,SLICE
2,107,57,256,55,149,204,1043,7,RAMB18,SLICE
45,252,54,273,9,21,30,1553,7,SLICE,SLICE
45,252,55,272,10,20,30,1380,7,SLICE,SLICE
45,252,55,273,10,21,31,1343,7,SLICE,SLICE
45,252,55,272,10,20,30,1382,7,SLICE,SLICE
49,250,48,270,1,20,21,1729,7,SLICE,SLICE
49,250,50,266,1,16,17,1871,7,SLICE,SLICE
49,250,46,274,3,24,27,2203,7,SLICE,SLICE
49,250,49,262,0,12,12,1150,7,SLICE,SLICE
1,127,55,244,54,117,171,3488,7,RAMB18,SLICE
1,127,50,249,49,122,171,3244,7,RAMB18,SLICE
1,127,55,251,54,124,178,3140,7,RAMB18,SLICE
1,127,48,254,47,127,174,2859,7,RAMB18,SLICE
1,127,50,278,49,151,200,2345,6,RAMB18,SLICE
1,127,48,275,47,148,195,2338,6,RAMB18,SLICE
1,127,47,276,46,149,195,2164,6,RAMB18,SLICE
1,127,44,276,43,149,192,2130,6,RAMB18,SLICE
1,127,58,251,57,124,181,3617,7,RAMB18,SLICE
1,127,58,256,57,129,186,3478,7,RAMB18,SLICE
1,127,57,269,56,142,198,2629,7,RAMB18,SLICE
1,127,54,249,53,122,175,4040,7,RAMB18,SLICE
1,124,52,265,51,141,192,2543,7,RAMB18,SLICE
1,124,48,268,47,144,191,2045,7,RAMB18,SLICE
1,124,56,275,55,151,206,2596,7,RAMB18,SLICE
1,124,54,272,53,148,201,2631,7,RAMB18,SLICE
1,124,50,259,49,135,184,2647,7,RAMB18,SLICE
1,124,50,258,49,134,183,2746,7,RAMB18,SLICE
1,124,48,256,47,132,179,3087,7,RAMB18,SLICE
1,124,46,263,45,139,184,2440,7,RAMB18,SLICE
1,124,53,253,52,129,181,2920,7,RAMB18,SLICE
1,124,52,254,51,130,181,3189,7,RAMB18,SLICE
1,124,48,254,47,130,177,2810,7,RAMB18,SLICE
1,124,54,253,53,129,182,3088,7,RAMB18,SLICE
1,124,47,263,46,139,185,2195,7,RAMB18,SLICE
1,124,46,261,45,137,182,2412,7,RAMB18,SLICE
1,124,47,262,46,138,184,2441,7,RAMB18,SLICE
1,124,51,258,50,134,184,2628,7,RAMB18,SLICE
45,248,50,246,5,2,7,648,7,SLICE,SLICE
45,248,54,249,9,1,10,868,7,SLICE,SLICE
45,248,46,259,1,11,12,1263,7,SLICE,SLICE
45,248,50,254,5,6,11,1074,7,SLICE,SLICE
44,255,52,270,8,15,23,1224,7,SLICE,SLICE
44,255,51,269,7,14,21,1084,7,SLICE,SLICE
44,255,47,272,3,17,20,1072,7,SLICE,SLICE
44,255,51,264,7,9,16,1073,7,SLICE,SLICE
1,138,50,265,49,127,176,3579,7,RAMB18,SLICE
1,138,48,268,47,130,177,3192,7,RAMB18,SLICE
1,138,52,264,51,126,177,3931,7,RAMB18,SLICE
1,138,50,270,49,132,181,3558,7,RAMB18,SLICE
1,138,50,257,49,119,168,3159,7,RAMB18,SLICE
1,138,48,255,47,117,164,3446,7,RAMB18,SLICE
1,138,45,265,44,127,171,2724,7,RAMB18,SLICE
1,138,48,257,47,119,166,3000,7,RAMB18,SLICE
1,138,51,265,50,127,177,3805,7,RAMB18,SLICE
1,138,52,279,51,141,192,2770,7,RAMB18,SLICE
1,138,50,277,49,139,188,3174,7,RAMB18,SLICE
1,138,52,274,51,136,187,3548,7,RAMB18,SLICE
45,258,51,251,6,7,13,654,7,SLICE,SLICE
45,258,50,252,5,6,11,864,7,SLICE,SLICE
45,258,52,247,7,11,18,1268,7,SLICE,SLICE
45,258,52,246,7,12,19,1497,7,SLICE,SLICE
82,158,82,158,0,0,0,56,1,SLICE,SLICE
86,154,86,154,0,0,0,56,1,SLICE,SLICE
90,164,90,164,0,0,0,55,1,SLICE,SLICE
84,163,84,163,0,0,0,58,1,SLICE,SLICE
90,162,90,162,0,0,0,55,1,SLICE,SLICE
90,167,90,167,0,0,0,55,1,SLICE,SLICE
84,164,84,164,0,0,0,58,1,SLICE,SLICE
83,166,83,166,0,0,0,59,1,SLICE,SLICE
82,162,82,162,0,0,0,56,1,SLICE,SLICE
76,171,76,171,0,0,0,59,1,SLICE,SLICE
90,146,90,146,0,0,0,55,1,SLICE,SLICE
82,165,82,165,0,0,0,55,1,SLICE,SLICE
82,160,82,160,0,0,0,55,1,SLICE,SLICE
88,163,88,163,0,0,0,58,1,SLICE,SLICE
88,167,88,167,0,0,0,59,1,SLICE,SLICE
90,163,90,163,0,0,0,55,1,SLICE,SLICE
82,161,82,161,0,0,0,55,1,SLICE,SLICE
84,162,84,162,0,0,0,58,1,SLICE,SLICE
84,158,84,158,0,0,0,58,1,SLICE,SLICE
82,154,82,154,0,0,0,55,1,SLICE,SLICE
85,168,85,168,0,0,0,58,1,SLICE,SLICE
88,149,88,149,0,0,0,58,1,SLICE,SLICE
84,162,84,162,0,0,0,58,1,SLICE,SLICE
90,156,90,156,0,0,0,55,1,SLICE,SLICE
88,154,88,154,0,0,0,59,1,SLICE,SLICE
84,159,84,159,0,0,0,58,1,SLICE,SLICE
82,157,82,157,0,0,0,55,1,SLICE,SLICE
90,161,90,161,0,0,0,55,1,SLICE,SLICE
84,160,84,160,0,0,0,59,1,SLICE,SLICE
86,163,86,163,0,0,0,56,1,SLICE,SLICE
82,156,82,156,0,0,0,55,1,SLICE,SLICE
82,159,82,159,0,0,0,56,1,SLICE,SLICE
84,164,84,164,0,0,0,59,1,SLICE,SLICE
86,165,86,165,0,0,0,55,1,SLICE,SLICE
84,156,84,156,0,0,0,59,1,SLICE,SLICE
88,160,88,160,0,0,0,59,1,SLICE,SLICE
92,163,92,163,0,0,0,58,1,SLICE,SLICE
86,160,86,160,0,0,0,55,1,SLICE,SLICE
88,160,88,160,0,0,0,58,1,SLICE,SLICE
86,159,86,159,0,0,0,55,1,SLICE,SLICE
85,158,85,158,0,0,0,58,1,SLICE,SLICE
88,158,88,158,0,0,0,58,1,SLICE,SLICE
88,164,88,164,0,0,0,58,1,SLICE,SLICE
92,140,92,140,0,0,0,58,1,SLICE,SLICE
87,160,87,160,0,0,0,58,1,SLICE,SLICE
86,160,86,160,0,0,0,55,1,SLICE,SLICE
86,161,86,161,0,0,0,55,1,SLICE,SLICE
85,156,85,156,0,0,0,58,1,SLICE,SLICE
90,157,90,157,0,0,0,55,1,SLICE,SLICE
85,155,85,155,0,0,0,58,1,SLICE,SLICE
86,159,86,159,0,0,0,55,1,SLICE,SLICE
88,154,88,154,0,0,0,58,1,SLICE,SLICE
90,155,90,155,0,0,0,55,1,SLICE,SLICE
92,149,92,149,0,0,0,59,1,SLICE,SLICE
82,151,82,151,0,0,0,56,1,SLICE,SLICE
85,152,85,152,0,0,0,59,1,SLICE,SLICE
82,150,82,150,0,0,0,55,1,SLICE,SLICE
84,153,84,153,0,0,0,58,1,SLICE,SLICE
90,150,90,150,0,0,0,55,1,SLICE,SLICE
82,149,82,149,0,0,0,55,1,SLICE,SLICE
84,149,84,149,0,0,0,58,1,SLICE,SLICE
90,146,90,146,0,0,0,55,1,SLICE,SLICE
88,151,88,151,0,0,0,58,1,SLICE,SLICE
86,150,86,150,0,0,0,55,1,SLICE,SLICE
91,151,91,151,0,0,0,59,1,SLICE,SLICE
88,141,88,141,0,0,0,59,1,SLICE,SLICE
83,144,83,144,0,0,0,58,1,SLICE,SLICE
84,141,84,141,0,0,0,58,1,SLICE,SLICE
84,140,84,140,0,0,0,58,1,SLICE,SLICE
91,144,91,144,0,0,0,58,1,SLICE,SLICE
89,142,89,142,0,0,0,58,1,SLICE,SLICE
84,144,84,144,0,0,0,59,1,SLICE,SLICE
84,144,84,144,0,0,0,58,1,SLICE,SLICE
84,144,84,144,0,0,0,58,1,SLICE,SLICE
82,152,82,152,0,0,0,55,1,SLICE,SLICE
84,143,84,143,0,0,0,58,1,SLICE,SLICE
92,144,92,144,0,0,0,58,1,SLICE,SLICE
92,137,92,137,0,0,0,58,1,SLICE,SLICE
87,135,87,135,0,0,0,59,1,SLICE,SLICE
86,138,86,138,0,0,0,56,1,SLICE,SLICE
85,140,85,140,0,0,0,59,1,SLICE,SLICE
86,135,86,135,0,0,0,55,1,SLICE,SLICE
84,137,84,137,0,0,0,58,1,SLICE,SLICE
90,134,90,134,0,0,0,55,1,SLICE,SLICE
86,134,86,134,0,0,0,55,1,SLICE,SLICE
88,153,88,153,0,0,0,58,1,SLICE,SLICE
85,136,85,136,0,0,0,58,1,SLICE,SLICE
88,136,88,136,0,0,0,58,1,SLICE,SLICE
90,139,90,139,0,0,0,55,1,SLICE,SLICE
93,144,93,144,0,0,0,58,1,SLICE,SLICE
82,145,82,145,0,0,0,55,1,SLICE,SLICE
92,141,92,141,0,0,0,59,1,SLICE,SLICE
85,150,85,150,0,0,0,58,1,SLICE,SLICE
92,145,92,145,0,0,0,59,1,SLICE,SLICE
90,141,90,141,0,0,0,56,1,SLICE,SLICE
86,143,86,143,0,0,0,55,1,SLICE,SLICE
90,147,90,147,0,0,0,55,1,SLICE,SLICE
89,139,89,139,0,0,0,58,1,SLICE,SLICE
91,142,91,142,0,0,0,58,1,SLICE,SLICE
88,144,88,144,0,0,0,58,1,SLICE,SLICE
90,161,90,161,0,0,0,55,1,SLICE,SLICE
84,169,84,169,0,0,0,58,1,SLICE,SLICE
82,168,82,168,0,0,0,55,1,SLICE,SLICE
84,163,84,163,0,0,0,58,1,SLICE,SLICE
85,155,85,155,0,0,0,59,1,SLICE,SLICE
84,167,84,167,0,0,0,59,1,SLICE,SLICE
82,161,82,161,0,0,0,55,1,SLICE,SLICE
91,170,90,150,1,20,21,1177,7,SLICE,SLICE
91,170,85,144,6,26,32,1349,7,SLICE,SLICE
91,170,87,145,4,25,29,1015,7,SLICE,SLICE
91,170,82,143,9,27,36,1248,7,SLICE,SLICE
92,174,88,149,4,25,29,1478,7,SLICE,SLICE
92,174,83,159,9,15,24,1050,7,SLICE,SLICE
92,174,85,152,7,22,29,882,7,SLICE,SLICE
92,174,83,149,9,25,34,1333,7,SLICE,SLICE
5,18,86,161,81,143,224,5384,7,RAMB18,SLICE
5,18,87,160,82,142,224,4814,7,RAMB18,SLICE
5,18,88,160,83,142,225,4909,7,RAMB18,SLICE
5,18,91,167,86,149,235,4943,7,RAMB18,SLICE
5,18,90,138,85,120,205,3746,7,RAMB18,SLICE
5,18,88,136,83,118,201,3761,7,RAMB18,SLICE
5,18,87,138,82,120,202,3701,7,RAMB18,SLICE
5,18,88,138,83,120,203,3796,7,RAMB18,SLICE
5,18,88,144,83,126,209,3794,7,RAMB18,SLICE
5,18,91,142,86,124,210,3536,7,RAMB18,SLICE
5,18,89,148,84,130,214,4268,7,RAMB18,SLICE
5,18,92,141,87,123,210,3588,7,RAMB18,SLICE
93,148,87,154,6,6,12,878,7,SLICE,SLICE
93,148,87,154,6,6,12,1132,7,SLICE,SLICE
93,148,84,165,9,17,26,1665,7,SLICE,SLICE
93,148,94,153,1,5,6,899,7,SLICE,SLICE
88,170,93,141,5,29,34,1926,7,SLICE,SLICE
88,170,89,142,1,28,29,1930,7,SLICE,SLICE
88,170,82,149,6,21,27,1200,7,SLICE,SLICE
88,170,84,141,4,29,33,1695,7,SLICE,SLICE
6,3,91,169,85,166,251,4839,7,RAMB18,SLICE
6,3,85,158,79,155,234,4411,7,RAMB18,SLICE
6,3,86,162,80,159,239,4559,7,RAMB18,SLICE
6,3,84,161,78,158,236,4460,7,RAMB18,SLICE
6,3,89,135,83,132,215,5198,7,RAMB18,SLICE
6,3,91,147,85,144,229,5719,7,RAMB18,SLICE
6,3,89,147,83,144,227,6017,7,RAMB18,SLICE
6,3,90,141,84,138,222,5661,7,RAMB18,SLICE
6,3,88,147,82,144,226,4740,7,RAMB18,SLICE
6,3,87,138,81,135,216,4684,7,RAMB18,SLICE
6,3,91,134,85,131,216,4604,7,RAMB18,SLICE
6,3,88,134,82,131,213,4545,7,RAMB18,SLICE
90,180,90,166,0,14,14,1043,7,SLICE,SLICE
90,180,91,154,1,26,27,2083,7,SLICE,SLICE
90,180,85,162,5,18,23,1385,7,SLICE,SLICE
90,180,89,163,1,17,18,1258,7,SLICE,SLICE
92,182,88,138,4,44,48,2189,7,SLICE,SLICE
92,182,83,139,9,43,52,2093,7,SLICE,SLICE
92,182,89,138,3,44,47,1921,7,SLICE,SLICE
92,182,90,137,2,45,47,1955,7,SLICE,SLICE
5,14,91,146,86,132,218,5017,7,RAMB18,SLICE
5,14,92,149,87,135,222,5200,7,RAMB18,SLICE
5,14,85,152,80,138,218,5560,7,RAMB18,SLICE
5,14,90,165,85,151,236,6324,7,RAMB18,SLICE
5,14,90,152,85,138,223,4654,7,RAMB18,SLICE
5,14,89,167,84,153,237,5691,7,RAMB18,SLICE
5,14,91,158,86,144,230,4830,7,RAMB18,SLICE
5,14,82,167,77,153,230,6046,7,RAMB18,SLICE
5,14,91,149,86,135,221,5249,7,RAMB18,SLICE
5,14,83,145,78,131,209,5470,7,RAMB18,SLICE
5,14,88,142,83,128,211,4992,7,RAMB18,SLICE
5,14,88,142,83,128,211,5080,7,RAMB18,SLICE
5,14,83,164,78,150,228,4539,7,RAMB18,SLICE
5,14,87,161,82,147,229,3977,7,RAMB18,SLICE
5,14,85,159,80,145,225,3753,7,RAMB18,SLICE
5,14,85,161,80,147,227,4342,7,RAMB18,SLICE
92,185,88,145,4,40,44,1820,7,SLICE,SLICE
92,185,85,134,7,51,58,2383,7,SLICE,SLICE
92,185,84,137,8,48,56,2103,7,SLICE,SLICE
92,185,88,135,4,50,54,2389,7,SLICE,SLICE
92,176,85,155,7,21,28,1936,7,SLICE,SLICE
92,176,90,152,2,24,26,1998,7,SLICE,SLICE
92,176,83,158,9,18,27,1212,7,SLICE,SLICE
92,176,84,164,8,12,20,1021,7,SLICE,SLICE
93,183,84,168,9,15,24,910,7,SLICE,SLICE
93,183,83,165,10,18,28,1243,7,SLICE,SLICE
93,183,84,162,9,21,30,1518,7,SLICE,SLICE
93,183,82,156,11,27,38,1577,7,SLICE,SLICE
5,6,91,164,86,158,244,4658,7,RAMB18,SLICE
5,6,90,168,85,162,247,4747,7,RAMB18,SLICE
5,6,89,164,84,158,242,4767,7,RAMB18,SLICE
5,6,91,164,86,158,244,4816,7,RAMB18,SLICE
5,6,85,160,80,154,234,5138,7,RAMB18,SLICE
5,6,93,154,88,148,236,4651,7,RAMB18,SLICE
5,6,91,167,86,161,247,5679,7,RAMB18,SLICE
5,6,88,165,83,159,242,5442,7,RAMB18,SLICE
5,6,86,143,81,137,218,5994,7,RAMB18,SLICE
5,6,86,135,81,129,210,5089,7,RAMB18,SLICE
5,6,86,135,81,129,210,5070,7,RAMB18,SLICE
5,6,87,139,82,133,215,5545,7,RAMB18,SLICE
93,172,91,139,2,33,35,2416,7,SLICE,SLICE
93,172,82,151,11,21,32,1215,7,SLICE,SLICE
93,172,84,143,9,29,38,1693,7,SLICE,SLICE
93,172,90,139,3,33,36,2527,7,SLICE,SLICE
91,174,92,151,1,23,24,1359,7,SLICE,SLICE
91,174,87,150,4,24,28,1723,7,SLICE,SLICE
91,174,86,148,5,26,31,1898,7,SLICE,SLICE
91,174,92,152,1,22,23,1246,7,SLICE,SLICE
5,13,84,138,79,125,204,5435,7,RAMB18,SLICE
5,13,88,137,83,124,207,4890,7,RAMB18,SLICE
5,13,85,141,80,128,208,5544,7,RAMB18,SLICE
5,13,89,138,84,125,209,4658,7,RAMB18,SLICE
5,13,88,138,83,125,208,4144,7,RAMB18,SLICE
5,13,91,153,86,140,226,5063,7,RAMB18,SLICE
5,13,87,138,82,125,207,4586,7,RAMB18,SLICE
5,13,88,135,83,122,205,3926,7,RAMB18,SLICE
5,13,92,160,87,147,234,4635,7,RAMB18,SLICE
5,13,85,160,80,147,227,4851,7,RAMB18,SLICE
5,13,89,162,84,149,233,4936,7,RAMB18,SLICE
5,13,93,166,88,153,241,5142,7,RAMB18,SLICE
93,187,91,155,2,32,34,1806,7,SLICE,SLICE
93,187,93,156,0,31,31,1612,7,SLICE,SLICE
93,187,91,155,2,32,34,1950,7,SLICE,SLICE
93,187,85,153,8,34,42,1928,7,SLICE,SLICE
91,182,90,138,1,44,45,2292,7,SLICE,SLICE
91,182,92,140,1,42,43,1901,7,SLICE,SLICE
91,182,88,135,3,47,50,2529,7,SLICE,SLICE
91,182,93,138,2,44,46,2160,7,SLICE,SLICE
5,24,91,145,86,121,207,4233,7,RAMB18,SLICE
5,24,90,140,85,116,201,3983,7,RAMB18,SLICE
5,24,84,135,79,111,190,3879,7,RAMB18,SLICE
5,24,89,147,84,123,207,3990,7,RAMB18,SLICE
5,24,90,169,85,145,230,4667,7,RAMB18,SLICE
5,24,87,138,82,114,196,3795,7,RAMB18,SLICE
5,24,86,138,81,114,195,3743,7,RAMB18,SLICE
5,24,88,134,83,110,193,3466,7,RAMB18,SLICE
5,24,86,141,81,117,198,3816,7,RAMB18,SLICE
5,24,84,150,79,126,205,4459,7,RAMB18,SLICE
5,24,92,151,87,127,214,4635,7,RAMB18,SLICE
5,24,84,152,79,128,207,4348,7,RAMB18,SLICE
5,24,87,169,82,145,227,5544,7,RAMB18,SLICE
5,24,90,166,85,142,227,4887,7,RAMB18,SLICE
5,24,83,161,78,137,215,5424,7,RAMB18,SLICE
5,24,84,162,79,138,217,5098,7,RAMB18,SLICE
90,171,87,142,3,29,32,1393,7,SLICE,SLICE
90,171,88,147,2,24,26,1234,7,SLICE,SLICE
90,171,85,142,5,29,34,1369,7,SLICE,SLICE
90,171,92,150,2,21,23,1558,7,SLICE,SLICE
89,176,90,146,1,30,31,1516,7,SLICE,SLICE
89,176,88,148,1,28,29,1613,7,SLICE,SLICE
89,176,91,144,2,32,34,1942,7,SLICE,SLICE
89,176,91,144,2,32,34,1627,7,SLICE,SLICE
5,25,86,153,81,128,209,3854,7,RAMB18,SLICE
5,25,82,161,77,136,213,4352,7,RAMB18,SLICE
5,25,85,165,80,140,220,4504,7,RAMB18,SLICE
5,25,86,153,81,128,209,3630,7,RAMB18,SLICE
5,25,84,167,79,142,221,5004,7,RAMB18,SLICE
5,25,83,164,78,139,217,4481,7,RAMB18,SLICE
5,25,86,160,81,135,216,4910,7,RAMB18,SLICE
5,25,79,168,74,143,217,4595,7,RAMB18,SLICE
5,25,85,164,80,139,219,5105,7,RAMB18,SLICE
5,25,90,152,85,127,212,4038,7,RAMB18,SLICE
5,25,88,158,83,133,216,4526,7,RAMB18,SLICE
5,25,92,167,87,142,229,5473,7,RAMB18,SLICE
5,20,92,141,87,121,208,4271,7,RAMB18,SLICE
5,20,86,142,81,122,203,4743,7,RAMB18,SLICE
5,20,93,141,88,121,209,4275,7,RAMB18,SLICE
5,20,90,148,85,128,213,4864,7,RAMB18,SLICE
5,20,84,164,79,144,223,4372,6,RAMB18,SLICE
5,20,87,167,82,147,229,4980,6,RAMB18,SLICE
5,20,94,153,89,133,222,3731,6,RAMB18,SLICE
5,20,85,153,80,133,213,4077,6,RAMB18,SLICE
5,20,89,135,84,115,199,3721,7,RAMB18,SLICE
5,20,88,146,83,126,209,4613,7,RAMB18,SLICE
5,20,89,141,84,121,205,4124,7,RAMB18,SLICE
5,20,89,146,84,126,210,4138,7,RAMB18,SLICE
91,180,90,163,1,17,18,985,7,SLICE,SLICE
91,180,92,163,1,17,18,1408,7,SLICE,SLICE
91,180,88,160,3,20,23,1479,7,SLICE,SLICE
91,180,85,156,6,24,30,2200,7,SLICE,SLICE
91,179,90,162,1,17,18,1215,7,SLICE,SLICE
91,179,88,153,3,26,29,1577,7,SLICE,SLICE
91,179,84,154,7,25,32,2081,7,SLICE,SLICE
91,179,90,160,1,19,20,1323,7,SLICE,SLICE
5,8,94,153,89,145,234,4383,7,RAMB18,SLICE
5,8,87,161,82,153,235,4885,7,RAMB18,SLICE
5,8,84,164,79,156,235,4907,7,RAMB18,SLICE
5,8,90,151,85,143,228,4452,7,RAMB18,SLICE
5,8,90,164,85,156,241,4443,7,RAMB18,SLICE
5,8,88,168,83,160,243,5160,7,RAMB18,SLICE
5,8,86,155,81,147,228,4250,7,RAMB18,SLICE
5,8,87,161,82,153,235,4405,7,RAMB18,SLICE
5,8,85,163,80,155,235,4639,7,RAMB18,SLICE
5,8,84,161,79,153,232,4715,7,RAMB18,SLICE
5,8,82,165,77,157,234,4965,7,RAMB18,SLICE
5,8,88,163,83,155,238,4623,7,RAMB18,SLICE
5,8,91,137,86,129,215,4345,7,RAMB18,SLICE
5,8,91,140,86,132,218,4436,7,RAMB18,SLICE
5,8,89,148,84,140,224,4789,7,RAMB18,SLICE
5,8,88,140,83,132,215,4477,7,RAMB18,SLICE
93,170,91,169,2,1,3,596,7,SLICE,SLICE
93,170,83,165,10,5,15,874,7,SLICE,SLICE
93,170,77,172,16,2,18,1383,7,SLICE,SLICE
93,170,83,159,10,11,21,1017,7,SLICE,SLICE
90,180,84,156,6,24,30,1531,7,SLICE,SLICE
90,180,89,158,1,22,23,1553,7,SLICE,SLICE
90,180,85,160,5,20,25,2043,7,SLICE,SLICE
90,180,88,156,2,24,26,1126,7,SLICE,SLICE
5,19,83,169,78,150,228,5649,7,RAMB18,SLICE
5,19,87,156,82,137,219,4882,7,RAMB18,SLICE
5,19,90,160,85,141,226,4825,7,RAMB18,SLICE
5,19,88,154,83,135,218,4561,7,RAMB18,SLICE
5,19,91,169,86,150,236,5431,7,RAMB18,SLICE
5,19,87,165,82,146,228,4843,7,RAMB18,SLICE
5,19,83,164,78,145,223,5186,7,RAMB18,SLICE
5,19,89,169,84,150,234,5207,7,RAMB18,SLICE
5,19,86,139,81,120,201,4823,7,RAMB18,SLICE
5,19,90,140,85,121,206,4292,7,RAMB18,SLICE
5,19,89,139,84,120,204,4807,7,RAMB18,SLICE
5,19,88,144,83,125,208,5087,7,RAMB18,SLICE
91,171,83,156,8,15,23,1342,7,SLICE,SLICE
91,171,85,159,6,12,18,1001,7,SLICE,SLICE
91,171,83,157,8,14,22,1251,7,SLICE,SLICE
91,171,83,158,8,13,21,881,7,SLICE,SLICE
90,176,80,170,10,6,16,968,7,SLICE,SLICE
90,176,85,161,5,15,20,1230,7,SLICE,SLICE
90,176,89,165,1,11,12,1267,7,SLICE,SLICE
90,176,85,163,5,13,18,1154,7,SLICE,SLICE
5,23,90,160,85,137,222,4968,7,RAMB18,SLICE
5,23,93,157,88,134,222,4180,7,RAMB18,SLICE
5,23,93,161,88,138,226,4832,7,RAMB18,SLICE
5,23,92,161,87,138,225,4842,7,RAMB18,SLICE
5,23,77,172,72,149,221,5085,7,RAMB18,SLICE
5,23,86,164,81,141,222,4663,7,RAMB18,SLICE
5,23,86,163,81,140,221,4442,7,RAMB18,SLICE
5,23,85,163,80,140,220,4525,7,RAMB18,SLICE
5,23,89,153,84,130,214,4615,7,RAMB18,SLICE
5,23,89,147,84,124,208,4101,7,RAMB18,SLICE
5,23,88,148,83,125,208,4133,7,RAMB18,SLICE
5,23,90,145,85,122,207,3894,7,RAMB18,SLICE
90,179,85,156,5,23,28,1038,7,SLICE,SLICE
90,179,85,164,5,15,20,758,7,SLICE,SLICE
90,179,88,158,2,21,23,1041,7,SLICE,SLICE
90,179,83,163,7,16,23,1202,7,SLICE,SLICE
92,175,84,154,8,21,29,1522,7,SLICE,SLICE
92,175,86,158,6,17,23,1005,7,SLICE,SLICE
92,175,91,163,1,12,13,907,7,SLICE,SLICE
92,175,82,162,10,13,23,1937,7,SLICE,SLICE
92,178,86,134,6,44,50,2165,7,SLICE,SLICE
92,178,83,143,9,35,44,2042,7,SLICE,SLICE
92,178,88,139,4,39,43,2206,7,SLICE,SLICE
92,178,91,141,1,37,38,1741,7,SLICE,SLICE
6,14,86,144,80,130,210,4441,7,RAMB18,SLICE
6,14,90,139,84,125,209,3701,7,RAMB18,SLICE
6,14,83,150,77,136,213,4937,7,RAMB18,SLICE
6,14,90,143,84,129,213,4683,7,RAMB18,SLICE
6,14,86,156,80,142,222,5551,7,RAMB18,SLICE
6,14,92,167,86,153,239,6014,7,RAMB18,SLICE
6,14,91,152,85,138,223,5059,7,RAMB18,SLICE
6,14,88,158,82,144,226,5767,7,RAMB18,SLICE
6,14,89,163,83,149,232,5319,7,RAMB18,SLICE
6,14,84,160,78,146,224,5444,7,RAMB18,SLICE
6,14,76,170,70,156,226,5929,7,RAMB18,SLICE
6,14,90,161,84,147,231,5238,7,RAMB18,SLICE
6,14,91,145,85,131,216,4834,7,RAMB18,SLICE
6,14,91,150,85,136,221,5293,7,RAMB18,SLICE
6,14,84,153,78,139,217,5712,7,RAMB18,SLICE
6,14,90,165,84,151,235,5820,7,RAMB18,SLICE
89,178,85,139,4,39,43,2836,7,SLICE,SLICE
89,178,92,144,3,34,37,2173,7,SLICE,SLICE
89,178,83,143,6,35,41,2490,7,SLICE,SLICE
89,178,90,141,1,37,38,2404,7,SLICE,SLICE
93,176,84,142,9,34,43,1776,7,SLICE,SLICE
93,176,90,147,3,29,32,1384,7,SLICE,SLICE
93,176,88,142,5,34,39,1809,7,SLICE,SLICE
93,176,92,148,1,28,29,1765,7,SLICE,SLICE
5,21,84,165,79,144,223,3929,7,RAMB18,SLICE
5,21,81,170,76,149,225,4430,7,RAMB18,SLICE
5,21,78,169,73,148,221,4413,7,RAMB18,SLICE
5,21,84,166,79,145,224,4075,7,RAMB18,SLICE
5,21,87,164,82,143,225,3966,6,RAMB18,SLICE
5,21,88,162,83,141,224,3884,6,RAMB18,SLICE
5,21,79,168,74,147,221,4606,6,RAMB18,SLICE
5,21,78,170,73,149,222,4716,6,RAMB18,SLICE
5,21,86,135,81,114,195,3749,7,RAMB18,SLICE
5,21,86,138,81,117,198,4284,7,RAMB18,SLICE
5,21,84,142,79,121,200,4299,7,RAMB18,SLICE
5,21,84,138,79,117,196,4168,7,RAMB18,SLICE
93,188,83,164,10,24,34,1468,7,SLICE,SLICE
93,188,82,159,11,29,40,2258,7,SLICE,SLICE
93,188,83,166,10,22,32,1488,7,SLICE,SLICE
93,188,83,154,10,34,44,2506,7,SLICE,SLICE
93,180,85,166,8,14,22,1055,6,SLICE,SLICE
93,180,91,168,2,12,14,862,6,SLICE,SLICE
93,180,83,168,10,12,22,1004,6,SLICE,SLICE
93,180,82,168,11,12,23,1163,6,SLICE,SLICE
6,8,84,157,78,149,227,5892,7,RAMB18,SLICE
6,8,93,157,87,149,236,5788,7,RAMB18,SLICE
6,8,85,165,79,157,236,6409,7,RAMB18,SLICE
6,8,83,158,77,150,227,6406,7,RAMB18,SLICE
6,8,93,166,87,158,245,4673,7,RAMB18,SLICE
6,8,93,167,87,159,246,4670,7,RAMB18,SLICE
6,8,85,166,79,158,237,4913,7,RAMB18,SLICE
6,8,90,168,84,160,244,4644,7,RAMB18,SLICE
6,8,86,161,80,153,233,4859,7,RAMB18,SLICE
6,8,77,173,71,165,236,5801,7,RAMB18,SLICE
6,8,85,167,79,159,238,5551,7,RAMB18,SLICE
6,8,94,153,88,145,233,4638,7,RAMB18,SLICE
90,173,91,155,1,18,19,1077,7,SLICE,SLICE
90,173,93,153,3,20,23,1192,7,SLICE,SLICE
90,173,92,153,2,20,22,1050,7,SLICE,SLICE
90,173,93,156,3,17,20,1035,7,SLICE,SLICE
90,174,86,159,4,15,19,1471,7,SLICE,SLICE
90,174,91,163,1,11,12,871,7,SLICE,SLICE
90,174,87,158,3,16,19,1704,7,SLICE,SLICE
90,174,83,164,7,10,17,1141,7,SLICE,SLICE
92,185,92,137,0,48,48,2649,7,SLICE,SLICE
92,185,84,143,8,42,50,1745,7,SLICE,SLICE
92,185,89,138,3,47,50,2735,7,SLICE,SLICE
92,185,84,136,8,49,57,2646,7,SLICE,SLICE
6,16,90,169,84,153,237,5452,7,RAMB18,SLICE
6,16,92,148,86,132,218,4505,7,RAMB18,SLICE
6,16,89,166,83,150,233,5741,7,RAMB18,SLICE
6,16,91,144,85,128,213,4066,7,RAMB18,SLICE
6,16,84,141,78,125,203,4506,7,RAMB18,SLICE
6,16,87,139,81,123,204,4176,7,RAMB18,SLICE
6,16,89,136,83,120,203,4123,7,RAMB18,SLICE
6,16,88,137,82,121,203,4281,7,RAMB18,SLICE
6,16,86,154,80,138,218,5645,7,RAMB18,SLICE
6,16,87,150,81,134,215,5052,7,RAMB18,SLICE
6,16,88,149,82,133,215,5174,7,RAMB18,SLICE
6,16,90,150,84,134,218,5315,7,RAMB18,SLICE
6,16,89,147,83,131,214,4594,7,RAMB18,SLICE
6,16,89,141,83,125,208,4278,7,RAMB18,SLICE
6,16,91,143,85,127,212,4326,7,RAMB18,SLICE
6,16,86,152,80,136,216,4826,7,RAMB18,SLICE
89,171,83,165,6,6,12,944,7,SLICE,SLICE
89,171,87,160,2,11,13,792,7,SLICE,SLICE
89,171,88,163,1,8,9,983,7,SLICE,SLICE
89,171,88,163,1,8,9,1440,7,SLICE,SLICE
93,178,85,134,8,44,52,2373,7,SLICE,SLICE
93,178,91,141,2,37,39,1729,7,SLICE,SLICE
93,178,91,146,2,32,34,1268,7,SLICE,SLICE
93,178,91,139,2,39,41,1850,7,SLICE,SLICE
5,26,85,159,80,133,213,4318,7,RAMB18,SLICE
5,26,90,159,85,133,218,4179,7,RAMB18,SLICE
5,26,91,154,86,128,214,3895,7,RAMB18,SLICE
5,26,86,169,81,143,224,4862,7,RAMB18,SLICE
5,26,88,147,83,121,204,4293,7,RAMB18,SLICE
5,26,86,146,81,120,201,4169,7,RAMB18,SLICE
5,26,83,145,78,119,197,4168,7,RAMB18,SLICE
5,26,85,149,80,123,203,4760,7,RAMB18,SLICE
5,26,87,160,82,134,216,5461,7,RAMB18,SLICE
5,26,83,157,78,131,209,4730,7,RAMB18,SLICE
5,26,89,165,84,139,223,5145,7,RAMB18,SLICE
5,26,85,169,80,143,223,5727,7,RAMB18,SLICE
89,172,88,136,1,36,37,1818,7,SLICE,SLICE
89,172,87,138,2,34,36,1689,7,SLICE,SLICE
89,172,84,145,5,27,32,1091,7,SLICE,SLICE
89,172,85,138,4,34,38,1585,7,SLICE,SLICE
92,176,89,136,3,40,43,2241,7,SLICE,SLICE
92,176,85,154,7,22,29,1153,7,SLICE,SLICE
92,176,87,134,5,42,47,2473,7,SLICE,SLICE
92,176,87,138,5,38,43,2005,7,SLICE,SLICE
5,22,91,140,86,118,204,4487,7,RAMB18,SLICE
5,22,87,147,82,125,207,4726,7,RAMB18,SLICE
5,22,85,136,80,114,194,4849,7,RAMB18,SLICE
5,22,93,145,88,123,211,4524,7,RAMB18,SLICE
5,22,82,162,77,140,217,4128,7,RAMB18,SLICE
5,22,86,165,81,143,224,4270,7,RAMB18,SLICE
5,22,93,168,88,146,234,4278,7,RAMB18,SLICE
5,22,86,157,81,135,216,3625,7,RAMB18,SLICE
5,22,88,148,83,126,209,4375,7,RAMB18,SLICE
5,22,89,148,84,126,210,4511,7,RAMB18,SLICE
5,22,90,144,85,122,207,4163,7,RAMB18,SLICE
5,22,84,147,79,125,204,4587,7,RAMB18,SLICE
90,171,93,163,3,8,11,954,7,SLICE,SLICE
90,171,90,151,0,20,20,1377,7,SLICE,SLICE
90,171,83,165,7,6,13,751,7,SLICE,SLICE
90,171,82,160,8,11,19,1148,7,SLICE,SLICE
88,174,93,160,5,14,19,1029,7,SLICE,SLICE
88,174,84,159,4,15,19,1167,7,SLICE,SLICE
88,174,85,161,3,13,16,1076,7,SLICE,SLICE
88,174,88,169,0,5,5,727,7,SLICE,SLICE
5,17,85,153,80,136,216,5246,7,RAMB18,SLICE
5,17,88,153,83,136,219,5250,7,RAMB18,SLICE
5,17,90,154,85,137,222,5498,7,RAMB18,SLICE
5,17,85,150,80,133,213,4810,7,RAMB18,SLICE
5,17,94,150,89,133,222,5173,7,RAMB18,SLICE
5,17,83,146,78,129,207,4625,7,RAMB18,SLICE
5,17,85,145,80,128,208,4683,7,RAMB18,SLICE
5,17,86,142,81,125,206,4376,7,RAMB18,SLICE
5,17,87,138,82,121,203,4935,7,RAMB18,SLICE
5,17,90,137,85,120,205,4477,7,RAMB18,SLICE
5,17,89,137,84,120,204,4923,7,RAMB18,SLICE
5,17,85,138,80,121,201,4784,7,RAMB18,SLICE
5,17,85,165,80,148,228,5688,7,RAMB18,SLICE
5,17,85,167,80,150,230,6033,7,RAMB18,SLICE
5,17,84,165,79,148,227,5868,7,RAMB18,SLICE
5,17,83,164,78,147,225,5881,7,RAMB18,SLICE
5,3,85,161,80,158,238,5410,7,RAMB18,SLICE
5,3,90,164,85,161,246,5772,7,RAMB18,SLICE
5,3,83,159,78,156,234,5478,7,RAMB18,SLICE
5,3,85,158,80,155,235,4904,7,RAMB18,SLICE
5,3,91,141,86,138,224,5211,7,RAMB18,SLICE
5,3,91,145,86,142,228,5568,7,RAMB18,SLICE
5,3,86,147,81,144,225,5904,7,RAMB18,SLICE
5,3,86,139,81,136,217,5097,7,RAMB18,SLICE
5,3,92,146,87,143,230,5645,7,RAMB18,SLICE
5,3,86,158,81,155,236,6515,7,RAMB18,SLICE
5,3,82,154,77,151,228,6536,7,RAMB18,SLICE
5,3,90,150,85,147,232,5779,7,RAMB18,SLICE
91,178,90,140,1,38,39,1751,7,SLICE,SLICE
91,178,91,142,0,36,36,1337,7,SLICE,SLICE
91,178,93,138,2,40,42,1968,7,SLICE,SLICE
91,178,87,145,4,33,37,1254,7,SLICE,SLICE
92,166,91,167,1,1,2,589,7,SLICE,SLICE
92,166,84,164,8,2,10,1292,7,SLICE,SLICE
92,166,90,169,2,3,5,579,7,SLICE,SLICE
92,166,86,167,6,1,7,574,7,SLICE,SLICE
5,28,79,170,74,142,216,5695,7,RAMB18,SLICE
5,28,86,167,81,139,220,5168,7,RAMB18,SLICE
5,28,84,162,79,134,213,5525,7,RAMB18,SLICE
5,28,77,171,72,143,215,5542,7,RAMB18,SLICE
5,28,82,170,77,142,219,5230,7,RAMB18,SLICE
5,28,77,172,72,144,216,5947,7,RAMB18,SLICE
5,28,83,165,78,137,215,4715,7,RAMB18,SLICE
5,28,90,167,85,139,224,4398,7,RAMB18,SLICE
5,28,83,158,78,130,208,4142,7,RAMB18,SLICE
5,28,88,161,83,133,216,4001,7,RAMB18,SLICE
5,28,86,157,81,129,210,3940,7,RAMB18,SLICE
5,28,88,155,83,127,210,3953,7,RAMB18,SLICE
92,171,89,163,3,8,11,924,7,SLICE,SLICE
92,171,84,147,8,24,32,1957,7,SLICE,SLICE
92,171,90,150,2,21,23,1555,7,SLICE,SLICE
92,171,90,149,2,22,24,1589,7,SLICE,SLICE
70,148,70,148,0,0,0,56,1,SLICE,SLICE
70,153,70,153,0,0,0,55,1,SLICE,SLICE
76,161,76,161,0,0,0,58,1,SLICE,SLICE
76,150,76,150,0,0,0,59,1,SLICE,SLICE
73,149,73,149,0,0,0,59,1,SLICE,SLICE
75,148,75,148,0,0,0,58,1,SLICE,SLICE
74,147,74,147,0,0,0,55,1,SLICE,SLICE
70,136,70,136,0,0,0,55,1,SLICE,SLICE
75,160,75,160,0,0,0,58,1,SLICE,SLICE
72,144,72,144,0,0,0,58,1,SLICE,SLICE
74,134,74,134,0,0,0,55,1,SLICE,SLICE
70,138,70,138,0,0,0,55,1,SLICE,SLICE
70,139,70,139,0,0,0,55,1,SLICE,SLICE
70,144,70,144,0,0,0,55,1,SLICE,SLICE
70,146,70,146,0,0,0,55,1,SLICE,SLICE
70,146,70,146,0,0,0,55,1,SLICE,SLICE
76,153,76,153,0,0,0,59,1,SLICE,SLICE
72,140,72,140,0,0,0,58,1,SLICE,SLICE
71,146,71,146,0,0,0,58,1,SLICE,SLICE
71,148,71,148,0,0,0,58,1,SLICE,SLICE
72,134,72,134,0,0,0,58,1,SLICE,SLICE
72,135,72,135,0,0,0,59,1,SLICE,SLICE
74,136,74,136,0,0,0,56,1,SLICE,SLICE
70,140,70,140,0,0,0,55,1,SLICE,SLICE
70,145,70,145,0,0,0,55,1,SLICE,SLICE
71,145,71,145,0,0,0,59,1,SLICE,SLICE
70,135,70,135,0,0,0,55,1,SLICE,SLICE
74,157,74,157,0,0,0,56,1,SLICE,SLICE
72,137,72,137,0,0,0,59,1,SLICE,SLICE
72,142,72,142,0,0,0,58,1,SLICE,SLICE
76,145,76,145,0,0,0,59,1,SLICE,SLICE
76,163,76,163,0,0,0,58,1,SLICE,SLICE
75,145,75,145,0,0,0,59,1,SLICE,SLICE
74,140,74,140,0,0,0,55,1,SLICE,SLICE
75,141,75,141,0,0,0,58,1,SLICE,SLICE
76,140,76,140,0,0,0,59,1,SLICE,SLICE
74,145,74,145,0,0,0,55,1,SLICE,SLICE
79,142,79,142,0,0,0,58,1,SLICE,SLICE
72,146,72,146,0,0,0,59,1,SLICE,SLICE
77,139,77,139,0,0,0,58,1,SLICE,SLICE
79,142,79,142,0,0,0,58,1,SLICE,SLICE
79,139,79,139,0,0,0,59,1,SLICE,SLICE
78,145,78,145,0,0,0,55,1,SLICE,SLICE
77,149,77,149,0,0,0,59,1,SLICE,SLICE
76,149,76,149,0,0,0,58,1,SLICE,SLICE
80,155,80,155,0,0,0,59,1,SLICE,SLICE
77,159,77,159,0,0,0,59,1,SLICE,SLICE
74,150,74,150,0,0,0,56,1,SLICE,SLICE
78,146,78,146,0,0,0,55,1,SLICE,SLICE
79,149,79,149,0,0,0,58,1,SLICE,SLICE
79,149,79,149,0,0,0,59,1,SLICE,SLICE
79,145,79,145,0,0,0,59,1,SLICE,SLICE
80,152,80,152,0,0,0,58,1,SLICE,SLICE
79,151,79,151,0,0,0,59,1,SLICE,SLICE
74,170,74,170,0,0,0,56,1,SLICE,SLICE
78,168,78,168,0,0,0,56,1,SLICE,SLICE
76,154,76,154,0,0,0,58,1,SLICE,SLICE
78,167,78,167,0,0,0,56,1,SLICE,SLICE
74,150,74,150,0,0,0,55,1,SLICE,SLICE
79,162,79,162,0,0,0,59,1,SLICE,SLICE
80,157,80,157,0,0,0,58,1,SLICE,SLICE
79,162,79,162,0,0,0,58,1,SLICE,SLICE
80,164,80,164,0,0,0,58,1,SLICE,SLICE
79,156,79,156,0,0,0,59,1,SLICE,SLICE
79,165,79,165,0,0,0,58,1,SLICE,SLICE
78,161,78,161,0,0,0,55,1,SLICE,SLICE
70,163,70,163,0,0,0,56,1,SLICE,SLICE
78,153,78,153,0,0,0,55,1,SLICE,SLICE
72,159,72,159,0,0,0,59,1,SLICE,SLICE
71,163,71,163,0,0,0,58,1,SLICE,SLICE
70,164,70,164,0,0,0,55,1,SLICE,SLICE
72,163,72,163,0,0,0,59,1,SLICE,SLICE
70,159,70,159,0,0,0,55,1,SLICE,SLICE
74,163,74,163,0,0,0,55,1,SLICE,SLICE
70,162,70,162,0,0,0,55,1,SLICE,SLICE
73,159,73,159,0,0,0,58,1,SLICE,SLICE
74,161,74,161,0,0,0,55,1,SLICE,SLICE
70,163,70,163,0,0,0,55,1,SLICE,SLICE
73,152,73,152,0,0,0,59,1,SLICE,SLICE
76,162,76,162,0,0,0,59,1,SLICE,SLICE
76,165,76,165,0,0,0,58,1,SLICE,SLICE
74,169,74,169,0,0,0,55,1,SLICE,SLICE
70,156,70,156,0,0,0,55,1,SLICE,SLICE
74,155,74,155,0,0,0,55,1,SLICE,SLICE
70,155,70,155,0,0,0,55,1,SLICE,SLICE
72,165,72,165,0,0,0,58,1,SLICE,SLICE
71,158,71,158,0,0,0,58,1,SLICE,SLICE
71,161,71,161,0,0,0,59,1,SLICE,SLICE
72,162,72,162,0,0,0,58,1,SLICE,SLICE
73,158,73,158,0,0,0,59,1,SLICE,SLICE
75,170,75,170,0,0,0,58,1,SLICE,SLICE
74,158,74,158,0,0,0,55,1,SLICE,SLICE
74,160,74,160,0,0,0,56,1,SLICE,SLICE
74,159,74,159,0,0,0,55,1,SLICE,SLICE
79,159,79,159,0,0,0,58,1,SLICE,SLICE
71,157,71,157,0,0,0,58,1,SLICE,SLICE
74,162,74,162,0,0,0,55,1,SLICE,SLICE
79,159,79,159,0,0,0,59,1,SLICE,SLICE
76,168,76,168,0,0,0,59,1,SLICE,SLICE
79,160,79,160,0,0,0,58,1,SLICE,SLICE
76,154,76,154,0,0,0,58,1,SLICE,SLICE
72,154,72,154,0,0,0,59,1,SLICE,SLICE
72,148,72,148,0,0,0,58,1,SLICE,SLICE
72,151,72,151,0,0,0,58,1,SLICE,SLICE
76,169,76,169,0,0,0,58,1,SLICE,SLICE
76,153,76,153,0,0,0,58,1,SLICE,SLICE
77,153,77,153,0,0,0,58,1,SLICE,SLICE
82,134,70,137,12,3,15,1194,7,SLICE,SLICE
82,134,78,143,4,9,13,1060,7,SLICE,SLICE
82,134,78,142,4,8,12,827,7,SLICE,SLICE
82,134,76,145,6,11,17,1305,7,SLICE,SLICE
80,143,80,148,0,5,5,692,7,SLICE,SLICE
80,143,75,150,5,7,12,1358,7,SLICE,SLICE
80,143,76,142,4,1,5,793,7,SLICE,SLICE
80,143,79,149,1,6,7,880,7,SLICE,SLICE
5,0,79,139,74,139,213,6103,7,RAMB18,SLICE
5,0,78,149,73,149,222,7161,7,RAMB18,SLICE
5,0,78,148,73,148,221,7049,7,RAMB18,SLICE
5,0,78,150,73,150,223,6814,7,RAMB18,SLICE
5,0,74,161,69,161,230,4876,7,RAMB18,SLICE
5,0,70,160,65,160,225,4611,7,RAMB18,SLICE
5,0,70,167,65,167,232,5009,7,RAMB18,SLICE
5,0,74,167,69,167,236,5123,7,RAMB18,SLICE
5,0,73,158,68,158,226,5229,7,RAMB18,SLICE
5,0,72,169,67,169,236,5834,7,RAMB18,SLICE
5,0,75,168,70,168,238,5953,7,RAMB18,SLICE
5,0,76,157,71,157,228,5240,7,RAMB18,SLICE
80,168,79,168,1,0,1,426,7,SLICE,SLICE
80,168,70,157,10,11,21,1329,7,SLICE,SLICE
80,168,73,169,7,1,8,772,7,SLICE,SLICE
80,168,70,163,10,5,15,869,7,SLICE,SLICE
82,141,71,147,11,6,17,979,7,SLICE,SLICE
82,141,71,136,11,5,16,1071,7,SLICE,SLICE
82,141,71,140,11,1,12,699,7,SLICE,SLICE
82,141,71,145,11,4,15,736,7,SLICE,SLICE
3,22,71,160,68,138,206,4546,7,RAMB18,SLICE
3,22,77,160,74,138,212,4176,7,RAMB18,SLICE
3,22,74,160,71,138,209,4191,7,RAMB18,SLICE
3,22,72,160,69,138,207,4732,7,RAMB18,SLICE
3,22,77,134,74,112,186,3173,7,RAMB18,SLICE
3,22,78,148,75,126,201,3926,7,RAMB18,SLICE
3,22,80,152,77,130,207,4700,7,RAMB18,SLICE
3,22,78,146,75,124,199,3950,7,RAMB18,SLICE
3,22,81,160,78,138,216,3664,7,RAMB18,SLICE
3,22,73,160,70,138,208,3723,7,RAMB18,SLICE
3,22,77,167,74,145,219,4518,7,RAMB18,SLICE
3,22,76,159,73,137,210,3712,7,RAMB18,SLICE
3,22,70,155,67,133,200,5274,7,RAMB18,SLICE
3,22,72,163,69,141,210,5318,7,RAMB18,SLICE
3,22,77,166,74,144,218,5219,7,RAMB18,SLICE
3,22,73,157,70,135,205,4961,7,RAMB18,SLICE
79,135,75,156,4,21,25,1659,7,SLICE,SLICE
79,135,77,157,2,22,24,1679,7,SLICE,SLICE
79,135,77,166,2,31,33,1515,7,SLICE,SLICE
79,135,76,165,3,30,33,1418,7,SLICE,SLICE
80,169,77,138,3,31,34,1909,7,SLICE,SLICE
80,169,77,140,3,29,32,1555,7,SLICE,SLICE
80,169,79,157,1,12,13,890,7,SLICE,SLICE
80,169,73,136,7,33,40,2149,7,SLICE,SLICE
4,26,71,161,67,135,202,4972,7,RAMB18,SLICE
4,26,74,164,70,138,208,4648,7,RAMB18,SLICE
4,26,73,167,69,141,210,4662,7,RAMB18,SLICE
4,26,80,161,76,135,211,4172,7,RAMB18,SLICE
4,26,80,152,76,126,202,3688,7,RAMB18,SLICE
4,26,78,162,74,136,210,4621,7,RAMB18,SLICE
4,26,79,165,75,139,214,4928,7,RAMB18,SLICE
4,26,78,162,74,136,210,4619,7,RAMB18,SLICE
4,26,79,140,75,114,189,3974,7,RAMB18,SLICE
4,26,77,144,73,118,191,4265,7,RAMB18,SLICE
4,26,77,139,73,113,186,4094,7,RAMB18,SLICE
4,26,76,137,72,111,183,4201,7,RAMB18,SLICE
80,135,75,169,5,34,39,2232,7,SLICE,SLICE
80,135,74,169,6,34,40,2089,7,SLICE,SLICE
80,135,75,167,5,32,37,1836,7,SLICE,SLICE
80,135,72,169,8,34,42,2015,7,SLICE,SLICE
82,137,72,149,10,12,22,1259,7,SLICE,SLICE
82,137,78,147,4,10,14,736,7,SLICE,SLICE
82,137,76,152,6,15,21,1769,7,SLICE,SLICE
82,137,72,147,10,10,20,1221,7,SLICE,SLICE
79,143,79,148,0,5,5,711,7,SLICE,SLICE
79,143,77,150,2,7,9,1198,7,SLICE,SLICE
79,143,79,151,0,8,8,1376,7,SLICE,SLICE
79,143,79,146,0,3,3,652,7,SLICE,SLICE
3,1,77,163,74,162,236,4947,7,RAMB18,SLICE
3,1,72,169,69,168,237,5075,7,RAMB18,SLICE
3,1,73,167,70,166,236,4992,7,RAMB18,SLICE
3,1,78,161,75,160,235,4389,7,RAMB18,SLICE
3,1,75,157,72,156,228,4744,7,RAMB18,SLICE
3,1,77,162,74,161,235,5238,7,RAMB18,SLICE
3,1,76,159,73,158,231,4945,7,RAMB18,SLICE
3,1,77,152,74,151,225,3632,7,RAMB18,SLICE
3,1,71,161,68,160,228,5041,7,RAMB18,SLICE
3,1,70,158,67,157,224,4500,7,RAMB18,SLICE
3,1,70,157,67,156,223,4702,7,RAMB18,SLICE
3,1,72,162,69,161,230,5369,7,RAMB18,SLICE
80,140,73,169,7,29,36,2333,7,SLICE,SLICE
80,140,75,159,5,19,24,1300,7,SLICE,SLICE
80,140,71,168,9,28,37,1976,7,SLICE,SLICE
80,140,73,169,7,29,36,2088,7,SLICE,SLICE
79,138,77,147,2,9,11,966,7,SLICE,SLICE
79,138,79,159,0,21,21,1919,7,SLICE,SLICE
79,138,81,150,2,12,14,1090,7,SLICE,SLICE
79,138,80,167,1,29,30,2305,7,SLICE,SLICE
4,15,79,154,75,139,214,4303,7,RAMB18,SLICE
4,15,81,154,77,139,216,4189,7,RAMB18,SLICE
4,15,81,159,77,144,221,4270,7,RAMB18,SLICE
4,15,79,161,75,146,221,4805,7,RAMB18,SLICE
4,15,77,151,73,136,209,4879,6,RAMB18,SLICE
4,15,75,150,71,135,206,4982,6,RAMB18,SLICE
4,15,77,149,73,134,207,4684,6,RAMB18,SLICE
4,15,76,151,72,136,208,5060,6,RAMB18,SLICE
4,15,72,166,68,151,219,6871,7,RAMB18,SLICE
4,15,74,167,70,152,222,6845,7,RAMB18,SLICE
4,15,70,167,66,152,218,7123,7,RAMB18,SLICE
4,15,70,158,66,143,209,5832,7,RAMB18,SLICE
4,15,75,150,71,135,206,3499,7,RAMB18,SLICE
4,15,72,155,68,140,208,4437,7,RAMB18,SLICE
4,15,78,154,74,139,213,4200,7,RAMB18,SLICE
4,15,72,155,68,140,208,4178,7,RAMB18,SLICE
83,148,71,148,12,0,12,660,7,SLICE,SLICE
83,148,72,143,11,5,16,662,7,SLICE,SLICE
83,148,75,134,8,14,22,1238,7,SLICE,SLICE
83,148,70,140,13,8,21,915,7,SLICE,SLICE
80,157,78,147,2,10,12,901,7,SLICE,SLICE
80,157,79,163,1,6,7,1015,7,SLICE,SLICE
80,157,79,168,1,11,12,1160,7,SLICE,SLICE
80,157,79,162,1,5,6,1058,7,SLICE,SLICE
5,9,75,149,70,140,210,4666,7,RAMB18,SLICE
5,9,76,147,71,138,209,4554,7,RAMB18,SLICE
5,9,77,149,72,140,212,4417,7,RAMB18,SLICE
5,9,78,157,73,148,221,5087,7,RAMB18,SLICE
5,9,76,161,71,152,223,5459,7,RAMB18,SLICE
5,9,70,148,65,139,204,4137,7,RAMB18,SLICE
5,9,76,156,71,147,218,5442,7,RAMB18,SLICE
5,9,74,153,69,144,213,5109,7,RAMB18,SLICE
5,9,75,156,70,147,217,5860,7,RAMB18,SLICE
5,9,72,156,67,147,214,5928,7,RAMB18,SLICE
5,9,70,152,65,143,208,5244,7,RAMB18,SLICE
5,9,72,146,67,137,204,5623,7,RAMB18,SLICE
80,136,76,140,4,4,8,929,7,SLICE,SLICE
80,136,74,140,6,4,10,724,7,SLICE,SLICE
80,136,74,134,6,2,8,622,7,SLICE,SLICE
80,136,79,139,1,3,4,541,7,SLICE,SLICE
83,168,74,143,9,25,34,1465,7,SLICE,SLICE
83,168,70,140,13,28,41,1452,7,SLICE,SLICE
83,168,72,136,11,32,43,1908,7,SLICE,SLICE
83,168,74,135,9,33,42,1763,7,SLICE,SLICE
3,8,76,158,73,150,223,5579,7,RAMB18,SLICE
3,8,71,154,68,146,214,4896,7,RAMB18,SLICE
3,8,71,159,68,151,219,5573,7,RAMB18,SLICE
3,8,79,158,76,150,226,5847,7,RAMB18,SLICE
3,8,77,144,74,136,210,5117,7,RAMB18,SLICE
3,8,77,142,74,134,208,4545,7,RAMB18,SLICE
3,8,77,142,74,134,208,4860,7,RAMB18,SLICE
3,8,74,140,71,132,203,5031,7,RAMB18,SLICE
3,8,78,156,75,148,223,4114,7,RAMB18,SLICE
3,8,79,167,76,159,235,5698,7,RAMB18,SLICE
3,8,79,167,76,159,235,5692,7,RAMB18,SLICE
3,8,79,162,76,154,230,4687,7,RAMB18,SLICE
4,3,77,147,73,144,217,5052,7,RAMB18,SLICE
4,3,76,146,72,143,215,4868,7,RAMB18,SLICE
4,3,79,146,75,143,218,5074,7,RAMB18,SLICE
4,3,76,140,72,137,209,5568,7,RAMB18,SLICE
4,3,74,162,70,159,229,5742,7,RAMB18,SLICE
4,3,72,167,68,164,232,5908,7,RAMB18,SLICE
4,3,75,157,71,154,225,5394,7,RAMB18,SLICE
4,3,75,160,71,157,228,6043,7,RAMB18,SLICE
4,3,73,143,69,140,209,5544,6,RAMB18,SLICE
4,3,73,141,69,138,207,5529,6,RAMB18,SLICE
4,3,73,138,69,135,204,4914,6,RAMB18,SLICE
4,3,79,152,75,149,224,6033,6,RAMB18,SLICE
4,3,77,153,73,150,223,5867,7,RAMB18,SLICE
4,3,72,140,68,137,205,5056,7,RAMB18,SLICE
4,3,72,143,68,140,208,5373,7,RAMB18,SLICE
4,3,72,142,68,139,207,5193,7,RAMB18,SLICE
83,149,79,162,4,13,17,1329,7,SLICE,SLICE
83,149,73,167,10,18,28,1821,7,SLICE,SLICE
83,149,73,162,10,13,23,1568,7,SLICE,SLICE
83,149,72,167,11,18,29,1762,7,SLICE,SLICE
80,136,72,147,8,11,19,1167,7,SLICE,SLICE
80,136,75,157,5,21,26,1252,7,SLICE,SLICE
80,136,75,162,5,26,31,2012,7,SLICE,SLICE
80,136,70,138,10,2,12,1111,7,SLICE,SLICE
3,5,71,146,68,141,209,4961,7,RAMB18,SLICE
3,5,74,135,71,130,201,4091,7,RAMB18,SLICE
3,5,74,137,71,132,203,4195,7,RAMB18,SLICE
3,5,73,140,70,135,205,4723,7,RAMB18,SLICE
3,5,70,138,67,133,200,4345,7,RAMB18,SLICE
3,5,72,139,69,134,203,4466,7,RAMB18,SLICE
3,5,71,137,68,132,200,4334,7,RAMB18,SLICE
3,5,73,145,70,140,210,5150,7,RAMB18,SLICE
3,5,73,150,70,145,215,4335,7,RAMB18,SLICE
3,5,78,155,75,150,225,3984,7,RAMB18,SLICE
3,5,80,153,77,148,225,3387,7,RAMB18,SLICE
3,5,70,151,67,146,213,4293,7,RAMB18,SLICE
83,150,74,153,9,3,12,599,7,SLICE,SLICE
83,150,71,143,12,7,19,848,7,SLICE,SLICE
83,150,72,143,11,7,18,898,7,SLICE,SLICE
83,150,75,157,8,7,15,846,7,SLICE,SLICE
80,161,73,135,7,26,33,1641,7,SLICE,SLICE
80,161,72,138,8,23,31,1470,7,SLICE,SLICE
80,161,73,138,7,23,30,1612,7,SLICE,SLICE
80,161,70,145,10,16,26,1284,7,SLICE,SLICE
3,16,74,153,71,137,208,4634,7,RAMB18,SLICE
3,16,77,153,74,137,211,4363,7,RAMB18,SLICE
3,16,71,152,68,136,204,4660,7,RAMB18,SLICE
3,16,75,153,72,137,209,4523,7,RAMB18,SLICE
3,16,81,157,78,141,219,3779,7,RAMB18,SLICE
3,16,78,165,75,149,224,4331,7,RAMB18,SLICE
3,16,79,163,76,147,223,4224,7,RAMB18,SLICE
3,16,78,150,75,134,209,3947,7,RAMB18,SLICE
3,16,76,154,73,138,211,4061,7,RAMB18,SLICE
3,16,74,154,71,138,209,4406,7,RAMB18,SLICE
3,16,71,145,68,129,197,4010,7,RAMB18,SLICE
3,16,71,147,68,131,199,4274,7,RAMB18,SLICE
80,134,78,158,2,24,26,1389,7,SLICE,SLICE
80,134,70,162,10,28,38,2404,7,SLICE,SLICE
80,134,72,163,8,29,37,2625,7,SLICE,SLICE
80,134,72,167,8,33,41,2602,7,SLICE,SLICE
78,135,75,158,3,23,26,2189,7,SLICE,SLICE
78,135,78,155,0,20,20,2175,7,SLICE,SLICE
78,135,79,153,1,18,19,1697,7,SLICE,SLICE
78,135,73,151,5,16,21,1103,7,SLICE,SLICE
4,12,71,141,67,129,196,4887,7,RAMB18,SLICE
4,12,75,138,71,126,197,4613,7,RAMB18,SLICE
4,12,71,140,67,128,195,4550,7,RAMB18,SLICE
4,12,70,135,66,123,189,4537,7,RAMB18,SLICE
4,12,79,171,75,159,234,5081,7,RAMB18,SLICE
4,12,70,164,66,152,218,4831,7,RAMB18,SLICE
4,12,72,169,68,157,225,4933,7,RAMB18,SLICE
4,12,78,168,74,156,230,4545,7,RAMB18,SLICE
4,12,77,135,73,123,196,4500,7,RAMB18,SLICE
4,12,79,159,75,147,222,5331,7,RAMB18,SLICE
4,12,74,152,70,140,210,4886,7,RAMB18,SLICE
4,12,79,150,75,138,213,5345,7,RAMB18,SLICE
4,12,70,146,66,134,200,5059,7,RAMB18,SLICE
4,12,76,155,72,143,215,5602,7,RAMB18,SLICE
4,12,75,157,71,145,216,5829,7,RAMB18,SLICE
4,12,77,161,73,149,222,6176,7,RAMB18,SLICE
83,135,72,135,11,0,11,803,7,SLICE,SLICE
83,135,70,136,13,1,14,1067,7,SLICE,SLICE
83,135,77,166,6,31,37,2370,7,SLICE,SLICE
83,135,78,159,5,24,29,1827,7,SLICE,SLICE
78,136,73,158,5,22,27,1211,7,SLICE,SLICE
78,136,72,159,6,23,29,1319,7,SLICE,SLICE
78,136,73,156,5,20,25,1299,7,SLICE,SLICE
78,136,71,154,7,18,25,1061,7,SLICE,SLICE
85,137,71,153,14,16,30,1715,7,SLICE,SLICE
85,137,76,154,9,17,26,1820,7,SLICE,SLICE
85,137,70,150,15,13,28,1362,7,SLICE,SLICE
85,137,76,151,9,14,23,1518,7,SLICE,SLICE
5,10,77,148,72,138,210,5616,7,RAMB18,SLICE
5,10,72,151,67,141,208,5485,7,RAMB18,SLICE
5,10,77,151,72,141,213,5285,7,RAMB18,SLICE
5,10,74,154,69,144,213,5606,7,RAMB18,SLICE
5,10,72,158,67,148,215,5019,7,RAMB18,SLICE
5,10,77,168,72,158,230,4711,7,RAMB18,SLICE
5,10,75,160,70,150,220,4898,7,RAMB18,SLICE
5,10,75,170,70,160,230,4911,7,RAMB18,SLICE
5,10,70,167,65,157,222,6952,7,RAMB18,SLICE
5,10,75,159,70,149,219,6164,7,RAMB18,SLICE
5,10,77,163,72,153,225,6272,7,RAMB18,SLICE
5,10,73,159,68,149,217,6247,7,RAMB18,SLICE
82,142,80,160,2,18,20,1123,7,SLICE,SLICE
82,142,79,167,3,25,28,1682,7,SLICE,SLICE
82,142,81,148,1,6,7,730,7,SLICE,SLICE
82,142,77,144,5,2,7,550,7,SLICE,SLICE
83,144,79,154,4,10,14,943,7,SLICE,SLICE
83,144,78,138,5,6,11,725,7,SLICE,SLICE
83,144,80,150,3,6,9,1189,7,SLICE,SLICE
83,144,79,168,4,24,28,1212,7,SLICE,SLICE
4,29,80,171,76,142,218,4802,7,RAMB18,SLICE
4,29,79,169,75,140,215,4862,7,RAMB18,SLICE
4,29,79,167,75,138,213,4326,7,RAMB18,SLICE
4,29,79,169,75,140,215,4547,7,RAMB18,SLICE
4,29,80,154,76,125,201,3359,7,RAMB18,SLICE
4,29,70,159,66,130,196,3628,7,RAMB18,SLICE
4,29,78,168,74,139,213,5086,7,RAMB18,SLICE
4,29,72,165,68,136,204,4498,7,RAMB18,SLICE
4,29,78,160,74,131,205,4622,7,RAMB18,SLICE
4,29,78,162,74,133,207,4627,7,RAMB18,SLICE
4,29,78,149,74,120,194,3688,7,RAMB18,SLICE
4,29,80,149,76,120,196,3781,7,RAMB18,SLICE
82,140,77,155,5,15,20,1339,7,SLICE,SLICE
82,140,74,168,8,28,36,2009,7,SLICE,SLICE
82,140,74,168,8,28,36,2020,7,SLICE,SLICE
82,140,75,159,7,19,26,1632,7,SLICE,SLICE
82,143,73,159,9,16,25,1126,7,SLICE,SLICE
82,143,77,168,5,25,30,1797,7,SLICE,SLICE
82,143,72,166,10,23,33,1671,7,SLICE,SLICE
82,143,79,159,3,16,19,1304,7,SLICE,SLICE
4,21,74,166,70,145,215,5155,7,RAMB18,SLICE
4,21,74,168,70,147,217,5322,7,RAMB18,SLICE
4,21,75,157,71,136,207,4628,7,RAMB18,SLICE
4,21,76,160,72,139,211,4501,7,RAMB18,SLICE
4,21,77,152,73,131,204,4349,7,RAMB18,SLICE
4,21,76,156,72,135,207,4276,7,RAMB18,SLICE
4,21,74,146,70,125,195,3955,7,RAMB18,SLICE
4,21,74,156,70,135,205,4700,7,RAMB18,SLICE
4,21,80,166,76,145,221,4912,7,RAMB18,SLICE
4,21,73,159,69,138,207,5424,7,RAMB18,SLICE
4,21,72,166,68,145,213,5270,7,RAMB18,SLICE
4,21,72,169,68,148,216,5381,7,RAMB18,SLICE
4,21,71,153,67,132,199,4618,7,RAMB18,SLICE
4,21,75,157,71,136,207,4830,7,RAMB18,SLICE
4,21,76,159,72,138,210,4435,7,RAMB18,SLICE
4,21,76,157,72,136,208,4685,7,RAMB18,SLICE
81,139,70,135,11,4,15,721,7,SLICE,SLICE
81,139,76,163,5,24,29,1815,7,SLICE,SLICE
81,139,77,145,4,6,10,1007,7,SLICE,SLICE
81,139,76,135,5,4,9,718,7,SLICE,SLICE
82,140,81,150,1,10,11,879,7,SLICE,SLICE
82,140,79,155,3,15,18,1048,7,SLICE,SLICE
82,140,79,161,3,21,24,1231,7,SLICE,SLICE
82,140,78,145,4,5,9,1468,7,SLICE,SLICE
83,138,72,165,11,27,38,1559,7,SLICE,SLICE
83,138,70,168,13,30,43,2173,7,SLICE,SLICE
83,138,74,167,9,29,38,1833,7,SLICE,SLICE
83,138,70,156,13,18,31,1200,7,SLICE,SLICE
3,28,73,156,70,128,198,3618,6,RAMB18,SLICE
3,28,74,157,71,129,200,3762,6,RAMB18,SLICE
3,28,74,157,71,129,200,3738,6,RAMB18,SLICE
3,28,78,154,75,126,201,3479,6,RAMB18,SLICE
3,28,73,155,70,127,197,3893,7,RAMB18,SLICE
3,28,73,150,70,122,192,3507,7,RAMB18,SLICE
3,28,77,153,74,125,199,4286,7,RAMB18,SLICE
3,28,72,154,69,126,195,3797,7,RAMB18,SLICE
3,28,74,140,71,112,183,2940,7,RAMB18,SLICE
3,28,78,143,75,115,190,2908,7,RAMB18,SLICE
3,28,76,163,73,135,208,4260,7,RAMB18,SLICE
3,28,74,138,71,110,181,3103,7,RAMB18,SLICE
83,136,74,137,9,1,10,944,7,SLICE,SLICE
83,136,74,135,9,1,10,933,7,SLICE,SLICE
83,136,75,136,8,0,8,837,7,SLICE,SLICE
83,136,71,141,12,5,17,1049,7,SLICE,SLICE
83,146,73,158,10,12,22,1263,7,SLICE,SLICE
83,146,74,155,9,9,18,1137,7,SLICE,SLICE
83,146,72,164,11,18,29,1713,7,SLICE,SLICE
83,146,70,159,13,13,26,1370,7,SLICE,SLICE
3,11,77,135,74,124,198,3758,7,RAMB18,SLICE
3,11,73,143,70,132,202,4581,7,RAMB18,SLICE
3,11,75,141,72,130,202,4327,7,RAMB18,SLICE
3,11,71,143,68,132,200,4642,7,RAMB18,SLICE
3,11,79,160,76,149,225,4865,7,RAMB18,SLICE
3,11,79,155,76,144,220,4199,7,RAMB18,SLICE
3,11,79,161,76,150,226,4942,7,RAMB18,SLICE
3,11,79,162,76,151,227,5162,7,RAMB18,SLICE
3,11,79,149,76,138,214,3669,7,RAMB18,SLICE
3,11,79,161,76,150,226,4610,7,RAMB18,SLICE
3,11,79,163,76,152,228,4236,7,RAMB18,SLICE
3,11,78,163,75,152,227,4401,7,RAMB18,SLICE
82,153,75,156,7,3,10,1150,7,SLICE,SLICE
82,153,79,159,3,6,9,687,7,SLICE,SLICE
82,153,74,168,8,15,23,1323,7,SLICE,SLICE
82,153,74,169,8,16,24,1232,7,SLICE,SLICE
84,134,73,157,11,23,34,1943,7,SLICE,SLICE
84,134,72,154,12,20,32,1833,7,SLICE,SLICE
84,134,76,151,8,17,25,1590,7,SLICE,SLICE
84,134,72,149,12,15,27,1188,7,SLICE,SLICE
5,7,75,145,70,138,208,5490,7,RAMB18,SLICE
5,7,73,152,68,145,213,6524,7,RAMB18,SLICE
5,7,74,152,69,145,214,6421,7,RAMB18,SLICE
5,7,76,148,71,141,212,5896,7,RAMB18,SLICE
5,7,74,137,69,130,199,5109,7,RAMB18,SLICE
5,7,78,142,73,135,208,5813,7,RAMB18,SLICE
5,7,77,140,72,133,205,5369,7,RAMB18,SLICE
5,7,79,163,74,156,230,7431,7,RAMB18,SLICE
5,7,78,141,73,134,207,5379,7,RAMB18,SLICE
5,7,77,145,72,138,210,5627,7,RAMB18,SLICE
5,7,77,147,72,140,212,5430,7,RAMB18,SLICE
5,7,76,141,71,134,205,5173,7,RAMB18,SLICE
5,7,73,153,68,146,214,6164,7,RAMB18,SLICE
5,7,73,148,68,141,209,5594,7,RAMB18,SLICE
5,7,73,148,68,141,209,5278,7,RAMB18,SLICE
5,7,73,146,68,139,207,5101,7,RAMB18,SLICE
83,163,70,138,13,25,38,1596,7,SLICE,SLICE
83,163,72,141,11,22,33,1710,7,SLICE,SLICE
83,163,73,142,10,21,31,1453,7,SLICE,SLICE
83,163,73,151,10,12,22,878,7,SLICE,SLICE
82,154,76,146,6,8,14,848,6,SLICE,SLICE
82,154,76,144,6,10,16,1055,6,SLICE,SLICE
82,154,81,144,1,10,11,1276,6,SLICE,SLICE
82,154,76,137,6,17,23,1365,6,SLICE,SLICE
3,21,70,167,67,146,213,4593,7,RAMB18,SLICE
3,21,77,161,74,140,214,4101,7,RAMB18,SLICE
3,21,77,157,74,136,210,3184,7,RAMB18,SLICE
3,21,71,157,68,136,204,3888,7,RAMB18,SLICE
3,21,77,140,74,119,193,3926,7,RAMB18,SLICE
3,21,79,148,76,127,203,4287,7,RAMB18,SLICE
3,21,78,138,75,117,192,3613,7,RAMB18,SLICE
3,21,78,148,75,127,202,4195,7,RAMB18,SLICE
3,21,74,143,71,122,193,3812,7,RAMB18,SLICE
3,21,76,167,73,146,219,5479,7,RAMB18,SLICE
3,21,74,162,71,141,212,5421,7,RAMB18,SLICE
3,21,71,148,68,127,195,4088,7,RAMB18,SLICE
5,4,72,150,67,146,213,4679,7,RAMB18,SLICE
5,4,76,149,71,145,216,4765,7,RAMB18,SLICE
5,4,75,151,70,147,217,5098,7,RAMB18,SLICE
5,4,74,151,69,147,216,5249,7,RAMB18,SLICE
5,4,72,143,67,139,206,3820,7,RAMB18,SLICE
5,4,75,142,70,138,208,3970,7,RAMB18,SLICE
5,4,77,166,72,162,234,4759,7,RAMB18,SLICE
5,4,70,142,65,138,203,4071,7,RAMB18,SLICE
5,4,81,155,76,151,227,6165,7,RAMB18,SLICE
5,4,78,140,73,136,209,4952,7,RAMB18,SLICE
5,4,80,150,75,146,221,5810,7,RAMB18,SLICE
5,4,79,148,74,144,218,5309,7,RAMB18,SLICE
82,135,73,137,9,2,11,699,7,SLICE,SLICE
82,135,70,141,12,6,18,1181,7,SLICE,SLICE
82,135,71,140,11,5,16,1021,7,SLICE,SLICE
82,135,74,137,8,2,10,822,7,SLICE,SLICE
77,135,71,136,6,1,7,674,7,SLICE,SLICE
77,135,71,138,6,3,9,948,7,SLICE,SLICE
77,135,73,154,4,19,23,1524,7,SLICE,SLICE
77,135,73,144,4,9,13,1110,7,SLICE,SLICE
4,1,70,141,66,140,206,4558,7,RAMB18,SLICE
4,1,78,142,74,141,215,4526,7,RAMB18,SLICE
4,1,76,141,72,140,212,4764,7,RAMB18,SLICE
4,1,74,143,70,142,212,4992,7,RAMB18,SLICE
4,1,77,151,73,150,223,5895,7,RAMB18,SLICE
4,1,76,147,72,146,218,5534,7,RAMB18,SLICE
4,1,74,152,70,151,221,6180,7,RAMB18,SLICE
4,1,73,146,69,145,214,5549,7,RAMB18,SLICE
4,1,80,150,76,149,225,4107,7,RAMB18,SLICE
4,1,73,162,69,161,230,4962,7,RAMB18,SLICE
4,1,73,162,69,161,230,4992,7,RAMB18,SLICE
4,1,70,161,66,160,226,4608,7,RAMB18,SLICE
4,1,73,165,69,164,233,4963,7,RAMB18,SLICE
4,1,78,168,74,167,241,4766,7,RAMB18,SLICE
4,1,77,167,73,166,239,4854,7,RAMB18,SLICE
4,1,79,165,75,164,239,4478,7,RAMB18,SLICE
77,136,72,157,5,21,26,1391,7,SLICE,SLICE
77,136,75,155,2,19,21,1293,7,SLICE,SLICE
77,136,75,168,2,32,34,2285,7,SLICE,SLICE
77,136,72,164,5,28,33,1646,7,SLICE,SLICE
66,177,66,177,0,0,0,55,1,SLICE,SLICE
60,193,60,193,0,0,0,59,1,SLICE,SLICE
64,190,64,190,0,0,0,58,1,SLICE,SLICE
60,182,60,182,0,0,0,59,1,SLICE,SLICE
65,190,65,190,0,0,0,58,1,SLICE,SLICE
66,191,66,191,0,0,0,55,1,SLICE,SLICE
68,174,68,174,0,0,0,58,1,SLICE,SLICE
64,178,64,178,0,0,0,58,1,SLICE,SLICE
64,192,64,192,0,0,0,58,1,SLICE,SLICE
69,170,69,170,0,0,0,58,1,SLICE,SLICE
66,178,66,178,0,0,0,56,1,SLICE,SLICE
62,173,62,173,0,0,0,55,1,SLICE,SLICE
66,172,66,172,0,0,0,55,1,SLICE,SLICE
64,171,64,171,0,0,0,58,1,SLICE,SLICE
67,173,67,173,0,0,0,58,1,SLICE,SLICE
68,185,68,185,0,0,0,58,1,SLICE,SLICE
64,170,64,170,0,0,0,58,1,SLICE,SLICE
67,177,67,177,0,0,0,58,1,SLICE,SLICE
64,185,64,185,0,0,0,58,1,SLICE,SLICE
58,193,58,193,0,0,0,56,1,SLICE,SLICE
62,180,62,180,0,0,0,56,1,SLICE,SLICE
64,182,64,182,0,0,0,59,1,SLICE,SLICE
68,170,68,170,0,0,0,58,1,SLICE,SLICE
68,186,68,186,0,0,0,58,1,SLICE,SLICE
68,186,68,186,0,0,0,58,1,SLICE,SLICE
66,181,66,181,0,0,0,55,1,SLICE,SLICE
68,181,68,181,0,0,0,59,1,SLICE,SLICE
66,174,66,174,0,0,0,55,1,SLICE,SLICE
64,173,64,173,0,0,0,58,1,SLICE,SLICE
69,182,69,182,0,0,0,58,1,SLICE,SLICE
64,175,64,175,0,0,0,59,1,SLICE,SLICE
63,177,63,177,0,0,0,59,1,SLICE,SLICE
68,175,68,175,0,0,0,59,1,SLICE,SLICE
68,183,68,183,0,0,0,58,1,SLICE,SLICE
66,186,66,186,0,0,0,55,1,SLICE,SLICE
67,184,67,184,0,0,0,59,1,SLICE,SLICE
64,183,64,183,0,0,0,59,1,SLICE,SLICE
67,186,67,186,0,0,0,58,1,SLICE,SLICE
67,176,67,176,0,0,0,59,1,SLICE,SLICE
66,178,66,178,0,0,0,55,1,SLICE,SLICE
68,177,68,177,0,0,0,58,1,SLICE,SLICE
60,191,60,191,0,0,0,58,1,SLICE,SLICE
67,196,67,196,0,0,0,59,1,SLICE,SLICE
66,200,66,200,0,0,0,55,1,SLICE,SLICE
64,206,64,206,0,0,0,59,1,SLICE,SLICE
65,179,65,179,0,0,0,58,1,SLICE,SLICE
66,204,66,204,0,0,0,56,1,SLICE,SLICE
62,204,62,204,0,0,0,55,1,SLICE,SLICE
66,201,66,201,0,0,0,55,1,SLICE,SLICE
66,206,66,206,0,0,0,55,1,SLICE,SLICE
60,189,60,189,0,0,0,58,1,SLICE,SLICE
66,202,66,202,0,0,0,56,1,SLICE,SLICE
67,203,67,203,0,0,0,59,1,SLICE,SLICE
60,199,60,199,0,0,0,58,1,SLICE,SLICE
60,202,60,202,0,0,0,58,1,SLICE,SLICE
61,195,61,195,0,0,0,58,1,SLICE,SLICE
60,195,60,195,0,0,0,59,1,SLICE,SLICE
60,193,60,193,0,0,0,58,1,SLICE,SLICE
62,201,62,201,0,0,0,55,1,SLICE,SLICE
62,196,62,196,0,0,0,55,1,SLICE,SLICE
60,202,60,202,0,0,0,58,1,SLICE,SLICE
58,196,58,196,0,0,0,55,1,SLICE,SLICE
62,197,62,197,0,0,0,55,1,SLICE,SLICE
63,194,63,194,0,0,0,58,1,SLICE,SLICE
64,194,64,194,0,0,0,59,1,SLICE,SLICE
58,180,58,180,0,0,0,55,1,SLICE,SLICE
58,185,58,185,0,0,0,55,1,SLICE,SLICE
60,179,60,179,0,0,0,59,1,SLICE,SLICE
59,195,59,195,0,0,0,58,1,SLICE,SLICE
58,190,58,190,0,0,0,55,1,SLICE,SLICE
66,194,66,194,0,0,0,55,1,SLICE,SLICE
58,190,58,190,0,0,0,55,1,SLICE,SLICE
60,181,60,181,0,0,0,58,1,SLICE,SLICE
60,180,60,180,0,0,0,59,1,SLICE,SLICE
63,186,63,186,0,0,0,58,1,SLICE,SLICE
60,188,60,188,0,0,0,58,1,SLICE,SLICE
60,176,60,176,0,0,0,58,1,SLICE,SLICE
58,172,58,172,0,0,0,56,1,SLICE,SLICE
58,186,58,186,0,0,0,56,1,SLICE,SLICE
58,170,58,170,0,0,0,55,1,SLICE,SLICE
67,186,67,186,0,0,0,59,1,SLICE,SLICE
60,194,60,194,0,0,0,58,1,SLICE,SLICE
65,185,65,185,0,0,0,58,1,SLICE,SLICE
58,183,58,183,0,0,0,55,1,SLICE,SLICE
59,187,59,187,0,0,0,58,1,SLICE,SLICE
58,186,58,186,0,0,0,55,1,SLICE,SLICE
60,187,60,187,0,0,0,58,1,SLICE,SLICE
60,178,60,178,0,0,0,58,1,SLICE,SLICE
62,199,62,199,0,0,0,55,1,SLICE,SLICE
59,185,59,185,0,0,0,58,1,SLICE,SLICE
66,195,66,195,0,0,0,55,1,SLICE,SLICE
62,203,62,203,0,0,0,55,1,SLICE,SLICE
60,190,60,190,0,0,0,59,1,SLICE,SLICE
65,200,65,200,0,0,0,58,1,SLICE,SLICE
65,199,65,199,0,0,0,58,1,SLICE,SLICE
62,202,62,202,0,0,0,55,1,SLICE,SLICE
67,205,67,205,0,0,0,59,1,SLICE,SLICE
62,206,62,206,0,0,0,55,1,SLICE,SLICE
63,172,63,172,0,0,0,59,1,SLICE,SLICE
60,173,60,173,0,0,0,58,1,SLICE,SLICE
62,182,62,182,0,0,0,55,1,SLICE,SLICE
65,177,65,177,0,0,0,58,1,SLICE,SLICE
66,192,66,192,0,0,0,55,1,SLICE,SLICE
65,189,65,189,0,0,0,59,1,SLICE,SLICE
58,176,58,176,0,0,0,55,1,SLICE,SLICE
62,187,62,187,0,0,0,55,1,SLICE,SLICE
72,177,61,186,11,9,20,1449,7,SLICE,SLICE
72,177,61,184,11,7,18,1348,7,SLICE,SLICE
72,177,58,191,14,14,28,1805,7,SLICE,SLICE
72,177,61,186,11,9,20,1274,7,SLICE,SLICE
68,201,68,182,0,19,19,1377,7,SLICE,SLICE
68,201,68,177,0,24,24,1499,7,SLICE,SLICE
68,201,66,171,2,30,32,2115,7,SLICE,SLICE
68,201,67,188,1,13,14,1007,7,SLICE,SLICE
4,37,68,180,64,143,207,4338,7,RAMB18,SLICE
4,37,63,181,59,144,203,4700,7,RAMB18,SLICE
4,37,64,173,60,136,196,3916,7,RAMB18,SLICE
4,37,69,179,65,142,207,5123,7,RAMB18,SLICE
4,37,62,175,58,138,196,4591,7,RAMB18,SLICE
4,37,69,179,65,142,207,4041,7,RAMB18,SLICE
4,37,65,202,61,165,226,4763,7,RAMB18,SLICE
4,37,64,201,60,164,224,4701,7,RAMB18,SLICE
4,37,66,176,62,139,201,4043,7,RAMB18,SLICE
4,37,61,176,57,139,196,4584,7,RAMB18,SLICE
4,37,66,176,62,139,201,4223,7,RAMB18,SLICE
4,37,62,180,58,143,201,4665,7,RAMB18,SLICE
4,37,64,203,60,166,226,4406,7,RAMB18,SLICE
4,37,65,184,61,147,208,3782,7,RAMB18,SLICE
4,37,64,206,60,169,229,4813,7,RAMB18,SLICE
4,37,67,204,63,167,230,4725,7,RAMB18,SLICE
75,172,62,171,13,1,14,1126,7,SLICE,SLICE
75,172,68,175,7,3,10,441,7,SLICE,SLICE
75,172,64,173,11,1,12,692,7,SLICE,SLICE
75,172,65,184,10,12,22,1503,7,SLICE,SLICE
70,170,61,192,9,22,31,1846,7,SLICE,SLICE
70,170,62,174,8,4,12,874,7,SLICE,SLICE
70,170,66,182,4,12,16,1559,7,SLICE,SLICE
70,170,66,187,4,17,21,1377,7,SLICE,SLICE
3,29,61,202,58,173,231,3807,7,RAMB18,SLICE
3,29,69,198,66,169,235,3523,7,RAMB18,SLICE
3,29,68,201,65,172,237,3545,7,RAMB18,SLICE
3,29,59,193,56,164,220,3585,7,RAMB18,SLICE
3,29,62,197,59,168,227,5734,7,RAMB18,SLICE
3,29,60,179,57,150,207,3733,7,RAMB18,SLICE
3,29,69,189,66,160,226,4640,7,RAMB18,SLICE
3,29,60,173,57,144,201,3717,7,RAMB18,SLICE
3,29,64,170,61,141,202,4285,7,RAMB18,SLICE
3,29,66,181,63,152,215,5070,7,RAMB18,SLICE
3,29,62,174,59,145,204,4579,7,RAMB18,SLICE
3,29,62,174,59,145,204,4209,7,RAMB18,SLICE
74,173,66,175,8,2,10,421,7,SLICE,SLICE
74,173,64,171,10,2,12,713,7,SLICE,SLICE
74,173,69,179,5,6,11,1043,7,SLICE,SLICE
74,173,64,178,10,5,15,1303,7,SLICE,SLICE
71,178,64,188,7,10,17,1172,7,SLICE,SLICE
71,178,60,172,11,6,17,939,7,SLICE,SLICE
71,178,62,190,9,12,21,1442,7,SLICE,SLICE
71,178,62,172,9,6,15,861,7,SLICE,SLICE
3,4,69,203,66,199,265,4835,7,RAMB18,SLICE
3,4,66,202,63,198,261,5046,7,RAMB18,SLICE
3,4,71,200,68,196,264,4683,7,RAMB18,SLICE
3,4,63,204,60,200,260,4858,7,RAMB18,SLICE
3,4,67,190,64,186,250,6317,7,RAMB18,SLICE
3,4,64,192,61,188,249,6090,7,RAMB18,SLICE
3,4,61,198,58,194,252,6443,7,RAMB18,SLICE
3,4,62,181,59,177,236,5639,7,RAMB18,SLICE
3,4,66,173,63,169,232,4927,7,RAMB18,SLICE
3,4,69,174,66,170,236,4901,7,RAMB18,SLICE
3,4,69,177,66,173,239,5315,7,RAMB18,SLICE
3,4,68,187,65,183,248,5631,7,RAMB18,SLICE
71,176,63,191,8,15,23,1294,7,SLICE,SLICE
71,176,64,204,7,28,35,1828,7,SLICE,SLICE
71,176,61,195,10,19,29,1649,7,SLICE,SLICE
71,176,65,192,6,16,22,1298,7,SLICE,SLICE
73,174,62,172,11,2,13,537,7,SLICE,SLICE
73,174,69,174,4,0,4,578,7,SLICE,SLICE
73,174,69,170,4,4,8,800,7,SLICE,SLICE
73,174,64,182,9,8,17,911,7,SLICE,SLICE
74,174,68,206,6,32,38,1888,7,SLICE,SLICE
74,174,63,190,11,16,27,1326,7,SLICE,SLICE
74,174,64,191,10,17,27,1195,7,SLICE,SLICE
74,174,67,180,7,6,13,856,7,SLICE,SLICE
3,10,66,187,63,177,240,5360,7,RAMB18,SLICE
3,10,67,171,64,161,225,4475,7,RAMB18,SLICE
3,10,69,179,66,169,235,5109,7,RAMB18,SLICE
3,10,68,186,65,176,241,5390,7,RAMB18,SLICE
3,10,67,191,64,181,245,4244,7,RAMB18,SLICE
3,10,65,193,62,183,245,4263,7,RAMB18,SLICE
3,10,64,190,61,180,241,3967,7,RAMB18,SLICE
3,10,65,177,62,167,229,3425,7,RAMB18,SLICE
3,10,68,194,65,184,249,6575,7,RAMB18,SLICE
3,10,63,170,60,160,220,5360,7,RAMB18,SLICE
3,10,66,187,63,177,240,6048,7,RAMB18,SLICE
3,10,64,176,61,166,227,5686,7,RAMB18,SLICE
3,10,64,182,61,172,233,4015,7,RAMB18,SLICE
3,10,61,178,58,168,226,3387,7,RAMB18,SLICE
3,10,58,177,55,167,222,3510,7,RAMB18,SLICE
3,10,58,183,55,173,228,3829,7,RAMB18,SLICE
74,176,61,178,13,2,15,774,6,SLICE,SLICE
74,176,65,206,9,30,39,1188,6,SLICE,SLICE
74,176,60,181,14,5,19,1170,6,SLICE,SLICE
74,176,64,196,10,20,30,1501,6,SLICE,SLICE
71,180,66,190,5,10,15,1292,7,SLICE,SLICE
71,180,62,178,9,2,11,817,7,SLICE,SLICE
71,180,65,189,6,9,15,794,7,SLICE,SLICE
71,180,62,180,9,0,9,608,7,SLICE,SLICE
4,40,67,201,63,161,224,5561,7,RAMB18,SLICE
4,40,64,176,60,136,196,4144,7,RAMB18,SLICE
4,40,63,204,59,164,223,5365,7,RAMB18,SLICE
4,40,65,202,61,162,223,5433,7,RAMB18,SLICE
4,40,66,191,62,151,213,3964,7,RAMB18,SLICE
4,40,69,190,65,150,215,4099,7,RAMB18,SLICE
4,40,67,194,63,154,217,4515,7,RAMB18,SLICE
4,40,65,192,61,152,213,4503,7,RAMB18,SLICE
4,40,65,187,61,147,208,4612,7,RAMB18,SLICE
4,40,62,175,58,135,193,4341,7,RAMB18,SLICE
4,40,65,178,61,138,199,4010,7,RAMB18,SLICE
4,40,62,186,58,146,204,4396,7,RAMB18,SLICE
68,206,61,198,7,8,15,782,7,SLICE,SLICE
68,206,61,191,7,15,22,736,7,SLICE,SLICE
68,206,61,198,7,8,15,789,7,SLICE,SLICE
68,206,60,202,8,4,12,827,7,SLICE,SLICE
71,172,65,189,6,17,23,1727,7,SLICE,SLICE
71,172,64,199,7,27,34,2226,7,SLICE,SLICE
71,172,60,174,11,2,13,1617,7,SLICE,SLICE
71,172,62,171,9,1,10,863,7,SLICE,SLICE
3,20,64,185,61,165,226,6943,7,RAMB18,SLICE
3,20,58,184,55,164,219,6346,7,RAMB18,SLICE
3,20,59,180,56,160,216,6317,7,RAMB18,SLICE
3,20,58,188,55,168,223,7186,7,RAMB18,SLICE
3,20,64,200,61,180,241,6068,7,RAMB18,SLICE
3,20,65,199,62,179,241,5399,7,RAMB18,SLICE
3,20,62,177,59,157,216,4427,7,RAMB18,SLICE
3,20,64,199,61,179,240,5957,7,RAMB18,SLICE
3,20,58,174,55,154,209,5246,7,RAMB18,SLICE
3,20,68,168,65,148,213,5115,7,RAMB18,SLICE
3,20,59,182,56,162,218,5899,7,RAMB18,SLICE
3,20,66,189,63,169,232,5442,7,RAMB18,SLICE
72,178,65,177,7,1,8,716,7,SLICE,SLICE
72,178,63,180,9,2,11,822,7,SLICE,SLICE
72,178,69,174,3,4,7,802,7,SLICE,SLICE
72,178,69,186,3,8,11,1237,7,SLICE,SLICE
72,176,62,174,10,2,12,866,7,SLICE,SLICE
72,176,61,174,11,2,13,646,7,SLICE,SLICE
72,176,69,189,3,13,16,1289,7,SLICE,SLICE
72,176,66,191,6,15,21,1364,7,SLICE,SLICE
3,42,67,195,64,153,217,5102,7,RAMB18,SLICE
3,42,58,190,55,148,203,4398,7,RAMB18,SLICE
3,42,60,173,57,131,188,3428,7,RAMB18,SLICE
3,42,67,180,64,138,202,4170,7,RAMB18,SLICE
3,42,68,188,65,146,211,3952,7,RAMB18,SLICE
3,42,66,187,63,145,208,4368,7,RAMB18,SLICE
3,42,60,174,57,132,189,3883,7,RAMB18,SLICE
3,42,62,174,59,132,191,3759,7,RAMB18,SLICE
3,42,67,202,64,160,224,4671,7,RAMB18,SLICE
3,42,58,174,55,132,187,3193,7,RAMB18,SLICE
3,42,59,178,56,136,192,3303,7,RAMB18,SLICE
3,42,60,194,57,152,209,4132,7,RAMB18,SLICE
3,42,67,189,64,147,211,3292,7,RAMB18,SLICE
3,42,64,189,61,147,208,3171,7,RAMB18,SLICE
3,42,64,192,61,150,211,3105,7,RAMB18,SLICE
3,42,67,190,64,148,212,3186,7,RAMB18,SLICE
3,23,63,203,60,180,240,4934,7,RAMB18,SLICE
3,23,63,194,60,171,231,4759,7,RAMB18,SLICE
3,23,61,192,58,169,227,4634,7,RAMB18,SLICE
3,23,61,200,58,177,235,4953,7,RAMB18,SLICE
3,23,64,187,61,164,225,4527,7,RAMB18,SLICE
3,23,64,187,61,164,225,4383,7,RAMB18,SLICE
3,23,62,172,59,149,208,3793,7,RAMB18,SLICE
3,23,63,189,60,166,226,4522,7,RAMB18,SLICE
3,23,65,186,62,163,225,6129,7,RAMB18,SLICE
3,23,60,174,57,151,208,4891,7,RAMB18,SLICE
3,23,62,183,59,160,219,5621,7,RAMB18,SLICE
3,23,65,191,62,168,230,6091,7,RAMB18,SLICE
70,171,64,174,6,3,9,807,7,SLICE,SLICE
70,171,61,187,9,16,25,1441,7,SLICE,SLICE
70,171,65,184,5,13,18,1791,7,SLICE,SLICE
70,171,67,184,3,13,16,1082,7,SLICE,SLICE
75,171,69,196,6,25,31,2189,7,SLICE,SLICE
75,171,58,188,17,17,34,2171,7,SLICE,SLICE
75,171,58,173,17,2,19,945,7,SLICE,SLICE
75,171,58,171,17,0,17,659,7,SLICE,SLICE
3,9,62,175,59,166,225,4262,7,RAMB18,SLICE
3,9,65,178,62,169,231,4407,7,RAMB18,SLICE
3,9,67,189,64,180,244,5055,7,RAMB18,SLICE
3,9,64,170,61,161,222,3391,7,RAMB18,SLICE
3,9,67,202,64,193,257,4609,7,RAMB18,SLICE
3,9,66,179,63,170,233,4012,7,RAMB18,SLICE
3,9,69,179,66,170,236,3907,7,RAMB18,SLICE
3,9,64,175,61,166,227,3518,7,RAMB18,SLICE
3,9,62,174,59,165,224,5170,7,RAMB18,SLICE
3,9,67,181,64,172,236,6125,7,RAMB18,SLICE
3,9,69,179,66,170,236,5876,7,RAMB18,SLICE
3,9,67,171,64,162,226,4972,7,RAMB18,SLICE
68,199,66,181,2,18,20,1036,7,SLICE,SLICE
68,199,65,183,3,16,19,1129,7,SLICE,SLICE
68,199,67,182,1,17,18,995,7,SLICE,SLICE
68,199,62,172,6,27,33,1383,7,SLICE,SLICE
72,175,61,178,11,3,14,829,6,SLICE,SLICE
72,175,59,188,13,13,26,1361,6,SLICE,SLICE
72,175,59,188,13,13,26,1629,6,SLICE,SLICE
72,175,60,195,12,20,32,1988,6,SLICE,SLICE
4,39,65,186,61,147,208,5054,7,RAMB18,SLICE
4,39,61,185,57,146,203,5139,7,RAMB18,SLICE
4,39,62,188,58,149,207,5344,7,RAMB18,SLICE
4,39,64,184,60,145,205,4824,7,RAMB18,SLICE
4,39,60,176,56,137,193,4124,7,RAMB18,SLICE
4,39,60,189,56,150,206,4826,7,RAMB18,SLICE
4,39,58,187,54,148,202,4425,7,RAMB18,SLICE
4,39,67,187,63,148,211,4744,7,RAMB18,SLICE
4,39,65,179,61,140,201,4554,7,RAMB18,SLICE
4,39,60,172,56,133,189,4132,7,RAMB18,SLICE
4,39,69,171,65,132,197,3553,7,RAMB18,SLICE
4,39,66,181,62,142,204,4699,7,RAMB18,SLICE
4,39,65,179,61,140,201,4024,7,RAMB18,SLICE
4,39,65,172,61,133,194,3923,7,RAMB18,SLICE
4,39,67,177,63,138,201,4140,7,RAMB18,SLICE
4,39,65,182,61,143,204,4142,7,RAMB18,SLICE
71,166,60,181,11,15,26,1399,7,SLICE,SLICE
71,166,58,175,13,9,22,1216,7,SLICE,SLICE
71,166,59,173,12,7,19,737,7,SLICE,SLICE
71,166,67,187,4,21,25,2038,7,SLICE,SLICE
75,173,68,186,7,13,20,1584,7,SLICE,SLICE
75,173,69,186,6,13,19,1722,7,SLICE,SLICE
75,173,65,178,10,5,15,773,7,SLICE,SLICE
75,173,66,191,9,18,27,2101,7,SLICE,SLICE
4,36,63,191,59,155,214,4808,7,RAMB18,SLICE
4,36,63,190,59,154,213,4530,7,RAMB18,SLICE
4,36,64,202,60,166,226,5410,7,RAMB18,SLICE
4,36,61,195,57,159,216,4910,7,RAMB18,SLICE
4,36,62,193,58,157,215,4094,7,RAMB18,SLICE
4,36,60,195,56,159,215,4278,7,RAMB18,SLICE
4,36,67,194,63,158,221,3907,7,RAMB18,SLICE
4,36,62,192,58,156,214,4047,7,RAMB18,SLICE
4,36,67,192,63,156,219,3594,7,RAMB18,SLICE
4,36,66,174,62,138,200,3106,7,RAMB18,SLICE
4,36,68,191,64,155,219,3916,7,RAMB18,SLICE
4,36,62,185,58,149,207,3654,7,RAMB18,SLICE
72,171,67,176,5,5,10,965,7,SLICE,SLICE
72,171,64,181,8,10,18,1054,7,SLICE,SLICE
72,171,69,171,3,0,3,465,7,SLICE,SLICE
72,171,66,172,6,1,7,550,7,SLICE,SLICE
68,164,62,199,6,35,41,2074,7,SLICE,SLICE
68,164,61,195,7,31,38,1987,7,SLICE,SLICE
68,164,60,171,8,7,15,875,7,SLICE,SLICE
68,164,60,200,8,36,44,2295,7,SLICE,SLICE
72,170,60,184,12,14,26,1409,7,SLICE,SLICE
72,170,64,188,8,18,26,1297,7,SLICE,SLICE
72,170,62,181,10,11,21,1052,7,SLICE,SLICE
72,170,61,184,11,14,25,1245,7,SLICE,SLICE
3,17,66,197,63,180,243,4280,7,RAMB18,SLICE
3,17,64,191,61,174,235,3478,7,RAMB18,SLICE
3,17,62,196,59,179,238,4096,7,RAMB18,SLICE
3,17,64,194,61,177,238,4259,7,RAMB18,SLICE
3,17,64,172,61,155,216,4806,7,RAMB18,SLICE
3,17,69,180,66,163,229,4966,7,RAMB18,SLICE
3,17,65,178,62,161,223,4874,7,RAMB18,SLICE
3,17,67,177,64,160,224,4777,7,RAMB18,SLICE
3,17,65,176,62,159,221,4867,7,RAMB18,SLICE
3,17,64,180,61,163,224,4696,7,RAMB18,SLICE
3,17,67,179,64,162,226,5031,7,RAMB18,SLICE
3,17,62,177,59,160,219,4647,7,RAMB18,SLICE
70,177,65,188,5,11,16,1321,7,SLICE,SLICE
70,177,66,183,4,6,10,1070,7,SLICE,SLICE
70,177,67,173,3,4,7,606,7,SLICE,SLICE
70,177,69,182,1,5,6,794,7,SLICE,SLICE
70,173,63,178,7,5,12,530,7,SLICE,SLICE
70,173,60,197,10,24,34,1847,7,SLICE,SLICE
70,173,62,203,8,30,38,2360,7,SLICE,SLICE
70,173,66,195,4,22,26,1576,7,SLICE,SLICE
3,25,60,174,57,149,206,4214,7,RAMB18,SLICE
3,25,66,180,63,155,218,4844,7,RAMB18,SLICE
3,25,63,183,60,158,218,5045,7,RAMB18,SLICE
3,25,63,194,60,169,229,5184,7,RAMB18,SLICE
3,25,67,199,64,174,238,6278,7,RAMB18,SLICE
3,25,69,197,66,172,238,5925,7,RAMB18,SLICE
3,25,63,183,60,158,218,5086,7,RAMB18,SLICE
3,25,62,193,59,168,227,6015,7,RAMB18,SLICE
3,25,67,206,64,181,245,5855,7,RAMB18,SLICE
3,25,61,202,58,177,235,5498,7,RAMB18,SLICE
3,25,64,203,61,178,239,5719,7,RAMB18,SLICE
3,25,63,200,60,175,235,5783,7,RAMB18,SLICE
3,25,61,188,58,163,221,5428,7,RAMB18,SLICE
3,25,63,186,60,161,221,5530,7,RAMB18,SLICE
3,25,61,173,58,148,206,5487,7,RAMB18,SLICE
3,25,61,175,58,150,208,5212,7,RAMB18,SLICE
72,179,65,181,7,2,9,937,7,SLICE,SLICE
72,179,68,198,4,19,23,1758,7,SLICE,SLICE
72,179,65,179,7,0,7,463,7,SLICE,SLICE
72,179,68,190,4,11,15,1032,7,SLICE,SLICE
68,204,58,176,10,28,38,2218,7,SLICE,SLICE
68,204,62,178,6,26,32,1882,7,SLICE,SLICE
68,204,58,194,10,10,20,1393,7,SLICE,SLICE
68,204,60,198,8,6,14,796,7,SLICE,SLICE
4,44,68,190,64,146,210,3921,7,RAMB18,SLICE
4,44,65,181,61,137,198,3802,7,RAMB18,SLICE
4,44,67,194,63,150,213,4322,7,RAMB18,SLICE
4,44,66,197,62,153,215,4426,7,RAMB18,SLICE
4,44,64,199,60,155,215,4616,7,RAMB18,SLICE
4,44,63,172,59,128,187,3063,7,RAMB18,SLICE
4,44,67,191,63,147,210,4101,7,RAMB18,SLICE
4,44,67,171,63,127,190,3258,7,RAMB18,SLICE
4,44,58,193,54,149,203,4012,7,RAMB18,SLICE
4,44,67,193,63,149,212,3863,7,RAMB18,SLICE
4,44,61,188,57,144,201,3809,7,RAMB18,SLICE
4,44,60,202,56,158,214,4221,7,RAMB18,SLICE
70,172,68,194,2,22,24,1710,7,SLICE,SLICE
70,172,64,184,6,12,18,1020,7,SLICE,SLICE
70,172,66,200,4,28,32,2015,7,SLICE,SLICE
70,172,62,188,8,16,24,1506,7,SLICE,SLICE
74,175,65,186,9,11,20,696,7,SLICE,SLICE
74,175,66,190,8,15,23,1163,7,SLICE,SLICE
74,175,67,190,7,15,22,1331,7,SLICE,SLICE
74,175,61,176,13,1,14,527,7,SLICE,SLICE
68,167,60,196,8,29,37,1437,6,SLICE,SLICE
68,167,61,198,7,31,38,1368,6,SLICE,SLICE
68,167,61,196,7,29,36,1259,6,SLICE,SLICE
68,167,60,198,8,31,39,1225,6,SLICE,SLICE
3,6,60,200,57,194,251,7476,7,RAMB18,SLICE
3,6,67,204,64,198,262,7828,7,RAMB18,SLICE
3,6,58,195,55,189,244,7205,7,RAMB18,SLICE
3,6,61,197,58,191,249,6732,7,RAMB18,SLICE
3,6,60,200,57,194,251,5548,7,RAMB18,SLICE
3,6,59,184,56,178,234,5058,7,RAMB18,SLICE
3,6,60,178,57,172,229,4890,7,RAMB18,SLICE
3,6,58,187,55,181,236,5395,7,RAMB18,SLICE
3,6,62,200,59,194,253,5428,7,RAMB18,SLICE
3,6,65,195,62,189,251,4853,7,RAMB18,SLICE
3,6,65,194,62,188,250,4891,7,RAMB18,SLICE
3,6,66,201,63,195,258,4831,7,RAMB18,SLICE
70,168,63,188,7,20,27,1257,7,SLICE,SLICE
70,168,64,187,6,19,25,1308,7,SLICE,SLICE
70,168,62,178,8,10,18,808,7,SLICE,SLICE
70,168,60,200,10,32,42,2090,7,SLICE,SLICE
73,176,60,175,13,1,14,629,7,SLICE,SLICE
73,176,62,191,11,15,26,1513,7,SLICE,SLICE
73,176,66,199,7,23,30,2045,7,SLICE,SLICE
73,176,69,191,4,15,19,1393,7,SLICE,SLICE
4,31,62,186,58,155,213,5760,7,RAMB18,SLICE
4,31,62,187,58,156,214,5686,7,RAMB18,SLICE
4,31,60,183,56,152,208,5912,7,RAMB18,SLICE
4,31,59,176,55,145,200,5254,7,RAMB18,SLICE
4,31,69,201,65,170,235,5134,7,RAMB18,SLICE
4,31,62,204,58,173,231,5755,7,RAMB18,SLICE
4,31,64,200,60,169,229,4716,7,RAMB18,SLICE
4,31,64,179,60,148,208,4130,7,RAMB18,SLICE
4,31,67,194,63,163,226,5201,7,RAMB18,SLICE
4,31,64,190,60,159,219,5273,7,RAMB18,SLICE
4,31,63,189,59,158,217,5254,7,RAMB18,SLICE
4,31,62,170,58,139,197,4260,7,RAMB18,SLICE
4,31,66,177,62,146,208,4076,7,RAMB18,SLICE
4,31,62,187,58,156,214,4913,7,RAMB18,SLICE
4,31,66,200,62,169,231,5164,7,RAMB18,SLICE
4,31,67,171,63,140,203,3927,7,RAMB18,SLICE
71,174,62,200,9,26,35,2062,7,SLICE,SLICE
71,174,59,185,12,11,23,934,7,SLICE,SLICE
71,174,69,189,2,15,17,1140,7,SLICE,SLICE
71,174,61,173,10,1,11,475,7,SLICE,SLICE
74,174,58,181,16,7,23,1154,7,SLICE,SLICE
74,174,64,189,10,15,25,1276,7,SLICE,SLICE
74,174,67,205,7,31,38,2017,7,SLICE,SLICE
74,174,63,191,11,17,28,1467,7,SLICE,SLICE
3,18,58,173,55,155,210,4929,7,RAMB18,SLICE
3,18,68,197,65,179,244,6005,7,RAMB18,SLICE
3,18,62,205,59,187,246,6084,7,RAMB18,SLICE
3,18,60,171,57,153,210,4816,7,RAMB18,SLICE
3,18,61,196,58,178,236,6321,7,RAMB18,SLICE
3,18,65,195,62,177,239,6854,7,RAMB18,SLICE
3,18,66,196,63,178,241,6894,7,RAMB18,SLICE
3,18,58,182,55,164,219,5607,7,RAMB18,SLICE
3,18,64,199,61,181,242,6491,7,RAMB18,SLICE
3,18,63,193,60,175,235,6415,7,RAMB18,SLICE
3,18,63,188,60,170,230,5890,7,RAMB18,SLICE
3,18,67,174,64,156,220,5064,7,RAMB18,SLICE
71,170,63,200,8,30,38,1930,7,SLICE,SLICE
71,170,63,194,8,24,32,1258,7,SLICE,SLICE
71,170,65,192,6,22,28,1355,7,SLICE,SLICE
71,170,64,197,7,27,34,1687,7,SLICE,SLICE
70,174,66,204,4,30,34,2425,7,SLICE,SLICE
70,174,64,206,6,32,38,2178,7,SLICE,SLICE
70,174,66,184,4,10,14,884,7,SLICE,SLICE
70,174,67,203,3,29,32,1939,7,SLICE,SLICE
4,41,61,170,57,129,186,3975,7,RAMB18,SLICE
4,41,64,196,60,155,215,4926,7,RAMB18,SLICE
4,41,61,176,57,135,192,4012,7,RAMB18,SLICE
4,41,68,196,64,155,219,4926,7,RAMB18,SLICE
4,41,65,176,61,135,196,3802,6,RAMB18,SLICE
4,41,67,176,63,135,198,3462,6,RAMB18,SLICE
4,41,68,171,64,130,194,3488,6,RAMB18,SLICE
4,41,68,174,64,133,197,3568,6,RAMB18,SLICE
4,41,67,199,63,158,221,5241,7,RAMB18,SLICE
4,41,63,204,59,163,222,5645,7,RAMB18,SLICE
4,41,67,186,63,145,208,4428,7,RAMB18,SLICE
4,41,63,178,59,137,196,4220,7,RAMB18,SLICE
3,13,60,205,57,192,249,5344,7,RAMB18,SLICE
3,13,61,197,58,184,242,5076,7,RAMB18,SLICE
3,13,68,196,65,183,248,4455,7,RAMB18,SLICE
3,13,61,195,58,182,240,4872,7,RAMB18,SLICE
3,13,66,175,63,162,225,6147,7,RAMB18,SLICE
3,13,62,170,59,157,216,5597,7,RAMB18,SLICE
3,13,64,185,61,172,233,6665,7,RAMB18,SLICE
3,13,66,188,63,175,238,7023,7,RAMB18,SLICE
3,13,67,202,64,189,253,5488,7,RAMB18,SLICE
3,13,61,190,58,177,235,4900,7,RAMB18,SLICE
3,13,69,196,66,183,249,5023,7,RAMB18,SLICE
3,13,60,191,57,178,235,4742,7,RAMB18,SLICE
3,13,69,188,66,175,241,3854,7,RAMB18,SLICE
3,13,67,193,64,180,244,4019,7,RAMB18,SLICE
3,13,69,186,66,173,239,3737,7,RAMB18,SLICE
3,13,64,186,61,173,234,3973,7,RAMB18,SLICE
73,172,64,206,9,34,43,1911,7,SLICE,SLICE
73,172,59,176,14,4,18,997,7,SLICE,SLICE
73,172,64,195,9,23,32,1727,7,SLICE,SLICE
73,172,62,173,11,1,12,397,7,SLICE,SLICE
69,167,62,171,7,4,11,717,7,SLICE,SLICE
69,167,67,196,2,29,31,1861,7,SLICE,SLICE
69,167,69,179,0,12,12,913,7,SLICE,SLICE
69,167,62,204,7,37,44,2135,7,SLICE,SLICE
3,26,66,203,63,177,240,5641,7,RAMB18,SLICE
3,26,66,197,63,171,234,5560,7,RAMB18,SLICE
3,26,67,197,64,171,235,5544,7,RAMB18,SLICE
3,26,67,185,64,159,223,4908,7,RAMB18,SLICE
3,26,62,189,59,163,222,4391,7,RAMB18,SLICE
3,26,64,187,61,161,222,4366,7,RAMB18,SLICE
3,26,67,190,64,164,228,4500,7,RAMB18,SLICE
3,26,68,188,65,162,227,4596,7,RAMB18,SLICE
3,26,65,187,62,161,223,4919,7,RAMB18,SLICE
3,26,62,186,59,160,219,4719,7,RAMB18,SLICE
3,26,66,170,63,144,207,3383,7,RAMB18,SLICE
3,26,67,171,64,145,209,3367,7,RAMB18,SLICE
68,197,63,195,5,2,7,795,7,SLICE,SLICE
68,197,60,196,8,1,9,810,7,SLICE,SLICE
68,197,58,197,10,0,10,793,7,SLICE,SLICE
68,197,60,194,8,3,11,990,7,SLICE,SLICE
48,170,48,170,0,0,0,59,1,SLICE,SLICE
60,168,60,168,0,0,0,59,1,SLICE,SLICE
55,184,55,184,0,0,0,58,1,SLICE,SLICE
54,178,54,178,0,0,0,56,1,SLICE,SLICE
52,180,52,180,0,0,0,55,1,SLICE,SLICE
54,180,54,180,0,0,0,55,1,SLICE,SLICE
55,180,55,180,0,0,0,58,1,SLICE,SLICE
50,187,50,187,0,0,0,56,1,SLICE,SLICE
56,185,56,185,0,0,0,55,1,SLICE,SLICE
48,182,48,182,0,0,0,58,1,SLICE,SLICE
48,173,48,173,0,0,0,58,1,SLICE,SLICE
48,188,48,188,0,0,0,59,1,SLICE,SLICE
54,173,54,173,0,0,0,55,1,SLICE,SLICE
50,181,50,181,0,0,0,55,1,SLICE,SLICE
48,189,48,189,0,0,0,58,1,SLICE,SLICE
49,184,49,184,0,0,0,59,1,SLICE,SLICE
50,181,50,181,0,0,0,55,1,SLICE,SLICE
49,183,49,183,0,0,0,58,1,SLICE,SLICE
50,174,50,174,0,0,0,56,1,SLICE,SLICE
64,169,64,169,0,0,0,58,1,SLICE,SLICE
47,184,47,184,0,0,0,58,1,SLICE,SLICE
48,174,48,174,0,0,0,59,1,SLICE,SLICE
47,173,47,173,0,0,0,58,1,SLICE,SLICE
54,174,54,174,0,0,0,56,1,SLICE,SLICE
52,176,52,176,0,0,0,55,1,SLICE,SLICE
48,174,48,174,0,0,0,58,1,SLICE,SLICE
52,182,52,182,0,0,0,55,1,SLICE,SLICE
50,178,50,178,0,0,0,55,1,SLICE,SLICE
52,174,52,174,0,0,0,55,1,SLICE,SLICE
56,175,56,175,0,0,0,55,1,SLICE,SLICE
50,176,50,176,0,0,0,56,1,SLICE,SLICE
48,175,48,175,0,0,0,58,1,SLICE,SLICE
56,167,56,167,0,0,0,56,1,SLICE,SLICE
49,183,49,183,0,0,0,58,1,SLICE,SLICE
50,183,50,183,0,0,0,56,1,SLICE,SLICE
55,183,55,183,0,0,0,59,1,SLICE,SLICE
50,185,50,185,0,0,0,55,1,SLICE,SLICE
48,195,48,195,0,0,0,59,1,SLICE,SLICE
55,180,55,180,0,0,0,59,1,SLICE,SLICE
49,191,49,191,0,0,0,58,1,SLICE,SLICE
52,186,52,186,0,0,0,55,1,SLICE,SLICE
53,186,53,186,0,0,0,58,1,SLICE,SLICE
54,202,54,202,0,0,0,55,1,SLICE,SLICE
56,182,56,182,0,0,0,56,1,SLICE,SLICE
52,195,52,195,0,0,0,55,1,SLICE,SLICE
49,201,49,201,0,0,0,58,1,SLICE,SLICE
52,196,52,196,0,0,0,55,1,SLICE,SLICE
49,194,49,194,0,0,0,58,1,SLICE,SLICE
50,194,50,194,0,0,0,55,1,SLICE,SLICE
50,198,50,198,0,0,0,56,1,SLICE,SLICE
50,196,50,196,0,0,0,56,1,SLICE,SLICE
54,198,54,198,0,0,0,55,1,SLICE,SLICE
50,195,50,195,0,0,0,55,1,SLICE,SLICE
52,204,52,204,0,0,0,55,1,SLICE,SLICE
50,197,50,197,0,0,0,56,1,SLICE,SLICE
46,206,46,206,0,0,0,55,1,SLICE,SLICE
48,200,48,200,0,0,0,58,1,SLICE,SLICE
48,203,48,203,0,0,0,58,1,SLICE,SLICE
48,203,48,203,0,0,0,59,1,SLICE,SLICE
54,206,54,206,0,0,0,55,1,SLICE,SLICE
48,201,48,201,0,0,0,58,1,SLICE,SLICE
52,205,52,205,0,0,0,55,1,SLICE,SLICE
48,202,48,202,0,0,0,58,1,SLICE,SLICE
53,205,53,205,0,0,0,58,1,SLICE,SLICE
51,200,51,200,0,0,0,58,1,SLICE,SLICE
56,191,56,191,0,0,0,55,1,SLICE,SLICE
52,197,52,197,0,0,0,55,1,SLICE,SLICE
56,175,56,175,0,0,0,55,1,SLICE,SLICE
55,198,55,198,0,0,0,58,1,SLICE,SLICE
54,203,54,203,0,0,0,56,1,SLICE,SLICE
54,199,54,199,0,0,0,55,1,SLICE,SLICE
52,191,52,191,0,0,0,55,1,SLICE,SLICE
54,199,54,199,0,0,0,55,1,SLICE,SLICE
52,191,52,191,0,0,0,55,1,SLICE,SLICE
54,177,54,177,0,0,0,55,1,SLICE,SLICE
53,191,53,191,0,0,0,58,1,SLICE,SLICE
54,181,54,181,0,0,0,55,1,SLICE,SLICE
68,156,68,156,0,0,0,59,1,SLICE,SLICE
66,166,66,166,0,0,0,56,1,SLICE,SLICE
66,161,66,161,0,0,0,55,1,SLICE,SLICE
66,164,66,164,0,0,0,55,1,SLICE,SLICE
68,161,68,161,0,0,0,59,1,SLICE,SLICE
66,165,66,165,0,0,0,56,1,SLICE,SLICE
68,159,68,159,0,0,0,59,1,SLICE,SLICE
62,170,62,170,0,0,0,55,1,SLICE,SLICE
56,182,56,182,0,0,0,55,1,SLICE,SLICE
69,168,69,168,0,0,0,58,1,SLICE,SLICE
68,159,68,159,0,0,0,58,1,SLICE,SLICE
56,174,56,174,0,0,0,55,1,SLICE,SLICE
58,177,58,177,0,0,0,56,1,SLICE,SLICE
60,167,60,167,0,0,0,58,1,SLICE,SLICE
56,171,56,171,0,0,0,55,1,SLICE,SLICE
61,164,61,164,0,0,0,59,1,SLICE,SLICE
62,168,62,168,0,0,0,55,1,SLICE,SLICE
60,168,60,168,0,0,0,58,1,SLICE,SLICE
67,165,67,165,0,0,0,58,1,SLICE,SLICE
56,180,56,180,0,0,0,55,1,SLICE,SLICE
54,172,54,172,0,0,0,55,1,SLICE,SLICE
57,171,57,171,0,0,0,58,1,SLICE,SLICE
60,169,60,169,0,0,0,58,1,SLICE,SLICE
54,183,54,183,0,0,0,55,1,SLICE,SLICE
56,187,56,187,0,0,0,56,1,SLICE,SLICE
52,183,52,183,0,0,0,56,1,SLICE,SLICE
52,177,52,177,0,0,0,55,1,SLICE,SLICE
50,173,50,173,0,0,0,56,1,SLICE,SLICE
54,180,54,180,0,0,0,55,1,SLICE,SLICE
52,178,52,178,0,0,0,55,1,SLICE,SLICE
49,197,49,198,0,1,1,261,7,SLICE,SLICE
49,197,53,192,4,5,9,695,7,SLICE,SLICE
49,197,48,205,1,8,9,849,7,SLICE,SLICE
49,197,50,192,1,5,6,1130,7,SLICE,SLICE
55,193,49,205,6,12,18,1088,7,SLICE,SLICE
55,193,48,204,7,11,18,1301,7,SLICE,SLICE
55,193,53,205,2,12,14,772,7,SLICE,SLICE
55,193,53,203,2,10,12,1026,7,SLICE,SLICE
3,46,52,196,49,150,199,3850,7,RAMB18,SLICE
3,46,52,195,49,149,198,4201,7,RAMB18,SLICE
3,46,49,197,46,151,197,4301,7,RAMB18,SLICE
3,46,52,205,49,159,208,4340,7,RAMB18,SLICE
3,46,59,201,56,155,211,3757,7,RAMB18,SLICE
3,46,64,169,61,123,184,3323,7,RAMB18,SLICE
3,46,67,169,64,123,187,3335,7,RAMB18,SLICE
3,46,68,162,65,116,181,2494,7,RAMB18,SLICE
3,46,61,166,58,120,178,3052,7,RAMB18,SLICE
3,46,57,171,54,125,179,3096,7,RAMB18,SLICE
3,46,61,166,58,120,178,3053,7,RAMB18,SLICE
3,46,60,166,57,120,177,2939,7,RAMB18,SLICE
60,203,50,178,10,25,35,1453,7,SLICE,SLICE
60,203,48,187,12,16,28,2116,7,SLICE,SLICE
60,203,48,185,12,18,30,1744,7,SLICE,SLICE
60,203,54,184,6,19,25,1105,7,SLICE,SLICE
55,199,55,206,0,7,7,577,7,SLICE,SLICE
55,199,53,191,2,8,10,734,7,SLICE,SLICE
55,199,49,200,6,1,7,759,7,SLICE,SLICE
55,199,56,181,1,18,19,1343,7,SLICE,SLICE
3,38,58,182,55,144,199,4254,7,RAMB18,SLICE
3,38,49,171,46,133,179,3643,7,RAMB18,SLICE
3,38,49,171,46,133,179,3913,7,RAMB18,SLICE
3,38,50,171,47,133,180,3569,7,RAMB18,SLICE
3,38,67,167,64,129,193,3176,7,RAMB18,SLICE
3,38,61,165,58,127,185,3860,7,RAMB18,SLICE
3,38,63,168,60,130,190,3370,7,RAMB18,SLICE
3,38,60,168,57,130,187,3785,7,RAMB18,SLICE
3,38,57,188,54,150,204,4274,7,RAMB18,SLICE
3,38,57,174,54,136,190,3683,7,RAMB18,SLICE
3,38,64,161,61,123,184,2983,7,RAMB18,SLICE
3,38,67,162,64,124,188,2935,7,RAMB18,SLICE
55,195,52,172,3,23,26,1608,7,SLICE,SLICE
55,195,59,172,4,23,27,1249,7,SLICE,SLICE
55,195,46,179,9,16,25,1210,7,SLICE,SLICE
55,195,56,177,1,18,19,1064,7,SLICE,SLICE
52,194,57,170,5,24,29,1126,7,SLICE,SLICE
52,194,62,169,10,25,35,1841,7,SLICE,SLICE
52,194,61,168,9,26,35,1514,7,SLICE,SLICE
52,194,63,169,11,25,36,1687,7,SLICE,SLICE
3,55,52,206,49,151,200,3630,7,RAMB18,SLICE
3,55,52,204,49,149,198,3455,7,RAMB18,SLICE
3,55,53,205,50,150,200,3653,7,RAMB18,SLICE
3,55,51,202,48,147,195,3546,7,RAMB18,SLICE
3,55,49,195,46,140,186,4280,7,RAMB18,SLICE
3,55,52,202,49,147,196,3957,7,RAMB18,SLICE
3,55,56,199,53,144,197,3400,7,RAMB18,SLICE
3,55,54,203,51,148,199,3716,7,RAMB18,SLICE
3,55,49,203,46,148,194,3427,7,RAMB18,SLICE
3,55,52,192,49,137,186,2873,7,RAMB18,SLICE
3,55,55,203,52,148,200,3403,7,RAMB18,SLICE
3,55,56,203,53,148,201,3634,7,RAMB18,SLICE
3,55,53,182,50,127,177,2871,7,RAMB18,SLICE
3,55,49,174,46,119,165,2491,7,RAMB18,SLICE
3,55,49,172,46,117,163,2380,7,RAMB18,SLICE
3,55,49,172,46,117,163,2384,7,RAMB18,SLICE
59,200,54,200,5,0,5,569,7,SLICE,SLICE
59,200,67,169,8,31,39,1528,7,SLICE,SLICE
59,200,66,165,7,35,42,1968,7,SLICE,SLICE
59,200,66,167,7,33,40,1517,7,SLICE,SLICE
50,190,51,179,1,11,12,1017,7,SLICE,SLICE
50,190,53,186,3,4,7,574,7,SLICE,SLICE
50,190,53,182,3,8,11,791,7,SLICE,SLICE
50,190,47,172,3,18,21,1232,7,SLICE,SLICE
53,194,54,179,1,15,16,2107,7,SLICE,SLICE
53,194,49,184,4,10,14,1022,7,SLICE,SLICE
53,194,49,179,4,15,19,1419,7,SLICE,SLICE
53,194,52,177,1,17,18,1607,7,SLICE,SLICE
3,57,48,190,45,133,178,1998,7,RAMB18,SLICE
3,57,50,201,47,144,191,2703,7,RAMB18,SLICE
3,57,53,201,50,144,194,2908,7,RAMB18,SLICE
3,57,51,201,48,144,192,2806,7,RAMB18,SLICE
3,57,49,204,46,147,193,3536,7,RAMB18,SLICE
3,57,53,204,50,147,197,3282,7,RAMB18,SLICE
3,57,48,206,45,149,194,3640,7,RAMB18,SLICE
3,57,57,203,54,146,200,3424,7,RAMB18,SLICE
3,57,55,190,52,133,185,3610,7,RAMB18,SLICE
3,57,65,165,62,108,170,2312,7,RAMB18,SLICE
3,57,66,163,63,106,169,2549,7,RAMB18,SLICE
3,57,65,161,62,104,166,2212,7,RAMB18,SLICE
56,198,53,194,3,4,7,1028,7,SLICE,SLICE
56,198,49,203,7,5,12,1027,7,SLICE,SLICE
56,198,53,190,3,8,11,952,7,SLICE,SLICE
56,198,54,206,2,8,10,539,7,SLICE,SLICE
55,196,49,200,6,4,10,665,7,SLICE,SLICE
55,196,50,196,5,0,5,625,7,SLICE,SLICE
55,196,48,201,7,5,12,1125,7,SLICE,SLICE
55,196,48,196,7,0,7,599,7,SLICE,SLICE
3,59,66,167,63,108,171,1569,7,RAMB18,SLICE
3,59,64,169,61,110,171,1944,7,RAMB18,SLICE
3,59,50,191,47,132,179,3325,7,RAMB18,SLICE
3,59,56,170,53,111,164,2145,7,RAMB18,SLICE
3,59,57,170,54,111,165,2769,7,RAMB18,SLICE
3,59,54,193,51,134,185,3751,7,RAMB18,SLICE
3,59,67,169,64,110,174,2305,7,RAMB18,SLICE
3,59,59,170,56,111,167,2612,7,RAMB18,SLICE
3,59,49,202,46,143,189,2888,7,RAMB18,SLICE
3,59,48,192,45,133,178,2398,7,RAMB18,SLICE
3,59,57,201,54,142,196,3260,7,RAMB18,SLICE
3,59,55,200,52,141,193,3512,7,RAMB18,SLICE
58,205,53,199,5,6,11,707,7,SLICE,SLICE
58,205,53,179,5,26,31,1141,7,SLICE,SLICE
58,205,49,196,9,9,18,1500,7,SLICE,SLICE
58,205,48,175,10,30,40,1437,7,SLICE,SLICE
58,201,61,169,3,32,35,1360,7,SLICE,SLICE
58,201,61,169,3,32,35,1478,7,SLICE,SLICE
58,201,68,158,10,43,53,2227,7,SLICE,SLICE
58,201,61,166,3,35,38,1692,7,SLICE,SLICE
3,58,59,178,56,120,176,2569,7,RAMB18,SLICE
3,58,56,176,53,118,171,2774,7,RAMB18,SLICE
3,58,67,167,64,109,173,1984,7,RAMB18,SLICE
3,58,63,168,60,110,170,2351,7,RAMB18,SLICE
3,58,60,204,57,146,203,3642,7,RAMB18,SLICE
3,58,67,166,64,108,172,2618,7,RAMB18,SLICE
3,58,69,160,66,102,168,1892,7,RAMB18,SLICE
3,58,67,162,64,104,168,1719,7,RAMB18,SLICE
3,58,55,170,52,112,164,2409,7,RAMB18,SLICE
3,58,54,177,51,119,170,2808,7,RAMB18,SLICE
3,58,56,178,53,120,173,2739,7,RAMB18,SLICE
3,58,58,169,55,111,166,2163,7,RAMB18,SLICE
3,58,49,190,46,132,178,3194,7,RAMB18,SLICE
3,58,53,184,50,126,176,3239,7,RAMB18,SLICE
3,58,49,178,46,120,166,3158,7,RAMB18,SLICE
3,58,49,179,46,121,167,3157,7,RAMB18,SLICE
57,206,54,189,3,17,20,1108,7,SLICE,SLICE
57,206,56,188,1,18,19,1493,7,SLICE,SLICE
57,206,57,203,0,3,3,412,7,SLICE,SLICE
57,206,48,204,9,2,11,850,7,SLICE,SLICE
57,202,57,185,0,17,17,1002,7,SLICE,SLICE
57,202,58,167,1,35,36,2037,7,SLICE,SLICE
57,202,56,170,1,32,33,1802,7,SLICE,SLICE
57,202,60,165,3,37,40,2097,7,SLICE,SLICE
3,35,56,184,53,149,202,5033,7,RAMB18,SLICE
3,35,52,178,49,143,192,4716,7,RAMB18,SLICE
3,35,53,178,50,143,193,4720,7,RAMB18,SLICE
3,35,54,176,51,141,192,4622,7,RAMB18,SLICE
3,35,50,181,47,146,193,4125,7,RAMB18,SLICE
3,35,49,170,46,135,181,4121,7,RAMB18,SLICE
3,35,55,173,52,138,190,3552,7,RAMB18,SLICE
3,35,49,170,46,135,181,4481,7,RAMB18,SLICE
3,35,53,176,50,141,191,4013,7,RAMB18,SLICE
3,35,53,186,50,151,201,4038,7,RAMB18,SLICE
3,35,49,192,46,157,203,4340,7,RAMB18,SLICE
3,35,55,190,52,155,207,4928,7,RAMB18,SLICE
3,44,54,197,51,153,204,4265,7,RAMB18,SLICE
3,44,56,190,53,146,199,3800,7,RAMB18,SLICE
3,44,55,206,52,162,214,4736,7,RAMB18,SLICE
3,44,54,206,51,162,213,4900,7,RAMB18,SLICE
3,44,50,182,47,138,185,3754,6,RAMB18,SLICE
3,44,55,183,52,139,191,3538,6,RAMB18,SLICE
3,44,54,184,51,140,191,3322,6,RAMB18,SLICE
3,44,55,178,52,134,186,2814,6,RAMB18,SLICE
3,44,58,170,55,126,181,3102,7,RAMB18,SLICE
3,44,57,176,54,132,186,4380,7,RAMB18,SLICE
3,44,54,177,51,133,184,4539,7,RAMB18,SLICE
3,44,55,171,52,127,179,3797,7,RAMB18,SLICE
58,192,49,172,9,20,29,1435,7,SLICE,SLICE
58,192,49,182,9,10,19,1111,7,SLICE,SLICE
58,192,48,193,10,1,11,600,7,SLICE,SLICE
58,192,49,174,9,18,27,1573,7,SLICE,SLICE
60,206,54,181,6,25,31,1483,7,SLICE,SLICE
60,206,54,180,6,26,32,1602,7,SLICE,SLICE
60,206,55,180,5,26,31,1602,7,SLICE,SLICE
60,206,54,188,6,18,24,1173,7,SLICE,SLICE
3,36,54,184,51,148,199,3734,7,RAMB18,SLICE
3,36,53,178,50,142,192,3541,7,RAMB18,SLICE
3,36,52,181,49,145,194,3845,7,RAMB18,SLICE
3,36,52,180,49,144,193,4186,7,RAMB18,SLICE
3,36,50,180,47,144,191,4292,7,RAMB18,SLICE
3,36,49,190,46,154,200,4523,7,RAMB18,SLICE
3,36,52,175,49,139,188,3687,7,RAMB18,SLICE
3,36,53,178,50,142,192,4063,7,RAMB18,SLICE
3,36,50,171,47,135,182,3896,7,RAMB18,SLICE
3,36,50,171,47,135,182,4069,7,RAMB18,SLICE
3,36,48,178,45,142,187,4335,7,RAMB18,SLICE
3,36,50,179,47,143,190,4125,7,RAMB18,SLICE
3,36,58,178,55,142,197,3853,7,RAMB18,SLICE
3,36,56,176,53,140,193,3818,7,RAMB18,SLICE
3,36,61,166,58,130,188,3019,7,RAMB18,SLICE
3,36,62,168,59,132,191,2845,7,RAMB18,SLICE
60,204,49,179,11,25,36,1647,7,SLICE,SLICE
60,204,48,186,12,18,30,1494,7,SLICE,SLICE
60,204,51,185,9,19,28,1260,7,SLICE,SLICE
60,204,49,179,11,25,36,1644,7,SLICE,SLICE
56,192,48,171,8,21,29,1562,7,SLICE,SLICE
56,192,53,174,3,18,21,1409,7,SLICE,SLICE
56,192,48,181,8,11,19,1291,7,SLICE,SLICE
56,192,50,179,6,13,19,1040,7,SLICE,SLICE
3,54,49,186,46,132,178,3689,7,RAMB18,SLICE
3,54,56,175,53,121,174,2695,7,RAMB18,SLICE
3,54,56,182,53,128,181,2750,7,RAMB18,SLICE
3,54,56,188,53,134,187,3420,7,RAMB18,SLICE
3,54,54,186,51,132,183,2608,7,RAMB18,SLICE
3,54,53,188,50,134,184,2946,7,RAMB18,SLICE
3,54,49,187,46,133,179,3080,7,RAMB18,SLICE
3,54,55,184,52,130,182,2373,7,RAMB18,SLICE
3,54,60,170,57,116,173,2690,7,RAMB18,SLICE
3,54,58,171,55,117,172,3052,7,RAMB18,SLICE
3,54,60,169,57,115,172,2579,7,RAMB18,SLICE
3,54,56,172,53,118,171,2927,7,RAMB18,SLICE
59,202,53,170,6,32,38,2015,7,SLICE,SLICE
59,202,49,172,10,30,40,1979,7,SLICE,SLICE
59,202,49,173,10,29,39,1719,7,SLICE,SLICE
59,202,49,174,10,28,38,1324,7,SLICE,SLICE
57,192,55,185,2,7,9,855,7,SLICE,SLICE
57,192,49,172,8,20,28,1889,7,SLICE,SLICE
57,192,49,173,8,19,27,1637,7,SLICE,SLICE
57,192,52,176,5,16,21,1510,7,SLICE,SLICE
3,49,48,185,45,136,181,3531,7,RAMB18,SLICE
3,49,55,182,52,133,185,3403,7,RAMB18,SLICE
3,49,49,195,46,146,192,3961,7,RAMB18,SLICE
3,49,48,196,45,147,192,4075,7,RAMB18,SLICE
3,49,49,182,46,133,179,3633,7,RAMB18,SLICE
3,49,50,179,47,130,177,3414,7,RAMB18,SLICE
3,49,53,170,50,121,171,2359,7,RAMB18,SLICE
3,49,52,176,49,127,176,3194,7,RAMB18,SLICE
3,49,55,176,52,127,179,2832,7,RAMB18,SLICE
3,49,66,166,63,117,180,2222,7,RAMB18,SLICE
3,49,54,178,51,129,180,3067,7,RAMB18,SLICE
3,49,56,170,53,121,174,2304,7,RAMB18,SLICE
48,191,49,174,1,17,18,1151,7,SLICE,SLICE
48,191,52,182,4,9,13,878,7,SLICE,SLICE
48,191,49,192,1,1,2,580,7,SLICE,SLICE
48,191,47,173,1,18,19,1176,7,SLICE,SLICE
56,199,48,178,8,21,29,1087,7,SLICE,SLICE
56,199,49,171,7,28,35,1310,7,SLICE,SLICE
56,199,49,173,7,26,33,1192,7,SLICE,SLICE
56,199,48,178,8,21,29,1089,7,SLICE,SLICE
58,199,62,170,4,29,33,954,7,SLICE,SLICE
58,199,65,166,7,33,40,1728,7,SLICE,SLICE
58,199,59,169,1,30,31,1142,7,SLICE,SLICE
58,199,58,175,0,24,24,848,7,SLICE,SLICE
3,41,56,200,53,159,212,4051,7,RAMB18,SLICE
3,41,54,206,51,165,216,4552,7,RAMB18,SLICE
3,41,54,205,51,164,215,4404,7,RAMB18,SLICE
3,41,55,198,52,157,209,3994,7,RAMB18,SLICE
3,41,56,175,53,134,187,3716,7,RAMB18,SLICE
3,41,49,188,46,147,193,4142,7,RAMB18,SLICE
3,41,48,192,45,151,196,4723,7,RAMB18,SLICE
3,41,52,183,49,142,191,4090,7,RAMB18,SLICE
3,41,65,169,62,128,190,3219,7,RAMB18,SLICE
3,41,53,170,50,129,179,3780,7,RAMB18,SLICE
3,41,55,187,52,146,198,4303,7,RAMB18,SLICE
3,41,50,185,47,144,191,4160,7,RAMB18,SLICE
3,41,59,178,56,137,193,2731,7,RAMB18,SLICE
3,41,55,185,52,144,196,3295,7,RAMB18,SLICE
3,41,55,178,52,137,189,2851,7,RAMB18,SLICE
3,41,59,181,56,140,196,2748,7,RAMB18,SLICE
59,202,67,168,8,34,42,2262,7,SLICE,SLICE
59,202,58,177,1,25,26,1495,7,SLICE,SLICE
59,202,65,166,6,36,42,2480,7,SLICE,SLICE
59,202,60,168,1,34,35,1931,7,SLICE,SLICE
59,194,67,161,8,33,41,1778,7,SLICE,SLICE
59,194,56,180,3,14,17,1129,7,SLICE,SLICE
59,194,58,168,1,26,27,1255,7,SLICE,SLICE
59,194,54,181,5,13,18,1027,7,SLICE,SLICE
3,43,49,186,46,143,189,3967,7,RAMB18,SLICE
3,43,50,182,47,139,186,3599,7,RAMB18,SLICE
3,43,49,185,46,142,188,4179,7,RAMB18,SLICE
3,43,57,183,54,140,194,3094,7,RAMB18,SLICE
3,43,49,170,46,127,173,3566,6,RAMB18,SLICE
3,43,55,174,52,131,183,3485,6,RAMB18,SLICE
3,43,49,170,46,127,173,3891,6,RAMB18,SLICE
3,43,49,183,46,140,186,4332,6,RAMB18,SLICE
3,43,68,161,65,118,183,3066,7,RAMB18,SLICE
3,43,66,161,63,118,181,3105,7,RAMB18,SLICE
3,43,54,190,51,147,198,3946,7,RAMB18,SLICE
3,43,55,173,52,130,182,3837,7,RAMB18,SLICE
55,194,53,182,2,12,14,798,7,SLICE,SLICE
55,194,48,181,7,13,20,1253,7,SLICE,SLICE
55,194,49,180,6,14,20,1295,7,SLICE,SLICE
55,194,54,180,1,14,15,1345,7,SLICE,SLICE
57,192,49,181,8,11,19,1500,6,SLICE,SLICE
57,192,49,185,8,7,15,972,6,SLICE,SLICE
57,192,49,181,8,11,19,1322,6,SLICE,SLICE
57,192,52,185,5,7,12,616,6,SLICE,SLICE
3,53,49,173,46,120,166,3220,7,RAMB18,SLICE
3,53,49,170,46,117,163,3301,7,RAMB18,SLICE
3,53,49,183,46,130,176,3286,7,RAMB18,SLICE
3,53,49,174,46,121,167,2835,7,RAMB18,SLICE
3,53,53,200,50,147,197,3738,7,RAMB18,SLICE
3,53,55,202,52,149,201,3670,7,RAMB18,SLICE
3,53,53,201,50,148,198,3515,7,RAMB18,SLICE
3,53,57,200,54,147,201,4056,7,RAMB18,SLICE
3,53,57,183,54,130,184,3281,7,RAMB18,SLICE
3,53,53,187,50,134,184,3219,7,RAMB18,SLICE
3,53,52,183,49,130,179,2752,7,RAMB18,SLICE
3,53,54,184,51,131,182,3306,7,RAMB18,SLICE
54,198,49,195,5,3,8,693,7,SLICE,SLICE
54,198,53,196,1,2,3,955,7,SLICE,SLICE
54,198,54,201,0,3,3,563,7,SLICE,SLICE
54,198,48,202,6,4,10,1142,7,SLICE,SLICE
53,197,48,172,5,25,30,1565,7,SLICE,SLICE
53,197,49,176,4,21,25,1173,7,SLICE,SLICE
53,197,48,174,5,23,28,1185,7,SLICE,SLICE
53,197,49,170,4,27,31,1635,7,SLICE,SLICE
58,198,69,160,11,38,49,2461,7,SLICE,SLICE
58,198,51,192,7,6,13,708,7,SLICE,SLICE
58,198,61,168,3,30,33,1705,7,SLICE,SLICE
58,198,68,160,10,38,48,2201,7,SLICE,SLICE
3,56,54,185,51,129,180,2930,7,RAMB18,SLICE
3,56,54,187,51,131,182,3199,7,RAMB18,SLICE
3,56,59,183,56,127,183,3165,7,RAMB18,SLICE
3,56,56,170,53,114,167,2581,7,RAMB18,SLICE
3,56,52,189,49,133,182,3227,7,RAMB18,SLICE
3,56,65,161,62,105,167,2193,7,RAMB18,SLICE
3,56,66,163,63,107,170,2106,7,RAMB18,SLICE
3,56,68,160,65,104,169,1963,7,RAMB18,SLICE
3,56,50,197,47,141,188,3551,7,RAMB18,SLICE
3,56,50,196,47,140,187,3412,7,RAMB18,SLICE
3,56,54,205,51,149,200,3824,7,RAMB18,SLICE
3,56,48,198,45,142,187,3542,7,RAMB18,SLICE
3,56,67,164,64,108,172,2306,7,RAMB18,SLICE
3,56,57,172,54,116,170,3190,7,RAMB18,SLICE
3,56,61,165,58,109,167,2511,7,RAMB18,SLICE
3,56,55,172,52,116,168,2929,7,RAMB18,SLICE
57,204,49,184,8,20,28,1199,7,SLICE,SLICE
57,204,53,170,4,34,38,1994,7,SLICE,SLICE
57,204,50,170,7,34,41,1778,7,SLICE,SLICE
57,204,50,179,7,25,32,891,7,SLICE,SLICE
61,205,66,169,5,36,41,1905,7,SLICE,SLICE
61,205,63,167,2,38,40,1759,7,SLICE,SLICE
61,205,61,165,0,40,40,2226,7,SLICE,SLICE
61,205,60,169,1,36,37,1671,7,SLICE,SLICE
3,50,47,173,44,123,167,3673,7,RAMB18,SLICE
3,50,54,179,51,129,180,3521,7,RAMB18,SLICE
3,50,49,177,46,127,173,3706,7,RAMB18,SLICE
3,50,49,188,46,138,184,4289,7,RAMB18,SLICE
3,50,57,188,54,138,192,2557,7,RAMB18,SLICE
3,50,54,192,51,142,193,3031,7,RAMB18,SLICE
3,50,52,192,49,142,191,3418,7,RAMB18,SLICE
3,50,52,205,49,155,204,3684,7,RAMB18,SLICE
3,50,53,170,50,120,170,2849,7,RAMB18,SLICE
3,50,49,173,46,123,169,3281,7,RAMB18,SLICE
3,50,49,173,46,123,169,3097,7,RAMB18,SLICE
3,50,46,185,43,135,178,3105,7,RAMB18,SLICE
58,203,66,167,8,36,44,2068,7,SLICE,SLICE
58,203,64,161,6,42,48,2146,7,SLICE,SLICE
58,203,52,197,6,6,12,860,7,SLICE,SLICE
58,203,57,174,1,29,30,1500,7,SLICE,SLICE
59,206,66,169,7,37,44,2213,7,SLICE,SLICE
59,206,54,195,5,11,16,781,7,SLICE,SLICE
59,206,67,167,8,39,47,2417,7,SLICE,SLICE
59,206,67,166,8,40,48,2173,7,SLICE,SLICE
3,45,61,169,58,124,182,3244,7,RAMB18,SLICE
3,45,58,168,55,123,178,3499,7,RAMB18,SLICE
3,45,69,168,66,123,189,2899,7,RAMB18,SLICE
3,45,55,170,52,125,177,3634,7,RAMB18,SLICE
3,45,52,171,49,126,175,3299,7,RAMB18,SLICE
3,45,53,179,50,134,184,3299,7,RAMB18,SLICE
3,45,53,183,50,138,188,3994,7,RAMB18,SLICE
3,45,55,182,52,137,189,3880,7,RAMB18,SLICE
3,45,50,175,47,130,177,3912,7,RAMB18,SLICE
3,45,60,166,57,121,178,2942,7,RAMB18,SLICE
3,45,54,170,51,125,176,3422,7,RAMB18,SLICE
3,45,56,167,53,122,175,3147,7,RAMB18,SLICE
55,189,48,183,7,6,13,994,7,SLICE,SLICE
55,189,52,180,3,9,12,1310,7,SLICE,SLICE
55,189,49,178,6,11,17,1379,7,SLICE,SLICE
55,189,48,178,7,11,18,1239,7,SLICE,SLICE
56,198,53,182,3,16,19,1078,7,SLICE,SLICE
56,198,48,177,8,21,29,1620,7,SLICE,SLICE
56,198,49,172,7,26,33,1962,7,SLICE,SLICE
56,198,48,184,8,14,22,1901,7,SLICE,SLICE
3,51,55,178,52,127,179,2904,7,RAMB18,SLICE
3,51,57,182,54,131,185,3106,7,RAMB18,SLICE
3,51,53,187,50,136,186,2894,7,RAMB18,SLICE
3,51,61,164,58,113,171,2196,7,RAMB18,SLICE
3,51,49,203,46,152,198,4047,7,RAMB18,SLICE
3,51,53,192,50,141,191,3309,7,RAMB18,SLICE
3,51,55,198,52,147,199,3220,7,RAMB18,SLICE
3,51,53,204,50,153,203,3772,7,RAMB18,SLICE
3,51,57,174,54,123,177,2994,7,RAMB18,SLICE
3,51,58,178,55,127,182,3406,7,RAMB18,SLICE
3,51,57,172,54,121,175,2840,7,RAMB18,SLICE
3,51,57,174,54,123,177,2922,7,RAMB18,SLICE
3,51,53,178,50,127,177,3228,7,RAMB18,SLICE
3,51,55,186,52,135,187,3530,7,RAMB18,SLICE
3,51,48,185,45,134,179,4157,7,RAMB18,SLICE
3,51,49,187,46,136,182,3624,7,RAMB18,SLICE
3,30,49,172,46,142,188,4637,7,RAMB18,SLICE
3,30,53,173,50,143,193,4384,7,RAMB18,SLICE
3,30,47,180,44,150,194,4751,7,RAMB18,SLICE
3,30,50,178,47,148,195,4435,7,RAMB18,SLICE
3,30,59,175,56,145,201,4054,7,RAMB18,SLICE
3,30,59,178,56,148,204,4082,7,RAMB18,SLICE
3,30,61,166,58,136,194,3523,7,RAMB18,SLICE
3,30,64,169,61,139,200,3662,7,RAMB18,SLICE
3,30,63,169,60,139,199,4200,7,RAMB18,SLICE
3,30,56,178,53,148,201,5220,7,RAMB18,SLICE
3,30,54,173,51,143,194,4589,7,RAMB18,SLICE
3,30,54,182,51,152,203,5631,7,RAMB18,SLICE
59,198,58,171,1,27,28,1388,7,SLICE,SLICE
59,198,60,166,1,32,33,1527,7,SLICE,SLICE
59,198,61,166,2,32,34,1645,7,SLICE,SLICE
59,198,55,171,4,27,31,1591,7,SLICE,SLICE
53,193,53,177,0,16,16,934,7,SLICE,SLICE
53,193,52,181,1,12,13,1062,7,SLICE,SLICE
53,193,54,186,1,7,8,925,7,SLICE,SLICE
53,193,54,182,1,11,12,775,7,SLICE,SLICE
3,52,49,183,46,131,177,3276,7,RAMB18,SLICE
3,52,49,182,46,130,176,3028,7,RAMB18,SLICE
3,52,49,179,46,127,173,3384,7,RAMB18,SLICE
3,52,56,185,53,133,186,3096,7,RAMB18,SLICE
3,52,50,184,47,132,179,3194,7,RAMB18,SLICE
3,52,49,182,46,130,176,3332,7,RAMB18,SLICE
3,52,49,178,46,126,172,3301,7,RAMB18,SLICE
3,52,52,177,49,125,174,3334,7,RAMB18,SLICE
3,52,50,193,47,141,188,3363,7,RAMB18,SLICE
3,52,49,194,46,142,188,3602,7,RAMB18,SLICE
3,52,50,183,47,131,178,2961,7,RAMB18,SLICE
3,52,50,197,47,145,192,3381,7,RAMB18,SLICE
55,195,50,192,5,3,8,729,7,SLICE,SLICE
55,195,48,205,7,10,17,1463,7,SLICE,SLICE
55,195,48,198,7,3,10,1143,7,SLICE,SLICE
55,195,49,205,6,10,16,1490,7,SLICE,SLICE
66,138,66,138,0,0,0,56,1,SLICE,SLICE
54,155,54,155,0,0,0,56,1,SLICE,SLICE
62,143,62,143,0,0,0,55,1,SLICE,SLICE
66,140,66,140,0,0,0,55,1,SLICE,SLICE
64,140,64,140,0,0,0,58,1,SLICE,SLICE
63,143,63,143,0,0,0,59,1,SLICE,SLICE
67,139,67,139,0,0,0,58,1,SLICE,SLICE
67,142,67,142,0,0,0,58,1,SLICE,SLICE
63,149,63,149,0,0,0,58,1,SLICE,SLICE
60,145,60,145,0,0,0,58,1,SLICE,SLICE
68,141,68,141,0,0,0,59,1,SLICE,SLICE
66,144,66,144,0,0,0,56,1,SLICE,SLICE
62,145,62,145,0,0,0,55,1,SLICE,SLICE
60,144,60,144,0,0,0,58,1,SLICE,SLICE
67,141,67,141,0,0,0,59,1,SLICE,SLICE
62,146,62,146,0,0,0,55,1,SLICE,SLICE
66,135,66,135,0,0,0,55,1,SLICE,SLICE
62,153,62,153,0,0,0,55,1,SLICE,SLICE
66,145,66,145,0,0,0,55,1,SLICE,SLICE
69,146,69,146,0,0,0,58,1,SLICE,SLICE
68,146,68,146,0,0,0,58,1,SLICE,SLICE
66,148,66,148,0,0,0,55,1,SLICE,SLICE
64,145,64,145,0,0,0,58,1,SLICE,SLICE
60,148,60,148,0,0,0,59,1,SLICE,SLICE
60,147,60,147,0,0,0,59,1,SLICE,SLICE
64,146,64,146,0,0,0,59,1,SLICE,SLICE
62,148,62,148,0,0,0,55,1,SLICE,SLICE
60,144,60,144,0,0,0,58,1,SLICE,SLICE
67,150,67,150,0,0,0,59,1,SLICE,SLICE
62,151,62,151,0,0,0,56,1,SLICE,SLICE
64,151,64,151,0,0,0,58,1,SLICE,SLICE
57,150,57,150,0,0,0,58,1,SLICE,SLICE
58,150,58,150,0,0,0,55,1,SLICE,SLICE
56,147,56,147,0,0,0,55,1,SLICE,SLICE
58,150,58,150,0,0,0,55,1,SLICE,SLICE
60,152,60,152,0,0,0,58,1,SLICE,SLICE
62,139,62,139,0,0,0,56,1,SLICE,SLICE
60,154,60,154,0,0,0,58,1,SLICE,SLICE
64,138,64,138,0,0,0,58,1,SLICE,SLICE
62,150,62,150,0,0,0,55,1,SLICE,SLICE
63,156,63,156,0,0,0,58,1,SLICE,SLICE
61,149,61,149,0,0,0,58,1,SLICE,SLICE
58,162,58,162,0,0,0,56,1,SLICE,SLICE
58,160,58,160,0,0,0,56,1,SLICE,SLICE
56,163,56,163,0,0,0,56,1,SLICE,SLICE
56,152,56,152,0,0,0,55,1,SLICE,SLICE
56,158,56,158,0,0,0,56,1,SLICE,SLICE
62,140,62,140,0,0,0,55,1,SLICE,SLICE
58,153,58,153,0,0,0,55,1,SLICE,SLICE
59,151,59,151,0,0,0,58,1,SLICE,SLICE
58,154,58,154,0,0,0,56,1,SLICE,SLICE
56,152,56,152,0,0,0,55,1,SLICE,SLICE
57,153,57,153,0,0,0,58,1,SLICE,SLICE
57,153,57,153,0,0,0,58,1,SLICE,SLICE
48,168,48,168,0,0,0,58,1,SLICE,SLICE
48,165,48,165,0,0,0,58,1,SLICE,SLICE
58,147,58,147,0,0,0,55,1,SLICE,SLICE
47,169,47,169,0,0,0,59,1,SLICE,SLICE
62,134,62,134,0,0,0,55,1,SLICE,SLICE
54,158,54,158,0,0,0,56,1,SLICE,SLICE
56,159,56,159,0,0,0,55,1,SLICE,SLICE
52,160,52,160,0,0,0,55,1,SLICE,SLICE
54,157,54,157,0,0,0,55,1,SLICE,SLICE
48,164,48,164,0,0,0,58,1,SLICE,SLICE
48,169,48,169,0,0,0,58,1,SLICE,SLICE
56,159,56,159,0,0,0,55,1,SLICE,SLICE
52,161,52,161,0,0,0,56,1,SLICE,SLICE
62,134,62,134,0,0,0,55,1,SLICE,SLICE
54,169,54,169,0,0,0,55,1,SLICE,SLICE
52,164,52,164,0,0,0,56,1,SLICE,SLICE
54,167,54,167,0,0,0,55,1,SLICE,SLICE
54,153,54,153,0,0,0,55,1,SLICE,SLICE
54,161,54,161,0,0,0,56,1,SLICE,SLICE
56,160,56,160,0,0,0,55,1,SLICE,SLICE
53,165,53,165,0,0,0,58,1,SLICE,SLICE
56,162,56,162,0,0,0,55,1,SLICE,SLICE
54,166,54,166,0,0,0,55,1,SLICE,SLICE
54,158,54,158,0,0,0,55,1,SLICE,SLICE
57,143,57,143,0,0,0,58,1,SLICE,SLICE
54,165,54,165,0,0,0,55,1,SLICE,SLICE
56,167,56,167,0,0,0,55,1,SLICE,SLICE
56,165,56,165,0,0,0,55,1,SLICE,SLICE
54,158,54,158,0,0,0,55,1,SLICE,SLICE
57,164,57,164,0,0,0,58,1,SLICE,SLICE
55,158,55,158,0,0,0,58,1,SLICE,SLICE
57,164,57,164,0,0,0,59,1,SLICE,SLICE
54,164,54,164,0,0,0,55,1,SLICE,SLICE
56,163,56,163,0,0,0,55,1,SLICE,SLICE
57,167,57,167,0,0,0,58,1,SLICE,SLICE
58,140,58,140,0,0,0,56,1,SLICE,SLICE
58,138,58,138,0,0,0,56,1,SLICE,SLICE
62,136,62,136,0,0,0,55,1,SLICE,SLICE
58,139,58,139,0,0,0,55,1,SLICE,SLICE
56,143,56,143,0,0,0,55,1,SLICE,SLICE
63,137,63,137,0,0,0,59,1,SLICE,SLICE
56,142,56,142,0,0,0,55,1,SLICE,SLICE
57,142,57,142,0,0,0,58,1,SLICE,SLICE
61,138,61,138,0,0,0,58,1,SLICE,SLICE
58,146,58,146,0,0,0,55,1,SLICE,SLICE
61,139,61,139,0,0,0,58,1,SLICE,SLICE
60,136,60,136,0,0,0,59,1,SLICE,SLICE
58,142,58,142,0,0,0,56,1,SLICE,SLICE
60,142,60,142,0,0,0,58,1,SLICE,SLICE
66,142,66,142,0,0,0,55,1,SLICE,SLICE
60,139,60,139,0,0,0,58,1,SLICE,SLICE
62,145,62,145,0,0,0,55,1,SLICE,SLICE
60,141,60,141,0,0,0,59,1,SLICE,SLICE
62,164,62,149,0,15,15,1349,7,SLICE,SLICE
62,164,64,150,2,14,16,1133,7,SLICE,SLICE
62,164,63,147,1,17,18,1586,7,SLICE,SLICE
62,164,62,151,0,13,13,1188,7,SLICE,SLICE
66,153,61,159,5,6,11,951,7,SLICE,SLICE
66,153,56,152,10,1,11,807,7,SLICE,SLICE
66,153,60,163,6,10,16,1104,7,SLICE,SLICE
66,153,57,154,9,1,10,997,7,SLICE,SLICE
2,43,61,149,59,106,165,2178,7,RAMB18,SLICE
2,43,58,163,56,120,176,3052,7,RAMB18,SLICE
2,43,56,160,54,117,171,2703,7,RAMB18,SLICE
2,43,58,162,56,119,175,3129,7,RAMB18,SLICE
2,43,54,166,52,123,175,2953,7,RAMB18,SLICE
2,43,56,164,54,121,175,3004,7,RAMB18,SLICE
2,43,54,160,52,117,169,2495,7,RAMB18,SLICE
2,43,56,166,54,123,177,2673,7,RAMB18,SLICE
2,43,61,142,59,99,158,1649,7,RAMB18,SLICE
2,43,56,160,54,117,171,2759,7,RAMB18,SLICE
2,43,57,142,55,99,154,1895,7,RAMB18,SLICE
2,43,60,134,58,91,149,1526,7,RAMB18,SLICE
63,156,59,162,4,6,10,1072,7,SLICE,SLICE
63,156,57,158,6,2,8,645,7,SLICE,SLICE
63,156,56,158,7,2,9,970,7,SLICE,SLICE
63,156,52,161,11,5,16,1223,7,SLICE,SLICE
69,149,65,148,4,1,5,569,7,SLICE,SLICE
69,149,64,147,5,2,7,670,7,SLICE,SLICE
69,149,63,149,6,0,6,782,7,SLICE,SLICE
69,149,61,157,8,8,16,1163,7,SLICE,SLICE
1,69,57,160,56,91,147,1954,7,RAMB18,SLICE
1,69,58,165,57,96,153,1385,7,RAMB18,SLICE
1,69,56,162,55,93,148,1686,7,RAMB18,SLICE
1,69,55,164,54,95,149,1468,7,RAMB18,SLICE
1,69,58,148,57,79,136,2164,7,RAMB18,SLICE
1,69,56,160,55,91,146,1541,7,RAMB18,SLICE
1,69,56,159,55,90,145,1428,7,RAMB18,SLICE
1,69,60,153,59,84,143,1807,7,RAMB18,SLICE
1,69,51,161,50,92,142,1281,7,RAMB18,SLICE
1,69,57,162,56,93,149,1665,7,RAMB18,SLICE
1,69,54,167,53,98,151,1576,7,RAMB18,SLICE
1,69,55,155,54,86,140,1732,7,RAMB18,SLICE
1,69,61,140,60,71,131,2606,7,RAMB18,SLICE
1,69,56,165,55,96,151,1533,7,RAMB18,SLICE
1,69,57,141,56,72,128,2432,7,RAMB18,SLICE
1,69,56,163,55,94,149,1267,7,RAMB18,SLICE
67,153,59,142,8,11,19,1023,7,SLICE,SLICE
67,153,63,135,4,18,22,1639,7,SLICE,SLICE
67,153,57,141,10,12,22,1533,7,SLICE,SLICE
67,153,58,163,9,10,19,1012,7,SLICE,SLICE
64,163,60,149,4,14,18,1143,7,SLICE,SLICE
64,163,60,153,4,10,14,882,7,SLICE,SLICE
64,163,62,158,2,5,7,638,7,SLICE,SLICE
64,163,63,147,1,16,17,1485,7,SLICE,SLICE
1,64,52,169,51,105,156,1506,7,RAMB18,SLICE
1,64,54,166,53,102,155,1856,7,RAMB18,SLICE
1,64,53,167,52,103,155,1322,7,RAMB18,SLICE
1,64,50,169,49,105,154,1387,7,RAMB18,SLICE
1,64,56,156,55,92,147,1412,7,RAMB18,SLICE
1,64,48,161,47,97,144,932,7,RAMB18,SLICE
1,64,51,161,50,97,147,928,7,RAMB18,SLICE
1,64,48,169,47,105,152,1420,7,RAMB18,SLICE
1,64,61,152,60,88,148,1863,7,RAMB18,SLICE
1,64,61,161,60,97,157,1071,7,RAMB18,SLICE
1,64,61,152,60,88,148,1865,7,RAMB18,SLICE
1,64,66,148,65,84,149,2294,7,RAMB18,SLICE
63,162,56,166,7,4,11,644,7,SLICE,SLICE
63,162,57,157,6,5,11,446,7,SLICE,SLICE
63,162,57,165,6,3,9,844,7,SLICE,SLICE
63,162,50,170,13,8,21,994,7,SLICE,SLICE
64,164,60,144,4,20,24,1814,7,SLICE,SLICE
64,164,66,139,2,25,27,1330,7,SLICE,SLICE
64,164,63,154,1,10,11,935,7,SLICE,SLICE
64,164,68,139,4,25,29,1534,7,SLICE,SLICE
63,155,61,159,2,4,6,1045,7,SLICE,SLICE
63,155,56,161,7,6,13,1476,7,SLICE,SLICE
63,155,57,158,6,3,9,596,7,SLICE,SLICE
63,155,60,160,3,5,8,1273,7,SLICE,SLICE
1,51,53,165,52,114,166,1957,7,RAMB18,SLICE
1,51,52,167,51,116,167,2401,7,RAMB18,SLICE
1,51,53,167,52,116,168,2399,7,RAMB18,SLICE
1,51,52,165,51,114,165,2273,7,RAMB18,SLICE
1,51,59,146,58,95,153,2224,7,RAMB18,SLICE
1,51,59,144,58,93,151,1961,7,RAMB18,SLICE
1,51,61,136,60,85,145,1398,7,RAMB18,SLICE
1,51,61,142,60,91,151,1749,7,RAMB18,SLICE
1,51,55,168,54,117,171,2455,7,RAMB18,SLICE
1,51,54,165,53,114,167,2362,7,RAMB18,SLICE
1,51,56,164,55,113,168,2155,7,RAMB18,SLICE
1,51,57,167,56,116,172,2638,7,RAMB18,SLICE
62,166,58,165,4,1,5,589,7,SLICE,SLICE
62,166,57,168,5,2,7,669,7,SLICE,SLICE
62,166,56,158,6,8,14,1177,7,SLICE,SLICE
62,166,56,158,6,8,14,1286,7,SLICE,SLICE
62,154,58,154,4,0,4,568,7,SLICE,SLICE
62,154,53,152,9,2,11,925,7,SLICE,SLICE
62,154,55,154,7,0,7,805,7,SLICE,SLICE
62,154,49,162,13,8,21,1375,7,SLICE,SLICE
1,52,57,155,56,103,159,2382,7,RAMB18,SLICE
1,52,50,162,49,110,159,2248,7,RAMB18,SLICE
1,52,51,164,50,112,162,2567,7,RAMB18,SLICE
1,52,48,161,47,109,156,2510,7,RAMB18,SLICE
1,52,64,143,63,91,154,1784,6,RAMB18,SLICE
1,52,63,144,62,92,154,1785,6,RAMB18,SLICE
1,52,66,140,65,88,153,1881,6,RAMB18,SLICE
1,52,63,157,62,105,167,2124,6,RAMB18,SLICE
1,52,50,168,49,116,165,2722,7,RAMB18,SLICE
1,52,56,166,55,114,169,2736,7,RAMB18,SLICE
1,52,56,163,55,111,166,2606,7,RAMB18,SLICE
1,52,54,165,53,113,166,2285,7,RAMB18,SLICE
1,52,62,136,61,84,145,1571,7,RAMB18,SLICE
1,52,60,135,59,83,142,1164,7,RAMB18,SLICE
1,52,58,143,57,91,148,1807,7,RAMB18,SLICE
1,52,63,140,62,88,150,1678,7,RAMB18,SLICE
63,160,67,144,4,16,20,844,7,SLICE,SLICE
63,160,60,160,3,0,3,446,7,SLICE,SLICE
63,160,63,156,0,4,4,710,7,SLICE,SLICE
63,160,60,161,3,1,4,459,7,SLICE,SLICE
65,152,57,153,8,1,9,549,7,SLICE,SLICE
65,152,51,163,14,11,25,1536,7,SLICE,SLICE
65,152,51,165,14,13,27,1327,7,SLICE,SLICE
65,152,48,162,17,10,27,1438,7,SLICE,SLICE
1,67,62,154,61,87,148,1870,7,RAMB18,SLICE
1,67,61,134,60,67,127,2256,7,RAMB18,SLICE
1,67,66,140,65,73,138,2495,7,RAMB18,SLICE
1,67,62,143,61,76,137,2196,7,RAMB18,SLICE
1,67,62,135,61,68,129,2114,7,RAMB18,SLICE
1,67,68,137,67,70,137,2288,7,RAMB18,SLICE
1,67,58,144,57,77,134,2136,7,RAMB18,SLICE
1,67,60,134,59,67,126,2115,7,RAMB18,SLICE
1,67,58,142,57,75,132,1973,7,RAMB18,SLICE
1,67,62,140,61,73,134,2318,7,RAMB18,SLICE
1,67,60,161,59,94,153,1177,7,RAMB18,SLICE
1,67,67,135,66,68,134,2439,7,RAMB18,SLICE
62,162,60,152,2,10,12,1206,7,SLICE,SLICE
62,162,56,147,6,15,21,1597,7,SLICE,SLICE
62,162,65,146,3,16,19,1360,7,SLICE,SLICE
62,162,61,149,1,13,14,1319,7,SLICE,SLICE
68,147,63,144,5,3,8,408,7,SLICE,SLICE
68,147,60,148,8,1,9,1088,7,SLICE,SLICE
68,147,60,146,8,1,9,1212,7,SLICE,SLICE
68,147,66,150,2,3,5,587,7,SLICE,SLICE
1,47,61,136,60,89,149,1446,7,RAMB18,SLICE
1,47,59,142,58,95,153,2062,7,RAMB18,SLICE
1,47,54,162,53,115,168,2272,7,RAMB18,SLICE
1,47,60,141,59,94,153,2079,7,RAMB18,SLICE
1,47,61,163,60,116,176,3067,7,RAMB18,SLICE
1,47,63,152,62,105,167,2341,7,RAMB18,SLICE
1,47,60,156,59,109,168,2697,7,RAMB18,SLICE
1,47,61,163,60,116,176,3065,7,RAMB18,SLICE
1,47,56,161,55,114,169,2393,7,RAMB18,SLICE
1,47,47,166,46,119,165,2100,7,RAMB18,SLICE
1,47,53,163,52,116,168,1917,7,RAMB18,SLICE
1,47,48,163,47,116,163,1872,7,RAMB18,SLICE
3,14,58,154,55,140,195,4462,7,RAMB18,SLICE
3,14,60,158,57,144,201,4614,7,RAMB18,SLICE
3,14,59,153,56,139,195,4731,7,RAMB18,SLICE
3,14,58,151,55,137,192,4146,7,RAMB18,SLICE
3,14,58,140,55,126,181,3953,7,RAMB18,SLICE
3,14,55,162,52,148,200,5181,7,RAMB18,SLICE
3,14,60,135,57,121,178,3515,7,RAMB18,SLICE
3,14,59,140,56,126,182,4115,7,RAMB18,SLICE
3,14,67,145,64,131,195,4629,6,RAMB18,SLICE
3,14,65,142,62,128,190,4445,6,RAMB18,SLICE
3,14,67,144,64,130,194,4886,6,RAMB18,SLICE
3,14,64,151,61,137,198,5108,6,RAMB18,SLICE
3,14,66,145,63,131,194,4054,7,RAMB18,SLICE
3,14,62,153,59,139,198,4429,7,RAMB18,SLICE
3,14,67,145,64,131,195,4180,7,RAMB18,SLICE
3,14,66,147,63,133,196,4314,7,RAMB18,SLICE
67,160,52,160,15,0,15,927,7,SLICE,SLICE
67,160,53,167,14,7,21,957,7,SLICE,SLICE
67,160,51,168,16,8,24,1296,7,SLICE,SLICE
67,160,54,165,13,5,18,861,7,SLICE,SLICE
64,166,62,137,2,29,31,1416,7,SLICE,SLICE
64,166,65,153,1,13,14,1296,7,SLICE,SLICE
64,166,63,157,1,9,10,848,7,SLICE,SLICE
64,166,62,146,2,20,22,1336,7,SLICE,SLICE
2,36,66,145,64,109,173,2624,7,RAMB18,SLICE
2,36,66,150,64,114,178,2580,7,RAMB18,SLICE
2,36,64,144,62,108,170,2439,7,RAMB18,SLICE
2,36,64,145,62,109,171,2708,7,RAMB18,SLICE
2,36,67,147,65,111,176,2788,7,RAMB18,SLICE
2,36,61,148,59,112,171,2552,7,RAMB18,SLICE
2,36,64,147,62,111,173,2679,7,RAMB18,SLICE
2,36,60,147,58,111,169,2545,7,RAMB18,SLICE
2,36,66,137,64,101,165,2478,7,RAMB18,SLICE
2,36,62,136,60,100,160,2508,7,RAMB18,SLICE
2,36,62,140,60,104,164,2864,7,RAMB18,SLICE
2,36,60,157,58,121,179,3499,7,RAMB18,SLICE
67,155,65,141,2,14,16,990,7,SLICE,SLICE
67,155,65,142,2,13,15,1193,7,SLICE,SLICE
67,155,67,145,0,10,10,780,7,SLICE,SLICE
67,155,65,153,2,2,4,697,7,SLICE,SLICE
67,154,65,148,2,6,8,666,7,SLICE,SLICE
67,154,66,144,1,10,11,1022,7,SLICE,SLICE
67,154,61,147,6,7,13,961,7,SLICE,SLICE
67,154,60,147,7,7,14,1360,7,SLICE,SLICE
2,53,65,141,63,88,151,1054,7,RAMB18,SLICE
2,53,66,145,64,92,156,1370,7,RAMB18,SLICE
2,53,63,142,61,89,150,867,7,RAMB18,SLICE
2,53,63,141,61,88,149,1223,7,RAMB18,SLICE
2,53,51,161,49,108,157,1253,7,RAMB18,SLICE
2,53,49,163,47,110,157,1487,7,RAMB18,SLICE
2,53,51,163,49,110,159,1127,7,RAMB18,SLICE
2,53,56,154,54,101,155,1320,7,RAMB18,SLICE
2,53,61,156,59,103,162,2034,7,RAMB18,SLICE
2,53,63,143,61,90,151,1267,7,RAMB18,SLICE
2,53,61,157,59,104,163,2043,7,RAMB18,SLICE
2,53,61,146,59,93,152,1487,7,RAMB18,SLICE
66,158,50,161,16,3,19,1087,7,SLICE,SLICE
66,158,52,163,14,5,19,1201,7,SLICE,SLICE
66,158,54,153,12,5,17,789,7,SLICE,SLICE
66,158,52,165,14,7,21,1311,7,SLICE,SLICE
66,158,63,136,3,22,25,1601,7,SLICE,SLICE
66,158,62,136,4,22,26,1600,7,SLICE,SLICE
66,158,63,134,3,24,27,1711,7,SLICE,SLICE
66,158,59,139,7,19,26,1143,7,SLICE,SLICE
2,68,61,159,59,91,150,1282,7,RAMB18,SLICE
2,68,63,146,61,78,139,1832,7,RAMB18,SLICE
2,68,63,147,61,79,140,2042,7,RAMB18,SLICE
2,68,62,146,60,78,138,1842,7,RAMB18,SLICE
2,68,50,164,48,96,144,1173,7,RAMB18,SLICE
2,68,54,167,52,99,151,1235,7,RAMB18,SLICE
2,68,52,167,50,99,149,968,7,RAMB18,SLICE
2,68,57,169,55,101,156,831,7,RAMB18,SLICE
2,68,61,146,59,78,137,2110,7,RAMB18,SLICE
2,68,56,156,54,88,142,1072,7,RAMB18,SLICE
2,68,60,163,58,95,153,1091,7,RAMB18,SLICE
2,68,58,154,56,86,142,1378,7,RAMB18,SLICE
2,68,66,141,64,73,137,2081,7,RAMB18,SLICE
2,68,62,143,60,75,135,1965,7,RAMB18,SLICE
2,68,65,153,63,85,148,1490,7,RAMB18,SLICE
2,68,63,159,61,91,152,1249,7,RAMB18,SLICE
68,152,69,152,1,0,1,481,7,SLICE,SLICE
68,152,68,143,0,9,9,860,7,SLICE,SLICE
68,152,61,159,7,7,14,1205,7,SLICE,SLICE
68,152,60,146,8,6,14,930,7,SLICE,SLICE
64,159,61,142,3,17,20,1272,7,SLICE,SLICE
64,159,59,142,5,17,22,1162,7,SLICE,SLICE
64,159,59,144,5,15,20,824,7,SLICE,SLICE
64,159,59,142,5,17,22,1165,7,SLICE,SLICE
69,156,61,136,8,20,28,1248,7,SLICE,SLICE
69,156,60,136,9,20,29,1420,7,SLICE,SLICE
69,156,62,140,7,16,23,1130,7,SLICE,SLICE
69,156,62,157,7,1,8,457,7,SLICE,SLICE
1,45,67,138,66,93,159,2057,7,RAMB18,SLICE
1,45,67,142,66,97,163,2338,7,RAMB18,SLICE
1,45,60,143,59,98,157,2124,7,RAMB18,SLICE
1,45,61,144,60,99,159,1850,7,RAMB18,SLICE
1,45,59,146,58,101,159,2540,7,RAMB18,SLICE
1,45,59,146,58,101,159,2542,7,RAMB18,SLICE
1,45,59,140,58,95,153,1956,7,RAMB18,SLICE
1,45,57,137,56,92,148,1899,7,RAMB18,SLICE
1,45,55,160,54,115,169,2377,7,RAMB18,SLICE
1,45,57,166,56,121,177,3166,7,RAMB18,SLICE
1,45,57,164,56,119,175,2888,7,RAMB18,SLICE
1,45,56,162,55,117,172,2758,7,RAMB18,SLICE
63,163,57,159,6,4,10,788,7,SLICE,SLICE
63,163,51,163,12,0,12,839,7,SLICE,SLICE
63,163,55,152,8,11,19,1165,7,SLICE,SLICE
63,163,63,151,0,12,12,1222,7,SLICE,SLICE
67,156,61,161,6,5,11,1120,7,SLICE,SLICE
67,156,62,154,5,2,7,706,7,SLICE,SLICE
67,156,61,160,6,4,10,703,7,SLICE,SLICE
67,156,56,150,11,6,17,1083,7,SLICE,SLICE
1,68,50,165,49,97,146,1411,7,RAMB18,SLICE
1,68,50,165,49,97,146,1408,7,RAMB18,SLICE
1,68,53,163,52,95,147,1633,7,RAMB18,SLICE
1,68,47,163,46,95,141,1254,7,RAMB18,SLICE
1,68,48,163,47,95,142,1208,7,RAMB18,SLICE
1,68,54,163,53,95,148,1286,7,RAMB18,SLICE
1,68,57,169,56,101,157,1370,7,RAMB18,SLICE
1,68,49,166,48,98,146,2064,7,RAMB18,SLICE
1,68,54,152,53,84,137,2130,7,RAMB18,SLICE
1,68,48,169,47,101,148,802,7,RAMB18,SLICE
1,68,57,152,56,84,140,2129,7,RAMB18,SLICE
1,68,52,155,51,87,138,1962,7,RAMB18,SLICE
64,165,65,137,1,28,29,1853,7,SLICE,SLICE
64,165,57,161,7,4,11,610,7,SLICE,SLICE
64,165,57,141,7,24,31,1684,7,SLICE,SLICE
64,165,56,141,8,24,32,1551,7,SLICE,SLICE
64,154,63,139,1,15,16,1187,7,SLICE,SLICE
64,154,59,146,5,8,13,664,7,SLICE,SLICE
64,154,56,154,8,0,8,743,7,SLICE,SLICE
64,154,61,138,3,16,19,1379,7,SLICE,SLICE
2,54,54,161,52,107,159,2112,7,RAMB18,SLICE
2,54,57,141,55,87,142,967,7,RAMB18,SLICE
2,54,59,146,57,92,149,1538,7,RAMB18,SLICE
2,54,62,135,60,81,141,1003,7,RAMB18,SLICE
2,54,61,142,59,88,147,1235,7,RAMB18,SLICE
2,54,61,134,59,80,139,1527,7,RAMB18,SLICE
2,54,60,140,58,86,144,1172,7,RAMB18,SLICE
2,54,58,144,56,90,146,1326,7,RAMB18,SLICE
2,54,47,168,45,114,159,1793,7,RAMB18,SLICE
2,54,55,167,53,113,166,1781,7,RAMB18,SLICE
2,54,50,168,48,114,162,1352,7,RAMB18,SLICE
2,54,52,167,50,113,163,1481,7,RAMB18,SLICE
2,54,63,135,61,81,142,892,7,RAMB18,SLICE
2,54,59,146,57,92,149,1412,7,RAMB18,SLICE
2,54,56,167,54,113,167,2258,7,RAMB18,SLICE
2,54,60,134,58,80,138,941,7,RAMB18,SLICE
66,154,62,148,4,6,10,852,7,SLICE,SLICE
66,154,57,149,9,5,14,956,7,SLICE,SLICE
66,154,59,152,7,2,9,851,7,SLICE,SLICE
66,154,61,146,5,8,13,772,7,SLICE,SLICE
65,160,55,153,10,7,17,1655,7,SLICE,SLICE
65,160,49,165,16,5,21,1608,7,SLICE,SLICE
65,160,48,161,17,1,18,1024,7,SLICE,SLICE
65,160,58,162,7,2,9,688,7,SLICE,SLICE
62,155,53,164,9,9,18,1588,7,SLICE,SLICE
62,155,54,157,8,2,10,593,7,SLICE,SLICE
62,155,54,160,8,5,13,1239,7,SLICE,SLICE
62,155,54,158,8,3,11,1017,7,SLICE,SLICE
1,55,64,137,63,82,145,1543,6,RAMB18,SLICE
1,55,59,146,58,91,149,1593,6,RAMB18,SLICE
1,55,60,144,59,89,148,1265,6,RAMB18,SLICE
1,55,58,143,57,88,145,1514,6,RAMB18,SLICE
1,55,58,146,57,91,148,1503,7,RAMB18,SLICE
1,55,66,137,65,82,147,1554,7,RAMB18,SLICE
1,55,67,135,66,80,146,1850,7,RAMB18,SLICE
1,55,58,146,57,91,148,1603,7,RAMB18,SLICE
1,55,61,156,60,101,161,2020,7,RAMB18,SLICE
1,55,64,150,63,95,158,1963,7,RAMB18,SLICE
1,55,59,148,58,93,151,1372,7,RAMB18,SLICE
1,55,60,158,59,103,162,1991,7,RAMB18,SLICE
64,156,64,148,0,8,8,567,7,SLICE,SLICE
64,156,66,150,2,6,8,1113,7,SLICE,SLICE
64,156,63,155,1,1,2,577,7,SLICE,SLICE
64,156,64,144,0,12,12,1394,7,SLICE,SLICE
63,163,57,166,6,3,9,831,7,SLICE,SLICE
63,163,57,164,6,1,7,448,7,SLICE,SLICE
63,163,55,164,8,1,9,485,7,SLICE,SLICE
63,163,54,168,9,5,14,1047,7,SLICE,SLICE
2,47,61,146,59,99,158,1752,7,RAMB18,SLICE
2,47,61,153,59,106,165,2238,7,RAMB18,SLICE
2,47,58,153,56,106,162,2354,7,RAMB18,SLICE
2,47,60,159,58,112,170,2471,7,RAMB18,SLICE
2,47,53,160,51,113,164,2009,7,RAMB18,SLICE
2,47,56,155,54,108,162,2279,7,RAMB18,SLICE
2,47,48,161,46,114,160,2410,7,RAMB18,SLICE
2,47,54,158,52,111,163,2295,7,RAMB18,SLICE
2,47,59,151,57,104,161,2278,7,RAMB18,SLICE
2,47,48,161,46,114,160,2647,7,RAMB18,SLICE
2,47,51,163,49,116,165,2503,7,RAMB18,SLICE
2,47,50,163,48,116,164,2415,7,RAMB18,SLICE
63,158,59,142,4,16,20,1125,7,SLICE,SLICE
63,158,63,137,0,21,21,1706,7,SLICE,SLICE
63,158,57,141,6,17,23,1502,7,SLICE,SLICE
63,158,54,159,9,1,10,658,7,SLICE,SLICE
62,162,58,145,4,17,21,1048,7,SLICE,SLICE
62,162,64,137,2,25,27,1971,7,SLICE,SLICE
62,162,62,157,0,5,5,652,7,SLICE,SLICE
62,162,60,138,2,24,26,1699,7,SLICE,SLICE
1,70,68,139,67,69,136,2507,7,RAMB18,SLICE
1,70,57,143,56,73,129,1992,7,RAMB18,SLICE
1,70,62,142,61,72,133,2129,7,RAMB18,SLICE
1,70,66,141,65,71,136,2303,7,RAMB18,SLICE
1,70,63,160,62,90,152,1385,7,RAMB18,SLICE
1,70,59,153,58,83,141,1791,7,RAMB18,SLICE
1,70,59,149,58,79,137,2192,7,RAMB18,SLICE
1,70,59,153,58,83,141,1751,7,RAMB18,SLICE
1,70,61,149,60,79,139,2336,7,RAMB18,SLICE
1,70,58,149,57,79,136,2144,7,RAMB18,SLICE
1,70,59,152,58,82,140,2239,7,RAMB18,SLICE
1,70,58,149,57,79,136,1999,7,RAMB18,SLICE
1,70,65,141,64,71,135,2648,7,RAMB18,SLICE
1,70,65,143,64,73,137,2442,7,RAMB18,SLICE
1,70,67,141,66,71,137,2871,7,RAMB18,SLICE
1,70,68,138,67,68,135,2867,7,RAMB18,SLICE
68,153,67,147,1,6,7,575,7,SLICE,SLICE
68,153,64,147,4,6,10,830,7,SLICE,SLICE
68,153,67,143,1,10,11,894,7,SLICE,SLICE
68,153,63,142,5,11,16,1081,7,SLICE,SLICE
64,153,58,155,6,2,8,820,6,SLICE,SLICE
64,153,58,155,6,2,8,722,6,SLICE,SLICE
64,153,57,152,7,1,8,484,6,SLICE,SLICE
64,153,60,155,4,2,6,394,6,SLICE,SLICE
2,65,55,160,53,95,148,769,7,RAMB18,SLICE
2,65,59,144,57,79,136,1436,7,RAMB18,SLICE
2,65,63,135,61,70,131,2513,7,RAMB18,SLICE
2,65,56,142,54,77,131,1568,7,RAMB18,SLICE
2,65,60,153,58,88,146,1372,7,RAMB18,SLICE
2,65,61,159,59,94,153,872,7,RAMB18,SLICE
2,65,62,154,60,89,149,1343,7,RAMB18,SLICE
2,65,57,152,55,87,142,1605,7,RAMB18,SLICE
2,65,65,144,63,79,142,1707,7,RAMB18,SLICE
2,65,66,146,64,81,145,1353,7,RAMB18,SLICE
2,65,67,146,65,81,146,1491,7,RAMB18,SLICE
2,65,63,152,61,87,148,1051,7,RAMB18,SLICE
2,46,64,140,62,94,156,1969,7,RAMB18,SLICE
2,46,66,135,64,89,153,1204,7,RAMB18,SLICE
2,46,67,138,65,92,157,1738,7,RAMB18,SLICE
2,46,66,142,64,96,160,2138,7,RAMB18,SLICE
2,46,61,160,59,114,173,2368,7,RAMB18,SLICE
2,46,62,161,60,115,175,2611,7,RAMB18,SLICE
2,46,61,149,59,103,162,1926,7,RAMB18,SLICE
2,46,62,149,60,103,163,1761,7,RAMB18,SLICE
2,46,57,155,55,109,164,2275,7,RAMB18,SLICE
2,46,60,156,58,110,168,2294,7,RAMB18,SLICE
2,46,61,160,59,114,173,2771,7,RAMB18,SLICE
2,46,57,163,55,117,172,3242,7,RAMB18,SLICE
66,159,60,161,6,2,8,704,7,SLICE,SLICE
66,159,62,144,4,15,19,1235,7,SLICE,SLICE
66,159,63,147,3,12,15,1086,7,SLICE,SLICE
66,159,63,160,3,1,4,685,7,SLICE,SLICE
67,154,67,144,0,10,10,1177,7,SLICE,SLICE
67,154,63,159,4,5,9,744,7,SLICE,SLICE
67,154,62,142,5,12,17,790,7,SLICE,SLICE
67,154,65,145,2,9,11,901,7,SLICE,SLICE
2,63,61,148,59,85,144,1505,7,RAMB18,SLICE
2,63,63,147,61,84,145,1717,7,RAMB18,SLICE
2,63,58,149,56,86,142,1630,7,RAMB18,SLICE
2,63,58,152,56,89,145,1458,7,RAMB18,SLICE
2,63,60,144,58,81,139,977,7,RAMB18,SLICE
2,63,61,143,59,80,139,1079,7,RAMB18,SLICE
2,63,62,142,60,79,139,1537,7,RAMB18,SLICE
2,63,64,139,62,76,138,1622,7,RAMB18,SLICE
2,63,54,152,52,89,141,1399,7,RAMB18,SLICE
2,63,51,168,49,105,154,1845,7,RAMB18,SLICE
2,63,57,162,55,99,154,1190,7,RAMB18,SLICE
2,63,54,168,52,105,157,1543,7,RAMB18,SLICE
2,63,53,166,51,103,154,1022,7,RAMB18,SLICE
2,63,56,169,54,106,160,1449,7,RAMB18,SLICE
2,63,57,168,55,105,160,1237,7,RAMB18,SLICE
2,63,48,169,46,106,152,1330,7,RAMB18,SLICE
69,151,60,137,9,14,23,943,7,SLICE,SLICE
69,151,64,137,5,14,19,1388,7,SLICE,SLICE
69,151,57,141,12,10,22,1159,7,SLICE,SLICE
69,151,57,161,12,10,22,906,7,SLICE,SLICE
48,134,48,134,0,0,0,58,1,SLICE,SLICE
44,159,44,159,0,0,0,58,1,SLICE,SLICE
44,157,44,157,0,0,0,58,1,SLICE,SLICE
44,146,44,146,0,0,0,58,1,SLICE,SLICE
44,156,44,156,0,0,0,58,1,SLICE,SLICE
48,134,48,134,0,0,0,58,1,SLICE,SLICE
40,147,40,147,0,0,0,58,1,SLICE,SLICE
40,145,40,145,0,0,0,58,1,SLICE,SLICE
45,143,45,143,0,0,0,59,1,SLICE,SLICE
40,152,40,152,0,0,0,59,1,SLICE,SLICE
41,146,41,146,0,0,0,59,1,SLICE,SLICE
40,155,40,155,0,0,0,58,1,SLICE,SLICE
38,154,38,154,0,0,0,55,1,SLICE,SLICE
42,145,42,145,0,0,0,55,1,SLICE,SLICE
39,150,39,150,0,0,0,59,1,SLICE,SLICE
44,145,44,145,0,0,0,58,1,SLICE,SLICE
40,155,40,155,0,0,0,59,1,SLICE,SLICE
45,147,45,147,0,0,0,58,1,SLICE,SLICE
40,141,40,141,0,0,0,59,1,SLICE,SLICE
44,138,44,138,0,0,0,58,1,SLICE,SLICE
38,156,38,156,0,0,0,56,1,SLICE,SLICE
40,156,40,156,0,0,0,58,1,SLICE,SLICE
38,134,38,134,0,0,0,56,1,SLICE,SLICE
42,135,42,135,0,0,0,55,1,SLICE,SLICE
42,135,42,135,0,0,0,55,1,SLICE,SLICE
40,149,40,149,0,0,0,58,1,SLICE,SLICE
45,139,45,139,0,0,0,58,1,SLICE,SLICE
40,158,40,158,0,0,0,58,1,SLICE,SLICE
40,153,40,153,0,0,0,58,1,SLICE,SLICE
40,139,40,139,0,0,0,58,1,SLICE,SLICE
46,142,46,142,0,0,0,55,1,SLICE,SLICE
45,161,45,161,0,0,0,58,1,SLICE,SLICE
45,135,45,135,0,0,0,58,1,SLICE,SLICE
44,134,44,134,0,0,0,59,1,SLICE,SLICE
42,140,42,140,0,0,0,55,1,SLICE,SLICE
42,141,42,141,0,0,0,55,1,SLICE,SLICE
42,144,42,144,0,0,0,55,1,SLICE,SLICE
48,137,48,137,0,0,0,58,1,SLICE,SLICE
49,134,49,134,0,0,0,59,1,SLICE,SLICE
45,138,45,138,0,0,0,58,1,SLICE,SLICE
42,142,42,142,0,0,0,55,1,SLICE,SLICE
44,162,44,162,0,0,0,59,1,SLICE,SLICE
43,149,43,149,0,0,0,58,1,SLICE,SLICE
48,144,48,144,0,0,0,58,1,SLICE,SLICE
45,159,45,159,0,0,0,59,1,SLICE,SLICE
44,153,44,153,0,0,0,58,1,SLICE,SLICE
48,140,48,140,0,0,0,58,1,SLICE,SLICE
44,152,44,152,0,0,0,59,1,SLICE,SLICE
45,151,45,151,0,0,0,58,1,SLICE,SLICE
46,151,46,151,0,0,0,55,1,SLICE,SLICE
44,154,44,154,0,0,0,58,1,SLICE,SLICE
44,150,44,150,0,0,0,58,1,SLICE,SLICE
46,154,46,154,0,0,0,56,1,SLICE,SLICE
48,145,48,145,0,0,0,59,1,SLICE,SLICE
48,152,48,152,0,0,0,59,1,SLICE,SLICE
48,142,48,142,0,0,0,58,1,SLICE,SLICE
46,161,46,161,0,0,0,55,1,SLICE,SLICE
46,153,46,153,0,0,0,56,1,SLICE,SLICE
48,140,48,140,0,0,0,58,1,SLICE,SLICE
46,156,46,156,0,0,0,55,1,SLICE,SLICE
50,149,50,149,0,0,0,55,1,SLICE,SLICE
52,133,52,133,0,0,0,56,1,SLICE,SLICE
50,151,50,151,0,0,0,55,1,SLICE,SLICE
48,146,48,146,0,0,0,58,1,SLICE,SLICE
48,144,48,144,0,0,0,58,1,SLICE,SLICE
50,152,50,152,0,0,0,55,1,SLICE,SLICE
48,155,48,155,0,0,0,58,1,SLICE,SLICE
48,158,48,158,0,0,0,58,1,SLICE,SLICE
48,162,48,162,0,0,0,59,1,SLICE,SLICE
50,160,50,160,0,0,0,55,1,SLICE,SLICE
44,146,44,146,0,0,0,58,1,SLICE,SLICE
50,150,50,150,0,0,0,55,1,SLICE,SLICE
50,154,50,154,0,0,0,55,1,SLICE,SLICE
50,151,50,151,0,0,0,55,1,SLICE,SLICE
52,147,52,147,0,0,0,55,1,SLICE,SLICE
52,157,52,157,0,0,0,56,1,SLICE,SLICE
50,156,50,156,0,0,0,55,1,SLICE,SLICE
46,164,46,164,0,0,0,55,1,SLICE,SLICE
48,157,48,157,0,0,0,58,1,SLICE,SLICE
49,158,49,158,0,0,0,58,1,SLICE,SLICE
52,149,52,149,0,0,0,56,1,SLICE,SLICE
46,146,46,146,0,0,0,56,1,SLICE,SLICE
48,149,48,149,0,0,0,58,1,SLICE,SLICE
48,152,48,152,0,0,0,58,1,SLICE,SLICE
48,149,48,149,0,0,0,58,1,SLICE,SLICE
50,155,50,155,0,0,0,56,1,SLICE,SLICE
51,160,51,160,0,0,0,58,1,SLICE,SLICE
50,154,50,154,0,0,0,55,1,SLICE,SLICE
49,140,49,140,0,0,0,58,1,SLICE,SLICE
48,146,48,146,0,0,0,58,1,SLICE,SLICE
44,140,44,140,0,0,0,58,1,SLICE,SLICE
52,149,52,149,0,0,0,55,1,SLICE,SLICE
42,155,42,155,0,0,0,56,1,SLICE,SLICE
52,140,52,140,0,0,0,56,1,SLICE,SLICE
54,145,54,145,0,0,0,55,1,SLICE,SLICE
52,138,52,138,0,0,0,55,1,SLICE,SLICE
52,142,52,142,0,0,0,55,1,SLICE,SLICE
50,139,50,139,0,0,0,55,1,SLICE,SLICE
49,137,49,137,0,0,0,59,1,SLICE,SLICE
50,137,50,137,0,0,0,55,1,SLICE,SLICE
44,160,44,160,0,0,0,59,1,SLICE,SLICE
45,160,45,160,0,0,0,58,1,SLICE,SLICE
44,139,44,139,0,0,0,58,1,SLICE,SLICE
47,164,47,164,0,0,0,58,1,SLICE,SLICE
44,140,44,140,0,0,0,59,1,SLICE,SLICE
46,159,46,159,0,0,0,56,1,SLICE,SLICE
54,138,50,157,4,19,23,1203,7,SLICE,SLICE
54,138,51,160,3,22,25,1432,7,SLICE,SLICE
54,138,52,158,2,20,22,1210,7,SLICE,SLICE
54,138,51,155,3,17,20,1293,7,SLICE,SLICE
57,147,45,138,12,9,21,1084,7,SLICE,SLICE
57,147,47,142,10,5,15,773,7,SLICE,SLICE
57,147,43,137,14,10,24,865,7,SLICE,SLICE
57,147,45,138,12,9,21,1012,7,SLICE,SLICE
1,4,40,152,39,148,187,5424,7,RAMB18,SLICE
1,4,40,144,39,140,179,4267,7,RAMB18,SLICE
1,4,41,152,40,148,188,5275,7,RAMB18,SLICE
1,4,43,139,42,135,177,4310,7,RAMB18,SLICE
1,4,42,144,41,140,181,5483,7,RAMB18,SLICE
1,4,49,136,48,132,180,5205,7,RAMB18,SLICE
1,4,48,140,47,136,183,5431,7,RAMB18,SLICE
1,4,45,157,44,153,197,6501,7,RAMB18,SLICE
1,4,41,145,40,141,181,4661,7,RAMB18,SLICE
1,4,39,158,38,154,192,5518,7,RAMB18,SLICE
1,4,40,154,39,150,189,5180,7,RAMB18,SLICE
1,4,46,161,45,157,202,6152,7,RAMB18,SLICE
1,4,47,147,46,143,189,4469,7,RAMB18,SLICE
1,4,41,146,40,142,182,4589,7,RAMB18,SLICE
1,4,45,157,44,153,197,5281,7,RAMB18,SLICE
1,4,49,138,48,134,182,4024,7,RAMB18,SLICE
54,140,43,153,11,13,24,1050,7,SLICE,SLICE
54,140,44,135,10,5,15,857,7,SLICE,SLICE
54,140,40,143,14,3,17,901,7,SLICE,SLICE
54,140,43,156,11,16,27,1356,7,SLICE,SLICE
54,142,46,159,8,17,25,1929,7,SLICE,SLICE
54,142,38,152,16,10,26,1956,7,SLICE,SLICE
54,142,42,140,12,2,14,881,7,SLICE,SLICE
54,142,42,142,12,0,12,549,7,SLICE,SLICE
2,33,50,148,48,115,163,3363,7,RAMB18,SLICE
2,33,54,145,52,112,164,3009,7,RAMB18,SLICE
2,33,49,136,47,103,150,2357,7,RAMB18,SLICE
2,33,49,145,47,112,159,3149,7,RAMB18,SLICE
2,33,46,160,44,127,171,3239,7,RAMB18,SLICE
2,33,51,156,49,123,172,3086,7,RAMB18,SLICE
2,33,49,162,47,129,176,3320,7,RAMB18,SLICE
2,33,50,152,48,119,167,2837,7,RAMB18,SLICE
2,33,48,135,46,102,148,2136,7,RAMB18,SLICE
2,33,38,155,36,122,158,3429,7,RAMB18,SLICE
2,33,38,152,36,119,155,3530,7,RAMB18,SLICE
2,33,39,158,37,125,162,3898,7,RAMB18,SLICE
46,168,41,143,5,25,30,1347,7,SLICE,SLICE
46,168,40,156,6,12,18,1002,7,SLICE,SLICE
46,168,43,139,3,29,32,1648,7,SLICE,SLICE
46,168,40,145,6,23,29,1470,7,SLICE,SLICE
55,140,38,141,17,1,18,1256,7,SLICE,SLICE
55,140,38,151,17,11,28,1680,7,SLICE,SLICE
55,140,42,146,13,6,19,1033,7,SLICE,SLICE
55,140,40,150,15,10,25,1463,7,SLICE,SLICE
2,8,51,139,49,131,180,5232,7,RAMB18,SLICE
2,8,45,150,43,142,185,6221,7,RAMB18,SLICE
2,8,48,138,46,130,176,4976,7,RAMB18,SLICE
2,8,55,142,53,134,187,5846,7,RAMB18,SLICE
2,8,45,142,43,134,177,3880,7,RAMB18,SLICE
2,8,45,144,43,136,179,4469,7,RAMB18,SLICE
2,8,48,134,46,126,172,3709,7,RAMB18,SLICE
2,8,44,149,42,141,183,5126,7,RAMB18,SLICE
2,8,39,148,37,140,177,3502,7,RAMB18,SLICE
2,8,43,143,41,135,176,3017,7,RAMB18,SLICE
2,8,41,145,39,137,176,3084,7,RAMB18,SLICE
2,8,47,143,45,135,180,3056,7,RAMB18,SLICE
57,144,49,145,8,1,9,713,7,SLICE,SLICE
57,144,44,153,13,9,22,894,7,SLICE,SLICE
57,144,47,160,10,16,26,905,7,SLICE,SLICE
57,144,47,154,10,10,20,1073,7,SLICE,SLICE
54,144,40,150,14,6,20,1181,7,SLICE,SLICE
54,144,44,134,10,10,20,1160,7,SLICE,SLICE
54,144,38,138,16,6,22,1146,7,SLICE,SLICE
54,144,40,156,14,12,26,1609,7,SLICE,SLICE
58,135,48,134,10,1,11,734,7,SLICE,SLICE
58,135,48,145,10,10,20,1716,7,SLICE,SLICE
58,135,48,144,10,9,19,1157,7,SLICE,SLICE
58,135,48,142,10,7,17,1015,7,SLICE,SLICE
2,35,42,146,40,111,151,2501,7,RAMB18,SLICE
2,35,41,158,39,123,162,3242,7,RAMB18,SLICE
2,35,43,139,41,104,145,2363,7,RAMB18,SLICE
2,35,42,135,40,100,140,2417,7,RAMB18,SLICE
2,35,49,134,47,99,146,2045,7,RAMB18,SLICE
2,35,47,147,45,112,157,2495,7,RAMB18,SLICE
2,35,47,159,45,124,169,3263,7,RAMB18,SLICE
2,35,45,158,43,123,166,3130,7,RAMB18,SLICE
2,35,44,146,42,111,153,2413,7,RAMB18,SLICE
2,35,36,155,34,120,154,3439,7,RAMB18,SLICE
2,35,42,142,40,107,147,2327,7,RAMB18,SLICE
2,35,38,152,36,117,153,3222,7,RAMB18,SLICE
2,35,50,146,48,111,159,2420,7,RAMB18,SLICE
2,35,50,153,48,118,166,2807,7,RAMB18,SLICE
2,35,52,154,50,119,169,2619,7,RAMB18,SLICE
2,35,49,158,47,123,170,3046,7,RAMB18,SLICE
57,134,43,151,14,17,31,1460,6,SLICE,SLICE
57,134,51,140,6,6,12,822,6,SLICE,SLICE
57,134,44,155,13,21,34,1735,6,SLICE,SLICE
57,134,44,141,13,7,20,1144,6,SLICE,SLICE
57,141,45,140,12,1,13,751,7,SLICE,SLICE
57,141,42,153,15,12,27,1640,7,SLICE,SLICE
57,141,43,142,14,1,15,866,7,SLICE,SLICE
57,141,45,157,12,16,28,1903,7,SLICE,SLICE
2,34,45,156,43,122,165,3639,7,RAMB18,SLICE
2,34,43,157,41,123,164,3742,7,RAMB18,SLICE
2,34,55,142,53,108,161,2768,7,RAMB18,SLICE
2,34,47,151,45,117,162,3471,7,RAMB18,SLICE
2,34,55,149,53,115,168,3297,7,RAMB18,SLICE
2,34,50,142,48,108,156,2885,7,RAMB18,SLICE
2,34,47,156,45,122,167,4047,7,RAMB18,SLICE
2,34,47,154,45,120,165,3753,7,RAMB18,SLICE
2,34,42,146,40,112,152,2354,7,RAMB18,SLICE
2,34,44,156,42,122,164,2676,7,RAMB18,SLICE
2,34,41,145,39,111,150,2408,7,RAMB18,SLICE
2,34,38,148,36,114,150,2771,7,RAMB18,SLICE
54,136,51,155,3,19,22,2409,7,SLICE,SLICE
54,136,47,162,7,26,33,1889,7,SLICE,SLICE
54,136,44,144,10,8,18,1222,7,SLICE,SLICE
54,136,44,147,10,11,21,1244,7,SLICE,SLICE
57,149,45,156,12,7,19,1062,7,SLICE,SLICE
57,149,38,137,19,12,31,1408,7,SLICE,SLICE
57,149,40,145,17,4,21,1037,7,SLICE,SLICE
57,149,39,154,18,5,23,1178,7,SLICE,SLICE
1,6,53,149,52,143,195,6021,7,RAMB18,SLICE
1,6,50,155,49,149,198,6893,7,RAMB18,SLICE
1,6,50,144,49,138,187,6192,7,RAMB18,SLICE
1,6,49,147,48,141,189,5946,7,RAMB18,SLICE
1,6,47,156,46,150,196,4837,7,RAMB18,SLICE
1,6,46,151,45,145,190,4381,7,RAMB18,SLICE
1,6,44,161,43,155,198,5331,7,RAMB18,SLICE
1,6,44,156,43,150,193,4970,7,RAMB18,SLICE
1,6,53,148,52,142,194,5156,7,RAMB18,SLICE
1,6,50,158,49,152,201,5464,7,RAMB18,SLICE
1,6,51,153,50,147,197,5293,7,RAMB18,SLICE
1,6,53,147,52,141,193,5311,7,RAMB18,SLICE
54,138,41,138,13,0,13,892,7,SLICE,SLICE
54,138,41,139,13,1,14,982,7,SLICE,SLICE
54,138,44,134,10,4,14,1516,7,SLICE,SLICE
54,138,39,134,15,4,19,1399,7,SLICE,SLICE
48,165,39,158,9,7,16,718,7,SLICE,SLICE
48,165,38,152,10,13,23,942,7,SLICE,SLICE
48,165,43,135,5,30,35,1491,7,SLICE,SLICE
48,165,48,134,0,31,31,1808,7,SLICE,SLICE
1,16,50,144,49,128,177,3216,7,RAMB18,SLICE
1,16,50,160,49,144,193,4264,7,RAMB18,SLICE
1,16,50,152,49,136,185,3584,7,RAMB18,SLICE
1,16,48,151,47,135,182,3332,7,RAMB18,SLICE
1,16,47,143,46,127,173,4576,7,RAMB18,SLICE
1,16,42,142,41,126,167,4098,7,RAMB18,SLICE
1,16,40,145,39,129,168,4793,7,RAMB18,SLICE
1,16,39,158,38,142,180,5985,7,RAMB18,SLICE
1,16,53,147,52,131,183,4938,7,RAMB18,SLICE
1,16,48,154,47,138,185,5520,7,RAMB18,SLICE
1,16,48,156,47,140,187,5845,7,RAMB18,SLICE
1,16,51,152,50,136,186,5778,7,RAMB18,SLICE
1,16,47,144,46,128,174,3952,7,RAMB18,SLICE
1,16,46,144,45,128,173,3859,7,RAMB18,SLICE
1,16,45,143,44,127,171,3832,7,RAMB18,SLICE
1,16,46,140,45,124,169,3701,7,RAMB18,SLICE
1,9,53,149,52,140,192,4376,7,RAMB18,SLICE
1,9,45,155,44,146,190,4749,7,RAMB18,SLICE
1,9,45,153,44,144,188,4780,7,RAMB18,SLICE
1,9,43,155,42,146,188,5065,7,RAMB18,SLICE
1,9,45,142,44,133,177,4664,7,RAMB18,SLICE
1,9,45,155,44,146,190,5425,7,RAMB18,SLICE
1,9,44,147,43,138,181,4833,7,RAMB18,SLICE
1,9,45,158,44,149,193,5776,7,RAMB18,SLICE
1,9,39,147,38,138,176,5851,7,RAMB18,SLICE
1,9,40,145,39,136,175,6094,7,RAMB18,SLICE
1,9,39,149,38,140,178,6041,7,RAMB18,SLICE
1,9,46,145,45,136,181,5595,7,RAMB18,SLICE
55,145,40,145,15,0,15,833,7,SLICE,SLICE
55,145,43,138,12,7,19,1325,7,SLICE,SLICE
55,145,43,145,12,0,12,860,7,SLICE,SLICE
55,145,42,141,13,4,17,1170,7,SLICE,SLICE
55,134,54,144,1,10,11,712,7,SLICE,SLICE
55,134,50,147,5,13,18,1294,7,SLICE,SLICE
55,134,48,158,7,24,31,1382,7,SLICE,SLICE
55,134,48,159,7,25,32,1448,7,SLICE,SLICE
2,26,47,158,45,132,177,5149,7,RAMB18,SLICE
2,26,45,139,43,113,156,3202,7,RAMB18,SLICE
2,26,47,144,45,118,163,3600,7,RAMB18,SLICE
2,26,48,135,46,109,155,3045,7,RAMB18,SLICE
2,26,47,151,45,125,170,3742,7,RAMB18,SLICE
2,26,48,150,46,124,170,4078,7,RAMB18,SLICE
2,26,49,136,47,110,157,2696,7,RAMB18,SLICE
2,26,46,142,44,116,160,3308,7,RAMB18,SLICE
2,26,39,158,37,132,169,3993,7,RAMB18,SLICE
2,26,40,149,38,123,161,3150,7,RAMB18,SLICE
2,26,40,136,38,110,148,2579,7,RAMB18,SLICE
2,26,41,158,39,132,171,3472,7,RAMB18,SLICE
55,141,40,149,15,8,23,732,7,SLICE,SLICE
55,141,41,159,14,18,32,1322,7,SLICE,SLICE
55,141,45,159,10,18,28,1307,7,SLICE,SLICE
55,141,43,152,12,11,23,1312,7,SLICE,SLICE
57,138,53,152,4,14,18,857,6,SLICE,SLICE
57,138,53,157,4,19,23,1159,6,SLICE,SLICE
57,138,49,155,8,17,25,1452,6,SLICE,SLICE
57,138,50,156,7,18,25,1190,6,SLICE,SLICE
1,10,38,153,37,143,180,3855,7,RAMB18,SLICE
1,10,38,143,37,133,170,3335,7,RAMB18,SLICE
1,10,45,146,44,136,180,3806,7,RAMB18,SLICE
1,10,42,154,41,144,185,4433,7,RAMB18,SLICE
1,10,52,156,51,146,197,5452,7,RAMB18,SLICE
1,10,48,155,47,145,192,6237,7,RAMB18,SLICE
1,10,48,159,47,149,196,5909,7,RAMB18,SLICE
1,10,53,160,52,150,202,5792,7,RAMB18,SLICE
1,10,40,144,39,134,173,5855,7,RAMB18,SLICE
1,10,39,152,38,142,180,6435,7,RAMB18,SLICE
1,10,47,134,46,124,170,5031,7,RAMB18,SLICE
1,10,39,153,38,143,181,6698,7,RAMB18,SLICE
1,10,43,136,42,126,168,3082,7,RAMB18,SLICE
1,10,41,154,40,144,184,4213,7,RAMB18,SLICE
1,10,39,151,38,141,179,3737,7,RAMB18,SLICE
1,10,40,154,39,144,183,4670,7,RAMB18,SLICE
48,168,50,154,2,14,16,1200,7,SLICE,SLICE
48,168,51,153,3,15,18,1227,7,SLICE,SLICE
48,168,49,155,1,13,14,1388,7,SLICE,SLICE
48,168,53,160,5,8,13,999,7,SLICE,SLICE
56,140,42,135,14,5,19,996,7,SLICE,SLICE
56,140,43,139,13,1,14,990,7,SLICE,SLICE
56,140,41,146,15,6,21,1086,7,SLICE,SLICE
56,140,42,143,14,3,17,919,7,SLICE,SLICE
1,1,49,145,48,144,192,5542,7,RAMB18,SLICE
1,1,49,146,48,145,193,5732,7,RAMB18,SLICE
1,1,46,150,45,149,194,6113,7,RAMB18,SLICE
1,1,49,142,48,141,189,5212,7,RAMB18,SLICE
1,1,43,146,42,145,187,5806,7,RAMB18,SLICE
1,1,51,148,50,147,197,6422,7,RAMB18,SLICE
1,1,47,146,46,145,191,5685,7,RAMB18,SLICE
1,1,44,145,43,144,187,5707,7,RAMB18,SLICE
1,1,51,146,50,145,195,6207,7,RAMB18,SLICE
1,1,51,146,50,145,195,6359,7,RAMB18,SLICE
1,1,50,147,49,146,195,6346,7,RAMB18,SLICE
1,1,50,141,49,140,189,5773,7,RAMB18,SLICE
57,134,43,134,14,0,14,959,7,SLICE,SLICE
57,134,40,133,17,1,18,1133,7,SLICE,SLICE
57,134,47,134,10,0,10,700,7,SLICE,SLICE
57,134,37,151,20,17,37,1399,7,SLICE,SLICE
58,137,51,140,7,3,10,854,7,SLICE,SLICE
58,137,53,156,5,19,24,1577,7,SLICE,SLICE
58,137,50,157,8,20,28,1579,7,SLICE,SLICE
58,137,50,150,8,13,21,971,7,SLICE,SLICE
57,136,39,145,18,9,27,1408,7,SLICE,SLICE
57,136,39,152,18,16,34,1772,7,SLICE,SLICE
57,136,39,150,18,14,32,1808,7,SLICE,SLICE
57,136,44,145,13,9,22,1084,7,SLICE,SLICE
2,16,47,148,45,132,177,5190,7,RAMB18,SLICE
2,16,48,144,46,128,174,4570,7,RAMB18,SLICE
2,16,50,143,48,127,175,4426,7,RAMB18,SLICE
2,16,48,144,46,128,174,4829,7,RAMB18,SLICE
2,16,41,146,39,130,169,3804,7,RAMB18,SLICE
2,16,44,138,42,122,164,3285,7,RAMB18,SLICE
2,16,41,146,39,130,169,3953,7,RAMB18,SLICE
2,16,39,151,37,135,172,3934,7,RAMB18,SLICE
2,16,42,157,40,141,181,3366,7,RAMB18,SLICE
2,16,43,146,41,130,171,2768,7,RAMB18,SLICE
2,16,43,154,41,138,179,2893,7,RAMB18,SLICE
2,16,45,159,43,143,186,3495,7,RAMB18,SLICE
56,137,40,136,16,1,17,1009,7,SLICE,SLICE
56,137,40,136,16,1,17,1005,7,SLICE,SLICE
56,137,39,146,17,9,26,1209,7,SLICE,SLICE
56,137,40,139,16,2,18,1309,7,SLICE,SLICE
44,164,50,136,6,28,34,1865,7,SLICE,SLICE
44,164,44,139,0,25,25,1864,7,SLICE,SLICE
44,164,44,136,0,28,28,1787,7,SLICE,SLICE
44,164,44,135,0,29,29,2034,7,SLICE,SLICE
1,3,49,158,48,155,203,6737,7,RAMB18,SLICE
1,3,49,149,48,146,194,6424,7,RAMB18,SLICE
1,3,51,157,50,154,204,6955,7,RAMB18,SLICE
1,3,48,146,47,143,190,6833,7,RAMB18,SLICE
1,3,50,146,49,143,192,5961,7,RAMB18,SLICE
1,3,52,142,51,139,190,5456,7,RAMB18,SLICE
1,3,51,157,50,154,204,6649,7,RAMB18,SLICE
1,3,50,147,49,144,193,5782,7,RAMB18,SLICE
1,3,51,141,50,138,188,5233,7,RAMB18,SLICE
1,3,50,148,49,145,194,5973,7,RAMB18,SLICE
1,3,51,148,50,145,195,6111,7,RAMB18,SLICE
1,3,49,150,48,147,195,6368,7,RAMB18,SLICE
1,3,52,157,51,154,205,4930,7,RAMB18,SLICE
1,3,52,148,51,145,196,4309,7,RAMB18,SLICE
1,3,51,157,50,154,204,5062,7,RAMB18,SLICE
1,3,51,160,50,157,207,5165,7,RAMB18,SLICE
57,146,48,143,9,3,12,832,7,SLICE,SLICE
57,146,54,145,3,1,4,584,7,SLICE,SLICE
57,146,44,153,13,7,20,1115,7,SLICE,SLICE
57,146,48,142,9,4,13,831,7,SLICE,SLICE
54,148,50,138,4,10,14,1104,7,SLICE,SLICE
54,148,42,150,12,2,14,1070,7,SLICE,SLICE
54,148,44,145,10,3,13,1017,7,SLICE,SLICE
54,148,48,134,6,14,20,1249,7,SLICE,SLICE
2,24,48,145,46,121,167,3686,7,RAMB18,SLICE
2,24,49,143,47,119,166,3499,7,RAMB18,SLICE
2,24,47,156,45,132,177,4281,7,RAMB18,SLICE
2,24,45,149,43,125,168,4449,7,RAMB18,SLICE
2,24,38,137,36,113,149,2484,7,RAMB18,SLICE
2,24,41,150,39,126,165,3122,7,RAMB18,SLICE
2,24,47,147,45,123,168,3200,7,RAMB18,SLICE
2,24,40,157,38,133,171,3892,7,RAMB18,SLICE
2,24,53,154,51,130,181,4204,7,RAMB18,SLICE
2,24,52,159,50,135,185,4184,7,RAMB18,SLICE
2,24,49,160,47,136,183,4515,7,RAMB18,SLICE
2,24,48,152,46,128,174,3821,7,RAMB18,SLICE
56,136,44,140,12,4,16,756,7,SLICE,SLICE
56,136,42,154,14,18,32,1495,7,SLICE,SLICE
56,136,42,143,14,7,21,1397,7,SLICE,SLICE
56,136,47,157,9,21,30,1836,7,SLICE,SLICE
57,143,45,148,12,5,17,1041,7,SLICE,SLICE
57,143,46,139,11,4,15,1400,7,SLICE,SLICE
57,143,45,142,12,1,13,1069,7,SLICE,SLICE
57,143,45,154,12,11,23,1423,7,SLICE,SLICE
58,138,51,139,7,1,8,744,6,SLICE,SLICE
58,138,44,144,14,6,20,836,6,SLICE,SLICE
58,138,43,145,15,7,22,1247,6,SLICE,SLICE
58,138,48,134,10,4,14,881,6,SLICE,SLICE
1,22,50,150,49,128,177,5033,7,RAMB18,SLICE
1,22,51,145,50,123,173,4003,7,RAMB18,SLICE
1,22,51,158,50,136,186,5785,7,RAMB18,SLICE
1,22,50,148,49,126,175,4781,7,RAMB18,SLICE
1,22,50,150,49,128,177,3161,7,RAMB18,SLICE
1,22,52,158,51,136,187,3586,7,RAMB18,SLICE
1,22,52,152,51,130,181,3267,7,RAMB18,SLICE
1,22,53,152,52,130,182,3395,7,RAMB18,SLICE
1,22,49,149,48,127,175,4646,7,RAMB18,SLICE
1,22,50,143,49,121,170,3704,7,RAMB18,SLICE
1,22,49,151,48,129,177,4443,7,RAMB18,SLICE
1,22,45,153,44,131,175,5289,7,RAMB18,SLICE
54,150,45,147,9,3,12,1347,7,SLICE,SLICE
54,150,47,139,7,11,18,1915,7,SLICE,SLICE
54,150,42,153,12,3,15,993,7,SLICE,SLICE
54,150,42,155,12,5,17,1199,7,SLICE,SLICE
58,136,51,160,7,24,31,1614,7,SLICE,SLICE
58,136,51,147,7,11,18,1510,7,SLICE,SLICE
58,136,49,141,9,5,14,729,7,SLICE,SLICE
58,136,51,147,7,11,18,1685,7,SLICE,SLICE
1,25,47,145,46,120,166,3970,7,RAMB18,SLICE
1,25,43,148,42,123,165,4705,7,RAMB18,SLICE
1,25,45,145,44,120,164,4471,7,RAMB18,SLICE
1,25,45,141,44,116,160,3789,7,RAMB18,SLICE
1,25,47,148,46,123,169,4143,7,RAMB18,SLICE
1,25,44,152,43,127,170,4677,7,RAMB18,SLICE
1,25,47,156,46,131,177,5564,7,RAMB18,SLICE
1,25,43,146,42,121,163,3564,7,RAMB18,SLICE
1,25,45,144,44,119,163,3450,7,RAMB18,SLICE
1,25,47,159,46,134,180,4553,7,RAMB18,SLICE
1,25,45,158,44,133,177,4729,7,RAMB18,SLICE
1,25,46,160,45,135,180,4672,7,RAMB18,SLICE
1,25,44,147,43,122,165,3935,7,RAMB18,SLICE
1,25,46,159,45,134,179,4701,7,RAMB18,SLICE
1,25,42,143,41,118,159,3288,7,RAMB18,SLICE
1,25,44,161,43,136,179,4801,7,RAMB18,SLICE
49,164,49,149,0,15,15,1406,7,SLICE,SLICE
49,164,51,155,2,9,11,784,7,SLICE,SLICE
49,164,50,143,1,21,22,1613,7,SLICE,SLICE
49,164,49,156,0,8,8,851,7,SLICE,SLICE
59,134,53,160,6,26,32,1618,7,SLICE,SLICE
59,134,47,156,12,22,34,1883,7,SLICE,SLICE
59,134,53,144,6,10,16,656,7,SLICE,SLICE
59,134,47,164,12,30,42,1901,7,SLICE,SLICE
2,3,48,158,46,155,201,5312,7,RAMB18,SLICE
2,3,52,142,50,139,189,4196,7,RAMB18,SLICE
2,3,50,140,48,137,185,3875,7,RAMB18,SLICE
2,3,50,157,48,154,202,5116,7,RAMB18,SLICE
2,3,48,150,46,147,193,5286,7,RAMB18,SLICE
2,3,51,142,49,139,188,4655,7,RAMB18,SLICE
2,3,52,139,50,136,186,4561,7,RAMB18,SLICE
2,3,49,154,47,151,198,5295,7,RAMB18,SLICE
2,3,55,145,53,142,195,5177,7,RAMB18,SLICE
2,3,50,142,48,139,187,4285,7,RAMB18,SLICE
2,3,53,146,51,143,194,4981,7,RAMB18,SLICE
2,3,51,145,49,142,191,4611,7,RAMB18,SLICE
55,150,49,145,6,5,11,1228,7,SLICE,SLICE
55,150,49,154,6,4,10,983,7,SLICE,SLICE
55,150,49,154,6,4,10,656,7,SLICE,SLICE
55,150,46,163,9,13,22,1418,7,SLICE,SLICE
49,167,48,140,1,27,28,1825,7,SLICE,SLICE
49,167,45,159,4,8,12,835,7,SLICE,SLICE
49,167,42,139,7,28,35,1501,7,SLICE,SLICE
49,167,46,154,3,13,16,1152,7,SLICE,SLICE
1,18,51,137,50,119,169,4483,7,RAMB18,SLICE
1,18,45,141,44,123,167,4625,7,RAMB18,SLICE
1,18,45,154,44,136,180,5542,7,RAMB18,SLICE
1,18,45,143,44,125,169,4856,7,RAMB18,SLICE
1,18,41,141,40,123,163,3849,6,RAMB18,SLICE
1,18,43,134,42,116,158,3529,6,RAMB18,SLICE
1,18,43,134,42,116,158,3534,6,RAMB18,SLICE
1,18,40,147,39,129,168,4042,6,RAMB18,SLICE
1,18,52,138,51,120,171,3908,7,RAMB18,SLICE
1,18,52,135,51,117,168,3865,7,RAMB18,SLICE
1,18,52,149,51,131,182,4724,7,RAMB18,SLICE
1,18,50,136,49,118,167,3748,7,RAMB18,SLICE
2,25,45,152,43,127,170,4694,7,RAMB18,SLICE
2,25,50,138,48,113,161,3042,7,RAMB18,SLICE
2,25,54,144,52,119,171,3885,7,RAMB18,SLICE
2,25,47,160,45,135,180,4946,7,RAMB18,SLICE
2,25,44,148,42,123,165,3862,7,RAMB18,SLICE
2,25,46,160,44,135,179,4305,7,RAMB18,SLICE
2,25,45,142,43,117,160,3589,7,RAMB18,SLICE
2,25,46,138,44,113,157,3112,7,RAMB18,SLICE
2,25,52,147,50,122,172,3195,7,RAMB18,SLICE
2,25,42,155,40,130,170,3841,7,RAMB18,SLICE
2,25,45,143,43,118,161,3126,7,RAMB18,SLICE
2,25,44,162,42,137,179,3866,7,RAMB18,SLICE
2,25,47,138,45,113,158,2999,7,RAMB18,SLICE
2,25,47,136,45,111,156,2841,7,RAMB18,SLICE
2,25,45,145,43,120,163,3315,7,RAMB18,SLICE
2,25,44,149,42,124,166,3502,7,RAMB18,SLICE
54,137,54,143,0,6,6,716,7,SLICE,SLICE
54,137,45,141,9,4,13,912,7,SLICE,SLICE
54,137,44,137,10,0,10,715,7,SLICE,SLICE
54,137,42,150,12,13,25,1056,7,SLICE,SLICE
55,147,42,153,13,6,19,937,7,SLICE,SLICE
55,147,43,149,12,2,14,1358,7,SLICE,SLICE
55,147,49,136,6,11,17,740,7,SLICE,SLICE
55,147,44,152,11,5,16,915,7,SLICE,SLICE
1,37,45,151,44,114,158,2840,7,RAMB18,SLICE
1,37,47,148,46,111,157,2632,7,RAMB18,SLICE
1,37,49,141,48,104,152,2432,7,RAMB18,SLICE
1,37,44,141,43,104,147,2111,7,RAMB18,SLICE
1,37,45,142,44,105,149,2573,7,RAMB18,SLICE
1,37,47,139,46,102,148,2909,7,RAMB18,SLICE
1,37,45,142,44,105,149,2508,7,RAMB18,SLICE
1,37,46,143,45,106,151,2737,7,RAMB18,SLICE
1,37,45,155,44,118,162,3717,7,RAMB18,SLICE
1,37,38,148,37,111,148,2902,7,RAMB18,SLICE
1,37,38,154,37,117,154,3457,7,RAMB18,SLICE
1,37,44,161,43,124,167,4095,7,RAMB18,SLICE
57,145,52,141,5,4,9,737,7,SLICE,SLICE
57,145,42,145,15,0,15,1164,7,SLICE,SLICE
57,145,42,149,15,4,19,1270,7,SLICE,SLICE
57,145,46,146,11,1,12,998,7,SLICE,SLICE
42,170,42,170,0,0,0,56,1,SLICE,SLICE
22,154,22,154,0,0,0,56,1,SLICE,SLICE
42,178,42,178,0,0,0,55,1,SLICE,SLICE
38,178,38,178,0,0,0,56,1,SLICE,SLICE
40,178,40,178,0,0,0,58,1,SLICE,SLICE
42,169,42,169,0,0,0,55,1,SLICE,SLICE
39,182,39,182,0,0,0,59,1,SLICE,SLICE
36,184,36,184,0,0,0,59,1,SLICE,SLICE
39,182,39,182,0,0,0,58,1,SLICE,SLICE
44,180,44,180,0,0,0,58,1,SLICE,SLICE
38,170,38,170,0,0,0,55,1,SLICE,SLICE
44,179,44,179,0,0,0,59,1,SLICE,SLICE
42,181,42,181,0,0,0,55,1,SLICE,SLICE
44,177,44,177,0,0,0,59,1,SLICE,SLICE
42,175,42,175,0,0,0,55,1,SLICE,SLICE
44,179,44,179,0,0,0,58,1,SLICE,SLICE
40,181,40,181,0,0,0,58,1,SLICE,SLICE
43,175,43,175,0,0,0,58,1,SLICE,SLICE
45,183,45,183,0,0,0,58,1,SLICE,SLICE
23,161,23,161,0,0,0,59,1,SLICE,SLICE
44,170,44,170,0,0,0,58,1,SLICE,SLICE
22,162,22,162,0,0,0,55,1,SLICE,SLICE
42,172,42,172,0,0,0,55,1,SLICE,SLICE
42,164,42,164,0,0,0,55,1,SLICE,SLICE
45,168,45,168,0,0,0,58,1,SLICE,SLICE
42,172,42,172,0,0,0,55,1,SLICE,SLICE
45,176,45,176,0,0,0,59,1,SLICE,SLICE
46,172,46,172,0,0,0,55,1,SLICE,SLICE
44,175,44,175,0,0,0,58,1,SLICE,SLICE
46,174,46,174,0,0,0,55,1,SLICE,SLICE
23,159,23,159,0,0,0,58,1,SLICE,SLICE
36,169,36,169,0,0,0,59,1,SLICE,SLICE
36,167,36,167,0,0,0,58,1,SLICE,SLICE
38,162,38,162,0,0,0,56,1,SLICE,SLICE
23,156,23,156,0,0,0,58,1,SLICE,SLICE
38,166,38,166,0,0,0,56,1,SLICE,SLICE
40,169,40,169,0,0,0,59,1,SLICE,SLICE
39,172,39,172,0,0,0,58,1,SLICE,SLICE
36,139,36,139,0,0,0,59,1,SLICE,SLICE
38,164,38,164,0,0,0,55,1,SLICE,SLICE
39,170,39,170,0,0,0,59,1,SLICE,SLICE
36,163,36,163,0,0,0,59,1,SLICE,SLICE
38,163,38,163,0,0,0,56,1,SLICE,SLICE
36,146,36,146,0,0,0,58,1,SLICE,SLICE
22,151,22,151,0,0,0,55,1,SLICE,SLICE
37,165,37,165,0,0,0,59,1,SLICE,SLICE
39,171,39,171,0,0,0,59,1,SLICE,SLICE
36,148,36,148,0,0,0,59,1,SLICE,SLICE
38,161,38,161,0,0,0,55,1,SLICE,SLICE
36,166,36,166,0,0,0,59,1,SLICE,SLICE
39,179,39,179,0,0,0,59,1,SLICE,SLICE
36,148,36,148,0,0,0,58,1,SLICE,SLICE
36,164,36,164,0,0,0,58,1,SLICE,SLICE
18,144,18,144,0,0,0,56,1,SLICE,SLICE
22,145,22,145,0,0,0,56,1,SLICE,SLICE
18,156,18,156,0,0,0,55,1,SLICE,SLICE
19,154,19,154,0,0,0,58,1,SLICE,SLICE
18,146,18,146,0,0,0,55,1,SLICE,SLICE
18,144,18,144,0,0,0,55,1,SLICE,SLICE
20,143,20,143,0,0,0,56,1,SLICE,SLICE
20,150,20,150,0,0,0,55,1,SLICE,SLICE
20,152,20,152,0,0,0,55,1,SLICE,SLICE
22,134,22,134,0,0,0,55,1,SLICE,SLICE
40,171,40,171,0,0,0,58,1,SLICE,SLICE
18,158,18,158,0,0,0,55,1,SLICE,SLICE
20,143,20,143,0,0,0,55,1,SLICE,SLICE
21,142,21,142,0,0,0,59,1,SLICE,SLICE
18,139,18,139,0,0,0,56,1,SLICE,SLICE
20,142,20,142,0,0,0,56,1,SLICE,SLICE
19,143,19,143,0,0,0,58,1,SLICE,SLICE
20,139,20,139,0,0,0,56,1,SLICE,SLICE
18,141,18,141,0,0,0,55,1,SLICE,SLICE
37,163,37,163,0,0,0,59,1,SLICE,SLICE
19,143,19,143,0,0,0,58,1,SLICE,SLICE
40,170,40,170,0,0,0,58,1,SLICE,SLICE
19,140,19,140,0,0,0,58,1,SLICE,SLICE
19,139,19,139,0,0,0,58,1,SLICE,SLICE
21,146,21,146,0,0,0,59,1,SLICE,SLICE
22,140,22,140,0,0,0,55,1,SLICE,SLICE
22,131,22,131,0,0,0,55,1,SLICE,SLICE
20,140,20,140,0,0,0,56,1,SLICE,SLICE
20,142,20,142,0,0,0,55,1,SLICE,SLICE
20,155,20,155,0,0,0,55,1,SLICE,SLICE
23,164,23,164,0,0,0,59,1,SLICE,SLICE
22,140,22,140,0,0,0,55,1,SLICE,SLICE
23,141,23,141,0,0,0,58,1,SLICE,SLICE
20,144,20,144,0,0,0,55,1,SLICE,SLICE
23,138,23,138,0,0,0,58,1,SLICE,SLICE
40,166,40,166,0,0,0,58,1,SLICE,SLICE
20,167,20,167,0,0,0,55,1,SLICE,SLICE
21,157,21,157,0,0,0,58,1,SLICE,SLICE
39,164,39,164,0,0,0,59,1,SLICE,SLICE
38,170,38,170,0,0,0,55,1,SLICE,SLICE
22,153,22,153,0,0,0,55,1,SLICE,SLICE
41,171,41,171,0,0,0,58,1,SLICE,SLICE
23,156,23,156,0,0,0,58,1,SLICE,SLICE
40,165,40,165,0,0,0,58,1,SLICE,SLICE
23,149,23,149,0,0,0,59,1,SLICE,SLICE
36,155,36,155,0,0,0,58,1,SLICE,SLICE
21,154,21,154,0,0,0,58,1,SLICE,SLICE
42,166,42,166,0,0,0,56,1,SLICE,SLICE
40,181,40,181,0,0,0,58,1,SLICE,SLICE
39,181,39,181,0,0,0,58,1,SLICE,SLICE
38,182,38,182,0,0,0,55,1,SLICE,SLICE
37,176,37,176,0,0,0,59,1,SLICE,SLICE
41,175,41,175,0,0,0,58,1,SLICE,SLICE
40,176,40,176,0,0,0,59,1,SLICE,SLICE
39,148,17,151,22,3,25,809,7,SLICE,SLICE
39,148,17,140,22,8,30,1168,7,SLICE,SLICE
39,148,19,136,20,12,32,1621,7,SLICE,SLICE
39,148,18,141,21,7,28,1108,7,SLICE,SLICE
39,151,18,144,21,7,28,1082,7,SLICE,SLICE
39,151,36,149,3,2,5,674,7,SLICE,SLICE
39,151,23,146,16,5,21,881,7,SLICE,SLICE
39,151,19,144,20,7,27,818,7,SLICE,SLICE
1,23,36,154,35,131,166,3618,7,RAMB18,SLICE
1,23,22,149,21,126,147,2830,7,RAMB18,SLICE
1,23,36,173,35,150,185,4863,7,RAMB18,SLICE
1,23,38,159,37,136,173,4200,7,RAMB18,SLICE
1,23,19,135,18,112,130,3239,7,RAMB18,SLICE
1,23,21,146,20,123,143,4135,7,RAMB18,SLICE
1,23,22,137,21,114,135,3113,7,RAMB18,SLICE
1,23,23,138,22,115,137,3269,7,RAMB18,SLICE
1,23,23,152,22,129,151,4576,7,RAMB18,SLICE
1,23,40,164,39,141,180,5556,7,RAMB18,SLICE
1,23,23,155,22,132,154,4634,7,RAMB18,SLICE
1,23,23,157,22,134,156,5078,7,RAMB18,SLICE
36,138,38,182,2,44,46,2799,7,SLICE,SLICE
36,138,40,182,4,44,48,2837,7,SLICE,SLICE
36,138,40,182,4,44,48,2578,7,SLICE,SLICE
36,138,43,174,7,36,43,2081,7,SLICE,SLICE
42,159,19,135,23,24,47,1679,7,SLICE,SLICE
42,159,23,135,19,24,43,1143,7,SLICE,SLICE
42,159,18,145,24,14,38,1701,7,SLICE,SLICE
42,159,19,141,23,18,41,1519,7,SLICE,SLICE
1,11,42,168,41,157,198,4420,7,RAMB18,SLICE
1,11,45,174,44,163,207,5161,7,RAMB18,SLICE
1,11,45,173,44,162,206,5101,7,RAMB18,SLICE
1,11,42,168,41,157,198,4410,7,RAMB18,SLICE
1,11,20,148,19,137,156,2758,7,RAMB18,SLICE
1,11,20,156,19,145,164,3470,7,RAMB18,SLICE
1,11,21,154,20,143,163,3052,7,RAMB18,SLICE
1,11,21,159,20,148,168,3473,7,RAMB18,SLICE
1,11,23,138,22,127,149,4284,7,RAMB18,SLICE
1,11,23,146,22,135,157,4504,7,RAMB18,SLICE
1,11,20,135,19,124,143,4159,7,RAMB18,SLICE
1,11,22,138,21,127,148,3975,7,RAMB18,SLICE
47,168,46,177,1,9,10,1135,7,SLICE,SLICE
47,168,43,171,4,3,7,705,7,SLICE,SLICE
47,168,45,175,2,7,9,1341,7,SLICE,SLICE
47,168,47,176,0,8,8,911,7,SLICE,SLICE
38,138,20,155,18,17,35,1801,7,SLICE,SLICE
38,138,20,152,18,14,32,1484,7,SLICE,SLICE
38,138,21,142,17,4,21,781,7,SLICE,SLICE
38,138,23,145,15,7,22,1302,7,SLICE,SLICE
1,14,17,144,16,130,146,3978,7,RAMB18,SLICE
1,14,23,139,22,125,147,3817,7,RAMB18,SLICE
1,14,23,146,22,132,154,4186,7,RAMB18,SLICE
1,14,36,141,35,127,162,3946,7,RAMB18,SLICE
1,14,37,170,36,156,192,5591,7,RAMB18,SLICE
1,14,36,163,35,149,184,5452,7,RAMB18,SLICE
1,14,37,146,36,132,168,4621,7,RAMB18,SLICE
1,14,38,165,37,151,188,5683,7,RAMB18,SLICE
1,14,36,142,35,128,163,4640,7,RAMB18,SLICE
1,14,20,137,19,123,142,4003,7,RAMB18,SLICE
1,14,37,144,36,130,166,4705,7,RAMB18,SLICE
1,14,36,138,35,124,159,4862,7,RAMB18,SLICE
1,14,43,182,42,168,210,4029,7,RAMB18,SLICE
1,14,41,172,40,158,198,4262,7,RAMB18,SLICE
1,14,44,184,43,170,213,4403,7,RAMB18,SLICE
1,14,42,170,41,156,197,3708,7,RAMB18,SLICE
39,140,19,139,20,1,21,626,7,SLICE,SLICE
39,140,23,138,16,2,18,943,7,SLICE,SLICE
39,140,22,136,17,4,21,918,7,SLICE,SLICE
39,140,23,137,16,3,19,731,7,SLICE,SLICE
46,170,37,182,9,12,21,1153,7,SLICE,SLICE
46,170,37,174,9,4,13,854,7,SLICE,SLICE
46,170,39,176,7,6,13,549,7,SLICE,SLICE
46,170,42,173,4,3,7,745,7,SLICE,SLICE
39,147,43,176,4,29,33,1865,7,SLICE,SLICE
39,147,42,181,3,34,37,2135,7,SLICE,SLICE
39,147,43,181,4,34,38,2115,7,SLICE,SLICE
39,147,36,173,3,26,29,1559,7,SLICE,SLICE
1,27,40,169,39,142,181,3604,7,RAMB18,SLICE
1,27,36,146,35,119,154,3289,7,RAMB18,SLICE
1,27,36,145,35,118,153,2877,7,RAMB18,SLICE
1,27,36,145,35,118,153,2874,7,RAMB18,SLICE
1,27,36,150,35,123,158,2776,7,RAMB18,SLICE
1,27,40,163,39,136,175,3696,7,RAMB18,SLICE
1,27,38,159,37,132,169,3413,7,RAMB18,SLICE
1,27,37,155,36,128,164,3294,7,RAMB18,SLICE
1,27,21,140,20,113,133,3514,7,RAMB18,SLICE
1,27,20,142,19,115,134,3725,7,RAMB18,SLICE
1,27,23,136,22,109,131,2792,7,RAMB18,SLICE
1,27,21,142,20,115,135,3605,7,RAMB18,SLICE
38,157,18,133,20,24,44,1586,7,SLICE,SLICE
38,157,18,144,20,13,33,1054,7,SLICE,SLICE
38,157,19,141,19,16,35,1163,7,SLICE,SLICE
38,157,18,133,20,24,44,1830,7,SLICE,SLICE
39,142,20,141,19,1,20,835,7,SLICE,SLICE
39,142,16,151,23,9,32,2068,7,SLICE,SLICE
39,142,20,143,19,1,20,1182,7,SLICE,SLICE
39,142,36,139,3,3,6,456,7,SLICE,SLICE
1,20,20,148,19,128,147,4177,7,RAMB18,SLICE
1,20,42,160,41,140,181,4873,7,RAMB18,SLICE
1,20,19,143,18,123,141,3912,7,RAMB18,SLICE
1,20,20,155,19,135,154,4515,7,RAMB18,SLICE
1,20,20,155,19,135,154,4305,7,RAMB18,SLICE
1,20,20,139,19,119,138,3546,7,RAMB18,SLICE
1,20,22,137,21,117,138,3331,7,RAMB18,SLICE
1,20,39,159,38,139,177,4782,7,RAMB18,SLICE
1,20,38,167,37,147,184,5177,7,RAMB18,SLICE
1,20,39,168,38,148,186,5572,7,RAMB18,SLICE
1,20,41,163,40,143,183,4592,7,RAMB18,SLICE
1,20,41,163,40,143,183,4951,7,RAMB18,SLICE
39,135,38,161,1,26,27,1582,7,SLICE,SLICE
39,135,37,145,2,10,12,871,7,SLICE,SLICE
39,135,37,145,2,10,12,912,7,SLICE,SLICE
39,135,36,179,3,44,47,2141,7,SLICE,SLICE
38,141,37,150,1,9,10,555,7,SLICE,SLICE
38,141,22,152,16,11,27,971,7,SLICE,SLICE
38,141,23,141,15,0,15,772,7,SLICE,SLICE
38,141,36,144,2,3,5,557,7,SLICE,SLICE
1,31,40,161,39,130,169,3826,7,RAMB18,SLICE
1,31,39,164,38,133,171,3969,7,RAMB18,SLICE
1,31,20,139,19,108,127,2750,7,RAMB18,SLICE
1,31,21,154,20,123,143,3607,7,RAMB18,SLICE
1,31,18,138,17,107,124,2877,7,RAMB18,SLICE
1,31,21,139,20,108,128,2578,7,RAMB18,SLICE
1,31,23,145,22,114,136,3375,7,RAMB18,SLICE
1,31,22,138,21,107,128,3135,7,RAMB18,SLICE
1,31,20,158,19,127,146,3441,7,RAMB18,SLICE
1,31,22,156,21,125,146,3346,7,RAMB18,SLICE
1,31,42,165,41,134,175,4094,7,RAMB18,SLICE
1,31,23,165,22,134,156,3544,7,RAMB18,SLICE
1,31,44,179,43,148,191,3744,7,RAMB18,SLICE
1,31,43,176,42,145,187,3555,7,RAMB18,SLICE
1,31,42,176,41,145,186,3429,7,RAMB18,SLICE
1,31,43,181,42,150,192,4143,7,RAMB18,SLICE
38,147,18,135,20,12,32,1426,7,SLICE,SLICE
38,147,18,140,20,7,27,1025,7,SLICE,SLICE
38,147,21,137,17,10,27,882,7,SLICE,SLICE
38,147,18,144,20,3,23,1351,7,SLICE,SLICE
44,163,40,171,4,8,12,806,7,SLICE,SLICE
44,163,21,155,23,8,31,1670,7,SLICE,SLICE
44,163,39,172,5,9,14,985,7,SLICE,SLICE
44,163,23,156,21,7,28,1462,7,SLICE,SLICE
1,28,42,178,41,150,191,4907,7,RAMB18,SLICE
1,28,40,176,39,148,187,4621,7,RAMB18,SLICE
1,28,39,180,38,152,190,5271,7,RAMB18,SLICE
1,28,23,162,22,134,156,3798,7,RAMB18,SLICE
1,28,46,180,45,152,197,4126,7,RAMB18,SLICE
1,28,45,174,44,146,190,3641,7,RAMB18,SLICE
1,28,44,172,43,144,187,3509,7,RAMB18,SLICE
1,28,45,174,44,146,190,3640,7,RAMB18,SLICE
1,28,46,174,45,146,191,5084,7,RAMB18,SLICE
1,28,37,174,36,146,182,4698,7,RAMB18,SLICE
1,28,36,163,35,135,170,3843,7,RAMB18,SLICE
1,28,40,174,39,146,185,5282,7,RAMB18,SLICE
1,48,37,150,36,102,138,2490,7,RAMB18,SLICE
1,48,18,139,17,91,108,1622,7,RAMB18,SLICE
1,48,19,135,18,87,105,1262,7,RAMB18,SLICE
1,48,18,142,17,94,111,1891,7,RAMB18,SLICE
1,48,37,183,36,135,171,2395,6,RAMB18,SLICE
1,48,43,174,42,126,168,1946,6,RAMB18,SLICE
1,48,43,174,42,126,168,1834,6,RAMB18,SLICE
1,48,39,170,38,122,160,1855,6,RAMB18,SLICE
1,48,39,159,38,111,149,2560,7,RAMB18,SLICE
1,48,20,156,19,108,127,1765,7,RAMB18,SLICE
1,48,22,150,21,102,123,1412,7,RAMB18,SLICE
1,48,23,165,22,117,139,2106,7,RAMB18,SLICE
39,156,42,162,3,6,9,1022,7,SLICE,SLICE
39,156,38,166,1,10,11,1051,7,SLICE,SLICE
39,156,38,166,1,10,11,897,7,SLICE,SLICE
39,156,37,161,2,5,7,739,7,SLICE,SLICE
39,138,40,180,1,42,43,2305,7,SLICE,SLICE
39,138,40,181,1,43,44,2233,7,SLICE,SLICE
39,138,39,183,0,45,45,2675,7,SLICE,SLICE
39,138,42,175,3,37,40,2085,7,SLICE,SLICE
1,41,43,174,42,133,175,3077,7,RAMB18,SLICE
1,41,41,178,40,137,177,3346,7,RAMB18,SLICE
1,41,39,182,38,141,179,3603,7,RAMB18,SLICE
1,41,42,174,41,133,174,3132,7,RAMB18,SLICE
1,41,42,178,41,137,178,3203,7,RAMB18,SLICE
1,41,47,179,46,138,184,3194,7,RAMB18,SLICE
1,41,37,163,36,122,158,2173,7,RAMB18,SLICE
1,41,41,178,40,137,177,3067,7,RAMB18,SLICE
1,41,42,167,41,126,167,3333,7,RAMB18,SLICE
1,41,42,168,41,127,168,3066,7,RAMB18,SLICE
1,41,47,180,46,139,185,4025,7,RAMB18,SLICE
1,41,45,166,44,125,169,2998,7,RAMB18,SLICE
1,41,21,147,20,106,126,1354,7,RAMB18,SLICE
1,41,38,163,37,122,159,2684,7,RAMB18,SLICE
1,41,23,155,22,114,136,1901,7,RAMB18,SLICE
1,41,23,154,22,113,135,2003,7,RAMB18,SLICE
46,170,46,183,0,13,13,832,7,SLICE,SLICE
46,170,47,179,1,9,10,878,7,SLICE,SLICE
46,170,46,181,0,11,11,836,7,SLICE,SLICE
46,170,40,177,6,7,13,1138,7,SLICE,SLICE
39,143,42,169,3,26,29,1675,7,SLICE,SLICE
39,143,38,175,1,32,33,2010,7,SLICE,SLICE
39,143,38,168,1,25,26,1565,7,SLICE,SLICE
39,143,38,169,1,26,27,1355,7,SLICE,SLICE
1,24,42,183,41,159,200,5301,7,RAMB18,SLICE
1,24,42,166,41,142,183,4129,7,RAMB18,SLICE
1,24,42,161,41,137,178,3942,7,RAMB18,SLICE
1,24,45,168,44,144,188,4828,7,RAMB18,SLICE
1,24,45,177,44,153,197,3435,7,RAMB18,SLICE
1,24,43,179,42,155,197,3262,7,RAMB18,SLICE
1,24,45,182,44,158,202,3844,7,RAMB18,SLICE
1,24,45,181,44,157,201,3570,7,RAMB18,SLICE
1,24,20,149,19,125,144,3181,7,RAMB18,SLICE
1,24,23,148,22,124,146,3299,7,RAMB18,SLICE
1,24,22,152,21,128,149,3546,7,RAMB18,SLICE
1,24,39,163,38,139,177,3788,7,RAMB18,SLICE
45,168,42,180,3,12,15,1203,7,SLICE,SLICE
45,168,44,184,1,16,17,1420,7,SLICE,SLICE
45,168,43,171,2,3,5,930,7,SLICE,SLICE
45,168,43,171,2,3,5,683,7,SLICE,SLICE
47,169,46,176,1,7,8,675,7,SLICE,SLICE
47,169,42,170,5,1,6,1094,7,SLICE,SLICE
47,169,47,174,0,5,5,973,7,SLICE,SLICE
47,169,46,174,1,5,6,769,7,SLICE,SLICE
1,44,47,172,46,128,174,2920,7,RAMB18,SLICE
1,44,39,180,38,136,174,3434,7,RAMB18,SLICE
1,44,39,177,38,133,171,3630,7,RAMB18,SLICE
1,44,41,175,40,131,171,3390,7,RAMB18,SLICE
1,44,44,175,43,131,174,3088,7,RAMB18,SLICE
1,44,44,166,43,122,165,2486,7,RAMB18,SLICE
1,44,46,174,45,130,175,2853,7,RAMB18,SLICE
1,44,46,174,45,130,175,2950,7,RAMB18,SLICE
1,44,21,157,20,113,133,1824,7,RAMB18,SLICE
1,44,20,151,19,107,126,1665,7,RAMB18,SLICE
1,44,23,171,22,127,149,2996,7,RAMB18,SLICE
1,44,40,172,39,128,167,3678,7,RAMB18,SLICE
44,168,37,161,7,7,14,1195,7,SLICE,SLICE
44,168,37,167,7,1,8,659,7,SLICE,SLICE
44,168,36,163,8,5,13,1134,7,SLICE,SLICE
44,168,45,175,1,7,8,759,7,SLICE,SLICE
38,151,42,169,4,18,22,1275,7,SLICE,SLICE
38,151,47,176,9,25,34,1653,7,SLICE,SLICE
38,151,43,162,5,11,16,1132,7,SLICE,SLICE
38,151,39,182,1,31,32,1951,7,SLICE,SLICE
44,166,22,136,22,30,52,2056,7,SLICE,SLICE
44,166,23,149,21,17,38,1761,7,SLICE,SLICE
44,166,23,149,21,17,38,1448,7,SLICE,SLICE
44,166,22,147,22,19,41,1974,7,SLICE,SLICE
1,8,22,134,21,126,147,3958,7,RAMB18,SLICE
1,8,18,133,17,125,142,3468,7,RAMB18,SLICE
1,8,18,149,17,141,158,4171,7,RAMB18,SLICE
1,8,22,135,21,127,148,4020,7,RAMB18,SLICE
1,8,43,166,42,158,200,4035,7,RAMB18,SLICE
1,8,40,173,39,165,204,3863,7,RAMB18,SLICE
1,8,38,169,37,161,198,3326,7,RAMB18,SLICE
1,8,38,177,37,169,206,4505,7,RAMB18,SLICE
1,8,43,180,42,172,214,5368,7,RAMB18,SLICE
1,8,45,175,44,167,211,5007,7,RAMB18,SLICE
1,8,46,181,45,173,218,5204,7,RAMB18,SLICE
1,8,46,172,45,164,209,4329,7,RAMB18,SLICE
1,8,41,161,40,153,193,4066,7,RAMB18,SLICE
1,8,39,159,38,151,189,3962,7,RAMB18,SLICE
1,8,38,170,37,162,199,4344,7,RAMB18,SLICE
1,8,22,154,21,146,167,3453,7,RAMB18,SLICE
38,136,20,145,18,9,27,897,7,SLICE,SLICE
38,136,41,164,3,28,31,2450,7,SLICE,SLICE
38,136,23,149,15,13,28,1184,7,SLICE,SLICE
38,136,21,159,17,23,40,1884,7,SLICE,SLICE
45,166,22,153,23,13,36,1336,7,SLICE,SLICE
45,166,38,171,7,5,12,1064,7,SLICE,SLICE
45,166,22,157,23,9,32,804,7,SLICE,SLICE
45,166,21,159,24,7,31,909,7,SLICE,SLICE
1,19,41,180,40,161,201,3851,7,RAMB18,SLICE
1,19,46,180,45,161,206,4129,7,RAMB18,SLICE
1,19,47,180,46,161,207,3913,7,RAMB18,SLICE
1,19,45,176,44,157,201,3853,7,RAMB18,SLICE
1,19,45,177,44,158,202,4456,6,RAMB18,SLICE
1,19,45,172,44,153,197,4468,6,RAMB18,SLICE
1,19,45,174,44,155,199,4150,6,RAMB18,SLICE
1,19,44,177,43,158,201,4759,6,RAMB18,SLICE
1,19,22,144,21,125,146,4150,7,RAMB18,SLICE
1,19,22,141,21,122,143,3930,7,RAMB18,SLICE
1,19,23,136,22,117,139,3965,7,RAMB18,SLICE
1,19,20,144,19,125,144,4015,7,RAMB18,SLICE
37,139,43,182,6,43,49,2185,7,SLICE,SLICE
37,139,43,175,6,36,42,1778,7,SLICE,SLICE
37,139,43,182,6,43,49,2338,7,SLICE,SLICE
37,139,39,183,2,44,46,1975,7,SLICE,SLICE
46,165,45,178,1,13,14,1318,6,SLICE,SLICE
46,165,43,175,3,10,13,1048,6,SLICE,SLICE
46,165,39,181,7,16,23,941,6,SLICE,SLICE
46,165,36,151,10,14,24,1229,6,SLICE,SLICE
1,32,47,174,46,142,188,4006,7,RAMB18,SLICE
1,32,43,165,42,133,175,3736,7,RAMB18,SLICE
1,32,45,178,44,146,190,4378,7,RAMB18,SLICE
1,32,43,171,42,139,181,4067,7,RAMB18,SLICE
1,32,38,168,37,136,173,3776,7,RAMB18,SLICE
1,32,37,139,36,107,143,2468,7,RAMB18,SLICE
1,32,39,160,38,128,166,3472,7,RAMB18,SLICE
1,32,40,163,39,131,170,3476,7,RAMB18,SLICE
1,32,41,178,40,146,186,4407,7,RAMB18,SLICE
1,32,45,179,44,147,191,4419,7,RAMB18,SLICE
1,32,41,181,40,149,189,4506,7,RAMB18,SLICE
1,32,43,174,42,142,184,4677,7,RAMB18,SLICE
38,156,36,170,2,14,16,908,7,SLICE,SLICE
38,156,39,169,1,13,14,1211,7,SLICE,SLICE
38,156,39,164,1,8,9,619,7,SLICE,SLICE
38,156,37,146,1,10,11,640,7,SLICE,SLICE
38,153,44,174,6,21,27,1380,7,SLICE,SLICE
38,153,43,179,5,26,31,1844,7,SLICE,SLICE
38,153,44,173,6,20,26,1573,7,SLICE,SLICE
38,153,45,174,7,21,28,1694,7,SLICE,SLICE
38,143,21,141,17,2,19,1140,7,SLICE,SLICE
38,143,19,140,19,3,22,1230,7,SLICE,SLICE
38,143,21,142,17,1,18,656,7,SLICE,SLICE
38,143,22,139,16,4,20,1042,7,SLICE,SLICE
1,13,43,168,42,155,197,5837,7,RAMB18,SLICE
1,13,42,164,41,151,192,5502,7,RAMB18,SLICE
1,13,43,176,42,163,205,6235,7,RAMB18,SLICE
1,13,39,172,38,159,197,6818,7,RAMB18,SLICE
1,13,20,142,19,129,148,4833,7,RAMB18,SLICE
1,13,21,142,20,129,149,4375,7,RAMB18,SLICE
1,13,22,141,21,128,149,4829,7,RAMB18,SLICE
1,13,22,143,21,130,151,4671,7,RAMB18,SLICE
1,13,22,143,21,130,151,4619,7,RAMB18,SLICE
1,13,16,151,15,138,153,5491,7,RAMB18,SLICE
1,13,21,143,20,130,150,4582,7,RAMB18,SLICE
1,13,18,149,17,136,153,4961,7,RAMB18,SLICE
1,13,23,153,22,140,162,4494,7,RAMB18,SLICE
1,13,22,149,21,136,157,4236,7,RAMB18,SLICE
1,13,23,155,22,142,164,4609,7,RAMB18,SLICE
1,13,23,163,22,150,172,4838,7,RAMB18,SLICE
46,171,42,181,4,10,14,934,7,SLICE,SLICE
46,171,47,182,1,11,12,1217,7,SLICE,SLICE
46,171,45,183,1,12,13,1241,7,SLICE,SLICE
46,171,45,166,1,5,6,741,7,SLICE,SLICE
39,142,20,141,19,1,20,711,7,SLICE,SLICE
39,142,39,163,0,21,21,1906,7,SLICE,SLICE
39,142,22,155,17,13,30,1637,7,SLICE,SLICE
39,142,22,150,17,8,25,1172,7,SLICE,SLICE
1,43,43,171,42,128,170,2404,7,RAMB18,SLICE
1,43,44,171,43,128,171,2078,7,RAMB18,SLICE
1,43,47,172,46,129,175,2674,7,RAMB18,SLICE
1,43,42,169,41,126,167,2235,7,RAMB18,SLICE
1,43,23,138,22,95,117,1650,7,RAMB18,SLICE
1,43,19,136,18,93,111,2168,7,RAMB18,SLICE
1,43,20,137,19,94,113,1941,7,RAMB18,SLICE
1,43,22,141,21,98,119,1627,7,RAMB18,SLICE
1,43,47,182,46,139,185,3018,7,RAMB18,SLICE
1,43,43,171,42,128,170,2390,7,RAMB18,SLICE
1,43,47,174,46,131,177,2872,7,RAMB18,SLICE
1,43,42,183,41,140,181,3510,7,RAMB18,SLICE
36,136,21,145,15,9,24,1202,7,SLICE,SLICE
36,136,22,141,14,5,19,722,7,SLICE,SLICE
36,136,19,143,17,7,24,1347,7,SLICE,SLICE
36,136,21,145,15,9,24,1356,7,SLICE,SLICE
42,160,22,144,20,16,36,1236,7,SLICE,SLICE
42,160,19,144,23,16,39,1342,7,SLICE,SLICE
42,160,23,144,19,16,35,1334,7,SLICE,SLICE
42,160,21,139,21,21,42,1769,7,SLICE,SLICE
1,17,23,150,22,133,155,4408,7,RAMB18,SLICE
1,17,23,150,22,133,155,4425,7,RAMB18,SLICE
1,17,23,143,22,126,148,3963,7,RAMB18,SLICE
1,17,23,157,22,140,162,4702,7,RAMB18,SLICE
1,17,44,175,43,158,201,4269,7,RAMB18,SLICE
1,17,39,162,38,145,183,4087,7,RAMB18,SLICE
1,17,41,176,40,159,199,4264,7,RAMB18,SLICE
1,17,38,180,37,163,200,4304,7,RAMB18,SLICE
1,17,23,164,22,147,169,3387,7,RAMB18,SLICE
1,17,43,169,42,152,194,4077,7,RAMB18,SLICE
1,17,23,156,22,139,161,2538,7,RAMB18,SLICE
1,17,36,162,35,145,180,3329,7,RAMB18,SLICE
44,170,44,180,0,10,10,1215,7,SLICE,SLICE
44,170,42,174,2,4,6,408,7,SLICE,SLICE
44,170,45,179,1,9,10,1357,7,SLICE,SLICE
44,170,42,179,2,9,11,1133,7,SLICE,SLICE
38,143,45,170,7,27,34,1810,7,SLICE,SLICE
38,143,43,168,5,25,30,1602,7,SLICE,SLICE
38,143,42,170,4,27,31,1384,7,SLICE,SLICE
38,143,44,182,6,39,45,2372,7,SLICE,SLICE
1,46,39,170,38,124,162,2024,7,RAMB18,SLICE
1,46,37,169,36,123,159,2000,7,RAMB18,SLICE
1,46,39,170,38,124,162,2177,7,RAMB18,SLICE
1,46,22,155,21,109,130,1315,7,RAMB18,SLICE
1,46,23,140,22,94,116,1480,7,RAMB18,SLICE
1,46,17,143,16,97,113,1912,7,RAMB18,SLICE
1,46,19,143,18,97,115,1905,7,RAMB18,SLICE
1,46,20,140,19,94,113,1610,7,RAMB18,SLICE
1,46,23,146,22,100,122,1542,7,RAMB18,SLICE
1,46,39,162,38,116,154,1982,7,RAMB18,SLICE
1,46,22,146,21,100,121,1444,7,RAMB18,SLICE
1,46,21,145,20,99,119,1608,7,RAMB18,SLICE
1,46,39,180,38,134,172,2429,7,RAMB18,SLICE
1,46,40,177,39,131,170,2107,7,RAMB18,SLICE
1,46,40,182,39,136,175,2670,7,RAMB18,SLICE
1,46,45,182,44,136,180,2921,7,RAMB18,SLICE
1,39,42,170,41,131,172,4400,7,RAMB18,SLICE
1,39,44,170,43,131,174,4255,7,RAMB18,SLICE
1,39,40,180,39,141,180,4701,7,RAMB18,SLICE
1,39,43,170,42,131,173,4256,7,RAMB18,SLICE
1,39,23,147,22,108,130,1931,7,RAMB18,SLICE
1,39,41,161,40,122,162,3319,7,RAMB18,SLICE
1,39,21,154,20,115,135,2921,7,RAMB18,SLICE
1,39,20,146,19,107,126,2001,7,RAMB18,SLICE
1,39,23,145,22,106,128,1968,7,RAMB18,SLICE
1,39,22,157,21,118,139,2850,7,RAMB18,SLICE
1,39,23,161,22,122,144,3041,7,RAMB18,SLICE
1,39,38,159,37,120,157,3185,7,RAMB18,SLICE
40,161,23,148,17,13,30,1511,7,SLICE,SLICE
40,161,20,153,20,8,28,1455,7,SLICE,SLICE
40,161,36,144,4,17,21,1294,7,SLICE,SLICE
40,161,37,150,3,11,14,1022,7,SLICE,SLICE
46,170,47,170,1,0,1,168,7,SLICE,SLICE
46,170,39,182,7,12,19,792,7,SLICE,SLICE
46,170,44,177,2,7,9,781,7,SLICE,SLICE
46,170,42,174,4,4,8,766,7,SLICE,SLICE
1,34,46,178,45,144,189,3800,7,RAMB18,SLICE
1,34,47,180,46,146,192,4025,7,RAMB18,SLICE
1,34,43,181,42,147,189,3807,7,RAMB18,SLICE
1,34,45,182,44,148,192,3958,7,RAMB18,SLICE
1,34,44,181,43,147,190,3971,7,RAMB18,SLICE
1,34,44,175,43,141,184,3383,7,RAMB18,SLICE
1,34,45,179,44,145,189,3942,7,RAMB18,SLICE
1,34,42,169,41,135,176,2916,7,RAMB18,SLICE
1,34,36,146,35,112,147,2697,7,RAMB18,SLICE
1,34,37,166,36,132,168,3480,7,RAMB18,SLICE
1,34,36,176,35,142,177,4180,7,RAMB18,SLICE
1,34,39,179,38,145,183,4639,7,RAMB18,SLICE
40,159,39,174,1,15,16,1307,7,SLICE,SLICE
40,159,20,148,20,11,31,985,7,SLICE,SLICE
40,159,18,149,22,10,32,1231,7,SLICE,SLICE
40,159,18,144,22,15,37,1184,7,SLICE,SLICE
26,204,26,204,0,0,0,58,1,SLICE,SLICE
20,183,20,183,0,0,0,55,1,SLICE,SLICE
36,192,36,192,0,0,0,58,1,SLICE,SLICE
36,201,36,201,0,0,0,58,1,SLICE,SLICE
36,193,36,193,0,0,0,58,1,SLICE,SLICE
34,206,34,206,0,0,0,58,1,SLICE,SLICE
38,187,38,187,0,0,0,55,1,SLICE,SLICE
38,205,38,205,0,0,0,55,1,SLICE,SLICE
38,196,38,196,0,0,0,55,1,SLICE,SLICE
38,205,38,205,0,0,0,55,1,SLICE,SLICE
42,205,42,205,0,0,0,55,1,SLICE,SLICE
40,206,40,206,0,0,0,58,1,SLICE,SLICE
38,204,38,204,0,0,0,55,1,SLICE,SLICE
39,204,39,204,0,0,0,59,1,SLICE,SLICE
22,199,22,199,0,0,0,56,1,SLICE,SLICE
39,203,39,203,0,0,0,58,1,SLICE,SLICE
39,204,39,204,0,0,0,58,1,SLICE,SLICE
38,206,38,206,0,0,0,55,1,SLICE,SLICE
39,205,39,205,0,0,0,58,1,SLICE,SLICE
39,198,39,198,0,0,0,58,1,SLICE,SLICE
42,200,42,200,0,0,0,55,1,SLICE,SLICE
42,184,42,184,0,0,0,55,1,SLICE,SLICE
40,198,40,198,0,0,0,58,1,SLICE,SLICE
42,185,42,185,0,0,0,56,1,SLICE,SLICE
40,194,40,194,0,0,0,59,1,SLICE,SLICE
30,203,30,203,0,0,0,58,1,SLICE,SLICE
42,193,42,193,0,0,0,55,1,SLICE,SLICE
42,192,42,192,0,0,0,55,1,SLICE,SLICE
42,197,42,197,0,0,0,55,1,SLICE,SLICE
43,198,43,198,0,0,0,58,1,SLICE,SLICE
40,189,40,189,0,0,0,58,1,SLICE,SLICE
39,194,39,194,0,0,0,59,1,SLICE,SLICE
39,193,39,193,0,0,0,58,1,SLICE,SLICE
40,192,40,192,0,0,0,58,1,SLICE,SLICE
27,202,27,202,0,0,0,58,1,SLICE,SLICE
36,196,36,196,0,0,0,58,1,SLICE,SLICE
38,191,38,191,0,0,0,55,1,SLICE,SLICE
38,189,38,189,0,0,0,55,1,SLICE,SLICE
39,189,39,189,0,0,0,59,1,SLICE,SLICE
39,192,39,192,0,0,0,59,1,SLICE,SLICE
39,187,39,187,0,0,0,58,1,SLICE,SLICE
36,202,36,202,0,0,0,58,1,SLICE,SLICE
36,198,36,198,0,0,0,59,1,SLICE,SLICE
36,192,36,192,0,0,0,58,1,SLICE,SLICE
40,188,40,188,0,0,0,58,1,SLICE,SLICE
36,195,36,195,0,0,0,58,1,SLICE,SLICE
36,188,36,188,0,0,0,58,1,SLICE,SLICE
30,204,30,204,0,0,0,58,1,SLICE,SLICE
30,201,30,201,0,0,0,58,1,SLICE,SLICE
36,188,36,188,0,0,0,58,1,SLICE,SLICE
24,200,24,200,0,0,0,58,1,SLICE,SLICE
36,191,36,191,0,0,0,58,1,SLICE,SLICE
36,199,36,199,0,0,0,58,1,SLICE,SLICE
37,189,37,189,0,0,0,58,1,SLICE,SLICE
20,192,20,192,0,0,0,56,1,SLICE,SLICE
37,181,37,181,0,0,0,58,1,SLICE,SLICE
23,189,23,189,0,0,0,58,1,SLICE,SLICE
20,194,20,194,0,0,0,56,1,SLICE,SLICE
32,203,32,203,0,0,0,58,1,SLICE,SLICE
23,187,23,187,0,0,0,58,1,SLICE,SLICE
36,183,36,183,0,0,0,58,1,SLICE,SLICE
22,181,22,181,0,0,0,55,1,SLICE,SLICE
22,188,22,188,0,0,0,56,1,SLICE,SLICE
23,189,23,189,0,0,0,58,1,SLICE,SLICE
22,183,22,183,0,0,0,55,1,SLICE,SLICE
20,172,20,172,0,0,0,55,1,SLICE,SLICE
18,188,18,188,0,0,0,55,1,SLICE,SLICE
30,204,30,204,0,0,0,58,1,SLICE,SLICE
22,185,22,185,0,0,0,55,1,SLICE,SLICE
19,182,19,182,0,0,0,58,1,SLICE,SLICE
18,181,18,181,0,0,0,56,1,SLICE,SLICE
18,177,18,177,0,0,0,55,1,SLICE,SLICE
20,181,20,181,0,0,0,56,1,SLICE,SLICE
22,178,22,178,0,0,0,55,1,SLICE,SLICE
18,177,18,177,0,0,0,55,1,SLICE,SLICE
18,180,18,180,0,0,0,55,1,SLICE,SLICE
18,180,18,180,0,0,0,55,1,SLICE,SLICE
20,186,20,186,0,0,0,55,1,SLICE,SLICE
23,187,23,187,0,0,0,58,1,SLICE,SLICE
17,178,17,178,0,0,0,59,1,SLICE,SLICE
20,174,20,174,0,0,0,55,1,SLICE,SLICE
19,171,19,171,0,0,0,59,1,SLICE,SLICE
18,169,18,169,0,0,0,55,1,SLICE,SLICE
20,176,20,176,0,0,0,55,1,SLICE,SLICE
18,170,18,170,0,0,0,55,1,SLICE,SLICE
18,166,18,166,0,0,0,55,1,SLICE,SLICE
18,162,18,162,0,0,0,56,1,SLICE,SLICE
18,168,18,168,0,0,0,55,1,SLICE,SLICE
19,173,19,173,0,0,0,58,1,SLICE,SLICE
22,197,22,197,0,0,0,55,1,SLICE,SLICE
20,196,20,196,0,0,0,55,1,SLICE,SLICE
28,205,28,205,0,0,0,58,1,SLICE,SLICE
23,195,23,195,0,0,0,58,1,SLICE,SLICE
22,201,22,201,0,0,0,55,1,SLICE,SLICE
37,179,37,179,0,0,0,58,1,SLICE,SLICE
20,202,20,202,0,0,0,55,1,SLICE,SLICE
37,184,37,184,0,0,0,58,1,SLICE,SLICE
29,206,29,206,0,0,0,58,1,SLICE,SLICE
22,196,22,196,0,0,0,55,1,SLICE,SLICE
23,182,23,182,0,0,0,58,1,SLICE,SLICE
28,202,28,202,0,0,0,58,1,SLICE,SLICE
28,204,28,204,0,0,0,59,1,SLICE,SLICE
36,187,36,187,0,0,0,58,1,SLICE,SLICE
38,186,38,186,0,0,0,56,1,SLICE,SLICE
30,201,30,201,0,0,0,58,1,SLICE,SLICE
36,190,36,190,0,0,0,59,1,SLICE,SLICE
36,191,36,191,0,0,0,58,1,SLICE,SLICE
22,165,36,199,14,34,48,2293,7,SLICE,SLICE
22,165,40,188,18,23,41,1447,7,SLICE,SLICE
22,165,42,189,20,24,44,1818,7,SLICE,SLICE
22,165,41,194,19,29,48,1803,7,SLICE,SLICE
18,155,38,193,20,38,58,2091,7,SLICE,SLICE
18,155,25,200,7,45,52,2151,7,SLICE,SLICE
18,155,40,192,22,37,59,2157,7,SLICE,SLICE
18,155,33,201,15,46,61,2401,7,SLICE,SLICE
0,39,41,195,41,156,197,4286,7,RAMB18,SLICE
0,39,22,178,22,139,161,3284,7,RAMB18,SLICE
0,39,22,193,22,154,176,4150,7,RAMB18,SLICE
0,39,35,201,35,162,197,4788,7,RAMB18,SLICE
0,39,18,180,18,141,159,3927,7,RAMB18,SLICE
0,39,20,179,20,140,160,3759,7,RAMB18,SLICE
0,39,20,175,20,136,156,3090,7,RAMB18,SLICE
0,39,22,177,22,138,160,3357,7,RAMB18,SLICE
0,39,21,198,21,159,180,3324,7,RAMB18,SLICE
0,39,18,172,18,133,151,2358,7,RAMB18,SLICE
0,39,21,197,21,158,179,3035,7,RAMB18,SLICE
0,39,28,203,28,164,192,4247,7,RAMB18,SLICE
22,168,21,172,1,4,5,715,7,SLICE,SLICE
22,168,19,177,3,9,12,933,7,SLICE,SLICE
22,168,37,180,15,12,27,1549,7,SLICE,SLICE
22,168,18,188,4,20,24,1161,7,SLICE,SLICE
22,168,41,202,19,34,53,1899,7,SLICE,SLICE
22,168,37,200,15,32,47,2232,7,SLICE,SLICE
22,168,39,202,17,34,51,1741,7,SLICE,SLICE
22,168,40,201,18,33,51,1907,7,SLICE,SLICE
0,9,17,169,17,160,177,5274,7,RAMB18,SLICE
0,9,19,172,19,163,182,5140,7,RAMB18,SLICE
0,9,23,174,23,165,188,5319,7,RAMB18,SLICE
0,9,20,168,20,159,179,5079,7,RAMB18,SLICE
0,9,38,194,38,185,223,6157,7,RAMB18,SLICE
0,9,22,193,22,184,206,5945,7,RAMB18,SLICE
0,9,36,189,36,180,216,6690,7,RAMB18,SLICE
0,9,22,178,22,169,191,5115,7,RAMB18,SLICE
0,9,23,191,23,182,205,6640,7,RAMB18,SLICE
0,9,21,181,21,172,193,6035,7,RAMB18,SLICE
0,9,21,187,21,178,199,6384,7,RAMB18,SLICE
0,9,21,170,21,161,182,5457,7,RAMB18,SLICE
0,9,21,201,21,192,213,6159,7,RAMB18,SLICE
0,9,20,175,20,166,186,4321,7,RAMB18,SLICE
0,9,21,198,21,189,210,5783,7,RAMB18,SLICE
0,9,23,196,23,187,210,5222,7,RAMB18,SLICE
18,148,20,183,2,35,37,1213,7,SLICE,SLICE
18,148,22,202,4,54,58,2107,7,SLICE,SLICE
18,148,21,198,3,50,53,1700,7,SLICE,SLICE
18,148,20,174,2,26,28,1123,7,SLICE,SLICE
22,173,38,191,16,18,34,1460,7,SLICE,SLICE
22,173,41,184,19,11,30,1132,7,SLICE,SLICE
22,173,40,190,18,17,35,1448,7,SLICE,SLICE
22,173,39,201,17,28,45,1853,7,SLICE,SLICE
0,32,17,179,17,147,164,3660,7,RAMB18,SLICE
0,32,19,181,19,149,168,4224,7,RAMB18,SLICE
0,32,21,184,21,152,173,4244,7,RAMB18,SLICE
0,32,37,185,37,153,190,4524,7,RAMB18,SLICE
0,32,35,200,35,168,203,4457,7,RAMB18,SLICE
0,32,22,193,22,161,183,3906,7,RAMB18,SLICE
0,32,22,192,22,160,182,4017,7,RAMB18,SLICE
0,32,22,192,22,160,182,4032,7,RAMB18,SLICE
0,32,41,186,41,154,195,4794,7,RAMB18,SLICE
0,32,41,186,41,154,195,4794,7,RAMB18,SLICE
0,32,41,190,41,158,199,4885,7,RAMB18,SLICE
0,32,42,194,42,162,204,5141,7,RAMB18,SLICE
19,149,22,177,3,28,31,1316,7,SLICE,SLICE
19,149,18,181,1,32,33,1807,7,SLICE,SLICE
19,149,21,183,2,34,36,1805,7,SLICE,SLICE
19,149,18,185,1,36,37,1816,7,SLICE,SLICE
23,172,34,202,11,30,41,2416,7,SLICE,SLICE
23,172,22,183,1,11,12,885,7,SLICE,SLICE
23,172,38,187,15,15,30,1314,7,SLICE,SLICE
23,172,36,204,13,32,45,2431,7,SLICE,SLICE
36,177,36,193,0,16,16,879,7,SLICE,SLICE
36,177,33,202,3,25,28,2168,7,SLICE,SLICE
36,177,24,200,12,23,35,2263,7,SLICE,SLICE
36,177,33,202,3,25,28,2168,7,SLICE,SLICE
0,7,20,175,20,168,188,4840,7,RAMB18,SLICE
0,7,18,178,18,171,189,5231,7,RAMB18,SLICE
0,7,21,184,21,177,198,5712,7,RAMB18,SLICE
0,7,22,181,22,174,196,5146,7,RAMB18,SLICE
0,7,21,196,21,189,210,4029,7,RAMB18,SLICE
0,7,22,199,22,192,214,4327,7,RAMB18,SLICE
0,7,22,201,22,194,216,4676,7,RAMB18,SLICE
0,7,25,203,25,196,221,4946,7,RAMB18,SLICE
0,7,20,188,20,181,201,5364,7,RAMB18,SLICE
0,7,22,177,22,170,192,4540,7,RAMB18,SLICE
0,7,18,170,18,163,181,3577,7,RAMB18,SLICE
0,7,19,173,19,166,185,4295,7,RAMB18,SLICE
22,163,23,175,1,12,13,990,7,SLICE,SLICE
22,163,22,175,0,12,12,999,7,SLICE,SLICE
22,163,20,168,2,5,7,783,7,SLICE,SLICE
22,163,37,180,15,17,32,1680,7,SLICE,SLICE
22,171,31,201,9,30,39,2386,7,SLICE,SLICE
22,171,20,195,2,24,26,1887,7,SLICE,SLICE
22,171,23,176,1,5,6,737,7,SLICE,SLICE
22,171,20,195,2,24,26,1998,7,SLICE,SLICE
0,4,37,191,37,187,224,5695,7,RAMB18,SLICE
0,4,36,187,36,183,219,5480,7,RAMB18,SLICE
0,4,22,181,22,177,199,4903,7,RAMB18,SLICE
0,4,23,190,23,186,209,5304,7,RAMB18,SLICE
0,4,38,190,38,186,224,4791,6,RAMB18,SLICE
0,4,36,191,36,187,223,4335,6,RAMB18,SLICE
0,4,41,186,41,182,223,5128,6,RAMB18,SLICE
0,4,33,204,33,200,233,4846,6,RAMB18,SLICE
0,4,20,187,20,183,203,6075,7,RAMB18,SLICE
0,4,22,177,22,173,195,5457,7,RAMB18,SLICE
0,4,20,178,20,174,194,5771,7,RAMB18,SLICE
0,4,22,177,22,173,195,5637,7,RAMB18,SLICE
0,4,30,204,30,200,230,5013,7,RAMB18,SLICE
0,4,33,206,33,202,235,5151,7,RAMB18,SLICE
0,4,32,203,32,199,231,4670,7,RAMB18,SLICE
0,4,24,201,24,197,221,4256,7,RAMB18,SLICE
23,161,40,190,17,29,46,1739,7,SLICE,SLICE
23,161,42,194,19,33,52,2478,7,SLICE,SLICE
23,161,43,202,20,41,61,2874,7,SLICE,SLICE
23,161,38,205,15,44,59,3296,7,SLICE,SLICE
19,151,26,200,7,49,56,2427,7,SLICE,SLICE
19,151,23,181,4,30,34,1493,7,SLICE,SLICE
19,151,37,182,18,31,49,1791,7,SLICE,SLICE
19,151,22,191,3,40,43,2044,7,SLICE,SLICE
1,54,40,196,39,142,181,2917,7,RAMB18,SLICE
1,54,31,205,30,151,181,4222,7,RAMB18,SLICE
1,54,41,186,40,132,172,2880,7,RAMB18,SLICE
1,54,37,192,36,138,174,2744,7,RAMB18,SLICE
1,54,25,202,24,148,172,1607,7,RAMB18,SLICE
1,54,34,206,33,152,185,2654,7,RAMB18,SLICE
1,54,26,203,25,149,174,2138,7,RAMB18,SLICE
1,54,30,203,29,149,178,1941,7,RAMB18,SLICE
1,54,23,182,22,128,150,2097,7,RAMB18,SLICE
1,54,26,202,25,148,173,2606,7,RAMB18,SLICE
1,54,28,202,27,148,175,2747,7,RAMB18,SLICE
1,54,35,203,34,149,183,2777,7,RAMB18,SLICE
22,159,40,184,18,25,43,1215,7,SLICE,SLICE
22,159,38,192,16,33,49,1618,7,SLICE,SLICE
22,159,41,205,19,46,65,2628,7,SLICE,SLICE
22,159,41,195,19,36,55,2314,7,SLICE,SLICE
21,172,38,195,17,23,40,1592,7,SLICE,SLICE
21,172,40,188,19,16,35,1083,7,SLICE,SLICE
21,172,40,194,19,22,41,1603,7,SLICE,SLICE
21,172,42,203,21,31,52,1968,7,SLICE,SLICE
1,50,31,205,30,155,185,4330,7,RAMB18,SLICE
1,50,21,195,20,145,165,3308,7,RAMB18,SLICE
1,50,18,183,17,133,150,2745,7,RAMB18,SLICE
1,50,24,203,23,153,176,3946,7,RAMB18,SLICE
1,50,40,193,39,143,182,2887,7,RAMB18,SLICE
1,50,41,193,40,143,183,2736,7,RAMB18,SLICE
1,50,43,194,42,144,186,2956,7,RAMB18,SLICE
1,50,41,202,40,152,192,3160,7,RAMB18,SLICE
1,50,35,202,34,152,186,3611,7,RAMB18,SLICE
1,50,22,191,21,141,162,2349,7,RAMB18,SLICE
1,50,23,191,22,141,163,2343,7,RAMB18,SLICE
1,50,22,193,21,143,164,2483,7,RAMB18,SLICE
0,30,31,201,31,171,202,4100,7,RAMB18,SLICE
0,30,36,202,36,172,208,4057,7,RAMB18,SLICE
0,30,35,200,35,170,205,4108,7,RAMB18,SLICE
0,30,36,202,36,172,208,4134,7,RAMB18,SLICE
0,30,37,184,37,154,191,4018,7,RAMB18,SLICE
0,30,22,182,22,152,174,3499,7,RAMB18,SLICE
0,30,33,203,33,173,206,4800,7,RAMB18,SLICE
0,30,22,196,22,166,188,4529,7,RAMB18,SLICE
0,30,36,206,36,176,212,6160,6,RAMB18,SLICE
0,30,39,204,39,174,213,5810,6,RAMB18,SLICE
0,30,41,206,41,176,217,6198,6,RAMB18,SLICE
0,30,36,195,36,165,201,6002,6,RAMB18,SLICE
0,30,36,190,36,160,196,3307,7,RAMB18,SLICE
0,30,42,189,42,159,201,3567,7,RAMB18,SLICE
0,30,39,205,39,175,214,4392,7,RAMB18,SLICE
0,30,39,201,39,171,210,4612,7,RAMB18,SLICE
16,155,22,181,6,26,32,2012,7,SLICE,SLICE
16,155,21,184,5,29,34,1668,7,SLICE,SLICE
16,155,19,179,3,24,27,1727,7,SLICE,SLICE
16,155,18,183,2,28,30,1428,7,SLICE,SLICE
20,169,36,192,16,23,39,1344,7,SLICE,SLICE
20,169,39,201,19,32,51,2221,7,SLICE,SLICE
20,169,39,196,19,27,46,1960,7,SLICE,SLICE
20,169,40,194,20,25,45,1592,7,SLICE,SLICE
0,1,41,204,41,203,244,5354,7,RAMB18,SLICE
0,1,42,203,42,202,244,5462,7,RAMB18,SLICE
0,1,42,205,42,204,246,5785,7,RAMB18,SLICE
0,1,40,184,40,183,223,4257,7,RAMB18,SLICE
0,1,41,194,41,193,234,4705,7,RAMB18,SLICE
0,1,40,205,40,204,244,6010,7,RAMB18,SLICE
0,1,37,199,37,198,235,5490,7,RAMB18,SLICE
0,1,42,186,42,185,227,4512,7,RAMB18,SLICE
0,1,29,204,29,203,232,5873,7,RAMB18,SLICE
0,1,36,206,36,205,241,6343,7,RAMB18,SLICE
0,1,30,202,30,201,231,5704,7,RAMB18,SLICE
0,1,24,203,24,202,226,5383,7,RAMB18,SLICE
23,167,37,190,14,23,37,1312,7,SLICE,SLICE
23,167,40,202,17,35,52,1857,7,SLICE,SLICE
23,167,39,205,16,38,54,1954,7,SLICE,SLICE
23,167,39,201,16,34,50,2207,7,SLICE,SLICE
36,180,38,197,2,17,19,1684,7,SLICE,SLICE
36,180,42,187,6,7,13,775,7,SLICE,SLICE
36,180,39,197,3,17,20,1519,7,SLICE,SLICE
36,180,40,195,4,15,19,1255,7,SLICE,SLICE
1,61,37,190,36,129,165,2002,7,RAMB18,SLICE
1,61,36,190,35,129,164,2127,7,RAMB18,SLICE
1,61,31,202,30,141,171,2732,7,RAMB18,SLICE
1,61,23,183,22,122,144,1778,7,RAMB18,SLICE
1,61,23,179,22,118,140,1219,7,RAMB18,SLICE
1,61,23,186,22,125,147,1649,7,RAMB18,SLICE
1,61,23,181,22,120,142,1481,7,RAMB18,SLICE
1,61,36,194,35,133,168,2203,7,RAMB18,SLICE
1,61,39,197,38,136,174,1826,7,RAMB18,SLICE
1,61,38,193,37,132,169,1645,7,RAMB18,SLICE
1,61,40,201,39,140,179,2351,7,RAMB18,SLICE
1,61,37,203,36,142,178,2842,7,RAMB18,SLICE
19,150,22,188,3,38,41,2591,7,SLICE,SLICE
19,150,18,164,1,14,15,1001,7,SLICE,SLICE
19,150,18,177,1,27,28,1471,7,SLICE,SLICE
19,150,18,189,1,39,40,2334,7,SLICE,SLICE
19,148,28,205,9,57,66,2338,7,SLICE,SLICE
19,148,36,206,17,58,75,2828,7,SLICE,SLICE
19,148,30,205,11,57,68,2445,7,SLICE,SLICE
19,148,23,187,4,39,43,1575,7,SLICE,SLICE
1,56,41,189,40,133,173,1663,7,RAMB18,SLICE
1,56,43,204,42,148,190,2579,7,RAMB18,SLICE
1,56,40,199,39,143,182,2252,7,RAMB18,SLICE
1,56,36,206,35,150,185,2877,7,RAMB18,SLICE
1,56,36,182,35,126,161,2077,7,RAMB18,SLICE
1,56,18,181,17,125,142,1946,7,RAMB18,SLICE
1,56,18,178,17,122,139,1578,7,RAMB18,SLICE
1,56,20,180,19,124,143,1877,7,RAMB18,SLICE
1,56,41,187,40,131,171,2672,7,RAMB18,SLICE
1,56,33,201,32,145,177,3359,7,RAMB18,SLICE
1,56,32,201,31,145,176,3526,7,RAMB18,SLICE
1,56,37,196,36,140,176,3019,7,RAMB18,SLICE
1,56,42,203,41,147,188,2667,7,RAMB18,SLICE
1,56,38,189,37,133,170,1648,7,RAMB18,SLICE
1,56,39,201,38,145,183,1999,7,RAMB18,SLICE
1,56,38,196,37,140,177,1856,7,RAMB18,SLICE
36,176,40,191,4,15,19,1006,7,SLICE,SLICE
36,176,42,201,6,25,31,1556,7,SLICE,SLICE
36,176,41,196,5,20,25,1413,7,SLICE,SLICE
36,176,42,191,6,15,21,1273,7,SLICE,SLICE
19,147,21,198,2,51,53,2705,7,SLICE,SLICE
19,147,23,197,4,50,54,2459,7,SLICE,SLICE
19,147,21,165,2,18,20,939,7,SLICE,SLICE
19,147,21,195,2,48,50,2092,7,SLICE,SLICE
22,163,23,204,1,41,42,1872,7,SLICE,SLICE
22,163,28,202,6,39,45,1739,7,SLICE,SLICE
22,163,28,202,6,39,45,1907,7,SLICE,SLICE
22,163,34,201,12,38,50,2032,7,SLICE,SLICE
0,44,37,202,37,158,195,4358,7,RAMB18,SLICE
0,44,41,184,41,140,181,3763,7,RAMB18,SLICE
0,44,36,185,36,141,177,3208,7,RAMB18,SLICE
0,44,37,202,37,158,195,4095,7,RAMB18,SLICE
0,44,28,205,28,161,189,3427,7,RAMB18,SLICE
0,44,22,196,22,152,174,3190,7,RAMB18,SLICE
0,44,22,196,22,152,174,3180,7,RAMB18,SLICE
0,44,21,196,21,152,173,2638,7,RAMB18,SLICE
0,44,21,175,21,131,152,2695,7,RAMB18,SLICE
0,44,20,179,20,135,155,3102,7,RAMB18,SLICE
0,44,20,176,20,132,152,2808,7,RAMB18,SLICE
0,44,18,180,18,136,154,3193,7,RAMB18,SLICE
20,162,21,188,1,26,27,1981,7,SLICE,SLICE
20,162,22,175,2,13,15,913,7,SLICE,SLICE
20,162,22,195,2,33,35,2085,7,SLICE,SLICE
20,162,28,201,8,39,47,2541,7,SLICE,SLICE
23,170,37,194,14,24,38,1339,7,SLICE,SLICE
23,170,36,194,13,24,37,1525,7,SLICE,SLICE
23,170,37,197,14,27,41,1565,7,SLICE,SLICE
23,170,39,194,16,24,40,1467,7,SLICE,SLICE
0,26,36,182,36,156,192,5535,7,RAMB18,SLICE
0,26,22,180,22,154,176,4880,7,RAMB18,SLICE
0,26,23,191,23,165,188,5924,7,RAMB18,SLICE
0,26,21,190,21,164,185,5606,7,RAMB18,SLICE
0,26,20,190,20,164,184,3378,7,RAMB18,SLICE
0,26,18,185,18,159,177,2945,7,RAMB18,SLICE
0,26,20,180,20,154,174,3131,7,RAMB18,SLICE
0,26,22,185,22,159,181,3089,7,RAMB18,SLICE
0,26,20,165,20,139,159,4295,7,RAMB18,SLICE
0,26,22,192,22,166,188,5062,7,RAMB18,SLICE
0,26,34,202,34,176,210,5163,7,RAMB18,SLICE
0,26,23,193,23,167,190,4955,7,RAMB18,SLICE
18,157,23,204,5,47,52,2665,7,SLICE,SLICE
18,157,20,172,2,15,17,1117,7,SLICE,SLICE
18,157,20,190,2,33,35,1537,7,SLICE,SLICE
18,157,29,205,11,48,59,3259,7,SLICE,SLICE
20,160,22,197,2,37,39,2505,7,SLICE,SLICE
20,160,22,196,2,36,38,2251,7,SLICE,SLICE
20,160,17,181,3,21,24,1656,7,SLICE,SLICE
20,160,29,206,9,46,55,3036,7,SLICE,SLICE
1,66,20,180,19,114,133,1736,7,RAMB18,SLICE
1,66,20,190,19,124,143,1844,7,RAMB18,SLICE
1,66,21,196,20,130,150,2455,7,RAMB18,SLICE
1,66,24,202,23,136,159,2769,7,RAMB18,SLICE
1,66,25,203,24,137,161,2317,7,RAMB18,SLICE
1,66,35,204,34,138,172,2153,7,RAMB18,SLICE
1,66,30,203,29,137,166,2246,7,RAMB18,SLICE
1,66,22,199,21,133,154,1667,7,RAMB18,SLICE
1,66,22,184,21,118,139,1601,7,RAMB18,SLICE
1,66,18,179,17,113,130,994,7,RAMB18,SLICE
1,66,20,187,19,121,140,1823,7,RAMB18,SLICE
1,66,18,178,17,112,129,975,7,RAMB18,SLICE
1,66,22,204,21,138,159,2200,7,RAMB18,SLICE
1,66,21,196,20,130,150,1714,7,RAMB18,SLICE
1,66,19,180,18,114,132,1202,7,RAMB18,SLICE
1,66,28,203,27,137,164,2296,7,RAMB18,SLICE
23,165,32,202,9,37,46,1738,7,SLICE,SLICE
23,165,33,202,10,37,47,1905,7,SLICE,SLICE
23,165,39,194,16,29,45,1190,7,SLICE,SLICE
23,165,40,187,17,22,39,1221,7,SLICE,SLICE
23,171,20,181,3,10,13,1014,7,SLICE,SLICE
23,171,22,192,1,21,22,1632,7,SLICE,SLICE
23,171,23,190,0,19,19,1526,7,SLICE,SLICE
23,171,36,198,13,27,40,1961,7,SLICE,SLICE
36,173,20,186,16,13,29,1464,7,SLICE,SLICE
36,173,22,176,14,3,17,674,7,SLICE,SLICE
36,173,23,180,13,7,20,811,7,SLICE,SLICE
36,173,18,169,18,4,22,1323,7,SLICE,SLICE
0,51,31,202,31,151,182,2979,6,RAMB18,SLICE
0,51,23,197,23,146,169,2294,6,RAMB18,SLICE
0,51,22,199,22,148,170,2796,6,RAMB18,SLICE
0,51,32,203,32,152,184,3312,6,RAMB18,SLICE
0,51,37,189,37,138,175,3091,7,RAMB18,SLICE
0,51,29,204,29,153,182,4403,7,RAMB18,SLICE
0,51,35,205,35,154,189,4164,7,RAMB18,SLICE
0,51,32,203,32,152,184,4199,7,RAMB18,SLICE
0,51,39,189,39,138,177,3293,7,RAMB18,SLICE
0,51,40,188,40,137,177,3513,7,RAMB18,SLICE
0,51,39,188,39,137,176,3196,7,RAMB18,SLICE
0,51,40,191,40,140,180,3516,7,RAMB18,SLICE
45,184,43,203,2,19,21,1072,7,SLICE,SLICE
45,184,43,203,2,19,21,1385,7,SLICE,SLICE
45,184,42,184,3,0,3,432,7,SLICE,SLICE
45,184,38,197,7,13,20,990,7,SLICE,SLICE
20,159,21,165,1,6,7,793,7,SLICE,SLICE
20,159,20,176,0,17,17,1322,7,SLICE,SLICE
20,159,21,176,1,17,18,1308,7,SLICE,SLICE
20,159,17,188,3,29,32,1834,7,SLICE,SLICE
0,10,41,187,41,177,218,6109,7,RAMB18,SLICE
0,10,37,196,37,186,223,6348,7,RAMB18,SLICE
0,10,39,188,39,178,217,6048,7,RAMB18,SLICE
0,10,42,192,42,182,224,6540,7,RAMB18,SLICE
0,10,23,181,23,171,194,3495,7,RAMB18,SLICE
0,10,22,190,22,180,202,3760,7,RAMB18,SLICE
0,10,23,190,23,180,203,3756,7,RAMB18,SLICE
0,10,23,187,23,177,200,3727,7,RAMB18,SLICE
0,10,36,188,36,178,214,5701,7,RAMB18,SLICE
0,10,23,190,23,180,203,5400,7,RAMB18,SLICE
0,10,23,181,23,171,194,5091,7,RAMB18,SLICE
0,10,22,190,22,180,202,5376,7,RAMB18,SLICE
20,163,20,183,0,20,20,1160,7,SLICE,SLICE
20,163,37,179,17,16,33,1969,7,SLICE,SLICE
20,163,20,190,0,27,27,1887,7,SLICE,SLICE
20,163,18,179,2,16,18,993,7,SLICE,SLICE
23,160,21,198,2,38,40,2004,7,SLICE,SLICE
23,160,27,202,4,42,46,2598,7,SLICE,SLICE
23,160,34,201,11,41,52,2793,7,SLICE,SLICE
23,160,27,202,4,42,46,2138,7,SLICE,SLICE
1,62,41,184,40,122,162,2047,7,RAMB18,SLICE
1,62,23,187,22,125,147,1433,7,RAMB18,SLICE
1,62,39,186,38,124,162,1727,7,RAMB18,SLICE
1,62,38,184,37,122,159,2259,7,RAMB18,SLICE
1,62,42,198,41,136,177,2552,7,RAMB18,SLICE
1,62,41,195,40,133,173,2096,7,RAMB18,SLICE
1,62,38,193,37,131,168,1933,7,RAMB18,SLICE
1,62,40,193,39,131,170,1981,7,RAMB18,SLICE
1,62,41,185,40,123,163,1853,7,RAMB18,SLICE
1,62,40,185,39,123,162,1715,7,RAMB18,SLICE
1,62,39,194,38,132,170,2241,7,RAMB18,SLICE
1,62,41,191,40,129,169,2009,7,RAMB18,SLICE
1,62,37,188,36,126,162,2646,7,RAMB18,SLICE
1,62,39,185,38,123,161,2145,7,RAMB18,SLICE
1,62,31,202,30,140,170,3500,7,RAMB18,SLICE
1,62,34,206,33,144,177,3268,7,RAMB18,SLICE
18,153,41,194,23,41,64,1743,7,SLICE,SLICE
18,153,43,197,25,44,69,2100,7,SLICE,SLICE
18,153,43,205,25,52,77,2459,7,SLICE,SLICE
18,153,35,203,17,50,67,2688,7,SLICE,SLICE
23,172,37,199,14,27,41,1825,6,SLICE,SLICE
23,172,29,201,6,29,35,2216,6,SLICE,SLICE
23,172,37,195,14,23,37,1482,6,SLICE,SLICE
23,172,41,188,18,16,34,2157,6,SLICE,SLICE
0,54,21,175,21,121,142,1988,7,RAMB18,SLICE
0,54,20,184,20,130,150,2408,7,RAMB18,SLICE
0,54,22,202,22,148,170,3225,7,RAMB18,SLICE
0,54,20,202,20,148,168,3221,7,RAMB18,SLICE
0,54,41,184,41,130,171,3369,7,RAMB18,SLICE
0,54,36,193,36,139,175,2885,7,RAMB18,SLICE
0,54,34,200,34,146,180,3523,7,RAMB18,SLICE
0,54,22,193,22,139,161,2951,7,RAMB18,SLICE
0,54,39,195,39,141,180,3600,7,RAMB18,SLICE
0,54,39,195,39,141,180,3488,7,RAMB18,SLICE
0,54,35,203,35,149,184,3046,7,RAMB18,SLICE
0,54,29,202,29,148,177,2940,7,RAMB18,SLICE
1,58,32,202,31,144,175,3683,7,RAMB18,SLICE
1,58,29,204,28,146,174,3645,7,RAMB18,SLICE
1,58,39,206,38,148,186,3024,7,RAMB18,SLICE
1,58,38,190,37,132,169,2237,7,RAMB18,SLICE
1,58,43,194,42,136,178,2122,7,RAMB18,SLICE
1,58,42,185,41,127,168,1730,7,RAMB18,SLICE
1,58,41,198,40,140,180,2325,7,RAMB18,SLICE
1,58,36,200,35,142,177,2562,7,RAMB18,SLICE
1,58,23,190,22,132,154,1790,7,RAMB18,SLICE
1,58,42,186,41,128,169,2997,7,RAMB18,SLICE
1,58,37,197,36,139,175,2499,7,RAMB18,SLICE
1,58,41,188,40,130,170,2806,7,RAMB18,SLICE
18,156,43,198,25,42,67,2052,7,SLICE,SLICE
18,156,38,204,20,48,68,2729,7,SLICE,SLICE
18,156,40,199,22,43,65,1884,7,SLICE,SLICE
18,156,41,204,23,48,71,2585,7,SLICE,SLICE
18,153,41,201,23,48,71,3035,7,SLICE,SLICE
18,153,38,204,20,51,71,3008,7,SLICE,SLICE
18,153,36,188,18,35,53,1934,7,SLICE,SLICE
18,153,43,201,25,48,73,2990,7,SLICE,SLICE
0,64,41,189,41,125,166,2187,7,RAMB18,SLICE
0,64,42,189,42,125,167,2178,7,RAMB18,SLICE
0,64,38,191,38,127,165,2204,7,RAMB18,SLICE
0,64,40,191,40,127,167,2118,7,RAMB18,SLICE
0,64,37,185,37,121,158,2294,7,RAMB18,SLICE
0,64,38,185,38,121,159,1889,7,RAMB18,SLICE
0,64,39,186,39,122,161,2237,7,RAMB18,SLICE
0,64,39,203,39,139,178,2699,7,RAMB18,SLICE
0,64,22,180,22,116,138,1346,7,RAMB18,SLICE
0,64,19,179,19,115,134,1428,7,RAMB18,SLICE
0,64,21,179,21,115,136,1377,7,RAMB18,SLICE
0,64,20,187,20,123,143,2024,7,RAMB18,SLICE
0,64,21,186,21,122,143,1551,7,RAMB18,SLICE
0,64,21,180,21,116,137,1821,7,RAMB18,SLICE
0,64,20,181,20,117,137,1479,7,RAMB18,SLICE
0,64,22,183,22,119,141,1929,7,RAMB18,SLICE
19,159,21,202,2,43,45,2010,7,SLICE,SLICE
19,159,31,203,12,44,56,2345,7,SLICE,SLICE
19,159,25,202,6,43,49,2429,7,SLICE,SLICE
19,159,19,168,0,9,9,835,7,SLICE,SLICE
16,177,16,177,0,0,0,56,1,SLICE,SLICE
19,164,19,164,0,0,0,59,1,SLICE,SLICE
22,207,22,207,0,0,0,55,1,SLICE,SLICE
19,169,19,169,0,0,0,58,1,SLICE,SLICE
18,209,18,209,0,0,0,55,1,SLICE,SLICE
22,208,22,208,0,0,0,55,1,SLICE,SLICE
32,213,32,213,0,0,0,58,1,SLICE,SLICE
23,211,23,211,0,0,0,58,1,SLICE,SLICE
17,192,17,192,0,0,0,59,1,SLICE,SLICE
20,210,20,210,0,0,0,55,1,SLICE,SLICE
21,213,21,213,0,0,0,58,1,SLICE,SLICE
20,210,20,210,0,0,0,55,1,SLICE,SLICE
28,211,28,211,0,0,0,58,1,SLICE,SLICE
18,211,18,211,0,0,0,55,1,SLICE,SLICE
23,213,23,213,0,0,0,59,1,SLICE,SLICE
30,213,30,213,0,0,0,59,1,SLICE,SLICE
22,212,22,212,0,0,0,55,1,SLICE,SLICE
25,213,25,213,0,0,0,58,1,SLICE,SLICE
33,213,33,213,0,0,0,58,1,SLICE,SLICE
18,162,18,162,0,0,0,55,1,SLICE,SLICE
24,215,24,215,0,0,0,59,1,SLICE,SLICE
25,214,25,214,0,0,0,59,1,SLICE,SLICE
26,215,26,215,0,0,0,58,1,SLICE,SLICE
33,214,33,214,0,0,0,59,1,SLICE,SLICE
31,212,31,212,0,0,0,59,1,SLICE,SLICE
28,209,28,209,0,0,0,58,1,SLICE,SLICE
30,209,30,209,0,0,0,59,1,SLICE,SLICE
29,208,29,208,0,0,0,58,1,SLICE,SLICE
29,208,29,208,0,0,0,58,1,SLICE,SLICE
29,209,29,209,0,0,0,58,1,SLICE,SLICE
16,177,16,177,0,0,0,55,1,SLICE,SLICE
18,175,18,175,0,0,0,55,1,SLICE,SLICE
25,207,25,207,0,0,0,59,1,SLICE,SLICE
18,210,18,210,0,0,0,56,1,SLICE,SLICE
24,208,24,208,0,0,0,58,1,SLICE,SLICE
21,204,21,204,0,0,0,58,1,SLICE,SLICE
18,191,18,191,0,0,0,55,1,SLICE,SLICE
23,210,23,210,0,0,0,59,1,SLICE,SLICE
23,210,23,210,0,0,0,58,1,SLICE,SLICE
19,207,19,207,0,0,0,59,1,SLICE,SLICE
24,206,24,206,0,0,0,58,1,SLICE,SLICE
16,162,16,162,0,0,0,55,1,SLICE,SLICE
18,178,18,178,0,0,0,55,1,SLICE,SLICE
18,196,18,196,0,0,0,55,1,SLICE,SLICE
18,184,18,184,0,0,0,55,1,SLICE,SLICE
16,175,16,175,0,0,0,56,1,SLICE,SLICE
18,197,18,197,0,0,0,55,1,SLICE,SLICE
19,180,19,180,0,0,0,59,1,SLICE,SLICE
19,182,19,182,0,0,0,58,1,SLICE,SLICE
19,192,19,192,0,0,0,58,1,SLICE,SLICE
18,163,18,163,0,0,0,55,1,SLICE,SLICE
19,193,19,193,0,0,0,58,1,SLICE,SLICE
18,194,18,194,0,0,0,55,1,SLICE,SLICE
11,150,11,150,0,0,0,59,1,SLICE,SLICE
11,151,11,151,0,0,0,58,1,SLICE,SLICE
12,154,12,154,0,0,0,56,1,SLICE,SLICE
14,152,14,152,0,0,0,55,1,SLICE,SLICE
17,175,17,175,0,0,0,58,1,SLICE,SLICE
14,152,14,152,0,0,0,55,1,SLICE,SLICE
14,153,14,153,0,0,0,56,1,SLICE,SLICE
16,167,16,167,0,0,0,55,1,SLICE,SLICE
14,141,14,141,0,0,0,55,1,SLICE,SLICE
14,149,14,149,0,0,0,55,1,SLICE,SLICE
16,172,16,172,0,0,0,55,1,SLICE,SLICE
16,179,16,179,0,0,0,55,1,SLICE,SLICE
12,147,12,147,0,0,0,55,1,SLICE,SLICE
12,145,12,145,0,0,0,56,1,SLICE,SLICE
12,150,12,150,0,0,0,55,1,SLICE,SLICE
9,145,9,145,0,0,0,58,1,SLICE,SLICE
15,149,15,149,0,0,0,58,1,SLICE,SLICE
18,167,18,167,0,0,0,56,1,SLICE,SLICE
17,156,17,156,0,0,0,59,1,SLICE,SLICE
16,152,16,152,0,0,0,56,1,SLICE,SLICE
16,152,16,152,0,0,0,55,1,SLICE,SLICE
14,146,14,146,0,0,0,55,1,SLICE,SLICE
16,150,16,150,0,0,0,55,1,SLICE,SLICE
15,147,15,147,0,0,0,59,1,SLICE,SLICE
13,140,13,140,0,0,0,58,1,SLICE,SLICE
12,135,12,135,0,0,0,55,1,SLICE,SLICE
12,139,12,139,0,0,0,56,1,SLICE,SLICE
10,136,10,136,0,0,0,56,1,SLICE,SLICE
16,155,16,155,0,0,0,55,1,SLICE,SLICE
17,163,17,163,0,0,0,58,1,SLICE,SLICE
12,141,12,141,0,0,0,55,1,SLICE,SLICE
14,148,14,148,0,0,0,55,1,SLICE,SLICE
11,141,11,141,0,0,0,58,1,SLICE,SLICE
12,142,12,142,0,0,0,55,1,SLICE,SLICE
14,136,14,136,0,0,0,55,1,SLICE,SLICE
14,143,14,143,0,0,0,55,1,SLICE,SLICE
11,142,11,142,0,0,0,58,1,SLICE,SLICE
14,138,14,138,0,0,0,56,1,SLICE,SLICE
14,138,14,138,0,0,0,55,1,SLICE,SLICE
16,144,16,144,0,0,0,55,1,SLICE,SLICE
15,134,15,134,0,0,0,58,1,SLICE,SLICE
12,142,12,142,0,0,0,55,1,SLICE,SLICE
12,143,12,143,0,0,0,55,1,SLICE,SLICE
12,143,12,143,0,0,0,55,1,SLICE,SLICE
15,144,15,144,0,0,0,58,1,SLICE,SLICE
14,143,14,143,0,0,0,55,1,SLICE,SLICE
17,142,17,142,0,0,0,58,1,SLICE,SLICE
19,166,19,166,0,0,0,58,1,SLICE,SLICE
18,192,18,192,0,0,0,55,1,SLICE,SLICE
18,212,18,212,0,0,0,55,1,SLICE,SLICE
15,180,15,180,0,0,0,58,1,SLICE,SLICE
16,155,16,155,0,0,0,55,1,SLICE,SLICE
18,196,18,196,0,0,0,56,1,SLICE,SLICE
32,205,10,138,22,67,89,2619,7,SLICE,SLICE
32,205,11,139,21,66,87,2830,7,SLICE,SLICE
32,205,11,139,21,66,87,2835,7,SLICE,SLICE
32,205,10,138,22,67,89,2801,7,SLICE,SLICE
22,202,26,215,4,13,17,1135,7,SLICE,SLICE
22,202,27,209,5,7,12,912,7,SLICE,SLICE
22,202,19,175,3,27,30,1138,7,SLICE,SLICE
22,202,19,212,3,10,13,964,7,SLICE,SLICE
0,135,30,211,30,76,106,5369,7,RAMB18,SLICE
0,135,31,211,31,76,107,5224,7,RAMB18,SLICE
0,135,28,211,28,76,104,5230,7,RAMB18,SLICE
0,135,33,211,33,76,109,5259,7,RAMB18,SLICE
0,135,19,185,19,50,69,5448,7,RAMB18,SLICE
0,135,19,198,19,63,82,5083,7,RAMB18,SLICE
0,135,19,171,19,36,55,6794,7,RAMB18,SLICE
0,135,18,198,18,63,81,4608,7,RAMB18,SLICE
0,135,27,214,27,79,106,4468,7,RAMB18,SLICE
0,135,27,213,27,78,105,4577,7,RAMB18,SLICE
0,135,27,212,27,77,104,4984,7,RAMB18,SLICE
0,135,25,205,25,70,95,4971,7,RAMB18,SLICE
0,135,18,175,18,40,58,5701,7,RAMB18,SLICE
0,135,18,208,18,73,91,3806,7,RAMB18,SLICE
0,135,18,184,18,49,67,5192,7,RAMB18,SLICE
0,135,18,204,18,69,87,4135,7,RAMB18,SLICE
25,210,17,179,8,31,39,2019,7,SLICE,SLICE
25,210,25,207,0,3,3,572,7,SLICE,SLICE
25,210,25,211,0,1,1,617,7,SLICE,SLICE
25,210,19,196,6,14,20,1416,7,SLICE,SLICE
23,215,19,209,4,6,10,1138,7,SLICE,SLICE
23,215,20,212,3,3,6,796,7,SLICE,SLICE
23,215,20,215,3,0,3,556,7,SLICE,SLICE
23,215,28,214,5,1,6,534,7,SLICE,SLICE
1,71,17,167,16,96,112,1214,7,RAMB18,SLICE
1,71,10,148,9,77,86,1855,7,RAMB18,SLICE
1,71,18,199,17,128,145,1287,7,RAMB18,SLICE
1,71,17,159,16,88,104,1541,7,RAMB18,SLICE
1,71,14,154,13,83,96,1830,7,RAMB18,SLICE
1,71,16,153,15,82,97,1849,7,RAMB18,SLICE
1,71,13,147,12,76,88,1968,7,RAMB18,SLICE
1,71,16,157,15,86,101,1249,7,RAMB18,SLICE
1,71,16,173,15,102,117,988,7,RAMB18,SLICE
1,71,22,210,21,139,160,1455,7,RAMB18,SLICE
1,71,20,212,19,141,160,2123,7,RAMB18,SLICE
1,71,24,216,23,145,168,1755,7,RAMB18,SLICE
32,209,27,211,5,2,7,1275,7,SLICE,SLICE
32,209,26,209,6,0,6,696,7,SLICE,SLICE
32,209,33,211,1,2,3,319,7,SLICE,SLICE
32,209,23,211,9,2,11,803,7,SLICE,SLICE
26,206,26,213,0,7,7,486,7,SLICE,SLICE
26,206,25,212,1,6,7,745,7,SLICE,SLICE
26,206,18,207,8,1,9,867,7,SLICE,SLICE
26,206,25,213,1,7,8,735,7,SLICE,SLICE
1,83,19,210,18,127,145,633,7,RAMB18,SLICE
1,83,18,193,17,110,127,1353,7,RAMB18,SLICE
1,83,19,204,18,121,139,754,7,RAMB18,SLICE
1,83,19,182,18,99,117,2247,7,RAMB18,SLICE
1,83,27,207,26,124,150,549,7,RAMB18,SLICE
1,83,18,195,17,112,129,1423,7,RAMB18,SLICE
1,83,18,160,17,77,94,2773,7,RAMB18,SLICE
1,83,16,157,15,74,89,3232,7,RAMB18,SLICE
1,83,23,213,22,130,152,1062,7,RAMB18,SLICE
1,83,31,213,30,130,160,1667,7,RAMB18,SLICE
1,83,19,215,18,132,150,888,7,RAMB18,SLICE
1,83,18,159,17,76,93,2331,7,RAMB18,SLICE
20,197,12,152,8,45,53,1968,7,SLICE,SLICE
20,197,19,185,1,12,13,639,7,SLICE,SLICE
20,197,13,153,7,44,51,1974,7,SLICE,SLICE
20,197,15,153,5,44,49,1954,7,SLICE,SLICE
36,210,25,213,11,3,14,802,7,SLICE,SLICE
36,210,33,211,3,1,4,699,7,SLICE,SLICE
36,210,29,214,7,4,11,1191,7,SLICE,SLICE
36,210,25,214,11,4,15,1054,7,SLICE,SLICE
33,207,16,177,17,30,47,1689,7,SLICE,SLICE
33,207,14,150,19,57,76,2920,7,SLICE,SLICE
33,207,10,151,23,56,79,2816,7,SLICE,SLICE
33,207,12,150,21,57,78,3145,7,SLICE,SLICE
0,130,30,212,30,82,112,3292,7,RAMB18,SLICE
0,130,31,209,31,79,110,3713,7,RAMB18,SLICE
0,130,33,211,33,81,114,3547,7,RAMB18,SLICE
0,130,31,212,31,82,113,3251,7,RAMB18,SLICE
0,130,23,207,23,77,100,4165,7,RAMB18,SLICE
0,130,20,212,20,82,102,4273,7,RAMB18,SLICE
0,130,17,179,17,49,66,5313,7,RAMB18,SLICE
0,130,19,193,19,63,82,4910,7,RAMB18,SLICE
0,130,17,208,17,78,95,3821,7,RAMB18,SLICE
0,130,16,214,16,84,100,3649,7,RAMB18,SLICE
0,130,28,214,28,84,112,4533,7,RAMB18,SLICE
0,130,18,214,18,84,102,3892,7,RAMB18,SLICE
0,130,18,161,18,31,49,3597,7,RAMB18,SLICE
0,130,15,136,15,6,21,4994,7,RAMB18,SLICE
0,130,12,140,12,10,22,4704,7,RAMB18,SLICE
0,130,10,141,10,11,21,4557,7,RAMB18,SLICE
24,211,17,167,7,44,51,2286,6,SLICE,SLICE
24,211,16,134,8,77,85,3931,6,SLICE,SLICE
24,211,16,166,8,45,53,2777,6,SLICE,SLICE
24,211,19,165,5,46,51,2799,6,SLICE,SLICE
18,189,23,209,5,20,25,1560,7,SLICE,SLICE
18,189,21,207,3,18,21,1222,7,SLICE,SLICE
18,189,19,209,1,20,21,1819,7,SLICE,SLICE
18,189,24,206,6,17,23,1338,7,SLICE,SLICE
1,74,16,185,15,111,126,788,7,RAMB18,SLICE
1,74,18,187,17,113,130,641,7,RAMB18,SLICE
1,74,19,182,18,108,126,886,7,RAMB18,SLICE
1,74,19,198,18,124,142,1823,7,RAMB18,SLICE
1,74,15,153,14,79,93,2119,7,RAMB18,SLICE
1,74,15,153,14,79,93,1854,7,RAMB18,SLICE
1,74,15,153,14,79,93,1794,7,RAMB18,SLICE
1,74,15,153,14,79,93,1856,7,RAMB18,SLICE
1,74,30,212,29,138,167,2335,7,RAMB18,SLICE
1,74,25,205,24,131,155,1999,7,RAMB18,SLICE
1,74,23,211,22,137,159,2011,7,RAMB18,SLICE
1,74,25,209,24,135,159,2016,7,RAMB18,SLICE
20,206,15,141,5,65,70,3141,7,SLICE,SLICE
20,206,17,162,3,44,47,1943,7,SLICE,SLICE
20,206,19,160,1,46,47,2038,7,SLICE,SLICE
20,206,18,159,2,47,49,1969,7,SLICE,SLICE
22,200,19,171,3,29,32,1410,7,SLICE,SLICE
22,200,28,213,6,13,19,1696,7,SLICE,SLICE
22,200,23,206,1,6,7,557,7,SLICE,SLICE
22,200,19,211,3,11,14,1286,7,SLICE,SLICE
1,76,13,168,12,92,104,1514,7,RAMB18,SLICE
1,76,17,145,16,69,85,2282,7,RAMB18,SLICE
1,76,13,139,12,63,75,2741,7,RAMB18,SLICE
1,76,12,149,11,73,84,2576,7,RAMB18,SLICE
1,76,19,194,18,118,136,844,7,RAMB18,SLICE
1,76,19,190,18,114,132,725,7,RAMB18,SLICE
1,76,16,180,15,104,119,1420,7,RAMB18,SLICE
1,76,18,194,17,118,135,1009,7,RAMB18,SLICE
1,76,15,138,14,62,76,3263,7,RAMB18,SLICE
1,76,10,146,9,70,79,2901,7,RAMB18,SLICE
1,76,13,142,12,66,78,3038,7,RAMB18,SLICE
1,76,19,163,18,87,105,1578,7,RAMB18,SLICE
34,213,27,212,7,1,8,759,7,SLICE,SLICE
34,213,29,212,5,1,6,878,7,SLICE,SLICE
34,213,33,211,1,2,3,513,7,SLICE,SLICE
34,213,33,213,1,0,1,556,7,SLICE,SLICE
30,211,29,214,1,3,4,827,7,SLICE,SLICE
30,211,20,212,10,1,11,765,7,SLICE,SLICE
30,211,19,214,11,3,14,1282,7,SLICE,SLICE
30,211,22,208,8,3,11,1410,7,SLICE,SLICE
0,129,18,161,18,32,50,4730,7,RAMB18,SLICE
0,129,15,149,15,20,35,5866,7,RAMB18,SLICE
0,129,16,157,16,28,44,4922,7,RAMB18,SLICE
0,129,14,146,14,17,31,5797,7,RAMB18,SLICE
0,129,22,208,22,79,101,4786,7,RAMB18,SLICE
0,129,28,214,28,85,113,4523,7,RAMB18,SLICE
0,129,23,206,23,77,100,5216,7,RAMB18,SLICE
0,129,24,216,24,87,111,4589,7,RAMB18,SLICE
0,129,14,137,14,8,22,5900,7,RAMB18,SLICE
0,129,14,140,14,11,25,5444,7,RAMB18,SLICE
0,129,12,139,12,10,22,5580,7,RAMB18,SLICE
0,129,17,154,17,25,42,4855,7,RAMB18,SLICE
0,129,27,210,27,81,108,4347,7,RAMB18,SLICE
0,129,22,206,22,77,99,3949,7,RAMB18,SLICE
0,129,17,192,17,63,80,4285,7,RAMB18,SLICE
0,129,24,207,24,78,102,3936,7,RAMB18,SLICE
0,136,15,138,15,2,17,5319,7,RAMB18,SLICE
0,136,19,167,19,31,50,3756,7,RAMB18,SLICE
0,136,13,151,13,15,28,4849,7,RAMB18,SLICE
0,136,18,171,18,35,53,3437,7,RAMB18,SLICE
0,136,23,206,23,70,93,4217,7,RAMB18,SLICE
0,136,19,169,19,33,52,5183,7,RAMB18,SLICE
0,136,16,159,16,23,39,5809,7,RAMB18,SLICE
0,136,18,169,18,33,51,5584,7,RAMB18,SLICE
0,136,25,214,25,78,103,4939,7,RAMB18,SLICE
0,136,23,206,23,70,93,4393,7,RAMB18,SLICE
0,136,23,212,23,76,99,3797,7,RAMB18,SLICE
0,136,25,208,25,72,97,4443,7,RAMB18,SLICE
33,205,26,212,7,7,14,733,7,SLICE,SLICE
33,205,23,210,10,5,15,1081,7,SLICE,SLICE
33,205,18,207,15,2,17,1584,7,SLICE,SLICE
33,205,21,204,12,1,13,1468,7,SLICE,SLICE
32,207,13,153,19,54,73,2440,7,SLICE,SLICE
32,207,16,153,16,54,70,2224,7,SLICE,SLICE
32,207,12,146,20,61,81,2583,7,SLICE,SLICE
32,207,10,144,22,63,85,3257,7,SLICE,SLICE
0,90,25,204,25,114,139,1548,7,RAMB18,SLICE
0,90,23,205,23,115,138,1605,7,RAMB18,SLICE
0,90,27,210,27,120,147,1419,7,RAMB18,SLICE
0,90,16,173,16,83,99,3122,7,RAMB18,SLICE
0,90,16,177,16,87,103,3023,7,RAMB18,SLICE
0,90,18,195,18,105,123,2178,7,RAMB18,SLICE
0,90,19,198,19,108,127,2052,7,RAMB18,SLICE
0,90,16,177,16,87,103,3115,7,RAMB18,SLICE
0,90,29,214,29,124,153,1472,7,RAMB18,SLICE
0,90,30,210,30,120,150,1656,7,RAMB18,SLICE
0,90,30,213,30,123,153,1614,7,RAMB18,SLICE
0,90,31,209,31,119,150,2088,7,RAMB18,SLICE
35,204,28,209,7,5,12,729,7,SLICE,SLICE
35,204,19,174,16,30,46,2313,7,SLICE,SLICE
35,204,16,176,19,28,47,2000,7,SLICE,SLICE
35,204,18,203,17,1,18,826,7,SLICE,SLICE
32,212,17,149,15,63,78,1899,6,SLICE,SLICE
32,212,16,139,16,73,89,2668,6,SLICE,SLICE
32,212,11,136,21,76,97,2861,6,SLICE,SLICE
32,212,16,146,16,66,82,2319,6,SLICE,SLICE
0,138,26,214,26,76,102,3494,7,RAMB18,SLICE
0,138,26,215,26,77,103,3201,7,RAMB18,SLICE
0,138,24,206,24,68,92,3998,7,RAMB18,SLICE
0,138,24,213,24,75,99,3987,7,RAMB18,SLICE
0,138,14,148,14,10,24,3929,7,RAMB18,SLICE
0,138,12,141,12,3,15,4805,7,RAMB18,SLICE
0,138,12,136,12,2,14,4531,7,RAMB18,SLICE
0,138,16,136,16,2,18,5011,7,RAMB18,SLICE
0,138,23,212,23,74,97,4155,7,RAMB18,SLICE
0,138,19,213,19,75,94,4304,7,RAMB18,SLICE
0,138,28,215,28,77,105,4826,7,RAMB18,SLICE
0,138,27,214,27,76,103,4226,7,RAMB18,SLICE
0,138,26,213,26,75,101,4619,7,RAMB18,SLICE
0,138,30,213,30,75,105,4706,7,RAMB18,SLICE
0,138,31,211,31,73,104,4737,7,RAMB18,SLICE
0,138,22,211,22,73,95,4341,7,RAMB18,SLICE
21,204,16,152,5,52,57,2171,7,SLICE,SLICE
21,204,17,149,4,55,59,2630,7,SLICE,SLICE
21,204,13,137,8,67,75,3080,7,SLICE,SLICE
21,204,16,136,5,68,73,2724,7,SLICE,SLICE
34,211,28,212,6,1,7,854,7,SLICE,SLICE
34,211,32,214,2,3,5,701,7,SLICE,SLICE
34,211,25,215,9,4,13,897,7,SLICE,SLICE
34,211,28,214,6,3,9,832,7,SLICE,SLICE
1,78,12,152,11,74,85,2863,7,RAMB18,SLICE
1,78,17,156,16,78,94,2253,7,RAMB18,SLICE
1,78,19,173,18,95,113,1456,7,RAMB18,SLICE
1,78,13,154,12,76,88,2636,7,RAMB18,SLICE
1,78,19,167,18,89,107,1550,7,RAMB18,SLICE
1,78,16,167,15,89,104,1399,7,RAMB18,SLICE
1,78,19,167,18,89,107,1285,7,RAMB18,SLICE
1,78,16,156,15,78,93,1857,7,RAMB18,SLICE
1,78,11,138,10,60,70,2725,7,RAMB18,SLICE
1,78,14,134,13,56,69,3168,7,RAMB18,SLICE
1,78,16,169,15,91,106,1323,7,RAMB18,SLICE
1,78,15,134,14,56,70,2905,7,RAMB18,SLICE
34,209,33,212,1,3,4,578,7,SLICE,SLICE
34,209,19,212,15,3,18,1481,7,SLICE,SLICE
34,209,28,215,6,6,12,868,7,SLICE,SLICE
34,209,19,210,15,1,16,1373,7,SLICE,SLICE
21,199,13,150,8,49,57,2520,7,SLICE,SLICE
21,199,17,146,4,53,57,2684,7,SLICE,SLICE
21,199,16,161,5,38,43,1740,7,SLICE,SLICE
21,199,14,155,7,44,51,1907,7,SLICE,SLICE
30,205,25,216,5,11,16,989,7,SLICE,SLICE
30,205,23,212,7,7,14,1440,7,SLICE,SLICE
30,205,21,209,9,4,13,1651,7,SLICE,SLICE
30,205,16,179,14,26,40,2638,7,SLICE,SLICE
1,79,19,194,18,115,133,1021,7,RAMB18,SLICE
1,79,10,151,9,72,81,3358,7,RAMB18,SLICE
1,79,12,150,11,71,82,3352,7,RAMB18,SLICE
1,79,16,179,15,100,115,1263,7,RAMB18,SLICE
1,79,27,215,26,136,162,1169,7,RAMB18,SLICE
1,79,33,212,32,133,165,1689,7,RAMB18,SLICE
1,79,25,215,24,136,160,1389,7,RAMB18,SLICE
1,79,31,211,30,132,162,1792,7,RAMB18,SLICE
1,79,18,187,17,108,125,1249,7,RAMB18,SLICE
1,79,19,206,18,127,145,955,7,RAMB18,SLICE
1,79,18,201,17,122,139,1021,7,RAMB18,SLICE
1,79,17,192,16,113,129,884,7,RAMB18,SLICE
28,207,31,212,3,5,8,695,7,SLICE,SLICE
28,207,32,211,4,4,8,815,7,SLICE,SLICE
28,207,31,212,3,5,8,523,7,SLICE,SLICE
28,207,29,209,1,2,3,574,7,SLICE,SLICE
24,209,12,144,12,65,77,1984,7,SLICE,SLICE
24,209,14,148,10,61,71,1943,7,SLICE,SLICE
24,209,14,143,10,66,76,2223,7,SLICE,SLICE
24,209,14,145,10,64,74,1857,7,SLICE,SLICE
0,115,13,148,13,33,46,5777,7,RAMB18,SLICE
0,115,12,148,12,33,45,5832,7,RAMB18,SLICE
0,115,15,155,15,40,55,5072,7,RAMB18,SLICE
0,115,16,172,16,57,73,4583,7,RAMB18,SLICE
0,115,17,189,17,74,91,2791,7,RAMB18,SLICE
0,115,12,145,12,30,42,5049,7,RAMB18,SLICE
0,115,15,155,15,40,55,4717,7,RAMB18,SLICE
0,115,17,143,17,28,45,5537,7,RAMB18,SLICE
0,115,18,200,18,85,103,3503,7,RAMB18,SLICE
0,115,17,167,17,52,69,4040,7,RAMB18,SLICE
0,115,19,195,19,80,99,3574,7,RAMB18,SLICE
0,115,13,154,13,39,52,5002,7,RAMB18,SLICE
0,115,16,150,16,35,51,4236,7,RAMB18,SLICE
0,115,15,146,15,31,46,4558,7,RAMB18,SLICE
0,115,15,155,15,40,55,4057,7,RAMB18,SLICE
0,115,13,150,13,35,48,4413,7,RAMB18,SLICE
20,203,10,151,10,52,62,2521,7,SLICE,SLICE
20,203,10,148,10,55,65,3023,7,SLICE,SLICE
20,203,16,175,4,28,32,1278,7,SLICE,SLICE
20,203,12,153,8,50,58,2062,7,SLICE,SLICE
37,208,15,142,22,66,88,3561,7,SLICE,SLICE
37,208,16,167,21,41,62,2306,7,SLICE,SLICE
37,208,18,159,19,49,68,2460,7,SLICE,SLICE
37,208,18,160,19,48,67,2593,7,SLICE,SLICE
0,75,15,150,15,75,90,2116,7,RAMB18,SLICE
0,75,11,151,11,76,87,2700,7,RAMB18,SLICE
0,75,15,153,15,78,93,2661,7,RAMB18,SLICE
0,75,19,177,19,102,121,1298,7,RAMB18,SLICE
0,75,28,213,28,138,166,2100,7,RAMB18,SLICE
0,75,27,213,27,138,165,1951,7,RAMB18,SLICE
0,75,27,214,27,139,166,1924,7,RAMB18,SLICE
0,75,24,214,24,139,163,1994,7,RAMB18,SLICE
0,75,16,139,16,64,80,2316,7,RAMB18,SLICE
0,75,13,149,13,74,87,2084,7,RAMB18,SLICE
0,75,15,145,15,70,85,2091,7,RAMB18,SLICE
0,75,11,151,11,76,87,1848,7,RAMB18,SLICE
31,208,29,214,2,6,8,798,7,SLICE,SLICE
31,208,24,213,7,5,12,1249,7,SLICE,SLICE
31,208,28,212,3,4,7,548,7,SLICE,SLICE
31,208,18,207,13,1,14,1142,7,SLICE,SLICE
35,208,19,205,16,3,19,1462,7,SLICE,SLICE
35,208,20,205,15,3,18,1232,7,SLICE,SLICE
35,208,27,207,8,1,9,807,7,SLICE,SLICE
35,208,16,143,19,65,84,2941,7,SLICE,SLICE
21,200,16,154,5,46,51,2200,6,SLICE,SLICE
21,200,19,160,2,40,42,2194,6,SLICE,SLICE
21,200,16,149,5,51,56,2379,6,SLICE,SLICE
21,200,18,160,3,40,43,2056,6,SLICE,SLICE
0,81,15,156,15,75,90,2174,7,RAMB18,SLICE
0,81,17,152,17,71,88,2922,7,RAMB18,SLICE
0,81,13,149,13,68,81,3444,7,RAMB18,SLICE
0,81,14,154,14,73,87,2124,7,RAMB18,SLICE
0,81,15,156,15,75,90,2557,7,RAMB18,SLICE
0,81,17,144,17,63,80,3014,7,RAMB18,SLICE
0,81,16,149,16,68,84,2674,7,RAMB18,SLICE
0,81,13,137,13,56,69,3256,7,RAMB18,SLICE
0,81,15,175,15,94,109,1825,7,RAMB18,SLICE
0,81,16,150,16,69,85,2767,7,RAMB18,SLICE
0,81,17,176,17,95,112,1837,7,RAMB18,SLICE
0,81,19,188,19,107,126,1424,7,RAMB18,SLICE
32,209,25,206,7,3,10,885,7,SLICE,SLICE
32,209,25,208,7,1,8,658,7,SLICE,SLICE
32,209,21,207,11,2,13,1025,7,SLICE,SLICE
32,209,18,171,14,38,52,2374,7,SLICE,SLICE
26,203,12,146,14,57,71,2862,7,SLICE,SLICE
26,203,15,156,11,47,58,2327,7,SLICE,SLICE
26,203,16,148,10,55,65,2719,7,SLICE,SLICE
26,203,18,167,8,36,44,1780,7,SLICE,SLICE
0,107,25,203,25,96,121,3122,7,RAMB18,SLICE
0,107,20,208,20,101,121,2703,7,RAMB18,SLICE
0,107,17,179,17,72,89,3864,7,RAMB18,SLICE
0,107,17,157,17,50,67,4546,7,RAMB18,SLICE
0,107,19,203,19,96,115,3285,7,RAMB18,SLICE
0,107,19,180,19,73,92,4848,7,RAMB18,SLICE
0,107,19,194,19,87,106,3916,7,RAMB18,SLICE
0,107,18,207,18,100,118,3002,7,RAMB18,SLICE
0,107,16,148,16,41,57,5463,7,RAMB18,SLICE
0,107,17,179,17,72,89,4426,7,RAMB18,SLICE
0,107,18,169,18,62,80,4934,7,RAMB18,SLICE
0,107,18,170,18,63,81,4844,7,RAMB18,SLICE
0,107,24,217,24,110,134,3403,7,RAMB18,SLICE
0,107,18,196,18,89,107,3314,7,RAMB18,SLICE
0,107,28,212,28,105,133,3144,7,RAMB18,SLICE
0,107,24,213,24,106,130,2981,7,RAMB18,SLICE
18,190,15,175,3,15,18,1153,7,SLICE,SLICE
18,190,15,147,3,43,46,2018,7,SLICE,SLICE
18,190,10,142,8,48,56,2600,7,SLICE,SLICE
18,190,14,145,4,45,49,2515,7,SLICE,SLICE
32,208,12,147,20,61,81,2673,7,SLICE,SLICE
32,208,14,146,18,62,80,2788,7,SLICE,SLICE
32,208,15,146,17,62,79,2772,7,SLICE,SLICE
32,208,11,144,21,64,85,2650,7,SLICE,SLICE
0,126,12,146,12,20,32,6501,7,RAMB18,SLICE
0,126,12,145,12,19,31,6712,7,RAMB18,SLICE
0,126,11,146,11,20,31,6507,7,RAMB18,SLICE
0,126,16,161,16,35,51,5359,7,RAMB18,SLICE
0,126,16,141,16,15,31,4438,7,RAMB18,SLICE
0,126,16,142,16,16,32,4397,7,RAMB18,SLICE
0,126,16,134,16,8,24,4469,7,RAMB18,SLICE
0,126,12,142,12,16,28,4164,7,RAMB18,SLICE
0,126,13,142,13,16,29,5233,7,RAMB18,SLICE
0,126,17,153,17,27,44,4791,7,RAMB18,SLICE
0,126,13,155,13,29,42,5027,7,RAMB18,SLICE
0,126,12,139,12,13,25,5265,7,RAMB18,SLICE
35,205,17,159,18,46,64,1724,7,SLICE,SLICE
35,205,17,154,18,51,69,2141,7,SLICE,SLICE
35,205,13,154,22,51,73,2627,7,SLICE,SLICE
35,205,11,151,24,54,78,2059,7,SLICE,SLICE
26,209,18,197,8,12,20,1081,7,SLICE,SLICE
26,209,18,184,8,25,33,1903,7,SLICE,SLICE
26,209,17,212,9,3,12,770,7,SLICE,SLICE
26,209,18,194,8,15,23,987,7,SLICE,SLICE
0,121,15,162,15,41,56,6100,7,RAMB18,SLICE
0,121,17,167,17,46,63,5249,7,RAMB18,SLICE
0,121,16,143,16,22,38,6840,7,RAMB18,SLICE
0,121,16,144,16,23,39,6555,7,RAMB18,SLICE
0,121,29,209,29,88,117,4310,6,RAMB18,SLICE
0,121,33,212,33,91,124,3923,6,RAMB18,SLICE
0,121,33,213,33,92,125,4190,6,RAMB18,SLICE
0,121,32,213,32,92,124,4044,6,RAMB18,SLICE
0,121,14,136,14,15,29,4706,7,RAMB18,SLICE
0,121,12,140,12,19,31,4605,7,RAMB18,SLICE
0,121,10,136,10,15,25,4565,7,RAMB18,SLICE
0,121,12,144,12,23,35,4662,7,RAMB18,SLICE
0,96,19,181,19,85,104,2409,7,RAMB18,SLICE
0,96,19,184,19,88,107,2064,7,RAMB18,SLICE
0,96,13,153,13,57,70,3548,7,RAMB18,SLICE
0,96,13,153,13,57,70,3659,7,RAMB18,SLICE
0,96,23,205,23,109,132,1900,7,RAMB18,SLICE
0,96,18,170,18,74,92,3068,7,RAMB18,SLICE
0,96,23,206,23,110,133,2313,7,RAMB18,SLICE
0,96,25,207,25,111,136,2253,7,RAMB18,SLICE
0,96,15,137,15,41,56,4838,7,RAMB18,SLICE
0,96,17,144,17,48,65,4425,7,RAMB18,SLICE
0,96,16,144,16,48,64,4439,7,RAMB18,SLICE
0,96,16,162,16,66,82,3577,7,RAMB18,SLICE
0,96,25,208,25,112,137,2281,7,RAMB18,SLICE
0,96,21,209,21,113,134,2089,7,RAMB18,SLICE
0,96,18,164,18,68,86,3532,7,RAMB18,SLICE
0,96,18,205,18,109,127,2023,7,RAMB18,SLICE
24,205,14,135,10,70,80,4453,7,SLICE,SLICE
24,205,17,157,7,48,55,3231,7,SLICE,SLICE
24,205,16,157,8,48,56,3101,7,SLICE,SLICE
24,205,16,170,8,35,43,1752,7,SLICE,SLICE
21,203,16,179,5,24,29,1467,7,SLICE,SLICE
21,203,19,179,2,24,26,1542,7,SLICE,SLICE
21,203,19,198,2,5,7,608,7,SLICE,SLICE
21,203,19,180,2,23,25,1586,7,SLICE,SLICE
0,88,18,195,18,107,125,1861,7,RAMB18,SLICE
0,88,19,194,19,106,125,1632,7,RAMB18,SLICE
0,88,16,188,16,100,116,2418,7,RAMB18,SLICE
0,88,19,189,19,101,120,2138,7,RAMB18,SLICE
0,88,17,147,17,59,76,2412,7,RAMB18,SLICE
0,88,25,208,25,120,145,1604,7,RAMB18,SLICE
0,88,27,207,27,119,146,1615,7,RAMB18,SLICE
0,88,24,207,24,119,143,1616,7,RAMB18,SLICE
0,88,19,169,19,81,100,2879,7,RAMB18,SLICE
0,88,25,209,25,121,146,1654,7,RAMB18,SLICE
0,88,22,212,22,124,146,1608,7,RAMB18,SLICE
0,88,24,213,24,125,149,1705,7,RAMB18,SLICE
20,199,16,160,4,39,43,1596,7,SLICE,SLICE
20,199,16,149,4,50,54,1979,7,SLICE,SLICE
20,199,14,141,6,58,64,2550,7,SLICE,SLICE
20,199,16,155,4,44,48,1775,7,SLICE,SLICE
4,153,4,153,0,0,0,59,1,SLICE,SLICE
2,166,2,166,0,0,0,56,1,SLICE,SLICE
6,150,6,150,0,0,0,55,1,SLICE,SLICE
1,169,1,169,0,0,0,58,1,SLICE,SLICE
4,141,4,141,0,0,0,59,1,SLICE,SLICE
6,152,6,152,0,0,0,55,1,SLICE,SLICE
6,148,6,148,0,0,0,55,1,SLICE,SLICE
4,163,4,163,0,0,0,58,1,SLICE,SLICE
5,153,5,153,0,0,0,58,1,SLICE,SLICE
4,157,4,157,0,0,0,59,1,SLICE,SLICE
4,163,4,163,0,0,0,59,1,SLICE,SLICE
7,144,7,144,0,0,0,59,1,SLICE,SLICE
2,162,2,162,0,0,0,56,1,SLICE,SLICE
4,161,4,161,0,0,0,58,1,SLICE,SLICE
6,151,6,151,0,0,0,55,1,SLICE,SLICE
6,160,6,160,0,0,0,55,1,SLICE,SLICE
8,155,8,155,0,0,0,55,1,SLICE,SLICE
5,164,5,164,0,0,0,59,1,SLICE,SLICE
8,157,8,157,0,0,0,55,1,SLICE,SLICE
5,165,5,165,0,0,0,58,1,SLICE,SLICE
4,163,4,163,0,0,0,58,1,SLICE,SLICE
6,169,6,169,0,0,0,55,1,SLICE,SLICE
4,169,4,169,0,0,0,58,1,SLICE,SLICE
2,164,2,164,0,0,0,55,1,SLICE,SLICE
8,154,8,154,0,0,0,55,1,SLICE,SLICE
8,154,8,154,0,0,0,55,1,SLICE,SLICE
6,163,6,163,0,0,0,56,1,SLICE,SLICE
6,169,6,169,0,0,0,55,1,SLICE,SLICE
6,164,6,164,0,0,0,55,1,SLICE,SLICE
7,161,7,161,0,0,0,58,1,SLICE,SLICE
12,158,12,158,0,0,0,56,1,SLICE,SLICE
14,156,14,156,0,0,0,55,1,SLICE,SLICE
0,156,0,156,0,0,0,58,1,SLICE,SLICE
12,160,12,160,0,0,0,55,1,SLICE,SLICE
10,156,10,156,0,0,0,55,1,SLICE,SLICE
10,159,10,159,0,0,0,55,1,SLICE,SLICE
8,160,8,160,0,0,0,55,1,SLICE,SLICE
8,158,8,158,0,0,0,55,1,SLICE,SLICE
8,157,8,157,0,0,0,55,1,SLICE,SLICE
13,158,13,158,0,0,0,58,1,SLICE,SLICE
12,159,12,159,0,0,0,55,1,SLICE,SLICE
12,162,12,162,0,0,0,55,1,SLICE,SLICE
10,162,10,162,0,0,0,55,1,SLICE,SLICE
1,155,1,155,0,0,0,58,1,SLICE,SLICE
16,158,16,158,0,0,0,55,1,SLICE,SLICE
14,165,14,165,0,0,0,56,1,SLICE,SLICE
14,163,14,163,0,0,0,55,1,SLICE,SLICE
10,160,10,160,0,0,0,55,1,SLICE,SLICE
10,159,10,159,0,0,0,55,1,SLICE,SLICE
12,163,12,163,0,0,0,55,1,SLICE,SLICE
12,164,12,164,0,0,0,55,1,SLICE,SLICE
15,160,15,160,0,0,0,58,1,SLICE,SLICE
8,162,8,162,0,0,0,55,1,SLICE,SLICE
8,166,8,166,0,0,0,55,1,SLICE,SLICE
16,173,16,173,0,0,0,55,1,SLICE,SLICE
16,174,16,174,0,0,0,55,1,SLICE,SLICE
16,168,16,168,0,0,0,55,1,SLICE,SLICE
17,173,17,173,0,0,0,58,1,SLICE,SLICE
10,166,10,166,0,0,0,55,1,SLICE,SLICE
14,171,14,171,0,0,0,56,1,SLICE,SLICE
12,171,12,171,0,0,0,55,1,SLICE,SLICE
10,167,10,167,0,0,0,55,1,SLICE,SLICE
14,168,14,168,0,0,0,55,1,SLICE,SLICE
15,168,15,168,0,0,0,58,1,SLICE,SLICE
14,165,14,165,0,0,0,55,1,SLICE,SLICE
10,170,10,170,0,0,0,55,1,SLICE,SLICE
10,177,10,177,0,0,0,56,1,SLICE,SLICE
12,178,12,178,0,0,0,55,1,SLICE,SLICE
10,172,10,172,0,0,0,55,1,SLICE,SLICE
13,173,13,173,0,0,0,58,1,SLICE,SLICE
12,171,12,171,0,0,0,55,1,SLICE,SLICE
14,175,14,175,0,0,0,55,1,SLICE,SLICE
12,177,12,177,0,0,0,56,1,SLICE,SLICE
12,172,12,172,0,0,0,55,1,SLICE,SLICE
2,157,2,157,0,0,0,56,1,SLICE,SLICE
12,173,12,173,0,0,0,55,1,SLICE,SLICE
1,156,1,156,0,0,0,58,1,SLICE,SLICE
6,171,6,171,0,0,0,55,1,SLICE,SLICE
8,176,8,176,0,0,0,55,1,SLICE,SLICE
10,176,10,176,0,0,0,55,1,SLICE,SLICE
8,174,8,174,0,0,0,56,1,SLICE,SLICE
12,177,12,177,0,0,0,55,1,SLICE,SLICE
10,172,10,172,0,0,0,55,1,SLICE,SLICE
6,175,6,175,0,0,0,55,1,SLICE,SLICE
8,176,8,176,0,0,0,55,1,SLICE,SLICE
1,158,1,158,0,0,0,58,1,SLICE,SLICE
13,175,13,175,0,0,0,59,1,SLICE,SLICE
8,173,8,173,0,0,0,55,1,SLICE,SLICE
0,165,0,165,0,0,0,59,1,SLICE,SLICE
1,167,1,167,0,0,0,58,1,SLICE,SLICE
3,175,3,175,0,0,0,59,1,SLICE,SLICE
1,171,1,171,0,0,0,58,1,SLICE,SLICE
5,176,5,176,0,0,0,58,1,SLICE,SLICE
0,164,0,164,0,0,0,58,1,SLICE,SLICE
1,164,1,164,0,0,0,59,1,SLICE,SLICE
3,176,3,176,0,0,0,58,1,SLICE,SLICE
1,158,1,158,0,0,0,59,1,SLICE,SLICE
2,169,2,169,0,0,0,55,1,SLICE,SLICE
2,167,2,167,0,0,0,55,1,SLICE,SLICE
5,171,5,171,0,0,0,58,1,SLICE,SLICE
5,150,5,150,0,0,0,59,1,SLICE,SLICE
7,150,7,150,0,0,0,58,1,SLICE,SLICE
7,148,7,148,0,0,0,58,1,SLICE,SLICE
4,155,4,155,0,0,0,58,1,SLICE,SLICE
6,147,6,147,0,0,0,55,1,SLICE,SLICE
4,169,4,169,0,0,0,58,1,SLICE,SLICE
4,167,4,167,0,0,0,59,1,SLICE,SLICE
11,153,15,172,4,19,23,1509,7,SLICE,SLICE
11,153,15,174,4,21,25,1302,7,SLICE,SLICE
11,153,12,166,1,13,14,931,7,SLICE,SLICE
11,153,12,172,1,19,20,1252,7,SLICE,SLICE
8,138,15,170,7,32,39,1615,7,SLICE,SLICE
8,138,12,165,4,27,31,1649,7,SLICE,SLICE
8,138,16,168,8,30,38,1920,7,SLICE,SLICE
8,138,17,168,9,30,39,2013,7,SLICE,SLICE
0,35,14,163,14,128,142,3383,7,RAMB18,SLICE
0,35,16,158,16,123,139,3655,7,RAMB18,SLICE
0,35,8,160,8,125,133,2802,7,RAMB18,SLICE
0,35,10,164,10,129,139,3130,7,RAMB18,SLICE
0,35,15,176,15,141,156,4108,7,RAMB18,SLICE
0,35,10,173,10,138,148,3815,7,RAMB18,SLICE
0,35,10,171,10,136,146,3437,7,RAMB18,SLICE
0,35,11,173,11,138,149,3563,7,RAMB18,SLICE
0,35,6,168,6,133,139,3262,7,RAMB18,SLICE
0,35,5,171,5,136,141,3375,7,RAMB18,SLICE
0,35,2,167,2,132,134,3554,7,RAMB18,SLICE
0,35,5,172,5,137,142,3944,7,RAMB18,SLICE
6,157,1,153,5,4,9,719,7,SLICE,SLICE
6,157,4,148,2,9,11,750,7,SLICE,SLICE
6,157,5,149,1,8,9,968,7,SLICE,SLICE
6,157,7,143,1,14,15,1144,7,SLICE,SLICE
8,151,9,164,1,13,14,893,7,SLICE,SLICE
8,151,13,173,5,22,27,1508,7,SLICE,SLICE
8,151,15,178,7,27,34,2143,7,SLICE,SLICE
8,151,12,175,4,24,28,1786,7,SLICE,SLICE
0,41,5,158,5,117,122,2954,7,RAMB18,SLICE
0,41,5,168,5,127,132,3501,7,RAMB18,SLICE
0,41,7,166,7,125,132,3369,7,RAMB18,SLICE
0,41,8,153,8,112,120,2157,7,RAMB18,SLICE
0,41,5,170,5,129,134,2842,7,RAMB18,SLICE
0,41,10,165,10,124,134,2575,7,RAMB18,SLICE
0,41,6,175,6,134,140,3415,7,RAMB18,SLICE
0,41,4,179,4,138,142,3213,7,RAMB18,SLICE
0,41,17,172,17,131,148,2633,7,RAMB18,SLICE
0,41,12,170,12,129,141,2474,7,RAMB18,SLICE
0,41,10,170,10,129,139,2219,7,RAMB18,SLICE
0,41,10,169,10,128,138,2464,7,RAMB18,SLICE
8,135,5,167,3,32,35,2205,7,SLICE,SLICE
8,135,5,161,3,26,29,1767,7,SLICE,SLICE
8,135,4,167,4,32,36,2327,7,SLICE,SLICE
8,135,4,161,4,26,30,1995,7,SLICE,SLICE
8,147,10,169,2,22,24,2067,7,SLICE,SLICE
8,147,11,172,3,25,28,1861,7,SLICE,SLICE
8,147,9,175,1,28,29,1749,7,SLICE,SLICE
8,147,9,172,1,25,26,1631,7,SLICE,SLICE
0,63,11,167,11,104,115,1261,7,RAMB18,SLICE
0,63,10,167,10,104,114,1168,7,RAMB18,SLICE
0,63,16,168,16,105,121,1301,7,RAMB18,SLICE
0,63,9,165,9,102,111,1010,7,RAMB18,SLICE
0,63,9,157,9,94,103,685,7,RAMB18,SLICE
0,63,14,164,14,101,115,1159,7,RAMB18,SLICE
0,63,9,156,9,93,102,929,7,RAMB18,SLICE
0,63,14,159,14,96,110,1183,7,RAMB18,SLICE
0,63,15,166,15,103,118,1589,7,RAMB18,SLICE
0,63,15,176,15,113,128,1813,7,RAMB18,SLICE
0,63,13,173,13,110,123,1623,7,RAMB18,SLICE
0,63,10,168,10,105,115,1236,7,RAMB18,SLICE
0,63,5,159,5,96,101,874,7,RAMB18,SLICE
0,63,7,169,7,106,113,1183,7,RAMB18,SLICE
0,63,7,169,7,106,113,1333,7,RAMB18,SLICE
0,63,9,163,9,100,109,800,7,RAMB18,SLICE
9,145,12,176,3,31,34,2105,7,SLICE,SLICE
9,145,11,176,2,31,33,1821,7,SLICE,SLICE
9,145,10,172,1,27,28,1539,7,SLICE,SLICE
9,145,11,176,2,31,33,1819,7,SLICE,SLICE
7,139,12,157,5,18,23,1089,7,SLICE,SLICE
7,139,7,158,0,19,19,1311,7,SLICE,SLICE
7,139,13,162,6,23,29,1317,7,SLICE,SLICE
7,139,10,154,3,15,18,824,7,SLICE,SLICE
10,150,3,163,7,13,20,1335,7,SLICE,SLICE
10,150,6,155,4,5,9,766,7,SLICE,SLICE
10,150,5,164,5,14,19,1381,7,SLICE,SLICE
10,150,2,154,8,4,12,649,7,SLICE,SLICE
0,61,10,156,10,95,105,858,7,RAMB18,SLICE
0,61,10,161,10,100,110,1013,7,RAMB18,SLICE
0,61,10,162,10,101,111,1124,7,RAMB18,SLICE
0,61,10,166,10,105,115,1322,7,RAMB18,SLICE
0,61,12,165,12,104,116,1376,7,RAMB18,SLICE
0,61,9,163,9,102,111,1098,7,RAMB18,SLICE
0,61,11,163,11,102,113,1277,7,RAMB18,SLICE
0,61,15,163,15,102,117,1571,7,RAMB18,SLICE
0,61,15,177,15,116,131,1334,7,RAMB18,SLICE
0,61,13,176,13,115,128,1522,7,RAMB18,SLICE
0,61,11,174,11,113,124,1796,7,RAMB18,SLICE
0,61,11,177,11,116,127,1464,7,RAMB18,SLICE
8,144,10,172,2,28,30,907,7,SLICE,SLICE
8,144,16,171,8,27,35,1156,7,SLICE,SLICE
8,144,15,174,7,30,37,1613,7,SLICE,SLICE
8,144,13,166,5,22,27,1265,7,SLICE,SLICE
9,147,11,161,2,14,16,1081,7,SLICE,SLICE
9,147,11,167,2,20,22,1602,7,SLICE,SLICE
9,147,15,167,6,20,26,1748,7,SLICE,SLICE
9,147,8,160,1,13,14,1186,7,SLICE,SLICE
0,52,8,175,8,123,131,1952,7,RAMB18,SLICE
0,52,8,168,8,116,124,1904,7,RAMB18,SLICE
0,52,14,178,14,126,140,2517,7,RAMB18,SLICE
0,52,10,169,10,117,127,2110,7,RAMB18,SLICE
0,52,10,169,10,117,127,2487,7,RAMB18,SLICE
0,52,10,173,10,121,131,2836,7,RAMB18,SLICE
0,52,10,171,10,119,129,2708,7,RAMB18,SLICE
0,52,8,168,8,116,124,2352,7,RAMB18,SLICE
0,52,10,165,10,113,123,1887,7,RAMB18,SLICE
0,52,12,161,12,109,121,1689,7,RAMB18,SLICE
0,52,15,161,15,109,124,1960,7,RAMB18,SLICE
0,52,9,162,9,110,119,1600,7,RAMB18,SLICE
10,146,10,162,0,16,16,1163,7,SLICE,SLICE
10,146,10,160,0,14,14,1044,7,SLICE,SLICE
10,146,11,160,1,14,15,907,7,SLICE,SLICE
10,146,14,156,4,10,14,878,7,SLICE,SLICE
10,149,1,162,9,13,22,1203,7,SLICE,SLICE
10,149,1,154,9,5,14,751,7,SLICE,SLICE
10,149,7,176,3,27,30,2053,7,SLICE,SLICE
10,149,1,163,9,14,23,1241,7,SLICE,SLICE
0,69,2,166,2,97,99,1181,7,RAMB18,SLICE
0,69,0,174,0,105,105,921,7,RAMB18,SLICE
0,69,1,166,1,97,98,1221,7,RAMB18,SLICE
0,69,5,177,5,108,113,1069,7,RAMB18,SLICE
0,69,10,168,10,99,109,812,7,RAMB18,SLICE
0,69,11,175,11,106,117,742,7,RAMB18,SLICE
0,69,8,175,8,106,114,469,7,RAMB18,SLICE
0,69,10,169,10,100,110,577,7,RAMB18,SLICE
0,69,0,176,0,107,107,1423,7,RAMB18,SLICE
0,69,1,153,1,84,85,1439,7,RAMB18,SLICE
0,69,0,159,0,90,90,1124,7,RAMB18,SLICE
0,69,1,159,1,90,91,1119,7,RAMB18,SLICE
0,69,6,152,6,83,89,1938,7,RAMB18,SLICE
0,69,3,151,3,82,85,1713,7,RAMB18,SLICE
0,69,7,155,7,86,93,1367,7,RAMB18,SLICE
0,69,5,164,5,95,100,967,7,RAMB18,SLICE
11,146,11,168,0,22,22,1303,7,SLICE,SLICE
11,146,16,172,5,26,31,1446,7,SLICE,SLICE
11,146,13,178,2,32,34,2272,7,SLICE,SLICE
11,146,13,165,2,19,21,1053,7,SLICE,SLICE
7,137,3,173,4,36,40,1776,7,SLICE,SLICE
7,137,0,156,7,19,26,1177,7,SLICE,SLICE
7,137,6,147,1,10,11,791,7,SLICE,SLICE
7,137,4,142,3,5,8,838,7,SLICE,SLICE
0,36,6,144,6,108,114,2236,7,RAMB18,SLICE
0,36,4,167,4,131,135,3730,7,RAMB18,SLICE
0,36,2,160,2,124,126,3758,7,RAMB18,SLICE
0,36,2,164,2,128,130,3594,7,RAMB18,SLICE
0,36,8,155,8,119,127,2960,7,RAMB18,SLICE
0,36,6,162,6,126,132,3354,7,RAMB18,SLICE
0,36,8,152,8,116,124,2624,7,RAMB18,SLICE
0,36,11,154,11,118,129,3069,7,RAMB18,SLICE
0,36,9,154,9,118,127,2394,7,RAMB18,SLICE
0,36,7,158,7,122,129,2804,7,RAMB18,SLICE
0,36,13,161,13,125,138,3101,7,RAMB18,SLICE
0,36,5,168,5,132,137,3259,7,RAMB18,SLICE
0,18,13,167,13,149,162,5433,7,RAMB18,SLICE
0,18,14,175,14,157,171,5967,7,RAMB18,SLICE
0,18,9,164,9,146,155,5178,7,RAMB18,SLICE
0,18,9,164,9,146,155,5035,7,RAMB18,SLICE
0,18,6,154,6,136,142,4337,6,RAMB18,SLICE
0,18,3,156,3,138,141,5070,6,RAMB18,SLICE
0,18,7,146,7,128,135,4361,6,RAMB18,SLICE
0,18,2,163,2,145,147,5365,6,RAMB18,SLICE
0,18,7,175,7,157,164,4002,7,RAMB18,SLICE
0,18,0,165,0,147,147,3049,7,RAMB18,SLICE
0,18,5,171,5,153,158,4123,7,RAMB18,SLICE
0,18,2,172,2,154,156,3414,7,RAMB18,SLICE
8,149,5,162,3,13,16,1229,7,SLICE,SLICE
8,149,9,156,1,7,8,407,7,SLICE,SLICE
8,149,11,158,3,9,12,973,7,SLICE,SLICE
8,149,9,156,1,7,8,578,7,SLICE,SLICE
8,142,0,152,8,10,18,1350,7,SLICE,SLICE
8,142,4,143,4,1,5,1052,7,SLICE,SLICE
8,142,5,150,3,8,11,1071,7,SLICE,SLICE
8,142,6,148,2,6,8,791,7,SLICE,SLICE
0,12,7,146,7,134,141,2883,7,RAMB18,SLICE
0,12,3,155,3,143,146,3535,7,RAMB18,SLICE
0,12,6,154,6,142,148,3840,7,RAMB18,SLICE
0,12,2,164,2,152,154,3953,7,RAMB18,SLICE
0,12,5,146,5,134,139,3354,7,RAMB18,SLICE
0,12,2,149,2,137,139,3148,7,RAMB18,SLICE
0,12,0,160,0,148,148,4063,7,RAMB18,SLICE
0,12,3,155,3,143,146,3718,7,RAMB18,SLICE
0,12,6,170,6,158,164,6598,7,RAMB18,SLICE
0,12,8,153,8,141,149,4974,7,RAMB18,SLICE
0,12,4,160,4,148,152,5338,7,RAMB18,SLICE
0,12,6,161,6,149,155,5617,7,RAMB18,SLICE
0,12,3,172,3,160,163,4109,7,RAMB18,SLICE
0,12,2,178,2,166,168,4168,7,RAMB18,SLICE
0,12,2,173,2,161,163,3985,7,RAMB18,SLICE
0,12,3,175,3,163,166,4272,7,RAMB18,SLICE
8,166,6,152,2,14,16,1535,7,SLICE,SLICE
8,166,5,160,3,6,9,871,7,SLICE,SLICE
8,166,2,153,6,13,19,1149,7,SLICE,SLICE
8,166,5,160,3,6,9,558,7,SLICE,SLICE
8,150,8,151,0,1,1,566,7,SLICE,SLICE
8,150,9,158,1,8,9,832,7,SLICE,SLICE
8,150,8,158,0,8,8,1113,7,SLICE,SLICE
8,150,12,156,4,6,10,906,7,SLICE,SLICE
0,25,6,159,6,134,140,3691,7,RAMB18,SLICE
0,25,7,158,7,133,140,3541,7,RAMB18,SLICE
0,25,7,157,7,132,139,3693,7,RAMB18,SLICE
0,25,8,154,8,129,137,3475,7,RAMB18,SLICE
0,25,4,149,4,124,128,3612,7,RAMB18,SLICE
0,25,4,146,4,121,125,3513,7,RAMB18,SLICE
0,25,2,153,2,128,130,4104,7,RAMB18,SLICE
0,25,5,149,5,124,129,3750,7,RAMB18,SLICE
0,25,3,166,3,141,144,4313,7,RAMB18,SLICE
0,25,13,167,13,142,155,4805,7,RAMB18,SLICE
0,25,3,169,3,144,147,4471,7,RAMB18,SLICE
0,25,2,169,2,144,146,4620,7,RAMB18,SLICE
9,138,6,164,3,26,29,1846,7,SLICE,SLICE
9,138,7,169,2,31,33,2022,7,SLICE,SLICE
9,138,11,154,2,16,18,1242,7,SLICE,SLICE
9,138,6,164,3,26,29,1988,7,SLICE,SLICE
8,141,7,149,1,8,9,881,7,SLICE,SLICE
8,141,9,163,1,22,23,1428,7,SLICE,SLICE
8,141,9,154,1,13,14,1046,7,SLICE,SLICE
8,141,8,154,0,13,13,1097,7,SLICE,SLICE
0,46,7,164,7,118,125,3187,7,RAMB18,SLICE
0,46,14,157,14,111,125,2355,7,RAMB18,SLICE
0,46,8,160,8,114,122,2901,7,RAMB18,SLICE
0,46,6,171,6,125,131,3639,7,RAMB18,SLICE
0,46,3,161,3,115,118,2290,7,RAMB18,SLICE
0,46,7,162,7,116,123,2072,7,RAMB18,SLICE
0,46,6,162,6,116,122,2387,7,RAMB18,SLICE
0,46,8,154,8,108,116,1941,7,RAMB18,SLICE
0,46,2,178,2,132,134,3159,7,RAMB18,SLICE
0,46,0,156,0,110,110,1898,7,RAMB18,SLICE
0,46,0,157,0,111,111,2118,7,RAMB18,SLICE
0,46,1,161,1,115,116,2355,7,RAMB18,SLICE
6,136,9,156,3,20,23,1083,7,SLICE,SLICE
6,136,13,159,7,23,30,1274,7,SLICE,SLICE
6,136,13,161,7,25,32,1385,7,SLICE,SLICE
6,136,6,162,0,26,26,1990,7,SLICE,SLICE
10,147,7,164,3,17,20,1645,7,SLICE,SLICE
10,147,4,160,6,13,19,1252,7,SLICE,SLICE
10,147,4,162,6,15,21,1396,7,SLICE,SLICE
10,147,7,158,3,11,14,1030,7,SLICE,SLICE
8,139,8,176,0,37,37,3214,7,SLICE,SLICE
8,139,1,157,7,18,25,1160,7,SLICE,SLICE
8,139,1,168,7,29,36,2056,7,SLICE,SLICE
8,139,2,166,6,27,33,1985,7,SLICE,SLICE
0,66,13,168,13,102,115,958,7,RAMB18,SLICE
0,66,13,166,13,100,113,692,7,RAMB18,SLICE
0,66,16,173,16,107,123,1365,7,RAMB18,SLICE
0,66,11,166,11,100,111,715,7,RAMB18,SLICE
0,66,7,161,7,95,102,917,7,RAMB18,SLICE
0,66,8,162,8,96,104,686,7,RAMB18,SLICE
0,66,8,156,8,90,98,1060,7,RAMB18,SLICE
0,66,12,161,12,95,107,1027,7,RAMB18,SLICE
0,66,5,161,5,95,100,1049,7,RAMB18,SLICE
0,66,4,168,4,102,106,1243,7,RAMB18,SLICE
0,66,2,171,2,105,107,838,7,RAMB18,SLICE
0,66,4,166,4,100,104,729,7,RAMB18,SLICE
0,66,3,169,3,103,106,1000,7,RAMB18,SLICE
0,66,3,159,3,93,96,1004,7,RAMB18,SLICE
0,66,1,158,1,92,93,1336,7,RAMB18,SLICE
0,66,0,157,0,91,91,1295,7,RAMB18,SLICE
8,161,8,172,0,11,11,1411,7,SLICE,SLICE
8,161,1,167,7,6,13,882,7,SLICE,SLICE
8,161,2,167,6,6,12,747,7,SLICE,SLICE
8,161,1,164,7,3,10,735,7,SLICE,SLICE
4,165,0,165,4,0,4,566,7,SLICE,SLICE
4,165,4,152,0,13,13,1626,7,SLICE,SLICE
4,165,0,157,4,8,12,850,7,SLICE,SLICE
4,165,1,160,3,5,8,861,7,SLICE,SLICE
0,57,6,143,6,86,92,749,7,RAMB18,SLICE
0,57,6,144,6,87,93,771,7,RAMB18,SLICE
0,57,5,160,5,103,108,983,7,RAMB18,SLICE
0,57,5,169,5,112,117,1619,7,RAMB18,SLICE
0,57,7,161,7,104,111,1939,6,RAMB18,SLICE
0,57,7,166,7,109,116,1946,6,RAMB18,SLICE
0,57,11,154,11,97,108,1107,6,RAMB18,SLICE
0,57,5,164,5,107,112,1726,6,RAMB18,SLICE
0,57,12,177,12,120,132,2558,7,RAMB18,SLICE
0,57,10,176,10,119,129,2086,7,RAMB18,SLICE
0,57,14,176,14,119,133,2761,7,RAMB18,SLICE
0,57,10,174,10,117,127,1967,7,RAMB18,SLICE
9,136,5,159,4,23,27,1977,7,SLICE,SLICE
9,136,4,154,5,18,23,1623,7,SLICE,SLICE
9,136,5,154,4,18,22,1760,7,SLICE,SLICE
9,136,6,152,3,16,19,1503,7,SLICE,SLICE
8,155,7,155,1,0,1,614,6,SLICE,SLICE
8,155,7,148,1,7,8,728,6,SLICE,SLICE
8,155,5,157,3,2,5,662,6,SLICE,SLICE
8,155,2,155,6,0,6,608,6,SLICE,SLICE
0,48,8,154,8,106,114,1872,7,RAMB18,SLICE
0,48,6,159,6,111,117,2061,7,RAMB18,SLICE
0,48,4,159,4,111,115,2163,7,RAMB18,SLICE
0,48,6,164,6,116,122,2644,7,RAMB18,SLICE
0,48,11,163,11,115,126,2112,7,RAMB18,SLICE
0,48,9,167,9,119,128,2462,7,RAMB18,SLICE
0,48,16,160,16,112,128,1945,7,RAMB18,SLICE
0,48,11,163,11,115,126,2084,7,RAMB18,SLICE
0,48,6,145,6,97,103,1516,7,RAMB18,SLICE
0,48,4,145,4,97,101,1819,7,RAMB18,SLICE
0,48,1,156,1,108,109,2856,7,RAMB18,SLICE
0,48,7,148,7,100,107,1738,7,RAMB18,SLICE
8,140,8,161,0,21,21,1089,7,SLICE,SLICE
8,140,15,160,7,20,27,1122,7,SLICE,SLICE
8,140,9,155,1,15,16,1039,7,SLICE,SLICE
8,140,11,160,3,20,23,1206,7,SLICE,SLICE
6,141,7,161,1,20,21,1128,7,SLICE,SLICE
6,141,5,148,1,7,8,469,7,SLICE,SLICE
6,141,7,169,1,28,29,1574,7,SLICE,SLICE
6,141,6,162,0,21,21,1292,7,SLICE,SLICE
6,140,3,177,3,37,40,2398,7,SLICE,SLICE
6,140,12,176,6,36,42,2230,7,SLICE,SLICE
6,140,9,175,3,35,38,2146,7,SLICE,SLICE
6,140,12,177,6,37,43,2525,7,SLICE,SLICE
0,42,5,146,5,104,109,1699,7,RAMB18,SLICE
0,42,4,146,4,104,108,1686,7,RAMB18,SLICE
0,42,5,147,5,105,110,1954,7,RAMB18,SLICE
0,42,0,159,0,117,117,2543,7,RAMB18,SLICE
0,42,14,177,14,135,149,3102,7,RAMB18,SLICE
0,42,11,177,11,135,146,3317,7,RAMB18,SLICE
0,42,9,172,9,130,139,2897,7,RAMB18,SLICE
0,42,8,175,8,133,141,3026,7,RAMB18,SLICE
0,42,14,164,14,122,136,3390,7,RAMB18,SLICE
0,42,11,167,11,125,136,2471,7,RAMB18,SLICE
0,42,15,171,15,129,144,3043,7,RAMB18,SLICE
0,42,14,172,14,130,144,2775,7,RAMB18,SLICE
0,42,4,172,4,130,134,2572,7,RAMB18,SLICE
0,42,2,178,2,136,138,3138,7,RAMB18,SLICE
0,42,8,174,8,132,140,2811,7,RAMB18,SLICE
0,42,4,179,4,137,141,3096,7,RAMB18,SLICE
6,134,6,155,0,21,21,1062,7,SLICE,SLICE
6,134,9,152,3,18,21,1241,7,SLICE,SLICE
6,134,7,161,1,27,28,1484,7,SLICE,SLICE
6,134,6,161,0,27,27,1498,7,SLICE,SLICE
9,141,0,176,9,35,44,1861,7,SLICE,SLICE
9,141,11,177,2,36,38,2360,7,SLICE,SLICE
9,141,5,170,4,29,33,1857,7,SLICE,SLICE
9,141,1,157,8,16,24,949,7,SLICE,SLICE
0,17,8,153,8,136,144,3840,7,RAMB18,SLICE
0,17,7,162,7,145,152,4907,7,RAMB18,SLICE
0,17,5,158,5,141,146,4342,7,RAMB18,SLICE
0,17,5,153,5,136,141,3942,7,RAMB18,SLICE
0,17,17,172,17,155,172,5380,7,RAMB18,SLICE
0,17,15,167,15,150,165,4800,7,RAMB18,SLICE
0,17,15,176,15,159,174,5364,7,RAMB18,SLICE
0,17,14,167,14,150,164,4989,7,RAMB18,SLICE
0,17,9,152,9,135,144,4485,7,RAMB18,SLICE
0,17,11,154,11,137,148,4295,7,RAMB18,SLICE
0,17,9,154,9,137,146,4616,7,RAMB18,SLICE
0,17,4,156,4,139,143,4748,7,RAMB18,SLICE
16,164,9,172,7,8,15,1088,7,SLICE,SLICE
16,164,11,176,5,12,17,1470,7,SLICE,SLICE
16,164,14,172,2,8,10,946,7,SLICE,SLICE
16,164,11,174,5,10,15,1050,7,SLICE,SLICE
8,136,10,175,2,39,41,1852,7,SLICE,SLICE
8,136,10,175,2,39,41,1741,7,SLICE,SLICE
8,136,9,175,1,39,40,1530,7,SLICE,SLICE
8,136,11,175,3,39,42,1576,7,SLICE,SLICE
0,58,3,167,3,109,112,1593,7,RAMB18,SLICE
0,58,13,175,13,117,130,2324,7,RAMB18,SLICE
0,58,5,170,5,112,117,1855,7,RAMB18,SLICE
0,58,2,169,2,111,113,1700,7,RAMB18,SLICE
0,58,6,168,6,110,116,2003,7,RAMB18,SLICE
0,58,14,158,14,100,114,1681,7,RAMB18,SLICE
0,58,11,156,11,98,109,1105,7,RAMB18,SLICE
0,58,14,157,14,99,113,1709,7,RAMB18,SLICE
0,58,5,170,5,112,117,1730,7,RAMB18,SLICE
0,58,0,156,0,98,98,1201,7,RAMB18,SLICE
0,58,2,162,2,104,106,1107,7,RAMB18,SLICE
0,58,4,147,4,89,93,762,7,RAMB18,SLICE
8,148,5,141,3,7,10,786,7,SLICE,SLICE
8,148,4,141,4,7,11,898,7,SLICE,SLICE
8,148,4,156,4,8,12,872,7,SLICE,SLICE
8,148,6,155,2,7,9,879,7,SLICE,SLICE
10,151,6,163,4,12,16,1293,7,SLICE,SLICE
10,151,8,155,2,4,6,596,7,SLICE,SLICE
10,151,9,163,1,12,13,1266,7,SLICE,SLICE
10,151,7,144,3,7,10,635,7,SLICE,SLICE
0,28,5,176,5,148,153,5103,7,RAMB18,SLICE
0,28,0,158,0,130,130,4198,7,RAMB18,SLICE
0,28,1,170,1,142,143,4752,7,RAMB18,SLICE
0,28,2,163,2,135,137,4458,7,RAMB18,SLICE
0,28,11,166,11,138,149,3624,7,RAMB18,SLICE
0,28,12,171,12,143,155,3481,7,RAMB18,SLICE
0,28,13,176,13,148,161,4349,7,RAMB18,SLICE
0,28,12,177,12,149,161,4631,7,RAMB18,SLICE
0,28,12,170,12,142,154,5490,7,RAMB18,SLICE
0,28,7,172,7,144,151,4759,7,RAMB18,SLICE
0,28,8,172,8,144,152,4970,7,RAMB18,SLICE
0,28,11,174,11,146,157,5274,7,RAMB18,SLICE
0,28,1,156,1,128,129,3622,7,RAMB18,SLICE
0,28,2,160,2,132,134,4315,7,RAMB18,SLICE
0,28,3,157,3,129,132,3709,7,RAMB18,SLICE
0,28,7,143,7,115,122,3204,7,RAMB18,SLICE
0,22,9,163,9,141,150,4541,7,RAMB18,SLICE
0,22,7,164,7,142,149,4365,7,RAMB18,SLICE
0,22,3,163,3,141,144,4708,7,RAMB18,SLICE
0,22,6,169,6,147,153,4434,7,RAMB18,SLICE
0,22,10,173,10,151,161,3725,7,RAMB18,SLICE
0,22,3,176,3,154,157,3675,7,RAMB18,SLICE
0,22,5,176,5,154,159,3604,7,RAMB18,SLICE
0,22,5,170,5,148,153,3132,7,RAMB18,SLICE
0,22,1,158,1,136,137,4183,7,RAMB18,SLICE
0,22,1,159,1,137,138,4035,7,RAMB18,SLICE
0,22,0,157,0,135,135,3678,7,RAMB18,SLICE
0,22,2,163,2,141,143,3785,7,RAMB18,SLICE
6,134,2,173,4,39,43,1557,7,SLICE,SLICE
6,134,6,171,0,37,37,2043,7,SLICE,SLICE
6,134,3,169,3,35,38,1651,7,SLICE,SLICE
6,134,3,172,3,38,41,1615,7,SLICE,SLICE
8,142,3,157,5,15,20,1567,7,SLICE,SLICE
8,142,7,146,1,4,5,960,7,SLICE,SLICE
8,142,6,154,2,12,14,1334,7,SLICE,SLICE
8,142,6,150,2,8,10,1151,7,SLICE,SLICE
0,14,2,165,2,151,153,6567,7,RAMB18,SLICE
0,14,9,155,9,141,150,6004,7,RAMB18,SLICE
0,14,5,164,5,150,155,6891,7,RAMB18,SLICE
0,14,6,151,6,137,143,5486,7,RAMB18,SLICE
0,14,2,168,2,154,156,4529,7,RAMB18,SLICE
0,14,3,161,3,147,150,3850,7,RAMB18,SLICE
0,14,4,156,4,142,146,3105,7,RAMB18,SLICE
0,14,6,146,6,132,138,2454,7,RAMB18,SLICE
0,14,11,162,11,148,159,5672,7,RAMB18,SLICE
0,14,13,164,13,150,163,5780,7,RAMB18,SLICE
0,14,13,162,13,148,161,5667,7,RAMB18,SLICE
0,14,14,160,14,146,160,5565,7,RAMB18,SLICE
9,144,15,161,6,17,23,921,7,SLICE,SLICE
9,144,14,168,5,24,29,2235,7,SLICE,SLICE
9,144,14,172,5,28,33,1680,7,SLICE,SLICE
9,144,14,166,5,22,27,1725,7,SLICE,SLICE
60,256,60,256,0,0,0,58,1,SLICE,SLICE
48,236,48,236,0,0,0,58,1,SLICE,SLICE
62,259,62,259,0,0,0,55,1,SLICE,SLICE
66,252,66,252,0,0,0,55,1,SLICE,SLICE
64,258,64,258,0,0,0,59,1,SLICE,SLICE
66,275,66,275,0,0,0,56,1,SLICE,SLICE
64,272,64,272,0,0,0,59,1,SLICE,SLICE
62,248,62,248,0,0,0,55,1,SLICE,SLICE
69,248,69,248,0,0,0,59,1,SLICE,SLICE
66,255,66,255,0,0,0,56,1,SLICE,SLICE
66,262,66,262,0,0,0,56,1,SLICE,SLICE
64,255,64,255,0,0,0,59,1,SLICE,SLICE
64,248,64,248,0,0,0,58,1,SLICE,SLICE
66,245,66,245,0,0,0,55,1,SLICE,SLICE
62,264,62,264,0,0,0,56,1,SLICE,SLICE
64,245,64,245,0,0,0,58,1,SLICE,SLICE
62,255,62,255,0,0,0,55,1,SLICE,SLICE
64,279,64,279,0,0,0,58,1,SLICE,SLICE
62,267,62,267,0,0,0,55,1,SLICE,SLICE
66,261,66,261,0,0,0,55,1,SLICE,SLICE
68,266,68,266,0,0,0,59,1,SLICE,SLICE
66,250,66,250,0,0,0,55,1,SLICE,SLICE
66,255,66,255,0,0,0,55,1,SLICE,SLICE
64,249,64,249,0,0,0,58,1,SLICE,SLICE
65,248,65,248,0,0,0,59,1,SLICE,SLICE
62,275,62,275,0,0,0,56,1,SLICE,SLICE
64,274,64,274,0,0,0,58,1,SLICE,SLICE
64,258,64,258,0,0,0,58,1,SLICE,SLICE
66,280,66,280,0,0,0,55,1,SLICE,SLICE
64,274,64,274,0,0,0,58,1,SLICE,SLICE
68,272,68,272,0,0,0,58,1,SLICE,SLICE
68,263,68,263,0,0,0,59,1,SLICE,SLICE
64,244,64,244,0,0,0,58,1,SLICE,SLICE
62,246,62,246,0,0,0,55,1,SLICE,SLICE
64,264,64,264,0,0,0,58,1,SLICE,SLICE
63,256,63,256,0,0,0,58,1,SLICE,SLICE
62,262,62,262,0,0,0,55,1,SLICE,SLICE
62,257,62,257,0,0,0,55,1,SLICE,SLICE
63,248,63,248,0,0,0,58,1,SLICE,SLICE
62,257,62,257,0,0,0,55,1,SLICE,SLICE
62,259,62,259,0,0,0,55,1,SLICE,SLICE
63,261,63,261,0,0,0,59,1,SLICE,SLICE
63,268,63,268,0,0,0,58,1,SLICE,SLICE
62,281,62,281,0,0,0,56,1,SLICE,SLICE
56,248,56,248,0,0,0,55,1,SLICE,SLICE
66,271,66,271,0,0,0,56,1,SLICE,SLICE
67,273,67,273,0,0,0,58,1,SLICE,SLICE
60,253,60,253,0,0,0,58,1,SLICE,SLICE
62,274,62,274,0,0,0,56,1,SLICE,SLICE
65,272,65,272,0,0,0,58,1,SLICE,SLICE
66,276,66,276,0,0,0,55,1,SLICE,SLICE
60,247,60,247,0,0,0,58,1,SLICE,SLICE
57,245,57,245,0,0,0,58,1,SLICE,SLICE
57,247,57,247,0,0,0,59,1,SLICE,SLICE
68,277,68,277,0,0,0,59,1,SLICE,SLICE
62,269,62,269,0,0,0,55,1,SLICE,SLICE
66,248,66,248,0,0,0,55,1,SLICE,SLICE
53,243,53,243,0,0,0,58,1,SLICE,SLICE
48,243,48,243,0,0,0,59,1,SLICE,SLICE
52,240,52,240,0,0,0,56,1,SLICE,SLICE
60,244,60,244,0,0,0,58,1,SLICE,SLICE
60,258,60,258,0,0,0,58,1,SLICE,SLICE
64,277,64,277,0,0,0,58,1,SLICE,SLICE
52,236,52,236,0,0,0,55,1,SLICE,SLICE
52,241,52,241,0,0,0,56,1,SLICE,SLICE
64,261,64,261,0,0,0,59,1,SLICE,SLICE
62,270,62,270,0,0,0,56,1,SLICE,SLICE
50,237,50,237,0,0,0,56,1,SLICE,SLICE
61,272,61,272,0,0,0,58,1,SLICE,SLICE
50,236,50,236,0,0,0,56,1,SLICE,SLICE
60,259,60,259,0,0,0,58,1,SLICE,SLICE
50,241,50,241,0,0,0,55,1,SLICE,SLICE
51,242,51,242,0,0,0,58,1,SLICE,SLICE
60,269,60,269,0,0,0,58,1,SLICE,SLICE
48,241,48,241,0,0,0,59,1,SLICE,SLICE
48,243,48,243,0,0,0,58,1,SLICE,SLICE
51,234,51,234,0,0,0,58,1,SLICE,SLICE
61,257,61,257,0,0,0,58,1,SLICE,SLICE
56,249,56,249,0,0,0,55,1,SLICE,SLICE
61,253,61,253,0,0,0,58,1,SLICE,SLICE
61,254,61,254,0,0,0,58,1,SLICE,SLICE
63,245,63,245,0,0,0,58,1,SLICE,SLICE
50,243,50,243,0,0,0,55,1,SLICE,SLICE
53,242,53,242,0,0,0,59,1,SLICE,SLICE
52,236,52,236,0,0,0,55,1,SLICE,SLICE
62,266,62,266,0,0,0,55,1,SLICE,SLICE
60,245,60,245,0,0,0,58,1,SLICE,SLICE
64,264,64,264,0,0,0,59,1,SLICE,SLICE
61,248,61,248,0,0,0,58,1,SLICE,SLICE
56,243,56,243,0,0,0,56,1,SLICE,SLICE
63,259,63,259,0,0,0,59,1,SLICE,SLICE
65,279,65,279,0,0,0,59,1,SLICE,SLICE
64,257,64,257,0,0,0,58,1,SLICE,SLICE
63,245,63,245,0,0,0,59,1,SLICE,SLICE
62,277,62,277,0,0,0,55,1,SLICE,SLICE
55,243,55,243,0,0,0,58,1,SLICE,SLICE
63,264,63,264,0,0,0,59,1,SLICE,SLICE
63,252,63,252,0,0,0,58,1,SLICE,SLICE
63,254,63,254,0,0,0,59,1,SLICE,SLICE
63,267,63,267,0,0,0,59,1,SLICE,SLICE
66,266,66,266,0,0,0,55,1,SLICE,SLICE
62,261,62,261,0,0,0,56,1,SLICE,SLICE
64,255,64,255,0,0,0,58,1,SLICE,SLICE
68,268,68,268,0,0,0,59,1,SLICE,SLICE
66,260,66,260,0,0,0,55,1,SLICE,SLICE
64,251,64,251,0,0,0,58,1,SLICE,SLICE
66,256,66,256,0,0,0,55,1,SLICE,SLICE
58,265,60,250,2,15,17,1395,7,SLICE,SLICE
58,265,65,274,7,9,16,896,7,SLICE,SLICE
58,265,65,279,7,14,21,1244,7,SLICE,SLICE
58,265,64,276,6,11,17,892,7,SLICE,SLICE
59,268,64,273,5,5,10,539,7,SLICE,SLICE
59,268,49,242,10,26,36,1592,7,SLICE,SLICE
59,268,62,261,3,7,10,645,7,SLICE,SLICE
59,268,57,248,2,20,22,1069,7,SLICE,SLICE
2,93,62,275,60,182,242,2837,7,RAMB18,SLICE
2,93,56,246,54,153,207,1209,7,RAMB18,SLICE
2,93,56,245,54,152,206,937,7,RAMB18,SLICE
2,93,62,271,60,178,238,2678,7,RAMB18,SLICE
2,93,60,267,58,174,232,1901,7,RAMB18,SLICE
2,93,50,241,48,148,196,1045,7,RAMB18,SLICE
2,93,51,234,49,141,190,481,7,RAMB18,SLICE
2,93,52,234,50,141,191,716,7,RAMB18,SLICE
2,93,61,254,59,161,220,1592,7,RAMB18,SLICE
2,93,60,247,58,154,212,1307,7,RAMB18,SLICE
2,93,61,247,59,154,213,1207,7,RAMB18,SLICE
2,93,63,266,61,173,234,1988,7,RAMB18,SLICE
59,277,63,264,4,13,17,892,7,SLICE,SLICE
59,277,53,242,6,35,41,1856,7,SLICE,SLICE
59,277,61,248,2,29,31,1486,7,SLICE,SLICE
59,277,50,241,9,36,45,2300,7,SLICE,SLICE
60,276,69,267,9,9,18,1127,7,SLICE,SLICE
60,276,65,246,5,30,35,1905,7,SLICE,SLICE
60,276,62,249,2,27,29,2075,7,SLICE,SLICE
60,276,67,268,7,8,15,724,7,SLICE,SLICE
2,136,61,245,59,109,168,2964,7,RAMB18,SLICE
2,136,61,252,59,116,175,2719,7,RAMB18,SLICE
2,136,61,248,59,112,171,3087,7,RAMB18,SLICE
2,136,60,268,58,132,190,1990,7,RAMB18,SLICE
2,136,60,248,58,112,170,3587,7,RAMB18,SLICE
2,136,56,245,54,109,163,4069,7,RAMB18,SLICE
2,136,60,253,58,117,175,3289,7,RAMB18,SLICE
2,136,62,274,60,138,198,3124,7,RAMB18,SLICE
2,136,52,243,50,107,157,4172,7,RAMB18,SLICE
2,136,51,236,49,100,149,5061,7,RAMB18,SLICE
2,136,49,238,47,102,149,4823,7,RAMB18,SLICE
2,136,61,272,59,136,195,2796,7,RAMB18,SLICE
2,136,61,262,59,126,185,3121,7,RAMB18,SLICE
2,136,52,237,50,101,151,4279,7,RAMB18,SLICE
2,136,63,253,61,117,178,3671,7,RAMB18,SLICE
2,136,61,262,59,126,185,2950,7,RAMB18,SLICE
58,268,63,251,5,17,22,1305,7,SLICE,SLICE
58,268,63,260,5,8,13,859,7,SLICE,SLICE
58,268,63,253,5,15,20,1236,7,SLICE,SLICE
58,268,60,265,2,3,5,691,7,SLICE,SLICE
58,260,63,262,5,2,7,700,7,SLICE,SLICE
58,260,58,260,0,0,0,455,7,SLICE,SLICE
58,260,61,258,3,2,5,922,7,SLICE,SLICE
58,260,64,259,6,1,7,390,7,SLICE,SLICE
2,106,51,239,49,133,182,1580,7,RAMB18,SLICE
2,106,48,241,46,135,181,1980,7,RAMB18,SLICE
2,106,51,236,49,130,179,2089,7,RAMB18,SLICE
2,106,63,277,61,171,232,1215,7,RAMB18,SLICE
2,106,61,251,59,145,204,1381,7,RAMB18,SLICE
2,106,61,261,59,155,214,1015,7,RAMB18,SLICE
2,106,49,237,47,131,178,2145,7,RAMB18,SLICE
2,106,48,237,46,131,177,2554,7,RAMB18,SLICE
2,106,64,270,62,164,226,827,7,RAMB18,SLICE
2,106,64,244,62,138,200,1771,7,RAMB18,SLICE
2,106,66,250,64,144,208,1456,7,RAMB18,SLICE
2,106,69,279,67,173,240,1563,7,RAMB18,SLICE
58,271,60,246,2,25,27,1691,7,SLICE,SLICE
58,271,61,251,3,20,23,1528,7,SLICE,SLICE
58,271,61,248,3,23,26,1695,7,SLICE,SLICE
58,271,50,235,8,36,44,2235,7,SLICE,SLICE
58,279,62,245,4,34,38,1954,7,SLICE,SLICE
58,279,66,266,8,13,21,1046,7,SLICE,SLICE
58,279,62,253,4,26,30,1712,7,SLICE,SLICE
58,279,60,253,2,26,28,1771,7,SLICE,SLICE
58,281,57,245,1,36,37,1859,7,SLICE,SLICE
58,281,63,248,5,33,38,1608,7,SLICE,SLICE
58,281,57,248,1,33,34,1524,7,SLICE,SLICE
58,281,63,279,5,2,7,697,7,SLICE,SLICE
2,96,60,254,58,158,216,1200,7,RAMB18,SLICE
2,96,50,241,48,145,193,438,7,RAMB18,SLICE
2,96,51,236,49,140,189,882,7,RAMB18,SLICE
2,96,63,268,61,172,233,1893,7,RAMB18,SLICE
2,96,63,254,61,158,219,1117,7,RAMB18,SLICE
2,96,60,255,58,159,217,1167,7,RAMB18,SLICE
2,96,63,275,61,179,240,1963,7,RAMB18,SLICE
2,96,62,269,60,173,233,1794,7,RAMB18,SLICE
2,96,48,239,46,143,189,559,7,RAMB18,SLICE
2,96,50,243,48,147,195,946,7,RAMB18,SLICE
2,96,61,254,59,158,217,1396,7,RAMB18,SLICE
2,96,60,244,58,148,206,1323,7,RAMB18,SLICE
58,273,52,244,6,29,35,2011,7,SLICE,SLICE
58,273,49,236,9,37,46,2482,7,SLICE,SLICE
58,273,59,244,1,29,30,1903,7,SLICE,SLICE
58,273,61,248,3,25,28,1512,7,SLICE,SLICE
60,278,58,249,2,29,31,1521,7,SLICE,SLICE
60,278,60,261,0,17,17,1279,7,SLICE,SLICE
60,278,60,273,0,5,5,701,7,SLICE,SLICE
60,278,50,245,10,33,43,1949,7,SLICE,SLICE
1,125,57,249,56,124,180,4095,7,RAMB18,SLICE
1,125,60,262,59,137,196,3207,7,RAMB18,SLICE
1,125,63,273,62,148,210,2598,7,RAMB18,SLICE
1,125,49,233,48,108,156,4940,7,RAMB18,SLICE
1,125,61,260,60,135,195,3466,6,RAMB18,SLICE
1,125,64,259,63,134,197,2929,6,RAMB18,SLICE
1,125,65,267,64,142,206,2813,6,RAMB18,SLICE
1,125,65,277,64,152,216,2401,6,RAMB18,SLICE
1,125,51,239,50,114,164,2975,7,RAMB18,SLICE
1,125,52,234,51,109,160,3758,7,RAMB18,SLICE
1,125,60,245,59,120,179,3626,7,RAMB18,SLICE
1,125,50,243,49,118,167,3122,7,RAMB18,SLICE
1,125,65,261,64,136,200,3217,7,RAMB18,SLICE
1,125,67,272,66,147,213,3012,7,RAMB18,SLICE
1,125,66,266,65,141,206,3192,7,RAMB18,SLICE
1,125,64,261,63,136,199,3472,7,RAMB18,SLICE
60,276,66,259,6,17,23,1334,7,SLICE,SLICE
60,276,66,251,6,25,31,1562,7,SLICE,SLICE
60,276,68,272,8,4,12,604,7,SLICE,SLICE
60,276,62,248,2,28,30,2027,7,SLICE,SLICE
58,275,57,247,1,28,29,1619,7,SLICE,SLICE
58,275,61,244,3,31,34,1865,7,SLICE,SLICE
58,275,51,241,7,34,41,1661,7,SLICE,SLICE
58,275,52,243,6,32,38,1670,7,SLICE,SLICE
1,122,64,262,63,140,203,2995,7,RAMB18,SLICE
1,122,65,267,64,145,209,2552,7,RAMB18,SLICE
1,122,65,267,64,145,209,2237,7,RAMB18,SLICE
1,122,63,256,62,134,196,3485,7,RAMB18,SLICE
1,122,64,254,63,132,195,3761,7,RAMB18,SLICE
1,122,63,254,62,132,194,3853,7,RAMB18,SLICE
1,122,62,254,61,132,193,3544,7,RAMB18,SLICE
1,122,62,262,61,140,201,3350,7,RAMB18,SLICE
1,122,63,252,62,130,192,3524,7,RAMB18,SLICE
1,122,62,261,61,139,200,3019,7,RAMB18,SLICE
1,122,62,251,61,129,190,3074,7,RAMB18,SLICE
1,122,67,276,66,154,220,2360,7,RAMB18,SLICE
50,244,60,258,10,14,24,1632,7,SLICE,SLICE
50,244,62,246,12,2,14,701,7,SLICE,SLICE
50,244,68,276,18,32,50,2768,7,SLICE,SLICE
50,244,62,275,12,31,43,2978,7,SLICE,SLICE
61,280,62,252,1,28,29,1672,7,SLICE,SLICE
61,280,62,245,1,35,36,2193,7,SLICE,SLICE
61,280,65,248,4,32,36,2535,7,SLICE,SLICE
61,280,69,276,8,4,12,881,7,SLICE,SLICE
2,94,65,272,63,178,241,1976,7,RAMB18,SLICE
2,94,61,262,59,168,227,1519,7,RAMB18,SLICE
2,94,56,249,54,155,209,1232,7,RAMB18,SLICE
2,94,63,269,61,175,236,2209,7,RAMB18,SLICE
2,94,61,261,59,167,226,1685,7,RAMB18,SLICE
2,94,63,274,61,180,241,2473,7,RAMB18,SLICE
2,94,61,279,59,185,244,3096,7,RAMB18,SLICE
2,94,64,270,62,176,238,2058,7,RAMB18,SLICE
2,94,60,247,58,153,211,1600,7,RAMB18,SLICE
2,94,51,241,49,147,196,1169,7,RAMB18,SLICE
2,94,51,238,49,144,193,689,7,RAMB18,SLICE
2,94,60,261,58,167,225,1752,7,RAMB18,SLICE
2,110,58,249,56,139,195,1981,7,RAMB18,SLICE
2,110,63,271,61,161,222,1048,7,RAMB18,SLICE
2,110,63,278,61,168,229,1117,7,RAMB18,SLICE
2,110,63,247,61,137,198,2141,7,RAMB18,SLICE
2,110,61,265,59,155,214,1241,7,RAMB18,SLICE
2,110,60,249,58,139,197,2165,7,RAMB18,SLICE
2,110,66,273,64,163,227,973,7,RAMB18,SLICE
2,110,64,257,62,147,209,1520,7,RAMB18,SLICE
2,110,62,267,60,157,217,1233,6,RAMB18,SLICE
2,110,62,255,60,145,205,1516,6,RAMB18,SLICE
2,110,62,255,60,145,205,1503,6,RAMB18,SLICE
2,110,62,272,60,162,222,1831,6,RAMB18,SLICE
2,110,64,252,62,142,204,1691,7,RAMB18,SLICE
2,110,64,273,62,163,225,931,7,RAMB18,SLICE
2,110,62,267,60,157,217,1534,7,RAMB18,SLICE
2,110,64,273,62,163,225,1107,7,RAMB18,SLICE
57,278,62,263,5,15,20,1398,7,SLICE,SLICE
57,278,51,236,6,42,48,2772,7,SLICE,SLICE
57,278,49,242,8,36,44,2635,7,SLICE,SLICE
57,278,52,241,5,37,42,2053,7,SLICE,SLICE
60,268,62,259,2,9,11,897,7,SLICE,SLICE
60,268,67,257,7,11,18,1088,7,SLICE,SLICE
60,268,63,255,3,13,16,984,7,SLICE,SLICE
60,268,64,245,4,23,27,1843,7,SLICE,SLICE
2,102,64,264,62,162,224,1164,7,RAMB18,SLICE
2,102,69,276,67,174,241,1738,7,RAMB18,SLICE
2,102,69,271,67,169,236,1657,7,RAMB18,SLICE
2,102,68,265,66,163,229,1395,7,RAMB18,SLICE
2,102,65,245,63,143,206,1495,7,RAMB18,SLICE
2,102,67,258,65,156,221,1816,7,RAMB18,SLICE
2,102,61,250,59,148,207,1121,7,RAMB18,SLICE
2,102,60,249,58,147,205,1058,7,RAMB18,SLICE
2,102,67,278,65,176,241,1395,7,RAMB18,SLICE
2,102,63,260,61,158,219,1174,7,RAMB18,SLICE
2,102,68,271,66,169,235,1385,7,RAMB18,SLICE
2,102,66,278,64,176,240,1659,7,RAMB18,SLICE
63,265,66,256,3,9,12,773,7,SLICE,SLICE
63,265,67,270,4,5,9,1107,7,SLICE,SLICE
63,265,62,267,1,2,3,362,7,SLICE,SLICE
63,265,67,257,4,8,12,977,7,SLICE,SLICE
48,247,67,250,19,3,22,1230,7,SLICE,SLICE
48,247,68,267,20,20,40,1610,7,SLICE,SLICE
48,247,67,259,19,12,31,1327,7,SLICE,SLICE
48,247,62,252,14,5,19,721,7,SLICE,SLICE
2,99,66,256,64,157,221,1817,7,RAMB18,SLICE
2,99,64,252,62,153,215,1291,7,RAMB18,SLICE
2,99,65,251,63,152,215,1323,7,RAMB18,SLICE
2,99,67,276,65,177,242,2518,7,RAMB18,SLICE
2,99,61,246,59,147,206,967,7,RAMB18,SLICE
2,99,57,246,55,147,202,989,7,RAMB18,SLICE
2,99,61,244,59,145,204,1083,7,RAMB18,SLICE
2,99,56,248,54,149,203,552,7,RAMB18,SLICE
2,99,67,261,65,162,227,1447,7,RAMB18,SLICE
2,99,66,255,64,156,220,931,7,RAMB18,SLICE
2,99,67,268,65,169,234,1725,7,RAMB18,SLICE
2,99,67,255,65,156,221,1014,7,RAMB18,SLICE
57,275,52,238,5,37,42,2076,7,SLICE,SLICE
57,275,48,234,9,41,50,2403,7,SLICE,SLICE
57,275,48,240,9,35,44,2055,7,SLICE,SLICE
57,275,60,259,3,16,19,1310,7,SLICE,SLICE
56,277,64,278,8,1,9,389,7,SLICE,SLICE
56,277,67,268,11,9,20,878,7,SLICE,SLICE
56,277,69,271,13,6,19,894,7,SLICE,SLICE
56,277,64,255,8,22,30,1693,7,SLICE,SLICE
1,115,61,250,60,135,195,2610,7,RAMB18,SLICE
1,115,69,268,68,153,221,2536,7,RAMB18,SLICE
1,115,62,248,61,133,194,3631,7,RAMB18,SLICE
1,115,66,246,65,131,196,3060,7,RAMB18,SLICE
1,115,56,244,55,129,184,2660,7,RAMB18,SLICE
1,115,48,238,47,123,170,3021,7,RAMB18,SLICE
1,115,50,241,49,126,175,2919,7,RAMB18,SLICE
1,115,58,250,57,135,192,2463,7,RAMB18,SLICE
1,115,65,277,64,162,226,1684,7,RAMB18,SLICE
1,115,60,254,59,139,198,2544,7,RAMB18,SLICE
1,115,61,267,60,152,212,2197,7,RAMB18,SLICE
1,115,57,246,56,131,187,2993,7,RAMB18,SLICE
1,115,68,268,67,153,220,2121,7,RAMB18,SLICE
1,115,62,256,61,141,202,2899,7,RAMB18,SLICE
1,115,67,257,66,142,208,2919,7,RAMB18,SLICE
1,115,67,249,66,134,200,3524,7,RAMB18,SLICE
56,280,65,268,9,12,21,1210,7,SLICE,SLICE
56,280,66,278,10,2,12,513,7,SLICE,SLICE
56,280,66,254,10,26,36,1754,7,SLICE,SLICE
56,280,68,250,12,30,42,1839,7,SLICE,SLICE
57,271,61,254,4,17,21,897,7,SLICE,SLICE
57,271,61,257,4,14,18,908,7,SLICE,SLICE
57,271,63,245,6,26,32,1821,7,SLICE,SLICE
57,271,61,262,4,9,13,841,7,SLICE,SLICE
61,275,63,274,2,1,3,587,7,SLICE,SLICE
61,275,66,266,5,9,14,1114,7,SLICE,SLICE
61,275,62,268,1,7,8,685,7,SLICE,SLICE
61,275,66,276,5,1,6,1161,7,SLICE,SLICE
2,132,67,278,65,146,211,2103,7,RAMB18,SLICE
2,132,59,251,57,119,176,3721,7,RAMB18,SLICE
2,132,66,247,64,115,179,3676,7,RAMB18,SLICE
2,132,64,249,62,117,179,3652,7,RAMB18,SLICE
2,132,58,258,56,126,182,2724,7,RAMB18,SLICE
2,132,64,257,62,125,187,2945,7,RAMB18,SLICE
2,132,64,257,62,125,187,2827,7,RAMB18,SLICE
2,132,65,257,63,125,188,3109,7,RAMB18,SLICE
2,132,51,235,49,103,152,4141,7,RAMB18,SLICE
2,132,49,241,47,109,156,3915,7,RAMB18,SLICE
2,132,51,243,49,111,160,3426,7,RAMB18,SLICE
2,132,48,233,46,101,147,3780,7,RAMB18,SLICE
61,266,63,278,2,12,14,872,7,SLICE,SLICE
61,266,60,244,1,22,23,1768,7,SLICE,SLICE
61,266,62,281,1,15,16,1142,7,SLICE,SLICE
61,266,66,269,5,3,8,734,7,SLICE,SLICE
56,280,58,249,2,31,33,1674,7,SLICE,SLICE
56,280,60,255,4,25,29,1829,7,SLICE,SLICE
56,280,63,279,7,1,8,695,7,SLICE,SLICE
56,280,68,263,12,17,29,966,7,SLICE,SLICE
1,117,56,244,55,127,182,3305,7,RAMB18,SLICE
1,117,51,238,50,121,171,3665,7,RAMB18,SLICE
1,117,51,238,50,121,171,3848,7,RAMB18,SLICE
1,117,56,247,55,130,185,3115,7,RAMB18,SLICE
1,117,48,235,47,118,165,3505,7,RAMB18,SLICE
1,117,49,237,48,120,168,3211,7,RAMB18,SLICE
1,117,58,250,57,133,190,2500,7,RAMB18,SLICE
1,117,50,234,49,117,166,3616,7,RAMB18,SLICE
1,117,62,270,61,153,214,2766,7,RAMB18,SLICE
1,117,48,237,47,120,167,4259,7,RAMB18,SLICE
1,117,66,277,65,160,225,2253,7,RAMB18,SLICE
1,117,52,241,51,124,175,3933,7,RAMB18,SLICE
57,270,64,279,7,9,16,867,7,SLICE,SLICE
57,270,62,263,5,7,12,984,7,SLICE,SLICE
57,270,63,263,6,7,13,812,7,SLICE,SLICE
57,270,63,258,6,12,18,1446,7,SLICE,SLICE
52,244,69,243,17,1,18,805,7,SLICE,SLICE
52,244,64,257,12,13,25,1209,7,SLICE,SLICE
52,244,52,240,0,4,4,593,7,SLICE,SLICE
52,244,63,252,11,8,19,1284,7,SLICE,SLICE
2,128,61,247,59,119,178,3883,7,RAMB18,SLICE
2,128,63,263,61,135,196,2788,7,RAMB18,SLICE
2,128,63,254,61,126,187,3322,7,RAMB18,SLICE
2,128,63,254,61,126,187,3365,7,RAMB18,SLICE
2,128,62,269,60,141,201,2541,7,RAMB18,SLICE
2,128,67,264,65,136,201,3293,7,RAMB18,SLICE
2,128,62,275,60,147,207,2143,7,RAMB18,SLICE
2,128,62,264,60,136,196,3500,7,RAMB18,SLICE
2,128,51,239,49,111,160,3408,7,RAMB18,SLICE
2,128,61,267,59,139,198,2378,7,RAMB18,SLICE
2,128,51,239,49,111,160,3408,7,RAMB18,SLICE
2,128,50,241,48,113,161,3193,7,RAMB18,SLICE
2,128,62,274,60,146,206,1872,7,RAMB18,SLICE
2,128,63,254,61,126,187,3197,7,RAMB18,SLICE
2,128,61,257,59,129,188,2581,7,RAMB18,SLICE
2,128,63,266,61,138,199,2725,7,RAMB18,SLICE
57,276,62,247,5,29,34,1775,7,SLICE,SLICE
57,276,63,260,6,16,22,1214,7,SLICE,SLICE
57,276,61,258,4,18,22,760,7,SLICE,SLICE
57,276,64,277,7,1,8,479,7,SLICE,SLICE
60,268,48,235,12,33,45,2375,7,SLICE,SLICE
60,268,52,240,8,28,36,2534,7,SLICE,SLICE
60,268,49,233,11,35,46,2789,7,SLICE,SLICE
60,268,62,265,2,3,5,637,7,SLICE,SLICE
57,277,51,234,6,43,49,2420,7,SLICE,SLICE
57,277,58,244,1,33,34,1783,7,SLICE,SLICE
57,277,56,244,1,33,34,1795,7,SLICE,SLICE
57,277,52,234,5,43,48,2324,7,SLICE,SLICE
2,112,65,264,63,152,215,1832,6,RAMB18,SLICE
2,112,61,256,59,144,203,2250,6,RAMB18,SLICE
2,112,62,256,60,144,204,2408,6,RAMB18,SLICE
2,112,66,266,64,154,218,1659,6,RAMB18,SLICE
2,112,62,271,60,159,219,2086,7,RAMB18,SLICE
2,112,67,278,65,166,231,1465,7,RAMB18,SLICE
2,112,66,278,64,166,230,1337,7,RAMB18,SLICE
2,112,66,267,64,155,219,2178,7,RAMB18,SLICE
2,112,62,247,60,135,195,2525,7,RAMB18,SLICE
2,112,65,274,63,162,225,1036,7,RAMB18,SLICE
2,112,61,258,59,146,205,2341,7,RAMB18,SLICE
2,112,66,250,64,138,202,2872,7,RAMB18,SLICE
60,274,69,270,9,4,13,632,7,SLICE,SLICE
60,274,69,276,9,2,11,842,7,SLICE,SLICE
60,274,67,254,7,20,27,1337,7,SLICE,SLICE
60,274,62,247,2,27,29,1763,7,SLICE,SLICE
58,253,60,267,2,14,16,1218,7,SLICE,SLICE
58,253,62,266,4,13,17,1090,7,SLICE,SLICE
58,253,60,245,2,8,10,897,7,SLICE,SLICE
58,253,50,235,8,18,26,1351,7,SLICE,SLICE
2,109,65,277,63,168,231,998,7,RAMB18,SLICE
2,109,61,255,59,146,205,1572,7,RAMB18,SLICE
2,109,63,256,61,147,208,1455,7,RAMB18,SLICE
2,109,62,252,60,143,203,1844,7,RAMB18,SLICE
2,109,63,263,61,154,215,1496,7,RAMB18,SLICE
2,109,58,248,56,139,195,1837,7,RAMB18,SLICE
2,109,49,233,47,124,171,2482,7,RAMB18,SLICE
2,109,60,269,58,160,218,782,7,RAMB18,SLICE
2,109,60,267,58,158,216,907,7,RAMB18,SLICE
2,109,49,233,47,124,171,3241,7,RAMB18,SLICE
2,109,61,244,59,135,194,2295,7,RAMB18,SLICE
2,109,52,237,50,128,178,2415,7,RAMB18,SLICE
58,255,63,251,5,4,9,771,7,SLICE,SLICE
58,255,62,277,4,22,26,1441,7,SLICE,SLICE
58,255,63,263,5,8,13,742,7,SLICE,SLICE
58,255,61,251,3,4,7,719,7,SLICE,SLICE
60,263,63,252,3,11,14,1054,7,SLICE,SLICE
60,263,64,264,4,1,5,544,7,SLICE,SLICE
60,263,66,276,6,13,19,1221,7,SLICE,SLICE
60,263,66,265,6,2,8,911,7,SLICE,SLICE
1,112,66,268,65,156,221,1619,7,RAMB18,SLICE
1,112,66,247,65,135,200,2859,7,RAMB18,SLICE
1,112,67,256,66,144,210,2482,7,RAMB18,SLICE
1,112,62,268,61,156,217,1504,7,RAMB18,SLICE
1,112,65,270,64,158,222,1712,7,RAMB18,SLICE
1,112,67,263,66,151,217,2342,7,RAMB18,SLICE
1,112,63,247,62,135,197,3082,7,RAMB18,SLICE
1,112,67,263,66,151,217,2313,7,RAMB18,SLICE
1,112,64,274,63,162,225,1471,7,RAMB18,SLICE
1,112,63,251,62,139,201,2587,7,RAMB18,SLICE
1,112,62,246,61,134,195,3154,7,RAMB18,SLICE
1,112,63,269,62,157,219,1919,7,RAMB18,SLICE
1,112,65,249,64,137,201,2746,7,RAMB18,SLICE
1,112,65,256,64,144,208,2548,7,RAMB18,SLICE
1,112,62,253,61,141,202,2852,7,RAMB18,SLICE
1,112,66,275,65,163,228,1648,7,RAMB18,SLICE
61,277,65,245,4,32,36,1776,7,SLICE,SLICE
61,277,64,265,3,12,15,925,7,SLICE,SLICE
61,277,67,262,6,15,21,1163,7,SLICE,SLICE
61,277,64,256,3,21,24,1331,7,SLICE,SLICE
57,273,57,247,0,26,26,1453,6,SLICE,SLICE
57,273,58,248,1,25,26,1703,6,SLICE,SLICE
57,273,65,270,8,3,11,842,6,SLICE,SLICE
57,273,60,256,3,17,20,797,6,SLICE,SLICE
1,121,51,235,50,114,164,3947,7,RAMB18,SLICE
1,121,59,244,58,123,181,3733,7,RAMB18,SLICE
1,121,63,260,62,139,201,2512,7,RAMB18,SLICE
1,121,55,243,54,122,176,3806,7,RAMB18,SLICE
1,121,58,260,57,139,196,2676,7,RAMB18,SLICE
1,121,57,245,56,124,180,3394,7,RAMB18,SLICE
1,121,60,255,59,134,193,2605,7,RAMB18,SLICE
1,121,56,246,55,125,180,3406,7,RAMB18,SLICE
1,121,66,253,65,132,197,3356,7,RAMB18,SLICE
1,121,66,253,65,132,197,3245,7,RAMB18,SLICE
1,121,65,265,64,144,208,2792,7,RAMB18,SLICE
1,121,65,245,64,124,188,3653,7,RAMB18,SLICE
2,133,64,251,62,118,180,3966,7,RAMB18,SLICE
2,133,69,277,67,144,211,2421,7,RAMB18,SLICE
2,133,65,269,63,136,199,2805,7,RAMB18,SLICE
2,133,62,259,60,126,186,3608,7,RAMB18,SLICE
2,133,67,251,65,118,183,3220,7,RAMB18,SLICE
2,133,65,246,63,113,176,3237,7,RAMB18,SLICE
2,133,67,254,65,121,186,3226,7,RAMB18,SLICE
2,133,64,246,62,113,175,3454,7,RAMB18,SLICE
2,133,59,248,57,115,172,2991,7,RAMB18,SLICE
2,133,66,278,64,145,209,2991,7,RAMB18,SLICE
2,133,63,279,61,146,207,2633,7,RAMB18,SLICE
2,133,63,279,61,146,207,2476,7,RAMB18,SLICE
58,277,67,254,9,23,32,2024,7,SLICE,SLICE
58,277,64,248,6,29,35,2177,7,SLICE,SLICE
58,277,62,248,4,29,33,1966,7,SLICE,SLICE
58,277,68,270,10,7,17,1369,7,SLICE,SLICE
58,275,69,266,11,9,20,803,7,SLICE,SLICE
58,275,65,249,7,26,33,2039,7,SLICE,SLICE
58,275,64,249,6,26,32,1901,7,SLICE,SLICE
58,275,67,249,9,26,35,1610,7,SLICE,SLICE
2,127,62,245,60,118,178,3420,7,RAMB18,SLICE
2,127,65,279,63,152,215,1769,7,RAMB18,SLICE
2,127,66,264,64,137,201,2551,7,RAMB18,SLICE
2,127,62,251,60,124,184,3455,7,RAMB18,SLICE
2,127,66,247,64,120,184,3292,7,RAMB18,SLICE
2,127,66,256,64,129,193,2928,7,RAMB18,SLICE
2,127,67,256,65,129,194,2780,7,RAMB18,SLICE
2,127,66,274,64,147,211,1940,7,RAMB18,SLICE
2,127,48,237,46,110,156,3385,7,RAMB18,SLICE
2,127,49,242,47,115,162,3096,7,RAMB18,SLICE
2,127,51,236,49,109,158,3103,7,RAMB18,SLICE
2,127,50,236,48,109,157,3399,7,RAMB18,SLICE
2,127,49,239,47,112,159,3544,7,RAMB18,SLICE
2,127,59,250,57,123,180,2825,7,RAMB18,SLICE
2,127,60,269,58,142,200,1909,7,RAMB18,SLICE
2,127,52,242,50,115,165,3197,7,RAMB18,SLICE
51,245,59,244,8,1,9,417,7,SLICE,SLICE
51,245,64,271,13,26,39,1886,7,SLICE,SLICE
51,245,61,262,10,17,27,1264,7,SLICE,SLICE
51,245,60,244,9,1,10,844,7,SLICE,SLICE
7,196,7,196,0,0,0,58,1,SLICE,SLICE
14,202,14,202,0,0,0,55,1,SLICE,SLICE
14,204,14,204,0,0,0,55,1,SLICE,SLICE
16,199,16,199,0,0,0,55,1,SLICE,SLICE
14,203,14,203,0,0,0,55,1,SLICE,SLICE
14,200,14,200,0,0,0,55,1,SLICE,SLICE
17,208,17,208,0,0,0,58,1,SLICE,SLICE
17,195,17,195,0,0,0,59,1,SLICE,SLICE
17,193,17,193,0,0,0,58,1,SLICE,SLICE
16,190,16,190,0,0,0,55,1,SLICE,SLICE
16,188,16,188,0,0,0,56,1,SLICE,SLICE
13,195,13,195,0,0,0,59,1,SLICE,SLICE
16,193,16,193,0,0,0,55,1,SLICE,SLICE
13,195,13,195,0,0,0,58,1,SLICE,SLICE
16,187,16,187,0,0,0,55,1,SLICE,SLICE
16,190,16,190,0,0,0,55,1,SLICE,SLICE
16,195,16,195,0,0,0,55,1,SLICE,SLICE
16,209,16,209,0,0,0,55,1,SLICE,SLICE
10,196,10,196,0,0,0,55,1,SLICE,SLICE
13,193,13,193,0,0,0,58,1,SLICE,SLICE
10,195,10,195,0,0,0,56,1,SLICE,SLICE
12,189,12,189,0,0,0,55,1,SLICE,SLICE
14,187,14,187,0,0,0,56,1,SLICE,SLICE
12,191,12,191,0,0,0,56,1,SLICE,SLICE
12,192,12,192,0,0,0,56,1,SLICE,SLICE
15,191,15,191,0,0,0,58,1,SLICE,SLICE
15,190,15,190,0,0,0,58,1,SLICE,SLICE
12,191,12,191,0,0,0,55,1,SLICE,SLICE
16,204,16,204,0,0,0,55,1,SLICE,SLICE
17,190,17,190,0,0,0,58,1,SLICE,SLICE
16,180,16,180,0,0,0,55,1,SLICE,SLICE
16,180,16,180,0,0,0,56,1,SLICE,SLICE
14,182,14,182,0,0,0,56,1,SLICE,SLICE
12,179,12,179,0,0,0,56,1,SLICE,SLICE
12,183,12,183,0,0,0,55,1,SLICE,SLICE
12,179,12,179,0,0,0,55,1,SLICE,SLICE
12,183,12,183,0,0,0,55,1,SLICE,SLICE
16,207,16,207,0,0,0,56,1,SLICE,SLICE
14,181,14,181,0,0,0,55,1,SLICE,SLICE
16,202,16,202,0,0,0,56,1,SLICE,SLICE
12,181,12,181,0,0,0,55,1,SLICE,SLICE
6,195,6,195,0,0,0,55,1,SLICE,SLICE
7,192,7,192,0,0,0,58,1,SLICE,SLICE
8,196,8,196,0,0,0,55,1,SLICE,SLICE
8,195,8,195,0,0,0,56,1,SLICE,SLICE
10,180,10,180,0,0,0,56,1,SLICE,SLICE
8,193,8,193,0,0,0,55,1,SLICE,SLICE
10,191,10,191,0,0,0,55,1,SLICE,SLICE
10,201,10,201,0,0,0,55,1,SLICE,SLICE
8,189,8,189,0,0,0,55,1,SLICE,SLICE
8,193,8,193,0,0,0,55,1,SLICE,SLICE
10,186,10,186,0,0,0,55,1,SLICE,SLICE
11,193,11,193,0,0,0,59,1,SLICE,SLICE
6,188,6,188,0,0,0,55,1,SLICE,SLICE
8,184,8,184,0,0,0,56,1,SLICE,SLICE
6,187,6,187,0,0,0,56,1,SLICE,SLICE
10,181,10,181,0,0,0,55,1,SLICE,SLICE
10,181,10,181,0,0,0,55,1,SLICE,SLICE
8,182,8,182,0,0,0,56,1,SLICE,SLICE
11,181,11,181,0,0,0,58,1,SLICE,SLICE
8,185,8,185,0,0,0,55,1,SLICE,SLICE
17,204,17,204,0,0,0,58,1,SLICE,SLICE
8,181,8,181,0,0,0,55,1,SLICE,SLICE
10,180,10,180,0,0,0,55,1,SLICE,SLICE
11,179,11,179,0,0,0,58,1,SLICE,SLICE
8,200,8,200,0,0,0,56,1,SLICE,SLICE
8,203,8,203,0,0,0,55,1,SLICE,SLICE
7,201,7,201,0,0,0,59,1,SLICE,SLICE
8,205,8,205,0,0,0,56,1,SLICE,SLICE
10,203,10,203,0,0,0,55,1,SLICE,SLICE
10,198,10,198,0,0,0,55,1,SLICE,SLICE
10,205,10,205,0,0,0,55,1,SLICE,SLICE
10,200,10,200,0,0,0,55,1,SLICE,SLICE
11,204,11,204,0,0,0,58,1,SLICE,SLICE
8,200,8,200,0,0,0,55,1,SLICE,SLICE
11,200,11,200,0,0,0,59,1,SLICE,SLICE
11,201,11,201,0,0,0,59,1,SLICE,SLICE
10,214,10,214,0,0,0,56,1,SLICE,SLICE
7,214,7,214,0,0,0,58,1,SLICE,SLICE
8,215,8,215,0,0,0,55,1,SLICE,SLICE
10,215,10,215,0,0,0,56,1,SLICE,SLICE
17,213,17,213,0,0,0,58,1,SLICE,SLICE
9,215,9,215,0,0,0,59,1,SLICE,SLICE
10,213,10,213,0,0,0,55,1,SLICE,SLICE
10,212,10,212,0,0,0,56,1,SLICE,SLICE
10,215,10,215,0,0,0,55,1,SLICE,SLICE
11,213,11,213,0,0,0,58,1,SLICE,SLICE
11,213,11,213,0,0,0,59,1,SLICE,SLICE
10,210,10,210,0,0,0,55,1,SLICE,SLICE
14,206,14,206,0,0,0,56,1,SLICE,SLICE
16,212,16,212,0,0,0,55,1,SLICE,SLICE
12,208,12,208,0,0,0,55,1,SLICE,SLICE
17,214,17,214,0,0,0,58,1,SLICE,SLICE
10,207,10,207,0,0,0,55,1,SLICE,SLICE
12,209,12,209,0,0,0,55,1,SLICE,SLICE
13,209,13,209,0,0,0,58,1,SLICE,SLICE
13,209,13,209,0,0,0,59,1,SLICE,SLICE
12,207,12,207,0,0,0,55,1,SLICE,SLICE
13,209,13,209,0,0,0,58,1,SLICE,SLICE
13,207,13,207,0,0,0,58,1,SLICE,SLICE
12,201,12,201,0,0,0,55,1,SLICE,SLICE
14,205,14,205,0,0,0,56,1,SLICE,SLICE
8,197,8,197,0,0,0,55,1,SLICE,SLICE
16,201,16,201,0,0,0,56,1,SLICE,SLICE
16,209,16,209,0,0,0,55,1,SLICE,SLICE
17,202,17,202,0,0,0,58,1,SLICE,SLICE
3,174,8,209,5,35,40,2416,7,SLICE,SLICE
3,174,7,205,4,31,35,1407,7,SLICE,SLICE
3,174,9,209,6,35,41,2365,7,SLICE,SLICE
3,174,6,207,3,33,36,1953,7,SLICE,SLICE
8,183,13,184,5,1,6,480,7,SLICE,SLICE
8,183,13,180,5,3,8,765,7,SLICE,SLICE
8,183,15,181,7,2,9,771,7,SLICE,SLICE
8,183,12,184,4,1,5,792,7,SLICE,SLICE
0,110,13,186,13,76,89,3271,7,RAMB18,SLICE
0,110,17,187,17,77,94,2947,7,RAMB18,SLICE
0,110,15,189,15,79,94,2707,7,RAMB18,SLICE
0,110,13,186,13,76,89,2953,7,RAMB18,SLICE
0,110,12,186,12,76,88,4187,7,RAMB18,SLICE
0,110,7,191,7,81,88,3265,7,RAMB18,SLICE
0,110,7,191,7,81,88,3448,7,RAMB18,SLICE
0,110,10,190,10,80,90,3468,7,RAMB18,SLICE
0,110,15,192,15,82,97,3318,7,RAMB18,SLICE
0,110,13,195,13,85,98,3102,7,RAMB18,SLICE
0,110,14,193,14,83,97,3240,7,RAMB18,SLICE
0,110,17,203,17,93,110,2940,7,RAMB18,SLICE
0,110,13,185,13,75,88,3474,7,RAMB18,SLICE
0,110,13,179,13,69,82,3886,7,RAMB18,SLICE
0,110,11,185,11,75,86,3241,7,RAMB18,SLICE
0,110,11,191,11,81,92,2772,7,RAMB18,SLICE
0,162,11,194,11,32,43,2573,7,SLICE,SLICE
0,162,9,190,9,28,37,2009,7,SLICE,SLICE
0,162,15,190,15,28,43,2297,7,SLICE,SLICE
0,162,13,182,13,20,33,1705,7,SLICE,SLICE
9,178,16,203,7,25,32,1859,7,SLICE,SLICE
9,178,14,194,5,16,21,1295,7,SLICE,SLICE
9,178,16,194,7,16,23,1380,7,SLICE,SLICE
9,178,12,196,3,18,21,1623,7,SLICE,SLICE
0,116,9,182,9,66,75,5034,7,RAMB18,SLICE
0,116,7,190,7,74,81,4457,7,RAMB18,SLICE
0,116,8,191,8,75,83,4736,7,RAMB18,SLICE
0,116,11,183,11,67,78,5161,7,RAMB18,SLICE
0,116,8,186,8,70,78,4544,7,RAMB18,SLICE
0,116,8,204,8,88,96,3554,7,RAMB18,SLICE
0,116,11,205,11,89,100,3212,7,RAMB18,SLICE
0,116,10,202,10,86,96,3584,7,RAMB18,SLICE
0,116,12,200,12,84,96,3650,7,RAMB18,SLICE
0,116,16,196,16,80,96,4008,7,RAMB18,SLICE
0,116,14,194,14,78,92,4121,7,RAMB18,SLICE
0,116,12,196,12,80,92,3887,7,RAMB18,SLICE
10,178,15,186,5,8,13,958,7,SLICE,SLICE
10,178,12,192,2,14,16,894,7,SLICE,SLICE
10,178,13,186,3,8,11,863,7,SLICE,SLICE
10,178,16,195,6,17,23,1405,7,SLICE,SLICE
0,170,16,197,16,27,43,1833,7,SLICE,SLICE
0,170,11,197,11,27,38,1169,7,SLICE,SLICE
0,170,17,201,17,31,48,2248,7,SLICE,SLICE
0,170,15,197,15,27,42,1726,7,SLICE,SLICE
0,77,11,192,11,115,126,552,7,RAMB18,SLICE
0,77,9,192,9,115,124,616,7,RAMB18,SLICE
0,77,9,181,9,104,113,921,7,RAMB18,SLICE
0,77,7,195,7,118,125,891,7,RAMB18,SLICE
0,77,13,202,13,125,138,1381,7,RAMB18,SLICE
0,77,15,201,15,124,139,1260,7,RAMB18,SLICE
0,77,6,200,6,123,129,935,7,RAMB18,SLICE
0,77,12,203,12,126,138,1476,7,RAMB18,SLICE
0,77,16,193,16,116,132,1393,7,RAMB18,SLICE
0,77,6,196,6,119,125,737,7,RAMB18,SLICE
0,77,17,193,17,116,133,1490,7,RAMB18,SLICE
0,77,8,198,8,121,129,984,7,RAMB18,SLICE
7,180,9,184,2,4,6,775,7,SLICE,SLICE
7,180,13,188,6,8,14,1023,7,SLICE,SLICE
7,180,6,193,1,13,14,1097,7,SLICE,SLICE
7,180,8,183,1,3,4,767,7,SLICE,SLICE
4,171,15,197,11,26,37,1932,7,SLICE,SLICE
4,171,15,190,11,19,30,1473,7,SLICE,SLICE
4,171,17,189,13,18,31,923,7,SLICE,SLICE
4,171,16,183,12,12,24,1055,7,SLICE,SLICE
3,174,7,196,4,22,26,1769,7,SLICE,SLICE
3,174,6,194,3,20,23,1986,7,SLICE,SLICE
3,174,10,184,7,10,17,1149,7,SLICE,SLICE
3,174,8,183,5,9,14,1136,7,SLICE,SLICE
0,133,14,194,14,61,75,2837,7,RAMB18,SLICE
0,133,13,193,13,60,73,3155,7,RAMB18,SLICE
0,133,13,186,13,53,66,3828,7,RAMB18,SLICE
0,133,11,196,11,63,74,2774,7,RAMB18,SLICE
0,133,15,205,15,72,87,4823,7,RAMB18,SLICE
0,133,17,201,17,68,85,5216,7,RAMB18,SLICE
0,133,16,201,16,68,84,5237,7,RAMB18,SLICE
0,133,13,202,13,69,82,5104,7,RAMB18,SLICE
0,133,13,198,13,65,78,5345,7,RAMB18,SLICE
0,133,15,193,15,60,75,6010,7,RAMB18,SLICE
0,133,12,196,12,63,75,5358,7,RAMB18,SLICE
0,133,16,193,16,60,76,5793,7,RAMB18,SLICE
0,133,6,201,6,68,74,4458,7,RAMB18,SLICE
0,133,10,214,10,81,91,3356,7,RAMB18,SLICE
0,133,9,208,9,75,84,3947,7,RAMB18,SLICE
0,133,8,214,8,81,89,3648,7,RAMB18,SLICE
1,172,17,207,16,35,51,2477,6,SLICE,SLICE
1,172,12,207,11,35,46,2167,6,SLICE,SLICE
1,172,16,204,15,32,47,2813,6,SLICE,SLICE
1,172,16,207,15,35,50,2350,6,SLICE,SLICE
9,179,13,202,4,23,27,1612,7,SLICE,SLICE
9,179,16,201,7,22,29,1732,7,SLICE,SLICE
9,179,17,201,8,22,30,1830,7,SLICE,SLICE
9,179,13,202,4,23,27,1458,7,SLICE,SLICE
0,99,11,195,11,96,107,2619,7,RAMB18,SLICE
0,99,10,189,10,90,100,3395,7,RAMB18,SLICE
0,99,7,195,7,96,103,2416,7,RAMB18,SLICE
0,99,8,190,8,91,99,3517,7,RAMB18,SLICE
0,99,6,190,6,91,97,2759,7,RAMB18,SLICE
0,99,8,179,8,80,88,3190,7,RAMB18,SLICE
0,99,9,186,9,87,96,2988,7,RAMB18,SLICE
0,99,8,183,8,84,92,3063,7,RAMB18,SLICE
0,99,15,194,15,95,110,3110,7,RAMB18,SLICE
0,99,14,200,14,101,115,2711,7,RAMB18,SLICE
0,99,17,193,17,94,111,3474,7,RAMB18,SLICE
0,99,16,199,16,100,116,2541,7,RAMB18,SLICE
1,173,12,213,11,40,51,3019,7,SLICE,SLICE
1,173,16,211,15,38,53,2697,7,SLICE,SLICE
1,173,16,210,15,37,52,2587,7,SLICE,SLICE
1,173,6,200,5,27,32,1329,7,SLICE,SLICE
8,170,12,200,4,30,34,1443,7,SLICE,SLICE
8,170,17,191,9,21,30,1291,7,SLICE,SLICE
8,170,12,201,4,31,35,1547,7,SLICE,SLICE
8,170,15,193,7,23,30,1025,7,SLICE,SLICE
0,119,8,215,8,96,104,3695,7,RAMB18,SLICE
0,119,7,214,7,95,102,3686,7,RAMB18,SLICE
0,119,7,213,7,94,101,3667,7,RAMB18,SLICE
0,119,8,201,8,82,90,4327,7,RAMB18,SLICE
0,119,6,191,6,72,78,3807,7,RAMB18,SLICE
0,119,11,186,11,67,78,3976,7,RAMB18,SLICE
0,119,9,195,9,76,85,3108,7,RAMB18,SLICE
0,119,8,193,8,74,82,3548,7,RAMB18,SLICE
0,119,9,209,9,90,99,2493,7,RAMB18,SLICE
0,119,8,199,8,80,88,2997,7,RAMB18,SLICE
0,119,11,212,11,93,104,2498,7,RAMB18,SLICE
0,119,9,208,9,89,98,2261,7,RAMB18,SLICE
6,187,12,190,6,3,9,907,7,SLICE,SLICE
6,187,13,191,7,4,11,885,7,SLICE,SLICE
6,187,15,190,9,3,12,585,7,SLICE,SLICE
6,187,14,190,8,3,11,770,7,SLICE,SLICE
5,174,13,196,8,22,30,1742,7,SLICE,SLICE
5,174,14,194,9,20,29,1855,7,SLICE,SLICE
5,174,16,186,11,12,23,1084,7,SLICE,SLICE
5,174,14,205,9,31,40,2037,7,SLICE,SLICE
0,86,11,186,11,100,111,2140,7,RAMB18,SLICE
0,86,10,203,10,117,127,1365,7,RAMB18,SLICE
0,86,10,202,10,116,126,1464,7,RAMB18,SLICE
0,86,10,202,10,116,126,1335,7,RAMB18,SLICE
0,86,17,196,17,110,127,1417,7,RAMB18,SLICE
0,86,12,196,12,110,122,1478,7,RAMB18,SLICE
0,86,12,201,12,115,127,1195,7,RAMB18,SLICE
0,86,12,196,12,110,122,1476,7,RAMB18,SLICE
0,86,12,214,12,128,140,666,7,RAMB18,SLICE
0,86,12,211,12,125,137,1186,7,RAMB18,SLICE
0,86,11,215,11,129,140,407,7,RAMB18,SLICE
0,86,11,211,11,125,136,1315,7,RAMB18,SLICE
0,86,17,200,17,114,131,1511,7,RAMB18,SLICE
0,86,14,204,14,118,132,1282,7,RAMB18,SLICE
0,86,16,205,16,119,135,950,7,RAMB18,SLICE
0,86,12,197,12,111,123,1393,7,RAMB18,SLICE
0,100,13,208,13,108,121,1752,7,RAMB18,SLICE
0,100,13,204,13,104,117,2633,7,RAMB18,SLICE
0,100,17,209,17,109,126,2316,7,RAMB18,SLICE
0,100,17,207,17,107,124,1985,7,RAMB18,SLICE
0,100,13,200,13,100,113,2637,7,RAMB18,SLICE
0,100,14,202,14,102,116,2552,7,RAMB18,SLICE
0,100,13,201,13,101,114,2864,7,RAMB18,SLICE
0,100,14,198,14,98,112,2914,7,RAMB18,SLICE
0,100,17,198,17,98,115,2603,7,RAMB18,SLICE
0,100,12,201,12,101,113,2458,7,RAMB18,SLICE
0,100,17,197,17,97,114,2496,7,RAMB18,SLICE
0,100,15,202,15,102,117,2554,7,RAMB18,SLICE
6,177,16,188,10,11,21,1063,7,SLICE,SLICE
6,177,15,181,9,4,13,575,7,SLICE,SLICE
6,177,13,188,7,11,18,1175,7,SLICE,SLICE
6,177,12,182,6,5,11,948,7,SLICE,SLICE
0,168,6,194,6,26,32,1441,7,SLICE,SLICE
0,168,10,204,10,36,46,2599,7,SLICE,SLICE
0,168,7,201,7,33,40,2162,7,SLICE,SLICE
0,168,10,202,10,34,44,2074,7,SLICE,SLICE
0,94,15,201,15,107,122,1943,7,RAMB18,SLICE
0,94,10,197,10,103,113,2325,7,RAMB18,SLICE
0,94,17,200,17,106,123,2145,7,RAMB18,SLICE
0,94,12,200,12,106,118,2251,7,RAMB18,SLICE
0,94,9,190,9,96,105,1962,7,RAMB18,SLICE
0,94,10,191,10,97,107,1818,7,RAMB18,SLICE
0,94,7,191,7,97,104,2277,7,RAMB18,SLICE
0,94,10,193,10,99,109,1877,7,RAMB18,SLICE
0,94,13,196,13,102,115,2028,7,RAMB18,SLICE
0,94,13,193,13,99,112,2081,7,RAMB18,SLICE
0,94,10,196,10,102,112,1922,7,RAMB18,SLICE
0,94,13,193,13,99,112,2077,7,RAMB18,SLICE
4,168,12,193,8,25,33,2058,7,SLICE,SLICE
4,168,13,183,9,15,24,1405,7,SLICE,SLICE
4,168,12,192,8,24,32,1924,7,SLICE,SLICE
4,168,12,179,8,11,19,817,7,SLICE,SLICE
4,178,9,214,5,36,41,1733,6,SLICE,SLICE
4,178,9,213,5,35,40,1871,6,SLICE,SLICE
4,178,6,210,2,32,34,1832,6,SLICE,SLICE
4,178,8,203,4,25,29,1093,6,SLICE,SLICE
0,123,15,196,15,73,88,4199,7,RAMB18,SLICE
0,123,17,198,17,75,92,4731,7,RAMB18,SLICE
0,123,16,199,16,76,92,4830,7,RAMB18,SLICE
0,123,12,195,12,72,84,4379,7,RAMB18,SLICE
0,123,9,201,9,78,87,4110,7,RAMB18,SLICE
0,123,10,213,10,90,100,3878,7,RAMB18,SLICE
0,123,8,215,8,92,100,4227,7,RAMB18,SLICE
0,123,6,211,6,88,94,3584,7,RAMB18,SLICE
0,123,14,186,14,63,77,4765,7,RAMB18,SLICE
0,123,16,187,16,64,80,4869,7,RAMB18,SLICE
0,123,17,182,17,59,76,5123,7,RAMB18,SLICE
0,123,16,187,16,64,80,4694,7,RAMB18,SLICE
0,123,15,186,15,63,78,5608,7,RAMB18,SLICE
0,123,16,181,16,58,74,5757,7,RAMB18,SLICE
0,123,12,193,12,70,82,5007,7,RAMB18,SLICE
0,123,12,194,12,71,83,4970,7,RAMB18,SLICE
7,185,10,200,3,15,18,853,7,SLICE,SLICE
7,185,8,212,1,27,28,1620,7,SLICE,SLICE
7,185,10,212,3,27,30,1508,7,SLICE,SLICE
7,185,6,211,1,26,27,1825,7,SLICE,SLICE
7,182,10,196,3,14,17,1349,7,SLICE,SLICE
7,182,13,190,6,8,14,942,7,SLICE,SLICE
7,182,17,187,10,5,15,1013,7,SLICE,SLICE
7,182,15,194,8,12,20,1476,7,SLICE,SLICE
0,83,9,184,9,101,110,1765,7,RAMB18,SLICE
0,83,10,187,10,104,114,1553,7,RAMB18,SLICE
0,83,8,188,8,105,113,1196,7,RAMB18,SLICE
0,83,9,183,9,100,109,1762,7,RAMB18,SLICE
0,83,17,213,17,130,147,953,7,RAMB18,SLICE
0,83,14,213,14,130,144,1266,7,RAMB18,SLICE
0,83,10,198,10,115,125,999,7,RAMB18,SLICE
0,83,9,198,9,115,124,1212,7,RAMB18,SLICE
0,83,11,213,11,130,141,1214,7,RAMB18,SLICE
0,83,9,208,9,125,134,432,7,RAMB18,SLICE
0,83,6,199,6,116,122,1106,7,RAMB18,SLICE
0,83,8,207,8,124,132,623,7,RAMB18,SLICE
7,179,16,184,9,5,14,814,7,SLICE,SLICE
7,179,12,194,5,15,20,1439,7,SLICE,SLICE
7,179,17,182,10,3,13,584,7,SLICE,SLICE
7,179,17,195,10,16,26,1551,7,SLICE,SLICE
0,172,4,182,4,10,14,968,7,SLICE,SLICE
0,172,11,208,11,36,47,2226,7,SLICE,SLICE
0,172,8,199,8,27,35,1808,7,SLICE,SLICE
0,172,8,204,8,32,40,2096,7,SLICE,SLICE
4,177,17,192,13,15,28,1149,7,SLICE,SLICE
4,177,17,197,13,20,33,1670,7,SLICE,SLICE
4,177,17,197,13,20,33,1782,7,SLICE,SLICE
4,177,16,200,12,23,35,1813,7,SLICE,SLICE
0,105,11,182,11,77,88,3973,7,RAMB18,SLICE
0,105,10,184,10,79,89,3545,7,RAMB18,SLICE
0,105,8,184,8,79,87,3734,7,RAMB18,SLICE
0,105,11,179,11,74,85,4226,7,RAMB18,SLICE
0,105,10,195,10,90,100,2934,7,RAMB18,SLICE
0,105,17,181,17,76,93,3501,7,RAMB18,SLICE
0,105,17,187,17,82,99,3346,7,RAMB18,SLICE
0,105,12,193,12,88,100,3068,7,RAMB18,SLICE
0,105,11,189,11,84,95,3014,7,RAMB18,SLICE
0,105,11,195,11,90,101,2805,7,RAMB18,SLICE
0,105,13,179,13,74,87,3433,7,RAMB18,SLICE
0,105,10,194,10,89,99,2863,7,RAMB18,SLICE
7,181,16,197,9,16,25,1651,7,SLICE,SLICE
7,181,12,191,5,10,15,924,7,SLICE,SLICE
7,181,12,189,5,8,13,780,7,SLICE,SLICE
7,181,12,192,5,11,16,1034,7,SLICE,SLICE
7,185,13,213,6,28,34,2148,7,SLICE,SLICE
7,185,16,213,9,28,37,1905,7,SLICE,SLICE
7,185,16,209,9,24,33,1673,7,SLICE,SLICE
7,185,16,206,9,21,30,1584,7,SLICE,SLICE
0,78,11,198,11,120,131,896,7,RAMB18,SLICE
0,78,10,202,10,124,134,993,7,RAMB18,SLICE
0,78,8,206,8,128,136,1082,7,RAMB18,SLICE
0,78,10,180,10,102,112,1266,7,RAMB18,SLICE
0,78,11,182,11,104,115,1202,7,RAMB18,SLICE
0,78,11,202,11,124,135,803,7,RAMB18,SLICE
0,78,8,206,8,128,136,1029,7,RAMB18,SLICE
0,78,10,206,10,128,138,1148,7,RAMB18,SLICE
0,78,9,183,9,105,114,1419,7,RAMB18,SLICE
0,78,9,182,9,104,113,1275,7,RAMB18,SLICE
0,78,7,186,7,108,115,733,7,RAMB18,SLICE
0,78,9,183,9,105,114,1419,7,RAMB18,SLICE
0,78,11,202,11,124,135,1163,7,RAMB18,SLICE
0,78,6,199,6,121,127,911,7,RAMB18,SLICE
0,78,7,204,7,126,133,1067,7,RAMB18,SLICE
0,78,11,205,11,127,138,1048,7,RAMB18,SLICE
6,180,8,185,2,5,7,777,7,SLICE,SLICE
6,180,6,190,0,10,10,998,7,SLICE,SLICE
6,180,7,196,1,16,17,1233,7,SLICE,SLICE
6,180,8,179,2,1,3,390,7,SLICE,SLICE
1,169,14,208,13,39,52,2589,7,SLICE,SLICE
1,169,16,207,15,38,53,2464,7,SLICE,SLICE
1,169,10,199,9,30,39,1999,7,SLICE,SLICE
1,169,6,200,5,31,36,1726,7,SLICE,SLICE
0,124,6,196,6,72,78,3175,7,RAMB18,SLICE
0,124,8,185,8,61,69,4005,7,RAMB18,SLICE
0,124,9,186,9,62,71,3733,7,RAMB18,SLICE
0,124,8,194,8,70,78,3689,7,RAMB18,SLICE
0,124,17,191,17,67,84,3116,7,RAMB18,SLICE
0,124,15,197,15,73,88,2773,7,RAMB18,SLICE
0,124,17,197,17,73,90,2727,7,RAMB18,SLICE
0,124,17,192,17,68,85,3284,7,RAMB18,SLICE
0,124,6,202,6,78,84,4702,7,RAMB18,SLICE
0,124,10,205,10,81,91,4635,7,RAMB18,SLICE
0,124,6,202,6,78,84,4929,7,RAMB18,SLICE
0,124,8,184,8,60,68,5412,7,RAMB18,SLICE
5,174,17,194,12,20,32,1469,7,SLICE,SLICE
5,174,12,195,7,21,28,1388,7,SLICE,SLICE
5,174,15,195,10,21,31,1837,7,SLICE,SLICE
5,174,16,205,11,31,42,2158,7,SLICE,SLICE
6,176,12,199,6,23,29,1687,7,SLICE,SLICE
6,176,12,205,6,29,35,2177,7,SLICE,SLICE
6,176,13,202,7,26,33,1607,7,SLICE,SLICE
6,176,6,205,0,29,29,2514,7,SLICE,SLICE
8,177,14,210,6,33,39,1857,6,SLICE,SLICE
8,177,16,210,8,33,41,1915,6,SLICE,SLICE
8,177,14,210,6,33,39,1852,6,SLICE,SLICE
8,177,6,200,2,23,25,1124,6,SLICE,SLICE
0,108,6,204,6,96,102,2490,7,RAMB18,SLICE
0,108,7,204,7,96,103,2307,7,RAMB18,SLICE
0,108,8,203,8,95,103,2436,7,RAMB18,SLICE
0,108,10,180,10,72,82,3794,7,RAMB18,SLICE
0,108,6,204,6,96,102,2875,7,RAMB18,SLICE
0,108,7,210,7,102,109,2514,7,RAMB18,SLICE
0,108,9,211,9,103,112,2363,7,RAMB18,SLICE
0,108,7,212,7,104,111,2322,7,RAMB18,SLICE
0,108,9,183,9,75,84,3978,7,RAMB18,SLICE
0,108,7,191,7,83,90,3091,7,RAMB18,SLICE
0,108,7,193,7,85,92,3150,7,RAMB18,SLICE
0,108,10,186,10,78,88,3716,7,RAMB18,SLICE
0,167,17,199,17,32,49,1887,7,SLICE,SLICE
0,167,15,202,15,35,50,2352,7,SLICE,SLICE
0,167,16,201,16,34,50,2241,7,SLICE,SLICE
0,167,17,208,17,41,58,2361,7,SLICE,SLICE
7,184,9,204,2,20,22,1103,7,SLICE,SLICE
7,184,7,204,0,20,20,929,7,SLICE,SLICE
7,184,8,192,1,8,9,889,7,SLICE,SLICE
7,184,7,199,0,15,15,906,7,SLICE,SLICE
0,92,15,200,15,108,123,1775,7,RAMB18,SLICE
0,92,12,202,12,110,122,1654,7,RAMB18,SLICE
0,92,17,200,17,108,125,1742,7,RAMB18,SLICE
0,92,17,208,17,116,133,1512,7,RAMB18,SLICE
0,92,9,190,9,98,107,2108,7,RAMB18,SLICE
0,92,8,194,8,102,110,2215,7,RAMB18,SLICE
0,92,6,191,6,99,105,2319,7,RAMB18,SLICE
0,92,10,194,10,102,112,2243,7,RAMB18,SLICE
0,92,15,204,15,112,127,1678,7,RAMB18,SLICE
0,92,16,201,16,109,125,1899,7,RAMB18,SLICE
0,92,14,198,14,106,120,2000,7,RAMB18,SLICE
0,92,13,199,13,107,120,1872,7,RAMB18,SLICE
0,92,14,190,14,98,112,2626,7,RAMB18,SLICE
0,92,17,202,17,110,127,1962,7,RAMB18,SLICE
0,92,15,195,15,103,118,1905,7,RAMB18,SLICE
0,92,16,195,16,103,119,1968,7,RAMB18,SLICE
2,176,9,183,7,7,14,569,7,SLICE,SLICE
2,176,6,204,4,28,32,2259,7,SLICE,SLICE
2,176,7,198,5,22,27,1448,7,SLICE,SLICE
2,176,7,202,5,26,31,1884,7,SLICE,SLICE
1,166,7,198,6,32,38,1929,7,SLICE,SLICE
1,166,6,202,5,36,41,2191,7,SLICE,SLICE
1,166,11,201,10,35,45,2647,7,SLICE,SLICE
1,166,8,205,7,39,46,2344,7,SLICE,SLICE
0,113,7,201,7,88,95,2108,7,RAMB18,SLICE
0,113,10,201,10,88,98,2495,7,RAMB18,SLICE
0,113,10,182,10,69,79,3021,7,RAMB18,SLICE
0,113,8,199,8,86,94,2265,7,RAMB18,SLICE
0,113,15,216,15,103,118,2833,7,RAMB18,SLICE
0,113,15,214,15,101,116,2960,7,RAMB18,SLICE
0,113,12,211,12,98,110,3109,7,RAMB18,SLICE
0,113,8,212,8,99,107,2912,7,RAMB18,SLICE
0,113,12,210,12,97,109,2884,7,RAMB18,SLICE
0,113,10,209,10,96,106,2889,7,RAMB18,SLICE
0,113,15,210,15,97,112,3190,7,RAMB18,SLICE
0,113,8,208,8,95,103,2959,7,RAMB18,SLICE
9,169,7,193,2,24,26,1664,7,SLICE,SLICE
9,169,7,194,2,25,27,2097,7,SLICE,SLICE
9,169,7,190,2,21,23,1317,7,SLICE,SLICE
9,169,9,188,0,19,19,1165,7,SLICE,SLICE
8,165,8,195,0,30,30,2133,7,SLICE,SLICE
8,165,12,184,4,19,23,1300,7,SLICE,SLICE
8,165,12,183,4,18,22,1263,7,SLICE,SLICE
8,165,9,193,1,28,29,1654,7,SLICE,SLICE
0,102,13,207,13,105,118,2620,7,RAMB18,SLICE
0,102,12,207,12,105,117,2311,7,RAMB18,SLICE
0,102,6,205,6,103,109,2220,7,RAMB18,SLICE
0,102,14,203,14,101,115,2776,7,RAMB18,SLICE
0,102,15,191,15,89,104,3366,6,RAMB18,SLICE
0,102,16,184,16,82,98,3531,6,RAMB18,SLICE
0,102,14,191,14,89,103,3281,6,RAMB18,SLICE
0,102,7,196,7,94,101,2339,6,RAMB18,SLICE
0,102,12,213,12,111,123,2654,7,RAMB18,SLICE
0,102,10,207,10,105,115,2650,7,RAMB18,SLICE
0,102,10,215,10,113,123,2273,7,RAMB18,SLICE
0,102,13,213,13,111,124,2513,7,RAMB18,SLICE
0,84,8,192,8,108,116,1353,7,RAMB18,SLICE
0,84,6,192,6,108,114,1260,7,RAMB18,SLICE
0,84,7,193,7,109,116,1134,7,RAMB18,SLICE
0,84,6,193,6,109,115,1076,7,RAMB18,SLICE
0,84,12,198,12,114,126,1387,7,RAMB18,SLICE
0,84,13,199,13,115,128,1306,7,RAMB18,SLICE
0,84,12,200,12,116,128,1464,7,RAMB18,SLICE
0,84,14,197,14,113,127,1175,7,RAMB18,SLICE
0,84,13,214,13,130,143,885,7,RAMB18,SLICE
0,84,16,214,16,130,146,895,7,RAMB18,SLICE
0,84,15,206,15,122,137,1500,7,RAMB18,SLICE
0,84,16,211,16,127,143,1146,7,RAMB18,SLICE
0,84,15,197,15,113,128,1591,7,RAMB18,SLICE
0,84,12,199,12,115,127,1524,7,RAMB18,SLICE
0,84,11,197,11,113,124,1371,7,RAMB18,SLICE
0,84,13,199,13,115,128,1401,7,RAMB18,SLICE
7,181,12,208,5,27,32,2188,7,SLICE,SLICE
7,181,17,208,10,27,37,1846,7,SLICE,SLICE
7,181,17,206,10,25,35,1784,7,SLICE,SLICE
7,181,16,203,9,22,31,1388,7,SLICE,SLICE
8,167,11,194,3,27,30,976,7,SLICE,SLICE
8,167,10,191,2,24,26,941,7,SLICE,SLICE
8,167,7,191,1,24,25,1635,7,SLICE,SLICE
8,167,8,194,0,27,27,1209,7,SLICE,SLICE
0,71,9,184,9,113,122,1192,7,RAMB18,SLICE
0,71,11,182,11,111,122,958,7,RAMB18,SLICE
0,71,10,182,10,111,121,1055,7,RAMB18,SLICE
0,71,12,184,12,113,125,1110,7,RAMB18,SLICE
0,71,14,212,14,141,155,2389,7,RAMB18,SLICE
0,71,15,202,15,131,146,1774,7,RAMB18,SLICE
0,71,13,202,13,131,144,2027,7,RAMB18,SLICE
0,71,16,200,16,129,145,1710,7,RAMB18,SLICE
0,71,12,202,12,131,143,2031,7,RAMB18,SLICE
0,71,16,199,16,128,144,1748,7,RAMB18,SLICE
0,71,13,195,13,124,137,1252,7,RAMB18,SLICE
0,71,16,195,16,124,140,1507,7,RAMB18,SLICE
4,176,11,209,7,33,40,1315,7,SLICE,SLICE
4,176,14,210,10,34,44,1730,7,SLICE,SLICE
4,176,12,205,8,29,37,2447,7,SLICE,SLICE
4,176,17,213,13,37,50,2055,7,SLICE,SLICE
50,207,50,207,0,0,0,56,1,SLICE,SLICE
52,207,52,207,0,0,0,55,1,SLICE,SLICE
57,208,57,208,0,0,0,58,1,SLICE,SLICE
58,211,58,211,0,0,0,55,1,SLICE,SLICE
57,211,57,211,0,0,0,58,1,SLICE,SLICE
57,209,57,209,0,0,0,58,1,SLICE,SLICE
57,213,57,213,0,0,0,58,1,SLICE,SLICE
59,217,59,217,0,0,0,58,1,SLICE,SLICE
59,216,59,216,0,0,0,58,1,SLICE,SLICE
63,220,63,220,0,0,0,59,1,SLICE,SLICE
62,214,62,214,0,0,0,55,1,SLICE,SLICE
56,216,56,216,0,0,0,56,1,SLICE,SLICE
56,220,56,220,0,0,0,55,1,SLICE,SLICE
55,211,55,211,0,0,0,58,1,SLICE,SLICE
60,219,60,219,0,0,0,58,1,SLICE,SLICE
58,215,58,215,0,0,0,56,1,SLICE,SLICE
60,222,60,222,0,0,0,58,1,SLICE,SLICE
58,217,58,217,0,0,0,55,1,SLICE,SLICE
50,215,50,215,0,0,0,55,1,SLICE,SLICE
62,217,62,217,0,0,0,55,1,SLICE,SLICE
53,209,53,209,0,0,0,58,1,SLICE,SLICE
60,212,60,212,0,0,0,59,1,SLICE,SLICE
60,223,60,223,0,0,0,58,1,SLICE,SLICE
51,207,51,207,0,0,0,58,1,SLICE,SLICE
50,215,50,215,0,0,0,55,1,SLICE,SLICE
54,219,54,219,0,0,0,55,1,SLICE,SLICE
50,211,50,211,0,0,0,55,1,SLICE,SLICE
52,211,52,211,0,0,0,56,1,SLICE,SLICE
51,213,51,213,0,0,0,59,1,SLICE,SLICE
52,212,52,212,0,0,0,55,1,SLICE,SLICE
62,219,62,219,0,0,0,55,1,SLICE,SLICE
48,217,48,217,0,0,0,58,1,SLICE,SLICE
50,233,50,233,0,0,0,55,1,SLICE,SLICE
52,217,52,217,0,0,0,55,1,SLICE,SLICE
57,222,57,222,0,0,0,59,1,SLICE,SLICE
48,213,48,213,0,0,0,59,1,SLICE,SLICE
48,210,48,210,0,0,0,58,1,SLICE,SLICE
50,218,50,218,0,0,0,55,1,SLICE,SLICE
50,217,50,217,0,0,0,55,1,SLICE,SLICE
50,233,50,233,0,0,0,55,1,SLICE,SLICE
48,215,48,215,0,0,0,58,1,SLICE,SLICE
51,216,51,216,0,0,0,58,1,SLICE,SLICE
51,225,51,225,0,0,0,58,1,SLICE,SLICE
50,221,50,221,0,0,0,56,1,SLICE,SLICE
50,222,50,222,0,0,0,55,1,SLICE,SLICE
51,216,51,216,0,0,0,58,1,SLICE,SLICE
48,220,48,220,0,0,0,59,1,SLICE,SLICE
52,224,52,224,0,0,0,55,1,SLICE,SLICE
50,223,50,223,0,0,0,55,1,SLICE,SLICE
51,225,51,225,0,0,0,59,1,SLICE,SLICE
52,223,52,223,0,0,0,55,1,SLICE,SLICE
50,226,50,226,0,0,0,55,1,SLICE,SLICE
62,218,62,218,0,0,0,55,1,SLICE,SLICE
52,227,52,227,0,0,0,56,1,SLICE,SLICE
53,229,53,229,0,0,0,59,1,SLICE,SLICE
55,229,55,229,0,0,0,58,1,SLICE,SLICE
54,227,54,227,0,0,0,56,1,SLICE,SLICE
54,230,54,230,0,0,0,55,1,SLICE,SLICE
52,230,52,230,0,0,0,55,1,SLICE,SLICE
54,232,54,232,0,0,0,55,1,SLICE,SLICE
54,227,54,227,0,0,0,55,1,SLICE,SLICE
52,227,52,227,0,0,0,55,1,SLICE,SLICE
51,224,51,224,0,0,0,58,1,SLICE,SLICE
52,231,52,231,0,0,0,56,1,SLICE,SLICE
52,219,52,219,0,0,0,55,1,SLICE,SLICE
54,232,54,232,0,0,0,55,1,SLICE,SLICE
54,233,54,233,0,0,0,56,1,SLICE,SLICE
58,232,58,232,0,0,0,55,1,SLICE,SLICE
54,236,54,236,0,0,0,56,1,SLICE,SLICE
57,232,57,232,0,0,0,58,1,SLICE,SLICE
57,232,57,232,0,0,0,58,1,SLICE,SLICE
58,237,58,237,0,0,0,56,1,SLICE,SLICE
58,230,58,230,0,0,0,56,1,SLICE,SLICE
54,240,54,240,0,0,0,55,1,SLICE,SLICE
61,215,61,215,0,0,0,59,1,SLICE,SLICE
54,235,54,235,0,0,0,55,1,SLICE,SLICE
62,215,62,215,0,0,0,55,1,SLICE,SLICE
58,234,58,234,0,0,0,55,1,SLICE,SLICE
58,232,58,232,0,0,0,56,1,SLICE,SLICE
56,233,56,233,0,0,0,56,1,SLICE,SLICE
57,237,57,237,0,0,0,59,1,SLICE,SLICE
56,242,56,242,0,0,0,55,1,SLICE,SLICE
58,233,58,233,0,0,0,55,1,SLICE,SLICE
57,229,57,229,0,0,0,59,1,SLICE,SLICE
57,232,57,232,0,0,0,59,1,SLICE,SLICE
60,216,60,216,0,0,0,58,1,SLICE,SLICE
57,238,57,238,0,0,0,59,1,SLICE,SLICE
57,240,57,240,0,0,0,58,1,SLICE,SLICE
54,218,54,218,0,0,0,55,1,SLICE,SLICE
54,215,54,215,0,0,0,56,1,SLICE,SLICE
61,224,61,224,0,0,0,58,1,SLICE,SLICE
54,214,54,214,0,0,0,55,1,SLICE,SLICE
58,238,58,238,0,0,0,56,1,SLICE,SLICE
55,220,55,220,0,0,0,58,1,SLICE,SLICE
55,220,55,220,0,0,0,59,1,SLICE,SLICE
58,222,58,222,0,0,0,55,1,SLICE,SLICE
58,207,58,207,0,0,0,55,1,SLICE,SLICE
53,207,53,207,0,0,0,58,1,SLICE,SLICE
55,220,55,220,0,0,0,58,1,SLICE,SLICE
57,225,57,225,0,0,0,59,1,SLICE,SLICE
54,210,54,210,0,0,0,55,1,SLICE,SLICE
57,210,57,210,0,0,0,58,1,SLICE,SLICE
57,212,57,212,0,0,0,58,1,SLICE,SLICE
60,218,60,218,0,0,0,58,1,SLICE,SLICE
61,219,61,219,0,0,0,58,1,SLICE,SLICE
56,214,56,214,0,0,0,55,1,SLICE,SLICE
56,218,56,218,0,0,0,55,1,SLICE,SLICE
69,253,55,229,14,24,38,1506,7,SLICE,SLICE
69,253,57,228,12,25,37,1492,7,SLICE,SLICE
69,253,52,229,17,24,41,1524,7,SLICE,SLICE
69,253,54,239,15,14,29,1103,7,SLICE,SLICE
57,243,52,227,5,16,21,1172,7,SLICE,SLICE
57,243,52,224,5,19,24,1105,7,SLICE,SLICE
57,243,53,231,4,12,16,798,7,SLICE,SLICE
57,243,57,226,0,17,17,1065,7,SLICE,SLICE
3,139,50,231,47,92,139,4882,7,RAMB18,SLICE
3,139,50,229,47,90,137,4811,7,RAMB18,SLICE
3,139,50,218,47,79,126,5645,7,RAMB18,SLICE
3,139,50,221,47,82,129,4961,7,RAMB18,SLICE
3,139,53,226,50,87,137,4665,7,RAMB18,SLICE
3,139,58,237,55,98,153,3687,7,RAMB18,SLICE
3,139,57,241,54,102,156,3383,7,RAMB18,SLICE
3,139,56,230,53,91,144,4321,7,RAMB18,SLICE
3,139,58,224,55,85,140,5122,7,RAMB18,SLICE
3,139,54,221,51,82,133,5029,7,RAMB18,SLICE
3,139,59,224,56,85,141,5250,7,RAMB18,SLICE
3,139,59,240,56,101,157,4239,7,RAMB18,SLICE
49,233,58,213,9,20,29,1160,7,SLICE,SLICE
49,233,52,207,3,26,29,1586,7,SLICE,SLICE
49,233,60,217,11,16,27,1228,7,SLICE,SLICE
49,233,57,213,8,20,28,1364,7,SLICE,SLICE
49,228,57,230,8,2,10,787,7,SLICE,SLICE
49,228,54,235,5,7,12,1038,7,SLICE,SLICE
49,228,56,226,7,2,9,615,7,SLICE,SLICE
49,228,56,240,7,12,19,1215,7,SLICE,SLICE
3,128,58,216,55,88,143,3857,7,RAMB18,SLICE
3,128,52,221,49,93,142,4119,7,RAMB18,SLICE
3,128,51,214,48,86,134,4147,7,RAMB18,SLICE
3,128,52,217,49,89,138,4073,7,RAMB18,SLICE
3,128,59,237,56,109,165,2957,7,RAMB18,SLICE
3,128,59,227,56,99,155,3190,7,RAMB18,SLICE
3,128,57,222,54,94,148,3661,7,RAMB18,SLICE
3,128,55,220,52,92,144,3927,7,RAMB18,SLICE
3,128,55,238,52,110,162,3328,7,RAMB18,SLICE
3,128,59,239,56,111,167,3053,7,RAMB18,SLICE
3,128,57,229,54,101,155,3463,7,RAMB18,SLICE
3,128,58,233,55,105,160,3281,7,RAMB18,SLICE
58,243,53,209,5,34,39,2109,7,SLICE,SLICE
58,243,52,209,6,34,40,2383,7,SLICE,SLICE
58,243,53,209,5,34,39,2372,7,SLICE,SLICE
58,243,51,215,7,28,35,1851,7,SLICE,SLICE
49,228,57,235,8,7,15,714,7,SLICE,SLICE
49,228,57,234,8,6,14,610,7,SLICE,SLICE
49,228,58,231,9,3,12,1186,7,SLICE,SLICE
49,228,57,234,8,6,14,606,7,SLICE,SLICE
3,100,53,227,50,127,177,2045,7,RAMB18,SLICE
3,100,52,227,49,127,176,2066,7,RAMB18,SLICE
3,100,53,231,50,131,181,2184,7,RAMB18,SLICE
3,100,52,224,49,124,173,2317,7,RAMB18,SLICE
3,100,49,216,46,116,162,2910,7,RAMB18,SLICE
3,100,51,227,48,127,175,2422,7,RAMB18,SLICE
3,100,49,216,46,116,162,2647,7,RAMB18,SLICE
3,100,50,222,47,122,169,2961,7,RAMB18,SLICE
3,100,55,227,52,127,179,2836,7,RAMB18,SLICE
3,100,55,239,52,139,191,1568,7,RAMB18,SLICE
3,100,54,235,51,135,186,1953,7,RAMB18,SLICE
3,100,54,229,51,129,180,3161,7,RAMB18,SLICE
3,100,59,221,56,121,177,2179,7,RAMB18,SLICE
3,100,53,213,50,113,163,3096,7,RAMB18,SLICE
3,100,53,213,50,113,163,3051,7,RAMB18,SLICE
3,100,59,221,56,121,177,2183,7,RAMB18,SLICE
48,229,56,227,8,2,10,768,7,SLICE,SLICE
48,229,59,229,11,0,11,865,7,SLICE,SLICE
48,229,58,233,10,4,14,788,7,SLICE,SLICE
48,229,59,233,11,4,15,1098,7,SLICE,SLICE
71,268,48,216,23,52,75,2311,7,SLICE,SLICE
71,268,49,211,22,57,79,2569,7,SLICE,SLICE
71,268,49,221,22,47,69,2465,7,SLICE,SLICE
71,268,59,222,12,46,58,1992,7,SLICE,SLICE
71,273,57,218,14,55,69,1926,7,SLICE,SLICE
71,273,56,216,15,57,72,1827,7,SLICE,SLICE
71,273,59,219,12,54,66,1548,7,SLICE,SLICE
71,273,58,212,13,61,74,1862,7,SLICE,SLICE
3,133,49,210,46,77,123,3979,7,RAMB18,SLICE
3,133,49,223,46,90,136,3948,7,RAMB18,SLICE
3,133,51,229,48,96,144,3517,7,RAMB18,SLICE
3,133,53,224,50,91,141,3788,7,RAMB18,SLICE
3,133,53,224,50,91,141,4469,7,RAMB18,SLICE
3,133,48,218,45,85,130,4779,7,RAMB18,SLICE
3,133,53,224,50,91,141,4623,7,RAMB18,SLICE
3,133,51,217,48,84,132,5075,7,RAMB18,SLICE
3,133,57,230,54,97,151,4184,7,RAMB18,SLICE
3,133,57,233,54,100,154,4062,7,RAMB18,SLICE
3,133,56,234,53,101,154,3811,7,RAMB18,SLICE
3,133,57,233,54,100,154,3953,7,RAMB18,SLICE
71,280,54,236,17,44,61,1522,7,SLICE,SLICE
71,280,51,228,20,52,72,1724,7,SLICE,SLICE
71,280,55,236,16,44,60,1382,7,SLICE,SLICE
71,280,56,225,15,55,70,1961,7,SLICE,SLICE
69,265,53,228,16,37,53,1555,7,SLICE,SLICE
69,265,63,223,6,42,48,2155,7,SLICE,SLICE
69,265,52,232,17,33,50,1587,7,SLICE,SLICE
69,265,51,222,18,43,61,2300,7,SLICE,SLICE
3,125,58,237,55,112,167,4241,7,RAMB18,SLICE
3,125,56,236,53,111,164,3992,7,RAMB18,SLICE
3,125,57,238,54,113,167,3881,7,RAMB18,SLICE
3,125,56,235,53,110,163,4213,7,RAMB18,SLICE
3,125,57,235,54,110,164,3847,7,RAMB18,SLICE
3,125,56,239,53,114,167,3282,7,RAMB18,SLICE
3,125,57,241,54,116,170,3006,7,RAMB18,SLICE
3,125,57,236,54,111,165,3470,7,RAMB18,SLICE
3,125,53,220,50,95,145,3766,7,RAMB18,SLICE
3,125,51,215,48,90,138,3811,7,RAMB18,SLICE
3,125,51,227,48,102,150,3105,7,RAMB18,SLICE
3,125,48,221,45,96,141,3695,7,RAMB18,SLICE
70,263,50,220,20,43,63,2290,7,SLICE,SLICE
70,263,49,223,21,40,61,2498,7,SLICE,SLICE
70,263,51,222,19,41,60,2270,7,SLICE,SLICE
70,263,48,220,22,43,65,2501,7,SLICE,SLICE
68,275,55,222,13,53,66,2333,7,SLICE,SLICE
68,275,54,222,14,53,67,2204,7,SLICE,SLICE
68,275,57,225,11,50,61,2178,7,SLICE,SLICE
68,275,65,222,3,53,56,1699,7,SLICE,SLICE
3,131,54,219,51,88,139,5863,7,RAMB18,SLICE
3,131,54,220,51,89,140,5189,7,RAMB18,SLICE
3,131,58,230,55,99,154,4135,7,RAMB18,SLICE
3,131,57,222,54,91,145,4960,7,RAMB18,SLICE
3,131,54,230,51,99,150,5337,7,RAMB18,SLICE
3,131,58,234,55,103,158,4951,7,RAMB18,SLICE
3,131,59,234,56,103,159,4801,7,RAMB18,SLICE
3,131,58,233,55,102,157,4828,7,RAMB18,SLICE
3,131,56,224,53,93,146,3814,7,RAMB18,SLICE
3,131,58,211,55,80,135,4067,7,RAMB18,SLICE
3,131,57,207,54,76,130,4331,7,RAMB18,SLICE
3,131,60,217,57,86,143,3892,7,RAMB18,SLICE
3,131,59,216,56,85,141,4653,7,RAMB18,SLICE
3,131,56,209,53,78,131,4370,7,RAMB18,SLICE
3,131,59,214,56,83,139,4413,7,RAMB18,SLICE
3,131,59,219,56,88,144,4811,7,RAMB18,SLICE
69,271,56,225,13,46,59,2151,7,SLICE,SLICE
69,271,54,238,15,33,48,1783,7,SLICE,SLICE
69,271,57,227,12,44,56,2018,7,SLICE,SLICE
69,271,52,223,17,48,65,2629,7,SLICE,SLICE
68,266,59,208,9,58,67,2303,7,SLICE,SLICE
68,266,62,220,6,46,52,1879,7,SLICE,SLICE
68,266,57,208,11,58,69,2793,7,SLICE,SLICE
68,266,58,223,10,43,53,1953,7,SLICE,SLICE
3,134,54,213,51,79,130,3866,7,RAMB18,SLICE
3,134,56,218,53,84,137,3949,7,RAMB18,SLICE
3,134,58,216,55,82,137,4115,7,RAMB18,SLICE
3,134,61,224,58,90,148,3707,7,RAMB18,SLICE
3,134,56,217,53,83,136,3786,7,RAMB18,SLICE
3,134,59,220,56,86,142,3748,7,RAMB18,SLICE
3,134,50,212,47,78,125,4225,7,RAMB18,SLICE
3,134,58,225,55,91,146,3288,7,RAMB18,SLICE
3,134,51,211,48,77,125,3688,7,RAMB18,SLICE
3,134,49,211,46,77,123,3712,7,RAMB18,SLICE
3,134,51,216,48,82,130,3349,7,RAMB18,SLICE
3,134,49,213,46,79,125,3430,7,RAMB18,SLICE
3,121,57,227,54,106,160,4306,7,RAMB18,SLICE
3,121,54,236,51,115,166,3545,7,RAMB18,SLICE
3,121,57,230,54,109,163,3919,7,RAMB18,SLICE
3,121,52,221,49,100,149,4445,7,RAMB18,SLICE
3,121,58,215,55,94,149,4257,6,RAMB18,SLICE
3,121,58,210,55,89,144,4282,6,RAMB18,SLICE
3,121,57,213,54,92,146,4025,6,RAMB18,SLICE
3,121,61,212,58,91,149,4218,6,RAMB18,SLICE
3,121,57,235,54,114,168,3036,7,RAMB18,SLICE
3,121,58,223,55,102,157,3956,7,RAMB18,SLICE
3,121,55,224,52,103,155,4094,7,RAMB18,SLICE
3,121,57,227,54,106,160,3682,7,RAMB18,SLICE
48,228,51,210,3,18,21,1012,7,SLICE,SLICE
48,228,49,214,1,14,15,1342,7,SLICE,SLICE
48,228,48,213,0,15,15,1300,7,SLICE,SLICE
48,228,56,222,8,6,14,942,7,SLICE,SLICE
70,265,54,210,16,55,71,2443,7,SLICE,SLICE
70,265,54,212,16,53,69,2355,7,SLICE,SLICE
70,265,58,213,12,52,64,2741,7,SLICE,SLICE
70,265,57,210,13,55,68,2839,7,SLICE,SLICE
3,110,57,213,54,103,157,3682,7,RAMB18,SLICE
3,110,58,221,55,111,166,2779,7,RAMB18,SLICE
3,110,57,213,54,103,157,3684,7,RAMB18,SLICE
3,110,54,211,51,101,152,3427,7,RAMB18,SLICE
3,110,57,208,54,98,152,3876,7,RAMB18,SLICE
3,110,57,215,54,105,159,3172,7,RAMB18,SLICE
3,110,63,218,60,108,168,2870,7,RAMB18,SLICE
3,110,58,221,55,111,166,3158,7,RAMB18,SLICE
3,110,50,214,47,104,151,3542,7,RAMB18,SLICE
3,110,52,217,49,107,156,3579,7,RAMB18,SLICE
3,110,56,219,53,109,162,2930,7,RAMB18,SLICE
3,110,52,209,49,99,148,3569,7,RAMB18,SLICE
3,110,59,236,56,126,182,2195,7,RAMB18,SLICE
3,110,55,220,52,110,162,2679,7,RAMB18,SLICE
3,110,59,224,56,114,170,2369,7,RAMB18,SLICE
3,110,58,223,55,113,168,2486,7,RAMB18,SLICE
69,262,55,216,14,46,60,2224,7,SLICE,SLICE
69,262,57,217,12,45,57,1990,7,SLICE,SLICE
69,262,61,217,8,45,53,1755,7,SLICE,SLICE
69,262,57,217,12,45,57,2246,7,SLICE,SLICE
71,266,52,213,19,53,72,2616,7,SLICE,SLICE
71,266,49,217,22,49,71,2501,7,SLICE,SLICE
71,266,49,217,22,49,71,2188,7,SLICE,SLICE
71,266,50,219,21,47,68,2047,7,SLICE,SLICE
3,99,57,221,54,122,176,2345,7,RAMB18,SLICE
3,99,50,212,47,113,160,3189,7,RAMB18,SLICE
3,99,52,214,49,115,164,2837,7,RAMB18,SLICE
3,99,50,215,47,116,163,2977,7,RAMB18,SLICE
3,99,57,214,54,115,169,2612,7,RAMB18,SLICE
3,99,55,213,52,114,166,2481,7,RAMB18,SLICE
3,99,59,216,56,117,173,2454,7,RAMB18,SLICE
3,99,61,214,58,115,173,2061,7,RAMB18,SLICE
3,99,57,239,54,140,194,1860,7,RAMB18,SLICE
3,99,55,223,52,124,176,2873,7,RAMB18,SLICE
3,99,57,225,54,126,180,2641,7,RAMB18,SLICE
3,99,56,223,53,124,177,2649,7,RAMB18,SLICE
69,262,50,211,19,51,70,2120,7,SLICE,SLICE
69,262,53,213,16,49,65,2120,7,SLICE,SLICE
69,262,53,216,16,46,62,2137,7,SLICE,SLICE
69,262,53,214,16,48,64,2014,7,SLICE,SLICE
70,279,54,216,16,63,79,2730,7,SLICE,SLICE
70,279,59,221,11,58,69,2199,7,SLICE,SLICE
70,279,59,222,11,57,68,1990,7,SLICE,SLICE
70,279,51,210,19,69,88,2926,7,SLICE,SLICE
3,137,52,211,49,74,123,6258,7,RAMB18,SLICE
3,137,49,225,46,88,134,5123,7,RAMB18,SLICE
3,137,51,218,48,81,129,5331,7,RAMB18,SLICE
3,137,48,210,45,73,118,5889,7,RAMB18,SLICE
3,137,54,218,51,81,132,3385,7,RAMB18,SLICE
3,137,52,209,49,72,121,3716,7,RAMB18,SLICE
3,137,52,212,49,75,124,3509,7,RAMB18,SLICE
3,137,51,210,48,73,121,3686,7,RAMB18,SLICE
3,137,61,218,58,81,139,3603,7,RAMB18,SLICE
3,137,56,224,53,87,140,3321,7,RAMB18,SLICE
3,137,62,214,59,77,136,3702,7,RAMB18,SLICE
3,137,56,207,53,70,123,4052,7,RAMB18,SLICE
68,267,56,222,12,45,57,2069,7,SLICE,SLICE
68,267,51,233,17,34,51,1763,7,SLICE,SLICE
68,267,51,216,17,51,68,2244,7,SLICE,SLICE
68,267,58,220,10,47,57,2609,7,SLICE,SLICE
48,224,52,213,4,11,15,1289,7,SLICE,SLICE
48,224,53,213,5,11,16,1278,7,SLICE,SLICE
48,224,50,211,2,13,15,805,7,SLICE,SLICE
48,224,59,216,11,8,19,1022,7,SLICE,SLICE
68,264,57,232,11,32,43,1137,7,SLICE,SLICE
68,264,57,222,11,42,53,2170,7,SLICE,SLICE
68,264,59,224,9,40,49,1922,7,SLICE,SLICE
68,264,56,221,12,43,55,2290,7,SLICE,SLICE
3,127,54,236,51,109,160,2609,7,RAMB18,SLICE
3,127,56,225,53,98,151,3376,7,RAMB18,SLICE
3,127,57,226,54,99,153,3048,7,RAMB18,SLICE
3,127,56,228,53,101,154,3399,7,RAMB18,SLICE
3,127,51,212,48,85,133,4578,7,RAMB18,SLICE
3,127,51,215,48,88,136,4217,7,RAMB18,SLICE
3,127,48,216,45,89,134,4430,7,RAMB18,SLICE
3,127,48,219,45,92,137,4207,7,RAMB18,SLICE
3,127,59,209,56,82,138,3181,7,RAMB18,SLICE
3,127,51,213,48,86,134,3705,7,RAMB18,SLICE
3,127,58,217,55,90,145,3035,7,RAMB18,SLICE
3,127,52,211,49,84,133,3674,7,RAMB18,SLICE
3,127,52,219,49,92,141,3936,7,RAMB18,SLICE
3,127,58,207,55,80,135,4380,7,RAMB18,SLICE
3,127,60,218,57,91,148,3671,7,RAMB18,SLICE
3,127,54,209,51,82,133,4453,7,RAMB18,SLICE
58,242,56,238,2,4,6,831,7,SLICE,SLICE
58,242,55,218,3,24,27,1682,7,SLICE,SLICE
58,242,57,222,1,20,21,1010,7,SLICE,SLICE
58,242,55,220,3,22,25,1564,7,SLICE,SLICE
69,277,60,224,9,53,62,2459,7,SLICE,SLICE
69,277,58,207,11,70,81,3774,7,SLICE,SLICE
69,277,60,210,9,67,76,3259,7,SLICE,SLICE
69,277,60,215,9,62,71,2630,7,SLICE,SLICE
3,105,60,213,57,108,165,3323,7,RAMB18,SLICE
3,105,54,216,51,111,162,2629,7,RAMB18,SLICE
3,105,57,220,54,115,169,2296,7,RAMB18,SLICE
3,105,57,220,54,115,169,2455,7,RAMB18,SLICE
3,105,53,212,50,107,157,3133,6,RAMB18,SLICE
3,105,53,212,50,107,157,2958,6,RAMB18,SLICE
3,105,58,225,55,120,175,2361,6,RAMB18,SLICE
3,105,56,217,53,112,165,2757,6,RAMB18,SLICE
3,105,56,242,53,137,190,2292,7,RAMB18,SLICE
3,105,56,233,53,128,181,2380,7,RAMB18,SLICE
3,105,56,231,53,126,179,2804,7,RAMB18,SLICE
3,105,56,240,53,135,188,2033,7,RAMB18,SLICE
70,274,59,221,11,53,64,1689,7,SLICE,SLICE
70,274,58,221,12,53,65,1589,7,SLICE,SLICE
70,274,58,218,12,56,68,1595,7,SLICE,SLICE
70,274,57,212,13,62,75,2713,7,SLICE,SLICE
70,279,61,221,9,58,67,2349,6,SLICE,SLICE
70,279,58,220,12,59,71,2486,6,SLICE,SLICE
70,279,59,217,11,62,73,3026,6,SLICE,SLICE
70,279,60,221,10,58,68,2531,6,SLICE,SLICE
3,114,53,215,50,101,151,3781,7,RAMB18,SLICE
3,114,52,210,49,96,145,4114,7,RAMB18,SLICE
3,114,58,219,55,105,160,3470,7,RAMB18,SLICE
3,114,53,214,50,100,150,3693,7,RAMB18,SLICE
3,114,50,222,47,108,155,3367,7,RAMB18,SLICE
3,114,51,223,48,109,157,3014,7,RAMB18,SLICE
3,114,53,221,50,107,157,3101,7,RAMB18,SLICE
3,114,48,223,45,109,154,3451,7,RAMB18,SLICE
3,114,54,213,51,99,150,3524,7,RAMB18,SLICE
3,114,54,211,51,97,148,4096,7,RAMB18,SLICE
3,114,55,212,52,98,150,3831,7,RAMB18,SLICE
3,114,57,213,54,99,153,3053,7,RAMB18,SLICE
69,273,48,222,21,51,72,1620,7,SLICE,SLICE
69,273,51,221,18,52,70,1914,7,SLICE,SLICE
69,273,51,217,18,56,74,2159,7,SLICE,SLICE
69,273,51,221,18,52,70,1917,7,SLICE,SLICE
69,270,51,212,18,58,76,2542,7,SLICE,SLICE
69,270,59,215,10,55,65,2062,7,SLICE,SLICE
69,270,51,212,18,58,76,2540,7,SLICE,SLICE
69,270,59,220,10,50,60,2192,7,SLICE,SLICE
69,274,58,229,11,45,56,2451,7,SLICE,SLICE
69,274,56,238,13,36,49,1386,7,SLICE,SLICE
69,274,58,231,11,43,54,2463,7,SLICE,SLICE
69,274,56,236,13,38,51,1672,7,SLICE,SLICE
3,119,56,210,53,91,144,3148,7,RAMB18,SLICE
3,119,56,209,53,90,143,3342,7,RAMB18,SLICE
3,119,57,210,54,91,145,2961,7,RAMB18,SLICE
3,119,57,208,54,89,143,3085,7,RAMB18,SLICE
3,119,56,241,53,122,175,3243,7,RAMB18,SLICE
3,119,57,233,54,114,168,3918,7,RAMB18,SLICE
3,119,59,237,56,118,174,2928,7,RAMB18,SLICE
3,119,56,233,53,114,167,3757,7,RAMB18,SLICE
3,119,52,223,49,104,153,4015,7,RAMB18,SLICE
3,119,63,223,60,104,164,3481,7,RAMB18,SLICE
3,119,58,228,55,109,164,3108,7,RAMB18,SLICE
3,119,54,229,51,110,161,3460,7,RAMB18,SLICE
3,119,54,224,51,105,156,3418,7,RAMB18,SLICE
3,119,59,226,56,107,163,3576,7,RAMB18,SLICE
3,119,55,224,52,105,157,3188,7,RAMB18,SLICE
3,119,55,224,52,105,157,3191,7,RAMB18,SLICE
48,227,56,216,8,11,19,1048,7,SLICE,SLICE
48,227,53,216,5,11,16,949,7,SLICE,SLICE
48,227,52,212,4,15,19,1121,7,SLICE,SLICE
48,227,52,209,4,18,22,1443,7,SLICE,SLICE
71,275,57,231,14,44,58,1882,7,SLICE,SLICE
71,275,55,218,16,57,73,2975,7,SLICE,SLICE
71,275,58,227,13,48,61,1945,7,SLICE,SLICE
71,275,54,223,17,52,69,2388,7,SLICE,SLICE
3,106,52,218,49,112,161,2964,7,RAMB18,SLICE
3,106,51,213,48,107,155,3294,7,RAMB18,SLICE
3,106,61,223,58,117,175,2607,7,RAMB18,SLICE
3,106,61,222,58,116,174,2616,7,RAMB18,SLICE
3,106,55,238,52,132,184,2984,7,RAMB18,SLICE
3,106,57,243,54,137,191,2285,7,RAMB18,SLICE
3,106,55,239,52,133,185,2725,7,RAMB18,SLICE
3,106,54,230,51,124,175,3333,7,RAMB18,SLICE
3,106,53,216,50,110,160,3107,7,RAMB18,SLICE
3,106,53,216,50,110,160,3107,7,RAMB18,SLICE
3,106,59,222,56,116,172,2503,7,RAMB18,SLICE
3,106,58,222,55,116,171,2555,7,RAMB18,SLICE
49,229,55,239,6,10,16,1516,7,SLICE,SLICE
49,229,58,235,9,6,15,1213,7,SLICE,SLICE
49,229,56,241,7,12,19,1755,7,SLICE,SLICE
49,229,59,239,10,10,20,1399,7,SLICE,SLICE
71,278,56,235,15,43,58,1721,7,SLICE,SLICE
71,278,56,239,15,39,54,1660,7,SLICE,SLICE
71,278,59,234,12,44,56,1573,7,SLICE,SLICE
71,278,58,234,13,44,57,1847,7,SLICE,SLICE
3,112,55,219,52,107,159,3537,7,RAMB18,SLICE
3,112,55,224,52,112,164,3141,7,RAMB18,SLICE
3,112,57,238,54,126,180,2605,7,RAMB18,SLICE
3,112,57,223,54,111,165,2936,7,RAMB18,SLICE
3,112,51,214,48,102,150,3272,7,RAMB18,SLICE
3,112,53,217,50,105,155,3726,7,RAMB18,SLICE
3,112,47,214,44,102,146,3562,7,RAMB18,SLICE
3,112,50,225,47,113,160,2759,7,RAMB18,SLICE
3,112,63,219,60,107,167,3476,7,RAMB18,SLICE
3,112,60,213,57,101,158,3314,7,RAMB18,SLICE
3,112,59,224,56,112,168,3406,7,RAMB18,SLICE
3,112,61,213,58,101,159,3450,7,RAMB18,SLICE
69,278,55,211,14,67,81,2212,7,SLICE,SLICE
69,278,54,211,15,67,82,2527,7,SLICE,SLICE
69,278,56,216,13,62,75,1909,7,SLICE,SLICE
69,278,58,214,11,64,75,2038,7,SLICE,SLICE
66,260,50,209,16,51,67,1798,7,SLICE,SLICE
66,260,50,210,16,50,66,2144,7,SLICE,SLICE
66,260,59,221,7,39,46,1493,7,SLICE,SLICE
66,260,58,214,8,46,54,1543,7,SLICE,SLICE
3,117,61,212,58,95,153,3685,7,RAMB18,SLICE
3,117,57,216,54,99,153,3768,7,RAMB18,SLICE
3,117,60,212,57,95,152,3423,7,RAMB18,SLICE
3,117,58,238,55,121,176,2714,7,RAMB18,SLICE
3,117,53,230,50,113,163,3651,7,RAMB18,SLICE
3,117,56,239,53,122,175,2832,7,RAMB18,SLICE
3,117,56,237,53,120,173,2949,7,RAMB18,SLICE
3,117,56,237,53,120,173,3131,7,RAMB18,SLICE
3,117,59,239,56,122,178,3009,7,RAMB18,SLICE
3,117,57,235,54,118,172,3155,7,RAMB18,SLICE
3,117,59,236,56,119,175,3502,7,RAMB18,SLICE
3,117,59,239,56,122,178,3051,7,RAMB18,SLICE
3,117,58,216,55,99,154,2772,7,RAMB18,SLICE
3,117,61,221,58,104,162,2752,7,RAMB18,SLICE
3,117,60,217,57,100,157,2792,7,RAMB18,SLICE
3,117,59,216,56,99,155,2752,7,RAMB18,SLICE
3,122,59,221,56,99,155,3121,7,RAMB18,SLICE
3,122,52,210,49,88,137,3968,7,RAMB18,SLICE
3,122,56,217,53,95,148,3565,7,RAMB18,SLICE
3,122,52,210,49,88,137,4062,7,RAMB18,SLICE
3,122,56,221,53,99,152,4111,7,RAMB18,SLICE
3,122,52,219,49,97,146,4354,7,RAMB18,SLICE
3,122,59,238,56,116,172,3516,7,RAMB18,SLICE
3,122,59,237,56,115,171,3383,7,RAMB18,SLICE
3,122,54,223,51,101,152,2977,7,RAMB18,SLICE
3,122,60,221,57,99,156,2888,7,RAMB18,SLICE
3,122,62,217,59,95,154,2840,7,RAMB18,SLICE
3,122,56,207,53,85,138,3210,7,RAMB18,SLICE
69,252,55,223,14,29,43,1673,7,SLICE,SLICE
69,252,54,224,15,28,43,1590,7,SLICE,SLICE
69,252,65,222,4,30,34,1605,7,SLICE,SLICE
69,252,54,222,15,30,45,1750,7,SLICE,SLICE
69,270,57,211,12,59,71,1671,7,SLICE,SLICE
69,270,57,213,12,57,69,1809,7,SLICE,SLICE
69,270,56,213,13,57,70,1820,7,SLICE,SLICE
69,270,58,210,11,60,71,1968,7,SLICE,SLICE
3,109,57,217,54,108,162,3145,7,RAMB18,SLICE
3,109,57,217,54,108,162,2827,7,RAMB18,SLICE
3,109,59,219,56,110,166,2936,7,RAMB18,SLICE
3,109,56,210,53,101,154,3414,7,RAMB18,SLICE
3,109,56,218,53,109,162,2493,7,RAMB18,SLICE
3,109,54,218,51,109,160,2624,7,RAMB18,SLICE
3,109,56,216,53,107,160,2880,7,RAMB18,SLICE
3,109,57,209,54,100,154,3397,7,RAMB18,SLICE
3,109,51,222,48,113,161,2946,7,RAMB18,SLICE
3,109,50,232,47,123,170,2161,7,RAMB18,SLICE
3,109,52,216,49,107,156,3334,7,RAMB18,SLICE
3,109,52,223,49,114,163,3068,7,RAMB18,SLICE
70,270,50,228,20,42,62,2235,7,SLICE,SLICE
70,270,54,228,16,42,58,2195,7,SLICE,SLICE
70,270,54,229,16,41,57,1978,7,SLICE,SLICE
70,270,52,229,18,41,59,2346,7,SLICE,SLICE
70,219,70,219,0,0,0,56,1,SLICE,SLICE
70,247,70,247,0,0,0,56,1,SLICE,SLICE
64,225,64,225,0,0,0,58,1,SLICE,SLICE
62,225,62,225,0,0,0,55,1,SLICE,SLICE
66,232,66,232,0,0,0,56,1,SLICE,SLICE
60,232,60,232,0,0,0,58,1,SLICE,SLICE
64,227,64,227,0,0,0,58,1,SLICE,SLICE
66,217,66,217,0,0,0,55,1,SLICE,SLICE
70,217,70,217,0,0,0,55,1,SLICE,SLICE
68,216,68,216,0,0,0,59,1,SLICE,SLICE
69,213,69,213,0,0,0,58,1,SLICE,SLICE
68,213,68,213,0,0,0,58,1,SLICE,SLICE
66,217,66,217,0,0,0,55,1,SLICE,SLICE
66,216,66,216,0,0,0,55,1,SLICE,SLICE
62,232,62,232,0,0,0,55,1,SLICE,SLICE
68,218,68,218,0,0,0,59,1,SLICE,SLICE
66,214,66,214,0,0,0,56,1,SLICE,SLICE
70,212,70,212,0,0,0,55,1,SLICE,SLICE
66,214,66,214,0,0,0,55,1,SLICE,SLICE
69,226,69,226,0,0,0,59,1,SLICE,SLICE
70,217,70,217,0,0,0,56,1,SLICE,SLICE
70,222,70,222,0,0,0,55,1,SLICE,SLICE
70,220,70,220,0,0,0,55,1,SLICE,SLICE
70,223,70,223,0,0,0,55,1,SLICE,SLICE
66,224,66,224,0,0,0,55,1,SLICE,SLICE
64,229,64,229,0,0,0,59,1,SLICE,SLICE
66,219,66,219,0,0,0,55,1,SLICE,SLICE
69,225,69,225,0,0,0,59,1,SLICE,SLICE
69,219,69,219,0,0,0,58,1,SLICE,SLICE
70,219,70,219,0,0,0,55,1,SLICE,SLICE
71,222,71,222,0,0,0,58,1,SLICE,SLICE
70,254,70,254,0,0,0,55,1,SLICE,SLICE
72,252,72,252,0,0,0,59,1,SLICE,SLICE
72,245,72,245,0,0,0,58,1,SLICE,SLICE
68,256,68,256,0,0,0,58,1,SLICE,SLICE
70,251,70,251,0,0,0,55,1,SLICE,SLICE
64,227,64,227,0,0,0,58,1,SLICE,SLICE
64,241,64,241,0,0,0,58,1,SLICE,SLICE
70,226,70,226,0,0,0,55,1,SLICE,SLICE
64,222,64,222,0,0,0,58,1,SLICE,SLICE
64,242,64,242,0,0,0,58,1,SLICE,SLICE
72,235,72,235,0,0,0,59,1,SLICE,SLICE
60,237,60,237,0,0,0,59,1,SLICE,SLICE
63,243,63,243,0,0,0,58,1,SLICE,SLICE
60,231,60,231,0,0,0,59,1,SLICE,SLICE
68,249,68,249,0,0,0,58,1,SLICE,SLICE
70,261,70,261,0,0,0,56,1,SLICE,SLICE
68,234,68,234,0,0,0,58,1,SLICE,SLICE
72,252,72,252,0,0,0,58,1,SLICE,SLICE
69,256,69,256,0,0,0,58,1,SLICE,SLICE
70,256,70,256,0,0,0,55,1,SLICE,SLICE
72,251,72,251,0,0,0,59,1,SLICE,SLICE
68,247,68,247,0,0,0,59,1,SLICE,SLICE
71,261,71,261,0,0,0,59,1,SLICE,SLICE
64,237,64,237,0,0,0,58,1,SLICE,SLICE
64,237,64,237,0,0,0,59,1,SLICE,SLICE
64,232,64,232,0,0,0,59,1,SLICE,SLICE
70,254,70,254,0,0,0,56,1,SLICE,SLICE
68,226,68,226,0,0,0,59,1,SLICE,SLICE
66,236,66,236,0,0,0,55,1,SLICE,SLICE
62,229,62,229,0,0,0,55,1,SLICE,SLICE
62,242,62,242,0,0,0,55,1,SLICE,SLICE
64,234,64,234,0,0,0,59,1,SLICE,SLICE
64,236,64,236,0,0,0,59,1,SLICE,SLICE
68,234,68,234,0,0,0,58,1,SLICE,SLICE
68,227,68,227,0,0,0,58,1,SLICE,SLICE
68,247,68,247,0,0,0,58,1,SLICE,SLICE
60,238,60,238,0,0,0,58,1,SLICE,SLICE
62,234,62,234,0,0,0,55,1,SLICE,SLICE
62,240,62,240,0,0,0,56,1,SLICE,SLICE
64,240,64,240,0,0,0,58,1,SLICE,SLICE
63,234,63,234,0,0,0,58,1,SLICE,SLICE
68,233,68,233,0,0,0,58,1,SLICE,SLICE
64,229,64,229,0,0,0,58,1,SLICE,SLICE
68,248,68,248,0,0,0,58,1,SLICE,SLICE
69,232,69,232,0,0,0,59,1,SLICE,SLICE
68,239,68,239,0,0,0,58,1,SLICE,SLICE
64,238,64,238,0,0,0,58,1,SLICE,SLICE
71,251,71,251,0,0,0,58,1,SLICE,SLICE
66,234,66,234,0,0,0,56,1,SLICE,SLICE
61,237,61,237,0,0,0,58,1,SLICE,SLICE
70,239,70,239,0,0,0,55,1,SLICE,SLICE
70,232,70,232,0,0,0,56,1,SLICE,SLICE
60,240,60,240,0,0,0,58,1,SLICE,SLICE
64,233,64,233,0,0,0,58,1,SLICE,SLICE
63,239,63,239,0,0,0,58,1,SLICE,SLICE
66,238,66,238,0,0,0,55,1,SLICE,SLICE
64,235,64,235,0,0,0,58,1,SLICE,SLICE
68,240,68,240,0,0,0,59,1,SLICE,SLICE
70,231,70,231,0,0,0,55,1,SLICE,SLICE
68,229,68,229,0,0,0,59,1,SLICE,SLICE
62,238,62,238,0,0,0,55,1,SLICE,SLICE
71,244,71,244,0,0,0,58,1,SLICE,SLICE
70,237,70,237,0,0,0,55,1,SLICE,SLICE
66,226,66,226,0,0,0,55,1,SLICE,SLICE
70,235,70,235,0,0,0,55,1,SLICE,SLICE
70,229,70,229,0,0,0,55,1,SLICE,SLICE
70,243,70,243,0,0,0,55,1,SLICE,SLICE
71,237,71,237,0,0,0,58,1,SLICE,SLICE
69,227,69,227,0,0,0,59,1,SLICE,SLICE
66,230,66,230,0,0,0,55,1,SLICE,SLICE
68,230,68,230,0,0,0,59,1,SLICE,SLICE
64,224,64,224,0,0,0,58,1,SLICE,SLICE
68,227,68,227,0,0,0,59,1,SLICE,SLICE
69,228,69,228,0,0,0,58,1,SLICE,SLICE
64,234,64,234,0,0,0,58,1,SLICE,SLICE
66,225,66,225,0,0,0,55,1,SLICE,SLICE
64,216,68,220,4,4,8,828,7,SLICE,SLICE
64,216,60,242,4,26,30,1498,7,SLICE,SLICE
64,216,60,228,4,12,16,1147,7,SLICE,SLICE
64,216,60,243,4,27,31,1479,7,SLICE,SLICE
66,212,69,228,3,16,19,959,7,SLICE,SLICE
66,212,69,253,3,41,44,1744,7,SLICE,SLICE
66,212,70,262,4,50,54,2355,7,SLICE,SLICE
66,212,73,252,7,40,47,1734,7,SLICE,SLICE
3,60,72,235,69,175,244,3720,7,RAMB18,SLICE
3,60,70,251,67,191,258,4041,7,RAMB18,SLICE
3,60,64,237,61,177,238,3623,7,RAMB18,SLICE
3,60,70,252,67,192,259,4033,7,RAMB18,SLICE
3,60,68,239,65,179,244,3174,7,RAMB18,SLICE
3,60,70,244,67,184,251,3202,7,RAMB18,SLICE
3,60,67,243,64,183,247,3432,7,RAMB18,SLICE
3,60,70,237,67,177,244,3068,7,RAMB18,SLICE
3,60,71,232,68,172,240,4019,7,RAMB18,SLICE
3,60,68,245,65,185,250,4922,7,RAMB18,SLICE
3,60,66,241,63,181,244,4610,7,RAMB18,SLICE
3,60,67,226,64,166,230,3782,7,RAMB18,SLICE
65,206,71,224,6,18,24,1051,7,SLICE,SLICE
65,206,69,232,4,26,30,1587,7,SLICE,SLICE
65,206,69,245,4,39,43,1929,7,SLICE,SLICE
65,206,68,247,3,41,44,2219,7,SLICE,SLICE
67,208,66,215,1,7,8,608,7,SLICE,SLICE
67,208,65,222,2,14,16,1005,7,SLICE,SLICE
67,208,63,223,4,15,19,1261,7,SLICE,SLICE
67,208,71,215,4,7,11,702,7,SLICE,SLICE
3,75,71,234,68,159,227,2138,7,RAMB18,SLICE
3,75,60,230,57,155,212,2613,7,RAMB18,SLICE
3,75,68,241,65,166,231,3041,7,RAMB18,SLICE
3,75,62,241,59,166,225,3011,7,RAMB18,SLICE
3,75,70,253,67,178,245,3465,7,RAMB18,SLICE
3,75,64,237,61,162,223,2469,7,RAMB18,SLICE
3,75,68,252,65,177,242,2926,7,RAMB18,SLICE
3,75,72,252,69,177,246,3405,7,RAMB18,SLICE
3,75,67,236,64,161,225,2803,7,RAMB18,SLICE
3,75,69,231,66,156,222,2157,7,RAMB18,SLICE
3,75,61,238,58,163,221,3267,7,RAMB18,SLICE
3,75,63,226,60,151,211,2456,7,RAMB18,SLICE
3,75,70,232,67,157,224,2463,7,RAMB18,SLICE
3,75,63,240,60,165,225,3083,7,RAMB18,SLICE
3,75,71,238,68,163,231,2501,7,RAMB18,SLICE
3,75,70,238,67,163,230,2728,7,RAMB18,SLICE
65,212,67,231,2,19,21,1170,7,SLICE,SLICE
65,212,70,223,5,11,16,916,7,SLICE,SLICE
65,212,71,238,6,26,32,1216,7,SLICE,SLICE
65,212,61,238,4,26,30,1482,7,SLICE,SLICE
61,209,71,250,10,41,51,2713,7,SLICE,SLICE
61,209,71,251,10,42,52,2610,7,SLICE,SLICE
61,209,71,249,10,40,50,2503,7,SLICE,SLICE
61,209,70,215,9,6,15,785,7,SLICE,SLICE
3,84,67,240,64,156,220,2136,7,RAMB18,SLICE
3,84,66,237,63,153,216,2688,7,RAMB18,SLICE
3,84,66,241,63,157,220,2248,7,RAMB18,SLICE
3,84,63,228,60,144,204,1998,7,RAMB18,SLICE
3,84,71,258,68,174,242,3747,7,RAMB18,SLICE
3,84,69,246,66,162,228,3342,7,RAMB18,SLICE
3,84,69,246,66,162,228,3347,7,RAMB18,SLICE
3,84,60,240,57,156,213,2690,7,RAMB18,SLICE
3,84,70,248,67,164,231,2331,7,RAMB18,SLICE
3,84,71,258,68,174,242,2849,7,RAMB18,SLICE
3,84,69,260,66,176,242,3104,7,RAMB18,SLICE
3,84,67,222,64,138,202,1541,7,RAMB18,SLICE
63,213,71,241,8,28,36,1705,7,SLICE,SLICE
63,213,62,233,1,20,21,1242,7,SLICE,SLICE
63,213,70,241,7,28,35,1979,7,SLICE,SLICE
63,213,64,240,1,27,28,1718,7,SLICE,SLICE
69,207,66,228,3,21,24,1538,7,SLICE,SLICE
69,207,66,223,3,16,19,1293,7,SLICE,SLICE
69,207,64,235,5,28,33,1827,7,SLICE,SLICE
69,207,68,216,1,9,10,581,7,SLICE,SLICE
62,221,71,256,9,35,44,1947,7,SLICE,SLICE
62,221,70,259,8,38,46,2276,7,SLICE,SLICE
62,221,69,255,7,34,41,1947,7,SLICE,SLICE
62,221,71,262,9,41,50,2593,7,SLICE,SLICE
3,95,67,241,64,146,210,1754,7,RAMB18,SLICE
3,95,66,239,63,144,207,1804,7,RAMB18,SLICE
3,95,66,241,63,146,209,1640,7,RAMB18,SLICE
3,95,60,236,57,141,198,1965,7,RAMB18,SLICE
3,95,60,234,57,139,196,1305,7,RAMB18,SLICE
3,95,63,232,60,137,197,1622,7,RAMB18,SLICE
3,95,62,229,59,134,193,2085,7,RAMB18,SLICE
3,95,61,233,58,138,196,1201,7,RAMB18,SLICE
3,95,62,239,59,144,203,1984,7,RAMB18,SLICE
3,95,70,242,67,147,214,1644,7,RAMB18,SLICE
3,95,62,239,59,144,203,2166,7,RAMB18,SLICE
3,95,68,240,65,145,210,1824,7,RAMB18,SLICE
65,210,69,242,4,32,36,1806,7,SLICE,SLICE
65,210,69,244,4,34,38,1839,7,SLICE,SLICE
65,210,69,245,4,35,39,1951,7,SLICE,SLICE
65,210,69,245,4,35,39,2214,7,SLICE,SLICE
64,211,73,252,9,41,50,2998,7,SLICE,SLICE
64,211,71,238,7,27,34,2162,7,SLICE,SLICE
64,211,70,225,6,14,20,1146,7,SLICE,SLICE
64,211,69,246,5,35,40,2306,7,SLICE,SLICE
3,78,68,254,65,176,241,2934,7,RAMB18,SLICE
3,78,69,239,66,161,227,2456,7,RAMB18,SLICE
3,78,62,242,59,164,223,2713,7,RAMB18,SLICE
3,78,67,242,64,164,228,2546,7,RAMB18,SLICE
3,78,67,229,64,151,215,2934,6,RAMB18,SLICE
3,78,63,228,60,150,210,2721,6,RAMB18,SLICE
3,78,66,223,63,145,208,1826,6,RAMB18,SLICE
3,78,65,231,62,153,215,3048,6,RAMB18,SLICE
3,78,69,233,66,155,221,2750,7,RAMB18,SLICE
3,78,70,237,67,159,226,3018,7,RAMB18,SLICE
3,78,67,239,64,161,225,2956,7,RAMB18,SLICE
3,78,70,242,67,164,231,3079,7,RAMB18,SLICE
3,78,69,234,66,156,222,2717,7,RAMB18,SLICE
3,78,60,235,57,157,214,3174,7,RAMB18,SLICE
3,78,62,235,59,157,216,2672,7,RAMB18,SLICE
3,78,70,228,67,150,217,2168,7,RAMB18,SLICE
66,208,69,219,3,11,14,1325,7,SLICE,SLICE
66,208,68,219,2,11,13,1317,7,SLICE,SLICE
66,208,71,209,5,1,6,684,7,SLICE,SLICE
66,208,66,217,0,9,9,1159,7,SLICE,SLICE
63,210,68,255,5,45,50,2298,7,SLICE,SLICE
63,210,71,253,8,43,51,2190,7,SLICE,SLICE
63,210,65,237,2,27,29,1332,7,SLICE,SLICE
63,210,66,236,3,26,29,1295,7,SLICE,SLICE
3,65,61,232,58,167,225,3254,7,RAMB18,SLICE
3,65,65,232,62,167,229,3334,7,RAMB18,SLICE
3,65,66,223,63,158,221,2963,7,RAMB18,SLICE
3,65,67,223,64,158,222,2812,7,RAMB18,SLICE
3,65,71,238,68,173,241,3914,7,RAMB18,SLICE
3,65,71,219,68,154,222,2831,7,RAMB18,SLICE
3,65,68,238,65,173,238,3811,7,RAMB18,SLICE
3,65,68,231,65,166,231,3522,7,RAMB18,SLICE
3,65,67,231,64,166,230,3717,7,RAMB18,SLICE
3,65,64,232,61,167,228,3450,7,RAMB18,SLICE
3,65,60,232,57,167,224,3475,7,RAMB18,SLICE
3,65,61,232,58,167,225,3488,7,RAMB18,SLICE
67,211,70,251,3,40,43,2436,7,SLICE,SLICE
67,211,72,245,5,34,39,2657,7,SLICE,SLICE
67,211,70,213,3,2,5,552,7,SLICE,SLICE
67,211,72,235,5,24,29,1452,7,SLICE,SLICE
67,207,66,224,1,17,18,1141,7,SLICE,SLICE
67,207,68,222,1,15,16,866,7,SLICE,SLICE
67,207,66,224,1,17,18,1143,7,SLICE,SLICE
67,207,70,213,3,6,9,635,7,SLICE,SLICE
3,77,65,229,62,152,214,2725,7,RAMB18,SLICE
3,77,71,232,68,155,223,2248,7,RAMB18,SLICE
3,77,68,236,65,159,224,2725,7,RAMB18,SLICE
3,77,61,232,58,155,213,2460,7,RAMB18,SLICE
3,77,70,260,67,183,250,3664,7,RAMB18,SLICE
3,77,71,233,68,156,224,2158,7,RAMB18,SLICE
3,77,65,242,62,165,227,2964,7,RAMB18,SLICE
3,77,66,222,63,145,208,1746,7,RAMB18,SLICE
3,77,70,259,67,182,249,3441,7,RAMB18,SLICE
3,77,70,253,67,176,243,3079,7,RAMB18,SLICE
3,77,71,248,68,171,239,2953,7,RAMB18,SLICE
3,77,68,246,65,169,234,2646,7,RAMB18,SLICE
3,81,73,252,70,171,241,3641,7,RAMB18,SLICE
3,81,68,230,65,149,214,1833,7,RAMB18,SLICE
3,81,61,225,58,144,202,2370,7,RAMB18,SLICE
3,81,68,257,65,176,241,3928,7,RAMB18,SLICE
3,81,71,229,68,148,216,1790,7,RAMB18,SLICE
3,81,61,243,58,162,220,2683,7,RAMB18,SLICE
3,81,63,238,60,157,217,2409,7,RAMB18,SLICE
3,81,71,237,68,156,224,2263,7,RAMB18,SLICE
3,81,67,214,64,133,197,1879,6,RAMB18,SLICE
3,81,65,216,62,135,197,1853,6,RAMB18,SLICE
3,81,66,213,63,132,195,1461,6,RAMB18,SLICE
3,81,64,226,61,145,206,2541,6,RAMB18,SLICE
3,81,62,233,59,152,211,2515,7,RAMB18,SLICE
3,81,66,213,63,132,195,1629,7,RAMB18,SLICE
3,81,66,214,63,133,196,1902,7,RAMB18,SLICE
3,81,67,216,64,135,199,1660,7,RAMB18,SLICE
62,213,62,242,0,29,29,1815,7,SLICE,SLICE
62,213,66,241,4,28,32,2173,7,SLICE,SLICE
62,213,63,241,1,28,29,1843,7,SLICE,SLICE
62,213,69,234,7,21,28,1133,7,SLICE,SLICE
61,207,64,225,3,18,21,1056,7,SLICE,SLICE
61,207,67,214,6,7,13,612,7,SLICE,SLICE
61,207,67,218,6,11,17,1002,7,SLICE,SLICE
61,207,64,223,3,16,19,983,7,SLICE,SLICE
3,97,68,215,65,118,183,2112,7,RAMB18,SLICE
3,97,70,213,67,116,183,2557,7,RAMB18,SLICE
3,97,70,222,67,125,192,1775,7,RAMB18,SLICE
3,97,68,218,65,121,186,1891,7,RAMB18,SLICE
3,97,65,223,62,126,188,2014,7,RAMB18,SLICE
3,97,68,220,65,123,188,2062,7,RAMB18,SLICE
3,97,69,220,66,123,189,2307,7,RAMB18,SLICE
3,97,69,224,66,127,193,1832,7,RAMB18,SLICE
3,97,61,228,58,131,189,2108,7,RAMB18,SLICE
3,97,68,226,65,129,194,2520,7,RAMB18,SLICE
3,97,64,227,61,130,191,2447,7,RAMB18,SLICE
3,97,68,230,65,133,198,2578,7,RAMB18,SLICE
62,208,67,225,5,17,22,1828,7,SLICE,SLICE
62,208,63,216,1,8,9,1236,7,SLICE,SLICE
62,208,66,214,4,6,10,1284,7,SLICE,SLICE
62,208,67,214,5,6,11,1000,7,SLICE,SLICE
62,207,69,213,7,6,13,629,7,SLICE,SLICE
62,207,68,213,6,6,12,892,7,SLICE,SLICE
62,207,68,221,6,14,20,1383,7,SLICE,SLICE
62,207,68,222,6,15,21,1385,7,SLICE,SLICE
3,66,67,225,64,159,223,2946,7,RAMB18,SLICE
3,66,62,233,59,167,226,3670,7,RAMB18,SLICE
3,66,67,223,64,157,221,3075,7,RAMB18,SLICE
3,66,69,237,66,171,237,3916,7,RAMB18,SLICE
3,66,69,251,66,185,251,4064,7,RAMB18,SLICE
3,66,70,240,67,174,241,3409,7,RAMB18,SLICE
3,66,71,253,68,187,255,3995,7,RAMB18,SLICE
3,66,70,260,67,194,261,4694,7,RAMB18,SLICE
3,66,67,221,64,155,219,2684,7,RAMB18,SLICE
3,66,62,235,59,169,228,3684,7,RAMB18,SLICE
3,66,71,215,68,149,217,2319,7,RAMB18,SLICE
3,66,66,214,63,148,211,2503,7,RAMB18,SLICE
64,219,70,236,6,17,23,1336,7,SLICE,SLICE
64,219,62,234,2,15,17,1224,7,SLICE,SLICE
64,219,63,234,1,15,16,941,7,SLICE,SLICE
64,219,68,235,4,16,20,1211,7,SLICE,SLICE
62,211,62,238,0,27,27,1341,7,SLICE,SLICE
62,211,69,226,7,15,22,828,7,SLICE,SLICE
62,211,61,238,1,27,28,1105,7,SLICE,SLICE
62,211,71,243,9,32,41,1788,7,SLICE,SLICE
3,72,69,223,66,151,217,2174,7,RAMB18,SLICE
3,72,71,219,68,147,215,2145,7,RAMB18,SLICE
3,72,70,219,67,147,214,2419,7,RAMB18,SLICE
3,72,69,224,66,152,218,2449,7,RAMB18,SLICE
3,72,66,235,63,163,226,3164,7,RAMB18,SLICE
3,72,64,240,61,168,229,3338,7,RAMB18,SLICE
3,72,66,239,63,167,230,3468,7,RAMB18,SLICE
3,72,60,233,57,161,218,2918,7,RAMB18,SLICE
3,72,73,229,70,157,227,2339,7,RAMB18,SLICE
3,72,73,246,70,174,244,3128,7,RAMB18,SLICE
3,72,70,262,67,190,257,3614,7,RAMB18,SLICE
3,72,70,252,67,180,247,3403,7,RAMB18,SLICE
3,72,66,216,63,144,207,2268,7,RAMB18,SLICE
3,72,66,229,63,157,220,3027,7,RAMB18,SLICE
3,72,67,214,64,142,206,2187,7,RAMB18,SLICE
3,72,69,217,66,145,211,2532,7,RAMB18,SLICE
69,207,71,217,2,10,12,1069,7,SLICE,SLICE
69,207,68,209,1,2,3,428,7,SLICE,SLICE
69,207,71,221,2,14,16,1223,7,SLICE,SLICE
69,207,68,221,1,14,15,1263,7,SLICE,SLICE
63,216,71,232,8,16,24,1268,7,SLICE,SLICE
63,216,62,236,1,20,21,967,7,SLICE,SLICE
63,216,69,235,6,19,25,1018,7,SLICE,SLICE
63,216,71,232,8,16,24,1439,7,SLICE,SLICE
63,222,60,227,3,5,8,752,7,SLICE,SLICE
63,222,66,230,3,8,11,1064,7,SLICE,SLICE
63,222,66,230,3,8,11,1161,7,SLICE,SLICE
63,222,62,232,1,10,11,933,7,SLICE,SLICE
3,71,62,224,59,153,212,2888,7,RAMB18,SLICE
3,71,63,224,60,153,213,2702,7,RAMB18,SLICE
3,71,62,231,59,160,219,2647,7,RAMB18,SLICE
3,71,71,230,68,159,227,2278,7,RAMB18,SLICE
3,71,70,234,67,163,230,2634,7,RAMB18,SLICE
3,71,71,237,68,166,234,2992,7,RAMB18,SLICE
3,71,71,237,68,166,234,2854,7,RAMB18,SLICE
3,71,65,230,62,159,221,3126,7,RAMB18,SLICE
3,71,67,243,64,172,236,3297,7,RAMB18,SLICE
3,71,71,244,68,173,241,3069,7,RAMB18,SLICE
3,71,70,243,67,172,239,2768,7,RAMB18,SLICE
3,71,69,232,66,161,227,2898,7,RAMB18,SLICE
69,209,65,231,4,22,26,1326,7,SLICE,SLICE
69,209,71,253,2,44,46,2705,7,SLICE,SLICE
69,209,72,235,3,26,29,1890,7,SLICE,SLICE
69,209,72,233,3,24,27,2178,7,SLICE,SLICE
63,209,61,242,2,33,35,2349,7,SLICE,SLICE
63,209,72,233,9,24,33,1121,7,SLICE,SLICE
63,209,61,229,2,20,22,861,7,SLICE,SLICE
63,209,70,239,7,30,37,1589,7,SLICE,SLICE
3,69,66,235,63,166,229,2997,7,RAMB18,SLICE
3,69,68,250,65,181,246,3812,7,RAMB18,SLICE
3,69,71,248,68,179,247,3636,7,RAMB18,SLICE
3,69,69,246,66,177,243,3644,7,RAMB18,SLICE
3,69,70,235,67,166,233,2650,7,RAMB18,SLICE
3,69,64,241,61,172,233,3086,7,RAMB18,SLICE
3,69,60,233,57,164,221,3693,7,RAMB18,SLICE
3,69,64,238,61,169,230,3257,7,RAMB18,SLICE
3,69,60,239,57,170,227,3335,7,RAMB18,SLICE
3,69,60,240,57,171,228,2936,7,RAMB18,SLICE
3,69,60,225,57,156,213,2611,7,RAMB18,SLICE
3,69,62,237,59,168,227,3171,7,RAMB18,SLICE
63,214,69,240,6,26,32,2063,7,SLICE,SLICE
63,214,68,245,5,31,36,2109,7,SLICE,SLICE
63,214,71,240,8,26,34,2169,7,SLICE,SLICE
63,214,71,243,8,29,37,2206,7,SLICE,SLICE
60,208,70,231,10,23,33,1436,7,SLICE,SLICE
60,208,71,237,11,29,40,1411,7,SLICE,SLICE
60,208,70,246,10,38,48,2354,7,SLICE,SLICE
60,208,70,243,10,35,45,2319,7,SLICE,SLICE
3,88,62,239,59,151,210,1691,7,RAMB18,SLICE
3,88,71,240,68,152,220,1793,7,RAMB18,SLICE
3,88,60,234,57,146,203,2000,7,RAMB18,SLICE
3,88,70,238,67,150,217,1845,7,RAMB18,SLICE
3,88,61,233,58,145,203,2455,7,RAMB18,SLICE
3,88,68,228,65,140,205,1439,7,RAMB18,SLICE
3,88,64,229,61,141,202,1816,7,RAMB18,SLICE
3,88,62,232,59,144,203,2000,7,RAMB18,SLICE
3,88,69,239,66,151,217,1851,7,RAMB18,SLICE
3,88,69,239,66,151,217,1851,7,RAMB18,SLICE
3,88,69,233,66,145,211,1665,7,RAMB18,SLICE
3,88,66,239,63,151,214,1965,7,RAMB18,SLICE
3,88,65,227,62,139,201,1733,7,RAMB18,SLICE
3,88,60,234,57,146,203,2547,7,RAMB18,SLICE
3,88,60,236,57,148,205,2254,7,RAMB18,SLICE
3,88,67,226,64,138,202,1877,7,RAMB18,SLICE
68,211,70,215,2,4,6,484,7,SLICE,SLICE
68,211,71,258,3,47,50,1615,7,SLICE,SLICE
68,211,69,260,1,49,50,2000,7,SLICE,SLICE
68,211,72,229,4,18,22,1082,7,SLICE,SLICE
63,221,62,243,1,22,23,1315,7,SLICE,SLICE
63,221,63,243,0,22,22,1317,7,SLICE,SLICE
63,221,67,242,4,21,25,1155,7,SLICE,SLICE
63,221,60,237,3,16,19,1137,7,SLICE,SLICE
63,210,66,240,3,30,33,1807,7,SLICE,SLICE
63,210,70,247,7,37,44,1824,7,SLICE,SLICE
63,210,68,240,5,30,35,1577,7,SLICE,SLICE
63,210,70,232,7,22,29,1372,7,SLICE,SLICE
3,90,65,231,62,141,203,1875,6,RAMB18,SLICE
3,90,63,236,60,146,206,1895,6,RAMB18,SLICE
3,90,68,235,65,145,210,1672,6,RAMB18,SLICE
3,90,62,235,59,145,204,1832,6,RAMB18,SLICE
3,90,66,232,63,142,205,1449,7,RAMB18,SLICE
3,90,61,228,58,138,196,1806,7,RAMB18,SLICE
3,90,60,233,57,143,200,1925,7,RAMB18,SLICE
3,90,62,235,59,145,204,2064,7,RAMB18,SLICE
3,90,68,258,65,168,233,3447,7,RAMB18,SLICE
3,90,60,242,57,152,209,2081,7,RAMB18,SLICE
3,90,71,254,68,164,232,3064,7,RAMB18,SLICE
3,90,68,224,65,134,199,1542,7,RAMB18,SLICE
65,213,70,222,5,9,14,935,7,SLICE,SLICE
65,213,69,213,4,0,4,465,7,SLICE,SLICE
65,213,71,222,6,9,15,1035,7,SLICE,SLICE
65,213,66,222,1,9,10,923,7,SLICE,SLICE
63,208,60,240,3,32,35,1527,7,SLICE,SLICE
63,208,60,240,3,32,35,1524,7,SLICE,SLICE
63,208,65,242,2,34,36,1605,7,SLICE,SLICE
63,208,69,233,6,25,31,984,7,SLICE,SLICE
4,68,73,229,69,161,230,3125,7,RAMB18,SLICE
4,68,71,241,67,173,240,3301,7,RAMB18,SLICE
4,68,68,258,64,190,254,4328,7,RAMB18,SLICE
4,68,68,223,64,155,219,2929,7,RAMB18,SLICE
4,68,63,242,59,174,233,3279,7,RAMB18,SLICE
4,68,62,242,58,174,232,3641,7,RAMB18,SLICE
4,68,67,242,63,174,237,3470,7,RAMB18,SLICE
4,68,66,236,62,168,230,2928,7,RAMB18,SLICE
4,68,69,256,65,188,253,4126,7,RAMB18,SLICE
4,68,67,242,63,174,237,3525,7,RAMB18,SLICE
4,68,71,253,67,185,252,3972,7,RAMB18,SLICE
4,68,62,237,58,169,227,3416,7,RAMB18,SLICE
64,213,67,231,3,18,21,1342,7,SLICE,SLICE
64,213,66,226,2,13,15,820,7,SLICE,SLICE
64,213,71,240,7,27,34,1540,7,SLICE,SLICE
64,213,64,239,0,26,26,1193,7,SLICE,SLICE
62,213,71,232,9,19,28,1255,7,SLICE,SLICE
62,213,64,231,2,18,20,1005,7,SLICE,SLICE
62,213,62,232,0,19,19,1121,7,SLICE,SLICE
62,213,64,232,2,19,21,1288,7,SLICE,SLICE
3,82,64,222,61,140,201,1798,7,RAMB18,SLICE
3,82,71,251,68,169,237,2928,7,RAMB18,SLICE
3,82,67,234,64,152,216,2684,7,RAMB18,SLICE
3,82,60,231,57,149,206,2478,7,RAMB18,SLICE
3,82,70,213,67,131,198,1439,7,RAMB18,SLICE
3,82,65,241,62,159,221,2347,7,RAMB18,SLICE
3,82,70,255,67,173,240,2452,7,RAMB18,SLICE
3,82,71,239,68,157,225,2001,7,RAMB18,SLICE
3,82,63,236,60,154,214,2694,7,RAMB18,SLICE
3,82,69,259,66,177,243,3714,7,RAMB18,SLICE
3,82,69,259,66,177,243,3614,7,RAMB18,SLICE
3,82,71,251,68,169,237,3140,7,RAMB18,SLICE
3,82,63,225,60,143,203,2082,7,RAMB18,SLICE
3,82,61,228,58,146,204,2129,7,RAMB18,SLICE
3,82,67,227,64,145,209,1787,7,RAMB18,SLICE
3,82,60,232,57,150,207,2463,7,RAMB18,SLICE
63,215,65,223,2,8,10,531,7,SLICE,SLICE
63,215,68,210,5,5,10,1058,7,SLICE,SLICE
63,215,67,214,4,1,5,550,7,SLICE,SLICE
63,215,69,230,6,15,21,1254,7,SLICE,SLICE
63,215,70,247,7,32,39,1660,6,SLICE,SLICE
63,215,68,242,5,27,32,1199,6,SLICE,SLICE
63,215,63,237,0,22,22,1227,6,SLICE,SLICE
63,215,68,256,5,41,46,2160,6,SLICE,SLICE
4,64,67,243,63,179,242,4486,7,RAMB18,SLICE
4,64,68,243,64,179,243,4349,7,RAMB18,SLICE
4,64,70,223,66,159,225,3187,7,RAMB18,SLICE
4,64,70,235,66,171,237,3993,7,RAMB18,SLICE
4,64,71,251,67,187,254,3750,7,RAMB18,SLICE
4,64,71,256,67,192,259,4453,7,RAMB18,SLICE
4,64,72,233,68,169,237,3220,7,RAMB18,SLICE
4,64,68,255,64,191,255,4223,7,RAMB18,SLICE
4,64,66,224,62,160,222,3702,7,RAMB18,SLICE
4,64,67,223,63,159,222,3414,7,RAMB18,SLICE
4,64,69,216,65,152,217,3055,7,RAMB18,SLICE
4,64,70,212,66,148,214,2922,7,RAMB18,SLICE
3,87,67,229,64,142,206,1445,7,RAMB18,SLICE
3,87,68,225,65,138,203,1995,7,RAMB18,SLICE
3,87,63,223,60,136,196,2062,7,RAMB18,SLICE
3,87,66,228,63,141,204,1781,7,RAMB18,SLICE
3,87,68,219,65,132,197,1472,7,RAMB18,SLICE
3,87,70,221,67,134,201,1424,7,RAMB18,SLICE
3,87,71,220,68,133,201,1439,7,RAMB18,SLICE
3,87,64,222,61,135,196,1659,7,RAMB18,SLICE
3,87,63,242,60,155,215,2542,7,RAMB18,SLICE
3,87,60,227,57,140,197,1541,7,RAMB18,SLICE
3,87,61,229,58,142,200,1972,7,RAMB18,SLICE
3,87,61,231,58,144,202,2074,7,RAMB18,SLICE
67,210,72,218,5,8,13,1032,7,SLICE,SLICE
67,210,66,217,1,7,8,1288,7,SLICE,SLICE
67,210,70,219,3,9,12,1039,7,SLICE,SLICE
67,210,70,213,3,3,6,875,7,SLICE,SLICE
68,208,64,216,4,8,12,1098,7,SLICE,SLICE
68,208,66,213,2,5,7,929,7,SLICE,SLICE
68,208,63,225,5,17,22,1358,7,SLICE,SLICE
68,208,67,218,1,10,11,980,7,SLICE,SLICE
3,92,69,222,66,130,196,1616,7,RAMB18,SLICE
3,92,60,228,57,136,193,1839,7,RAMB18,SLICE
3,92,70,258,67,166,233,3443,7,RAMB18,SLICE
3,92,70,248,67,156,223,2766,7,RAMB18,SLICE
3,92,62,231,59,139,198,1632,7,RAMB18,SLICE
3,92,69,225,66,133,199,1709,7,RAMB18,SLICE
3,92,67,234,64,142,206,1514,7,RAMB18,SLICE
3,92,63,235,60,143,203,1358,7,RAMB18,SLICE
3,92,62,241,59,149,208,1865,7,RAMB18,SLICE
3,92,63,241,60,149,209,1676,7,RAMB18,SLICE
3,92,69,248,66,156,222,2501,7,RAMB18,SLICE
3,92,68,233,65,141,206,1165,7,RAMB18,SLICE
3,92,65,238,62,146,208,1769,7,RAMB18,SLICE
3,92,60,233,57,141,198,1812,7,RAMB18,SLICE
3,92,65,232,62,140,202,1906,7,RAMB18,SLICE
3,92,68,234,65,142,207,1367,7,RAMB18,SLICE
61,211,71,235,10,24,34,1587,7,SLICE,SLICE
61,211,71,226,10,15,25,1059,7,SLICE,SLICE
61,211,65,236,4,25,29,1841,7,SLICE,SLICE
61,211,70,243,9,32,41,2227,7,SLICE,SLICE
80,282,80,282,0,0,0,58,1,SLICE,SLICE
80,249,80,249,0,0,0,58,1,SLICE,SLICE
80,245,80,245,0,0,0,58,1,SLICE,SLICE
80,250,80,250,0,0,0,58,1,SLICE,SLICE
80,248,80,248,0,0,0,59,1,SLICE,SLICE
81,246,81,246,0,0,0,59,1,SLICE,SLICE
74,258,74,258,0,0,0,55,1,SLICE,SLICE
78,257,78,257,0,0,0,56,1,SLICE,SLICE
78,257,78,257,0,0,0,55,1,SLICE,SLICE
80,252,80,252,0,0,0,59,1,SLICE,SLICE
79,258,79,258,0,0,0,58,1,SLICE,SLICE
78,253,78,253,0,0,0,55,1,SLICE,SLICE
79,251,79,251,0,0,0,58,1,SLICE,SLICE
78,250,78,250,0,0,0,55,1,SLICE,SLICE
75,260,75,260,0,0,0,59,1,SLICE,SLICE
72,261,72,261,0,0,0,58,1,SLICE,SLICE
78,253,78,253,0,0,0,55,1,SLICE,SLICE
75,259,75,259,0,0,0,58,1,SLICE,SLICE
72,277,72,277,0,0,0,58,1,SLICE,SLICE
74,263,74,263,0,0,0,56,1,SLICE,SLICE
77,251,77,251,0,0,0,58,1,SLICE,SLICE
72,266,72,266,0,0,0,59,1,SLICE,SLICE
74,280,74,280,0,0,0,56,1,SLICE,SLICE
72,277,72,277,0,0,0,59,1,SLICE,SLICE
72,275,72,275,0,0,0,58,1,SLICE,SLICE
72,267,72,267,0,0,0,59,1,SLICE,SLICE
72,278,72,278,0,0,0,59,1,SLICE,SLICE
74,270,74,270,0,0,0,55,1,SLICE,SLICE
75,280,75,280,0,0,0,59,1,SLICE,SLICE
72,274,72,274,0,0,0,58,1,SLICE,SLICE
76,274,76,274,0,0,0,59,1,SLICE,SLICE
74,268,74,268,0,0,0,55,1,SLICE,SLICE
74,275,74,275,0,0,0,55,1,SLICE,SLICE
76,279,76,279,0,0,0,58,1,SLICE,SLICE
72,274,72,274,0,0,0,58,1,SLICE,SLICE
74,279,74,279,0,0,0,55,1,SLICE,SLICE
74,268,74,268,0,0,0,55,1,SLICE,SLICE
75,276,75,276,0,0,0,58,1,SLICE,SLICE
74,267,74,267,0,0,0,55,1,SLICE,SLICE
78,252,78,252,0,0,0,55,1,SLICE,SLICE
75,275,75,275,0,0,0,58,1,SLICE,SLICE
82,256,82,256,0,0,0,56,1,SLICE,SLICE
76,276,76,276,0,0,0,59,1,SLICE,SLICE
76,278,76,278,0,0,0,58,1,SLICE,SLICE
78,275,78,275,0,0,0,55,1,SLICE,SLICE
78,274,78,274,0,0,0,56,1,SLICE,SLICE
72,271,72,271,0,0,0,58,1,SLICE,SLICE
78,278,78,278,0,0,0,55,1,SLICE,SLICE
79,275,79,275,0,0,0,58,1,SLICE,SLICE
78,277,78,277,0,0,0,55,1,SLICE,SLICE
78,265,78,265,0,0,0,55,1,SLICE,SLICE
80,276,80,276,0,0,0,59,1,SLICE,SLICE
78,274,78,274,0,0,0,55,1,SLICE,SLICE
80,277,80,277,0,0,0,59,1,SLICE,SLICE
84,276,84,276,0,0,0,59,1,SLICE,SLICE
73,266,73,266,0,0,0,58,1,SLICE,SLICE
78,271,78,271,0,0,0,55,1,SLICE,SLICE
79,273,79,273,0,0,0,58,1,SLICE,SLICE
78,270,78,270,0,0,0,55,1,SLICE,SLICE
79,254,79,254,0,0,0,58,1,SLICE,SLICE
78,271,78,271,0,0,0,55,1,SLICE,SLICE
84,269,84,269,0,0,0,59,1,SLICE,SLICE
80,272,80,272,0,0,0,58,1,SLICE,SLICE
76,257,76,257,0,0,0,59,1,SLICE,SLICE
81,252,81,252,0,0,0,58,1,SLICE,SLICE
79,271,79,271,0,0,0,59,1,SLICE,SLICE
81,268,81,268,0,0,0,58,1,SLICE,SLICE
78,265,78,265,0,0,0,55,1,SLICE,SLICE
84,275,84,275,0,0,0,58,1,SLICE,SLICE
80,266,80,266,0,0,0,58,1,SLICE,SLICE
80,247,80,247,0,0,0,58,1,SLICE,SLICE
78,264,78,264,0,0,0,55,1,SLICE,SLICE
80,269,80,269,0,0,0,58,1,SLICE,SLICE
80,267,80,267,0,0,0,58,1,SLICE,SLICE
82,272,82,272,0,0,0,55,1,SLICE,SLICE
82,273,82,273,0,0,0,55,1,SLICE,SLICE
80,256,80,256,0,0,0,59,1,SLICE,SLICE
82,263,82,263,0,0,0,55,1,SLICE,SLICE
86,268,86,268,0,0,0,56,1,SLICE,SLICE
84,266,84,266,0,0,0,58,1,SLICE,SLICE
82,275,82,275,0,0,0,56,1,SLICE,SLICE
82,245,82,245,0,0,0,56,1,SLICE,SLICE
82,261,82,261,0,0,0,55,1,SLICE,SLICE
80,263,80,263,0,0,0,58,1,SLICE,SLICE
80,256,80,256,0,0,0,58,1,SLICE,SLICE
84,267,84,267,0,0,0,58,1,SLICE,SLICE
82,256,82,256,0,0,0,55,1,SLICE,SLICE
84,265,84,265,0,0,0,58,1,SLICE,SLICE
82,249,82,249,0,0,0,56,1,SLICE,SLICE
85,263,85,263,0,0,0,58,1,SLICE,SLICE
82,267,82,267,0,0,0,56,1,SLICE,SLICE
86,264,86,264,0,0,0,55,1,SLICE,SLICE
82,257,82,257,0,0,0,56,1,SLICE,SLICE
84,276,84,276,0,0,0,58,1,SLICE,SLICE
75,264,75,264,0,0,0,58,1,SLICE,SLICE
82,267,82,267,0,0,0,55,1,SLICE,SLICE
81,266,81,266,0,0,0,59,1,SLICE,SLICE
81,251,81,251,0,0,0,58,1,SLICE,SLICE
82,245,82,245,0,0,0,55,1,SLICE,SLICE
80,244,80,244,0,0,0,59,1,SLICE,SLICE
78,262,78,262,0,0,0,55,1,SLICE,SLICE
80,247,80,247,0,0,0,59,1,SLICE,SLICE
78,262,78,262,0,0,0,55,1,SLICE,SLICE
82,246,82,246,0,0,0,56,1,SLICE,SLICE
80,260,80,260,0,0,0,59,1,SLICE,SLICE
80,246,80,246,0,0,0,59,1,SLICE,SLICE
80,244,82,264,2,20,22,1593,7,SLICE,SLICE
80,244,82,264,2,20,22,1301,7,SLICE,SLICE
80,244,80,264,0,20,20,1006,7,SLICE,SLICE
80,244,85,264,5,20,25,1396,7,SLICE,SLICE
72,249,74,277,2,28,30,2144,7,SLICE,SLICE
72,249,75,275,3,26,29,1762,7,SLICE,SLICE
72,249,75,275,3,26,29,1912,7,SLICE,SLICE
72,249,74,279,2,30,32,2293,7,SLICE,SLICE
4,120,75,277,71,157,228,2224,7,RAMB18,SLICE
4,120,75,280,71,160,231,1923,7,RAMB18,SLICE
4,120,77,267,73,147,220,2995,7,RAMB18,SLICE
4,120,74,280,70,160,230,2235,7,RAMB18,SLICE
4,120,76,263,72,143,215,2532,7,RAMB18,SLICE
4,120,73,273,69,153,222,2159,7,RAMB18,SLICE
4,120,79,275,75,155,230,1822,7,RAMB18,SLICE
4,120,78,278,74,158,232,1927,7,RAMB18,SLICE
4,120,74,260,70,140,210,2535,7,RAMB18,SLICE
4,120,73,254,69,134,203,3279,7,RAMB18,SLICE
4,120,76,252,72,132,204,3422,7,RAMB18,SLICE
4,120,82,247,78,127,205,3769,7,RAMB18,SLICE
4,120,76,279,72,159,231,2342,7,RAMB18,SLICE
4,120,72,273,68,153,221,2819,7,RAMB18,SLICE
4,120,73,276,69,156,225,2885,7,RAMB18,SLICE
4,120,73,273,69,153,222,2816,7,RAMB18,SLICE
76,247,77,268,1,21,22,1057,7,SLICE,SLICE
76,247,74,275,2,28,30,1807,7,SLICE,SLICE
76,247,76,250,0,3,3,370,7,SLICE,SLICE
76,247,77,274,1,27,28,1399,7,SLICE,SLICE
73,255,81,254,8,1,9,505,7,SLICE,SLICE
73,255,78,252,5,3,8,702,7,SLICE,SLICE
73,255,74,262,1,7,8,840,7,SLICE,SLICE
73,255,75,263,2,8,10,804,7,SLICE,SLICE
4,127,79,271,75,144,219,2828,7,RAMB18,SLICE
4,127,81,276,77,149,226,2114,7,RAMB18,SLICE
4,127,72,272,68,145,213,3065,7,RAMB18,SLICE
4,127,79,278,75,151,226,2335,7,RAMB18,SLICE
4,127,76,267,72,140,212,3508,7,RAMB18,SLICE
4,127,83,263,79,136,215,3879,7,RAMB18,SLICE
4,127,83,270,79,143,222,2757,7,RAMB18,SLICE
4,127,80,269,76,142,218,2853,7,RAMB18,SLICE
4,127,78,266,74,139,213,2740,7,RAMB18,SLICE
4,127,80,250,76,123,199,4176,7,RAMB18,SLICE
4,127,78,252,74,125,199,3981,7,RAMB18,SLICE
4,127,74,252,70,125,195,3546,7,RAMB18,SLICE
73,258,77,254,4,4,8,830,7,SLICE,SLICE
73,258,74,276,1,18,19,970,7,SLICE,SLICE
73,258,74,280,1,22,23,1310,7,SLICE,SLICE
73,258,78,257,5,1,6,579,7,SLICE,SLICE
75,249,75,260,0,11,11,1097,7,SLICE,SLICE
75,249,76,254,1,5,6,909,7,SLICE,SLICE
75,249,82,248,7,1,8,914,7,SLICE,SLICE
75,249,74,252,1,3,4,558,7,SLICE,SLICE
4,132,76,270,72,138,210,3019,7,RAMB18,SLICE
4,132,81,276,77,144,221,2800,7,RAMB18,SLICE
4,132,79,277,75,145,220,3187,7,RAMB18,SLICE
4,132,75,272,71,140,211,3294,7,RAMB18,SLICE
4,132,76,260,72,128,200,3386,7,RAMB18,SLICE
4,132,76,260,72,128,200,3510,7,RAMB18,SLICE
4,132,84,269,80,137,217,3188,7,RAMB18,SLICE
4,132,78,255,74,123,197,4042,7,RAMB18,SLICE
4,132,72,262,68,130,198,3871,7,RAMB18,SLICE
4,132,75,258,71,126,197,3479,7,RAMB18,SLICE
4,132,76,255,72,123,195,4063,7,RAMB18,SLICE
4,132,78,256,74,124,198,4067,7,RAMB18,SLICE
72,261,78,270,6,9,15,1124,7,SLICE,SLICE
72,261,78,275,6,14,20,1167,7,SLICE,SLICE
72,261,79,260,7,1,8,439,7,SLICE,SLICE
72,261,77,256,5,5,10,687,7,SLICE,SLICE
72,247,74,252,2,5,7,748,7,SLICE,SLICE
72,247,73,275,1,28,29,1323,7,SLICE,SLICE
72,247,73,277,1,30,31,1634,7,SLICE,SLICE
72,247,72,266,0,19,19,1048,7,SLICE,SLICE
75,244,80,282,5,38,43,2489,7,SLICE,SLICE
75,244,78,260,3,16,19,1260,7,SLICE,SLICE
75,244,80,270,5,26,31,1526,7,SLICE,SLICE
75,244,80,273,5,29,34,1790,7,SLICE,SLICE
4,130,74,261,70,131,201,3004,7,RAMB18,SLICE
4,130,73,278,69,148,217,2413,7,RAMB18,SLICE
4,130,74,280,70,150,220,2450,7,RAMB18,SLICE
4,130,72,275,68,145,213,2636,7,RAMB18,SLICE
4,130,81,246,77,116,193,4200,7,RAMB18,SLICE
4,130,80,245,76,115,191,4213,7,RAMB18,SLICE
4,130,80,249,76,119,195,3692,7,RAMB18,SLICE
4,130,81,246,77,116,193,4048,7,RAMB18,SLICE
4,130,78,263,74,133,207,3113,7,RAMB18,SLICE
4,130,78,253,74,123,197,4128,7,RAMB18,SLICE
4,130,75,263,71,133,204,3480,7,RAMB18,SLICE
4,130,81,248,77,118,195,4285,7,RAMB18,SLICE
4,130,72,269,68,139,207,4123,7,RAMB18,SLICE
4,130,85,265,81,135,216,3025,7,RAMB18,SLICE
4,130,81,258,77,128,205,4108,7,RAMB18,SLICE
4,130,81,261,77,131,208,3493,7,RAMB18,SLICE
78,244,80,253,2,9,11,898,6,SLICE,SLICE
78,244,76,264,2,20,22,1180,6,SLICE,SLICE
78,244,80,253,2,9,11,894,6,SLICE,SLICE
78,244,76,262,2,18,20,1325,6,SLICE,SLICE
73,244,75,263,2,19,21,1947,7,SLICE,SLICE
73,244,83,248,10,4,14,919,7,SLICE,SLICE
73,244,83,248,10,4,14,1105,7,SLICE,SLICE
73,244,81,246,8,2,10,699,7,SLICE,SLICE
4,128,78,276,74,148,222,2941,7,RAMB18,SLICE
4,128,74,271,70,143,213,3053,7,RAMB18,SLICE
4,128,75,272,71,144,215,3263,7,RAMB18,SLICE
4,128,78,276,74,148,222,3038,7,RAMB18,SLICE
4,128,76,255,72,127,199,3325,7,RAMB18,SLICE
4,128,75,271,71,143,214,2614,7,RAMB18,SLICE
4,128,74,267,70,139,209,2864,7,RAMB18,SLICE
4,128,77,256,73,128,201,3546,7,RAMB18,SLICE
4,128,75,261,71,133,204,3099,7,RAMB18,SLICE
4,128,78,251,74,123,197,3889,7,RAMB18,SLICE
4,128,78,257,74,129,203,3506,7,RAMB18,SLICE
4,128,74,255,70,127,197,3324,7,RAMB18,SLICE
72,255,85,265,13,10,23,1002,7,SLICE,SLICE
72,255,84,264,12,9,21,1363,7,SLICE,SLICE
72,255,85,264,13,9,22,1361,7,SLICE,SLICE
72,255,80,268,8,13,21,1239,7,SLICE,SLICE
73,256,80,251,7,5,12,1207,7,SLICE,SLICE
73,256,72,261,1,5,6,625,7,SLICE,SLICE
73,256,74,261,1,5,6,526,7,SLICE,SLICE
73,256,79,253,6,3,9,1035,7,SLICE,SLICE
4,97,83,261,79,164,243,1971,7,RAMB18,SLICE
4,97,81,263,77,166,243,1847,7,RAMB18,SLICE
4,97,81,255,77,158,235,1832,7,RAMB18,SLICE
4,97,80,270,76,173,249,2579,7,RAMB18,SLICE
4,97,76,278,72,181,253,2891,7,RAMB18,SLICE
4,97,74,269,70,172,242,2440,7,RAMB18,SLICE
4,97,76,270,72,173,245,2458,7,RAMB18,SLICE
4,97,77,269,73,172,245,2215,7,RAMB18,SLICE
4,97,86,269,82,172,254,2547,7,RAMB18,SLICE
4,97,84,272,80,175,255,2473,7,RAMB18,SLICE
4,97,81,263,77,166,243,1914,7,RAMB18,SLICE
4,97,80,271,76,174,250,2415,7,RAMB18,SLICE
75,248,76,258,1,10,11,1129,7,SLICE,SLICE
75,248,73,278,2,30,32,1629,7,SLICE,SLICE
75,248,73,275,2,27,29,1720,7,SLICE,SLICE
75,248,73,275,2,27,29,1715,7,SLICE,SLICE
75,246,73,253,2,7,9,1023,7,SLICE,SLICE
75,246,79,252,4,6,10,938,7,SLICE,SLICE
75,246,79,250,4,4,8,661,7,SLICE,SLICE
75,246,81,246,6,0,6,692,7,SLICE,SLICE
4,119,79,275,75,156,231,2251,7,RAMB18,SLICE
4,119,80,266,76,147,223,2357,7,RAMB18,SLICE
4,119,80,269,76,150,226,2139,7,RAMB18,SLICE
4,119,80,255,76,136,212,2912,7,RAMB18,SLICE
4,119,79,260,75,141,216,2861,7,RAMB18,SLICE
4,119,74,263,70,144,214,2274,7,RAMB18,SLICE
4,119,74,261,70,142,212,2805,7,RAMB18,SLICE
4,119,74,252,70,133,203,3292,7,RAMB18,SLICE
4,119,72,265,68,146,214,2782,7,RAMB18,SLICE
4,119,86,264,82,145,227,1947,7,RAMB18,SLICE
4,119,82,259,78,140,218,2454,7,RAMB18,SLICE
4,119,76,261,72,142,214,2857,7,RAMB18,SLICE
4,119,75,265,71,146,217,2225,7,RAMB18,SLICE
4,119,79,257,75,138,213,2950,7,RAMB18,SLICE
4,119,78,257,74,138,212,2789,7,RAMB18,SLICE
4,119,74,258,70,139,209,2957,7,RAMB18,SLICE
4,114,85,258,81,144,225,2171,7,RAMB18,SLICE
4,114,81,247,77,133,210,2582,7,RAMB18,SLICE
4,114,84,258,80,144,224,2313,7,RAMB18,SLICE
4,114,79,256,75,142,217,2289,7,RAMB18,SLICE
4,114,74,258,70,144,214,2291,7,RAMB18,SLICE
4,114,82,245,78,131,209,2581,7,RAMB18,SLICE
4,114,80,246,76,132,208,2832,7,RAMB18,SLICE
4,114,83,256,79,142,221,1867,7,RAMB18,SLICE
4,114,74,259,70,145,215,2383,7,RAMB18,SLICE
4,114,74,261,70,147,217,2138,7,RAMB18,SLICE
4,114,75,256,71,142,213,2732,7,RAMB18,SLICE
4,114,73,265,69,151,220,2082,7,RAMB18,SLICE
76,245,74,275,2,30,32,1282,7,SLICE,SLICE
76,245,75,278,1,33,34,1573,7,SLICE,SLICE
76,245,76,272,0,27,27,1204,7,SLICE,SLICE
76,245,74,279,2,34,36,1696,7,SLICE,SLICE
74,247,81,278,7,31,38,2024,7,SLICE,SLICE
74,247,82,272,8,25,33,1873,7,SLICE,SLICE
74,247,82,270,8,23,31,1604,7,SLICE,SLICE
74,247,81,262,7,15,22,1231,7,SLICE,SLICE
4,125,79,251,75,126,201,2918,7,RAMB18,SLICE
4,125,78,264,74,139,213,2328,7,RAMB18,SLICE
4,125,75,265,71,140,211,2241,7,RAMB18,SLICE
4,125,78,266,74,141,215,2164,7,RAMB18,SLICE
4,125,75,268,71,143,214,2932,7,RAMB18,SLICE
4,125,74,269,70,144,214,2845,7,RAMB18,SLICE
4,125,73,273,69,148,217,2704,7,RAMB18,SLICE
4,125,76,274,72,149,221,2914,7,RAMB18,SLICE
4,125,73,253,69,128,197,4286,7,RAMB18,SLICE
4,125,73,267,69,142,211,3648,7,RAMB18,SLICE
4,125,75,280,71,155,226,2538,7,RAMB18,SLICE
4,125,73,278,69,153,222,3007,7,RAMB18,SLICE
74,251,72,267,2,16,18,985,7,SLICE,SLICE
74,251,73,264,1,13,14,592,7,SLICE,SLICE
74,251,77,280,3,29,32,1886,7,SLICE,SLICE
74,251,74,256,0,5,5,731,7,SLICE,SLICE
72,232,82,255,10,23,33,1339,6,SLICE,SLICE
72,232,85,271,13,39,52,2213,6,SLICE,SLICE
72,232,83,257,11,25,36,1336,6,SLICE,SLICE
72,232,80,266,8,34,42,2295,6,SLICE,SLICE
4,94,75,256,71,162,233,2684,7,RAMB18,SLICE
4,94,75,257,71,163,234,2834,7,RAMB18,SLICE
4,94,80,245,76,151,227,1918,7,RAMB18,SLICE
4,94,75,252,71,158,229,2300,7,RAMB18,SLICE
4,94,81,254,77,160,237,1655,7,RAMB18,SLICE
4,94,82,263,78,169,247,2378,7,RAMB18,SLICE
4,94,82,262,78,168,246,2144,7,RAMB18,SLICE
4,94,82,267,78,173,251,2318,7,RAMB18,SLICE
4,94,75,267,71,173,244,3067,7,RAMB18,SLICE
4,94,81,247,77,153,230,1794,7,RAMB18,SLICE
4,94,73,270,69,176,245,3274,7,RAMB18,SLICE
4,94,76,251,72,157,229,2389,7,RAMB18,SLICE
4,94,72,280,68,186,254,3254,7,RAMB18,SLICE
4,94,73,260,69,166,235,2586,7,RAMB18,SLICE
4,94,73,280,69,186,255,3566,7,RAMB18,SLICE
4,94,74,252,70,158,228,1859,7,RAMB18,SLICE
78,247,80,269,2,22,24,1365,7,SLICE,SLICE
78,247,81,264,3,17,20,804,7,SLICE,SLICE
78,247,85,271,7,24,31,1918,7,SLICE,SLICE
78,247,82,267,4,20,24,1191,7,SLICE,SLICE
75,246,73,275,2,29,31,1538,7,SLICE,SLICE
75,246,72,277,3,31,34,2015,7,SLICE,SLICE
75,246,74,253,1,7,8,716,7,SLICE,SLICE
75,246,75,261,0,15,15,998,7,SLICE,SLICE
4,111,78,270,74,159,233,2433,7,RAMB18,SLICE
4,111,79,272,75,161,236,1958,7,RAMB18,SLICE
4,111,78,273,74,162,236,1789,7,RAMB18,SLICE
4,111,75,265,71,154,225,3018,7,RAMB18,SLICE
4,111,79,261,75,150,225,2256,7,RAMB18,SLICE
4,111,84,263,80,152,232,2098,7,RAMB18,SLICE
4,111,82,245,78,134,212,2884,7,RAMB18,SLICE
4,111,80,259,76,148,224,2273,7,RAMB18,SLICE
4,111,83,270,79,159,238,1628,7,RAMB18,SLICE
4,111,80,270,76,159,235,1679,7,RAMB18,SLICE
4,111,82,272,78,161,239,2077,7,RAMB18,SLICE
4,111,75,264,71,153,224,2409,7,RAMB18,SLICE
72,246,73,279,1,33,34,1516,7,SLICE,SLICE
72,246,78,280,6,34,40,2101,7,SLICE,SLICE
72,246,73,270,1,24,25,1514,7,SLICE,SLICE
72,246,81,248,9,2,11,967,7,SLICE,SLICE
74,244,81,271,7,27,34,2051,7,SLICE,SLICE
74,244,82,269,8,25,33,1949,7,SLICE,SLICE
74,244,80,259,6,15,21,1168,7,SLICE,SLICE
74,244,80,262,6,18,24,1654,7,SLICE,SLICE
73,253,74,253,1,0,1,272,7,SLICE,SLICE
73,253,79,251,6,2,8,802,7,SLICE,SLICE
73,253,78,253,5,0,5,565,7,SLICE,SLICE
73,253,80,250,7,3,10,755,7,SLICE,SLICE
4,101,78,254,74,153,227,1867,7,RAMB18,SLICE
4,101,80,270,76,169,245,2528,7,RAMB18,SLICE
4,101,72,273,68,172,240,2945,7,RAMB18,SLICE
4,101,81,252,77,151,228,1466,7,RAMB18,SLICE
4,101,72,263,68,162,230,2037,7,RAMB18,SLICE
4,101,73,273,69,172,241,2065,7,RAMB18,SLICE
4,101,74,253,70,152,222,1745,7,RAMB18,SLICE
4,101,73,280,69,179,248,2321,7,RAMB18,SLICE
4,101,77,270,73,169,242,2078,7,RAMB18,SLICE
4,101,77,274,73,173,246,2449,7,RAMB18,SLICE
4,101,73,274,69,173,242,2395,7,RAMB18,SLICE
4,101,76,274,72,173,245,2491,7,RAMB18,SLICE
73,260,75,260,2,0,2,582,7,SLICE,SLICE
73,260,72,275,1,15,16,877,7,SLICE,SLICE
73,260,72,276,1,16,17,987,7,SLICE,SLICE
73,260,72,274,1,14,15,988,7,SLICE,SLICE
72,251,81,250,9,1,10,751,7,SLICE,SLICE
72,251,82,257,10,6,16,698,7,SLICE,SLICE
72,251,87,265,15,14,29,1213,7,SLICE,SLICE
72,251,78,266,6,15,21,1285,7,SLICE,SLICE
4,123,81,262,77,139,216,3177,7,RAMB18,SLICE
4,123,81,256,77,133,210,3333,7,RAMB18,SLICE
4,123,81,255,77,132,209,3835,7,RAMB18,SLICE
4,123,76,257,72,134,206,3698,7,RAMB18,SLICE
4,123,73,269,69,146,215,3016,7,RAMB18,SLICE
4,123,73,269,69,146,215,3284,7,RAMB18,SLICE
4,123,81,255,77,132,209,3485,7,RAMB18,SLICE
4,123,82,274,78,151,229,2336,7,RAMB18,SLICE
4,123,79,275,75,152,227,2814,7,RAMB18,SLICE
4,123,79,271,75,148,223,2749,7,RAMB18,SLICE
4,123,82,278,78,155,233,2365,7,RAMB18,SLICE
4,123,83,276,79,153,232,2257,7,RAMB18,SLICE
4,123,83,273,79,150,229,2311,7,RAMB18,SLICE
4,123,83,272,79,149,228,2387,7,RAMB18,SLICE
4,123,77,258,73,135,208,3217,7,RAMB18,SLICE
4,123,81,256,77,133,210,3550,7,RAMB18,SLICE
79,246,80,273,1,27,28,1431,7,SLICE,SLICE
79,246,80,276,1,30,31,1388,7,SLICE,SLICE
79,246,78,274,1,28,29,1031,7,SLICE,SLICE
79,246,75,268,4,22,26,1305,7,SLICE,SLICE
75,250,83,265,8,15,23,1088,7,SLICE,SLICE
75,250,82,252,7,2,9,719,7,SLICE,SLICE
75,250,76,266,1,16,17,1014,7,SLICE,SLICE
75,250,84,269,9,19,28,1184,7,SLICE,SLICE
4,103,79,260,75,157,232,1436,7,RAMB18,SLICE
4,103,80,273,76,170,246,2434,7,RAMB18,SLICE
4,103,74,267,70,164,234,2138,7,RAMB18,SLICE
4,103,76,260,72,157,229,1553,7,RAMB18,SLICE
4,103,72,261,68,158,226,1904,7,RAMB18,SLICE
4,103,75,252,71,149,220,2260,7,RAMB18,SLICE
4,103,74,261,70,158,228,1972,7,RAMB18,SLICE
4,103,76,254,72,151,223,1889,7,RAMB18,SLICE
4,103,78,272,74,169,243,2383,7,RAMB18,SLICE
4,103,85,273,81,170,251,1823,7,RAMB18,SLICE
4,103,83,273,79,170,249,1785,7,RAMB18,SLICE
4,103,84,276,80,173,253,1896,7,RAMB18,SLICE
72,267,75,262,3,5,8,652,7,SLICE,SLICE
72,267,75,252,3,15,18,1310,7,SLICE,SLICE
72,267,74,262,2,5,7,665,7,SLICE,SLICE
72,267,75,251,3,16,19,1416,7,SLICE,SLICE
73,249,77,260,4,11,15,1617,7,SLICE,SLICE
73,249,80,249,7,0,7,595,7,SLICE,SLICE
73,249,76,260,3,11,14,1476,7,SLICE,SLICE
73,249,82,253,9,4,13,1001,7,SLICE,SLICE
81,244,82,265,1,21,22,1094,6,SLICE,SLICE
81,244,85,264,4,20,24,1164,6,SLICE,SLICE
81,244,83,257,2,13,15,1012,6,SLICE,SLICE
81,244,84,269,3,25,28,1743,6,SLICE,SLICE
4,104,81,266,77,162,239,2103,7,RAMB18,SLICE
4,104,82,268,78,164,242,1793,7,RAMB18,SLICE
4,104,83,269,79,165,244,1780,7,RAMB18,SLICE
4,104,76,265,72,161,233,2206,7,RAMB18,SLICE
4,104,81,266,77,162,239,1855,7,RAMB18,SLICE
4,104,84,271,80,167,247,1899,7,RAMB18,SLICE
4,104,81,255,77,151,228,2113,7,RAMB18,SLICE
4,104,81,266,77,162,239,1742,7,RAMB18,SLICE
4,104,75,268,71,164,235,1942,7,RAMB18,SLICE
4,104,72,268,68,164,232,1945,7,RAMB18,SLICE
4,104,77,266,73,162,235,2017,7,RAMB18,SLICE
4,104,74,269,70,165,235,2108,7,RAMB18,SLICE
74,249,81,245,7,4,11,911,7,SLICE,SLICE
74,249,75,259,1,10,11,1130,7,SLICE,SLICE
74,249,83,248,9,1,10,718,7,SLICE,SLICE
74,249,80,256,6,7,13,955,7,SLICE,SLICE
78,246,82,263,4,17,21,1260,7,SLICE,SLICE
78,246,83,274,5,28,33,1946,7,SLICE,SLICE
78,246,75,271,3,25,28,2246,7,SLICE,SLICE
78,246,83,272,5,26,31,1660,7,SLICE,SLICE
4,108,75,265,71,157,228,1944,7,RAMB18,SLICE
4,108,83,255,79,147,226,1929,7,RAMB18,SLICE
4,108,81,250,77,142,219,2477,7,RAMB18,SLICE
4,108,81,260,77,152,229,1512,7,RAMB18,SLICE
4,108,79,271,75,163,238,1710,7,RAMB18,SLICE
4,108,78,278,74,170,244,2300,7,RAMB18,SLICE
4,108,76,278,72,170,242,2403,7,RAMB18,SLICE
4,108,76,272,72,164,236,1784,7,RAMB18,SLICE
4,108,83,268,79,160,239,1576,7,RAMB18,SLICE
4,108,80,249,76,141,217,2906,7,RAMB18,SLICE
4,108,83,256,79,148,227,2855,7,RAMB18,SLICE
4,108,80,251,76,143,219,2776,7,RAMB18,SLICE
4,108,72,260,68,152,220,1802,7,RAMB18,SLICE
4,108,80,246,76,138,214,2755,7,RAMB18,SLICE
4,108,74,262,70,154,224,1824,7,RAMB18,SLICE
4,108,78,249,74,141,215,2320,7,RAMB18,SLICE
72,260,75,268,3,8,11,693,7,SLICE,SLICE
72,260,83,273,11,13,24,1331,7,SLICE,SLICE
72,260,83,270,11,10,21,1222,7,SLICE,SLICE
72,260,83,273,11,13,24,1295,7,SLICE,SLICE
73,250,81,261,8,11,19,1131,7,SLICE,SLICE
73,250,82,273,9,23,32,1744,7,SLICE,SLICE
73,250,79,264,6,14,20,1138,7,SLICE,SLICE
73,250,80,263,7,13,20,1027,7,SLICE,SLICE
4,117,82,270,78,153,231,2510,7,RAMB18,SLICE
4,117,75,267,71,150,221,2919,7,RAMB18,SLICE
4,117,82,278,78,161,239,1813,7,RAMB18,SLICE
4,117,80,259,76,142,218,3478,7,RAMB18,SLICE
4,117,81,259,77,142,219,2635,7,RAMB18,SLICE
4,117,79,266,75,149,224,2617,7,RAMB18,SLICE
4,117,81,264,77,147,224,2787,7,RAMB18,SLICE
4,117,80,261,76,144,220,2563,7,RAMB18,SLICE
4,117,75,264,71,147,218,2883,7,RAMB18,SLICE
4,117,83,267,79,150,229,2738,7,RAMB18,SLICE
4,117,82,249,78,132,210,3948,7,RAMB18,SLICE
4,117,81,270,77,153,230,2415,7,RAMB18,SLICE
75,248,81,276,6,28,34,1454,7,SLICE,SLICE
75,248,79,269,4,21,25,1291,7,SLICE,SLICE
75,248,81,274,6,26,32,1549,7,SLICE,SLICE
75,248,75,267,0,19,19,1190,7,SLICE,SLICE
73,259,72,271,1,12,13,1368,7,SLICE,SLICE
73,259,78,275,5,16,21,1433,7,SLICE,SLICE
73,259,78,280,5,21,26,1658,7,SLICE,SLICE
73,259,78,274,5,15,20,1372,7,SLICE,SLICE
4,106,83,251,79,145,224,2497,7,RAMB18,SLICE
4,106,77,262,73,156,229,2232,7,RAMB18,SLICE
4,106,82,253,78,147,225,2175,7,RAMB18,SLICE
4,106,80,261,76,155,231,1851,7,RAMB18,SLICE
4,106,74,278,70,172,242,2806,6,RAMB18,SLICE
4,106,73,279,69,173,242,2787,6,RAMB18,SLICE
4,106,73,279,69,173,242,2687,6,RAMB18,SLICE
4,106,74,258,70,152,222,2131,6,RAMB18,SLICE
4,106,84,269,80,163,243,1826,7,RAMB18,SLICE
4,106,84,274,80,168,248,2137,7,RAMB18,SLICE
4,106,82,275,78,169,247,2284,7,RAMB18,SLICE
4,106,81,250,77,144,221,2410,7,RAMB18,SLICE
4,99,80,278,76,179,255,3160,7,RAMB18,SLICE
4,99,80,276,76,177,253,2910,7,RAMB18,SLICE
4,99,81,278,77,179,256,3008,7,RAMB18,SLICE
4,99,79,260,75,161,236,2077,7,RAMB18,SLICE
4,99,78,256,74,157,231,1628,7,RAMB18,SLICE
4,99,80,251,76,152,228,1799,7,RAMB18,SLICE
4,99,74,258,70,159,229,2044,7,RAMB18,SLICE
4,99,76,258,72,159,231,2191,7,RAMB18,SLICE
4,99,73,265,69,166,235,2401,7,RAMB18,SLICE
4,99,82,257,78,158,236,1951,7,RAMB18,SLICE
4,99,82,261,78,162,240,1976,7,RAMB18,SLICE
4,99,82,256,78,157,235,2046,7,RAMB18,SLICE
4,99,78,256,74,157,231,2325,7,RAMB18,SLICE
4,99,82,247,78,148,226,1475,7,RAMB18,SLICE
4,99,79,256,75,157,232,2319,7,RAMB18,SLICE
4,99,78,255,74,156,230,1952,7,RAMB18,SLICE
72,230,85,269,13,39,52,1840,7,SLICE,SLICE
72,230,81,260,9,30,39,1523,7,SLICE,SLICE
72,230,84,271,12,41,53,2276,7,SLICE,SLICE
72,230,78,254,6,24,30,1078,7,SLICE,SLICE
73,254,76,270,3,16,19,1144,7,SLICE,SLICE
73,254,79,278,6,24,30,1907,7,SLICE,SLICE
73,254,73,273,0,19,19,1749,7,SLICE,SLICE
73,254,78,278,5,24,29,1959,7,SLICE,SLICE
4,113,73,268,69,155,224,2289,7,RAMB18,SLICE
4,113,78,254,74,141,215,2864,7,RAMB18,SLICE
4,113,79,276,75,163,238,1594,7,RAMB18,SLICE
4,113,75,278,71,165,236,1984,7,RAMB18,SLICE
4,113,77,261,73,148,221,2100,7,RAMB18,SLICE
4,113,75,259,71,146,217,2520,7,RAMB18,SLICE
4,113,76,260,72,147,219,2220,7,RAMB18,SLICE
4,113,78,260,74,147,221,2024,7,RAMB18,SLICE
4,113,83,245,79,132,211,2891,7,RAMB18,SLICE
4,113,74,255,70,142,212,3298,7,RAMB18,SLICE
4,113,80,252,76,139,215,2343,7,RAMB18,SLICE
4,113,78,249,74,136,210,2546,7,RAMB18,SLICE
74,246,81,266,7,20,27,1375,7,SLICE,SLICE
74,246,76,262,2,16,18,1433,7,SLICE,SLICE
74,246,82,258,8,12,20,1242,7,SLICE,SLICE
74,246,82,245,8,1,9,394,7,SLICE,SLICE
90,256,90,256,0,0,0,56,1,SLICE,SLICE
88,256,88,256,0,0,0,59,1,SLICE,SLICE
90,251,90,251,0,0,0,55,1,SLICE,SLICE
86,245,86,245,0,0,0,56,1,SLICE,SLICE
92,270,92,270,0,0,0,58,1,SLICE,SLICE
90,255,90,255,0,0,0,55,1,SLICE,SLICE
90,260,90,260,0,0,0,55,1,SLICE,SLICE
90,258,90,258,0,0,0,55,1,SLICE,SLICE
91,272,91,272,0,0,0,59,1,SLICE,SLICE
92,257,92,257,0,0,0,59,1,SLICE,SLICE
93,257,93,257,0,0,0,59,1,SLICE,SLICE
92,275,92,275,0,0,0,59,1,SLICE,SLICE
78,243,78,243,0,0,0,56,1,SLICE,SLICE
92,263,92,263,0,0,0,58,1,SLICE,SLICE
90,269,90,269,0,0,0,55,1,SLICE,SLICE
93,276,93,276,0,0,0,59,1,SLICE,SLICE
92,264,92,264,0,0,0,58,1,SLICE,SLICE
91,276,91,276,0,0,0,58,1,SLICE,SLICE
90,250,90,250,0,0,0,55,1,SLICE,SLICE
93,254,93,254,0,0,0,58,1,SLICE,SLICE
92,270,92,270,0,0,0,58,1,SLICE,SLICE
90,261,90,261,0,0,0,55,1,SLICE,SLICE
90,245,90,245,0,0,0,56,1,SLICE,SLICE
78,242,78,242,0,0,0,56,1,SLICE,SLICE
90,247,90,247,0,0,0,55,1,SLICE,SLICE
91,257,91,257,0,0,0,59,1,SLICE,SLICE
91,248,91,248,0,0,0,58,1,SLICE,SLICE
90,272,90,272,0,0,0,55,1,SLICE,SLICE
91,264,91,264,0,0,0,58,1,SLICE,SLICE
91,246,91,246,0,0,0,58,1,SLICE,SLICE
88,245,88,245,0,0,0,58,1,SLICE,SLICE
82,241,82,241,0,0,0,56,1,SLICE,SLICE
78,238,78,238,0,0,0,55,1,SLICE,SLICE
78,241,78,241,0,0,0,56,1,SLICE,SLICE
91,268,91,268,0,0,0,59,1,SLICE,SLICE
90,271,90,271,0,0,0,55,1,SLICE,SLICE
84,246,84,246,0,0,0,59,1,SLICE,SLICE
84,250,84,250,0,0,0,59,1,SLICE,SLICE
78,243,78,243,0,0,0,55,1,SLICE,SLICE
80,232,80,232,0,0,0,58,1,SLICE,SLICE
79,243,79,243,0,0,0,58,1,SLICE,SLICE
84,246,84,246,0,0,0,58,1,SLICE,SLICE
80,241,80,241,0,0,0,58,1,SLICE,SLICE
88,253,88,253,0,0,0,59,1,SLICE,SLICE
84,247,84,247,0,0,0,58,1,SLICE,SLICE
86,262,86,262,0,0,0,56,1,SLICE,SLICE
86,262,86,262,0,0,0,55,1,SLICE,SLICE
86,260,86,260,0,0,0,56,1,SLICE,SLICE
86,260,86,260,0,0,0,55,1,SLICE,SLICE
81,242,81,242,0,0,0,59,1,SLICE,SLICE
86,254,86,254,0,0,0,55,1,SLICE,SLICE
84,260,84,260,0,0,0,59,1,SLICE,SLICE
91,273,91,273,0,0,0,59,1,SLICE,SLICE
72,236,72,236,0,0,0,59,1,SLICE,SLICE
80,238,80,238,0,0,0,58,1,SLICE,SLICE
74,236,74,236,0,0,0,55,1,SLICE,SLICE
80,243,80,243,0,0,0,58,1,SLICE,SLICE
86,251,86,251,0,0,0,56,1,SLICE,SLICE
74,235,74,235,0,0,0,55,1,SLICE,SLICE
78,231,78,231,0,0,0,56,1,SLICE,SLICE
80,227,80,227,0,0,0,58,1,SLICE,SLICE
76,235,76,235,0,0,0,59,1,SLICE,SLICE
80,237,80,237,0,0,0,59,1,SLICE,SLICE
80,232,80,232,0,0,0,59,1,SLICE,SLICE
86,263,86,263,0,0,0,55,1,SLICE,SLICE
84,257,84,257,0,0,0,58,1,SLICE,SLICE
80,230,80,230,0,0,0,58,1,SLICE,SLICE
80,233,80,233,0,0,0,58,1,SLICE,SLICE
80,230,80,230,0,0,0,58,1,SLICE,SLICE
76,236,76,236,0,0,0,58,1,SLICE,SLICE
88,263,88,263,0,0,0,58,1,SLICE,SLICE
86,252,86,252,0,0,0,55,1,SLICE,SLICE
86,244,86,244,0,0,0,55,1,SLICE,SLICE
86,256,86,256,0,0,0,55,1,SLICE,SLICE
80,244,80,244,0,0,0,58,1,SLICE,SLICE
80,236,80,236,0,0,0,58,1,SLICE,SLICE
90,274,90,274,0,0,0,56,1,SLICE,SLICE
79,230,79,230,0,0,0,58,1,SLICE,SLICE
82,232,82,232,0,0,0,55,1,SLICE,SLICE
86,251,86,251,0,0,0,55,1,SLICE,SLICE
81,232,81,232,0,0,0,58,1,SLICE,SLICE
81,243,81,243,0,0,0,58,1,SLICE,SLICE
80,230,80,230,0,0,0,58,1,SLICE,SLICE
78,233,78,233,0,0,0,55,1,SLICE,SLICE
82,236,82,236,0,0,0,55,1,SLICE,SLICE
74,243,74,243,0,0,0,55,1,SLICE,SLICE
81,237,81,237,0,0,0,58,1,SLICE,SLICE
80,234,80,234,0,0,0,58,1,SLICE,SLICE
74,241,74,241,0,0,0,55,1,SLICE,SLICE
90,276,90,276,0,0,0,55,1,SLICE,SLICE
78,238,78,238,0,0,0,55,1,SLICE,SLICE
89,258,89,258,0,0,0,58,1,SLICE,SLICE
85,255,85,255,0,0,0,58,1,SLICE,SLICE
88,265,88,265,0,0,0,58,1,SLICE,SLICE
76,241,76,241,0,0,0,58,1,SLICE,SLICE
87,248,87,248,0,0,0,58,1,SLICE,SLICE
86,253,86,253,0,0,0,55,1,SLICE,SLICE
91,275,91,275,0,0,0,58,1,SLICE,SLICE
76,234,76,234,0,0,0,58,1,SLICE,SLICE
84,254,84,254,0,0,0,58,1,SLICE,SLICE
90,257,90,257,0,0,0,55,1,SLICE,SLICE
91,263,91,263,0,0,0,58,1,SLICE,SLICE
91,258,91,258,0,0,0,58,1,SLICE,SLICE
92,255,92,255,0,0,0,58,1,SLICE,SLICE
92,246,92,246,0,0,0,58,1,SLICE,SLICE
90,251,90,251,0,0,0,55,1,SLICE,SLICE
90,254,90,254,0,0,0,56,1,SLICE,SLICE
89,267,81,240,8,27,35,1502,7,SLICE,SLICE
89,267,81,233,8,34,42,2129,7,SLICE,SLICE
89,267,91,277,2,10,12,646,7,SLICE,SLICE
89,267,86,250,3,17,20,871,7,SLICE,SLICE
87,279,72,237,15,42,57,1944,7,SLICE,SLICE
87,279,78,241,9,38,47,1674,7,SLICE,SLICE
87,279,74,236,13,43,56,1820,7,SLICE,SLICE
87,279,75,236,12,43,55,2062,7,SLICE,SLICE
4,133,86,262,82,129,211,3560,7,RAMB18,SLICE
4,133,84,247,80,114,194,4462,7,RAMB18,SLICE
4,133,80,243,76,110,186,4748,7,RAMB18,SLICE
4,133,91,267,87,134,221,3389,7,RAMB18,SLICE
4,133,91,265,87,132,219,3358,7,RAMB18,SLICE
4,133,80,235,76,102,178,4155,7,RAMB18,SLICE
4,133,80,236,76,103,179,4404,7,RAMB18,SLICE
4,133,81,239,77,106,183,4771,7,RAMB18,SLICE
4,133,84,254,80,121,201,3460,7,RAMB18,SLICE
4,133,79,236,75,103,178,4578,7,RAMB18,SLICE
4,133,85,259,81,126,207,3687,7,RAMB18,SLICE
4,133,89,258,85,125,210,3652,7,RAMB18,SLICE
89,268,90,260,1,8,9,875,7,SLICE,SLICE
89,268,90,244,1,24,25,1578,7,SLICE,SLICE
89,268,92,247,3,21,24,1332,7,SLICE,SLICE
89,268,91,278,2,10,12,945,7,SLICE,SLICE
87,274,75,238,12,36,48,2164,7,SLICE,SLICE
87,274,81,236,6,38,44,2135,7,SLICE,SLICE
87,274,75,236,12,38,50,2369,7,SLICE,SLICE
87,274,81,241,6,33,39,1799,7,SLICE,SLICE
4,137,91,275,87,138,225,3239,7,RAMB18,SLICE
4,137,92,249,88,112,200,4377,7,RAMB18,SLICE
4,137,91,246,87,109,196,4544,7,RAMB18,SLICE
4,137,90,249,86,112,198,4392,7,RAMB18,SLICE
4,137,82,234,78,97,175,5236,7,RAMB18,SLICE
4,137,74,242,70,105,175,4380,7,RAMB18,SLICE
4,137,78,236,74,99,173,5169,7,RAMB18,SLICE
4,137,76,241,72,104,176,4520,7,RAMB18,SLICE
4,137,87,248,83,111,194,3161,7,RAMB18,SLICE
4,137,81,234,77,97,174,3478,7,RAMB18,SLICE
4,137,86,247,82,110,192,3171,7,RAMB18,SLICE
4,137,81,231,77,94,171,3770,7,RAMB18,SLICE
88,277,88,259,0,18,18,1464,7,SLICE,SLICE
88,277,92,254,4,23,27,1503,7,SLICE,SLICE
88,277,93,249,5,28,33,1363,7,SLICE,SLICE
88,277,89,255,1,22,23,1730,7,SLICE,SLICE
86,267,83,240,3,27,30,1724,7,SLICE,SLICE
86,267,82,238,4,29,33,1841,7,SLICE,SLICE
86,267,89,245,3,22,25,1414,7,SLICE,SLICE
86,267,89,257,3,10,13,865,7,SLICE,SLICE
4,118,76,235,72,117,189,3702,7,RAMB18,SLICE
4,118,73,237,69,119,188,3487,7,RAMB18,SLICE
4,118,74,236,70,118,188,3508,7,RAMB18,SLICE
4,118,88,264,84,146,230,2270,7,RAMB18,SLICE
4,118,89,262,85,144,229,2489,7,RAMB18,SLICE
4,118,83,262,79,144,223,3304,7,RAMB18,SLICE
4,118,91,276,87,158,245,1812,7,RAMB18,SLICE
4,118,84,244,80,126,206,3380,7,RAMB18,SLICE
4,118,75,237,71,119,190,3510,7,RAMB18,SLICE
4,118,87,246,83,128,211,3317,7,RAMB18,SLICE
4,118,76,236,72,118,190,3656,7,RAMB18,SLICE
4,118,88,264,84,146,230,2221,7,RAMB18,SLICE
4,118,91,270,87,152,239,1917,7,RAMB18,SLICE
4,118,91,257,87,139,226,2557,7,RAMB18,SLICE
4,118,91,245,87,127,214,3415,7,RAMB18,SLICE
4,118,91,246,87,128,215,2995,7,RAMB18,SLICE
84,273,82,231,2,42,44,2015,7,SLICE,SLICE
84,273,81,234,3,39,42,1859,7,SLICE,SLICE
84,273,80,230,4,43,47,1855,7,SLICE,SLICE
84,273,83,231,1,42,43,2145,7,SLICE,SLICE
89,272,82,241,7,31,38,2078,7,SLICE,SLICE
89,272,90,267,1,5,6,427,7,SLICE,SLICE
89,272,83,241,6,31,37,2021,7,SLICE,SLICE
89,272,90,249,1,23,24,1350,7,SLICE,SLICE
88,276,92,274,4,2,6,801,7,SLICE,SLICE
88,276,93,276,5,0,5,367,7,SLICE,SLICE
88,276,93,260,5,16,21,1825,7,SLICE,SLICE
88,276,90,260,2,16,18,1836,7,SLICE,SLICE
4,112,89,262,85,150,235,2181,7,RAMB18,SLICE
4,112,75,243,71,131,202,3353,7,RAMB18,SLICE
4,112,81,243,77,131,208,3336,7,RAMB18,SLICE
4,112,88,264,84,152,236,1533,7,RAMB18,SLICE
4,112,79,241,75,129,204,2727,7,RAMB18,SLICE
4,112,84,246,80,134,214,2744,7,RAMB18,SLICE
4,112,91,267,87,155,242,1699,7,RAMB18,SLICE
4,112,85,261,81,149,230,2030,7,RAMB18,SLICE
4,112,83,232,79,120,199,2993,7,RAMB18,SLICE
4,112,81,236,77,124,201,2666,7,RAMB18,SLICE
4,112,82,235,78,123,201,2958,7,RAMB18,SLICE
4,112,82,238,78,126,204,2628,7,RAMB18,SLICE
86,271,81,231,5,40,45,2311,7,SLICE,SLICE
86,271,73,239,13,32,45,2434,7,SLICE,SLICE
86,271,81,232,5,39,44,1848,7,SLICE,SLICE
86,271,72,238,14,33,47,2375,7,SLICE,SLICE
86,278,73,240,13,38,51,2011,7,SLICE,SLICE
86,278,81,227,5,51,56,2933,7,SLICE,SLICE
86,278,85,257,1,21,22,1146,7,SLICE,SLICE
86,278,74,242,12,36,48,1775,7,SLICE,SLICE
4,129,82,234,78,105,183,4280,7,RAMB18,SLICE
4,129,90,265,86,136,222,2938,7,RAMB18,SLICE
4,129,82,232,78,103,181,4445,7,RAMB18,SLICE
4,129,82,240,78,111,189,4143,7,RAMB18,SLICE
4,129,83,240,79,111,190,4044,7,RAMB18,SLICE
4,129,78,230,74,101,175,4834,7,RAMB18,SLICE
4,129,80,236,76,107,183,4119,7,RAMB18,SLICE
4,129,79,232,75,103,178,4586,7,RAMB18,SLICE
4,129,83,262,79,133,212,3063,7,RAMB18,SLICE
4,129,78,240,74,111,185,4055,7,RAMB18,SLICE
4,129,89,249,85,120,205,3637,7,RAMB18,SLICE
4,129,79,252,75,123,198,3659,7,RAMB18,SLICE
83,262,85,245,2,17,19,916,7,SLICE,SLICE
83,262,91,269,8,7,15,874,7,SLICE,SLICE
83,262,79,242,4,20,24,1578,7,SLICE,SLICE
83,262,82,241,1,21,22,1091,7,SLICE,SLICE
87,280,85,259,2,21,23,1567,7,SLICE,SLICE
87,280,82,233,5,47,52,2611,7,SLICE,SLICE
87,280,91,263,4,17,21,1130,7,SLICE,SLICE
87,280,89,275,2,5,7,956,7,SLICE,SLICE
4,115,72,241,68,126,194,3073,7,RAMB18,SLICE
4,115,74,240,70,125,195,3270,7,RAMB18,SLICE
4,115,82,232,78,117,195,3413,7,RAMB18,SLICE
4,115,78,236,74,121,195,3639,7,RAMB18,SLICE
4,115,76,238,72,123,195,3229,7,RAMB18,SLICE
4,115,83,232,79,117,196,3544,7,RAMB18,SLICE
4,115,82,239,78,124,202,2903,7,RAMB18,SLICE
4,115,81,231,77,116,193,3646,7,RAMB18,SLICE
4,115,88,249,84,134,218,3180,7,RAMB18,SLICE
4,115,86,257,82,142,224,2328,7,RAMB18,SLICE
4,115,88,253,84,138,222,3093,7,RAMB18,SLICE
4,115,86,249,82,134,216,3175,7,RAMB18,SLICE
4,115,92,274,88,159,247,1474,7,RAMB18,SLICE
4,115,92,264,88,149,237,1818,7,RAMB18,SLICE
4,115,90,272,86,157,243,1797,7,RAMB18,SLICE
4,115,93,260,89,145,234,1981,7,RAMB18,SLICE
79,265,79,234,0,31,31,1827,7,SLICE,SLICE
79,265,86,248,7,17,24,998,7,SLICE,SLICE
79,265,81,233,2,32,34,1290,7,SLICE,SLICE
79,265,72,236,7,29,36,2080,7,SLICE,SLICE
89,276,72,241,17,35,52,2216,7,SLICE,SLICE
89,276,88,250,1,26,27,1495,7,SLICE,SLICE
89,276,74,240,15,36,51,2356,7,SLICE,SLICE
89,276,75,240,14,36,50,2255,7,SLICE,SLICE
5,128,89,260,84,132,216,2993,7,RAMB18,SLICE
5,128,90,254,85,126,211,3392,7,RAMB18,SLICE
5,128,90,245,85,117,202,3741,7,RAMB18,SLICE
5,128,87,250,82,122,204,3699,7,RAMB18,SLICE
5,128,92,264,87,136,223,2850,7,RAMB18,SLICE
5,128,93,264,88,136,224,2595,7,RAMB18,SLICE
5,128,91,252,86,124,210,3156,7,RAMB18,SLICE
5,128,91,259,86,131,217,3358,7,RAMB18,SLICE
5,128,90,250,85,122,207,3691,7,RAMB18,SLICE
5,128,90,267,85,139,224,2873,7,RAMB18,SLICE
5,128,86,246,81,118,199,3679,7,RAMB18,SLICE
5,128,91,273,86,145,231,2649,7,RAMB18,SLICE
5,134,84,258,79,124,203,3970,7,RAMB18,SLICE
5,134,80,232,75,98,173,5433,7,RAMB18,SLICE
5,134,75,238,70,104,174,4983,7,RAMB18,SLICE
5,134,88,266,83,132,215,3576,7,RAMB18,SLICE
5,134,91,251,86,117,203,3588,6,RAMB18,SLICE
5,134,90,248,85,114,199,4391,6,RAMB18,SLICE
5,134,91,278,86,144,230,2618,6,RAMB18,SLICE
5,134,87,250,82,116,198,3725,6,RAMB18,SLICE
5,134,77,233,72,99,171,4987,7,RAMB18,SLICE
5,134,86,255,81,121,202,3426,7,RAMB18,SLICE
5,134,87,259,82,125,207,3200,7,RAMB18,SLICE
5,134,77,241,72,107,179,4188,7,RAMB18,SLICE
88,280,92,264,4,16,20,1436,7,SLICE,SLICE
88,280,89,251,1,29,30,1511,7,SLICE,SLICE
88,280,78,241,10,39,49,2380,7,SLICE,SLICE
88,280,83,240,5,40,45,2449,7,SLICE,SLICE
88,267,88,262,0,5,5,934,7,SLICE,SLICE
88,267,90,270,2,3,5,775,7,SLICE,SLICE
88,267,90,260,2,7,9,1258,7,SLICE,SLICE
88,267,78,239,10,28,38,1566,7,SLICE,SLICE
5,121,91,278,86,157,243,2238,7,RAMB18,SLICE
5,121,90,245,85,124,209,3990,7,RAMB18,SLICE
5,121,91,253,86,132,218,3312,7,RAMB18,SLICE
5,121,92,270,87,149,236,2666,7,RAMB18,SLICE
5,121,90,267,85,146,231,2467,7,RAMB18,SLICE
5,121,92,272,87,151,238,2026,7,RAMB18,SLICE
5,121,84,249,79,128,207,3080,7,RAMB18,SLICE
5,121,90,245,85,124,209,3575,7,RAMB18,SLICE
5,121,91,258,86,137,223,2811,7,RAMB18,SLICE
5,121,90,249,85,128,213,3187,7,RAMB18,SLICE
5,121,92,265,87,144,231,2362,7,RAMB18,SLICE
5,121,90,266,85,145,230,2495,7,RAMB18,SLICE
5,121,90,263,85,142,227,2426,7,RAMB18,SLICE
5,121,74,240,69,119,188,4668,7,RAMB18,SLICE
5,121,85,259,80,138,218,3096,7,RAMB18,SLICE
5,121,82,233,77,112,189,4174,7,RAMB18,SLICE
87,270,93,272,6,2,8,705,7,SLICE,SLICE
87,270,92,259,5,11,16,993,7,SLICE,SLICE
87,270,93,279,6,9,15,899,7,SLICE,SLICE
87,270,93,255,6,15,21,1188,7,SLICE,SLICE
85,278,90,254,5,24,29,1869,7,SLICE,SLICE
85,278,82,242,3,36,39,2178,7,SLICE,SLICE
85,278,89,259,4,19,23,1003,7,SLICE,SLICE
85,278,88,244,3,34,37,1968,7,SLICE,SLICE
4,126,92,259,88,133,221,2896,7,RAMB18,SLICE
4,126,91,247,87,121,208,3501,7,RAMB18,SLICE
4,126,91,256,87,130,217,3132,7,RAMB18,SLICE
4,126,90,246,86,120,206,3896,7,RAMB18,SLICE
4,126,91,274,87,148,235,2649,7,RAMB18,SLICE
4,126,91,259,87,133,220,2781,7,RAMB18,SLICE
4,126,92,260,88,134,222,2936,7,RAMB18,SLICE
4,126,91,275,87,149,236,2548,7,RAMB18,SLICE
4,126,87,254,83,128,211,3671,7,RAMB18,SLICE
4,126,85,261,81,135,216,3291,7,RAMB18,SLICE
4,126,89,256,85,130,215,3525,7,RAMB18,SLICE
4,126,84,254,80,128,208,3721,7,RAMB18,SLICE
85,276,93,254,8,22,30,1211,7,SLICE,SLICE
85,276,91,245,6,31,37,1668,7,SLICE,SLICE
85,276,91,260,6,16,22,722,7,SLICE,SLICE
85,276,91,250,6,26,32,1468,7,SLICE,SLICE
86,275,90,273,4,2,6,459,7,SLICE,SLICE
86,275,91,246,5,29,34,2051,7,SLICE,SLICE
86,275,89,255,3,20,23,1296,7,SLICE,SLICE
86,275,90,247,4,28,32,1990,7,SLICE,SLICE
4,109,91,251,87,142,229,2078,7,RAMB18,SLICE
4,109,80,242,76,133,209,2274,7,RAMB18,SLICE
4,109,89,246,85,137,222,2430,7,RAMB18,SLICE
4,109,90,266,86,157,243,1733,7,RAMB18,SLICE
4,109,93,271,89,162,251,1499,7,RAMB18,SLICE
4,109,91,266,87,157,244,1634,7,RAMB18,SLICE
4,109,91,248,87,139,226,2328,7,RAMB18,SLICE
4,109,90,247,86,138,224,2341,7,RAMB18,SLICE
4,109,88,251,84,142,226,2219,7,RAMB18,SLICE
4,109,78,235,74,126,200,3335,7,RAMB18,SLICE
4,109,72,240,68,131,199,2591,7,RAMB18,SLICE
4,109,74,239,70,130,200,3240,7,RAMB18,SLICE
86,267,83,240,3,27,30,1739,7,SLICE,SLICE
86,267,86,244,0,23,23,1458,7,SLICE,SLICE
86,267,86,246,0,21,21,1327,7,SLICE,SLICE
86,267,91,262,5,5,10,1284,7,SLICE,SLICE
88,276,91,261,3,15,18,1282,7,SLICE,SLICE
88,276,91,253,3,23,26,1481,7,SLICE,SLICE
88,276,93,269,5,7,12,941,7,SLICE,SLICE
88,276,92,269,4,7,11,738,7,SLICE,SLICE
88,272,82,236,6,36,42,1771,7,SLICE,SLICE
88,272,74,241,14,31,45,1748,7,SLICE,SLICE
88,272,86,258,2,14,16,702,7,SLICE,SLICE
88,272,74,240,14,32,46,1741,7,SLICE,SLICE
4,134,78,234,74,100,174,4176,7,RAMB18,SLICE
4,134,72,238,68,104,172,4151,7,RAMB18,SLICE
4,134,86,250,82,116,198,3328,7,RAMB18,SLICE
4,134,72,243,68,109,177,4693,7,RAMB18,SLICE
4,134,91,246,87,112,199,4077,7,RAMB18,SLICE
4,134,84,247,80,113,193,3985,7,RAMB18,SLICE
4,134,88,262,84,128,212,3816,7,RAMB18,SLICE
4,134,88,246,84,112,196,3839,7,RAMB18,SLICE
4,134,93,254,89,120,209,3920,7,RAMB18,SLICE
4,134,92,250,88,116,204,4202,7,RAMB18,SLICE
4,134,92,265,88,131,219,3300,7,RAMB18,SLICE
4,134,90,250,86,116,202,4531,7,RAMB18,SLICE
4,134,73,241,69,107,176,4064,7,RAMB18,SLICE
4,134,84,252,80,118,198,3151,7,RAMB18,SLICE
4,134,86,250,82,116,198,3751,7,RAMB18,SLICE
4,134,74,242,70,108,178,3828,7,RAMB18,SLICE
85,277,82,236,3,41,44,1601,7,SLICE,SLICE
85,277,91,276,6,1,7,682,7,SLICE,SLICE
85,277,74,241,11,36,47,2360,7,SLICE,SLICE
85,277,76,241,9,36,45,1991,7,SLICE,SLICE
84,281,76,241,8,40,48,2435,7,SLICE,SLICE
84,281,86,253,2,28,30,1745,7,SLICE,SLICE
84,281,90,261,6,20,26,1086,7,SLICE,SLICE
84,281,86,255,2,26,28,1422,7,SLICE,SLICE
4,116,93,247,89,131,220,3182,7,RAMB18,SLICE
4,116,90,273,86,157,243,2061,7,RAMB18,SLICE
4,116,91,258,87,142,229,2762,7,RAMB18,SLICE
4,116,93,266,89,150,239,2329,7,RAMB18,SLICE
4,116,90,254,86,138,224,2456,6,RAMB18,SLICE
4,116,90,252,86,136,222,2568,6,RAMB18,SLICE
4,116,91,259,87,143,230,2250,6,RAMB18,SLICE
4,116,91,276,87,160,247,1554,6,RAMB18,SLICE
4,116,81,243,77,127,204,2332,7,RAMB18,SLICE
4,116,86,251,82,135,217,2521,7,RAMB18,SLICE
4,116,80,235,76,119,195,3014,7,RAMB18,SLICE
4,116,81,237,77,121,198,2933,7,RAMB18,SLICE
87,277,91,270,4,7,11,526,7,SLICE,SLICE
87,277,93,258,6,19,25,1129,7,SLICE,SLICE
87,277,93,257,6,20,26,1343,7,SLICE,SLICE
87,277,90,255,3,22,25,1029,7,SLICE,SLICE
85,276,93,271,8,5,13,552,6,SLICE,SLICE
85,276,93,271,8,5,13,556,6,SLICE,SLICE
85,276,92,256,7,20,27,1445,6,SLICE,SLICE
85,276,90,251,5,25,30,1819,6,SLICE,SLICE
4,138,89,248,85,110,195,3986,7,RAMB18,SLICE
4,138,90,279,86,141,227,2857,7,RAMB18,SLICE
4,138,91,253,87,115,202,3381,7,RAMB18,SLICE
4,138,91,250,87,112,199,3916,7,RAMB18,SLICE
4,138,84,251,80,113,193,3459,7,RAMB18,SLICE
4,138,91,270,87,132,219,2994,7,RAMB18,SLICE
4,138,88,247,84,109,193,4150,7,RAMB18,SLICE
4,138,85,248,81,110,191,3830,7,RAMB18,SLICE
4,138,91,251,87,113,200,3991,7,RAMB18,SLICE
4,138,89,254,85,116,201,4485,7,RAMB18,SLICE
4,138,91,257,87,119,206,3637,7,RAMB18,SLICE
4,138,91,278,87,140,227,3102,7,RAMB18,SLICE
86,276,91,274,5,2,7,545,7,SLICE,SLICE
86,276,84,260,2,16,18,1501,7,SLICE,SLICE
86,276,89,263,3,13,16,869,7,SLICE,SLICE
86,276,79,242,7,34,41,2255,7,SLICE,SLICE
88,278,92,258,4,20,24,1144,7,SLICE,SLICE
88,278,92,279,4,1,5,367,7,SLICE,SLICE
88,278,88,261,0,17,17,1627,7,SLICE,SLICE
88,278,93,264,5,14,19,924,7,SLICE,SLICE
88,268,87,255,1,13,14,998,7,SLICE,SLICE
88,268,86,251,2,17,19,1634,7,SLICE,SLICE
88,268,89,245,1,23,24,1385,7,SLICE,SLICE
88,268,82,239,6,29,35,1607,7,SLICE,SLICE
5,104,93,255,88,151,239,1799,7,RAMB18,SLICE
5,104,88,250,83,146,229,2069,7,RAMB18,SLICE
5,104,91,265,86,161,247,2505,7,RAMB18,SLICE
5,104,74,240,69,136,205,2484,7,RAMB18,SLICE
5,104,82,230,77,126,203,3183,7,RAMB18,SLICE
5,104,82,238,77,134,211,3103,7,RAMB18,SLICE
5,104,83,235,78,131,209,3187,7,RAMB18,SLICE
5,104,80,240,75,136,211,2748,7,RAMB18,SLICE
5,104,86,260,81,156,237,1674,7,RAMB18,SLICE
5,104,81,227,76,123,199,3102,7,RAMB18,SLICE
5,104,79,231,74,127,201,3279,7,RAMB18,SLICE
5,104,80,240,75,136,211,2609,7,RAMB18,SLICE
5,104,79,235,74,131,205,2688,7,RAMB18,SLICE
5,104,77,239,72,135,207,2539,7,RAMB18,SLICE
5,104,77,240,72,136,208,2489,7,RAMB18,SLICE
5,104,76,240,71,136,207,2607,7,RAMB18,SLICE
89,270,93,276,4,6,10,769,7,SLICE,SLICE
89,270,91,260,2,10,12,951,7,SLICE,SLICE
89,270,91,254,2,16,18,1149,7,SLICE,SLICE
89,270,90,266,1,4,5,572,7,SLICE,SLICE
89,271,83,237,6,34,40,1849,7,SLICE,SLICE
89,271,85,254,4,17,21,1478,7,SLICE,SLICE
89,271,74,242,15,29,44,2568,7,SLICE,SLICE
89,271,75,237,14,34,48,2528,7,SLICE,SLICE
5,139,90,261,85,122,207,3961,7,RAMB18,SLICE
5,139,89,257,84,118,202,4024,7,RAMB18,SLICE
5,139,92,254,87,115,202,4749,7,RAMB18,SLICE
5,139,90,277,85,138,223,3323,7,RAMB18,SLICE
5,139,87,248,82,109,191,3603,7,RAMB18,SLICE
5,139,80,228,75,89,164,4762,7,RAMB18,SLICE
5,139,87,246,82,107,189,3980,7,RAMB18,SLICE
5,139,84,257,79,118,197,3273,7,RAMB18,SLICE
5,139,91,260,86,121,207,4071,7,RAMB18,SLICE
5,139,91,260,86,121,207,4069,7,RAMB18,SLICE
5,139,89,255,84,116,200,4543,7,RAMB18,SLICE
5,139,92,257,87,118,205,4068,7,RAMB18,SLICE
86,268,82,236,4,32,36,2323,7,SLICE,SLICE
86,268,87,251,1,17,18,1285,7,SLICE,SLICE
86,268,86,248,0,20,20,1886,7,SLICE,SLICE
86,268,88,251,2,17,19,1237,7,SLICE,SLICE
88,269,80,236,8,33,41,2020,7,SLICE,SLICE
88,269,80,229,8,40,48,2299,7,SLICE,SLICE
88,269,87,251,1,18,19,1216,7,SLICE,SLICE
88,269,83,232,5,37,42,2052,7,SLICE,SLICE
4,124,78,237,74,113,187,3247,7,RAMB18,SLICE
4,124,76,243,72,119,191,3291,7,RAMB18,SLICE
4,124,81,237,77,113,190,3454,7,RAMB18,SLICE
4,124,89,251,85,127,212,3205,7,RAMB18,SLICE
4,124,91,248,87,124,211,3319,7,RAMB18,SLICE
4,124,91,248,87,124,211,3179,7,RAMB18,SLICE
4,124,91,268,87,144,231,2776,7,RAMB18,SLICE
4,124,80,242,76,118,194,3820,7,RAMB18,SLICE
4,124,78,243,74,119,193,3652,7,RAMB18,SLICE
4,124,84,259,80,135,215,2817,7,RAMB18,SLICE
4,124,86,252,82,128,210,3471,7,RAMB18,SLICE
4,124,78,238,74,114,188,3700,7,RAMB18,SLICE
86,280,92,280,6,0,6,428,7,SLICE,SLICE
86,280,92,270,6,10,16,1019,7,SLICE,SLICE
86,280,92,271,6,9,15,771,7,SLICE,SLICE
86,280,92,270,6,10,16,1023,7,SLICE,SLICE
88,275,90,248,2,27,29,1892,7,SLICE,SLICE
88,275,88,258,0,17,17,1178,7,SLICE,SLICE
88,275,91,246,3,29,32,1512,7,SLICE,SLICE
88,275,92,273,4,2,6,698,7,SLICE,SLICE
5,138,87,250,82,112,194,3786,7,RAMB18,SLICE
5,138,75,243,70,105,175,4435,7,RAMB18,SLICE
5,138,72,243,67,105,172,4141,7,RAMB18,SLICE
5,138,85,255,80,117,197,3636,7,RAMB18,SLICE
5,138,74,235,69,97,166,5501,7,RAMB18,SLICE
5,138,87,248,82,110,192,4509,7,RAMB18,SLICE
5,138,80,233,75,95,170,5081,7,RAMB18,SLICE
5,138,80,231,75,93,168,5009,7,RAMB18,SLICE
5,138,81,234,76,96,172,5073,7,RAMB18,SLICE
5,138,77,238,72,100,172,5270,7,RAMB18,SLICE
5,138,87,257,82,119,201,4122,7,RAMB18,SLICE
5,138,88,251,83,113,196,4144,7,RAMB18,SLICE
5,138,90,245,85,107,192,3680,7,RAMB18,SLICE
5,138,85,252,80,114,194,3449,7,RAMB18,SLICE
5,138,92,247,87,109,196,3542,7,RAMB18,SLICE
5,138,92,260,87,122,209,3076,7,RAMB18,SLICE
5,111,91,246,86,135,221,3307,7,RAMB18,SLICE
5,111,90,264,85,153,238,2147,7,RAMB18,SLICE
5,111,92,255,87,144,231,2388,7,RAMB18,SLICE
5,111,90,272,85,161,246,1938,7,RAMB18,SLICE
5,111,75,240,70,129,199,3092,7,RAMB18,SLICE
5,111,73,241,68,130,198,2771,7,RAMB18,SLICE
5,111,85,255,80,144,224,2246,7,RAMB18,SLICE
5,111,81,235,76,124,200,3512,7,RAMB18,SLICE
5,111,84,259,79,148,227,2210,7,RAMB18,SLICE
5,111,87,252,82,141,223,2750,7,RAMB18,SLICE
5,111,82,243,77,132,209,3302,7,RAMB18,SLICE
5,111,84,252,79,141,220,2736,7,RAMB18,SLICE
86,273,85,261,1,12,13,720,7,SLICE,SLICE
86,273,78,234,8,39,47,1766,7,SLICE,SLICE
86,273,89,275,3,2,5,661,7,SLICE,SLICE
86,273,84,257,2,16,18,1050,7,SLICE,SLICE
89,280,91,274,2,6,8,891,7,SLICE,SLICE
89,280,91,253,2,27,29,1822,7,SLICE,SLICE
89,280,90,274,1,6,7,514,7,SLICE,SLICE
89,280,90,248,1,32,33,1799,7,SLICE,SLICE
5,133,90,276,85,143,228,2853,7,RAMB18,SLICE
5,133,93,264,88,131,219,3342,7,RAMB18,SLICE
5,133,93,260,88,127,215,3863,7,RAMB18,SLICE
5,133,92,274,87,141,228,2914,7,RAMB18,SLICE
5,133,93,272,88,139,227,3608,7,RAMB18,SLICE
5,133,93,271,88,138,226,3242,7,RAMB18,SLICE
5,133,92,271,87,138,225,3249,7,RAMB18,SLICE
5,133,90,274,85,141,226,3091,7,RAMB18,SLICE
5,133,87,244,82,111,193,3900,7,RAMB18,SLICE
5,133,85,261,80,128,208,3166,7,RAMB18,SLICE
5,133,82,242,77,109,186,4369,7,RAMB18,SLICE
5,133,86,259,81,126,207,3374,7,RAMB18,SLICE
80,280,91,266,11,14,25,1146,7,SLICE,SLICE
80,280,80,226,0,54,54,2595,7,SLICE,SLICE
80,280,80,240,0,40,40,2037,7,SLICE,SLICE
80,280,88,264,8,16,24,965,7,SLICE,SLICE
86,230,86,230,0,0,0,56,1,SLICE,SLICE
88,232,88,232,0,0,0,59,1,SLICE,SLICE
78,218,78,218,0,0,0,55,1,SLICE,SLICE
76,223,76,223,0,0,0,58,1,SLICE,SLICE
74,223,74,223,0,0,0,56,1,SLICE,SLICE
76,208,76,208,0,0,0,58,1,SLICE,SLICE
76,219,76,219,0,0,0,58,1,SLICE,SLICE
90,228,90,228,0,0,0,55,1,SLICE,SLICE
92,228,92,228,0,0,0,58,1,SLICE,SLICE
90,232,90,232,0,0,0,56,1,SLICE,SLICE
92,238,92,238,0,0,0,58,1,SLICE,SLICE
92,236,92,236,0,0,0,58,1,SLICE,SLICE
90,235,90,235,0,0,0,55,1,SLICE,SLICE
90,236,90,236,0,0,0,55,1,SLICE,SLICE
84,232,84,232,0,0,0,58,1,SLICE,SLICE
90,235,90,235,0,0,0,55,1,SLICE,SLICE
90,230,90,230,0,0,0,55,1,SLICE,SLICE
91,233,91,233,0,0,0,58,1,SLICE,SLICE
91,232,91,232,0,0,0,59,1,SLICE,SLICE
86,240,86,240,0,0,0,56,1,SLICE,SLICE
88,243,88,243,0,0,0,59,1,SLICE,SLICE
86,243,86,243,0,0,0,55,1,SLICE,SLICE
87,240,87,240,0,0,0,58,1,SLICE,SLICE
88,239,88,239,0,0,0,58,1,SLICE,SLICE
91,235,91,235,0,0,0,58,1,SLICE,SLICE
84,225,84,225,0,0,0,58,1,SLICE,SLICE
90,242,90,242,0,0,0,55,1,SLICE,SLICE
88,240,88,240,0,0,0,58,1,SLICE,SLICE
88,242,88,242,0,0,0,58,1,SLICE,SLICE
88,237,88,237,0,0,0,59,1,SLICE,SLICE
86,241,86,241,0,0,0,55,1,SLICE,SLICE
74,222,74,222,0,0,0,56,1,SLICE,SLICE
83,229,83,229,0,0,0,58,1,SLICE,SLICE
80,225,80,225,0,0,0,58,1,SLICE,SLICE
86,221,86,221,0,0,0,55,1,SLICE,SLICE
84,233,84,233,0,0,0,58,1,SLICE,SLICE
82,227,82,227,0,0,0,55,1,SLICE,SLICE
84,240,84,240,0,0,0,58,1,SLICE,SLICE
82,228,82,228,0,0,0,56,1,SLICE,SLICE
85,240,85,240,0,0,0,58,1,SLICE,SLICE
81,228,81,228,0,0,0,58,1,SLICE,SLICE
81,229,81,229,0,0,0,58,1,SLICE,SLICE
74,213,74,213,0,0,0,55,1,SLICE,SLICE
72,215,72,215,0,0,0,58,1,SLICE,SLICE
81,222,81,222,0,0,0,58,1,SLICE,SLICE
74,217,74,217,0,0,0,55,1,SLICE,SLICE
74,209,74,209,0,0,0,56,1,SLICE,SLICE
84,240,84,240,0,0,0,59,1,SLICE,SLICE
72,211,72,211,0,0,0,58,1,SLICE,SLICE
74,215,74,215,0,0,0,56,1,SLICE,SLICE
72,218,72,218,0,0,0,58,1,SLICE,SLICE
73,216,73,216,0,0,0,58,1,SLICE,SLICE
74,216,74,216,0,0,0,55,1,SLICE,SLICE
75,213,75,213,0,0,0,58,1,SLICE,SLICE
80,223,80,223,0,0,0,58,1,SLICE,SLICE
80,225,80,225,0,0,0,58,1,SLICE,SLICE
80,225,80,225,0,0,0,59,1,SLICE,SLICE
78,216,78,216,0,0,0,56,1,SLICE,SLICE
86,236,86,236,0,0,0,55,1,SLICE,SLICE
84,226,84,226,0,0,0,58,1,SLICE,SLICE
82,225,82,225,0,0,0,55,1,SLICE,SLICE
80,218,80,218,0,0,0,58,1,SLICE,SLICE
84,228,84,228,0,0,0,58,1,SLICE,SLICE
80,224,80,224,0,0,0,58,1,SLICE,SLICE
75,213,75,213,0,0,0,58,1,SLICE,SLICE
85,226,85,226,0,0,0,58,1,SLICE,SLICE
84,217,84,217,0,0,0,58,1,SLICE,SLICE
84,236,84,236,0,0,0,58,1,SLICE,SLICE
84,218,84,218,0,0,0,59,1,SLICE,SLICE
78,214,78,214,0,0,0,55,1,SLICE,SLICE
76,208,76,208,0,0,0,59,1,SLICE,SLICE
78,216,78,216,0,0,0,55,1,SLICE,SLICE
78,214,78,214,0,0,0,55,1,SLICE,SLICE
84,219,84,219,0,0,0,58,1,SLICE,SLICE
78,215,78,215,0,0,0,56,1,SLICE,SLICE
78,215,78,215,0,0,0,55,1,SLICE,SLICE
76,211,76,211,0,0,0,58,1,SLICE,SLICE
88,225,88,225,0,0,0,59,1,SLICE,SLICE
78,220,78,220,0,0,0,55,1,SLICE,SLICE
88,216,88,216,0,0,0,58,1,SLICE,SLICE
84,219,84,219,0,0,0,58,1,SLICE,SLICE
88,220,88,220,0,0,0,59,1,SLICE,SLICE
86,226,86,226,0,0,0,56,1,SLICE,SLICE
88,229,88,229,0,0,0,59,1,SLICE,SLICE
86,227,86,227,0,0,0,55,1,SLICE,SLICE
88,220,88,220,0,0,0,58,1,SLICE,SLICE
88,216,88,216,0,0,0,58,1,SLICE,SLICE
86,229,86,229,0,0,0,55,1,SLICE,SLICE
89,216,89,216,0,0,0,58,1,SLICE,SLICE
86,234,86,234,0,0,0,55,1,SLICE,SLICE
87,231,87,231,0,0,0,58,1,SLICE,SLICE
86,233,86,233,0,0,0,55,1,SLICE,SLICE
78,221,78,221,0,0,0,55,1,SLICE,SLICE
86,222,86,222,0,0,0,55,1,SLICE,SLICE
86,235,86,235,0,0,0,55,1,SLICE,SLICE
86,231,86,231,0,0,0,55,1,SLICE,SLICE
85,230,85,230,0,0,0,58,1,SLICE,SLICE
88,224,88,224,0,0,0,58,1,SLICE,SLICE
78,221,78,221,0,0,0,55,1,SLICE,SLICE
87,237,87,237,0,0,0,58,1,SLICE,SLICE
82,223,82,223,0,0,0,56,1,SLICE,SLICE
88,232,88,232,0,0,0,58,1,SLICE,SLICE
77,219,77,219,0,0,0,59,1,SLICE,SLICE
85,235,85,235,0,0,0,58,1,SLICE,SLICE
83,221,83,221,0,0,0,59,1,SLICE,SLICE
76,207,76,207,0,0,0,59,1,SLICE,SLICE
76,220,76,220,0,0,0,59,1,SLICE,SLICE
78,226,92,239,14,13,27,1327,7,SLICE,SLICE
78,226,86,239,8,13,21,1156,7,SLICE,SLICE
78,226,86,240,8,14,22,1099,7,SLICE,SLICE
78,226,86,239,8,13,21,1265,7,SLICE,SLICE
72,226,73,216,1,10,11,667,7,SLICE,SLICE
72,226,73,216,1,10,11,779,7,SLICE,SLICE
72,226,76,225,4,1,5,376,7,SLICE,SLICE
72,226,79,214,7,12,19,996,7,SLICE,SLICE
4,92,80,224,76,132,208,1459,7,RAMB18,SLICE
4,92,72,212,68,120,188,2111,7,RAMB18,SLICE
4,92,72,211,68,119,187,2145,7,RAMB18,SLICE
4,92,74,211,70,119,189,2339,7,RAMB18,SLICE
4,92,76,211,72,119,191,2743,7,RAMB18,SLICE
4,92,80,214,76,122,198,2611,7,RAMB18,SLICE
4,92,86,227,82,135,217,1589,7,RAMB18,SLICE
4,92,86,218,82,126,208,2328,7,RAMB18,SLICE
4,92,86,224,82,132,214,1916,7,RAMB18,SLICE
4,92,86,229,82,137,219,1510,7,RAMB18,SLICE
4,92,87,232,83,140,223,1283,7,RAMB18,SLICE
4,92,89,237,85,145,230,1755,7,RAMB18,SLICE
92,255,88,230,4,25,29,1283,7,SLICE,SLICE
92,255,86,226,6,29,35,1720,7,SLICE,SLICE
92,255,91,220,1,35,36,1894,7,SLICE,SLICE
92,255,84,217,8,38,46,2051,7,SLICE,SLICE
92,245,90,226,2,19,21,1618,7,SLICE,SLICE
92,245,92,231,0,14,14,707,7,SLICE,SLICE
92,245,91,231,1,14,15,1149,7,SLICE,SLICE
92,245,93,232,1,13,14,1142,7,SLICE,SLICE
5,88,87,229,82,141,223,2556,7,RAMB18,SLICE
5,88,89,231,84,143,227,2724,7,RAMB18,SLICE
5,88,86,219,81,131,212,1986,7,RAMB18,SLICE
5,88,79,216,74,128,202,2326,7,RAMB18,SLICE
5,88,88,241,83,153,236,2238,7,RAMB18,SLICE
5,88,72,211,67,123,190,3127,7,RAMB18,SLICE
5,88,74,213,69,125,194,3498,7,RAMB18,SLICE
5,88,73,221,68,133,201,2890,7,RAMB18,SLICE
5,88,81,221,76,133,209,2217,7,RAMB18,SLICE
5,88,74,214,69,126,195,2610,7,RAMB18,SLICE
5,88,85,216,80,128,208,1813,7,RAMB18,SLICE
5,88,87,228,82,140,222,2724,7,RAMB18,SLICE
5,88,87,222,82,134,216,1715,7,RAMB18,SLICE
5,88,86,217,81,129,210,2218,7,RAMB18,SLICE
5,88,75,220,70,132,202,2131,7,RAMB18,SLICE
5,88,79,219,74,131,205,2281,7,RAMB18,SLICE
73,232,87,225,14,7,21,1021,7,SLICE,SLICE
73,232,86,231,13,1,14,602,7,SLICE,SLICE
73,232,75,220,2,12,14,1455,7,SLICE,SLICE
73,232,88,226,15,6,21,703,7,SLICE,SLICE
76,227,80,224,4,3,7,847,7,SLICE,SLICE
76,227,82,227,6,0,6,700,7,SLICE,SLICE
76,227,76,225,0,2,2,1039,7,SLICE,SLICE
76,227,91,236,15,9,24,1123,7,SLICE,SLICE
4,83,80,215,76,132,208,2281,7,RAMB18,SLICE
4,83,82,219,78,136,214,1659,7,RAMB18,SLICE
4,83,85,227,81,144,225,2219,7,RAMB18,SLICE
4,83,85,227,81,144,225,2363,7,RAMB18,SLICE
4,83,72,210,68,127,195,2021,7,RAMB18,SLICE
4,83,74,213,70,130,200,1751,7,RAMB18,SLICE
4,83,75,210,71,127,198,2232,7,RAMB18,SLICE
4,83,80,221,76,138,214,2423,7,RAMB18,SLICE
4,83,73,225,69,142,211,2373,7,RAMB18,SLICE
4,83,75,225,71,142,213,1939,7,RAMB18,SLICE
4,83,81,227,77,144,221,1996,7,RAMB18,SLICE
4,83,92,242,88,159,247,2748,7,RAMB18,SLICE
72,224,77,218,5,6,11,717,7,SLICE,SLICE
72,224,87,227,15,3,18,1140,7,SLICE,SLICE
72,224,89,223,17,1,18,1210,7,SLICE,SLICE
72,224,84,227,12,3,15,831,7,SLICE,SLICE
76,229,74,220,2,9,11,1074,7,SLICE,SLICE
76,229,84,239,8,10,18,1735,7,SLICE,SLICE
76,229,74,224,2,5,7,442,7,SLICE,SLICE
76,229,84,241,8,12,20,1714,7,SLICE,SLICE
76,230,72,215,4,15,19,1130,7,SLICE,SLICE
76,230,75,215,1,15,16,1059,7,SLICE,SLICE
76,230,72,212,4,18,22,1166,7,SLICE,SLICE
76,230,89,217,13,13,26,1586,7,SLICE,SLICE
4,86,84,216,80,130,210,1609,7,RAMB18,SLICE
4,86,76,212,72,126,198,1783,7,RAMB18,SLICE
4,86,85,227,81,141,222,2930,7,RAMB18,SLICE
4,86,75,215,71,129,200,2092,7,RAMB18,SLICE
4,86,78,219,74,133,207,1648,7,RAMB18,SLICE
4,86,84,220,80,134,214,1487,7,RAMB18,SLICE
4,86,89,237,85,151,236,2185,7,RAMB18,SLICE
4,86,79,224,75,138,213,2013,7,RAMB18,SLICE
4,86,76,207,72,121,193,2145,7,RAMB18,SLICE
4,86,86,228,82,142,224,2340,7,RAMB18,SLICE
4,86,88,226,84,140,224,1991,7,RAMB18,SLICE
4,86,89,216,85,130,215,1571,7,RAMB18,SLICE
73,223,88,222,15,1,16,1272,7,SLICE,SLICE
73,223,78,218,5,5,10,756,7,SLICE,SLICE
73,223,89,222,16,1,17,1120,7,SLICE,SLICE
73,223,91,220,18,3,21,994,7,SLICE,SLICE
74,229,73,211,1,18,19,1537,7,SLICE,SLICE
74,229,82,218,8,11,19,1231,7,SLICE,SLICE
74,229,87,232,13,3,16,1158,7,SLICE,SLICE
74,229,81,220,7,9,16,1133,7,SLICE,SLICE
4,88,77,214,73,126,199,2410,7,RAMB18,SLICE
4,88,75,217,71,129,200,2139,7,RAMB18,SLICE
4,88,88,232,84,144,228,1553,7,RAMB18,SLICE
4,88,76,214,72,126,198,2292,7,RAMB18,SLICE
4,88,76,220,72,132,204,2030,6,RAMB18,SLICE
4,88,75,218,71,130,201,2250,6,RAMB18,SLICE
4,88,77,221,73,133,206,2124,6,RAMB18,SLICE
4,88,85,226,81,138,219,1860,6,RAMB18,SLICE
4,88,80,217,76,129,205,1833,7,RAMB18,SLICE
4,88,86,218,82,130,212,1590,7,RAMB18,SLICE
4,88,76,218,72,130,202,1839,7,RAMB18,SLICE
4,88,86,228,82,140,222,1875,7,RAMB18,SLICE
4,88,85,237,81,149,230,2379,7,RAMB18,SLICE
4,88,88,229,84,141,225,1923,7,RAMB18,SLICE
4,88,76,220,72,132,204,2017,7,RAMB18,SLICE
4,88,84,237,80,149,229,2352,7,RAMB18,SLICE
75,234,91,241,16,7,23,1602,7,SLICE,SLICE
75,234,88,237,13,3,16,986,7,SLICE,SLICE
75,234,93,238,18,4,22,1104,7,SLICE,SLICE
75,234,90,228,15,6,21,1072,7,SLICE,SLICE
73,230,73,213,0,17,17,1186,7,SLICE,SLICE
73,230,83,218,10,12,22,1007,7,SLICE,SLICE
73,230,82,224,9,6,15,878,7,SLICE,SLICE
73,230,80,221,7,9,16,697,7,SLICE,SLICE
5,98,74,222,69,124,193,3011,7,RAMB18,SLICE
5,98,84,230,79,132,211,2081,7,RAMB18,SLICE
5,98,77,221,72,123,195,3115,7,RAMB18,SLICE
5,98,77,220,72,122,194,3101,7,RAMB18,SLICE
5,98,86,238,81,140,221,2126,7,RAMB18,SLICE
5,98,87,230,82,132,214,2212,7,RAMB18,SLICE
5,98,82,226,77,128,205,2641,7,RAMB18,SLICE
5,98,84,242,79,144,223,1771,7,RAMB18,SLICE
5,98,86,222,81,124,205,2637,7,RAMB18,SLICE
5,98,82,222,77,124,201,2740,7,RAMB18,SLICE
5,98,78,221,73,123,196,3071,7,RAMB18,SLICE
5,98,89,235,84,137,221,1893,7,RAMB18,SLICE
92,246,82,227,10,19,29,1156,7,SLICE,SLICE
92,246,80,226,12,20,32,1330,7,SLICE,SLICE
92,246,92,239,0,7,7,405,7,SLICE,SLICE
92,246,80,224,12,22,34,1634,7,SLICE,SLICE
77,230,90,227,13,3,16,1324,7,SLICE,SLICE
77,230,88,239,11,9,20,1036,7,SLICE,SLICE
77,230,91,235,14,5,19,1413,7,SLICE,SLICE
77,230,92,238,15,8,23,1354,7,SLICE,SLICE
4,74,82,222,78,148,226,2269,7,RAMB18,SLICE
4,74,78,217,74,143,217,3214,7,RAMB18,SLICE
4,74,80,217,76,143,219,2766,7,RAMB18,SLICE
4,74,78,224,74,150,224,2825,7,RAMB18,SLICE
4,74,74,225,70,151,221,3170,7,RAMB18,SLICE
4,74,89,238,85,164,249,2826,7,RAMB18,SLICE
4,74,75,225,71,151,222,2896,7,RAMB18,SLICE
4,74,91,243,87,169,256,3345,7,RAMB18,SLICE
4,74,74,215,70,141,211,2648,7,RAMB18,SLICE
4,74,74,214,70,140,210,2779,7,RAMB18,SLICE
4,74,81,215,77,141,218,2335,7,RAMB18,SLICE
4,74,75,213,71,139,210,2459,7,RAMB18,SLICE
4,70,73,211,69,141,210,2664,7,RAMB18,SLICE
4,70,72,215,68,145,213,2758,7,RAMB18,SLICE
4,70,76,212,72,142,214,2559,7,RAMB18,SLICE
4,70,81,229,77,159,236,3148,7,RAMB18,SLICE
4,70,85,230,81,160,241,2820,7,RAMB18,SLICE
4,70,88,223,84,153,237,2026,7,RAMB18,SLICE
4,70,84,222,80,152,232,2451,7,RAMB18,SLICE
4,70,81,222,77,152,229,2806,7,RAMB18,SLICE
4,70,91,232,87,162,249,2814,6,RAMB18,SLICE
4,70,91,234,87,164,251,2936,6,RAMB18,SLICE
4,70,93,234,89,164,253,3039,6,RAMB18,SLICE
4,70,76,225,72,155,227,3173,6,RAMB18,SLICE
4,70,77,207,73,137,210,2483,7,RAMB18,SLICE
4,70,91,232,87,162,249,2783,7,RAMB18,SLICE
4,70,91,232,87,162,249,2846,7,RAMB18,SLICE
4,70,90,226,86,156,242,2686,7,RAMB18,SLICE
78,227,80,218,2,9,11,1114,7,SLICE,SLICE
78,227,85,227,7,0,7,571,7,SLICE,SLICE
78,227,81,217,3,10,13,933,7,SLICE,SLICE
78,227,80,216,2,11,13,1180,7,SLICE,SLICE
73,229,74,220,1,9,10,1231,7,SLICE,SLICE
73,229,91,235,18,6,24,1210,7,SLICE,SLICE
73,229,91,227,18,2,20,938,7,SLICE,SLICE
73,229,90,233,17,4,21,1130,7,SLICE,SLICE
4,93,91,236,87,143,230,1608,7,RAMB18,SLICE
4,93,92,238,88,145,233,1382,7,RAMB18,SLICE
4,93,90,241,86,148,234,1680,7,RAMB18,SLICE
4,93,90,240,86,147,233,1468,7,RAMB18,SLICE
4,93,91,233,87,140,227,1086,7,RAMB18,SLICE
4,93,91,240,87,147,234,1458,7,RAMB18,SLICE
4,93,92,239,88,146,234,1226,7,RAMB18,SLICE
4,93,88,241,84,148,232,1716,7,RAMB18,SLICE
4,93,91,224,87,131,218,2670,7,RAMB18,SLICE
4,93,84,223,80,130,210,2177,7,RAMB18,SLICE
4,93,88,233,84,140,224,1758,7,RAMB18,SLICE
4,93,82,226,78,133,211,2174,7,RAMB18,SLICE
77,227,76,225,1,2,3,585,7,SLICE,SLICE
77,227,91,227,14,0,14,945,7,SLICE,SLICE
77,227,91,232,14,5,19,1188,7,SLICE,SLICE
77,227,91,235,14,8,22,984,7,SLICE,SLICE
86,243,89,238,3,5,8,709,7,SLICE,SLICE
86,243,92,232,6,11,17,1411,7,SLICE,SLICE
86,243,89,238,3,5,8,705,7,SLICE,SLICE
86,243,88,238,2,5,7,710,7,SLICE,SLICE
4,95,76,225,72,130,202,2429,7,RAMB18,SLICE
4,95,77,207,73,112,185,2713,7,RAMB18,SLICE
4,95,81,219,77,124,201,2288,7,RAMB18,SLICE
4,95,85,220,81,125,206,2089,7,RAMB18,SLICE
4,95,75,214,71,119,190,2317,7,RAMB18,SLICE
4,95,80,217,76,122,198,1963,7,RAMB18,SLICE
4,95,83,218,79,123,202,2083,7,RAMB18,SLICE
4,95,72,213,68,118,186,2517,7,RAMB18,SLICE
4,95,93,226,89,131,220,2272,7,RAMB18,SLICE
4,95,76,217,72,122,194,2494,7,RAMB18,SLICE
4,95,93,232,89,137,226,1455,7,RAMB18,SLICE
4,95,93,232,89,137,226,1659,7,RAMB18,SLICE
74,230,80,220,6,10,16,903,7,SLICE,SLICE
74,230,85,225,11,5,16,616,7,SLICE,SLICE
74,230,78,216,4,14,18,1626,7,SLICE,SLICE
74,230,84,217,10,13,23,1345,7,SLICE,SLICE
93,244,87,233,6,11,17,1053,7,SLICE,SLICE
93,244,85,223,8,21,29,1760,7,SLICE,SLICE
93,244,85,236,8,8,16,860,7,SLICE,SLICE
93,244,79,221,14,23,37,2189,7,SLICE,SLICE
4,96,87,241,83,145,228,1712,7,RAMB18,SLICE
4,96,89,241,85,145,230,1599,7,RAMB18,SLICE
4,96,89,239,85,143,228,1447,7,RAMB18,SLICE
4,96,90,231,86,135,221,1999,7,RAMB18,SLICE
4,96,74,210,70,114,184,3574,7,RAMB18,SLICE
4,96,76,208,72,112,184,3673,7,RAMB18,SLICE
4,96,76,212,72,116,188,3059,7,RAMB18,SLICE
4,96,78,218,74,122,196,2813,7,RAMB18,SLICE
4,96,85,240,81,144,225,1253,7,RAMB18,SLICE
4,96,75,209,71,113,184,2665,7,RAMB18,SLICE
4,96,74,211,70,115,185,2753,7,RAMB18,SLICE
4,96,77,213,73,117,190,2318,7,RAMB18,SLICE
4,96,90,235,86,139,225,1734,7,RAMB18,SLICE
4,96,78,221,74,125,199,2234,7,RAMB18,SLICE
4,96,91,235,87,139,226,1863,7,RAMB18,SLICE
4,96,92,230,88,134,222,1893,7,RAMB18,SLICE
76,232,91,242,15,10,25,1288,7,SLICE,SLICE
76,232,92,232,16,0,16,984,7,SLICE,SLICE
76,232,91,241,15,9,24,1294,7,SLICE,SLICE
76,232,90,239,14,7,21,1753,7,SLICE,SLICE
73,223,86,224,13,1,14,1440,7,SLICE,SLICE
73,223,85,222,12,1,13,1071,7,SLICE,SLICE
73,223,78,220,5,3,8,697,7,SLICE,SLICE
73,223,78,217,5,6,11,833,7,SLICE,SLICE
74,230,87,225,13,5,18,782,7,SLICE,SLICE
74,230,82,223,8,7,15,1343,7,SLICE,SLICE
74,230,84,231,10,1,11,686,7,SLICE,SLICE
74,230,84,237,10,7,17,988,7,SLICE,SLICE
4,91,79,224,75,133,208,1981,7,RAMB18,SLICE
4,91,88,234,84,143,227,1671,7,RAMB18,SLICE
4,91,76,220,72,129,201,2575,7,RAMB18,SLICE
4,91,81,219,77,128,205,2628,7,RAMB18,SLICE
4,91,87,220,83,129,212,2110,7,RAMB18,SLICE
4,91,79,226,75,135,210,2342,7,RAMB18,SLICE
4,91,81,222,77,131,208,2328,7,RAMB18,SLICE
4,91,86,234,82,143,225,1922,7,RAMB18,SLICE
4,91,87,227,83,136,219,1827,7,RAMB18,SLICE
4,91,80,214,76,123,199,2035,7,RAMB18,SLICE
4,91,89,219,85,128,213,2205,7,RAMB18,SLICE
4,91,78,215,74,124,198,2467,7,RAMB18,SLICE
74,228,83,224,9,4,13,843,7,SLICE,SLICE
74,228,81,218,7,10,17,1217,7,SLICE,SLICE
74,228,82,224,8,4,12,591,7,SLICE,SLICE
74,228,73,217,1,11,12,1550,7,SLICE,SLICE
74,234,75,212,1,22,23,1834,7,SLICE,SLICE
74,234,72,220,2,14,16,1343,7,SLICE,SLICE
74,234,73,218,1,16,17,1594,7,SLICE,SLICE
74,234,74,222,0,12,12,1108,7,SLICE,SLICE
4,100,75,210,71,110,181,2968,7,RAMB18,SLICE
4,100,75,210,71,110,181,2854,7,RAMB18,SLICE
4,100,81,215,77,115,192,2336,7,RAMB18,SLICE
4,100,80,220,76,120,196,2276,7,RAMB18,SLICE
4,100,84,232,80,132,212,1827,7,RAMB18,SLICE
4,100,76,209,72,109,181,2739,7,RAMB18,SLICE
4,100,78,218,74,118,192,2814,7,RAMB18,SLICE
4,100,80,224,76,124,200,2588,7,RAMB18,SLICE
4,100,84,227,80,127,207,2095,7,RAMB18,SLICE
4,100,80,221,76,121,197,2544,7,RAMB18,SLICE
4,100,76,212,72,112,184,3188,7,RAMB18,SLICE
4,100,81,223,77,123,200,2499,7,RAMB18,SLICE
73,228,87,233,14,5,19,1030,7,SLICE,SLICE
73,228,88,228,15,0,15,706,7,SLICE,SLICE
73,228,87,225,14,3,17,967,7,SLICE,SLICE
73,228,87,233,14,5,19,765,7,SLICE,SLICE
78,226,86,234,8,8,16,1733,7,SLICE,SLICE
78,226,79,226,1,0,1,203,7,SLICE,SLICE
78,226,90,225,12,1,13,1293,7,SLICE,SLICE
78,226,88,224,10,2,12,1108,7,SLICE,SLICE
4,80,86,228,82,148,230,2731,7,RAMB18,SLICE
4,80,87,225,83,145,228,2380,7,RAMB18,SLICE
4,80,78,219,74,139,213,2302,7,RAMB18,SLICE
4,80,88,237,84,157,241,3146,7,RAMB18,SLICE
4,80,79,224,75,144,219,2376,7,RAMB18,SLICE
4,80,77,223,73,143,216,2440,7,RAMB18,SLICE
4,80,84,225,80,145,225,2166,7,RAMB18,SLICE
4,80,84,232,80,152,232,1960,7,RAMB18,SLICE
4,80,81,226,77,146,223,2361,7,RAMB18,SLICE
4,80,77,211,73,131,204,2557,7,RAMB18,SLICE
4,80,80,217,76,137,213,2314,7,RAMB18,SLICE
4,80,76,212,72,132,204,2458,7,RAMB18,SLICE
4,80,89,225,85,145,230,2440,7,RAMB18,SLICE
4,80,78,219,74,139,213,2074,7,RAMB18,SLICE
4,80,88,221,84,141,225,1829,7,RAMB18,SLICE
4,80,89,237,85,157,242,2668,7,RAMB18,SLICE
72,230,88,239,16,9,25,1369,7,SLICE,SLICE
72,230,85,238,13,8,21,972,7,SLICE,SLICE
72,230,75,223,3,7,10,928,7,SLICE,SLICE
72,230,86,239,14,9,23,1466,7,SLICE,SLICE
77,233,77,214,0,19,19,1377,7,SLICE,SLICE
77,233,74,219,3,14,17,1001,7,SLICE,SLICE
77,233,76,214,1,19,20,1234,7,SLICE,SLICE
77,233,74,213,3,20,23,1189,7,SLICE,SLICE
73,234,76,218,3,16,19,1208,7,SLICE,SLICE
73,234,86,230,13,4,17,752,7,SLICE,SLICE
73,234,85,228,12,6,18,1089,7,SLICE,SLICE
73,234,86,226,13,8,21,896,7,SLICE,SLICE
4,67,82,222,78,155,233,2252,6,RAMB18,SLICE
4,67,81,219,77,152,229,1982,6,RAMB18,SLICE
4,67,84,229,80,162,242,2555,6,RAMB18,SLICE
4,67,76,220,72,153,225,2003,6,RAMB18,SLICE
4,67,75,220,71,153,224,3699,7,RAMB18,SLICE
4,67,91,224,87,157,244,2817,7,RAMB18,SLICE
4,67,87,232,83,165,248,3371,7,RAMB18,SLICE
4,67,76,215,72,148,220,3833,7,RAMB18,SLICE
4,67,85,238,81,171,252,3517,7,RAMB18,SLICE
4,67,86,239,82,172,254,3759,7,RAMB18,SLICE
4,67,85,238,81,171,252,3479,7,RAMB18,SLICE
4,67,86,241,82,174,256,3875,7,RAMB18,SLICE
77,234,90,241,13,7,20,1089,7,SLICE,SLICE
77,234,92,238,15,4,19,1454,7,SLICE,SLICE
77,234,91,231,14,3,17,913,7,SLICE,SLICE
77,234,88,234,11,0,11,509,7,SLICE,SLICE
75,228,90,220,15,8,23,1564,7,SLICE,SLICE
75,228,88,229,13,1,14,729,7,SLICE,SLICE
75,228,91,225,16,3,19,1152,7,SLICE,SLICE
75,228,77,208,2,20,22,2307,7,SLICE,SLICE
4,72,85,240,81,168,249,3203,7,RAMB18,SLICE
4,72,83,230,79,158,237,2795,7,RAMB18,SLICE
4,72,82,228,78,156,234,2584,7,RAMB18,SLICE
4,72,86,241,82,169,251,3111,7,RAMB18,SLICE
4,72,77,214,73,142,215,2563,7,RAMB18,SLICE
4,72,74,212,70,140,210,2409,7,RAMB18,SLICE
4,72,76,214,72,142,214,2700,7,RAMB18,SLICE
4,72,84,226,80,154,234,2844,7,RAMB18,SLICE
4,72,74,215,70,143,213,3072,7,RAMB18,SLICE
4,72,76,214,72,142,214,2881,7,RAMB18,SLICE
4,72,83,218,79,146,225,2280,7,RAMB18,SLICE
4,72,80,218,76,146,222,2328,7,RAMB18,SLICE
74,233,87,225,13,8,21,1454,7,SLICE,SLICE
74,233,86,235,12,2,14,925,7,SLICE,SLICE
74,233,87,225,13,8,21,1456,7,SLICE,SLICE
74,233,86,227,12,6,18,1443,7,SLICE,SLICE
72,224,86,224,14,0,14,1227,7,SLICE,SLICE
72,224,86,221,14,3,17,1025,7,SLICE,SLICE
72,224,84,237,12,13,25,1363,7,SLICE,SLICE
72,224,84,226,12,2,14,894,7,SLICE,SLICE
5,101,74,217,69,116,185,2674,7,RAMB18,SLICE
5,101,78,220,73,119,192,2115,7,RAMB18,SLICE
5,101,77,219,72,118,190,2559,7,RAMB18,SLICE
5,101,76,221,71,120,191,2086,7,RAMB18,SLICE
5,101,88,242,83,141,224,2108,7,RAMB18,SLICE
5,101,85,240,80,139,219,2148,7,RAMB18,SLICE
5,101,83,240,78,139,217,2389,7,RAMB18,SLICE
5,101,78,225,73,124,197,2972,7,RAMB18,SLICE
5,101,77,226,72,125,197,2755,7,RAMB18,SLICE
5,101,77,225,72,124,196,2510,7,RAMB18,SLICE
5,101,79,225,74,124,198,2542,7,RAMB18,SLICE
5,101,85,241,80,140,220,1968,7,RAMB18,SLICE
5,101,80,219,75,118,193,3254,7,RAMB18,SLICE
5,101,84,223,79,122,201,3005,7,RAMB18,SLICE
5,101,78,223,73,122,195,3017,7,RAMB18,SLICE
5,101,86,233,81,132,213,2168,7,RAMB18,SLICE
72,222,91,233,19,11,30,1662,7,SLICE,SLICE
72,222,91,235,19,13,32,1694,7,SLICE,SLICE
72,222,92,236,20,14,34,1691,7,SLICE,SLICE
72,222,80,219,8,3,11,853,7,SLICE,SLICE
72,228,75,216,3,12,15,1251,6,SLICE,SLICE
72,228,73,223,1,5,6,720,6,SLICE,SLICE
72,228,73,219,1,9,10,1104,6,SLICE,SLICE
72,228,82,229,10,1,11,689,6,SLICE,SLICE
4,84,87,227,83,143,226,1779,7,RAMB18,SLICE
4,84,85,222,81,138,219,1564,7,RAMB18,SLICE
4,84,86,231,82,147,229,2280,7,RAMB18,SLICE
4,84,86,231,82,147,229,2183,7,RAMB18,SLICE
4,84,82,227,78,143,221,2797,7,RAMB18,SLICE
4,84,72,215,68,131,199,2022,7,RAMB18,SLICE
4,84,74,211,70,127,197,1861,7,RAMB18,SLICE
4,84,72,211,68,127,195,1888,7,RAMB18,SLICE
4,84,92,229,88,145,233,1888,7,RAMB18,SLICE
4,84,92,226,88,142,230,1633,7,RAMB18,SLICE
4,84,91,229,87,145,232,1890,7,RAMB18,SLICE
4,84,91,227,87,143,230,1772,7,RAMB18,SLICE
4,77,85,223,81,146,227,2099,7,RAMB18,SLICE
4,77,87,236,83,159,242,2473,7,RAMB18,SLICE
4,77,79,219,75,142,217,2660,7,RAMB18,SLICE
4,77,78,222,74,145,219,2287,7,RAMB18,SLICE
4,77,89,237,85,160,245,2476,7,RAMB18,SLICE
4,77,88,239,84,162,246,2719,7,RAMB18,SLICE
4,77,89,239,85,162,247,2744,7,RAMB18,SLICE
4,77,91,229,87,152,239,2292,7,RAMB18,SLICE
4,77,73,212,69,135,204,2576,7,RAMB18,SLICE
4,77,87,241,83,164,247,2951,7,RAMB18,SLICE
4,77,73,218,69,141,210,2399,7,RAMB18,SLICE
4,77,83,221,79,144,223,1981,7,RAMB18,SLICE
93,250,91,243,2,7,9,452,7,SLICE,SLICE
93,250,90,235,3,15,18,1139,7,SLICE,SLICE
93,250,89,239,4,11,15,1088,7,SLICE,SLICE
93,250,88,242,5,8,13,952,7,SLICE,SLICE
75,229,90,237,15,8,23,777,7,SLICE,SLICE
75,229,91,236,16,7,23,873,7,SLICE,SLICE
75,229,80,219,5,10,15,585,7,SLICE,SLICE
75,229,93,234,18,5,23,1287,7,SLICE,SLICE
4,79,92,240,88,161,249,2779,7,RAMB18,SLICE
4,79,86,240,82,161,243,2829,7,RAMB18,SLICE
4,79,84,243,80,164,244,3037,7,RAMB18,SLICE
4,79,82,227,78,148,226,2155,7,RAMB18,SLICE
4,79,75,219,71,140,211,2106,7,RAMB18,SLICE
4,79,77,211,73,132,205,1772,7,RAMB18,SLICE
4,79,77,219,73,140,213,2170,7,RAMB18,SLICE
4,79,75,219,71,140,211,2460,7,RAMB18,SLICE
4,79,75,214,71,135,206,2207,7,RAMB18,SLICE
4,79,81,217,77,138,215,2164,7,RAMB18,SLICE
4,79,85,218,81,139,220,2075,7,RAMB18,SLICE
4,79,78,214,74,135,209,2490,7,RAMB18,SLICE
4,79,81,224,77,145,222,2674,7,RAMB18,SLICE
4,79,79,218,75,139,214,2406,7,RAMB18,SLICE
4,79,79,215,75,136,211,2620,7,RAMB18,SLICE
4,79,75,213,71,134,205,2851,7,RAMB18,SLICE
79,228,86,231,7,3,10,874,7,SLICE,SLICE
79,228,88,233,9,5,14,1320,7,SLICE,SLICE
79,228,87,223,8,5,13,731,7,SLICE,SLICE
79,228,89,225,10,3,13,1093,7,SLICE,SLICE
88,213,88,213,0,0,0,58,1,SLICE,SLICE
78,196,78,196,0,0,0,55,1,SLICE,SLICE
78,197,78,197,0,0,0,55,1,SLICE,SLICE
78,200,78,200,0,0,0,55,1,SLICE,SLICE
78,201,78,201,0,0,0,55,1,SLICE,SLICE
78,203,78,203,0,0,0,55,1,SLICE,SLICE
82,212,82,212,0,0,0,55,1,SLICE,SLICE
76,197,76,197,0,0,0,58,1,SLICE,SLICE
76,190,76,190,0,0,0,58,1,SLICE,SLICE
76,192,76,192,0,0,0,59,1,SLICE,SLICE
78,195,78,195,0,0,0,55,1,SLICE,SLICE
78,190,78,190,0,0,0,55,1,SLICE,SLICE
79,195,79,195,0,0,0,58,1,SLICE,SLICE
80,193,80,193,0,0,0,58,1,SLICE,SLICE
88,213,88,213,0,0,0,58,1,SLICE,SLICE
80,213,80,213,0,0,0,58,1,SLICE,SLICE
78,185,78,185,0,0,0,55,1,SLICE,SLICE
79,198,79,198,0,0,0,59,1,SLICE,SLICE
72,204,72,204,0,0,0,58,1,SLICE,SLICE
86,214,86,214,0,0,0,55,1,SLICE,SLICE
81,190,81,190,0,0,0,58,1,SLICE,SLICE
88,208,88,208,0,0,0,58,1,SLICE,SLICE
88,214,88,214,0,0,0,58,1,SLICE,SLICE
72,195,72,195,0,0,0,58,1,SLICE,SLICE
72,208,72,208,0,0,0,59,1,SLICE,SLICE
74,189,74,189,0,0,0,55,1,SLICE,SLICE
80,208,80,208,0,0,0,58,1,SLICE,SLICE
74,191,74,191,0,0,0,55,1,SLICE,SLICE
74,196,74,196,0,0,0,55,1,SLICE,SLICE
80,210,80,210,0,0,0,58,1,SLICE,SLICE
76,193,76,193,0,0,0,58,1,SLICE,SLICE
73,207,73,207,0,0,0,58,1,SLICE,SLICE
86,215,86,215,0,0,0,55,1,SLICE,SLICE
74,205,74,205,0,0,0,56,1,SLICE,SLICE
80,213,80,213,0,0,0,59,1,SLICE,SLICE
81,214,81,214,0,0,0,58,1,SLICE,SLICE
76,201,76,201,0,0,0,59,1,SLICE,SLICE
80,212,80,212,0,0,0,59,1,SLICE,SLICE
78,206,78,206,0,0,0,55,1,SLICE,SLICE
76,191,76,191,0,0,0,59,1,SLICE,SLICE
74,205,74,205,0,0,0,55,1,SLICE,SLICE
76,194,76,194,0,0,0,58,1,SLICE,SLICE
75,201,75,201,0,0,0,58,1,SLICE,SLICE
81,211,81,211,0,0,0,59,1,SLICE,SLICE
80,207,80,207,0,0,0,58,1,SLICE,SLICE
76,203,76,203,0,0,0,58,1,SLICE,SLICE
80,211,80,211,0,0,0,58,1,SLICE,SLICE
86,207,86,207,0,0,0,55,1,SLICE,SLICE
84,210,84,210,0,0,0,58,1,SLICE,SLICE
81,216,81,216,0,0,0,58,1,SLICE,SLICE
80,208,80,208,0,0,0,58,1,SLICE,SLICE
79,198,79,198,0,0,0,58,1,SLICE,SLICE
84,207,84,207,0,0,0,59,1,SLICE,SLICE
70,183,70,183,0,0,0,56,1,SLICE,SLICE
70,195,70,195,0,0,0,56,1,SLICE,SLICE
71,184,71,184,0,0,0,58,1,SLICE,SLICE
70,185,70,185,0,0,0,56,1,SLICE,SLICE
72,181,72,181,0,0,0,59,1,SLICE,SLICE
70,184,70,184,0,0,0,55,1,SLICE,SLICE
72,184,72,184,0,0,0,59,1,SLICE,SLICE
70,197,70,197,0,0,0,55,1,SLICE,SLICE
76,206,76,206,0,0,0,58,1,SLICE,SLICE
74,188,74,188,0,0,0,56,1,SLICE,SLICE
70,197,70,197,0,0,0,55,1,SLICE,SLICE
70,199,70,199,0,0,0,56,1,SLICE,SLICE
76,183,76,183,0,0,0,58,1,SLICE,SLICE
74,186,74,186,0,0,0,56,1,SLICE,SLICE
74,186,74,186,0,0,0,55,1,SLICE,SLICE
79,209,79,209,0,0,0,58,1,SLICE,SLICE
76,186,76,186,0,0,0,59,1,SLICE,SLICE
78,204,78,204,0,0,0,55,1,SLICE,SLICE
70,199,70,199,0,0,0,55,1,SLICE,SLICE
76,184,76,184,0,0,0,58,1,SLICE,SLICE
79,185,79,185,0,0,0,58,1,SLICE,SLICE
73,207,73,207,0,0,0,58,1,SLICE,SLICE
74,208,74,208,0,0,0,55,1,SLICE,SLICE
76,184,76,184,0,0,0,58,1,SLICE,SLICE
77,183,77,183,0,0,0,58,1,SLICE,SLICE
76,182,76,182,0,0,0,58,1,SLICE,SLICE
71,199,71,199,0,0,0,58,1,SLICE,SLICE
78,208,78,208,0,0,0,55,1,SLICE,SLICE
80,200,80,200,0,0,0,58,1,SLICE,SLICE
72,190,72,190,0,0,0,58,1,SLICE,SLICE
79,185,79,185,0,0,0,59,1,SLICE,SLICE
70,204,70,204,0,0,0,55,1,SLICE,SLICE
76,185,76,185,0,0,0,58,1,SLICE,SLICE
70,192,70,192,0,0,0,55,1,SLICE,SLICE
72,190,72,190,0,0,0,58,1,SLICE,SLICE
79,205,79,205,0,0,0,58,1,SLICE,SLICE
72,194,72,194,0,0,0,58,1,SLICE,SLICE
81,209,81,209,0,0,0,58,1,SLICE,SLICE
79,190,79,190,0,0,0,58,1,SLICE,SLICE
76,194,76,194,0,0,0,58,1,SLICE,SLICE
80,207,80,207,0,0,0,58,1,SLICE,SLICE
82,209,82,209,0,0,0,55,1,SLICE,SLICE
74,189,74,189,0,0,0,55,1,SLICE,SLICE
81,213,81,213,0,0,0,58,1,SLICE,SLICE
75,192,75,192,0,0,0,58,1,SLICE,SLICE
79,201,79,201,0,0,0,59,1,SLICE,SLICE
76,189,76,189,0,0,0,58,1,SLICE,SLICE
80,190,80,190,0,0,0,59,1,SLICE,SLICE
80,193,80,193,0,0,0,58,1,SLICE,SLICE
76,202,76,202,0,0,0,59,1,SLICE,SLICE
76,196,76,196,0,0,0,59,1,SLICE,SLICE
80,189,80,189,0,0,0,58,1,SLICE,SLICE
78,196,78,196,0,0,0,56,1,SLICE,SLICE
92,212,73,190,19,22,41,1516,7,SLICE,SLICE
92,212,71,191,21,21,42,1501,7,SLICE,SLICE
92,212,77,187,15,25,40,1688,7,SLICE,SLICE
92,212,71,187,21,25,46,1917,7,SLICE,SLICE
91,224,84,208,7,16,23,1367,7,SLICE,SLICE
91,224,74,205,17,19,36,1565,7,SLICE,SLICE
91,224,87,205,4,19,23,1561,7,SLICE,SLICE
91,224,84,212,7,12,19,715,7,SLICE,SLICE
4,62,73,201,69,139,208,2789,7,RAMB18,SLICE
4,62,72,192,68,130,198,2394,7,RAMB18,SLICE
4,62,75,192,71,130,201,2476,7,RAMB18,SLICE
4,62,80,206,76,144,220,2327,7,RAMB18,SLICE
4,62,84,212,80,150,230,2692,7,RAMB18,SLICE
4,62,84,214,80,152,232,2815,7,RAMB18,SLICE
4,62,85,214,81,152,233,2782,7,RAMB18,SLICE
4,62,86,207,82,145,227,2497,7,RAMB18,SLICE
4,62,79,191,75,129,204,2982,7,RAMB18,SLICE
4,62,80,186,76,124,200,2187,7,RAMB18,SLICE
4,62,76,197,72,135,207,2973,7,RAMB18,SLICE
4,62,78,202,74,140,214,3303,7,RAMB18,SLICE
4,62,76,205,72,143,215,2619,7,RAMB18,SLICE
4,62,73,202,69,140,209,2627,7,RAMB18,SLICE
4,62,80,207,76,145,221,2247,7,RAMB18,SLICE
4,62,84,215,80,153,233,2685,7,RAMB18,SLICE
92,224,74,202,18,22,40,1270,7,SLICE,SLICE
92,224,86,215,6,9,15,812,7,SLICE,SLICE
92,224,72,192,20,32,52,1592,7,SLICE,SLICE
92,224,74,203,18,21,39,1337,7,SLICE,SLICE
90,217,77,196,13,21,34,2310,7,SLICE,SLICE
90,217,78,191,12,26,38,1870,7,SLICE,SLICE
90,217,84,213,6,4,10,604,7,SLICE,SLICE
90,217,84,208,6,9,15,669,7,SLICE,SLICE
5,87,71,197,66,110,176,2794,7,RAMB18,SLICE
5,87,71,186,66,99,165,3489,7,RAMB18,SLICE
5,87,80,213,75,126,201,2079,7,RAMB18,SLICE
5,87,73,193,68,106,174,2906,7,RAMB18,SLICE
5,87,70,194,65,107,172,3000,7,RAMB18,SLICE
5,87,77,181,72,94,166,3631,7,RAMB18,SLICE
5,87,70,205,65,118,183,2448,7,RAMB18,SLICE
5,87,76,185,71,98,169,3274,7,RAMB18,SLICE
5,87,76,194,71,107,178,2955,7,RAMB18,SLICE
5,87,78,192,73,105,178,2814,7,RAMB18,SLICE
5,87,78,191,73,104,177,2900,7,RAMB18,SLICE
5,87,80,193,75,106,181,2895,7,RAMB18,SLICE
93,213,73,197,20,16,36,1392,7,SLICE,SLICE
93,213,74,196,19,17,36,1677,7,SLICE,SLICE
93,213,80,206,13,7,20,985,7,SLICE,SLICE
93,213,76,197,17,16,33,996,7,SLICE,SLICE
92,229,88,211,4,18,22,754,7,SLICE,SLICE
92,229,80,190,12,39,51,1810,7,SLICE,SLICE
92,229,80,191,12,38,50,1384,7,SLICE,SLICE
92,229,86,207,6,22,28,1130,7,SLICE,SLICE
4,85,83,213,79,128,207,1825,7,RAMB18,SLICE
4,85,76,199,72,114,186,2322,7,RAMB18,SLICE
4,85,77,205,73,120,193,1935,7,RAMB18,SLICE
4,85,89,214,85,129,214,1735,7,RAMB18,SLICE
4,85,79,206,75,121,196,2045,7,RAMB18,SLICE
4,85,76,196,72,111,183,1947,7,RAMB18,SLICE
4,85,77,206,73,121,194,1947,7,RAMB18,SLICE
4,85,81,197,77,112,189,2162,7,RAMB18,SLICE
4,85,87,210,83,125,208,1681,7,RAMB18,SLICE
4,85,80,209,76,124,200,1686,7,RAMB18,SLICE
4,85,79,201,75,116,191,1985,7,RAMB18,SLICE
4,85,84,209,80,124,204,1493,7,RAMB18,SLICE
87,218,73,184,14,34,48,1876,7,SLICE,SLICE
87,218,76,201,11,17,28,983,7,SLICE,SLICE
87,218,71,188,16,30,46,1863,7,SLICE,SLICE
87,218,71,202,16,16,32,1098,7,SLICE,SLICE
91,211,86,207,5,4,9,913,7,SLICE,SLICE
91,211,71,201,20,10,30,1756,7,SLICE,SLICE
91,211,87,215,4,4,8,567,7,SLICE,SLICE
91,211,88,208,3,3,6,809,7,SLICE,SLICE
91,216,88,213,3,3,6,802,7,SLICE,SLICE
91,216,70,188,21,28,49,2081,7,SLICE,SLICE
91,216,70,202,21,14,35,1656,7,SLICE,SLICE
91,216,79,207,12,9,21,1087,7,SLICE,SLICE
5,55,84,212,79,157,236,3901,7,RAMB18,SLICE
5,55,80,197,75,142,217,3392,7,RAMB18,SLICE
5,55,80,206,75,151,226,3638,7,RAMB18,SLICE
5,55,72,208,67,153,220,4144,7,RAMB18,SLICE
5,55,79,203,74,148,222,3640,7,RAMB18,SLICE
5,55,78,200,73,145,218,3418,7,RAMB18,SLICE
5,55,77,195,72,140,212,3253,7,RAMB18,SLICE
5,55,77,194,72,139,211,3254,7,RAMB18,SLICE
5,55,83,208,78,153,231,3867,7,RAMB18,SLICE
5,55,79,189,74,134,208,3358,7,RAMB18,SLICE
5,55,84,208,79,153,232,4044,7,RAMB18,SLICE
5,55,78,193,73,138,211,3385,7,RAMB18,SLICE
5,55,77,188,72,133,205,3358,7,RAMB18,SLICE
5,55,72,190,67,135,202,3448,7,RAMB18,SLICE
5,55,79,188,74,133,207,3475,7,RAMB18,SLICE
5,55,76,188,71,133,204,3047,7,RAMB18,SLICE
91,226,73,192,18,34,52,2215,6,SLICE,SLICE
91,226,72,205,19,21,40,1971,6,SLICE,SLICE
91,226,80,185,11,41,52,2846,6,SLICE,SLICE
91,226,86,211,5,15,20,740,6,SLICE,SLICE
91,220,78,202,13,18,31,1396,7,SLICE,SLICE
91,220,79,196,12,24,36,1662,7,SLICE,SLICE
91,220,79,196,12,24,36,1548,7,SLICE,SLICE
91,220,79,202,12,18,30,1380,7,SLICE,SLICE
4,78,84,210,80,132,212,2200,7,RAMB18,SLICE
4,78,74,202,70,124,194,2865,7,RAMB18,SLICE
4,78,89,214,85,136,221,2170,7,RAMB18,SLICE
4,78,85,214,81,136,217,2083,7,RAMB18,SLICE
4,78,71,203,67,125,192,1745,7,RAMB18,SLICE
4,78,72,208,68,130,198,1969,7,RAMB18,SLICE
4,78,71,202,67,124,191,2178,7,RAMB18,SLICE
4,78,71,202,67,124,191,2179,7,RAMB18,SLICE
4,78,84,212,80,134,214,1818,7,RAMB18,SLICE
4,78,86,209,82,131,213,1624,7,RAMB18,SLICE
4,78,79,199,75,121,196,2645,7,RAMB18,SLICE
4,78,80,207,76,129,205,1967,7,RAMB18,SLICE
91,215,74,190,17,25,42,1493,7,SLICE,SLICE
91,215,77,194,14,21,35,1341,7,SLICE,SLICE
91,215,81,190,10,25,35,1519,7,SLICE,SLICE
91,215,88,209,3,6,9,589,7,SLICE,SLICE
88,215,78,203,10,12,22,909,7,SLICE,SLICE
88,215,87,207,1,8,9,868,7,SLICE,SLICE
88,215,78,193,10,22,32,1925,7,SLICE,SLICE
88,215,78,189,10,26,36,1877,7,SLICE,SLICE
5,89,73,190,68,101,169,2944,7,RAMB18,SLICE
5,89,77,186,72,97,169,3747,7,RAMB18,SLICE
5,89,77,183,72,94,166,3543,7,RAMB18,SLICE
5,89,75,182,70,93,163,3545,7,RAMB18,SLICE
5,89,84,210,79,121,200,1793,7,RAMB18,SLICE
5,89,82,207,77,118,195,1913,7,RAMB18,SLICE
5,89,74,201,69,112,181,2176,7,RAMB18,SLICE
5,89,76,202,71,113,184,2168,7,RAMB18,SLICE
5,89,73,194,68,105,173,2695,7,RAMB18,SLICE
5,89,74,182,69,93,162,3488,7,RAMB18,SLICE
5,89,76,185,71,96,167,3370,7,RAMB18,SLICE
5,89,87,214,82,125,207,1978,7,RAMB18,SLICE
92,218,72,193,20,25,45,1941,7,SLICE,SLICE
92,218,75,199,17,19,36,1443,7,SLICE,SLICE
92,218,71,201,21,17,38,1291,7,SLICE,SLICE
92,218,74,196,18,22,40,1842,7,SLICE,SLICE
92,211,79,191,13,20,33,1560,7,SLICE,SLICE
92,211,77,192,15,19,34,1682,7,SLICE,SLICE
92,211,89,210,3,1,4,525,7,SLICE,SLICE
92,211,78,203,14,8,22,1384,7,SLICE,SLICE
5,48,78,209,73,161,234,4240,7,RAMB18,SLICE
5,48,76,186,71,138,209,3560,7,RAMB18,SLICE
5,48,76,185,71,137,208,3107,7,RAMB18,SLICE
5,48,72,185,67,137,204,3581,7,RAMB18,SLICE
5,48,87,211,82,163,245,4197,7,RAMB18,SLICE
5,48,89,210,84,162,246,4627,7,RAMB18,SLICE
5,48,78,193,73,145,218,3925,7,RAMB18,SLICE
5,48,80,193,75,145,220,3806,7,RAMB18,SLICE
5,48,73,202,68,154,222,5039,7,RAMB18,SLICE
5,48,74,191,69,143,212,4072,7,RAMB18,SLICE
5,48,70,198,65,150,215,4236,7,RAMB18,SLICE
5,48,74,199,69,151,220,4427,7,RAMB18,SLICE
5,48,83,210,78,162,240,4667,7,RAMB18,SLICE
5,48,79,191,74,143,217,3335,7,RAMB18,SLICE
5,48,76,190,71,142,213,3668,7,RAMB18,SLICE
5,48,87,212,82,164,246,4748,7,RAMB18,SLICE
5,40,79,192,74,152,226,4419,7,RAMB18,SLICE
5,40,76,196,71,156,227,4675,7,RAMB18,SLICE
5,40,81,198,76,158,234,4158,7,RAMB18,SLICE
5,40,81,196,76,156,232,3970,7,RAMB18,SLICE
5,40,79,194,74,154,228,4405,7,RAMB18,SLICE
5,40,79,197,74,157,231,4887,7,RAMB18,SLICE
5,40,78,190,73,150,223,3860,7,RAMB18,SLICE
5,40,78,194,73,154,227,4823,7,RAMB18,SLICE
5,40,79,187,74,147,221,3778,7,RAMB18,SLICE
5,40,78,193,73,153,226,4188,7,RAMB18,SLICE
5,40,79,189,74,149,223,3781,7,RAMB18,SLICE
5,40,78,206,73,166,239,4918,7,RAMB18,SLICE
92,214,89,208,3,6,9,729,7,SLICE,SLICE
92,214,75,203,17,11,28,1457,7,SLICE,SLICE
92,214,74,203,18,11,29,1256,7,SLICE,SLICE
92,214,81,214,11,0,11,1002,7,SLICE,SLICE
90,221,71,198,19,23,42,1506,7,SLICE,SLICE
90,221,70,199,20,22,42,1610,7,SLICE,SLICE
90,221,74,183,16,38,54,2424,7,SLICE,SLICE
90,221,76,181,14,40,54,2358,7,SLICE,SLICE
5,51,82,210,77,159,236,4296,7,RAMB18,SLICE
5,51,78,204,73,153,226,3766,7,RAMB18,SLICE
5,51,83,210,78,159,237,4120,7,RAMB18,SLICE
5,51,76,194,71,143,214,3851,7,RAMB18,SLICE
5,51,74,206,69,155,224,3985,7,RAMB18,SLICE
5,51,79,202,74,151,225,3973,7,RAMB18,SLICE
5,51,84,214,79,163,242,4696,7,RAMB18,SLICE
5,51,76,193,71,142,213,3303,7,RAMB18,SLICE
5,51,79,191,74,140,214,3209,7,RAMB18,SLICE
5,51,75,189,70,138,208,4120,7,RAMB18,SLICE
5,51,73,201,68,150,218,3490,7,RAMB18,SLICE
5,51,80,197,75,146,221,3561,7,RAMB18,SLICE
88,229,74,189,14,40,54,2215,7,SLICE,SLICE
88,229,75,200,13,29,42,1567,7,SLICE,SLICE
88,229,73,200,15,29,44,1488,7,SLICE,SLICE
88,229,72,200,16,29,45,1663,7,SLICE,SLICE
90,212,72,204,18,8,26,1167,6,SLICE,SLICE
90,212,73,189,17,23,40,1161,6,SLICE,SLICE
90,212,77,186,13,26,39,1663,6,SLICE,SLICE
90,212,75,185,15,27,42,1778,6,SLICE,SLICE
5,56,81,205,76,149,225,3663,7,RAMB18,SLICE
5,56,81,204,76,148,224,3453,7,RAMB18,SLICE
5,56,78,206,73,150,223,3793,7,RAMB18,SLICE
5,56,81,205,76,149,225,3669,7,RAMB18,SLICE
5,56,76,184,71,128,199,2765,7,RAMB18,SLICE
5,56,79,188,74,132,206,3021,7,RAMB18,SLICE
5,56,76,188,71,132,203,3054,7,RAMB18,SLICE
5,56,81,211,76,155,231,4227,7,RAMB18,SLICE
5,56,72,195,67,139,206,3195,7,RAMB18,SLICE
5,56,79,194,74,138,212,3169,7,RAMB18,SLICE
5,56,83,214,78,158,236,3690,7,RAMB18,SLICE
5,56,75,194,70,138,208,3552,7,RAMB18,SLICE
5,56,88,214,83,158,241,4659,7,RAMB18,SLICE
5,56,73,197,68,141,209,3653,7,RAMB18,SLICE
5,56,84,213,79,157,236,4564,7,RAMB18,SLICE
5,56,77,181,72,125,197,2775,7,RAMB18,SLICE
90,214,76,184,14,30,44,1690,7,SLICE,SLICE
90,214,71,191,19,23,42,2064,7,SLICE,SLICE
90,214,77,185,13,29,42,1931,7,SLICE,SLICE
90,214,81,211,9,3,12,820,7,SLICE,SLICE
89,220,72,208,17,12,29,1225,7,SLICE,SLICE
89,220,73,195,16,25,41,1684,7,SLICE,SLICE
89,220,75,194,14,26,40,1569,7,SLICE,SLICE
89,220,82,210,7,10,17,863,7,SLICE,SLICE
5,42,73,184,68,142,210,4479,7,RAMB18,SLICE
5,42,70,205,65,163,228,5585,7,RAMB18,SLICE
5,42,76,204,71,162,233,6171,7,RAMB18,SLICE
5,42,71,184,66,142,208,4718,7,RAMB18,SLICE
5,42,78,189,73,147,220,3951,7,RAMB18,SLICE
5,42,79,189,74,147,221,3827,7,RAMB18,SLICE
5,42,79,204,74,162,236,4874,7,RAMB18,SLICE
5,42,78,203,73,161,234,4761,7,RAMB18,SLICE
5,42,71,206,66,164,230,4324,7,RAMB18,SLICE
5,42,71,195,66,153,219,4149,7,RAMB18,SLICE
5,42,79,211,74,169,243,4693,7,RAMB18,SLICE
5,42,79,188,74,146,220,3805,7,RAMB18,SLICE
93,223,73,199,20,24,44,2310,7,SLICE,SLICE
93,223,80,200,13,23,36,1615,7,SLICE,SLICE
93,223,83,214,10,9,19,1029,7,SLICE,SLICE
93,223,76,196,17,27,44,2202,7,SLICE,SLICE
92,225,71,184,21,41,62,2204,7,SLICE,SLICE
92,225,75,185,17,40,57,2077,7,SLICE,SLICE
92,225,71,200,21,25,46,1346,7,SLICE,SLICE
92,225,74,185,18,40,58,2266,7,SLICE,SLICE
92,220,78,199,14,21,35,1718,7,SLICE,SLICE
92,220,81,187,11,33,44,2320,7,SLICE,SLICE
92,220,78,189,14,31,45,2289,7,SLICE,SLICE
92,220,79,202,13,18,31,1440,7,SLICE,SLICE
5,84,87,208,82,124,206,1975,7,RAMB18,SLICE
5,84,70,202,65,118,183,2735,7,RAMB18,SLICE
5,84,78,207,73,123,196,2129,7,RAMB18,SLICE
5,84,70,199,65,115,180,2957,7,RAMB18,SLICE
5,84,72,196,67,112,179,3084,7,RAMB18,SLICE
5,84,73,194,68,110,178,3095,7,RAMB18,SLICE
5,84,75,194,70,110,180,3269,7,RAMB18,SLICE
5,84,84,213,79,129,208,1860,7,RAMB18,SLICE
5,84,73,203,68,119,187,2915,7,RAMB18,SLICE
5,84,85,209,80,125,205,2040,7,RAMB18,SLICE
5,84,77,200,72,116,188,2594,7,RAMB18,SLICE
5,84,75,202,70,118,188,2653,7,RAMB18,SLICE
91,215,89,211,2,4,6,576,7,SLICE,SLICE
91,215,72,197,19,18,37,2233,7,SLICE,SLICE
91,215,72,202,19,13,32,1569,7,SLICE,SLICE
91,215,80,210,11,5,16,713,7,SLICE,SLICE
92,213,74,193,18,20,38,2112,7,SLICE,SLICE
92,213,78,199,14,14,28,1450,7,SLICE,SLICE
92,213,88,212,4,1,5,356,7,SLICE,SLICE
92,213,88,210,4,3,7,474,7,SLICE,SLICE
4,61,75,183,71,122,193,2365,7,RAMB18,SLICE
4,61,73,185,69,124,193,2735,7,RAMB18,SLICE
4,61,70,200,66,139,205,2940,7,RAMB18,SLICE
4,61,70,197,66,136,202,2964,7,RAMB18,SLICE
4,61,72,185,68,124,192,2412,7,RAMB18,SLICE
4,61,72,209,68,148,216,3162,7,RAMB18,SLICE
4,61,70,200,66,139,205,2727,7,RAMB18,SLICE
4,61,82,209,78,148,226,3638,7,RAMB18,SLICE
4,61,81,212,77,151,228,3688,7,RAMB18,SLICE
4,61,71,197,67,136,203,2618,7,RAMB18,SLICE
4,61,72,209,68,148,216,3101,7,RAMB18,SLICE
4,61,71,197,67,136,203,2874,7,RAMB18,SLICE
4,61,74,208,70,147,217,3362,7,RAMB18,SLICE
4,61,72,207,68,146,214,3586,7,RAMB18,SLICE
4,61,73,183,69,122,191,2695,7,RAMB18,SLICE
4,61,74,186,70,125,195,2552,7,RAMB18,SLICE
91,220,72,186,19,34,53,1680,7,SLICE,SLICE
91,220,70,186,21,34,55,1668,7,SLICE,SLICE
91,220,76,203,15,17,32,1163,7,SLICE,SLICE
91,220,72,207,19,13,32,1306,7,SLICE,SLICE
93,227,77,189,16,38,54,2109,7,SLICE,SLICE
93,227,78,190,15,37,52,2357,7,SLICE,SLICE
93,227,86,210,7,17,24,1063,7,SLICE,SLICE
93,227,76,206,17,21,38,1267,7,SLICE,SLICE
5,45,70,188,65,143,208,3441,7,RAMB18,SLICE
5,45,73,186,68,141,209,3158,7,RAMB18,SLICE
5,45,71,202,66,157,223,4224,7,RAMB18,SLICE
5,45,78,207,73,162,235,4735,7,RAMB18,SLICE
5,45,87,207,82,162,244,3778,7,RAMB18,SLICE
5,45,86,208,81,163,244,3503,7,RAMB18,SLICE
5,45,85,209,80,164,244,3911,7,RAMB18,SLICE
5,45,81,193,76,148,224,3198,7,RAMB18,SLICE
5,45,84,211,79,166,245,5343,7,RAMB18,SLICE
5,45,70,184,65,139,204,4182,7,RAMB18,SLICE
5,45,75,187,70,142,212,3638,7,RAMB18,SLICE
5,45,70,195,65,150,215,4328,7,RAMB18,SLICE
88,228,88,211,0,17,17,1278,7,SLICE,SLICE
88,228,81,205,7,23,30,1882,7,SLICE,SLICE
88,228,84,209,4,19,23,1359,7,SLICE,SLICE
88,228,80,203,8,25,33,1885,7,SLICE,SLICE
86,224,77,198,9,26,35,1293,7,SLICE,SLICE
86,224,79,204,7,20,27,1081,7,SLICE,SLICE
86,224,79,206,7,18,25,1184,7,SLICE,SLICE
86,224,78,190,8,34,42,1626,7,SLICE,SLICE
91,212,76,190,15,22,37,1558,6,SLICE,SLICE
91,212,81,190,10,22,32,2054,6,SLICE,SLICE
91,212,78,199,13,13,26,1034,6,SLICE,SLICE
91,212,76,206,15,6,21,987,6,SLICE,SLICE
5,79,74,185,69,106,175,2863,7,RAMB18,SLICE
5,79,70,184,65,105,170,2753,7,RAMB18,SLICE
5,79,79,209,74,130,204,2251,7,RAMB18,SLICE
5,79,70,196,65,117,182,2089,7,RAMB18,SLICE
5,79,74,185,69,106,175,2484,7,RAMB18,SLICE
5,79,75,188,70,109,179,2592,7,RAMB18,SLICE
5,79,70,201,65,122,187,1950,7,RAMB18,SLICE
5,79,73,189,68,110,178,2719,7,RAMB18,SLICE
5,79,70,206,65,127,192,2754,7,RAMB18,SLICE
5,79,79,209,74,130,204,2164,7,RAMB18,SLICE
5,79,73,186,68,107,175,3708,7,RAMB18,SLICE
5,79,82,207,77,128,205,2057,7,RAMB18,SLICE
88,222,79,206,9,16,25,1453,7,SLICE,SLICE
88,222,83,208,5,14,19,1230,7,SLICE,SLICE
88,222,79,196,9,26,35,2002,7,SLICE,SLICE
88,222,80,196,8,26,34,2246,7,SLICE,SLICE
93,221,74,187,19,34,53,1755,7,SLICE,SLICE
93,221,87,209,6,12,18,1015,7,SLICE,SLICE
93,221,72,207,21,14,35,1542,7,SLICE,SLICE
93,221,79,211,14,10,24,1126,7,SLICE,SLICE
5,46,82,210,77,164,241,3385,7,RAMB18,SLICE
5,46,81,196,76,150,226,2885,7,RAMB18,SLICE
5,46,78,204,73,158,231,3286,7,RAMB18,SLICE
5,46,80,189,75,143,218,2638,7,RAMB18,SLICE
5,46,84,210,79,164,243,4085,7,RAMB18,SLICE
5,46,86,207,81,161,242,4313,7,RAMB18,SLICE
5,46,84,210,79,164,243,4088,7,RAMB18,SLICE
5,46,88,207,83,161,244,3924,7,RAMB18,SLICE
5,46,75,207,70,161,231,4678,7,RAMB18,SLICE
5,46,77,195,72,149,221,3974,7,RAMB18,SLICE
5,46,78,194,73,148,221,3808,7,RAMB18,SLICE
5,46,78,202,73,156,229,4509,7,RAMB18,SLICE
5,46,79,198,74,152,226,3503,7,RAMB18,SLICE
5,46,78,196,73,150,223,3380,7,RAMB18,SLICE
5,46,84,209,79,163,242,3829,7,RAMB18,SLICE
5,46,79,200,74,154,228,3850,7,RAMB18,SLICE
89,218,70,206,19,12,31,1158,7,SLICE,SLICE
89,218,75,185,14,33,47,2128,7,SLICE,SLICE
89,218,70,185,19,33,52,2118,7,SLICE,SLICE
89,218,75,187,14,31,45,2031,7,SLICE,SLICE
93,222,75,188,18,34,52,2282,7,SLICE,SLICE
93,222,70,203,23,19,42,1596,7,SLICE,SLICE
93,222,89,208,4,14,18,1138,7,SLICE,SLICE
93,222,73,184,20,38,58,2629,7,SLICE,SLICE
5,59,74,183,69,124,193,2294,7,RAMB18,SLICE
5,59,72,209,67,150,217,3411,7,RAMB18,SLICE
5,59,78,211,73,152,225,3425,7,RAMB18,SLICE
5,59,71,200,66,141,207,3167,7,RAMB18,SLICE
5,59,79,189,74,130,204,2884,7,RAMB18,SLICE
5,59,77,207,72,148,220,3096,7,RAMB18,SLICE
5,59,78,208,73,149,222,3631,7,RAMB18,SLICE
5,59,78,184,73,125,198,2313,7,RAMB18,SLICE
5,59,82,209,77,150,227,4289,7,RAMB18,SLICE
5,59,78,205,73,146,219,3991,7,RAMB18,SLICE
5,59,76,192,71,133,204,2797,7,RAMB18,SLICE
5,59,70,195,65,136,201,2979,7,RAMB18,SLICE
90,221,71,189,19,32,51,1926,7,SLICE,SLICE
90,221,73,186,17,35,52,1984,7,SLICE,SLICE
90,221,71,195,19,26,45,1336,7,SLICE,SLICE
90,221,70,194,20,27,47,1481,7,SLICE,SLICE
90,217,80,211,10,6,16,876,7,SLICE,SLICE
90,217,80,207,10,10,20,990,7,SLICE,SLICE
90,217,82,211,8,6,14,890,7,SLICE,SLICE
90,217,84,207,6,10,16,1451,7,SLICE,SLICE
4,82,73,203,69,121,190,2026,7,RAMB18,SLICE
4,82,87,211,83,129,212,2066,7,RAMB18,SLICE
4,82,78,190,74,108,182,2087,7,RAMB18,SLICE
4,82,86,213,82,131,213,1610,7,RAMB18,SLICE
4,82,73,199,69,117,186,2399,6,RAMB18,SLICE
4,82,73,199,69,117,186,2712,6,RAMB18,SLICE
4,82,78,212,74,130,204,1843,6,RAMB18,SLICE
4,82,82,212,78,130,208,1654,6,RAMB18,SLICE
4,82,72,200,68,118,186,2552,7,RAMB18,SLICE
4,82,72,193,68,111,179,2664,7,RAMB18,SLICE
4,82,78,208,74,126,200,2116,7,RAMB18,SLICE
4,82,74,193,70,111,181,2826,7,RAMB18,SLICE
5,38,84,207,79,169,248,6249,7,RAMB18,SLICE
5,38,70,206,65,168,233,5551,7,RAMB18,SLICE
5,38,70,198,65,160,225,5038,7,RAMB18,SLICE
5,38,71,188,66,150,216,4592,7,RAMB18,SLICE
5,38,78,197,73,159,232,4264,7,RAMB18,SLICE
5,38,78,202,73,164,237,4780,7,RAMB18,SLICE
5,38,78,194,73,156,229,3618,7,RAMB18,SLICE
5,38,78,199,73,161,234,4408,7,RAMB18,SLICE
5,38,72,202,67,164,231,4768,7,RAMB18,SLICE
5,38,77,194,72,156,228,4569,7,RAMB18,SLICE
5,38,87,213,82,175,257,5297,7,RAMB18,SLICE
5,38,76,194,71,156,227,4713,7,RAMB18,SLICE
5,38,78,197,73,159,232,4463,7,RAMB18,SLICE
5,38,87,209,82,171,253,5312,7,RAMB18,SLICE
5,38,81,210,76,172,248,5099,7,RAMB18,SLICE
5,38,79,197,74,159,233,4196,7,RAMB18,SLICE
93,214,75,191,18,23,41,2115,7,SLICE,SLICE
93,214,80,189,13,25,38,2011,7,SLICE,SLICE
93,214,86,210,7,4,11,919,7,SLICE,SLICE
93,214,80,200,13,14,27,1430,7,SLICE,SLICE
91,210,74,202,17,8,25,1251,7,SLICE,SLICE
91,210,74,201,17,9,26,1196,7,SLICE,SLICE
91,210,84,214,7,4,11,624,7,SLICE,SLICE
91,210,86,207,5,3,8,410,7,SLICE,SLICE
5,54,76,204,71,150,221,3622,7,RAMB18,SLICE
5,54,87,208,82,154,236,3504,7,RAMB18,SLICE
5,54,77,203,72,149,221,3368,7,RAMB18,SLICE
5,54,74,204,69,150,219,3885,7,RAMB18,SLICE
5,54,81,204,76,150,226,3836,7,RAMB18,SLICE
5,54,83,208,78,154,232,3899,7,RAMB18,SLICE
5,54,79,206,74,152,226,3721,7,RAMB18,SLICE
5,54,86,213,81,159,240,4201,7,RAMB18,SLICE
5,54,79,197,74,143,217,3340,7,RAMB18,SLICE
5,54,80,207,75,153,228,4112,7,RAMB18,SLICE
5,54,78,195,73,141,214,3678,7,RAMB18,SLICE
5,54,79,200,74,146,220,3882,7,RAMB18,SLICE
91,222,76,206,15,16,31,1890,7,SLICE,SLICE
91,222,80,192,11,30,41,1883,7,SLICE,SLICE
91,222,80,199,11,23,34,1492,7,SLICE,SLICE
91,222,80,200,11,22,33,1862,7,SLICE,SLICE
92,200,92,200,0,0,0,58,1,SLICE,SLICE
88,196,88,196,0,0,0,59,1,SLICE,SLICE
80,181,80,181,0,0,0,59,1,SLICE,SLICE
84,194,84,194,0,0,0,58,1,SLICE,SLICE
85,202,85,202,0,0,0,58,1,SLICE,SLICE
80,181,80,181,0,0,0,58,1,SLICE,SLICE
83,200,83,200,0,0,0,58,1,SLICE,SLICE
83,205,83,205,0,0,0,58,1,SLICE,SLICE
89,199,89,199,0,0,0,58,1,SLICE,SLICE
86,197,86,197,0,0,0,55,1,SLICE,SLICE
88,202,88,202,0,0,0,58,1,SLICE,SLICE
90,202,90,202,0,0,0,55,1,SLICE,SLICE
82,195,82,195,0,0,0,55,1,SLICE,SLICE
88,200,88,200,0,0,0,58,1,SLICE,SLICE
86,203,86,203,0,0,0,55,1,SLICE,SLICE
89,199,89,199,0,0,0,58,1,SLICE,SLICE
82,197,82,197,0,0,0,55,1,SLICE,SLICE
86,204,86,204,0,0,0,55,1,SLICE,SLICE
88,195,88,195,0,0,0,58,1,SLICE,SLICE
92,197,92,197,0,0,0,58,1,SLICE,SLICE
92,191,92,191,0,0,0,58,1,SLICE,SLICE
88,189,88,189,0,0,0,59,1,SLICE,SLICE
92,198,92,198,0,0,0,58,1,SLICE,SLICE
86,200,86,200,0,0,0,55,1,SLICE,SLICE
88,197,88,197,0,0,0,58,1,SLICE,SLICE
90,190,90,190,0,0,0,55,1,SLICE,SLICE
93,196,93,196,0,0,0,59,1,SLICE,SLICE
88,191,88,191,0,0,0,58,1,SLICE,SLICE
90,197,90,197,0,0,0,55,1,SLICE,SLICE
91,192,91,192,0,0,0,59,1,SLICE,SLICE
88,183,88,183,0,0,0,59,1,SLICE,SLICE
90,188,90,188,0,0,0,55,1,SLICE,SLICE
86,196,86,196,0,0,0,56,1,SLICE,SLICE
88,183,88,183,0,0,0,58,1,SLICE,SLICE
91,184,91,184,0,0,0,59,1,SLICE,SLICE
89,183,89,183,0,0,0,59,1,SLICE,SLICE
90,187,90,187,0,0,0,55,1,SLICE,SLICE
90,188,90,188,0,0,0,55,1,SLICE,SLICE
90,185,90,185,0,0,0,55,1,SLICE,SLICE
90,185,90,185,0,0,0,55,1,SLICE,SLICE
82,184,82,184,0,0,0,55,1,SLICE,SLICE
86,186,86,186,0,0,0,55,1,SLICE,SLICE
80,175,80,175,0,0,0,58,1,SLICE,SLICE
88,202,88,202,0,0,0,58,1,SLICE,SLICE
78,177,78,177,0,0,0,55,1,SLICE,SLICE
77,177,77,177,0,0,0,58,1,SLICE,SLICE
78,176,78,176,0,0,0,55,1,SLICE,SLICE
84,180,84,180,0,0,0,58,1,SLICE,SLICE
88,180,88,180,0,0,0,59,1,SLICE,SLICE
78,178,78,178,0,0,0,55,1,SLICE,SLICE
82,177,82,177,0,0,0,55,1,SLICE,SLICE
79,177,79,177,0,0,0,59,1,SLICE,SLICE
84,183,84,183,0,0,0,58,1,SLICE,SLICE
88,181,88,181,0,0,0,58,1,SLICE,SLICE
82,172,82,172,0,0,0,56,1,SLICE,SLICE
78,170,78,170,0,0,0,55,1,SLICE,SLICE
78,172,78,172,0,0,0,55,1,SLICE,SLICE
82,172,82,172,0,0,0,55,1,SLICE,SLICE
90,183,90,183,0,0,0,55,1,SLICE,SLICE
80,172,80,172,0,0,0,59,1,SLICE,SLICE
85,171,85,171,0,0,0,58,1,SLICE,SLICE
84,185,84,185,0,0,0,59,1,SLICE,SLICE
82,171,82,171,0,0,0,55,1,SLICE,SLICE
82,179,82,179,0,0,0,55,1,SLICE,SLICE
84,181,84,181,0,0,0,58,1,SLICE,SLICE
90,182,90,182,0,0,0,55,1,SLICE,SLICE
82,180,82,180,0,0,0,56,1,SLICE,SLICE
83,173,83,173,0,0,0,58,1,SLICE,SLICE
88,176,88,176,0,0,0,58,1,SLICE,SLICE
88,181,88,181,0,0,0,59,1,SLICE,SLICE
86,175,86,175,0,0,0,55,1,SLICE,SLICE
84,175,84,175,0,0,0,58,1,SLICE,SLICE
84,173,84,173,0,0,0,58,1,SLICE,SLICE
85,173,85,173,0,0,0,58,1,SLICE,SLICE
83,199,83,199,0,0,0,58,1,SLICE,SLICE
85,175,85,175,0,0,0,59,1,SLICE,SLICE
88,200,88,200,0,0,0,58,1,SLICE,SLICE
88,176,88,176,0,0,0,58,1,SLICE,SLICE
88,177,88,177,0,0,0,59,1,SLICE,SLICE
86,176,86,176,0,0,0,55,1,SLICE,SLICE
82,182,82,182,0,0,0,56,1,SLICE,SLICE
82,186,82,186,0,0,0,55,1,SLICE,SLICE
82,183,82,183,0,0,0,55,1,SLICE,SLICE
85,183,85,183,0,0,0,58,1,SLICE,SLICE
86,174,86,174,0,0,0,55,1,SLICE,SLICE
84,198,84,198,0,0,0,58,1,SLICE,SLICE
82,178,82,178,0,0,0,55,1,SLICE,SLICE
85,181,85,181,0,0,0,58,1,SLICE,SLICE
88,193,88,193,0,0,0,59,1,SLICE,SLICE
88,191,88,191,0,0,0,58,1,SLICE,SLICE
84,188,84,188,0,0,0,59,1,SLICE,SLICE
89,195,89,195,0,0,0,59,1,SLICE,SLICE
80,178,80,178,0,0,0,58,1,SLICE,SLICE
86,193,86,193,0,0,0,56,1,SLICE,SLICE
91,194,91,194,0,0,0,58,1,SLICE,SLICE
86,190,86,190,0,0,0,55,1,SLICE,SLICE
84,198,84,198,0,0,0,58,1,SLICE,SLICE
85,196,85,196,0,0,0,59,1,SLICE,SLICE
89,197,89,197,0,0,0,58,1,SLICE,SLICE
84,190,84,190,0,0,0,58,1,SLICE,SLICE
88,202,88,202,0,0,0,58,1,SLICE,SLICE
84,205,84,205,0,0,0,58,1,SLICE,SLICE
82,193,82,193,0,0,0,55,1,SLICE,SLICE
82,204,82,204,0,0,0,55,1,SLICE,SLICE
82,199,82,199,0,0,0,56,1,SLICE,SLICE
80,180,80,180,0,0,0,59,1,SLICE,SLICE
78,179,78,179,0,0,0,55,1,SLICE,SLICE
89,206,83,173,6,33,39,1517,7,SLICE,SLICE
89,206,83,176,6,30,36,1551,7,SLICE,SLICE
89,206,84,180,5,26,31,1456,7,SLICE,SLICE
89,206,82,174,7,32,39,1640,7,SLICE,SLICE
77,184,85,172,8,12,20,1360,7,SLICE,SLICE
77,184,82,187,5,3,8,704,7,SLICE,SLICE
77,184,81,171,4,13,17,1036,7,SLICE,SLICE
77,184,86,171,9,13,22,1227,7,SLICE,SLICE
5,57,78,176,73,119,192,2765,7,RAMB18,SLICE
5,57,78,177,73,120,193,2877,7,RAMB18,SLICE
5,57,78,177,73,120,193,2633,7,RAMB18,SLICE
5,57,84,181,79,124,203,2705,7,RAMB18,SLICE
5,57,83,179,78,122,200,2584,7,RAMB18,SLICE
5,57,85,179,80,122,202,2515,7,RAMB18,SLICE
5,57,83,183,78,126,204,2748,7,RAMB18,SLICE
5,57,82,177,77,120,197,2261,7,RAMB18,SLICE
5,57,84,190,79,133,212,3008,7,RAMB18,SLICE
5,57,89,193,84,136,220,3374,7,RAMB18,SLICE
5,57,84,188,79,131,210,3000,7,RAMB18,SLICE
5,57,83,186,78,129,207,2753,7,RAMB18,SLICE
82,206,83,204,1,2,3,678,7,SLICE,SLICE
82,206,86,199,4,7,11,1036,7,SLICE,SLICE
82,206,84,206,2,0,2,669,7,SLICE,SLICE
82,206,82,203,0,3,3,607,7,SLICE,SLICE
79,183,88,182,9,1,10,1093,7,SLICE,SLICE
79,183,85,175,6,8,14,1070,7,SLICE,SLICE
79,183,88,173,9,10,19,1320,7,SLICE,SLICE
79,183,85,172,6,11,17,1189,7,SLICE,SLICE
5,31,91,202,86,171,257,5467,7,RAMB18,SLICE
5,31,93,198,88,167,255,5237,7,RAMB18,SLICE
5,31,93,197,88,166,254,5441,7,RAMB18,SLICE
5,31,92,194,87,163,250,4956,7,RAMB18,SLICE
5,31,89,182,84,151,235,3167,7,RAMB18,SLICE
5,31,82,189,77,158,235,4148,7,RAMB18,SLICE
5,31,85,183,80,152,232,3596,7,RAMB18,SLICE
5,31,91,194,86,163,249,4472,7,RAMB18,SLICE
5,31,79,173,74,142,216,5259,7,RAMB18,SLICE
5,31,84,177,79,146,225,4912,7,RAMB18,SLICE
5,31,91,188,86,157,243,5441,7,RAMB18,SLICE
5,31,86,177,81,146,227,4776,7,RAMB18,SLICE
79,181,90,193,11,12,23,1233,7,SLICE,SLICE
79,181,92,196,13,15,28,1579,7,SLICE,SLICE
79,181,91,193,12,12,24,1325,7,SLICE,SLICE
79,181,91,199,12,18,30,1701,7,SLICE,SLICE
76,175,83,178,7,3,10,679,7,SLICE,SLICE
76,175,84,177,8,2,10,651,7,SLICE,SLICE
76,175,87,180,11,5,16,1096,7,SLICE,SLICE
76,175,85,182,9,7,16,728,7,SLICE,SLICE
6,55,85,185,79,130,209,3422,7,RAMB18,SLICE
6,55,89,181,83,126,209,3255,7,RAMB18,SLICE
6,55,81,171,75,116,191,3087,7,RAMB18,SLICE
6,55,89,193,83,138,221,3870,7,RAMB18,SLICE
6,55,87,196,81,141,222,3142,7,RAMB18,SLICE
6,55,83,185,77,130,207,3220,7,RAMB18,SLICE
6,55,91,186,85,131,216,2772,7,RAMB18,SLICE
6,55,88,182,82,127,209,2738,7,RAMB18,SLICE
6,55,84,184,78,129,207,3321,7,RAMB18,SLICE
6,55,81,169,75,114,189,2785,7,RAMB18,SLICE
6,55,85,181,79,126,205,3087,7,RAMB18,SLICE
6,55,91,187,85,132,217,3419,7,RAMB18,SLICE
6,55,83,196,77,141,218,3184,7,RAMB18,SLICE
6,55,91,190,85,135,220,2965,7,RAMB18,SLICE
6,55,89,190,83,135,218,3377,7,RAMB18,SLICE
6,55,83,190,77,135,212,3449,7,RAMB18,SLICE
75,179,82,173,7,6,13,1007,7,SLICE,SLICE
75,179,87,176,12,3,15,820,7,SLICE,SLICE
75,179,82,183,7,4,11,839,7,SLICE,SLICE
75,179,85,177,10,2,12,709,7,SLICE,SLICE
92,209,86,189,6,20,26,1445,7,SLICE,SLICE
92,209,92,192,0,17,17,1006,7,SLICE,SLICE
92,209,89,188,3,21,24,1404,7,SLICE,SLICE
92,209,91,189,1,20,21,1099,7,SLICE,SLICE
91,208,83,199,8,9,17,1176,7,SLICE,SLICE
91,208,86,199,5,9,14,1263,7,SLICE,SLICE
91,208,89,202,2,6,8,935,7,SLICE,SLICE
91,208,82,201,9,7,16,1049,7,SLICE,SLICE
6,40,87,193,81,153,234,4839,7,RAMB18,SLICE
6,40,85,196,79,156,235,4749,7,RAMB18,SLICE
6,40,80,175,74,135,209,3619,7,RAMB18,SLICE
6,40,88,193,82,153,235,4735,7,RAMB18,SLICE
6,40,83,188,77,148,225,3958,7,RAMB18,SLICE
6,40,89,194,83,154,237,4635,7,RAMB18,SLICE
6,40,83,181,77,141,218,3695,7,RAMB18,SLICE
6,40,83,180,77,140,217,3589,7,RAMB18,SLICE
6,40,82,177,76,137,213,3389,7,RAMB18,SLICE
6,40,79,176,73,136,209,3932,7,RAMB18,SLICE
6,40,86,187,80,147,227,3973,7,RAMB18,SLICE
6,40,83,187,77,147,224,4270,7,RAMB18,SLICE
77,174,89,176,12,2,14,831,7,SLICE,SLICE
77,174,85,171,8,3,11,864,7,SLICE,SLICE
77,174,83,176,6,2,8,933,7,SLICE,SLICE
77,174,86,179,9,5,14,1161,7,SLICE,SLICE
77,174,82,185,5,11,16,1023,7,SLICE,SLICE
77,174,87,171,10,3,13,917,7,SLICE,SLICE
77,174,78,172,1,2,3,595,7,SLICE,SLICE
77,174,86,186,9,12,21,1074,7,SLICE,SLICE
6,41,88,182,82,141,223,4378,7,RAMB18,SLICE
6,41,89,192,83,151,234,5133,7,RAMB18,SLICE
6,41,83,172,77,131,208,3385,7,RAMB18,SLICE
6,41,85,177,79,136,215,3878,7,RAMB18,SLICE
6,41,83,178,77,137,214,3787,7,RAMB18,SLICE
6,41,84,175,78,134,212,3870,7,RAMB18,SLICE
6,41,83,183,77,142,219,4055,7,RAMB18,SLICE
6,41,88,185,82,144,226,3888,7,RAMB18,SLICE
6,41,87,179,81,138,219,3550,7,RAMB18,SLICE
6,41,88,189,82,148,230,4222,7,RAMB18,SLICE
6,41,89,180,83,139,222,3370,7,RAMB18,SLICE
6,41,88,189,82,148,230,4367,7,RAMB18,SLICE
93,206,84,186,9,20,29,1622,7,SLICE,SLICE
93,206,92,185,1,21,22,1277,7,SLICE,SLICE
93,206,87,185,6,21,27,1619,7,SLICE,SLICE
93,206,90,188,3,18,21,1155,7,SLICE,SLICE
74,180,85,194,11,14,25,1994,7,SLICE,SLICE
74,180,87,185,13,5,18,750,7,SLICE,SLICE
74,180,84,185,10,5,15,952,7,SLICE,SLICE
74,180,91,191,17,11,28,926,7,SLICE,SLICE
6,56,86,195,80,139,219,3762,7,RAMB18,SLICE
6,56,89,195,83,139,222,3742,7,RAMB18,SLICE
6,56,80,177,74,121,195,2765,7,RAMB18,SLICE
6,56,85,183,79,127,206,3428,7,RAMB18,SLICE
6,56,85,175,79,119,198,2997,7,RAMB18,SLICE
6,56,87,177,81,121,202,2733,7,RAMB18,SLICE
6,56,83,187,77,131,208,3072,7,RAMB18,SLICE
6,56,86,177,80,121,201,2918,7,RAMB18,SLICE
6,56,82,184,76,128,204,2941,7,RAMB18,SLICE
6,56,82,198,76,142,218,3915,7,RAMB18,SLICE
6,56,84,200,78,144,222,4145,7,RAMB18,SLICE
6,56,82,186,76,130,206,3357,7,RAMB18,SLICE
6,56,87,203,81,147,228,3260,7,RAMB18,SLICE
6,56,85,206,79,150,229,3434,7,RAMB18,SLICE
6,56,87,205,81,149,230,3532,7,RAMB18,SLICE
6,56,89,202,83,146,229,3257,7,RAMB18,SLICE
76,173,83,179,7,6,13,1251,7,SLICE,SLICE
76,173,79,173,3,0,3,606,7,SLICE,SLICE
76,173,81,173,5,0,5,691,7,SLICE,SLICE
76,173,84,178,8,5,13,978,7,SLICE,SLICE
71,193,87,200,16,7,23,1313,7,SLICE,SLICE
71,193,85,204,14,11,25,1415,7,SLICE,SLICE
71,193,88,201,17,8,25,1221,7,SLICE,SLICE
71,193,83,193,12,0,12,498,7,SLICE,SLICE
5,52,83,205,78,153,231,4163,7,RAMB18,SLICE
5,52,78,179,73,127,200,3062,7,RAMB18,SLICE
5,52,80,179,75,127,202,3040,7,RAMB18,SLICE
5,52,84,191,79,139,218,3585,7,RAMB18,SLICE
5,52,82,197,77,145,222,3487,7,RAMB18,SLICE
5,52,89,196,84,144,228,3475,7,RAMB18,SLICE
5,52,90,192,85,140,225,3456,7,RAMB18,SLICE
5,52,83,189,78,137,215,3696,7,RAMB18,SLICE
5,52,87,198,82,146,228,4021,7,RAMB18,SLICE
5,52,92,192,87,140,227,3409,7,RAMB18,SLICE
5,52,86,191,81,139,220,3460,7,RAMB18,SLICE
5,52,91,193,86,141,227,3421,7,RAMB18,SLICE
6,34,84,174,78,140,218,4329,7,RAMB18,SLICE
6,34,84,182,78,148,226,4944,7,RAMB18,SLICE
6,34,88,182,82,148,230,4620,7,RAMB18,SLICE
6,34,88,175,82,141,223,4627,7,RAMB18,SLICE
6,34,82,200,76,166,242,4220,6,RAMB18,SLICE
6,34,82,197,76,163,239,4233,6,RAMB18,SLICE
6,34,82,203,76,169,245,4095,6,RAMB18,SLICE
6,34,83,198,77,164,241,4204,6,RAMB18,SLICE
6,34,89,185,83,151,234,5103,7,RAMB18,SLICE
6,34,88,185,82,151,233,5111,7,RAMB18,SLICE
6,34,83,178,77,144,221,4281,7,RAMB18,SLICE
6,34,83,188,77,154,231,5731,7,RAMB18,SLICE
92,203,90,204,2,1,3,272,7,SLICE,SLICE
92,203,89,195,3,8,11,847,7,SLICE,SLICE
92,203,88,189,4,14,18,880,7,SLICE,SLICE
92,203,89,189,3,14,17,1028,7,SLICE,SLICE
89,206,84,202,5,4,9,525,7,SLICE,SLICE
89,206,88,203,1,3,4,579,7,SLICE,SLICE
89,206,83,200,6,6,12,1084,7,SLICE,SLICE
89,206,84,203,5,3,8,696,7,SLICE,SLICE
5,43,82,203,77,160,237,4197,7,RAMB18,SLICE
5,43,83,198,78,155,233,4001,7,RAMB18,SLICE
5,43,83,200,78,157,235,4204,7,RAMB18,SLICE
5,43,85,202,80,159,239,4096,7,RAMB18,SLICE
5,43,83,203,78,160,238,4833,7,RAMB18,SLICE
5,43,85,195,80,152,232,4182,7,RAMB18,SLICE
5,43,83,192,78,149,227,4738,7,RAMB18,SLICE
5,43,83,198,78,155,233,4614,7,RAMB18,SLICE
5,43,88,196,83,153,236,3895,7,RAMB18,SLICE
5,43,92,194,87,151,238,3404,7,RAMB18,SLICE
5,43,88,199,83,156,239,3990,7,RAMB18,SLICE
5,43,90,198,85,155,240,3879,7,RAMB18,SLICE
5,43,88,184,83,141,224,3723,7,RAMB18,SLICE
5,43,87,196,82,153,235,4361,7,RAMB18,SLICE
5,43,84,188,79,145,224,4285,7,RAMB18,SLICE
5,43,86,185,81,142,223,3776,7,RAMB18,SLICE
77,179,85,202,8,23,31,1046,7,SLICE,SLICE
77,179,82,196,5,17,22,1185,7,SLICE,SLICE
77,179,91,202,14,23,37,1595,7,SLICE,SLICE
77,179,83,196,6,17,23,1204,7,SLICE,SLICE
71,181,90,191,19,10,29,1212,7,SLICE,SLICE
71,181,91,186,20,5,25,1304,7,SLICE,SLICE
71,181,90,186,19,5,24,1308,7,SLICE,SLICE
71,181,88,186,17,5,22,1243,7,SLICE,SLICE
5,30,86,197,81,167,248,4971,7,RAMB18,SLICE
5,30,92,194,87,164,251,4553,7,RAMB18,SLICE
5,30,92,193,87,163,250,4449,7,RAMB18,SLICE
5,30,90,202,85,172,257,5094,7,RAMB18,SLICE
5,30,85,203,80,173,253,5039,7,RAMB18,SLICE
5,30,83,203,78,173,251,5001,7,RAMB18,SLICE
5,30,85,205,80,175,255,5166,7,RAMB18,SLICE
5,30,82,205,77,175,252,5300,7,RAMB18,SLICE
5,30,84,176,79,146,225,3901,7,RAMB18,SLICE
5,30,85,193,80,163,243,5130,7,RAMB18,SLICE
5,30,88,196,83,166,249,5043,7,RAMB18,SLICE
5,30,84,190,79,160,239,4782,7,RAMB18,SLICE
90,208,90,191,0,17,17,1481,7,SLICE,SLICE
90,208,89,190,1,18,19,1144,7,SLICE,SLICE
90,208,84,191,6,17,23,932,7,SLICE,SLICE
90,208,91,190,1,18,19,1315,7,SLICE,SLICE
80,186,89,205,9,19,28,2084,7,SLICE,SLICE
80,186,83,190,3,4,7,839,7,SLICE,SLICE
80,186,91,190,11,4,15,751,7,SLICE,SLICE
80,186,88,197,8,11,19,1787,7,SLICE,SLICE
5,53,93,200,88,147,235,4293,7,RAMB18,SLICE
5,53,78,178,73,125,198,2992,7,RAMB18,SLICE
5,53,81,177,76,124,200,2699,7,RAMB18,SLICE
5,53,88,195,83,142,225,4177,7,RAMB18,SLICE
5,53,83,190,78,137,215,3756,7,RAMB18,SLICE
5,53,92,198,87,145,232,3246,7,RAMB18,SLICE
5,53,82,190,77,137,214,3869,7,RAMB18,SLICE
5,53,88,197,83,144,227,3483,7,RAMB18,SLICE
5,53,83,199,78,146,224,3291,7,RAMB18,SLICE
5,53,83,193,78,140,218,2996,7,RAMB18,SLICE
5,53,86,199,81,146,227,3044,7,RAMB18,SLICE
5,53,88,201,83,148,231,3939,7,RAMB18,SLICE
79,183,89,189,10,6,16,1016,7,SLICE,SLICE
79,183,84,187,5,4,9,750,7,SLICE,SLICE
79,183,86,191,7,8,15,563,7,SLICE,SLICE
79,183,88,193,9,10,19,799,7,SLICE,SLICE
90,207,93,192,3,15,18,918,7,SLICE,SLICE
90,207,91,199,1,8,9,858,7,SLICE,SLICE
90,207,91,204,1,3,4,682,7,SLICE,SLICE
90,207,87,203,3,4,7,587,7,SLICE,SLICE
92,205,86,174,6,31,37,2145,7,SLICE,SLICE
92,205,87,179,5,26,31,1899,7,SLICE,SLICE
92,205,83,183,9,22,31,1699,7,SLICE,SLICE
92,205,86,191,6,14,20,1003,7,SLICE,SLICE
5,47,78,174,73,127,200,3271,7,RAMB18,SLICE
5,47,86,179,81,132,213,3339,7,RAMB18,SLICE
5,47,78,170,73,123,196,3527,7,RAMB18,SLICE
5,47,85,173,80,126,206,3014,7,RAMB18,SLICE
5,47,91,192,86,145,231,3147,7,RAMB18,SLICE
5,47,88,196,83,149,232,3999,7,RAMB18,SLICE
5,47,88,195,83,148,231,3700,7,RAMB18,SLICE
5,47,88,184,83,137,220,3308,7,RAMB18,SLICE
5,47,93,197,88,150,238,4743,7,RAMB18,SLICE
5,47,91,193,86,146,232,4116,7,RAMB18,SLICE
5,47,78,179,73,132,205,3363,7,RAMB18,SLICE
5,47,92,200,87,153,240,4868,7,RAMB18,SLICE
5,47,87,195,82,148,230,3473,7,RAMB18,SLICE
5,47,86,203,81,156,237,4501,7,RAMB18,SLICE
5,47,82,197,77,150,227,3614,7,RAMB18,SLICE
5,47,86,198,81,151,232,4068,7,RAMB18,SLICE
77,178,86,179,9,1,10,933,7,SLICE,SLICE
77,178,89,191,12,13,25,2061,7,SLICE,SLICE
77,178,87,179,10,1,11,927,7,SLICE,SLICE
77,178,91,194,14,16,30,1626,7,SLICE,SLICE
76,178,84,194,8,16,24,1153,7,SLICE,SLICE
76,178,84,198,8,20,28,1191,7,SLICE,SLICE
76,178,84,197,8,19,27,1386,7,SLICE,SLICE
76,178,88,205,12,27,39,1790,7,SLICE,SLICE
5,37,85,206,80,169,249,5407,7,RAMB18,SLICE
5,37,86,206,81,169,250,5448,7,RAMB18,SLICE
5,37,83,205,78,168,246,5427,7,RAMB18,SLICE
5,37,81,181,76,144,220,4667,7,RAMB18,SLICE
5,37,89,189,84,152,236,4356,6,RAMB18,SLICE
5,37,90,195,85,158,243,4629,6,RAMB18,SLICE
5,37,83,189,78,152,230,4141,6,RAMB18,SLICE
5,37,86,204,81,167,248,5041,6,RAMB18,SLICE
5,37,82,186,77,149,226,4824,7,RAMB18,SLICE
5,37,86,176,81,139,220,4002,7,RAMB18,SLICE
5,37,79,174,74,137,211,4275,7,RAMB18,SLICE
5,37,82,184,77,147,224,4710,7,RAMB18,SLICE
70,183,83,196,13,13,26,1071,7,SLICE,SLICE
70,183,82,196,12,13,25,979,7,SLICE,SLICE
70,183,89,203,19,20,39,1293,7,SLICE,SLICE
70,183,80,181,10,2,12,581,7,SLICE,SLICE
72,181,88,200,16,19,35,1473,6,SLICE,SLICE
72,181,91,204,19,23,42,1515,6,SLICE,SLICE
72,181,89,200,17,19,36,1210,6,SLICE,SLICE
72,181,82,191,10,10,20,766,6,SLICE,SLICE
6,24,88,191,82,167,249,5548,7,RAMB18,SLICE
6,24,93,191,87,167,254,5729,7,RAMB18,SLICE
6,24,82,192,76,168,244,6124,7,RAMB18,SLICE
6,24,91,190,85,166,251,5730,7,RAMB18,SLICE
6,24,83,181,77,157,234,4383,7,RAMB18,SLICE
6,24,89,181,83,157,240,4406,7,RAMB18,SLICE
6,24,85,184,79,160,239,4726,7,RAMB18,SLICE
6,24,91,187,85,163,248,4681,7,RAMB18,SLICE
6,24,81,181,75,157,232,5175,7,RAMB18,SLICE
6,24,89,205,83,181,264,6220,7,RAMB18,SLICE
6,24,82,194,76,170,246,5579,7,RAMB18,SLICE
6,24,82,203,76,179,255,5916,7,RAMB18,SLICE
74,179,91,183,17,4,21,1432,7,SLICE,SLICE
74,179,79,177,5,2,7,455,7,SLICE,SLICE
74,179,91,183,17,4,21,1289,7,SLICE,SLICE
74,179,82,185,8,6,14,986,7,SLICE,SLICE
91,208,91,190,0,18,18,1212,7,SLICE,SLICE
91,208,87,205,4,3,7,1046,7,SLICE,SLICE
91,208,89,189,2,19,21,1337,7,SLICE,SLICE
91,208,89,196,2,12,14,929,7,SLICE,SLICE
70,181,91,183,21,2,23,1606,7,SLICE,SLICE
70,181,78,175,8,6,14,517,7,SLICE,SLICE
70,181,87,180,17,1,18,1383,7,SLICE,SLICE
70,181,86,177,16,4,20,1590,7,SLICE,SLICE
6,27,83,203,77,176,253,4848,7,RAMB18,SLICE
6,27,84,205,78,178,256,4804,7,RAMB18,SLICE
6,27,84,203,78,176,254,4602,7,RAMB18,SLICE
6,27,88,201,82,174,256,4339,7,RAMB18,SLICE
6,27,82,182,76,155,231,5133,7,RAMB18,SLICE
6,27,83,187,77,160,237,5806,7,RAMB18,SLICE
6,27,83,182,77,155,232,5420,7,RAMB18,SLICE
6,27,85,182,79,155,234,5461,7,RAMB18,SLICE
6,27,82,180,76,153,229,4471,7,RAMB18,SLICE
6,27,87,171,81,144,225,4563,7,RAMB18,SLICE
6,27,85,170,79,143,222,4215,7,RAMB18,SLICE
6,27,84,171,78,144,222,4070,7,RAMB18,SLICE
6,27,85,192,79,165,244,5555,7,RAMB18,SLICE
6,27,85,192,79,165,244,5396,7,RAMB18,SLICE
6,27,85,194,79,167,246,5670,7,RAMB18,SLICE
6,27,85,185,79,158,237,5370,7,RAMB18,SLICE
73,182,86,199,13,17,30,1774,7,SLICE,SLICE
73,182,79,179,6,3,9,738,7,SLICE,SLICE
73,182,88,192,15,10,25,1476,7,SLICE,SLICE
73,182,90,198,17,16,33,1518,7,SLICE,SLICE
77,181,84,181,7,0,7,595,7,SLICE,SLICE
77,181,85,194,8,13,21,1407,7,SLICE,SLICE
77,181,85,188,8,7,15,938,7,SLICE,SLICE
77,181,86,195,9,14,23,1403,7,SLICE,SLICE
6,37,90,192,84,155,239,4094,7,RAMB18,SLICE
6,37,95,194,89,157,246,4080,7,RAMB18,SLICE
6,37,91,199,85,162,247,4326,7,RAMB18,SLICE
6,37,87,197,81,160,241,4071,7,RAMB18,SLICE
6,37,79,173,73,136,209,4506,7,RAMB18,SLICE
6,37,77,172,71,135,206,4504,7,RAMB18,SLICE
6,37,81,169,75,132,207,3933,7,RAMB18,SLICE
6,37,80,169,74,132,206,3619,7,RAMB18,SLICE
6,37,79,179,73,142,215,4875,7,RAMB18,SLICE
6,37,84,191,78,154,232,4544,7,RAMB18,SLICE
6,37,91,190,85,153,238,4490,7,RAMB18,SLICE
6,37,87,197,81,160,241,4736,7,RAMB18,SLICE
78,181,86,182,8,1,9,884,7,SLICE,SLICE
78,181,86,176,8,5,13,641,7,SLICE,SLICE
78,181,79,173,1,8,9,1265,7,SLICE,SLICE
78,181,86,192,8,11,19,1371,7,SLICE,SLICE
76,180,85,178,9,2,11,829,7,SLICE,SLICE
76,180,84,174,8,6,14,1149,7,SLICE,SLICE
76,180,86,185,10,5,15,735,7,SLICE,SLICE
76,180,87,177,11,3,14,935,7,SLICE,SLICE
5,39,87,195,82,156,238,5506,7,RAMB18,SLICE
5,39,85,187,80,148,228,4667,7,RAMB18,SLICE
5,39,82,178,77,139,216,3921,7,RAMB18,SLICE
5,39,83,185,78,146,224,4661,7,RAMB18,SLICE
5,39,90,191,85,152,237,3766,7,RAMB18,SLICE
5,39,87,186,82,147,229,3934,7,RAMB18,SLICE
5,39,88,183,83,144,227,3346,7,RAMB18,SLICE
5,39,78,178,73,139,212,4122,7,RAMB18,SLICE
5,39,91,199,86,160,246,3900,7,RAMB18,SLICE
5,39,86,189,81,150,231,3201,7,RAMB18,SLICE
5,39,92,201,87,162,249,3655,7,RAMB18,SLICE
5,39,86,196,81,157,238,3515,7,RAMB18,SLICE
71,182,90,203,19,21,40,1259,7,SLICE,SLICE
71,182,85,202,14,20,34,1469,7,SLICE,SLICE
71,182,89,199,18,17,35,1530,7,SLICE,SLICE
71,182,86,205,15,23,38,1651,7,SLICE,SLICE
74,178,92,196,18,18,36,1319,7,SLICE,SLICE
74,178,92,189,18,11,29,1159,7,SLICE,SLICE
74,178,83,190,9,12,21,872,7,SLICE,SLICE
74,178,90,201,16,23,39,2034,7,SLICE,SLICE
6,45,83,198,77,153,230,5063,7,RAMB18,SLICE
6,45,84,201,78,156,234,5160,7,RAMB18,SLICE
6,45,84,203,78,158,236,5368,7,RAMB18,SLICE
6,45,80,178,74,133,207,3475,7,RAMB18,SLICE
6,45,91,184,85,139,224,3610,7,RAMB18,SLICE
6,45,83,176,77,131,208,3789,7,RAMB18,SLICE
6,45,79,176,73,131,204,3864,7,RAMB18,SLICE
6,45,78,176,72,131,203,4173,7,RAMB18,SLICE
6,45,84,177,78,132,210,3202,7,RAMB18,SLICE
6,45,86,192,80,147,227,4277,7,RAMB18,SLICE
6,45,85,177,79,132,211,3517,7,RAMB18,SLICE
6,45,86,192,80,147,227,4102,7,RAMB18,SLICE
6,45,80,179,74,134,208,3495,7,RAMB18,SLICE
6,45,81,179,75,134,209,3849,7,RAMB18,SLICE
6,45,84,206,78,161,239,5171,7,RAMB18,SLICE
6,45,85,205,79,160,239,4871,7,RAMB18,SLICE
6,30,83,190,77,160,237,5674,7,RAMB18,SLICE
6,30,91,197,85,167,252,5075,7,RAMB18,SLICE
6,30,84,197,78,167,245,5388,7,RAMB18,SLICE
6,30,88,191,82,161,243,5325,7,RAMB18,SLICE
6,30,86,191,80,161,241,4894,7,RAMB18,SLICE
6,30,87,195,81,165,246,4918,7,RAMB18,SLICE
6,30,84,179,78,149,227,4267,7,RAMB18,SLICE
6,30,84,179,78,149,227,4263,7,RAMB18,SLICE
6,30,84,194,78,164,242,5309,7,RAMB18,SLICE
6,30,85,199,79,169,248,5658,7,RAMB18,SLICE
6,30,82,193,76,163,239,5596,7,RAMB18,SLICE
6,30,86,203,80,173,253,6088,7,RAMB18,SLICE
79,182,85,193,6,11,17,891,7,SLICE,SLICE
79,182,84,192,5,10,15,781,7,SLICE,SLICE
79,182,91,191,12,9,21,1112,7,SLICE,SLICE
79,182,83,186,4,4,8,827,7,SLICE,SLICE
90,211,83,204,7,7,14,1304,7,SLICE,SLICE
90,211,83,200,7,11,18,1067,7,SLICE,SLICE
90,211,85,203,5,8,13,919,7,SLICE,SLICE
90,211,85,200,5,11,16,1170,7,SLICE,SLICE
5,34,86,204,81,170,251,4638,7,RAMB18,SLICE
5,34,83,197,78,163,241,4450,7,RAMB18,SLICE
5,34,89,202,84,168,252,4683,7,RAMB18,SLICE
5,34,87,197,82,163,245,4567,7,RAMB18,SLICE
5,34,81,179,76,145,221,3991,7,RAMB18,SLICE
5,34,83,190,78,156,234,4556,7,RAMB18,SLICE
5,34,89,199,84,165,249,4730,7,RAMB18,SLICE
5,34,84,203,79,169,248,5299,7,RAMB18,SLICE
5,34,85,180,80,146,226,4712,7,RAMB18,SLICE
5,34,79,178,74,144,218,5213,7,RAMB18,SLICE
5,34,90,184,85,150,235,4456,7,RAMB18,SLICE
5,34,79,177,74,143,217,5325,7,RAMB18,SLICE
74,181,79,177,5,4,9,651,7,SLICE,SLICE
74,181,86,171,12,10,22,1136,7,SLICE,SLICE
74,181,84,171,10,10,20,1461,7,SLICE,SLICE
74,181,84,172,10,9,19,1023,7,SLICE,SLICE
41,270,38,270,3,0,3,315,1,SLICE,SLICE
42,280,42,278,0,2,2,469,1,SLICE,SLICE
91,134,90,134,1,0,1,546,1,SLICE,SLICE
70,134,70,164,0,30,30,1792,2,SLICE,SLICE
70,134,70,164,0,30,30,1433,2,SLICE,SLICE
68,173,68,206,0,33,33,1372,1,SLICE,SLICE
51,169,67,157,16,12,28,1055,2,SLICE,SLICE
51,169,48,170,3,1,4,564,2,SLICE,SLICE
68,136,68,142,0,6,6,581,1,SLICE,SLICE
69,134,62,134,7,0,7,488,2,SLICE,SLICE
69,134,62,134,7,0,7,722,2,SLICE,SLICE
52,134,52,143,0,9,9,658,1,SLICE,SLICE
19,135,18,135,1,0,1,459,1,SLICE,SLICE
39,206,38,194,1,12,13,884,1,SLICE,SLICE
21,215,18,217,3,2,5,586,1,SLICE,SLICE
4,142,4,153,0,11,11,866,1,SLICE,SLICE
53,246,48,232,5,14,19,953,2,SLICE,SLICE
53,246,52,246,1,0,1,342,2,SLICE,SLICE
7,197,12,205,5,8,13,799,2,SLICE,SLICE
7,197,12,201,5,4,9,877,2,SLICE,SLICE
13,194,12,201,1,7,8,572,1,SLICE,SLICE
48,231,48,235,0,4,4,577,1,SLICE,SLICE
48,209,48,221,0,12,12,689,2,SLICE,SLICE
48,209,50,226,2,17,19,1294,2,SLICE,SLICE
70,208,70,226,0,18,18,1201,1,SLICE,SLICE
91,280,78,280,13,0,13,585,1,SLICE,SLICE
90,244,93,243,3,1,4,602,3,SLICE,SLICE
90,244,90,244,0,0,0,583,3,SLICE,SLICE
90,244,82,241,8,3,11,612,3,SLICE,SLICE
92,230,87,230,5,0,5,367,2,SLICE,SLICE
92,230,88,227,4,3,7,559,2,SLICE,SLICE
92,206,80,199,12,7,19,976,2,SLICE,SLICE
92,206,78,193,14,13,27,1110,2,SLICE,SLICE
92,198,91,175,1,23,24,1413,2,SLICE,SLICE
92,198,90,199,2,1,3,697,2,SLICE,SLICE
93,203,92,186,1,17,18,1266,1,SLICE,SLICE
40,225,1,85,39,140,179,1001,1,SLICE,RAMB18
39,233,2,72,37,161,198,1792,1,SLICE,RAMB18
36,212,1,100,35,112,147,1405,1,SLICE,RAMB18
26,258,42,245,16,13,29,867,6,SLICE,SLICE
26,258,42,246,16,12,28,1070,6,SLICE,SLICE
26,258,45,245,19,13,32,1062,6,SLICE,SLICE
26,258,45,246,19,12,31,1367,6,SLICE,SLICE
44,233,44,232,0,1,1,266,6,SLICE,SLICE
44,233,44,231,0,2,2,681,6,SLICE,SLICE
44,233,44,232,0,1,1,582,6,SLICE,SLICE
44,233,44,232,0,1,1,442,6,SLICE,SLICE
6,198,45,245,39,47,86,3202,6,SLICE,SLICE
6,198,44,245,38,47,85,2935,6,SLICE,SLICE
6,198,42,245,36,47,83,2730,6,SLICE,SLICE
6,198,45,246,39,48,87,2696,6,SLICE,SLICE
39,217,1,91,38,126,164,987,1,SLICE,RAMB18
28,255,1,98,27,157,184,765,1,SLICE,RAMB18
44,198,30,249,14,51,65,2128,6,SLICE,SLICE
44,198,30,250,14,52,66,2072,6,SLICE,SLICE
44,198,32,250,12,52,64,1796,6,SLICE,SLICE
44,198,32,249,12,51,63,1913,6,SLICE,SLICE
44,217,46,241,2,24,26,1315,6,SLICE,SLICE
44,217,44,239,0,22,22,1413,6,SLICE,SLICE
44,217,44,240,0,23,23,1452,6,SLICE,SLICE
44,217,44,240,0,23,23,1198,6,SLICE,SLICE
42,217,1,85,41,132,173,1021,1,SLICE,RAMB18
20,215,1,94,19,121,140,1147,1,SLICE,RAMB18
27,262,33,254,6,8,14,960,6,SLICE,SLICE
27,262,32,254,5,8,13,1085,6,SLICE,SLICE
27,262,32,253,5,9,14,944,6,SLICE,SLICE
27,262,30,253,3,9,12,1049,6,SLICE,SLICE
34,213,1,104,33,109,142,2572,1,SLICE,RAMB18
42,212,46,239,4,27,31,1585,6,SLICE,SLICE
42,212,46,241,4,29,33,1511,6,SLICE,SLICE
42,212,44,239,2,27,29,1344,6,SLICE,SLICE
42,212,44,240,2,28,30,1223,6,SLICE,SLICE
42,231,30,251,12,20,32,1924,6,SLICE,SLICE
42,231,30,252,12,21,33,1821,6,SLICE,SLICE
42,231,30,252,12,21,33,1620,6,SLICE,SLICE
42,231,32,251,10,20,30,1493,6,SLICE,SLICE
41,211,45,223,4,12,16,784,6,SLICE,SLICE
41,211,45,224,4,13,17,895,6,SLICE,SLICE
41,211,44,223,3,12,15,791,6,SLICE,SLICE
41,211,44,224,3,13,16,1001,6,SLICE,SLICE
6,214,45,235,39,21,60,2061,6,SLICE,SLICE
6,214,46,235,40,21,61,2180,6,SLICE,SLICE
6,214,44,234,38,20,58,1635,6,SLICE,SLICE
6,214,45,234,39,20,59,1631,6,SLICE,SLICE
38,219,1,81,37,138,175,1115,1,SLICE,RAMB18
6,198,44,234,38,36,74,2040,6,SLICE,SLICE
6,198,44,234,38,36,74,2141,6,SLICE,SLICE
6,198,44,234,38,36,74,2139,6,SLICE,SLICE
6,198,44,233,38,35,73,1931,6,SLICE,SLICE
44,197,44,235,0,38,38,1647,6,SLICE,SLICE
44,197,44,233,0,36,36,1644,6,SLICE,SLICE
44,197,45,235,1,38,39,1656,6,SLICE,SLICE
44,197,45,234,1,37,38,1748,6,SLICE,SLICE
42,231,1,89,41,142,183,1074,1,SLICE,RAMB18
42,214,44,230,2,16,18,1161,6,SLICE,SLICE
42,214,44,230,2,16,18,1163,6,SLICE,SLICE
42,214,44,229,2,15,17,1047,6,SLICE,SLICE
42,214,45,229,3,15,18,922,6,SLICE,SLICE
38,229,1,84,37,145,182,1178,1,SLICE,RAMB18
28,254,1,98,27,156,183,657,1,SLICE,RAMB18
34,215,1,100,33,115,148,1543,1,SLICE,RAMB18
44,221,1,85,43,136,179,1049,1,SLICE,RAMB18
42,218,1,100,41,118,159,1443,1,SLICE,RAMB18
42,223,1,65,41,158,199,1976,1,SLICE,RAMB18
13,216,1,93,12,123,135,1121,1,SLICE,RAMB18
42,237,2,72,40,165,205,2060,1,SLICE,RAMB18
6,206,44,244,38,38,76,2765,6,SLICE,SLICE
6,206,44,244,38,38,76,2650,6,SLICE,SLICE
6,206,44,244,38,38,76,2650,6,SLICE,SLICE
6,206,45,245,39,39,78,2759,6,SLICE,SLICE
41,235,44,236,3,1,4,720,6,SLICE,SLICE
41,235,43,236,2,1,3,604,6,SLICE,SLICE
41,235,44,237,3,2,5,684,6,SLICE,SLICE
41,235,43,237,2,2,4,547,6,SLICE,SLICE
38,245,32,251,6,6,12,844,6,SLICE,SLICE
38,245,33,250,5,5,10,962,6,SLICE,SLICE
38,245,32,250,6,5,11,650,6,SLICE,SLICE
38,245,32,250,6,5,11,821,6,SLICE,SLICE
31,259,32,251,1,8,9,989,6,SLICE,SLICE
31,259,32,250,1,9,10,761,6,SLICE,SLICE
31,259,32,251,1,8,9,985,6,SLICE,SLICE
31,259,33,250,2,9,11,874,6,SLICE,SLICE
42,233,1,90,41,143,184,953,1,SLICE,RAMB18
26,264,30,255,4,9,13,574,6,SLICE,SLICE
26,264,32,255,6,9,15,1150,6,SLICE,SLICE
26,264,33,258,7,6,13,511,6,SLICE,SLICE
26,264,32,256,6,8,14,709,6,SLICE,SLICE
36,221,1,93,35,128,163,1144,1,SLICE,RAMB18
36,235,1,82,35,153,188,1440,1,SLICE,RAMB18
43,238,43,237,0,1,1,236,6,SLICE,SLICE
43,238,43,236,0,2,2,638,6,SLICE,SLICE
43,238,44,237,1,1,2,665,6,SLICE,SLICE
43,238,44,236,1,2,3,748,6,SLICE,SLICE
41,205,1,82,40,123,163,892,1,SLICE,RAMB18
28,250,44,235,16,15,31,1056,6,SLICE,SLICE
28,250,45,235,17,15,32,922,6,SLICE,SLICE
28,250,46,235,18,15,33,1604,6,SLICE,SLICE
28,250,45,234,17,16,33,1169,6,SLICE,SLICE
28,251,30,250,2,1,3,593,6,SLICE,SLICE
28,251,30,249,2,2,4,677,6,SLICE,SLICE
28,251,30,249,2,2,4,818,6,SLICE,SLICE
28,251,32,249,4,2,6,614,6,SLICE,SLICE
38,237,1,91,37,146,183,950,1,SLICE,RAMB18
42,245,45,244,3,1,4,432,6,SLICE,SLICE
42,245,45,244,3,1,4,470,6,SLICE,SLICE
42,245,44,243,2,2,4,692,6,SLICE,SLICE
42,245,45,243,3,2,5,688,6,SLICE,SLICE
37,243,32,268,5,25,30,1176,6,SLICE,SLICE
37,243,32,269,5,26,31,965,6,SLICE,SLICE
37,243,32,268,5,25,30,1061,6,SLICE,SLICE
37,243,32,269,5,26,31,962,6,SLICE,SLICE
39,231,1,81,38,150,188,1426,1,SLICE,RAMB18
31,259,1,98,30,161,191,915,1,SLICE,RAMB18
38,232,1,81,37,151,188,1314,1,SLICE,RAMB18
43,223,2,72,41,151,192,1588,1,SLICE,RAMB18
28,253,1,96,27,157,184,859,1,SLICE,RAMB18
40,238,1,85,39,153,192,1423,1,SLICE,RAMB18
4,209,44,239,40,30,70,1916,6,SLICE,SLICE
4,209,44,239,40,30,70,1913,6,SLICE,SLICE
4,209,44,237,40,28,68,2073,6,SLICE,SLICE
4,209,44,238,40,29,69,2115,6,SLICE,SLICE
28,261,1,102,27,159,186,690,1,SLICE,RAMB18
34,216,1,102,33,114,147,1556,1,SLICE,RAMB18
40,238,1,91,39,147,186,975,1,SLICE,RAMB18
38,230,1,81,37,149,186,1476,1,SLICE,RAMB18
39,240,32,251,7,11,18,758,6,SLICE,SLICE
39,240,33,250,6,10,16,740,6,SLICE,SLICE
39,240,32,250,7,10,17,759,6,SLICE,SLICE
39,240,32,250,7,10,17,886,6,SLICE,SLICE
30,216,1,100,29,116,145,1981,1,SLICE,RAMB18
31,256,1,100,30,156,186,644,1,SLICE,RAMB18
17,215,42,236,25,21,46,2026,6,SLICE,SLICE
17,215,42,236,25,21,46,1780,6,SLICE,SLICE
17,215,42,237,25,22,47,2081,6,SLICE,SLICE
17,215,43,238,26,23,49,1959,6,SLICE,SLICE
40,223,1,81,39,142,181,1153,1,SLICE,RAMB18
41,228,1,102,40,126,166,1446,1,SLICE,RAMB18
44,200,46,223,2,23,25,1191,6,SLICE,SLICE
44,200,46,224,2,24,26,1109,6,SLICE,SLICE
44,200,45,226,1,26,27,1336,6,SLICE,SLICE
44,200,45,224,1,24,25,1274,6,SLICE,SLICE
40,230,1,81,39,149,188,1427,1,SLICE,RAMB18
41,218,33,263,8,45,53,1798,6,SLICE,SLICE
41,218,31,262,10,44,54,2012,6,SLICE,SLICE
41,218,30,262,11,44,55,1875,6,SLICE,SLICE
41,218,31,263,10,45,55,1977,6,SLICE,SLICE
30,216,1,94,29,122,151,1104,1,SLICE,RAMB18
44,199,44,234,0,35,35,1428,6,SLICE,SLICE
44,199,44,233,0,34,34,1308,6,SLICE,SLICE
44,199,44,234,0,35,35,1174,6,SLICE,SLICE
44,199,44,235,0,36,36,1214,6,SLICE,SLICE
44,226,1,88,43,138,181,922,1,SLICE,RAMB18
44,242,1,98,43,144,187,1118,1,SLICE,RAMB18
34,214,1,100,33,114,147,1438,1,SLICE,RAMB18
40,228,1,88,39,140,179,932,1,SLICE,RAMB18
26,269,30,268,4,1,5,703,6,SLICE,SLICE
26,269,30,269,4,0,4,325,6,SLICE,SLICE
26,269,30,268,4,1,5,444,6,SLICE,SLICE
26,269,30,268,4,1,5,446,6,SLICE,SLICE
42,222,2,72,40,150,190,1593,1,SLICE,RAMB18
40,230,1,88,39,142,181,932,1,SLICE,RAMB18
43,241,1,96,42,145,187,891,1,SLICE,RAMB18
6,205,1,90,5,115,120,1511,1,SLICE,RAMB18
43,219,1,84,42,135,177,937,1,SLICE,RAMB18
28,263,1,86,27,177,204,1667,1,SLICE,RAMB18
44,205,42,215,2,10,12,673,6,SLICE,SLICE
44,205,41,215,3,10,13,879,6,SLICE,SLICE
44,205,43,216,1,11,12,784,6,SLICE,SLICE
44,205,42,217,2,12,14,972,6,SLICE,SLICE
43,222,1,90,42,132,174,945,1,SLICE,RAMB18
44,231,1,90,43,141,184,917,1,SLICE,RAMB18
4,214,44,227,40,13,53,1692,6,SLICE,SLICE
4,214,44,228,40,14,54,1660,6,SLICE,SLICE
4,214,44,228,40,14,54,1658,6,SLICE,SLICE
4,214,44,227,40,13,53,1810,6,SLICE,SLICE
35,229,1,89,34,140,174,830,1,SLICE,RAMB18
38,218,1,82,37,136,173,962,1,SLICE,RAMB18
42,220,1,90,41,130,171,941,1,SLICE,RAMB18
43,233,1,80,42,153,195,1544,1,SLICE,RAMB18
40,224,1,93,39,131,170,963,1,SLICE,RAMB18
40,228,40,243,0,15,15,1206,6,SLICE,SLICE
40,228,40,245,0,17,17,1112,6,SLICE,SLICE
40,228,40,245,0,17,17,1364,6,SLICE,SLICE
40,228,40,244,0,16,16,1244,6,SLICE,SLICE
28,248,1,94,27,154,181,825,1,SLICE,RAMB18
17,215,43,237,26,22,48,1869,6,SLICE,SLICE
17,215,44,236,27,21,48,1788,6,SLICE,SLICE
17,215,43,236,26,21,47,1516,6,SLICE,SLICE
17,215,43,236,26,21,47,1779,6,SLICE,SLICE
41,221,32,250,9,29,38,1369,6,SLICE,SLICE
41,221,32,250,9,29,38,1371,6,SLICE,SLICE
41,221,32,251,9,30,39,1333,6,SLICE,SLICE
41,221,32,251,9,30,39,1165,6,SLICE,SLICE
43,225,1,65,42,160,202,2239,1,SLICE,RAMB18
38,216,30,261,8,45,53,1718,6,SLICE,SLICE
38,216,30,261,8,45,53,1971,6,SLICE,SLICE
38,216,30,261,8,45,53,1975,6,SLICE,SLICE
38,216,30,261,8,45,53,1713,6,SLICE,SLICE
16,215,32,253,16,38,54,2183,6,SLICE,SLICE
16,215,32,254,16,39,55,2103,6,SLICE,SLICE
16,215,30,253,14,38,52,2072,6,SLICE,SLICE
16,215,30,254,14,39,53,2031,6,SLICE,SLICE
27,262,31,264,4,2,6,543,6,SLICE,SLICE
27,262,31,263,4,1,5,558,6,SLICE,SLICE
27,262,30,262,3,0,3,263,6,SLICE,SLICE
27,262,33,263,6,1,7,658,6,SLICE,SLICE
19,215,40,244,21,29,50,1608,6,SLICE,SLICE
19,215,40,245,21,30,51,2178,6,SLICE,SLICE
19,215,40,243,21,28,49,1493,6,SLICE,SLICE
19,215,40,245,21,30,51,2349,6,SLICE,SLICE
41,223,1,90,40,133,173,929,1,SLICE,RAMB18
43,230,45,243,2,13,15,1050,6,SLICE,SLICE
43,230,44,243,1,13,14,739,6,SLICE,SLICE
43,230,45,244,2,14,16,1025,6,SLICE,SLICE
43,230,45,244,2,14,16,854,6,SLICE,SLICE
40,220,1,93,39,127,166,995,1,SLICE,RAMB18
17,218,1,100,16,118,134,1678,1,SLICE,RAMB18
27,257,1,96,26,161,187,1136,1,SLICE,RAMB18
2,200,45,235,43,35,78,2700,6,SLICE,SLICE
2,200,44,235,42,35,77,2557,6,SLICE,SLICE
2,200,45,235,43,35,78,2445,6,SLICE,SLICE
2,200,45,235,43,35,78,2443,6,SLICE,SLICE
44,220,1,87,43,133,176,950,1,SLICE,RAMB18
39,219,1,88,38,131,169,788,1,SLICE,RAMB18
43,205,33,258,10,53,63,2217,6,SLICE,SLICE
43,205,32,256,11,51,62,1975,6,SLICE,SLICE
43,205,33,255,10,50,60,1953,6,SLICE,SLICE
43,205,33,255,10,50,60,1956,6,SLICE,SLICE
90,199,5,23,85,176,261,4108,1,SLICE,RAMB18
84,199,88,174,4,25,29,1363,6,SLICE,SLICE
84,199,89,175,5,24,29,1225,6,SLICE,SLICE
84,199,89,174,5,25,30,1237,6,SLICE,SLICE
84,199,88,174,4,25,29,1360,6,SLICE,SLICE
82,202,5,19,77,183,260,4456,1,SLICE,RAMB18
85,200,88,172,3,28,31,1470,6,SLICE,SLICE
85,200,89,172,4,28,32,1152,6,SLICE,SLICE
85,200,88,171,3,29,32,1262,6,SLICE,SLICE
85,200,88,172,3,28,31,1159,6,SLICE,SLICE
84,203,92,147,8,56,64,2592,6,SLICE,SLICE
84,203,93,148,9,55,64,2159,6,SLICE,SLICE
84,203,93,148,9,55,64,2334,6,SLICE,SLICE
84,203,92,146,8,57,65,2551,6,SLICE,SLICE
83,200,6,16,77,184,261,5438,1,SLICE,RAMB18
83,205,6,3,77,202,279,5000,1,SLICE,RAMB18
89,199,92,179,3,20,23,1376,6,SLICE,SLICE
89,199,93,180,4,19,23,1331,6,SLICE,SLICE
89,199,93,180,4,19,23,1334,6,SLICE,SLICE
89,199,92,180,3,19,22,1355,6,SLICE,SLICE
86,197,6,14,80,183,263,4161,1,SLICE,RAMB18
88,202,5,24,83,178,261,4726,1,SLICE,RAMB18
90,202,92,182,2,20,22,1137,6,SLICE,SLICE
90,202,90,181,0,21,21,1493,6,SLICE,SLICE
90,202,92,183,2,19,21,1376,6,SLICE,SLICE
90,202,90,182,0,20,20,1297,6,SLICE,SLICE
82,195,5,17,77,178,255,3816,1,SLICE,RAMB18
88,200,93,148,5,52,57,1952,6,SLICE,SLICE
88,200,92,146,4,54,58,2494,6,SLICE,SLICE
88,200,93,148,5,52,57,2127,6,SLICE,SLICE
88,200,92,148,4,52,56,2269,6,SLICE,SLICE
86,203,91,176,5,27,32,1483,6,SLICE,SLICE
86,203,89,176,3,27,30,1496,6,SLICE,SLICE
86,203,90,177,4,26,30,1452,6,SLICE,SLICE
86,203,91,176,5,27,32,1488,6,SLICE,SLICE
89,199,6,16,83,183,266,4643,1,SLICE,RAMB18
82,197,5,18,77,179,256,4790,1,SLICE,RAMB18
86,204,92,187,6,17,23,1182,6,SLICE,SLICE
86,204,90,184,4,20,24,1446,6,SLICE,SLICE
86,204,92,185,6,19,25,1327,6,SLICE,SLICE
86,204,91,185,5,19,24,1181,6,SLICE,SLICE
92,200,6,14,86,186,272,4601,1,SLICE,RAMB18
82,190,5,19,77,171,248,3913,1,SLICE,RAMB18
92,198,90,176,2,22,24,1508,6,SLICE,SLICE
92,198,90,178,2,20,22,1204,6,SLICE,SLICE
92,198,90,178,2,20,22,1089,6,SLICE,SLICE
92,198,92,178,0,20,20,942,6,SLICE,SLICE
92,194,5,26,87,168,255,4074,1,SLICE,RAMB18
88,193,6,14,82,179,261,3904,1,SLICE,RAMB18
88,196,6,3,82,193,275,3995,1,SLICE,RAMB18
92,189,5,23,87,166,253,3044,1,SLICE,RAMB18
84,196,5,18,79,178,257,4964,1,SLICE,RAMB18
90,197,91,183,1,14,15,887,6,SLICE,SLICE
90,197,92,184,2,13,15,1001,6,SLICE,SLICE
90,197,92,184,2,13,15,1003,6,SLICE,SLICE
90,197,93,184,3,13,16,1035,6,SLICE,SLICE
90,196,6,14,84,182,266,4356,1,SLICE,RAMB18
90,197,93,172,3,25,28,1693,6,SLICE,SLICE
90,197,90,172,0,25,25,1200,6,SLICE,SLICE
90,197,92,171,2,26,28,1325,6,SLICE,SLICE
90,197,92,171,2,26,28,1472,6,SLICE,SLICE
90,198,91,172,1,26,27,840,6,SLICE,SLICE
90,198,93,172,3,26,29,1214,6,SLICE,SLICE
90,198,91,171,1,27,28,946,6,SLICE,SLICE
90,198,90,172,0,26,26,859,6,SLICE,SLICE
92,192,92,174,0,18,18,842,6,SLICE,SLICE
92,192,92,172,0,20,20,1141,6,SLICE,SLICE
92,192,92,173,0,19,19,1229,6,SLICE,SLICE
92,192,92,171,0,21,21,1259,6,SLICE,SLICE
82,187,5,24,77,163,240,4907,1,SLICE,RAMB18
88,188,5,13,83,175,258,4541,1,SLICE,RAMB18
88,185,5,21,83,164,247,5005,1,SLICE,RAMB18
85,183,6,3,79,180,259,4240,1,SLICE,RAMB18
88,184,6,16,82,168,250,4584,1,SLICE,RAMB18
86,199,90,184,4,15,19,1084,6,SLICE,SLICE
86,199,92,184,6,15,21,1387,6,SLICE,SLICE
86,199,92,187,6,12,18,828,6,SLICE,SLICE
86,199,92,185,6,14,20,1120,6,SLICE,SLICE
86,184,6,8,80,176,256,3779,1,SLICE,RAMB18
88,201,91,177,3,24,27,1406,6,SLICE,SLICE
88,201,92,176,4,25,29,1655,6,SLICE,SLICE
88,201,91,175,3,26,29,1710,6,SLICE,SLICE
88,201,93,176,5,25,30,1340,6,SLICE,SLICE
90,189,91,178,1,11,12,789,6,SLICE,SLICE
90,189,91,177,1,12,13,1069,6,SLICE,SLICE
90,189,91,178,1,11,12,849,6,SLICE,SLICE
90,189,91,178,1,11,12,1105,6,SLICE,SLICE
91,192,89,171,2,21,23,1089,6,SLICE,SLICE
91,192,89,171,2,21,23,1087,6,SLICE,SLICE
91,192,89,172,2,20,22,1058,6,SLICE,SLICE
91,192,88,172,3,20,23,1031,6,SLICE,SLICE
89,192,90,174,1,18,19,1257,6,SLICE,SLICE
89,192,90,174,1,18,19,1159,6,SLICE,SLICE
89,192,90,174,1,18,19,1244,6,SLICE,SLICE
89,192,88,173,1,19,20,1273,6,SLICE,SLICE
92,185,88,172,4,13,17,1019,6,SLICE,SLICE
92,185,89,173,3,12,15,653,6,SLICE,SLICE
92,185,90,173,2,12,14,1022,6,SLICE,SLICE
92,185,91,174,1,11,12,808,6,SLICE,SLICE
80,177,6,16,74,161,235,4049,1,SLICE,RAMB18
86,186,89,172,3,14,17,1021,6,SLICE,SLICE
86,186,89,172,3,14,17,1023,6,SLICE,SLICE
86,186,88,171,2,15,17,1146,6,SLICE,SLICE
86,186,88,172,2,14,16,712,6,SLICE,SLICE
82,186,5,17,77,169,246,3588,1,SLICE,RAMB18
91,180,92,178,1,2,3,662,6,SLICE,SLICE
91,180,92,179,1,1,2,372,6,SLICE,SLICE
91,180,92,179,1,1,2,492,6,SLICE,SLICE
91,180,90,180,1,0,1,490,6,SLICE,SLICE
89,186,91,185,2,1,3,574,6,SLICE,SLICE
89,186,92,184,3,2,5,646,6,SLICE,SLICE
89,186,92,187,3,1,4,810,6,SLICE,SLICE
89,186,92,185,3,1,4,547,6,SLICE,SLICE
82,189,5,25,77,164,241,4838,1,SLICE,RAMB18
84,200,91,181,7,19,26,937,6,SLICE,SLICE
84,200,90,181,6,19,25,1107,6,SLICE,SLICE
84,200,90,180,6,20,26,1462,6,SLICE,SLICE
84,200,90,180,6,20,26,1183,6,SLICE,SLICE
85,180,89,178,4,2,6,709,6,SLICE,SLICE
85,180,88,178,3,2,5,599,6,SLICE,SLICE
85,180,88,177,3,3,6,813,6,SLICE,SLICE
85,180,89,178,4,2,6,710,6,SLICE,SLICE
82,185,5,6,77,179,256,4956,1,SLICE,RAMB18
78,180,5,26,73,154,227,4052,1,SLICE,RAMB18
84,184,92,166,8,18,26,1228,6,SLICE,SLICE
84,184,93,165,9,19,28,1385,6,SLICE,SLICE
84,184,92,165,8,19,27,1433,6,SLICE,SLICE
84,184,92,166,8,18,26,1482,6,SLICE,SLICE
88,175,91,172,3,3,6,565,6,SLICE,SLICE
88,175,90,171,2,4,6,691,6,SLICE,SLICE
88,175,93,172,5,3,8,630,6,SLICE,SLICE
88,175,93,172,5,3,8,946,6,SLICE,SLICE
80,170,5,26,75,144,219,5007,1,SLICE,RAMB18
88,173,6,8,82,165,247,3793,1,SLICE,RAMB18
78,173,5,14,73,159,232,4602,1,SLICE,RAMB18
78,170,5,20,73,150,223,3852,1,SLICE,RAMB18
88,175,88,172,0,3,3,817,6,SLICE,SLICE
88,175,89,172,1,3,4,675,6,SLICE,SLICE
88,175,88,172,0,3,3,448,6,SLICE,SLICE
88,175,88,171,0,4,4,786,6,SLICE,SLICE
84,171,6,14,78,157,235,3502,1,SLICE,RAMB18
80,173,6,3,74,170,244,5449,1,SLICE,RAMB18
90,198,89,176,1,22,23,1527,6,SLICE,SLICE
90,198,91,175,1,23,24,1261,6,SLICE,SLICE
90,198,91,176,1,22,23,1265,6,SLICE,SLICE
90,198,91,177,1,21,22,1002,6,SLICE,SLICE
85,171,5,18,80,153,233,4986,1,SLICE,RAMB18
82,173,6,8,76,165,241,3933,1,SLICE,RAMB18
80,173,5,23,75,150,225,4723,1,SLICE,RAMB18
80,172,5,28,75,144,219,4369,1,SLICE,RAMB18
89,173,5,21,84,152,236,4489,1,SLICE,RAMB18
90,184,92,173,2,11,13,1005,6,SLICE,SLICE
90,184,92,171,2,13,15,1010,6,SLICE,SLICE
90,184,92,172,2,12,14,976,6,SLICE,SLICE
90,184,92,174,2,10,12,748,6,SLICE,SLICE
78,174,6,8,72,166,238,4568,1,SLICE,RAMB18
83,172,5,3,78,169,247,3821,1,SLICE,RAMB18
84,175,91,180,7,5,12,433,6,SLICE,SLICE
84,175,91,182,7,7,14,658,6,SLICE,SLICE
84,175,90,179,6,4,10,709,6,SLICE,SLICE
84,175,90,182,6,7,13,980,6,SLICE,SLICE
82,174,5,8,77,166,243,3768,1,SLICE,RAMB18
83,192,6,14,77,178,255,4827,1,SLICE,RAMB18
79,173,5,23,74,150,224,4364,1,SLICE,RAMB18
90,204,91,177,1,27,28,1244,6,SLICE,SLICE
90,204,90,177,0,27,27,1420,6,SLICE,SLICE
90,204,91,176,1,28,29,1038,6,SLICE,SLICE
90,204,90,176,0,28,28,1314,6,SLICE,SLICE
82,176,5,3,77,173,250,4919,1,SLICE,RAMB18
82,176,5,18,77,158,235,4305,1,SLICE,RAMB18
88,176,92,173,4,3,7,495,6,SLICE,SLICE
88,176,91,171,3,5,8,893,6,SLICE,SLICE
88,176,91,172,3,4,7,621,6,SLICE,SLICE
88,176,91,171,3,5,8,630,6,SLICE,SLICE
88,177,5,3,83,174,257,3740,1,SLICE,RAMB18
86,176,5,13,81,163,244,3776,1,SLICE,RAMB18
82,182,6,16,76,166,242,3797,1,SLICE,RAMB18
82,186,5,6,77,180,257,4783,1,SLICE,RAMB18
82,183,5,20,77,163,240,4838,1,SLICE,RAMB18
85,183,90,178,5,5,10,609,6,SLICE,SLICE
85,183,90,178,5,5,10,414,6,SLICE,SLICE
85,183,92,178,7,5,12,847,6,SLICE,SLICE
85,183,92,178,7,5,12,843,6,SLICE,SLICE
86,174,5,24,81,150,231,3987,1,SLICE,RAMB18
84,198,91,172,7,26,33,1473,6,SLICE,SLICE
84,198,90,172,6,26,32,1913,6,SLICE,SLICE
84,198,91,171,7,27,34,1585,6,SLICE,SLICE
84,198,91,171,7,27,34,1760,6,SLICE,SLICE
82,178,5,14,77,164,241,3282,1,SLICE,RAMB18
85,181,5,8,80,173,253,5269,1,SLICE,RAMB18
88,196,6,3,82,193,275,4469,1,SLICE,RAMB18
82,184,5,21,77,163,240,4046,1,SLICE,RAMB18
82,186,5,6,77,180,257,4278,1,SLICE,RAMB18
86,185,5,25,81,160,241,5134,1,SLICE,RAMB18
86,189,5,25,81,164,245,3864,1,SLICE,RAMB18
84,195,91,179,7,16,23,1307,6,SLICE,SLICE
84,195,90,179,6,16,22,1178,6,SLICE,SLICE
84,195,91,179,7,16,23,1306,6,SLICE,SLICE
84,195,90,179,6,16,22,996,6,SLICE,SLICE
84,193,92,174,8,19,27,1210,6,SLICE,SLICE
84,193,91,173,7,20,27,1474,6,SLICE,SLICE
84,193,91,174,7,19,26,896,6,SLICE,SLICE
84,193,90,173,6,20,26,1371,6,SLICE,SLICE
83,189,5,18,78,171,249,3329,1,SLICE,RAMB18
84,195,5,8,79,187,266,5542,1,SLICE,RAMB18
85,186,5,20,80,166,246,4668,1,SLICE,RAMB18
82,198,5,19,77,179,256,3768,1,SLICE,RAMB18
85,188,5,8,80,180,260,4732,1,SLICE,RAMB18
86,199,5,3,81,196,277,4403,1,SLICE,RAMB18
88,198,5,20,83,178,261,3870,1,SLICE,RAMB18
78,179,5,8,73,171,244,4985,1,SLICE,RAMB18
85,198,92,178,7,20,27,1515,6,SLICE,SLICE
85,198,90,178,5,20,25,1358,6,SLICE,SLICE
85,198,92,178,7,20,27,1515,6,SLICE,SLICE
85,198,90,178,5,20,25,1504,6,SLICE,SLICE
82,202,5,24,77,178,255,3865,1,SLICE,RAMB18
82,203,6,8,76,195,271,4676,1,SLICE,RAMB18
82,204,5,21,77,183,260,3675,1,SLICE,RAMB18
84,168,5,10,79,158,237,3507,1,SLICE,RAMB18
84,165,3,21,81,144,225,3531,1,SLICE,RAMB18
85,165,4,12,81,153,234,4160,1,SLICE,RAMB18
82,150,4,3,78,147,225,4712,1,SLICE,RAMB18
90,169,82,153,8,16,24,1226,6,SLICE,SLICE
90,169,83,153,7,16,23,1061,6,SLICE,SLICE
90,169,83,152,7,17,24,987,6,SLICE,SLICE
90,169,82,153,8,16,24,1215,6,SLICE,SLICE
88,168,85,135,3,33,36,1563,6,SLICE,SLICE
88,168,85,135,3,33,36,1565,6,SLICE,SLICE
88,168,85,135,3,33,36,1503,6,SLICE,SLICE
88,168,84,135,4,33,37,1681,6,SLICE,SLICE
82,165,3,21,79,144,223,3455,1,SLICE,RAMB18
83,156,5,9,78,147,225,4255,1,SLICE,RAMB18
82,160,4,3,78,157,235,3582,1,SLICE,RAMB18
82,166,4,1,78,165,243,3793,1,SLICE,RAMB18
82,159,3,5,79,154,233,4174,1,SLICE,RAMB18
84,166,4,12,80,154,234,4681,1,SLICE,RAMB18
82,162,5,4,77,158,235,3900,1,SLICE,RAMB18
88,168,83,139,5,29,34,1617,6,SLICE,SLICE
88,168,82,140,6,28,34,1463,6,SLICE,SLICE
88,168,82,139,6,29,35,1375,6,SLICE,SLICE
88,168,83,139,5,29,34,1617,6,SLICE,SLICE
88,169,83,145,5,24,29,1552,6,SLICE,SLICE
88,169,80,142,8,27,35,2076,6,SLICE,SLICE
88,169,82,144,6,25,31,1680,6,SLICE,SLICE
88,169,83,144,5,25,30,1515,6,SLICE,SLICE
82,160,3,8,79,152,231,3740,1,SLICE,RAMB18
79,170,83,135,4,35,39,1433,6,SLICE,SLICE
79,170,85,135,6,35,41,1817,6,SLICE,SLICE
79,170,85,135,6,35,41,1832,6,SLICE,SLICE
79,170,85,135,6,35,41,1817,6,SLICE,SLICE
84,158,5,4,79,154,233,4899,1,SLICE,RAMB18
82,154,5,0,77,154,231,3696,1,SLICE,RAMB18
85,168,83,149,2,19,21,1162,6,SLICE,SLICE
85,168,83,148,2,20,22,937,6,SLICE,SLICE
85,168,82,148,3,20,23,1043,6,SLICE,SLICE
85,168,82,148,3,20,23,1288,6,SLICE,SLICE
88,149,78,137,10,12,22,1275,6,SLICE,SLICE
88,149,78,139,10,10,20,1041,6,SLICE,SLICE
88,149,79,137,9,12,21,1001,6,SLICE,SLICE
88,149,79,138,9,11,20,1246,6,SLICE,SLICE
84,162,3,1,81,161,242,5152,1,SLICE,RAMB18
90,156,83,135,7,21,28,1324,6,SLICE,SLICE
90,156,80,134,10,22,32,1230,6,SLICE,SLICE
90,156,80,135,10,21,31,1186,6,SLICE,SLICE
90,156,80,133,10,23,33,1338,6,SLICE,SLICE
88,154,79,135,9,19,28,1365,6,SLICE,SLICE
88,154,78,135,10,19,29,1663,6,SLICE,SLICE
88,154,78,135,10,19,29,1204,6,SLICE,SLICE
88,154,79,136,9,18,27,1078,6,SLICE,SLICE
84,159,4,12,80,147,227,4371,1,SLICE,RAMB18
82,157,5,0,77,157,234,4669,1,SLICE,RAMB18
90,161,82,138,8,23,31,1432,6,SLICE,SLICE
90,161,83,137,7,24,31,1157,6,SLICE,SLICE
90,161,82,137,8,24,32,1328,6,SLICE,SLICE
90,161,82,137,8,24,32,1331,6,SLICE,SLICE
84,160,4,29,80,131,211,4777,1,SLICE,RAMB18
86,163,5,10,81,153,234,3295,1,SLICE,RAMB18
84,156,4,26,80,130,210,3783,1,SLICE,RAMB18
85,153,4,12,81,141,222,5057,1,SLICE,RAMB18
84,147,3,1,81,146,227,5108,1,SLICE,RAMB18
82,157,5,0,77,157,234,3634,1,SLICE,RAMB18
92,168,80,170,12,2,14,1128,6,SLICE,SLICE
92,168,80,168,12,0,12,910,6,SLICE,SLICE
92,168,80,170,12,2,14,1131,6,SLICE,SLICE
92,168,80,169,12,1,13,1124,6,SLICE,SLICE
91,164,82,143,9,21,30,1548,6,SLICE,SLICE
91,164,82,143,9,21,30,1751,6,SLICE,SLICE
91,164,82,144,9,20,29,1909,6,SLICE,SLICE
91,164,83,142,8,22,30,1268,6,SLICE,SLICE
92,159,83,137,9,22,31,1461,6,SLICE,SLICE
92,159,82,137,10,22,32,1333,6,SLICE,SLICE
92,159,82,138,10,21,31,1475,6,SLICE,SLICE
92,159,82,137,10,22,32,1335,6,SLICE,SLICE
90,165,83,163,7,2,9,765,6,SLICE,SLICE
90,165,82,163,8,2,10,416,6,SLICE,SLICE
90,165,82,163,8,2,10,871,6,SLICE,SLICE
90,165,83,163,7,2,9,577,6,SLICE,SLICE
90,156,80,142,10,14,24,1237,6,SLICE,SLICE
90,156,83,144,7,12,19,1008,6,SLICE,SLICE
90,156,83,145,7,11,18,791,6,SLICE,SLICE
90,156,83,144,7,12,19,1009,6,SLICE,SLICE
85,156,3,11,82,145,227,4848,1,SLICE,RAMB18
88,159,4,15,84,144,228,4037,1,SLICE,RAMB18
91,161,5,10,86,151,237,3838,1,SLICE,RAMB18
92,154,83,147,9,7,16,1249,6,SLICE,SLICE
92,154,82,147,10,7,17,864,6,SLICE,SLICE
92,154,82,147,10,7,17,862,6,SLICE,SLICE
92,154,83,148,9,6,15,657,6,SLICE,SLICE
93,169,81,160,12,9,21,946,6,SLICE,SLICE
93,169,80,160,13,9,22,987,6,SLICE,SLICE
93,169,80,149,13,20,33,1917,6,SLICE,SLICE
93,169,80,157,13,12,25,1213,6,SLICE,SLICE
88,165,5,0,83,165,248,5087,1,SLICE,RAMB18
90,165,80,157,10,8,18,1077,6,SLICE,SLICE
90,165,80,159,10,6,16,960,6,SLICE,SLICE
90,165,80,149,10,16,26,1523,6,SLICE,SLICE
90,165,80,153,10,12,22,1167,6,SLICE,SLICE
82,167,82,145,0,22,22,1213,6,SLICE,SLICE
82,167,82,146,0,21,21,1111,6,SLICE,SLICE
82,167,83,146,1,21,22,1192,6,SLICE,SLICE
82,167,83,146,1,21,22,1048,6,SLICE,SLICE
88,167,5,9,83,158,241,3574,1,SLICE,RAMB18
82,167,82,144,0,23,23,1210,6,SLICE,SLICE
82,167,83,142,1,25,26,1391,6,SLICE,SLICE
82,167,83,142,1,25,26,1128,6,SLICE,SLICE
82,167,83,143,1,24,25,1271,6,SLICE,SLICE
92,160,82,139,10,21,31,1231,6,SLICE,SLICE
92,160,80,136,12,24,36,1486,6,SLICE,SLICE
92,160,80,136,12,24,36,1233,6,SLICE,SLICE
92,160,82,139,10,21,31,987,6,SLICE,SLICE
92,153,80,157,12,4,16,982,6,SLICE,SLICE
92,153,80,159,12,6,18,1123,6,SLICE,SLICE
92,153,80,149,12,4,16,1092,6,SLICE,SLICE
92,153,80,160,12,7,19,1333,6,SLICE,SLICE
91,167,78,133,13,34,47,1826,6,SLICE,SLICE
91,167,79,135,12,32,44,1694,6,SLICE,SLICE
91,167,77,134,14,33,47,1947,6,SLICE,SLICE
91,167,78,135,13,32,45,1677,6,SLICE,SLICE
92,165,83,141,9,24,33,1492,6,SLICE,SLICE
92,165,85,137,7,28,35,1702,6,SLICE,SLICE
92,165,82,141,10,24,34,1548,6,SLICE,SLICE
92,165,83,135,9,30,39,1544,6,SLICE,SLICE
91,157,5,9,86,148,234,4871,1,SLICE,RAMB18
83,152,3,21,80,131,211,3682,1,SLICE,RAMB18
84,147,4,1,80,146,226,3843,1,SLICE,RAMB18
84,146,3,11,81,135,216,4036,1,SLICE,RAMB18
82,150,4,15,78,135,213,3947,1,SLICE,RAMB18
92,148,82,144,10,4,14,767,6,SLICE,SLICE
92,148,83,142,9,6,15,1077,6,SLICE,SLICE
92,148,83,143,9,5,14,972,6,SLICE,SLICE
92,148,82,143,10,5,15,730,6,SLICE,SLICE
88,150,80,139,8,11,19,1011,6,SLICE,SLICE
88,150,81,139,7,11,18,1147,6,SLICE,SLICE
88,150,80,138,8,12,20,1099,6,SLICE,SLICE
88,150,80,139,8,11,19,846,6,SLICE,SLICE
92,149,78,135,14,14,28,1166,6,SLICE,SLICE
92,149,79,136,13,13,26,1272,6,SLICE,SLICE
92,149,79,135,13,14,27,844,6,SLICE,SLICE
92,149,78,135,14,14,28,1156,6,SLICE,SLICE
84,147,3,28,81,119,200,2648,1,SLICE,RAMB18
91,150,80,139,11,11,22,915,6,SLICE,SLICE
91,150,80,138,11,12,23,989,6,SLICE,SLICE
91,150,80,139,11,11,22,915,6,SLICE,SLICE
91,150,81,139,10,11,21,763,6,SLICE,SLICE
84,148,3,21,81,127,208,4008,1,SLICE,RAMB18
86,149,3,28,83,121,204,2755,1,SLICE,RAMB18
84,145,3,22,81,123,204,2946,1,SLICE,RAMB18
83,169,4,3,79,166,245,4367,1,SLICE,RAMB18
86,166,4,1,82,165,247,5104,1,SLICE,RAMB18
88,144,80,135,8,9,17,815,6,SLICE,SLICE
88,144,79,136,9,8,17,754,6,SLICE,SLICE
88,144,81,134,7,10,17,1341,6,SLICE,SLICE
88,144,80,138,8,6,14,791,6,SLICE,SLICE
88,142,82,135,6,7,13,978,6,SLICE,SLICE
88,142,82,135,6,7,13,636,6,SLICE,SLICE
88,142,82,135,6,7,13,670,6,SLICE,SLICE
88,142,82,136,6,6,12,555,6,SLICE,SLICE
90,138,83,152,7,14,21,880,6,SLICE,SLICE
90,138,83,153,7,15,22,1144,6,SLICE,SLICE
90,138,82,153,8,15,23,1278,6,SLICE,SLICE
90,138,83,153,7,15,22,1151,6,SLICE,SLICE
88,147,5,7,83,140,223,4681,1,SLICE,RAMB18
84,143,3,28,81,115,196,2787,1,SLICE,RAMB18
90,169,82,167,8,2,10,890,6,SLICE,SLICE
90,169,83,167,7,2,9,724,6,SLICE,SLICE
90,169,83,168,7,1,8,878,6,SLICE,SLICE
90,169,82,167,8,2,10,645,6,SLICE,SLICE
85,145,4,3,81,142,223,4257,1,SLICE,RAMB18
88,145,5,0,83,145,228,3588,1,SLICE,RAMB18
86,142,3,1,83,141,224,4306,1,SLICE,RAMB18
90,134,4,3,86,131,217,3011,1,SLICE,RAMB18
84,139,4,15,80,124,204,3786,1,SLICE,RAMB18
85,137,3,28,82,109,191,2595,1,SLICE,RAMB18
84,136,3,8,81,128,209,3477,1,SLICE,RAMB18
90,136,83,135,7,1,8,937,6,SLICE,SLICE
90,136,82,135,8,1,9,811,6,SLICE,SLICE
90,136,82,135,8,1,9,628,6,SLICE,SLICE
90,136,82,136,8,0,8,720,6,SLICE,SLICE
84,148,3,16,81,132,213,3031,1,SLICE,RAMB18
88,137,5,10,83,127,210,4391,1,SLICE,RAMB18
86,135,4,21,82,114,196,3558,1,SLICE,RAMB18
85,139,3,11,82,128,210,4166,1,SLICE,RAMB18
89,137,3,16,86,121,207,3321,1,SLICE,RAMB18
85,139,3,21,82,118,200,3286,1,SLICE,RAMB18
86,139,3,28,83,111,194,2529,1,SLICE,RAMB18
92,144,84,134,8,10,18,856,6,SLICE,SLICE
92,144,85,134,7,10,17,681,6,SLICE,SLICE
92,144,84,134,8,10,18,857,6,SLICE,SLICE
92,144,85,134,7,10,17,678,6,SLICE,SLICE
85,151,3,8,82,143,225,4928,1,SLICE,RAMB18
86,152,4,29,82,123,205,3418,1,SLICE,RAMB18
90,140,78,136,12,4,16,900,6,SLICE,SLICE
90,140,78,136,12,4,16,980,6,SLICE,SLICE
90,140,78,136,12,4,16,759,6,SLICE,SLICE
90,140,78,137,12,3,15,564,6,SLICE,SLICE
84,153,4,29,80,124,204,3570,1,SLICE,RAMB18
88,141,3,1,85,140,225,3153,1,SLICE,RAMB18
90,146,83,139,7,7,14,635,6,SLICE,SLICE
90,146,82,139,8,7,15,644,6,SLICE,SLICE
90,146,82,140,8,6,14,668,6,SLICE,SLICE
90,146,82,140,8,6,14,747,6,SLICE,SLICE
89,146,4,29,85,117,202,3122,1,SLICE,RAMB18
89,143,82,136,7,7,14,942,6,SLICE,SLICE
89,143,83,136,6,7,13,777,6,SLICE,SLICE
89,143,82,136,7,7,14,779,6,SLICE,SLICE
89,143,83,136,6,7,13,614,6,SLICE,SLICE
86,145,4,1,82,144,226,2961,1,SLICE,RAMB18
86,147,4,1,82,146,228,3494,1,SLICE,RAMB18
89,147,5,4,84,143,227,4382,1,SLICE,RAMB18
90,161,80,153,10,8,18,1191,6,SLICE,SLICE
90,161,80,157,10,4,14,780,6,SLICE,SLICE
90,161,80,159,10,2,12,833,6,SLICE,SLICE
90,161,80,149,10,12,22,1155,6,SLICE,SLICE
84,169,82,141,2,28,30,1718,6,SLICE,SLICE
84,169,83,141,1,28,29,1392,6,SLICE,SLICE
84,169,85,137,1,32,33,1902,6,SLICE,SLICE
84,169,83,135,1,34,35,1670,6,SLICE,SLICE
82,168,4,12,78,156,234,4085,1,SLICE,RAMB18
84,163,5,7,79,156,235,4578,1,SLICE,RAMB18
85,155,5,7,80,148,228,3590,1,SLICE,RAMB18
84,167,3,8,81,159,240,4636,1,SLICE,RAMB18
82,161,3,11,79,150,229,4459,1,SLICE,RAMB18
72,147,3,18,69,129,198,3741,1,SLICE,RAMB18
75,151,3,4,72,147,219,3992,1,SLICE,RAMB18
75,153,4,41,71,112,183,2845,1,SLICE,RAMB18
73,146,71,173,2,27,29,1184,6,SLICE,SLICE
73,146,70,173,3,27,30,1509,6,SLICE,SLICE
73,146,70,172,3,26,29,1211,6,SLICE,SLICE
73,146,70,172,3,26,29,1324,6,SLICE,SLICE
75,151,73,179,2,28,30,1487,6,SLICE,SLICE
75,151,70,178,5,27,32,1192,6,SLICE,SLICE
75,151,71,179,4,28,32,1613,6,SLICE,SLICE
75,151,70,179,5,28,33,1513,6,SLICE,SLICE
70,136,70,172,0,36,36,1346,6,SLICE,SLICE
70,136,70,173,0,37,37,1547,6,SLICE,SLICE
70,136,71,173,1,37,38,1678,6,SLICE,SLICE
70,136,70,172,0,36,36,1339,6,SLICE,SLICE
75,160,3,17,72,143,215,4272,1,SLICE,RAMB18
72,144,3,42,69,102,171,1968,1,SLICE,RAMB18
74,134,68,200,6,66,72,2814,6,SLICE,SLICE
74,134,68,200,6,66,72,2817,6,SLICE,SLICE
74,134,68,199,6,65,71,2949,6,SLICE,SLICE
74,134,68,199,6,65,71,2854,6,SLICE,SLICE
70,138,71,179,1,41,42,1759,6,SLICE,SLICE
70,138,71,179,1,41,42,1868,6,SLICE,SLICE
70,138,70,179,0,41,41,1661,6,SLICE,SLICE
70,138,68,206,2,68,70,2456,6,SLICE,SLICE
70,139,3,18,67,121,188,3726,1,SLICE,RAMB18
70,144,4,36,66,108,174,2863,1,SLICE,RAMB18
70,146,73,171,3,25,28,1228,6,SLICE,SLICE
70,146,72,171,2,25,27,1385,6,SLICE,SLICE
70,146,72,171,2,25,27,1092,6,SLICE,SLICE
70,146,72,171,2,25,27,1383,6,SLICE,SLICE
70,146,3,20,67,126,193,3517,1,SLICE,RAMB18
76,153,70,179,6,26,32,1171,6,SLICE,SLICE
76,153,71,179,5,26,31,1476,6,SLICE,SLICE
76,153,71,179,5,26,31,1474,6,SLICE,SLICE
76,153,70,179,6,26,32,1164,6,SLICE,SLICE
72,140,75,176,3,36,39,1425,6,SLICE,SLICE
72,140,75,176,3,36,39,1427,6,SLICE,SLICE
72,140,72,177,0,37,37,1607,6,SLICE,SLICE
72,140,72,176,0,36,36,1569,6,SLICE,SLICE
71,146,74,174,3,28,31,1925,6,SLICE,SLICE
71,146,72,173,1,27,28,1618,6,SLICE,SLICE
71,146,72,173,1,27,28,1760,6,SLICE,SLICE
71,146,73,174,2,28,30,1570,6,SLICE,SLICE
72,134,70,171,2,37,39,2030,6,SLICE,SLICE
72,134,70,171,2,37,39,2025,6,SLICE,SLICE
72,134,68,164,4,30,34,1461,6,SLICE,SLICE
72,134,70,171,2,37,39,2273,6,SLICE,SLICE
76,160,4,40,72,120,192,2708,1,SLICE,RAMB18
75,140,75,173,0,33,33,1380,6,SLICE,SLICE
75,140,75,174,0,34,34,1306,6,SLICE,SLICE
75,140,75,174,0,34,34,1309,6,SLICE,SLICE
75,140,74,174,1,34,35,1541,6,SLICE,SLICE
72,135,70,171,2,36,38,1369,6,SLICE,SLICE
72,135,71,171,1,36,37,1365,6,SLICE,SLICE
72,135,70,171,2,36,38,1564,6,SLICE,SLICE
72,135,70,171,2,36,38,1371,6,SLICE,SLICE
71,141,3,26,68,115,183,3029,1,SLICE,RAMB18
73,140,70,180,3,40,43,1526,6,SLICE,SLICE
73,140,70,180,3,40,43,1428,6,SLICE,SLICE
73,140,70,180,3,40,43,1426,6,SLICE,SLICE
73,140,71,180,2,40,42,1406,6,SLICE,SLICE
73,145,3,6,70,139,209,4589,1,SLICE,RAMB18
71,140,3,42,68,98,166,1724,1,SLICE,RAMB18
71,139,4,41,67,98,165,2556,1,SLICE,RAMB18
71,135,3,18,68,117,185,2948,1,SLICE,RAMB18
76,167,4,41,72,126,198,2955,1,SLICE,RAMB18
71,140,4,37,67,103,170,2735,1,SLICE,RAMB18
76,144,4,44,72,100,172,2181,1,SLICE,RAMB18
76,145,3,4,73,141,214,3258,1,SLICE,RAMB18
78,139,68,165,10,26,36,1546,6,SLICE,SLICE
78,139,68,165,10,26,36,1406,6,SLICE,SLICE
78,139,68,164,10,25,35,1550,6,SLICE,SLICE
78,139,68,164,10,25,35,1547,6,SLICE,SLICE
78,140,72,179,6,39,45,1900,6,SLICE,SLICE
78,140,70,176,8,36,44,1729,6,SLICE,SLICE
78,140,70,176,8,36,44,1976,6,SLICE,SLICE
78,140,71,176,7,36,43,1486,6,SLICE,SLICE
78,144,70,178,8,34,42,1311,6,SLICE,SLICE
78,144,69,201,9,57,66,2141,6,SLICE,SLICE
78,144,71,177,7,33,40,1268,6,SLICE,SLICE
78,144,70,178,8,34,42,1214,6,SLICE,SLICE
78,143,69,201,9,58,67,1789,6,SLICE,SLICE
78,143,70,178,8,35,43,1549,6,SLICE,SLICE
78,143,71,177,7,34,41,1454,6,SLICE,SLICE
78,143,70,178,8,35,43,1702,6,SLICE,SLICE
78,144,4,31,74,113,187,3107,1,SLICE,RAMB18
78,141,70,170,8,29,37,1874,6,SLICE,SLICE
78,141,70,170,8,29,37,1794,6,SLICE,SLICE
78,141,68,162,10,21,31,1055,6,SLICE,SLICE
78,141,69,164,9,23,32,1180,6,SLICE,SLICE
79,142,4,44,75,98,173,2155,1,SLICE,RAMB18
77,139,3,10,74,129,203,4480,1,SLICE,RAMB18
79,142,71,176,8,34,42,1578,6,SLICE,SLICE
79,142,70,176,9,34,43,1448,6,SLICE,SLICE
79,142,70,176,9,34,43,1269,6,SLICE,SLICE
79,142,72,179,7,37,44,1355,6,SLICE,SLICE
76,155,3,10,73,145,218,3596,1,SLICE,RAMB18
78,151,70,171,8,20,28,1335,6,SLICE,SLICE
78,151,70,171,8,20,28,1536,6,SLICE,SLICE
78,151,70,171,8,20,28,1526,6,SLICE,SLICE
78,151,70,171,8,20,28,1333,6,SLICE,SLICE
80,149,68,200,12,51,63,1948,6,SLICE,SLICE
80,149,68,199,12,50,62,1739,6,SLICE,SLICE
80,149,68,200,12,51,63,1905,6,SLICE,SLICE
80,149,68,199,12,50,62,1568,6,SLICE,SLICE
76,148,3,17,73,131,204,3264,1,SLICE,RAMB18
77,144,68,195,9,51,60,1933,6,SLICE,SLICE
77,144,68,197,9,53,62,2317,6,SLICE,SLICE
77,144,68,198,9,54,63,2236,6,SLICE,SLICE
77,144,69,196,8,52,60,2046,6,SLICE,SLICE
78,143,75,171,3,28,31,1503,6,SLICE,SLICE
78,143,74,172,4,29,33,1545,6,SLICE,SLICE
78,143,75,172,3,29,32,1229,6,SLICE,SLICE
78,143,75,172,3,29,32,1404,6,SLICE,SLICE
78,148,4,40,74,108,182,2520,1,SLICE,RAMB18
79,155,3,42,76,113,189,2213,1,SLICE,RAMB18
79,154,4,40,75,114,189,2610,1,SLICE,RAMB18
79,146,3,4,76,142,218,4180,1,SLICE,RAMB18
78,151,3,25,75,126,201,3566,1,SLICE,RAMB18
74,150,3,18,71,132,203,4010,1,SLICE,RAMB18
80,157,71,171,9,14,23,1180,6,SLICE,SLICE
80,157,71,172,9,15,24,1156,6,SLICE,SLICE
80,157,71,172,9,15,24,1149,6,SLICE,SLICE
80,157,70,172,10,15,25,1018,6,SLICE,SLICE
78,164,4,39,74,125,199,3105,1,SLICE,RAMB18
78,163,4,39,74,124,198,3203,1,SLICE,RAMB18
78,162,3,17,75,145,220,3866,1,SLICE,RAMB18
77,164,4,40,73,124,197,2962,1,SLICE,RAMB18
78,160,71,177,7,17,24,1174,6,SLICE,SLICE
78,160,68,201,10,41,51,1657,6,SLICE,SLICE
78,160,69,201,9,41,50,1653,6,SLICE,SLICE
78,160,70,178,8,18,26,1072,6,SLICE,SLICE
78,163,4,41,74,122,196,2984,1,SLICE,RAMB18
78,156,4,41,74,115,189,2673,1,SLICE,RAMB18
80,150,71,175,9,25,34,1489,6,SLICE,SLICE
80,150,71,175,9,25,34,1415,6,SLICE,SLICE
80,150,70,174,10,24,34,1201,6,SLICE,SLICE
80,150,71,174,9,24,33,1568,6,SLICE,SLICE
79,166,4,40,75,126,201,2808,1,SLICE,RAMB18
78,163,4,39,74,124,198,3219,1,SLICE,RAMB18
78,164,75,175,3,11,14,759,6,SLICE,SLICE
78,164,72,176,6,12,18,1017,6,SLICE,SLICE
78,164,74,175,4,11,15,1063,6,SLICE,SLICE
78,164,74,175,4,11,15,1053,6,SLICE,SLICE
72,155,4,40,68,115,183,2776,1,SLICE,RAMB18
77,160,73,170,4,10,14,660,6,SLICE,SLICE
77,160,72,170,5,10,15,839,6,SLICE,SLICE
77,160,72,170,5,10,15,667,6,SLICE,SLICE
77,160,73,170,4,10,14,663,6,SLICE,SLICE
71,164,4,36,67,128,195,3355,1,SLICE,RAMB18
79,166,75,174,4,8,12,951,6,SLICE,SLICE
79,166,74,174,5,8,13,862,6,SLICE,SLICE
79,166,75,173,4,7,11,836,6,SLICE,SLICE
79,166,75,174,4,8,12,949,6,SLICE,SLICE
73,165,3,13,70,152,222,3416,1,SLICE,RAMB18
72,167,3,42,69,125,194,2772,1,SLICE,RAMB18
72,169,4,41,68,128,196,3219,1,SLICE,RAMB18
72,167,3,13,69,154,223,2792,1,SLICE,RAMB18
74,164,70,169,4,5,9,888,6,SLICE,SLICE
74,164,70,169,4,5,9,877,6,SLICE,SLICE
74,164,70,169,4,5,9,626,6,SLICE,SLICE
74,164,70,168,4,4,8,634,6,SLICE,SLICE
74,164,3,4,71,160,231,4766,1,SLICE,RAMB18
74,166,3,13,71,153,224,4891,1,SLICE,RAMB18
72,165,3,25,69,140,209,3567,1,SLICE,RAMB18
70,163,4,31,66,132,198,3558,1,SLICE,RAMB18
73,152,3,6,70,146,216,4998,1,SLICE,RAMB18
76,162,3,9,73,153,226,3190,1,SLICE,RAMB18
76,165,72,172,4,7,11,888,6,SLICE,SLICE
76,165,73,171,3,6,9,937,6,SLICE,SLICE
76,165,73,172,3,7,10,883,6,SLICE,SLICE
76,165,75,173,1,8,9,636,6,SLICE,SLICE
74,169,4,31,70,138,208,3667,1,SLICE,RAMB18
70,156,4,31,66,125,191,3330,1,SLICE,RAMB18
74,155,74,173,0,18,18,1250,6,SLICE,SLICE
74,155,74,172,0,17,17,1371,6,SLICE,SLICE
74,155,74,173,0,18,18,1497,6,SLICE,SLICE
74,155,74,172,0,17,17,1127,6,SLICE,SLICE
70,155,3,26,67,129,196,3476,1,SLICE,RAMB18
72,165,3,10,69,155,224,3829,1,SLICE,RAMB18
71,158,4,31,67,127,194,3591,1,SLICE,RAMB18
71,161,3,29,68,132,200,3493,1,SLICE,RAMB18
72,162,4,44,68,118,186,2557,1,SLICE,RAMB18
78,155,69,166,9,11,20,1174,6,SLICE,SLICE
78,155,68,166,10,11,21,889,6,SLICE,SLICE
78,155,68,166,10,11,21,1064,6,SLICE,SLICE
78,155,69,167,9,12,21,1328,6,SLICE,SLICE
74,159,4,36,70,123,193,3257,1,SLICE,RAMB18
70,154,71,176,1,22,23,1610,6,SLICE,SLICE
70,154,72,179,2,25,27,1689,6,SLICE,SLICE
70,154,70,176,0,22,22,1513,6,SLICE,SLICE
70,154,70,176,0,22,22,1290,6,SLICE,SLICE
70,151,69,201,1,50,51,2158,6,SLICE,SLICE
70,151,70,178,0,27,27,1207,6,SLICE,SLICE
70,151,68,201,2,50,52,2411,6,SLICE,SLICE
70,151,71,177,1,26,27,895,6,SLICE,SLICE
74,170,4,37,70,133,203,3675,1,SLICE,RAMB18
74,156,73,174,1,18,19,1144,6,SLICE,SLICE
74,156,72,174,2,18,20,1340,6,SLICE,SLICE
74,156,72,174,2,18,20,1150,6,SLICE,SLICE
74,156,74,174,0,18,18,1064,6,SLICE,SLICE
76,157,72,171,4,14,18,1149,6,SLICE,SLICE
76,157,72,171,4,14,18,906,6,SLICE,SLICE
76,157,72,171,4,14,18,1166,6,SLICE,SLICE
76,157,74,171,2,14,16,708,6,SLICE,SLICE
77,155,72,170,5,15,20,1042,6,SLICE,SLICE
77,155,73,170,4,15,19,785,6,SLICE,SLICE
77,155,72,170,5,15,20,1038,6,SLICE,SLICE
77,155,73,170,4,15,19,787,6,SLICE,SLICE
76,159,69,167,7,8,15,847,6,SLICE,SLICE
76,159,68,166,8,7,15,882,6,SLICE,SLICE
76,159,69,166,7,7,14,565,6,SLICE,SLICE
76,159,69,167,7,8,15,672,6,SLICE,SLICE
76,164,4,31,72,133,205,3294,1,SLICE,RAMB18
76,158,69,196,7,38,45,1918,6,SLICE,SLICE
76,158,68,198,8,40,48,1680,6,SLICE,SLICE
76,158,68,197,8,39,47,1663,6,SLICE,SLICE
76,158,68,195,8,37,45,1350,6,SLICE,SLICE
74,168,4,44,70,124,194,3013,1,SLICE,RAMB18
70,150,4,41,66,109,175,3510,1,SLICE,RAMB18
76,169,3,25,73,144,217,4013,1,SLICE,RAMB18
78,147,72,175,6,28,34,1993,6,SLICE,SLICE
78,147,72,175,6,28,34,1997,6,SLICE,SLICE
78,147,72,175,6,28,34,1739,6,SLICE,SLICE
78,147,73,175,5,28,33,1993,6,SLICE,SLICE
70,152,3,23,67,129,196,3140,1,SLICE,RAMB18
70,153,3,13,67,140,207,4497,1,SLICE,RAMB18
74,151,68,162,6,11,17,778,6,SLICE,SLICE
74,151,70,170,4,19,23,1299,6,SLICE,SLICE
74,151,69,164,5,13,18,1041,6,SLICE,SLICE
74,151,70,170,4,19,23,1297,6,SLICE,SLICE
58,197,3,49,55,148,203,3598,1,SLICE,RAMB18
66,190,56,198,10,8,18,790,6,SLICE,SLICE
66,190,57,198,9,8,17,735,6,SLICE,SLICE
66,190,59,204,7,14,21,852,6,SLICE,SLICE
66,190,58,204,8,14,22,1174,6,SLICE,SLICE
60,189,3,54,57,135,192,2558,1,SLICE,RAMB18
66,192,60,205,6,13,19,894,6,SLICE,SLICE
66,192,58,203,8,11,19,1307,6,SLICE,SLICE
66,192,61,204,5,12,17,1194,6,SLICE,SLICE
66,192,60,205,6,13,19,891,6,SLICE,SLICE
66,188,60,203,6,15,21,908,6,SLICE,SLICE
66,188,60,203,6,15,21,909,6,SLICE,SLICE
66,188,63,206,3,18,21,1561,6,SLICE,SLICE
66,188,63,206,3,18,21,1418,6,SLICE,SLICE
64,187,3,56,61,131,192,2397,1,SLICE,RAMB18
60,176,3,38,57,138,195,2795,1,SLICE,RAMB18
64,178,57,191,7,13,20,1278,6,SLICE,SLICE
64,178,57,191,7,13,20,1279,6,SLICE,SLICE
64,178,57,192,7,14,21,1389,6,SLICE,SLICE
64,178,56,194,8,16,24,1636,6,SLICE,SLICE
60,172,3,41,57,131,188,3175,1,SLICE,RAMB18
62,183,3,58,59,125,184,1957,1,SLICE,RAMB18
64,188,52,194,12,6,18,974,6,SLICE,SLICE
64,188,52,195,12,7,19,1131,6,SLICE,SLICE
64,188,53,195,11,7,18,1259,6,SLICE,SLICE
64,188,53,195,11,7,18,962,6,SLICE,SLICE
62,192,3,51,59,141,200,2786,1,SLICE,RAMB18
60,188,63,206,3,18,21,1470,6,SLICE,SLICE
60,188,63,206,3,18,21,1472,6,SLICE,SLICE
60,188,60,203,0,15,15,808,6,SLICE,SLICE
60,188,62,205,2,17,19,1320,6,SLICE,SLICE
66,187,54,202,12,15,27,977,6,SLICE,SLICE
66,187,57,202,9,15,24,1190,6,SLICE,SLICE
66,187,58,206,8,19,27,1009,6,SLICE,SLICE
66,187,55,202,11,15,26,1316,6,SLICE,SLICE
60,184,3,56,57,128,185,2022,1,SLICE,RAMB18
64,177,3,46,61,131,192,2792,1,SLICE,RAMB18
69,173,58,199,11,26,37,984,6,SLICE,SLICE
69,173,58,198,11,25,36,1026,6,SLICE,SLICE
69,173,58,198,11,25,36,1215,6,SLICE,SLICE
69,173,58,198,11,25,36,1459,6,SLICE,SLICE
64,181,3,41,61,140,201,2985,1,SLICE,RAMB18
63,181,3,54,60,127,187,2273,1,SLICE,RAMB18
66,179,54,194,12,15,27,1297,6,SLICE,SLICE
66,179,54,194,12,15,27,1251,6,SLICE,SLICE
66,179,55,193,11,14,25,1056,6,SLICE,SLICE
66,179,54,193,12,14,26,1336,6,SLICE,SLICE
66,179,3,50,63,129,192,2327,1,SLICE,RAMB18
61,173,3,41,58,132,190,3251,1,SLICE,RAMB18
64,178,3,38,61,140,201,3073,1,SLICE,RAMB18
60,177,3,49,57,128,185,2799,1,SLICE,RAMB18
60,190,3,46,57,144,201,3120,1,SLICE,RAMB18
68,176,59,200,9,24,33,1175,6,SLICE,SLICE
68,176,58,200,10,24,34,1306,6,SLICE,SLICE
68,176,58,200,10,24,34,1295,6,SLICE,SLICE
68,176,59,200,9,24,33,968,6,SLICE,SLICE
66,175,3,41,63,134,197,3067,1,SLICE,RAMB18
67,184,56,198,11,14,25,939,6,SLICE,SLICE
67,184,56,198,11,14,25,1121,6,SLICE,SLICE
67,184,55,196,12,12,24,893,6,SLICE,SLICE
67,184,56,199,11,15,26,1043,6,SLICE,SLICE
68,180,54,190,14,10,24,991,6,SLICE,SLICE
68,180,54,190,14,10,24,989,6,SLICE,SLICE
68,180,55,191,13,11,24,1114,6,SLICE,SLICE
68,180,54,190,14,10,24,1325,6,SLICE,SLICE
68,190,55,192,13,2,15,687,6,SLICE,SLICE
68,190,55,192,13,2,15,685,6,SLICE,SLICE
68,190,55,193,13,3,16,994,6,SLICE,SLICE
68,190,55,195,13,5,18,1306,6,SLICE,SLICE
64,183,3,58,61,125,186,2122,1,SLICE,RAMB18
60,183,3,59,57,124,181,2269,1,SLICE,RAMB18
67,173,3,43,64,130,194,2741,1,SLICE,RAMB18
63,174,3,38,60,136,196,3321,1,SLICE,RAMB18
64,175,3,56,61,119,180,2008,1,SLICE,RAMB18
60,191,58,198,2,7,9,444,6,SLICE,SLICE
60,191,58,198,2,7,9,619,6,SLICE,SLICE
60,191,59,199,1,8,9,711,6,SLICE,SLICE
60,191,58,198,2,7,9,621,6,SLICE,SLICE
64,183,3,53,61,130,191,2485,1,SLICE,RAMB18
58,194,59,193,1,1,2,254,6,SLICE,SLICE
58,194,59,196,1,2,3,280,6,SLICE,SLICE
58,194,58,194,0,0,0,495,6,SLICE,SLICE
58,194,59,194,1,0,1,621,6,SLICE,SLICE
64,184,59,198,5,14,19,1202,6,SLICE,SLICE
64,184,59,198,5,14,19,1195,6,SLICE,SLICE
64,184,61,203,3,19,22,1483,6,SLICE,SLICE
64,184,61,203,3,19,22,1695,6,SLICE,SLICE
67,185,57,204,10,19,29,1232,6,SLICE,SLICE
67,185,55,204,12,19,31,1608,6,SLICE,SLICE
67,185,56,204,11,19,30,1363,6,SLICE,SLICE
67,185,56,204,11,19,30,1101,6,SLICE,SLICE
67,188,55,197,12,9,21,1027,6,SLICE,SLICE
67,188,53,197,14,9,23,1128,6,SLICE,SLICE
67,188,52,197,15,9,24,997,6,SLICE,SLICE
67,188,55,199,12,11,23,893,6,SLICE,SLICE
64,200,57,194,7,6,13,853,6,SLICE,SLICE
64,200,57,195,7,5,12,711,6,SLICE,SLICE
64,200,56,195,8,5,13,1025,6,SLICE,SLICE
64,200,56,194,8,6,14,725,6,SLICE,SLICE
65,200,3,56,62,144,206,2544,1,SLICE,RAMB18
62,206,58,203,4,3,7,904,6,SLICE,SLICE
62,206,58,203,4,3,7,901,6,SLICE,SLICE
62,206,58,204,4,2,6,545,6,SLICE,SLICE
62,206,60,205,2,1,3,459,6,SLICE,SLICE
66,195,3,51,63,144,207,2818,1,SLICE,RAMB18
68,203,56,192,12,11,23,894,6,SLICE,SLICE
68,203,56,192,12,11,23,1202,6,SLICE,SLICE
68,203,56,191,12,12,24,993,6,SLICE,SLICE
68,203,56,192,12,11,23,901,6,SLICE,SLICE
64,205,58,198,6,7,13,641,6,SLICE,SLICE
64,205,58,198,6,7,13,880,6,SLICE,SLICE
64,205,59,199,5,6,11,672,6,SLICE,SLICE
64,205,58,198,6,7,13,875,6,SLICE,SLICE
66,179,3,35,63,144,207,3554,1,SLICE,RAMB18
62,194,55,195,7,1,8,555,6,SLICE,SLICE
62,194,54,196,8,2,10,845,6,SLICE,SLICE
62,194,55,195,7,1,8,818,6,SLICE,SLICE
62,194,52,196,10,2,12,947,6,SLICE,SLICE
68,201,59,201,9,0,9,834,6,SLICE,SLICE
68,201,56,197,12,4,16,614,6,SLICE,SLICE
68,201,58,202,10,1,11,738,6,SLICE,SLICE
68,201,59,202,9,1,10,580,6,SLICE,SLICE
64,199,3,57,61,142,203,2460,1,SLICE,RAMB18
66,201,3,50,63,151,214,2970,1,SLICE,RAMB18
68,203,53,193,15,10,25,1124,6,SLICE,SLICE
68,203,52,193,16,10,26,1141,6,SLICE,SLICE
68,203,56,190,12,13,25,888,6,SLICE,SLICE
68,203,52,193,16,10,26,1139,6,SLICE,SLICE
60,199,54,190,6,9,15,912,6,SLICE,SLICE
60,199,55,189,5,10,15,690,6,SLICE,SLICE
60,199,54,190,6,9,15,902,6,SLICE,SLICE
60,199,55,191,5,8,13,698,6,SLICE,SLICE
60,202,3,50,57,152,209,2858,1,SLICE,RAMB18
61,195,3,53,58,142,200,2805,1,SLICE,RAMB18
60,195,3,55,57,140,197,2479,1,SLICE,RAMB18
60,193,3,44,57,149,206,3262,1,SLICE,RAMB18
62,201,60,205,2,4,6,687,6,SLICE,SLICE
62,201,58,203,4,2,6,608,6,SLICE,SLICE
62,201,60,205,2,4,6,947,6,SLICE,SLICE
62,201,61,204,1,3,4,543,6,SLICE,SLICE
62,196,3,41,59,155,214,4220,1,SLICE,RAMB18
60,202,3,38,57,164,221,3595,1,SLICE,RAMB18
58,196,57,202,1,6,7,750,6,SLICE,SLICE
58,196,57,202,1,6,7,748,6,SLICE,SLICE
58,196,55,202,3,6,9,866,6,SLICE,SLICE
58,196,57,203,1,7,8,784,6,SLICE,SLICE
62,197,3,46,59,151,210,3372,1,SLICE,RAMB18
63,194,3,53,60,141,201,2570,1,SLICE,RAMB18
64,194,3,49,61,145,206,3037,1,SLICE,RAMB18
58,171,3,52,55,119,174,2344,1,SLICE,RAMB18
60,175,3,43,57,132,189,3035,1,SLICE,RAMB18
68,191,54,192,14,1,15,989,6,SLICE,SLICE
68,191,55,195,13,4,17,937,6,SLICE,SLICE
68,191,55,192,13,1,14,667,6,SLICE,SLICE
68,191,55,192,13,1,14,664,6,SLICE,SLICE
59,172,3,53,56,119,175,2261,1,SLICE,RAMB18
59,177,3,30,56,147,203,3145,1,SLICE,RAMB18
58,188,58,192,0,4,4,958,6,SLICE,SLICE
58,188,56,189,2,1,3,610,6,SLICE,SLICE
58,188,59,192,1,4,5,961,6,SLICE,SLICE
58,188,56,189,2,1,3,599,6,SLICE,SLICE
58,178,3,36,55,142,197,3614,1,SLICE,RAMB18
61,191,3,41,58,150,208,3314,1,SLICE,RAMB18
58,191,3,49,55,142,197,3070,1,SLICE,RAMB18
60,202,57,194,3,8,11,844,6,SLICE,SLICE
60,202,55,196,5,6,11,828,6,SLICE,SLICE
60,202,56,193,4,9,13,823,6,SLICE,SLICE
60,202,57,192,3,10,13,861,6,SLICE,SLICE
60,177,3,30,57,147,204,3966,1,SLICE,RAMB18
60,180,3,46,57,134,191,2701,1,SLICE,RAMB18
61,202,61,204,0,2,2,551,6,SLICE,SLICE
61,202,61,204,0,2,2,490,6,SLICE,SLICE
61,202,59,203,2,1,3,576,6,SLICE,SLICE
61,202,59,202,2,0,2,262,6,SLICE,SLICE
58,190,3,30,55,160,215,3837,1,SLICE,RAMB18
58,184,3,59,55,125,180,2379,1,SLICE,RAMB18
58,172,3,56,55,116,171,2062,1,SLICE,RAMB18
58,186,3,57,55,129,184,2629,1,SLICE,RAMB18
60,189,3,44,57,145,202,3393,1,SLICE,RAMB18
62,204,54,192,8,12,20,1154,6,SLICE,SLICE
62,204,55,193,7,11,18,1129,6,SLICE,SLICE
62,204,54,193,8,11,19,1129,6,SLICE,SLICE
62,204,54,194,8,10,18,779,6,SLICE,SLICE
61,181,3,58,58,123,181,2114,1,SLICE,RAMB18
60,190,59,203,1,13,14,1129,6,SLICE,SLICE
60,190,56,196,4,6,10,831,6,SLICE,SLICE
60,190,61,204,1,14,15,1354,6,SLICE,SLICE
60,190,59,202,1,12,13,901,6,SLICE,SLICE
58,182,3,55,55,127,182,2475,1,SLICE,RAMB18
58,173,3,36,55,137,192,3265,1,SLICE,RAMB18
62,171,3,38,59,133,192,3054,1,SLICE,RAMB18
60,196,3,43,57,153,210,2880,1,SLICE,RAMB18
60,195,3,57,57,138,195,2485,1,SLICE,RAMB18
58,174,3,35,55,139,194,3645,1,SLICE,RAMB18
62,188,3,35,59,153,212,3045,1,SLICE,RAMB18
67,199,52,193,15,6,21,858,6,SLICE,SLICE
67,199,52,194,15,5,20,997,6,SLICE,SLICE
67,199,50,191,17,8,25,1159,6,SLICE,SLICE
67,199,48,191,19,8,27,1386,6,SLICE,SLICE
63,198,55,193,8,5,13,842,6,SLICE,SLICE
63,198,54,191,9,7,16,889,6,SLICE,SLICE
63,198,55,192,8,6,14,776,6,SLICE,SLICE
63,198,54,191,9,7,16,1104,6,SLICE,SLICE
60,198,3,46,57,152,209,3333,1,SLICE,RAMB18
62,195,3,36,59,159,218,4045,1,SLICE,RAMB18
59,197,3,44,56,153,209,3458,1,SLICE,RAMB18
64,196,3,54,61,142,203,2723,1,SLICE,RAMB18
60,194,3,36,57,158,215,3681,1,SLICE,RAMB18
64,170,3,30,61,140,201,3669,1,SLICE,RAMB18
58,197,3,44,55,153,208,3335,1,SLICE,RAMB18
62,180,3,36,59,144,203,3450,1,SLICE,RAMB18
68,195,54,194,14,1,15,1086,6,SLICE,SLICE
68,195,54,192,14,3,17,1307,6,SLICE,SLICE
68,195,54,194,14,1,15,811,6,SLICE,SLICE
68,195,58,199,10,4,14,771,6,SLICE,SLICE
62,190,3,58,59,132,191,2390,1,SLICE,RAMB18
66,189,3,53,63,136,199,2327,1,SLICE,RAMB18
66,190,3,43,63,147,210,3510,1,SLICE,RAMB18
54,183,1,45,53,138,191,3029,1,SLICE,RAMB18
54,188,2,65,52,123,175,1213,1,SLICE,RAMB18
52,188,2,68,50,120,170,901,1,SLICE,RAMB18
52,180,3,14,49,166,215,3445,1,SLICE,RAMB18
54,186,63,157,9,29,38,1144,6,SLICE,SLICE
54,186,65,158,11,28,39,1536,6,SLICE,SLICE
54,186,63,158,9,28,37,1517,6,SLICE,SLICE
54,186,63,158,9,28,37,1516,6,SLICE,SLICE
58,183,69,151,11,32,43,1794,6,SLICE,SLICE
58,183,68,154,10,29,39,1410,6,SLICE,SLICE
58,183,68,154,10,29,39,1336,6,SLICE,SLICE
58,183,68,152,10,31,41,1810,6,SLICE,SLICE
52,176,2,65,50,111,161,909,1,SLICE,RAMB18
55,179,1,67,54,112,166,1154,1,SLICE,RAMB18
48,178,3,14,45,164,209,5223,1,SLICE,RAMB18
48,180,2,63,46,117,163,1013,1,SLICE,RAMB18
48,180,2,36,46,144,190,3025,1,SLICE,RAMB18
55,179,2,68,53,111,164,745,1,SLICE,RAMB18
48,182,2,46,46,136,182,2447,1,SLICE,RAMB18
56,184,65,160,9,24,33,1640,6,SLICE,SLICE
56,184,65,160,9,24,33,1424,6,SLICE,SLICE
56,184,64,160,8,24,32,1225,6,SLICE,SLICE
56,184,64,159,8,25,33,1889,6,SLICE,SLICE
58,182,66,157,8,25,33,1461,6,SLICE,SLICE
58,182,66,156,8,26,34,1482,6,SLICE,SLICE
58,182,66,156,8,26,34,1403,6,SLICE,SLICE
58,182,66,156,8,26,34,1487,6,SLICE,SLICE
50,180,1,47,49,133,182,2653,1,SLICE,RAMB18
50,184,68,152,18,32,50,1625,6,SLICE,SLICE
50,184,68,154,18,30,48,1643,6,SLICE,SLICE
50,184,69,151,19,33,52,1556,6,SLICE,SLICE
50,184,68,151,18,33,51,1731,6,SLICE,SLICE
48,172,2,46,46,126,172,2021,1,SLICE,RAMB18
54,173,2,43,52,130,182,2350,1,SLICE,RAMB18
50,177,67,160,17,17,34,1427,6,SLICE,SLICE
50,177,66,160,16,17,33,1124,6,SLICE,SLICE
50,177,66,160,16,17,33,1117,6,SLICE,SLICE
50,177,66,160,16,17,33,1426,6,SLICE,SLICE
58,167,65,166,7,1,8,700,6,SLICE,SLICE
58,167,64,165,6,2,8,456,6,SLICE,SLICE
58,167,64,166,6,1,7,706,6,SLICE,SLICE
58,167,64,166,6,1,7,701,6,SLICE,SLICE
51,177,1,51,50,126,176,2393,1,SLICE,RAMB18
48,176,66,158,18,18,36,1241,6,SLICE,SLICE
48,176,66,158,18,18,36,1059,6,SLICE,SLICE
48,176,67,157,19,19,38,1174,6,SLICE,SLICE
48,176,66,157,18,19,37,1373,6,SLICE,SLICE
56,188,67,158,11,30,41,1604,6,SLICE,SLICE
56,188,66,158,10,30,40,1769,6,SLICE,SLICE
56,188,66,158,10,30,40,1613,6,SLICE,SLICE
56,188,67,158,11,30,41,1606,6,SLICE,SLICE
48,172,2,68,46,104,150,405,1,SLICE,RAMB18
52,170,2,43,50,127,177,2130,1,SLICE,RAMB18
50,185,65,165,15,20,35,1303,6,SLICE,SLICE
50,185,64,164,14,21,35,1421,6,SLICE,SLICE
50,185,64,164,14,21,35,1573,6,SLICE,SLICE
50,185,64,165,14,20,34,1163,6,SLICE,SLICE
52,170,1,68,51,102,153,929,1,SLICE,RAMB18
53,170,1,45,52,125,177,1990,1,SLICE,RAMB18
50,176,1,64,49,112,161,1191,1,SLICE,RAMB18
48,175,2,68,46,107,153,618,1,SLICE,RAMB18
56,167,1,51,55,116,171,1826,1,SLICE,RAMB18
49,183,2,43,47,140,187,2974,1,SLICE,RAMB18
50,183,65,162,15,21,36,1326,6,SLICE,SLICE
50,183,65,162,15,21,36,1319,6,SLICE,SLICE
50,183,64,162,14,21,35,1444,6,SLICE,SLICE
50,183,64,163,14,20,34,1332,6,SLICE,SLICE
55,183,64,154,9,29,38,1659,6,SLICE,SLICE
55,183,64,154,9,29,38,1370,6,SLICE,SLICE
55,183,64,154,9,29,38,1798,6,SLICE,SLICE
55,183,64,153,9,30,39,1912,6,SLICE,SLICE
50,185,64,164,14,21,35,1310,6,SLICE,SLICE
50,185,64,164,14,21,35,1139,6,SLICE,SLICE
50,185,65,165,15,20,35,1016,6,SLICE,SLICE
50,185,64,165,14,20,34,1018,6,SLICE,SLICE
48,195,64,157,16,38,54,1732,6,SLICE,SLICE
48,195,65,156,17,39,56,1795,6,SLICE,SLICE
48,195,67,156,19,39,58,1922,6,SLICE,SLICE
48,195,68,153,20,42,62,2488,6,SLICE,SLICE
55,180,66,156,11,24,35,1278,6,SLICE,SLICE
55,180,66,156,11,24,35,1285,6,SLICE,SLICE
55,180,67,155,12,25,37,1550,6,SLICE,SLICE
55,180,67,156,12,24,36,1588,6,SLICE,SLICE
49,191,2,47,47,144,191,1851,1,SLICE,RAMB18
52,186,1,52,51,134,185,2135,1,SLICE,RAMB18
53,186,1,45,52,141,193,2519,1,SLICE,RAMB18
52,204,65,162,13,42,55,2216,6,SLICE,SLICE
52,204,60,162,8,42,50,1936,6,SLICE,SLICE
52,204,65,160,13,44,57,2150,6,SLICE,SLICE
52,204,63,160,11,44,55,2038,6,SLICE,SLICE
55,199,68,150,13,49,62,2273,6,SLICE,SLICE
55,199,64,152,9,47,56,2217,6,SLICE,SLICE
55,199,68,148,13,51,64,2391,6,SLICE,SLICE
55,199,65,152,10,47,57,2362,6,SLICE,SLICE
50,206,2,43,48,163,211,2151,1,SLICE,RAMB18
59,181,65,152,6,29,35,1382,6,SLICE,SLICE
59,181,68,150,9,31,40,1617,6,SLICE,SLICE
59,181,68,148,9,33,42,1888,6,SLICE,SLICE
59,181,68,148,9,33,42,1884,6,SLICE,SLICE
54,203,64,163,10,40,50,1665,6,SLICE,SLICE
54,203,62,163,8,40,48,1615,6,SLICE,SLICE
54,203,62,162,8,41,49,2151,6,SLICE,SLICE
54,203,63,163,9,40,49,2131,6,SLICE,SLICE
52,202,1,67,51,135,186,1534,1,SLICE,RAMB18
54,203,64,154,10,49,59,2058,6,SLICE,SLICE
54,203,64,153,10,50,60,2363,6,SLICE,SLICE
54,203,64,155,10,48,58,1864,6,SLICE,SLICE
54,203,64,155,10,48,58,1865,6,SLICE,SLICE
50,200,62,161,12,39,51,1928,6,SLICE,SLICE
50,200,62,162,12,38,50,2136,6,SLICE,SLICE
50,200,62,163,12,37,49,1794,6,SLICE,SLICE
50,200,62,162,12,38,50,2119,6,SLICE,SLICE
54,201,65,152,11,49,60,1674,6,SLICE,SLICE
54,201,68,150,14,51,65,1913,6,SLICE,SLICE
54,201,68,148,14,53,67,2207,6,SLICE,SLICE
54,201,64,152,10,49,59,1682,6,SLICE,SLICE
52,205,67,152,15,53,68,2196,6,SLICE,SLICE
52,205,66,152,14,53,67,1893,6,SLICE,SLICE
52,205,66,153,14,52,66,2231,6,SLICE,SLICE
52,205,66,153,14,52,66,2307,6,SLICE,SLICE
54,199,68,148,14,51,65,2200,6,SLICE,SLICE
54,199,65,154,11,45,56,1826,6,SLICE,SLICE
54,199,68,146,14,53,67,2307,6,SLICE,SLICE
54,199,69,149,15,50,65,2064,6,SLICE,SLICE
52,200,1,67,51,133,184,1921,1,SLICE,RAMB18
51,196,2,65,49,131,180,1492,1,SLICE,RAMB18
48,191,2,63,46,128,174,1279,1,SLICE,RAMB18
54,183,2,47,52,136,188,2590,1,SLICE,RAMB18
48,199,1,52,47,147,194,3087,1,SLICE,RAMB18
54,181,64,154,10,27,37,1549,6,SLICE,SLICE
54,181,64,153,10,28,38,1845,6,SLICE,SLICE
54,181,64,155,10,26,36,1318,6,SLICE,SLICE
54,181,64,154,10,27,37,1545,6,SLICE,SLICE
52,202,66,154,14,48,62,2154,6,SLICE,SLICE
52,202,66,154,14,48,62,1907,6,SLICE,SLICE
52,202,67,152,15,50,65,2252,6,SLICE,SLICE
52,202,66,154,14,48,62,2144,6,SLICE,SLICE
48,203,66,158,18,45,63,1821,6,SLICE,SLICE
48,203,67,159,19,44,63,2169,6,SLICE,SLICE
48,203,67,158,19,45,64,2063,6,SLICE,SLICE
48,203,66,158,18,45,63,2066,6,SLICE,SLICE
49,198,1,55,48,143,191,2506,1,SLICE,RAMB18
52,201,67,153,15,48,63,1861,6,SLICE,SLICE
52,201,67,152,15,49,64,2339,6,SLICE,SLICE
52,201,66,154,14,47,61,1756,6,SLICE,SLICE
52,201,66,154,14,47,61,2020,6,SLICE,SLICE
49,199,2,65,47,134,181,1479,1,SLICE,RAMB18
49,198,1,55,48,143,191,2298,1,SLICE,RAMB18
48,205,1,69,47,136,183,1659,1,SLICE,RAMB18
55,206,3,14,52,192,244,5339,1,SLICE,RAMB18
56,180,2,63,54,117,171,1215,1,SLICE,RAMB18
56,203,67,151,11,52,63,2121,6,SLICE,SLICE
56,203,66,155,10,48,58,2204,6,SLICE,SLICE
56,203,67,155,11,48,59,2248,6,SLICE,SLICE
56,203,67,156,11,47,58,2097,6,SLICE,SLICE
58,168,66,159,8,9,17,986,6,SLICE,SLICE
58,168,66,159,8,9,17,680,6,SLICE,SLICE
58,168,67,160,9,8,17,553,6,SLICE,SLICE
58,168,67,159,9,9,18,674,6,SLICE,SLICE
55,201,63,158,8,43,51,1878,6,SLICE,SLICE
55,201,65,158,10,43,53,1866,6,SLICE,SLICE
55,201,63,157,8,44,52,1824,6,SLICE,SLICE
55,201,62,159,7,42,49,1857,6,SLICE,SLICE
56,188,1,70,55,118,173,1300,1,SLICE,RAMB18
53,206,1,55,52,151,203,2570,1,SLICE,RAMB18
60,204,68,146,8,58,66,1974,6,SLICE,SLICE
60,204,68,147,8,57,65,2038,6,SLICE,SLICE
60,204,68,147,8,57,65,2155,6,SLICE,SLICE
60,204,68,147,8,57,65,1894,6,SLICE,SLICE
56,184,3,14,53,170,223,3360,1,SLICE,RAMB18
54,200,2,43,52,157,209,2977,1,SLICE,RAMB18
53,204,1,51,52,153,205,2117,1,SLICE,RAMB18
66,161,3,14,63,147,210,3855,1,SLICE,RAMB18
66,162,1,52,65,110,175,2041,1,SLICE,RAMB18
68,160,1,55,67,105,172,1925,1,SLICE,RAMB18
68,160,1,47,67,113,180,2377,1,SLICE,RAMB18
68,158,66,159,2,1,3,605,6,SLICE,SLICE
68,158,66,159,2,1,3,343,6,SLICE,SLICE
68,158,66,159,2,1,3,594,6,SLICE,SLICE
68,158,67,159,1,1,2,474,6,SLICE,SLICE
54,171,2,53,52,118,170,1769,1,SLICE,RAMB18
68,160,1,45,67,115,182,2620,1,SLICE,RAMB18
66,165,2,54,64,111,175,1698,1,SLICE,RAMB18
67,162,2,47,65,115,180,1911,1,SLICE,RAMB18
67,165,2,53,65,112,177,1669,1,SLICE,RAMB18
62,169,2,65,60,104,164,796,1,SLICE,RAMB18
66,164,1,55,65,109,174,1881,1,SLICE,RAMB18
56,175,63,165,7,10,17,1168,6,SLICE,SLICE
56,175,63,164,7,11,18,873,6,SLICE,SLICE
56,175,62,164,6,11,17,1195,6,SLICE,SLICE
56,175,63,164,7,11,18,870,6,SLICE,SLICE
54,172,1,47,53,125,178,2047,1,SLICE,RAMB18
55,174,1,68,54,106,160,941,1,SLICE,RAMB18
56,176,64,158,8,18,26,1114,6,SLICE,SLICE
56,176,64,159,8,17,25,1079,6,SLICE,SLICE
56,176,64,158,8,18,26,1228,6,SLICE,SLICE
56,176,64,158,8,18,26,1113,6,SLICE,SLICE
55,178,1,68,54,110,164,1282,1,SLICE,RAMB18
55,170,1,51,54,119,173,2158,1,SLICE,RAMB18
54,182,65,160,11,22,33,1347,6,SLICE,SLICE
54,182,64,160,10,22,32,1523,6,SLICE,SLICE
54,182,65,160,11,22,33,1345,6,SLICE,SLICE
54,182,65,160,11,22,33,1357,6,SLICE,SLICE
55,176,1,68,54,108,162,981,1,SLICE,RAMB18
56,172,64,156,8,16,24,1213,6,SLICE,SLICE
56,172,64,156,8,16,24,1230,6,SLICE,SLICE
56,172,64,155,8,17,25,1153,6,SLICE,SLICE
56,172,64,156,8,16,24,913,6,SLICE,SLICE
54,172,2,63,52,109,161,931,1,SLICE,RAMB18
60,169,2,63,58,106,164,1035,1,SLICE,RAMB18
63,168,2,46,61,122,183,2441,1,SLICE,RAMB18
54,183,68,148,14,35,49,2099,6,SLICE,SLICE
54,183,65,152,11,31,42,1632,6,SLICE,SLICE
54,183,68,150,14,33,47,1732,6,SLICE,SLICE
54,183,68,148,14,35,49,2200,6,SLICE,SLICE
56,187,69,149,13,38,51,1788,6,SLICE,SLICE
56,187,68,148,12,39,51,1672,6,SLICE,SLICE
56,187,65,154,9,33,42,1377,6,SLICE,SLICE
56,187,69,149,13,38,51,1788,6,SLICE,SLICE
52,183,2,68,50,115,165,678,1,SLICE,RAMB18
52,177,1,70,51,107,158,1033,1,SLICE,RAMB18
50,173,1,70,49,103,152,1046,1,SLICE,RAMB18
54,180,1,47,53,133,186,2675,1,SLICE,RAMB18
52,178,2,47,50,131,181,2260,1,SLICE,RAMB18
62,137,2,3,60,134,194,4403,1,SLICE,RAMB18
64,141,2,8,62,133,195,4516,1,SLICE,RAMB18
63,140,1,18,62,122,184,3698,1,SLICE,RAMB18
68,138,58,137,10,1,11,487,6,SLICE,SLICE
68,138,56,136,12,2,14,868,6,SLICE,SLICE
68,138,56,136,12,2,14,755,6,SLICE,SLICE
68,138,56,136,12,2,14,866,6,SLICE,SLICE
64,139,57,136,7,3,10,810,6,SLICE,SLICE
64,139,57,136,7,3,10,952,6,SLICE,SLICE
64,139,56,136,8,3,11,649,6,SLICE,SLICE
64,139,56,135,8,4,12,741,6,SLICE,SLICE
67,142,56,136,11,6,17,575,6,SLICE,SLICE
67,142,56,137,11,5,16,643,6,SLICE,SLICE
67,142,58,137,9,5,14,740,6,SLICE,SLICE
67,142,56,136,11,6,17,576,6,SLICE,SLICE
63,149,2,16,61,133,194,3296,1,SLICE,RAMB18
60,145,1,16,59,129,188,3207,1,SLICE,RAMB18
68,141,55,142,13,1,14,792,6,SLICE,SLICE
68,141,55,142,13,1,14,617,6,SLICE,SLICE
68,141,55,141,13,0,13,828,6,SLICE,SLICE
68,141,55,140,13,1,14,661,6,SLICE,SLICE
66,144,55,136,11,8,19,736,6,SLICE,SLICE
66,144,55,136,11,8,19,734,6,SLICE,SLICE
66,144,54,136,12,8,20,901,6,SLICE,SLICE
66,144,54,136,12,8,20,1026,6,SLICE,SLICE
62,145,2,3,60,142,202,2896,1,SLICE,RAMB18
60,144,1,1,59,143,202,3520,1,SLICE,RAMB18
67,141,57,135,10,6,16,1151,6,SLICE,SLICE
67,141,57,135,10,6,16,1146,6,SLICE,SLICE
67,141,56,135,11,6,17,1048,6,SLICE,SLICE
67,141,57,134,10,7,17,1103,6,SLICE,SLICE
62,146,1,6,61,140,201,4937,1,SLICE,RAMB18
66,135,54,136,12,1,13,843,6,SLICE,SLICE
66,135,55,136,11,1,12,730,6,SLICE,SLICE
66,135,55,136,11,1,12,723,6,SLICE,SLICE
66,135,54,136,12,1,13,597,6,SLICE,SLICE
62,153,48,166,14,13,27,1340,6,SLICE,SLICE
62,153,49,166,13,13,26,1043,6,SLICE,SLICE
62,153,49,166,13,13,26,1043,6,SLICE,SLICE
62,153,48,165,14,12,26,842,6,SLICE,SLICE
66,145,55,144,11,1,12,832,6,SLICE,SLICE
66,145,55,146,11,1,12,675,6,SLICE,SLICE
66,145,54,146,12,1,13,816,6,SLICE,SLICE
66,145,55,146,11,1,12,564,6,SLICE,SLICE
66,150,55,145,11,5,16,722,6,SLICE,SLICE
66,150,55,145,11,5,16,722,6,SLICE,SLICE
66,150,56,144,10,6,16,1011,6,SLICE,SLICE
66,150,54,145,12,5,17,927,6,SLICE,SLICE
60,163,2,34,58,129,187,2050,1,SLICE,RAMB18
65,146,58,134,7,12,19,1340,6,SLICE,SLICE
65,146,57,135,8,11,19,698,6,SLICE,SLICE
65,146,56,135,9,11,20,1020,6,SLICE,SLICE
65,146,58,135,7,11,18,1211,6,SLICE,SLICE
66,150,57,144,9,6,15,560,6,SLICE,SLICE
66,150,57,143,9,7,16,836,6,SLICE,SLICE
66,150,55,145,11,5,16,1002,6,SLICE,SLICE
66,150,54,145,12,5,17,697,6,SLICE,SLICE
60,162,1,37,59,125,184,2415,1,SLICE,RAMB18
64,145,57,139,7,6,13,565,6,SLICE,SLICE
64,145,57,140,7,5,12,540,6,SLICE,SLICE
64,145,57,140,7,5,12,536,6,SLICE,SLICE
64,145,57,141,7,4,11,811,6,SLICE,SLICE
60,147,1,22,59,125,184,3633,1,SLICE,RAMB18
60,148,1,16,59,132,191,4276,1,SLICE,RAMB18
60,149,1,18,59,131,190,3035,1,SLICE,RAMB18
62,147,2,3,60,144,204,3958,1,SLICE,RAMB18
58,141,1,18,57,123,180,3284,1,SLICE,RAMB18
63,147,1,4,62,143,205,5504,1,SLICE,RAMB18
61,161,2,24,59,137,196,2377,1,SLICE,RAMB18
56,150,2,8,54,142,196,4940,1,SLICE,RAMB18
64,150,58,138,6,12,18,989,6,SLICE,SLICE
64,150,58,137,6,13,19,1118,6,SLICE,SLICE
64,150,58,137,6,13,19,1108,6,SLICE,SLICE
64,150,58,137,6,13,19,800,6,SLICE,SLICE
62,150,57,146,5,4,9,734,6,SLICE,SLICE
62,150,56,146,6,4,10,653,6,SLICE,SLICE
62,150,56,146,6,4,10,900,6,SLICE,SLICE
62,150,56,146,6,4,10,655,6,SLICE,SLICE
62,151,57,148,5,3,8,747,6,SLICE,SLICE
62,151,57,147,5,4,9,745,6,SLICE,SLICE
62,151,57,148,5,3,8,747,6,SLICE,SLICE
62,151,57,148,5,3,8,749,6,SLICE,SLICE
64,150,57,147,7,3,10,819,6,SLICE,SLICE
64,150,56,147,8,3,11,935,6,SLICE,SLICE
64,150,57,148,7,2,9,658,6,SLICE,SLICE
64,150,57,148,7,2,9,483,6,SLICE,SLICE
56,154,1,25,55,129,184,3168,1,SLICE,RAMB18
62,149,55,141,7,8,15,924,6,SLICE,SLICE
62,149,54,142,8,7,15,780,6,SLICE,SLICE
62,149,54,142,8,7,15,1024,6,SLICE,SLICE
62,149,54,141,8,8,16,1055,6,SLICE,SLICE
60,152,2,24,58,128,186,3230,1,SLICE,RAMB18
61,151,2,35,59,116,175,2427,1,SLICE,RAMB18
60,149,56,146,4,3,7,808,6,SLICE,SLICE
60,149,57,145,3,4,7,800,6,SLICE,SLICE
60,149,56,146,4,3,7,864,6,SLICE,SLICE
60,149,57,146,3,3,6,699,6,SLICE,SLICE
60,143,2,35,58,108,166,2092,1,SLICE,RAMB18
60,160,57,144,3,16,19,1316,6,SLICE,SLICE
60,160,55,145,5,15,20,953,6,SLICE,SLICE
60,160,55,145,5,15,20,956,6,SLICE,SLICE
60,160,54,145,6,15,21,1155,6,SLICE,SLICE
60,154,55,142,5,12,17,879,6,SLICE,SLICE
60,154,55,140,5,14,19,1410,6,SLICE,SLICE
60,154,55,142,5,12,17,704,6,SLICE,SLICE
60,154,55,141,5,13,18,1135,6,SLICE,SLICE
56,152,2,16,54,136,190,4015,1,SLICE,RAMB18
63,151,57,145,6,6,12,847,6,SLICE,SLICE
63,151,57,145,6,6,12,1110,6,SLICE,SLICE
63,151,56,144,7,7,14,595,6,SLICE,SLICE
63,151,56,146,7,5,12,735,6,SLICE,SLICE
60,155,54,140,6,15,21,1096,6,SLICE,SLICE
60,155,54,139,6,16,22,1022,6,SLICE,SLICE
60,155,54,140,6,15,21,1109,6,SLICE,SLICE
60,155,54,140,6,15,21,914,6,SLICE,SLICE
56,160,2,34,54,126,180,1895,1,SLICE,RAMB18
56,155,1,16,55,139,194,3986,1,SLICE,RAMB18
58,158,2,34,56,124,180,1763,1,SLICE,RAMB18
58,154,2,8,56,146,202,3707,1,SLICE,RAMB18
58,157,1,3,57,154,211,3742,1,SLICE,RAMB18
60,134,2,3,58,131,189,3976,1,SLICE,RAMB18
56,151,57,149,1,2,3,595,6,SLICE,SLICE
56,151,57,149,1,2,3,270,6,SLICE,SLICE
56,151,57,148,1,3,4,590,6,SLICE,SLICE
56,151,56,148,0,3,3,706,6,SLICE,SLICE
49,167,1,10,48,157,205,4262,1,SLICE,RAMB18
54,151,1,10,53,141,194,4915,1,SLICE,RAMB18
48,169,2,16,46,153,199,3654,1,SLICE,RAMB18
50,162,2,34,48,128,176,3136,1,SLICE,RAMB18
54,152,57,148,3,4,7,468,6,SLICE,SLICE
54,152,57,147,3,5,8,656,6,SLICE,SLICE
54,152,57,147,3,5,8,654,6,SLICE,SLICE
54,152,57,148,3,4,7,643,6,SLICE,SLICE
50,163,1,18,49,145,194,4800,1,SLICE,RAMB18
52,160,1,18,51,142,193,3454,1,SLICE,RAMB18
54,152,57,146,3,6,9,538,6,SLICE,SLICE
54,152,57,144,3,8,11,957,6,SLICE,SLICE
54,152,56,144,2,8,10,791,6,SLICE,SLICE
54,152,57,147,3,5,8,432,6,SLICE,SLICE
50,161,2,34,48,127,175,2580,1,SLICE,RAMB18
50,161,1,10,49,151,200,4134,1,SLICE,RAMB18
54,156,57,143,3,13,16,1014,6,SLICE,SLICE
54,156,56,142,2,14,16,996,6,SLICE,SLICE
54,156,57,143,3,13,16,1320,6,SLICE,SLICE
54,156,56,143,2,13,15,934,6,SLICE,SLICE
63,140,2,34,61,106,167,2079,1,SLICE,RAMB18
54,155,57,137,3,18,21,1173,6,SLICE,SLICE
54,155,58,138,4,17,21,1087,6,SLICE,SLICE
54,155,56,135,2,20,22,930,6,SLICE,SLICE
54,155,59,137,5,18,23,1076,6,SLICE,SLICE
55,161,1,1,54,160,214,3672,1,SLICE,RAMB18
56,168,57,135,1,33,34,1425,6,SLICE,SLICE
56,168,58,135,2,33,35,1594,6,SLICE,SLICE
56,168,58,134,2,34,36,1823,6,SLICE,SLICE
56,168,56,134,0,34,34,2020,6,SLICE,SLICE
54,166,2,25,52,141,193,2421,1,SLICE,RAMB18
52,165,1,16,51,149,200,4120,1,SLICE,RAMB18
52,167,1,18,51,149,200,2906,1,SLICE,RAMB18
52,165,2,25,50,140,190,3569,1,SLICE,RAMB18
54,166,55,149,1,17,18,1572,6,SLICE,SLICE
54,166,54,150,0,16,16,1163,6,SLICE,SLICE
54,166,54,146,0,20,20,1806,6,SLICE,SLICE
54,166,54,150,0,16,16,1393,6,SLICE,SLICE
52,166,2,8,50,158,208,2810,1,SLICE,RAMB18
52,164,2,25,50,139,189,3823,1,SLICE,RAMB18
53,164,1,3,52,161,213,5260,1,SLICE,RAMB18
54,158,1,25,53,133,186,3868,1,SLICE,RAMB18
57,143,1,22,56,121,177,2918,1,SLICE,RAMB18
54,165,2,26,52,139,191,3649,1,SLICE,RAMB18
56,167,56,138,0,29,29,1762,6,SLICE,SLICE
56,167,56,139,0,28,28,1352,6,SLICE,SLICE
56,167,56,139,0,28,28,1345,6,SLICE,SLICE
56,167,56,140,0,27,27,1560,6,SLICE,SLICE
56,165,1,25,55,140,195,3660,1,SLICE,RAMB18
54,158,1,25,53,133,186,3488,1,SLICE,RAMB18
57,164,46,168,11,4,15,962,6,SLICE,SLICE
57,164,49,169,8,5,13,955,6,SLICE,SLICE
57,164,46,168,11,4,15,763,6,SLICE,SLICE
57,164,49,169,8,5,13,1104,6,SLICE,SLICE
55,158,1,37,54,121,175,2970,1,SLICE,RAMB18
57,164,2,35,55,129,184,2773,1,SLICE,RAMB18
54,164,1,25,53,139,192,3353,1,SLICE,RAMB18
56,163,2,33,54,130,184,2984,1,SLICE,RAMB18
57,167,2,24,55,143,198,3348,1,SLICE,RAMB18
62,136,55,147,7,11,18,1103,6,SLICE,SLICE
62,136,54,149,8,13,21,909,6,SLICE,SLICE
62,136,54,147,8,11,19,793,6,SLICE,SLICE
62,136,55,147,7,11,18,1105,6,SLICE,SLICE
56,141,1,1,55,140,195,3743,1,SLICE,RAMB18
60,135,56,146,4,11,15,866,6,SLICE,SLICE
60,135,57,146,3,11,14,1027,6,SLICE,SLICE
60,135,56,146,4,11,15,859,6,SLICE,SLICE
60,135,57,145,3,10,13,733,6,SLICE,SLICE
66,136,57,147,9,11,20,956,6,SLICE,SLICE
66,136,57,148,9,12,21,851,6,SLICE,SLICE
66,136,57,147,9,11,20,953,6,SLICE,SLICE
66,136,57,148,9,12,21,1116,6,SLICE,SLICE
59,142,1,4,58,138,196,4966,1,SLICE,RAMB18
64,137,59,134,5,3,8,833,6,SLICE,SLICE
64,137,58,134,6,3,9,528,6,SLICE,SLICE
64,137,58,134,6,3,9,705,6,SLICE,SLICE
64,137,59,134,5,3,8,831,6,SLICE,SLICE
60,134,56,135,4,1,5,353,6,SLICE,SLICE
60,134,57,135,3,1,4,486,6,SLICE,SLICE
60,134,57,134,3,0,3,548,6,SLICE,SLICE
60,134,57,136,3,2,5,600,6,SLICE,SLICE
63,136,59,137,4,1,5,578,6,SLICE,SLICE
63,136,59,137,4,1,5,585,6,SLICE,SLICE
63,136,56,135,7,1,8,704,6,SLICE,SLICE
63,136,57,137,6,1,7,538,6,SLICE,SLICE
61,136,55,147,6,11,17,732,6,SLICE,SLICE
61,136,54,147,7,11,18,1047,6,SLICE,SLICE
61,136,55,147,6,11,17,735,6,SLICE,SLICE
61,136,54,146,7,10,17,851,6,SLICE,SLICE
58,143,1,25,57,118,175,3327,1,SLICE,RAMB18
61,140,56,146,5,6,11,612,6,SLICE,SLICE
61,140,56,144,5,4,9,708,6,SLICE,SLICE
61,140,56,145,5,5,10,708,6,SLICE,SLICE
61,140,57,145,4,5,9,822,6,SLICE,SLICE
56,142,2,24,54,118,172,3095,1,SLICE,RAMB18
62,143,1,18,61,125,186,2996,1,SLICE,RAMB18
60,141,1,3,59,138,197,4086,1,SLICE,RAMB18
66,139,57,138,9,1,10,739,6,SLICE,SLICE
66,139,54,142,12,3,15,1066,6,SLICE,SLICE
66,139,55,142,11,3,14,925,6,SLICE,SLICE
66,139,57,138,9,1,10,426,6,SLICE,SLICE
60,143,1,9,59,134,193,4884,1,SLICE,RAMB18
60,137,2,25,58,112,170,1886,1,SLICE,RAMB18
66,142,54,142,12,0,12,852,6,SLICE,SLICE
66,142,54,142,12,0,12,709,6,SLICE,SLICE
66,142,54,141,12,1,13,992,6,SLICE,SLICE
66,142,55,141,11,1,12,670,6,SLICE,SLICE
42,149,1,44,41,105,146,1814,1,SLICE,RAMB18
46,137,38,143,8,6,14,912,6,SLICE,SLICE
46,137,39,145,7,8,15,1001,6,SLICE,SLICE
46,137,38,143,8,6,14,857,6,SLICE,SLICE
46,137,38,145,8,8,16,909,6,SLICE,SLICE
44,157,1,24,43,133,176,3588,1,SLICE,RAMB18
46,147,36,135,10,12,22,1139,6,SLICE,SLICE
46,147,36,134,10,13,23,1119,6,SLICE,SLICE
46,147,36,135,10,12,22,896,6,SLICE,SLICE
46,147,36,134,10,13,23,944,6,SLICE,SLICE
46,138,38,140,8,2,10,512,6,SLICE,SLICE
46,138,36,138,10,0,10,710,6,SLICE,SLICE
46,138,37,139,9,1,10,1045,6,SLICE,SLICE
46,138,39,139,7,1,8,728,6,SLICE,SLICE
45,155,1,13,44,142,186,3066,1,SLICE,RAMB18
38,158,1,11,37,147,184,4420,1,SLICE,RAMB18
46,140,45,166,1,26,27,1382,6,SLICE,SLICE
46,140,46,166,0,26,26,1975,6,SLICE,SLICE
46,140,46,165,0,25,25,1647,6,SLICE,SLICE
46,140,47,161,1,21,22,1135,6,SLICE,SLICE
38,151,1,8,37,143,180,4484,1,SLICE,RAMB18
37,148,1,31,36,117,153,2703,1,SLICE,RAMB18
38,141,38,138,0,3,3,985,6,SLICE,SLICE
38,141,38,138,0,3,3,874,6,SLICE,SLICE
38,141,39,138,1,3,4,711,6,SLICE,SLICE
38,141,39,138,1,3,4,974,6,SLICE,SLICE
44,145,1,46,43,99,142,1515,1,SLICE,RAMB18
40,145,37,139,3,6,9,945,6,SLICE,SLICE
40,145,39,139,1,6,7,677,6,SLICE,SLICE
40,145,36,138,4,7,11,925,6,SLICE,SLICE
40,145,38,139,2,6,8,785,6,SLICE,SLICE
42,146,45,165,3,19,22,1407,6,SLICE,SLICE
42,146,44,163,2,17,19,1279,6,SLICE,SLICE
42,146,44,165,2,19,21,1296,6,SLICE,SLICE
42,146,45,164,3,18,21,1338,6,SLICE,SLICE
38,146,1,13,37,133,170,4133,1,SLICE,RAMB18
40,154,1,23,39,131,170,3620,1,SLICE,RAMB18
40,141,38,144,2,3,5,942,6,SLICE,SLICE
40,141,39,144,1,3,4,888,6,SLICE,SLICE
40,141,38,143,2,2,4,429,6,SLICE,SLICE
40,141,39,144,1,3,4,777,6,SLICE,SLICE
40,133,1,8,39,125,164,3444,1,SLICE,RAMB18
41,158,1,24,40,134,174,3491,1,SLICE,RAMB18
42,138,44,166,2,28,30,1977,6,SLICE,SLICE
42,138,44,167,2,29,31,2240,6,SLICE,SLICE
42,138,44,167,2,29,31,2244,6,SLICE,SLICE
42,138,44,167,2,29,31,2179,6,SLICE,SLICE
40,141,1,43,39,98,137,1674,1,SLICE,RAMB18
39,155,1,8,38,147,185,3600,1,SLICE,RAMB18
40,143,1,11,39,132,171,3994,1,SLICE,RAMB18
40,142,1,44,39,98,137,1645,1,SLICE,RAMB18
44,144,1,23,43,121,164,3529,1,SLICE,RAMB18
40,136,39,140,1,4,5,734,6,SLICE,SLICE
40,136,39,140,1,4,5,732,6,SLICE,SLICE
40,136,38,140,2,4,6,804,6,SLICE,SLICE
40,136,39,140,1,4,5,415,6,SLICE,SLICE
40,143,1,8,39,135,174,4918,1,SLICE,RAMB18
40,140,38,157,2,17,19,946,6,SLICE,SLICE
40,140,39,157,1,17,18,916,6,SLICE,SLICE
40,140,38,158,2,18,20,943,6,SLICE,SLICE
40,140,38,157,2,17,19,944,6,SLICE,SLICE
40,152,45,169,5,17,22,1191,6,SLICE,SLICE
40,152,45,168,5,16,21,1254,6,SLICE,SLICE
40,152,45,162,5,10,15,722,6,SLICE,SLICE
40,152,44,169,4,17,21,1263,6,SLICE,SLICE
44,149,42,159,2,10,12,755,6,SLICE,SLICE
44,149,40,160,4,11,15,909,6,SLICE,SLICE
44,149,42,160,2,11,13,873,6,SLICE,SLICE
44,149,40,159,4,10,14,646,6,SLICE,SLICE
40,159,1,31,39,128,167,2658,1,SLICE,RAMB18
44,160,1,20,43,140,183,4274,1,SLICE,RAMB18
40,156,1,19,39,137,176,4089,1,SLICE,RAMB18
40,158,1,11,39,147,186,3677,1,SLICE,RAMB18
42,154,1,13,41,141,182,4831,1,SLICE,RAMB18
46,144,39,144,7,0,7,545,6,SLICE,SLICE
46,144,38,144,8,0,8,835,6,SLICE,SLICE
46,144,38,144,8,0,8,863,6,SLICE,SLICE
46,144,38,143,8,1,9,773,6,SLICE,SLICE
42,156,1,32,41,124,165,2854,1,SLICE,RAMB18
44,145,45,163,1,18,19,1064,6,SLICE,SLICE
44,145,45,163,1,18,19,801,6,SLICE,SLICE
44,145,44,165,0,20,20,928,6,SLICE,SLICE
44,145,45,166,1,21,22,1374,6,SLICE,SLICE
45,148,40,161,5,13,18,985,6,SLICE,SLICE
45,148,43,161,2,13,15,1385,6,SLICE,SLICE
45,148,43,160,2,12,14,1243,6,SLICE,SLICE
45,148,41,159,4,11,15,1252,6,SLICE,SLICE
44,141,46,171,2,30,32,1417,6,SLICE,SLICE
44,141,46,172,2,31,33,1629,6,SLICE,SLICE
44,141,46,171,2,30,32,1530,6,SLICE,SLICE
44,141,44,163,0,22,22,798,6,SLICE,SLICE
45,138,39,153,6,15,21,1033,6,SLICE,SLICE
45,138,38,153,7,15,22,1056,6,SLICE,SLICE
45,138,38,153,7,15,22,1301,6,SLICE,SLICE
45,138,39,152,6,14,20,1030,6,SLICE,SLICE
46,149,39,145,7,4,11,679,6,SLICE,SLICE
46,149,39,144,7,5,12,792,6,SLICE,SLICE
46,149,39,143,7,6,13,900,6,SLICE,SLICE
46,149,38,144,8,5,13,1082,6,SLICE,SLICE
46,156,1,13,45,143,188,2892,1,SLICE,RAMB18
54,143,36,136,18,7,25,1119,6,SLICE,SLICE
54,143,36,134,18,9,27,1067,6,SLICE,SLICE
54,143,37,133,17,10,27,1493,6,SLICE,SLICE
54,143,36,135,18,8,26,1426,6,SLICE,SLICE
48,141,1,46,47,95,142,1540,1,SLICE,RAMB18
48,138,39,139,9,1,10,604,6,SLICE,SLICE
48,138,39,142,9,4,13,1055,6,SLICE,SLICE
48,138,39,142,9,4,13,792,6,SLICE,SLICE
48,138,39,143,9,5,14,1054,6,SLICE,SLICE
48,135,39,144,9,9,18,918,6,SLICE,SLICE
48,135,38,144,10,9,19,1049,6,SLICE,SLICE
48,135,38,144,10,9,19,1038,6,SLICE,SLICE
48,135,38,143,10,8,18,1129,6,SLICE,SLICE
48,150,1,28,47,122,169,3081,1,SLICE,RAMB18
44,143,46,166,2,23,25,1290,6,SLICE,SLICE
44,143,46,167,2,24,26,1546,6,SLICE,SLICE
44,143,47,168,3,25,28,1526,6,SLICE,SLICE
44,143,46,168,2,25,27,1542,6,SLICE,SLICE
46,148,38,136,8,12,20,1091,6,SLICE,SLICE
46,148,38,135,8,13,21,1048,6,SLICE,SLICE
46,148,38,135,8,13,21,1265,6,SLICE,SLICE
46,148,38,136,8,12,20,1098,6,SLICE,SLICE
44,156,1,27,43,129,172,3577,1,SLICE,RAMB18
45,153,1,43,44,110,154,1988,1,SLICE,RAMB18
49,139,46,170,3,31,34,1233,6,SLICE,SLICE
49,139,45,169,4,30,34,1159,6,SLICE,SLICE
49,139,44,169,5,30,35,1331,6,SLICE,SLICE
49,139,44,171,5,32,37,1342,6,SLICE,SLICE
48,145,45,169,3,24,27,1667,6,SLICE,SLICE
48,145,44,170,4,25,29,1418,6,SLICE,SLICE
48,145,45,168,3,23,26,1406,6,SLICE,SLICE
48,145,45,162,3,17,20,1175,6,SLICE,SLICE
48,152,1,43,47,109,156,2072,1,SLICE,RAMB18
48,142,1,32,47,110,157,2685,1,SLICE,RAMB18
46,161,1,14,45,147,192,4279,1,SLICE,RAMB18
46,153,1,48,45,105,150,1626,1,SLICE,RAMB18
48,140,36,134,12,6,18,1011,6,SLICE,SLICE
48,140,36,134,12,6,18,757,6,SLICE,SLICE
48,140,36,135,12,5,17,754,6,SLICE,SLICE
48,140,36,135,12,5,17,1226,6,SLICE,SLICE
46,156,1,8,45,148,193,4901,1,SLICE,RAMB18
50,149,1,11,49,138,187,5263,1,SLICE,RAMB18
52,133,44,163,8,30,38,1478,6,SLICE,SLICE
52,133,45,164,7,31,38,1449,6,SLICE,SLICE
52,133,45,164,7,31,38,1712,6,SLICE,SLICE
52,133,45,164,7,31,38,1447,6,SLICE,SLICE
50,151,1,23,49,128,177,3667,1,SLICE,RAMB18
48,146,1,32,47,114,161,2639,1,SLICE,RAMB18
48,144,1,44,47,100,147,1665,1,SLICE,RAMB18
48,151,1,34,47,117,164,2519,1,SLICE,RAMB18
48,160,1,19,47,141,188,4894,1,SLICE,RAMB18
50,147,40,159,10,12,22,1003,6,SLICE,SLICE
50,147,40,159,10,12,22,1257,6,SLICE,SLICE
50,147,40,160,10,13,23,1353,6,SLICE,SLICE
50,147,42,159,8,12,20,1035,6,SLICE,SLICE
50,159,1,32,49,127,176,3184,1,SLICE,RAMB18
48,159,1,39,47,120,167,2357,1,SLICE,RAMB18
50,147,39,156,11,9,20,1121,6,SLICE,SLICE
50,147,39,155,11,8,19,1015,6,SLICE,SLICE
50,147,39,155,11,8,19,873,6,SLICE,SLICE
50,147,39,155,11,8,19,1015,6,SLICE,SLICE
50,157,1,41,49,116,165,2582,1,SLICE,RAMB18
44,143,1,8,43,135,178,3603,1,SLICE,RAMB18
48,160,1,44,47,116,163,1974,1,SLICE,RAMB18
44,147,45,170,1,23,24,1726,6,SLICE,SLICE
44,147,44,161,0,14,14,1494,6,SLICE,SLICE
44,147,45,170,1,23,24,1835,6,SLICE,SLICE
44,147,47,169,3,22,25,2013,6,SLICE,SLICE
50,156,1,39,49,117,166,2556,1,SLICE,RAMB18
51,157,1,23,50,134,184,4114,1,SLICE,RAMB18
52,147,45,166,7,19,26,1518,6,SLICE,SLICE
52,147,45,165,7,18,25,1103,6,SLICE,SLICE
52,147,45,167,7,20,27,1488,6,SLICE,SLICE
52,147,45,168,7,21,28,1057,6,SLICE,SLICE
50,155,1,39,49,116,165,2444,1,SLICE,RAMB18
51,144,1,20,50,124,174,2977,1,SLICE,RAMB18
51,153,1,13,50,140,190,4587,1,SLICE,RAMB18
50,149,1,27,49,122,171,3175,1,SLICE,RAMB18
48,155,1,48,47,107,154,1773,1,SLICE,RAMB18
52,157,45,167,7,10,17,1086,6,SLICE,SLICE
52,157,44,167,8,10,18,738,6,SLICE,SLICE
52,157,44,167,8,10,18,741,6,SLICE,SLICE
52,157,44,166,8,9,17,1314,6,SLICE,SLICE
49,148,1,31,48,117,165,2928,1,SLICE,RAMB18
46,146,45,167,1,21,22,1393,6,SLICE,SLICE
46,146,44,166,2,20,22,1450,6,SLICE,SLICE
46,146,45,165,1,19,20,854,6,SLICE,SLICE
46,146,45,168,1,22,23,1497,6,SLICE,SLICE
51,149,1,14,50,135,185,3115,1,SLICE,RAMB18
49,149,1,41,48,108,156,2397,1,SLICE,RAMB18
48,136,1,11,47,125,172,4271,1,SLICE,RAMB18
44,160,1,19,43,141,184,3523,1,SLICE,RAMB18
51,148,1,27,50,121,171,3858,1,SLICE,RAMB18
48,154,1,28,47,126,173,3320,1,SLICE,RAMB18
52,146,1,28,51,118,169,3055,1,SLICE,RAMB18
52,138,44,169,8,31,39,1647,6,SLICE,SLICE
52,138,44,167,8,29,37,1172,6,SLICE,SLICE
52,138,44,168,8,30,38,1257,6,SLICE,SLICE
52,138,44,168,8,30,38,1514,6,SLICE,SLICE
50,140,39,151,11,11,22,1156,6,SLICE,SLICE
50,140,39,150,11,10,21,1023,6,SLICE,SLICE
50,140,39,151,11,11,22,1153,6,SLICE,SLICE
50,140,38,151,12,11,23,987,6,SLICE,SLICE
52,140,1,23,51,117,168,3107,1,SLICE,RAMB18
52,151,1,41,51,110,161,2059,1,SLICE,RAMB18
49,139,1,48,48,91,139,1324,1,SLICE,RAMB18
44,151,1,24,43,127,170,2597,1,SLICE,RAMB18
51,152,1,41,50,111,161,2249,1,SLICE,RAMB18
48,135,1,39,47,96,143,1750,1,SLICE,RAMB18
42,152,1,48,41,104,145,1443,1,SLICE,RAMB18
46,161,1,41,45,120,165,2399,1,SLICE,RAMB18
44,151,44,167,0,16,16,1160,6,SLICE,SLICE
44,151,45,167,1,16,17,845,6,SLICE,SLICE
44,151,44,166,0,15,15,897,6,SLICE,SLICE
44,151,44,166,0,15,15,935,6,SLICE,SLICE
42,146,1,31,41,115,156,2096,1,SLICE,RAMB18
44,141,1,32,43,109,152,2529,1,SLICE,RAMB18
46,139,1,19,45,120,165,3028,1,SLICE,RAMB18
40,178,0,44,40,134,174,2724,1,SLICE,RAMB18
40,181,0,54,40,127,167,1948,1,SLICE,RAMB18
42,176,1,56,41,120,161,1672,1,SLICE,RAMB18
39,182,0,30,39,152,191,4204,1,SLICE,RAMB18
44,177,20,163,24,14,38,976,6,SLICE,SLICE
44,177,21,162,23,15,38,1225,6,SLICE,SLICE
44,177,21,163,23,14,37,1144,6,SLICE,SLICE
44,177,20,163,24,14,38,1284,6,SLICE,SLICE
44,178,36,186,8,8,16,774,6,SLICE,SLICE
44,178,36,174,8,4,12,947,6,SLICE,SLICE
44,178,36,179,8,1,9,670,6,SLICE,SLICE
44,178,36,181,8,3,11,615,6,SLICE,SLICE
43,183,0,54,43,129,172,1849,1,SLICE,RAMB18
21,154,1,54,20,100,120,1080,1,SLICE,RAMB18
42,179,0,30,42,149,191,3672,1,SLICE,RAMB18
40,183,0,64,40,119,159,1435,1,SLICE,RAMB18
40,178,0,1,40,177,217,4659,1,SLICE,RAMB18
42,176,1,56,41,120,161,1636,1,SLICE,RAMB18
42,180,1,58,41,122,163,1483,1,SLICE,RAMB18
46,176,22,169,24,7,31,1471,6,SLICE,SLICE
46,176,23,171,23,5,28,1331,6,SLICE,SLICE
46,176,22,172,24,4,28,1026,6,SLICE,SLICE
46,176,22,170,24,6,30,1102,6,SLICE,SLICE
44,173,20,161,24,12,36,931,6,SLICE,SLICE
44,173,20,161,24,12,36,1077,6,SLICE,SLICE
44,173,22,170,22,3,25,1003,6,SLICE,SLICE
44,173,22,170,22,3,25,873,6,SLICE,SLICE
42,174,1,50,41,124,165,1859,1,SLICE,RAMB18
46,178,36,176,10,2,12,758,6,SLICE,SLICE
46,178,36,174,10,4,14,1005,6,SLICE,SLICE
46,178,36,186,10,8,18,871,6,SLICE,SLICE
46,178,36,174,10,4,14,1009,6,SLICE,SLICE
45,183,1,58,44,125,169,1626,1,SLICE,RAMB18
23,161,0,39,23,122,145,2579,1,SLICE,RAMB18
44,170,16,155,28,15,43,1484,6,SLICE,SLICE
44,170,19,155,25,15,40,1295,6,SLICE,SLICE
44,170,19,153,25,17,42,1452,6,SLICE,SLICE
44,170,18,154,26,16,42,1406,6,SLICE,SLICE
22,162,20,170,2,8,10,953,6,SLICE,SLICE
22,162,20,160,2,2,4,715,6,SLICE,SLICE
22,162,21,161,1,1,2,439,6,SLICE,SLICE
22,162,20,161,2,1,3,761,6,SLICE,SLICE
42,172,0,7,42,165,207,3075,1,SLICE,RAMB18
42,164,19,150,23,14,37,1156,6,SLICE,SLICE
42,164,19,150,23,14,37,1327,6,SLICE,SLICE
42,164,19,150,23,14,37,1152,6,SLICE,SLICE
42,164,19,151,23,13,36,1044,6,SLICE,SLICE
45,168,19,149,26,19,45,1896,6,SLICE,SLICE
45,168,18,149,27,19,46,1791,6,SLICE,SLICE
45,168,19,148,26,20,46,1627,6,SLICE,SLICE
45,168,19,148,26,20,46,1485,6,SLICE,SLICE
42,172,1,56,41,116,157,1344,1,SLICE,RAMB18
45,176,0,39,45,137,182,3418,1,SLICE,RAMB18
46,172,36,172,10,0,10,926,6,SLICE,SLICE
46,172,36,181,10,9,19,800,6,SLICE,SLICE
46,172,37,169,9,3,12,877,6,SLICE,SLICE
46,172,22,173,24,1,25,1150,6,SLICE,SLICE
44,175,0,26,44,149,193,2572,1,SLICE,RAMB18
46,174,0,44,46,130,176,2724,1,SLICE,RAMB18
36,168,0,32,36,136,172,3280,1,SLICE,RAMB18
36,179,1,56,35,123,158,1525,1,SLICE,RAMB18
23,159,0,7,23,152,175,4350,1,SLICE,RAMB18
36,170,0,39,36,131,167,2913,1,SLICE,RAMB18
40,176,22,173,18,3,21,585,6,SLICE,SLICE
40,176,22,173,18,3,21,953,6,SLICE,SLICE
40,176,20,163,20,13,33,1106,6,SLICE,SLICE
40,176,22,173,18,3,21,592,6,SLICE,SLICE
38,176,20,160,18,16,34,1229,6,SLICE,SLICE
38,176,20,160,18,16,34,1574,6,SLICE,SLICE
38,176,23,164,15,12,27,1088,6,SLICE,SLICE
38,176,20,166,18,10,28,1422,6,SLICE,SLICE
38,177,36,181,2,4,6,594,6,SLICE,SLICE
38,177,37,169,1,8,9,972,6,SLICE,SLICE
38,177,36,172,2,5,7,723,6,SLICE,SLICE
38,177,22,173,16,4,20,1045,6,SLICE,SLICE
38,172,19,152,19,20,39,1293,6,SLICE,SLICE
38,172,18,152,20,20,40,1322,6,SLICE,SLICE
38,172,18,153,20,19,39,1314,6,SLICE,SLICE
38,172,18,153,20,19,39,1319,6,SLICE,SLICE
38,176,20,161,18,15,33,1547,6,SLICE,SLICE
38,176,22,170,16,6,22,846,6,SLICE,SLICE
38,176,23,169,15,7,22,1054,6,SLICE,SLICE
38,176,23,170,15,6,21,1149,6,SLICE,SLICE
38,167,0,10,38,157,195,3614,1,SLICE,RAMB18
39,177,0,4,39,173,212,4698,1,SLICE,RAMB18
36,161,0,44,36,117,153,1842,1,SLICE,RAMB18
39,168,22,162,17,6,23,693,6,SLICE,SLICE
39,168,22,161,17,7,24,999,6,SLICE,SLICE
39,168,22,161,17,7,24,817,6,SLICE,SLICE
39,168,23,161,16,7,23,813,6,SLICE,SLICE
40,163,18,151,22,12,34,1368,6,SLICE,SLICE
40,163,18,151,22,12,34,1290,6,SLICE,SLICE
40,163,19,152,21,11,32,1296,6,SLICE,SLICE
40,163,19,151,21,12,33,1465,6,SLICE,SLICE
36,155,0,39,36,116,152,2320,1,SLICE,RAMB18
22,154,19,151,3,3,6,763,6,SLICE,SLICE
22,154,18,151,4,3,7,701,6,SLICE,SLICE
22,154,19,152,3,2,5,494,6,SLICE,SLICE
22,154,19,152,3,2,5,669,6,SLICE,SLICE
36,167,20,159,16,8,24,1177,6,SLICE,SLICE
36,167,20,159,16,8,24,915,6,SLICE,SLICE
36,167,21,159,15,8,23,1046,6,SLICE,SLICE
36,167,20,159,16,8,24,1166,6,SLICE,SLICE
38,162,1,54,37,108,145,1222,1,SLICE,RAMB18
38,165,23,164,15,1,16,629,6,SLICE,SLICE
38,165,20,166,18,1,19,976,6,SLICE,SLICE
38,165,20,165,18,0,18,571,6,SLICE,SLICE
38,165,20,160,18,5,23,1031,6,SLICE,SLICE
38,167,22,159,16,8,24,835,6,SLICE,SLICE
38,167,22,159,16,8,24,1086,6,SLICE,SLICE
38,167,22,159,16,8,24,1097,6,SLICE,SLICE
38,167,23,159,15,8,23,966,6,SLICE,SLICE
38,160,19,151,19,9,28,1112,6,SLICE,SLICE
38,160,18,151,20,9,29,951,6,SLICE,SLICE
38,160,19,152,19,8,27,1291,6,SLICE,SLICE
38,160,18,151,20,9,29,1128,6,SLICE,SLICE
38,159,18,148,20,11,31,1070,6,SLICE,SLICE
38,159,18,148,20,11,31,1314,6,SLICE,SLICE
38,159,18,148,20,11,31,1317,6,SLICE,SLICE
38,159,18,147,20,12,32,1194,6,SLICE,SLICE
38,165,22,168,16,3,19,963,6,SLICE,SLICE
38,165,22,167,16,2,18,988,6,SLICE,SLICE
38,165,22,167,16,2,18,620,6,SLICE,SLICE
38,165,22,167,16,2,18,891,6,SLICE,SLICE
39,173,1,54,38,119,157,1686,1,SLICE,RAMB18
17,148,0,54,17,94,111,1013,1,SLICE,RAMB18
17,147,0,64,17,83,100,948,1,SLICE,RAMB18
36,173,0,10,36,163,199,4759,1,SLICE,RAMB18
18,154,0,4,18,150,168,4128,1,SLICE,RAMB18
21,159,23,164,2,5,7,921,6,SLICE,SLICE
21,159,20,166,1,7,8,782,6,SLICE,SLICE
21,159,20,160,1,1,2,270,6,SLICE,SLICE
21,159,20,160,1,1,2,263,6,SLICE,SLICE
19,146,22,165,3,19,22,972,6,SLICE,SLICE
19,146,23,165,4,19,23,958,6,SLICE,SLICE
19,146,22,165,3,19,22,1231,6,SLICE,SLICE
19,146,22,166,3,20,23,1437,6,SLICE,SLICE
22,149,19,148,3,1,4,816,6,SLICE,SLICE
22,149,19,148,3,1,4,817,6,SLICE,SLICE
22,149,19,149,3,0,3,685,6,SLICE,SLICE
22,149,18,149,4,0,4,557,6,SLICE,SLICE
19,147,0,51,19,96,115,1367,1,SLICE,RAMB18
19,147,22,166,3,19,22,1236,6,SLICE,SLICE
19,147,22,165,3,18,21,1387,6,SLICE,SLICE
19,147,22,165,3,18,21,1357,6,SLICE,SLICE
19,147,23,165,4,18,22,1216,6,SLICE,SLICE
20,154,0,54,20,100,120,1393,1,SLICE,RAMB18
19,154,0,51,19,103,122,1437,1,SLICE,RAMB18
18,135,0,9,18,126,144,3890,1,SLICE,RAMB18
18,137,0,30,18,107,125,2231,1,SLICE,RAMB18
18,142,0,64,18,78,96,1152,1,SLICE,RAMB18
20,134,18,153,2,19,21,1386,6,SLICE,SLICE
20,134,18,152,2,18,20,1322,6,SLICE,SLICE
20,134,18,154,2,20,22,1458,6,SLICE,SLICE
20,134,19,153,1,19,20,1349,6,SLICE,SLICE
22,157,18,156,4,1,5,485,6,SLICE,SLICE
22,157,18,156,4,1,5,831,6,SLICE,SLICE
22,157,19,156,3,1,4,690,6,SLICE,SLICE
22,157,19,156,3,1,4,614,6,SLICE,SLICE
18,139,21,163,3,24,27,1651,6,SLICE,SLICE
18,139,21,162,3,23,26,1187,6,SLICE,SLICE
18,139,20,163,2,24,26,1263,6,SLICE,SLICE
18,139,21,162,3,23,26,1012,6,SLICE,SLICE
18,140,1,62,17,78,95,1161,1,SLICE,RAMB18
18,140,0,51,18,89,107,907,1,SLICE,RAMB18
18,138,22,171,4,33,37,1897,6,SLICE,SLICE
18,138,23,170,5,32,37,1846,6,SLICE,SLICE
18,138,21,172,3,34,37,1513,6,SLICE,SLICE
18,138,23,171,5,33,38,1776,6,SLICE,SLICE
20,137,0,30,20,107,127,2279,1,SLICE,RAMB18
19,139,0,39,19,100,119,1621,1,SLICE,RAMB18
20,140,0,7,20,133,153,3530,1,SLICE,RAMB18
20,135,0,30,20,105,125,2289,1,SLICE,RAMB18
21,148,0,4,21,144,165,5461,1,SLICE,RAMB18
22,147,0,51,22,96,118,1440,1,SLICE,RAMB18
22,139,1,50,21,89,110,794,1,SLICE,RAMB18
40,162,19,156,21,6,27,1141,6,SLICE,SLICE
40,162,18,156,22,6,28,1041,6,SLICE,SLICE
40,162,18,156,22,6,28,1295,6,SLICE,SLICE
40,162,19,156,21,6,27,1146,6,SLICE,SLICE
22,167,1,61,21,106,127,887,1,SLICE,RAMB18
22,143,0,44,22,99,121,1527,1,SLICE,RAMB18
23,143,1,66,22,77,99,1007,1,SLICE,RAMB18
23,142,0,10,23,132,155,4493,1,SLICE,RAMB18
22,145,1,61,21,84,105,854,1,SLICE,RAMB18
20,152,0,54,20,98,118,1071,1,SLICE,RAMB18
22,148,0,51,22,97,119,1323,1,SLICE,RAMB18
40,166,21,161,19,5,24,907,6,SLICE,SLICE
40,166,21,161,19,5,24,864,6,SLICE,SLICE
40,166,23,160,17,6,23,917,6,SLICE,SLICE
40,166,21,161,19,5,24,862,6,SLICE,SLICE
20,167,1,50,19,117,136,1659,1,SLICE,RAMB18
21,157,0,26,21,131,152,3176,1,SLICE,RAMB18
39,164,18,147,21,17,38,1156,6,SLICE,SLICE
39,164,18,146,21,18,39,1570,6,SLICE,SLICE
39,164,18,146,21,18,39,1571,6,SLICE,SLICE
39,164,18,147,21,17,38,1163,6,SLICE,SLICE
38,170,0,26,38,144,182,2804,1,SLICE,RAMB18
22,153,0,7,22,146,168,2954,1,SLICE,RAMB18
41,171,22,169,19,2,21,883,6,SLICE,SLICE
41,171,22,169,19,2,21,828,6,SLICE,SLICE
41,171,22,169,19,2,21,878,6,SLICE,SLICE
41,171,23,171,18,0,18,588,6,SLICE,SLICE
23,156,0,26,23,130,153,3216,1,SLICE,RAMB18
40,165,45,184,5,19,24,1502,6,SLICE,SLICE
40,165,44,183,4,18,22,1314,6,SLICE,SLICE
40,165,45,184,5,19,24,1204,6,SLICE,SLICE
40,165,44,185,4,20,24,1454,6,SLICE,SLICE
23,149,0,64,23,85,108,1042,1,SLICE,RAMB18
36,155,0,64,36,91,127,1062,1,SLICE,RAMB18
21,154,1,58,20,96,116,722,1,SLICE,RAMB18
42,166,19,152,23,14,37,1300,6,SLICE,SLICE
42,166,19,151,23,15,38,1554,6,SLICE,SLICE
42,166,18,151,24,15,39,1440,6,SLICE,SLICE
42,166,19,152,23,14,37,1181,6,SLICE,SLICE
40,181,22,168,18,13,31,1241,6,SLICE,SLICE
40,181,22,168,18,13,31,1003,6,SLICE,SLICE
40,181,22,167,18,14,32,1135,6,SLICE,SLICE
40,181,22,167,18,14,32,886,6,SLICE,SLICE
39,181,1,56,38,125,163,1829,1,SLICE,RAMB18
38,182,1,62,37,120,157,1254,1,SLICE,RAMB18
37,176,1,62,36,114,150,1082,1,SLICE,RAMB18
41,175,1,50,40,125,165,1431,1,SLICE,RAMB18
40,176,0,10,40,166,206,4423,1,SLICE,RAMB18
36,192,0,126,36,66,102,4863,1,SLICE,RAMB18
36,201,1,83,35,118,153,917,1,SLICE,RAMB18
36,193,0,121,36,72,108,2533,1,SLICE,RAMB18
34,206,29,207,5,1,6,748,6,SLICE,SLICE
34,206,31,208,3,2,5,434,6,SLICE,SLICE
34,206,29,207,5,1,6,750,6,SLICE,SLICE
34,206,31,208,3,2,5,586,6,SLICE,SLICE
38,187,26,206,12,19,31,1178,6,SLICE,SLICE
38,187,26,205,12,18,30,1395,6,SLICE,SLICE
38,187,26,205,12,18,30,1399,6,SLICE,SLICE
38,187,26,204,12,17,29,1160,6,SLICE,SLICE
38,201,29,207,9,6,15,559,6,SLICE,SLICE
38,201,28,207,10,6,16,741,6,SLICE,SLICE
38,201,29,207,9,6,15,563,6,SLICE,SLICE
38,201,31,208,7,7,14,756,6,SLICE,SLICE
38,199,1,79,37,120,157,764,1,SLICE,RAMB18
36,200,0,129,36,71,107,3411,1,SLICE,RAMB18
42,201,35,204,7,3,10,891,6,SLICE,SLICE
42,201,33,207,9,6,15,899,6,SLICE,SLICE
42,201,37,210,5,9,14,961,6,SLICE,SLICE
42,201,37,209,5,8,13,894,6,SLICE,SLICE
39,205,18,212,21,7,28,1713,6,SLICE,SLICE
39,205,20,207,19,2,21,1085,6,SLICE,SLICE
39,205,20,207,19,2,21,1332,6,SLICE,SLICE
39,205,20,206,19,1,20,1005,6,SLICE,SLICE
40,195,0,126,40,69,109,4949,1,SLICE,RAMB18
39,202,1,78,38,124,162,650,1,SLICE,RAMB18
42,203,34,207,8,4,12,557,6,SLICE,SLICE
42,203,35,207,7,4,11,866,6,SLICE,SLICE
42,203,34,209,8,6,14,1080,6,SLICE,SLICE
42,203,34,207,8,4,12,873,6,SLICE,SLICE
40,189,1,76,39,113,152,871,1,SLICE,RAMB18
34,205,20,207,14,2,16,1078,6,SLICE,SLICE
34,205,18,212,16,7,23,1016,6,SLICE,SLICE
34,205,20,207,14,2,16,896,6,SLICE,SLICE
34,205,20,207,14,2,16,1080,6,SLICE,SLICE
42,189,33,209,9,20,29,1154,6,SLICE,SLICE
42,189,33,208,9,19,28,1193,6,SLICE,SLICE
42,189,33,208,9,19,28,1186,6,SLICE,SLICE
42,189,30,211,12,22,34,1383,6,SLICE,SLICE
41,204,37,209,4,5,9,838,6,SLICE,SLICE
41,204,34,209,7,5,12,742,6,SLICE,SLICE
41,204,34,207,7,3,10,1036,6,SLICE,SLICE
41,204,36,209,5,5,10,526,6,SLICE,SLICE
42,204,33,205,9,1,10,716,6,SLICE,SLICE
42,204,32,206,10,2,12,778,6,SLICE,SLICE
42,204,33,205,9,1,10,723,6,SLICE,SLICE
42,204,32,205,10,1,11,926,6,SLICE,SLICE
41,189,1,74,40,115,155,808,1,SLICE,RAMB18
43,204,35,208,8,4,12,1001,6,SLICE,SLICE
43,204,34,208,9,4,13,1001,6,SLICE,SLICE
43,204,34,208,9,4,13,1003,6,SLICE,SLICE
43,204,33,207,10,3,13,1017,6,SLICE,SLICE
42,197,26,204,16,7,23,1175,6,SLICE,SLICE
42,197,33,205,9,8,17,776,6,SLICE,SLICE
42,197,32,206,10,9,19,657,6,SLICE,SLICE
42,197,27,204,15,7,22,1345,6,SLICE,SLICE
43,190,0,88,43,102,145,1694,1,SLICE,RAMB18
40,184,18,188,22,4,26,1088,6,SLICE,SLICE
40,184,18,188,22,4,26,906,6,SLICE,SLICE
40,184,18,189,22,5,27,1019,6,SLICE,SLICE
40,184,18,189,22,5,27,1325,6,SLICE,SLICE
42,186,0,81,42,105,147,1454,1,SLICE,RAMB18
40,193,0,129,40,64,104,3805,1,SLICE,RAMB18
40,194,0,121,40,73,113,4616,1,SLICE,RAMB18
41,194,0,126,41,68,109,3485,1,SLICE,RAMB18
22,195,0,121,22,74,96,4164,1,SLICE,RAMB18
40,199,0,135,40,64,104,4907,1,SLICE,RAMB18
39,184,0,75,39,109,148,1041,1,SLICE,RAMB18
38,194,1,83,37,111,148,1046,1,SLICE,RAMB18
43,193,21,201,22,8,30,1063,6,SLICE,SLICE
43,193,21,202,22,9,31,1173,6,SLICE,SLICE
43,193,21,199,22,6,28,1156,6,SLICE,SLICE
43,193,20,199,23,6,29,913,6,SLICE,SLICE
40,187,20,204,20,17,37,1125,6,SLICE,SLICE
40,187,20,203,20,16,36,1355,6,SLICE,SLICE
40,187,20,204,20,17,37,1127,6,SLICE,SLICE
40,187,20,203,20,16,36,1117,6,SLICE,SLICE
42,188,23,200,19,12,31,949,6,SLICE,SLICE
42,188,23,202,19,14,33,1318,6,SLICE,SLICE
42,188,23,201,19,13,32,1471,6,SLICE,SLICE
42,188,23,202,19,14,33,1311,6,SLICE,SLICE
40,188,23,202,17,14,31,1025,6,SLICE,SLICE
40,188,22,200,18,12,30,1070,6,SLICE,SLICE
40,188,23,201,17,13,30,1170,6,SLICE,SLICE
40,188,23,202,17,14,31,1023,6,SLICE,SLICE
38,191,0,107,38,84,122,2971,1,SLICE,RAMB18
39,196,22,215,17,19,36,1465,6,SLICE,SLICE
39,196,23,215,16,19,35,1334,6,SLICE,SLICE
39,196,18,215,21,19,40,1691,6,SLICE,SLICE
39,196,22,215,17,19,36,1454,6,SLICE,SLICE
40,186,0,75,40,111,151,1036,1,SLICE,RAMB18
41,189,0,130,41,59,100,2916,1,SLICE,RAMB18
41,185,20,204,21,19,40,1107,6,SLICE,SLICE
41,185,20,203,21,18,39,1235,6,SLICE,SLICE
41,185,20,203,21,18,39,1132,6,SLICE,SLICE
41,185,20,204,21,19,40,1448,6,SLICE,SLICE
24,201,0,130,24,71,95,2947,1,SLICE,RAMB18
36,197,33,205,3,8,11,755,6,SLICE,SLICE
36,197,32,205,4,8,12,1023,6,SLICE,SLICE
36,197,32,206,4,9,13,1011,6,SLICE,SLICE
36,197,33,205,3,8,11,864,6,SLICE,SLICE
23,175,33,207,10,32,42,1601,6,SLICE,SLICE
23,175,37,209,14,34,48,1390,6,SLICE,SLICE
23,175,35,204,12,29,41,1973,6,SLICE,SLICE
23,175,37,210,14,35,49,1497,6,SLICE,SLICE
22,193,1,79,21,114,135,604,1,SLICE,RAMB18
28,201,20,201,8,0,8,743,6,SLICE,SLICE
28,201,20,199,8,2,10,543,6,SLICE,SLICE
28,201,18,202,10,1,11,658,6,SLICE,SLICE
28,201,20,198,8,3,11,801,6,SLICE,SLICE
22,197,24,208,2,11,13,912,6,SLICE,SLICE
22,197,24,208,2,11,13,907,6,SLICE,SLICE
22,197,25,210,3,13,16,1207,6,SLICE,SLICE
22,197,22,213,0,16,16,1405,6,SLICE,SLICE
22,193,1,74,21,119,140,631,1,SLICE,RAMB18
22,190,0,129,22,61,83,3103,1,SLICE,RAMB18
36,196,1,74,35,122,157,766,1,SLICE,RAMB18
35,201,1,83,34,118,152,787,1,SLICE,RAMB18
34,200,0,115,34,85,119,4074,1,SLICE,RAMB18
34,203,0,126,34,77,111,4103,1,SLICE,RAMB18
36,186,20,200,16,14,30,1215,6,SLICE,SLICE
36,186,22,200,14,14,28,1186,6,SLICE,SLICE
36,186,20,200,16,14,30,1369,6,SLICE,SLICE
36,186,20,200,16,14,30,1597,6,SLICE,SLICE
19,195,0,138,19,57,76,3054,1,SLICE,RAMB18
20,193,0,138,20,55,75,4634,1,SLICE,RAMB18
22,192,1,79,21,113,134,770,1,SLICE,RAMB18
21,194,1,74,20,120,140,506,1,SLICE,RAMB18
20,165,23,201,3,36,39,1814,6,SLICE,SLICE
20,165,22,202,2,37,39,2098,6,SLICE,SLICE
20,165,23,202,3,37,40,2070,6,SLICE,SLICE
20,165,23,202,3,37,40,2070,6,SLICE,SLICE
22,190,0,121,22,69,91,4848,1,SLICE,RAMB18
36,187,0,121,36,66,102,4902,1,SLICE,RAMB18
22,180,20,198,2,18,20,1376,6,SLICE,SLICE
22,180,20,201,2,21,23,1467,6,SLICE,SLICE
22,180,20,202,2,22,24,1604,6,SLICE,SLICE
22,180,20,198,2,18,20,1379,6,SLICE,SLICE
22,192,1,74,21,118,139,691,1,SLICE,RAMB18
36,181,0,138,36,43,79,5920,1,SLICE,RAMB18
36,183,32,213,4,30,34,1486,6,SLICE,SLICE
36,183,34,209,2,26,28,1297,6,SLICE,SLICE
36,183,35,208,1,25,26,1227,6,SLICE,SLICE
36,183,35,209,1,26,27,1483,6,SLICE,SLICE
24,201,1,74,23,127,150,820,1,SLICE,RAMB18
20,170,25,204,5,34,39,1859,6,SLICE,SLICE
20,170,31,206,11,36,47,2268,6,SLICE,SLICE
20,170,30,206,10,36,46,2414,6,SLICE,SLICE
20,170,25,203,5,33,38,1958,6,SLICE,SLICE
21,183,1,78,20,105,125,1212,1,SLICE,RAMB18
20,179,34,208,14,29,43,2261,6,SLICE,SLICE
20,179,33,207,13,28,41,1940,6,SLICE,SLICE
20,179,35,208,15,29,44,2221,6,SLICE,SLICE
20,179,35,208,15,29,44,2221,6,SLICE,SLICE
18,182,0,96,18,86,104,2858,1,SLICE,RAMB18
18,189,0,129,18,60,78,3758,1,SLICE,RAMB18
18,178,0,121,18,57,75,2909,1,SLICE,RAMB18
20,184,0,96,20,88,108,3183,1,SLICE,RAMB18
20,181,32,210,12,29,41,2155,6,SLICE,SLICE
20,181,32,210,12,29,41,2160,6,SLICE,SLICE
20,181,30,208,10,27,37,1888,6,SLICE,SLICE
20,181,32,209,12,28,40,1930,6,SLICE,SLICE
18,181,1,83,17,98,115,1099,1,SLICE,RAMB18
18,183,0,96,18,87,105,2749,1,SLICE,RAMB18
20,186,0,115,20,71,91,3901,1,SLICE,RAMB18
20,186,0,107,20,79,99,1896,1,SLICE,RAMB18
23,187,0,81,23,106,129,1086,1,SLICE,RAMB18
17,178,0,90,17,88,105,2083,1,SLICE,RAMB18
20,174,32,214,12,40,52,2315,6,SLICE,SLICE
20,174,34,211,14,37,51,1913,6,SLICE,SLICE
20,174,34,211,14,37,51,1689,6,SLICE,SLICE
20,174,34,211,14,37,51,1909,6,SLICE,SLICE
19,171,0,107,19,64,83,2462,1,SLICE,RAMB18
18,169,0,107,18,62,80,3831,1,SLICE,RAMB18
20,176,32,209,12,33,45,1829,6,SLICE,SLICE
20,176,30,206,10,30,40,1661,6,SLICE,SLICE
20,176,32,209,12,33,45,1642,6,SLICE,SLICE
20,176,32,206,12,30,42,1514,6,SLICE,SLICE
18,170,0,88,18,82,100,2138,1,SLICE,RAMB18
18,166,0,130,18,36,54,3278,1,SLICE,RAMB18
18,162,0,107,18,55,73,2743,1,SLICE,RAMB18
18,168,1,71,17,97,114,698,1,SLICE,RAMB18
19,173,0,75,19,98,117,926,1,SLICE,RAMB18
36,206,22,203,14,3,17,868,6,SLICE,SLICE
36,206,20,203,16,3,19,1017,6,SLICE,SLICE
36,206,22,203,14,3,17,1052,6,SLICE,SLICE
36,206,21,203,15,3,18,818,6,SLICE,SLICE
29,205,1,78,28,127,155,878,1,SLICE,RAMB18
28,206,20,204,8,2,10,880,6,SLICE,SLICE
28,206,20,204,8,2,10,634,6,SLICE,SLICE
28,206,20,204,8,2,10,629,6,SLICE,SLICE
28,206,20,203,8,3,11,992,6,SLICE,SLICE
22,204,23,202,1,2,3,578,6,SLICE,SLICE
22,204,23,200,1,4,5,758,6,SLICE,SLICE
22,204,22,202,0,2,2,273,6,SLICE,SLICE
22,204,23,201,1,3,4,373,6,SLICE,SLICE
24,202,0,135,24,67,91,4775,1,SLICE,RAMB18
30,207,35,209,5,2,7,593,6,SLICE,SLICE
30,207,35,209,5,2,7,593,6,SLICE,SLICE
30,207,32,208,2,1,3,469,6,SLICE,SLICE
30,207,32,208,2,1,3,656,6,SLICE,SLICE
28,203,34,207,6,4,10,567,6,SLICE,SLICE
28,203,34,208,6,5,11,651,6,SLICE,SLICE
28,203,34,207,6,4,10,881,6,SLICE,SLICE
28,203,34,206,6,3,9,733,6,SLICE,SLICE
24,204,24,203,0,1,1,473,6,SLICE,SLICE
24,204,25,203,1,1,2,586,6,SLICE,SLICE
24,204,30,206,6,2,8,701,6,SLICE,SLICE
24,204,25,204,1,0,1,481,6,SLICE,SLICE
22,201,21,203,1,2,3,657,6,SLICE,SLICE
22,201,22,203,0,2,2,598,6,SLICE,SLICE
22,201,22,203,0,2,2,498,6,SLICE,SLICE
22,201,22,204,0,3,3,703,6,SLICE,SLICE
20,192,0,107,20,85,105,3098,1,SLICE,RAMB18
29,206,20,198,9,8,17,1034,6,SLICE,SLICE
29,206,18,202,11,4,15,979,6,SLICE,SLICE
29,206,20,199,9,7,16,984,6,SLICE,SLICE
29,206,20,201,9,5,14,696,6,SLICE,SLICE
20,197,0,75,20,122,142,1035,1,SLICE,RAMB18
38,185,0,121,38,64,102,4710,1,SLICE,RAMB18
37,192,0,115,37,77,114,3577,1,SLICE,RAMB18
22,183,32,212,10,29,39,1843,6,SLICE,SLICE
22,183,34,209,12,26,38,1603,6,SLICE,SLICE
22,183,32,212,10,29,39,1839,6,SLICE,SLICE
22,183,35,206,13,23,36,1553,6,SLICE,SLICE
33,205,0,136,33,69,102,3251,1,SLICE,RAMB18
24,201,0,96,24,105,129,1792,1,SLICE,RAMB18
38,190,18,215,20,25,45,1804,6,SLICE,SLICE
38,190,23,215,15,25,40,1562,6,SLICE,SLICE
38,190,22,215,16,25,41,1252,6,SLICE,SLICE
38,190,22,215,16,25,41,1259,6,SLICE,SLICE
14,141,0,46,14,95,109,1132,1,SLICE,RAMB18
18,206,10,151,8,55,63,2502,6,SLICE,SLICE
18,206,10,153,8,53,61,2496,6,SLICE,SLICE
18,206,10,153,8,53,61,2498,6,SLICE,SLICE
18,206,10,152,8,54,62,2296,6,SLICE,SLICE
22,207,0,25,22,182,204,4346,1,SLICE,RAMB18
18,212,16,164,2,48,50,2033,6,SLICE,SLICE
18,212,16,164,2,48,50,2142,6,SLICE,SLICE
18,212,16,162,2,50,52,2142,6,SLICE,SLICE
18,212,16,164,2,48,50,2031,6,SLICE,SLICE
25,207,8,150,17,57,74,2878,6,SLICE,SLICE
25,207,6,157,19,50,69,2559,6,SLICE,SLICE
25,207,9,150,16,57,73,2970,6,SLICE,SLICE
25,207,6,160,19,47,66,2556,6,SLICE,SLICE
19,169,0,42,19,127,146,2057,1,SLICE,RAMB18
24,213,0,41,24,172,196,4332,1,SLICE,RAMB18
28,213,8,156,20,57,77,3079,6,SLICE,SLICE
28,213,4,170,24,43,67,2277,6,SLICE,SLICE
28,213,8,155,20,58,78,3177,6,SLICE,SLICE
28,213,8,159,20,54,74,2762,6,SLICE,SLICE
25,212,0,66,25,146,171,2091,1,SLICE,RAMB18
24,209,0,69,24,140,164,1954,1,SLICE,RAMB18
26,213,8,147,18,66,84,2916,6,SLICE,SLICE
26,213,8,147,18,66,84,2918,6,SLICE,SLICE
26,213,8,146,18,67,85,3097,6,SLICE,SLICE
26,213,8,146,18,67,85,3102,6,SLICE,SLICE
16,156,0,28,16,128,144,2733,1,SLICE,RAMB18
26,211,9,150,17,61,78,3204,6,SLICE,SLICE
26,211,6,160,20,51,71,2587,6,SLICE,SLICE
26,211,6,157,20,54,74,2812,6,SLICE,SLICE
26,211,6,155,20,56,76,2929,6,SLICE,SLICE
30,212,7,138,23,74,97,2963,6,SLICE,SLICE
30,212,7,137,23,75,98,2960,6,SLICE,SLICE
30,212,5,137,25,75,100,3077,6,SLICE,SLICE
30,212,6,135,24,77,101,3062,6,SLICE,SLICE
25,211,0,42,25,169,194,2495,1,SLICE,RAMB18
25,211,0,35,25,176,201,4427,1,SLICE,RAMB18
28,210,7,138,21,72,93,2960,6,SLICE,SLICE
28,210,7,140,21,70,91,2666,6,SLICE,SLICE
28,210,6,140,22,70,92,2873,6,SLICE,SLICE
28,210,7,140,21,70,91,2659,6,SLICE,SLICE
18,217,0,66,18,151,169,1348,1,SLICE,RAMB18
27,212,0,25,27,187,214,3177,1,SLICE,RAMB18
32,211,9,139,23,72,95,3310,6,SLICE,SLICE
32,211,9,139,23,72,95,3308,6,SLICE,SLICE
32,211,8,139,24,72,96,3005,6,SLICE,SLICE
32,211,8,139,24,72,96,3182,6,SLICE,SLICE
28,209,0,17,28,192,220,5556,1,SLICE,RAMB18
22,211,0,66,22,145,167,2060,1,SLICE,RAMB18
30,211,0,41,30,170,200,3849,1,SLICE,RAMB18
19,212,0,46,19,166,185,3258,1,SLICE,RAMB18
19,168,0,35,19,133,152,3118,1,SLICE,RAMB18
33,212,8,145,25,67,92,2963,6,SLICE,SLICE
33,212,9,146,24,66,90,2782,6,SLICE,SLICE
33,212,8,145,25,67,92,3040,6,SLICE,SLICE
33,212,8,145,25,67,92,2965,6,SLICE,SLICE
26,211,0,66,26,145,171,2195,1,SLICE,RAMB18
31,213,8,144,23,69,92,2092,6,SLICE,SLICE
31,213,9,144,22,69,91,2488,6,SLICE,SLICE
31,213,9,144,22,69,91,2486,6,SLICE,SLICE
31,213,8,144,23,69,92,2090,6,SLICE,SLICE
31,211,9,148,22,63,85,3068,6,SLICE,SLICE
31,211,10,153,21,58,79,2626,6,SLICE,SLICE
31,211,10,153,21,58,79,2624,6,SLICE,SLICE
31,211,8,148,23,63,86,3126,6,SLICE,SLICE
19,213,7,138,12,75,87,2917,6,SLICE,SLICE
19,213,7,140,12,73,85,2800,6,SLICE,SLICE
19,213,7,139,12,74,86,2918,6,SLICE,SLICE
19,213,9,144,10,69,79,2595,6,SLICE,SLICE
18,172,0,69,18,103,121,692,1,SLICE,RAMB18
16,169,0,52,16,117,133,1640,1,SLICE,RAMB18
19,211,0,57,19,154,173,2644,1,SLICE,RAMB18
16,175,0,41,16,134,150,3228,1,SLICE,RAMB18
18,190,0,42,18,148,166,3161,1,SLICE,RAMB18
19,168,7,140,12,28,40,1697,6,SLICE,SLICE
19,168,6,141,13,27,40,1490,6,SLICE,SLICE
19,168,6,140,13,28,41,1498,6,SLICE,SLICE
19,168,6,140,13,28,41,1496,6,SLICE,SLICE
19,186,0,48,19,138,157,2582,1,SLICE,RAMB18
18,159,4,165,14,6,20,1077,6,SLICE,SLICE
18,159,6,166,12,7,19,1063,6,SLICE,SLICE
18,159,4,164,14,5,19,810,6,SLICE,SLICE
18,159,4,165,14,6,20,1192,6,SLICE,SLICE
19,208,6,134,13,74,87,3295,6,SLICE,SLICE
19,208,6,135,13,73,86,3045,6,SLICE,SLICE
19,208,6,135,13,73,86,3050,6,SLICE,SLICE
19,208,6,134,13,74,87,3298,6,SLICE,SLICE
19,189,6,134,13,55,68,2463,6,SLICE,SLICE
19,189,7,136,12,53,65,2324,6,SLICE,SLICE
19,189,9,134,10,55,65,2497,6,SLICE,SLICE
19,189,9,134,10,55,65,2387,6,SLICE,SLICE
19,212,6,141,13,71,84,2983,6,SLICE,SLICE
19,212,6,141,13,71,84,2681,6,SLICE,SLICE
19,212,6,140,13,72,85,2892,6,SLICE,SLICE
19,212,9,146,10,66,76,2351,6,SLICE,SLICE
18,182,7,143,11,39,50,1863,6,SLICE,SLICE
18,182,9,147,9,35,44,1746,6,SLICE,SLICE
18,182,9,147,9,35,44,2008,6,SLICE,SLICE
18,182,7,143,11,39,50,1866,6,SLICE,SLICE
16,183,0,42,16,141,157,2823,1,SLICE,RAMB18
19,181,16,164,3,17,20,914,6,SLICE,SLICE
19,181,16,164,3,17,20,921,6,SLICE,SLICE
19,181,16,163,3,18,21,1330,6,SLICE,SLICE
19,181,16,164,3,17,20,1096,6,SLICE,SLICE
19,192,0,28,19,164,183,4711,1,SLICE,RAMB18
18,204,9,149,9,55,64,2056,6,SLICE,SLICE
18,204,8,150,10,54,64,2179,6,SLICE,SLICE
18,204,6,155,12,49,61,1763,6,SLICE,SLICE
18,204,8,150,10,54,64,1995,6,SLICE,SLICE
18,204,7,140,11,64,75,2745,6,SLICE,SLICE
18,204,6,141,12,63,75,2564,6,SLICE,SLICE
18,204,6,140,12,64,76,2442,6,SLICE,SLICE
18,204,6,140,12,64,76,2435,6,SLICE,SLICE
18,195,0,36,18,159,177,3857,1,SLICE,RAMB18
16,142,7,136,9,6,15,1030,6,SLICE,SLICE
16,142,7,136,9,6,15,1032,6,SLICE,SLICE
16,142,8,135,8,7,15,892,6,SLICE,SLICE
16,142,8,135,8,7,15,893,6,SLICE,SLICE
18,203,8,161,10,42,52,2070,6,SLICE,SLICE
18,203,10,158,8,45,53,2057,6,SLICE,SLICE
18,203,12,160,6,43,49,1753,6,SLICE,SLICE
18,203,8,161,10,42,52,2072,6,SLICE,SLICE
18,194,0,61,18,133,151,2117,1,SLICE,RAMB18
19,188,0,17,19,171,190,4590,1,SLICE,RAMB18
18,210,8,142,10,68,78,2265,6,SLICE,SLICE
18,210,8,142,10,68,78,2263,6,SLICE,SLICE
18,210,8,143,10,67,77,2617,6,SLICE,SLICE
18,210,8,142,10,68,78,2519,6,SLICE,SLICE
11,150,9,148,2,2,4,719,6,SLICE,SLICE
11,150,8,148,3,2,5,627,6,SLICE,SLICE
11,150,10,153,1,3,4,708,6,SLICE,SLICE
11,150,10,154,1,4,5,549,6,SLICE,SLICE
11,151,0,17,11,134,145,3936,1,SLICE,RAMB18
12,154,0,48,12,106,118,1578,1,SLICE,RAMB18
14,152,0,63,14,89,103,777,1,SLICE,RAMB18
17,175,0,18,17,157,174,3715,1,SLICE,RAMB18
14,152,16,164,2,12,14,961,6,SLICE,SLICE
14,152,16,164,2,12,14,1225,6,SLICE,SLICE
14,152,16,164,2,12,14,966,6,SLICE,SLICE
14,152,16,162,2,10,12,850,6,SLICE,SLICE
14,153,0,66,14,87,101,987,1,SLICE,RAMB18
16,167,0,41,16,126,142,2588,1,SLICE,RAMB18
14,141,7,137,7,4,11,1102,6,SLICE,SLICE
14,141,7,138,7,3,10,678,6,SLICE,SLICE
14,141,6,135,8,6,14,1122,6,SLICE,SLICE
14,141,9,142,5,1,6,554,6,SLICE,SLICE
14,149,0,35,14,114,128,2354,1,SLICE,RAMB18
16,172,0,48,16,124,140,1991,1,SLICE,RAMB18
16,179,0,46,16,133,149,2481,1,SLICE,RAMB18
10,143,0,14,10,129,139,4125,1,SLICE,RAMB18
12,149,0,57,12,92,104,721,1,SLICE,RAMB18
16,169,9,144,7,25,32,1402,6,SLICE,SLICE
16,169,7,138,9,31,40,1722,6,SLICE,SLICE
16,169,7,140,9,29,38,1938,6,SLICE,SLICE
16,169,7,140,9,29,38,1935,6,SLICE,SLICE
14,156,0,48,14,108,122,1864,1,SLICE,RAMB18
10,145,0,22,10,123,133,3153,1,SLICE,RAMB18
16,153,8,149,8,4,12,623,6,SLICE,SLICE
16,153,9,149,7,4,11,858,6,SLICE,SLICE
16,153,8,148,8,5,13,734,6,SLICE,SLICE
16,153,8,148,8,5,13,983,6,SLICE,SLICE
12,150,0,12,12,138,150,3898,1,SLICE,RAMB18
19,170,0,66,19,104,123,716,1,SLICE,RAMB18
16,159,0,46,16,113,129,1504,1,SLICE,RAMB18
18,159,8,141,10,18,28,998,6,SLICE,SLICE
18,159,8,141,10,18,28,992,6,SLICE,SLICE
18,159,8,140,10,19,29,1287,6,SLICE,SLICE
18,159,8,141,10,18,28,991,6,SLICE,SLICE
14,155,0,22,14,133,147,3653,1,SLICE,RAMB18
13,150,0,35,13,115,128,2327,1,SLICE,RAMB18
11,135,9,138,2,3,5,610,6,SLICE,SLICE
11,135,8,139,3,4,7,673,6,SLICE,SLICE
11,135,9,138,2,3,5,697,6,SLICE,SLICE
11,135,9,138,2,3,5,873,6,SLICE,SLICE
10,139,0,22,10,117,127,3275,1,SLICE,RAMB18
12,137,0,52,12,85,97,731,1,SLICE,RAMB18
14,136,0,42,14,94,108,1271,1,SLICE,RAMB18
16,150,0,61,16,89,105,620,1,SLICE,RAMB18
12,141,0,18,12,123,135,3497,1,SLICE,RAMB18
10,140,9,140,1,0,1,416,6,SLICE,SLICE
10,140,8,139,2,1,3,726,6,SLICE,SLICE
10,140,8,139,2,1,3,839,6,SLICE,SLICE
10,140,9,139,1,1,2,698,6,SLICE,SLICE
16,146,0,69,16,77,93,1315,1,SLICE,RAMB18
18,160,9,138,9,22,31,1359,6,SLICE,SLICE
18,160,8,138,10,22,32,1264,6,SLICE,SLICE
18,160,8,139,10,21,31,1295,6,SLICE,SLICE
18,160,9,138,9,22,31,1573,6,SLICE,SLICE
16,138,0,63,16,75,91,1160,1,SLICE,RAMB18
11,141,0,12,11,129,140,4339,1,SLICE,RAMB18
12,138,0,41,12,97,109,1420,1,SLICE,RAMB18
15,140,0,57,15,83,98,618,1,SLICE,RAMB18
16,167,0,61,16,106,122,1133,1,SLICE,RAMB18
14,140,0,36,14,104,118,1826,1,SLICE,RAMB18
14,155,0,36,14,119,133,2425,1,SLICE,RAMB18
14,136,6,137,8,1,9,1019,6,SLICE,SLICE
14,136,6,137,8,1,9,762,6,SLICE,SLICE
14,136,6,137,8,1,9,1008,6,SLICE,SLICE
14,136,6,136,8,0,8,752,6,SLICE,SLICE
14,139,8,138,6,1,7,595,6,SLICE,SLICE
14,139,8,138,6,1,7,594,6,SLICE,SLICE
14,139,8,137,6,2,8,708,6,SLICE,SLICE
14,139,8,136,6,3,9,713,6,SLICE,SLICE
14,142,0,35,14,107,121,1991,1,SLICE,RAMB18
17,141,0,12,17,129,146,2388,1,SLICE,RAMB18
15,154,0,18,15,136,151,4216,1,SLICE,RAMB18
16,147,0,25,16,122,138,2763,1,SLICE,RAMB18
17,154,0,12,17,142,159,2440,1,SLICE,RAMB18
16,173,0,22,16,151,167,4357,1,SLICE,RAMB18
12,144,0,18,12,126,138,3583,1,SLICE,RAMB18
25,205,0,12,25,193,218,5453,1,SLICE,RAMB18
24,207,9,139,15,68,83,2974,6,SLICE,SLICE
24,207,9,140,15,67,82,3229,6,SLICE,SLICE
24,207,9,139,15,68,83,3126,6,SLICE,SLICE
24,207,8,139,16,68,84,3247,6,SLICE,SLICE
18,207,0,69,18,138,156,1318,1,SLICE,RAMB18
22,206,0,48,22,158,180,3177,1,SLICE,RAMB18
20,205,0,57,20,148,168,1598,1,SLICE,RAMB18
36,251,1,109,35,142,177,1373,1,SLICE,RAMB18
35,258,1,127,34,131,165,1442,1,SLICE,RAMB18
35,263,1,120,34,143,177,1388,1,SLICE,RAMB18
35,259,1,134,34,125,159,1916,1,SLICE,RAMB18
34,252,44,252,10,0,10,636,6,SLICE,SLICE
34,252,44,252,10,0,10,633,6,SLICE,SLICE
34,252,44,253,10,1,11,741,6,SLICE,SLICE
34,252,44,252,10,0,10,747,6,SLICE,SLICE
34,260,45,279,11,19,30,1417,6,SLICE,SLICE
34,260,45,279,11,19,30,1190,6,SLICE,SLICE
34,260,45,278,11,18,29,1156,6,SLICE,SLICE
34,260,44,278,10,18,28,1307,6,SLICE,SLICE
43,263,1,127,42,136,178,2192,1,SLICE,RAMB18
38,254,1,107,37,147,184,1385,1,SLICE,RAMB18
40,261,1,134,39,127,166,2850,1,SLICE,RAMB18
38,260,1,138,37,122,159,2144,1,SLICE,RAMB18
40,263,1,137,39,126,165,2785,1,SLICE,RAMB18
34,261,1,120,33,141,174,1581,1,SLICE,RAMB18
38,262,1,124,37,138,175,1936,1,SLICE,RAMB18
33,259,45,261,12,2,14,1040,6,SLICE,SLICE
33,259,44,260,11,1,12,1035,6,SLICE,SLICE
33,259,45,261,12,2,14,1138,6,SLICE,SLICE
33,259,45,261,12,2,14,1140,6,SLICE,SLICE
32,254,45,254,13,0,13,845,6,SLICE,SLICE
32,254,46,256,14,2,16,1082,6,SLICE,SLICE
32,254,44,253,12,1,13,822,6,SLICE,SLICE
32,254,45,253,13,1,14,934,6,SLICE,SLICE
38,260,1,130,37,130,167,2694,1,SLICE,RAMB18
34,260,44,280,10,20,30,1189,6,SLICE,SLICE
34,260,45,279,11,19,30,1335,6,SLICE,SLICE
34,260,45,279,11,19,30,1315,6,SLICE,SLICE
34,260,44,280,10,20,30,1193,6,SLICE,SLICE
42,259,1,124,41,135,176,2090,1,SLICE,RAMB18
38,264,1,123,37,141,178,1547,1,SLICE,RAMB18
36,249,45,250,9,1,10,820,6,SLICE,SLICE
36,249,45,250,9,1,10,557,6,SLICE,SLICE
36,249,45,250,9,1,10,555,6,SLICE,SLICE
36,249,44,250,8,1,9,707,6,SLICE,SLICE
36,265,46,257,10,8,18,693,6,SLICE,SLICE
36,265,46,257,10,8,18,877,6,SLICE,SLICE
36,265,47,257,11,8,19,1005,6,SLICE,SLICE
36,265,46,257,10,8,18,700,6,SLICE,SLICE
42,260,1,119,41,141,182,1616,1,SLICE,RAMB18
38,254,49,252,11,2,13,834,6,SLICE,SLICE
38,254,49,253,11,1,12,725,6,SLICE,SLICE
38,254,49,252,11,2,13,833,6,SLICE,SLICE
38,254,49,253,11,1,12,726,6,SLICE,SLICE
35,256,45,262,10,6,16,634,6,SLICE,SLICE
35,256,44,263,9,7,16,848,6,SLICE,SLICE
35,256,44,261,9,5,14,861,6,SLICE,SLICE
35,256,45,262,10,6,16,897,6,SLICE,SLICE
38,258,1,120,37,138,175,2066,1,SLICE,RAMB18
40,259,1,123,39,136,175,2169,1,SLICE,RAMB18
38,249,45,253,7,4,11,412,6,SLICE,SLICE
38,249,45,253,7,4,11,619,6,SLICE,SLICE
38,249,44,253,6,4,10,419,6,SLICE,SLICE
38,249,46,255,8,6,14,855,6,SLICE,SLICE
39,256,1,114,38,142,180,1454,1,SLICE,RAMB18
39,257,1,109,38,148,186,1216,1,SLICE,RAMB18
42,257,1,113,41,144,185,1510,1,SLICE,RAMB18
44,263,1,120,43,143,186,1937,1,SLICE,RAMB18
38,264,1,119,37,145,182,1506,1,SLICE,RAMB18
42,255,1,123,41,132,173,2128,1,SLICE,RAMB18
36,252,49,246,13,6,19,943,6,SLICE,SLICE
36,252,48,246,12,6,18,1068,6,SLICE,SLICE
36,252,48,246,12,6,18,1065,6,SLICE,SLICE
36,252,49,246,13,6,19,727,6,SLICE,SLICE
39,247,48,244,9,3,12,556,6,SLICE,SLICE
39,247,48,244,9,3,12,553,6,SLICE,SLICE
39,247,49,244,10,3,13,549,6,SLICE,SLICE
39,247,48,244,9,3,12,727,6,SLICE,SLICE
44,248,45,253,1,5,6,661,6,SLICE,SLICE
44,248,44,253,0,5,5,949,6,SLICE,SLICE
44,248,45,253,1,5,6,552,6,SLICE,SLICE
44,248,46,255,2,7,9,716,6,SLICE,SLICE
44,247,45,252,1,5,6,493,6,SLICE,SLICE
44,247,45,252,1,5,6,489,6,SLICE,SLICE
44,247,44,251,0,4,4,550,6,SLICE,SLICE
44,247,45,251,1,4,5,375,6,SLICE,SLICE
46,246,46,256,0,10,10,951,6,SLICE,SLICE
46,246,45,253,1,7,8,717,6,SLICE,SLICE
46,246,45,253,1,7,8,715,6,SLICE,SLICE
46,246,47,255,1,9,10,850,6,SLICE,SLICE
42,259,1,139,41,120,161,3214,1,SLICE,RAMB18
42,256,1,136,41,120,161,3067,1,SLICE,RAMB18
42,251,1,109,41,142,183,1268,1,SLICE,RAMB18
45,248,44,254,1,6,7,632,6,SLICE,SLICE
45,248,44,254,1,6,7,646,6,SLICE,SLICE
45,248,44,254,1,6,7,899,6,SLICE,SLICE
45,248,45,254,0,6,6,746,6,SLICE,SLICE
35,265,51,246,16,19,35,1808,6,SLICE,SLICE
35,265,50,247,15,18,33,1423,6,SLICE,SLICE
35,265,49,248,14,17,31,1149,6,SLICE,SLICE
35,265,51,247,16,18,34,1288,6,SLICE,SLICE
40,264,1,123,39,141,180,1638,1,SLICE,RAMB18
34,253,51,247,17,6,23,905,6,SLICE,SLICE
34,253,51,246,17,7,24,1335,6,SLICE,SLICE
34,253,49,248,15,5,20,869,6,SLICE,SLICE
34,253,51,246,17,7,24,1333,6,SLICE,SLICE
44,247,45,256,1,9,10,709,6,SLICE,SLICE
44,247,45,257,1,10,11,1095,6,SLICE,SLICE
44,247,45,256,1,9,10,707,6,SLICE,SLICE
44,247,45,257,1,10,11,984,6,SLICE,SLICE
36,264,1,107,35,157,192,671,1,SLICE,RAMB18
36,248,49,244,13,4,17,847,6,SLICE,SLICE
36,248,48,244,12,4,16,536,6,SLICE,SLICE
36,248,49,244,13,4,17,845,6,SLICE,SLICE
36,248,48,244,12,4,16,533,6,SLICE,SLICE
35,264,50,246,15,18,33,1457,6,SLICE,SLICE
35,264,48,248,13,16,29,952,6,SLICE,SLICE
35,264,48,248,13,16,29,948,6,SLICE,SLICE
35,264,49,248,14,16,30,1044,6,SLICE,SLICE
35,252,51,247,16,5,21,985,6,SLICE,SLICE
35,252,51,246,16,6,22,926,6,SLICE,SLICE
35,252,49,248,14,4,18,860,6,SLICE,SLICE
35,252,50,247,15,5,20,1126,6,SLICE,SLICE
36,266,44,268,8,2,10,728,6,SLICE,SLICE
36,266,47,267,11,1,12,599,6,SLICE,SLICE
36,266,46,268,10,2,12,870,6,SLICE,SLICE
36,266,46,267,10,1,11,740,6,SLICE,SLICE
35,249,47,247,12,2,14,961,6,SLICE,SLICE
35,249,47,247,12,2,14,961,6,SLICE,SLICE
35,249,46,247,11,2,13,1102,6,SLICE,SLICE
35,249,47,247,12,2,14,840,6,SLICE,SLICE
35,260,1,107,34,153,187,823,1,SLICE,RAMB18
42,275,1,127,41,148,189,1559,1,SLICE,RAMB18
42,277,1,138,41,139,180,2111,1,SLICE,RAMB18
34,270,1,139,33,131,164,2604,1,SLICE,RAMB18
40,280,1,136,39,144,183,2411,1,SLICE,RAMB18
36,250,49,244,13,6,19,620,6,SLICE,SLICE
36,250,48,244,12,6,18,1027,6,SLICE,SLICE
36,250,48,244,12,6,18,1029,6,SLICE,SLICE
36,250,48,244,12,6,18,770,6,SLICE,SLICE
44,271,44,277,0,6,6,971,6,SLICE,SLICE
44,271,45,278,1,7,8,1470,6,SLICE,SLICE
44,271,45,275,1,4,5,848,6,SLICE,SLICE
44,271,45,274,1,3,4,675,6,SLICE,SLICE
42,280,44,261,2,19,21,1155,6,SLICE,SLICE
42,280,45,262,3,18,21,881,6,SLICE,SLICE
42,280,45,262,3,18,21,878,6,SLICE,SLICE
42,280,44,263,2,17,19,752,6,SLICE,SLICE
39,280,1,116,38,164,202,1065,1,SLICE,RAMB18
34,280,44,279,10,1,11,801,6,SLICE,SLICE
34,280,45,275,11,5,16,1098,6,SLICE,SLICE
34,280,44,277,10,3,13,1034,6,SLICE,SLICE
34,280,45,278,11,2,13,917,6,SLICE,SLICE
45,272,1,127,44,145,189,1774,1,SLICE,RAMB18
42,268,1,116,41,152,193,1417,1,SLICE,RAMB18
42,278,1,110,41,168,209,949,1,SLICE,RAMB18
40,276,1,134,39,142,181,2204,1,SLICE,RAMB18
43,274,1,138,42,136,178,2255,1,SLICE,RAMB18
34,279,47,254,13,25,38,1533,6,SLICE,SLICE
34,279,46,253,12,26,38,1729,6,SLICE,SLICE
34,279,47,254,13,25,38,1535,6,SLICE,SLICE
34,279,44,255,10,24,34,1238,6,SLICE,SLICE
37,247,46,249,9,2,11,1112,6,SLICE,SLICE
37,247,46,248,9,1,10,874,6,SLICE,SLICE
37,247,46,247,9,0,9,781,6,SLICE,SLICE
37,247,45,248,8,1,9,1054,6,SLICE,SLICE
38,276,44,253,6,23,29,1139,6,SLICE,SLICE
38,276,44,252,6,24,30,1503,6,SLICE,SLICE
38,276,44,252,6,24,30,1505,6,SLICE,SLICE
38,276,45,252,7,24,31,1393,6,SLICE,SLICE
40,268,2,107,38,161,199,718,1,SLICE,RAMB18
42,275,1,116,41,159,200,1146,1,SLICE,RAMB18
32,269,46,254,14,15,29,1220,6,SLICE,SLICE
32,269,46,253,14,16,30,1495,6,SLICE,SLICE
32,269,46,255,14,14,28,921,6,SLICE,SLICE
32,269,46,255,14,14,28,919,6,SLICE,SLICE
42,273,1,134,41,139,180,2542,1,SLICE,RAMB18
38,277,1,123,37,154,191,1437,1,SLICE,RAMB18
41,279,1,119,40,160,200,1225,1,SLICE,RAMB18
43,269,1,134,42,135,177,2116,1,SLICE,RAMB18
43,268,1,136,42,132,174,2625,1,SLICE,RAMB18
38,275,1,116,37,159,196,1106,1,SLICE,RAMB18
40,272,1,130,39,142,181,2262,1,SLICE,RAMB18
38,249,46,249,8,0,8,902,6,SLICE,SLICE
38,249,46,248,8,1,9,475,6,SLICE,SLICE
38,249,46,249,8,0,8,892,6,SLICE,SLICE
38,249,45,248,7,1,8,561,6,SLICE,SLICE
38,269,1,133,37,136,173,2446,1,SLICE,RAMB18
38,274,1,109,37,165,202,773,1,SLICE,RAMB18
40,273,1,128,39,145,184,1972,1,SLICE,RAMB18
42,267,1,139,41,128,169,2645,1,SLICE,RAMB18
40,271,1,133,39,138,177,2678,1,SLICE,RAMB18
40,270,1,127,39,143,182,1791,1,SLICE,RAMB18
43,269,1,116,42,153,195,1387,1,SLICE,RAMB18
35,274,47,251,12,23,35,1123,6,SLICE,SLICE
35,274,47,251,12,23,35,1386,6,SLICE,SLICE
35,274,47,251,12,23,35,1266,6,SLICE,SLICE
35,274,47,251,12,23,35,1391,6,SLICE,SLICE
36,273,1,130,35,143,178,1637,1,SLICE,RAMB18
39,274,1,114,38,160,198,1201,1,SLICE,RAMB18
34,272,44,268,10,4,14,655,6,SLICE,SLICE
34,272,45,264,11,8,19,1161,6,SLICE,SLICE
34,272,44,265,10,7,17,888,6,SLICE,SLICE
34,272,44,267,10,5,15,1077,6,SLICE,SLICE
34,264,1,114,33,150,183,1152,1,SLICE,RAMB18
34,270,1,119,33,151,184,1411,1,SLICE,RAMB18
34,251,45,261,11,10,21,793,6,SLICE,SLICE
34,251,44,262,10,11,21,1045,6,SLICE,SLICE
34,251,45,261,11,10,21,795,6,SLICE,SLICE
34,251,44,260,10,9,19,684,6,SLICE,SLICE
34,269,1,114,33,155,188,1020,1,SLICE,RAMB18
33,265,44,263,11,2,13,820,6,SLICE,SLICE
33,265,45,264,12,1,13,559,6,SLICE,SLICE
33,265,44,265,11,0,11,677,6,SLICE,SLICE
33,265,45,263,12,2,14,934,6,SLICE,SLICE
35,272,1,138,34,134,168,2486,1,SLICE,RAMB18
34,268,1,138,33,130,163,2676,1,SLICE,RAMB18
36,273,1,124,35,149,184,1658,1,SLICE,RAMB18
35,251,51,246,16,5,21,1262,6,SLICE,SLICE
35,251,51,247,16,4,20,1037,6,SLICE,SLICE
35,251,51,246,16,5,21,1267,6,SLICE,SLICE
35,251,49,248,14,3,17,957,6,SLICE,SLICE
44,246,46,247,2,1,3,782,6,SLICE,SLICE
44,246,47,247,3,1,4,669,6,SLICE,SLICE
44,246,47,247,3,1,4,662,6,SLICE,SLICE
44,246,47,247,3,1,4,599,6,SLICE,SLICE
38,254,1,120,37,134,171,1929,1,SLICE,RAMB18
34,256,2,107,32,149,181,1060,1,SLICE,RAMB18
34,261,2,107,32,154,186,904,1,SLICE,RAMB18
38,252,1,130,37,122,159,2848,1,SLICE,RAMB18
38,256,1,139,37,117,154,3346,1,SLICE,RAMB18
3,153,0,113,3,40,43,2913,1,SLICE,RAMB18
2,156,0,77,2,79,81,1772,1,SLICE,RAMB18
6,151,0,102,6,49,55,2174,1,SLICE,RAMB18
6,153,4,173,2,20,22,1082,6,SLICE,SLICE
6,153,4,174,2,21,23,1292,6,SLICE,SLICE
6,153,5,174,1,21,22,1288,6,SLICE,SLICE
6,153,5,174,1,21,22,1288,6,SLICE,SLICE
2,154,1,170,1,16,17,949,6,SLICE,SLICE
2,154,0,171,2,17,19,1242,6,SLICE,SLICE
2,154,0,170,2,16,18,950,6,SLICE,SLICE
2,154,0,171,2,17,19,1067,6,SLICE,SLICE
7,144,5,174,2,30,32,1147,6,SLICE,SLICE
7,144,4,174,3,30,33,1293,6,SLICE,SLICE
7,144,4,173,3,29,32,1252,6,SLICE,SLICE
7,144,5,174,2,30,32,1145,6,SLICE,SLICE
4,169,0,105,4,64,68,3103,1,SLICE,RAMB18
3,163,0,86,3,77,80,2098,1,SLICE,RAMB18
4,141,2,161,2,20,22,1112,6,SLICE,SLICE
4,141,2,161,2,20,22,1110,6,SLICE,SLICE
4,141,4,168,0,27,27,1881,6,SLICE,SLICE
4,141,4,167,0,26,26,1879,6,SLICE,SLICE
2,154,1,173,1,19,20,1147,6,SLICE,SLICE
2,154,1,173,1,19,20,1410,6,SLICE,SLICE
2,154,0,173,2,19,21,1305,6,SLICE,SLICE
2,154,1,173,1,19,20,1038,6,SLICE,SLICE
6,158,0,113,6,45,51,2762,1,SLICE,RAMB18
4,167,0,83,4,84,88,1879,1,SLICE,RAMB18
4,157,6,178,2,21,23,1380,6,SLICE,SLICE
4,157,7,179,3,22,25,1583,6,SLICE,SLICE
4,157,6,178,2,21,23,1189,6,SLICE,SLICE
4,157,7,179,3,22,25,1287,6,SLICE,SLICE
5,162,0,119,5,43,48,3031,1,SLICE,RAMB18
6,147,0,173,6,26,32,1368,6,SLICE,SLICE
6,147,1,173,5,26,31,1370,6,SLICE,SLICE
6,147,1,173,5,26,31,1481,6,SLICE,SLICE
6,147,0,173,6,26,32,1371,6,SLICE,SLICE
6,147,5,175,1,28,29,1070,6,SLICE,SLICE
6,147,5,175,1,28,29,1333,6,SLICE,SLICE
6,147,2,175,4,28,32,1303,6,SLICE,SLICE
6,147,5,174,1,27,28,1037,6,SLICE,SLICE
6,152,4,170,2,18,20,1001,6,SLICE,SLICE
6,152,4,171,2,19,21,1257,6,SLICE,SLICE
6,152,4,171,2,19,21,998,6,SLICE,SLICE
6,152,4,170,2,18,20,1017,6,SLICE,SLICE
4,160,8,178,4,18,22,1542,6,SLICE,SLICE
4,160,6,177,2,17,19,1057,6,SLICE,SLICE
4,160,6,178,2,18,20,1375,6,SLICE,SLICE
4,160,6,177,2,17,19,1272,6,SLICE,SLICE
10,154,0,99,10,55,65,3531,1,SLICE,RAMB18
5,166,5,173,0,7,7,583,6,SLICE,SLICE
5,166,4,173,1,7,8,780,6,SLICE,SLICE
5,166,4,173,1,7,8,729,6,SLICE,SLICE
5,166,3,174,2,8,10,596,6,SLICE,SLICE
8,151,6,177,2,26,28,1477,6,SLICE,SLICE
8,151,6,177,2,26,28,1567,6,SLICE,SLICE
8,151,8,178,0,27,27,1217,6,SLICE,SLICE
8,151,6,177,2,26,28,1312,6,SLICE,SLICE
11,154,0,71,11,83,94,956,1,SLICE,RAMB18
5,165,8,180,3,15,18,1175,6,SLICE,SLICE
5,165,8,179,3,14,17,1531,6,SLICE,SLICE
5,165,8,180,3,15,18,1477,6,SLICE,SLICE
5,165,9,179,4,14,18,1371,6,SLICE,SLICE
9,153,0,108,9,45,54,4024,1,SLICE,RAMB18
8,151,0,86,8,65,73,2707,1,SLICE,RAMB18
6,164,0,102,6,62,68,3985,1,SLICE,RAMB18
6,168,0,113,6,55,61,4406,1,SLICE,RAMB18
0,161,0,102,0,59,59,3750,1,SLICE,RAMB18
7,161,0,110,7,51,58,4980,1,SLICE,RAMB18
14,158,0,124,14,34,48,2831,1,SLICE,RAMB18
15,159,0,77,15,82,97,1587,1,SLICE,RAMB18
4,169,2,172,2,3,5,639,6,SLICE,SLICE
4,169,1,174,3,5,8,975,6,SLICE,SLICE
4,169,0,172,4,3,7,902,6,SLICE,SLICE
4,169,1,174,3,5,8,1087,6,SLICE,SLICE
7,171,6,180,1,9,10,638,6,SLICE,SLICE
7,171,6,180,1,9,10,883,6,SLICE,SLICE
7,171,0,177,7,6,13,1109,6,SLICE,SLICE
7,171,6,180,1,9,10,636,6,SLICE,SLICE
8,162,8,187,0,25,25,1662,6,SLICE,SLICE
8,162,9,187,1,25,26,1386,6,SLICE,SLICE
8,162,9,186,1,24,25,1557,6,SLICE,SLICE
8,162,9,186,1,24,25,1547,6,SLICE,SLICE
8,156,9,187,1,31,32,1792,6,SLICE,SLICE
8,156,9,186,1,30,31,1604,6,SLICE,SLICE
8,156,9,186,1,30,31,1574,6,SLICE,SLICE
8,156,9,186,1,30,31,1317,6,SLICE,SLICE
12,161,0,92,12,69,81,2589,1,SLICE,RAMB18
8,157,9,178,1,21,22,1030,6,SLICE,SLICE
8,157,9,178,1,21,22,1027,6,SLICE,SLICE
8,157,4,177,4,20,24,1199,6,SLICE,SLICE
8,157,8,178,0,21,21,1040,6,SLICE,SLICE
14,158,0,124,14,34,48,3889,1,SLICE,RAMB18
12,162,0,133,12,29,41,4253,1,SLICE,RAMB18
14,156,6,180,8,24,32,1566,6,SLICE,SLICE
14,156,7,179,7,23,30,1825,6,SLICE,SLICE
14,156,0,177,14,21,35,2044,6,SLICE,SLICE
14,156,6,180,8,24,32,1573,6,SLICE,SLICE
8,163,0,133,8,30,38,3141,1,SLICE,RAMB18
16,161,6,177,10,16,26,1344,6,SLICE,SLICE
16,161,8,178,8,17,25,926,6,SLICE,SLICE
16,161,6,177,10,16,26,1100,6,SLICE,SLICE
16,161,6,177,10,16,26,1347,6,SLICE,SLICE
10,160,2,161,8,1,9,517,6,SLICE,SLICE
10,160,4,167,6,7,13,987,6,SLICE,SLICE
10,160,2,161,8,1,9,512,6,SLICE,SLICE
10,160,4,168,6,8,14,1113,6,SLICE,SLICE
10,163,0,105,10,58,68,3334,1,SLICE,RAMB18
8,159,4,172,4,13,17,1043,6,SLICE,SLICE
8,159,4,176,4,17,21,1538,6,SLICE,SLICE
8,159,4,176,4,17,21,1193,6,SLICE,SLICE
8,159,5,173,3,14,17,1113,6,SLICE,SLICE
9,158,0,162,9,4,13,875,6,SLICE,SLICE
9,158,0,161,9,3,12,974,6,SLICE,SLICE
9,158,0,162,9,4,13,1026,6,SLICE,SLICE
9,158,0,161,9,3,12,887,6,SLICE,SLICE
14,162,0,99,14,63,77,3022,1,SLICE,RAMB18
14,159,0,86,14,73,87,2383,1,SLICE,RAMB18
14,161,0,99,14,62,76,3452,1,SLICE,RAMB18
14,160,0,77,14,83,97,1399,1,SLICE,RAMB18
14,162,0,78,14,84,98,1589,1,SLICE,RAMB18
9,164,0,113,9,51,60,4454,1,SLICE,RAMB18
8,166,8,170,0,4,4,667,6,SLICE,SLICE
8,166,8,170,0,4,4,665,6,SLICE,SLICE
8,166,6,176,2,10,12,835,6,SLICE,SLICE
8,166,4,176,4,10,14,1043,6,SLICE,SLICE
16,173,0,123,16,50,66,5480,1,SLICE,RAMB18
16,174,0,123,16,51,67,5318,1,SLICE,RAMB18
16,168,0,105,16,63,79,3809,1,SLICE,RAMB18
17,173,0,99,17,74,91,2645,1,SLICE,RAMB18
10,166,9,186,1,20,21,980,6,SLICE,SLICE
10,166,8,183,2,17,19,871,6,SLICE,SLICE
10,166,9,187,1,21,22,1237,6,SLICE,SLICE
10,166,9,186,1,20,21,1243,6,SLICE,SLICE
14,171,0,102,14,69,83,3080,1,SLICE,RAMB18
12,171,0,102,12,69,81,3712,1,SLICE,RAMB18
10,167,7,181,3,14,17,1268,6,SLICE,SLICE
10,167,6,181,4,14,18,1154,6,SLICE,SLICE
10,167,6,181,4,14,18,961,6,SLICE,SLICE
10,167,6,181,4,14,18,1141,6,SLICE,SLICE
14,168,0,99,14,69,83,3516,1,SLICE,RAMB18
15,168,0,123,15,45,60,2682,1,SLICE,RAMB18
14,165,6,174,8,9,17,909,6,SLICE,SLICE
14,165,4,174,10,9,19,1145,6,SLICE,SLICE
14,165,6,174,8,9,17,727,6,SLICE,SLICE
14,165,6,176,8,11,19,1326,6,SLICE,SLICE
0,164,0,99,0,65,65,3022,1,SLICE,RAMB18
8,166,4,176,4,10,14,930,6,SLICE,SLICE
8,166,4,175,4,9,13,819,6,SLICE,SLICE
8,166,4,175,4,9,13,1110,6,SLICE,SLICE
8,166,5,175,3,9,12,1002,6,SLICE,SLICE
14,178,0,83,14,95,109,1484,1,SLICE,RAMB18
10,168,4,173,6,5,11,883,6,SLICE,SLICE
10,168,3,174,7,6,13,949,6,SLICE,SLICE
10,168,5,173,5,5,10,761,6,SLICE,SLICE
10,168,4,173,6,5,11,886,6,SLICE,SLICE
15,174,0,84,15,90,105,1475,1,SLICE,RAMB18
15,178,0,86,15,92,107,1763,1,SLICE,RAMB18
14,176,0,102,14,74,88,3219,1,SLICE,RAMB18
14,177,0,84,14,93,107,1455,1,SLICE,RAMB18
12,167,0,167,12,0,12,753,6,SLICE,SLICE
12,167,0,167,12,0,12,756,6,SLICE,SLICE
12,167,0,167,12,0,12,1028,6,SLICE,SLICE
12,167,0,167,12,0,12,716,6,SLICE,SLICE
12,176,0,77,12,99,111,907,1,SLICE,RAMB18
14,174,0,84,14,90,104,1613,1,SLICE,RAMB18
14,174,0,78,14,96,110,1330,1,SLICE,RAMB18
10,174,0,92,10,82,92,2508,1,SLICE,RAMB18
0,168,0,108,0,60,60,3335,1,SLICE,RAMB18
10,176,0,94,10,82,92,2603,1,SLICE,RAMB18
8,168,6,182,2,14,16,1408,6,SLICE,SLICE
8,168,7,182,1,14,15,1267,6,SLICE,SLICE
8,168,6,182,2,14,16,1106,6,SLICE,SLICE
8,168,7,182,1,14,15,1267,6,SLICE,SLICE
8,172,0,92,8,80,88,2631,1,SLICE,RAMB18
8,175,0,92,8,83,91,2487,1,SLICE,RAMB18
8,168,10,178,2,10,12,827,6,SLICE,SLICE
8,168,10,178,2,10,12,822,6,SLICE,SLICE
8,168,10,178,2,10,12,922,6,SLICE,SLICE
8,168,11,178,3,10,13,920,6,SLICE,SLICE
8,172,0,71,8,101,109,522,1,SLICE,RAMB18
9,170,0,133,9,37,46,4062,1,SLICE,RAMB18
8,175,0,92,8,83,91,2488,1,SLICE,RAMB18
10,173,0,116,10,57,67,3909,1,SLICE,RAMB18
13,170,0,124,13,46,59,4336,1,SLICE,RAMB18
1,157,8,167,7,10,17,740,6,SLICE,SLICE
1,157,6,172,5,15,20,1225,6,SLICE,SLICE
1,157,8,168,7,11,18,917,6,SLICE,SLICE
1,157,8,167,7,10,17,747,6,SLICE,SLICE
2,175,0,83,2,92,94,1315,1,SLICE,RAMB18
1,163,6,180,5,17,22,1098,6,SLICE,SLICE
1,163,6,180,5,17,22,1193,6,SLICE,SLICE
1,163,6,180,5,17,22,962,6,SLICE,SLICE
1,163,7,179,6,16,22,1030,6,SLICE,SLICE
1,157,9,187,8,30,38,1767,6,SLICE,SLICE
1,157,8,187,7,30,37,1831,6,SLICE,SLICE
1,157,8,183,7,26,33,1487,6,SLICE,SLICE
1,157,9,186,8,29,37,1956,6,SLICE,SLICE
2,172,0,110,2,62,64,4276,1,SLICE,RAMB18
1,165,1,166,0,1,1,328,6,SLICE,SLICE
1,165,0,166,1,1,2,595,6,SLICE,SLICE
1,165,0,166,1,1,2,336,6,SLICE,SLICE
1,165,1,166,0,1,1,330,6,SLICE,SLICE
2,164,6,178,4,14,18,1038,6,SLICE,SLICE
2,164,6,178,4,14,18,1255,6,SLICE,SLICE
2,164,7,179,5,15,20,1199,6,SLICE,SLICE
2,164,9,178,7,14,21,958,6,SLICE,SLICE
1,164,4,175,3,11,14,782,6,SLICE,SLICE
1,164,5,175,4,11,15,985,6,SLICE,SLICE
1,164,4,175,3,11,14,1040,6,SLICE,SLICE
1,164,4,176,3,12,15,905,6,SLICE,SLICE
2,166,8,167,6,1,7,631,6,SLICE,SLICE
2,166,8,168,6,2,8,549,6,SLICE,SLICE
2,166,8,167,6,1,7,618,6,SLICE,SLICE
2,166,8,167,6,1,7,438,6,SLICE,SLICE
3,172,0,92,3,80,83,1677,1,SLICE,RAMB18
5,170,5,173,0,3,3,810,6,SLICE,SLICE
5,170,4,176,1,6,7,1270,6,SLICE,SLICE
5,170,4,172,1,2,3,811,6,SLICE,SLICE
5,170,4,172,1,2,3,696,6,SLICE,SLICE
4,178,0,124,4,54,58,2677,1,SLICE,RAMB18
6,146,0,102,6,44,50,3253,1,SLICE,RAMB18
2,160,0,78,2,82,84,1685,1,SLICE,RAMB18
4,145,4,178,0,33,33,1672,6,SLICE,SLICE
4,145,4,178,0,33,33,1421,6,SLICE,SLICE
4,145,4,178,0,33,33,1488,6,SLICE,SLICE
4,145,5,177,1,32,33,1531,6,SLICE,SLICE
2,156,0,100,2,56,58,2650,1,SLICE,RAMB18
0,160,0,84,0,76,76,2345,1,SLICE,RAMB18
2,156,4,177,2,21,23,1187,6,SLICE,SLICE
2,156,9,178,7,22,29,1216,6,SLICE,SLICE
2,156,8,178,6,22,28,1540,6,SLICE,SLICE
2,156,9,178,7,22,29,1325,6,SLICE,SLICE
52,247,1,115,51,132,183,1815,1,SLICE,RAMB18
46,261,57,274,11,13,24,1144,6,SLICE,SLICE
46,261,57,273,11,12,23,1282,6,SLICE,SLICE
46,261,57,274,11,13,24,1428,6,SLICE,SLICE
46,261,57,274,11,13,24,1430,6,SLICE,SLICE
48,257,2,99,46,158,204,797,1,SLICE,RAMB18
52,263,58,255,6,8,14,947,6,SLICE,SLICE
52,263,59,253,7,10,17,997,6,SLICE,SLICE
52,263,59,253,7,10,17,734,6,SLICE,SLICE
52,263,58,252,6,11,17,998,6,SLICE,SLICE
46,263,58,279,12,16,28,1412,6,SLICE,SLICE
46,263,61,279,15,16,31,1285,6,SLICE,SLICE
46,263,61,278,15,15,30,1333,6,SLICE,SLICE
46,263,59,278,13,15,28,1301,6,SLICE,SLICE
50,259,2,112,48,147,195,1192,1,SLICE,RAMB18
54,278,2,136,52,142,194,1962,1,SLICE,RAMB18
46,280,52,244,6,36,42,1868,6,SLICE,SLICE
46,280,51,245,5,35,40,1986,6,SLICE,SLICE
46,280,53,246,7,34,41,2001,6,SLICE,SLICE
46,280,52,244,6,36,42,1664,6,SLICE,SLICE
52,277,2,132,50,145,195,1678,1,SLICE,RAMB18
54,275,1,122,53,153,206,1751,1,SLICE,RAMB18
57,280,58,256,1,24,25,1531,6,SLICE,SLICE
57,280,58,261,1,19,20,1505,6,SLICE,SLICE
57,280,58,263,1,17,18,1280,6,SLICE,SLICE
57,280,58,260,1,20,21,1601,6,SLICE,SLICE
50,251,1,121,49,130,179,2076,1,SLICE,RAMB18
54,278,61,278,7,0,7,583,6,SLICE,SLICE
54,278,59,278,5,0,5,609,6,SLICE,SLICE
54,278,61,279,7,1,8,813,6,SLICE,SLICE
54,278,60,279,6,1,7,813,6,SLICE,SLICE
46,279,60,279,14,0,14,892,6,SLICE,SLICE
46,279,61,279,15,0,15,622,6,SLICE,SLICE
46,279,60,279,14,0,14,630,6,SLICE,SLICE
46,279,61,280,15,1,16,883,6,SLICE,SLICE
50,277,2,112,48,165,213,649,1,SLICE,RAMB18
48,277,2,93,46,184,230,1867,1,SLICE,RAMB18
48,277,56,277,8,0,8,764,6,SLICE,SLICE
48,277,57,277,9,0,9,502,6,SLICE,SLICE
48,277,57,277,9,0,9,765,6,SLICE,SLICE
48,277,57,278,9,1,10,883,6,SLICE,SLICE
52,272,2,132,50,140,190,2319,1,SLICE,RAMB18
54,274,2,99,52,175,227,1388,1,SLICE,RAMB18
56,281,58,272,2,9,11,834,6,SLICE,SLICE
56,281,60,275,4,6,10,595,6,SLICE,SLICE
56,281,60,275,4,6,10,592,6,SLICE,SLICE
56,281,60,275,4,6,10,768,6,SLICE,SLICE
52,272,2,109,50,163,213,473,1,SLICE,RAMB18
50,276,2,132,48,144,192,1925,1,SLICE,RAMB18
48,274,2,136,46,138,184,2391,1,SLICE,RAMB18
52,273,1,115,51,158,209,1300,1,SLICE,RAMB18
54,251,2,93,52,158,210,1151,1,SLICE,RAMB18
48,275,58,271,10,4,14,621,6,SLICE,SLICE
48,275,58,270,10,5,15,828,6,SLICE,SLICE
48,275,58,270,10,5,15,823,6,SLICE,SLICE
48,275,58,272,10,3,13,731,6,SLICE,SLICE
48,273,2,132,46,141,187,1628,1,SLICE,RAMB18
48,275,58,274,10,1,11,581,6,SLICE,SLICE
48,275,58,273,10,2,12,701,6,SLICE,SLICE
48,275,58,274,10,1,11,1058,6,SLICE,SLICE
48,275,59,272,11,3,14,1112,6,SLICE,SLICE
48,275,61,277,13,2,15,969,6,SLICE,SLICE
48,275,57,276,9,1,10,864,6,SLICE,SLICE
48,275,58,276,10,1,11,747,6,SLICE,SLICE
48,275,56,276,8,1,9,858,6,SLICE,SLICE
48,271,51,245,3,26,29,1384,6,SLICE,SLICE
48,271,51,244,3,27,30,1177,6,SLICE,SLICE
48,271,52,245,4,26,30,1409,6,SLICE,SLICE
48,271,51,244,3,27,30,1180,6,SLICE,SLICE
52,268,1,122,51,146,197,1926,1,SLICE,RAMB18
50,272,1,125,49,147,196,1945,1,SLICE,RAMB18
50,271,1,117,49,154,203,1546,1,SLICE,RAMB18
50,271,2,136,48,135,183,2574,1,SLICE,RAMB18
48,258,2,112,46,146,192,902,1,SLICE,RAMB18
57,252,57,277,0,25,25,1236,6,SLICE,SLICE
57,252,58,278,1,26,27,1468,6,SLICE,SLICE
57,252,58,279,1,27,28,1233,6,SLICE,SLICE
57,252,57,277,0,25,25,973,6,SLICE,SLICE
50,268,2,128,48,140,188,1932,1,SLICE,RAMB18
56,252,60,280,4,28,32,1666,6,SLICE,SLICE
56,252,56,280,0,28,28,1610,6,SLICE,SLICE
56,252,60,280,4,28,32,1506,6,SLICE,SLICE
56,252,60,280,4,28,32,1664,6,SLICE,SLICE
49,273,61,278,12,5,17,1043,6,SLICE,SLICE
49,273,58,277,9,4,13,633,6,SLICE,SLICE
49,273,61,277,12,4,16,940,6,SLICE,SLICE
49,273,59,277,10,4,14,936,6,SLICE,SLICE
50,270,61,274,11,4,15,1159,6,SLICE,SLICE
50,270,61,274,11,4,15,1157,6,SLICE,SLICE
50,270,60,274,10,4,14,848,6,SLICE,SLICE
50,270,58,270,8,0,8,852,6,SLICE,SLICE
48,262,63,276,15,14,29,1404,6,SLICE,SLICE
48,262,63,272,15,10,25,1242,6,SLICE,SLICE
48,262,62,272,14,10,24,1383,6,SLICE,SLICE
48,262,60,268,12,6,18,694,6,SLICE,SLICE
44,277,60,278,16,1,17,1116,6,SLICE,SLICE
44,277,61,278,17,1,18,991,6,SLICE,SLICE
44,277,60,278,16,1,17,854,6,SLICE,SLICE
44,277,60,279,16,2,18,1216,6,SLICE,SLICE
48,260,2,112,46,148,194,1158,1,SLICE,RAMB18
56,278,59,253,3,25,28,1502,6,SLICE,SLICE
56,278,59,253,3,25,28,1457,6,SLICE,SLICE
56,278,58,254,2,24,26,1261,6,SLICE,SLICE
56,278,58,255,2,23,25,1458,6,SLICE,SLICE
50,263,1,121,49,142,191,1691,1,SLICE,RAMB18
46,266,48,247,2,19,21,1175,6,SLICE,SLICE
46,266,51,246,5,20,25,995,6,SLICE,SLICE
46,266,49,250,3,16,19,1090,6,SLICE,SLICE
46,266,49,248,3,18,21,1211,6,SLICE,SLICE
44,274,57,278,13,4,17,603,6,SLICE,SLICE
44,274,58,278,14,4,18,1046,6,SLICE,SLICE
44,274,58,279,14,5,19,933,6,SLICE,SLICE
44,274,57,277,13,3,16,715,6,SLICE,SLICE
48,260,2,94,46,166,212,1127,1,SLICE,RAMB18
50,250,58,268,8,18,26,1234,6,SLICE,SLICE
50,250,58,269,8,19,27,1246,6,SLICE,SLICE
50,250,58,269,8,19,27,1241,6,SLICE,SLICE
50,250,58,268,8,18,26,1373,6,SLICE,SLICE
46,263,61,266,15,3,18,1121,6,SLICE,SLICE
46,263,60,266,14,3,17,901,6,SLICE,SLICE
46,263,60,266,14,3,17,1163,6,SLICE,SLICE
46,263,61,267,15,4,19,1042,6,SLICE,SLICE
50,262,2,96,48,166,214,1007,1,SLICE,RAMB18
48,259,2,109,46,150,196,831,1,SLICE,RAMB18
46,271,58,276,12,5,17,1087,6,SLICE,SLICE
46,271,58,276,12,5,17,1076,6,SLICE,SLICE
46,271,56,276,10,5,15,949,6,SLICE,SLICE
46,271,58,275,12,4,16,701,6,SLICE,SLICE
56,273,61,277,5,4,9,893,6,SLICE,SLICE
56,273,58,276,2,3,5,785,6,SLICE,SLICE
56,273,57,276,1,3,4,698,6,SLICE,SLICE
56,273,58,275,2,2,4,792,6,SLICE,SLICE
56,269,2,109,54,160,214,611,1,SLICE,RAMB18
56,269,2,128,54,141,195,1544,1,SLICE,RAMB18
54,262,2,106,52,156,208,734,1,SLICE,RAMB18
56,268,2,110,54,158,212,818,1,SLICE,RAMB18
56,270,58,252,2,18,20,1188,6,SLICE,SLICE
56,270,59,253,3,17,20,1142,6,SLICE,SLICE
56,270,58,255,2,15,17,744,6,SLICE,SLICE
56,270,59,253,3,17,20,967,6,SLICE,SLICE
54,270,2,132,52,138,190,1952,1,SLICE,RAMB18
50,262,2,136,48,126,174,2744,1,SLICE,RAMB18
48,253,61,279,13,26,39,1678,6,SLICE,SLICE
48,253,61,280,13,27,40,1384,6,SLICE,SLICE
48,253,61,280,13,27,40,1382,6,SLICE,SLICE
48,253,61,280,13,27,40,1318,6,SLICE,SLICE
56,268,2,93,54,175,229,1386,1,SLICE,RAMB18
54,264,2,128,52,136,188,2164,1,SLICE,RAMB18
52,262,1,115,51,147,198,1720,1,SLICE,RAMB18
56,263,2,127,54,136,190,2103,1,SLICE,RAMB18
54,264,1,117,53,147,200,1846,1,SLICE,RAMB18
49,265,51,245,2,20,22,1276,6,SLICE,SLICE
49,265,51,244,2,21,23,1349,6,SLICE,SLICE
49,265,51,244,2,21,23,1351,6,SLICE,SLICE
49,265,51,245,2,20,22,1233,6,SLICE,SLICE
56,264,2,128,54,136,190,1914,1,SLICE,RAMB18
57,267,2,133,55,134,189,2351,1,SLICE,RAMB18
56,269,58,278,2,9,11,978,6,SLICE,SLICE
56,269,57,278,1,9,10,747,6,SLICE,SLICE
56,269,56,278,0,9,9,821,6,SLICE,SLICE
56,269,56,278,0,9,9,966,6,SLICE,SLICE
58,262,2,102,56,160,216,760,1,SLICE,RAMB18
55,254,2,132,53,122,175,3039,1,SLICE,RAMB18
57,261,1,115,56,146,202,1725,1,SLICE,RAMB18
52,246,56,275,4,29,33,1198,6,SLICE,SLICE
52,246,56,277,4,31,35,1650,6,SLICE,SLICE
52,246,56,275,4,29,33,1191,6,SLICE,SLICE
52,246,57,277,5,31,36,1717,6,SLICE,SLICE
54,265,2,133,52,132,184,1758,1,SLICE,RAMB18
57,259,2,93,55,166,221,1221,1,SLICE,RAMB18
57,258,57,275,0,17,17,1004,6,SLICE,SLICE
57,258,57,275,0,17,17,1006,6,SLICE,SLICE
57,258,57,275,0,17,17,1050,6,SLICE,SLICE
57,258,58,271,1,13,14,1003,6,SLICE,SLICE
56,262,2,133,54,129,183,1704,1,SLICE,RAMB18
54,257,1,125,53,132,185,2170,1,SLICE,RAMB18
54,255,2,112,52,143,195,1155,1,SLICE,RAMB18
56,256,2,96,54,160,214,1107,1,SLICE,RAMB18
57,258,2,110,55,148,203,1108,1,SLICE,RAMB18
59,262,61,275,2,13,15,1162,6,SLICE,SLICE
59,262,60,275,1,13,14,1155,6,SLICE,SLICE
59,262,60,275,1,13,14,793,6,SLICE,SLICE
59,262,58,272,1,10,11,857,6,SLICE,SLICE
54,261,1,122,53,139,192,2102,1,SLICE,RAMB18
57,252,57,275,0,23,23,1362,6,SLICE,SLICE
57,252,56,273,1,21,22,1218,6,SLICE,SLICE
57,252,57,275,0,23,23,1250,6,SLICE,SLICE
57,252,58,271,1,19,20,989,6,SLICE,SLICE
54,258,2,106,52,152,204,669,1,SLICE,RAMB18
56,253,2,102,54,151,205,632,1,SLICE,RAMB18
52,258,2,136,50,122,172,3008,1,SLICE,RAMB18
54,245,1,117,53,128,181,2101,1,SLICE,RAMB18
51,253,2,96,49,157,206,874,1,SLICE,RAMB18
54,244,2,94,52,150,202,756,1,SLICE,RAMB18
52,247,2,94,50,153,203,942,1,SLICE,RAMB18
58,251,56,280,2,29,31,1711,6,SLICE,SLICE
58,251,56,279,2,28,30,1475,6,SLICE,SLICE
58,251,58,278,0,27,27,1238,6,SLICE,SLICE
58,251,56,279,2,28,30,1464,6,SLICE,SLICE
55,246,58,269,3,23,26,1628,6,SLICE,SLICE
55,246,59,268,4,22,26,1528,6,SLICE,SLICE
55,246,59,268,4,22,26,1530,6,SLICE,SLICE
55,246,60,274,5,28,33,1682,6,SLICE,SLICE
56,251,2,93,54,158,212,1108,1,SLICE,RAMB18
55,244,2,102,53,142,195,811,1,SLICE,RAMB18
52,248,2,110,50,138,188,1273,1,SLICE,RAMB18
56,250,2,99,54,151,205,735,1,SLICE,RAMB18
57,253,2,102,55,151,206,615,1,SLICE,RAMB18
52,262,2,133,50,129,179,1754,1,SLICE,RAMB18
54,250,2,110,52,140,192,929,1,SLICE,RAMB18
50,260,2,102,48,158,206,572,1,SLICE,RAMB18
56,258,60,275,4,17,21,1381,6,SLICE,SLICE
56,258,61,275,5,17,22,1057,6,SLICE,SLICE
56,258,58,272,2,14,16,819,6,SLICE,SLICE
56,258,60,275,4,17,21,1639,6,SLICE,SLICE
50,254,1,122,49,132,181,1988,1,SLICE,RAMB18
50,261,2,128,48,133,181,2270,1,SLICE,RAMB18
52,256,1,117,51,139,190,1768,1,SLICE,RAMB18
62,256,3,127,59,129,188,2755,1,SLICE,RAMB18
64,259,3,117,61,142,203,1793,1,SLICE,RAMB18
62,249,3,137,59,112,171,3864,1,SLICE,RAMB18
64,256,3,121,61,135,196,2437,1,SLICE,RAMB18
62,272,49,229,13,43,56,1867,6,SLICE,SLICE
62,272,49,229,13,43,56,2174,6,SLICE,SLICE
62,272,49,229,13,43,56,1867,6,SLICE,SLICE
62,272,49,227,13,45,58,2117,6,SLICE,SLICE
66,270,70,267,4,3,7,792,6,SLICE,SLICE
66,270,70,268,4,2,6,383,6,SLICE,SLICE
66,270,70,268,4,2,6,376,6,SLICE,SLICE
66,270,70,268,4,2,6,560,6,SLICE,SLICE
62,244,3,117,59,127,186,2287,1,SLICE,RAMB18
64,252,3,131,61,121,182,2926,1,SLICE,RAMB18
62,250,3,121,59,129,188,2499,1,SLICE,RAMB18
66,265,3,109,63,156,219,1354,1,SLICE,RAMB18
66,246,3,110,63,136,199,2067,1,SLICE,RAMB18
66,258,3,137,63,121,184,3210,1,SLICE,RAMB18
66,261,3,122,63,139,202,2179,1,SLICE,RAMB18
64,271,69,271,5,0,5,807,6,SLICE,SLICE
64,271,71,270,7,1,8,628,6,SLICE,SLICE
64,271,69,270,5,1,6,593,6,SLICE,SLICE
64,271,69,272,5,1,6,550,6,SLICE,SLICE
68,270,70,278,2,8,10,751,6,SLICE,SLICE
68,270,70,276,2,6,8,941,6,SLICE,SLICE
68,270,68,278,0,8,8,900,6,SLICE,SLICE
68,270,70,276,2,6,8,576,6,SLICE,SLICE
64,246,3,134,61,112,173,3182,1,SLICE,RAMB18
64,272,70,266,6,6,12,1006,6,SLICE,SLICE
64,272,70,268,6,4,10,1097,6,SLICE,SLICE
64,272,70,267,6,5,11,877,6,SLICE,SLICE
64,272,68,267,4,5,9,766,6,SLICE,SLICE
66,250,3,122,63,128,191,2562,1,SLICE,RAMB18
64,251,3,139,61,112,173,2901,1,SLICE,RAMB18
64,270,48,228,16,42,58,1688,6,SLICE,SLICE
64,270,49,227,15,43,58,1479,6,SLICE,SLICE
64,270,48,228,16,42,58,1690,6,SLICE,SLICE
64,270,48,227,16,43,59,1483,6,SLICE,SLICE
66,267,70,265,4,2,6,672,6,SLICE,SLICE
66,267,70,264,4,3,7,831,6,SLICE,SLICE
66,267,71,264,5,3,8,777,6,SLICE,SLICE
66,267,70,264,4,3,7,931,6,SLICE,SLICE
66,245,3,133,63,112,175,3327,1,SLICE,RAMB18
69,276,69,263,0,13,13,1187,6,SLICE,SLICE
69,276,66,262,3,14,17,930,6,SLICE,SLICE
69,276,69,262,0,14,14,881,6,SLICE,SLICE
69,276,69,262,0,14,14,884,6,SLICE,SLICE
69,271,70,279,1,8,9,980,6,SLICE,SLICE
69,271,68,279,1,8,9,864,6,SLICE,SLICE
69,271,71,280,2,9,11,1084,6,SLICE,SLICE
69,271,70,279,1,8,9,990,6,SLICE,SLICE
67,253,3,137,64,116,180,3240,1,SLICE,RAMB18
66,259,3,139,63,120,183,3268,1,SLICE,RAMB18
66,271,71,268,5,3,8,602,6,SLICE,SLICE
66,271,71,268,5,3,8,604,6,SLICE,SLICE
66,271,71,268,5,3,8,866,6,SLICE,SLICE
66,271,70,268,4,3,7,866,6,SLICE,SLICE
64,259,3,105,61,154,215,1389,1,SLICE,RAMB18
65,258,3,127,62,131,193,2520,1,SLICE,RAMB18
62,247,3,100,59,147,206,1217,1,SLICE,RAMB18
62,260,3,137,59,123,182,2723,1,SLICE,RAMB18
62,268,3,133,59,135,194,2537,1,SLICE,RAMB18
66,264,3,139,63,125,188,3423,1,SLICE,RAMB18
51,231,49,224,2,7,9,621,6,SLICE,SLICE
51,231,49,228,2,3,5,872,6,SLICE,SLICE
51,231,49,228,2,3,5,663,6,SLICE,SLICE
51,231,49,226,2,5,7,650,6,SLICE,SLICE
65,279,70,279,5,0,5,387,6,SLICE,SLICE
65,279,70,280,5,1,6,622,6,SLICE,SLICE
65,279,68,278,3,1,4,698,6,SLICE,SLICE
65,279,70,279,5,0,5,385,6,SLICE,SLICE
64,277,71,268,7,9,16,905,6,SLICE,SLICE
64,277,71,268,7,9,16,755,6,SLICE,SLICE
64,277,71,268,7,9,16,930,6,SLICE,SLICE
64,277,70,268,6,9,15,596,6,SLICE,SLICE
66,279,69,278,3,1,4,483,6,SLICE,SLICE
66,279,69,278,3,1,4,485,6,SLICE,SLICE
66,279,69,278,3,1,4,596,6,SLICE,SLICE
66,279,69,277,3,2,5,433,6,SLICE,SLICE
66,278,70,276,4,2,6,732,6,SLICE,SLICE
66,278,70,276,4,2,6,729,6,SLICE,SLICE
66,278,69,277,3,1,4,600,6,SLICE,SLICE
66,278,69,277,3,1,4,454,6,SLICE,SLICE
62,260,3,106,59,154,213,1298,1,SLICE,RAMB18
60,251,3,125,57,126,183,2938,1,SLICE,RAMB18
62,251,3,127,59,124,183,2725,1,SLICE,RAMB18
63,268,70,263,7,5,12,705,6,SLICE,SLICE
63,268,68,262,5,6,11,573,6,SLICE,SLICE
63,268,70,263,7,5,12,704,6,SLICE,SLICE
63,268,69,263,6,5,11,731,6,SLICE,SLICE
62,281,68,275,6,6,12,524,6,SLICE,SLICE
62,281,70,277,8,4,12,1341,6,SLICE,SLICE
62,281,70,277,8,4,12,1338,6,SLICE,SLICE
62,281,70,277,8,4,12,1172,6,SLICE,SLICE
56,248,3,139,53,109,162,3553,1,SLICE,RAMB18
66,271,70,277,4,6,10,583,6,SLICE,SLICE
66,271,69,275,3,4,7,607,6,SLICE,SLICE
66,271,70,277,4,6,10,515,6,SLICE,SLICE
66,271,69,275,3,4,7,607,6,SLICE,SLICE
67,273,71,275,4,2,6,618,6,SLICE,SLICE
67,273,70,275,3,2,5,640,6,SLICE,SLICE
67,273,71,275,4,2,6,625,6,SLICE,SLICE
67,273,70,275,3,2,5,749,6,SLICE,SLICE
60,253,3,131,57,122,179,3074,1,SLICE,RAMB18
62,274,68,278,6,4,10,501,6,SLICE,SLICE
62,274,70,279,8,5,13,917,6,SLICE,SLICE
62,274,70,278,8,4,12,898,6,SLICE,SLICE
62,274,69,279,7,5,12,645,6,SLICE,SLICE
65,272,70,273,5,1,6,797,6,SLICE,SLICE
65,272,69,272,4,0,4,591,6,SLICE,SLICE
65,272,69,273,4,1,5,897,6,SLICE,SLICE
65,272,69,271,4,1,5,617,6,SLICE,SLICE
66,276,70,277,4,1,5,577,6,SLICE,SLICE
66,276,69,275,3,1,4,589,6,SLICE,SLICE
66,276,70,277,4,1,5,395,6,SLICE,SLICE
66,276,70,277,4,1,5,397,6,SLICE,SLICE
60,247,59,243,1,4,5,581,6,SLICE,SLICE
60,247,59,243,1,4,5,584,6,SLICE,SLICE
60,247,58,243,2,4,6,662,6,SLICE,SLICE
60,247,58,243,2,4,6,757,6,SLICE,SLICE
57,245,49,226,8,19,27,1363,6,SLICE,SLICE
57,245,49,228,8,17,25,1192,6,SLICE,SLICE
57,245,48,226,9,19,28,1368,6,SLICE,SLICE
57,245,49,225,8,20,28,1404,6,SLICE,SLICE
57,247,3,131,54,116,170,3136,1,SLICE,RAMB18
48,236,3,117,45,119,164,2853,1,SLICE,RAMB18
48,233,3,109,45,124,169,2202,1,SLICE,RAMB18
64,255,3,106,61,149,210,1474,1,SLICE,RAMB18
51,239,3,125,48,114,162,3301,1,SLICE,RAMB18
68,280,68,278,0,2,2,698,6,SLICE,SLICE
68,280,70,279,2,1,3,458,6,SLICE,SLICE
68,280,69,279,1,1,2,574,6,SLICE,SLICE
68,280,70,280,2,0,2,407,6,SLICE,SLICE
60,269,68,273,8,4,12,577,6,SLICE,SLICE
60,269,69,273,9,4,13,1182,6,SLICE,SLICE
60,269,70,271,10,2,12,854,6,SLICE,SLICE
60,269,70,274,10,5,15,733,6,SLICE,SLICE
60,271,71,280,11,9,20,1228,6,SLICE,SLICE
60,271,68,280,8,9,17,1249,6,SLICE,SLICE
60,271,70,279,10,8,18,880,6,SLICE,SLICE
60,271,68,279,8,8,16,637,6,SLICE,SLICE
62,263,3,119,59,144,203,2060,1,SLICE,RAMB18
60,270,69,273,9,3,12,1053,6,SLICE,SLICE
60,270,70,271,10,1,11,813,6,SLICE,SLICE
60,270,68,273,8,3,11,952,6,SLICE,SLICE
60,270,69,273,9,3,12,734,6,SLICE,SLICE
60,248,3,117,57,131,188,2903,1,SLICE,RAMB18
52,242,3,119,49,123,172,2813,1,SLICE,RAMB18
48,236,3,128,45,108,153,3312,1,SLICE,RAMB18
50,235,3,121,47,114,161,2819,1,SLICE,RAMB18
48,236,3,109,45,127,172,2410,1,SLICE,RAMB18
60,272,69,270,9,2,11,984,6,SLICE,SLICE
60,272,68,269,8,3,11,777,6,SLICE,SLICE
60,272,71,270,11,2,13,1112,6,SLICE,SLICE
60,272,70,269,10,3,13,980,6,SLICE,SLICE
68,272,69,252,1,20,21,1563,6,SLICE,SLICE
68,272,68,252,0,20,20,1425,6,SLICE,SLICE
68,272,68,251,0,21,21,1667,6,SLICE,SLICE
68,272,69,252,1,20,21,1515,6,SLICE,SLICE
48,234,49,229,1,5,6,737,6,SLICE,SLICE
48,234,49,229,1,5,6,418,6,SLICE,SLICE
48,234,49,229,1,5,6,735,6,SLICE,SLICE
48,234,49,229,1,5,6,422,6,SLICE,SLICE
49,237,3,112,46,125,171,2638,1,SLICE,RAMB18
51,238,3,119,48,119,167,2729,1,SLICE,RAMB18
63,268,68,266,5,2,7,810,6,SLICE,SLICE
63,268,68,266,5,2,7,693,6,SLICE,SLICE
63,268,69,267,6,1,7,692,6,SLICE,SLICE
63,268,69,267,6,1,7,691,6,SLICE,SLICE
50,236,3,121,47,115,162,3106,1,SLICE,RAMB18
50,237,3,139,47,98,145,3196,1,SLICE,RAMB18
48,242,3,133,45,109,154,3948,1,SLICE,RAMB18
54,242,3,121,51,121,172,2992,1,SLICE,RAMB18
58,244,3,125,55,119,174,2727,1,SLICE,RAMB18
52,240,3,119,49,121,170,2633,1,SLICE,RAMB18
63,250,3,134,60,116,176,2990,1,SLICE,RAMB18
62,264,68,253,6,11,17,1165,6,SLICE,SLICE
62,264,68,252,6,12,18,982,6,SLICE,SLICE
62,264,69,252,7,12,19,693,6,SLICE,SLICE
62,264,69,252,7,12,19,753,6,SLICE,SLICE
66,250,3,99,63,151,214,1262,1,SLICE,RAMB18
56,244,3,127,53,117,170,3248,1,SLICE,RAMB18
52,238,3,114,49,124,173,2853,1,SLICE,RAMB18
61,246,3,106,58,140,198,1790,1,SLICE,RAMB18
61,246,3,99,58,147,205,1382,1,SLICE,RAMB18
50,235,3,117,47,118,165,2200,1,SLICE,RAMB18
60,253,3,119,57,134,191,2322,1,SLICE,RAMB18
67,272,71,278,4,6,10,951,6,SLICE,SLICE
67,272,71,278,4,6,10,953,6,SLICE,SLICE
67,272,70,278,3,6,9,837,6,SLICE,SLICE
67,272,70,277,3,5,8,757,6,SLICE,SLICE
62,254,3,134,59,120,179,2434,1,SLICE,RAMB18
62,262,3,105,59,157,216,1286,1,SLICE,RAMB18
62,273,48,224,14,49,63,2677,6,SLICE,SLICE
62,273,48,225,14,48,62,2236,6,SLICE,SLICE
62,273,48,225,14,48,62,2407,6,SLICE,SLICE
62,273,48,225,14,48,62,2412,6,SLICE,SLICE
66,266,3,105,63,161,224,1211,1,SLICE,RAMB18
63,257,3,133,60,124,184,2589,1,SLICE,RAMB18
64,271,69,271,5,0,5,823,6,SLICE,SLICE
64,271,70,271,6,0,6,809,6,SLICE,SLICE
64,271,69,272,5,1,6,573,6,SLICE,SLICE
64,271,71,270,7,1,8,916,6,SLICE,SLICE
62,271,3,105,59,166,225,1071,1,SLICE,RAMB18
63,269,48,226,15,43,58,2074,6,SLICE,SLICE
63,269,48,227,15,42,57,1601,6,SLICE,SLICE
63,269,48,229,15,40,55,1320,6,SLICE,SLICE
63,269,48,226,15,43,58,1714,6,SLICE,SLICE
60,262,3,109,57,153,210,1468,1,SLICE,RAMB18
61,256,3,109,58,147,205,1638,1,SLICE,RAMB18
63,252,3,122,60,130,190,2144,1,SLICE,RAMB18
68,269,69,275,1,6,7,579,6,SLICE,SLICE
68,269,70,277,2,8,10,1229,6,SLICE,SLICE
68,269,69,275,1,6,7,576,6,SLICE,SLICE
68,269,70,277,2,8,10,1131,6,SLICE,SLICE
64,267,48,224,16,43,59,2154,6,SLICE,SLICE
64,267,49,226,15,41,56,1848,6,SLICE,SLICE
64,267,49,228,15,39,54,1603,6,SLICE,SLICE
64,267,49,225,15,42,57,2420,6,SLICE,SLICE
60,256,3,137,57,119,176,3427,1,SLICE,RAMB18
66,257,3,112,63,145,208,1865,1,SLICE,RAMB18
64,253,3,112,61,141,202,1631,1,SLICE,RAMB18
66,256,3,134,63,122,185,2882,1,SLICE,RAMB18
66,247,3,106,63,141,204,1671,1,SLICE,RAMB18
60,217,3,82,57,135,192,1390,1,SLICE,RAMB18
56,211,3,84,53,127,180,1429,1,SLICE,RAMB18
58,212,4,64,54,148,202,2796,1,SLICE,RAMB18
54,207,66,210,12,3,15,1108,6,SLICE,SLICE
54,207,68,211,14,4,18,953,6,SLICE,SLICE
54,207,69,212,15,5,20,1193,6,SLICE,SLICE
54,207,66,210,12,3,15,997,6,SLICE,SLICE
57,213,61,209,4,4,8,888,6,SLICE,SLICE
57,213,61,209,4,4,8,890,6,SLICE,SLICE
57,213,61,209,4,4,8,888,6,SLICE,SLICE
57,213,60,209,3,4,7,753,6,SLICE,SLICE
58,214,69,212,11,2,13,616,6,SLICE,SLICE
58,214,66,211,8,3,11,830,6,SLICE,SLICE
58,214,66,210,8,4,12,713,6,SLICE,SLICE
58,214,66,210,8,4,12,692,6,SLICE,SLICE
56,219,3,71,53,148,201,2119,1,SLICE,RAMB18
56,217,3,77,53,140,193,2018,1,SLICE,RAMB18
56,215,62,209,6,6,12,555,6,SLICE,SLICE
56,215,63,208,7,7,14,786,6,SLICE,SLICE
56,215,60,208,4,7,11,860,6,SLICE,SLICE
56,215,62,208,6,7,13,894,6,SLICE,SLICE
61,216,66,208,5,8,13,1001,6,SLICE,SLICE
61,216,66,208,5,8,13,996,6,SLICE,SLICE
61,216,66,208,5,8,13,726,6,SLICE,SLICE
61,216,66,207,5,9,14,732,6,SLICE,SLICE
56,221,3,82,53,139,192,1737,1,SLICE,RAMB18
57,218,3,72,54,146,200,2106,1,SLICE,RAMB18
60,220,67,209,7,11,18,1242,6,SLICE,SLICE
60,220,67,209,7,11,18,1354,6,SLICE,SLICE
60,220,64,211,4,9,13,1128,6,SLICE,SLICE
60,220,67,208,7,12,19,1353,6,SLICE,SLICE
56,217,3,65,53,152,205,2717,1,SLICE,RAMB18
58,207,66,208,8,1,9,601,6,SLICE,SLICE
58,207,66,208,8,1,9,919,6,SLICE,SLICE
58,207,66,208,8,1,9,909,6,SLICE,SLICE
58,207,66,208,8,1,9,603,6,SLICE,SLICE
57,214,67,207,10,7,17,849,6,SLICE,SLICE
57,214,67,207,10,7,17,1024,6,SLICE,SLICE
57,214,67,208,10,6,16,729,6,SLICE,SLICE
57,214,66,207,9,7,16,1174,6,SLICE,SLICE
54,216,70,207,16,9,25,764,6,SLICE,SLICE
54,216,69,207,15,9,24,990,6,SLICE,SLICE
54,216,68,207,14,9,23,1140,6,SLICE,SLICE
54,216,68,208,14,8,22,1016,6,SLICE,SLICE
50,211,64,211,14,0,14,727,6,SLICE,SLICE
50,211,62,212,12,1,13,875,6,SLICE,SLICE
50,211,62,212,12,1,13,618,6,SLICE,SLICE
50,211,64,213,14,2,16,991,6,SLICE,SLICE
59,222,3,78,56,144,200,2003,1,SLICE,RAMB18
50,215,65,220,15,5,20,978,6,SLICE,SLICE
50,215,62,221,12,6,18,1144,6,SLICE,SLICE
50,215,64,220,14,5,19,1172,6,SLICE,SLICE
50,215,64,220,14,5,19,1175,6,SLICE,SLICE
58,219,62,212,4,7,11,754,6,SLICE,SLICE
58,219,62,213,4,6,10,481,6,SLICE,SLICE
58,219,64,211,6,8,14,960,6,SLICE,SLICE
58,219,64,213,6,6,12,699,6,SLICE,SLICE
58,225,3,92,55,133,188,1486,1,SLICE,RAMB18
50,210,65,211,15,1,16,640,6,SLICE,SLICE
50,210,64,210,14,0,14,706,6,SLICE,SLICE
50,210,64,211,14,1,15,955,6,SLICE,SLICE
50,210,65,210,15,0,15,997,6,SLICE,SLICE
52,218,3,90,49,128,177,1680,1,SLICE,RAMB18
52,213,3,77,49,136,185,1827,1,SLICE,RAMB18
54,220,4,64,50,156,206,3194,1,SLICE,RAMB18
51,214,3,82,48,132,180,1594,1,SLICE,RAMB18
65,219,4,64,61,155,216,3001,1,SLICE,RAMB18
52,212,3,60,49,152,201,2792,1,SLICE,RAMB18
50,226,3,88,47,138,185,1642,1,SLICE,RAMB18
48,211,3,84,45,127,172,1669,1,SLICE,RAMB18
48,214,63,216,15,2,17,1272,6,SLICE,SLICE
48,214,63,218,15,4,19,883,6,SLICE,SLICE
48,214,63,218,15,4,19,880,6,SLICE,SLICE
48,214,64,218,16,4,20,882,6,SLICE,SLICE
49,210,61,210,12,0,12,877,6,SLICE,SLICE
49,210,61,210,12,0,12,876,6,SLICE,SLICE
49,210,60,209,11,1,12,989,6,SLICE,SLICE
49,210,60,209,11,1,12,875,6,SLICE,SLICE
51,215,68,211,17,4,21,969,6,SLICE,SLICE
51,215,66,212,15,3,18,1017,6,SLICE,SLICE
51,215,67,212,16,3,19,1085,6,SLICE,SLICE
51,215,66,212,15,3,18,1015,6,SLICE,SLICE
48,216,66,212,18,4,22,836,6,SLICE,SLICE
48,216,66,211,18,5,23,1096,6,SLICE,SLICE
48,216,67,212,19,4,23,997,6,SLICE,SLICE
48,216,66,212,18,4,22,829,6,SLICE,SLICE
51,215,4,68,47,147,194,2974,1,SLICE,RAMB18
48,213,67,209,19,4,23,1037,6,SLICE,SLICE
48,213,67,207,19,6,25,1158,6,SLICE,SLICE
48,213,66,209,18,4,22,955,6,SLICE,SLICE
48,213,68,207,20,6,26,1013,6,SLICE,SLICE
48,223,3,88,45,135,180,1512,1,SLICE,RAMB18
50,227,3,95,47,132,179,1640,1,SLICE,RAMB18
50,218,60,209,10,9,19,859,6,SLICE,SLICE
50,218,63,214,13,4,17,543,6,SLICE,SLICE
50,218,60,209,10,9,19,685,6,SLICE,SLICE
50,218,61,210,11,8,19,731,6,SLICE,SLICE
62,220,3,95,59,125,184,1674,1,SLICE,RAMB18
51,225,62,212,11,13,24,844,6,SLICE,SLICE
51,225,64,211,13,14,27,1281,6,SLICE,SLICE
51,225,62,212,11,13,24,851,6,SLICE,SLICE
51,225,64,213,13,12,25,738,6,SLICE,SLICE
50,221,63,208,13,13,26,1295,6,SLICE,SLICE
50,221,62,208,12,13,25,1282,6,SLICE,SLICE
50,221,62,209,12,12,24,947,6,SLICE,SLICE
50,221,60,208,10,13,23,907,6,SLICE,SLICE
50,222,3,71,47,151,198,2565,1,SLICE,RAMB18
51,216,61,211,10,5,15,719,6,SLICE,SLICE
51,216,60,210,9,6,15,943,6,SLICE,SLICE
51,216,60,210,9,6,15,945,6,SLICE,SLICE
51,216,61,211,10,5,15,721,6,SLICE,SLICE
48,220,65,206,17,14,31,1258,6,SLICE,SLICE
48,220,64,207,16,13,29,1195,6,SLICE,SLICE
48,220,61,207,13,13,26,1286,6,SLICE,SLICE
48,220,64,207,16,13,29,1256,6,SLICE,SLICE
52,224,3,78,49,146,195,1980,1,SLICE,RAMB18
50,223,3,77,47,146,193,2095,1,SLICE,RAMB18
51,225,3,78,48,147,195,2157,1,SLICE,RAMB18
52,223,3,84,49,139,188,1719,1,SLICE,RAMB18
50,226,3,69,47,157,204,2635,1,SLICE,RAMB18
62,218,3,82,59,136,195,1461,1,SLICE,RAMB18
52,227,63,210,11,17,28,1097,6,SLICE,SLICE
52,227,62,210,10,17,27,1228,6,SLICE,SLICE
52,227,62,210,10,17,27,1119,6,SLICE,SLICE
52,227,62,210,10,17,27,1117,6,SLICE,SLICE
53,229,3,66,50,163,213,3013,1,SLICE,RAMB18
55,229,3,66,52,163,215,2863,1,SLICE,RAMB18
54,227,3,71,51,156,207,2500,1,SLICE,RAMB18
54,230,3,78,51,152,203,2131,1,SLICE,RAMB18
52,230,67,212,15,18,33,1507,6,SLICE,SLICE
52,230,66,212,14,18,32,1363,6,SLICE,SLICE
52,230,66,212,14,18,32,1361,6,SLICE,SLICE
52,230,66,212,14,18,32,1351,6,SLICE,SLICE
54,232,4,64,50,168,218,3680,1,SLICE,RAMB18
54,227,4,64,50,163,213,3214,1,SLICE,RAMB18
52,227,61,214,9,13,22,1214,6,SLICE,SLICE
52,227,63,212,11,15,26,1135,6,SLICE,SLICE
52,227,62,212,10,15,25,1311,6,SLICE,SLICE
52,227,63,213,11,14,25,1032,6,SLICE,SLICE
51,224,3,78,48,146,194,2072,1,SLICE,RAMB18
52,231,3,66,49,165,214,2676,1,SLICE,RAMB18
52,219,63,221,11,2,13,648,6,SLICE,SLICE
52,219,62,222,10,3,13,975,6,SLICE,SLICE
52,219,62,221,10,2,12,970,6,SLICE,SLICE
52,219,62,221,10,2,12,960,6,SLICE,SLICE
62,218,3,78,59,140,199,1732,1,SLICE,RAMB18
58,227,63,222,5,5,10,641,6,SLICE,SLICE
58,227,63,222,5,5,10,754,6,SLICE,SLICE
58,227,62,222,4,5,9,757,6,SLICE,SLICE
58,227,63,222,5,5,10,643,6,SLICE,SLICE
54,240,3,72,51,168,219,2691,1,SLICE,RAMB18
54,229,62,221,8,8,16,967,6,SLICE,SLICE
54,229,64,220,10,9,19,848,6,SLICE,SLICE
54,229,65,220,11,9,20,1100,6,SLICE,SLICE
54,229,65,219,11,10,21,1201,6,SLICE,SLICE
57,237,3,87,54,150,204,1661,1,SLICE,RAMB18
56,229,3,77,53,152,205,2101,1,SLICE,RAMB18
56,230,4,64,52,166,218,3521,1,SLICE,RAMB18
56,241,3,87,53,154,207,1914,1,SLICE,RAMB18
56,227,65,213,9,14,23,1239,6,SLICE,SLICE
56,227,64,213,8,14,22,939,6,SLICE,SLICE
56,227,64,213,8,14,22,1391,6,SLICE,SLICE
56,227,65,214,9,13,22,1085,6,SLICE,SLICE
56,238,3,84,53,154,207,1820,1,SLICE,RAMB18
56,228,3,87,53,141,194,1578,1,SLICE,RAMB18
56,229,3,69,53,160,213,2507,1,SLICE,RAMB18
58,233,4,68,54,165,219,2833,1,SLICE,RAMB18
61,220,3,90,58,130,188,1287,1,SLICE,RAMB18
58,241,3,97,55,144,199,1244,1,SLICE,RAMB18
56,236,62,211,6,25,31,1316,6,SLICE,SLICE
56,236,63,211,7,25,32,1447,6,SLICE,SLICE
56,236,62,211,6,25,31,1578,6,SLICE,SLICE
56,236,63,211,7,25,32,1454,6,SLICE,SLICE
58,235,4,68,54,167,221,3052,1,SLICE,RAMB18
58,237,4,68,54,169,223,3097,1,SLICE,RAMB18
57,236,68,213,11,23,34,1474,6,SLICE,SLICE
57,236,67,212,10,24,34,1437,6,SLICE,SLICE
57,236,66,212,9,24,33,1551,6,SLICE,SLICE
57,236,65,212,8,24,32,1048,6,SLICE,SLICE
56,238,3,92,53,146,199,1442,1,SLICE,RAMB18
57,238,3,95,54,143,197,1358,1,SLICE,RAMB18
59,233,4,68,55,165,220,3085,1,SLICE,RAMB18
59,237,3,75,56,162,218,2401,1,SLICE,RAMB18
58,239,3,88,55,151,206,1745,1,SLICE,RAMB18
58,207,68,209,10,2,12,695,6,SLICE,SLICE
58,207,66,210,8,3,11,695,6,SLICE,SLICE
58,207,68,208,10,1,11,591,6,SLICE,SLICE
58,207,67,210,9,3,12,564,6,SLICE,SLICE
58,222,3,72,55,150,205,2211,1,SLICE,RAMB18
54,221,60,209,6,12,18,1483,6,SLICE,SLICE
54,221,61,210,7,11,18,1277,6,SLICE,SLICE
54,221,61,210,7,11,18,1319,6,SLICE,SLICE
54,221,63,214,9,7,16,836,6,SLICE,SLICE
65,219,66,212,1,7,8,793,6,SLICE,SLICE
65,219,68,211,3,8,11,651,6,SLICE,SLICE
65,219,66,212,1,7,8,684,6,SLICE,SLICE
65,219,67,212,2,7,9,517,6,SLICE,SLICE
58,223,3,60,55,163,218,2641,1,SLICE,RAMB18
58,220,63,213,5,7,12,754,6,SLICE,SLICE
58,220,64,211,6,9,15,843,6,SLICE,SLICE
58,220,62,213,4,7,11,919,6,SLICE,SLICE
58,220,64,212,6,8,14,1059,6,SLICE,SLICE
56,221,64,211,8,10,18,1021,6,SLICE,SLICE
56,221,67,208,11,13,24,1077,6,SLICE,SLICE
56,221,67,208,11,13,24,1080,6,SLICE,SLICE
56,221,69,207,13,14,27,1185,6,SLICE,SLICE
54,223,62,222,8,1,9,523,6,SLICE,SLICE
54,223,63,222,9,1,10,509,6,SLICE,SLICE
54,223,62,222,8,1,9,825,6,SLICE,SLICE
54,223,63,222,9,1,10,513,6,SLICE,SLICE
55,218,67,210,12,8,20,839,6,SLICE,SLICE
55,218,68,208,13,10,23,1231,6,SLICE,SLICE
55,218,68,209,13,9,22,1128,6,SLICE,SLICE
55,218,68,208,13,10,23,974,6,SLICE,SLICE
56,224,4,68,52,156,208,3020,1,SLICE,RAMB18
56,219,61,211,5,8,13,851,6,SLICE,SLICE
56,219,60,210,4,9,13,954,6,SLICE,SLICE
56,219,60,211,4,8,12,537,6,SLICE,SLICE
56,219,61,211,5,8,13,849,6,SLICE,SLICE
56,223,3,88,53,135,188,1493,1,SLICE,RAMB18
56,213,4,64,52,149,201,3027,1,SLICE,RAMB18
60,220,3,69,57,151,208,2344,1,SLICE,RAMB18
54,211,62,207,8,4,12,731,6,SLICE,SLICE
54,211,62,206,8,5,13,598,6,SLICE,SLICE
54,211,62,207,8,4,12,799,6,SLICE,SLICE
54,211,63,207,9,4,13,632,6,SLICE,SLICE
61,218,3,81,58,137,195,1474,1,SLICE,RAMB18
56,212,3,87,53,125,178,1464,1,SLICE,RAMB18
58,210,66,209,8,1,9,400,6,SLICE,SLICE
58,210,67,207,9,3,12,566,6,SLICE,SLICE
58,210,68,207,10,3,13,1034,6,SLICE,SLICE
58,210,67,209,9,1,10,561,6,SLICE,SLICE
70,219,4,111,66,108,174,2817,1,SLICE,RAMB18
60,232,72,259,12,27,39,1488,6,SLICE,SLICE
60,232,72,258,12,26,38,1438,6,SLICE,SLICE
60,232,73,259,13,27,40,1799,6,SLICE,SLICE
60,232,73,259,13,27,40,1797,6,SLICE,SLICE
62,235,4,94,58,141,199,1574,1,SLICE,RAMB18
64,235,72,259,8,24,32,1077,6,SLICE,SLICE
64,235,72,260,8,25,33,1448,6,SLICE,SLICE
64,235,72,259,8,24,32,1470,6,SLICE,SLICE
64,235,72,258,8,23,31,1157,6,SLICE,SLICE
62,227,78,248,16,21,37,1427,6,SLICE,SLICE
62,227,76,247,14,20,34,1346,6,SLICE,SLICE
62,227,74,248,12,21,33,1633,6,SLICE,SLICE
62,227,76,247,14,20,34,1461,6,SLICE,SLICE
62,229,4,104,58,125,183,2155,1,SLICE,RAMB18
66,215,4,127,62,88,150,4216,1,SLICE,RAMB18
71,209,75,250,4,41,45,1844,6,SLICE,SLICE
71,209,75,250,4,41,45,1683,6,SLICE,SLICE
71,209,75,250,4,41,45,1987,6,SLICE,SLICE
71,209,75,250,4,41,45,1985,6,SLICE,SLICE
68,217,4,101,64,116,180,2403,1,SLICE,RAMB18
69,224,4,97,65,127,192,2062,1,SLICE,RAMB18
68,210,80,245,12,35,47,1932,6,SLICE,SLICE
68,210,78,248,10,38,48,1920,6,SLICE,SLICE
68,210,79,248,11,38,49,1643,6,SLICE,SLICE
68,210,76,248,8,38,46,1782,6,SLICE,SLICE
60,232,4,106,56,126,182,2434,1,SLICE,RAMB18
68,215,76,247,8,32,40,1543,6,SLICE,SLICE
68,215,76,246,8,31,39,1507,6,SLICE,SLICE
68,215,76,247,8,32,40,1687,6,SLICE,SLICE
68,215,78,248,10,33,43,1545,6,SLICE,SLICE
68,215,75,246,7,31,38,1559,6,SLICE,SLICE
68,215,76,244,8,29,37,1776,6,SLICE,SLICE
68,215,76,245,8,30,38,1787,6,SLICE,SLICE
68,215,77,246,9,31,40,1667,6,SLICE,SLICE
68,216,4,104,64,112,176,2551,1,SLICE,RAMB18
66,218,4,120,62,98,160,3532,1,SLICE,RAMB18
67,216,78,245,11,29,40,1537,6,SLICE,SLICE
67,216,79,245,12,29,41,1524,6,SLICE,SLICE
67,216,81,244,14,28,42,1472,6,SLICE,SLICE
67,216,75,244,8,28,36,1511,6,SLICE,SLICE
68,220,4,101,64,119,183,2268,1,SLICE,RAMB18
69,226,4,94,65,132,197,1825,1,SLICE,RAMB18
70,217,73,253,3,36,39,1286,6,SLICE,SLICE
70,217,73,253,3,36,39,1755,6,SLICE,SLICE
70,217,72,253,2,36,38,1355,6,SLICE,SLICE
70,217,72,253,2,36,38,1617,6,SLICE,SLICE
70,222,4,108,66,114,180,2599,1,SLICE,RAMB18
70,220,4,101,66,119,185,2211,1,SLICE,RAMB18
70,223,4,127,66,96,162,3816,1,SLICE,RAMB18
66,224,4,111,62,113,175,2795,1,SLICE,RAMB18
64,229,4,120,60,109,169,3413,1,SLICE,RAMB18
66,219,73,261,7,42,49,2108,6,SLICE,SLICE
66,219,73,260,7,41,48,1843,6,SLICE,SLICE
66,219,72,261,6,42,48,2318,6,SLICE,SLICE
66,219,73,261,7,42,49,2115,6,SLICE,SLICE
69,225,4,101,65,124,189,2130,1,SLICE,RAMB18
69,219,78,244,9,25,34,1168,6,SLICE,SLICE
69,219,78,244,9,25,34,1179,6,SLICE,SLICE
69,219,75,244,6,25,31,1359,6,SLICE,SLICE
69,219,78,244,9,25,34,922,6,SLICE,SLICE
70,219,73,247,3,28,31,1247,6,SLICE,SLICE
70,219,75,248,5,29,34,1528,6,SLICE,SLICE
70,219,73,248,3,29,32,1284,6,SLICE,SLICE
70,219,72,247,2,28,30,1397,6,SLICE,SLICE
71,222,75,246,4,24,28,1045,6,SLICE,SLICE
71,222,74,246,3,24,27,1048,6,SLICE,SLICE
71,222,74,246,3,24,27,1055,6,SLICE,SLICE
71,222,74,246,3,24,27,1049,6,SLICE,SLICE
70,254,4,97,66,157,223,1765,1,SLICE,RAMB18
72,252,4,128,68,124,192,3102,1,SLICE,RAMB18
72,245,4,123,68,122,190,2906,1,SLICE,RAMB18
68,256,4,127,64,129,193,2845,1,SLICE,RAMB18
70,251,4,104,66,147,213,1817,1,SLICE,RAMB18
64,227,79,245,15,18,33,1260,6,SLICE,SLICE
64,227,81,244,17,17,34,1404,6,SLICE,SLICE
64,227,81,244,17,17,34,1579,6,SLICE,SLICE
64,227,81,244,17,17,34,1721,6,SLICE,SLICE
64,241,4,103,60,138,198,1993,1,SLICE,RAMB18
70,226,72,251,2,25,27,1330,6,SLICE,SLICE
70,226,73,251,3,25,28,1339,6,SLICE,SLICE
70,226,72,251,2,25,27,1344,6,SLICE,SLICE
70,226,73,251,3,25,28,1077,6,SLICE,SLICE
64,222,72,231,8,9,17,771,6,SLICE,SLICE
64,222,72,231,8,9,17,1024,6,SLICE,SLICE
64,222,72,230,8,8,16,901,6,SLICE,SLICE
64,222,72,230,8,8,16,905,6,SLICE,SLICE
64,242,74,250,10,8,18,1013,6,SLICE,SLICE
64,242,75,249,11,7,18,1095,6,SLICE,SLICE
64,242,75,249,11,7,18,951,6,SLICE,SLICE
64,242,73,249,9,7,16,615,6,SLICE,SLICE
72,235,72,248,0,13,13,914,6,SLICE,SLICE
72,235,72,248,0,13,13,912,6,SLICE,SLICE
72,235,72,248,0,13,13,653,6,SLICE,SLICE
72,235,73,248,1,13,14,796,6,SLICE,SLICE
72,232,73,244,1,12,13,1164,6,SLICE,SLICE
72,232,73,244,1,12,13,1166,6,SLICE,SLICE
72,232,72,244,0,12,12,1023,6,SLICE,SLICE
72,232,72,244,0,12,12,1028,6,SLICE,SLICE
70,251,4,104,66,147,213,1552,1,SLICE,RAMB18
65,229,72,260,7,31,38,1280,6,SLICE,SLICE
65,229,72,260,7,31,38,1283,6,SLICE,SLICE
65,229,72,259,7,30,37,1487,6,SLICE,SLICE
65,229,72,259,7,30,37,1483,6,SLICE,SLICE
68,254,4,106,64,148,212,1870,1,SLICE,RAMB18
60,225,73,231,13,6,19,864,6,SLICE,SLICE
60,225,72,232,12,7,19,680,6,SLICE,SLICE
60,225,73,232,13,7,20,992,6,SLICE,SLICE
60,225,73,232,13,7,20,994,6,SLICE,SLICE
69,230,75,244,6,14,20,799,6,SLICE,SLICE
69,230,81,244,12,14,26,1589,6,SLICE,SLICE
69,230,81,244,12,14,26,1326,6,SLICE,SLICE
69,230,81,244,12,14,26,1324,6,SLICE,SLICE
68,254,4,119,64,135,199,2530,1,SLICE,RAMB18
64,225,73,257,9,32,41,1290,6,SLICE,SLICE
64,225,73,257,9,32,41,1289,6,SLICE,SLICE
64,225,73,258,9,33,42,1391,6,SLICE,SLICE
64,225,72,257,8,32,40,1290,6,SLICE,SLICE
61,243,72,264,11,21,32,1735,6,SLICE,SLICE
61,243,72,264,11,21,32,1620,6,SLICE,SLICE
61,243,72,262,11,19,30,1393,6,SLICE,SLICE
61,243,72,263,11,20,31,1503,6,SLICE,SLICE
70,258,4,130,66,128,194,3090,1,SLICE,RAMB18
69,256,4,108,65,148,213,1727,1,SLICE,RAMB18
70,260,73,254,3,6,9,863,6,SLICE,SLICE
70,260,74,255,4,5,9,414,6,SLICE,SLICE
70,260,72,256,2,4,6,712,6,SLICE,SLICE
70,260,72,254,2,6,8,554,6,SLICE,SLICE
70,225,73,247,3,22,25,1249,6,SLICE,SLICE
70,225,73,247,3,22,25,1447,6,SLICE,SLICE
70,225,75,248,5,23,28,1532,6,SLICE,SLICE
70,225,75,247,5,22,27,1427,6,SLICE,SLICE
70,253,4,108,66,145,211,1896,1,SLICE,RAMB18
70,250,4,103,66,147,213,1655,1,SLICE,RAMB18
68,246,4,132,64,114,178,3709,1,SLICE,RAMB18
71,248,4,114,67,134,201,2375,1,SLICE,RAMB18
65,232,72,258,7,26,33,1261,6,SLICE,SLICE
65,232,72,260,7,28,35,1174,6,SLICE,SLICE
65,232,72,259,7,27,34,1411,6,SLICE,SLICE
65,232,72,259,7,27,34,1153,6,SLICE,SLICE
66,236,4,101,62,135,197,1927,1,SLICE,RAMB18
70,242,4,127,66,115,181,2841,1,SLICE,RAMB18
64,227,76,244,12,17,29,1366,6,SLICE,SLICE
64,227,75,245,11,18,29,1581,6,SLICE,SLICE
64,227,77,246,13,19,32,1330,6,SLICE,SLICE
64,227,76,247,12,20,32,1453,6,SLICE,SLICE
70,252,4,120,66,132,198,2811,1,SLICE,RAMB18
69,250,4,103,65,147,212,1792,1,SLICE,RAMB18
66,235,4,111,62,124,186,2453,1,SLICE,RAMB18
60,238,4,113,56,125,181,2612,1,SLICE,RAMB18
70,235,4,123,66,112,178,2659,1,SLICE,RAMB18
62,231,74,247,12,16,28,1062,6,SLICE,SLICE
62,231,74,246,12,15,27,1300,6,SLICE,SLICE
62,231,74,246,12,15,27,1031,6,SLICE,SLICE
62,231,75,246,13,15,28,1428,6,SLICE,SLICE
68,238,4,103,64,135,199,2008,1,SLICE,RAMB18
68,242,4,99,64,143,207,1645,1,SLICE,RAMB18
68,233,76,245,8,12,20,686,6,SLICE,SLICE
68,233,79,244,11,11,22,906,6,SLICE,SLICE
68,233,76,244,8,11,19,792,6,SLICE,SLICE
68,233,79,244,11,11,22,909,6,SLICE,SLICE
64,238,4,125,60,113,173,3435,1,SLICE,RAMB18
70,231,4,101,66,130,196,1825,1,SLICE,RAMB18
69,232,4,111,65,121,186,2612,1,SLICE,RAMB18
70,224,75,246,5,22,27,957,6,SLICE,SLICE
70,224,75,246,5,22,27,1220,6,SLICE,SLICE
70,224,75,247,5,23,28,1321,6,SLICE,SLICE
70,224,75,247,5,23,28,1323,6,SLICE,SLICE
66,240,4,99,62,141,203,1807,1,SLICE,RAMB18
69,233,4,120,65,113,178,2994,1,SLICE,RAMB18
63,232,78,247,15,15,30,1407,6,SLICE,SLICE
63,232,78,247,15,15,30,1394,6,SLICE,SLICE
63,232,78,247,15,15,30,1212,6,SLICE,SLICE
63,232,75,245,12,13,25,1016,6,SLICE,SLICE
65,242,4,99,61,143,204,1615,1,SLICE,RAMB18
71,248,4,128,67,120,187,3184,1,SLICE,RAMB18
70,245,4,104,66,141,207,1951,1,SLICE,RAMB18
70,244,4,130,66,114,180,3512,1,SLICE,RAMB18
68,245,4,114,64,131,195,2532,1,SLICE,RAMB18
68,245,73,253,5,8,13,836,6,SLICE,SLICE
68,245,72,253,4,8,12,979,6,SLICE,SLICE
68,245,72,253,4,8,12,668,6,SLICE,SLICE
68,245,73,253,5,8,13,661,6,SLICE,SLICE
63,233,4,97,59,136,195,1861,1,SLICE,RAMB18
68,237,78,247,10,10,20,1131,6,SLICE,SLICE
68,237,78,247,10,10,20,1134,6,SLICE,SLICE
68,237,78,247,10,10,20,1034,6,SLICE,SLICE
68,237,75,245,7,8,15,879,6,SLICE,SLICE
70,245,4,132,66,113,179,3949,1,SLICE,RAMB18
70,243,4,125,66,118,184,3395,1,SLICE,RAMB18
70,223,4,127,66,96,162,3719,1,SLICE,RAMB18
70,240,4,123,66,117,183,3152,1,SLICE,RAMB18
71,239,4,130,67,109,176,3545,1,SLICE,RAMB18
68,240,4,119,64,121,185,2994,1,SLICE,RAMB18
68,234,4,119,64,115,179,3130,1,SLICE,RAMB18
71,228,72,246,1,18,19,1272,6,SLICE,SLICE
71,228,74,245,3,17,20,1293,6,SLICE,SLICE
71,228,75,245,4,17,21,1527,6,SLICE,SLICE
71,228,74,245,3,17,20,1288,6,SLICE,SLICE
70,238,72,249,2,11,13,1154,6,SLICE,SLICE
70,238,74,248,4,10,14,1220,6,SLICE,SLICE
70,238,72,249,2,11,13,1157,6,SLICE,SLICE
70,238,72,249,2,11,13,1102,6,SLICE,SLICE
67,239,4,120,63,119,182,3061,1,SLICE,RAMB18
67,231,4,125,63,106,169,3090,1,SLICE,RAMB18
69,238,4,114,65,124,189,2651,1,SLICE,RAMB18
68,231,4,94,64,137,201,1793,1,SLICE,RAMB18
70,234,4,125,66,109,175,3269,1,SLICE,RAMB18
68,216,4,99,64,117,181,2204,1,SLICE,RAMB18
68,230,4,114,64,116,180,2686,1,SLICE,RAMB18
64,224,4,125,60,99,159,3367,1,SLICE,RAMB18
68,227,73,253,5,26,31,1428,6,SLICE,SLICE
68,227,73,253,5,26,31,1693,6,SLICE,SLICE
68,227,73,253,5,26,31,1430,6,SLICE,SLICE
68,227,73,252,5,25,30,1445,6,SLICE,SLICE
69,228,4,97,65,131,196,1865,1,SLICE,RAMB18
64,234,4,103,60,131,191,2193,1,SLICE,RAMB18
66,225,4,123,62,102,164,3445,1,SLICE,RAMB18
80,246,4,134,76,112,188,3565,1,SLICE,RAMB18
81,253,5,138,76,115,191,3788,1,SLICE,RAMB18
80,245,4,109,76,136,212,2036,1,SLICE,RAMB18
80,248,5,134,75,114,189,3586,1,SLICE,RAMB18
74,259,86,268,12,9,21,1120,6,SLICE,SLICE
74,259,86,268,12,9,21,1028,6,SLICE,SLICE
74,259,86,268,12,9,21,1023,6,SLICE,SLICE
74,259,87,269,13,10,23,1265,6,SLICE,SLICE
74,258,87,266,13,8,21,1055,6,SLICE,SLICE
74,258,86,266,12,8,20,1081,6,SLICE,SLICE
74,258,87,265,13,7,20,1084,6,SLICE,SLICE
74,258,86,266,12,8,20,888,6,SLICE,SLICE
78,257,5,138,73,119,192,3743,1,SLICE,RAMB18
78,257,4,115,74,142,216,2069,1,SLICE,RAMB18
80,252,5,134,75,118,193,3472,1,SLICE,RAMB18
79,258,5,133,74,125,199,3195,1,SLICE,RAMB18
78,253,5,121,73,132,205,2531,1,SLICE,RAMB18
79,251,4,109,75,142,217,1967,1,SLICE,RAMB18
78,250,5,111,73,139,212,2198,1,SLICE,RAMB18
75,260,89,278,14,18,32,1493,6,SLICE,SLICE
75,260,87,278,12,18,30,1500,6,SLICE,SLICE
75,260,88,278,13,18,31,1532,6,SLICE,SLICE
75,260,87,278,12,18,30,1284,6,SLICE,SLICE
72,261,82,281,10,20,30,1363,6,SLICE,SLICE
72,261,85,280,13,19,32,1343,6,SLICE,SLICE
72,261,85,280,13,19,32,1379,6,SLICE,SLICE
72,261,86,280,14,19,33,1374,6,SLICE,SLICE
78,253,5,128,73,125,198,3119,1,SLICE,RAMB18
75,259,87,266,12,7,19,961,6,SLICE,SLICE
75,259,86,266,11,7,18,862,6,SLICE,SLICE
75,259,87,266,12,7,19,959,6,SLICE,SLICE
75,259,86,267,11,8,19,859,6,SLICE,SLICE
74,276,5,111,69,165,234,1743,1,SLICE,RAMB18
80,251,4,133,76,118,194,3111,1,SLICE,RAMB18
72,280,89,280,17,0,17,867,6,SLICE,SLICE
72,280,89,280,17,0,17,865,6,SLICE,SLICE
72,280,88,280,16,0,16,773,6,SLICE,SLICE
72,280,88,280,16,0,16,729,6,SLICE,SLICE
82,257,88,267,6,10,16,943,6,SLICE,SLICE
82,257,88,267,6,10,16,1010,6,SLICE,SLICE
82,257,86,265,4,8,12,1035,6,SLICE,SLICE
82,257,86,265,4,8,12,872,6,SLICE,SLICE
76,251,4,112,72,139,211,2057,1,SLICE,RAMB18
74,277,85,276,11,1,12,604,6,SLICE,SLICE
74,277,84,276,10,1,11,531,6,SLICE,SLICE
74,277,87,277,13,0,13,817,6,SLICE,SLICE
74,277,85,276,11,1,12,698,6,SLICE,SLICE
72,277,86,275,14,2,16,737,6,SLICE,SLICE
72,277,86,275,14,2,16,888,6,SLICE,SLICE
72,277,86,275,14,2,16,704,6,SLICE,SLICE
72,277,86,274,14,3,17,753,6,SLICE,SLICE
74,275,4,109,70,166,236,1584,1,SLICE,RAMB18
76,251,4,133,72,118,190,3437,1,SLICE,RAMB18
72,275,89,272,17,3,20,756,6,SLICE,SLICE
72,275,90,280,18,5,23,1306,6,SLICE,SLICE
72,275,91,279,19,4,23,1295,6,SLICE,SLICE
72,275,88,272,16,3,19,1007,6,SLICE,SLICE
75,254,4,116,71,138,209,2058,1,SLICE,RAMB18
75,262,4,134,71,128,199,3224,1,SLICE,RAMB18
76,272,4,118,72,154,226,2016,1,SLICE,RAMB18
76,277,4,109,72,168,240,1599,1,SLICE,RAMB18
82,258,4,112,78,146,224,1870,1,SLICE,RAMB18
76,271,4,133,72,138,210,2201,1,SLICE,RAMB18
78,280,87,267,9,13,22,899,6,SLICE,SLICE
78,280,86,267,8,13,21,949,6,SLICE,SLICE
78,280,86,267,8,13,21,797,6,SLICE,SLICE
78,280,87,267,9,13,22,1164,6,SLICE,SLICE
74,273,84,276,10,3,13,987,6,SLICE,SLICE
74,273,84,275,10,2,12,1039,6,SLICE,SLICE
74,273,85,275,11,2,13,893,6,SLICE,SLICE
74,273,85,276,11,3,14,999,6,SLICE,SLICE
74,273,90,280,16,7,23,1003,6,SLICE,SLICE
74,273,91,279,17,6,23,697,6,SLICE,SLICE
74,273,89,272,15,1,16,1003,6,SLICE,SLICE
74,273,88,272,14,1,15,865,6,SLICE,SLICE
75,278,84,279,9,1,10,1244,6,SLICE,SLICE
75,278,84,279,9,1,10,560,6,SLICE,SLICE
75,278,86,280,11,2,13,897,6,SLICE,SLICE
75,278,87,280,12,2,14,883,6,SLICE,SLICE
75,276,85,280,10,4,14,746,6,SLICE,SLICE
75,276,86,280,11,4,15,1172,6,SLICE,SLICE
75,276,84,281,9,5,14,870,6,SLICE,SLICE
75,276,85,280,10,4,14,744,6,SLICE,SLICE
76,274,5,139,71,135,206,3425,1,SLICE,RAMB18
74,272,4,129,70,143,213,2541,1,SLICE,RAMB18
75,251,4,134,71,117,188,3840,1,SLICE,RAMB18
80,281,82,265,2,16,18,828,6,SLICE,SLICE
80,281,82,264,2,17,19,1246,6,SLICE,SLICE
80,281,83,262,3,19,22,1140,6,SLICE,SLICE
80,281,83,266,3,15,18,775,6,SLICE,SLICE
78,282,87,280,9,2,11,865,6,SLICE,SLICE
78,282,84,279,6,3,9,734,6,SLICE,SLICE
78,282,87,280,9,2,11,815,6,SLICE,SLICE
78,282,85,279,7,3,10,847,6,SLICE,SLICE
78,276,4,133,74,143,217,2613,1,SLICE,RAMB18
74,263,85,279,11,16,27,1183,6,SLICE,SLICE
74,263,85,279,11,16,27,1194,6,SLICE,SLICE
74,263,87,280,13,17,30,1172,6,SLICE,SLICE
74,263,89,279,15,16,31,980,6,SLICE,SLICE
72,271,89,271,17,0,17,949,6,SLICE,SLICE
72,271,88,271,16,0,16,635,6,SLICE,SLICE
72,271,89,271,17,0,17,630,6,SLICE,SLICE
72,271,89,271,17,0,17,947,6,SLICE,SLICE
78,270,4,115,74,155,229,1658,1,SLICE,RAMB18
78,275,85,275,7,0,7,385,6,SLICE,SLICE
78,275,85,276,7,1,8,809,6,SLICE,SLICE
78,275,84,275,6,0,6,700,6,SLICE,SLICE
78,275,84,275,6,0,6,702,6,SLICE,SLICE
79,280,78,265,1,15,16,797,6,SLICE,SLICE
79,280,79,265,0,15,15,1370,6,SLICE,SLICE
79,280,79,264,0,16,16,789,6,SLICE,SLICE
79,280,79,265,0,15,15,1044,6,SLICE,SLICE
72,272,85,279,13,7,20,939,6,SLICE,SLICE
72,272,85,279,13,7,20,1051,6,SLICE,SLICE
72,272,87,280,15,8,23,1069,6,SLICE,SLICE
72,272,84,279,12,7,19,1051,6,SLICE,SLICE
75,271,89,277,14,6,20,743,6,SLICE,SLICE
75,271,88,277,13,6,19,1194,6,SLICE,SLICE
75,271,88,277,13,6,19,1195,6,SLICE,SLICE
75,271,88,277,13,6,19,751,6,SLICE,SLICE
75,270,87,274,12,4,16,803,6,SLICE,SLICE
75,270,87,274,12,4,16,803,6,SLICE,SLICE
75,270,86,273,11,3,14,916,6,SLICE,SLICE
75,270,87,274,12,4,16,628,6,SLICE,SLICE
76,256,4,115,72,141,213,2182,1,SLICE,RAMB18
78,261,5,138,73,123,196,3576,1,SLICE,RAMB18
74,268,5,133,69,135,204,3169,1,SLICE,RAMB18
80,261,5,139,75,122,197,3404,1,SLICE,RAMB18
74,264,4,129,70,135,205,2874,1,SLICE,RAMB18
74,266,85,275,11,9,20,1045,6,SLICE,SLICE
74,266,85,276,11,10,21,1489,6,SLICE,SLICE
74,266,84,275,10,9,19,1161,6,SLICE,SLICE
74,266,84,275,10,9,19,910,6,SLICE,SLICE
78,274,86,276,8,2,10,849,6,SLICE,SLICE
78,274,86,277,8,3,11,1077,6,SLICE,SLICE
78,274,86,277,8,3,11,952,6,SLICE,SLICE
78,274,86,276,8,2,10,665,6,SLICE,SLICE
80,273,86,275,6,2,8,977,6,SLICE,SLICE
80,273,86,274,6,1,7,570,6,SLICE,SLICE
80,273,86,275,6,2,8,675,6,SLICE,SLICE
80,273,86,275,6,2,8,737,6,SLICE,SLICE
76,258,5,104,71,154,225,1552,1,SLICE,RAMB18
74,267,86,276,12,9,21,1057,6,SLICE,SLICE
74,267,86,277,12,10,22,730,6,SLICE,SLICE
74,267,86,276,12,9,21,1060,6,SLICE,SLICE
74,267,86,277,12,10,22,727,6,SLICE,SLICE
78,269,5,138,73,131,204,3453,1,SLICE,RAMB18
76,255,5,104,71,151,222,1593,1,SLICE,RAMB18
86,278,4,137,82,141,223,2358,1,SLICE,RAMB18
81,260,5,134,76,126,202,3292,1,SLICE,RAMB18
82,271,5,133,77,138,215,2925,1,SLICE,RAMB18
82,274,89,280,7,6,13,823,6,SLICE,SLICE
82,274,88,279,6,5,11,780,6,SLICE,SLICE
82,274,88,279,6,5,11,952,6,SLICE,SLICE
82,274,89,279,7,5,12,775,6,SLICE,SLICE
78,263,86,274,8,11,19,1238,6,SLICE,SLICE
78,263,86,273,8,10,18,992,6,SLICE,SLICE
78,263,86,273,8,10,18,808,6,SLICE,SLICE
78,263,87,273,9,10,19,976,6,SLICE,SLICE
80,268,86,268,6,0,6,681,6,SLICE,SLICE
80,268,86,268,6,0,6,568,6,SLICE,SLICE
80,268,86,268,6,0,6,750,6,SLICE,SLICE
80,268,87,268,7,0,7,836,6,SLICE,SLICE
80,269,4,124,76,145,221,2368,1,SLICE,RAMB18
80,269,5,104,75,165,240,1766,1,SLICE,RAMB18
75,277,88,276,13,1,14,821,6,SLICE,SLICE
75,277,89,276,14,1,15,957,6,SLICE,SLICE
75,277,89,276,14,1,15,815,6,SLICE,SLICE
75,277,88,276,13,1,14,718,6,SLICE,SLICE
80,255,5,134,75,121,196,2872,1,SLICE,RAMB18
80,257,4,133,76,124,200,3424,1,SLICE,RAMB18
80,266,4,112,76,154,230,1793,1,SLICE,RAMB18
80,262,5,134,75,128,203,3145,1,SLICE,RAMB18
82,263,4,129,78,134,212,2623,1,SLICE,RAMB18
86,268,5,104,81,164,245,1664,1,SLICE,RAMB18
84,266,5,128,79,138,217,3153,1,SLICE,RAMB18
82,275,87,273,5,2,7,482,6,SLICE,SLICE
82,275,86,273,4,2,6,488,6,SLICE,SLICE
82,275,86,274,4,1,5,363,6,SLICE,SLICE
82,275,87,273,5,2,7,479,6,SLICE,SLICE
82,245,4,126,78,119,197,2759,1,SLICE,RAMB18
82,261,4,134,78,127,205,3027,1,SLICE,RAMB18
80,263,4,138,76,125,201,3287,1,SLICE,RAMB18
80,256,5,139,75,117,192,3737,1,SLICE,RAMB18
84,267,4,126,80,141,221,2516,1,SLICE,RAMB18
82,256,5,138,77,118,195,3622,1,SLICE,RAMB18
84,265,5,104,79,161,240,1397,1,SLICE,RAMB18
75,264,88,269,13,5,18,867,6,SLICE,SLICE
75,264,88,270,13,6,19,1449,6,SLICE,SLICE
75,264,88,270,13,6,19,1180,6,SLICE,SLICE
75,264,89,269,14,5,19,1588,6,SLICE,SLICE
80,255,5,128,75,127,202,3314,1,SLICE,RAMB18
80,251,4,116,76,135,211,2458,1,SLICE,RAMB18
80,271,88,276,8,5,13,1072,6,SLICE,SLICE
80,271,89,274,9,3,12,830,6,SLICE,SLICE
80,271,89,274,9,3,12,678,6,SLICE,SLICE
80,271,88,274,8,3,11,948,6,SLICE,SLICE
82,244,4,116,78,128,206,2344,1,SLICE,RAMB18
85,265,4,112,81,153,234,1688,1,SLICE,RAMB18
84,271,89,278,5,7,12,604,6,SLICE,SLICE
84,271,88,278,4,7,11,754,6,SLICE,SLICE
84,271,89,278,5,7,12,747,6,SLICE,SLICE
84,271,87,278,3,7,10,657,6,SLICE,SLICE
81,267,4,116,77,151,228,2006,1,SLICE,RAMB18
81,264,88,270,7,6,13,532,6,SLICE,SLICE
81,264,89,270,8,6,14,841,6,SLICE,SLICE
81,264,88,270,7,6,13,841,6,SLICE,SLICE
81,264,91,279,10,15,25,1225,6,SLICE,SLICE
80,254,5,133,75,121,196,3295,1,SLICE,RAMB18
82,246,5,133,77,113,190,3504,1,SLICE,RAMB18
82,254,5,111,77,143,220,2022,1,SLICE,RAMB18
78,264,89,279,11,15,26,1318,6,SLICE,SLICE
78,264,85,279,7,15,22,1133,6,SLICE,SLICE
78,264,85,279,7,15,22,1182,6,SLICE,SLICE
78,264,87,280,9,16,25,1568,6,SLICE,SLICE
73,265,87,275,14,10,24,1266,6,SLICE,SLICE
73,265,87,274,14,9,23,1250,6,SLICE,SLICE
73,265,87,274,14,9,23,1248,6,SLICE,SLICE
73,265,87,274,14,9,23,1248,6,SLICE,SLICE
80,255,4,109,76,146,222,1630,1,SLICE,RAMB18
80,251,4,124,76,127,203,2871,1,SLICE,RAMB18
83,255,4,124,79,131,210,2440,1,SLICE,RAMB18
78,256,5,128,73,128,201,3370,1,SLICE,RAMB18
80,246,5,139,75,107,182,4232,1,SLICE,RAMB18
88,257,5,101,83,156,239,1530,1,SLICE,RAMB18
90,253,4,83,86,170,256,2124,1,SLICE,RAMB18
90,253,4,84,86,169,255,2079,1,SLICE,RAMB18
91,266,72,230,19,36,55,1487,6,SLICE,SLICE
91,266,75,230,16,36,52,1608,6,SLICE,SLICE
91,266,75,224,16,42,58,2124,6,SLICE,SLICE
91,266,75,230,16,36,52,1611,6,SLICE,SLICE
90,277,76,227,14,50,64,2364,6,SLICE,SLICE
90,277,76,226,14,51,65,2484,6,SLICE,SLICE
90,277,76,226,14,51,65,2450,6,SLICE,SLICE
90,277,78,227,12,50,62,2231,6,SLICE,SLICE
92,273,75,224,17,49,66,1707,6,SLICE,SLICE
92,273,74,230,18,43,61,1886,6,SLICE,SLICE
92,273,72,230,20,43,63,1891,6,SLICE,SLICE
92,273,75,230,17,43,60,1773,6,SLICE,SLICE
93,266,4,91,89,175,264,2011,1,SLICE,RAMB18
92,255,4,74,88,181,269,2570,1,SLICE,RAMB18
90,280,72,228,18,52,70,2152,6,SLICE,SLICE
90,280,76,226,14,54,68,2158,6,SLICE,SLICE
90,280,77,227,13,53,66,1964,6,SLICE,SLICE
90,280,77,227,13,53,66,1967,6,SLICE,SLICE
92,279,75,234,17,45,62,1787,6,SLICE,SLICE
92,279,75,232,17,47,64,1633,6,SLICE,SLICE
92,279,74,234,18,45,63,1798,6,SLICE,SLICE
92,279,75,234,17,45,62,1524,6,SLICE,SLICE
92,259,5,101,87,158,245,1611,1,SLICE,RAMB18
92,263,4,96,88,167,255,1540,1,SLICE,RAMB18
92,248,77,230,15,18,33,1357,6,SLICE,SLICE
92,248,76,231,16,17,33,1515,6,SLICE,SLICE
92,248,76,233,16,15,31,1393,6,SLICE,SLICE
92,248,77,233,15,15,30,1251,6,SLICE,SLICE
92,261,5,98,87,163,250,1403,1,SLICE,RAMB18
88,252,75,234,13,18,31,1206,6,SLICE,SLICE
88,252,75,234,13,18,31,1206,6,SLICE,SLICE
88,252,75,232,13,20,33,1317,6,SLICE,SLICE
88,252,74,234,14,18,32,903,6,SLICE,SLICE
92,277,77,230,15,47,62,1917,6,SLICE,SLICE
92,277,76,228,16,49,65,2500,6,SLICE,SLICE
92,277,75,227,17,50,67,2587,6,SLICE,SLICE
92,277,75,229,17,48,65,2559,6,SLICE,SLICE
92,271,77,230,15,41,56,1638,6,SLICE,SLICE
92,271,76,229,16,42,58,1623,6,SLICE,SLICE
92,271,76,227,16,44,60,1787,6,SLICE,SLICE
92,271,77,230,15,41,56,1637,6,SLICE,SLICE
90,252,78,228,12,24,36,1224,6,SLICE,SLICE
90,252,78,228,12,24,36,1242,6,SLICE,SLICE
90,252,78,228,12,24,36,1219,6,SLICE,SLICE
90,252,78,227,12,25,37,1225,6,SLICE,SLICE
90,249,4,88,86,161,247,1632,1,SLICE,RAMB18
88,255,76,230,12,25,37,1259,6,SLICE,SLICE
88,255,76,230,12,25,37,1203,6,SLICE,SLICE
88,255,76,231,12,24,36,932,6,SLICE,SLICE
88,255,76,228,12,27,39,1549,6,SLICE,SLICE
91,252,78,227,13,25,38,1300,6,SLICE,SLICE
91,252,78,227,13,25,38,1342,6,SLICE,SLICE
91,252,78,228,13,24,37,1476,6,SLICE,SLICE
91,252,78,228,13,24,37,1349,6,SLICE,SLICE
90,249,4,79,86,170,256,2253,1,SLICE,RAMB18
88,257,74,229,14,28,42,1591,6,SLICE,SLICE
88,257,74,226,14,31,45,1752,6,SLICE,SLICE
88,257,74,229,14,28,42,1581,6,SLICE,SLICE
88,257,75,229,13,28,41,1724,6,SLICE,SLICE
91,261,4,67,87,194,281,3497,1,SLICE,RAMB18
90,254,4,74,86,180,266,2709,1,SLICE,RAMB18
91,261,4,84,87,177,264,2350,1,SLICE,RAMB18
91,248,5,101,86,147,233,1509,1,SLICE,RAMB18
76,238,4,84,72,154,226,2144,1,SLICE,RAMB18
91,254,4,92,87,162,249,1586,1,SLICE,RAMB18
80,242,4,80,76,162,238,2274,1,SLICE,RAMB18
87,247,4,83,83,164,247,2098,1,SLICE,RAMB18
89,259,73,223,16,36,52,2058,6,SLICE,SLICE
89,259,73,223,16,36,52,2057,6,SLICE,SLICE
89,259,72,222,17,37,54,1941,6,SLICE,SLICE
89,259,72,223,17,36,53,1800,6,SLICE,SLICE
89,251,73,228,16,23,39,1396,6,SLICE,SLICE
89,251,73,228,16,23,39,1571,6,SLICE,SLICE
89,251,72,227,17,24,41,1590,6,SLICE,SLICE
89,251,73,227,16,24,40,1588,6,SLICE,SLICE
84,247,72,226,12,21,33,1117,6,SLICE,SLICE
84,247,72,226,12,21,33,1431,6,SLICE,SLICE
84,247,73,226,11,21,32,1116,6,SLICE,SLICE
84,247,72,226,12,21,33,1433,6,SLICE,SLICE
88,262,72,226,16,36,52,2137,6,SLICE,SLICE
88,262,72,226,16,36,52,2019,6,SLICE,SLICE
88,262,73,226,15,36,51,1867,6,SLICE,SLICE
88,262,72,226,16,36,52,2134,6,SLICE,SLICE
78,240,4,72,74,168,242,2701,1,SLICE,RAMB18
84,248,93,245,9,3,12,935,6,SLICE,SLICE
84,248,93,245,9,3,12,936,6,SLICE,SLICE
84,248,92,245,8,3,11,822,6,SLICE,SLICE
84,248,92,245,8,3,11,825,6,SLICE,SLICE
86,254,4,80,82,174,256,2545,1,SLICE,RAMB18
88,256,4,86,84,170,254,1970,1,SLICE,RAMB18
86,255,73,227,13,28,41,1032,6,SLICE,SLICE
86,255,73,228,13,27,40,1400,6,SLICE,SLICE
86,255,72,227,14,28,42,1182,6,SLICE,SLICE
86,255,73,228,13,27,40,1542,6,SLICE,SLICE
88,254,4,86,84,168,252,1899,1,SLICE,RAMB18
85,253,78,226,7,27,34,978,6,SLICE,SLICE
85,253,78,227,7,26,33,1345,6,SLICE,SLICE
85,253,78,228,7,25,32,1461,6,SLICE,SLICE
85,253,78,228,7,25,32,1361,6,SLICE,SLICE
76,243,76,226,0,17,17,978,6,SLICE,SLICE
76,243,77,227,1,16,17,1187,6,SLICE,SLICE
76,243,72,228,4,15,19,1166,6,SLICE,SLICE
76,243,77,227,1,16,17,1189,6,SLICE,SLICE
90,263,4,91,86,172,258,1935,1,SLICE,RAMB18
88,263,79,229,9,34,43,1528,6,SLICE,SLICE
88,263,78,229,10,34,44,1436,6,SLICE,SLICE
88,263,78,229,10,34,44,1660,6,SLICE,SLICE
88,263,79,228,9,35,44,1527,6,SLICE,SLICE
91,271,92,255,1,16,17,1470,6,SLICE,SLICE
91,271,92,254,1,17,18,1242,6,SLICE,SLICE
91,271,93,255,2,16,18,1354,6,SLICE,SLICE
91,271,92,254,1,17,18,1357,6,SLICE,SLICE
84,245,4,88,80,157,237,1703,1,SLICE,RAMB18
78,242,4,74,74,168,242,2572,1,SLICE,RAMB18
88,249,4,88,84,161,245,1770,1,SLICE,RAMB18
86,259,4,83,82,176,258,2531,1,SLICE,RAMB18
86,257,4,100,82,157,239,1250,1,SLICE,RAMB18
84,253,5,101,79,152,231,1616,1,SLICE,RAMB18
72,236,73,230,1,6,7,586,6,SLICE,SLICE
72,236,72,230,0,6,6,901,6,SLICE,SLICE
72,236,73,231,1,5,6,785,6,SLICE,SLICE
72,236,72,229,0,7,7,759,6,SLICE,SLICE
80,238,4,95,76,143,219,1407,1,SLICE,RAMB18
74,236,4,95,70,141,211,1549,1,SLICE,RAMB18
80,243,4,91,76,152,228,1421,1,SLICE,RAMB18
86,251,4,88,82,163,245,1818,1,SLICE,RAMB18
74,235,73,226,1,9,10,968,6,SLICE,SLICE
74,235,72,228,2,7,9,839,6,SLICE,SLICE
74,235,72,226,2,9,11,801,6,SLICE,SLICE
74,235,72,226,2,9,11,798,6,SLICE,SLICE
78,231,4,84,74,147,221,1801,1,SLICE,RAMB18
80,227,4,84,76,143,219,1469,1,SLICE,RAMB18
76,235,75,224,1,11,12,1124,6,SLICE,SLICE
76,235,76,232,0,3,3,801,6,SLICE,SLICE
76,235,72,223,4,12,16,1204,6,SLICE,SLICE
76,235,72,224,4,11,15,993,6,SLICE,SLICE
80,237,4,88,76,149,225,1585,1,SLICE,RAMB18
80,232,4,95,76,137,213,1593,1,SLICE,RAMB18
86,263,77,233,9,30,39,2022,6,SLICE,SLICE
86,263,74,236,12,27,39,1435,6,SLICE,SLICE
86,263,77,234,9,29,38,1466,6,SLICE,SLICE
86,263,75,235,11,28,39,1642,6,SLICE,SLICE
74,243,4,88,70,155,225,1827,1,SLICE,RAMB18
74,238,74,230,0,8,8,412,6,SLICE,SLICE
74,238,75,231,1,7,8,752,6,SLICE,SLICE
74,238,74,231,0,7,7,659,6,SLICE,SLICE
74,238,75,231,1,7,8,599,6,SLICE,SLICE
82,234,4,96,78,138,216,1427,1,SLICE,RAMB18
88,264,76,230,12,34,46,2211,6,SLICE,SLICE
88,264,76,228,12,36,48,2255,6,SLICE,SLICE
88,264,76,230,12,34,46,1899,6,SLICE,SLICE
88,264,76,230,12,34,46,2070,6,SLICE,SLICE
83,232,4,77,79,155,234,2068,1,SLICE,RAMB18
82,233,4,74,78,159,237,2434,1,SLICE,RAMB18
80,232,4,84,76,148,224,1467,1,SLICE,RAMB18
82,230,4,77,78,153,231,2162,1,SLICE,RAMB18
84,258,77,234,7,24,31,1080,6,SLICE,SLICE
84,258,76,234,8,24,32,1395,6,SLICE,SLICE
84,258,76,233,8,25,33,1857,6,SLICE,SLICE
84,258,76,234,8,24,32,1294,6,SLICE,SLICE
86,251,4,83,82,168,250,2189,1,SLICE,RAMB18
80,231,4,77,76,154,230,2247,1,SLICE,RAMB18
80,240,4,100,76,140,216,1454,1,SLICE,RAMB18
82,235,4,72,78,163,241,2499,1,SLICE,RAMB18
78,239,4,67,74,172,246,2904,1,SLICE,RAMB18
88,251,4,93,84,158,242,1560,1,SLICE,RAMB18
90,265,88,243,2,22,24,1276,6,SLICE,SLICE
90,265,93,243,3,22,25,1280,6,SLICE,SLICE
90,265,93,243,3,22,25,1279,6,SLICE,SLICE
90,265,92,245,2,20,22,918,6,SLICE,SLICE
86,257,4,72,82,185,267,2959,1,SLICE,RAMB18
82,234,4,72,78,162,240,2410,1,SLICE,RAMB18
79,232,74,234,5,2,7,806,6,SLICE,SLICE
79,232,75,233,4,1,5,694,6,SLICE,SLICE
79,232,74,231,5,1,6,601,6,SLICE,SLICE
79,232,73,232,6,0,6,426,6,SLICE,SLICE
82,236,4,79,78,157,235,2068,1,SLICE,RAMB18
80,234,4,86,76,148,224,1672,1,SLICE,RAMB18
88,248,4,72,84,176,260,2713,1,SLICE,RAMB18
81,235,5,88,76,147,223,1770,1,SLICE,RAMB18
81,234,4,80,77,154,231,2165,1,SLICE,RAMB18
86,256,75,226,11,30,41,1747,6,SLICE,SLICE
86,256,74,226,12,30,42,1606,6,SLICE,SLICE
86,256,75,227,11,29,40,1376,6,SLICE,SLICE
86,256,75,226,11,30,41,1752,6,SLICE,SLICE
84,257,4,96,80,161,241,1717,1,SLICE,RAMB18
73,242,73,227,0,15,15,921,6,SLICE,SLICE
73,242,73,228,0,14,14,1259,6,SLICE,SLICE
73,242,73,228,0,14,14,1371,6,SLICE,SLICE
73,242,73,228,0,14,14,1370,6,SLICE,SLICE
90,277,72,226,18,51,69,2021,6,SLICE,SLICE
90,277,72,226,18,51,69,2278,6,SLICE,SLICE
90,277,72,228,18,49,67,2284,6,SLICE,SLICE
90,277,73,226,17,51,68,2405,6,SLICE,SLICE
75,240,4,92,71,148,219,1722,1,SLICE,RAMB18
72,240,73,225,1,15,16,1038,6,SLICE,SLICE
72,240,74,227,2,13,15,1049,6,SLICE,SLICE
72,240,72,221,0,19,19,1558,6,SLICE,SLICE
72,240,73,222,1,18,19,1326,6,SLICE,SLICE
74,240,76,233,2,7,9,870,6,SLICE,SLICE
74,240,76,234,2,6,8,890,6,SLICE,SLICE
74,240,77,233,3,7,10,718,6,SLICE,SLICE
74,240,76,232,2,8,10,969,6,SLICE,SLICE
84,259,75,231,9,28,37,1133,6,SLICE,SLICE
84,259,75,231,9,28,37,1255,6,SLICE,SLICE
84,259,74,231,10,28,38,1515,6,SLICE,SLICE
84,259,74,230,10,29,39,1529,6,SLICE,SLICE
75,239,75,226,0,13,13,1013,6,SLICE,SLICE
75,239,75,227,0,12,12,1014,6,SLICE,SLICE
75,239,75,226,0,13,13,1015,6,SLICE,SLICE
75,239,75,229,0,10,10,753,6,SLICE,SLICE
79,234,4,72,75,162,237,2238,1,SLICE,RAMB18
84,254,79,228,5,26,31,1416,6,SLICE,SLICE
84,254,78,229,6,25,31,1482,6,SLICE,SLICE
84,254,79,228,5,26,31,1244,6,SLICE,SLICE
84,254,79,229,5,25,30,1613,6,SLICE,SLICE
80,231,4,80,76,151,227,2013,1,SLICE,RAMB18
90,265,4,84,86,181,267,2244,1,SLICE,RAMB18
90,244,4,100,86,144,230,1232,1,SLICE,RAMB18
88,254,85,243,3,11,14,556,6,SLICE,SLICE
88,254,74,225,14,29,43,1476,6,SLICE,SLICE
88,254,73,221,15,33,48,1914,6,SLICE,SLICE
88,254,73,226,15,28,43,1740,6,SLICE,SLICE
90,244,4,70,86,174,260,2568,1,SLICE,RAMB18
72,242,4,77,68,165,233,2606,1,SLICE,RAMB18
90,248,92,245,2,3,5,430,6,SLICE,SLICE
90,248,93,245,3,3,6,657,6,SLICE,SLICE
90,248,92,245,2,3,5,434,6,SLICE,SLICE
90,248,93,245,3,3,6,657,6,SLICE,SLICE
86,230,5,42,81,188,269,4489,1,SLICE,RAMB18
74,222,91,218,17,4,21,748,6,SLICE,SLICE
74,222,91,218,17,4,21,920,6,SLICE,SLICE
74,222,91,218,17,4,21,745,6,SLICE,SLICE
74,222,90,217,16,5,21,1053,6,SLICE,SLICE
76,217,5,56,71,161,232,2686,1,SLICE,RAMB18
74,224,88,218,14,6,20,1127,6,SLICE,SLICE
74,224,89,218,15,6,21,1126,6,SLICE,SLICE
74,224,91,217,17,7,24,1110,6,SLICE,SLICE
74,224,88,218,14,6,20,1278,6,SLICE,SLICE
79,223,92,225,13,2,15,1172,6,SLICE,SLICE
79,223,92,223,13,0,13,938,6,SLICE,SLICE
79,223,92,224,13,1,14,1049,6,SLICE,SLICE
79,223,91,223,12,0,12,662,6,SLICE,SLICE
76,221,5,79,71,142,213,1952,1,SLICE,RAMB18
90,239,5,87,85,152,237,1782,1,SLICE,RAMB18
92,237,93,227,1,10,11,695,6,SLICE,SLICE
92,237,93,227,1,10,11,593,6,SLICE,SLICE
92,237,92,227,0,10,10,1010,6,SLICE,SLICE
92,237,92,227,0,10,10,1012,6,SLICE,SLICE
90,236,5,84,85,152,237,1915,1,SLICE,RAMB18
90,231,5,89,85,142,227,1461,1,SLICE,RAMB18
90,235,91,228,1,7,8,616,6,SLICE,SLICE
90,235,90,228,0,7,7,478,6,SLICE,SLICE
90,235,92,229,2,6,8,743,6,SLICE,SLICE
90,235,91,230,1,5,6,741,6,SLICE,SLICE
78,221,4,82,74,139,213,1750,1,SLICE,RAMB18
90,237,92,224,2,13,15,815,6,SLICE,SLICE
90,237,91,223,1,14,15,925,6,SLICE,SLICE
90,237,92,223,2,14,16,704,6,SLICE,SLICE
90,237,92,223,2,14,16,880,6,SLICE,SLICE
92,237,92,211,0,26,26,1071,6,SLICE,SLICE
92,237,93,212,1,25,26,891,6,SLICE,SLICE
92,237,92,211,0,26,26,1084,6,SLICE,SLICE
92,237,93,211,1,26,27,1111,6,SLICE,SLICE
91,232,5,79,86,153,239,2188,1,SLICE,RAMB18
90,223,4,62,86,161,247,2707,1,SLICE,RAMB18
90,226,90,212,0,14,14,937,6,SLICE,SLICE
90,226,91,213,1,13,14,797,6,SLICE,SLICE
90,226,91,213,1,13,14,909,6,SLICE,SLICE
90,226,91,212,1,14,15,774,6,SLICE,SLICE
92,239,5,84,87,155,242,1788,1,SLICE,RAMB18
86,240,5,56,81,184,265,3200,1,SLICE,RAMB18
88,243,91,219,3,24,27,1286,6,SLICE,SLICE
88,243,92,220,4,23,27,1495,6,SLICE,SLICE
88,243,92,219,4,24,28,1564,6,SLICE,SLICE
88,243,90,220,2,23,25,1324,6,SLICE,SLICE
86,243,5,46,81,197,278,4633,1,SLICE,RAMB18
87,240,5,84,82,156,238,1950,1,SLICE,RAMB18
88,239,5,87,83,152,235,1784,1,SLICE,RAMB18
91,235,5,42,86,193,279,3742,1,SLICE,RAMB18
84,225,4,62,80,163,243,2721,1,SLICE,RAMB18
90,242,87,218,3,24,27,908,6,SLICE,SLICE
90,242,87,219,3,23,26,1545,6,SLICE,SLICE
90,242,87,218,3,24,27,1081,6,SLICE,SLICE
90,242,88,219,2,23,25,1163,6,SLICE,SLICE
88,240,5,84,83,156,239,1955,1,SLICE,RAMB18
88,242,91,226,3,16,19,1183,6,SLICE,SLICE
88,242,91,226,3,16,19,1141,6,SLICE,SLICE
88,242,92,226,4,16,20,1359,6,SLICE,SLICE
88,242,92,225,4,17,21,1043,6,SLICE,SLICE
88,237,90,222,2,15,17,902,6,SLICE,SLICE
88,237,90,221,2,16,18,1243,6,SLICE,SLICE
88,237,90,222,2,15,17,1240,6,SLICE,SLICE
88,237,90,223,2,14,16,899,6,SLICE,SLICE
86,243,91,223,5,20,25,1053,6,SLICE,SLICE
86,243,91,222,5,21,26,1343,6,SLICE,SLICE
86,243,91,223,5,20,25,1050,6,SLICE,SLICE
86,243,91,222,5,21,26,1336,6,SLICE,SLICE
84,225,5,89,79,136,215,1632,1,SLICE,RAMB18
81,224,4,78,77,146,223,1852,1,SLICE,RAMB18
80,226,4,61,76,165,241,2816,1,SLICE,RAMB18
82,223,5,87,77,136,213,1505,1,SLICE,RAMB18
82,227,5,79,77,148,225,2180,1,SLICE,RAMB18
84,225,91,213,7,12,19,1021,6,SLICE,SLICE
84,225,91,212,7,13,20,718,6,SLICE,SLICE
84,225,90,212,6,13,19,917,6,SLICE,SLICE
84,225,91,213,7,12,19,758,6,SLICE,SLICE
81,229,5,45,76,184,260,4857,1,SLICE,RAMB18
80,222,92,213,12,9,21,1000,6,SLICE,SLICE
80,222,92,213,12,9,21,1003,6,SLICE,SLICE
80,222,92,213,12,9,21,741,6,SLICE,SLICE
80,222,93,213,13,9,22,878,6,SLICE,SLICE
87,239,93,214,6,25,31,1317,6,SLICE,SLICE
87,239,91,214,4,25,29,1027,6,SLICE,SLICE
87,239,93,214,6,25,31,1317,6,SLICE,SLICE
87,239,91,214,4,25,29,1024,6,SLICE,SLICE
75,225,87,221,12,4,16,548,6,SLICE,SLICE
75,225,89,221,14,4,18,883,6,SLICE,SLICE
75,225,89,221,14,4,18,876,6,SLICE,SLICE
75,225,86,221,11,4,15,739,6,SLICE,SLICE
80,224,88,225,8,1,9,716,6,SLICE,SLICE
80,224,86,225,6,1,7,539,6,SLICE,SLICE
80,224,86,225,6,1,7,541,6,SLICE,SLICE
80,224,86,225,6,1,7,545,6,SLICE,SLICE
72,216,91,219,19,3,22,977,6,SLICE,SLICE
72,216,91,220,19,4,23,859,6,SLICE,SLICE
72,216,90,219,18,3,21,999,6,SLICE,SLICE
72,216,90,219,18,3,21,997,6,SLICE,SLICE
76,213,5,79,71,134,205,1898,1,SLICE,RAMB18
72,211,88,217,16,6,22,1029,6,SLICE,SLICE
72,211,89,218,17,7,24,1047,6,SLICE,SLICE
72,211,88,217,16,6,22,1026,6,SLICE,SLICE
72,211,88,218,16,7,23,879,6,SLICE,SLICE
72,213,4,82,68,131,199,1620,1,SLICE,RAMB18
76,212,90,213,14,1,15,865,6,SLICE,SLICE
76,212,90,212,14,0,14,748,6,SLICE,SLICE
76,212,90,213,14,1,15,720,6,SLICE,SLICE
76,212,91,213,15,1,16,962,6,SLICE,SLICE
74,214,91,212,17,2,19,969,6,SLICE,SLICE
74,214,91,212,17,2,19,962,6,SLICE,SLICE
74,214,90,212,16,2,18,1093,6,SLICE,SLICE
74,214,91,213,17,1,18,798,6,SLICE,SLICE
74,212,5,48,69,164,233,3961,1,SLICE,RAMB18
84,235,93,213,9,22,31,1335,6,SLICE,SLICE
84,235,91,213,7,22,29,1112,6,SLICE,SLICE
84,235,91,214,7,21,28,1460,6,SLICE,SLICE
84,235,90,215,6,20,26,1417,6,SLICE,SLICE
72,217,91,216,19,1,20,968,6,SLICE,SLICE
72,217,91,215,19,2,21,769,6,SLICE,SLICE
72,217,90,215,18,2,20,776,6,SLICE,SLICE
72,217,91,216,19,1,20,970,6,SLICE,SLICE
72,210,5,55,67,155,222,3274,1,SLICE,RAMB18
74,209,5,46,69,163,232,3696,1,SLICE,RAMB18
72,215,91,210,19,5,24,847,6,SLICE,SLICE
72,215,90,210,18,5,23,1079,6,SLICE,SLICE
72,215,90,211,18,4,22,960,6,SLICE,SLICE
72,215,90,210,18,5,23,1112,6,SLICE,SLICE
86,232,90,222,4,10,14,1185,6,SLICE,SLICE
86,232,90,223,4,9,13,812,6,SLICE,SLICE
86,232,90,221,4,11,15,993,6,SLICE,SLICE
86,232,90,222,4,10,14,1175,6,SLICE,SLICE
82,218,5,46,77,172,249,3760,1,SLICE,RAMB18
82,220,5,45,77,175,252,4125,1,SLICE,RAMB18
75,213,4,85,71,128,199,1607,1,SLICE,RAMB18
80,215,5,40,75,175,250,3948,1,SLICE,RAMB18
82,219,88,218,6,1,7,705,6,SLICE,SLICE
82,219,89,218,7,1,8,700,6,SLICE,SLICE
82,219,88,218,6,1,7,693,6,SLICE,SLICE
82,219,91,217,9,2,11,809,6,SLICE,SLICE
80,221,5,84,75,137,212,1707,1,SLICE,RAMB18
75,218,5,87,70,131,201,1709,1,SLICE,RAMB18
88,233,93,212,5,21,26,1455,6,SLICE,SLICE
88,233,93,211,5,22,27,1543,6,SLICE,SLICE
88,233,93,211,5,22,27,1541,6,SLICE,SLICE
88,233,93,211,5,22,27,1541,6,SLICE,SLICE
82,221,4,62,78,159,237,2714,1,SLICE,RAMB18
74,210,5,45,69,165,234,3963,1,SLICE,RAMB18
74,210,5,42,69,168,237,4046,1,SLICE,RAMB18
84,216,5,54,79,162,241,3469,1,SLICE,RAMB18
80,216,4,61,76,155,231,2693,1,SLICE,RAMB18
86,228,91,223,5,5,10,478,6,SLICE,SLICE
86,228,91,222,5,6,11,839,6,SLICE,SLICE
86,228,91,222,5,6,11,841,6,SLICE,SLICE
86,228,91,223,5,5,10,885,6,SLICE,SLICE
81,215,5,45,76,170,246,4110,1,SLICE,RAMB18
86,216,5,38,81,178,259,3814,1,SLICE,RAMB18
82,216,92,216,10,0,10,660,6,SLICE,SLICE
82,216,93,216,11,0,11,913,6,SLICE,SLICE
82,216,92,216,10,0,10,656,6,SLICE,SLICE
82,216,90,216,8,0,8,683,6,SLICE,SLICE
80,224,5,51,75,173,248,3828,1,SLICE,RAMB18
83,226,5,84,78,142,220,1986,1,SLICE,RAMB18
80,214,5,42,75,172,247,4022,1,SLICE,RAMB18
86,234,89,220,3,14,17,795,6,SLICE,SLICE
86,234,88,220,2,14,16,1057,6,SLICE,SLICE
86,234,88,221,2,13,15,1022,6,SLICE,SLICE
86,234,91,217,5,17,22,982,6,SLICE,SLICE
81,216,5,38,76,178,254,4441,1,SLICE,RAMB18
80,217,4,62,76,155,231,2844,1,SLICE,RAMB18
88,231,90,214,2,17,19,778,6,SLICE,SLICE
88,231,90,214,2,17,19,785,6,SLICE,SLICE
88,231,90,213,2,18,20,1191,6,SLICE,SLICE
88,231,90,214,2,17,19,960,6,SLICE,SLICE
91,225,5,38,86,187,273,5065,1,SLICE,RAMB18
86,230,4,78,82,152,234,2003,1,SLICE,RAMB18
88,219,5,79,83,140,223,1857,1,SLICE,RAMB18
80,214,5,55,75,159,234,3602,1,SLICE,RAMB18
86,229,5,40,81,189,270,5013,1,SLICE,RAMB18
88,228,92,221,4,7,11,744,6,SLICE,SLICE
88,228,92,219,4,9,13,836,6,SLICE,SLICE
88,228,90,220,2,8,10,1217,6,SLICE,SLICE
88,228,91,219,3,9,12,1199,6,SLICE,SLICE
88,225,5,89,83,136,219,1268,1,SLICE,RAMB18
84,220,90,213,6,7,13,760,6,SLICE,SLICE
84,220,90,214,6,6,12,717,6,SLICE,SLICE
84,220,90,214,6,6,12,535,6,SLICE,SLICE
84,220,90,214,6,6,12,537,6,SLICE,SLICE
81,218,4,85,77,133,210,1324,1,SLICE,RAMB18
89,225,5,51,84,174,258,3144,1,SLICE,RAMB18
88,232,5,87,83,145,228,1767,1,SLICE,RAMB18
89,226,4,61,85,165,250,3205,1,SLICE,RAMB18
79,218,5,55,74,163,237,3752,1,SLICE,RAMB18
84,234,5,48,79,186,265,3457,1,SLICE,RAMB18
86,224,5,48,81,176,257,3860,1,SLICE,RAMB18
89,234,93,223,4,11,15,802,6,SLICE,SLICE
89,234,92,221,3,13,16,1025,6,SLICE,SLICE
89,234,93,222,4,12,16,638,6,SLICE,SLICE
89,234,92,223,3,11,14,920,6,SLICE,SLICE
88,237,91,225,3,12,15,901,6,SLICE,SLICE
88,237,90,225,2,12,14,997,6,SLICE,SLICE
88,237,90,225,2,12,14,1179,6,SLICE,SLICE
88,237,90,224,2,13,15,934,6,SLICE,SLICE
86,221,4,62,82,159,241,2481,1,SLICE,RAMB18
86,222,5,51,81,171,252,3740,1,SLICE,RAMB18
85,229,5,40,80,189,269,4728,1,SLICE,RAMB18
84,242,5,56,79,186,265,3846,1,SLICE,RAMB18
86,220,5,51,81,169,250,3676,1,SLICE,RAMB18
84,241,5,38,79,203,282,4415,1,SLICE,RAMB18
88,232,5,40,83,192,275,4552,1,SLICE,RAMB18
77,219,5,51,72,168,240,3769,1,SLICE,RAMB18
85,235,92,220,7,15,22,932,6,SLICE,SLICE
85,235,92,221,7,14,21,1174,6,SLICE,SLICE
85,235,91,219,6,16,22,1057,6,SLICE,SLICE
85,235,92,220,7,15,22,894,6,SLICE,SLICE
83,221,5,89,78,132,210,1422,1,SLICE,RAMB18
76,207,5,45,71,162,233,4058,1,SLICE,RAMB18
76,220,4,61,72,159,231,2841,1,SLICE,RAMB18
78,197,5,47,73,150,223,3629,1,SLICE,RAMB18
78,201,6,45,72,156,228,4883,1,SLICE,RAMB18
78,206,5,53,73,153,226,3785,1,SLICE,RAMB18
78,196,6,34,72,162,234,4122,1,SLICE,RAMB18
81,209,78,180,3,29,32,1372,6,SLICE,SLICE
81,209,78,180,3,29,32,1370,6,SLICE,SLICE
81,209,78,181,3,28,31,1339,6,SLICE,SLICE
81,209,78,181,3,28,31,1677,6,SLICE,SLICE
82,212,76,183,6,29,35,1602,6,SLICE,SLICE
82,212,79,184,3,28,31,1219,6,SLICE,SLICE
82,212,77,184,5,28,33,1591,6,SLICE,SLICE
82,212,78,184,4,28,32,1460,6,SLICE,SLICE
76,197,6,45,70,152,222,4081,1,SLICE,RAMB18
76,190,6,56,70,134,204,3100,1,SLICE,RAMB18
76,192,6,34,70,158,228,4256,1,SLICE,RAMB18
78,195,5,34,73,161,234,4208,1,SLICE,RAMB18
78,190,5,43,73,147,220,3268,1,SLICE,RAMB18
79,195,5,53,74,142,216,3087,1,SLICE,RAMB18
80,193,6,30,74,163,237,4432,1,SLICE,RAMB18
88,213,90,206,2,7,9,743,6,SLICE,SLICE
88,213,91,207,3,6,9,1014,6,SLICE,SLICE
88,213,91,208,3,5,8,730,6,SLICE,SLICE
88,213,92,208,4,5,9,852,6,SLICE,SLICE
80,213,76,177,4,36,40,1415,6,SLICE,SLICE
80,213,76,179,4,34,38,1543,6,SLICE,SLICE
80,213,76,178,4,35,39,1264,6,SLICE,SLICE
80,213,76,178,4,35,39,1083,6,SLICE,SLICE
78,185,5,52,73,133,206,2913,1,SLICE,RAMB18
79,198,77,184,2,14,16,1012,6,SLICE,SLICE
79,198,79,184,0,14,14,582,6,SLICE,SLICE
79,198,76,183,3,15,18,715,6,SLICE,SLICE
79,198,79,183,0,15,15,746,6,SLICE,SLICE
74,190,6,30,68,160,228,4534,1,SLICE,RAMB18
80,189,5,57,75,132,207,2881,1,SLICE,RAMB18
87,214,91,206,4,8,12,963,6,SLICE,SLICE
87,214,91,205,4,9,13,1015,6,SLICE,SLICE
87,214,92,204,5,10,15,846,6,SLICE,SLICE
87,214,90,206,3,8,11,864,6,SLICE,SLICE
78,199,89,206,11,7,18,1551,6,SLICE,SLICE
78,199,88,206,10,7,17,1409,6,SLICE,SLICE
78,199,86,206,8,7,15,886,6,SLICE,SLICE
78,199,89,206,11,7,18,1213,6,SLICE,SLICE
75,190,6,40,69,150,219,4203,1,SLICE,RAMB18
86,208,91,209,5,1,6,693,6,SLICE,SLICE
86,208,90,208,4,0,4,282,6,SLICE,SLICE
86,208,90,208,4,0,4,462,6,SLICE,SLICE
86,208,90,208,4,0,4,280,6,SLICE,SLICE
74,194,80,186,6,8,14,985,6,SLICE,SLICE
74,194,80,181,6,13,19,1044,6,SLICE,SLICE
74,194,80,187,6,7,13,867,6,SLICE,SLICE
74,194,81,180,7,14,21,729,6,SLICE,SLICE
89,208,5,53,84,155,239,3146,1,SLICE,RAMB18
76,195,5,57,71,138,209,2852,1,SLICE,RAMB18
86,215,92,209,6,6,12,984,6,SLICE,SLICE
86,215,92,209,6,6,12,986,6,SLICE,SLICE
86,215,92,209,6,6,12,836,6,SLICE,SLICE
86,215,93,209,7,6,13,682,6,SLICE,SLICE
79,198,5,37,74,161,235,4256,1,SLICE,RAMB18
75,196,5,47,70,149,219,3537,1,SLICE,RAMB18
88,207,6,55,82,152,234,3267,1,SLICE,RAMB18
72,200,5,53,67,147,214,3295,1,SLICE,RAMB18
80,192,6,40,74,152,226,3454,1,SLICE,RAMB18
74,195,5,57,69,138,207,2630,1,SLICE,RAMB18
82,211,76,178,6,33,39,1088,6,SLICE,SLICE
82,211,76,175,6,36,42,1568,6,SLICE,SLICE
82,211,76,175,6,36,42,1311,6,SLICE,SLICE
82,211,76,176,6,35,41,1544,6,SLICE,SLICE
72,206,72,181,0,25,25,1064,6,SLICE,SLICE
72,206,72,181,0,25,25,1236,6,SLICE,SLICE
72,206,73,181,1,25,26,1057,6,SLICE,SLICE
72,206,72,181,0,25,25,1375,6,SLICE,SLICE
82,212,93,209,11,3,14,705,6,SLICE,SLICE
82,212,92,209,10,3,13,975,6,SLICE,SLICE
82,212,92,209,10,3,13,857,6,SLICE,SLICE
82,212,92,208,10,4,14,531,6,SLICE,SLICE
78,212,75,177,3,35,38,1623,6,SLICE,SLICE
78,212,75,177,3,35,38,1588,6,SLICE,SLICE
78,212,71,182,7,30,37,1299,6,SLICE,SLICE
78,212,75,178,3,34,37,1842,6,SLICE,SLICE
72,207,76,178,4,29,33,1039,6,SLICE,SLICE
72,207,76,179,4,28,32,1519,6,SLICE,SLICE
72,207,76,178,4,29,33,1214,6,SLICE,SLICE
72,207,76,179,4,28,32,1262,6,SLICE,SLICE
78,184,6,37,72,147,219,4328,1,SLICE,RAMB18
74,200,6,41,68,159,227,3952,1,SLICE,RAMB18
80,184,5,47,75,137,212,3238,1,SLICE,RAMB18
86,209,92,207,6,2,8,808,6,SLICE,SLICE
86,209,93,205,7,4,11,1004,6,SLICE,SLICE
86,209,93,206,7,3,10,649,6,SLICE,SLICE
86,209,92,207,6,2,8,694,6,SLICE,SLICE
83,216,74,180,9,36,45,1874,6,SLICE,SLICE
83,216,74,180,9,36,45,1694,6,SLICE,SLICE
83,216,74,180,9,36,45,1734,6,SLICE,SLICE
83,216,74,179,9,37,46,1857,6,SLICE,SLICE
86,215,5,57,81,158,239,3039,1,SLICE,RAMB18
82,210,74,179,8,31,39,1853,6,SLICE,SLICE
82,210,75,180,7,30,37,1901,6,SLICE,SLICE
82,210,74,180,8,30,38,1654,6,SLICE,SLICE
82,210,75,180,7,30,37,1899,6,SLICE,SLICE
84,214,77,181,7,33,40,1682,6,SLICE,SLICE
84,214,76,180,8,34,42,1525,6,SLICE,SLICE
84,214,77,181,7,33,40,1689,6,SLICE,SLICE
84,214,77,180,7,34,41,1635,6,SLICE,SLICE
78,205,6,56,72,149,221,3016,1,SLICE,RAMB18
80,215,73,181,7,34,41,1734,6,SLICE,SLICE
80,215,72,181,8,34,42,1620,6,SLICE,SLICE
80,215,73,181,7,34,41,1733,6,SLICE,SLICE
80,215,73,180,7,35,42,1536,6,SLICE,SLICE
81,214,76,173,5,41,46,1617,6,SLICE,SLICE
81,214,76,174,5,40,45,1850,6,SLICE,SLICE
81,214,76,173,5,41,46,1876,6,SLICE,SLICE
81,214,76,173,5,41,46,1977,6,SLICE,SLICE
80,213,74,179,6,34,40,1521,6,SLICE,SLICE
80,213,75,180,5,33,38,1652,6,SLICE,SLICE
80,213,74,180,6,33,39,1409,6,SLICE,SLICE
80,213,74,180,6,33,39,1654,6,SLICE,SLICE
81,209,79,181,2,28,30,1217,6,SLICE,SLICE
81,209,79,182,2,27,29,1278,6,SLICE,SLICE
81,209,79,181,2,28,30,1326,6,SLICE,SLICE
81,209,78,182,3,27,30,1589,6,SLICE,SLICE
80,211,79,183,1,28,29,1648,6,SLICE,SLICE
80,211,79,183,1,28,29,1795,6,SLICE,SLICE
80,211,78,184,2,27,29,1286,6,SLICE,SLICE
80,211,79,184,1,27,28,1301,6,SLICE,SLICE
76,203,6,56,70,147,217,2876,1,SLICE,RAMB18
70,188,6,45,64,143,207,3265,1,SLICE,RAMB18
70,194,5,34,65,160,225,4589,1,SLICE,RAMB18
80,204,6,37,74,167,241,4075,1,SLICE,RAMB18
71,202,6,41,65,161,226,4557,1,SLICE,RAMB18
84,211,73,181,11,30,41,1943,6,SLICE,SLICE
84,211,72,181,12,30,42,1632,6,SLICE,SLICE
84,211,73,180,11,31,42,1785,6,SLICE,SLICE
84,211,72,181,12,30,42,1773,6,SLICE,SLICE
70,197,74,179,4,18,22,1147,6,SLICE,SLICE
70,197,71,180,1,17,18,1087,6,SLICE,SLICE
70,197,70,182,0,15,15,855,6,SLICE,SLICE
70,197,70,182,0,15,15,862,6,SLICE,SLICE
79,207,80,187,1,20,21,1165,6,SLICE,SLICE
79,207,80,180,1,27,28,1286,6,SLICE,SLICE
79,207,80,186,1,21,22,943,6,SLICE,SLICE
79,207,80,181,1,26,27,1322,6,SLICE,SLICE
72,183,6,27,66,156,222,4140,1,SLICE,RAMB18
70,193,74,179,4,14,18,1410,6,SLICE,SLICE
70,193,70,182,0,11,11,928,6,SLICE,SLICE
70,193,74,179,4,14,18,1226,6,SLICE,SLICE
70,193,71,180,1,13,14,1144,6,SLICE,SLICE
72,186,6,45,66,141,207,3810,1,SLICE,RAMB18
70,203,6,27,64,176,240,4070,1,SLICE,RAMB18
78,200,5,31,73,169,242,4823,1,SLICE,RAMB18
76,181,6,34,70,147,217,4559,1,SLICE,RAMB18
73,183,5,34,68,149,217,3764,1,SLICE,RAMB18
82,209,90,211,8,2,10,1055,6,SLICE,SLICE
82,209,92,210,10,1,11,638,6,SLICE,SLICE
82,209,92,210,10,1,11,755,6,SLICE,SLICE
82,209,92,211,10,2,12,709,6,SLICE,SLICE
86,216,78,182,8,34,42,1329,6,SLICE,SLICE
86,216,78,183,8,33,41,1562,6,SLICE,SLICE
86,216,79,180,7,36,43,1736,6,SLICE,SLICE
86,216,79,182,7,34,41,1315,6,SLICE,SLICE
71,184,78,181,7,3,10,913,6,SLICE,SLICE
71,184,78,181,7,3,10,916,6,SLICE,SLICE
71,184,78,182,7,2,9,804,6,SLICE,SLICE
71,184,78,181,7,3,10,669,6,SLICE,SLICE
76,185,5,39,71,146,217,3409,1,SLICE,RAMB18
74,185,6,27,68,158,226,3632,1,SLICE,RAMB18
70,198,70,190,0,8,8,576,6,SLICE,SLICE
70,198,70,189,0,9,9,860,6,SLICE,SLICE
70,198,70,190,0,8,8,625,6,SLICE,SLICE
70,198,70,193,0,5,5,725,6,SLICE,SLICE
74,184,6,34,68,150,218,3489,1,SLICE,RAMB18
75,186,5,57,70,129,199,2663,1,SLICE,RAMB18
75,185,6,40,69,145,214,3625,1,SLICE,RAMB18
80,188,6,34,74,154,228,4768,1,SLICE,RAMB18
77,183,6,41,71,142,213,3735,1,SLICE,RAMB18
76,182,6,27,70,155,225,4663,1,SLICE,RAMB18
71,199,5,52,66,147,213,3477,1,SLICE,RAMB18
78,208,79,182,1,26,27,914,6,SLICE,SLICE
78,208,78,183,0,25,25,1027,6,SLICE,SLICE
78,208,78,182,0,26,26,1239,6,SLICE,SLICE
78,208,79,182,1,26,27,1089,6,SLICE,SLICE
80,200,5,30,75,170,245,4594,1,SLICE,RAMB18
72,190,5,47,67,143,210,3322,1,SLICE,RAMB18
