dsx,dsy,lsx,lsy,dxs,dys,manhattan,delay_ns,fanout,dtype,ltype
45,225,45,225,0,0,0,58,1,SLICE,SLICE
44,226,44,226,0,0,0,58,1,SLICE,SLICE
44,224,44,224,0,0,0,58,1,SLICE,SLICE
44,223,44,223,0,0,0,59,1,SLICE,SLICE
44,224,44,224,0,0,0,59,1,SLICE,SLICE
44,225,44,225,0,0,0,58,1,SLICE,SLICE
32,250,32,250,0,0,0,59,1,SLICE,SLICE
32,250,32,250,0,0,0,58,1,SLICE,SLICE
32,250,32,250,0,0,0,58,1,SLICE,SLICE
33,250,33,250,0,0,0,58,1,SLICE,SLICE
32,251,32,251,0,0,0,59,1,SLICE,SLICE
32,251,32,251,0,0,0,58,1,SLICE,SLICE
32,270,32,270,0,0,0,58,1,SLICE,SLICE
32,269,32,269,0,0,0,59,1,SLICE,SLICE
32,268,32,268,0,0,0,58,1,SLICE,SLICE
32,268,32,268,0,0,0,59,1,SLICE,SLICE
32,268,32,268,0,0,0,58,1,SLICE,SLICE
32,269,32,269,0,0,0,58,1,SLICE,SLICE
32,255,32,255,0,0,0,58,1,SLICE,SLICE
33,255,33,255,0,0,0,58,1,SLICE,SLICE
33,258,33,258,0,0,0,58,1,SLICE,SLICE
30,255,30,255,0,0,0,59,1,SLICE,SLICE
33,255,33,255,0,0,0,59,1,SLICE,SLICE
32,256,32,256,0,0,0,58,1,SLICE,SLICE
44,228,44,228,0,0,0,58,1,SLICE,SLICE
44,228,44,228,0,0,0,59,1,SLICE,SLICE
44,227,44,227,0,0,0,58,1,SLICE,SLICE
44,227,44,227,0,0,0,59,1,SLICE,SLICE
44,227,44,227,0,0,0,58,1,SLICE,SLICE
44,227,44,227,0,0,0,58,1,SLICE,SLICE
44,232,44,232,0,0,0,59,1,SLICE,SLICE
44,231,44,231,0,0,0,59,1,SLICE,SLICE
45,234,45,234,0,0,0,59,1,SLICE,SLICE
45,234,45,234,0,0,0,58,1,SLICE,SLICE
44,232,44,232,0,0,0,58,1,SLICE,SLICE
44,232,44,232,0,0,0,58,1,SLICE,SLICE
43,238,43,238,0,0,0,58,1,SLICE,SLICE
42,236,42,236,0,0,0,56,1,SLICE,SLICE
42,237,42,237,0,0,0,56,1,SLICE,SLICE
42,237,42,237,0,0,0,55,1,SLICE,SLICE
42,236,42,236,0,0,0,55,1,SLICE,SLICE
42,236,42,236,0,0,0,55,1,SLICE,SLICE
44,223,44,223,0,0,0,58,1,SLICE,SLICE
44,224,44,224,0,0,0,58,1,SLICE,SLICE
45,224,45,224,0,0,0,58,1,SLICE,SLICE
44,223,44,223,0,0,0,58,1,SLICE,SLICE
45,223,45,223,0,0,0,58,1,SLICE,SLICE
44,223,44,223,0,0,0,58,1,SLICE,SLICE
44,233,44,233,0,0,0,58,1,SLICE,SLICE
44,234,44,234,0,0,0,58,1,SLICE,SLICE
44,234,44,234,0,0,0,59,1,SLICE,SLICE
44,235,44,235,0,0,0,58,1,SLICE,SLICE
44,234,44,234,0,0,0,58,1,SLICE,SLICE
46,236,46,236,0,0,0,56,1,SLICE,SLICE
33,261,33,261,0,0,0,58,1,SLICE,SLICE
33,261,33,261,0,0,0,59,1,SLICE,SLICE
33,261,33,261,0,0,0,58,1,SLICE,SLICE
33,260,33,260,0,0,0,58,1,SLICE,SLICE
33,260,33,260,0,0,0,58,1,SLICE,SLICE
32,260,32,260,0,0,0,58,1,SLICE,SLICE
44,229,44,229,0,0,0,58,1,SLICE,SLICE
44,230,44,230,0,0,0,58,1,SLICE,SLICE
44,230,44,230,0,0,0,58,1,SLICE,SLICE
45,230,45,230,0,0,0,59,1,SLICE,SLICE
45,229,45,229,0,0,0,58,1,SLICE,SLICE
45,230,45,230,0,0,0,58,1,SLICE,SLICE
44,240,44,240,0,0,0,59,1,SLICE,SLICE
46,239,46,239,0,0,0,56,1,SLICE,SLICE
44,240,44,240,0,0,0,58,1,SLICE,SLICE
44,239,44,239,0,0,0,59,1,SLICE,SLICE
46,241,46,241,0,0,0,56,1,SLICE,SLICE
45,240,45,240,0,0,0,58,1,SLICE,SLICE
44,237,44,237,0,0,0,59,1,SLICE,SLICE
44,238,44,238,0,0,0,58,1,SLICE,SLICE
44,239,44,239,0,0,0,58,1,SLICE,SLICE
44,239,44,239,0,0,0,58,1,SLICE,SLICE
44,238,44,238,0,0,0,58,1,SLICE,SLICE
44,238,44,238,0,0,0,58,1,SLICE,SLICE
32,260,32,260,0,0,0,59,1,SLICE,SLICE
33,259,33,259,0,0,0,58,1,SLICE,SLICE
30,258,30,258,0,0,0,58,1,SLICE,SLICE
33,260,33,260,0,0,0,58,1,SLICE,SLICE
33,260,33,260,0,0,0,59,1,SLICE,SLICE
32,261,32,261,0,0,0,58,1,SLICE,SLICE
32,251,32,251,0,0,0,58,1,SLICE,SLICE
33,250,33,250,0,0,0,58,1,SLICE,SLICE
30,251,30,251,0,0,0,59,1,SLICE,SLICE
30,252,30,252,0,0,0,59,1,SLICE,SLICE
30,252,30,252,0,0,0,58,1,SLICE,SLICE
32,251,32,251,0,0,0,58,1,SLICE,SLICE
45,234,45,234,0,0,0,58,1,SLICE,SLICE
44,235,44,235,0,0,0,58,1,SLICE,SLICE
46,235,46,235,0,0,0,55,1,SLICE,SLICE
45,235,45,235,0,0,0,58,1,SLICE,SLICE
44,233,44,233,0,0,0,58,1,SLICE,SLICE
44,234,44,234,0,0,0,58,1,SLICE,SLICE
44,225,44,225,0,0,0,58,1,SLICE,SLICE
44,225,44,225,0,0,0,58,1,SLICE,SLICE
45,225,45,225,0,0,0,58,1,SLICE,SLICE
45,225,45,225,0,0,0,59,1,SLICE,SLICE
45,225,45,225,0,0,0,58,1,SLICE,SLICE
44,225,44,225,0,0,0,59,1,SLICE,SLICE
32,250,32,250,0,0,0,58,1,SLICE,SLICE
30,250,30,250,0,0,0,58,1,SLICE,SLICE
30,249,30,249,0,0,0,58,1,SLICE,SLICE
30,249,30,249,0,0,0,59,1,SLICE,SLICE
30,250,30,250,0,0,0,59,1,SLICE,SLICE
32,249,32,249,0,0,0,58,1,SLICE,SLICE
45,235,45,235,0,0,0,59,1,SLICE,SLICE
45,235,45,235,0,0,0,58,1,SLICE,SLICE
44,236,44,236,0,0,0,58,1,SLICE,SLICE
44,236,44,236,0,0,0,58,1,SLICE,SLICE
45,235,45,235,0,0,0,58,1,SLICE,SLICE
44,235,44,235,0,0,0,59,1,SLICE,SLICE
44,228,44,228,0,0,0,58,1,SLICE,SLICE
44,229,44,229,0,0,0,58,1,SLICE,SLICE
44,229,44,229,0,0,0,59,1,SLICE,SLICE
45,228,45,228,0,0,0,58,1,SLICE,SLICE
45,228,45,228,0,0,0,59,1,SLICE,SLICE
44,228,44,228,0,0,0,58,1,SLICE,SLICE
42,216,42,216,0,0,0,55,1,SLICE,SLICE
42,216,42,216,0,0,0,55,1,SLICE,SLICE
43,216,43,216,0,0,0,58,1,SLICE,SLICE
41,215,41,215,0,0,0,58,1,SLICE,SLICE
42,217,42,217,0,0,0,55,1,SLICE,SLICE
42,215,42,215,0,0,0,56,1,SLICE,SLICE
32,254,32,254,0,0,0,58,1,SLICE,SLICE
32,254,32,254,0,0,0,58,1,SLICE,SLICE
30,253,30,253,0,0,0,58,1,SLICE,SLICE
33,254,33,254,0,0,0,58,1,SLICE,SLICE
30,254,30,254,0,0,0,58,1,SLICE,SLICE
32,253,32,253,0,0,0,58,1,SLICE,SLICE
44,245,44,245,0,0,0,58,1,SLICE,SLICE
45,245,45,245,0,0,0,58,1,SLICE,SLICE
44,244,44,244,0,0,0,58,1,SLICE,SLICE
44,244,44,244,0,0,0,59,1,SLICE,SLICE
44,244,44,244,0,0,0,58,1,SLICE,SLICE
44,245,44,245,0,0,0,58,1,SLICE,SLICE
31,264,31,264,0,0,0,58,1,SLICE,SLICE
31,262,31,262,0,0,0,58,1,SLICE,SLICE
31,263,31,263,0,0,0,58,1,SLICE,SLICE
31,263,31,263,0,0,0,58,1,SLICE,SLICE
33,263,33,263,0,0,0,59,1,SLICE,SLICE
30,262,30,262,0,0,0,58,1,SLICE,SLICE
33,255,33,255,0,0,0,58,1,SLICE,SLICE
33,258,33,258,0,0,0,59,1,SLICE,SLICE
33,258,33,258,0,0,0,58,1,SLICE,SLICE
31,259,31,259,0,0,0,59,1,SLICE,SLICE
30,256,30,256,0,0,0,59,1,SLICE,SLICE
32,257,32,257,0,0,0,58,1,SLICE,SLICE
45,227,45,227,0,0,0,59,1,SLICE,SLICE
44,226,44,226,0,0,0,58,1,SLICE,SLICE
45,227,45,227,0,0,0,58,1,SLICE,SLICE
45,226,45,226,0,0,0,58,1,SLICE,SLICE
45,226,45,226,0,0,0,59,1,SLICE,SLICE
44,226,44,226,0,0,0,58,1,SLICE,SLICE
43,236,43,236,0,0,0,59,1,SLICE,SLICE
43,236,43,236,0,0,0,58,1,SLICE,SLICE
44,236,44,236,0,0,0,58,1,SLICE,SLICE
43,237,43,237,0,0,0,59,1,SLICE,SLICE
44,236,44,236,0,0,0,59,1,SLICE,SLICE
44,237,44,237,0,0,0,58,1,SLICE,SLICE
32,257,32,257,0,0,0,59,1,SLICE,SLICE
32,258,32,258,0,0,0,59,1,SLICE,SLICE
33,256,33,256,0,0,0,58,1,SLICE,SLICE
33,257,33,257,0,0,0,58,1,SLICE,SLICE
33,257,33,257,0,0,0,58,1,SLICE,SLICE
32,258,32,258,0,0,0,58,1,SLICE,SLICE
45,245,45,245,0,0,0,58,1,SLICE,SLICE
42,246,42,246,0,0,0,55,1,SLICE,SLICE
45,246,45,246,0,0,0,59,1,SLICE,SLICE
45,245,45,245,0,0,0,58,1,SLICE,SLICE
42,245,42,245,0,0,0,55,1,SLICE,SLICE
44,245,44,245,0,0,0,58,1,SLICE,SLICE
46,225,46,225,0,0,0,55,1,SLICE,SLICE
45,224,45,224,0,0,0,59,1,SLICE,SLICE
45,226,45,226,0,0,0,58,1,SLICE,SLICE
46,224,46,224,0,0,0,55,1,SLICE,SLICE
46,223,46,223,0,0,0,55,1,SLICE,SLICE
46,224,46,224,0,0,0,56,1,SLICE,SLICE
44,244,44,244,0,0,0,58,1,SLICE,SLICE
46,245,46,245,0,0,0,55,1,SLICE,SLICE
47,244,47,244,0,0,0,58,1,SLICE,SLICE
46,245,46,245,0,0,0,55,1,SLICE,SLICE
47,245,47,245,0,0,0,58,1,SLICE,SLICE
44,246,44,246,0,0,0,58,1,SLICE,SLICE
30,268,30,268,0,0,0,59,1,SLICE,SLICE
30,269,30,269,0,0,0,58,1,SLICE,SLICE
30,268,30,268,0,0,0,58,1,SLICE,SLICE
33,270,33,270,0,0,0,59,1,SLICE,SLICE
30,268,30,268,0,0,0,58,1,SLICE,SLICE
30,268,30,268,0,0,0,58,1,SLICE,SLICE
45,239,45,239,0,0,0,58,1,SLICE,SLICE
44,240,44,240,0,0,0,58,1,SLICE,SLICE
45,239,45,239,0,0,0,59,1,SLICE,SLICE
45,240,45,240,0,0,0,58,1,SLICE,SLICE
45,239,45,239,0,0,0,58,1,SLICE,SLICE
45,240,45,240,0,0,0,59,1,SLICE,SLICE
42,246,42,246,0,0,0,55,1,SLICE,SLICE
42,246,42,246,0,0,0,55,1,SLICE,SLICE
43,246,43,246,0,0,0,58,1,SLICE,SLICE
43,246,43,246,0,0,0,59,1,SLICE,SLICE
43,246,43,246,0,0,0,58,1,SLICE,SLICE
42,246,42,246,0,0,0,56,1,SLICE,SLICE
31,262,31,262,0,0,0,59,1,SLICE,SLICE
30,261,30,261,0,0,0,59,1,SLICE,SLICE
31,262,31,262,0,0,0,58,1,SLICE,SLICE
30,261,30,261,0,0,0,58,1,SLICE,SLICE
30,261,30,261,0,0,0,58,1,SLICE,SLICE
30,261,30,261,0,0,0,58,1,SLICE,SLICE
30,263,30,263,0,0,0,58,1,SLICE,SLICE
30,264,30,264,0,0,0,58,1,SLICE,SLICE
30,264,30,264,0,0,0,59,1,SLICE,SLICE
30,264,30,264,0,0,0,58,1,SLICE,SLICE
30,263,30,263,0,0,0,59,1,SLICE,SLICE
30,264,30,264,0,0,0,58,1,SLICE,SLICE
44,243,44,243,0,0,0,59,1,SLICE,SLICE
47,244,47,244,0,0,0,59,1,SLICE,SLICE
44,243,44,243,0,0,0,58,1,SLICE,SLICE
44,243,44,243,0,0,0,58,1,SLICE,SLICE
45,243,45,243,0,0,0,58,1,SLICE,SLICE
44,245,44,245,0,0,0,59,1,SLICE,SLICE
44,242,44,242,0,0,0,58,1,SLICE,SLICE
44,242,44,242,0,0,0,58,1,SLICE,SLICE
45,242,45,242,0,0,0,58,1,SLICE,SLICE
45,242,45,242,0,0,0,59,1,SLICE,SLICE
45,242,45,242,0,0,0,58,1,SLICE,SLICE
44,242,44,242,0,0,0,58,1,SLICE,SLICE
40,245,40,245,0,0,0,59,1,SLICE,SLICE
40,245,40,245,0,0,0,58,1,SLICE,SLICE
40,245,40,245,0,0,0,58,1,SLICE,SLICE
40,243,40,243,0,0,0,59,1,SLICE,SLICE
40,244,40,244,0,0,0,58,1,SLICE,SLICE
40,245,40,245,0,0,0,58,1,SLICE,SLICE
45,244,45,244,0,0,0,58,1,SLICE,SLICE
45,244,45,244,0,0,0,59,1,SLICE,SLICE
45,244,45,244,0,0,0,58,1,SLICE,SLICE
45,244,45,244,0,0,0,58,1,SLICE,SLICE
45,243,45,243,0,0,0,59,1,SLICE,SLICE
44,243,44,243,0,0,0,58,1,SLICE,SLICE
45,255,45,255,0,0,0,58,1,SLICE,SLICE
45,255,45,255,0,0,0,59,1,SLICE,SLICE
45,255,45,255,0,0,0,58,1,SLICE,SLICE
45,255,45,255,0,0,0,58,1,SLICE,SLICE
45,254,45,254,0,0,0,58,1,SLICE,SLICE
44,255,44,255,0,0,0,59,1,SLICE,SLICE
44,257,44,257,0,0,0,58,1,SLICE,SLICE
44,256,44,256,0,0,0,59,1,SLICE,SLICE
46,257,46,257,0,0,0,55,1,SLICE,SLICE
44,256,44,256,0,0,0,58,1,SLICE,SLICE
47,255,47,255,0,0,0,58,1,SLICE,SLICE
46,255,46,255,0,0,0,56,1,SLICE,SLICE
48,245,48,245,0,0,0,59,1,SLICE,SLICE
48,245,48,245,0,0,0,58,1,SLICE,SLICE
48,245,48,245,0,0,0,58,1,SLICE,SLICE
49,245,49,245,0,0,0,58,1,SLICE,SLICE
49,245,49,245,0,0,0,59,1,SLICE,SLICE
48,245,48,245,0,0,0,58,1,SLICE,SLICE
46,247,46,247,0,0,0,55,1,SLICE,SLICE
46,247,46,247,0,0,0,55,1,SLICE,SLICE
47,247,47,247,0,0,0,58,1,SLICE,SLICE
47,247,47,247,0,0,0,59,1,SLICE,SLICE
47,247,47,247,0,0,0,58,1,SLICE,SLICE
46,247,46,247,0,0,0,56,1,SLICE,SLICE
46,268,46,268,0,0,0,55,1,SLICE,SLICE
47,267,47,267,0,0,0,58,1,SLICE,SLICE
44,268,44,268,0,0,0,58,1,SLICE,SLICE
47,267,47,267,0,0,0,59,1,SLICE,SLICE
47,270,47,270,0,0,0,58,1,SLICE,SLICE
46,267,46,267,0,0,0,56,1,SLICE,SLICE
48,246,48,246,0,0,0,58,1,SLICE,SLICE
48,246,48,246,0,0,0,58,1,SLICE,SLICE
49,246,49,246,0,0,0,58,1,SLICE,SLICE
49,246,49,246,0,0,0,59,1,SLICE,SLICE
49,246,49,246,0,0,0,58,1,SLICE,SLICE
48,246,48,246,0,0,0,58,1,SLICE,SLICE
45,251,45,251,0,0,0,59,1,SLICE,SLICE
45,251,45,251,0,0,0,58,1,SLICE,SLICE
45,251,45,251,0,0,0,58,1,SLICE,SLICE
45,250,45,250,0,0,0,58,1,SLICE,SLICE
46,250,46,250,0,0,0,55,1,SLICE,SLICE
46,251,46,251,0,0,0,55,1,SLICE,SLICE
44,253,44,253,0,0,0,58,1,SLICE,SLICE
47,255,47,255,0,0,0,59,1,SLICE,SLICE
44,254,44,254,0,0,0,58,1,SLICE,SLICE
45,253,45,253,0,0,0,58,1,SLICE,SLICE
45,253,45,253,0,0,0,59,1,SLICE,SLICE
46,255,46,255,0,0,0,55,1,SLICE,SLICE
45,260,45,260,0,0,0,58,1,SLICE,SLICE
45,260,45,260,0,0,0,59,1,SLICE,SLICE
45,259,45,259,0,0,0,58,1,SLICE,SLICE
45,260,45,260,0,0,0,58,1,SLICE,SLICE
45,258,45,258,0,0,0,58,1,SLICE,SLICE
44,259,44,259,0,0,0,59,1,SLICE,SLICE
46,250,46,250,0,0,0,55,1,SLICE,SLICE
44,251,44,251,0,0,0,59,1,SLICE,SLICE
44,250,44,250,0,0,0,58,1,SLICE,SLICE
44,251,44,251,0,0,0,58,1,SLICE,SLICE
46,251,46,251,0,0,0,55,1,SLICE,SLICE
46,250,46,250,0,0,0,56,1,SLICE,SLICE
45,248,45,248,0,0,0,59,1,SLICE,SLICE
45,249,45,249,0,0,0,58,1,SLICE,SLICE
46,249,46,249,0,0,0,56,1,SLICE,SLICE
46,249,46,249,0,0,0,55,1,SLICE,SLICE
46,248,46,248,0,0,0,55,1,SLICE,SLICE
44,247,44,247,0,0,0,58,1,SLICE,SLICE
44,254,44,254,0,0,0,59,1,SLICE,SLICE
44,254,44,254,0,0,0,58,1,SLICE,SLICE
44,254,44,254,0,0,0,58,1,SLICE,SLICE
45,254,45,254,0,0,0,58,1,SLICE,SLICE
45,254,45,254,0,0,0,59,1,SLICE,SLICE
44,255,44,255,0,0,0,58,1,SLICE,SLICE
51,246,51,246,0,0,0,59,1,SLICE,SLICE
49,248,49,248,0,0,0,58,1,SLICE,SLICE
51,246,51,246,0,0,0,58,1,SLICE,SLICE
51,246,51,246,0,0,0,58,1,SLICE,SLICE
51,247,51,247,0,0,0,59,1,SLICE,SLICE
50,247,50,247,0,0,0,56,1,SLICE,SLICE
48,248,48,248,0,0,0,58,1,SLICE,SLICE
48,248,48,248,0,0,0,59,1,SLICE,SLICE
48,248,48,248,0,0,0,58,1,SLICE,SLICE
48,248,48,248,0,0,0,58,1,SLICE,SLICE
49,248,49,248,0,0,0,58,1,SLICE,SLICE
50,246,50,246,0,0,0,55,1,SLICE,SLICE
46,255,46,255,0,0,0,55,1,SLICE,SLICE
46,253,46,253,0,0,0,55,1,SLICE,SLICE
46,255,46,255,0,0,0,55,1,SLICE,SLICE
46,254,46,254,0,0,0,55,1,SLICE,SLICE
46,254,46,254,0,0,0,55,1,SLICE,SLICE
46,254,46,254,0,0,0,56,1,SLICE,SLICE
44,250,44,250,0,0,0,59,1,SLICE,SLICE
44,250,44,250,0,0,0,58,1,SLICE,SLICE
45,250,45,250,0,0,0,58,1,SLICE,SLICE
45,250,45,250,0,0,0,59,1,SLICE,SLICE
45,250,45,250,0,0,0,58,1,SLICE,SLICE
44,250,44,250,0,0,0,58,1,SLICE,SLICE
46,257,46,257,0,0,0,55,1,SLICE,SLICE
46,257,46,257,0,0,0,55,1,SLICE,SLICE
47,257,47,257,0,0,0,58,1,SLICE,SLICE
47,257,47,257,0,0,0,59,1,SLICE,SLICE
47,257,47,257,0,0,0,58,1,SLICE,SLICE
46,257,46,257,0,0,0,56,1,SLICE,SLICE
45,269,45,269,0,0,0,58,1,SLICE,SLICE
45,269,45,269,0,0,0,58,1,SLICE,SLICE
44,267,44,267,0,0,0,58,1,SLICE,SLICE
45,266,45,266,0,0,0,59,1,SLICE,SLICE
45,267,45,267,0,0,0,59,1,SLICE,SLICE
44,268,44,268,0,0,0,58,1,SLICE,SLICE
48,247,48,247,0,0,0,58,1,SLICE,SLICE
48,247,48,247,0,0,0,58,1,SLICE,SLICE
49,247,49,247,0,0,0,58,1,SLICE,SLICE
48,246,48,246,0,0,0,59,1,SLICE,SLICE
49,247,49,247,0,0,0,59,1,SLICE,SLICE
48,247,48,247,0,0,0,58,1,SLICE,SLICE
49,253,49,253,0,0,0,58,1,SLICE,SLICE
50,249,50,249,0,0,0,55,1,SLICE,SLICE
49,253,49,253,0,0,0,59,1,SLICE,SLICE
49,252,49,252,0,0,0,58,1,SLICE,SLICE
49,252,49,252,0,0,0,59,1,SLICE,SLICE
48,252,48,252,0,0,0,58,1,SLICE,SLICE
44,261,44,261,0,0,0,58,1,SLICE,SLICE
45,262,45,262,0,0,0,58,1,SLICE,SLICE
45,262,45,262,0,0,0,59,1,SLICE,SLICE
45,262,45,262,0,0,0,58,1,SLICE,SLICE
45,262,45,262,0,0,0,58,1,SLICE,SLICE
44,263,44,263,0,0,0,59,1,SLICE,SLICE
44,280,44,280,0,0,0,58,1,SLICE,SLICE
45,278,45,278,0,0,0,59,1,SLICE,SLICE
45,279,45,279,0,0,0,58,1,SLICE,SLICE
45,279,45,279,0,0,0,59,1,SLICE,SLICE
44,280,44,280,0,0,0,58,1,SLICE,SLICE
44,278,44,278,0,0,0,58,1,SLICE,SLICE
44,268,44,268,0,0,0,58,1,SLICE,SLICE
44,267,44,267,0,0,0,59,1,SLICE,SLICE
44,265,44,265,0,0,0,58,1,SLICE,SLICE
45,264,45,264,0,0,0,58,1,SLICE,SLICE
45,264,45,264,0,0,0,59,1,SLICE,SLICE
44,263,44,263,0,0,0,58,1,SLICE,SLICE
45,270,45,270,0,0,0,59,1,SLICE,SLICE
46,272,46,272,0,0,0,55,1,SLICE,SLICE
45,270,45,270,0,0,0,58,1,SLICE,SLICE
47,270,47,270,0,0,0,59,1,SLICE,SLICE
45,269,45,269,0,0,0,58,1,SLICE,SLICE
44,270,44,270,0,0,0,58,1,SLICE,SLICE
44,257,44,257,0,0,0,58,1,SLICE,SLICE
44,256,44,256,0,0,0,58,1,SLICE,SLICE
44,255,44,255,0,0,0,58,1,SLICE,SLICE
45,256,45,256,0,0,0,58,1,SLICE,SLICE
45,256,45,256,0,0,0,59,1,SLICE,SLICE
44,256,44,256,0,0,0,58,1,SLICE,SLICE
46,256,46,256,0,0,0,56,1,SLICE,SLICE
45,253,45,253,0,0,0,58,1,SLICE,SLICE
47,255,47,255,0,0,0,58,1,SLICE,SLICE
45,254,45,254,0,0,0,58,1,SLICE,SLICE
45,253,45,253,0,0,0,58,1,SLICE,SLICE
44,253,44,253,0,0,0,58,1,SLICE,SLICE
46,252,46,252,0,0,0,56,1,SLICE,SLICE
46,252,46,252,0,0,0,55,1,SLICE,SLICE
46,254,46,254,0,0,0,55,1,SLICE,SLICE
46,253,46,253,0,0,0,55,1,SLICE,SLICE
44,253,44,253,0,0,0,59,1,SLICE,SLICE
46,253,46,253,0,0,0,56,1,SLICE,SLICE
48,244,48,244,0,0,0,59,1,SLICE,SLICE
48,244,48,244,0,0,0,58,1,SLICE,SLICE
48,244,48,244,0,0,0,58,1,SLICE,SLICE
49,244,49,244,0,0,0,58,1,SLICE,SLICE
49,244,49,244,0,0,0,59,1,SLICE,SLICE
48,244,48,244,0,0,0,58,1,SLICE,SLICE
44,279,44,279,0,0,0,58,1,SLICE,SLICE
45,275,45,275,0,0,0,59,1,SLICE,SLICE
44,277,44,277,0,0,0,58,1,SLICE,SLICE
45,274,45,274,0,0,0,58,1,SLICE,SLICE
45,278,45,278,0,0,0,58,1,SLICE,SLICE
44,277,44,277,0,0,0,58,1,SLICE,SLICE
45,261,45,261,0,0,0,58,1,SLICE,SLICE
45,261,45,261,0,0,0,59,1,SLICE,SLICE
45,261,45,261,0,0,0,58,1,SLICE,SLICE
45,261,45,261,0,0,0,58,1,SLICE,SLICE
44,260,44,260,0,0,0,58,1,SLICE,SLICE
44,262,44,262,0,0,0,58,1,SLICE,SLICE
48,249,48,249,0,0,0,58,1,SLICE,SLICE
48,249,48,249,0,0,0,59,1,SLICE,SLICE
48,249,48,249,0,0,0,58,1,SLICE,SLICE
48,250,48,250,0,0,0,58,1,SLICE,SLICE
48,249,48,249,0,0,0,58,1,SLICE,SLICE
48,250,48,250,0,0,0,59,1,SLICE,SLICE
44,263,44,263,0,0,0,58,1,SLICE,SLICE
45,263,45,263,0,0,0,58,1,SLICE,SLICE
45,265,45,265,0,0,0,59,1,SLICE,SLICE
45,263,45,263,0,0,0,59,1,SLICE,SLICE
45,264,45,264,0,0,0,58,1,SLICE,SLICE
44,265,44,265,0,0,0,58,1,SLICE,SLICE
45,257,45,257,0,0,0,58,1,SLICE,SLICE
45,257,45,257,0,0,0,59,1,SLICE,SLICE
45,257,45,257,0,0,0,58,1,SLICE,SLICE
45,256,45,256,0,0,0,58,1,SLICE,SLICE
45,256,45,256,0,0,0,58,1,SLICE,SLICE
44,257,44,257,0,0,0,58,1,SLICE,SLICE
44,252,44,252,0,0,0,59,1,SLICE,SLICE
44,252,44,252,0,0,0,58,1,SLICE,SLICE
44,253,44,253,0,0,0,58,1,SLICE,SLICE
44,252,44,252,0,0,0,58,1,SLICE,SLICE
45,252,45,252,0,0,0,58,1,SLICE,SLICE
44,251,44,251,0,0,0,58,1,SLICE,SLICE
46,251,46,251,0,0,0,55,1,SLICE,SLICE
47,251,47,251,0,0,0,58,1,SLICE,SLICE
47,251,47,251,0,0,0,59,1,SLICE,SLICE
47,251,47,251,0,0,0,58,1,SLICE,SLICE
47,251,47,251,0,0,0,58,1,SLICE,SLICE
46,251,46,251,0,0,0,56,1,SLICE,SLICE
44,251,44,251,0,0,0,58,1,SLICE,SLICE
45,252,45,252,0,0,0,59,1,SLICE,SLICE
45,252,45,252,0,0,0,58,1,SLICE,SLICE
45,252,45,252,0,0,0,58,1,SLICE,SLICE
45,251,45,251,0,0,0,58,1,SLICE,SLICE
44,252,44,252,0,0,0,58,1,SLICE,SLICE
48,251,48,251,0,0,0,58,1,SLICE,SLICE
49,251,49,251,0,0,0,58,1,SLICE,SLICE
49,250,49,250,0,0,0,59,1,SLICE,SLICE
49,250,49,250,0,0,0,58,1,SLICE,SLICE
49,250,49,250,0,0,0,58,1,SLICE,SLICE
48,250,48,250,0,0,0,58,1,SLICE,SLICE
46,249,46,249,0,0,0,55,1,SLICE,SLICE
46,247,46,247,0,0,0,55,1,SLICE,SLICE
45,247,45,247,0,0,0,59,1,SLICE,SLICE
46,249,46,249,0,0,0,55,1,SLICE,SLICE
45,248,45,248,0,0,0,58,1,SLICE,SLICE
46,248,46,248,0,0,0,56,1,SLICE,SLICE
47,254,47,254,0,0,0,58,1,SLICE,SLICE
47,254,47,254,0,0,0,59,1,SLICE,SLICE
47,254,47,254,0,0,0,58,1,SLICE,SLICE
47,253,47,253,0,0,0,58,1,SLICE,SLICE
44,255,44,255,0,0,0,58,1,SLICE,SLICE
46,253,46,253,0,0,0,55,1,SLICE,SLICE
44,260,44,260,0,0,0,58,1,SLICE,SLICE
45,259,45,259,0,0,0,58,1,SLICE,SLICE
45,258,45,258,0,0,0,59,1,SLICE,SLICE
45,259,45,259,0,0,0,59,1,SLICE,SLICE
45,259,45,259,0,0,0,58,1,SLICE,SLICE
44,259,44,259,0,0,0,58,1,SLICE,SLICE
90,170,90,170,0,0,0,55,1,SLICE,SLICE
91,170,91,170,0,0,0,58,1,SLICE,SLICE
92,169,92,169,0,0,0,58,1,SLICE,SLICE
92,169,92,169,0,0,0,58,1,SLICE,SLICE
91,170,91,170,0,0,0,59,1,SLICE,SLICE
92,169,92,169,0,0,0,58,1,SLICE,SLICE
92,172,92,172,0,0,0,58,1,SLICE,SLICE
91,173,91,173,0,0,0,58,1,SLICE,SLICE
91,174,91,174,0,0,0,58,1,SLICE,SLICE
92,173,92,173,0,0,0,58,1,SLICE,SLICE
92,174,92,174,0,0,0,59,1,SLICE,SLICE
90,173,90,173,0,0,0,55,1,SLICE,SLICE
92,147,92,147,0,0,0,59,1,SLICE,SLICE
92,146,92,146,0,0,0,58,1,SLICE,SLICE
93,148,93,148,0,0,0,59,1,SLICE,SLICE
92,147,92,147,0,0,0,58,1,SLICE,SLICE
93,148,93,148,0,0,0,58,1,SLICE,SLICE
92,148,92,148,0,0,0,58,1,SLICE,SLICE
88,170,88,170,0,0,0,59,1,SLICE,SLICE
88,170,88,170,0,0,0,58,1,SLICE,SLICE
88,170,88,170,0,0,0,58,1,SLICE,SLICE
89,170,89,170,0,0,0,58,1,SLICE,SLICE
89,170,89,170,0,0,0,59,1,SLICE,SLICE
88,170,88,170,0,0,0,58,1,SLICE,SLICE
90,180,90,180,0,0,0,55,1,SLICE,SLICE
90,181,90,181,0,0,0,55,1,SLICE,SLICE
91,181,91,181,0,0,0,58,1,SLICE,SLICE
91,181,91,181,0,0,0,59,1,SLICE,SLICE
91,181,91,181,0,0,0,58,1,SLICE,SLICE
90,180,90,180,0,0,0,56,1,SLICE,SLICE
92,182,92,182,0,0,0,58,1,SLICE,SLICE
92,181,92,181,0,0,0,58,1,SLICE,SLICE
92,181,92,181,0,0,0,59,1,SLICE,SLICE
92,183,92,183,0,0,0,59,1,SLICE,SLICE
90,182,90,182,0,0,0,55,1,SLICE,SLICE
90,181,90,181,0,0,0,55,1,SLICE,SLICE
92,184,92,184,0,0,0,58,1,SLICE,SLICE
92,184,92,184,0,0,0,58,1,SLICE,SLICE
91,183,91,183,0,0,0,59,1,SLICE,SLICE
93,184,93,184,0,0,0,58,1,SLICE,SLICE
92,185,92,185,0,0,0,58,1,SLICE,SLICE
90,183,90,183,0,0,0,56,1,SLICE,SLICE
90,175,90,175,0,0,0,55,1,SLICE,SLICE
90,175,90,175,0,0,0,55,1,SLICE,SLICE
90,175,90,175,0,0,0,55,1,SLICE,SLICE
91,175,91,175,0,0,0,58,1,SLICE,SLICE
92,176,92,176,0,0,0,58,1,SLICE,SLICE
90,175,90,175,0,0,0,56,1,SLICE,SLICE
92,183,92,183,0,0,0,58,1,SLICE,SLICE
92,183,92,183,0,0,0,58,1,SLICE,SLICE
93,183,93,183,0,0,0,58,1,SLICE,SLICE
93,183,93,183,0,0,0,59,1,SLICE,SLICE
93,183,93,183,0,0,0,58,1,SLICE,SLICE
92,183,92,183,0,0,0,58,1,SLICE,SLICE
92,172,92,172,0,0,0,58,1,SLICE,SLICE
92,171,92,171,0,0,0,58,1,SLICE,SLICE
93,172,93,172,0,0,0,58,1,SLICE,SLICE
92,171,92,171,0,0,0,58,1,SLICE,SLICE
90,172,90,172,0,0,0,55,1,SLICE,SLICE
92,171,92,171,0,0,0,58,1,SLICE,SLICE
90,173,90,173,0,0,0,55,1,SLICE,SLICE
91,174,91,174,0,0,0,59,1,SLICE,SLICE
91,174,91,174,0,0,0,58,1,SLICE,SLICE
88,172,88,172,0,0,0,58,1,SLICE,SLICE
89,173,89,173,0,0,0,58,1,SLICE,SLICE
91,174,91,174,0,0,0,58,1,SLICE,SLICE
93,187,93,187,0,0,0,58,1,SLICE,SLICE
93,187,93,187,0,0,0,59,1,SLICE,SLICE
93,187,93,187,0,0,0,58,1,SLICE,SLICE
93,187,93,187,0,0,0,58,1,SLICE,SLICE
92,186,92,186,0,0,0,59,1,SLICE,SLICE
92,187,92,187,0,0,0,59,1,SLICE,SLICE
91,182,91,182,0,0,0,59,1,SLICE,SLICE
91,182,91,182,0,0,0,58,1,SLICE,SLICE
91,180,91,180,0,0,0,58,1,SLICE,SLICE
91,182,91,182,0,0,0,58,1,SLICE,SLICE
91,180,91,180,0,0,0,58,1,SLICE,SLICE
90,181,90,181,0,0,0,56,1,SLICE,SLICE
90,170,90,170,0,0,0,56,1,SLICE,SLICE
90,170,90,170,0,0,0,55,1,SLICE,SLICE
90,170,90,170,0,0,0,55,1,SLICE,SLICE
90,171,90,171,0,0,0,55,1,SLICE,SLICE
90,171,90,171,0,0,0,55,1,SLICE,SLICE
90,171,90,171,0,0,0,56,1,SLICE,SLICE
91,176,91,176,0,0,0,58,1,SLICE,SLICE
91,176,91,176,0,0,0,58,1,SLICE,SLICE
91,175,91,175,0,0,0,58,1,SLICE,SLICE
91,177,91,177,0,0,0,58,1,SLICE,SLICE
89,176,89,176,0,0,0,58,1,SLICE,SLICE
90,177,90,177,0,0,0,55,1,SLICE,SLICE
91,180,91,180,0,0,0,59,1,SLICE,SLICE
90,182,90,182,0,0,0,55,1,SLICE,SLICE
92,180,92,180,0,0,0,59,1,SLICE,SLICE
90,179,90,179,0,0,0,56,1,SLICE,SLICE
91,182,91,182,0,0,0,58,1,SLICE,SLICE
90,181,90,181,0,0,0,55,1,SLICE,SLICE
91,179,91,179,0,0,0,58,1,SLICE,SLICE
92,181,92,181,0,0,0,58,1,SLICE,SLICE
91,179,91,179,0,0,0,58,1,SLICE,SLICE
93,183,93,183,0,0,0,58,1,SLICE,SLICE
92,181,92,181,0,0,0,58,1,SLICE,SLICE
91,181,91,181,0,0,0,58,1,SLICE,SLICE
92,170,92,170,0,0,0,59,1,SLICE,SLICE
92,170,92,170,0,0,0,58,1,SLICE,SLICE
92,170,92,170,0,0,0,58,1,SLICE,SLICE
93,170,93,170,0,0,0,58,1,SLICE,SLICE
93,170,93,170,0,0,0,59,1,SLICE,SLICE
92,170,92,170,0,0,0,58,1,SLICE,SLICE
92,179,92,179,0,0,0,58,1,SLICE,SLICE
92,179,92,179,0,0,0,59,1,SLICE,SLICE
92,178,92,178,0,0,0,58,1,SLICE,SLICE
92,179,92,179,0,0,0,58,1,SLICE,SLICE
90,180,90,180,0,0,0,55,1,SLICE,SLICE
90,180,90,180,0,0,0,55,1,SLICE,SLICE
91,172,91,172,0,0,0,58,1,SLICE,SLICE
91,172,91,172,0,0,0,58,1,SLICE,SLICE
91,171,91,171,0,0,0,59,1,SLICE,SLICE
91,171,91,171,0,0,0,58,1,SLICE,SLICE
92,173,92,173,0,0,0,58,1,SLICE,SLICE
90,172,90,172,0,0,0,56,1,SLICE,SLICE
90,177,90,177,0,0,0,55,1,SLICE,SLICE
90,177,90,177,0,0,0,55,1,SLICE,SLICE
90,176,90,176,0,0,0,55,1,SLICE,SLICE
91,176,91,176,0,0,0,58,1,SLICE,SLICE
91,177,91,177,0,0,0,58,1,SLICE,SLICE
90,176,90,176,0,0,0,55,1,SLICE,SLICE
90,179,90,179,0,0,0,55,1,SLICE,SLICE
90,179,90,179,0,0,0,55,1,SLICE,SLICE
90,179,90,179,0,0,0,55,1,SLICE,SLICE
91,179,91,179,0,0,0,58,1,SLICE,SLICE
91,179,91,179,0,0,0,59,1,SLICE,SLICE
90,178,90,178,0,0,0,55,1,SLICE,SLICE
92,175,92,175,0,0,0,59,1,SLICE,SLICE
91,172,91,172,0,0,0,59,1,SLICE,SLICE
92,174,92,174,0,0,0,58,1,SLICE,SLICE
92,174,92,174,0,0,0,58,1,SLICE,SLICE
93,174,93,174,0,0,0,58,1,SLICE,SLICE
90,176,90,176,0,0,0,55,1,SLICE,SLICE
92,178,92,178,0,0,0,58,1,SLICE,SLICE
90,176,90,176,0,0,0,56,1,SLICE,SLICE
90,178,90,178,0,0,0,55,1,SLICE,SLICE
90,178,90,178,0,0,0,56,1,SLICE,SLICE
92,178,92,178,0,0,0,59,1,SLICE,SLICE
90,178,90,178,0,0,0,55,1,SLICE,SLICE
88,178,88,178,0,0,0,59,1,SLICE,SLICE
88,178,88,178,0,0,0,58,1,SLICE,SLICE
88,178,88,178,0,0,0,58,1,SLICE,SLICE
89,178,89,178,0,0,0,58,1,SLICE,SLICE
89,178,89,178,0,0,0,59,1,SLICE,SLICE
88,177,88,177,0,0,0,58,1,SLICE,SLICE
91,175,91,175,0,0,0,58,1,SLICE,SLICE
91,177,91,177,0,0,0,58,1,SLICE,SLICE
92,176,92,176,0,0,0,58,1,SLICE,SLICE
93,177,93,177,0,0,0,58,1,SLICE,SLICE
93,176,93,176,0,0,0,58,1,SLICE,SLICE
91,175,91,175,0,0,0,59,1,SLICE,SLICE
92,188,92,188,0,0,0,58,1,SLICE,SLICE
92,188,92,188,0,0,0,58,1,SLICE,SLICE
93,188,93,188,0,0,0,58,1,SLICE,SLICE
93,188,93,188,0,0,0,59,1,SLICE,SLICE
93,188,93,188,0,0,0,58,1,SLICE,SLICE
92,188,92,188,0,0,0,59,1,SLICE,SLICE
92,180,92,180,0,0,0,58,1,SLICE,SLICE
92,180,92,180,0,0,0,58,1,SLICE,SLICE
93,180,93,180,0,0,0,58,1,SLICE,SLICE
92,179,92,179,0,0,0,58,1,SLICE,SLICE
93,180,93,180,0,0,0,59,1,SLICE,SLICE
92,180,92,180,0,0,0,58,1,SLICE,SLICE
90,173,90,173,0,0,0,55,1,SLICE,SLICE
91,173,91,173,0,0,0,58,1,SLICE,SLICE
90,172,90,172,0,0,0,55,1,SLICE,SLICE
91,173,91,173,0,0,0,59,1,SLICE,SLICE
91,173,91,173,0,0,0,58,1,SLICE,SLICE
90,173,90,173,0,0,0,56,1,SLICE,SLICE
90,174,90,174,0,0,0,55,1,SLICE,SLICE
90,174,90,174,0,0,0,55,1,SLICE,SLICE
90,174,90,174,0,0,0,55,1,SLICE,SLICE
88,173,88,173,0,0,0,58,1,SLICE,SLICE
88,173,88,173,0,0,0,59,1,SLICE,SLICE
90,174,90,174,0,0,0,56,1,SLICE,SLICE
92,185,92,185,0,0,0,59,1,SLICE,SLICE
92,187,92,187,0,0,0,58,1,SLICE,SLICE
92,184,92,184,0,0,0,59,1,SLICE,SLICE
91,185,91,185,0,0,0,58,1,SLICE,SLICE
90,184,90,184,0,0,0,55,1,SLICE,SLICE
92,187,92,187,0,0,0,58,1,SLICE,SLICE
88,171,88,171,0,0,0,58,1,SLICE,SLICE
88,171,88,171,0,0,0,58,1,SLICE,SLICE
89,172,89,172,0,0,0,58,1,SLICE,SLICE
89,171,89,171,0,0,0,58,1,SLICE,SLICE
89,171,89,171,0,0,0,59,1,SLICE,SLICE
88,172,88,172,0,0,0,59,1,SLICE,SLICE
92,177,92,177,0,0,0,58,1,SLICE,SLICE
92,178,92,178,0,0,0,58,1,SLICE,SLICE
93,178,93,178,0,0,0,58,1,SLICE,SLICE
93,178,93,178,0,0,0,59,1,SLICE,SLICE
93,178,93,178,0,0,0,58,1,SLICE,SLICE
92,177,92,177,0,0,0,59,1,SLICE,SLICE
88,172,88,172,0,0,0,58,1,SLICE,SLICE
88,171,88,171,0,0,0,58,1,SLICE,SLICE
89,172,89,172,0,0,0,58,1,SLICE,SLICE
88,171,88,171,0,0,0,59,1,SLICE,SLICE
89,172,89,172,0,0,0,59,1,SLICE,SLICE
88,172,88,172,0,0,0,58,1,SLICE,SLICE
92,177,92,177,0,0,0,58,1,SLICE,SLICE
92,176,92,176,0,0,0,59,1,SLICE,SLICE
92,176,92,176,0,0,0,58,1,SLICE,SLICE
91,176,91,176,0,0,0,59,1,SLICE,SLICE
92,175,92,175,0,0,0,58,1,SLICE,SLICE
92,177,92,177,0,0,0,58,1,SLICE,SLICE
90,171,90,171,0,0,0,55,1,SLICE,SLICE
91,171,91,171,0,0,0,58,1,SLICE,SLICE
93,172,93,172,0,0,0,59,1,SLICE,SLICE
93,172,93,172,0,0,0,58,1,SLICE,SLICE
91,172,91,172,0,0,0,58,1,SLICE,SLICE
90,172,90,172,0,0,0,55,1,SLICE,SLICE
88,174,88,174,0,0,0,58,1,SLICE,SLICE
88,175,88,175,0,0,0,58,1,SLICE,SLICE
88,174,88,174,0,0,0,58,1,SLICE,SLICE
89,174,89,174,0,0,0,58,1,SLICE,SLICE
89,175,89,175,0,0,0,58,1,SLICE,SLICE
88,174,88,174,0,0,0,58,1,SLICE,SLICE
91,177,91,177,0,0,0,59,1,SLICE,SLICE
91,178,91,178,0,0,0,58,1,SLICE,SLICE
91,178,91,178,0,0,0,59,1,SLICE,SLICE
91,178,91,178,0,0,0,58,1,SLICE,SLICE
91,178,91,178,0,0,0,58,1,SLICE,SLICE
90,177,90,177,0,0,0,56,1,SLICE,SLICE
92,166,92,166,0,0,0,59,1,SLICE,SLICE
93,165,93,165,0,0,0,58,1,SLICE,SLICE
92,166,92,166,0,0,0,58,1,SLICE,SLICE
92,166,92,166,0,0,0,58,1,SLICE,SLICE
93,165,93,165,0,0,0,59,1,SLICE,SLICE
92,165,92,165,0,0,0,58,1,SLICE,SLICE
92,171,92,171,0,0,0,59,1,SLICE,SLICE
92,173,92,173,0,0,0,58,1,SLICE,SLICE
92,172,92,172,0,0,0,59,1,SLICE,SLICE
92,173,92,173,0,0,0,59,1,SLICE,SLICE
92,174,92,174,0,0,0,58,1,SLICE,SLICE
92,172,92,172,0,0,0,58,1,SLICE,SLICE
82,134,82,134,0,0,0,55,1,SLICE,SLICE
82,134,82,134,0,0,0,55,1,SLICE,SLICE
82,134,82,134,0,0,0,55,1,SLICE,SLICE
83,134,83,134,0,0,0,58,1,SLICE,SLICE
83,134,83,134,0,0,0,59,1,SLICE,SLICE
82,134,82,134,0,0,0,56,1,SLICE,SLICE
80,143,80,143,0,0,0,59,1,SLICE,SLICE
80,144,80,144,0,0,0,59,1,SLICE,SLICE
80,143,80,143,0,0,0,58,1,SLICE,SLICE
80,143,80,143,0,0,0,58,1,SLICE,SLICE
81,143,81,143,0,0,0,58,1,SLICE,SLICE
80,143,80,143,0,0,0,58,1,SLICE,SLICE
80,168,80,168,0,0,0,58,1,SLICE,SLICE
80,167,80,167,0,0,0,58,1,SLICE,SLICE
80,168,80,168,0,0,0,59,1,SLICE,SLICE
80,167,80,167,0,0,0,59,1,SLICE,SLICE
80,168,80,168,0,0,0,58,1,SLICE,SLICE
80,166,80,166,0,0,0,58,1,SLICE,SLICE
82,141,82,141,0,0,0,55,1,SLICE,SLICE
83,141,83,141,0,0,0,58,1,SLICE,SLICE
85,137,85,137,0,0,0,58,1,SLICE,SLICE
83,141,83,141,0,0,0,59,1,SLICE,SLICE
83,135,83,135,0,0,0,58,1,SLICE,SLICE
82,141,82,141,0,0,0,55,1,SLICE,SLICE
77,134,77,134,0,0,0,58,1,SLICE,SLICE
79,135,79,135,0,0,0,59,1,SLICE,SLICE
78,133,78,133,0,0,0,56,1,SLICE,SLICE
79,135,79,135,0,0,0,58,1,SLICE,SLICE
79,135,79,135,0,0,0,58,1,SLICE,SLICE
78,135,78,135,0,0,0,55,1,SLICE,SLICE
80,170,80,170,0,0,0,58,1,SLICE,SLICE
80,168,80,168,0,0,0,58,1,SLICE,SLICE
80,170,80,170,0,0,0,58,1,SLICE,SLICE
80,167,80,167,0,0,0,58,1,SLICE,SLICE
80,169,80,169,0,0,0,58,1,SLICE,SLICE
80,169,80,169,0,0,0,58,1,SLICE,SLICE
83,137,83,137,0,0,0,59,1,SLICE,SLICE
79,138,79,138,0,0,0,59,1,SLICE,SLICE
80,135,80,135,0,0,0,59,1,SLICE,SLICE
80,134,80,134,0,0,0,59,1,SLICE,SLICE
80,134,80,134,0,0,0,58,1,SLICE,SLICE
78,137,78,137,0,0,0,55,1,SLICE,SLICE
82,137,82,137,0,0,0,55,1,SLICE,SLICE
82,137,82,137,0,0,0,55,1,SLICE,SLICE
82,137,82,137,0,0,0,55,1,SLICE,SLICE
83,137,83,137,0,0,0,58,1,SLICE,SLICE
82,138,82,138,0,0,0,55,1,SLICE,SLICE
82,137,82,137,0,0,0,56,1,SLICE,SLICE
79,139,79,139,0,0,0,58,1,SLICE,SLICE
80,141,80,141,0,0,0,59,1,SLICE,SLICE
79,143,79,143,0,0,0,59,1,SLICE,SLICE
80,142,80,142,0,0,0,58,1,SLICE,SLICE
80,140,80,140,0,0,0,58,1,SLICE,SLICE
80,138,80,138,0,0,0,58,1,SLICE,SLICE
80,140,80,140,0,0,0,59,1,SLICE,SLICE
81,139,81,139,0,0,0,59,1,SLICE,SLICE
80,140,80,140,0,0,0,58,1,SLICE,SLICE
81,139,81,139,0,0,0,58,1,SLICE,SLICE
80,141,80,141,0,0,0,58,1,SLICE,SLICE
80,141,80,141,0,0,0,58,1,SLICE,SLICE
79,138,79,138,0,0,0,58,1,SLICE,SLICE
79,140,79,140,0,0,0,58,1,SLICE,SLICE
79,141,79,141,0,0,0,58,1,SLICE,SLICE
79,139,79,139,0,0,0,58,1,SLICE,SLICE
79,145,79,145,0,0,0,58,1,SLICE,SLICE
78,142,78,142,0,0,0,56,1,SLICE,SLICE
82,147,82,147,0,0,0,55,1,SLICE,SLICE
82,147,82,147,0,0,0,55,1,SLICE,SLICE
83,147,83,147,0,0,0,58,1,SLICE,SLICE
83,147,83,147,0,0,0,59,1,SLICE,SLICE
83,148,83,148,0,0,0,59,1,SLICE,SLICE
82,147,82,147,0,0,0,56,1,SLICE,SLICE
81,160,81,160,0,0,0,58,1,SLICE,SLICE
80,149,80,149,0,0,0,59,1,SLICE,SLICE
80,153,80,153,0,0,0,58,1,SLICE,SLICE
80,159,80,159,0,0,0,58,1,SLICE,SLICE
80,157,80,157,0,0,0,58,1,SLICE,SLICE
80,160,80,160,0,0,0,58,1,SLICE,SLICE
80,135,80,135,0,0,0,58,1,SLICE,SLICE
80,136,80,136,0,0,0,58,1,SLICE,SLICE
80,136,80,136,0,0,0,59,1,SLICE,SLICE
80,136,80,136,0,0,0,58,1,SLICE,SLICE
82,139,82,139,0,0,0,55,1,SLICE,SLICE
82,139,82,139,0,0,0,55,1,SLICE,SLICE
82,167,82,167,0,0,0,55,1,SLICE,SLICE
83,167,83,167,0,0,0,58,1,SLICE,SLICE
83,168,83,168,0,0,0,59,1,SLICE,SLICE
82,166,82,166,0,0,0,55,1,SLICE,SLICE
83,167,83,167,0,0,0,59,1,SLICE,SLICE
82,167,82,167,0,0,0,56,1,SLICE,SLICE
82,146,82,146,0,0,0,55,1,SLICE,SLICE
82,148,82,148,0,0,0,55,1,SLICE,SLICE
82,148,82,148,0,0,0,55,1,SLICE,SLICE
83,148,83,148,0,0,0,58,1,SLICE,SLICE
83,149,83,149,0,0,0,58,1,SLICE,SLICE
82,148,82,148,0,0,0,56,1,SLICE,SLICE
78,137,78,137,0,0,0,55,1,SLICE,SLICE
79,138,79,138,0,0,0,58,1,SLICE,SLICE
79,137,79,137,0,0,0,58,1,SLICE,SLICE
79,137,79,137,0,0,0,59,1,SLICE,SLICE
80,136,80,136,0,0,0,58,1,SLICE,SLICE
78,139,78,139,0,0,0,56,1,SLICE,SLICE
82,151,82,151,0,0,0,55,1,SLICE,SLICE
82,151,82,151,0,0,0,55,1,SLICE,SLICE
83,150,83,150,0,0,0,58,1,SLICE,SLICE
83,151,83,151,0,0,0,58,1,SLICE,SLICE
83,151,83,151,0,0,0,59,1,SLICE,SLICE
82,150,82,150,0,0,0,56,1,SLICE,SLICE
80,165,80,165,0,0,0,59,1,SLICE,SLICE
82,162,82,162,0,0,0,55,1,SLICE,SLICE
80,161,80,161,0,0,0,58,1,SLICE,SLICE
80,163,80,163,0,0,0,58,1,SLICE,SLICE
83,162,83,162,0,0,0,58,1,SLICE,SLICE
80,162,80,162,0,0,0,58,1,SLICE,SLICE
80,134,80,134,0,0,0,58,1,SLICE,SLICE
81,134,81,134,0,0,0,58,1,SLICE,SLICE
80,133,80,133,0,0,0,58,1,SLICE,SLICE
80,135,80,135,0,0,0,58,1,SLICE,SLICE
83,135,83,135,0,0,0,58,1,SLICE,SLICE
80,134,80,134,0,0,0,58,1,SLICE,SLICE
78,135,78,135,0,0,0,55,1,SLICE,SLICE
79,136,79,136,0,0,0,59,1,SLICE,SLICE
79,135,79,135,0,0,0,58,1,SLICE,SLICE
79,136,79,136,0,0,0,58,1,SLICE,SLICE
79,136,79,136,0,0,0,58,1,SLICE,SLICE
78,135,78,135,0,0,0,55,1,SLICE,SLICE
85,135,85,135,0,0,0,58,1,SLICE,SLICE
85,135,85,135,0,0,0,59,1,SLICE,SLICE
85,135,85,135,0,0,0,58,1,SLICE,SLICE
85,135,85,135,0,0,0,58,1,SLICE,SLICE
83,135,83,135,0,0,0,59,1,SLICE,SLICE
84,135,84,135,0,0,0,58,1,SLICE,SLICE
78,136,78,136,0,0,0,56,1,SLICE,SLICE
78,138,78,138,0,0,0,55,1,SLICE,SLICE
78,136,78,136,0,0,0,55,1,SLICE,SLICE
78,137,78,137,0,0,0,56,1,SLICE,SLICE
78,136,78,136,0,0,0,55,1,SLICE,SLICE
78,136,78,136,0,0,0,55,1,SLICE,SLICE
85,136,85,136,0,0,0,59,1,SLICE,SLICE
85,136,85,136,0,0,0,58,1,SLICE,SLICE
85,136,85,136,0,0,0,58,1,SLICE,SLICE
84,135,84,135,0,0,0,58,1,SLICE,SLICE
85,137,85,137,0,0,0,59,1,SLICE,SLICE
84,136,84,136,0,0,0,58,1,SLICE,SLICE
82,141,82,141,0,0,0,56,1,SLICE,SLICE
82,142,82,142,0,0,0,55,1,SLICE,SLICE
82,142,82,142,0,0,0,56,1,SLICE,SLICE
82,142,82,142,0,0,0,55,1,SLICE,SLICE
83,142,83,142,0,0,0,58,1,SLICE,SLICE
82,142,82,142,0,0,0,55,1,SLICE,SLICE
80,142,80,142,0,0,0,59,1,SLICE,SLICE
83,144,83,144,0,0,0,58,1,SLICE,SLICE
83,144,83,144,0,0,0,59,1,SLICE,SLICE
83,145,83,145,0,0,0,58,1,SLICE,SLICE
83,145,83,145,0,0,0,59,1,SLICE,SLICE
82,144,82,144,0,0,0,56,1,SLICE,SLICE
82,140,82,140,0,0,0,55,1,SLICE,SLICE
82,141,82,141,0,0,0,55,1,SLICE,SLICE
83,140,83,140,0,0,0,58,1,SLICE,SLICE
83,140,83,140,0,0,0,59,1,SLICE,SLICE
83,140,83,140,0,0,0,58,1,SLICE,SLICE
82,140,82,140,0,0,0,56,1,SLICE,SLICE
82,143,82,143,0,0,0,55,1,SLICE,SLICE
83,143,83,143,0,0,0,58,1,SLICE,SLICE
83,142,83,142,0,0,0,59,1,SLICE,SLICE
83,142,83,142,0,0,0,58,1,SLICE,SLICE
82,144,82,144,0,0,0,55,1,SLICE,SLICE
82,143,82,143,0,0,0,56,1,SLICE,SLICE
80,139,80,139,0,0,0,59,1,SLICE,SLICE
80,138,80,138,0,0,0,59,1,SLICE,SLICE
80,139,80,139,0,0,0,58,1,SLICE,SLICE
80,139,80,139,0,0,0,58,1,SLICE,SLICE
81,139,81,139,0,0,0,58,1,SLICE,SLICE
80,139,80,139,0,0,0,58,1,SLICE,SLICE
82,139,82,139,0,0,0,55,1,SLICE,SLICE
83,139,83,139,0,0,0,58,1,SLICE,SLICE
82,140,82,140,0,0,0,55,1,SLICE,SLICE
83,139,83,139,0,0,0,59,1,SLICE,SLICE
82,140,82,140,0,0,0,55,1,SLICE,SLICE
82,139,82,139,0,0,0,56,1,SLICE,SLICE
82,138,82,138,0,0,0,55,1,SLICE,SLICE
82,138,82,138,0,0,0,55,1,SLICE,SLICE
83,138,83,138,0,0,0,58,1,SLICE,SLICE
83,138,83,138,0,0,0,59,1,SLICE,SLICE
83,138,83,138,0,0,0,58,1,SLICE,SLICE
82,138,82,138,0,0,0,56,1,SLICE,SLICE
82,136,82,136,0,0,0,55,1,SLICE,SLICE
82,136,82,136,0,0,0,55,1,SLICE,SLICE
83,136,83,136,0,0,0,58,1,SLICE,SLICE
83,136,83,136,0,0,0,59,1,SLICE,SLICE
83,136,83,136,0,0,0,58,1,SLICE,SLICE
82,136,82,136,0,0,0,55,1,SLICE,SLICE
82,146,82,146,0,0,0,55,1,SLICE,SLICE
82,146,82,146,0,0,0,55,1,SLICE,SLICE
83,146,83,146,0,0,0,58,1,SLICE,SLICE
82,145,82,145,0,0,0,55,1,SLICE,SLICE
83,146,83,146,0,0,0,59,1,SLICE,SLICE
82,145,82,145,0,0,0,56,1,SLICE,SLICE
82,153,82,153,0,0,0,55,1,SLICE,SLICE
82,153,82,153,0,0,0,55,1,SLICE,SLICE
83,152,83,152,0,0,0,58,1,SLICE,SLICE
83,153,83,153,0,0,0,58,1,SLICE,SLICE
83,153,83,153,0,0,0,59,1,SLICE,SLICE
82,153,82,153,0,0,0,56,1,SLICE,SLICE
84,134,84,134,0,0,0,59,1,SLICE,SLICE
84,134,84,134,0,0,0,58,1,SLICE,SLICE
84,134,84,134,0,0,0,58,1,SLICE,SLICE
85,134,85,134,0,0,0,58,1,SLICE,SLICE
85,134,85,134,0,0,0,59,1,SLICE,SLICE
84,134,84,134,0,0,0,58,1,SLICE,SLICE
82,163,82,163,0,0,0,55,1,SLICE,SLICE
82,163,82,163,0,0,0,55,1,SLICE,SLICE
82,163,82,163,0,0,0,55,1,SLICE,SLICE
83,163,83,163,0,0,0,58,1,SLICE,SLICE
83,163,83,163,0,0,0,59,1,SLICE,SLICE
82,163,82,163,0,0,0,56,1,SLICE,SLICE
82,152,82,152,0,0,0,56,1,SLICE,SLICE
82,152,82,152,0,0,0,55,1,SLICE,SLICE
82,152,82,152,0,0,0,55,1,SLICE,SLICE
82,155,82,155,0,0,0,55,1,SLICE,SLICE
82,154,82,154,0,0,0,56,1,SLICE,SLICE
82,155,82,155,0,0,0,56,1,SLICE,SLICE
82,135,82,135,0,0,0,55,1,SLICE,SLICE
82,135,82,135,0,0,0,55,1,SLICE,SLICE
82,135,82,135,0,0,0,55,1,SLICE,SLICE
83,135,83,135,0,0,0,58,1,SLICE,SLICE
82,136,82,136,0,0,0,56,1,SLICE,SLICE
82,135,82,135,0,0,0,56,1,SLICE,SLICE
77,135,77,135,0,0,0,58,1,SLICE,SLICE
81,134,81,134,0,0,0,59,1,SLICE,SLICE
80,135,80,135,0,0,0,58,1,SLICE,SLICE
77,135,77,135,0,0,0,59,1,SLICE,SLICE
80,138,80,138,0,0,0,58,1,SLICE,SLICE
79,136,79,136,0,0,0,58,1,SLICE,SLICE
79,137,79,137,0,0,0,58,1,SLICE,SLICE
79,137,79,137,0,0,0,58,1,SLICE,SLICE
77,138,77,138,0,0,0,59,1,SLICE,SLICE
76,136,76,136,0,0,0,59,1,SLICE,SLICE
77,136,77,136,0,0,0,58,1,SLICE,SLICE
78,137,78,137,0,0,0,55,1,SLICE,SLICE
72,177,72,177,0,0,0,58,1,SLICE,SLICE
72,178,72,178,0,0,0,58,1,SLICE,SLICE
73,178,73,178,0,0,0,58,1,SLICE,SLICE
73,178,73,178,0,0,0,59,1,SLICE,SLICE
72,177,72,177,0,0,0,58,1,SLICE,SLICE
72,178,72,178,0,0,0,58,1,SLICE,SLICE
68,201,68,201,0,0,0,58,1,SLICE,SLICE
70,178,70,178,0,0,0,55,1,SLICE,SLICE
70,178,70,178,0,0,0,55,1,SLICE,SLICE
69,201,69,201,0,0,0,58,1,SLICE,SLICE
71,177,71,177,0,0,0,58,1,SLICE,SLICE
70,178,70,178,0,0,0,56,1,SLICE,SLICE
74,172,74,172,0,0,0,55,1,SLICE,SLICE
75,172,75,172,0,0,0,58,1,SLICE,SLICE
75,171,75,171,0,0,0,59,1,SLICE,SLICE
75,172,75,172,0,0,0,59,1,SLICE,SLICE
75,172,75,172,0,0,0,58,1,SLICE,SLICE
74,172,74,172,0,0,0,56,1,SLICE,SLICE
70,170,70,170,0,0,0,55,1,SLICE,SLICE
69,164,69,164,0,0,0,58,1,SLICE,SLICE
68,162,68,162,0,0,0,59,1,SLICE,SLICE
70,170,70,170,0,0,0,55,1,SLICE,SLICE
70,170,70,170,0,0,0,55,1,SLICE,SLICE
68,164,68,164,0,0,0,58,1,SLICE,SLICE
74,173,74,173,0,0,0,55,1,SLICE,SLICE
74,172,74,172,0,0,0,55,1,SLICE,SLICE
74,173,74,173,0,0,0,55,1,SLICE,SLICE
74,173,74,173,0,0,0,55,1,SLICE,SLICE
74,172,74,172,0,0,0,55,1,SLICE,SLICE
74,173,74,173,0,0,0,56,1,SLICE,SLICE
71,179,71,179,0,0,0,58,1,SLICE,SLICE
70,178,70,178,0,0,0,55,1,SLICE,SLICE
71,178,71,178,0,0,0,58,1,SLICE,SLICE
71,178,71,178,0,0,0,59,1,SLICE,SLICE
73,179,73,179,0,0,0,58,1,SLICE,SLICE
70,179,70,179,0,0,0,56,1,SLICE,SLICE
71,176,71,176,0,0,0,59,1,SLICE,SLICE
70,175,70,175,0,0,0,55,1,SLICE,SLICE
71,174,71,174,0,0,0,58,1,SLICE,SLICE
71,175,71,175,0,0,0,58,1,SLICE,SLICE
71,175,71,175,0,0,0,59,1,SLICE,SLICE
70,174,70,174,0,0,0,55,1,SLICE,SLICE
73,174,73,174,0,0,0,59,1,SLICE,SLICE
73,174,73,174,0,0,0,58,1,SLICE,SLICE
72,173,72,173,0,0,0,58,1,SLICE,SLICE
72,173,72,173,0,0,0,58,1,SLICE,SLICE
74,174,74,174,0,0,0,55,1,SLICE,SLICE
72,173,72,173,0,0,0,58,1,SLICE,SLICE
74,174,74,174,0,0,0,55,1,SLICE,SLICE
75,174,75,174,0,0,0,58,1,SLICE,SLICE
75,174,75,174,0,0,0,59,1,SLICE,SLICE
75,174,75,174,0,0,0,58,1,SLICE,SLICE
75,173,75,173,0,0,0,59,1,SLICE,SLICE
74,174,74,174,0,0,0,55,1,SLICE,SLICE
72,176,72,176,0,0,0,58,1,SLICE,SLICE
74,176,74,176,0,0,0,55,1,SLICE,SLICE
74,176,74,176,0,0,0,55,1,SLICE,SLICE
74,175,74,175,0,0,0,56,1,SLICE,SLICE
74,176,74,176,0,0,0,55,1,SLICE,SLICE
74,176,74,176,0,0,0,56,1,SLICE,SLICE
70,180,70,180,0,0,0,56,1,SLICE,SLICE
70,180,70,180,0,0,0,55,1,SLICE,SLICE
70,180,70,180,0,0,0,55,1,SLICE,SLICE
70,180,70,180,0,0,0,55,1,SLICE,SLICE
71,180,71,180,0,0,0,58,1,SLICE,SLICE
68,206,68,206,0,0,0,59,1,SLICE,SLICE
70,179,70,179,0,0,0,55,1,SLICE,SLICE
70,179,70,179,0,0,0,55,1,SLICE,SLICE
68,206,68,206,0,0,0,58,1,SLICE,SLICE
71,179,71,179,0,0,0,58,1,SLICE,SLICE
71,179,71,179,0,0,0,59,1,SLICE,SLICE
70,179,70,179,0,0,0,55,1,SLICE,SLICE
71,172,71,172,0,0,0,58,1,SLICE,SLICE
71,173,71,173,0,0,0,59,1,SLICE,SLICE
71,172,71,172,0,0,0,59,1,SLICE,SLICE
71,171,71,171,0,0,0,59,1,SLICE,SLICE
71,172,71,172,0,0,0,58,1,SLICE,SLICE
70,172,70,172,0,0,0,56,1,SLICE,SLICE
72,178,72,178,0,0,0,58,1,SLICE,SLICE
72,179,72,179,0,0,0,58,1,SLICE,SLICE
72,179,72,179,0,0,0,58,1,SLICE,SLICE
73,179,73,179,0,0,0,58,1,SLICE,SLICE
73,179,73,179,0,0,0,59,1,SLICE,SLICE
72,179,72,179,0,0,0,59,1,SLICE,SLICE
72,176,72,176,0,0,0,58,1,SLICE,SLICE
73,176,73,176,0,0,0,58,1,SLICE,SLICE
75,176,75,176,0,0,0,58,1,SLICE,SLICE
72,177,72,177,0,0,0,59,1,SLICE,SLICE
75,176,75,176,0,0,0,59,1,SLICE,SLICE
72,176,72,176,0,0,0,59,1,SLICE,SLICE
70,171,70,171,0,0,0,56,1,SLICE,SLICE
70,171,70,171,0,0,0,55,1,SLICE,SLICE
70,171,70,171,0,0,0,55,1,SLICE,SLICE
70,171,70,171,0,0,0,55,1,SLICE,SLICE
71,171,71,171,0,0,0,58,1,SLICE,SLICE
68,164,68,164,0,0,0,59,1,SLICE,SLICE
74,171,74,171,0,0,0,55,1,SLICE,SLICE
74,171,74,171,0,0,0,55,1,SLICE,SLICE
75,171,75,171,0,0,0,58,1,SLICE,SLICE
74,170,74,170,0,0,0,55,1,SLICE,SLICE
74,170,74,170,0,0,0,55,1,SLICE,SLICE
74,171,74,171,0,0,0,56,1,SLICE,SLICE
68,199,68,199,0,0,0,58,1,SLICE,SLICE
68,200,68,200,0,0,0,59,1,SLICE,SLICE
68,199,68,199,0,0,0,59,1,SLICE,SLICE
68,200,68,200,0,0,0,58,1,SLICE,SLICE
68,199,68,199,0,0,0,58,1,SLICE,SLICE
70,177,70,177,0,0,0,56,1,SLICE,SLICE
72,175,72,175,0,0,0,59,1,SLICE,SLICE
72,175,72,175,0,0,0,58,1,SLICE,SLICE
72,175,72,175,0,0,0,58,1,SLICE,SLICE
73,175,73,175,0,0,0,58,1,SLICE,SLICE
73,175,73,175,0,0,0,59,1,SLICE,SLICE
72,175,72,175,0,0,0,58,1,SLICE,SLICE
69,156,69,156,0,0,0,58,1,SLICE,SLICE
70,166,70,166,0,0,0,55,1,SLICE,SLICE
70,166,70,166,0,0,0,55,1,SLICE,SLICE
70,166,70,166,0,0,0,55,1,SLICE,SLICE
71,166,71,166,0,0,0,58,1,SLICE,SLICE
68,156,68,156,0,0,0,58,1,SLICE,SLICE
72,172,72,172,0,0,0,58,1,SLICE,SLICE
72,172,72,172,0,0,0,58,1,SLICE,SLICE
73,172,73,172,0,0,0,58,1,SLICE,SLICE
73,171,73,171,0,0,0,59,1,SLICE,SLICE
75,173,75,173,0,0,0,58,1,SLICE,SLICE
72,172,72,172,0,0,0,58,1,SLICE,SLICE
72,171,72,171,0,0,0,59,1,SLICE,SLICE
72,171,72,171,0,0,0,58,1,SLICE,SLICE
72,171,72,171,0,0,0,58,1,SLICE,SLICE
73,171,73,171,0,0,0,58,1,SLICE,SLICE
74,171,74,171,0,0,0,55,1,SLICE,SLICE
72,171,72,171,0,0,0,58,1,SLICE,SLICE
68,167,68,167,0,0,0,59,1,SLICE,SLICE
68,164,68,164,0,0,0,58,1,SLICE,SLICE
68,164,68,164,0,0,0,58,1,SLICE,SLICE
68,165,68,165,0,0,0,58,1,SLICE,SLICE
68,165,68,165,0,0,0,59,1,SLICE,SLICE
68,166,68,166,0,0,0,58,1,SLICE,SLICE
72,170,72,170,0,0,0,59,1,SLICE,SLICE
72,170,72,170,0,0,0,58,1,SLICE,SLICE
72,170,72,170,0,0,0,58,1,SLICE,SLICE
73,170,73,170,0,0,0,58,1,SLICE,SLICE
73,170,73,170,0,0,0,59,1,SLICE,SLICE
72,170,72,170,0,0,0,58,1,SLICE,SLICE
70,177,70,177,0,0,0,55,1,SLICE,SLICE
70,177,70,177,0,0,0,55,1,SLICE,SLICE
71,177,71,177,0,0,0,58,1,SLICE,SLICE
71,177,71,177,0,0,0,59,1,SLICE,SLICE
72,178,72,178,0,0,0,59,1,SLICE,SLICE
70,177,70,177,0,0,0,55,1,SLICE,SLICE
70,173,70,173,0,0,0,55,1,SLICE,SLICE
70,172,70,172,0,0,0,55,1,SLICE,SLICE
69,168,69,168,0,0,0,59,1,SLICE,SLICE
69,168,69,168,0,0,0,58,1,SLICE,SLICE
69,168,69,168,0,0,0,58,1,SLICE,SLICE
68,168,68,168,0,0,0,58,1,SLICE,SLICE
70,176,70,176,0,0,0,55,1,SLICE,SLICE
70,176,70,176,0,0,0,55,1,SLICE,SLICE
70,176,70,176,0,0,0,55,1,SLICE,SLICE
71,176,71,176,0,0,0,58,1,SLICE,SLICE
72,179,72,179,0,0,0,58,1,SLICE,SLICE
70,176,70,176,0,0,0,56,1,SLICE,SLICE
68,205,68,205,0,0,0,58,1,SLICE,SLICE
68,205,68,205,0,0,0,58,1,SLICE,SLICE
68,204,68,204,0,0,0,58,1,SLICE,SLICE
68,204,68,204,0,0,0,58,1,SLICE,SLICE
68,204,68,204,0,0,0,58,1,SLICE,SLICE
68,205,68,205,0,0,0,58,1,SLICE,SLICE
70,173,70,173,0,0,0,55,1,SLICE,SLICE
70,173,70,173,0,0,0,55,1,SLICE,SLICE
70,172,70,172,0,0,0,55,1,SLICE,SLICE
70,172,70,172,0,0,0,55,1,SLICE,SLICE
71,173,71,173,0,0,0,58,1,SLICE,SLICE
70,173,70,173,0,0,0,56,1,SLICE,SLICE
74,175,74,175,0,0,0,55,1,SLICE,SLICE
74,175,74,175,0,0,0,55,1,SLICE,SLICE
74,175,74,175,0,0,0,55,1,SLICE,SLICE
75,175,75,175,0,0,0,58,1,SLICE,SLICE
75,175,75,175,0,0,0,59,1,SLICE,SLICE
72,176,72,176,0,0,0,58,1,SLICE,SLICE
68,167,68,167,0,0,0,58,1,SLICE,SLICE
69,169,69,169,0,0,0,59,1,SLICE,SLICE
68,167,68,167,0,0,0,58,1,SLICE,SLICE
69,167,69,167,0,0,0,58,1,SLICE,SLICE
69,169,69,169,0,0,0,58,1,SLICE,SLICE
68,167,68,167,0,0,0,58,1,SLICE,SLICE
70,168,70,168,0,0,0,55,1,SLICE,SLICE
70,169,70,169,0,0,0,55,1,SLICE,SLICE
70,169,70,169,0,0,0,55,1,SLICE,SLICE
71,169,71,169,0,0,0,58,1,SLICE,SLICE
71,169,71,169,0,0,0,59,1,SLICE,SLICE
70,169,70,169,0,0,0,56,1,SLICE,SLICE
73,176,73,176,0,0,0,59,1,SLICE,SLICE
73,177,73,177,0,0,0,58,1,SLICE,SLICE
73,177,73,177,0,0,0,59,1,SLICE,SLICE
73,177,73,177,0,0,0,58,1,SLICE,SLICE
74,177,74,177,0,0,0,55,1,SLICE,SLICE
72,177,72,177,0,0,0,58,1,SLICE,SLICE
68,170,68,170,0,0,0,59,1,SLICE,SLICE
68,170,68,170,0,0,0,58,1,SLICE,SLICE
69,169,69,169,0,0,0,58,1,SLICE,SLICE
71,174,71,174,0,0,0,58,1,SLICE,SLICE
71,174,71,174,0,0,0,59,1,SLICE,SLICE
70,174,70,174,0,0,0,55,1,SLICE,SLICE
72,174,72,174,0,0,0,59,1,SLICE,SLICE
72,174,72,174,0,0,0,58,1,SLICE,SLICE
72,174,72,174,0,0,0,58,1,SLICE,SLICE
73,174,73,174,0,0,0,58,1,SLICE,SLICE
74,174,74,174,0,0,0,56,1,SLICE,SLICE
72,174,72,174,0,0,0,58,1,SLICE,SLICE
68,159,68,159,0,0,0,58,1,SLICE,SLICE
69,159,69,159,0,0,0,58,1,SLICE,SLICE
71,170,71,170,0,0,0,58,1,SLICE,SLICE
71,170,71,170,0,0,0,59,1,SLICE,SLICE
69,158,69,158,0,0,0,58,1,SLICE,SLICE
70,170,70,170,0,0,0,56,1,SLICE,SLICE
70,174,70,174,0,0,0,56,1,SLICE,SLICE
70,175,70,175,0,0,0,56,1,SLICE,SLICE
70,174,70,174,0,0,0,55,1,SLICE,SLICE
70,175,70,175,0,0,0,55,1,SLICE,SLICE
68,179,68,179,0,0,0,58,1,SLICE,SLICE
70,175,70,175,0,0,0,55,1,SLICE,SLICE
73,173,73,173,0,0,0,58,1,SLICE,SLICE
72,173,72,173,0,0,0,59,1,SLICE,SLICE
73,172,73,172,0,0,0,59,1,SLICE,SLICE
73,173,73,173,0,0,0,59,1,SLICE,SLICE
73,172,73,172,0,0,0,58,1,SLICE,SLICE
72,172,72,172,0,0,0,59,1,SLICE,SLICE
69,167,69,167,0,0,0,59,1,SLICE,SLICE
68,166,68,166,0,0,0,58,1,SLICE,SLICE
68,166,68,166,0,0,0,58,1,SLICE,SLICE
69,166,69,166,0,0,0,58,1,SLICE,SLICE
69,167,69,167,0,0,0,58,1,SLICE,SLICE
68,166,68,166,0,0,0,59,1,SLICE,SLICE
68,197,68,197,0,0,0,59,1,SLICE,SLICE
68,197,68,197,0,0,0,58,1,SLICE,SLICE
68,197,68,197,0,0,0,58,1,SLICE,SLICE
68,195,68,195,0,0,0,59,1,SLICE,SLICE
69,196,69,196,0,0,0,58,1,SLICE,SLICE
68,198,68,198,0,0,0,58,1,SLICE,SLICE
52,193,52,193,0,0,0,56,1,SLICE,SLICE
48,197,48,197,0,0,0,58,1,SLICE,SLICE
48,197,48,197,0,0,0,58,1,SLICE,SLICE
49,197,49,197,0,0,0,58,1,SLICE,SLICE
49,197,49,197,0,0,0,59,1,SLICE,SLICE
48,197,48,197,0,0,0,59,1,SLICE,SLICE
55,192,55,192,0,0,0,58,1,SLICE,SLICE
54,191,54,191,0,0,0,55,1,SLICE,SLICE
55,192,55,192,0,0,0,58,1,SLICE,SLICE
55,193,55,193,0,0,0,58,1,SLICE,SLICE
55,193,55,193,0,0,0,58,1,SLICE,SLICE
54,191,54,191,0,0,0,56,1,SLICE,SLICE
63,206,63,206,0,0,0,59,1,SLICE,SLICE
63,206,63,206,0,0,0,58,1,SLICE,SLICE
60,203,60,203,0,0,0,58,1,SLICE,SLICE
60,203,60,203,0,0,0,58,1,SLICE,SLICE
63,206,63,206,0,0,0,58,1,SLICE,SLICE
62,205,62,205,0,0,0,56,1,SLICE,SLICE
55,199,55,199,0,0,0,59,1,SLICE,SLICE
50,190,50,190,0,0,0,55,1,SLICE,SLICE
55,199,55,199,0,0,0,58,1,SLICE,SLICE
53,196,53,196,0,0,0,59,1,SLICE,SLICE
55,196,55,196,0,0,0,59,1,SLICE,SLICE
56,197,56,197,0,0,0,56,1,SLICE,SLICE
55,195,55,195,0,0,0,59,1,SLICE,SLICE
54,196,54,196,0,0,0,55,1,SLICE,SLICE
53,195,53,195,0,0,0,58,1,SLICE,SLICE
55,197,55,197,0,0,0,58,1,SLICE,SLICE
55,195,55,195,0,0,0,58,1,SLICE,SLICE
52,196,52,196,0,0,0,56,1,SLICE,SLICE
52,194,52,194,0,0,0,55,1,SLICE,SLICE
54,194,54,194,0,0,0,55,1,SLICE,SLICE
49,191,49,191,0,0,0,59,1,SLICE,SLICE
53,195,53,195,0,0,0,59,1,SLICE,SLICE
53,195,53,195,0,0,0,58,1,SLICE,SLICE
52,195,52,195,0,0,0,56,1,SLICE,SLICE
58,200,58,200,0,0,0,55,1,SLICE,SLICE
58,200,58,200,0,0,0,55,1,SLICE,SLICE
59,200,59,200,0,0,0,58,1,SLICE,SLICE
59,200,59,200,0,0,0,59,1,SLICE,SLICE
59,200,59,200,0,0,0,58,1,SLICE,SLICE
58,200,58,200,0,0,0,56,1,SLICE,SLICE
49,189,49,189,0,0,0,58,1,SLICE,SLICE
49,196,49,196,0,0,0,58,1,SLICE,SLICE
49,189,49,189,0,0,0,58,1,SLICE,SLICE
49,198,49,198,0,0,0,58,1,SLICE,SLICE
50,190,50,190,0,0,0,55,1,SLICE,SLICE
54,191,54,191,0,0,0,55,1,SLICE,SLICE
55,195,55,195,0,0,0,58,1,SLICE,SLICE
52,194,52,194,0,0,0,55,1,SLICE,SLICE
55,194,55,194,0,0,0,58,1,SLICE,SLICE
55,194,55,194,0,0,0,59,1,SLICE,SLICE
53,194,53,194,0,0,0,58,1,SLICE,SLICE
54,195,54,195,0,0,0,56,1,SLICE,SLICE
58,203,58,203,0,0,0,55,1,SLICE,SLICE
56,199,56,199,0,0,0,55,1,SLICE,SLICE
56,198,56,198,0,0,0,55,1,SLICE,SLICE
55,196,55,196,0,0,0,58,1,SLICE,SLICE
56,198,56,198,0,0,0,55,1,SLICE,SLICE
54,197,54,197,0,0,0,56,1,SLICE,SLICE
56,195,56,195,0,0,0,55,1,SLICE,SLICE
56,193,56,193,0,0,0,55,1,SLICE,SLICE
55,196,55,196,0,0,0,58,1,SLICE,SLICE
57,194,57,194,0,0,0,59,1,SLICE,SLICE
57,195,57,195,0,0,0,58,1,SLICE,SLICE
56,194,56,194,0,0,0,56,1,SLICE,SLICE
58,205,58,205,0,0,0,55,1,SLICE,SLICE
59,204,59,204,0,0,0,59,1,SLICE,SLICE
61,205,61,205,0,0,0,58,1,SLICE,SLICE
57,202,57,202,0,0,0,58,1,SLICE,SLICE
59,204,59,204,0,0,0,58,1,SLICE,SLICE
58,205,58,205,0,0,0,56,1,SLICE,SLICE
58,201,58,201,0,0,0,56,1,SLICE,SLICE
58,202,58,202,0,0,0,55,1,SLICE,SLICE
58,201,58,201,0,0,0,55,1,SLICE,SLICE
58,201,58,201,0,0,0,55,1,SLICE,SLICE
58,201,58,201,0,0,0,55,1,SLICE,SLICE
58,202,58,202,0,0,0,56,1,SLICE,SLICE
56,206,56,206,0,0,0,55,1,SLICE,SLICE
56,206,56,206,0,0,0,55,1,SLICE,SLICE
57,207,57,207,0,0,0,58,1,SLICE,SLICE
56,206,56,206,0,0,0,55,1,SLICE,SLICE
57,206,57,206,0,0,0,58,1,SLICE,SLICE
56,206,56,206,0,0,0,56,1,SLICE,SLICE
54,202,54,202,0,0,0,55,1,SLICE,SLICE
55,202,55,202,0,0,0,58,1,SLICE,SLICE
57,202,57,202,0,0,0,58,1,SLICE,SLICE
57,203,57,203,0,0,0,58,1,SLICE,SLICE
57,202,57,202,0,0,0,58,1,SLICE,SLICE
58,206,58,206,0,0,0,56,1,SLICE,SLICE
58,192,58,192,0,0,0,55,1,SLICE,SLICE
56,189,56,189,0,0,0,55,1,SLICE,SLICE
59,192,59,192,0,0,0,58,1,SLICE,SLICE
59,192,59,192,0,0,0,59,1,SLICE,SLICE
56,189,56,189,0,0,0,55,1,SLICE,SLICE
56,189,56,189,0,0,0,56,1,SLICE,SLICE
60,206,60,206,0,0,0,58,1,SLICE,SLICE
61,206,61,206,0,0,0,58,1,SLICE,SLICE
61,206,61,206,0,0,0,59,1,SLICE,SLICE
61,206,61,206,0,0,0,58,1,SLICE,SLICE
61,206,61,206,0,0,0,58,1,SLICE,SLICE
60,206,60,206,0,0,0,58,1,SLICE,SLICE
60,204,60,204,0,0,0,59,1,SLICE,SLICE
58,200,58,200,0,0,0,55,1,SLICE,SLICE
60,204,60,204,0,0,0,58,1,SLICE,SLICE
60,203,60,203,0,0,0,59,1,SLICE,SLICE
60,204,60,204,0,0,0,58,1,SLICE,SLICE
58,199,58,199,0,0,0,56,1,SLICE,SLICE
56,192,56,192,0,0,0,55,1,SLICE,SLICE
56,194,56,194,0,0,0,55,1,SLICE,SLICE
56,192,56,192,0,0,0,55,1,SLICE,SLICE
56,191,56,191,0,0,0,55,1,SLICE,SLICE
56,192,56,192,0,0,0,55,1,SLICE,SLICE
56,193,56,193,0,0,0,56,1,SLICE,SLICE
58,203,58,203,0,0,0,55,1,SLICE,SLICE
59,203,59,203,0,0,0,58,1,SLICE,SLICE
59,202,59,202,0,0,0,58,1,SLICE,SLICE
61,204,61,204,0,0,0,59,1,SLICE,SLICE
61,204,61,204,0,0,0,58,1,SLICE,SLICE
56,196,56,196,0,0,0,56,1,SLICE,SLICE
55,194,55,194,0,0,0,58,1,SLICE,SLICE
55,196,55,196,0,0,0,58,1,SLICE,SLICE
57,192,57,192,0,0,0,59,1,SLICE,SLICE
56,193,56,193,0,0,0,55,1,SLICE,SLICE
57,194,57,194,0,0,0,58,1,SLICE,SLICE
54,194,54,194,0,0,0,56,1,SLICE,SLICE
48,191,48,191,0,0,0,58,1,SLICE,SLICE
52,194,52,194,0,0,0,56,1,SLICE,SLICE
50,191,50,191,0,0,0,55,1,SLICE,SLICE
50,191,50,191,0,0,0,55,1,SLICE,SLICE
52,193,52,193,0,0,0,55,1,SLICE,SLICE
50,192,50,192,0,0,0,56,1,SLICE,SLICE
56,199,56,199,0,0,0,56,1,SLICE,SLICE
56,202,56,202,0,0,0,55,1,SLICE,SLICE
56,202,56,202,0,0,0,55,1,SLICE,SLICE
56,202,56,202,0,0,0,55,1,SLICE,SLICE
56,203,56,203,0,0,0,56,1,SLICE,SLICE
56,202,56,202,0,0,0,56,1,SLICE,SLICE
58,199,58,199,0,0,0,55,1,SLICE,SLICE
55,193,55,193,0,0,0,58,1,SLICE,SLICE
54,194,54,194,0,0,0,55,1,SLICE,SLICE
54,194,54,194,0,0,0,55,1,SLICE,SLICE
54,192,54,192,0,0,0,55,1,SLICE,SLICE
54,193,54,193,0,0,0,55,1,SLICE,SLICE
59,201,59,201,0,0,0,58,1,SLICE,SLICE
56,197,56,197,0,0,0,55,1,SLICE,SLICE
59,202,59,202,0,0,0,58,1,SLICE,SLICE
59,201,59,201,0,0,0,59,1,SLICE,SLICE
59,202,59,202,0,0,0,59,1,SLICE,SLICE
58,202,58,202,0,0,0,55,1,SLICE,SLICE
58,196,58,196,0,0,0,55,1,SLICE,SLICE
59,193,59,193,0,0,0,58,1,SLICE,SLICE
59,196,59,196,0,0,0,58,1,SLICE,SLICE
59,197,59,197,0,0,0,59,1,SLICE,SLICE
59,194,59,194,0,0,0,58,1,SLICE,SLICE
58,194,58,194,0,0,0,56,1,SLICE,SLICE
56,194,56,194,0,0,0,55,1,SLICE,SLICE
56,195,56,195,0,0,0,56,1,SLICE,SLICE
55,194,55,194,0,0,0,58,1,SLICE,SLICE
56,195,56,195,0,0,0,55,1,SLICE,SLICE
56,195,56,195,0,0,0,55,1,SLICE,SLICE
54,196,54,196,0,0,0,55,1,SLICE,SLICE
56,191,56,191,0,0,0,55,1,SLICE,SLICE
56,194,56,194,0,0,0,55,1,SLICE,SLICE
57,192,57,192,0,0,0,58,1,SLICE,SLICE
57,191,57,191,0,0,0,58,1,SLICE,SLICE
57,191,57,191,0,0,0,59,1,SLICE,SLICE
56,191,56,191,0,0,0,56,1,SLICE,SLICE
54,198,54,198,0,0,0,55,1,SLICE,SLICE
56,197,56,197,0,0,0,55,1,SLICE,SLICE
54,197,54,197,0,0,0,55,1,SLICE,SLICE
54,195,54,195,0,0,0,55,1,SLICE,SLICE
56,196,56,196,0,0,0,55,1,SLICE,SLICE
54,198,54,198,0,0,0,56,1,SLICE,SLICE
53,197,53,197,0,0,0,58,1,SLICE,SLICE
55,197,55,197,0,0,0,59,1,SLICE,SLICE
55,197,55,197,0,0,0,58,1,SLICE,SLICE
55,197,55,197,0,0,0,58,1,SLICE,SLICE
55,199,55,199,0,0,0,58,1,SLICE,SLICE
52,197,52,197,0,0,0,56,1,SLICE,SLICE
58,198,58,198,0,0,0,56,1,SLICE,SLICE
59,199,59,199,0,0,0,58,1,SLICE,SLICE
58,198,58,198,0,0,0,55,1,SLICE,SLICE
58,198,58,198,0,0,0,55,1,SLICE,SLICE
58,198,58,198,0,0,0,55,1,SLICE,SLICE
58,199,58,199,0,0,0,55,1,SLICE,SLICE
56,205,56,205,0,0,0,56,1,SLICE,SLICE
54,204,54,204,0,0,0,55,1,SLICE,SLICE
56,204,56,204,0,0,0,55,1,SLICE,SLICE
55,204,55,204,0,0,0,59,1,SLICE,SLICE
57,204,57,204,0,0,0,58,1,SLICE,SLICE
56,204,56,204,0,0,0,56,1,SLICE,SLICE
58,205,58,205,0,0,0,55,1,SLICE,SLICE
59,205,59,205,0,0,0,58,1,SLICE,SLICE
60,206,60,206,0,0,0,58,1,SLICE,SLICE
59,205,59,205,0,0,0,59,1,SLICE,SLICE
61,205,61,205,0,0,0,59,1,SLICE,SLICE
60,205,60,205,0,0,0,58,1,SLICE,SLICE
60,205,60,205,0,0,0,58,1,SLICE,SLICE
58,204,58,204,0,0,0,55,1,SLICE,SLICE
58,203,58,203,0,0,0,56,1,SLICE,SLICE
61,204,61,204,0,0,0,58,1,SLICE,SLICE
58,203,58,203,0,0,0,55,1,SLICE,SLICE
60,205,60,205,0,0,0,59,1,SLICE,SLICE
58,206,58,206,0,0,0,55,1,SLICE,SLICE
59,206,59,206,0,0,0,58,1,SLICE,SLICE
59,206,59,206,0,0,0,59,1,SLICE,SLICE
59,206,59,206,0,0,0,58,1,SLICE,SLICE
59,206,59,206,0,0,0,58,1,SLICE,SLICE
58,206,58,206,0,0,0,55,1,SLICE,SLICE
55,189,55,189,0,0,0,58,1,SLICE,SLICE
55,191,55,191,0,0,0,58,1,SLICE,SLICE
54,190,54,190,0,0,0,55,1,SLICE,SLICE
55,191,55,191,0,0,0,59,1,SLICE,SLICE
54,190,54,190,0,0,0,55,1,SLICE,SLICE
54,190,54,190,0,0,0,56,1,SLICE,SLICE
56,198,56,198,0,0,0,55,1,SLICE,SLICE
57,198,57,198,0,0,0,58,1,SLICE,SLICE
58,204,58,204,0,0,0,55,1,SLICE,SLICE
59,204,59,204,0,0,0,58,1,SLICE,SLICE
57,198,57,198,0,0,0,59,1,SLICE,SLICE
58,204,58,204,0,0,0,56,1,SLICE,SLICE
59,198,59,198,0,0,0,58,1,SLICE,SLICE
61,203,61,203,0,0,0,58,1,SLICE,SLICE
59,198,59,198,0,0,0,59,1,SLICE,SLICE
59,199,59,199,0,0,0,59,1,SLICE,SLICE
61,203,61,203,0,0,0,59,1,SLICE,SLICE
60,203,60,203,0,0,0,58,1,SLICE,SLICE
52,193,52,193,0,0,0,55,1,SLICE,SLICE
52,193,52,193,0,0,0,55,1,SLICE,SLICE
53,193,53,193,0,0,0,58,1,SLICE,SLICE
53,193,53,193,0,0,0,59,1,SLICE,SLICE
52,192,52,192,0,0,0,55,1,SLICE,SLICE
56,190,56,190,0,0,0,56,1,SLICE,SLICE
55,195,55,195,0,0,0,58,1,SLICE,SLICE
54,192,54,192,0,0,0,55,1,SLICE,SLICE
55,192,55,192,0,0,0,58,1,SLICE,SLICE
55,193,55,193,0,0,0,59,1,SLICE,SLICE
55,192,55,192,0,0,0,59,1,SLICE,SLICE
54,193,54,193,0,0,0,56,1,SLICE,SLICE
62,164,62,164,0,0,0,56,1,SLICE,SLICE
62,165,62,165,0,0,0,55,1,SLICE,SLICE
62,164,62,164,0,0,0,55,1,SLICE,SLICE
62,164,62,164,0,0,0,55,1,SLICE,SLICE
63,165,63,165,0,0,0,58,1,SLICE,SLICE
62,165,62,165,0,0,0,55,1,SLICE,SLICE
66,152,66,152,0,0,0,56,1,SLICE,SLICE
64,160,64,160,0,0,0,58,1,SLICE,SLICE
66,153,66,153,0,0,0,56,1,SLICE,SLICE
64,152,64,152,0,0,0,58,1,SLICE,SLICE
64,152,64,152,0,0,0,59,1,SLICE,SLICE
66,152,66,152,0,0,0,55,1,SLICE,SLICE
63,156,63,156,0,0,0,58,1,SLICE,SLICE
65,158,65,158,0,0,0,59,1,SLICE,SLICE
64,153,64,153,0,0,0,58,1,SLICE,SLICE
63,152,63,152,0,0,0,59,1,SLICE,SLICE
63,151,63,151,0,0,0,59,1,SLICE,SLICE
62,152,62,152,0,0,0,56,1,SLICE,SLICE
69,149,69,149,0,0,0,58,1,SLICE,SLICE
69,149,69,149,0,0,0,59,1,SLICE,SLICE
65,154,65,154,0,0,0,58,1,SLICE,SLICE
68,148,68,148,0,0,0,58,1,SLICE,SLICE
69,149,69,149,0,0,0,58,1,SLICE,SLICE
68,146,68,146,0,0,0,59,1,SLICE,SLICE
66,153,66,153,0,0,0,55,1,SLICE,SLICE
66,152,66,152,0,0,0,55,1,SLICE,SLICE
67,152,67,152,0,0,0,58,1,SLICE,SLICE
67,152,67,152,0,0,0,59,1,SLICE,SLICE
67,153,67,153,0,0,0,58,1,SLICE,SLICE
66,153,66,153,0,0,0,55,1,SLICE,SLICE
64,162,64,162,0,0,0,58,1,SLICE,SLICE
65,162,65,162,0,0,0,58,1,SLICE,SLICE
65,162,65,162,0,0,0,59,1,SLICE,SLICE
64,163,64,163,0,0,0,58,1,SLICE,SLICE
64,163,64,163,0,0,0,58,1,SLICE,SLICE
64,163,64,163,0,0,0,58,1,SLICE,SLICE
63,162,63,162,0,0,0,58,1,SLICE,SLICE
63,162,63,162,0,0,0,59,1,SLICE,SLICE
63,162,63,162,0,0,0,58,1,SLICE,SLICE
64,161,64,161,0,0,0,58,1,SLICE,SLICE
63,162,63,162,0,0,0,58,1,SLICE,SLICE
64,162,64,162,0,0,0,59,1,SLICE,SLICE
64,164,64,164,0,0,0,58,1,SLICE,SLICE
64,164,64,164,0,0,0,59,1,SLICE,SLICE
64,164,64,164,0,0,0,58,1,SLICE,SLICE
64,164,64,164,0,0,0,58,1,SLICE,SLICE
65,165,65,165,0,0,0,58,1,SLICE,SLICE
64,165,64,165,0,0,0,59,1,SLICE,SLICE
63,156,63,156,0,0,0,59,1,SLICE,SLICE
63,154,63,154,0,0,0,59,1,SLICE,SLICE
63,155,63,155,0,0,0,59,1,SLICE,SLICE
63,154,63,154,0,0,0,58,1,SLICE,SLICE
63,154,63,154,0,0,0,58,1,SLICE,SLICE
64,160,64,160,0,0,0,59,1,SLICE,SLICE
62,166,62,166,0,0,0,55,1,SLICE,SLICE
62,166,62,166,0,0,0,55,1,SLICE,SLICE
62,166,62,166,0,0,0,55,1,SLICE,SLICE
63,166,63,166,0,0,0,58,1,SLICE,SLICE
63,166,63,166,0,0,0,59,1,SLICE,SLICE
62,166,62,166,0,0,0,56,1,SLICE,SLICE
62,154,62,154,0,0,0,55,1,SLICE,SLICE
68,152,68,152,0,0,0,58,1,SLICE,SLICE
62,155,62,155,0,0,0,56,1,SLICE,SLICE
68,152,68,152,0,0,0,59,1,SLICE,SLICE
68,150,68,150,0,0,0,58,1,SLICE,SLICE
68,149,68,149,0,0,0,58,1,SLICE,SLICE
65,160,65,160,0,0,0,58,1,SLICE,SLICE
60,162,60,162,0,0,0,59,1,SLICE,SLICE
65,162,65,162,0,0,0,58,1,SLICE,SLICE
63,161,63,161,0,0,0,59,1,SLICE,SLICE
63,160,63,160,0,0,0,58,1,SLICE,SLICE
64,162,64,162,0,0,0,58,1,SLICE,SLICE
68,150,68,150,0,0,0,59,1,SLICE,SLICE
68,148,68,148,0,0,0,58,1,SLICE,SLICE
68,148,68,148,0,0,0,59,1,SLICE,SLICE
68,150,68,150,0,0,0,58,1,SLICE,SLICE
65,152,65,152,0,0,0,58,1,SLICE,SLICE
64,152,64,152,0,0,0,58,1,SLICE,SLICE
62,161,62,161,0,0,0,55,1,SLICE,SLICE
62,161,62,161,0,0,0,55,1,SLICE,SLICE
62,162,62,162,0,0,0,55,1,SLICE,SLICE
62,163,62,163,0,0,0,55,1,SLICE,SLICE
62,162,62,162,0,0,0,55,1,SLICE,SLICE
62,161,62,161,0,0,0,56,1,SLICE,SLICE
68,147,68,147,0,0,0,58,1,SLICE,SLICE
68,147,68,147,0,0,0,59,1,SLICE,SLICE
68,147,68,147,0,0,0,58,1,SLICE,SLICE
66,153,66,153,0,0,0,55,1,SLICE,SLICE
68,147,68,147,0,0,0,58,1,SLICE,SLICE
68,146,68,146,0,0,0,58,1,SLICE,SLICE
66,159,66,159,0,0,0,55,1,SLICE,SLICE
66,160,66,160,0,0,0,55,1,SLICE,SLICE
66,160,66,160,0,0,0,55,1,SLICE,SLICE
66,160,66,160,0,0,0,55,1,SLICE,SLICE
67,160,67,160,0,0,0,58,1,SLICE,SLICE
66,160,66,160,0,0,0,56,1,SLICE,SLICE
64,166,64,166,0,0,0,58,1,SLICE,SLICE
64,166,64,166,0,0,0,59,1,SLICE,SLICE
64,166,64,166,0,0,0,58,1,SLICE,SLICE
64,165,64,165,0,0,0,58,1,SLICE,SLICE
64,166,64,166,0,0,0,58,1,SLICE,SLICE
65,166,65,166,0,0,0,58,1,SLICE,SLICE
67,152,67,152,0,0,0,58,1,SLICE,SLICE
66,155,66,155,0,0,0,55,1,SLICE,SLICE
67,155,67,155,0,0,0,58,1,SLICE,SLICE
66,154,66,154,0,0,0,55,1,SLICE,SLICE
67,155,67,155,0,0,0,59,1,SLICE,SLICE
66,152,66,152,0,0,0,55,1,SLICE,SLICE
67,157,67,157,0,0,0,59,1,SLICE,SLICE
67,154,67,154,0,0,0,59,1,SLICE,SLICE
67,154,67,154,0,0,0,58,1,SLICE,SLICE
67,154,67,154,0,0,0,58,1,SLICE,SLICE
65,156,65,156,0,0,0,58,1,SLICE,SLICE
66,155,66,155,0,0,0,56,1,SLICE,SLICE
66,158,66,158,0,0,0,55,1,SLICE,SLICE
66,157,66,157,0,0,0,55,1,SLICE,SLICE
66,157,66,157,0,0,0,55,1,SLICE,SLICE
67,157,67,157,0,0,0,58,1,SLICE,SLICE
66,158,66,158,0,0,0,55,1,SLICE,SLICE
66,157,66,157,0,0,0,56,1,SLICE,SLICE
66,158,66,158,0,0,0,55,1,SLICE,SLICE
67,159,67,159,0,0,0,59,1,SLICE,SLICE
67,158,67,158,0,0,0,58,1,SLICE,SLICE
67,158,67,158,0,0,0,59,1,SLICE,SLICE
67,158,67,158,0,0,0,58,1,SLICE,SLICE
66,158,66,158,0,0,0,56,1,SLICE,SLICE
68,151,68,151,0,0,0,58,1,SLICE,SLICE
68,154,68,154,0,0,0,59,1,SLICE,SLICE
68,154,68,154,0,0,0,58,1,SLICE,SLICE
69,151,69,151,0,0,0,58,1,SLICE,SLICE
68,152,68,152,0,0,0,58,1,SLICE,SLICE
68,152,68,152,0,0,0,58,1,SLICE,SLICE
64,158,64,158,0,0,0,58,1,SLICE,SLICE
64,158,64,158,0,0,0,59,1,SLICE,SLICE
64,158,64,158,0,0,0,58,1,SLICE,SLICE
64,159,64,159,0,0,0,58,1,SLICE,SLICE
64,159,64,159,0,0,0,59,1,SLICE,SLICE
66,156,66,156,0,0,0,56,1,SLICE,SLICE
68,156,68,156,0,0,0,58,1,SLICE,SLICE
68,154,68,154,0,0,0,58,1,SLICE,SLICE
69,156,69,156,0,0,0,58,1,SLICE,SLICE
67,157,67,157,0,0,0,58,1,SLICE,SLICE
69,156,69,156,0,0,0,59,1,SLICE,SLICE
68,154,68,154,0,0,0,58,1,SLICE,SLICE
63,163,63,163,0,0,0,59,1,SLICE,SLICE
63,163,63,163,0,0,0,58,1,SLICE,SLICE
63,163,63,163,0,0,0,58,1,SLICE,SLICE
63,164,63,164,0,0,0,58,1,SLICE,SLICE
60,163,60,163,0,0,0,58,1,SLICE,SLICE
62,165,62,165,0,0,0,56,1,SLICE,SLICE
66,156,66,156,0,0,0,55,1,SLICE,SLICE
66,156,66,156,0,0,0,55,1,SLICE,SLICE
67,156,67,156,0,0,0,58,1,SLICE,SLICE
66,157,66,157,0,0,0,55,1,SLICE,SLICE
67,155,67,155,0,0,0,58,1,SLICE,SLICE
66,156,66,156,0,0,0,55,1,SLICE,SLICE
64,165,64,165,0,0,0,58,1,SLICE,SLICE
63,164,63,164,0,0,0,58,1,SLICE,SLICE
64,165,64,165,0,0,0,58,1,SLICE,SLICE
63,165,63,165,0,0,0,58,1,SLICE,SLICE
63,165,63,165,0,0,0,58,1,SLICE,SLICE
62,165,62,165,0,0,0,55,1,SLICE,SLICE
64,154,64,154,0,0,0,59,1,SLICE,SLICE
64,155,64,155,0,0,0,58,1,SLICE,SLICE
64,153,64,153,0,0,0,58,1,SLICE,SLICE
64,155,64,155,0,0,0,59,1,SLICE,SLICE
64,154,64,154,0,0,0,58,1,SLICE,SLICE
64,154,64,154,0,0,0,58,1,SLICE,SLICE
67,153,67,153,0,0,0,59,1,SLICE,SLICE
67,152,67,152,0,0,0,58,1,SLICE,SLICE
67,153,67,153,0,0,0,58,1,SLICE,SLICE
66,154,66,154,0,0,0,55,1,SLICE,SLICE
66,154,66,154,0,0,0,55,1,SLICE,SLICE
66,154,66,154,0,0,0,56,1,SLICE,SLICE
64,160,64,160,0,0,0,58,1,SLICE,SLICE
64,159,64,159,0,0,0,58,1,SLICE,SLICE
65,160,65,160,0,0,0,58,1,SLICE,SLICE
65,160,65,160,0,0,0,59,1,SLICE,SLICE
65,160,65,160,0,0,0,58,1,SLICE,SLICE
64,160,64,160,0,0,0,58,1,SLICE,SLICE
64,158,64,158,0,0,0,58,1,SLICE,SLICE
68,149,68,149,0,0,0,58,1,SLICE,SLICE
69,146,69,146,0,0,0,58,1,SLICE,SLICE
68,149,68,149,0,0,0,58,1,SLICE,SLICE
62,155,62,155,0,0,0,55,1,SLICE,SLICE
68,151,68,151,0,0,0,58,1,SLICE,SLICE
64,156,64,156,0,0,0,58,1,SLICE,SLICE
64,157,64,157,0,0,0,58,1,SLICE,SLICE
64,156,64,156,0,0,0,59,1,SLICE,SLICE
64,156,64,156,0,0,0,58,1,SLICE,SLICE
64,156,64,156,0,0,0,58,1,SLICE,SLICE
64,155,64,155,0,0,0,58,1,SLICE,SLICE
62,163,62,163,0,0,0,55,1,SLICE,SLICE
62,163,62,163,0,0,0,55,1,SLICE,SLICE
63,163,63,163,0,0,0,58,1,SLICE,SLICE
64,163,64,163,0,0,0,59,1,SLICE,SLICE
62,162,62,162,0,0,0,55,1,SLICE,SLICE
64,162,64,162,0,0,0,58,1,SLICE,SLICE
63,158,63,158,0,0,0,58,1,SLICE,SLICE
63,157,63,157,0,0,0,58,1,SLICE,SLICE
63,158,63,158,0,0,0,59,1,SLICE,SLICE
65,158,65,158,0,0,0,58,1,SLICE,SLICE
62,159,62,159,0,0,0,55,1,SLICE,SLICE
62,157,62,157,0,0,0,56,1,SLICE,SLICE
62,162,62,162,0,0,0,56,1,SLICE,SLICE
62,164,62,164,0,0,0,55,1,SLICE,SLICE
63,165,63,165,0,0,0,59,1,SLICE,SLICE
63,164,63,164,0,0,0,58,1,SLICE,SLICE
63,164,63,164,0,0,0,59,1,SLICE,SLICE
62,163,62,163,0,0,0,56,1,SLICE,SLICE
67,156,67,156,0,0,0,58,1,SLICE,SLICE
67,156,67,156,0,0,0,58,1,SLICE,SLICE
65,156,65,156,0,0,0,59,1,SLICE,SLICE
64,157,64,157,0,0,0,59,1,SLICE,SLICE
68,153,68,153,0,0,0,58,1,SLICE,SLICE
66,155,66,155,0,0,0,55,1,SLICE,SLICE
64,154,64,154,0,0,0,58,1,SLICE,SLICE
64,153,64,153,0,0,0,59,1,SLICE,SLICE
65,152,65,152,0,0,0,59,1,SLICE,SLICE
63,161,63,161,0,0,0,58,1,SLICE,SLICE
64,153,64,153,0,0,0,58,1,SLICE,SLICE
64,152,64,152,0,0,0,58,1,SLICE,SLICE
66,159,66,159,0,0,0,55,1,SLICE,SLICE
67,160,67,160,0,0,0,59,1,SLICE,SLICE
67,160,67,160,0,0,0,58,1,SLICE,SLICE
66,159,66,159,0,0,0,55,1,SLICE,SLICE
67,159,67,159,0,0,0,58,1,SLICE,SLICE
66,159,66,159,0,0,0,56,1,SLICE,SLICE
67,154,67,154,0,0,0,58,1,SLICE,SLICE
67,155,67,155,0,0,0,58,1,SLICE,SLICE
67,151,67,151,0,0,0,58,1,SLICE,SLICE
67,151,67,151,0,0,0,59,1,SLICE,SLICE
67,156,67,156,0,0,0,59,1,SLICE,SLICE
66,155,66,155,0,0,0,55,1,SLICE,SLICE
67,153,67,153,0,0,0,58,1,SLICE,SLICE
69,151,69,151,0,0,0,59,1,SLICE,SLICE
68,149,68,149,0,0,0,59,1,SLICE,SLICE
69,151,69,151,0,0,0,58,1,SLICE,SLICE
69,151,69,151,0,0,0,58,1,SLICE,SLICE
68,151,68,151,0,0,0,59,1,SLICE,SLICE
54,138,54,138,0,0,0,55,1,SLICE,SLICE
55,137,55,137,0,0,0,59,1,SLICE,SLICE
55,137,55,137,0,0,0,58,1,SLICE,SLICE
55,138,55,138,0,0,0,58,1,SLICE,SLICE
55,138,55,138,0,0,0,59,1,SLICE,SLICE
54,138,54,138,0,0,0,56,1,SLICE,SLICE
57,147,57,147,0,0,0,58,1,SLICE,SLICE
57,148,57,148,0,0,0,58,1,SLICE,SLICE
57,148,57,148,0,0,0,59,1,SLICE,SLICE
57,147,57,147,0,0,0,58,1,SLICE,SLICE
57,148,57,148,0,0,0,58,1,SLICE,SLICE
56,147,56,147,0,0,0,56,1,SLICE,SLICE
54,140,54,140,0,0,0,56,1,SLICE,SLICE
54,140,54,140,0,0,0,55,1,SLICE,SLICE
54,140,54,140,0,0,0,55,1,SLICE,SLICE
55,139,55,139,0,0,0,59,1,SLICE,SLICE
54,140,54,140,0,0,0,55,1,SLICE,SLICE
54,139,54,139,0,0,0,56,1,SLICE,SLICE
54,141,54,141,0,0,0,55,1,SLICE,SLICE
54,141,54,141,0,0,0,55,1,SLICE,SLICE
54,142,54,142,0,0,0,55,1,SLICE,SLICE
55,141,55,141,0,0,0,58,1,SLICE,SLICE
54,142,54,142,0,0,0,55,1,SLICE,SLICE
54,141,54,141,0,0,0,56,1,SLICE,SLICE
46,168,46,168,0,0,0,55,1,SLICE,SLICE
49,169,49,169,0,0,0,58,1,SLICE,SLICE
46,168,46,168,0,0,0,55,1,SLICE,SLICE
46,169,46,169,0,0,0,55,1,SLICE,SLICE
49,169,49,169,0,0,0,58,1,SLICE,SLICE
46,168,46,168,0,0,0,56,1,SLICE,SLICE
56,136,56,136,0,0,0,55,1,SLICE,SLICE
57,136,57,136,0,0,0,58,1,SLICE,SLICE
55,140,55,140,0,0,0,58,1,SLICE,SLICE
55,140,55,140,0,0,0,59,1,SLICE,SLICE
57,136,57,136,0,0,0,59,1,SLICE,SLICE
56,135,56,135,0,0,0,55,1,SLICE,SLICE
57,144,57,144,0,0,0,59,1,SLICE,SLICE
57,147,57,147,0,0,0,58,1,SLICE,SLICE
57,147,57,147,0,0,0,59,1,SLICE,SLICE
57,144,57,144,0,0,0,58,1,SLICE,SLICE
57,146,57,146,0,0,0,59,1,SLICE,SLICE
56,144,56,144,0,0,0,56,1,SLICE,SLICE
54,144,54,144,0,0,0,55,1,SLICE,SLICE
55,146,55,146,0,0,0,58,1,SLICE,SLICE
55,146,55,146,0,0,0,59,1,SLICE,SLICE
54,144,54,144,0,0,0,55,1,SLICE,SLICE
55,144,55,144,0,0,0,58,1,SLICE,SLICE
54,146,54,146,0,0,0,56,1,SLICE,SLICE
58,135,58,135,0,0,0,55,1,SLICE,SLICE
56,135,56,135,0,0,0,55,1,SLICE,SLICE
57,135,57,135,0,0,0,58,1,SLICE,SLICE
56,134,56,134,0,0,0,56,1,SLICE,SLICE
58,134,58,134,0,0,0,55,1,SLICE,SLICE
58,136,58,136,0,0,0,56,1,SLICE,SLICE
56,134,56,134,0,0,0,55,1,SLICE,SLICE
56,134,56,134,0,0,0,55,1,SLICE,SLICE
56,134,56,134,0,0,0,55,1,SLICE,SLICE
55,135,55,135,0,0,0,58,1,SLICE,SLICE
57,134,57,134,0,0,0,58,1,SLICE,SLICE
54,135,54,135,0,0,0,55,1,SLICE,SLICE
57,140,57,140,0,0,0,58,1,SLICE,SLICE
57,140,57,140,0,0,0,58,1,SLICE,SLICE
57,139,57,139,0,0,0,59,1,SLICE,SLICE
57,139,57,139,0,0,0,58,1,SLICE,SLICE
57,141,57,141,0,0,0,58,1,SLICE,SLICE
56,139,56,139,0,0,0,55,1,SLICE,SLICE
54,136,54,136,0,0,0,55,1,SLICE,SLICE
54,136,54,136,0,0,0,55,1,SLICE,SLICE
54,136,54,136,0,0,0,55,1,SLICE,SLICE
55,136,55,136,0,0,0,58,1,SLICE,SLICE
55,136,55,136,0,0,0,59,1,SLICE,SLICE
54,135,54,135,0,0,0,55,1,SLICE,SLICE
57,148,57,148,0,0,0,58,1,SLICE,SLICE
56,149,56,149,0,0,0,55,1,SLICE,SLICE
57,149,57,149,0,0,0,58,1,SLICE,SLICE
57,149,57,149,0,0,0,59,1,SLICE,SLICE
57,149,57,149,0,0,0,58,1,SLICE,SLICE
56,148,56,148,0,0,0,56,1,SLICE,SLICE
54,138,54,138,0,0,0,55,1,SLICE,SLICE
54,139,54,139,0,0,0,55,1,SLICE,SLICE
54,138,54,138,0,0,0,55,1,SLICE,SLICE
54,139,54,139,0,0,0,55,1,SLICE,SLICE
55,139,55,139,0,0,0,58,1,SLICE,SLICE
54,139,54,139,0,0,0,55,1,SLICE,SLICE
48,165,48,165,0,0,0,58,1,SLICE,SLICE
48,166,48,166,0,0,0,58,1,SLICE,SLICE
48,166,48,166,0,0,0,58,1,SLICE,SLICE
49,166,49,166,0,0,0,58,1,SLICE,SLICE
49,166,49,166,0,0,0,59,1,SLICE,SLICE
48,166,48,166,0,0,0,59,1,SLICE,SLICE
54,145,54,145,0,0,0,55,1,SLICE,SLICE
57,144,57,144,0,0,0,58,1,SLICE,SLICE
55,145,55,145,0,0,0,58,1,SLICE,SLICE
55,145,55,145,0,0,0,59,1,SLICE,SLICE
57,143,57,143,0,0,0,58,1,SLICE,SLICE
56,144,56,144,0,0,0,55,1,SLICE,SLICE
55,134,55,134,0,0,0,58,1,SLICE,SLICE
55,134,55,134,0,0,0,59,1,SLICE,SLICE
55,134,55,134,0,0,0,58,1,SLICE,SLICE
55,134,55,134,0,0,0,58,1,SLICE,SLICE
55,135,55,135,0,0,0,59,1,SLICE,SLICE
54,135,54,135,0,0,0,55,1,SLICE,SLICE
55,141,55,141,0,0,0,59,1,SLICE,SLICE
55,142,55,142,0,0,0,59,1,SLICE,SLICE
55,140,55,140,0,0,0,58,1,SLICE,SLICE
55,142,55,142,0,0,0,58,1,SLICE,SLICE
55,141,55,141,0,0,0,58,1,SLICE,SLICE
54,141,54,141,0,0,0,55,1,SLICE,SLICE
57,138,57,138,0,0,0,58,1,SLICE,SLICE
55,142,55,142,0,0,0,58,1,SLICE,SLICE
57,137,57,137,0,0,0,59,1,SLICE,SLICE
57,137,57,137,0,0,0,58,1,SLICE,SLICE
57,138,57,138,0,0,0,58,1,SLICE,SLICE
54,142,54,142,0,0,0,56,1,SLICE,SLICE
48,167,48,167,0,0,0,59,1,SLICE,SLICE
48,168,48,168,0,0,0,59,1,SLICE,SLICE
48,167,48,167,0,0,0,58,1,SLICE,SLICE
48,167,48,167,0,0,0,58,1,SLICE,SLICE
48,168,48,168,0,0,0,58,1,SLICE,SLICE
48,168,48,168,0,0,0,58,1,SLICE,SLICE
56,138,56,138,0,0,0,55,1,SLICE,SLICE
56,140,56,140,0,0,0,56,1,SLICE,SLICE
56,139,56,139,0,0,0,55,1,SLICE,SLICE
56,139,56,139,0,0,0,55,1,SLICE,SLICE
56,140,56,140,0,0,0,55,1,SLICE,SLICE
56,138,56,138,0,0,0,55,1,SLICE,SLICE
57,135,57,135,0,0,0,59,1,SLICE,SLICE
57,135,57,135,0,0,0,58,1,SLICE,SLICE
57,134,57,134,0,0,0,59,1,SLICE,SLICE
57,135,57,135,0,0,0,58,1,SLICE,SLICE
57,136,57,136,0,0,0,58,1,SLICE,SLICE
56,135,56,135,0,0,0,55,1,SLICE,SLICE
56,137,56,137,0,0,0,55,1,SLICE,SLICE
58,137,58,137,0,0,0,55,1,SLICE,SLICE
58,137,58,137,0,0,0,55,1,SLICE,SLICE
58,137,58,137,0,0,0,55,1,SLICE,SLICE
58,138,58,138,0,0,0,55,1,SLICE,SLICE
56,137,56,137,0,0,0,56,1,SLICE,SLICE
59,137,59,137,0,0,0,58,1,SLICE,SLICE
58,138,58,138,0,0,0,55,1,SLICE,SLICE
57,136,57,136,0,0,0,58,1,SLICE,SLICE
59,137,59,137,0,0,0,59,1,SLICE,SLICE
57,137,57,137,0,0,0,58,1,SLICE,SLICE
56,135,56,135,0,0,0,56,1,SLICE,SLICE
56,137,56,137,0,0,0,55,1,SLICE,SLICE
56,138,56,138,0,0,0,55,1,SLICE,SLICE
57,138,57,138,0,0,0,58,1,SLICE,SLICE
57,138,57,138,0,0,0,59,1,SLICE,SLICE
57,139,57,139,0,0,0,58,1,SLICE,SLICE
56,138,56,138,0,0,0,56,1,SLICE,SLICE
44,164,44,164,0,0,0,59,1,SLICE,SLICE
44,164,44,164,0,0,0,58,1,SLICE,SLICE
44,164,44,164,0,0,0,58,1,SLICE,SLICE
48,165,48,165,0,0,0,59,1,SLICE,SLICE
45,164,45,164,0,0,0,58,1,SLICE,SLICE
44,164,44,164,0,0,0,58,1,SLICE,SLICE
57,145,57,145,0,0,0,58,1,SLICE,SLICE
56,146,56,146,0,0,0,55,1,SLICE,SLICE
57,144,57,144,0,0,0,58,1,SLICE,SLICE
56,146,56,146,0,0,0,55,1,SLICE,SLICE
57,146,57,146,0,0,0,58,1,SLICE,SLICE
56,146,56,146,0,0,0,56,1,SLICE,SLICE
54,148,54,148,0,0,0,56,1,SLICE,SLICE
54,148,54,148,0,0,0,55,1,SLICE,SLICE
54,147,54,147,0,0,0,55,1,SLICE,SLICE
54,148,54,148,0,0,0,55,1,SLICE,SLICE
54,148,54,148,0,0,0,55,1,SLICE,SLICE
54,147,54,147,0,0,0,56,1,SLICE,SLICE
58,135,58,135,0,0,0,55,1,SLICE,SLICE
56,136,56,136,0,0,0,56,1,SLICE,SLICE
56,136,56,136,0,0,0,55,1,SLICE,SLICE
56,136,56,136,0,0,0,55,1,SLICE,SLICE
58,137,58,137,0,0,0,56,1,SLICE,SLICE
56,137,56,137,0,0,0,55,1,SLICE,SLICE
57,142,57,142,0,0,0,59,1,SLICE,SLICE
56,143,56,143,0,0,0,55,1,SLICE,SLICE
57,143,57,143,0,0,0,58,1,SLICE,SLICE
57,142,57,142,0,0,0,58,1,SLICE,SLICE
57,143,57,143,0,0,0,59,1,SLICE,SLICE
56,142,56,142,0,0,0,55,1,SLICE,SLICE
56,141,56,141,0,0,0,55,1,SLICE,SLICE
57,140,57,140,0,0,0,58,1,SLICE,SLICE
58,138,58,138,0,0,0,55,1,SLICE,SLICE
57,139,57,139,0,0,0,58,1,SLICE,SLICE
57,140,57,140,0,0,0,59,1,SLICE,SLICE
56,139,56,139,0,0,0,56,1,SLICE,SLICE
54,150,54,150,0,0,0,55,1,SLICE,SLICE
54,150,54,150,0,0,0,55,1,SLICE,SLICE
55,149,55,149,0,0,0,58,1,SLICE,SLICE
55,149,55,149,0,0,0,59,1,SLICE,SLICE
55,148,55,148,0,0,0,59,1,SLICE,SLICE
54,146,54,146,0,0,0,55,1,SLICE,SLICE
58,136,58,136,0,0,0,55,1,SLICE,SLICE
58,135,58,135,0,0,0,55,1,SLICE,SLICE
58,136,58,136,0,0,0,55,1,SLICE,SLICE
59,135,59,135,0,0,0,58,1,SLICE,SLICE
58,136,58,136,0,0,0,55,1,SLICE,SLICE
58,135,58,135,0,0,0,56,1,SLICE,SLICE
49,164,49,164,0,0,0,58,1,SLICE,SLICE
49,163,49,163,0,0,0,58,1,SLICE,SLICE
49,162,49,162,0,0,0,59,1,SLICE,SLICE
49,164,49,164,0,0,0,58,1,SLICE,SLICE
49,164,49,164,0,0,0,58,1,SLICE,SLICE
48,163,48,163,0,0,0,59,1,SLICE,SLICE
58,134,58,134,0,0,0,55,1,SLICE,SLICE
58,134,58,134,0,0,0,55,1,SLICE,SLICE
59,134,59,134,0,0,0,58,1,SLICE,SLICE
59,134,59,134,0,0,0,59,1,SLICE,SLICE
59,134,59,134,0,0,0,58,1,SLICE,SLICE
58,134,58,134,0,0,0,56,1,SLICE,SLICE
55,150,55,150,0,0,0,58,1,SLICE,SLICE
54,151,54,151,0,0,0,55,1,SLICE,SLICE
55,150,55,150,0,0,0,59,1,SLICE,SLICE
55,151,55,151,0,0,0,58,1,SLICE,SLICE
55,151,55,151,0,0,0,59,1,SLICE,SLICE
54,151,54,151,0,0,0,56,1,SLICE,SLICE
46,167,46,167,0,0,0,56,1,SLICE,SLICE
46,167,46,167,0,0,0,55,1,SLICE,SLICE
49,167,49,167,0,0,0,58,1,SLICE,SLICE
49,166,49,166,0,0,0,58,1,SLICE,SLICE
46,167,46,167,0,0,0,55,1,SLICE,SLICE
48,167,48,167,0,0,0,58,1,SLICE,SLICE
54,136,54,136,0,0,0,56,1,SLICE,SLICE
54,137,54,137,0,0,0,56,1,SLICE,SLICE
54,137,54,137,0,0,0,55,1,SLICE,SLICE
54,137,54,137,0,0,0,55,1,SLICE,SLICE
54,137,54,137,0,0,0,55,1,SLICE,SLICE
55,137,55,137,0,0,0,58,1,SLICE,SLICE
54,146,54,146,0,0,0,55,1,SLICE,SLICE
54,147,54,147,0,0,0,55,1,SLICE,SLICE
54,147,54,147,0,0,0,55,1,SLICE,SLICE
55,147,55,147,0,0,0,58,1,SLICE,SLICE
55,147,55,147,0,0,0,59,1,SLICE,SLICE
54,149,54,149,0,0,0,56,1,SLICE,SLICE
56,145,56,145,0,0,0,55,1,SLICE,SLICE
57,145,57,145,0,0,0,58,1,SLICE,SLICE
57,145,57,145,0,0,0,59,1,SLICE,SLICE
57,145,57,145,0,0,0,58,1,SLICE,SLICE
56,146,56,146,0,0,0,55,1,SLICE,SLICE
56,144,56,144,0,0,0,55,1,SLICE,SLICE
39,149,39,149,0,0,0,58,1,SLICE,SLICE
39,149,39,149,0,0,0,59,1,SLICE,SLICE
39,150,39,150,0,0,0,58,1,SLICE,SLICE
39,148,39,148,0,0,0,59,1,SLICE,SLICE
39,148,39,148,0,0,0,58,1,SLICE,SLICE
38,149,38,149,0,0,0,56,1,SLICE,SLICE
39,151,39,151,0,0,0,59,1,SLICE,SLICE
39,150,39,150,0,0,0,58,1,SLICE,SLICE
39,151,39,151,0,0,0,58,1,SLICE,SLICE
39,152,39,152,0,0,0,58,1,SLICE,SLICE
39,151,39,151,0,0,0,58,1,SLICE,SLICE
38,151,38,151,0,0,0,56,1,SLICE,SLICE
39,139,39,139,0,0,0,58,1,SLICE,SLICE
39,139,39,139,0,0,0,58,1,SLICE,SLICE
36,138,36,138,0,0,0,58,1,SLICE,SLICE
38,140,38,140,0,0,0,55,1,SLICE,SLICE
37,139,37,139,0,0,0,58,1,SLICE,SLICE
38,139,38,139,0,0,0,55,1,SLICE,SLICE
42,159,42,159,0,0,0,55,1,SLICE,SLICE
43,160,43,160,0,0,0,59,1,SLICE,SLICE
42,159,42,159,0,0,0,55,1,SLICE,SLICE
43,159,43,159,0,0,0,58,1,SLICE,SLICE
43,159,43,159,0,0,0,59,1,SLICE,SLICE
42,159,42,159,0,0,0,56,1,SLICE,SLICE
47,168,47,168,0,0,0,58,1,SLICE,SLICE
46,167,46,167,0,0,0,55,1,SLICE,SLICE
47,167,47,167,0,0,0,58,1,SLICE,SLICE
47,167,47,167,0,0,0,59,1,SLICE,SLICE
46,166,46,166,0,0,0,55,1,SLICE,SLICE
46,168,46,168,0,0,0,55,1,SLICE,SLICE
38,138,38,138,0,0,0,55,1,SLICE,SLICE
39,138,39,138,0,0,0,58,1,SLICE,SLICE
39,139,39,139,0,0,0,58,1,SLICE,SLICE
39,138,39,138,0,0,0,59,1,SLICE,SLICE
39,138,39,138,0,0,0,58,1,SLICE,SLICE
38,138,38,138,0,0,0,56,1,SLICE,SLICE
38,140,38,140,0,0,0,55,1,SLICE,SLICE
39,140,39,140,0,0,0,58,1,SLICE,SLICE
39,140,39,140,0,0,0,59,1,SLICE,SLICE
39,140,39,140,0,0,0,58,1,SLICE,SLICE
39,140,39,140,0,0,0,58,1,SLICE,SLICE
38,140,38,140,0,0,0,55,1,SLICE,SLICE
47,172,47,172,0,0,0,58,1,SLICE,SLICE
45,171,45,171,0,0,0,59,1,SLICE,SLICE
45,171,45,171,0,0,0,58,1,SLICE,SLICE
45,171,45,171,0,0,0,58,1,SLICE,SLICE
46,170,46,170,0,0,0,55,1,SLICE,SLICE
44,171,44,171,0,0,0,58,1,SLICE,SLICE
39,146,39,146,0,0,0,59,1,SLICE,SLICE
39,146,39,146,0,0,0,58,1,SLICE,SLICE
39,145,39,145,0,0,0,58,1,SLICE,SLICE
39,146,39,146,0,0,0,58,1,SLICE,SLICE
39,147,39,147,0,0,0,58,1,SLICE,SLICE
38,145,38,145,0,0,0,55,1,SLICE,SLICE
38,157,38,157,0,0,0,55,1,SLICE,SLICE
38,157,38,157,0,0,0,55,1,SLICE,SLICE
38,157,38,157,0,0,0,55,1,SLICE,SLICE
38,158,38,158,0,0,0,55,1,SLICE,SLICE
39,157,39,157,0,0,0,58,1,SLICE,SLICE
38,158,38,158,0,0,0,56,1,SLICE,SLICE
39,143,39,143,0,0,0,58,1,SLICE,SLICE
39,144,39,144,0,0,0,58,1,SLICE,SLICE
39,142,39,142,0,0,0,58,1,SLICE,SLICE
39,145,39,145,0,0,0,59,1,SLICE,SLICE
39,144,39,144,0,0,0,58,1,SLICE,SLICE
38,144,38,144,0,0,0,55,1,SLICE,SLICE
39,135,39,135,0,0,0,59,1,SLICE,SLICE
38,134,38,134,0,0,0,55,1,SLICE,SLICE
39,135,39,135,0,0,0,58,1,SLICE,SLICE
38,134,38,134,0,0,0,55,1,SLICE,SLICE
39,135,39,135,0,0,0,58,1,SLICE,SLICE
38,135,38,135,0,0,0,55,1,SLICE,SLICE
38,141,38,141,0,0,0,55,1,SLICE,SLICE
38,141,38,141,0,0,0,55,1,SLICE,SLICE
39,141,39,141,0,0,0,58,1,SLICE,SLICE
39,141,39,141,0,0,0,59,1,SLICE,SLICE
39,141,39,141,0,0,0,58,1,SLICE,SLICE
38,141,38,141,0,0,0,56,1,SLICE,SLICE
38,147,38,147,0,0,0,56,1,SLICE,SLICE
38,147,38,147,0,0,0,55,1,SLICE,SLICE
38,147,38,147,0,0,0,55,1,SLICE,SLICE
38,146,38,146,0,0,0,55,1,SLICE,SLICE
38,147,38,147,0,0,0,55,1,SLICE,SLICE
38,146,38,146,0,0,0,56,1,SLICE,SLICE
45,165,45,165,0,0,0,59,1,SLICE,SLICE
45,164,45,164,0,0,0,59,1,SLICE,SLICE
45,164,45,164,0,0,0,58,1,SLICE,SLICE
45,164,45,164,0,0,0,58,1,SLICE,SLICE
44,163,44,163,0,0,0,58,1,SLICE,SLICE
44,165,44,165,0,0,0,58,1,SLICE,SLICE
39,156,39,156,0,0,0,59,1,SLICE,SLICE
39,155,39,155,0,0,0,58,1,SLICE,SLICE
39,156,39,156,0,0,0,58,1,SLICE,SLICE
39,155,39,155,0,0,0,59,1,SLICE,SLICE
39,155,39,155,0,0,0,58,1,SLICE,SLICE
38,155,38,155,0,0,0,56,1,SLICE,SLICE
39,138,39,138,0,0,0,58,1,SLICE,SLICE
39,136,39,136,0,0,0,58,1,SLICE,SLICE
39,136,39,136,0,0,0,59,1,SLICE,SLICE
39,137,39,137,0,0,0,58,1,SLICE,SLICE
39,137,39,137,0,0,0,58,1,SLICE,SLICE
38,137,38,137,0,0,0,55,1,SLICE,SLICE
46,169,46,169,0,0,0,55,1,SLICE,SLICE
45,169,45,169,0,0,0,59,1,SLICE,SLICE
44,172,44,172,0,0,0,58,1,SLICE,SLICE
45,165,45,165,0,0,0,58,1,SLICE,SLICE
46,170,46,170,0,0,0,55,1,SLICE,SLICE
46,170,46,170,0,0,0,56,1,SLICE,SLICE
39,142,39,142,0,0,0,59,1,SLICE,SLICE
39,143,39,143,0,0,0,59,1,SLICE,SLICE
39,139,39,139,0,0,0,59,1,SLICE,SLICE
39,142,39,142,0,0,0,58,1,SLICE,SLICE
39,143,39,143,0,0,0,58,1,SLICE,SLICE
38,140,38,140,0,0,0,56,1,SLICE,SLICE
45,162,45,162,0,0,0,58,1,SLICE,SLICE
45,167,45,167,0,0,0,59,1,SLICE,SLICE
45,168,45,168,0,0,0,59,1,SLICE,SLICE
45,165,45,165,0,0,0,58,1,SLICE,SLICE
45,166,45,166,0,0,0,59,1,SLICE,SLICE
44,166,44,166,0,0,0,58,1,SLICE,SLICE
45,169,45,169,0,0,0,58,1,SLICE,SLICE
44,161,44,161,0,0,0,58,1,SLICE,SLICE
47,169,47,169,0,0,0,58,1,SLICE,SLICE
45,170,45,170,0,0,0,58,1,SLICE,SLICE
45,170,45,170,0,0,0,59,1,SLICE,SLICE
46,169,46,169,0,0,0,56,1,SLICE,SLICE
44,168,44,168,0,0,0,58,1,SLICE,SLICE
44,167,44,167,0,0,0,59,1,SLICE,SLICE
44,168,44,168,0,0,0,59,1,SLICE,SLICE
44,168,44,168,0,0,0,58,1,SLICE,SLICE
44,169,44,169,0,0,0,58,1,SLICE,SLICE
44,169,44,169,0,0,0,58,1,SLICE,SLICE
38,151,38,151,0,0,0,55,1,SLICE,SLICE
38,150,38,150,0,0,0,55,1,SLICE,SLICE
38,149,38,149,0,0,0,55,1,SLICE,SLICE
38,150,38,150,0,0,0,55,1,SLICE,SLICE
38,150,38,150,0,0,0,55,1,SLICE,SLICE
38,150,38,150,0,0,0,56,1,SLICE,SLICE
44,166,44,166,0,0,0,59,1,SLICE,SLICE
44,167,44,167,0,0,0,58,1,SLICE,SLICE
44,167,44,167,0,0,0,58,1,SLICE,SLICE
44,166,44,166,0,0,0,58,1,SLICE,SLICE
45,167,45,167,0,0,0,58,1,SLICE,SLICE
44,167,44,167,0,0,0,58,1,SLICE,SLICE
38,134,38,134,0,0,0,55,1,SLICE,SLICE
38,135,38,135,0,0,0,55,1,SLICE,SLICE
39,135,39,135,0,0,0,58,1,SLICE,SLICE
38,136,38,136,0,0,0,55,1,SLICE,SLICE
38,136,38,136,0,0,0,55,1,SLICE,SLICE
38,135,38,135,0,0,0,56,1,SLICE,SLICE
45,163,45,163,0,0,0,58,1,SLICE,SLICE
45,163,45,163,0,0,0,59,1,SLICE,SLICE
45,163,45,163,0,0,0,58,1,SLICE,SLICE
45,163,45,163,0,0,0,58,1,SLICE,SLICE
45,166,45,166,0,0,0,58,1,SLICE,SLICE
44,165,44,165,0,0,0,58,1,SLICE,SLICE
39,137,39,137,0,0,0,58,1,SLICE,SLICE
39,136,39,136,0,0,0,58,1,SLICE,SLICE
37,139,37,139,0,0,0,59,1,SLICE,SLICE
39,136,39,136,0,0,0,58,1,SLICE,SLICE
36,136,36,136,0,0,0,59,1,SLICE,SLICE
38,137,38,137,0,0,0,56,1,SLICE,SLICE
45,167,45,167,0,0,0,58,1,SLICE,SLICE
47,161,47,161,0,0,0,59,1,SLICE,SLICE
46,165,46,165,0,0,0,56,1,SLICE,SLICE
45,166,45,166,0,0,0,58,1,SLICE,SLICE
46,166,46,166,0,0,0,55,1,SLICE,SLICE
44,165,44,165,0,0,0,59,1,SLICE,SLICE
38,156,38,156,0,0,0,55,1,SLICE,SLICE
38,156,38,156,0,0,0,55,1,SLICE,SLICE
38,156,38,156,0,0,0,55,1,SLICE,SLICE
39,157,39,157,0,0,0,59,1,SLICE,SLICE
39,156,39,156,0,0,0,58,1,SLICE,SLICE
38,154,38,154,0,0,0,56,1,SLICE,SLICE
38,153,38,153,0,0,0,55,1,SLICE,SLICE
39,153,39,153,0,0,0,58,1,SLICE,SLICE
39,153,39,153,0,0,0,59,1,SLICE,SLICE
39,153,39,153,0,0,0,58,1,SLICE,SLICE
39,152,39,152,0,0,0,59,1,SLICE,SLICE
38,153,38,153,0,0,0,56,1,SLICE,SLICE
38,143,38,143,0,0,0,56,1,SLICE,SLICE
38,144,38,144,0,0,0,55,1,SLICE,SLICE
38,144,38,144,0,0,0,55,1,SLICE,SLICE
39,144,39,144,0,0,0,58,1,SLICE,SLICE
39,144,39,144,0,0,0,59,1,SLICE,SLICE
38,144,38,144,0,0,0,56,1,SLICE,SLICE
46,171,46,171,0,0,0,56,1,SLICE,SLICE
46,171,46,171,0,0,0,55,1,SLICE,SLICE
46,171,46,171,0,0,0,55,1,SLICE,SLICE
46,172,46,172,0,0,0,56,1,SLICE,SLICE
46,171,46,171,0,0,0,55,1,SLICE,SLICE
44,163,44,163,0,0,0,58,1,SLICE,SLICE
38,142,38,142,0,0,0,56,1,SLICE,SLICE
38,142,38,142,0,0,0,55,1,SLICE,SLICE
38,142,38,142,0,0,0,55,1,SLICE,SLICE
38,142,38,142,0,0,0,55,1,SLICE,SLICE
39,142,39,142,0,0,0,58,1,SLICE,SLICE
38,139,38,139,0,0,0,56,1,SLICE,SLICE
36,135,36,135,0,0,0,58,1,SLICE,SLICE
37,133,37,133,0,0,0,58,1,SLICE,SLICE
36,136,36,136,0,0,0,58,1,SLICE,SLICE
36,135,36,135,0,0,0,59,1,SLICE,SLICE
36,134,36,134,0,0,0,58,1,SLICE,SLICE
36,134,36,134,0,0,0,59,1,SLICE,SLICE
44,163,44,163,0,0,0,59,1,SLICE,SLICE
44,165,44,165,0,0,0,58,1,SLICE,SLICE
42,160,42,160,0,0,0,56,1,SLICE,SLICE
45,165,45,165,0,0,0,58,1,SLICE,SLICE
44,162,44,162,0,0,0,58,1,SLICE,SLICE
42,161,42,161,0,0,0,56,1,SLICE,SLICE
44,170,44,170,0,0,0,58,1,SLICE,SLICE
45,162,45,162,0,0,0,59,1,SLICE,SLICE
45,168,45,168,0,0,0,58,1,SLICE,SLICE
45,162,45,162,0,0,0,58,1,SLICE,SLICE
45,169,45,169,0,0,0,58,1,SLICE,SLICE
44,169,44,169,0,0,0,58,1,SLICE,SLICE
38,143,38,143,0,0,0,55,1,SLICE,SLICE
38,145,38,145,0,0,0,55,1,SLICE,SLICE
38,145,38,145,0,0,0,55,1,SLICE,SLICE
38,143,38,143,0,0,0,55,1,SLICE,SLICE
39,145,39,145,0,0,0,58,1,SLICE,SLICE
38,145,38,145,0,0,0,56,1,SLICE,SLICE
43,161,43,161,0,0,0,58,1,SLICE,SLICE
41,159,41,159,0,0,0,58,1,SLICE,SLICE
40,161,40,161,0,0,0,58,1,SLICE,SLICE
45,162,45,162,0,0,0,58,1,SLICE,SLICE
43,160,43,160,0,0,0,58,1,SLICE,SLICE
40,161,40,161,0,0,0,58,1,SLICE,SLICE
44,171,44,171,0,0,0,59,1,SLICE,SLICE
45,169,45,169,0,0,0,58,1,SLICE,SLICE
46,170,46,170,0,0,0,55,1,SLICE,SLICE
47,171,47,171,0,0,0,58,1,SLICE,SLICE
46,169,46,169,0,0,0,55,1,SLICE,SLICE
44,169,44,169,0,0,0,59,1,SLICE,SLICE
40,159,40,159,0,0,0,59,1,SLICE,SLICE
40,159,40,159,0,0,0,58,1,SLICE,SLICE
40,160,40,160,0,0,0,59,1,SLICE,SLICE
42,160,42,160,0,0,0,55,1,SLICE,SLICE
42,159,42,159,0,0,0,55,1,SLICE,SLICE
40,160,40,160,0,0,0,58,1,SLICE,SLICE
22,164,22,164,0,0,0,55,1,SLICE,SLICE
22,165,22,165,0,0,0,55,1,SLICE,SLICE
22,165,22,165,0,0,0,55,1,SLICE,SLICE
22,164,22,164,0,0,0,55,1,SLICE,SLICE
23,164,23,164,0,0,0,58,1,SLICE,SLICE
22,164,22,164,0,0,0,55,1,SLICE,SLICE
18,155,18,155,0,0,0,55,1,SLICE,SLICE
18,154,18,154,0,0,0,55,1,SLICE,SLICE
18,155,18,155,0,0,0,55,1,SLICE,SLICE
18,155,18,155,0,0,0,55,1,SLICE,SLICE
19,155,19,155,0,0,0,58,1,SLICE,SLICE
18,155,18,155,0,0,0,56,1,SLICE,SLICE
22,168,22,168,0,0,0,55,1,SLICE,SLICE
23,168,23,168,0,0,0,58,1,SLICE,SLICE
23,168,23,168,0,0,0,59,1,SLICE,SLICE
23,168,23,168,0,0,0,58,1,SLICE,SLICE
23,169,23,169,0,0,0,58,1,SLICE,SLICE
22,169,22,169,0,0,0,55,1,SLICE,SLICE
22,168,22,168,0,0,0,56,1,SLICE,SLICE
22,168,22,168,0,0,0,55,1,SLICE,SLICE
22,167,22,167,0,0,0,55,1,SLICE,SLICE
22,168,22,168,0,0,0,55,1,SLICE,SLICE
22,167,22,167,0,0,0,55,1,SLICE,SLICE
22,167,22,167,0,0,0,56,1,SLICE,SLICE
18,148,18,148,0,0,0,56,1,SLICE,SLICE
18,148,18,148,0,0,0,55,1,SLICE,SLICE
18,148,18,148,0,0,0,55,1,SLICE,SLICE
19,146,19,146,0,0,0,58,1,SLICE,SLICE
18,148,18,148,0,0,0,55,1,SLICE,SLICE
18,147,18,147,0,0,0,56,1,SLICE,SLICE
20,163,20,163,0,0,0,56,1,SLICE,SLICE
22,173,22,173,0,0,0,55,1,SLICE,SLICE
22,173,22,173,0,0,0,55,1,SLICE,SLICE
22,174,22,174,0,0,0,56,1,SLICE,SLICE
22,173,22,173,0,0,0,55,1,SLICE,SLICE
20,162,20,162,0,0,0,55,1,SLICE,SLICE
19,149,19,149,0,0,0,58,1,SLICE,SLICE
19,149,19,149,0,0,0,59,1,SLICE,SLICE
19,149,19,149,0,0,0,58,1,SLICE,SLICE
18,150,18,150,0,0,0,55,1,SLICE,SLICE
19,150,19,150,0,0,0,58,1,SLICE,SLICE
18,150,18,150,0,0,0,56,1,SLICE,SLICE
37,169,37,169,0,0,0,58,1,SLICE,SLICE
36,165,36,165,0,0,0,58,1,SLICE,SLICE
23,172,23,172,0,0,0,58,1,SLICE,SLICE
36,181,36,181,0,0,0,58,1,SLICE,SLICE
36,172,36,172,0,0,0,58,1,SLICE,SLICE
22,173,22,173,0,0,0,56,1,SLICE,SLICE
36,176,36,176,0,0,0,58,1,SLICE,SLICE
36,176,36,176,0,0,0,58,1,SLICE,SLICE
36,177,36,177,0,0,0,58,1,SLICE,SLICE
36,177,36,177,0,0,0,58,1,SLICE,SLICE
37,179,37,179,0,0,0,59,1,SLICE,SLICE
36,177,36,177,0,0,0,59,1,SLICE,SLICE
22,163,22,163,0,0,0,55,1,SLICE,SLICE
22,163,22,163,0,0,0,55,1,SLICE,SLICE
23,163,23,163,0,0,0,58,1,SLICE,SLICE
23,163,23,163,0,0,0,59,1,SLICE,SLICE
23,163,23,163,0,0,0,58,1,SLICE,SLICE
22,164,22,164,0,0,0,56,1,SLICE,SLICE
22,171,22,171,0,0,0,55,1,SLICE,SLICE
22,172,22,172,0,0,0,55,1,SLICE,SLICE
22,171,22,171,0,0,0,55,1,SLICE,SLICE
22,178,22,178,0,0,0,56,1,SLICE,SLICE
22,171,22,171,0,0,0,55,1,SLICE,SLICE
22,172,22,172,0,0,0,55,1,SLICE,SLICE
22,161,22,161,0,0,0,55,1,SLICE,SLICE
22,161,22,161,0,0,0,55,1,SLICE,SLICE
22,162,22,162,0,0,0,55,1,SLICE,SLICE
22,161,22,161,0,0,0,55,1,SLICE,SLICE
23,161,23,161,0,0,0,58,1,SLICE,SLICE
22,161,22,161,0,0,0,56,1,SLICE,SLICE
18,151,18,151,0,0,0,55,1,SLICE,SLICE
19,152,19,152,0,0,0,59,1,SLICE,SLICE
19,152,19,152,0,0,0,58,1,SLICE,SLICE
18,151,18,151,0,0,0,55,1,SLICE,SLICE
19,151,19,151,0,0,0,58,1,SLICE,SLICE
18,151,18,151,0,0,0,56,1,SLICE,SLICE
22,160,22,160,0,0,0,55,1,SLICE,SLICE
22,159,22,159,0,0,0,55,1,SLICE,SLICE
22,159,22,159,0,0,0,55,1,SLICE,SLICE
22,159,22,159,0,0,0,55,1,SLICE,SLICE
23,159,23,159,0,0,0,58,1,SLICE,SLICE
22,159,22,159,0,0,0,56,1,SLICE,SLICE
23,171,23,171,0,0,0,58,1,SLICE,SLICE
23,170,23,170,0,0,0,59,1,SLICE,SLICE
21,172,21,172,0,0,0,58,1,SLICE,SLICE
23,170,23,170,0,0,0,58,1,SLICE,SLICE
23,170,23,170,0,0,0,58,1,SLICE,SLICE
22,171,22,171,0,0,0,56,1,SLICE,SLICE
19,155,19,155,0,0,0,58,1,SLICE,SLICE
19,154,19,154,0,0,0,58,1,SLICE,SLICE
19,153,19,153,0,0,0,58,1,SLICE,SLICE
19,155,19,155,0,0,0,58,1,SLICE,SLICE
16,155,16,155,0,0,0,55,1,SLICE,SLICE
18,154,18,154,0,0,0,56,1,SLICE,SLICE
20,170,20,170,0,0,0,55,1,SLICE,SLICE
20,161,20,161,0,0,0,55,1,SLICE,SLICE
21,160,21,160,0,0,0,58,1,SLICE,SLICE
21,161,21,161,0,0,0,58,1,SLICE,SLICE
20,169,20,169,0,0,0,56,1,SLICE,SLICE
20,160,20,160,0,0,0,55,1,SLICE,SLICE
23,167,23,167,0,0,0,59,1,SLICE,SLICE
23,167,23,167,0,0,0,58,1,SLICE,SLICE
23,167,23,167,0,0,0,58,1,SLICE,SLICE
23,166,23,166,0,0,0,58,1,SLICE,SLICE
23,166,23,166,0,0,0,58,1,SLICE,SLICE
22,166,22,166,0,0,0,56,1,SLICE,SLICE
36,184,36,184,0,0,0,58,1,SLICE,SLICE
36,171,36,171,0,0,0,58,1,SLICE,SLICE
36,180,36,180,0,0,0,58,1,SLICE,SLICE
36,172,36,172,0,0,0,58,1,SLICE,SLICE
36,179,36,179,0,0,0,58,1,SLICE,SLICE
36,177,36,177,0,0,0,58,1,SLICE,SLICE
19,150,19,150,0,0,0,59,1,SLICE,SLICE
19,151,19,151,0,0,0,58,1,SLICE,SLICE
19,151,19,151,0,0,0,58,1,SLICE,SLICE
19,150,19,150,0,0,0,58,1,SLICE,SLICE
19,150,19,150,0,0,0,58,1,SLICE,SLICE
18,151,18,151,0,0,0,55,1,SLICE,SLICE
19,148,19,148,0,0,0,58,1,SLICE,SLICE
19,148,19,148,0,0,0,59,1,SLICE,SLICE
19,149,19,149,0,0,0,58,1,SLICE,SLICE
19,148,19,148,0,0,0,58,1,SLICE,SLICE
19,148,19,148,0,0,0,58,1,SLICE,SLICE
18,149,18,149,0,0,0,56,1,SLICE,SLICE
36,174,36,174,0,0,0,58,1,SLICE,SLICE
36,179,36,179,0,0,0,59,1,SLICE,SLICE
36,174,36,174,0,0,0,59,1,SLICE,SLICE
36,186,36,186,0,0,0,58,1,SLICE,SLICE
36,176,36,176,0,0,0,58,1,SLICE,SLICE
36,181,36,181,0,0,0,58,1,SLICE,SLICE
18,147,18,147,0,0,0,55,1,SLICE,SLICE
18,147,18,147,0,0,0,55,1,SLICE,SLICE
18,146,18,146,0,0,0,56,1,SLICE,SLICE
18,146,18,146,0,0,0,55,1,SLICE,SLICE
19,147,19,147,0,0,0,58,1,SLICE,SLICE
18,147,18,147,0,0,0,55,1,SLICE,SLICE
23,162,23,162,0,0,0,59,1,SLICE,SLICE
23,162,23,162,0,0,0,58,1,SLICE,SLICE
23,162,23,162,0,0,0,58,1,SLICE,SLICE
20,161,20,161,0,0,0,55,1,SLICE,SLICE
22,163,22,163,0,0,0,55,1,SLICE,SLICE
22,162,22,162,0,0,0,56,1,SLICE,SLICE
23,173,23,173,0,0,0,58,1,SLICE,SLICE
23,173,23,173,0,0,0,59,1,SLICE,SLICE
20,162,20,162,0,0,0,55,1,SLICE,SLICE
20,162,20,162,0,0,0,55,1,SLICE,SLICE
21,162,21,162,0,0,0,58,1,SLICE,SLICE
20,162,20,162,0,0,0,56,1,SLICE,SLICE
20,161,20,161,0,0,0,56,1,SLICE,SLICE
22,170,22,170,0,0,0,55,1,SLICE,SLICE
23,170,23,170,0,0,0,58,1,SLICE,SLICE
20,161,20,161,0,0,0,55,1,SLICE,SLICE
23,169,23,169,0,0,0,59,1,SLICE,SLICE
22,170,22,170,0,0,0,56,1,SLICE,SLICE
18,157,18,157,0,0,0,55,1,SLICE,SLICE
18,157,18,157,0,0,0,55,1,SLICE,SLICE
18,157,18,157,0,0,0,55,1,SLICE,SLICE
19,157,19,157,0,0,0,58,1,SLICE,SLICE
19,157,19,157,0,0,0,59,1,SLICE,SLICE
18,157,18,157,0,0,0,56,1,SLICE,SLICE
20,160,20,160,0,0,0,55,1,SLICE,SLICE
20,160,20,160,0,0,0,55,1,SLICE,SLICE
20,166,20,166,0,0,0,56,1,SLICE,SLICE
20,165,20,165,0,0,0,56,1,SLICE,SLICE
23,164,23,164,0,0,0,58,1,SLICE,SLICE
20,160,20,160,0,0,0,56,1,SLICE,SLICE
22,166,22,166,0,0,0,55,1,SLICE,SLICE
22,165,22,165,0,0,0,55,1,SLICE,SLICE
22,166,22,166,0,0,0,55,1,SLICE,SLICE
22,166,22,166,0,0,0,55,1,SLICE,SLICE
23,165,23,165,0,0,0,58,1,SLICE,SLICE
22,165,22,165,0,0,0,56,1,SLICE,SLICE
22,172,22,172,0,0,0,55,1,SLICE,SLICE
22,170,22,170,0,0,0,55,1,SLICE,SLICE
22,169,22,169,0,0,0,55,1,SLICE,SLICE
22,169,22,169,0,0,0,55,1,SLICE,SLICE
23,171,23,171,0,0,0,58,1,SLICE,SLICE
22,169,22,169,0,0,0,56,1,SLICE,SLICE
36,179,36,179,0,0,0,58,1,SLICE,SLICE
36,170,36,170,0,0,0,59,1,SLICE,SLICE
36,178,36,178,0,0,0,58,1,SLICE,SLICE
36,175,36,175,0,0,0,58,1,SLICE,SLICE
36,173,36,173,0,0,0,58,1,SLICE,SLICE
36,170,36,170,0,0,0,58,1,SLICE,SLICE
45,184,45,184,0,0,0,59,1,SLICE,SLICE
45,184,45,184,0,0,0,58,1,SLICE,SLICE
45,184,45,184,0,0,0,58,1,SLICE,SLICE
44,185,44,185,0,0,0,58,1,SLICE,SLICE
44,183,44,183,0,0,0,58,1,SLICE,SLICE
45,184,45,184,0,0,0,58,1,SLICE,SLICE
20,159,20,159,0,0,0,56,1,SLICE,SLICE
20,159,20,159,0,0,0,55,1,SLICE,SLICE
20,159,20,159,0,0,0,55,1,SLICE,SLICE
20,159,20,159,0,0,0,55,1,SLICE,SLICE
21,159,21,159,0,0,0,58,1,SLICE,SLICE
22,163,22,163,0,0,0,56,1,SLICE,SLICE
20,163,20,163,0,0,0,55,1,SLICE,SLICE
20,163,20,163,0,0,0,55,1,SLICE,SLICE
21,163,21,163,0,0,0,58,1,SLICE,SLICE
21,162,21,162,0,0,0,59,1,SLICE,SLICE
21,162,21,162,0,0,0,58,1,SLICE,SLICE
20,164,20,164,0,0,0,56,1,SLICE,SLICE
23,160,23,160,0,0,0,58,1,SLICE,SLICE
23,160,23,160,0,0,0,58,1,SLICE,SLICE
21,161,21,161,0,0,0,59,1,SLICE,SLICE
21,161,21,161,0,0,0,58,1,SLICE,SLICE
21,161,21,161,0,0,0,58,1,SLICE,SLICE
22,160,22,160,0,0,0,56,1,SLICE,SLICE
18,153,18,153,0,0,0,56,1,SLICE,SLICE
18,152,18,152,0,0,0,55,1,SLICE,SLICE
18,152,18,152,0,0,0,55,1,SLICE,SLICE
19,152,19,152,0,0,0,58,1,SLICE,SLICE
18,153,18,153,0,0,0,55,1,SLICE,SLICE
18,152,18,152,0,0,0,56,1,SLICE,SLICE
36,180,36,180,0,0,0,59,1,SLICE,SLICE
36,165,36,165,0,0,0,58,1,SLICE,SLICE
23,172,23,172,0,0,0,58,1,SLICE,SLICE
23,172,23,172,0,0,0,59,1,SLICE,SLICE
23,172,23,172,0,0,0,58,1,SLICE,SLICE
22,172,22,172,0,0,0,56,1,SLICE,SLICE
18,156,18,156,0,0,0,55,1,SLICE,SLICE
19,156,19,156,0,0,0,58,1,SLICE,SLICE
19,156,19,156,0,0,0,59,1,SLICE,SLICE
19,156,19,156,0,0,0,58,1,SLICE,SLICE
19,156,19,156,0,0,0,58,1,SLICE,SLICE
18,156,18,156,0,0,0,56,1,SLICE,SLICE
18,153,18,153,0,0,0,55,1,SLICE,SLICE
18,154,18,154,0,0,0,55,1,SLICE,SLICE
18,153,18,153,0,0,0,55,1,SLICE,SLICE
19,153,19,153,0,0,0,58,1,SLICE,SLICE
19,153,19,153,0,0,0,59,1,SLICE,SLICE
18,152,18,152,0,0,0,55,1,SLICE,SLICE
19,158,19,158,0,0,0,59,1,SLICE,SLICE
19,158,19,158,0,0,0,58,1,SLICE,SLICE
19,157,19,157,0,0,0,58,1,SLICE,SLICE
19,158,19,158,0,0,0,58,1,SLICE,SLICE
19,159,19,159,0,0,0,59,1,SLICE,SLICE
18,158,18,158,0,0,0,56,1,SLICE,SLICE
32,205,32,205,0,0,0,58,1,SLICE,SLICE
33,207,33,207,0,0,0,58,1,SLICE,SLICE
32,206,32,206,0,0,0,58,1,SLICE,SLICE
32,205,32,205,0,0,0,59,1,SLICE,SLICE
32,205,32,205,0,0,0,58,1,SLICE,SLICE
32,206,32,206,0,0,0,58,1,SLICE,SLICE
22,202,22,202,0,0,0,55,1,SLICE,SLICE
23,200,23,200,0,0,0,59,1,SLICE,SLICE
23,202,23,202,0,0,0,58,1,SLICE,SLICE
23,202,23,202,0,0,0,59,1,SLICE,SLICE
23,201,23,201,0,0,0,58,1,SLICE,SLICE
22,200,22,200,0,0,0,56,1,SLICE,SLICE
24,209,24,209,0,0,0,59,1,SLICE,SLICE
22,213,22,213,0,0,0,55,1,SLICE,SLICE
24,208,24,208,0,0,0,59,1,SLICE,SLICE
26,209,26,209,0,0,0,58,1,SLICE,SLICE
25,210,25,210,0,0,0,58,1,SLICE,SLICE
24,208,24,208,0,0,0,58,1,SLICE,SLICE
22,215,22,215,0,0,0,55,1,SLICE,SLICE
22,215,22,215,0,0,0,55,1,SLICE,SLICE
18,215,18,215,0,0,0,55,1,SLICE,SLICE
22,215,22,215,0,0,0,55,1,SLICE,SLICE
23,215,23,215,0,0,0,58,1,SLICE,SLICE
18,214,18,214,0,0,0,55,1,SLICE,SLICE
32,209,32,209,0,0,0,58,1,SLICE,SLICE
30,206,30,206,0,0,0,58,1,SLICE,SLICE
32,209,32,209,0,0,0,58,1,SLICE,SLICE
32,207,32,207,0,0,0,58,1,SLICE,SLICE
32,206,32,206,0,0,0,59,1,SLICE,SLICE
32,209,32,209,0,0,0,58,1,SLICE,SLICE
26,205,26,205,0,0,0,58,1,SLICE,SLICE
26,205,26,205,0,0,0,59,1,SLICE,SLICE
26,206,26,206,0,0,0,58,1,SLICE,SLICE
26,205,26,205,0,0,0,58,1,SLICE,SLICE
26,206,26,206,0,0,0,59,1,SLICE,SLICE
26,204,26,204,0,0,0,58,1,SLICE,SLICE
20,197,20,197,0,0,0,55,1,SLICE,SLICE
20,200,20,200,0,0,0,55,1,SLICE,SLICE
20,198,20,198,0,0,0,56,1,SLICE,SLICE
20,201,20,201,0,0,0,56,1,SLICE,SLICE
20,198,20,198,0,0,0,55,1,SLICE,SLICE
20,202,20,202,0,0,0,56,1,SLICE,SLICE
36,210,36,210,0,0,0,58,1,SLICE,SLICE
36,209,36,209,0,0,0,58,1,SLICE,SLICE
34,209,34,209,0,0,0,58,1,SLICE,SLICE
36,209,36,209,0,0,0,58,1,SLICE,SLICE
37,209,37,209,0,0,0,58,1,SLICE,SLICE
34,207,34,207,0,0,0,59,1,SLICE,SLICE
33,207,33,207,0,0,0,59,1,SLICE,SLICE
34,208,34,208,0,0,0,58,1,SLICE,SLICE
34,208,34,208,0,0,0,58,1,SLICE,SLICE
35,208,35,208,0,0,0,58,1,SLICE,SLICE
35,208,35,208,0,0,0,59,1,SLICE,SLICE
35,207,35,207,0,0,0,59,1,SLICE,SLICE
25,210,25,210,0,0,0,58,1,SLICE,SLICE
22,212,22,212,0,0,0,56,1,SLICE,SLICE
22,213,22,213,0,0,0,55,1,SLICE,SLICE
24,212,24,212,0,0,0,59,1,SLICE,SLICE
24,211,24,211,0,0,0,59,1,SLICE,SLICE
24,212,24,212,0,0,0,58,1,SLICE,SLICE
18,189,18,189,0,0,0,56,1,SLICE,SLICE
18,188,18,188,0,0,0,55,1,SLICE,SLICE
18,188,18,188,0,0,0,55,1,SLICE,SLICE
18,189,18,189,0,0,0,55,1,SLICE,SLICE
18,189,18,189,0,0,0,55,1,SLICE,SLICE
18,188,18,188,0,0,0,56,1,SLICE,SLICE
20,207,20,207,0,0,0,56,1,SLICE,SLICE
20,207,20,207,0,0,0,55,1,SLICE,SLICE
20,206,20,206,0,0,0,56,1,SLICE,SLICE
20,207,20,207,0,0,0,55,1,SLICE,SLICE
18,212,18,212,0,0,0,56,1,SLICE,SLICE
20,209,20,209,0,0,0,56,1,SLICE,SLICE
20,200,20,200,0,0,0,55,1,SLICE,SLICE
22,200,22,200,0,0,0,55,1,SLICE,SLICE
22,200,22,200,0,0,0,55,1,SLICE,SLICE
20,200,20,200,0,0,0,55,1,SLICE,SLICE
22,200,22,200,0,0,0,55,1,SLICE,SLICE
20,200,20,200,0,0,0,56,1,SLICE,SLICE
34,213,34,213,0,0,0,58,1,SLICE,SLICE
33,208,33,208,0,0,0,58,1,SLICE,SLICE
33,209,33,209,0,0,0,58,1,SLICE,SLICE
33,204,33,204,0,0,0,58,1,SLICE,SLICE
35,204,35,204,0,0,0,58,1,SLICE,SLICE
34,208,34,208,0,0,0,59,1,SLICE,SLICE
30,211,30,211,0,0,0,59,1,SLICE,SLICE
33,206,33,206,0,0,0,58,1,SLICE,SLICE
33,209,33,209,0,0,0,59,1,SLICE,SLICE
33,208,33,208,0,0,0,58,1,SLICE,SLICE
33,208,33,208,0,0,0,59,1,SLICE,SLICE
32,208,32,208,0,0,0,59,1,SLICE,SLICE
32,205,32,205,0,0,0,58,1,SLICE,SLICE
33,205,33,205,0,0,0,59,1,SLICE,SLICE
33,205,33,205,0,0,0,58,1,SLICE,SLICE
32,206,32,206,0,0,0,58,1,SLICE,SLICE
27,204,27,204,0,0,0,58,1,SLICE,SLICE
26,204,26,204,0,0,0,59,1,SLICE,SLICE
32,207,32,207,0,0,0,58,1,SLICE,SLICE
30,208,30,208,0,0,0,58,1,SLICE,SLICE
32,207,32,207,0,0,0,59,1,SLICE,SLICE
30,206,30,206,0,0,0,58,1,SLICE,SLICE
32,207,32,207,0,0,0,58,1,SLICE,SLICE
28,208,28,208,0,0,0,58,1,SLICE,SLICE
35,204,35,204,0,0,0,58,1,SLICE,SLICE
35,204,35,204,0,0,0,58,1,SLICE,SLICE
37,209,37,209,0,0,0,59,1,SLICE,SLICE
33,207,33,207,0,0,0,58,1,SLICE,SLICE
37,210,37,210,0,0,0,58,1,SLICE,SLICE
37,207,37,207,0,0,0,58,1,SLICE,SLICE
32,212,32,212,0,0,0,58,1,SLICE,SLICE
32,212,32,212,0,0,0,58,1,SLICE,SLICE
33,209,33,209,0,0,0,58,1,SLICE,SLICE
33,208,33,208,0,0,0,58,1,SLICE,SLICE
35,206,35,206,0,0,0,58,1,SLICE,SLICE
34,209,34,209,0,0,0,59,1,SLICE,SLICE
20,204,20,204,0,0,0,55,1,SLICE,SLICE
28,205,28,205,0,0,0,58,1,SLICE,SLICE
28,207,28,207,0,0,0,59,1,SLICE,SLICE
21,204,21,204,0,0,0,58,1,SLICE,SLICE
21,204,21,204,0,0,0,59,1,SLICE,SLICE
28,206,28,206,0,0,0,58,1,SLICE,SLICE
30,211,30,211,0,0,0,58,1,SLICE,SLICE
32,211,32,211,0,0,0,58,1,SLICE,SLICE
34,211,34,211,0,0,0,59,1,SLICE,SLICE
34,211,34,211,0,0,0,58,1,SLICE,SLICE
34,211,34,211,0,0,0,58,1,SLICE,SLICE
32,214,32,214,0,0,0,58,1,SLICE,SLICE
34,208,34,208,0,0,0,58,1,SLICE,SLICE
34,207,34,207,0,0,0,58,1,SLICE,SLICE
34,209,34,209,0,0,0,58,1,SLICE,SLICE
35,207,35,207,0,0,0,58,1,SLICE,SLICE
34,206,34,206,0,0,0,58,1,SLICE,SLICE
34,207,34,207,0,0,0,58,1,SLICE,SLICE
21,203,21,203,0,0,0,59,1,SLICE,SLICE
20,199,20,199,0,0,0,55,1,SLICE,SLICE
21,199,21,199,0,0,0,59,1,SLICE,SLICE
21,202,21,202,0,0,0,59,1,SLICE,SLICE
21,201,21,201,0,0,0,59,1,SLICE,SLICE
20,199,20,199,0,0,0,56,1,SLICE,SLICE
24,203,24,203,0,0,0,58,1,SLICE,SLICE
31,206,31,206,0,0,0,58,1,SLICE,SLICE
30,205,30,205,0,0,0,59,1,SLICE,SLICE
25,203,25,203,0,0,0,58,1,SLICE,SLICE
25,204,25,204,0,0,0,59,1,SLICE,SLICE
30,206,30,206,0,0,0,59,1,SLICE,SLICE
28,207,28,207,0,0,0,58,1,SLICE,SLICE
24,205,24,205,0,0,0,58,1,SLICE,SLICE
24,205,24,205,0,0,0,58,1,SLICE,SLICE
25,205,25,205,0,0,0,58,1,SLICE,SLICE
26,205,26,205,0,0,0,58,1,SLICE,SLICE
24,205,24,205,0,0,0,58,1,SLICE,SLICE
24,209,24,209,0,0,0,58,1,SLICE,SLICE
24,211,24,211,0,0,0,58,1,SLICE,SLICE
22,211,22,211,0,0,0,56,1,SLICE,SLICE
25,210,25,210,0,0,0,59,1,SLICE,SLICE
25,210,25,210,0,0,0,58,1,SLICE,SLICE
24,211,24,211,0,0,0,58,1,SLICE,SLICE
20,203,20,203,0,0,0,56,1,SLICE,SLICE
20,204,20,204,0,0,0,56,1,SLICE,SLICE
20,204,20,204,0,0,0,55,1,SLICE,SLICE
20,203,20,203,0,0,0,55,1,SLICE,SLICE
20,203,20,203,0,0,0,55,1,SLICE,SLICE
20,204,20,204,0,0,0,55,1,SLICE,SLICE
34,205,34,205,0,0,0,58,1,SLICE,SLICE
34,205,34,205,0,0,0,59,1,SLICE,SLICE
36,208,36,208,0,0,0,59,1,SLICE,SLICE
36,209,36,209,0,0,0,59,1,SLICE,SLICE
37,208,37,208,0,0,0,58,1,SLICE,SLICE
34,207,34,207,0,0,0,58,1,SLICE,SLICE
29,207,29,207,0,0,0,59,1,SLICE,SLICE
31,208,31,208,0,0,0,58,1,SLICE,SLICE
31,208,31,208,0,0,0,59,1,SLICE,SLICE
29,207,29,207,0,0,0,58,1,SLICE,SLICE
29,207,29,207,0,0,0,58,1,SLICE,SLICE
28,207,28,207,0,0,0,58,1,SLICE,SLICE
35,209,35,209,0,0,0,58,1,SLICE,SLICE
35,209,35,209,0,0,0,58,1,SLICE,SLICE
35,208,35,208,0,0,0,58,1,SLICE,SLICE
35,208,35,208,0,0,0,58,1,SLICE,SLICE
32,213,32,213,0,0,0,58,1,SLICE,SLICE
34,209,34,209,0,0,0,58,1,SLICE,SLICE
21,200,21,200,0,0,0,58,1,SLICE,SLICE
20,201,20,201,0,0,0,55,1,SLICE,SLICE
21,200,21,200,0,0,0,59,1,SLICE,SLICE
21,202,21,202,0,0,0,58,1,SLICE,SLICE
21,201,21,201,0,0,0,58,1,SLICE,SLICE
20,202,20,202,0,0,0,55,1,SLICE,SLICE
32,209,32,209,0,0,0,59,1,SLICE,SLICE
32,210,32,210,0,0,0,58,1,SLICE,SLICE
32,210,32,210,0,0,0,59,1,SLICE,SLICE
32,210,32,210,0,0,0,58,1,SLICE,SLICE
32,210,32,210,0,0,0,58,1,SLICE,SLICE
30,208,30,208,0,0,0,59,1,SLICE,SLICE
26,203,26,203,0,0,0,58,1,SLICE,SLICE
27,204,27,204,0,0,0,58,1,SLICE,SLICE
26,203,26,203,0,0,0,58,1,SLICE,SLICE
27,203,27,203,0,0,0,58,1,SLICE,SLICE
27,203,27,203,0,0,0,59,1,SLICE,SLICE
26,204,26,204,0,0,0,58,1,SLICE,SLICE
18,193,18,193,0,0,0,56,1,SLICE,SLICE
18,192,18,192,0,0,0,56,1,SLICE,SLICE
18,192,18,192,0,0,0,55,1,SLICE,SLICE
18,191,18,191,0,0,0,55,1,SLICE,SLICE
18,190,18,190,0,0,0,56,1,SLICE,SLICE
18,191,18,191,0,0,0,56,1,SLICE,SLICE
32,208,32,208,0,0,0,58,1,SLICE,SLICE
35,209,35,209,0,0,0,58,1,SLICE,SLICE
33,207,33,207,0,0,0,58,1,SLICE,SLICE
35,209,35,209,0,0,0,59,1,SLICE,SLICE
32,208,32,208,0,0,0,58,1,SLICE,SLICE
32,208,32,208,0,0,0,58,1,SLICE,SLICE
35,207,35,207,0,0,0,58,1,SLICE,SLICE
35,206,35,206,0,0,0,59,1,SLICE,SLICE
35,205,35,205,0,0,0,58,1,SLICE,SLICE
35,206,35,206,0,0,0,58,1,SLICE,SLICE
35,207,35,207,0,0,0,58,1,SLICE,SLICE
34,206,34,206,0,0,0,59,1,SLICE,SLICE
28,210,28,210,0,0,0,58,1,SLICE,SLICE
26,210,26,210,0,0,0,58,1,SLICE,SLICE
26,209,26,209,0,0,0,59,1,SLICE,SLICE
26,206,26,206,0,0,0,58,1,SLICE,SLICE
30,207,30,207,0,0,0,58,1,SLICE,SLICE
30,208,30,208,0,0,0,58,1,SLICE,SLICE
30,208,30,208,0,0,0,58,1,SLICE,SLICE
22,205,22,205,0,0,0,55,1,SLICE,SLICE
22,205,22,205,0,0,0,55,1,SLICE,SLICE
28,208,28,208,0,0,0,59,1,SLICE,SLICE
24,205,24,205,0,0,0,59,1,SLICE,SLICE
22,205,22,205,0,0,0,56,1,SLICE,SLICE
22,204,22,204,0,0,0,56,1,SLICE,SLICE
22,203,22,203,0,0,0,56,1,SLICE,SLICE
22,203,22,203,0,0,0,55,1,SLICE,SLICE
22,203,22,203,0,0,0,55,1,SLICE,SLICE
21,203,21,203,0,0,0,58,1,SLICE,SLICE
20,203,20,203,0,0,0,55,1,SLICE,SLICE
20,199,20,199,0,0,0,55,1,SLICE,SLICE
20,198,20,198,0,0,0,55,1,SLICE,SLICE
20,199,20,199,0,0,0,55,1,SLICE,SLICE
20,201,20,201,0,0,0,55,1,SLICE,SLICE
20,198,20,198,0,0,0,55,1,SLICE,SLICE
18,202,18,202,0,0,0,56,1,SLICE,SLICE
11,153,11,153,0,0,0,58,1,SLICE,SLICE
11,152,11,152,0,0,0,58,1,SLICE,SLICE
11,152,11,152,0,0,0,59,1,SLICE,SLICE
11,153,11,153,0,0,0,59,1,SLICE,SLICE
11,153,11,153,0,0,0,58,1,SLICE,SLICE
10,152,10,152,0,0,0,56,1,SLICE,SLICE
8,136,8,136,0,0,0,55,1,SLICE,SLICE
8,138,8,138,0,0,0,55,1,SLICE,SLICE
8,137,8,137,0,0,0,55,1,SLICE,SLICE
8,137,8,137,0,0,0,55,1,SLICE,SLICE
8,138,8,138,0,0,0,55,1,SLICE,SLICE
8,136,8,136,0,0,0,56,1,SLICE,SLICE
6,160,6,160,0,0,0,56,1,SLICE,SLICE
6,160,6,160,0,0,0,55,1,SLICE,SLICE
6,157,6,157,0,0,0,55,1,SLICE,SLICE
8,150,8,150,0,0,0,55,1,SLICE,SLICE
9,150,9,150,0,0,0,58,1,SLICE,SLICE
6,155,6,155,0,0,0,56,1,SLICE,SLICE
6,156,6,156,0,0,0,56,1,SLICE,SLICE
6,156,6,156,0,0,0,55,1,SLICE,SLICE
8,151,8,151,0,0,0,56,1,SLICE,SLICE
6,157,6,157,0,0,0,56,1,SLICE,SLICE
6,158,6,158,0,0,0,56,1,SLICE,SLICE
4,162,4,162,0,0,0,59,1,SLICE,SLICE
8,135,8,135,0,0,0,55,1,SLICE,SLICE
7,136,7,136,0,0,0,59,1,SLICE,SLICE
8,135,8,135,0,0,0,55,1,SLICE,SLICE
8,136,8,136,0,0,0,55,1,SLICE,SLICE
7,136,7,136,0,0,0,58,1,SLICE,SLICE
8,135,8,135,0,0,0,56,1,SLICE,SLICE
8,147,8,147,0,0,0,55,1,SLICE,SLICE
8,146,8,146,0,0,0,55,1,SLICE,SLICE
6,140,6,140,0,0,0,55,1,SLICE,SLICE
8,146,8,146,0,0,0,55,1,SLICE,SLICE
8,146,8,146,0,0,0,55,1,SLICE,SLICE
8,147,8,147,0,0,0,56,1,SLICE,SLICE
8,145,8,145,0,0,0,55,1,SLICE,SLICE
9,146,9,146,0,0,0,58,1,SLICE,SLICE
8,145,8,145,0,0,0,55,1,SLICE,SLICE
8,145,8,145,0,0,0,55,1,SLICE,SLICE
9,145,9,145,0,0,0,58,1,SLICE,SLICE
8,145,8,145,0,0,0,56,1,SLICE,SLICE
6,139,6,139,0,0,0,55,1,SLICE,SLICE
6,139,6,139,0,0,0,55,1,SLICE,SLICE
4,140,4,140,0,0,0,58,1,SLICE,SLICE
6,139,6,139,0,0,0,55,1,SLICE,SLICE
7,139,7,139,0,0,0,58,1,SLICE,SLICE
6,139,6,139,0,0,0,56,1,SLICE,SLICE
10,150,10,150,0,0,0,55,1,SLICE,SLICE
10,150,10,150,0,0,0,55,1,SLICE,SLICE
8,147,8,147,0,0,0,55,1,SLICE,SLICE
11,149,11,149,0,0,0,58,1,SLICE,SLICE
10,150,10,150,0,0,0,55,1,SLICE,SLICE
10,150,10,150,0,0,0,56,1,SLICE,SLICE
8,144,8,144,0,0,0,55,1,SLICE,SLICE
8,144,8,144,0,0,0,55,1,SLICE,SLICE
8,144,8,144,0,0,0,55,1,SLICE,SLICE
9,144,9,144,0,0,0,58,1,SLICE,SLICE
9,144,9,144,0,0,0,59,1,SLICE,SLICE
8,144,8,144,0,0,0,56,1,SLICE,SLICE
9,147,9,147,0,0,0,58,1,SLICE,SLICE
9,148,9,148,0,0,0,59,1,SLICE,SLICE
9,147,9,147,0,0,0,59,1,SLICE,SLICE
7,143,7,143,0,0,0,59,1,SLICE,SLICE
9,147,9,147,0,0,0,58,1,SLICE,SLICE
7,143,7,143,0,0,0,58,1,SLICE,SLICE
10,146,10,146,0,0,0,56,1,SLICE,SLICE
10,147,10,147,0,0,0,55,1,SLICE,SLICE
8,146,8,146,0,0,0,56,1,SLICE,SLICE
10,147,10,147,0,0,0,55,1,SLICE,SLICE
10,146,10,146,0,0,0,55,1,SLICE,SLICE
11,147,11,147,0,0,0,58,1,SLICE,SLICE
10,149,10,149,0,0,0,55,1,SLICE,SLICE
10,149,10,149,0,0,0,55,1,SLICE,SLICE
10,149,10,149,0,0,0,56,1,SLICE,SLICE
8,147,8,147,0,0,0,55,1,SLICE,SLICE
11,150,11,150,0,0,0,58,1,SLICE,SLICE
10,149,10,149,0,0,0,55,1,SLICE,SLICE
9,145,9,145,0,0,0,59,1,SLICE,SLICE
10,145,10,145,0,0,0,55,1,SLICE,SLICE
11,145,11,145,0,0,0,58,1,SLICE,SLICE
11,146,11,146,0,0,0,58,1,SLICE,SLICE
11,146,11,146,0,0,0,59,1,SLICE,SLICE
10,145,10,145,0,0,0,56,1,SLICE,SLICE
7,138,7,138,0,0,0,59,1,SLICE,SLICE
6,135,6,135,0,0,0,55,1,SLICE,SLICE
7,138,7,138,0,0,0,58,1,SLICE,SLICE
9,142,9,142,0,0,0,59,1,SLICE,SLICE
7,137,7,137,0,0,0,58,1,SLICE,SLICE
5,137,5,137,0,0,0,58,1,SLICE,SLICE
8,149,8,149,0,0,0,55,1,SLICE,SLICE
8,148,8,148,0,0,0,55,1,SLICE,SLICE
8,149,8,149,0,0,0,55,1,SLICE,SLICE
8,148,8,148,0,0,0,55,1,SLICE,SLICE
9,149,9,149,0,0,0,58,1,SLICE,SLICE
8,149,8,149,0,0,0,55,1,SLICE,SLICE
8,142,8,142,0,0,0,56,1,SLICE,SLICE
8,143,8,143,0,0,0,55,1,SLICE,SLICE
8,143,8,143,0,0,0,55,1,SLICE,SLICE
9,143,9,143,0,0,0,58,1,SLICE,SLICE
9,143,9,143,0,0,0,59,1,SLICE,SLICE
8,143,8,143,0,0,0,56,1,SLICE,SLICE
8,165,8,165,0,0,0,55,1,SLICE,SLICE
8,166,8,166,0,0,0,56,1,SLICE,SLICE
8,165,8,165,0,0,0,55,1,SLICE,SLICE
6,171,6,171,0,0,0,56,1,SLICE,SLICE
8,166,8,166,0,0,0,55,1,SLICE,SLICE
6,170,6,170,0,0,0,56,1,SLICE,SLICE
8,150,8,150,0,0,0,56,1,SLICE,SLICE
8,150,8,150,0,0,0,55,1,SLICE,SLICE
9,149,9,149,0,0,0,59,1,SLICE,SLICE
6,155,6,155,0,0,0,55,1,SLICE,SLICE
8,150,8,150,0,0,0,55,1,SLICE,SLICE
8,149,8,149,0,0,0,56,1,SLICE,SLICE
8,138,8,138,0,0,0,55,1,SLICE,SLICE
9,138,9,138,0,0,0,58,1,SLICE,SLICE
9,138,9,138,0,0,0,59,1,SLICE,SLICE
8,139,8,139,0,0,0,55,1,SLICE,SLICE
9,138,9,138,0,0,0,58,1,SLICE,SLICE
8,138,8,138,0,0,0,56,1,SLICE,SLICE
6,136,6,136,0,0,0,55,1,SLICE,SLICE
8,141,8,141,0,0,0,55,1,SLICE,SLICE
8,141,8,141,0,0,0,55,1,SLICE,SLICE
8,140,8,140,0,0,0,55,1,SLICE,SLICE
8,141,8,141,0,0,0,55,1,SLICE,SLICE
8,141,8,141,0,0,0,56,1,SLICE,SLICE
6,136,6,136,0,0,0,55,1,SLICE,SLICE
6,137,6,137,0,0,0,55,1,SLICE,SLICE
7,136,7,136,0,0,0,58,1,SLICE,SLICE
6,137,6,137,0,0,0,55,1,SLICE,SLICE
6,137,6,137,0,0,0,55,1,SLICE,SLICE
6,136,6,136,0,0,0,56,1,SLICE,SLICE
10,147,10,147,0,0,0,56,1,SLICE,SLICE
11,147,11,147,0,0,0,59,1,SLICE,SLICE
10,147,10,147,0,0,0,55,1,SLICE,SLICE
10,148,10,148,0,0,0,56,1,SLICE,SLICE
10,148,10,148,0,0,0,55,1,SLICE,SLICE
11,147,11,147,0,0,0,58,1,SLICE,SLICE
8,139,8,139,0,0,0,55,1,SLICE,SLICE
8,139,8,139,0,0,0,55,1,SLICE,SLICE
9,139,9,139,0,0,0,58,1,SLICE,SLICE
9,139,9,139,0,0,0,59,1,SLICE,SLICE
9,140,9,140,0,0,0,59,1,SLICE,SLICE
8,139,8,139,0,0,0,56,1,SLICE,SLICE
10,156,10,156,0,0,0,56,1,SLICE,SLICE
10,158,10,158,0,0,0,56,1,SLICE,SLICE
10,158,10,158,0,0,0,55,1,SLICE,SLICE
8,161,8,161,0,0,0,56,1,SLICE,SLICE
8,161,8,161,0,0,0,55,1,SLICE,SLICE
12,160,12,160,0,0,0,56,1,SLICE,SLICE
4,165,4,165,0,0,0,58,1,SLICE,SLICE
4,165,4,165,0,0,0,59,1,SLICE,SLICE
6,166,6,166,0,0,0,56,1,SLICE,SLICE
4,166,4,166,0,0,0,58,1,SLICE,SLICE
4,165,4,165,0,0,0,58,1,SLICE,SLICE
4,164,4,164,0,0,0,58,1,SLICE,SLICE
8,137,8,137,0,0,0,55,1,SLICE,SLICE
9,137,9,137,0,0,0,58,1,SLICE,SLICE
9,136,9,136,0,0,0,59,1,SLICE,SLICE
9,137,9,137,0,0,0,59,1,SLICE,SLICE
9,137,9,137,0,0,0,58,1,SLICE,SLICE
8,137,8,137,0,0,0,56,1,SLICE,SLICE
8,159,8,159,0,0,0,56,1,SLICE,SLICE
8,159,8,159,0,0,0,55,1,SLICE,SLICE
8,155,8,155,0,0,0,55,1,SLICE,SLICE
8,156,8,156,0,0,0,56,1,SLICE,SLICE
4,170,4,170,0,0,0,58,1,SLICE,SLICE
8,158,8,158,0,0,0,56,1,SLICE,SLICE
8,140,8,140,0,0,0,55,1,SLICE,SLICE
10,135,10,135,0,0,0,55,1,SLICE,SLICE
10,135,10,135,0,0,0,55,1,SLICE,SLICE
10,135,10,135,0,0,0,55,1,SLICE,SLICE
11,135,11,135,0,0,0,58,1,SLICE,SLICE
10,135,10,135,0,0,0,56,1,SLICE,SLICE
6,141,6,141,0,0,0,55,1,SLICE,SLICE
6,141,6,141,0,0,0,55,1,SLICE,SLICE
4,141,4,141,0,0,0,58,1,SLICE,SLICE
6,141,6,141,0,0,0,55,1,SLICE,SLICE
9,146,9,146,0,0,0,59,1,SLICE,SLICE
6,140,6,140,0,0,0,56,1,SLICE,SLICE
6,140,6,140,0,0,0,55,1,SLICE,SLICE
6,140,6,140,0,0,0,55,1,SLICE,SLICE
6,141,6,141,0,0,0,56,1,SLICE,SLICE
7,140,7,140,0,0,0,58,1,SLICE,SLICE
7,140,7,140,0,0,0,59,1,SLICE,SLICE
7,138,7,138,0,0,0,58,1,SLICE,SLICE
6,132,6,132,0,0,0,56,1,SLICE,SLICE
6,134,6,134,0,0,0,55,1,SLICE,SLICE
9,134,9,134,0,0,0,58,1,SLICE,SLICE
7,136,7,136,0,0,0,58,1,SLICE,SLICE
6,134,6,134,0,0,0,55,1,SLICE,SLICE
9,134,9,134,0,0,0,58,1,SLICE,SLICE
9,141,9,141,0,0,0,58,1,SLICE,SLICE
8,140,8,140,0,0,0,55,1,SLICE,SLICE
9,141,9,141,0,0,0,59,1,SLICE,SLICE
9,140,9,140,0,0,0,58,1,SLICE,SLICE
9,141,9,141,0,0,0,58,1,SLICE,SLICE
8,140,8,140,0,0,0,56,1,SLICE,SLICE
16,164,16,164,0,0,0,55,1,SLICE,SLICE
16,163,16,163,0,0,0,56,1,SLICE,SLICE
16,164,16,164,0,0,0,55,1,SLICE,SLICE
16,162,16,162,0,0,0,56,1,SLICE,SLICE
16,164,16,164,0,0,0,55,1,SLICE,SLICE
16,164,16,164,0,0,0,56,1,SLICE,SLICE
8,135,8,135,0,0,0,55,1,SLICE,SLICE
9,135,9,135,0,0,0,58,1,SLICE,SLICE
8,136,8,136,0,0,0,55,1,SLICE,SLICE
9,135,9,135,0,0,0,59,1,SLICE,SLICE
9,136,9,136,0,0,0,58,1,SLICE,SLICE
11,134,11,134,0,0,0,58,1,SLICE,SLICE
8,148,8,148,0,0,0,55,1,SLICE,SLICE
10,153,10,153,0,0,0,55,1,SLICE,SLICE
10,153,10,153,0,0,0,55,1,SLICE,SLICE
10,154,10,154,0,0,0,56,1,SLICE,SLICE
9,148,9,148,0,0,0,58,1,SLICE,SLICE
8,148,8,148,0,0,0,56,1,SLICE,SLICE
10,151,10,151,0,0,0,56,1,SLICE,SLICE
10,152,10,152,0,0,0,55,1,SLICE,SLICE
10,152,10,152,0,0,0,55,1,SLICE,SLICE
10,153,10,153,0,0,0,56,1,SLICE,SLICE
10,153,10,153,0,0,0,55,1,SLICE,SLICE
10,152,10,152,0,0,0,55,1,SLICE,SLICE
6,135,6,135,0,0,0,56,1,SLICE,SLICE
6,134,6,134,0,0,0,56,1,SLICE,SLICE
6,134,6,134,0,0,0,55,1,SLICE,SLICE
9,134,9,134,0,0,0,59,1,SLICE,SLICE
6,135,6,135,0,0,0,55,1,SLICE,SLICE
6,136,6,136,0,0,0,55,1,SLICE,SLICE
8,142,8,142,0,0,0,55,1,SLICE,SLICE
8,142,8,142,0,0,0,55,1,SLICE,SLICE
8,142,8,142,0,0,0,55,1,SLICE,SLICE
9,142,9,142,0,0,0,58,1,SLICE,SLICE
9,143,9,143,0,0,0,58,1,SLICE,SLICE
8,143,8,143,0,0,0,55,1,SLICE,SLICE
9,144,9,144,0,0,0,58,1,SLICE,SLICE
7,140,7,140,0,0,0,58,1,SLICE,SLICE
7,138,7,138,0,0,0,58,1,SLICE,SLICE
7,139,7,139,0,0,0,59,1,SLICE,SLICE
7,140,7,140,0,0,0,58,1,SLICE,SLICE
6,137,6,137,0,0,0,56,1,SLICE,SLICE
58,260,58,260,0,0,0,55,1,SLICE,SLICE
58,264,58,264,0,0,0,55,1,SLICE,SLICE
58,265,58,265,0,0,0,55,1,SLICE,SLICE
58,263,58,263,0,0,0,55,1,SLICE,SLICE
59,262,59,262,0,0,0,59,1,SLICE,SLICE
58,264,58,264,0,0,0,56,1,SLICE,SLICE
58,270,58,270,0,0,0,55,1,SLICE,SLICE
59,268,59,268,0,0,0,58,1,SLICE,SLICE
59,268,59,268,0,0,0,59,1,SLICE,SLICE
61,274,61,274,0,0,0,58,1,SLICE,SLICE
58,269,58,269,0,0,0,55,1,SLICE,SLICE
60,274,60,274,0,0,0,58,1,SLICE,SLICE
59,277,59,277,0,0,0,58,1,SLICE,SLICE
59,278,59,278,0,0,0,58,1,SLICE,SLICE
61,279,61,279,0,0,0,59,1,SLICE,SLICE
58,279,58,279,0,0,0,55,1,SLICE,SLICE
61,278,61,278,0,0,0,58,1,SLICE,SLICE
60,279,60,279,0,0,0,59,1,SLICE,SLICE
60,276,60,276,0,0,0,58,1,SLICE,SLICE
61,276,61,276,0,0,0,58,1,SLICE,SLICE
61,276,61,276,0,0,0,59,1,SLICE,SLICE
61,276,61,276,0,0,0,58,1,SLICE,SLICE
61,275,61,275,0,0,0,59,1,SLICE,SLICE
60,276,60,276,0,0,0,58,1,SLICE,SLICE
58,269,58,269,0,0,0,56,1,SLICE,SLICE
58,269,58,269,0,0,0,55,1,SLICE,SLICE
58,268,58,268,0,0,0,55,1,SLICE,SLICE
58,268,58,268,0,0,0,55,1,SLICE,SLICE
58,268,58,268,0,0,0,55,1,SLICE,SLICE
58,268,58,268,0,0,0,56,1,SLICE,SLICE
58,256,58,256,0,0,0,55,1,SLICE,SLICE
58,255,58,255,0,0,0,55,1,SLICE,SLICE
61,273,61,273,0,0,0,58,1,SLICE,SLICE
58,263,58,263,0,0,0,55,1,SLICE,SLICE
58,260,58,260,0,0,0,55,1,SLICE,SLICE
58,261,58,261,0,0,0,56,1,SLICE,SLICE
58,270,58,270,0,0,0,55,1,SLICE,SLICE
58,270,58,270,0,0,0,55,1,SLICE,SLICE
58,271,58,271,0,0,0,55,1,SLICE,SLICE
58,272,58,272,0,0,0,55,1,SLICE,SLICE
59,271,59,271,0,0,0,58,1,SLICE,SLICE
58,272,58,272,0,0,0,56,1,SLICE,SLICE
58,280,58,280,0,0,0,55,1,SLICE,SLICE
58,280,58,280,0,0,0,55,1,SLICE,SLICE
58,279,58,279,0,0,0,56,1,SLICE,SLICE
59,280,59,280,0,0,0,58,1,SLICE,SLICE
59,280,59,280,0,0,0,59,1,SLICE,SLICE
57,280,57,280,0,0,0,58,1,SLICE,SLICE
57,278,57,278,0,0,0,58,1,SLICE,SLICE
57,278,57,278,0,0,0,58,1,SLICE,SLICE
58,281,58,281,0,0,0,56,1,SLICE,SLICE
57,277,57,277,0,0,0,58,1,SLICE,SLICE
58,277,58,277,0,0,0,55,1,SLICE,SLICE
56,279,56,279,0,0,0,56,1,SLICE,SLICE
58,273,58,273,0,0,0,55,1,SLICE,SLICE
59,272,59,272,0,0,0,59,1,SLICE,SLICE
58,274,58,274,0,0,0,55,1,SLICE,SLICE
58,274,58,274,0,0,0,55,1,SLICE,SLICE
58,273,58,273,0,0,0,55,1,SLICE,SLICE
58,272,58,272,0,0,0,55,1,SLICE,SLICE
60,278,60,278,0,0,0,58,1,SLICE,SLICE
60,278,60,278,0,0,0,59,1,SLICE,SLICE
60,278,60,278,0,0,0,58,1,SLICE,SLICE
60,278,60,278,0,0,0,58,1,SLICE,SLICE
61,278,61,278,0,0,0,58,1,SLICE,SLICE
60,279,60,279,0,0,0,58,1,SLICE,SLICE
58,273,58,273,0,0,0,55,1,SLICE,SLICE
57,272,57,272,0,0,0,58,1,SLICE,SLICE
58,274,58,274,0,0,0,55,1,SLICE,SLICE
59,272,59,272,0,0,0,58,1,SLICE,SLICE
60,276,60,276,0,0,0,58,1,SLICE,SLICE
58,273,58,273,0,0,0,56,1,SLICE,SLICE
60,277,60,277,0,0,0,59,1,SLICE,SLICE
60,277,60,277,0,0,0,58,1,SLICE,SLICE
60,276,60,276,0,0,0,59,1,SLICE,SLICE
60,277,60,277,0,0,0,58,1,SLICE,SLICE
58,275,58,275,0,0,0,56,1,SLICE,SLICE
60,277,60,277,0,0,0,58,1,SLICE,SLICE
50,244,50,244,0,0,0,55,1,SLICE,SLICE
51,244,51,244,0,0,0,58,1,SLICE,SLICE
50,244,50,244,0,0,0,55,1,SLICE,SLICE
51,243,51,243,0,0,0,58,1,SLICE,SLICE
51,244,51,244,0,0,0,58,1,SLICE,SLICE
50,244,50,244,0,0,0,56,1,SLICE,SLICE
60,279,60,279,0,0,0,58,1,SLICE,SLICE
61,280,61,280,0,0,0,58,1,SLICE,SLICE
61,280,61,280,0,0,0,59,1,SLICE,SLICE
61,280,61,280,0,0,0,58,1,SLICE,SLICE
61,279,61,279,0,0,0,58,1,SLICE,SLICE
60,279,60,279,0,0,0,58,1,SLICE,SLICE
58,278,58,278,0,0,0,55,1,SLICE,SLICE
56,278,56,278,0,0,0,55,1,SLICE,SLICE
58,278,58,278,0,0,0,55,1,SLICE,SLICE
56,278,56,278,0,0,0,55,1,SLICE,SLICE
57,278,57,278,0,0,0,58,1,SLICE,SLICE
56,278,56,278,0,0,0,56,1,SLICE,SLICE
58,257,58,257,0,0,0,55,1,SLICE,SLICE
58,257,58,257,0,0,0,55,1,SLICE,SLICE
59,257,59,257,0,0,0,58,1,SLICE,SLICE
59,257,59,257,0,0,0,59,1,SLICE,SLICE
60,268,60,268,0,0,0,58,1,SLICE,SLICE
58,257,58,257,0,0,0,56,1,SLICE,SLICE
60,264,60,264,0,0,0,58,1,SLICE,SLICE
60,264,60,264,0,0,0,59,1,SLICE,SLICE
63,265,63,265,0,0,0,59,1,SLICE,SLICE
60,264,60,264,0,0,0,58,1,SLICE,SLICE
60,264,60,264,0,0,0,58,1,SLICE,SLICE
62,265,62,265,0,0,0,56,1,SLICE,SLICE
51,246,51,246,0,0,0,58,1,SLICE,SLICE
50,245,50,245,0,0,0,55,1,SLICE,SLICE
48,247,48,247,0,0,0,59,1,SLICE,SLICE
49,250,49,250,0,0,0,58,1,SLICE,SLICE
49,248,49,248,0,0,0,59,1,SLICE,SLICE
50,246,50,246,0,0,0,56,1,SLICE,SLICE
57,275,57,275,0,0,0,58,1,SLICE,SLICE
57,275,57,275,0,0,0,59,1,SLICE,SLICE
58,271,58,271,0,0,0,55,1,SLICE,SLICE
57,275,57,275,0,0,0,58,1,SLICE,SLICE
57,275,57,275,0,0,0,58,1,SLICE,SLICE
56,273,56,273,0,0,0,56,1,SLICE,SLICE
56,277,56,277,0,0,0,55,1,SLICE,SLICE
56,277,56,277,0,0,0,55,1,SLICE,SLICE
57,277,57,277,0,0,0,58,1,SLICE,SLICE
56,275,56,275,0,0,0,55,1,SLICE,SLICE
56,275,56,275,0,0,0,55,1,SLICE,SLICE
56,277,56,277,0,0,0,56,1,SLICE,SLICE
56,279,56,279,0,0,0,55,1,SLICE,SLICE
56,279,56,279,0,0,0,55,1,SLICE,SLICE
58,280,58,280,0,0,0,56,1,SLICE,SLICE
58,278,58,278,0,0,0,56,1,SLICE,SLICE
56,280,56,280,0,0,0,55,1,SLICE,SLICE
57,280,57,280,0,0,0,59,1,SLICE,SLICE
56,271,56,271,0,0,0,55,1,SLICE,SLICE
57,270,57,270,0,0,0,58,1,SLICE,SLICE
57,270,57,270,0,0,0,59,1,SLICE,SLICE
57,269,57,269,0,0,0,58,1,SLICE,SLICE
57,271,57,271,0,0,0,59,1,SLICE,SLICE
58,271,58,271,0,0,0,56,1,SLICE,SLICE
60,275,60,275,0,0,0,59,1,SLICE,SLICE
60,275,60,275,0,0,0,58,1,SLICE,SLICE
60,275,60,275,0,0,0,58,1,SLICE,SLICE
58,272,58,272,0,0,0,55,1,SLICE,SLICE
61,275,61,275,0,0,0,58,1,SLICE,SLICE
60,275,60,275,0,0,0,58,1,SLICE,SLICE
61,265,61,265,0,0,0,59,1,SLICE,SLICE
60,266,60,266,0,0,0,58,1,SLICE,SLICE
61,266,61,266,0,0,0,58,1,SLICE,SLICE
61,266,61,266,0,0,0,59,1,SLICE,SLICE
61,267,61,267,0,0,0,59,1,SLICE,SLICE
60,266,60,266,0,0,0,58,1,SLICE,SLICE
60,280,60,280,0,0,0,59,1,SLICE,SLICE
60,280,60,280,0,0,0,58,1,SLICE,SLICE
56,280,56,280,0,0,0,55,1,SLICE,SLICE
58,280,58,280,0,0,0,55,1,SLICE,SLICE
60,280,60,280,0,0,0,58,1,SLICE,SLICE
60,280,60,280,0,0,0,58,1,SLICE,SLICE
57,270,57,270,0,0,0,58,1,SLICE,SLICE
59,268,59,268,0,0,0,58,1,SLICE,SLICE
57,270,57,270,0,0,0,58,1,SLICE,SLICE
58,269,58,269,0,0,0,55,1,SLICE,SLICE
59,268,59,268,0,0,0,58,1,SLICE,SLICE
56,270,56,270,0,0,0,56,1,SLICE,SLICE
52,244,52,244,0,0,0,56,1,SLICE,SLICE
52,244,52,244,0,0,0,55,1,SLICE,SLICE
53,246,53,246,0,0,0,58,1,SLICE,SLICE
52,244,52,244,0,0,0,55,1,SLICE,SLICE
51,245,51,245,0,0,0,58,1,SLICE,SLICE
50,245,50,245,0,0,0,56,1,SLICE,SLICE
57,276,57,276,0,0,0,59,1,SLICE,SLICE
56,274,56,274,0,0,0,55,1,SLICE,SLICE
58,274,58,274,0,0,0,56,1,SLICE,SLICE
57,274,57,274,0,0,0,58,1,SLICE,SLICE
57,276,57,276,0,0,0,58,1,SLICE,SLICE
56,276,56,276,0,0,0,56,1,SLICE,SLICE
63,272,63,272,0,0,0,59,1,SLICE,SLICE
63,276,63,276,0,0,0,58,1,SLICE,SLICE
62,270,62,270,0,0,0,55,1,SLICE,SLICE
63,272,63,272,0,0,0,58,1,SLICE,SLICE
60,268,60,268,0,0,0,58,1,SLICE,SLICE
62,272,62,272,0,0,0,56,1,SLICE,SLICE
57,277,57,277,0,0,0,59,1,SLICE,SLICE
58,279,58,279,0,0,0,55,1,SLICE,SLICE
58,278,58,278,0,0,0,55,1,SLICE,SLICE
57,278,57,278,0,0,0,59,1,SLICE,SLICE
57,277,57,277,0,0,0,58,1,SLICE,SLICE
56,277,56,277,0,0,0,55,1,SLICE,SLICE
60,274,60,274,0,0,0,59,1,SLICE,SLICE
60,274,60,274,0,0,0,58,1,SLICE,SLICE
60,274,60,274,0,0,0,58,1,SLICE,SLICE
61,274,61,274,0,0,0,58,1,SLICE,SLICE
61,274,61,274,0,0,0,59,1,SLICE,SLICE
58,270,58,270,0,0,0,56,1,SLICE,SLICE
58,253,58,253,0,0,0,56,1,SLICE,SLICE
58,252,58,252,0,0,0,56,1,SLICE,SLICE
58,253,58,253,0,0,0,55,1,SLICE,SLICE
60,266,60,266,0,0,0,59,1,SLICE,SLICE
58,253,58,253,0,0,0,55,1,SLICE,SLICE
60,265,60,265,0,0,0,58,1,SLICE,SLICE
58,255,58,255,0,0,0,55,1,SLICE,SLICE
58,254,58,254,0,0,0,55,1,SLICE,SLICE
59,253,59,253,0,0,0,58,1,SLICE,SLICE
59,253,59,253,0,0,0,59,1,SLICE,SLICE
59,253,59,253,0,0,0,58,1,SLICE,SLICE
58,252,58,252,0,0,0,55,1,SLICE,SLICE
60,263,60,263,0,0,0,58,1,SLICE,SLICE
61,264,61,264,0,0,0,58,1,SLICE,SLICE
61,263,61,263,0,0,0,58,1,SLICE,SLICE
61,264,61,264,0,0,0,59,1,SLICE,SLICE
61,263,61,263,0,0,0,59,1,SLICE,SLICE
60,263,60,263,0,0,0,58,1,SLICE,SLICE
58,276,58,276,0,0,0,56,1,SLICE,SLICE
58,276,58,276,0,0,0,55,1,SLICE,SLICE
57,276,57,276,0,0,0,58,1,SLICE,SLICE
58,275,58,275,0,0,0,55,1,SLICE,SLICE
61,277,61,277,0,0,0,58,1,SLICE,SLICE
56,276,56,276,0,0,0,55,1,SLICE,SLICE
57,274,57,274,0,0,0,59,1,SLICE,SLICE
58,271,58,271,0,0,0,55,1,SLICE,SLICE
57,274,57,274,0,0,0,58,1,SLICE,SLICE
57,274,57,274,0,0,0,58,1,SLICE,SLICE
57,273,57,273,0,0,0,58,1,SLICE,SLICE
56,274,56,274,0,0,0,56,1,SLICE,SLICE
58,277,58,277,0,0,0,55,1,SLICE,SLICE
59,277,59,277,0,0,0,58,1,SLICE,SLICE
61,278,61,278,0,0,0,59,1,SLICE,SLICE
59,277,59,277,0,0,0,59,1,SLICE,SLICE
61,277,61,277,0,0,0,59,1,SLICE,SLICE
58,277,58,277,0,0,0,56,1,SLICE,SLICE
58,275,58,275,0,0,0,55,1,SLICE,SLICE
58,276,58,276,0,0,0,55,1,SLICE,SLICE
58,276,58,276,0,0,0,55,1,SLICE,SLICE
58,277,58,277,0,0,0,55,1,SLICE,SLICE
59,276,59,276,0,0,0,58,1,SLICE,SLICE
56,276,56,276,0,0,0,55,1,SLICE,SLICE
51,244,51,244,0,0,0,58,1,SLICE,SLICE
51,245,51,245,0,0,0,59,1,SLICE,SLICE
51,244,51,244,0,0,0,59,1,SLICE,SLICE
52,245,52,245,0,0,0,55,1,SLICE,SLICE
51,245,51,245,0,0,0,58,1,SLICE,SLICE
50,245,50,245,0,0,0,55,1,SLICE,SLICE
3,174,3,174,0,0,0,59,1,SLICE,SLICE
3,174,3,174,0,0,0,58,1,SLICE,SLICE
1,173,1,173,0,0,0,58,1,SLICE,SLICE
1,172,1,172,0,0,0,58,1,SLICE,SLICE
2,175,2,175,0,0,0,55,1,SLICE,SLICE
0,177,0,177,0,0,0,59,1,SLICE,SLICE
8,183,8,183,0,0,0,55,1,SLICE,SLICE
8,187,8,187,0,0,0,55,1,SLICE,SLICE
9,186,9,186,0,0,0,59,1,SLICE,SLICE
9,187,9,187,0,0,0,58,1,SLICE,SLICE
9,186,9,186,0,0,0,58,1,SLICE,SLICE
9,186,9,186,0,0,0,58,1,SLICE,SLICE
0,161,0,161,0,0,0,59,1,SLICE,SLICE
0,161,0,161,0,0,0,58,1,SLICE,SLICE
0,162,0,162,0,0,0,58,1,SLICE,SLICE
0,162,0,162,0,0,0,59,1,SLICE,SLICE
0,162,0,162,0,0,0,58,1,SLICE,SLICE
0,161,0,161,0,0,0,58,1,SLICE,SLICE
8,178,8,178,0,0,0,55,1,SLICE,SLICE
8,178,8,178,0,0,0,55,1,SLICE,SLICE
4,177,4,177,0,0,0,58,1,SLICE,SLICE
9,178,9,178,0,0,0,58,1,SLICE,SLICE
9,178,9,178,0,0,0,59,1,SLICE,SLICE
8,178,8,178,0,0,0,56,1,SLICE,SLICE
10,178,10,178,0,0,0,55,1,SLICE,SLICE
10,178,10,178,0,0,0,55,1,SLICE,SLICE
10,178,10,178,0,0,0,55,1,SLICE,SLICE
11,178,11,178,0,0,0,58,1,SLICE,SLICE
11,178,11,178,0,0,0,59,1,SLICE,SLICE
10,178,10,178,0,0,0,56,1,SLICE,SLICE
0,170,0,170,0,0,0,58,1,SLICE,SLICE
0,171,0,171,0,0,0,58,1,SLICE,SLICE
0,170,0,170,0,0,0,58,1,SLICE,SLICE
0,171,0,171,0,0,0,58,1,SLICE,SLICE
1,170,1,170,0,0,0,58,1,SLICE,SLICE
0,171,0,171,0,0,0,59,1,SLICE,SLICE
7,180,7,180,0,0,0,58,1,SLICE,SLICE
6,181,6,181,0,0,0,55,1,SLICE,SLICE
6,181,6,181,0,0,0,55,1,SLICE,SLICE
6,181,6,181,0,0,0,55,1,SLICE,SLICE
7,181,7,181,0,0,0,58,1,SLICE,SLICE
6,181,6,181,0,0,0,56,1,SLICE,SLICE
4,171,4,171,0,0,0,59,1,SLICE,SLICE
4,170,4,170,0,0,0,59,1,SLICE,SLICE
4,171,4,171,0,0,0,58,1,SLICE,SLICE
4,171,4,171,0,0,0,58,1,SLICE,SLICE
4,170,4,170,0,0,0,58,1,SLICE,SLICE
4,171,4,171,0,0,0,58,1,SLICE,SLICE
3,174,3,174,0,0,0,58,1,SLICE,SLICE
4,173,4,173,0,0,0,59,1,SLICE,SLICE
4,173,4,173,0,0,0,58,1,SLICE,SLICE
4,173,4,173,0,0,0,58,1,SLICE,SLICE
5,173,5,173,0,0,0,58,1,SLICE,SLICE
2,174,2,174,0,0,0,56,1,SLICE,SLICE
0,172,0,172,0,0,0,58,1,SLICE,SLICE
0,172,0,172,0,0,0,58,1,SLICE,SLICE
1,172,1,172,0,0,0,58,1,SLICE,SLICE
1,174,1,174,0,0,0,58,1,SLICE,SLICE
1,172,1,172,0,0,0,59,1,SLICE,SLICE
1,174,1,174,0,0,0,58,1,SLICE,SLICE
8,180,8,180,0,0,0,56,1,SLICE,SLICE
8,179,8,179,0,0,0,55,1,SLICE,SLICE
8,180,8,180,0,0,0,55,1,SLICE,SLICE
9,179,9,179,0,0,0,58,1,SLICE,SLICE
9,179,9,179,0,0,0,59,1,SLICE,SLICE
8,179,8,179,0,0,0,55,1,SLICE,SLICE
0,173,0,173,0,0,0,58,1,SLICE,SLICE
0,173,0,173,0,0,0,58,1,SLICE,SLICE
1,173,1,173,0,0,0,58,1,SLICE,SLICE
1,173,1,173,0,0,0,59,1,SLICE,SLICE
1,173,1,173,0,0,0,58,1,SLICE,SLICE
0,173,0,173,0,0,0,59,1,SLICE,SLICE
6,176,6,176,0,0,0,55,1,SLICE,SLICE
8,170,8,170,0,0,0,55,1,SLICE,SLICE
8,170,8,170,0,0,0,55,1,SLICE,SLICE
8,170,8,170,0,0,0,55,1,SLICE,SLICE
6,175,6,175,0,0,0,56,1,SLICE,SLICE
4,176,4,176,0,0,0,58,1,SLICE,SLICE
6,187,6,187,0,0,0,55,1,SLICE,SLICE
6,187,6,187,0,0,0,55,1,SLICE,SLICE
6,187,6,187,0,0,0,55,1,SLICE,SLICE
4,185,4,185,0,0,0,58,1,SLICE,SLICE
7,185,7,185,0,0,0,58,1,SLICE,SLICE
6,186,6,186,0,0,0,55,1,SLICE,SLICE
5,174,5,174,0,0,0,58,1,SLICE,SLICE
5,176,5,176,0,0,0,58,1,SLICE,SLICE
5,175,5,175,0,0,0,59,1,SLICE,SLICE
2,175,2,175,0,0,0,55,1,SLICE,SLICE
5,175,5,175,0,0,0,58,1,SLICE,SLICE
4,175,4,175,0,0,0,59,1,SLICE,SLICE
6,177,6,177,0,0,0,56,1,SLICE,SLICE
6,177,6,177,0,0,0,55,1,SLICE,SLICE
6,177,6,177,0,0,0,55,1,SLICE,SLICE
8,178,8,178,0,0,0,55,1,SLICE,SLICE
6,177,6,177,0,0,0,55,1,SLICE,SLICE
6,178,6,178,0,0,0,56,1,SLICE,SLICE
0,168,0,168,0,0,0,58,1,SLICE,SLICE
1,169,1,169,0,0,0,59,1,SLICE,SLICE
0,168,0,168,0,0,0,59,1,SLICE,SLICE
1,169,1,169,0,0,0,58,1,SLICE,SLICE
0,168,0,168,0,0,0,58,1,SLICE,SLICE
0,169,0,169,0,0,0,58,1,SLICE,SLICE
4,168,4,168,0,0,0,59,1,SLICE,SLICE
2,161,2,161,0,0,0,56,1,SLICE,SLICE
4,167,4,167,0,0,0,58,1,SLICE,SLICE
2,161,2,161,0,0,0,55,1,SLICE,SLICE
4,168,4,168,0,0,0,58,1,SLICE,SLICE
4,168,4,168,0,0,0,58,1,SLICE,SLICE
4,178,4,178,0,0,0,58,1,SLICE,SLICE
4,178,4,178,0,0,0,58,1,SLICE,SLICE
4,177,4,177,0,0,0,58,1,SLICE,SLICE
4,177,4,177,0,0,0,58,1,SLICE,SLICE
5,177,5,177,0,0,0,58,1,SLICE,SLICE
4,178,4,178,0,0,0,59,1,SLICE,SLICE
6,185,6,185,0,0,0,55,1,SLICE,SLICE
6,185,6,185,0,0,0,55,1,SLICE,SLICE
6,185,6,185,0,0,0,55,1,SLICE,SLICE
7,185,7,185,0,0,0,58,1,SLICE,SLICE
7,185,7,185,0,0,0,59,1,SLICE,SLICE
7,183,7,183,0,0,0,58,1,SLICE,SLICE
7,183,7,183,0,0,0,58,1,SLICE,SLICE
6,182,6,182,0,0,0,55,1,SLICE,SLICE
6,182,6,182,0,0,0,55,1,SLICE,SLICE
7,182,7,182,0,0,0,58,1,SLICE,SLICE
7,182,7,182,0,0,0,59,1,SLICE,SLICE
6,182,6,182,0,0,0,56,1,SLICE,SLICE
6,178,6,178,0,0,0,55,1,SLICE,SLICE
7,179,7,179,0,0,0,59,1,SLICE,SLICE
7,179,7,179,0,0,0,58,1,SLICE,SLICE
6,178,6,178,0,0,0,55,1,SLICE,SLICE
9,178,9,178,0,0,0,58,1,SLICE,SLICE
6,178,6,178,0,0,0,55,1,SLICE,SLICE
2,174,2,174,0,0,0,55,1,SLICE,SLICE
1,174,1,174,0,0,0,59,1,SLICE,SLICE
0,172,0,172,0,0,0,59,1,SLICE,SLICE
1,174,1,174,0,0,0,58,1,SLICE,SLICE
2,172,2,172,0,0,0,56,1,SLICE,SLICE
2,174,2,174,0,0,0,55,1,SLICE,SLICE
4,175,4,175,0,0,0,58,1,SLICE,SLICE
4,175,4,175,0,0,0,58,1,SLICE,SLICE
4,177,4,177,0,0,0,59,1,SLICE,SLICE
5,175,5,175,0,0,0,58,1,SLICE,SLICE
4,176,4,176,0,0,0,58,1,SLICE,SLICE
4,175,4,175,0,0,0,58,1,SLICE,SLICE
7,181,7,181,0,0,0,58,1,SLICE,SLICE
7,182,7,182,0,0,0,58,1,SLICE,SLICE
4,183,4,183,0,0,0,58,1,SLICE,SLICE
4,182,4,182,0,0,0,58,1,SLICE,SLICE
7,178,7,178,0,0,0,58,1,SLICE,SLICE
6,182,6,182,0,0,0,55,1,SLICE,SLICE
7,185,7,185,0,0,0,58,1,SLICE,SLICE
7,182,7,182,0,0,0,58,1,SLICE,SLICE
4,184,4,184,0,0,0,58,1,SLICE,SLICE
6,189,6,189,0,0,0,55,1,SLICE,SLICE
6,189,6,189,0,0,0,55,1,SLICE,SLICE
6,186,6,186,0,0,0,55,1,SLICE,SLICE
7,179,7,179,0,0,0,58,1,SLICE,SLICE
6,180,6,180,0,0,0,56,1,SLICE,SLICE
6,180,6,180,0,0,0,55,1,SLICE,SLICE
6,180,6,180,0,0,0,55,1,SLICE,SLICE
6,180,6,180,0,0,0,55,1,SLICE,SLICE
0,177,0,177,0,0,0,58,1,SLICE,SLICE
0,170,0,170,0,0,0,58,1,SLICE,SLICE
0,169,0,169,0,0,0,58,1,SLICE,SLICE
0,170,0,170,0,0,0,59,1,SLICE,SLICE
0,169,0,169,0,0,0,58,1,SLICE,SLICE
1,169,1,169,0,0,0,58,1,SLICE,SLICE
0,169,0,169,0,0,0,59,1,SLICE,SLICE
4,174,4,174,0,0,0,58,1,SLICE,SLICE
4,174,4,174,0,0,0,58,1,SLICE,SLICE
5,174,5,174,0,0,0,58,1,SLICE,SLICE
5,174,5,174,0,0,0,59,1,SLICE,SLICE
4,173,4,173,0,0,0,58,1,SLICE,SLICE
4,174,4,174,0,0,0,59,1,SLICE,SLICE
6,174,6,174,0,0,0,56,1,SLICE,SLICE
6,176,6,176,0,0,0,56,1,SLICE,SLICE
6,176,6,176,0,0,0,55,1,SLICE,SLICE
6,174,6,174,0,0,0,55,1,SLICE,SLICE
4,174,4,174,0,0,0,58,1,SLICE,SLICE
6,174,6,174,0,0,0,55,1,SLICE,SLICE
8,177,8,177,0,0,0,56,1,SLICE,SLICE
8,177,8,177,0,0,0,55,1,SLICE,SLICE
8,177,8,177,0,0,0,55,1,SLICE,SLICE
8,177,8,177,0,0,0,55,1,SLICE,SLICE
9,177,9,177,0,0,0,58,1,SLICE,SLICE
9,177,9,177,0,0,0,59,1,SLICE,SLICE
0,167,0,167,0,0,0,59,1,SLICE,SLICE
0,167,0,167,0,0,0,58,1,SLICE,SLICE
0,167,0,167,0,0,0,58,1,SLICE,SLICE
1,167,1,167,0,0,0,58,1,SLICE,SLICE
1,167,1,167,0,0,0,59,1,SLICE,SLICE
0,167,0,167,0,0,0,58,1,SLICE,SLICE
7,184,7,184,0,0,0,58,1,SLICE,SLICE
7,183,7,183,0,0,0,59,1,SLICE,SLICE
7,184,7,184,0,0,0,59,1,SLICE,SLICE
7,184,7,184,0,0,0,58,1,SLICE,SLICE
7,184,7,184,0,0,0,58,1,SLICE,SLICE
7,183,7,183,0,0,0,58,1,SLICE,SLICE
0,177,0,177,0,0,0,58,1,SLICE,SLICE
2,176,2,176,0,0,0,56,1,SLICE,SLICE
2,174,2,174,0,0,0,55,1,SLICE,SLICE
2,175,2,175,0,0,0,56,1,SLICE,SLICE
2,176,2,176,0,0,0,55,1,SLICE,SLICE
0,177,0,177,0,0,0,58,1,SLICE,SLICE
0,166,0,166,0,0,0,59,1,SLICE,SLICE
0,166,0,166,0,0,0,58,1,SLICE,SLICE
0,166,0,166,0,0,0,58,1,SLICE,SLICE
1,166,1,166,0,0,0,58,1,SLICE,SLICE
1,166,1,166,0,0,0,59,1,SLICE,SLICE
0,166,0,166,0,0,0,58,1,SLICE,SLICE
8,169,8,169,0,0,0,55,1,SLICE,SLICE
8,169,8,169,0,0,0,55,1,SLICE,SLICE
9,169,9,169,0,0,0,58,1,SLICE,SLICE
8,170,8,170,0,0,0,56,1,SLICE,SLICE
9,169,9,169,0,0,0,59,1,SLICE,SLICE
8,169,8,169,0,0,0,55,1,SLICE,SLICE
8,164,8,164,0,0,0,55,1,SLICE,SLICE
8,164,8,164,0,0,0,55,1,SLICE,SLICE
8,165,8,165,0,0,0,56,1,SLICE,SLICE
8,164,8,164,0,0,0,55,1,SLICE,SLICE
9,164,9,164,0,0,0,58,1,SLICE,SLICE
8,164,8,164,0,0,0,56,1,SLICE,SLICE
7,180,7,180,0,0,0,59,1,SLICE,SLICE
7,180,7,180,0,0,0,58,1,SLICE,SLICE
7,180,7,180,0,0,0,58,1,SLICE,SLICE
7,181,7,181,0,0,0,59,1,SLICE,SLICE
7,181,7,181,0,0,0,58,1,SLICE,SLICE
7,179,7,179,0,0,0,58,1,SLICE,SLICE
8,167,8,167,0,0,0,56,1,SLICE,SLICE
8,168,8,168,0,0,0,56,1,SLICE,SLICE
8,167,8,167,0,0,0,55,1,SLICE,SLICE
8,167,8,167,0,0,0,55,1,SLICE,SLICE
8,167,8,167,0,0,0,55,1,SLICE,SLICE
6,172,6,172,0,0,0,56,1,SLICE,SLICE
4,172,4,172,0,0,0,58,1,SLICE,SLICE
4,172,4,172,0,0,0,59,1,SLICE,SLICE
4,176,4,176,0,0,0,58,1,SLICE,SLICE
4,172,4,172,0,0,0,58,1,SLICE,SLICE
5,173,5,173,0,0,0,59,1,SLICE,SLICE
4,176,4,176,0,0,0,59,1,SLICE,SLICE
69,251,69,251,0,0,0,58,1,SLICE,SLICE
69,253,69,253,0,0,0,58,1,SLICE,SLICE
69,253,69,253,0,0,0,59,1,SLICE,SLICE
69,251,69,251,0,0,0,59,1,SLICE,SLICE
69,253,69,253,0,0,0,58,1,SLICE,SLICE
68,253,68,253,0,0,0,58,1,SLICE,SLICE
57,243,57,243,0,0,0,58,1,SLICE,SLICE
58,243,58,243,0,0,0,55,1,SLICE,SLICE
58,243,58,243,0,0,0,55,1,SLICE,SLICE
57,244,57,244,0,0,0,59,1,SLICE,SLICE
57,243,57,243,0,0,0,59,1,SLICE,SLICE
58,242,58,242,0,0,0,56,1,SLICE,SLICE
48,232,48,232,0,0,0,58,1,SLICE,SLICE
48,232,48,232,0,0,0,59,1,SLICE,SLICE
49,233,49,233,0,0,0,58,1,SLICE,SLICE
48,232,48,232,0,0,0,58,1,SLICE,SLICE
48,232,48,232,0,0,0,58,1,SLICE,SLICE
50,233,50,233,0,0,0,56,1,SLICE,SLICE
48,224,48,224,0,0,0,58,1,SLICE,SLICE
49,225,49,225,0,0,0,58,1,SLICE,SLICE
49,228,49,228,0,0,0,58,1,SLICE,SLICE
49,226,49,226,0,0,0,58,1,SLICE,SLICE
49,225,49,225,0,0,0,59,1,SLICE,SLICE
48,226,48,226,0,0,0,58,1,SLICE,SLICE
58,243,58,243,0,0,0,55,1,SLICE,SLICE
59,243,59,243,0,0,0,58,1,SLICE,SLICE
59,243,59,243,0,0,0,59,1,SLICE,SLICE
59,243,59,243,0,0,0,58,1,SLICE,SLICE
59,243,59,243,0,0,0,58,1,SLICE,SLICE
58,243,58,243,0,0,0,56,1,SLICE,SLICE
49,228,49,228,0,0,0,59,1,SLICE,SLICE
49,228,49,228,0,0,0,58,1,SLICE,SLICE
49,224,49,224,0,0,0,58,1,SLICE,SLICE
49,227,49,227,0,0,0,58,1,SLICE,SLICE
49,226,49,226,0,0,0,59,1,SLICE,SLICE
48,227,48,227,0,0,0,59,1,SLICE,SLICE
49,230,49,230,0,0,0,58,1,SLICE,SLICE
49,230,49,230,0,0,0,59,1,SLICE,SLICE
49,230,49,230,0,0,0,58,1,SLICE,SLICE
49,230,49,230,0,0,0,58,1,SLICE,SLICE
48,229,48,229,0,0,0,58,1,SLICE,SLICE
48,229,48,229,0,0,0,59,1,SLICE,SLICE
71,268,71,268,0,0,0,58,1,SLICE,SLICE
70,267,70,267,0,0,0,55,1,SLICE,SLICE
71,268,71,268,0,0,0,59,1,SLICE,SLICE
71,268,71,268,0,0,0,58,1,SLICE,SLICE
71,268,71,268,0,0,0,58,1,SLICE,SLICE
70,268,70,268,0,0,0,55,1,SLICE,SLICE
70,274,70,274,0,0,0,55,1,SLICE,SLICE
71,274,71,274,0,0,0,58,1,SLICE,SLICE
70,273,70,273,0,0,0,55,1,SLICE,SLICE
70,273,70,273,0,0,0,55,1,SLICE,SLICE
71,273,71,273,0,0,0,58,1,SLICE,SLICE
70,274,70,274,0,0,0,56,1,SLICE,SLICE
70,280,70,280,0,0,0,55,1,SLICE,SLICE
70,280,70,280,0,0,0,55,1,SLICE,SLICE
71,280,71,280,0,0,0,58,1,SLICE,SLICE
71,280,71,280,0,0,0,59,1,SLICE,SLICE
71,280,71,280,0,0,0,58,1,SLICE,SLICE
70,280,70,280,0,0,0,56,1,SLICE,SLICE
69,265,69,265,0,0,0,58,1,SLICE,SLICE
69,264,69,264,0,0,0,59,1,SLICE,SLICE
69,265,69,265,0,0,0,59,1,SLICE,SLICE
69,264,69,264,0,0,0,58,1,SLICE,SLICE
69,265,69,265,0,0,0,58,1,SLICE,SLICE
68,265,68,265,0,0,0,58,1,SLICE,SLICE
70,263,70,263,0,0,0,55,1,SLICE,SLICE
68,262,68,262,0,0,0,58,1,SLICE,SLICE
70,263,70,263,0,0,0,55,1,SLICE,SLICE
71,262,71,262,0,0,0,59,1,SLICE,SLICE
69,263,69,263,0,0,0,58,1,SLICE,SLICE
68,263,68,263,0,0,0,58,1,SLICE,SLICE
68,275,68,275,0,0,0,58,1,SLICE,SLICE
70,277,70,277,0,0,0,55,1,SLICE,SLICE
69,275,69,275,0,0,0,58,1,SLICE,SLICE
69,275,69,275,0,0,0,59,1,SLICE,SLICE
70,277,70,277,0,0,0,55,1,SLICE,SLICE
70,277,70,277,0,0,0,56,1,SLICE,SLICE
70,272,70,272,0,0,0,56,1,SLICE,SLICE
69,272,69,272,0,0,0,58,1,SLICE,SLICE
69,272,69,272,0,0,0,58,1,SLICE,SLICE
69,273,69,273,0,0,0,58,1,SLICE,SLICE
69,271,69,271,0,0,0,58,1,SLICE,SLICE
70,273,70,273,0,0,0,55,1,SLICE,SLICE
69,267,69,267,0,0,0,58,1,SLICE,SLICE
68,266,68,266,0,0,0,58,1,SLICE,SLICE
69,267,69,267,0,0,0,59,1,SLICE,SLICE
69,266,69,266,0,0,0,58,1,SLICE,SLICE
68,266,68,266,0,0,0,58,1,SLICE,SLICE
68,266,68,266,0,0,0,58,1,SLICE,SLICE
48,228,48,228,0,0,0,58,1,SLICE,SLICE
48,228,48,228,0,0,0,59,1,SLICE,SLICE
48,228,48,228,0,0,0,58,1,SLICE,SLICE
49,227,49,227,0,0,0,58,1,SLICE,SLICE
48,228,48,228,0,0,0,58,1,SLICE,SLICE
48,227,48,227,0,0,0,58,1,SLICE,SLICE
70,265,70,265,0,0,0,55,1,SLICE,SLICE
70,264,70,264,0,0,0,55,1,SLICE,SLICE
70,264,70,264,0,0,0,55,1,SLICE,SLICE
71,264,71,264,0,0,0,58,1,SLICE,SLICE
71,264,71,264,0,0,0,59,1,SLICE,SLICE
70,264,70,264,0,0,0,56,1,SLICE,SLICE
68,261,68,261,0,0,0,59,1,SLICE,SLICE
68,261,68,261,0,0,0,58,1,SLICE,SLICE
69,262,69,262,0,0,0,58,1,SLICE,SLICE
69,261,69,261,0,0,0,58,1,SLICE,SLICE
69,262,69,262,0,0,0,58,1,SLICE,SLICE
68,261,68,261,0,0,0,58,1,SLICE,SLICE
70,266,70,266,0,0,0,55,1,SLICE,SLICE
70,266,70,266,0,0,0,55,1,SLICE,SLICE
71,266,71,266,0,0,0,58,1,SLICE,SLICE
71,266,71,266,0,0,0,59,1,SLICE,SLICE
71,266,71,266,0,0,0,58,1,SLICE,SLICE
70,266,70,266,0,0,0,56,1,SLICE,SLICE
66,262,66,262,0,0,0,55,1,SLICE,SLICE
69,263,69,263,0,0,0,59,1,SLICE,SLICE
69,262,69,262,0,0,0,58,1,SLICE,SLICE
69,262,69,262,0,0,0,59,1,SLICE,SLICE
69,263,69,263,0,0,0,58,1,SLICE,SLICE
68,262,68,262,0,0,0,58,1,SLICE,SLICE
71,280,71,280,0,0,0,58,1,SLICE,SLICE
68,280,68,280,0,0,0,58,1,SLICE,SLICE
70,279,70,279,0,0,0,55,1,SLICE,SLICE
70,279,70,279,0,0,0,55,1,SLICE,SLICE
69,280,69,280,0,0,0,58,1,SLICE,SLICE
68,279,68,279,0,0,0,58,1,SLICE,SLICE
68,267,68,267,0,0,0,58,1,SLICE,SLICE
70,268,70,268,0,0,0,55,1,SLICE,SLICE
70,268,70,268,0,0,0,55,1,SLICE,SLICE
70,267,70,267,0,0,0,56,1,SLICE,SLICE
70,266,70,266,0,0,0,55,1,SLICE,SLICE
70,268,70,268,0,0,0,56,1,SLICE,SLICE
48,224,48,224,0,0,0,58,1,SLICE,SLICE
48,225,48,225,0,0,0,58,1,SLICE,SLICE
48,225,48,225,0,0,0,59,1,SLICE,SLICE
48,225,48,225,0,0,0,58,1,SLICE,SLICE
51,228,51,228,0,0,0,59,1,SLICE,SLICE
48,223,48,223,0,0,0,58,1,SLICE,SLICE
68,264,68,264,0,0,0,58,1,SLICE,SLICE
70,263,70,263,0,0,0,56,1,SLICE,SLICE
70,265,70,265,0,0,0,56,1,SLICE,SLICE
70,264,70,264,0,0,0,55,1,SLICE,SLICE
69,264,69,264,0,0,0,58,1,SLICE,SLICE
68,265,68,265,0,0,0,59,1,SLICE,SLICE
58,242,58,242,0,0,0,55,1,SLICE,SLICE
58,241,58,241,0,0,0,55,1,SLICE,SLICE
58,242,58,242,0,0,0,55,1,SLICE,SLICE
58,241,58,241,0,0,0,55,1,SLICE,SLICE
58,242,58,242,0,0,0,55,1,SLICE,SLICE
58,241,58,241,0,0,0,56,1,SLICE,SLICE
70,276,70,276,0,0,0,56,1,SLICE,SLICE
70,276,70,276,0,0,0,55,1,SLICE,SLICE
69,277,69,277,0,0,0,58,1,SLICE,SLICE
70,278,70,278,0,0,0,55,1,SLICE,SLICE
69,277,69,277,0,0,0,59,1,SLICE,SLICE
68,278,68,278,0,0,0,59,1,SLICE,SLICE
68,273,68,273,0,0,0,58,1,SLICE,SLICE
68,274,68,274,0,0,0,58,1,SLICE,SLICE
70,274,70,274,0,0,0,55,1,SLICE,SLICE
68,274,68,274,0,0,0,59,1,SLICE,SLICE
68,274,68,274,0,0,0,58,1,SLICE,SLICE
70,273,70,273,0,0,0,56,1,SLICE,SLICE
70,280,70,280,0,0,0,55,1,SLICE,SLICE
69,279,69,279,0,0,0,59,1,SLICE,SLICE
70,279,70,279,0,0,0,55,1,SLICE,SLICE
70,278,70,278,0,0,0,55,1,SLICE,SLICE
68,278,68,278,0,0,0,58,1,SLICE,SLICE
70,279,70,279,0,0,0,56,1,SLICE,SLICE
69,273,69,273,0,0,0,59,1,SLICE,SLICE
70,271,70,271,0,0,0,55,1,SLICE,SLICE
69,274,69,274,0,0,0,58,1,SLICE,SLICE
70,274,70,274,0,0,0,55,1,SLICE,SLICE
69,273,69,273,0,0,0,58,1,SLICE,SLICE
68,273,68,273,0,0,0,59,1,SLICE,SLICE
69,270,69,270,0,0,0,59,1,SLICE,SLICE
69,272,69,272,0,0,0,58,1,SLICE,SLICE
69,272,69,272,0,0,0,59,1,SLICE,SLICE
69,271,69,271,0,0,0,59,1,SLICE,SLICE
71,270,71,270,0,0,0,58,1,SLICE,SLICE
70,271,70,271,0,0,0,56,1,SLICE,SLICE
69,274,69,274,0,0,0,58,1,SLICE,SLICE
69,275,69,275,0,0,0,58,1,SLICE,SLICE
69,273,69,273,0,0,0,58,1,SLICE,SLICE
69,275,69,275,0,0,0,58,1,SLICE,SLICE
69,274,69,274,0,0,0,59,1,SLICE,SLICE
68,275,68,275,0,0,0,58,1,SLICE,SLICE
48,226,48,226,0,0,0,59,1,SLICE,SLICE
48,225,48,225,0,0,0,58,1,SLICE,SLICE
48,226,48,226,0,0,0,58,1,SLICE,SLICE
48,226,48,226,0,0,0,58,1,SLICE,SLICE
48,227,48,227,0,0,0,58,1,SLICE,SLICE
48,229,48,